 ******* Program HYDRUS
 ******* Solute reactif (Kd = 0.2 cm3/g, mu = 0.05 /j), loam sableux, q=10 cm/j  
 Date:   0. 0.    Time: 512:**:**
 Units: L = cm   , T = days , M = g    


 Time:        0.0000


 Node      Depth      Head Moisture       K          C         Flux        Sink         Kappa   v/KsTop   Temp   Conc(1..NS) Sorb(1...NS)
           [L]        [L]    [-]        [L/T]      [1/L]      [L/T]        [1/T]         [-]      [-]      [C]      [M/L*3]

   1     0.0000     -11.484 0.3298   0.1015E+02  0.8799E-02 -0.1015E+02  0.0000E+00      -1  -0.957E-01   20.00  0.0000E+00  0.0000E+00
   2    -0.5000     -11.484 0.3298   0.1015E+02  0.8799E-02 -0.1015E+02  0.0000E+00      -1  -0.957E-01   20.00  0.0000E+00  0.0000E+00
   3    -1.0000     -11.484 0.3298   0.1015E+02  0.8799E-02 -0.1015E+02  0.0000E+00      -1  -0.957E-01   20.00  0.0000E+00  0.0000E+00
   4    -1.5000     -11.484 0.3298   0.1015E+02  0.8799E-02 -0.1015E+02  0.0000E+00      -1  -0.957E-01   20.00  0.0000E+00  0.0000E+00
   5    -2.0000     -11.484 0.3298   0.1015E+02  0.8799E-02 -0.1015E+02  0.0000E+00      -1  -0.957E-01   20.00  0.0000E+00  0.0000E+00
   6    -2.5000     -11.484 0.3298   0.1015E+02  0.8799E-02 -0.1015E+02  0.0000E+00      -1  -0.957E-01   20.00  0.0000E+00  0.0000E+00
   7    -3.0000     -11.484 0.3298   0.1015E+02  0.8799E-02 -0.1015E+02  0.0000E+00      -1  -0.957E-01   20.00  0.0000E+00  0.0000E+00
   8    -3.5000     -11.484 0.3298   0.1015E+02  0.8799E-02 -0.1015E+02  0.0000E+00      -1  -0.957E-01   20.00  0.0000E+00  0.0000E+00
   9    -4.0000     -11.484 0.3298   0.1015E+02  0.8799E-02 -0.1015E+02  0.0000E+00      -1  -0.957E-01   20.00  0.0000E+00  0.0000E+00
  10    -4.5000     -11.484 0.3298   0.1015E+02  0.8799E-02 -0.1015E+02  0.0000E+00      -1  -0.957E-01   20.00  0.0000E+00  0.0000E+00
  11    -5.0000     -11.484 0.3298   0.1015E+02  0.8799E-02 -0.1015E+02  0.0000E+00      -1  -0.957E-01   20.00  0.0000E+00  0.0000E+00
  12    -5.5000     -11.484 0.3298   0.1015E+02  0.8799E-02 -0.1015E+02  0.0000E+00      -1  -0.957E-01   20.00  0.0000E+00  0.0000E+00
  13    -6.0000     -11.484 0.3298   0.1015E+02  0.8799E-02 -0.1015E+02  0.0000E+00      -1  -0.957E-01   20.00  0.0000E+00  0.0000E+00
  14    -6.5000     -11.484 0.3298   0.1015E+02  0.8799E-02 -0.1015E+02  0.0000E+00      -1  -0.957E-01   20.00  0.0000E+00  0.0000E+00
  15    -7.0000     -11.484 0.3298   0.1015E+02  0.8799E-02 -0.1015E+02  0.0000E+00      -1  -0.957E-01   20.00  0.0000E+00  0.0000E+00
  16    -7.5000     -11.484 0.3298   0.1015E+02  0.8799E-02 -0.1015E+02  0.0000E+00      -1  -0.957E-01   20.00  0.0000E+00  0.0000E+00
  17    -8.0000     -11.484 0.3298   0.1015E+02  0.8799E-02 -0.1015E+02  0.0000E+00      -1  -0.957E-01   20.00  0.0000E+00  0.0000E+00
  18    -8.5000     -11.484 0.3298   0.1015E+02  0.8799E-02 -0.1015E+02  0.0000E+00      -1  -0.957E-01   20.00  0.0000E+00  0.0000E+00
  19    -9.0000     -11.484 0.3298   0.1015E+02  0.8799E-02 -0.1015E+02  0.0000E+00      -1  -0.957E-01   20.00  0.0000E+00  0.0000E+00
  20    -9.5000     -11.484 0.3298   0.1015E+02  0.8799E-02 -0.1015E+02  0.0000E+00      -1  -0.957E-01   20.00  0.0000E+00  0.0000E+00
  21   -10.0000     -11.484 0.3298   0.1015E+02  0.8799E-02 -0.1015E+02  0.0000E+00      -1  -0.957E-01   20.00  0.0000E+00  0.0000E+00
  22   -10.5000     -11.484 0.3298   0.1015E+02  0.8799E-02 -0.1015E+02  0.0000E+00      -1  -0.957E-01   20.00  0.0000E+00  0.0000E+00
  23   -11.0000     -11.484 0.3298   0.1015E+02  0.8799E-02 -0.1015E+02  0.0000E+00      -1  -0.957E-01   20.00  0.0000E+00  0.0000E+00
  24   -11.5000     -11.484 0.3298   0.1015E+02  0.8799E-02 -0.1015E+02  0.0000E+00      -1  -0.957E-01   20.00  0.0000E+00  0.0000E+00
  25   -12.0000     -11.484 0.3298   0.1015E+02  0.8799E-02 -0.1015E+02  0.0000E+00      -1  -0.957E-01   20.00  0.0000E+00  0.0000E+00
  26   -12.5000     -11.484 0.3298   0.1015E+02  0.8799E-02 -0.1015E+02  0.0000E+00      -1  -0.957E-01   20.00  0.0000E+00  0.0000E+00
  27   -13.0000     -11.484 0.3298   0.1015E+02  0.8799E-02 -0.1015E+02  0.0000E+00      -1  -0.957E-01   20.00  0.0000E+00  0.0000E+00
  28   -13.5000     -11.484 0.3298   0.1015E+02  0.8799E-02 -0.1015E+02  0.0000E+00      -1  -0.957E-01   20.00  0.0000E+00  0.0000E+00
  29   -14.0000     -11.484 0.3298   0.1015E+02  0.8799E-02 -0.1015E+02  0.0000E+00      -1  -0.957E-01   20.00  0.0000E+00  0.0000E+00
  30   -14.5000     -11.484 0.3298   0.1015E+02  0.8799E-02 -0.1015E+02  0.0000E+00      -1  -0.957E-01   20.00  0.0000E+00  0.0000E+00
  31   -15.0000     -11.484 0.3298   0.1015E+02  0.8799E-02 -0.1015E+02  0.0000E+00      -1  -0.957E-01   20.00  0.0000E+00  0.0000E+00
  32   -15.5000     -11.484 0.3298   0.1015E+02  0.8799E-02 -0.1015E+02  0.0000E+00      -1  -0.957E-01   20.00  0.0000E+00  0.0000E+00
  33   -16.0000     -11.484 0.3298   0.1015E+02  0.8799E-02 -0.1015E+02  0.0000E+00      -1  -0.957E-01   20.00  0.0000E+00  0.0000E+00
  34   -16.5000     -11.484 0.3298   0.1015E+02  0.8799E-02 -0.1015E+02  0.0000E+00      -1  -0.957E-01   20.00  0.0000E+00  0.0000E+00
  35   -17.0000     -11.484 0.3298   0.1015E+02  0.8799E-02 -0.1015E+02  0.0000E+00      -1  -0.957E-01   20.00  0.0000E+00  0.0000E+00
  36   -17.5000     -11.484 0.3298   0.1015E+02  0.8799E-02 -0.1015E+02  0.0000E+00      -1  -0.957E-01   20.00  0.0000E+00  0.0000E+00
  37   -18.0000     -11.484 0.3298   0.1015E+02  0.8799E-02 -0.1015E+02  0.0000E+00      -1  -0.957E-01   20.00  0.0000E+00  0.0000E+00
  38   -18.5000     -11.484 0.3298   0.1015E+02  0.8799E-02 -0.1015E+02  0.0000E+00      -1  -0.957E-01   20.00  0.0000E+00  0.0000E+00
  39   -19.0000     -11.484 0.3298   0.1015E+02  0.8799E-02 -0.1015E+02  0.0000E+00      -1  -0.957E-01   20.00  0.0000E+00  0.0000E+00
  40   -19.5000     -11.484 0.3298   0.1015E+02  0.8799E-02 -0.1015E+02  0.0000E+00      -1  -0.957E-01   20.00  0.0000E+00  0.0000E+00
  41   -20.0000     -11.484 0.3298   0.1015E+02  0.8799E-02 -0.1015E+02  0.0000E+00      -1  -0.957E-01   20.00  0.0000E+00  0.0000E+00
  42   -20.5000     -11.484 0.3298   0.1015E+02  0.8799E-02 -0.1015E+02  0.0000E+00      -1  -0.957E-01   20.00  0.0000E+00  0.0000E+00
  43   -21.0000     -11.484 0.3298   0.1015E+02  0.8799E-02 -0.1015E+02  0.0000E+00      -1  -0.957E-01   20.00  0.0000E+00  0.0000E+00
  44   -21.5000     -11.484 0.3298   0.1015E+02  0.8799E-02 -0.1015E+02  0.0000E+00      -1  -0.957E-01   20.00  0.0000E+00  0.0000E+00
  45   -22.0000     -11.484 0.3298   0.1015E+02  0.8799E-02 -0.1015E+02  0.0000E+00      -1  -0.957E-01   20.00  0.0000E+00  0.0000E+00
  46   -22.5000     -11.484 0.3298   0.1015E+02  0.8799E-02 -0.1015E+02  0.0000E+00      -1  -0.957E-01   20.00  0.0000E+00  0.0000E+00
  47   -23.0000     -11.484 0.3298   0.1015E+02  0.8799E-02 -0.1015E+02  0.0000E+00      -1  -0.957E-01   20.00  0.0000E+00  0.0000E+00
  48   -23.5000     -11.484 0.3298   0.1015E+02  0.8799E-02 -0.1015E+02  0.0000E+00      -1  -0.957E-01   20.00  0.0000E+00  0.0000E+00
  49   -24.0000     -11.484 0.3298   0.1015E+02  0.8799E-02 -0.1015E+02  0.0000E+00      -1  -0.957E-01   20.00  0.0000E+00  0.0000E+00
  50   -24.5000     -11.484 0.3298   0.1015E+02  0.8799E-02 -0.1015E+02  0.0000E+00      -1  -0.957E-01   20.00  0.0000E+00  0.0000E+00
  51   -25.0000     -11.484 0.3298   0.1015E+02  0.8799E-02 -0.1015E+02  0.0000E+00      -1  -0.957E-01   20.00  0.0000E+00  0.0000E+00
  52   -25.5000     -11.484 0.3298   0.1015E+02  0.8799E-02 -0.1015E+02  0.0000E+00      -1  -0.957E-01   20.00  0.0000E+00  0.0000E+00
  53   -26.0000     -11.484 0.3298   0.1015E+02  0.8799E-02 -0.1015E+02  0.0000E+00      -1  -0.957E-01   20.00  0.0000E+00  0.0000E+00
  54   -26.5000     -11.484 0.3298   0.1015E+02  0.8799E-02 -0.1015E+02  0.0000E+00      -1  -0.957E-01   20.00  0.0000E+00  0.0000E+00
  55   -27.0000     -11.484 0.3298   0.1015E+02  0.8799E-02 -0.1015E+02  0.0000E+00      -1  -0.957E-01   20.00  0.0000E+00  0.0000E+00
  56   -27.5000     -11.484 0.3298   0.1015E+02  0.8799E-02 -0.1015E+02  0.0000E+00      -1  -0.957E-01   20.00  0.0000E+00  0.0000E+00
  57   -28.0000     -11.484 0.3298   0.1015E+02  0.8799E-02 -0.1015E+02  0.0000E+00      -1  -0.957E-01   20.00  0.0000E+00  0.0000E+00
  58   -28.5000     -11.484 0.3298   0.1015E+02  0.8799E-02 -0.1015E+02  0.0000E+00      -1  -0.957E-01   20.00  0.0000E+00  0.0000E+00
  59   -29.0000     -11.484 0.3298   0.1015E+02  0.8799E-02 -0.1015E+02  0.0000E+00      -1  -0.957E-01   20.00  0.0000E+00  0.0000E+00
  60   -29.5000     -11.484 0.3298   0.1015E+02  0.8799E-02 -0.1015E+02  0.0000E+00      -1  -0.957E-01   20.00  0.0000E+00  0.0000E+00
  61   -30.0000     -11.484 0.3298   0.1015E+02  0.8799E-02 -0.1015E+02  0.0000E+00      -1  -0.957E-01   20.00  0.0000E+00  0.0000E+00
  62   -30.5000     -11.484 0.3298   0.1015E+02  0.8799E-02 -0.1015E+02  0.0000E+00      -1  -0.957E-01   20.00  0.0000E+00  0.0000E+00
  63   -31.0000     -11.484 0.3298   0.1015E+02  0.8799E-02 -0.1015E+02  0.0000E+00      -1  -0.957E-01   20.00  0.0000E+00  0.0000E+00
  64   -31.5000     -11.484 0.3298   0.1015E+02  0.8799E-02 -0.1015E+02  0.0000E+00      -1  -0.957E-01   20.00  0.0000E+00  0.0000E+00
  65   -32.0000     -11.484 0.3298   0.1015E+02  0.8799E-02 -0.1015E+02  0.0000E+00      -1  -0.957E-01   20.00  0.0000E+00  0.0000E+00
  66   -32.5000     -11.484 0.3298   0.1015E+02  0.8799E-02 -0.1015E+02  0.0000E+00      -1  -0.957E-01   20.00  0.0000E+00  0.0000E+00
  67   -33.0000     -11.484 0.3298   0.1015E+02  0.8799E-02 -0.1015E+02  0.0000E+00      -1  -0.957E-01   20.00  0.0000E+00  0.0000E+00
  68   -33.5000     -11.484 0.3298   0.1015E+02  0.8799E-02 -0.1015E+02  0.0000E+00      -1  -0.957E-01   20.00  0.0000E+00  0.0000E+00
  69   -34.0000     -11.484 0.3298   0.1015E+02  0.8799E-02 -0.1015E+02  0.0000E+00      -1  -0.957E-01   20.00  0.0000E+00  0.0000E+00
  70   -34.5000     -11.484 0.3298   0.1015E+02  0.8799E-02 -0.1015E+02  0.0000E+00      -1  -0.957E-01   20.00  0.0000E+00  0.0000E+00
  71   -35.0000     -11.484 0.3298   0.1015E+02  0.8799E-02 -0.1015E+02  0.0000E+00      -1  -0.957E-01   20.00  0.0000E+00  0.0000E+00
  72   -35.5000     -11.484 0.3298   0.1015E+02  0.8799E-02 -0.1015E+02  0.0000E+00      -1  -0.957E-01   20.00  0.0000E+00  0.0000E+00
  73   -36.0000     -11.484 0.3298   0.1015E+02  0.8799E-02 -0.1015E+02  0.0000E+00      -1  -0.957E-01   20.00  0.0000E+00  0.0000E+00
  74   -36.5000     -11.484 0.3298   0.1015E+02  0.8799E-02 -0.1015E+02  0.0000E+00      -1  -0.957E-01   20.00  0.0000E+00  0.0000E+00
  75   -37.0000     -11.484 0.3298   0.1015E+02  0.8799E-02 -0.1015E+02  0.0000E+00      -1  -0.957E-01   20.00  0.0000E+00  0.0000E+00
  76   -37.5000     -11.484 0.3298   0.1015E+02  0.8799E-02 -0.1015E+02  0.0000E+00      -1  -0.957E-01   20.00  0.0000E+00  0.0000E+00
  77   -38.0000     -11.484 0.3298   0.1015E+02  0.8799E-02 -0.1015E+02  0.0000E+00      -1  -0.957E-01   20.00  0.0000E+00  0.0000E+00
  78   -38.5000     -11.484 0.3298   0.1015E+02  0.8799E-02 -0.1015E+02  0.0000E+00      -1  -0.957E-01   20.00  0.0000E+00  0.0000E+00
  79   -39.0000     -11.484 0.3298   0.1015E+02  0.8799E-02 -0.1015E+02  0.0000E+00      -1  -0.957E-01   20.00  0.0000E+00  0.0000E+00
  80   -39.5000     -11.484 0.3298   0.1015E+02  0.8799E-02 -0.1015E+02  0.0000E+00      -1  -0.957E-01   20.00  0.0000E+00  0.0000E+00
  81   -40.0000     -11.484 0.3298   0.1015E+02  0.8799E-02 -0.1015E+02  0.0000E+00      -1  -0.957E-01   20.00  0.0000E+00  0.0000E+00
  82   -40.5000     -11.484 0.3298   0.1015E+02  0.8799E-02 -0.1015E+02  0.0000E+00      -1  -0.957E-01   20.00  0.0000E+00  0.0000E+00
  83   -41.0000     -11.484 0.3298   0.1015E+02  0.8799E-02 -0.1015E+02  0.0000E+00      -1  -0.957E-01   20.00  0.0000E+00  0.0000E+00
  84   -41.5000     -11.484 0.3298   0.1015E+02  0.8799E-02 -0.1015E+02  0.0000E+00      -1  -0.957E-01   20.00  0.0000E+00  0.0000E+00
  85   -42.0000     -11.484 0.3298   0.1015E+02  0.8799E-02 -0.1015E+02  0.0000E+00      -1  -0.957E-01   20.00  0.0000E+00  0.0000E+00
  86   -42.5000     -11.484 0.3298   0.1015E+02  0.8799E-02 -0.1015E+02  0.0000E+00      -1  -0.957E-01   20.00  0.0000E+00  0.0000E+00
  87   -43.0000     -11.484 0.3298   0.1015E+02  0.8799E-02 -0.1015E+02  0.0000E+00      -1  -0.957E-01   20.00  0.0000E+00  0.0000E+00
  88   -43.5000     -11.484 0.3298   0.1015E+02  0.8799E-02 -0.1015E+02  0.0000E+00      -1  -0.957E-01   20.00  0.0000E+00  0.0000E+00
  89   -44.0000     -11.484 0.3298   0.1015E+02  0.8799E-02 -0.1015E+02  0.0000E+00      -1  -0.957E-01   20.00  0.0000E+00  0.0000E+00
  90   -44.5000     -11.484 0.3298   0.1015E+02  0.8799E-02 -0.1015E+02  0.0000E+00      -1  -0.957E-01   20.00  0.0000E+00  0.0000E+00
  91   -45.0000     -11.484 0.3298   0.1015E+02  0.8799E-02 -0.1015E+02  0.0000E+00      -1  -0.957E-01   20.00  0.0000E+00  0.0000E+00
  92   -45.5000     -11.484 0.3298   0.1015E+02  0.8799E-02 -0.1015E+02  0.0000E+00      -1  -0.957E-01   20.00  0.0000E+00  0.0000E+00
  93   -46.0000     -11.484 0.3298   0.1015E+02  0.8799E-02 -0.1015E+02  0.0000E+00      -1  -0.957E-01   20.00  0.0000E+00  0.0000E+00
  94   -46.5000     -11.484 0.3298   0.1015E+02  0.8799E-02 -0.1015E+02  0.0000E+00      -1  -0.957E-01   20.00  0.0000E+00  0.0000E+00
  95   -47.0000     -11.484 0.3298   0.1015E+02  0.8799E-02 -0.1015E+02  0.0000E+00      -1  -0.957E-01   20.00  0.0000E+00  0.0000E+00
  96   -47.5000     -11.484 0.3298   0.1015E+02  0.8799E-02 -0.1015E+02  0.0000E+00      -1  -0.957E-01   20.00  0.0000E+00  0.0000E+00
  97   -48.0000     -11.484 0.3298   0.1015E+02  0.8799E-02 -0.1015E+02  0.0000E+00      -1  -0.957E-01   20.00  0.0000E+00  0.0000E+00
  98   -48.5000     -11.484 0.3298   0.1015E+02  0.8799E-02 -0.1015E+02  0.0000E+00      -1  -0.957E-01   20.00  0.0000E+00  0.0000E+00
  99   -49.0000     -11.484 0.3298   0.1015E+02  0.8799E-02 -0.1015E+02  0.0000E+00      -1  -0.957E-01   20.00  0.0000E+00  0.0000E+00
 100   -49.5000     -11.484 0.3298   0.1015E+02  0.8799E-02 -0.1015E+02  0.0000E+00      -1  -0.957E-01   20.00  0.0000E+00  0.0000E+00
 101   -50.0000     -11.484 0.3298   0.1015E+02  0.8799E-02 -0.1015E+02  0.0000E+00      -1  -0.957E-01   20.00  0.0000E+00  0.0000E+00
 102   -50.5000     -11.484 0.3298   0.1015E+02  0.8799E-02 -0.1015E+02  0.0000E+00      -1  -0.957E-01   20.00  0.0000E+00  0.0000E+00
 103   -51.0000     -11.484 0.3298   0.1015E+02  0.8799E-02 -0.1015E+02  0.0000E+00      -1  -0.957E-01   20.00  0.0000E+00  0.0000E+00
 104   -51.5000     -11.484 0.3298   0.1015E+02  0.8799E-02 -0.1015E+02  0.0000E+00      -1  -0.957E-01   20.00  0.0000E+00  0.0000E+00
 105   -52.0000     -11.484 0.3298   0.1015E+02  0.8799E-02 -0.1015E+02  0.0000E+00      -1  -0.957E-01   20.00  0.0000E+00  0.0000E+00
 106   -52.5000     -11.484 0.3298   0.1015E+02  0.8799E-02 -0.1015E+02  0.0000E+00      -1  -0.957E-01   20.00  0.0000E+00  0.0000E+00
 107   -53.0000     -11.484 0.3298   0.1015E+02  0.8799E-02 -0.1015E+02  0.0000E+00      -1  -0.957E-01   20.00  0.0000E+00  0.0000E+00
 108   -53.5000     -11.484 0.3298   0.1015E+02  0.8799E-02 -0.1015E+02  0.0000E+00      -1  -0.957E-01   20.00  0.0000E+00  0.0000E+00
 109   -54.0000     -11.484 0.3298   0.1015E+02  0.8799E-02 -0.1015E+02  0.0000E+00      -1  -0.957E-01   20.00  0.0000E+00  0.0000E+00
 110   -54.5000     -11.484 0.3298   0.1015E+02  0.8799E-02 -0.1015E+02  0.0000E+00      -1  -0.957E-01   20.00  0.0000E+00  0.0000E+00
 111   -55.0000     -11.484 0.3298   0.1015E+02  0.8799E-02 -0.1015E+02  0.0000E+00      -1  -0.957E-01   20.00  0.0000E+00  0.0000E+00
 112   -55.5000     -11.484 0.3298   0.1015E+02  0.8799E-02 -0.1015E+02  0.0000E+00      -1  -0.957E-01   20.00  0.0000E+00  0.0000E+00
 113   -56.0000     -11.484 0.3298   0.1015E+02  0.8799E-02 -0.1015E+02  0.0000E+00      -1  -0.957E-01   20.00  0.0000E+00  0.0000E+00
 114   -56.5000     -11.484 0.3298   0.1015E+02  0.8799E-02 -0.1015E+02  0.0000E+00      -1  -0.957E-01   20.00  0.0000E+00  0.0000E+00
 115   -57.0000     -11.484 0.3298   0.1015E+02  0.8799E-02 -0.1015E+02  0.0000E+00      -1  -0.957E-01   20.00  0.0000E+00  0.0000E+00
 116   -57.5000     -11.484 0.3298   0.1015E+02  0.8799E-02 -0.1015E+02  0.0000E+00      -1  -0.957E-01   20.00  0.0000E+00  0.0000E+00
 117   -58.0000     -11.484 0.3298   0.1015E+02  0.8799E-02 -0.1015E+02  0.0000E+00      -1  -0.957E-01   20.00  0.0000E+00  0.0000E+00
 118   -58.5000     -11.484 0.3298   0.1015E+02  0.8799E-02 -0.1015E+02  0.0000E+00      -1  -0.957E-01   20.00  0.0000E+00  0.0000E+00
 119   -59.0000     -11.484 0.3298   0.1015E+02  0.8799E-02 -0.1015E+02  0.0000E+00      -1  -0.957E-01   20.00  0.0000E+00  0.0000E+00
 120   -59.5000     -11.484 0.3298   0.1015E+02  0.8799E-02 -0.1015E+02  0.0000E+00      -1  -0.957E-01   20.00  0.0000E+00  0.0000E+00
 121   -60.0000     -11.484 0.3298   0.1015E+02  0.8799E-02 -0.1015E+02  0.0000E+00      -1  -0.957E-01   20.00  0.0000E+00  0.0000E+00
end


 Time:        0.5000


 Node      Depth      Head Moisture       K          C         Flux        Sink         Kappa   v/KsTop   Temp   Conc(1..NS) Sorb(1...NS)
           [L]        [L]    [-]        [L/T]      [1/L]      [L/T]        [1/T]         [-]      [-]      [C]      [M/L*3]

   1     0.0000     -11.547 0.3293   0.1000E+02  0.8789E-02 -0.1000E+02  0.0000E+00      -1  -0.943E-01   20.00  0.9382E+00  0.0000E+00
   2    -0.5000     -11.547 0.3293   0.1000E+02  0.8789E-02 -0.1000E+02  0.0000E+00      -1  -0.943E-01   20.00  0.9218E+00  0.0000E+00
   3    -1.0000     -11.547 0.3293   0.1000E+02  0.8789E-02 -0.1000E+02  0.0000E+00      -1  -0.943E-01   20.00  0.9034E+00  0.0000E+00
   4    -1.5000     -11.547 0.3293   0.1000E+02  0.8789E-02 -0.1000E+02  0.0000E+00      -1  -0.943E-01   20.00  0.8829E+00  0.0000E+00
   5    -2.0000     -11.547 0.3293   0.1000E+02  0.8789E-02 -0.1000E+02  0.0000E+00      -1  -0.943E-01   20.00  0.8604E+00  0.0000E+00
   6    -2.5000     -11.547 0.3293   0.1000E+02  0.8789E-02 -0.1000E+02  0.0000E+00      -1  -0.943E-01   20.00  0.8357E+00  0.0000E+00
   7    -3.0000     -11.547 0.3293   0.1000E+02  0.8789E-02 -0.1000E+02  0.0000E+00      -1  -0.943E-01   20.00  0.8091E+00  0.0000E+00
   8    -3.5000     -11.547 0.3293   0.1000E+02  0.8789E-02 -0.1000E+02  0.0000E+00      -1  -0.943E-01   20.00  0.7805E+00  0.0000E+00
   9    -4.0000     -11.547 0.3293   0.1000E+02  0.8789E-02 -0.1000E+02  0.0000E+00      -1  -0.943E-01   20.00  0.7501E+00  0.0000E+00
  10    -4.5000     -11.547 0.3293   0.1000E+02  0.8789E-02 -0.1000E+02  0.0000E+00      -1  -0.943E-01   20.00  0.7180E+00  0.0000E+00
  11    -5.0000     -11.547 0.3293   0.1000E+02  0.8789E-02 -0.1000E+02  0.0000E+00      -1  -0.943E-01   20.00  0.6844E+00  0.0000E+00
  12    -5.5000     -11.547 0.3293   0.1000E+02  0.8789E-02 -0.1000E+02  0.0000E+00      -1  -0.943E-01   20.00  0.6496E+00  0.0000E+00
  13    -6.0000     -11.547 0.3293   0.1000E+02  0.8789E-02 -0.1000E+02  0.0000E+00      -1  -0.943E-01   20.00  0.6138E+00  0.0000E+00
  14    -6.5000     -11.547 0.3293   0.1000E+02  0.8789E-02 -0.1000E+02  0.0000E+00      -1  -0.943E-01   20.00  0.5773E+00  0.0000E+00
  15    -7.0000     -11.547 0.3293   0.1000E+02  0.8789E-02 -0.1000E+02  0.0000E+00      -1  -0.943E-01   20.00  0.5403E+00  0.0000E+00
  16    -7.5000     -11.547 0.3293   0.1000E+02  0.8789E-02 -0.1000E+02  0.0000E+00      -1  -0.943E-01   20.00  0.5032E+00  0.0000E+00
  17    -8.0000     -11.547 0.3293   0.1000E+02  0.8789E-02 -0.1000E+02  0.0000E+00      -1  -0.943E-01   20.00  0.4662E+00  0.0000E+00
  18    -8.5000     -11.547 0.3293   0.1000E+02  0.8789E-02 -0.1000E+02  0.0000E+00      -1  -0.943E-01   20.00  0.4297E+00  0.0000E+00
  19    -9.0000     -11.547 0.3293   0.1000E+02  0.8789E-02 -0.1000E+02  0.0000E+00      -1  -0.943E-01   20.00  0.3939E+00  0.0000E+00
  20    -9.5000     -11.547 0.3293   0.1000E+02  0.8789E-02 -0.1000E+02  0.0000E+00      -1  -0.943E-01   20.00  0.3592E+00  0.0000E+00
  21   -10.0000     -11.547 0.3293   0.1000E+02  0.8789E-02 -0.1000E+02  0.0000E+00      -1  -0.943E-01   20.00  0.3256E+00  0.0000E+00
  22   -10.5000     -11.547 0.3293   0.1000E+02  0.8789E-02 -0.1000E+02  0.0000E+00      -1  -0.943E-01   20.00  0.2936E+00  0.0000E+00
  23   -11.0000     -11.547 0.3293   0.1000E+02  0.8789E-02 -0.1000E+02  0.0000E+00      -1  -0.943E-01   20.00  0.2631E+00  0.0000E+00
  24   -11.5000     -11.547 0.3293   0.1000E+02  0.8789E-02 -0.1000E+02  0.0000E+00      -1  -0.943E-01   20.00  0.2345E+00  0.0000E+00
  25   -12.0000     -11.547 0.3293   0.1000E+02  0.8789E-02 -0.1000E+02  0.0000E+00      -1  -0.943E-01   20.00  0.2077E+00  0.0000E+00
  26   -12.5000     -11.547 0.3293   0.1000E+02  0.8789E-02 -0.1000E+02  0.0000E+00      -1  -0.943E-01   20.00  0.1828E+00  0.0000E+00
  27   -13.0000     -11.547 0.3293   0.1000E+02  0.8789E-02 -0.1000E+02  0.0000E+00      -1  -0.943E-01   20.00  0.1600E+00  0.0000E+00
  28   -13.5000     -11.547 0.3293   0.1000E+02  0.8789E-02 -0.1000E+02  0.0000E+00      -1  -0.943E-01   20.00  0.1392E+00  0.0000E+00
  29   -14.0000     -11.547 0.3293   0.1000E+02  0.8789E-02 -0.1000E+02  0.0000E+00      -1  -0.943E-01   20.00  0.1203E+00  0.0000E+00
  30   -14.5000     -11.547 0.3293   0.1000E+02  0.8789E-02 -0.1000E+02  0.0000E+00      -1  -0.943E-01   20.00  0.1033E+00  0.0000E+00
  31   -15.0000     -11.547 0.3293   0.1000E+02  0.8789E-02 -0.1000E+02  0.0000E+00      -1  -0.943E-01   20.00  0.8819E-01  0.0000E+00
  32   -15.5000     -11.547 0.3293   0.1000E+02  0.8789E-02 -0.1000E+02  0.0000E+00      -1  -0.943E-01   20.00  0.7480E-01  0.0000E+00
  33   -16.0000     -11.547 0.3293   0.1000E+02  0.8789E-02 -0.1000E+02  0.0000E+00      -1  -0.943E-01   20.00  0.6304E-01  0.0000E+00
  34   -16.5000     -11.547 0.3293   0.1000E+02  0.8789E-02 -0.1000E+02  0.0000E+00      -1  -0.943E-01   20.00  0.5279E-01  0.0000E+00
  35   -17.0000     -11.547 0.3293   0.1000E+02  0.8789E-02 -0.1000E+02  0.0000E+00      -1  -0.943E-01   20.00  0.4392E-01  0.0000E+00
  36   -17.5000     -11.547 0.3293   0.1000E+02  0.8789E-02 -0.1000E+02  0.0000E+00      -1  -0.943E-01   20.00  0.3631E-01  0.0000E+00
  37   -18.0000     -11.547 0.3293   0.1000E+02  0.8789E-02 -0.1000E+02  0.0000E+00      -1  -0.943E-01   20.00  0.2983E-01  0.0000E+00
  38   -18.5000     -11.547 0.3293   0.1000E+02  0.8789E-02 -0.1000E+02  0.0000E+00      -1  -0.943E-01   20.00  0.2434E-01  0.0000E+00
  39   -19.0000     -11.547 0.3293   0.1000E+02  0.8789E-02 -0.1000E+02  0.0000E+00      -1  -0.943E-01   20.00  0.1974E-01  0.0000E+00
  40   -19.5000     -11.547 0.3293   0.1000E+02  0.8789E-02 -0.1000E+02  0.0000E+00      -1  -0.943E-01   20.00  0.1591E-01  0.0000E+00
  41   -20.0000     -11.547 0.3293   0.1000E+02  0.8789E-02 -0.1000E+02  0.0000E+00      -1  -0.943E-01   20.00  0.1273E-01  0.0000E+00
  42   -20.5000     -11.547 0.3293   0.1000E+02  0.8789E-02 -0.1000E+02  0.0000E+00      -1  -0.943E-01   20.00  0.1013E-01  0.0000E+00
  43   -21.0000     -11.547 0.3293   0.1000E+02  0.8789E-02 -0.1000E+02  0.0000E+00      -1  -0.943E-01   20.00  0.8006E-02  0.0000E+00
  44   -21.5000     -11.547 0.3293   0.1000E+02  0.8789E-02 -0.1000E+02  0.0000E+00      -1  -0.943E-01   20.00  0.6288E-02  0.0000E+00
  45   -22.0000     -11.547 0.3293   0.1000E+02  0.8789E-02 -0.1000E+02  0.0000E+00      -1  -0.943E-01   20.00  0.4907E-02  0.0000E+00
  46   -22.5000     -11.547 0.3293   0.1000E+02  0.8789E-02 -0.1000E+02  0.0000E+00      -1  -0.943E-01   20.00  0.3806E-02  0.0000E+00
  47   -23.0000     -11.547 0.3293   0.1000E+02  0.8789E-02 -0.1000E+02  0.0000E+00      -1  -0.943E-01   20.00  0.2933E-02  0.0000E+00
  48   -23.5000     -11.547 0.3293   0.1000E+02  0.8789E-02 -0.1000E+02  0.0000E+00      -1  -0.943E-01   20.00  0.2246E-02  0.0000E+00
  49   -24.0000     -11.547 0.3293   0.1000E+02  0.8789E-02 -0.1000E+02  0.0000E+00      -1  -0.943E-01   20.00  0.1710E-02  0.0000E+00
  50   -24.5000     -11.547 0.3293   0.1000E+02  0.8789E-02 -0.1000E+02  0.0000E+00      -1  -0.943E-01   20.00  0.1293E-02  0.0000E+00
  51   -25.0000     -11.547 0.3293   0.1000E+02  0.8789E-02 -0.1000E+02  0.0000E+00      -1  -0.943E-01   20.00  0.9724E-03  0.0000E+00
  52   -25.5000     -11.547 0.3293   0.1000E+02  0.8789E-02 -0.1000E+02  0.0000E+00      -1  -0.943E-01   20.00  0.7268E-03  0.0000E+00
  53   -26.0000     -11.547 0.3293   0.1000E+02  0.8789E-02 -0.1000E+02  0.0000E+00      -1  -0.943E-01   20.00  0.5399E-03  0.0000E+00
  54   -26.5000     -11.547 0.3293   0.1000E+02  0.8789E-02 -0.1000E+02  0.0000E+00      -1  -0.943E-01   20.00  0.3987E-03  0.0000E+00
  55   -27.0000     -11.547 0.3293   0.1000E+02  0.8789E-02 -0.1000E+02  0.0000E+00      -1  -0.943E-01   20.00  0.2928E-03  0.0000E+00
  56   -27.5000     -11.547 0.3293   0.1000E+02  0.8789E-02 -0.1000E+02  0.0000E+00      -1  -0.943E-01   20.00  0.2137E-03  0.0000E+00
  57   -28.0000     -11.547 0.3293   0.1000E+02  0.8789E-02 -0.1000E+02  0.0000E+00      -1  -0.943E-01   20.00  0.1551E-03  0.0000E+00
  58   -28.5000     -11.547 0.3293   0.1000E+02  0.8789E-02 -0.1000E+02  0.0000E+00      -1  -0.943E-01   20.00  0.1119E-03  0.0000E+00
  59   -29.0000     -11.547 0.3293   0.1000E+02  0.8789E-02 -0.1000E+02  0.0000E+00      -1  -0.943E-01   20.00  0.8033E-04  0.0000E+00
  60   -29.5000     -11.547 0.3293   0.1000E+02  0.8789E-02 -0.1000E+02  0.0000E+00      -1  -0.943E-01   20.00  0.5733E-04  0.0000E+00
  61   -30.0000     -11.547 0.3293   0.1000E+02  0.8789E-02 -0.1000E+02  0.0000E+00      -1  -0.943E-01   20.00  0.4069E-04  0.0000E+00
  62   -30.5000     -11.547 0.3293   0.1000E+02  0.8789E-02 -0.1000E+02  0.0000E+00      -1  -0.943E-01   20.00  0.2873E-04  0.0000E+00
  63   -31.0000     -11.547 0.3293   0.1000E+02  0.8789E-02 -0.1000E+02  0.0000E+00      -1  -0.943E-01   20.00  0.2018E-04  0.0000E+00
  64   -31.5000     -11.547 0.3293   0.1000E+02  0.8789E-02 -0.1000E+02  0.0000E+00      -1  -0.943E-01   20.00  0.1410E-04  0.0000E+00
  65   -32.0000     -11.547 0.3293   0.1000E+02  0.8789E-02 -0.1000E+02  0.0000E+00      -1  -0.943E-01   20.00  0.9797E-05  0.0000E+00
  66   -32.5000     -11.547 0.3293   0.1000E+02  0.8789E-02 -0.1000E+02  0.0000E+00      -1  -0.943E-01   20.00  0.6774E-05  0.0000E+00
  67   -33.0000     -11.547 0.3293   0.1000E+02  0.8789E-02 -0.1000E+02  0.0000E+00      -1  -0.943E-01   20.00  0.4661E-05  0.0000E+00
  68   -33.5000     -11.547 0.3293   0.1000E+02  0.8789E-02 -0.1000E+02  0.0000E+00      -1  -0.943E-01   20.00  0.3191E-05  0.0000E+00
  69   -34.0000     -11.547 0.3293   0.1000E+02  0.8789E-02 -0.1000E+02  0.0000E+00      -1  -0.943E-01   20.00  0.2175E-05  0.0000E+00
  70   -34.5000     -11.547 0.3293   0.1000E+02  0.8789E-02 -0.1000E+02  0.0000E+00      -1  -0.943E-01   20.00  0.1475E-05  0.0000E+00
  71   -35.0000     -11.547 0.3293   0.1000E+02  0.8789E-02 -0.1000E+02  0.0000E+00      -1  -0.943E-01   20.00  0.9954E-06  0.0000E+00
  72   -35.5000     -11.547 0.3293   0.1000E+02  0.8789E-02 -0.1000E+02  0.0000E+00      -1  -0.943E-01   20.00  0.6688E-06  0.0000E+00
  73   -36.0000     -11.547 0.3293   0.1000E+02  0.8789E-02 -0.1000E+02  0.0000E+00      -1  -0.943E-01   20.00  0.4473E-06  0.0000E+00
  74   -36.5000     -11.547 0.3293   0.1000E+02  0.8789E-02 -0.1000E+02  0.0000E+00      -1  -0.943E-01   20.00  0.2979E-06  0.0000E+00
  75   -37.0000     -11.547 0.3293   0.1000E+02  0.8789E-02 -0.1000E+02  0.0000E+00      -1  -0.943E-01   20.00  0.1975E-06  0.0000E+00
  76   -37.5000     -11.547 0.3293   0.1000E+02  0.8789E-02 -0.1000E+02  0.0000E+00      -1  -0.943E-01   20.00  0.1304E-06  0.0000E+00
  77   -38.0000     -11.547 0.3293   0.1000E+02  0.8789E-02 -0.1000E+02  0.0000E+00      -1  -0.943E-01   20.00  0.8569E-07  0.0000E+00
  78   -38.5000     -11.547 0.3293   0.1000E+02  0.8789E-02 -0.1000E+02  0.0000E+00      -1  -0.943E-01   20.00  0.5610E-07  0.0000E+00
  79   -39.0000     -11.547 0.3293   0.1000E+02  0.8789E-02 -0.1000E+02  0.0000E+00      -1  -0.943E-01   20.00  0.3657E-07  0.0000E+00
  80   -39.5000     -11.547 0.3293   0.1000E+02  0.8789E-02 -0.1000E+02  0.0000E+00      -1  -0.943E-01   20.00  0.2375E-07  0.0000E+00
  81   -40.0000     -11.547 0.3293   0.1000E+02  0.8789E-02 -0.1000E+02  0.0000E+00      -1  -0.943E-01   20.00  0.1536E-07  0.0000E+00
  82   -40.5000     -11.547 0.3293   0.1000E+02  0.8789E-02 -0.1000E+02  0.0000E+00      -1  -0.943E-01   20.00  0.9899E-08  0.0000E+00
  83   -41.0000     -11.547 0.3293   0.1000E+02  0.8789E-02 -0.1000E+02  0.0000E+00      -1  -0.943E-01   20.00  0.6354E-08  0.0000E+00
  84   -41.5000     -11.547 0.3293   0.1000E+02  0.8789E-02 -0.1000E+02  0.0000E+00      -1  -0.943E-01   20.00  0.4064E-08  0.0000E+00
  85   -42.0000     -11.546 0.3293   0.1000E+02  0.8789E-02 -0.1000E+02  0.0000E+00      -1  -0.943E-01   20.00  0.2589E-08  0.0000E+00
  86   -42.5000     -11.546 0.3293   0.1000E+02  0.8789E-02 -0.1000E+02  0.0000E+00      -1  -0.943E-01   20.00  0.1644E-08  0.0000E+00
  87   -43.0000     -11.546 0.3293   0.1000E+02  0.8789E-02 -0.1000E+02  0.0000E+00      -1  -0.943E-01   20.00  0.1040E-08  0.0000E+00
  88   -43.5000     -11.546 0.3293   0.1000E+02  0.8789E-02 -0.1000E+02  0.0000E+00      -1  -0.943E-01   20.00  0.6558E-09  0.0000E+00
  89   -44.0000     -11.546 0.3293   0.1000E+02  0.8789E-02 -0.1000E+02  0.0000E+00      -1  -0.943E-01   20.00  0.4121E-09  0.0000E+00
  90   -44.5000     -11.546 0.3293   0.1000E+02  0.8789E-02 -0.1000E+02  0.0000E+00      -1  -0.943E-01   20.00  0.2581E-09  0.0000E+00
  91   -45.0000     -11.546 0.3293   0.1000E+02  0.8789E-02 -0.1000E+02  0.0000E+00      -1  -0.943E-01   20.00  0.1611E-09  0.0000E+00
  92   -45.5000     -11.546 0.3293   0.1000E+02  0.8789E-02 -0.1000E+02  0.0000E+00      -1  -0.943E-01   20.00  0.1003E-09  0.0000E+00
  93   -46.0000     -11.546 0.3293   0.1000E+02  0.8789E-02 -0.1000E+02  0.0000E+00      -1  -0.943E-01   20.00  0.6219E-10  0.0000E+00
  94   -46.5000     -11.546 0.3293   0.1000E+02  0.8789E-02 -0.1000E+02  0.0000E+00      -1  -0.943E-01   20.00  0.3846E-10  0.0000E+00
  95   -47.0000     -11.546 0.3293   0.1000E+02  0.8789E-02 -0.1000E+02  0.0000E+00      -1  -0.943E-01   20.00  0.2371E-10  0.0000E+00
  96   -47.5000     -11.546 0.3293   0.1000E+02  0.8789E-02 -0.1000E+02  0.0000E+00      -1  -0.943E-01   20.00  0.1458E-10  0.0000E+00
  97   -48.0000     -11.546 0.3293   0.1000E+02  0.8789E-02 -0.1000E+02  0.0000E+00      -1  -0.943E-01   20.00  0.8934E-11  0.0000E+00
  98   -48.5000     -11.546 0.3293   0.1000E+02  0.8789E-02 -0.1000E+02  0.0000E+00      -1  -0.943E-01   20.00  0.5460E-11  0.0000E+00
  99   -49.0000     -11.546 0.3293   0.1000E+02  0.8789E-02 -0.1000E+02  0.0000E+00      -1  -0.943E-01   20.00  0.3327E-11  0.0000E+00
 100   -49.5000     -11.546 0.3293   0.1000E+02  0.8789E-02 -0.1000E+02  0.0000E+00      -1  -0.943E-01   20.00  0.2022E-11  0.0000E+00
 101   -50.0000     -11.546 0.3293   0.1000E+02  0.8789E-02 -0.1000E+02  0.0000E+00      -1  -0.943E-01   20.00  0.1226E-11  0.0000E+00
 102   -50.5000     -11.546 0.3293   0.1000E+02  0.8789E-02 -0.1000E+02  0.0000E+00      -1  -0.943E-01   20.00  0.7409E-12  0.0000E+00
 103   -51.0000     -11.546 0.3293   0.1000E+02  0.8789E-02 -0.1000E+02  0.0000E+00      -1  -0.943E-01   20.00  0.4467E-12  0.0000E+00
 104   -51.5000     -11.546 0.3293   0.1000E+02  0.8789E-02 -0.1000E+02  0.0000E+00      -1  -0.943E-01   20.00  0.2686E-12  0.0000E+00
 105   -52.0000     -11.546 0.3293   0.1000E+02  0.8789E-02 -0.1000E+02  0.0000E+00      -1  -0.943E-01   20.00  0.1612E-12  0.0000E+00
 106   -52.5000     -11.546 0.3293   0.1000E+02  0.8789E-02 -0.1000E+02  0.0000E+00      -1  -0.943E-01   20.00  0.9643E-13  0.0000E+00
 107   -53.0000     -11.546 0.3293   0.1000E+02  0.8789E-02 -0.1000E+02  0.0000E+00      -1  -0.943E-01   20.00  0.5756E-13  0.0000E+00
 108   -53.5000     -11.546 0.3293   0.1000E+02  0.8789E-02 -0.1000E+02  0.0000E+00      -1  -0.943E-01   20.00  0.3428E-13  0.0000E+00
 109   -54.0000     -11.546 0.3293   0.1000E+02  0.8789E-02 -0.1000E+02  0.0000E+00      -1  -0.943E-01   20.00  0.2036E-13  0.0000E+00
 110   -54.5000     -11.546 0.3293   0.1000E+02  0.8789E-02 -0.1000E+02  0.0000E+00      -1  -0.943E-01   20.00  0.1207E-13  0.0000E+00
 111   -55.0000     -11.546 0.3293   0.1000E+02  0.8789E-02 -0.1000E+02  0.0000E+00      -1  -0.943E-01   20.00  0.7138E-14  0.0000E+00
 112   -55.5000     -11.546 0.3293   0.1000E+02  0.8789E-02 -0.1000E+02  0.0000E+00      -1  -0.943E-01   20.00  0.4212E-14  0.0000E+00
 113   -56.0000     -11.546 0.3293   0.1000E+02  0.8789E-02 -0.1000E+02  0.0000E+00      -1  -0.943E-01   20.00  0.2480E-14  0.0000E+00
 114   -56.5000     -11.546 0.3293   0.1000E+02  0.8789E-02 -0.1000E+02  0.0000E+00      -1  -0.943E-01   20.00  0.1457E-14  0.0000E+00
 115   -57.0000     -11.546 0.3293   0.1000E+02  0.8789E-02 -0.1000E+02  0.0000E+00      -1  -0.943E-01   20.00  0.8547E-15  0.0000E+00
 116   -57.5000     -11.546 0.3293   0.1000E+02  0.8789E-02 -0.1000E+02  0.0000E+00      -1  -0.943E-01   20.00  0.5006E-15  0.0000E+00
 117   -58.0000     -11.546 0.3293   0.1000E+02  0.8789E-02 -0.1000E+02  0.0000E+00      -1  -0.943E-01   20.00  0.2936E-15  0.0000E+00
 118   -58.5000     -11.546 0.3293   0.1000E+02  0.8789E-02 -0.1000E+02  0.0000E+00      -1  -0.943E-01   20.00  0.1741E-15  0.0000E+00
 119   -59.0000     -11.546 0.3293   0.1000E+02  0.8789E-02 -0.1000E+02  0.0000E+00      -1  -0.943E-01   20.00  0.1078E-15  0.0000E+00
 120   -59.5000     -11.546 0.3293   0.1000E+02  0.8789E-02 -0.1000E+02  0.0000E+00      -1  -0.943E-01   20.00  0.7724E-16  0.0000E+00
 121   -60.0000     -11.546 0.3293   0.1000E+02  0.8789E-02 -0.1000E+02  0.0000E+00      -1  -0.943E-01   20.00  0.7724E-16  0.0000E+00
end


 Time:        1.0000


 Node      Depth      Head Moisture       K          C         Flux        Sink         Kappa   v/KsTop   Temp   Conc(1..NS) Sorb(1...NS)
           [L]        [L]    [-]        [L/T]      [1/L]      [L/T]        [1/T]         [-]      [-]      [C]      [M/L*3]

   1     0.0000     -11.547 0.3293   0.1000E+02  0.8789E-02 -0.1000E+02  0.0000E+00      -1  -0.943E-01   20.00  0.4421E-01  0.0000E+00
   2    -0.5000     -11.547 0.3293   0.1000E+02  0.8789E-02 -0.1000E+02  0.0000E+00      -1  -0.943E-01   20.00  0.5603E-01  0.0000E+00
   3    -1.0000     -11.547 0.3293   0.1000E+02  0.8789E-02 -0.1000E+02  0.0000E+00      -1  -0.943E-01   20.00  0.6934E-01  0.0000E+00
   4    -1.5000     -11.547 0.3293   0.1000E+02  0.8789E-02 -0.1000E+02  0.0000E+00      -1  -0.943E-01   20.00  0.8421E-01  0.0000E+00
   5    -2.0000     -11.547 0.3293   0.1000E+02  0.8789E-02 -0.1000E+02  0.0000E+00      -1  -0.943E-01   20.00  0.1006E+00  0.0000E+00
   6    -2.5000     -11.547 0.3293   0.1000E+02  0.8789E-02 -0.1000E+02  0.0000E+00      -1  -0.943E-01   20.00  0.1184E+00  0.0000E+00
   7    -3.0000     -11.547 0.3293   0.1000E+02  0.8789E-02 -0.1000E+02  0.0000E+00      -1  -0.943E-01   20.00  0.1376E+00  0.0000E+00
   8    -3.5000     -11.547 0.3293   0.1000E+02  0.8789E-02 -0.1000E+02  0.0000E+00      -1  -0.943E-01   20.00  0.1580E+00  0.0000E+00
   9    -4.0000     -11.547 0.3293   0.1000E+02  0.8789E-02 -0.1000E+02  0.0000E+00      -1  -0.943E-01   20.00  0.1794E+00  0.0000E+00
  10    -4.5000     -11.547 0.3293   0.1000E+02  0.8789E-02 -0.1000E+02  0.0000E+00      -1  -0.943E-01   20.00  0.2018E+00  0.0000E+00
  11    -5.0000     -11.547 0.3293   0.1000E+02  0.8789E-02 -0.1000E+02  0.0000E+00      -1  -0.943E-01   20.00  0.2247E+00  0.0000E+00
  12    -5.5000     -11.547 0.3293   0.1000E+02  0.8789E-02 -0.1000E+02  0.0000E+00      -1  -0.943E-01   20.00  0.2481E+00  0.0000E+00
  13    -6.0000     -11.547 0.3293   0.1000E+02  0.8789E-02 -0.1000E+02  0.0000E+00      -1  -0.943E-01   20.00  0.2715E+00  0.0000E+00
  14    -6.5000     -11.547 0.3293   0.1000E+02  0.8789E-02 -0.1000E+02  0.0000E+00      -1  -0.943E-01   20.00  0.2948E+00  0.0000E+00
  15    -7.0000     -11.547 0.3293   0.1000E+02  0.8789E-02 -0.1000E+02  0.0000E+00      -1  -0.943E-01   20.00  0.3175E+00  0.0000E+00
  16    -7.5000     -11.547 0.3293   0.1000E+02  0.8789E-02 -0.1000E+02  0.0000E+00      -1  -0.943E-01   20.00  0.3394E+00  0.0000E+00
  17    -8.0000     -11.547 0.3293   0.1000E+02  0.8789E-02 -0.1000E+02  0.0000E+00      -1  -0.943E-01   20.00  0.3602E+00  0.0000E+00
  18    -8.5000     -11.547 0.3293   0.1000E+02  0.8789E-02 -0.1000E+02  0.0000E+00      -1  -0.943E-01   20.00  0.3796E+00  0.0000E+00
  19    -9.0000     -11.547 0.3293   0.1000E+02  0.8789E-02 -0.1000E+02  0.0000E+00      -1  -0.943E-01   20.00  0.3973E+00  0.0000E+00
  20    -9.5000     -11.547 0.3293   0.1000E+02  0.8789E-02 -0.1000E+02  0.0000E+00      -1  -0.943E-01   20.00  0.4131E+00  0.0000E+00
  21   -10.0000     -11.547 0.3293   0.1000E+02  0.8789E-02 -0.1000E+02  0.0000E+00      -1  -0.943E-01   20.00  0.4267E+00  0.0000E+00
  22   -10.5000     -11.547 0.3293   0.1000E+02  0.8789E-02 -0.1000E+02  0.0000E+00      -1  -0.943E-01   20.00  0.4381E+00  0.0000E+00
  23   -11.0000     -11.547 0.3293   0.1000E+02  0.8789E-02 -0.1000E+02  0.0000E+00      -1  -0.943E-01   20.00  0.4470E+00  0.0000E+00
  24   -11.5000     -11.547 0.3293   0.1000E+02  0.8789E-02 -0.1000E+02  0.0000E+00      -1  -0.943E-01   20.00  0.4534E+00  0.0000E+00
  25   -12.0000     -11.547 0.3293   0.1000E+02  0.8789E-02 -0.1000E+02  0.0000E+00      -1  -0.943E-01   20.00  0.4572E+00  0.0000E+00
  26   -12.5000     -11.547 0.3293   0.1000E+02  0.8789E-02 -0.1000E+02  0.0000E+00      -1  -0.943E-01   20.00  0.4585E+00  0.0000E+00
  27   -13.0000     -11.547 0.3293   0.1000E+02  0.8789E-02 -0.1000E+02  0.0000E+00      -1  -0.943E-01   20.00  0.4572E+00  0.0000E+00
  28   -13.5000     -11.547 0.3293   0.1000E+02  0.8789E-02 -0.1000E+02  0.0000E+00      -1  -0.943E-01   20.00  0.4535E+00  0.0000E+00
  29   -14.0000     -11.547 0.3293   0.1000E+02  0.8789E-02 -0.1000E+02  0.0000E+00      -1  -0.943E-01   20.00  0.4475E+00  0.0000E+00
  30   -14.5000     -11.547 0.3293   0.1000E+02  0.8789E-02 -0.1000E+02  0.0000E+00      -1  -0.943E-01   20.00  0.4394E+00  0.0000E+00
  31   -15.0000     -11.547 0.3293   0.1000E+02  0.8789E-02 -0.1000E+02  0.0000E+00      -1  -0.943E-01   20.00  0.4292E+00  0.0000E+00
  32   -15.5000     -11.547 0.3293   0.1000E+02  0.8789E-02 -0.1000E+02  0.0000E+00      -1  -0.943E-01   20.00  0.4173E+00  0.0000E+00
  33   -16.0000     -11.547 0.3293   0.1000E+02  0.8789E-02 -0.1000E+02  0.0000E+00      -1  -0.943E-01   20.00  0.4038E+00  0.0000E+00
  34   -16.5000     -11.547 0.3293   0.1000E+02  0.8789E-02 -0.1000E+02  0.0000E+00      -1  -0.943E-01   20.00  0.3889E+00  0.0000E+00
  35   -17.0000     -11.547 0.3293   0.1000E+02  0.8789E-02 -0.1000E+02  0.0000E+00      -1  -0.943E-01   20.00  0.3729E+00  0.0000E+00
  36   -17.5000     -11.547 0.3293   0.1000E+02  0.8789E-02 -0.1000E+02  0.0000E+00      -1  -0.943E-01   20.00  0.3560E+00  0.0000E+00
  37   -18.0000     -11.547 0.3293   0.1000E+02  0.8789E-02 -0.1000E+02  0.0000E+00      -1  -0.943E-01   20.00  0.3384E+00  0.0000E+00
  38   -18.5000     -11.547 0.3293   0.1000E+02  0.8789E-02 -0.1000E+02  0.0000E+00      -1  -0.943E-01   20.00  0.3203E+00  0.0000E+00
  39   -19.0000     -11.547 0.3293   0.1000E+02  0.8789E-02 -0.1000E+02  0.0000E+00      -1  -0.943E-01   20.00  0.3019E+00  0.0000E+00
  40   -19.5000     -11.547 0.3293   0.1000E+02  0.8789E-02 -0.1000E+02  0.0000E+00      -1  -0.943E-01   20.00  0.2835E+00  0.0000E+00
  41   -20.0000     -11.547 0.3293   0.1000E+02  0.8789E-02 -0.1000E+02  0.0000E+00      -1  -0.943E-01   20.00  0.2651E+00  0.0000E+00
  42   -20.5000     -11.547 0.3293   0.1000E+02  0.8789E-02 -0.1000E+02  0.0000E+00      -1  -0.943E-01   20.00  0.2469E+00  0.0000E+00
  43   -21.0000     -11.547 0.3293   0.1000E+02  0.8789E-02 -0.1000E+02  0.0000E+00      -1  -0.943E-01   20.00  0.2292E+00  0.0000E+00
  44   -21.5000     -11.547 0.3293   0.1000E+02  0.8789E-02 -0.1000E+02  0.0000E+00      -1  -0.943E-01   20.00  0.2119E+00  0.0000E+00
  45   -22.0000     -11.547 0.3293   0.1000E+02  0.8789E-02 -0.1000E+02  0.0000E+00      -1  -0.943E-01   20.00  0.1951E+00  0.0000E+00
  46   -22.5000     -11.547 0.3293   0.1000E+02  0.8789E-02 -0.1000E+02  0.0000E+00      -1  -0.943E-01   20.00  0.1791E+00  0.0000E+00
  47   -23.0000     -11.547 0.3293   0.1000E+02  0.8789E-02 -0.1000E+02  0.0000E+00      -1  -0.943E-01   20.00  0.1638E+00  0.0000E+00
  48   -23.5000     -11.547 0.3293   0.1000E+02  0.8789E-02 -0.1000E+02  0.0000E+00      -1  -0.943E-01   20.00  0.1492E+00  0.0000E+00
  49   -24.0000     -11.547 0.3293   0.1000E+02  0.8789E-02 -0.1000E+02  0.0000E+00      -1  -0.943E-01   20.00  0.1355E+00  0.0000E+00
  50   -24.5000     -11.547 0.3293   0.1000E+02  0.8789E-02 -0.1000E+02  0.0000E+00      -1  -0.943E-01   20.00  0.1226E+00  0.0000E+00
  51   -25.0000     -11.547 0.3293   0.1000E+02  0.8789E-02 -0.1000E+02  0.0000E+00      -1  -0.943E-01   20.00  0.1106E+00  0.0000E+00
  52   -25.5000     -11.547 0.3293   0.1000E+02  0.8789E-02 -0.1000E+02  0.0000E+00      -1  -0.943E-01   20.00  0.9935E-01  0.0000E+00
  53   -26.0000     -11.547 0.3293   0.1000E+02  0.8789E-02 -0.1000E+02  0.0000E+00      -1  -0.943E-01   20.00  0.8897E-01  0.0000E+00
  54   -26.5000     -11.547 0.3293   0.1000E+02  0.8789E-02 -0.1000E+02  0.0000E+00      -1  -0.943E-01   20.00  0.7940E-01  0.0000E+00
  55   -27.0000     -11.547 0.3293   0.1000E+02  0.8789E-02 -0.1000E+02  0.0000E+00      -1  -0.943E-01   20.00  0.7062E-01  0.0000E+00
  56   -27.5000     -11.547 0.3293   0.1000E+02  0.8789E-02 -0.1000E+02  0.0000E+00      -1  -0.943E-01   20.00  0.6260E-01  0.0000E+00
  57   -28.0000     -11.547 0.3293   0.1000E+02  0.8789E-02 -0.1000E+02  0.0000E+00      -1  -0.943E-01   20.00  0.5530E-01  0.0000E+00
  58   -28.5000     -11.547 0.3293   0.1000E+02  0.8789E-02 -0.1000E+02  0.0000E+00      -1  -0.943E-01   20.00  0.4869E-01  0.0000E+00
  59   -29.0000     -11.547 0.3293   0.1000E+02  0.8789E-02 -0.1000E+02  0.0000E+00      -1  -0.943E-01   20.00  0.4273E-01  0.0000E+00
  60   -29.5000     -11.547 0.3293   0.1000E+02  0.8789E-02 -0.1000E+02  0.0000E+00      -1  -0.943E-01   20.00  0.3737E-01  0.0000E+00
  61   -30.0000     -11.547 0.3293   0.1000E+02  0.8789E-02 -0.1000E+02  0.0000E+00      -1  -0.943E-01   20.00  0.3257E-01  0.0000E+00
  62   -30.5000     -11.547 0.3293   0.1000E+02  0.8789E-02 -0.1000E+02  0.0000E+00      -1  -0.943E-01   20.00  0.2829E-01  0.0000E+00
  63   -31.0000     -11.547 0.3293   0.1000E+02  0.8789E-02 -0.1000E+02  0.0000E+00      -1  -0.943E-01   20.00  0.2449E-01  0.0000E+00
  64   -31.5000     -11.547 0.3293   0.1000E+02  0.8789E-02 -0.1000E+02  0.0000E+00      -1  -0.943E-01   20.00  0.2113E-01  0.0000E+00
  65   -32.0000     -11.547 0.3293   0.1000E+02  0.8789E-02 -0.1000E+02  0.0000E+00      -1  -0.943E-01   20.00  0.1817E-01  0.0000E+00
  66   -32.5000     -11.547 0.3293   0.1000E+02  0.8789E-02 -0.1000E+02  0.0000E+00      -1  -0.943E-01   20.00  0.1557E-01  0.0000E+00
  67   -33.0000     -11.547 0.3293   0.1000E+02  0.8789E-02 -0.1000E+02  0.0000E+00      -1  -0.943E-01   20.00  0.1330E-01  0.0000E+00
  68   -33.5000     -11.547 0.3293   0.1000E+02  0.8789E-02 -0.1000E+02  0.0000E+00      -1  -0.943E-01   20.00  0.1132E-01  0.0000E+00
  69   -34.0000     -11.547 0.3293   0.1000E+02  0.8789E-02 -0.1000E+02  0.0000E+00      -1  -0.943E-01   20.00  0.9608E-02  0.0000E+00
  70   -34.5000     -11.547 0.3293   0.1000E+02  0.8789E-02 -0.1000E+02  0.0000E+00      -1  -0.943E-01   20.00  0.8124E-02  0.0000E+00
  71   -35.0000     -11.547 0.3293   0.1000E+02  0.8789E-02 -0.1000E+02  0.0000E+00      -1  -0.943E-01   20.00  0.6846E-02  0.0000E+00
  72   -35.5000     -11.547 0.3293   0.1000E+02  0.8789E-02 -0.1000E+02  0.0000E+00      -1  -0.943E-01   20.00  0.5750E-02  0.0000E+00
  73   -36.0000     -11.547 0.3293   0.1000E+02  0.8789E-02 -0.1000E+02  0.0000E+00      -1  -0.943E-01   20.00  0.4813E-02  0.0000E+00
  74   -36.5000     -11.547 0.3293   0.1000E+02  0.8789E-02 -0.1000E+02  0.0000E+00      -1  -0.943E-01   20.00  0.4015E-02  0.0000E+00
  75   -37.0000     -11.547 0.3293   0.1000E+02  0.8789E-02 -0.1000E+02  0.0000E+00      -1  -0.943E-01   20.00  0.3339E-02  0.0000E+00
  76   -37.5000     -11.547 0.3293   0.1000E+02  0.8789E-02 -0.1000E+02  0.0000E+00      -1  -0.943E-01   20.00  0.2767E-02  0.0000E+00
  77   -38.0000     -11.547 0.3293   0.1000E+02  0.8789E-02 -0.1000E+02  0.0000E+00      -1  -0.943E-01   20.00  0.2285E-02  0.0000E+00
  78   -38.5000     -11.547 0.3293   0.1000E+02  0.8789E-02 -0.1000E+02  0.0000E+00      -1  -0.943E-01   20.00  0.1881E-02  0.0000E+00
  79   -39.0000     -11.547 0.3293   0.1000E+02  0.8789E-02 -0.1000E+02  0.0000E+00      -1  -0.943E-01   20.00  0.1543E-02  0.0000E+00
  80   -39.5000     -11.547 0.3293   0.1000E+02  0.8789E-02 -0.1000E+02  0.0000E+00      -1  -0.943E-01   20.00  0.1262E-02  0.0000E+00
  81   -40.0000     -11.547 0.3293   0.1000E+02  0.8789E-02 -0.1000E+02  0.0000E+00      -1  -0.943E-01   20.00  0.1028E-02  0.0000E+00
  82   -40.5000     -11.547 0.3293   0.1000E+02  0.8789E-02 -0.1000E+02  0.0000E+00      -1  -0.943E-01   20.00  0.8350E-03  0.0000E+00
  83   -41.0000     -11.547 0.3293   0.1000E+02  0.8789E-02 -0.1000E+02  0.0000E+00      -1  -0.943E-01   20.00  0.6759E-03  0.0000E+00
  84   -41.5000     -11.547 0.3293   0.1000E+02  0.8789E-02 -0.1000E+02  0.0000E+00      -1  -0.943E-01   20.00  0.5454E-03  0.0000E+00
  85   -42.0000     -11.547 0.3293   0.1000E+02  0.8789E-02 -0.1000E+02  0.0000E+00      -1  -0.943E-01   20.00  0.4386E-03  0.0000E+00
  86   -42.5000     -11.547 0.3293   0.1000E+02  0.8789E-02 -0.1000E+02  0.0000E+00      -1  -0.943E-01   20.00  0.3515E-03  0.0000E+00
  87   -43.0000     -11.547 0.3293   0.1000E+02  0.8789E-02 -0.1000E+02  0.0000E+00      -1  -0.943E-01   20.00  0.2808E-03  0.0000E+00
  88   -43.5000     -11.547 0.3293   0.1000E+02  0.8789E-02 -0.1000E+02  0.0000E+00      -1  -0.943E-01   20.00  0.2236E-03  0.0000E+00
  89   -44.0000     -11.547 0.3293   0.1000E+02  0.8789E-02 -0.1000E+02  0.0000E+00      -1  -0.943E-01   20.00  0.1775E-03  0.0000E+00
  90   -44.5000     -11.547 0.3293   0.1000E+02  0.8789E-02 -0.1000E+02  0.0000E+00      -1  -0.943E-01   20.00  0.1404E-03  0.0000E+00
  91   -45.0000     -11.547 0.3293   0.1000E+02  0.8789E-02 -0.1000E+02  0.0000E+00      -1  -0.943E-01   20.00  0.1107E-03  0.0000E+00
  92   -45.5000     -11.547 0.3293   0.1000E+02  0.8789E-02 -0.1000E+02  0.0000E+00      -1  -0.943E-01   20.00  0.8700E-04  0.0000E+00
  93   -46.0000     -11.547 0.3293   0.1000E+02  0.8789E-02 -0.1000E+02  0.0000E+00      -1  -0.943E-01   20.00  0.6815E-04  0.0000E+00
  94   -46.5000     -11.547 0.3293   0.1000E+02  0.8789E-02 -0.1000E+02  0.0000E+00      -1  -0.943E-01   20.00  0.5322E-04  0.0000E+00
  95   -47.0000     -11.547 0.3293   0.1000E+02  0.8789E-02 -0.1000E+02  0.0000E+00      -1  -0.943E-01   20.00  0.4143E-04  0.0000E+00
  96   -47.5000     -11.547 0.3293   0.1000E+02  0.8789E-02 -0.1000E+02  0.0000E+00      -1  -0.943E-01   20.00  0.3214E-04  0.0000E+00
  97   -48.0000     -11.547 0.3293   0.1000E+02  0.8789E-02 -0.1000E+02  0.0000E+00      -1  -0.943E-01   20.00  0.2486E-04  0.0000E+00
  98   -48.5000     -11.547 0.3293   0.1000E+02  0.8789E-02 -0.1000E+02  0.0000E+00      -1  -0.943E-01   20.00  0.1917E-04  0.0000E+00
  99   -49.0000     -11.547 0.3293   0.1000E+02  0.8789E-02 -0.1000E+02  0.0000E+00      -1  -0.943E-01   20.00  0.1473E-04  0.0000E+00
 100   -49.5000     -11.547 0.3293   0.1000E+02  0.8789E-02 -0.1000E+02  0.0000E+00      -1  -0.943E-01   20.00  0.1129E-04  0.0000E+00
 101   -50.0000     -11.547 0.3293   0.1000E+02  0.8789E-02 -0.1000E+02  0.0000E+00      -1  -0.943E-01   20.00  0.8620E-05  0.0000E+00
 102   -50.5000     -11.547 0.3293   0.1000E+02  0.8789E-02 -0.1000E+02  0.0000E+00      -1  -0.943E-01   20.00  0.6563E-05  0.0000E+00
 103   -51.0000     -11.547 0.3293   0.1000E+02  0.8789E-02 -0.1000E+02  0.0000E+00      -1  -0.943E-01   20.00  0.4982E-05  0.0000E+00
 104   -51.5000     -11.547 0.3293   0.1000E+02  0.8789E-02 -0.1000E+02  0.0000E+00      -1  -0.943E-01   20.00  0.3770E-05  0.0000E+00
 105   -52.0000     -11.547 0.3293   0.1000E+02  0.8789E-02 -0.1000E+02  0.0000E+00      -1  -0.943E-01   20.00  0.2844E-05  0.0000E+00
 106   -52.5000     -11.547 0.3293   0.1000E+02  0.8789E-02 -0.1000E+02  0.0000E+00      -1  -0.943E-01   20.00  0.2139E-05  0.0000E+00
 107   -53.0000     -11.547 0.3293   0.1000E+02  0.8789E-02 -0.1000E+02  0.0000E+00      -1  -0.943E-01   20.00  0.1604E-05  0.0000E+00
 108   -53.5000     -11.547 0.3293   0.1000E+02  0.8789E-02 -0.1000E+02  0.0000E+00      -1  -0.943E-01   20.00  0.1199E-05  0.0000E+00
 109   -54.0000     -11.547 0.3293   0.1000E+02  0.8789E-02 -0.1000E+02  0.0000E+00      -1  -0.943E-01   20.00  0.8935E-06  0.0000E+00
 110   -54.5000     -11.547 0.3293   0.1000E+02  0.8789E-02 -0.1000E+02  0.0000E+00      -1  -0.943E-01   20.00  0.6640E-06  0.0000E+00
 111   -55.0000     -11.547 0.3293   0.1000E+02  0.8789E-02 -0.1000E+02  0.0000E+00      -1  -0.943E-01   20.00  0.4920E-06  0.0000E+00
 112   -55.5000     -11.547 0.3293   0.1000E+02  0.8789E-02 -0.1000E+02  0.0000E+00      -1  -0.943E-01   20.00  0.3635E-06  0.0000E+00
 113   -56.0000     -11.547 0.3293   0.1000E+02  0.8789E-02 -0.1000E+02  0.0000E+00      -1  -0.943E-01   20.00  0.2679E-06  0.0000E+00
 114   -56.5000     -11.547 0.3293   0.1000E+02  0.8789E-02 -0.1000E+02  0.0000E+00      -1  -0.943E-01   20.00  0.1969E-06  0.0000E+00
 115   -57.0000     -11.547 0.3293   0.1000E+02  0.8789E-02 -0.1000E+02  0.0000E+00      -1  -0.943E-01   20.00  0.1445E-06  0.0000E+00
 116   -57.5000     -11.547 0.3293   0.1000E+02  0.8789E-02 -0.1000E+02  0.0000E+00      -1  -0.943E-01   20.00  0.1061E-06  0.0000E+00
 117   -58.0000     -11.547 0.3293   0.1000E+02  0.8789E-02 -0.1000E+02  0.0000E+00      -1  -0.943E-01   20.00  0.7837E-07  0.0000E+00
 118   -58.5000     -11.547 0.3293   0.1000E+02  0.8789E-02 -0.1000E+02  0.0000E+00      -1  -0.943E-01   20.00  0.5885E-07  0.0000E+00
 119   -59.0000     -11.547 0.3293   0.1000E+02  0.8789E-02 -0.1000E+02  0.0000E+00      -1  -0.943E-01   20.00  0.4609E-07  0.0000E+00
 120   -59.5000     -11.547 0.3293   0.1000E+02  0.8789E-02 -0.1000E+02  0.0000E+00      -1  -0.943E-01   20.00  0.3949E-07  0.0000E+00
 121   -60.0000     -11.547 0.3293   0.1000E+02  0.8789E-02 -0.1000E+02  0.0000E+00      -1  -0.943E-01   20.00  0.3949E-07  0.0000E+00
end


 Time:        1.5000


 Node      Depth      Head Moisture       K          C         Flux        Sink         Kappa   v/KsTop   Temp   Conc(1..NS) Sorb(1...NS)
           [L]        [L]    [-]        [L/T]      [1/L]      [L/T]        [1/T]         [-]      [-]      [C]      [M/L*3]

   1     0.0000     -11.547 0.3293   0.1000E+02  0.8789E-02 -0.1000E+02  0.0000E+00      -1  -0.943E-01   20.00  0.8360E-02  0.0000E+00
   2    -0.5000     -11.547 0.3293   0.1000E+02  0.8789E-02 -0.1000E+02  0.0000E+00      -1  -0.943E-01   20.00  0.1062E-01  0.0000E+00
   3    -1.0000     -11.547 0.3293   0.1000E+02  0.8789E-02 -0.1000E+02  0.0000E+00      -1  -0.943E-01   20.00  0.1323E-01  0.0000E+00
   4    -1.5000     -11.547 0.3293   0.1000E+02  0.8789E-02 -0.1000E+02  0.0000E+00      -1  -0.943E-01   20.00  0.1623E-01  0.0000E+00
   5    -2.0000     -11.547 0.3293   0.1000E+02  0.8789E-02 -0.1000E+02  0.0000E+00      -1  -0.943E-01   20.00  0.1966E-01  0.0000E+00
   6    -2.5000     -11.547 0.3293   0.1000E+02  0.8789E-02 -0.1000E+02  0.0000E+00      -1  -0.943E-01   20.00  0.2353E-01  0.0000E+00
   7    -3.0000     -11.547 0.3293   0.1000E+02  0.8789E-02 -0.1000E+02  0.0000E+00      -1  -0.943E-01   20.00  0.2788E-01  0.0000E+00
   8    -3.5000     -11.547 0.3293   0.1000E+02  0.8789E-02 -0.1000E+02  0.0000E+00      -1  -0.943E-01   20.00  0.3273E-01  0.0000E+00
   9    -4.0000     -11.547 0.3293   0.1000E+02  0.8789E-02 -0.1000E+02  0.0000E+00      -1  -0.943E-01   20.00  0.3812E-01  0.0000E+00
  10    -4.5000     -11.547 0.3293   0.1000E+02  0.8789E-02 -0.1000E+02  0.0000E+00      -1  -0.943E-01   20.00  0.4406E-01  0.0000E+00
  11    -5.0000     -11.547 0.3293   0.1000E+02  0.8789E-02 -0.1000E+02  0.0000E+00      -1  -0.943E-01   20.00  0.5057E-01  0.0000E+00
  12    -5.5000     -11.547 0.3293   0.1000E+02  0.8789E-02 -0.1000E+02  0.0000E+00      -1  -0.943E-01   20.00  0.5766E-01  0.0000E+00
  13    -6.0000     -11.547 0.3293   0.1000E+02  0.8789E-02 -0.1000E+02  0.0000E+00      -1  -0.943E-01   20.00  0.6533E-01  0.0000E+00
  14    -6.5000     -11.547 0.3293   0.1000E+02  0.8789E-02 -0.1000E+02  0.0000E+00      -1  -0.943E-01   20.00  0.7359E-01  0.0000E+00
  15    -7.0000     -11.547 0.3293   0.1000E+02  0.8789E-02 -0.1000E+02  0.0000E+00      -1  -0.943E-01   20.00  0.8244E-01  0.0000E+00
  16    -7.5000     -11.547 0.3293   0.1000E+02  0.8789E-02 -0.1000E+02  0.0000E+00      -1  -0.943E-01   20.00  0.9185E-01  0.0000E+00
  17    -8.0000     -11.547 0.3293   0.1000E+02  0.8789E-02 -0.1000E+02  0.0000E+00      -1  -0.943E-01   20.00  0.1018E+00  0.0000E+00
  18    -8.5000     -11.547 0.3293   0.1000E+02  0.8789E-02 -0.1000E+02  0.0000E+00      -1  -0.943E-01   20.00  0.1123E+00  0.0000E+00
  19    -9.0000     -11.547 0.3293   0.1000E+02  0.8789E-02 -0.1000E+02  0.0000E+00      -1  -0.943E-01   20.00  0.1233E+00  0.0000E+00
  20    -9.5000     -11.547 0.3293   0.1000E+02  0.8789E-02 -0.1000E+02  0.0000E+00      -1  -0.943E-01   20.00  0.1347E+00  0.0000E+00
  21   -10.0000     -11.547 0.3293   0.1000E+02  0.8789E-02 -0.1000E+02  0.0000E+00      -1  -0.943E-01   20.00  0.1464E+00  0.0000E+00
  22   -10.5000     -11.547 0.3293   0.1000E+02  0.8789E-02 -0.1000E+02  0.0000E+00      -1  -0.943E-01   20.00  0.1585E+00  0.0000E+00
  23   -11.0000     -11.547 0.3293   0.1000E+02  0.8789E-02 -0.1000E+02  0.0000E+00      -1  -0.943E-01   20.00  0.1709E+00  0.0000E+00
  24   -11.5000     -11.547 0.3293   0.1000E+02  0.8789E-02 -0.1000E+02  0.0000E+00      -1  -0.943E-01   20.00  0.1835E+00  0.0000E+00
  25   -12.0000     -11.547 0.3293   0.1000E+02  0.8789E-02 -0.1000E+02  0.0000E+00      -1  -0.943E-01   20.00  0.1961E+00  0.0000E+00
  26   -12.5000     -11.547 0.3293   0.1000E+02  0.8789E-02 -0.1000E+02  0.0000E+00      -1  -0.943E-01   20.00  0.2088E+00  0.0000E+00
  27   -13.0000     -11.547 0.3293   0.1000E+02  0.8789E-02 -0.1000E+02  0.0000E+00      -1  -0.943E-01   20.00  0.2214E+00  0.0000E+00
  28   -13.5000     -11.547 0.3293   0.1000E+02  0.8789E-02 -0.1000E+02  0.0000E+00      -1  -0.943E-01   20.00  0.2338E+00  0.0000E+00
  29   -14.0000     -11.547 0.3293   0.1000E+02  0.8789E-02 -0.1000E+02  0.0000E+00      -1  -0.943E-01   20.00  0.2460E+00  0.0000E+00
  30   -14.5000     -11.547 0.3293   0.1000E+02  0.8789E-02 -0.1000E+02  0.0000E+00      -1  -0.943E-01   20.00  0.2578E+00  0.0000E+00
  31   -15.0000     -11.547 0.3293   0.1000E+02  0.8789E-02 -0.1000E+02  0.0000E+00      -1  -0.943E-01   20.00  0.2691E+00  0.0000E+00
  32   -15.5000     -11.547 0.3293   0.1000E+02  0.8789E-02 -0.1000E+02  0.0000E+00      -1  -0.943E-01   20.00  0.2799E+00  0.0000E+00
  33   -16.0000     -11.547 0.3293   0.1000E+02  0.8789E-02 -0.1000E+02  0.0000E+00      -1  -0.943E-01   20.00  0.2901E+00  0.0000E+00
  34   -16.5000     -11.547 0.3293   0.1000E+02  0.8789E-02 -0.1000E+02  0.0000E+00      -1  -0.943E-01   20.00  0.2996E+00  0.0000E+00
  35   -17.0000     -11.547 0.3293   0.1000E+02  0.8789E-02 -0.1000E+02  0.0000E+00      -1  -0.943E-01   20.00  0.3082E+00  0.0000E+00
  36   -17.5000     -11.547 0.3293   0.1000E+02  0.8789E-02 -0.1000E+02  0.0000E+00      -1  -0.943E-01   20.00  0.3160E+00  0.0000E+00
  37   -18.0000     -11.547 0.3293   0.1000E+02  0.8789E-02 -0.1000E+02  0.0000E+00      -1  -0.943E-01   20.00  0.3229E+00  0.0000E+00
  38   -18.5000     -11.547 0.3293   0.1000E+02  0.8789E-02 -0.1000E+02  0.0000E+00      -1  -0.943E-01   20.00  0.3288E+00  0.0000E+00
  39   -19.0000     -11.547 0.3293   0.1000E+02  0.8789E-02 -0.1000E+02  0.0000E+00      -1  -0.943E-01   20.00  0.3336E+00  0.0000E+00
  40   -19.5000     -11.547 0.3293   0.1000E+02  0.8789E-02 -0.1000E+02  0.0000E+00      -1  -0.943E-01   20.00  0.3373E+00  0.0000E+00
  41   -20.0000     -11.547 0.3293   0.1000E+02  0.8789E-02 -0.1000E+02  0.0000E+00      -1  -0.943E-01   20.00  0.3400E+00  0.0000E+00
  42   -20.5000     -11.547 0.3293   0.1000E+02  0.8789E-02 -0.1000E+02  0.0000E+00      -1  -0.943E-01   20.00  0.3415E+00  0.0000E+00
  43   -21.0000     -11.547 0.3293   0.1000E+02  0.8789E-02 -0.1000E+02  0.0000E+00      -1  -0.943E-01   20.00  0.3419E+00  0.0000E+00
  44   -21.5000     -11.547 0.3293   0.1000E+02  0.8789E-02 -0.1000E+02  0.0000E+00      -1  -0.943E-01   20.00  0.3412E+00  0.0000E+00
  45   -22.0000     -11.547 0.3293   0.1000E+02  0.8789E-02 -0.1000E+02  0.0000E+00      -1  -0.943E-01   20.00  0.3395E+00  0.0000E+00
  46   -22.5000     -11.547 0.3293   0.1000E+02  0.8789E-02 -0.1000E+02  0.0000E+00      -1  -0.943E-01   20.00  0.3366E+00  0.0000E+00
  47   -23.0000     -11.547 0.3293   0.1000E+02  0.8789E-02 -0.1000E+02  0.0000E+00      -1  -0.943E-01   20.00  0.3327E+00  0.0000E+00
  48   -23.5000     -11.547 0.3293   0.1000E+02  0.8789E-02 -0.1000E+02  0.0000E+00      -1  -0.943E-01   20.00  0.3279E+00  0.0000E+00
  49   -24.0000     -11.547 0.3293   0.1000E+02  0.8789E-02 -0.1000E+02  0.0000E+00      -1  -0.943E-01   20.00  0.3221E+00  0.0000E+00
  50   -24.5000     -11.547 0.3293   0.1000E+02  0.8789E-02 -0.1000E+02  0.0000E+00      -1  -0.943E-01   20.00  0.3154E+00  0.0000E+00
  51   -25.0000     -11.547 0.3293   0.1000E+02  0.8789E-02 -0.1000E+02  0.0000E+00      -1  -0.943E-01   20.00  0.3079E+00  0.0000E+00
  52   -25.5000     -11.547 0.3293   0.1000E+02  0.8789E-02 -0.1000E+02  0.0000E+00      -1  -0.943E-01   20.00  0.2998E+00  0.0000E+00
  53   -26.0000     -11.547 0.3293   0.1000E+02  0.8789E-02 -0.1000E+02  0.0000E+00      -1  -0.943E-01   20.00  0.2909E+00  0.0000E+00
  54   -26.5000     -11.547 0.3293   0.1000E+02  0.8789E-02 -0.1000E+02  0.0000E+00      -1  -0.943E-01   20.00  0.2815E+00  0.0000E+00
  55   -27.0000     -11.547 0.3293   0.1000E+02  0.8789E-02 -0.1000E+02  0.0000E+00      -1  -0.943E-01   20.00  0.2716E+00  0.0000E+00
  56   -27.5000     -11.547 0.3293   0.1000E+02  0.8789E-02 -0.1000E+02  0.0000E+00      -1  -0.943E-01   20.00  0.2613E+00  0.0000E+00
  57   -28.0000     -11.547 0.3293   0.1000E+02  0.8789E-02 -0.1000E+02  0.0000E+00      -1  -0.943E-01   20.00  0.2506E+00  0.0000E+00
  58   -28.5000     -11.547 0.3293   0.1000E+02  0.8789E-02 -0.1000E+02  0.0000E+00      -1  -0.943E-01   20.00  0.2397E+00  0.0000E+00
  59   -29.0000     -11.547 0.3293   0.1000E+02  0.8789E-02 -0.1000E+02  0.0000E+00      -1  -0.943E-01   20.00  0.2287E+00  0.0000E+00
  60   -29.5000     -11.547 0.3293   0.1000E+02  0.8789E-02 -0.1000E+02  0.0000E+00      -1  -0.943E-01   20.00  0.2175E+00  0.0000E+00
  61   -30.0000     -11.547 0.3293   0.1000E+02  0.8789E-02 -0.1000E+02  0.0000E+00      -1  -0.943E-01   20.00  0.2063E+00  0.0000E+00
  62   -30.5000     -11.547 0.3293   0.1000E+02  0.8789E-02 -0.1000E+02  0.0000E+00      -1  -0.943E-01   20.00  0.1951E+00  0.0000E+00
  63   -31.0000     -11.547 0.3293   0.1000E+02  0.8789E-02 -0.1000E+02  0.0000E+00      -1  -0.943E-01   20.00  0.1840E+00  0.0000E+00
  64   -31.5000     -11.547 0.3293   0.1000E+02  0.8789E-02 -0.1000E+02  0.0000E+00      -1  -0.943E-01   20.00  0.1731E+00  0.0000E+00
  65   -32.0000     -11.547 0.3293   0.1000E+02  0.8789E-02 -0.1000E+02  0.0000E+00      -1  -0.943E-01   20.00  0.1624E+00  0.0000E+00
  66   -32.5000     -11.547 0.3293   0.1000E+02  0.8789E-02 -0.1000E+02  0.0000E+00      -1  -0.943E-01   20.00  0.1520E+00  0.0000E+00
  67   -33.0000     -11.547 0.3293   0.1000E+02  0.8789E-02 -0.1000E+02  0.0000E+00      -1  -0.943E-01   20.00  0.1418E+00  0.0000E+00
  68   -33.5000     -11.547 0.3293   0.1000E+02  0.8789E-02 -0.1000E+02  0.0000E+00      -1  -0.943E-01   20.00  0.1320E+00  0.0000E+00
  69   -34.0000     -11.547 0.3293   0.1000E+02  0.8789E-02 -0.1000E+02  0.0000E+00      -1  -0.943E-01   20.00  0.1225E+00  0.0000E+00
  70   -34.5000     -11.547 0.3293   0.1000E+02  0.8789E-02 -0.1000E+02  0.0000E+00      -1  -0.943E-01   20.00  0.1135E+00  0.0000E+00
  71   -35.0000     -11.547 0.3293   0.1000E+02  0.8789E-02 -0.1000E+02  0.0000E+00      -1  -0.943E-01   20.00  0.1048E+00  0.0000E+00
  72   -35.5000     -11.547 0.3293   0.1000E+02  0.8789E-02 -0.1000E+02  0.0000E+00      -1  -0.943E-01   20.00  0.9652E-01  0.0000E+00
  73   -36.0000     -11.547 0.3293   0.1000E+02  0.8789E-02 -0.1000E+02  0.0000E+00      -1  -0.943E-01   20.00  0.8869E-01  0.0000E+00
  74   -36.5000     -11.547 0.3293   0.1000E+02  0.8789E-02 -0.1000E+02  0.0000E+00      -1  -0.943E-01   20.00  0.8128E-01  0.0000E+00
  75   -37.0000     -11.547 0.3293   0.1000E+02  0.8789E-02 -0.1000E+02  0.0000E+00      -1  -0.943E-01   20.00  0.7430E-01  0.0000E+00
  76   -37.5000     -11.547 0.3293   0.1000E+02  0.8789E-02 -0.1000E+02  0.0000E+00      -1  -0.943E-01   20.00  0.6776E-01  0.0000E+00
  77   -38.0000     -11.547 0.3293   0.1000E+02  0.8789E-02 -0.1000E+02  0.0000E+00      -1  -0.943E-01   20.00  0.6163E-01  0.0000E+00
  78   -38.5000     -11.547 0.3293   0.1000E+02  0.8789E-02 -0.1000E+02  0.0000E+00      -1  -0.943E-01   20.00  0.5592E-01  0.0000E+00
  79   -39.0000     -11.547 0.3293   0.1000E+02  0.8789E-02 -0.1000E+02  0.0000E+00      -1  -0.943E-01   20.00  0.5062E-01  0.0000E+00
  80   -39.5000     -11.547 0.3293   0.1000E+02  0.8789E-02 -0.1000E+02  0.0000E+00      -1  -0.943E-01   20.00  0.4570E-01  0.0000E+00
  81   -40.0000     -11.547 0.3293   0.1000E+02  0.8789E-02 -0.1000E+02  0.0000E+00      -1  -0.943E-01   20.00  0.4116E-01  0.0000E+00
  82   -40.5000     -11.547 0.3293   0.1000E+02  0.8789E-02 -0.1000E+02  0.0000E+00      -1  -0.943E-01   20.00  0.3698E-01  0.0000E+00
  83   -41.0000     -11.547 0.3293   0.1000E+02  0.8789E-02 -0.1000E+02  0.0000E+00      -1  -0.943E-01   20.00  0.3315E-01  0.0000E+00
  84   -41.5000     -11.547 0.3293   0.1000E+02  0.8789E-02 -0.1000E+02  0.0000E+00      -1  -0.943E-01   20.00  0.2964E-01  0.0000E+00
  85   -42.0000     -11.547 0.3293   0.1000E+02  0.8789E-02 -0.1000E+02  0.0000E+00      -1  -0.943E-01   20.00  0.2644E-01  0.0000E+00
  86   -42.5000     -11.547 0.3293   0.1000E+02  0.8789E-02 -0.1000E+02  0.0000E+00      -1  -0.943E-01   20.00  0.2353E-01  0.0000E+00
  87   -43.0000     -11.547 0.3293   0.1000E+02  0.8789E-02 -0.1000E+02  0.0000E+00      -1  -0.943E-01   20.00  0.2089E-01  0.0000E+00
  88   -43.5000     -11.547 0.3293   0.1000E+02  0.8789E-02 -0.1000E+02  0.0000E+00      -1  -0.943E-01   20.00  0.1850E-01  0.0000E+00
  89   -44.0000     -11.547 0.3293   0.1000E+02  0.8789E-02 -0.1000E+02  0.0000E+00      -1  -0.943E-01   20.00  0.1634E-01  0.0000E+00
  90   -44.5000     -11.547 0.3293   0.1000E+02  0.8789E-02 -0.1000E+02  0.0000E+00      -1  -0.943E-01   20.00  0.1440E-01  0.0000E+00
  91   -45.0000     -11.547 0.3293   0.1000E+02  0.8789E-02 -0.1000E+02  0.0000E+00      -1  -0.943E-01   20.00  0.1267E-01  0.0000E+00
  92   -45.5000     -11.547 0.3293   0.1000E+02  0.8789E-02 -0.1000E+02  0.0000E+00      -1  -0.943E-01   20.00  0.1111E-01  0.0000E+00
  93   -46.0000     -11.547 0.3293   0.1000E+02  0.8789E-02 -0.1000E+02  0.0000E+00      -1  -0.943E-01   20.00  0.9725E-02  0.0000E+00
  94   -46.5000     -11.547 0.3293   0.1000E+02  0.8789E-02 -0.1000E+02  0.0000E+00      -1  -0.943E-01   20.00  0.8491E-02  0.0000E+00
  95   -47.0000     -11.547 0.3293   0.1000E+02  0.8789E-02 -0.1000E+02  0.0000E+00      -1  -0.943E-01   20.00  0.7397E-02  0.0000E+00
  96   -47.5000     -11.547 0.3293   0.1000E+02  0.8789E-02 -0.1000E+02  0.0000E+00      -1  -0.943E-01   20.00  0.6428E-02  0.0000E+00
  97   -48.0000     -11.547 0.3293   0.1000E+02  0.8789E-02 -0.1000E+02  0.0000E+00      -1  -0.943E-01   20.00  0.5573E-02  0.0000E+00
  98   -48.5000     -11.547 0.3293   0.1000E+02  0.8789E-02 -0.1000E+02  0.0000E+00      -1  -0.943E-01   20.00  0.4821E-02  0.0000E+00
  99   -49.0000     -11.547 0.3293   0.1000E+02  0.8789E-02 -0.1000E+02  0.0000E+00      -1  -0.943E-01   20.00  0.4160E-02  0.0000E+00
 100   -49.5000     -11.547 0.3293   0.1000E+02  0.8789E-02 -0.1000E+02  0.0000E+00      -1  -0.943E-01   20.00  0.3582E-02  0.0000E+00
 101   -50.0000     -11.547 0.3293   0.1000E+02  0.8789E-02 -0.1000E+02  0.0000E+00      -1  -0.943E-01   20.00  0.3076E-02  0.0000E+00
 102   -50.5000     -11.547 0.3293   0.1000E+02  0.8789E-02 -0.1000E+02  0.0000E+00      -1  -0.943E-01   20.00  0.2636E-02  0.0000E+00
 103   -51.0000     -11.547 0.3293   0.1000E+02  0.8789E-02 -0.1000E+02  0.0000E+00      -1  -0.943E-01   20.00  0.2254E-02  0.0000E+00
 104   -51.5000     -11.547 0.3293   0.1000E+02  0.8789E-02 -0.1000E+02  0.0000E+00      -1  -0.943E-01   20.00  0.1923E-02  0.0000E+00
 105   -52.0000     -11.547 0.3293   0.1000E+02  0.8789E-02 -0.1000E+02  0.0000E+00      -1  -0.943E-01   20.00  0.1636E-02  0.0000E+00
 106   -52.5000     -11.547 0.3293   0.1000E+02  0.8789E-02 -0.1000E+02  0.0000E+00      -1  -0.943E-01   20.00  0.1389E-02  0.0000E+00
 107   -53.0000     -11.547 0.3293   0.1000E+02  0.8789E-02 -0.1000E+02  0.0000E+00      -1  -0.943E-01   20.00  0.1177E-02  0.0000E+00
 108   -53.5000     -11.547 0.3293   0.1000E+02  0.8789E-02 -0.1000E+02  0.0000E+00      -1  -0.943E-01   20.00  0.9946E-03  0.0000E+00
 109   -54.0000     -11.547 0.3293   0.1000E+02  0.8789E-02 -0.1000E+02  0.0000E+00      -1  -0.943E-01   20.00  0.8388E-03  0.0000E+00
 110   -54.5000     -11.547 0.3293   0.1000E+02  0.8789E-02 -0.1000E+02  0.0000E+00      -1  -0.943E-01   20.00  0.7058E-03  0.0000E+00
 111   -55.0000     -11.547 0.3293   0.1000E+02  0.8789E-02 -0.1000E+02  0.0000E+00      -1  -0.943E-01   20.00  0.5927E-03  0.0000E+00
 112   -55.5000     -11.547 0.3293   0.1000E+02  0.8789E-02 -0.1000E+02  0.0000E+00      -1  -0.943E-01   20.00  0.4967E-03  0.0000E+00
 113   -56.0000     -11.547 0.3293   0.1000E+02  0.8789E-02 -0.1000E+02  0.0000E+00      -1  -0.943E-01   20.00  0.4157E-03  0.0000E+00
 114   -56.5000     -11.547 0.3293   0.1000E+02  0.8789E-02 -0.1000E+02  0.0000E+00      -1  -0.943E-01   20.00  0.3476E-03  0.0000E+00
 115   -57.0000     -11.547 0.3293   0.1000E+02  0.8789E-02 -0.1000E+02  0.0000E+00      -1  -0.943E-01   20.00  0.2909E-03  0.0000E+00
 116   -57.5000     -11.547 0.3293   0.1000E+02  0.8789E-02 -0.1000E+02  0.0000E+00      -1  -0.943E-01   20.00  0.2442E-03  0.0000E+00
 117   -58.0000     -11.547 0.3293   0.1000E+02  0.8789E-02 -0.1000E+02  0.0000E+00      -1  -0.943E-01   20.00  0.2065E-03  0.0000E+00
 118   -58.5000     -11.547 0.3293   0.1000E+02  0.8789E-02 -0.1000E+02  0.0000E+00      -1  -0.943E-01   20.00  0.1775E-03  0.0000E+00
 119   -59.0000     -11.547 0.3293   0.1000E+02  0.8789E-02 -0.1000E+02  0.0000E+00      -1  -0.943E-01   20.00  0.1571E-03  0.0000E+00
 120   -59.5000     -11.547 0.3293   0.1000E+02  0.8789E-02 -0.1000E+02  0.0000E+00      -1  -0.943E-01   20.00  0.1460E-03  0.0000E+00
 121   -60.0000     -11.547 0.3293   0.1000E+02  0.8789E-02 -0.1000E+02  0.0000E+00      -1  -0.943E-01   20.00  0.1460E-03  0.0000E+00
end


 Time:        2.0000


 Node      Depth      Head Moisture       K          C         Flux        Sink         Kappa   v/KsTop   Temp   Conc(1..NS) Sorb(1...NS)
           [L]        [L]    [-]        [L/T]      [1/L]      [L/T]        [1/T]         [-]      [-]      [C]      [M/L*3]

   1     0.0000     -11.547 0.3293   0.1000E+02  0.8789E-02 -0.1000E+02  0.0000E+00      -1  -0.943E-01   20.00  0.1957E-02  0.0000E+00
   2    -0.5000     -11.547 0.3293   0.1000E+02  0.8789E-02 -0.1000E+02  0.0000E+00      -1  -0.943E-01   20.00  0.2488E-02  0.0000E+00
   3    -1.0000     -11.547 0.3293   0.1000E+02  0.8789E-02 -0.1000E+02  0.0000E+00      -1  -0.943E-01   20.00  0.3110E-02  0.0000E+00
   4    -1.5000     -11.547 0.3293   0.1000E+02  0.8789E-02 -0.1000E+02  0.0000E+00      -1  -0.943E-01   20.00  0.3831E-02  0.0000E+00
   5    -2.0000     -11.547 0.3293   0.1000E+02  0.8789E-02 -0.1000E+02  0.0000E+00      -1  -0.943E-01   20.00  0.4665E-02  0.0000E+00
   6    -2.5000     -11.547 0.3293   0.1000E+02  0.8789E-02 -0.1000E+02  0.0000E+00      -1  -0.943E-01   20.00  0.5622E-02  0.0000E+00
   7    -3.0000     -11.547 0.3293   0.1000E+02  0.8789E-02 -0.1000E+02  0.0000E+00      -1  -0.943E-01   20.00  0.6716E-02  0.0000E+00
   8    -3.5000     -11.547 0.3293   0.1000E+02  0.8789E-02 -0.1000E+02  0.0000E+00      -1  -0.943E-01   20.00  0.7958E-02  0.0000E+00
   9    -4.0000     -11.547 0.3293   0.1000E+02  0.8789E-02 -0.1000E+02  0.0000E+00      -1  -0.943E-01   20.00  0.9363E-02  0.0000E+00
  10    -4.5000     -11.547 0.3293   0.1000E+02  0.8789E-02 -0.1000E+02  0.0000E+00      -1  -0.943E-01   20.00  0.1094E-01  0.0000E+00
  11    -5.0000     -11.547 0.3293   0.1000E+02  0.8789E-02 -0.1000E+02  0.0000E+00      -1  -0.943E-01   20.00  0.1272E-01  0.0000E+00
  12    -5.5000     -11.547 0.3293   0.1000E+02  0.8789E-02 -0.1000E+02  0.0000E+00      -1  -0.943E-01   20.00  0.1469E-01  0.0000E+00
  13    -6.0000     -11.547 0.3293   0.1000E+02  0.8789E-02 -0.1000E+02  0.0000E+00      -1  -0.943E-01   20.00  0.1689E-01  0.0000E+00
  14    -6.5000     -11.547 0.3293   0.1000E+02  0.8789E-02 -0.1000E+02  0.0000E+00      -1  -0.943E-01   20.00  0.1932E-01  0.0000E+00
  15    -7.0000     -11.547 0.3293   0.1000E+02  0.8789E-02 -0.1000E+02  0.0000E+00      -1  -0.943E-01   20.00  0.2199E-01  0.0000E+00
  16    -7.5000     -11.547 0.3293   0.1000E+02  0.8789E-02 -0.1000E+02  0.0000E+00      -1  -0.943E-01   20.00  0.2492E-01  0.0000E+00
  17    -8.0000     -11.547 0.3293   0.1000E+02  0.8789E-02 -0.1000E+02  0.0000E+00      -1  -0.943E-01   20.00  0.2813E-01  0.0000E+00
  18    -8.5000     -11.547 0.3293   0.1000E+02  0.8789E-02 -0.1000E+02  0.0000E+00      -1  -0.943E-01   20.00  0.3162E-01  0.0000E+00
  19    -9.0000     -11.547 0.3293   0.1000E+02  0.8789E-02 -0.1000E+02  0.0000E+00      -1  -0.943E-01   20.00  0.3540E-01  0.0000E+00
  20    -9.5000     -11.547 0.3293   0.1000E+02  0.8789E-02 -0.1000E+02  0.0000E+00      -1  -0.943E-01   20.00  0.3949E-01  0.0000E+00
  21   -10.0000     -11.547 0.3293   0.1000E+02  0.8789E-02 -0.1000E+02  0.0000E+00      -1  -0.943E-01   20.00  0.4389E-01  0.0000E+00
  22   -10.5000     -11.547 0.3293   0.1000E+02  0.8789E-02 -0.1000E+02  0.0000E+00      -1  -0.943E-01   20.00  0.4861E-01  0.0000E+00
  23   -11.0000     -11.547 0.3293   0.1000E+02  0.8789E-02 -0.1000E+02  0.0000E+00      -1  -0.943E-01   20.00  0.5364E-01  0.0000E+00
  24   -11.5000     -11.547 0.3293   0.1000E+02  0.8789E-02 -0.1000E+02  0.0000E+00      -1  -0.943E-01   20.00  0.5901E-01  0.0000E+00
  25   -12.0000     -11.547 0.3293   0.1000E+02  0.8789E-02 -0.1000E+02  0.0000E+00      -1  -0.943E-01   20.00  0.6469E-01  0.0000E+00
  26   -12.5000     -11.547 0.3293   0.1000E+02  0.8789E-02 -0.1000E+02  0.0000E+00      -1  -0.943E-01   20.00  0.7069E-01  0.0000E+00
  27   -13.0000     -11.547 0.3293   0.1000E+02  0.8789E-02 -0.1000E+02  0.0000E+00      -1  -0.943E-01   20.00  0.7700E-01  0.0000E+00
  28   -13.5000     -11.547 0.3293   0.1000E+02  0.8789E-02 -0.1000E+02  0.0000E+00      -1  -0.943E-01   20.00  0.8362E-01  0.0000E+00
  29   -14.0000     -11.547 0.3293   0.1000E+02  0.8789E-02 -0.1000E+02  0.0000E+00      -1  -0.943E-01   20.00  0.9054E-01  0.0000E+00
  30   -14.5000     -11.547 0.3293   0.1000E+02  0.8789E-02 -0.1000E+02  0.0000E+00      -1  -0.943E-01   20.00  0.9773E-01  0.0000E+00
  31   -15.0000     -11.547 0.3293   0.1000E+02  0.8789E-02 -0.1000E+02  0.0000E+00      -1  -0.943E-01   20.00  0.1052E+00  0.0000E+00
  32   -15.5000     -11.547 0.3293   0.1000E+02  0.8789E-02 -0.1000E+02  0.0000E+00      -1  -0.943E-01   20.00  0.1129E+00  0.0000E+00
  33   -16.0000     -11.547 0.3293   0.1000E+02  0.8789E-02 -0.1000E+02  0.0000E+00      -1  -0.943E-01   20.00  0.1208E+00  0.0000E+00
  34   -16.5000     -11.547 0.3293   0.1000E+02  0.8789E-02 -0.1000E+02  0.0000E+00      -1  -0.943E-01   20.00  0.1289E+00  0.0000E+00
  35   -17.0000     -11.547 0.3293   0.1000E+02  0.8789E-02 -0.1000E+02  0.0000E+00      -1  -0.943E-01   20.00  0.1371E+00  0.0000E+00
  36   -17.5000     -11.547 0.3293   0.1000E+02  0.8789E-02 -0.1000E+02  0.0000E+00      -1  -0.943E-01   20.00  0.1455E+00  0.0000E+00
  37   -18.0000     -11.547 0.3293   0.1000E+02  0.8789E-02 -0.1000E+02  0.0000E+00      -1  -0.943E-01   20.00  0.1540E+00  0.0000E+00
  38   -18.5000     -11.547 0.3293   0.1000E+02  0.8789E-02 -0.1000E+02  0.0000E+00      -1  -0.943E-01   20.00  0.1625E+00  0.0000E+00
  39   -19.0000     -11.547 0.3293   0.1000E+02  0.8789E-02 -0.1000E+02  0.0000E+00      -1  -0.943E-01   20.00  0.1710E+00  0.0000E+00
  40   -19.5000     -11.547 0.3293   0.1000E+02  0.8789E-02 -0.1000E+02  0.0000E+00      -1  -0.943E-01   20.00  0.1795E+00  0.0000E+00
  41   -20.0000     -11.547 0.3293   0.1000E+02  0.8789E-02 -0.1000E+02  0.0000E+00      -1  -0.943E-01   20.00  0.1879E+00  0.0000E+00
  42   -20.5000     -11.547 0.3293   0.1000E+02  0.8789E-02 -0.1000E+02  0.0000E+00      -1  -0.943E-01   20.00  0.1962E+00  0.0000E+00
  43   -21.0000     -11.547 0.3293   0.1000E+02  0.8789E-02 -0.1000E+02  0.0000E+00      -1  -0.943E-01   20.00  0.2044E+00  0.0000E+00
  44   -21.5000     -11.547 0.3293   0.1000E+02  0.8789E-02 -0.1000E+02  0.0000E+00      -1  -0.943E-01   20.00  0.2123E+00  0.0000E+00
  45   -22.0000     -11.547 0.3293   0.1000E+02  0.8789E-02 -0.1000E+02  0.0000E+00      -1  -0.943E-01   20.00  0.2200E+00  0.0000E+00
  46   -22.5000     -11.547 0.3293   0.1000E+02  0.8789E-02 -0.1000E+02  0.0000E+00      -1  -0.943E-01   20.00  0.2274E+00  0.0000E+00
  47   -23.0000     -11.547 0.3293   0.1000E+02  0.8789E-02 -0.1000E+02  0.0000E+00      -1  -0.943E-01   20.00  0.2345E+00  0.0000E+00
  48   -23.5000     -11.547 0.3293   0.1000E+02  0.8789E-02 -0.1000E+02  0.0000E+00      -1  -0.943E-01   20.00  0.2411E+00  0.0000E+00
  49   -24.0000     -11.547 0.3293   0.1000E+02  0.8789E-02 -0.1000E+02  0.0000E+00      -1  -0.943E-01   20.00  0.2474E+00  0.0000E+00
  50   -24.5000     -11.547 0.3293   0.1000E+02  0.8789E-02 -0.1000E+02  0.0000E+00      -1  -0.943E-01   20.00  0.2532E+00  0.0000E+00
  51   -25.0000     -11.547 0.3293   0.1000E+02  0.8789E-02 -0.1000E+02  0.0000E+00      -1  -0.943E-01   20.00  0.2585E+00  0.0000E+00
  52   -25.5000     -11.547 0.3293   0.1000E+02  0.8789E-02 -0.1000E+02  0.0000E+00      -1  -0.943E-01   20.00  0.2632E+00  0.0000E+00
  53   -26.0000     -11.547 0.3293   0.1000E+02  0.8789E-02 -0.1000E+02  0.0000E+00      -1  -0.943E-01   20.00  0.2674E+00  0.0000E+00
  54   -26.5000     -11.547 0.3293   0.1000E+02  0.8789E-02 -0.1000E+02  0.0000E+00      -1  -0.943E-01   20.00  0.2710E+00  0.0000E+00
  55   -27.0000     -11.547 0.3293   0.1000E+02  0.8789E-02 -0.1000E+02  0.0000E+00      -1  -0.943E-01   20.00  0.2740E+00  0.0000E+00
  56   -27.5000     -11.547 0.3293   0.1000E+02  0.8789E-02 -0.1000E+02  0.0000E+00      -1  -0.943E-01   20.00  0.2764E+00  0.0000E+00
  57   -28.0000     -11.547 0.3293   0.1000E+02  0.8789E-02 -0.1000E+02  0.0000E+00      -1  -0.943E-01   20.00  0.2782E+00  0.0000E+00
  58   -28.5000     -11.547 0.3293   0.1000E+02  0.8789E-02 -0.1000E+02  0.0000E+00      -1  -0.942E-01   20.00  0.2793E+00  0.0000E+00
  59   -29.0000     -11.547 0.3293   0.1000E+02  0.8789E-02 -0.1000E+02  0.0000E+00      -1  -0.942E-01   20.00  0.2798E+00  0.0000E+00
  60   -29.5000     -11.547 0.3293   0.1000E+02  0.8789E-02 -0.1000E+02  0.0000E+00      -1  -0.942E-01   20.00  0.2796E+00  0.0000E+00
  61   -30.0000     -11.547 0.3293   0.1000E+02  0.8789E-02 -0.1000E+02  0.0000E+00      -1  -0.942E-01   20.00  0.2788E+00  0.0000E+00
  62   -30.5000     -11.547 0.3293   0.1000E+02  0.8789E-02 -0.1000E+02  0.0000E+00      -1  -0.942E-01   20.00  0.2773E+00  0.0000E+00
  63   -31.0000     -11.547 0.3293   0.1000E+02  0.8789E-02 -0.1000E+02  0.0000E+00      -1  -0.942E-01   20.00  0.2752E+00  0.0000E+00
  64   -31.5000     -11.547 0.3293   0.1000E+02  0.8789E-02 -0.1000E+02  0.0000E+00      -1  -0.942E-01   20.00  0.2725E+00  0.0000E+00
  65   -32.0000     -11.547 0.3293   0.1000E+02  0.8789E-02 -0.1000E+02  0.0000E+00      -1  -0.942E-01   20.00  0.2693E+00  0.0000E+00
  66   -32.5000     -11.547 0.3293   0.1000E+02  0.8789E-02 -0.1000E+02  0.0000E+00      -1  -0.942E-01   20.00  0.2655E+00  0.0000E+00
  67   -33.0000     -11.547 0.3293   0.1000E+02  0.8789E-02 -0.1000E+02  0.0000E+00      -1  -0.943E-01   20.00  0.2611E+00  0.0000E+00
  68   -33.5000     -11.547 0.3293   0.1000E+02  0.8789E-02 -0.1000E+02  0.0000E+00      -1  -0.943E-01   20.00  0.2563E+00  0.0000E+00
  69   -34.0000     -11.547 0.3293   0.1000E+02  0.8789E-02 -0.1000E+02  0.0000E+00      -1  -0.943E-01   20.00  0.2510E+00  0.0000E+00
  70   -34.5000     -11.547 0.3293   0.1000E+02  0.8789E-02 -0.1000E+02  0.0000E+00      -1  -0.943E-01   20.00  0.2452E+00  0.0000E+00
  71   -35.0000     -11.547 0.3293   0.1000E+02  0.8789E-02 -0.1000E+02  0.0000E+00      -1  -0.943E-01   20.00  0.2391E+00  0.0000E+00
  72   -35.5000     -11.547 0.3293   0.1000E+02  0.8789E-02 -0.1000E+02  0.0000E+00      -1  -0.943E-01   20.00  0.2326E+00  0.0000E+00
  73   -36.0000     -11.547 0.3293   0.1000E+02  0.8789E-02 -0.1000E+02  0.0000E+00      -1  -0.943E-01   20.00  0.2258E+00  0.0000E+00
  74   -36.5000     -11.547 0.3293   0.1000E+02  0.8789E-02 -0.1000E+02  0.0000E+00      -1  -0.942E-01   20.00  0.2187E+00  0.0000E+00
  75   -37.0000     -11.547 0.3293   0.1000E+02  0.8789E-02 -0.1000E+02  0.0000E+00      -1  -0.942E-01   20.00  0.2114E+00  0.0000E+00
  76   -37.5000     -11.547 0.3293   0.1000E+02  0.8789E-02 -0.1000E+02  0.0000E+00      -1  -0.942E-01   20.00  0.2039E+00  0.0000E+00
  77   -38.0000     -11.547 0.3293   0.1000E+02  0.8789E-02 -0.1000E+02  0.0000E+00      -1  -0.942E-01   20.00  0.1963E+00  0.0000E+00
  78   -38.5000     -11.547 0.3293   0.1000E+02  0.8789E-02 -0.1000E+02  0.0000E+00      -1  -0.942E-01   20.00  0.1885E+00  0.0000E+00
  79   -39.0000     -11.547 0.3293   0.1000E+02  0.8789E-02 -0.1000E+02  0.0000E+00      -1  -0.942E-01   20.00  0.1807E+00  0.0000E+00
  80   -39.5000     -11.547 0.3293   0.1000E+02  0.8789E-02 -0.1000E+02  0.0000E+00      -1  -0.942E-01   20.00  0.1728E+00  0.0000E+00
  81   -40.0000     -11.547 0.3293   0.1000E+02  0.8789E-02 -0.1000E+02  0.0000E+00      -1  -0.943E-01   20.00  0.1649E+00  0.0000E+00
  82   -40.5000     -11.547 0.3293   0.1000E+02  0.8789E-02 -0.1000E+02  0.0000E+00      -1  -0.943E-01   20.00  0.1571E+00  0.0000E+00
  83   -41.0000     -11.547 0.3293   0.1000E+02  0.8789E-02 -0.1000E+02  0.0000E+00      -1  -0.943E-01   20.00  0.1493E+00  0.0000E+00
  84   -41.5000     -11.547 0.3293   0.1000E+02  0.8789E-02 -0.1000E+02  0.0000E+00      -1  -0.943E-01   20.00  0.1416E+00  0.0000E+00
  85   -42.0000     -11.547 0.3293   0.1000E+02  0.8789E-02 -0.1000E+02  0.0000E+00      -1  -0.942E-01   20.00  0.1341E+00  0.0000E+00
  86   -42.5000     -11.547 0.3293   0.1000E+02  0.8789E-02 -0.1000E+02  0.0000E+00      -1  -0.942E-01   20.00  0.1267E+00  0.0000E+00
  87   -43.0000     -11.547 0.3293   0.1000E+02  0.8789E-02 -0.1000E+02  0.0000E+00      -1  -0.943E-01   20.00  0.1194E+00  0.0000E+00
  88   -43.5000     -11.547 0.3293   0.1000E+02  0.8789E-02 -0.1000E+02  0.0000E+00      -1  -0.943E-01   20.00  0.1124E+00  0.0000E+00
  89   -44.0000     -11.547 0.3293   0.1000E+02  0.8789E-02 -0.1000E+02  0.0000E+00      -1  -0.943E-01   20.00  0.1055E+00  0.0000E+00
  90   -44.5000     -11.547 0.3293   0.1000E+02  0.8789E-02 -0.1000E+02  0.0000E+00      -1  -0.943E-01   20.00  0.9886E-01  0.0000E+00
  91   -45.0000     -11.547 0.3293   0.1000E+02  0.8789E-02 -0.1000E+02  0.0000E+00      -1  -0.943E-01   20.00  0.9246E-01  0.0000E+00
  92   -45.5000     -11.547 0.3293   0.1000E+02  0.8789E-02 -0.1000E+02  0.0000E+00      -1  -0.943E-01   20.00  0.8630E-01  0.0000E+00
  93   -46.0000     -11.547 0.3293   0.1000E+02  0.8789E-02 -0.1000E+02  0.0000E+00      -1  -0.943E-01   20.00  0.8039E-01  0.0000E+00
  94   -46.5000     -11.547 0.3293   0.1000E+02  0.8789E-02 -0.1000E+02  0.0000E+00      -1  -0.943E-01   20.00  0.7474E-01  0.0000E+00
  95   -47.0000     -11.547 0.3293   0.1000E+02  0.8789E-02 -0.1000E+02  0.0000E+00      -1  -0.943E-01   20.00  0.6934E-01  0.0000E+00
  96   -47.5000     -11.547 0.3293   0.1000E+02  0.8789E-02 -0.1000E+02  0.0000E+00      -1  -0.943E-01   20.00  0.6422E-01  0.0000E+00
  97   -48.0000     -11.547 0.3293   0.1000E+02  0.8789E-02 -0.1000E+02  0.0000E+00      -1  -0.943E-01   20.00  0.5935E-01  0.0000E+00
  98   -48.5000     -11.547 0.3293   0.1000E+02  0.8789E-02 -0.1000E+02  0.0000E+00      -1  -0.943E-01   20.00  0.5475E-01  0.0000E+00
  99   -49.0000     -11.547 0.3293   0.1000E+02  0.8789E-02 -0.1000E+02  0.0000E+00      -1  -0.943E-01   20.00  0.5041E-01  0.0000E+00
 100   -49.5000     -11.547 0.3293   0.1000E+02  0.8789E-02 -0.1000E+02  0.0000E+00      -1  -0.943E-01   20.00  0.4632E-01  0.0000E+00
 101   -50.0000     -11.547 0.3293   0.1000E+02  0.8789E-02 -0.1000E+02  0.0000E+00      -1  -0.943E-01   20.00  0.4248E-01  0.0000E+00
 102   -50.5000     -11.547 0.3293   0.1000E+02  0.8789E-02 -0.1000E+02  0.0000E+00      -1  -0.943E-01   20.00  0.3889E-01  0.0000E+00
 103   -51.0000     -11.547 0.3293   0.1000E+02  0.8789E-02 -0.1000E+02  0.0000E+00      -1  -0.943E-01   20.00  0.3553E-01  0.0000E+00
 104   -51.5000     -11.547 0.3293   0.1000E+02  0.8789E-02 -0.1000E+02  0.0000E+00      -1  -0.943E-01   20.00  0.3240E-01  0.0000E+00
 105   -52.0000     -11.547 0.3293   0.1000E+02  0.8789E-02 -0.1000E+02  0.0000E+00      -1  -0.943E-01   20.00  0.2949E-01  0.0000E+00
 106   -52.5000     -11.547 0.3293   0.1000E+02  0.8789E-02 -0.1000E+02  0.0000E+00      -1  -0.943E-01   20.00  0.2679E-01  0.0000E+00
 107   -53.0000     -11.547 0.3293   0.1000E+02  0.8789E-02 -0.1000E+02  0.0000E+00      -1  -0.943E-01   20.00  0.2430E-01  0.0000E+00
 108   -53.5000     -11.547 0.3293   0.1000E+02  0.8789E-02 -0.1000E+02  0.0000E+00      -1  -0.943E-01   20.00  0.2200E-01  0.0000E+00
 109   -54.0000     -11.547 0.3293   0.1000E+02  0.8789E-02 -0.1000E+02  0.0000E+00      -1  -0.943E-01   20.00  0.1988E-01  0.0000E+00
 110   -54.5000     -11.547 0.3293   0.1000E+02  0.8789E-02 -0.1000E+02  0.0000E+00      -1  -0.943E-01   20.00  0.1794E-01  0.0000E+00
 111   -55.0000     -11.547 0.3293   0.1000E+02  0.8789E-02 -0.1000E+02  0.0000E+00      -1  -0.943E-01   20.00  0.1616E-01  0.0000E+00
 112   -55.5000     -11.547 0.3293   0.1000E+02  0.8789E-02 -0.1000E+02  0.0000E+00      -1  -0.943E-01   20.00  0.1455E-01  0.0000E+00
 113   -56.0000     -11.547 0.3293   0.1000E+02  0.8789E-02 -0.1000E+02  0.0000E+00      -1  -0.943E-01   20.00  0.1309E-01  0.0000E+00
 114   -56.5000     -11.547 0.3293   0.1000E+02  0.8789E-02 -0.1000E+02  0.0000E+00      -1  -0.943E-01   20.00  0.1178E-01  0.0000E+00
 115   -57.0000     -11.547 0.3293   0.1000E+02  0.8789E-02 -0.1000E+02  0.0000E+00      -1  -0.943E-01   20.00  0.1061E-01  0.0000E+00
 116   -57.5000     -11.547 0.3293   0.1000E+02  0.8789E-02 -0.1000E+02  0.0000E+00      -1  -0.943E-01   20.00  0.9598E-02  0.0000E+00
 117   -58.0000     -11.547 0.3293   0.1000E+02  0.8789E-02 -0.1000E+02  0.0000E+00      -1  -0.943E-01   20.00  0.8737E-02  0.0000E+00
 118   -58.5000     -11.547 0.3293   0.1000E+02  0.8789E-02 -0.1000E+02  0.0000E+00      -1  -0.943E-01   20.00  0.8044E-02  0.0000E+00
 119   -59.0000     -11.547 0.3293   0.1000E+02  0.8789E-02 -0.1000E+02  0.0000E+00      -1  -0.943E-01   20.00  0.7540E-02  0.0000E+00
 120   -59.5000     -11.547 0.3293   0.1000E+02  0.8789E-02 -0.1000E+02  0.0000E+00      -1  -0.943E-01   20.00  0.7262E-02  0.0000E+00
 121   -60.0000     -11.547 0.3293   0.1000E+02  0.8789E-02 -0.1000E+02  0.0000E+00      -1  -0.943E-01   20.00  0.7262E-02  0.0000E+00
end


 Time:        2.5000


 Node      Depth      Head Moisture       K          C         Flux        Sink         Kappa   v/KsTop   Temp   Conc(1..NS) Sorb(1...NS)
           [L]        [L]    [-]        [L/T]      [1/L]      [L/T]        [1/T]         [-]      [-]      [C]      [M/L*3]

   1     0.0000     -11.547 0.3293   0.1000E+02  0.8789E-02 -0.1000E+02  0.0000E+00      -1  -0.943E-01   20.00  0.5083E-03  0.0000E+00
   2    -0.5000     -11.547 0.3293   0.1000E+02  0.8789E-02 -0.1000E+02  0.0000E+00      -1  -0.943E-01   20.00  0.6466E-03  0.0000E+00
   3    -1.0000     -11.547 0.3293   0.1000E+02  0.8789E-02 -0.1000E+02  0.0000E+00      -1  -0.943E-01   20.00  0.8092E-03  0.0000E+00
   4    -1.5000     -11.547 0.3293   0.1000E+02  0.8789E-02 -0.1000E+02  0.0000E+00      -1  -0.943E-01   20.00  0.9995E-03  0.0000E+00
   5    -2.0000     -11.547 0.3293   0.1000E+02  0.8789E-02 -0.1000E+02  0.0000E+00      -1  -0.943E-01   20.00  0.1221E-02  0.0000E+00
   6    -2.5000     -11.547 0.3293   0.1000E+02  0.8789E-02 -0.1000E+02  0.0000E+00      -1  -0.943E-01   20.00  0.1477E-02  0.0000E+00
   7    -3.0000     -11.547 0.3293   0.1000E+02  0.8789E-02 -0.1000E+02  0.0000E+00      -1  -0.943E-01   20.00  0.1772E-02  0.0000E+00
   8    -3.5000     -11.547 0.3293   0.1000E+02  0.8789E-02 -0.1000E+02  0.0000E+00      -1  -0.943E-01   20.00  0.2111E-02  0.0000E+00
   9    -4.0000     -11.547 0.3293   0.1000E+02  0.8789E-02 -0.1000E+02  0.0000E+00      -1  -0.943E-01   20.00  0.2498E-02  0.0000E+00
  10    -4.5000     -11.547 0.3293   0.1000E+02  0.8789E-02 -0.1000E+02  0.0000E+00      -1  -0.943E-01   20.00  0.2938E-02  0.0000E+00
  11    -5.0000     -11.547 0.3293   0.1000E+02  0.8789E-02 -0.1000E+02  0.0000E+00      -1  -0.943E-01   20.00  0.3437E-02  0.0000E+00
  12    -5.5000     -11.547 0.3293   0.1000E+02  0.8789E-02 -0.1000E+02  0.0000E+00      -1  -0.943E-01   20.00  0.4000E-02  0.0000E+00
  13    -6.0000     -11.547 0.3293   0.1000E+02  0.8789E-02 -0.1000E+02  0.0000E+00      -1  -0.943E-01   20.00  0.4634E-02  0.0000E+00
  14    -6.5000     -11.547 0.3293   0.1000E+02  0.8789E-02 -0.1000E+02  0.0000E+00      -1  -0.943E-01   20.00  0.5346E-02  0.0000E+00
  15    -7.0000     -11.547 0.3293   0.1000E+02  0.8789E-02 -0.1000E+02  0.0000E+00      -1  -0.943E-01   20.00  0.6140E-02  0.0000E+00
  16    -7.5000     -11.547 0.3293   0.1000E+02  0.8789E-02 -0.1000E+02  0.0000E+00      -1  -0.943E-01   20.00  0.7026E-02  0.0000E+00
  17    -8.0000     -11.547 0.3293   0.1000E+02  0.8789E-02 -0.1000E+02  0.0000E+00      -1  -0.943E-01   20.00  0.8009E-02  0.0000E+00
  18    -8.5000     -11.547 0.3293   0.1000E+02  0.8789E-02 -0.1000E+02  0.0000E+00      -1  -0.943E-01   20.00  0.9098E-02  0.0000E+00
  19    -9.0000     -11.547 0.3293   0.1000E+02  0.8789E-02 -0.1000E+02  0.0000E+00      -1  -0.943E-01   20.00  0.1030E-01  0.0000E+00
  20    -9.5000     -11.547 0.3293   0.1000E+02  0.8789E-02 -0.1000E+02  0.0000E+00      -1  -0.943E-01   20.00  0.1162E-01  0.0000E+00
  21   -10.0000     -11.547 0.3293   0.1000E+02  0.8789E-02 -0.1000E+02  0.0000E+00      -1  -0.943E-01   20.00  0.1307E-01  0.0000E+00
  22   -10.5000     -11.547 0.3293   0.1000E+02  0.8789E-02 -0.1000E+02  0.0000E+00      -1  -0.943E-01   20.00  0.1466E-01  0.0000E+00
  23   -11.0000     -11.547 0.3293   0.1000E+02  0.8789E-02 -0.1000E+02  0.0000E+00      -1  -0.943E-01   20.00  0.1639E-01  0.0000E+00
  24   -11.5000     -11.547 0.3293   0.1000E+02  0.8789E-02 -0.1000E+02  0.0000E+00      -1  -0.943E-01   20.00  0.1828E-01  0.0000E+00
  25   -12.0000     -11.547 0.3293   0.1000E+02  0.8789E-02 -0.1000E+02  0.0000E+00      -1  -0.943E-01   20.00  0.2032E-01  0.0000E+00
  26   -12.5000     -11.547 0.3293   0.1000E+02  0.8789E-02 -0.1000E+02  0.0000E+00      -1  -0.943E-01   20.00  0.2253E-01  0.0000E+00
  27   -13.0000     -11.547 0.3293   0.1000E+02  0.8789E-02 -0.1000E+02  0.0000E+00      -1  -0.943E-01   20.00  0.2491E-01  0.0000E+00
  28   -13.5000     -11.547 0.3293   0.1000E+02  0.8789E-02 -0.1000E+02  0.0000E+00      -1  -0.943E-01   20.00  0.2748E-01  0.0000E+00
  29   -14.0000     -11.547 0.3293   0.1000E+02  0.8789E-02 -0.1000E+02  0.0000E+00      -1  -0.943E-01   20.00  0.3023E-01  0.0000E+00
  30   -14.5000     -11.547 0.3293   0.1000E+02  0.8789E-02 -0.1000E+02  0.0000E+00      -1  -0.943E-01   20.00  0.3317E-01  0.0000E+00
  31   -15.0000     -11.547 0.3293   0.1000E+02  0.8789E-02 -0.1000E+02  0.0000E+00      -1  -0.943E-01   20.00  0.3631E-01  0.0000E+00
  32   -15.5000     -11.547 0.3293   0.1000E+02  0.8789E-02 -0.1000E+02  0.0000E+00      -1  -0.943E-01   20.00  0.3965E-01  0.0000E+00
  33   -16.0000     -11.547 0.3293   0.1000E+02  0.8789E-02 -0.1000E+02  0.0000E+00      -1  -0.943E-01   20.00  0.4320E-01  0.0000E+00
  34   -16.5000     -11.547 0.3293   0.1000E+02  0.8789E-02 -0.1000E+02  0.0000E+00      -1  -0.943E-01   20.00  0.4695E-01  0.0000E+00
  35   -17.0000     -11.547 0.3293   0.1000E+02  0.8789E-02 -0.1000E+02  0.0000E+00      -1  -0.943E-01   20.00  0.5091E-01  0.0000E+00
  36   -17.5000     -11.547 0.3293   0.1000E+02  0.8789E-02 -0.1000E+02  0.0000E+00      -1  -0.943E-01   20.00  0.5508E-01  0.0000E+00
  37   -18.0000     -11.547 0.3293   0.1000E+02  0.8789E-02 -0.1000E+02  0.0000E+00      -1  -0.943E-01   20.00  0.5945E-01  0.0000E+00
  38   -18.5000     -11.547 0.3293   0.1000E+02  0.8789E-02 -0.1000E+02  0.0000E+00      -1  -0.943E-01   20.00  0.6403E-01  0.0000E+00
  39   -19.0000     -11.547 0.3293   0.1000E+02  0.8789E-02 -0.1000E+02  0.0000E+00      -1  -0.943E-01   20.00  0.6880E-01  0.0000E+00
  40   -19.5000     -11.547 0.3293   0.1000E+02  0.8789E-02 -0.1000E+02  0.0000E+00      -1  -0.943E-01   20.00  0.7377E-01  0.0000E+00
  41   -20.0000     -11.547 0.3293   0.1000E+02  0.8789E-02 -0.1000E+02  0.0000E+00      -1  -0.943E-01   20.00  0.7893E-01  0.0000E+00
  42   -20.5000     -11.547 0.3293   0.1000E+02  0.8789E-02 -0.1000E+02  0.0000E+00      -1  -0.943E-01   20.00  0.8427E-01  0.0000E+00
  43   -21.0000     -11.547 0.3293   0.1000E+02  0.8789E-02 -0.1000E+02  0.0000E+00      -1  -0.943E-01   20.00  0.8978E-01  0.0000E+00
  44   -21.5000     -11.547 0.3293   0.1000E+02  0.8789E-02 -0.1000E+02  0.0000E+00      -1  -0.943E-01   20.00  0.9545E-01  0.0000E+00
  45   -22.0000     -11.547 0.3293   0.1000E+02  0.8789E-02 -0.1000E+02  0.0000E+00      -1  -0.943E-01   20.00  0.1013E+00  0.0000E+00
  46   -22.5000     -11.547 0.3293   0.1000E+02  0.8789E-02 -0.1000E+02  0.0000E+00      -1  -0.943E-01   20.00  0.1072E+00  0.0000E+00
  47   -23.0000     -11.547 0.3293   0.1000E+02  0.8789E-02 -0.1000E+02  0.0000E+00      -1  -0.943E-01   20.00  0.1133E+00  0.0000E+00
  48   -23.5000     -11.547 0.3293   0.1000E+02  0.8789E-02 -0.1000E+02  0.0000E+00      -1  -0.943E-01   20.00  0.1194E+00  0.0000E+00
  49   -24.0000     -11.547 0.3293   0.1000E+02  0.8789E-02 -0.1000E+02  0.0000E+00      -1  -0.943E-01   20.00  0.1256E+00  0.0000E+00
  50   -24.5000     -11.547 0.3293   0.1000E+02  0.8789E-02 -0.1000E+02  0.0000E+00      -1  -0.943E-01   20.00  0.1319E+00  0.0000E+00
  51   -25.0000     -11.547 0.3293   0.1000E+02  0.8789E-02 -0.1000E+02  0.0000E+00      -1  -0.943E-01   20.00  0.1383E+00  0.0000E+00
  52   -25.5000     -11.547 0.3293   0.1000E+02  0.8789E-02 -0.1000E+02  0.0000E+00      -1  -0.943E-01   20.00  0.1446E+00  0.0000E+00
  53   -26.0000     -11.547 0.3293   0.1000E+02  0.8789E-02 -0.1000E+02  0.0000E+00      -1  -0.943E-01   20.00  0.1510E+00  0.0000E+00
  54   -26.5000     -11.547 0.3293   0.1000E+02  0.8789E-02 -0.1000E+02  0.0000E+00      -1  -0.943E-01   20.00  0.1573E+00  0.0000E+00
  55   -27.0000     -11.547 0.3293   0.1000E+02  0.8789E-02 -0.1000E+02  0.0000E+00      -1  -0.943E-01   20.00  0.1635E+00  0.0000E+00
  56   -27.5000     -11.547 0.3293   0.1000E+02  0.8789E-02 -0.1000E+02  0.0000E+00      -1  -0.943E-01   20.00  0.1697E+00  0.0000E+00
  57   -28.0000     -11.547 0.3293   0.1000E+02  0.8789E-02 -0.1000E+02  0.0000E+00      -1  -0.943E-01   20.00  0.1757E+00  0.0000E+00
  58   -28.5000     -11.547 0.3293   0.1000E+02  0.8789E-02 -0.1000E+02  0.0000E+00      -1  -0.943E-01   20.00  0.1816E+00  0.0000E+00
  59   -29.0000     -11.547 0.3293   0.1000E+02  0.8789E-02 -0.1000E+02  0.0000E+00      -1  -0.943E-01   20.00  0.1874E+00  0.0000E+00
  60   -29.5000     -11.547 0.3293   0.1000E+02  0.8789E-02 -0.1000E+02  0.0000E+00      -1  -0.943E-01   20.00  0.1930E+00  0.0000E+00
  61   -30.0000     -11.547 0.3293   0.1000E+02  0.8789E-02 -0.1000E+02  0.0000E+00      -1  -0.943E-01   20.00  0.1983E+00  0.0000E+00
  62   -30.5000     -11.547 0.3293   0.1000E+02  0.8789E-02 -0.1000E+02  0.0000E+00      -1  -0.943E-01   20.00  0.2034E+00  0.0000E+00
  63   -31.0000     -11.547 0.3293   0.1000E+02  0.8789E-02 -0.1000E+02  0.0000E+00      -1  -0.943E-01   20.00  0.2083E+00  0.0000E+00
  64   -31.5000     -11.547 0.3293   0.1000E+02  0.8789E-02 -0.1000E+02  0.0000E+00      -1  -0.943E-01   20.00  0.2129E+00  0.0000E+00
  65   -32.0000     -11.547 0.3293   0.1000E+02  0.8789E-02 -0.1000E+02  0.0000E+00      -1  -0.943E-01   20.00  0.2172E+00  0.0000E+00
  66   -32.5000     -11.547 0.3293   0.1000E+02  0.8789E-02 -0.1000E+02  0.0000E+00      -1  -0.943E-01   20.00  0.2211E+00  0.0000E+00
  67   -33.0000     -11.547 0.3293   0.1000E+02  0.8789E-02 -0.1000E+02  0.0000E+00      -1  -0.943E-01   20.00  0.2247E+00  0.0000E+00
  68   -33.5000     -11.547 0.3293   0.1000E+02  0.8789E-02 -0.1000E+02  0.0000E+00      -1  -0.943E-01   20.00  0.2279E+00  0.0000E+00
  69   -34.0000     -11.547 0.3293   0.1000E+02  0.8789E-02 -0.1000E+02  0.0000E+00      -1  -0.943E-01   20.00  0.2308E+00  0.0000E+00
  70   -34.5000     -11.547 0.3293   0.1000E+02  0.8789E-02 -0.1000E+02  0.0000E+00      -1  -0.943E-01   20.00  0.2333E+00  0.0000E+00
  71   -35.0000     -11.547 0.3293   0.1000E+02  0.8789E-02 -0.1000E+02  0.0000E+00      -1  -0.943E-01   20.00  0.2353E+00  0.0000E+00
  72   -35.5000     -11.547 0.3293   0.1000E+02  0.8789E-02 -0.1000E+02  0.0000E+00      -1  -0.943E-01   20.00  0.2370E+00  0.0000E+00
  73   -36.0000     -11.547 0.3293   0.1000E+02  0.8789E-02 -0.1000E+02  0.0000E+00      -1  -0.943E-01   20.00  0.2382E+00  0.0000E+00
  74   -36.5000     -11.547 0.3293   0.1000E+02  0.8789E-02 -0.1000E+02  0.0000E+00      -1  -0.943E-01   20.00  0.2390E+00  0.0000E+00
  75   -37.0000     -11.547 0.3293   0.1000E+02  0.8789E-02 -0.1000E+02  0.0000E+00      -1  -0.943E-01   20.00  0.2394E+00  0.0000E+00
  76   -37.5000     -11.547 0.3293   0.1000E+02  0.8789E-02 -0.1000E+02  0.0000E+00      -1  -0.943E-01   20.00  0.2393E+00  0.0000E+00
  77   -38.0000     -11.547 0.3293   0.1000E+02  0.8789E-02 -0.1000E+02  0.0000E+00      -1  -0.943E-01   20.00  0.2388E+00  0.0000E+00
  78   -38.5000     -11.547 0.3293   0.1000E+02  0.8789E-02 -0.1000E+02  0.0000E+00      -1  -0.943E-01   20.00  0.2379E+00  0.0000E+00
  79   -39.0000     -11.547 0.3293   0.1000E+02  0.8789E-02 -0.1000E+02  0.0000E+00      -1  -0.942E-01   20.00  0.2366E+00  0.0000E+00
  80   -39.5000     -11.547 0.3293   0.1000E+02  0.8789E-02 -0.1000E+02  0.0000E+00      -1  -0.942E-01   20.00  0.2349E+00  0.0000E+00
  81   -40.0000     -11.547 0.3293   0.1000E+02  0.8789E-02 -0.1000E+02  0.0000E+00      -1  -0.943E-01   20.00  0.2328E+00  0.0000E+00
  82   -40.5000     -11.547 0.3293   0.1000E+02  0.8789E-02 -0.1000E+02  0.0000E+00      -1  -0.943E-01   20.00  0.2303E+00  0.0000E+00
  83   -41.0000     -11.547 0.3293   0.1000E+02  0.8789E-02 -0.1000E+02  0.0000E+00      -1  -0.943E-01   20.00  0.2274E+00  0.0000E+00
  84   -41.5000     -11.547 0.3293   0.1000E+02  0.8789E-02 -0.1000E+02  0.0000E+00      -1  -0.943E-01   20.00  0.2241E+00  0.0000E+00
  85   -42.0000     -11.547 0.3293   0.1000E+02  0.8789E-02 -0.1000E+02  0.0000E+00      -1  -0.943E-01   20.00  0.2206E+00  0.0000E+00
  86   -42.5000     -11.547 0.3293   0.1000E+02  0.8789E-02 -0.1000E+02  0.0000E+00      -1  -0.943E-01   20.00  0.2167E+00  0.0000E+00
  87   -43.0000     -11.547 0.3293   0.1000E+02  0.8789E-02 -0.1000E+02  0.0000E+00      -1  -0.943E-01   20.00  0.2125E+00  0.0000E+00
  88   -43.5000     -11.547 0.3293   0.1000E+02  0.8789E-02 -0.1000E+02  0.0000E+00      -1  -0.943E-01   20.00  0.2080E+00  0.0000E+00
  89   -44.0000     -11.547 0.3293   0.1000E+02  0.8789E-02 -0.1000E+02  0.0000E+00      -1  -0.943E-01   20.00  0.2033E+00  0.0000E+00
  90   -44.5000     -11.547 0.3293   0.1000E+02  0.8789E-02 -0.1000E+02  0.0000E+00      -1  -0.943E-01   20.00  0.1983E+00  0.0000E+00
  91   -45.0000     -11.547 0.3293   0.1000E+02  0.8789E-02 -0.1000E+02  0.0000E+00      -1  -0.943E-01   20.00  0.1931E+00  0.0000E+00
  92   -45.5000     -11.547 0.3293   0.1000E+02  0.8789E-02 -0.1000E+02  0.0000E+00      -1  -0.943E-01   20.00  0.1878E+00  0.0000E+00
  93   -46.0000     -11.547 0.3293   0.1000E+02  0.8789E-02 -0.1000E+02  0.0000E+00      -1  -0.943E-01   20.00  0.1823E+00  0.0000E+00
  94   -46.5000     -11.547 0.3293   0.1000E+02  0.8789E-02 -0.1000E+02  0.0000E+00      -1  -0.943E-01   20.00  0.1766E+00  0.0000E+00
  95   -47.0000     -11.547 0.3293   0.1000E+02  0.8789E-02 -0.1000E+02  0.0000E+00      -1  -0.943E-01   20.00  0.1709E+00  0.0000E+00
  96   -47.5000     -11.547 0.3293   0.1000E+02  0.8789E-02 -0.1000E+02  0.0000E+00      -1  -0.943E-01   20.00  0.1650E+00  0.0000E+00
  97   -48.0000     -11.547 0.3293   0.1000E+02  0.8789E-02 -0.1000E+02  0.0000E+00      -1  -0.943E-01   20.00  0.1591E+00  0.0000E+00
  98   -48.5000     -11.547 0.3293   0.1000E+02  0.8789E-02 -0.1000E+02  0.0000E+00      -1  -0.943E-01   20.00  0.1531E+00  0.0000E+00
  99   -49.0000     -11.547 0.3293   0.1000E+02  0.8789E-02 -0.1000E+02  0.0000E+00      -1  -0.943E-01   20.00  0.1471E+00  0.0000E+00
 100   -49.5000     -11.547 0.3293   0.1000E+02  0.8789E-02 -0.1000E+02  0.0000E+00      -1  -0.943E-01   20.00  0.1412E+00  0.0000E+00
 101   -50.0000     -11.547 0.3293   0.1000E+02  0.8789E-02 -0.1000E+02  0.0000E+00      -1  -0.943E-01   20.00  0.1352E+00  0.0000E+00
 102   -50.5000     -11.547 0.3293   0.1000E+02  0.8789E-02 -0.1000E+02  0.0000E+00      -1  -0.943E-01   20.00  0.1293E+00  0.0000E+00
 103   -51.0000     -11.547 0.3293   0.1000E+02  0.8789E-02 -0.1000E+02  0.0000E+00      -1  -0.943E-01   20.00  0.1234E+00  0.0000E+00
 104   -51.5000     -11.547 0.3293   0.1000E+02  0.8789E-02 -0.1000E+02  0.0000E+00      -1  -0.943E-01   20.00  0.1176E+00  0.0000E+00
 105   -52.0000     -11.547 0.3293   0.1000E+02  0.8789E-02 -0.1000E+02  0.0000E+00      -1  -0.943E-01   20.00  0.1119E+00  0.0000E+00
 106   -52.5000     -11.547 0.3293   0.1000E+02  0.8789E-02 -0.1000E+02  0.0000E+00      -1  -0.943E-01   20.00  0.1064E+00  0.0000E+00
 107   -53.0000     -11.547 0.3293   0.1000E+02  0.8789E-02 -0.1000E+02  0.0000E+00      -1  -0.943E-01   20.00  0.1009E+00  0.0000E+00
 108   -53.5000     -11.547 0.3293   0.1000E+02  0.8789E-02 -0.1000E+02  0.0000E+00      -1  -0.943E-01   20.00  0.9560E-01  0.0000E+00
 109   -54.0000     -11.547 0.3293   0.1000E+02  0.8789E-02 -0.1000E+02  0.0000E+00      -1  -0.943E-01   20.00  0.9045E-01  0.0000E+00
 110   -54.5000     -11.547 0.3293   0.1000E+02  0.8789E-02 -0.1000E+02  0.0000E+00      -1  -0.943E-01   20.00  0.8548E-01  0.0000E+00
 111   -55.0000     -11.547 0.3293   0.1000E+02  0.8789E-02 -0.1000E+02  0.0000E+00      -1  -0.943E-01   20.00  0.8070E-01  0.0000E+00
 112   -55.5000     -11.547 0.3293   0.1000E+02  0.8789E-02 -0.1000E+02  0.0000E+00      -1  -0.943E-01   20.00  0.7613E-01  0.0000E+00
 113   -56.0000     -11.547 0.3293   0.1000E+02  0.8789E-02 -0.1000E+02  0.0000E+00      -1  -0.943E-01   20.00  0.7181E-01  0.0000E+00
 114   -56.5000     -11.547 0.3293   0.1000E+02  0.8789E-02 -0.1000E+02  0.0000E+00      -1  -0.943E-01   20.00  0.6775E-01  0.0000E+00
 115   -57.0000     -11.547 0.3293   0.1000E+02  0.8789E-02 -0.1000E+02  0.0000E+00      -1  -0.943E-01   20.00  0.6401E-01  0.0000E+00
 116   -57.5000     -11.547 0.3293   0.1000E+02  0.8789E-02 -0.1000E+02  0.0000E+00      -1  -0.943E-01   20.00  0.6062E-01  0.0000E+00
 117   -58.0000     -11.547 0.3293   0.1000E+02  0.8789E-02 -0.1000E+02  0.0000E+00      -1  -0.943E-01   20.00  0.5767E-01  0.0000E+00
 118   -58.5000     -11.547 0.3293   0.1000E+02  0.8789E-02 -0.1000E+02  0.0000E+00      -1  -0.943E-01   20.00  0.5523E-01  0.0000E+00
 119   -59.0000     -11.547 0.3293   0.1000E+02  0.8789E-02 -0.1000E+02  0.0000E+00      -1  -0.943E-01   20.00  0.5342E-01  0.0000E+00
 120   -59.5000     -11.547 0.3293   0.1000E+02  0.8789E-02 -0.1000E+02  0.0000E+00      -1  -0.943E-01   20.00  0.5241E-01  0.0000E+00
 121   -60.0000     -11.547 0.3293   0.1000E+02  0.8789E-02 -0.1000E+02  0.0000E+00      -1  -0.943E-01   20.00  0.5241E-01  0.0000E+00
end


 Time:        3.0000


 Node      Depth      Head Moisture       K          C         Flux        Sink         Kappa   v/KsTop   Temp   Conc(1..NS) Sorb(1...NS)
           [L]        [L]    [-]        [L/T]      [1/L]      [L/T]        [1/T]         [-]      [-]      [C]      [M/L*3]

   1     0.0000     -11.547 0.3293   0.1000E+02  0.8789E-02 -0.1000E+02  0.0000E+00      -1  -0.943E-01   20.00  0.1405E-03  0.0000E+00
   2    -0.5000     -11.547 0.3293   0.1000E+02  0.8789E-02 -0.1000E+02  0.0000E+00      -1  -0.943E-01   20.00  0.1788E-03  0.0000E+00
   3    -1.0000     -11.547 0.3293   0.1000E+02  0.8789E-02 -0.1000E+02  0.0000E+00      -1  -0.943E-01   20.00  0.2240E-03  0.0000E+00
   4    -1.5000     -11.547 0.3293   0.1000E+02  0.8789E-02 -0.1000E+02  0.0000E+00      -1  -0.943E-01   20.00  0.2771E-03  0.0000E+00
   5    -2.0000     -11.547 0.3293   0.1000E+02  0.8789E-02 -0.1000E+02  0.0000E+00      -1  -0.943E-01   20.00  0.3392E-03  0.0000E+00
   6    -2.5000     -11.547 0.3293   0.1000E+02  0.8789E-02 -0.1000E+02  0.0000E+00      -1  -0.943E-01   20.00  0.4114E-03  0.0000E+00
   7    -3.0000     -11.547 0.3293   0.1000E+02  0.8789E-02 -0.1000E+02  0.0000E+00      -1  -0.943E-01   20.00  0.4951E-03  0.0000E+00
   8    -3.5000     -11.547 0.3293   0.1000E+02  0.8789E-02 -0.1000E+02  0.0000E+00      -1  -0.943E-01   20.00  0.5916E-03  0.0000E+00
   9    -4.0000     -11.547 0.3293   0.1000E+02  0.8789E-02 -0.1000E+02  0.0000E+00      -1  -0.943E-01   20.00  0.7026E-03  0.0000E+00
  10    -4.5000     -11.547 0.3293   0.1000E+02  0.8789E-02 -0.1000E+02  0.0000E+00      -1  -0.943E-01   20.00  0.8297E-03  0.0000E+00
  11    -5.0000     -11.547 0.3293   0.1000E+02  0.8789E-02 -0.1000E+02  0.0000E+00      -1  -0.943E-01   20.00  0.9749E-03  0.0000E+00
  12    -5.5000     -11.547 0.3293   0.1000E+02  0.8789E-02 -0.1000E+02  0.0000E+00      -1  -0.943E-01   20.00  0.1140E-02  0.0000E+00
  13    -6.0000     -11.547 0.3293   0.1000E+02  0.8789E-02 -0.1000E+02  0.0000E+00      -1  -0.943E-01   20.00  0.1327E-02  0.0000E+00
  14    -6.5000     -11.547 0.3293   0.1000E+02  0.8789E-02 -0.1000E+02  0.0000E+00      -1  -0.943E-01   20.00  0.1539E-02  0.0000E+00
  15    -7.0000     -11.547 0.3293   0.1000E+02  0.8789E-02 -0.1000E+02  0.0000E+00      -1  -0.943E-01   20.00  0.1779E-02  0.0000E+00
  16    -7.5000     -11.547 0.3293   0.1000E+02  0.8789E-02 -0.1000E+02  0.0000E+00      -1  -0.943E-01   20.00  0.2047E-02  0.0000E+00
  17    -8.0000     -11.547 0.3293   0.1000E+02  0.8789E-02 -0.1000E+02  0.0000E+00      -1  -0.943E-01   20.00  0.2349E-02  0.0000E+00
  18    -8.5000     -11.547 0.3293   0.1000E+02  0.8789E-02 -0.1000E+02  0.0000E+00      -1  -0.943E-01   20.00  0.2686E-02  0.0000E+00
  19    -9.0000     -11.547 0.3293   0.1000E+02  0.8789E-02 -0.1000E+02  0.0000E+00      -1  -0.943E-01   20.00  0.3063E-02  0.0000E+00
  20    -9.5000     -11.547 0.3293   0.1000E+02  0.8789E-02 -0.1000E+02  0.0000E+00      -1  -0.943E-01   20.00  0.3481E-02  0.0000E+00
  21   -10.0000     -11.547 0.3293   0.1000E+02  0.8789E-02 -0.1000E+02  0.0000E+00      -1  -0.943E-01   20.00  0.3946E-02  0.0000E+00
  22   -10.5000     -11.547 0.3293   0.1000E+02  0.8789E-02 -0.1000E+02  0.0000E+00      -1  -0.943E-01   20.00  0.4461E-02  0.0000E+00
  23   -11.0000     -11.547 0.3293   0.1000E+02  0.8789E-02 -0.1000E+02  0.0000E+00      -1  -0.943E-01   20.00  0.5029E-02  0.0000E+00
  24   -11.5000     -11.547 0.3293   0.1000E+02  0.8789E-02 -0.1000E+02  0.0000E+00      -1  -0.943E-01   20.00  0.5656E-02  0.0000E+00
  25   -12.0000     -11.547 0.3293   0.1000E+02  0.8789E-02 -0.1000E+02  0.0000E+00      -1  -0.943E-01   20.00  0.6345E-02  0.0000E+00
  26   -12.5000     -11.547 0.3293   0.1000E+02  0.8789E-02 -0.1000E+02  0.0000E+00      -1  -0.943E-01   20.00  0.7100E-02  0.0000E+00
  27   -13.0000     -11.547 0.3293   0.1000E+02  0.8789E-02 -0.1000E+02  0.0000E+00      -1  -0.943E-01   20.00  0.7927E-02  0.0000E+00
  28   -13.5000     -11.547 0.3293   0.1000E+02  0.8789E-02 -0.1000E+02  0.0000E+00      -1  -0.943E-01   20.00  0.8830E-02  0.0000E+00
  29   -14.0000     -11.547 0.3293   0.1000E+02  0.8789E-02 -0.1000E+02  0.0000E+00      -1  -0.943E-01   20.00  0.9814E-02  0.0000E+00
  30   -14.5000     -11.547 0.3293   0.1000E+02  0.8789E-02 -0.1000E+02  0.0000E+00      -1  -0.943E-01   20.00  0.1088E-01  0.0000E+00
  31   -15.0000     -11.547 0.3293   0.1000E+02  0.8789E-02 -0.1000E+02  0.0000E+00      -1  -0.943E-01   20.00  0.1204E-01  0.0000E+00
  32   -15.5000     -11.547 0.3293   0.1000E+02  0.8789E-02 -0.1000E+02  0.0000E+00      -1  -0.943E-01   20.00  0.1330E-01  0.0000E+00
  33   -16.0000     -11.547 0.3293   0.1000E+02  0.8789E-02 -0.1000E+02  0.0000E+00      -1  -0.943E-01   20.00  0.1466E-01  0.0000E+00
  34   -16.5000     -11.547 0.3293   0.1000E+02  0.8789E-02 -0.1000E+02  0.0000E+00      -1  -0.943E-01   20.00  0.1612E-01  0.0000E+00
  35   -17.0000     -11.547 0.3293   0.1000E+02  0.8789E-02 -0.1000E+02  0.0000E+00      -1  -0.943E-01   20.00  0.1769E-01  0.0000E+00
  36   -17.5000     -11.547 0.3293   0.1000E+02  0.8789E-02 -0.1000E+02  0.0000E+00      -1  -0.943E-01   20.00  0.1938E-01  0.0000E+00
  37   -18.0000     -11.547 0.3293   0.1000E+02  0.8789E-02 -0.1000E+02  0.0000E+00      -1  -0.943E-01   20.00  0.2118E-01  0.0000E+00
  38   -18.5000     -11.547 0.3293   0.1000E+02  0.8789E-02 -0.1000E+02  0.0000E+00      -1  -0.943E-01   20.00  0.2311E-01  0.0000E+00
  39   -19.0000     -11.547 0.3293   0.1000E+02  0.8789E-02 -0.1000E+02  0.0000E+00      -1  -0.943E-01   20.00  0.2517E-01  0.0000E+00
  40   -19.5000     -11.547 0.3293   0.1000E+02  0.8789E-02 -0.1000E+02  0.0000E+00      -1  -0.943E-01   20.00  0.2736E-01  0.0000E+00
  41   -20.0000     -11.547 0.3293   0.1000E+02  0.8789E-02 -0.1000E+02  0.0000E+00      -1  -0.943E-01   20.00  0.2968E-01  0.0000E+00
  42   -20.5000     -11.547 0.3293   0.1000E+02  0.8789E-02 -0.1000E+02  0.0000E+00      -1  -0.943E-01   20.00  0.3214E-01  0.0000E+00
  43   -21.0000     -11.547 0.3293   0.1000E+02  0.8789E-02 -0.1000E+02  0.0000E+00      -1  -0.943E-01   20.00  0.3474E-01  0.0000E+00
  44   -21.5000     -11.547 0.3293   0.1000E+02  0.8789E-02 -0.1000E+02  0.0000E+00      -1  -0.943E-01   20.00  0.3749E-01  0.0000E+00
  45   -22.0000     -11.547 0.3293   0.1000E+02  0.8789E-02 -0.1000E+02  0.0000E+00      -1  -0.943E-01   20.00  0.4038E-01  0.0000E+00
  46   -22.5000     -11.547 0.3293   0.1000E+02  0.8789E-02 -0.1000E+02  0.0000E+00      -1  -0.943E-01   20.00  0.4341E-01  0.0000E+00
  47   -23.0000     -11.547 0.3293   0.1000E+02  0.8789E-02 -0.1000E+02  0.0000E+00      -1  -0.943E-01   20.00  0.4659E-01  0.0000E+00
  48   -23.5000     -11.547 0.3293   0.1000E+02  0.8789E-02 -0.1000E+02  0.0000E+00      -1  -0.943E-01   20.00  0.4992E-01  0.0000E+00
  49   -24.0000     -11.547 0.3293   0.1000E+02  0.8789E-02 -0.1000E+02  0.0000E+00      -1  -0.943E-01   20.00  0.5339E-01  0.0000E+00
  50   -24.5000     -11.547 0.3293   0.1000E+02  0.8789E-02 -0.1000E+02  0.0000E+00      -1  -0.943E-01   20.00  0.5701E-01  0.0000E+00
  51   -25.0000     -11.547 0.3293   0.1000E+02  0.8789E-02 -0.1000E+02  0.0000E+00      -1  -0.943E-01   20.00  0.6076E-01  0.0000E+00
  52   -25.5000     -11.547 0.3293   0.1000E+02  0.8789E-02 -0.1000E+02  0.0000E+00      -1  -0.943E-01   20.00  0.6466E-01  0.0000E+00
  53   -26.0000     -11.547 0.3293   0.1000E+02  0.8789E-02 -0.1000E+02  0.0000E+00      -1  -0.943E-01   20.00  0.6868E-01  0.0000E+00
  54   -26.5000     -11.547 0.3293   0.1000E+02  0.8789E-02 -0.1000E+02  0.0000E+00      -1  -0.943E-01   20.00  0.7284E-01  0.0000E+00
  55   -27.0000     -11.547 0.3293   0.1000E+02  0.8789E-02 -0.1000E+02  0.0000E+00      -1  -0.943E-01   20.00  0.7712E-01  0.0000E+00
  56   -27.5000     -11.547 0.3293   0.1000E+02  0.8789E-02 -0.1000E+02  0.0000E+00      -1  -0.943E-01   20.00  0.8151E-01  0.0000E+00
  57   -28.0000     -11.547 0.3293   0.1000E+02  0.8789E-02 -0.1000E+02  0.0000E+00      -1  -0.943E-01   20.00  0.8601E-01  0.0000E+00
  58   -28.5000     -11.547 0.3293   0.1000E+02  0.8789E-02 -0.1000E+02  0.0000E+00      -1  -0.943E-01   20.00  0.9062E-01  0.0000E+00
  59   -29.0000     -11.547 0.3293   0.1000E+02  0.8789E-02 -0.1000E+02  0.0000E+00      -1  -0.943E-01   20.00  0.9531E-01  0.0000E+00
  60   -29.5000     -11.547 0.3293   0.1000E+02  0.8789E-02 -0.1000E+02  0.0000E+00      -1  -0.943E-01   20.00  0.1001E+00  0.0000E+00
  61   -30.0000     -11.547 0.3293   0.1000E+02  0.8789E-02 -0.1000E+02  0.0000E+00      -1  -0.943E-01   20.00  0.1049E+00  0.0000E+00
  62   -30.5000     -11.547 0.3293   0.1000E+02  0.8789E-02 -0.1000E+02  0.0000E+00      -1  -0.943E-01   20.00  0.1098E+00  0.0000E+00
  63   -31.0000     -11.547 0.3293   0.1000E+02  0.8789E-02 -0.1000E+02  0.0000E+00      -1  -0.943E-01   20.00  0.1148E+00  0.0000E+00
  64   -31.5000     -11.547 0.3293   0.1000E+02  0.8789E-02 -0.1000E+02  0.0000E+00      -1  -0.943E-01   20.00  0.1197E+00  0.0000E+00
  65   -32.0000     -11.547 0.3293   0.1000E+02  0.8789E-02 -0.1000E+02  0.0000E+00      -1  -0.943E-01   20.00  0.1247E+00  0.0000E+00
  66   -32.5000     -11.547 0.3293   0.1000E+02  0.8789E-02 -0.1000E+02  0.0000E+00      -1  -0.943E-01   20.00  0.1297E+00  0.0000E+00
  67   -33.0000     -11.547 0.3293   0.1000E+02  0.8789E-02 -0.1000E+02  0.0000E+00      -1  -0.943E-01   20.00  0.1347E+00  0.0000E+00
  68   -33.5000     -11.547 0.3293   0.1000E+02  0.8789E-02 -0.1000E+02  0.0000E+00      -1  -0.943E-01   20.00  0.1397E+00  0.0000E+00
  69   -34.0000     -11.547 0.3293   0.1000E+02  0.8789E-02 -0.1000E+02  0.0000E+00      -1  -0.943E-01   20.00  0.1446E+00  0.0000E+00
  70   -34.5000     -11.547 0.3293   0.1000E+02  0.8789E-02 -0.1000E+02  0.0000E+00      -1  -0.943E-01   20.00  0.1494E+00  0.0000E+00
  71   -35.0000     -11.547 0.3293   0.1000E+02  0.8789E-02 -0.1000E+02  0.0000E+00      -1  -0.943E-01   20.00  0.1542E+00  0.0000E+00
  72   -35.5000     -11.547 0.3293   0.1000E+02  0.8789E-02 -0.1000E+02  0.0000E+00      -1  -0.943E-01   20.00  0.1589E+00  0.0000E+00
  73   -36.0000     -11.547 0.3293   0.1000E+02  0.8789E-02 -0.1000E+02  0.0000E+00      -1  -0.943E-01   20.00  0.1635E+00  0.0000E+00
  74   -36.5000     -11.547 0.3293   0.1000E+02  0.8789E-02 -0.1000E+02  0.0000E+00      -1  -0.943E-01   20.00  0.1679E+00  0.0000E+00
  75   -37.0000     -11.547 0.3293   0.1000E+02  0.8789E-02 -0.1000E+02  0.0000E+00      -1  -0.943E-01   20.00  0.1722E+00  0.0000E+00
  76   -37.5000     -11.547 0.3293   0.1000E+02  0.8789E-02 -0.1000E+02  0.0000E+00      -1  -0.943E-01   20.00  0.1764E+00  0.0000E+00
  77   -38.0000     -11.547 0.3293   0.1000E+02  0.8789E-02 -0.1000E+02  0.0000E+00      -1  -0.943E-01   20.00  0.1803E+00  0.0000E+00
  78   -38.5000     -11.547 0.3293   0.1000E+02  0.8789E-02 -0.1000E+02  0.0000E+00      -1  -0.943E-01   20.00  0.1841E+00  0.0000E+00
  79   -39.0000     -11.547 0.3293   0.1000E+02  0.8789E-02 -0.1000E+02  0.0000E+00      -1  -0.943E-01   20.00  0.1877E+00  0.0000E+00
  80   -39.5000     -11.547 0.3293   0.1000E+02  0.8789E-02 -0.1000E+02  0.0000E+00      -1  -0.943E-01   20.00  0.1910E+00  0.0000E+00
  81   -40.0000     -11.547 0.3293   0.1000E+02  0.8789E-02 -0.1000E+02  0.0000E+00      -1  -0.943E-01   20.00  0.1941E+00  0.0000E+00
  82   -40.5000     -11.547 0.3293   0.1000E+02  0.8789E-02 -0.1000E+02  0.0000E+00      -1  -0.943E-01   20.00  0.1970E+00  0.0000E+00
  83   -41.0000     -11.547 0.3293   0.1000E+02  0.8789E-02 -0.1000E+02  0.0000E+00      -1  -0.943E-01   20.00  0.1996E+00  0.0000E+00
  84   -41.5000     -11.547 0.3293   0.1000E+02  0.8789E-02 -0.1000E+02  0.0000E+00      -1  -0.943E-01   20.00  0.2020E+00  0.0000E+00
  85   -42.0000     -11.547 0.3293   0.1000E+02  0.8789E-02 -0.1000E+02  0.0000E+00      -1  -0.943E-01   20.00  0.2041E+00  0.0000E+00
  86   -42.5000     -11.547 0.3293   0.1000E+02  0.8789E-02 -0.1000E+02  0.0000E+00      -1  -0.943E-01   20.00  0.2059E+00  0.0000E+00
  87   -43.0000     -11.547 0.3293   0.1000E+02  0.8789E-02 -0.1000E+02  0.0000E+00      -1  -0.943E-01   20.00  0.2074E+00  0.0000E+00
  88   -43.5000     -11.547 0.3293   0.1000E+02  0.8789E-02 -0.1000E+02  0.0000E+00      -1  -0.943E-01   20.00  0.2086E+00  0.0000E+00
  89   -44.0000     -11.547 0.3293   0.1000E+02  0.8789E-02 -0.1000E+02  0.0000E+00      -1  -0.943E-01   20.00  0.2095E+00  0.0000E+00
  90   -44.5000     -11.547 0.3293   0.1000E+02  0.8789E-02 -0.1000E+02  0.0000E+00      -1  -0.943E-01   20.00  0.2101E+00  0.0000E+00
  91   -45.0000     -11.547 0.3293   0.1000E+02  0.8789E-02 -0.1000E+02  0.0000E+00      -1  -0.943E-01   20.00  0.2103E+00  0.0000E+00
  92   -45.5000     -11.547 0.3293   0.1000E+02  0.8789E-02 -0.1000E+02  0.0000E+00      -1  -0.943E-01   20.00  0.2103E+00  0.0000E+00
  93   -46.0000     -11.547 0.3293   0.1000E+02  0.8789E-02 -0.1000E+02  0.0000E+00      -1  -0.943E-01   20.00  0.2100E+00  0.0000E+00
  94   -46.5000     -11.547 0.3293   0.1000E+02  0.8789E-02 -0.1000E+02  0.0000E+00      -1  -0.943E-01   20.00  0.2094E+00  0.0000E+00
  95   -47.0000     -11.547 0.3293   0.1000E+02  0.8789E-02 -0.1000E+02  0.0000E+00      -1  -0.943E-01   20.00  0.2085E+00  0.0000E+00
  96   -47.5000     -11.547 0.3293   0.1000E+02  0.8789E-02 -0.1000E+02  0.0000E+00      -1  -0.943E-01   20.00  0.2072E+00  0.0000E+00
  97   -48.0000     -11.547 0.3293   0.1000E+02  0.8789E-02 -0.1000E+02  0.0000E+00      -1  -0.943E-01   20.00  0.2057E+00  0.0000E+00
  98   -48.5000     -11.547 0.3293   0.1000E+02  0.8789E-02 -0.1000E+02  0.0000E+00      -1  -0.943E-01   20.00  0.2039E+00  0.0000E+00
  99   -49.0000     -11.547 0.3293   0.1000E+02  0.8789E-02 -0.1000E+02  0.0000E+00      -1  -0.943E-01   20.00  0.2019E+00  0.0000E+00
 100   -49.5000     -11.547 0.3293   0.1000E+02  0.8789E-02 -0.1000E+02  0.0000E+00      -1  -0.943E-01   20.00  0.1995E+00  0.0000E+00
 101   -50.0000     -11.547 0.3293   0.1000E+02  0.8789E-02 -0.1000E+02  0.0000E+00      -1  -0.943E-01   20.00  0.1970E+00  0.0000E+00
 102   -50.5000     -11.547 0.3293   0.1000E+02  0.8789E-02 -0.1000E+02  0.0000E+00      -1  -0.943E-01   20.00  0.1942E+00  0.0000E+00
 103   -51.0000     -11.547 0.3293   0.1000E+02  0.8789E-02 -0.1000E+02  0.0000E+00      -1  -0.943E-01   20.00  0.1911E+00  0.0000E+00
 104   -51.5000     -11.547 0.3293   0.1000E+02  0.8789E-02 -0.1000E+02  0.0000E+00      -1  -0.943E-01   20.00  0.1879E+00  0.0000E+00
 105   -52.0000     -11.547 0.3293   0.1000E+02  0.8789E-02 -0.1000E+02  0.0000E+00      -1  -0.943E-01   20.00  0.1844E+00  0.0000E+00
 106   -52.5000     -11.547 0.3293   0.1000E+02  0.8789E-02 -0.1000E+02  0.0000E+00      -1  -0.943E-01   20.00  0.1808E+00  0.0000E+00
 107   -53.0000     -11.547 0.3293   0.1000E+02  0.8789E-02 -0.1000E+02  0.0000E+00      -1  -0.943E-01   20.00  0.1771E+00  0.0000E+00
 108   -53.5000     -11.547 0.3293   0.1000E+02  0.8789E-02 -0.1000E+02  0.0000E+00      -1  -0.943E-01   20.00  0.1732E+00  0.0000E+00
 109   -54.0000     -11.547 0.3293   0.1000E+02  0.8789E-02 -0.1000E+02  0.0000E+00      -1  -0.943E-01   20.00  0.1692E+00  0.0000E+00
 110   -54.5000     -11.547 0.3293   0.1000E+02  0.8789E-02 -0.1000E+02  0.0000E+00      -1  -0.943E-01   20.00  0.1652E+00  0.0000E+00
 111   -55.0000     -11.547 0.3293   0.1000E+02  0.8789E-02 -0.1000E+02  0.0000E+00      -1  -0.943E-01   20.00  0.1611E+00  0.0000E+00
 112   -55.5000     -11.547 0.3293   0.1000E+02  0.8789E-02 -0.1000E+02  0.0000E+00      -1  -0.943E-01   20.00  0.1570E+00  0.0000E+00
 113   -56.0000     -11.547 0.3293   0.1000E+02  0.8789E-02 -0.1000E+02  0.0000E+00      -1  -0.943E-01   20.00  0.1530E+00  0.0000E+00
 114   -56.5000     -11.547 0.3293   0.1000E+02  0.8789E-02 -0.1000E+02  0.0000E+00      -1  -0.943E-01   20.00  0.1490E+00  0.0000E+00
 115   -57.0000     -11.547 0.3293   0.1000E+02  0.8789E-02 -0.1000E+02  0.0000E+00      -1  -0.943E-01   20.00  0.1453E+00  0.0000E+00
 116   -57.5000     -11.547 0.3293   0.1000E+02  0.8789E-02 -0.1000E+02  0.0000E+00      -1  -0.943E-01   20.00  0.1418E+00  0.0000E+00
 117   -58.0000     -11.547 0.3293   0.1000E+02  0.8789E-02 -0.1000E+02  0.0000E+00      -1  -0.943E-01   20.00  0.1387E+00  0.0000E+00
 118   -58.5000     -11.547 0.3293   0.1000E+02  0.8789E-02 -0.1000E+02  0.0000E+00      -1  -0.943E-01   20.00  0.1361E+00  0.0000E+00
 119   -59.0000     -11.547 0.3293   0.1000E+02  0.8789E-02 -0.1000E+02  0.0000E+00      -1  -0.943E-01   20.00  0.1341E+00  0.0000E+00
 120   -59.5000     -11.547 0.3293   0.1000E+02  0.8789E-02 -0.1000E+02  0.0000E+00      -1  -0.943E-01   20.00  0.1330E+00  0.0000E+00
 121   -60.0000     -11.547 0.3293   0.1000E+02  0.8789E-02 -0.1000E+02  0.0000E+00      -1  -0.943E-01   20.00  0.1330E+00  0.0000E+00
end


 Time:        3.5000


 Node      Depth      Head Moisture       K          C         Flux        Sink         Kappa   v/KsTop   Temp   Conc(1..NS) Sorb(1...NS)
           [L]        [L]    [-]        [L/T]      [1/L]      [L/T]        [1/T]         [-]      [-]      [C]      [M/L*3]

   1     0.0000     -11.547 0.3293   0.1000E+02  0.8789E-02 -0.1000E+02  0.0000E+00      -1  -0.943E-01   20.00  0.4053E-04  0.0000E+00
   2    -0.5000     -11.547 0.3293   0.1000E+02  0.8789E-02 -0.1000E+02  0.0000E+00      -1  -0.943E-01   20.00  0.5158E-04  0.0000E+00
   3    -1.0000     -11.547 0.3293   0.1000E+02  0.8789E-02 -0.1000E+02  0.0000E+00      -1  -0.943E-01   20.00  0.6467E-04  0.0000E+00
   4    -1.5000     -11.547 0.3293   0.1000E+02  0.8789E-02 -0.1000E+02  0.0000E+00      -1  -0.943E-01   20.00  0.8009E-04  0.0000E+00
   5    -2.0000     -11.547 0.3293   0.1000E+02  0.8789E-02 -0.1000E+02  0.0000E+00      -1  -0.943E-01   20.00  0.9816E-04  0.0000E+00
   6    -2.5000     -11.547 0.3293   0.1000E+02  0.8789E-02 -0.1000E+02  0.0000E+00      -1  -0.943E-01   20.00  0.1193E-03  0.0000E+00
   7    -3.0000     -11.547 0.3293   0.1000E+02  0.8789E-02 -0.1000E+02  0.0000E+00      -1  -0.943E-01   20.00  0.1438E-03  0.0000E+00
   8    -3.5000     -11.547 0.3293   0.1000E+02  0.8789E-02 -0.1000E+02  0.0000E+00      -1  -0.943E-01   20.00  0.1722E-03  0.0000E+00
   9    -4.0000     -11.547 0.3293   0.1000E+02  0.8789E-02 -0.1000E+02  0.0000E+00      -1  -0.943E-01   20.00  0.2051E-03  0.0000E+00
  10    -4.5000     -11.547 0.3293   0.1000E+02  0.8789E-02 -0.1000E+02  0.0000E+00      -1  -0.943E-01   20.00  0.2429E-03  0.0000E+00
  11    -5.0000     -11.547 0.3293   0.1000E+02  0.8789E-02 -0.1000E+02  0.0000E+00      -1  -0.943E-01   20.00  0.2862E-03  0.0000E+00
  12    -5.5000     -11.547 0.3293   0.1000E+02  0.8789E-02 -0.1000E+02  0.0000E+00      -1  -0.943E-01   20.00  0.3359E-03  0.0000E+00
  13    -6.0000     -11.547 0.3293   0.1000E+02  0.8789E-02 -0.1000E+02  0.0000E+00      -1  -0.943E-01   20.00  0.3925E-03  0.0000E+00
  14    -6.5000     -11.547 0.3293   0.1000E+02  0.8789E-02 -0.1000E+02  0.0000E+00      -1  -0.943E-01   20.00  0.4568E-03  0.0000E+00
  15    -7.0000     -11.547 0.3293   0.1000E+02  0.8789E-02 -0.1000E+02  0.0000E+00      -1  -0.943E-01   20.00  0.5299E-03  0.0000E+00
  16    -7.5000     -11.547 0.3293   0.1000E+02  0.8789E-02 -0.1000E+02  0.0000E+00      -1  -0.943E-01   20.00  0.6126E-03  0.0000E+00
  17    -8.0000     -11.547 0.3293   0.1000E+02  0.8789E-02 -0.1000E+02  0.0000E+00      -1  -0.943E-01   20.00  0.7059E-03  0.0000E+00
  18    -8.5000     -11.547 0.3293   0.1000E+02  0.8789E-02 -0.1000E+02  0.0000E+00      -1  -0.943E-01   20.00  0.8111E-03  0.0000E+00
  19    -9.0000     -11.547 0.3293   0.1000E+02  0.8789E-02 -0.1000E+02  0.0000E+00      -1  -0.943E-01   20.00  0.9292E-03  0.0000E+00
  20    -9.5000     -11.547 0.3293   0.1000E+02  0.8789E-02 -0.1000E+02  0.0000E+00      -1  -0.943E-01   20.00  0.1062E-02  0.0000E+00
  21   -10.0000     -11.547 0.3293   0.1000E+02  0.8789E-02 -0.1000E+02  0.0000E+00      -1  -0.943E-01   20.00  0.1210E-02  0.0000E+00
  22   -10.5000     -11.547 0.3293   0.1000E+02  0.8789E-02 -0.1000E+02  0.0000E+00      -1  -0.943E-01   20.00  0.1375E-02  0.0000E+00
  23   -11.0000     -11.547 0.3293   0.1000E+02  0.8789E-02 -0.1000E+02  0.0000E+00      -1  -0.943E-01   20.00  0.1560E-02  0.0000E+00
  24   -11.5000     -11.547 0.3293   0.1000E+02  0.8789E-02 -0.1000E+02  0.0000E+00      -1  -0.943E-01   20.00  0.1765E-02  0.0000E+00
  25   -12.0000     -11.547 0.3293   0.1000E+02  0.8789E-02 -0.1000E+02  0.0000E+00      -1  -0.943E-01   20.00  0.1992E-02  0.0000E+00
  26   -12.5000     -11.547 0.3293   0.1000E+02  0.8789E-02 -0.1000E+02  0.0000E+00      -1  -0.943E-01   20.00  0.2243E-02  0.0000E+00
  27   -13.0000     -11.547 0.3293   0.1000E+02  0.8789E-02 -0.1000E+02  0.0000E+00      -1  -0.943E-01   20.00  0.2521E-02  0.0000E+00
  28   -13.5000     -11.547 0.3293   0.1000E+02  0.8789E-02 -0.1000E+02  0.0000E+00      -1  -0.943E-01   20.00  0.2828E-02  0.0000E+00
  29   -14.0000     -11.547 0.3293   0.1000E+02  0.8789E-02 -0.1000E+02  0.0000E+00      -1  -0.943E-01   20.00  0.3166E-02  0.0000E+00
  30   -14.5000     -11.547 0.3293   0.1000E+02  0.8789E-02 -0.1000E+02  0.0000E+00      -1  -0.943E-01   20.00  0.3536E-02  0.0000E+00
  31   -15.0000     -11.547 0.3293   0.1000E+02  0.8789E-02 -0.1000E+02  0.0000E+00      -1  -0.943E-01   20.00  0.3943E-02  0.0000E+00
  32   -15.5000     -11.547 0.3293   0.1000E+02  0.8789E-02 -0.1000E+02  0.0000E+00      -1  -0.943E-01   20.00  0.4388E-02  0.0000E+00
  33   -16.0000     -11.547 0.3293   0.1000E+02  0.8789E-02 -0.1000E+02  0.0000E+00      -1  -0.943E-01   20.00  0.4874E-02  0.0000E+00
  34   -16.5000     -11.547 0.3293   0.1000E+02  0.8789E-02 -0.1000E+02  0.0000E+00      -1  -0.943E-01   20.00  0.5404E-02  0.0000E+00
  35   -17.0000     -11.547 0.3293   0.1000E+02  0.8789E-02 -0.1000E+02  0.0000E+00      -1  -0.943E-01   20.00  0.5981E-02  0.0000E+00
  36   -17.5000     -11.547 0.3293   0.1000E+02  0.8789E-02 -0.1000E+02  0.0000E+00      -1  -0.943E-01   20.00  0.6608E-02  0.0000E+00
  37   -18.0000     -11.547 0.3293   0.1000E+02  0.8789E-02 -0.1000E+02  0.0000E+00      -1  -0.943E-01   20.00  0.7288E-02  0.0000E+00
  38   -18.5000     -11.547 0.3293   0.1000E+02  0.8789E-02 -0.1000E+02  0.0000E+00      -1  -0.943E-01   20.00  0.8024E-02  0.0000E+00
  39   -19.0000     -11.547 0.3293   0.1000E+02  0.8789E-02 -0.1000E+02  0.0000E+00      -1  -0.943E-01   20.00  0.8819E-02  0.0000E+00
  40   -19.5000     -11.547 0.3293   0.1000E+02  0.8789E-02 -0.1000E+02  0.0000E+00      -1  -0.943E-01   20.00  0.9677E-02  0.0000E+00
  41   -20.0000     -11.547 0.3293   0.1000E+02  0.8789E-02 -0.1000E+02  0.0000E+00      -1  -0.943E-01   20.00  0.1060E-01  0.0000E+00
  42   -20.5000     -11.547 0.3293   0.1000E+02  0.8789E-02 -0.1000E+02  0.0000E+00      -1  -0.943E-01   20.00  0.1160E-01  0.0000E+00
  43   -21.0000     -11.547 0.3293   0.1000E+02  0.8789E-02 -0.1000E+02  0.0000E+00      -1  -0.943E-01   20.00  0.1266E-01  0.0000E+00
  44   -21.5000     -11.547 0.3293   0.1000E+02  0.8789E-02 -0.1000E+02  0.0000E+00      -1  -0.943E-01   20.00  0.1380E-01  0.0000E+00
  45   -22.0000     -11.547 0.3293   0.1000E+02  0.8789E-02 -0.1000E+02  0.0000E+00      -1  -0.943E-01   20.00  0.1503E-01  0.0000E+00
  46   -22.5000     -11.547 0.3293   0.1000E+02  0.8789E-02 -0.1000E+02  0.0000E+00      -1  -0.943E-01   20.00  0.1633E-01  0.0000E+00
  47   -23.0000     -11.547 0.3293   0.1000E+02  0.8789E-02 -0.1000E+02  0.0000E+00      -1  -0.943E-01   20.00  0.1772E-01  0.0000E+00
  48   -23.5000     -11.547 0.3293   0.1000E+02  0.8789E-02 -0.1000E+02  0.0000E+00      -1  -0.943E-01   20.00  0.1920E-01  0.0000E+00
  49   -24.0000     -11.547 0.3293   0.1000E+02  0.8789E-02 -0.1000E+02  0.0000E+00      -1  -0.943E-01   20.00  0.2077E-01  0.0000E+00
  50   -24.5000     -11.547 0.3293   0.1000E+02  0.8789E-02 -0.1000E+02  0.0000E+00      -1  -0.943E-01   20.00  0.2243E-01  0.0000E+00
  51   -25.0000     -11.547 0.3293   0.1000E+02  0.8789E-02 -0.1000E+02  0.0000E+00      -1  -0.943E-01   20.00  0.2420E-01  0.0000E+00
  52   -25.5000     -11.547 0.3293   0.1000E+02  0.8789E-02 -0.1000E+02  0.0000E+00      -1  -0.943E-01   20.00  0.2606E-01  0.0000E+00
  53   -26.0000     -11.547 0.3293   0.1000E+02  0.8789E-02 -0.1000E+02  0.0000E+00      -1  -0.943E-01   20.00  0.2802E-01  0.0000E+00
  54   -26.5000     -11.547 0.3293   0.1000E+02  0.8789E-02 -0.1000E+02  0.0000E+00      -1  -0.943E-01   20.00  0.3009E-01  0.0000E+00
  55   -27.0000     -11.547 0.3293   0.1000E+02  0.8789E-02 -0.1000E+02  0.0000E+00      -1  -0.943E-01   20.00  0.3226E-01  0.0000E+00
  56   -27.5000     -11.547 0.3293   0.1000E+02  0.8789E-02 -0.1000E+02  0.0000E+00      -1  -0.943E-01   20.00  0.3454E-01  0.0000E+00
  57   -28.0000     -11.547 0.3293   0.1000E+02  0.8789E-02 -0.1000E+02  0.0000E+00      -1  -0.943E-01   20.00  0.3693E-01  0.0000E+00
  58   -28.5000     -11.547 0.3293   0.1000E+02  0.8789E-02 -0.1000E+02  0.0000E+00      -1  -0.943E-01   20.00  0.3943E-01  0.0000E+00
  59   -29.0000     -11.547 0.3293   0.1000E+02  0.8789E-02 -0.1000E+02  0.0000E+00      -1  -0.943E-01   20.00  0.4203E-01  0.0000E+00
  60   -29.5000     -11.547 0.3293   0.1000E+02  0.8789E-02 -0.1000E+02  0.0000E+00      -1  -0.943E-01   20.00  0.4475E-01  0.0000E+00
  61   -30.0000     -11.547 0.3293   0.1000E+02  0.8789E-02 -0.1000E+02  0.0000E+00      -1  -0.943E-01   20.00  0.4757E-01  0.0000E+00
  62   -30.5000     -11.547 0.3293   0.1000E+02  0.8789E-02 -0.1000E+02  0.0000E+00      -1  -0.943E-01   20.00  0.5050E-01  0.0000E+00
  63   -31.0000     -11.547 0.3293   0.1000E+02  0.8789E-02 -0.1000E+02  0.0000E+00      -1  -0.943E-01   20.00  0.5353E-01  0.0000E+00
  64   -31.5000     -11.547 0.3293   0.1000E+02  0.8789E-02 -0.1000E+02  0.0000E+00      -1  -0.943E-01   20.00  0.5667E-01  0.0000E+00
  65   -32.0000     -11.547 0.3293   0.1000E+02  0.8789E-02 -0.1000E+02  0.0000E+00      -1  -0.943E-01   20.00  0.5991E-01  0.0000E+00
  66   -32.5000     -11.547 0.3293   0.1000E+02  0.8789E-02 -0.1000E+02  0.0000E+00      -1  -0.943E-01   20.00  0.6325E-01  0.0000E+00
  67   -33.0000     -11.547 0.3293   0.1000E+02  0.8789E-02 -0.1000E+02  0.0000E+00      -1  -0.943E-01   20.00  0.6668E-01  0.0000E+00
  68   -33.5000     -11.547 0.3293   0.1000E+02  0.8789E-02 -0.1000E+02  0.0000E+00      -1  -0.943E-01   20.00  0.7020E-01  0.0000E+00
  69   -34.0000     -11.547 0.3293   0.1000E+02  0.8789E-02 -0.1000E+02  0.0000E+00      -1  -0.943E-01   20.00  0.7381E-01  0.0000E+00
  70   -34.5000     -11.547 0.3293   0.1000E+02  0.8789E-02 -0.1000E+02  0.0000E+00      -1  -0.943E-01   20.00  0.7749E-01  0.0000E+00
  71   -35.0000     -11.547 0.3293   0.1000E+02  0.8789E-02 -0.1000E+02  0.0000E+00      -1  -0.943E-01   20.00  0.8126E-01  0.0000E+00
  72   -35.5000     -11.547 0.3293   0.1000E+02  0.8789E-02 -0.1000E+02  0.0000E+00      -1  -0.943E-01   20.00  0.8509E-01  0.0000E+00
  73   -36.0000     -11.547 0.3293   0.1000E+02  0.8789E-02 -0.1000E+02  0.0000E+00      -1  -0.943E-01   20.00  0.8898E-01  0.0000E+00
  74   -36.5000     -11.547 0.3293   0.1000E+02  0.8789E-02 -0.1000E+02  0.0000E+00      -1  -0.943E-01   20.00  0.9292E-01  0.0000E+00
  75   -37.0000     -11.547 0.3293   0.1000E+02  0.8789E-02 -0.1000E+02  0.0000E+00      -1  -0.943E-01   20.00  0.9691E-01  0.0000E+00
  76   -37.5000     -11.547 0.3293   0.1000E+02  0.8789E-02 -0.1000E+02  0.0000E+00      -1  -0.943E-01   20.00  0.1009E+00  0.0000E+00
  77   -38.0000     -11.547 0.3293   0.1000E+02  0.8789E-02 -0.1000E+02  0.0000E+00      -1  -0.943E-01   20.00  0.1050E+00  0.0000E+00
  78   -38.5000     -11.547 0.3293   0.1000E+02  0.8789E-02 -0.1000E+02  0.0000E+00      -1  -0.943E-01   20.00  0.1091E+00  0.0000E+00
  79   -39.0000     -11.547 0.3293   0.1000E+02  0.8789E-02 -0.1000E+02  0.0000E+00      -1  -0.943E-01   20.00  0.1132E+00  0.0000E+00
  80   -39.5000     -11.547 0.3293   0.1000E+02  0.8789E-02 -0.1000E+02  0.0000E+00      -1  -0.943E-01   20.00  0.1172E+00  0.0000E+00
  81   -40.0000     -11.547 0.3293   0.1000E+02  0.8789E-02 -0.1000E+02  0.0000E+00      -1  -0.943E-01   20.00  0.1213E+00  0.0000E+00
  82   -40.5000     -11.547 0.3293   0.1000E+02  0.8789E-02 -0.1000E+02  0.0000E+00      -1  -0.943E-01   20.00  0.1254E+00  0.0000E+00
  83   -41.0000     -11.547 0.3293   0.1000E+02  0.8789E-02 -0.1000E+02  0.0000E+00      -1  -0.943E-01   20.00  0.1294E+00  0.0000E+00
  84   -41.5000     -11.547 0.3293   0.1000E+02  0.8789E-02 -0.1000E+02  0.0000E+00      -1  -0.943E-01   20.00  0.1333E+00  0.0000E+00
  85   -42.0000     -11.547 0.3293   0.1000E+02  0.8789E-02 -0.1000E+02  0.0000E+00      -1  -0.943E-01   20.00  0.1373E+00  0.0000E+00
  86   -42.5000     -11.547 0.3293   0.1000E+02  0.8789E-02 -0.1000E+02  0.0000E+00      -1  -0.943E-01   20.00  0.1411E+00  0.0000E+00
  87   -43.0000     -11.547 0.3293   0.1000E+02  0.8789E-02 -0.1000E+02  0.0000E+00      -1  -0.943E-01   20.00  0.1449E+00  0.0000E+00
  88   -43.5000     -11.547 0.3293   0.1000E+02  0.8789E-02 -0.1000E+02  0.0000E+00      -1  -0.943E-01   20.00  0.1486E+00  0.0000E+00
  89   -44.0000     -11.547 0.3293   0.1000E+02  0.8789E-02 -0.1000E+02  0.0000E+00      -1  -0.943E-01   20.00  0.1521E+00  0.0000E+00
  90   -44.5000     -11.547 0.3293   0.1000E+02  0.8789E-02 -0.1000E+02  0.0000E+00      -1  -0.943E-01   20.00  0.1556E+00  0.0000E+00
  91   -45.0000     -11.547 0.3293   0.1000E+02  0.8789E-02 -0.1000E+02  0.0000E+00      -1  -0.943E-01   20.00  0.1589E+00  0.0000E+00
  92   -45.5000     -11.547 0.3293   0.1000E+02  0.8789E-02 -0.1000E+02  0.0000E+00      -1  -0.943E-01   20.00  0.1622E+00  0.0000E+00
  93   -46.0000     -11.547 0.3293   0.1000E+02  0.8789E-02 -0.1000E+02  0.0000E+00      -1  -0.943E-01   20.00  0.1652E+00  0.0000E+00
  94   -46.5000     -11.547 0.3293   0.1000E+02  0.8789E-02 -0.1000E+02  0.0000E+00      -1  -0.943E-01   20.00  0.1681E+00  0.0000E+00
  95   -47.0000     -11.547 0.3293   0.1000E+02  0.8789E-02 -0.1000E+02  0.0000E+00      -1  -0.943E-01   20.00  0.1709E+00  0.0000E+00
  96   -47.5000     -11.547 0.3293   0.1000E+02  0.8789E-02 -0.1000E+02  0.0000E+00      -1  -0.943E-01   20.00  0.1734E+00  0.0000E+00
  97   -48.0000     -11.547 0.3293   0.1000E+02  0.8789E-02 -0.1000E+02  0.0000E+00      -1  -0.943E-01   20.00  0.1758E+00  0.0000E+00
  98   -48.5000     -11.547 0.3293   0.1000E+02  0.8789E-02 -0.1000E+02  0.0000E+00      -1  -0.943E-01   20.00  0.1780E+00  0.0000E+00
  99   -49.0000     -11.547 0.3293   0.1000E+02  0.8789E-02 -0.1000E+02  0.0000E+00      -1  -0.943E-01   20.00  0.1800E+00  0.0000E+00
 100   -49.5000     -11.547 0.3293   0.1000E+02  0.8789E-02 -0.1000E+02  0.0000E+00      -1  -0.943E-01   20.00  0.1818E+00  0.0000E+00
 101   -50.0000     -11.547 0.3293   0.1000E+02  0.8789E-02 -0.1000E+02  0.0000E+00      -1  -0.943E-01   20.00  0.1834E+00  0.0000E+00
 102   -50.5000     -11.547 0.3293   0.1000E+02  0.8789E-02 -0.1000E+02  0.0000E+00      -1  -0.943E-01   20.00  0.1848E+00  0.0000E+00
 103   -51.0000     -11.547 0.3293   0.1000E+02  0.8789E-02 -0.1000E+02  0.0000E+00      -1  -0.943E-01   20.00  0.1860E+00  0.0000E+00
 104   -51.5000     -11.547 0.3293   0.1000E+02  0.8789E-02 -0.1000E+02  0.0000E+00      -1  -0.943E-01   20.00  0.1870E+00  0.0000E+00
 105   -52.0000     -11.547 0.3293   0.1000E+02  0.8789E-02 -0.1000E+02  0.0000E+00      -1  -0.943E-01   20.00  0.1877E+00  0.0000E+00
 106   -52.5000     -11.547 0.3293   0.1000E+02  0.8789E-02 -0.1000E+02  0.0000E+00      -1  -0.943E-01   20.00  0.1883E+00  0.0000E+00
 107   -53.0000     -11.547 0.3293   0.1000E+02  0.8789E-02 -0.1000E+02  0.0000E+00      -1  -0.943E-01   20.00  0.1886E+00  0.0000E+00
 108   -53.5000     -11.547 0.3293   0.1000E+02  0.8789E-02 -0.1000E+02  0.0000E+00      -1  -0.943E-01   20.00  0.1888E+00  0.0000E+00
 109   -54.0000     -11.547 0.3293   0.1000E+02  0.8789E-02 -0.1000E+02  0.0000E+00      -1  -0.943E-01   20.00  0.1887E+00  0.0000E+00
 110   -54.5000     -11.547 0.3293   0.1000E+02  0.8789E-02 -0.1000E+02  0.0000E+00      -1  -0.943E-01   20.00  0.1885E+00  0.0000E+00
 111   -55.0000     -11.547 0.3293   0.1000E+02  0.8789E-02 -0.1000E+02  0.0000E+00      -1  -0.943E-01   20.00  0.1881E+00  0.0000E+00
 112   -55.5000     -11.547 0.3293   0.1000E+02  0.8789E-02 -0.1000E+02  0.0000E+00      -1  -0.943E-01   20.00  0.1876E+00  0.0000E+00
 113   -56.0000     -11.547 0.3293   0.1000E+02  0.8789E-02 -0.1000E+02  0.0000E+00      -1  -0.943E-01   20.00  0.1869E+00  0.0000E+00
 114   -56.5000     -11.547 0.3293   0.1000E+02  0.8789E-02 -0.1000E+02  0.0000E+00      -1  -0.943E-01   20.00  0.1862E+00  0.0000E+00
 115   -57.0000     -11.547 0.3293   0.1000E+02  0.8789E-02 -0.1000E+02  0.0000E+00      -1  -0.943E-01   20.00  0.1854E+00  0.0000E+00
 116   -57.5000     -11.547 0.3293   0.1000E+02  0.8789E-02 -0.1000E+02  0.0000E+00      -1  -0.943E-01   20.00  0.1846E+00  0.0000E+00
 117   -58.0000     -11.547 0.3293   0.1000E+02  0.8789E-02 -0.1000E+02  0.0000E+00      -1  -0.943E-01   20.00  0.1838E+00  0.0000E+00
 118   -58.5000     -11.547 0.3293   0.1000E+02  0.8789E-02 -0.1000E+02  0.0000E+00      -1  -0.943E-01   20.00  0.1831E+00  0.0000E+00
 119   -59.0000     -11.547 0.3293   0.1000E+02  0.8789E-02 -0.1000E+02  0.0000E+00      -1  -0.943E-01   20.00  0.1826E+00  0.0000E+00
 120   -59.5000     -11.547 0.3293   0.1000E+02  0.8789E-02 -0.1000E+02  0.0000E+00      -1  -0.943E-01   20.00  0.1823E+00  0.0000E+00
 121   -60.0000     -11.547 0.3293   0.1000E+02  0.8789E-02 -0.1000E+02  0.0000E+00      -1  -0.943E-01   20.00  0.1823E+00  0.0000E+00
end


 Time:        4.0000


 Node      Depth      Head Moisture       K          C         Flux        Sink         Kappa   v/KsTop   Temp   Conc(1..NS) Sorb(1...NS)
           [L]        [L]    [-]        [L/T]      [1/L]      [L/T]        [1/T]         [-]      [-]      [C]      [M/L*3]

   1     0.0000     -11.547 0.3293   0.1000E+02  0.8789E-02 -0.1000E+02  0.0000E+00      -1  -0.943E-01   20.00  0.1205E-04  0.0000E+00
   2    -0.5000     -11.547 0.3293   0.1000E+02  0.8789E-02 -0.1000E+02  0.0000E+00      -1  -0.943E-01   20.00  0.1534E-04  0.0000E+00
   3    -1.0000     -11.547 0.3293   0.1000E+02  0.8789E-02 -0.1000E+02  0.0000E+00      -1  -0.943E-01   20.00  0.1924E-04  0.0000E+00
   4    -1.5000     -11.547 0.3293   0.1000E+02  0.8789E-02 -0.1000E+02  0.0000E+00      -1  -0.943E-01   20.00  0.2385E-04  0.0000E+00
   5    -2.0000     -11.547 0.3293   0.1000E+02  0.8789E-02 -0.1000E+02  0.0000E+00      -1  -0.943E-01   20.00  0.2926E-04  0.0000E+00
   6    -2.5000     -11.547 0.3293   0.1000E+02  0.8789E-02 -0.1000E+02  0.0000E+00      -1  -0.943E-01   20.00  0.3560E-04  0.0000E+00
   7    -3.0000     -11.547 0.3293   0.1000E+02  0.8789E-02 -0.1000E+02  0.0000E+00      -1  -0.943E-01   20.00  0.4299E-04  0.0000E+00
   8    -3.5000     -11.547 0.3293   0.1000E+02  0.8789E-02 -0.1000E+02  0.0000E+00      -1  -0.943E-01   20.00  0.5158E-04  0.0000E+00
   9    -4.0000     -11.547 0.3293   0.1000E+02  0.8789E-02 -0.1000E+02  0.0000E+00      -1  -0.943E-01   20.00  0.6153E-04  0.0000E+00
  10    -4.5000     -11.547 0.3293   0.1000E+02  0.8789E-02 -0.1000E+02  0.0000E+00      -1  -0.943E-01   20.00  0.7302E-04  0.0000E+00
  11    -5.0000     -11.547 0.3293   0.1000E+02  0.8789E-02 -0.1000E+02  0.0000E+00      -1  -0.943E-01   20.00  0.8625E-04  0.0000E+00
  12    -5.5000     -11.547 0.3293   0.1000E+02  0.8789E-02 -0.1000E+02  0.0000E+00      -1  -0.943E-01   20.00  0.1014E-03  0.0000E+00
  13    -6.0000     -11.547 0.3293   0.1000E+02  0.8789E-02 -0.1000E+02  0.0000E+00      -1  -0.943E-01   20.00  0.1189E-03  0.0000E+00
  14    -6.5000     -11.547 0.3293   0.1000E+02  0.8789E-02 -0.1000E+02  0.0000E+00      -1  -0.943E-01   20.00  0.1387E-03  0.0000E+00
  15    -7.0000     -11.547 0.3293   0.1000E+02  0.8789E-02 -0.1000E+02  0.0000E+00      -1  -0.943E-01   20.00  0.1614E-03  0.0000E+00
  16    -7.5000     -11.547 0.3293   0.1000E+02  0.8789E-02 -0.1000E+02  0.0000E+00      -1  -0.943E-01   20.00  0.1872E-03  0.0000E+00
  17    -8.0000     -11.547 0.3293   0.1000E+02  0.8789E-02 -0.1000E+02  0.0000E+00      -1  -0.943E-01   20.00  0.2164E-03  0.0000E+00
  18    -8.5000     -11.547 0.3293   0.1000E+02  0.8789E-02 -0.1000E+02  0.0000E+00      -1  -0.942E-01   20.00  0.2495E-03  0.0000E+00
  19    -9.0000     -11.547 0.3293   0.1000E+02  0.8789E-02 -0.1000E+02  0.0000E+00      -1  -0.942E-01   20.00  0.2869E-03  0.0000E+00
  20    -9.5000     -11.547 0.3293   0.1000E+02  0.8789E-02 -0.1000E+02  0.0000E+00      -1  -0.943E-01   20.00  0.3290E-03  0.0000E+00
  21   -10.0000     -11.547 0.3293   0.1000E+02  0.8789E-02 -0.1000E+02  0.0000E+00      -1  -0.943E-01   20.00  0.3764E-03  0.0000E+00
  22   -10.5000     -11.547 0.3293   0.1000E+02  0.8789E-02 -0.1000E+02  0.0000E+00      -1  -0.942E-01   20.00  0.4296E-03  0.0000E+00
  23   -11.0000     -11.547 0.3293   0.1000E+02  0.8789E-02 -0.1000E+02  0.0000E+00      -1  -0.943E-01   20.00  0.4893E-03  0.0000E+00
  24   -11.5000     -11.547 0.3293   0.1000E+02  0.8789E-02 -0.1000E+02  0.0000E+00      -1  -0.943E-01   20.00  0.5560E-03  0.0000E+00
  25   -12.0000     -11.547 0.3293   0.1000E+02  0.8789E-02 -0.1000E+02  0.0000E+00      -1  -0.942E-01   20.00  0.6305E-03  0.0000E+00
  26   -12.5000     -11.547 0.3293   0.1000E+02  0.8789E-02 -0.1000E+02  0.0000E+00      -1  -0.942E-01   20.00  0.7136E-03  0.0000E+00
  27   -13.0000     -11.547 0.3293   0.1000E+02  0.8789E-02 -0.1000E+02  0.0000E+00      -1  -0.942E-01   20.00  0.8059E-03  0.0000E+00
  28   -13.5000     -11.547 0.3293   0.1000E+02  0.8789E-02 -0.1000E+02  0.0000E+00      -1  -0.942E-01   20.00  0.9085E-03  0.0000E+00
  29   -14.0000     -11.547 0.3293   0.1000E+02  0.8789E-02 -0.1000E+02  0.0000E+00      -1  -0.942E-01   20.00  0.1022E-02  0.0000E+00
  30   -14.5000     -11.547 0.3293   0.1000E+02  0.8789E-02 -0.1000E+02  0.0000E+00      -1  -0.942E-01   20.00  0.1148E-02  0.0000E+00
  31   -15.0000     -11.547 0.3293   0.1000E+02  0.8789E-02 -0.1000E+02  0.0000E+00      -1  -0.942E-01   20.00  0.1287E-02  0.0000E+00
  32   -15.5000     -11.547 0.3293   0.1000E+02  0.8789E-02 -0.1000E+02  0.0000E+00      -1  -0.942E-01   20.00  0.1441E-02  0.0000E+00
  33   -16.0000     -11.547 0.3293   0.1000E+02  0.8789E-02 -0.1000E+02  0.0000E+00      -1  -0.942E-01   20.00  0.1610E-02  0.0000E+00
  34   -16.5000     -11.547 0.3293   0.1000E+02  0.8789E-02 -0.1000E+02  0.0000E+00      -1  -0.942E-01   20.00  0.1796E-02  0.0000E+00
  35   -17.0000     -11.547 0.3293   0.1000E+02  0.8789E-02 -0.1000E+02  0.0000E+00      -1  -0.942E-01   20.00  0.2000E-02  0.0000E+00
  36   -17.5000     -11.547 0.3293   0.1000E+02  0.8789E-02 -0.1000E+02  0.0000E+00      -1  -0.942E-01   20.00  0.2223E-02  0.0000E+00
  37   -18.0000     -11.547 0.3293   0.1000E+02  0.8789E-02 -0.1000E+02  0.0000E+00      -1  -0.942E-01   20.00  0.2468E-02  0.0000E+00
  38   -18.5000     -11.547 0.3293   0.1000E+02  0.8789E-02 -0.1000E+02  0.0000E+00      -1  -0.942E-01   20.00  0.2735E-02  0.0000E+00
  39   -19.0000     -11.547 0.3293   0.1000E+02  0.8789E-02 -0.1000E+02  0.0000E+00      -1  -0.942E-01   20.00  0.3027E-02  0.0000E+00
  40   -19.5000     -11.547 0.3293   0.1000E+02  0.8789E-02 -0.1000E+02  0.0000E+00      -1  -0.943E-01   20.00  0.3345E-02  0.0000E+00
  41   -20.0000     -11.547 0.3293   0.1000E+02  0.8789E-02 -0.1000E+02  0.0000E+00      -1  -0.943E-01   20.00  0.3691E-02  0.0000E+00
  42   -20.5000     -11.547 0.3293   0.1000E+02  0.8789E-02 -0.1000E+02  0.0000E+00      -1  -0.943E-01   20.00  0.4066E-02  0.0000E+00
  43   -21.0000     -11.547 0.3293   0.1000E+02  0.8789E-02 -0.1000E+02  0.0000E+00      -1  -0.943E-01   20.00  0.4473E-02  0.0000E+00
  44   -21.5000     -11.547 0.3293   0.1000E+02  0.8789E-02 -0.1000E+02  0.0000E+00      -1  -0.943E-01   20.00  0.4914E-02  0.0000E+00
  45   -22.0000     -11.547 0.3293   0.1000E+02  0.8789E-02 -0.1000E+02  0.0000E+00      -1  -0.943E-01   20.00  0.5391E-02  0.0000E+00
  46   -22.5000     -11.547 0.3293   0.1000E+02  0.8789E-02 -0.1000E+02  0.0000E+00      -1  -0.943E-01   20.00  0.5905E-02  0.0000E+00
  47   -23.0000     -11.547 0.3293   0.1000E+02  0.8789E-02 -0.1000E+02  0.0000E+00      -1  -0.942E-01   20.00  0.6460E-02  0.0000E+00
  48   -23.5000     -11.547 0.3293   0.1000E+02  0.8789E-02 -0.1000E+02  0.0000E+00      -1  -0.943E-01   20.00  0.7057E-02  0.0000E+00
  49   -24.0000     -11.547 0.3293   0.1000E+02  0.8789E-02 -0.1000E+02  0.0000E+00      -1  -0.943E-01   20.00  0.7698E-02  0.0000E+00
  50   -24.5000     -11.547 0.3293   0.1000E+02  0.8789E-02 -0.1000E+02  0.0000E+00      -1  -0.943E-01   20.00  0.8387E-02  0.0000E+00
  51   -25.0000     -11.547 0.3293   0.1000E+02  0.8789E-02 -0.1000E+02  0.0000E+00      -1  -0.943E-01   20.00  0.9125E-02  0.0000E+00
  52   -25.5000     -11.547 0.3293   0.1000E+02  0.8789E-02 -0.1000E+02  0.0000E+00      -1  -0.943E-01   20.00  0.9914E-02  0.0000E+00
  53   -26.0000     -11.547 0.3293   0.1000E+02  0.8789E-02 -0.1000E+02  0.0000E+00      -1  -0.943E-01   20.00  0.1076E-01  0.0000E+00
  54   -26.5000     -11.547 0.3293   0.1000E+02  0.8789E-02 -0.1000E+02  0.0000E+00      -1  -0.943E-01   20.00  0.1166E-01  0.0000E+00
  55   -27.0000     -11.547 0.3293   0.1000E+02  0.8789E-02 -0.1000E+02  0.0000E+00      -1  -0.943E-01   20.00  0.1262E-01  0.0000E+00
  56   -27.5000     -11.547 0.3293   0.1000E+02  0.8789E-02 -0.1000E+02  0.0000E+00      -1  -0.943E-01   20.00  0.1364E-01  0.0000E+00
  57   -28.0000     -11.547 0.3293   0.1000E+02  0.8789E-02 -0.1000E+02  0.0000E+00      -1  -0.943E-01   20.00  0.1472E-01  0.0000E+00
  58   -28.5000     -11.547 0.3293   0.1000E+02  0.8789E-02 -0.1000E+02  0.0000E+00      -1  -0.943E-01   20.00  0.1587E-01  0.0000E+00
  59   -29.0000     -11.547 0.3293   0.1000E+02  0.8789E-02 -0.1000E+02  0.0000E+00      -1  -0.943E-01   20.00  0.1709E-01  0.0000E+00
  60   -29.5000     -11.547 0.3293   0.1000E+02  0.8789E-02 -0.1000E+02  0.0000E+00      -1  -0.943E-01   20.00  0.1838E-01  0.0000E+00
  61   -30.0000     -11.547 0.3293   0.1000E+02  0.8789E-02 -0.1000E+02  0.0000E+00      -1  -0.943E-01   20.00  0.1974E-01  0.0000E+00
  62   -30.5000     -11.547 0.3293   0.1000E+02  0.8789E-02 -0.1000E+02  0.0000E+00      -1  -0.943E-01   20.00  0.2117E-01  0.0000E+00
  63   -31.0000     -11.547 0.3293   0.1000E+02  0.8789E-02 -0.1000E+02  0.0000E+00      -1  -0.943E-01   20.00  0.2268E-01  0.0000E+00
  64   -31.5000     -11.547 0.3293   0.1000E+02  0.8789E-02 -0.1000E+02  0.0000E+00      -1  -0.943E-01   20.00  0.2427E-01  0.0000E+00
  65   -32.0000     -11.547 0.3293   0.1000E+02  0.8789E-02 -0.1000E+02  0.0000E+00      -1  -0.943E-01   20.00  0.2594E-01  0.0000E+00
  66   -32.5000     -11.547 0.3293   0.1000E+02  0.8789E-02 -0.1000E+02  0.0000E+00      -1  -0.943E-01   20.00  0.2769E-01  0.0000E+00
  67   -33.0000     -11.547 0.3293   0.1000E+02  0.8789E-02 -0.1000E+02  0.0000E+00      -1  -0.943E-01   20.00  0.2952E-01  0.0000E+00
  68   -33.5000     -11.547 0.3293   0.1000E+02  0.8789E-02 -0.1000E+02  0.0000E+00      -1  -0.943E-01   20.00  0.3144E-01  0.0000E+00
  69   -34.0000     -11.547 0.3293   0.1000E+02  0.8789E-02 -0.1000E+02  0.0000E+00      -1  -0.943E-01   20.00  0.3343E-01  0.0000E+00
  70   -34.5000     -11.547 0.3293   0.1000E+02  0.8789E-02 -0.1000E+02  0.0000E+00      -1  -0.943E-01   20.00  0.3551E-01  0.0000E+00
  71   -35.0000     -11.547 0.3293   0.1000E+02  0.8789E-02 -0.1000E+02  0.0000E+00      -1  -0.943E-01   20.00  0.3768E-01  0.0000E+00
  72   -35.5000     -11.547 0.3293   0.1000E+02  0.8789E-02 -0.1000E+02  0.0000E+00      -1  -0.943E-01   20.00  0.3993E-01  0.0000E+00
  73   -36.0000     -11.547 0.3293   0.1000E+02  0.8789E-02 -0.1000E+02  0.0000E+00      -1  -0.943E-01   20.00  0.4227E-01  0.0000E+00
  74   -36.5000     -11.547 0.3293   0.1000E+02  0.8789E-02 -0.1000E+02  0.0000E+00      -1  -0.943E-01   20.00  0.4468E-01  0.0000E+00
  75   -37.0000     -11.547 0.3293   0.1000E+02  0.8789E-02 -0.1000E+02  0.0000E+00      -1  -0.943E-01   20.00  0.4718E-01  0.0000E+00
  76   -37.5000     -11.547 0.3293   0.1000E+02  0.8789E-02 -0.1000E+02  0.0000E+00      -1  -0.943E-01   20.00  0.4977E-01  0.0000E+00
  77   -38.0000     -11.547 0.3293   0.1000E+02  0.8789E-02 -0.1000E+02  0.0000E+00      -1  -0.943E-01   20.00  0.5243E-01  0.0000E+00
  78   -38.5000     -11.547 0.3293   0.1000E+02  0.8789E-02 -0.1000E+02  0.0000E+00      -1  -0.943E-01   20.00  0.5517E-01  0.0000E+00
  79   -39.0000     -11.547 0.3293   0.1000E+02  0.8789E-02 -0.1000E+02  0.0000E+00      -1  -0.943E-01   20.00  0.5798E-01  0.0000E+00
  80   -39.5000     -11.547 0.3293   0.1000E+02  0.8789E-02 -0.1000E+02  0.0000E+00      -1  -0.943E-01   20.00  0.6087E-01  0.0000E+00
  81   -40.0000     -11.547 0.3293   0.1000E+02  0.8789E-02 -0.1000E+02  0.0000E+00      -1  -0.943E-01   20.00  0.6383E-01  0.0000E+00
  82   -40.5000     -11.547 0.3293   0.1000E+02  0.8789E-02 -0.1000E+02  0.0000E+00      -1  -0.943E-01   20.00  0.6686E-01  0.0000E+00
  83   -41.0000     -11.547 0.3293   0.1000E+02  0.8789E-02 -0.1000E+02  0.0000E+00      -1  -0.943E-01   20.00  0.6994E-01  0.0000E+00
  84   -41.5000     -11.547 0.3293   0.1000E+02  0.8789E-02 -0.1000E+02  0.0000E+00      -1  -0.943E-01   20.00  0.7309E-01  0.0000E+00
  85   -42.0000     -11.547 0.3293   0.1000E+02  0.8789E-02 -0.1000E+02  0.0000E+00      -1  -0.943E-01   20.00  0.7629E-01  0.0000E+00
  86   -42.5000     -11.547 0.3293   0.1000E+02  0.8789E-02 -0.1000E+02  0.0000E+00      -1  -0.943E-01   20.00  0.7954E-01  0.0000E+00
  87   -43.0000     -11.547 0.3293   0.1000E+02  0.8789E-02 -0.1000E+02  0.0000E+00      -1  -0.943E-01   20.00  0.8283E-01  0.0000E+00
  88   -43.5000     -11.547 0.3293   0.1000E+02  0.8789E-02 -0.1000E+02  0.0000E+00      -1  -0.943E-01   20.00  0.8617E-01  0.0000E+00
  89   -44.0000     -11.547 0.3293   0.1000E+02  0.8789E-02 -0.1000E+02  0.0000E+00      -1  -0.943E-01   20.00  0.8953E-01  0.0000E+00
  90   -44.5000     -11.547 0.3293   0.1000E+02  0.8789E-02 -0.1000E+02  0.0000E+00      -1  -0.943E-01   20.00  0.9292E-01  0.0000E+00
  91   -45.0000     -11.547 0.3293   0.1000E+02  0.8789E-02 -0.1000E+02  0.0000E+00      -1  -0.943E-01   20.00  0.9633E-01  0.0000E+00
  92   -45.5000     -11.547 0.3293   0.1000E+02  0.8789E-02 -0.1000E+02  0.0000E+00      -1  -0.943E-01   20.00  0.9976E-01  0.0000E+00
  93   -46.0000     -11.547 0.3293   0.1000E+02  0.8789E-02 -0.1000E+02  0.0000E+00      -1  -0.943E-01   20.00  0.1032E+00  0.0000E+00
  94   -46.5000     -11.547 0.3293   0.1000E+02  0.8789E-02 -0.1000E+02  0.0000E+00      -1  -0.943E-01   20.00  0.1066E+00  0.0000E+00
  95   -47.0000     -11.547 0.3293   0.1000E+02  0.8789E-02 -0.1000E+02  0.0000E+00      -1  -0.943E-01   20.00  0.1100E+00  0.0000E+00
  96   -47.5000     -11.547 0.3293   0.1000E+02  0.8789E-02 -0.1000E+02  0.0000E+00      -1  -0.943E-01   20.00  0.1134E+00  0.0000E+00
  97   -48.0000     -11.547 0.3293   0.1000E+02  0.8789E-02 -0.1000E+02  0.0000E+00      -1  -0.943E-01   20.00  0.1168E+00  0.0000E+00
  98   -48.5000     -11.547 0.3293   0.1000E+02  0.8789E-02 -0.1000E+02  0.0000E+00      -1  -0.943E-01   20.00  0.1202E+00  0.0000E+00
  99   -49.0000     -11.547 0.3293   0.1000E+02  0.8789E-02 -0.1000E+02  0.0000E+00      -1  -0.943E-01   20.00  0.1235E+00  0.0000E+00
 100   -49.5000     -11.547 0.3293   0.1000E+02  0.8789E-02 -0.1000E+02  0.0000E+00      -1  -0.943E-01   20.00  0.1267E+00  0.0000E+00
 101   -50.0000     -11.547 0.3293   0.1000E+02  0.8789E-02 -0.1000E+02  0.0000E+00      -1  -0.943E-01   20.00  0.1300E+00  0.0000E+00
 102   -50.5000     -11.547 0.3293   0.1000E+02  0.8789E-02 -0.1000E+02  0.0000E+00      -1  -0.943E-01   20.00  0.1331E+00  0.0000E+00
 103   -51.0000     -11.547 0.3293   0.1000E+02  0.8789E-02 -0.1000E+02  0.0000E+00      -1  -0.943E-01   20.00  0.1362E+00  0.0000E+00
 104   -51.5000     -11.547 0.3293   0.1000E+02  0.8789E-02 -0.1000E+02  0.0000E+00      -1  -0.943E-01   20.00  0.1392E+00  0.0000E+00
 105   -52.0000     -11.547 0.3293   0.1000E+02  0.8789E-02 -0.1000E+02  0.0000E+00      -1  -0.943E-01   20.00  0.1421E+00  0.0000E+00
 106   -52.5000     -11.547 0.3293   0.1000E+02  0.8789E-02 -0.1000E+02  0.0000E+00      -1  -0.943E-01   20.00  0.1449E+00  0.0000E+00
 107   -53.0000     -11.547 0.3293   0.1000E+02  0.8789E-02 -0.1000E+02  0.0000E+00      -1  -0.943E-01   20.00  0.1476E+00  0.0000E+00
 108   -53.5000     -11.547 0.3293   0.1000E+02  0.8789E-02 -0.1000E+02  0.0000E+00      -1  -0.943E-01   20.00  0.1503E+00  0.0000E+00
 109   -54.0000     -11.547 0.3293   0.1000E+02  0.8789E-02 -0.1000E+02  0.0000E+00      -1  -0.943E-01   20.00  0.1528E+00  0.0000E+00
 110   -54.5000     -11.547 0.3293   0.1000E+02  0.8789E-02 -0.1000E+02  0.0000E+00      -1  -0.943E-01   20.00  0.1552E+00  0.0000E+00
 111   -55.0000     -11.547 0.3293   0.1000E+02  0.8789E-02 -0.1000E+02  0.0000E+00      -1  -0.943E-01   20.00  0.1574E+00  0.0000E+00
 112   -55.5000     -11.547 0.3293   0.1000E+02  0.8789E-02 -0.1000E+02  0.0000E+00      -1  -0.943E-01   20.00  0.1596E+00  0.0000E+00
 113   -56.0000     -11.547 0.3293   0.1000E+02  0.8789E-02 -0.1000E+02  0.0000E+00      -1  -0.943E-01   20.00  0.1616E+00  0.0000E+00
 114   -56.5000     -11.547 0.3293   0.1000E+02  0.8789E-02 -0.1000E+02  0.0000E+00      -1  -0.943E-01   20.00  0.1634E+00  0.0000E+00
 115   -57.0000     -11.547 0.3293   0.1000E+02  0.8789E-02 -0.1000E+02  0.0000E+00      -1  -0.943E-01   20.00  0.1651E+00  0.0000E+00
 116   -57.5000     -11.547 0.3293   0.1000E+02  0.8789E-02 -0.1000E+02  0.0000E+00      -1  -0.943E-01   20.00  0.1666E+00  0.0000E+00
 117   -58.0000     -11.547 0.3293   0.1000E+02  0.8789E-02 -0.1000E+02  0.0000E+00      -1  -0.943E-01   20.00  0.1679E+00  0.0000E+00
 118   -58.5000     -11.547 0.3293   0.1000E+02  0.8789E-02 -0.1000E+02  0.0000E+00      -1  -0.943E-01   20.00  0.1690E+00  0.0000E+00
 119   -59.0000     -11.547 0.3293   0.1000E+02  0.8789E-02 -0.1000E+02  0.0000E+00      -1  -0.943E-01   20.00  0.1698E+00  0.0000E+00
 120   -59.5000     -11.547 0.3293   0.1000E+02  0.8789E-02 -0.1000E+02  0.0000E+00      -1  -0.943E-01   20.00  0.1702E+00  0.0000E+00
 121   -60.0000     -11.547 0.3293   0.1000E+02  0.8789E-02 -0.1000E+02  0.0000E+00      -1  -0.943E-01   20.00  0.1702E+00  0.0000E+00
end


 Time:        4.5000


 Node      Depth      Head Moisture       K          C         Flux        Sink         Kappa   v/KsTop   Temp   Conc(1..NS) Sorb(1...NS)
           [L]        [L]    [-]        [L/T]      [1/L]      [L/T]        [1/T]         [-]      [-]      [C]      [M/L*3]

   1     0.0000     -11.547 0.3293   0.1000E+02  0.8789E-02 -0.1000E+02  0.0000E+00      -1  -0.943E-01   20.00  0.3667E-05  0.0000E+00
   2    -0.5000     -11.547 0.3293   0.1000E+02  0.8789E-02 -0.1000E+02  0.0000E+00      -1  -0.943E-01   20.00  0.4669E-05  0.0000E+00
   3    -1.0000     -11.547 0.3293   0.1000E+02  0.8789E-02 -0.1000E+02  0.0000E+00      -1  -0.943E-01   20.00  0.5859E-05  0.0000E+00
   4    -1.5000     -11.547 0.3293   0.1000E+02  0.8789E-02 -0.1000E+02  0.0000E+00      -1  -0.943E-01   20.00  0.7266E-05  0.0000E+00
   5    -2.0000     -11.547 0.3293   0.1000E+02  0.8789E-02 -0.1000E+02  0.0000E+00      -1  -0.943E-01   20.00  0.8923E-05  0.0000E+00
   6    -2.5000     -11.547 0.3293   0.1000E+02  0.8789E-02 -0.1000E+02  0.0000E+00      -1  -0.943E-01   20.00  0.1087E-04  0.0000E+00
   7    -3.0000     -11.547 0.3293   0.1000E+02  0.8789E-02 -0.1000E+02  0.0000E+00      -1  -0.943E-01   20.00  0.1314E-04  0.0000E+00
   8    -3.5000     -11.547 0.3293   0.1000E+02  0.8789E-02 -0.1000E+02  0.0000E+00      -1  -0.943E-01   20.00  0.1578E-04  0.0000E+00
   9    -4.0000     -11.547 0.3293   0.1000E+02  0.8789E-02 -0.1000E+02  0.0000E+00      -1  -0.943E-01   20.00  0.1885E-04  0.0000E+00
  10    -4.5000     -11.547 0.3293   0.1000E+02  0.8789E-02 -0.1000E+02  0.0000E+00      -1  -0.943E-01   20.00  0.2241E-04  0.0000E+00
  11    -5.0000     -11.547 0.3293   0.1000E+02  0.8789E-02 -0.1000E+02  0.0000E+00      -1  -0.943E-01   20.00  0.2652E-04  0.0000E+00
  12    -5.5000     -11.547 0.3293   0.1000E+02  0.8789E-02 -0.1000E+02  0.0000E+00      -1  -0.943E-01   20.00  0.3125E-04  0.0000E+00
  13    -6.0000     -11.547 0.3293   0.1000E+02  0.8789E-02 -0.1000E+02  0.0000E+00      -1  -0.943E-01   20.00  0.3668E-04  0.0000E+00
  14    -6.5000     -11.547 0.3293   0.1000E+02  0.8789E-02 -0.1000E+02  0.0000E+00      -1  -0.943E-01   20.00  0.4291E-04  0.0000E+00
  15    -7.0000     -11.547 0.3293   0.1000E+02  0.8789E-02 -0.1000E+02  0.0000E+00      -1  -0.943E-01   20.00  0.5003E-04  0.0000E+00
  16    -7.5000     -11.547 0.3293   0.1000E+02  0.8789E-02 -0.1000E+02  0.0000E+00      -1  -0.943E-01   20.00  0.5816E-04  0.0000E+00
  17    -8.0000     -11.547 0.3293   0.1000E+02  0.8789E-02 -0.1000E+02  0.0000E+00      -1  -0.943E-01   20.00  0.6742E-04  0.0000E+00
  18    -8.5000     -11.547 0.3293   0.1000E+02  0.8789E-02 -0.1000E+02  0.0000E+00      -1  -0.943E-01   20.00  0.7793E-04  0.0000E+00
  19    -9.0000     -11.547 0.3293   0.1000E+02  0.8789E-02 -0.1000E+02  0.0000E+00      -1  -0.943E-01   20.00  0.8986E-04  0.0000E+00
  20    -9.5000     -11.547 0.3293   0.1000E+02  0.8789E-02 -0.1000E+02  0.0000E+00      -1  -0.943E-01   20.00  0.1034E-03  0.0000E+00
  21   -10.0000     -11.547 0.3293   0.1000E+02  0.8789E-02 -0.1000E+02  0.0000E+00      -1  -0.943E-01   20.00  0.1186E-03  0.0000E+00
  22   -10.5000     -11.547 0.3293   0.1000E+02  0.8789E-02 -0.1000E+02  0.0000E+00      -1  -0.943E-01   20.00  0.1358E-03  0.0000E+00
  23   -11.0000     -11.547 0.3293   0.1000E+02  0.8789E-02 -0.1000E+02  0.0000E+00      -1  -0.943E-01   20.00  0.1552E-03  0.0000E+00
  24   -11.5000     -11.547 0.3293   0.1000E+02  0.8789E-02 -0.1000E+02  0.0000E+00      -1  -0.943E-01   20.00  0.1769E-03  0.0000E+00
  25   -12.0000     -11.547 0.3293   0.1000E+02  0.8789E-02 -0.1000E+02  0.0000E+00      -1  -0.943E-01   20.00  0.2013E-03  0.0000E+00
  26   -12.5000     -11.547 0.3293   0.1000E+02  0.8789E-02 -0.1000E+02  0.0000E+00      -1  -0.943E-01   20.00  0.2287E-03  0.0000E+00
  27   -13.0000     -11.547 0.3293   0.1000E+02  0.8789E-02 -0.1000E+02  0.0000E+00      -1  -0.943E-01   20.00  0.2593E-03  0.0000E+00
  28   -13.5000     -11.547 0.3293   0.1000E+02  0.8789E-02 -0.1000E+02  0.0000E+00      -1  -0.943E-01   20.00  0.2934E-03  0.0000E+00
  29   -14.0000     -11.547 0.3293   0.1000E+02  0.8789E-02 -0.1000E+02  0.0000E+00      -1  -0.943E-01   20.00  0.3315E-03  0.0000E+00
  30   -14.5000     -11.547 0.3293   0.1000E+02  0.8789E-02 -0.1000E+02  0.0000E+00      -1  -0.943E-01   20.00  0.3739E-03  0.0000E+00
  31   -15.0000     -11.547 0.3293   0.1000E+02  0.8789E-02 -0.1000E+02  0.0000E+00      -1  -0.943E-01   20.00  0.4209E-03  0.0000E+00
  32   -15.5000     -11.547 0.3293   0.1000E+02  0.8789E-02 -0.1000E+02  0.0000E+00      -1  -0.943E-01   20.00  0.4732E-03  0.0000E+00
  33   -16.0000     -11.547 0.3293   0.1000E+02  0.8789E-02 -0.1000E+02  0.0000E+00      -1  -0.943E-01   20.00  0.5311E-03  0.0000E+00
  34   -16.5000     -11.547 0.3293   0.1000E+02  0.8789E-02 -0.1000E+02  0.0000E+00      -1  -0.943E-01   20.00  0.5951E-03  0.0000E+00
  35   -17.0000     -11.547 0.3293   0.1000E+02  0.8789E-02 -0.1000E+02  0.0000E+00      -1  -0.943E-01   20.00  0.6659E-03  0.0000E+00
  36   -17.5000     -11.547 0.3293   0.1000E+02  0.8789E-02 -0.1000E+02  0.0000E+00      -1  -0.943E-01   20.00  0.7440E-03  0.0000E+00
  37   -18.0000     -11.547 0.3293   0.1000E+02  0.8789E-02 -0.1000E+02  0.0000E+00      -1  -0.943E-01   20.00  0.8300E-03  0.0000E+00
  38   -18.5000     -11.547 0.3293   0.1000E+02  0.8789E-02 -0.1000E+02  0.0000E+00      -1  -0.943E-01   20.00  0.9247E-03  0.0000E+00
  39   -19.0000     -11.547 0.3293   0.1000E+02  0.8789E-02 -0.1000E+02  0.0000E+00      -1  -0.943E-01   20.00  0.1029E-02  0.0000E+00
  40   -19.5000     -11.547 0.3293   0.1000E+02  0.8789E-02 -0.1000E+02  0.0000E+00      -1  -0.943E-01   20.00  0.1143E-02  0.0000E+00
  41   -20.0000     -11.547 0.3293   0.1000E+02  0.8789E-02 -0.1000E+02  0.0000E+00      -1  -0.943E-01   20.00  0.1268E-02  0.0000E+00
  42   -20.5000     -11.547 0.3293   0.1000E+02  0.8789E-02 -0.1000E+02  0.0000E+00      -1  -0.943E-01   20.00  0.1405E-02  0.0000E+00
  43   -21.0000     -11.547 0.3293   0.1000E+02  0.8789E-02 -0.1000E+02  0.0000E+00      -1  -0.943E-01   20.00  0.1554E-02  0.0000E+00
  44   -21.5000     -11.547 0.3293   0.1000E+02  0.8789E-02 -0.1000E+02  0.0000E+00      -1  -0.943E-01   20.00  0.1717E-02  0.0000E+00
  45   -22.0000     -11.547 0.3293   0.1000E+02  0.8789E-02 -0.1000E+02  0.0000E+00      -1  -0.943E-01   20.00  0.1895E-02  0.0000E+00
  46   -22.5000     -11.547 0.3293   0.1000E+02  0.8789E-02 -0.1000E+02  0.0000E+00      -1  -0.943E-01   20.00  0.2088E-02  0.0000E+00
  47   -23.0000     -11.547 0.3293   0.1000E+02  0.8789E-02 -0.1000E+02  0.0000E+00      -1  -0.942E-01   20.00  0.2299E-02  0.0000E+00
  48   -23.5000     -11.547 0.3293   0.1000E+02  0.8789E-02 -0.1000E+02  0.0000E+00      -1  -0.942E-01   20.00  0.2527E-02  0.0000E+00
  49   -24.0000     -11.547 0.3293   0.1000E+02  0.8789E-02 -0.1000E+02  0.0000E+00      -1  -0.943E-01   20.00  0.2775E-02  0.0000E+00
  50   -24.5000     -11.547 0.3293   0.1000E+02  0.8789E-02 -0.1000E+02  0.0000E+00      -1  -0.943E-01   20.00  0.3043E-02  0.0000E+00
  51   -25.0000     -11.547 0.3293   0.1000E+02  0.8789E-02 -0.1000E+02  0.0000E+00      -1  -0.942E-01   20.00  0.3333E-02  0.0000E+00
  52   -25.5000     -11.547 0.3293   0.1000E+02  0.8789E-02 -0.1000E+02  0.0000E+00      -1  -0.942E-01   20.00  0.3646E-02  0.0000E+00
  53   -26.0000     -11.547 0.3293   0.1000E+02  0.8789E-02 -0.1000E+02  0.0000E+00      -1  -0.942E-01   20.00  0.3984E-02  0.0000E+00
  54   -26.5000     -11.547 0.3293   0.1000E+02  0.8789E-02 -0.1000E+02  0.0000E+00      -1  -0.942E-01   20.00  0.4347E-02  0.0000E+00
  55   -27.0000     -11.547 0.3293   0.1000E+02  0.8789E-02 -0.1000E+02  0.0000E+00      -1  -0.943E-01   20.00  0.4739E-02  0.0000E+00
  56   -27.5000     -11.547 0.3293   0.1000E+02  0.8789E-02 -0.1000E+02  0.0000E+00      -1  -0.942E-01   20.00  0.5160E-02  0.0000E+00
  57   -28.0000     -11.547 0.3293   0.1000E+02  0.8789E-02 -0.1000E+02  0.0000E+00      -1  -0.942E-01   20.00  0.5611E-02  0.0000E+00
  58   -28.5000     -11.547 0.3293   0.1000E+02  0.8789E-02 -0.1000E+02  0.0000E+00      -1  -0.943E-01   20.00  0.6095E-02  0.0000E+00
  59   -29.0000     -11.547 0.3293   0.1000E+02  0.8789E-02 -0.1000E+02  0.0000E+00      -1  -0.943E-01   20.00  0.6613E-02  0.0000E+00
  60   -29.5000     -11.547 0.3293   0.1000E+02  0.8789E-02 -0.1000E+02  0.0000E+00      -1  -0.943E-01   20.00  0.7167E-02  0.0000E+00
  61   -30.0000     -11.547 0.3293   0.1000E+02  0.8789E-02 -0.1000E+02  0.0000E+00      -1  -0.943E-01   20.00  0.7758E-02  0.0000E+00
  62   -30.5000     -11.547 0.3293   0.1000E+02  0.8789E-02 -0.1000E+02  0.0000E+00      -1  -0.943E-01   20.00  0.8389E-02  0.0000E+00
  63   -31.0000     -11.547 0.3293   0.1000E+02  0.8789E-02 -0.1000E+02  0.0000E+00      -1  -0.943E-01   20.00  0.9061E-02  0.0000E+00
  64   -31.5000     -11.547 0.3293   0.1000E+02  0.8789E-02 -0.1000E+02  0.0000E+00      -1  -0.943E-01   20.00  0.9776E-02  0.0000E+00
  65   -32.0000     -11.547 0.3293   0.1000E+02  0.8789E-02 -0.1000E+02  0.0000E+00      -1  -0.943E-01   20.00  0.1054E-01  0.0000E+00
  66   -32.5000     -11.547 0.3293   0.1000E+02  0.8789E-02 -0.1000E+02  0.0000E+00      -1  -0.943E-01   20.00  0.1134E-01  0.0000E+00
  67   -33.0000     -11.547 0.3293   0.1000E+02  0.8789E-02 -0.1000E+02  0.0000E+00      -1  -0.943E-01   20.00  0.1220E-01  0.0000E+00
  68   -33.5000     -11.547 0.3293   0.1000E+02  0.8789E-02 -0.1000E+02  0.0000E+00      -1  -0.943E-01   20.00  0.1310E-01  0.0000E+00
  69   -34.0000     -11.547 0.3293   0.1000E+02  0.8789E-02 -0.1000E+02  0.0000E+00      -1  -0.943E-01   20.00  0.1406E-01  0.0000E+00
  70   -34.5000     -11.547 0.3293   0.1000E+02  0.8789E-02 -0.1000E+02  0.0000E+00      -1  -0.943E-01   20.00  0.1507E-01  0.0000E+00
  71   -35.0000     -11.547 0.3293   0.1000E+02  0.8789E-02 -0.1000E+02  0.0000E+00      -1  -0.943E-01   20.00  0.1613E-01  0.0000E+00
  72   -35.5000     -11.547 0.3293   0.1000E+02  0.8789E-02 -0.1000E+02  0.0000E+00      -1  -0.943E-01   20.00  0.1725E-01  0.0000E+00
  73   -36.0000     -11.547 0.3293   0.1000E+02  0.8789E-02 -0.1000E+02  0.0000E+00      -1  -0.943E-01   20.00  0.1843E-01  0.0000E+00
  74   -36.5000     -11.547 0.3293   0.1000E+02  0.8789E-02 -0.1000E+02  0.0000E+00      -1  -0.943E-01   20.00  0.1967E-01  0.0000E+00
  75   -37.0000     -11.547 0.3293   0.1000E+02  0.8789E-02 -0.1000E+02  0.0000E+00      -1  -0.943E-01   20.00  0.2097E-01  0.0000E+00
  76   -37.5000     -11.547 0.3293   0.1000E+02  0.8789E-02 -0.1000E+02  0.0000E+00      -1  -0.943E-01   20.00  0.2233E-01  0.0000E+00
  77   -38.0000     -11.547 0.3293   0.1000E+02  0.8789E-02 -0.1000E+02  0.0000E+00      -1  -0.943E-01   20.00  0.2376E-01  0.0000E+00
  78   -38.5000     -11.547 0.3293   0.1000E+02  0.8789E-02 -0.1000E+02  0.0000E+00      -1  -0.943E-01   20.00  0.2525E-01  0.0000E+00
  79   -39.0000     -11.547 0.3293   0.1000E+02  0.8789E-02 -0.1000E+02  0.0000E+00      -1  -0.943E-01   20.00  0.2680E-01  0.0000E+00
  80   -39.5000     -11.547 0.3293   0.1000E+02  0.8789E-02 -0.1000E+02  0.0000E+00      -1  -0.943E-01   20.00  0.2843E-01  0.0000E+00
  81   -40.0000     -11.547 0.3293   0.1000E+02  0.8789E-02 -0.1000E+02  0.0000E+00      -1  -0.943E-01   20.00  0.3012E-01  0.0000E+00
  82   -40.5000     -11.547 0.3293   0.1000E+02  0.8789E-02 -0.1000E+02  0.0000E+00      -1  -0.943E-01   20.00  0.3187E-01  0.0000E+00
  83   -41.0000     -11.547 0.3293   0.1000E+02  0.8789E-02 -0.1000E+02  0.0000E+00      -1  -0.943E-01   20.00  0.3369E-01  0.0000E+00
  84   -41.5000     -11.547 0.3293   0.1000E+02  0.8789E-02 -0.1000E+02  0.0000E+00      -1  -0.943E-01   20.00  0.3559E-01  0.0000E+00
  85   -42.0000     -11.547 0.3293   0.1000E+02  0.8789E-02 -0.1000E+02  0.0000E+00      -1  -0.943E-01   20.00  0.3754E-01  0.0000E+00
  86   -42.5000     -11.547 0.3293   0.1000E+02  0.8789E-02 -0.1000E+02  0.0000E+00      -1  -0.943E-01   20.00  0.3957E-01  0.0000E+00
  87   -43.0000     -11.547 0.3293   0.1000E+02  0.8789E-02 -0.1000E+02  0.0000E+00      -1  -0.943E-01   20.00  0.4166E-01  0.0000E+00
  88   -43.5000     -11.547 0.3293   0.1000E+02  0.8789E-02 -0.1000E+02  0.0000E+00      -1  -0.943E-01   20.00  0.4382E-01  0.0000E+00
  89   -44.0000     -11.547 0.3293   0.1000E+02  0.8789E-02 -0.1000E+02  0.0000E+00      -1  -0.943E-01   20.00  0.4604E-01  0.0000E+00
  90   -44.5000     -11.547 0.3293   0.1000E+02  0.8789E-02 -0.1000E+02  0.0000E+00      -1  -0.943E-01   20.00  0.4833E-01  0.0000E+00
  91   -45.0000     -11.547 0.3293   0.1000E+02  0.8789E-02 -0.1000E+02  0.0000E+00      -1  -0.943E-01   20.00  0.5068E-01  0.0000E+00
  92   -45.5000     -11.547 0.3293   0.1000E+02  0.8789E-02 -0.1000E+02  0.0000E+00      -1  -0.943E-01   20.00  0.5309E-01  0.0000E+00
  93   -46.0000     -11.547 0.3293   0.1000E+02  0.8789E-02 -0.1000E+02  0.0000E+00      -1  -0.943E-01   20.00  0.5556E-01  0.0000E+00
  94   -46.5000     -11.547 0.3293   0.1000E+02  0.8789E-02 -0.1000E+02  0.0000E+00      -1  -0.943E-01   20.00  0.5808E-01  0.0000E+00
  95   -47.0000     -11.547 0.3293   0.1000E+02  0.8789E-02 -0.1000E+02  0.0000E+00      -1  -0.943E-01   20.00  0.6066E-01  0.0000E+00
  96   -47.5000     -11.547 0.3293   0.1000E+02  0.8789E-02 -0.1000E+02  0.0000E+00      -1  -0.943E-01   20.00  0.6329E-01  0.0000E+00
  97   -48.0000     -11.547 0.3293   0.1000E+02  0.8789E-02 -0.1000E+02  0.0000E+00      -1  -0.943E-01   20.00  0.6597E-01  0.0000E+00
  98   -48.5000     -11.547 0.3293   0.1000E+02  0.8789E-02 -0.1000E+02  0.0000E+00      -1  -0.943E-01   20.00  0.6869E-01  0.0000E+00
  99   -49.0000     -11.547 0.3293   0.1000E+02  0.8789E-02 -0.1000E+02  0.0000E+00      -1  -0.943E-01   20.00  0.7145E-01  0.0000E+00
 100   -49.5000     -11.547 0.3293   0.1000E+02  0.8789E-02 -0.1000E+02  0.0000E+00      -1  -0.943E-01   20.00  0.7425E-01  0.0000E+00
 101   -50.0000     -11.547 0.3293   0.1000E+02  0.8789E-02 -0.1000E+02  0.0000E+00      -1  -0.943E-01   20.00  0.7709E-01  0.0000E+00
 102   -50.5000     -11.547 0.3293   0.1000E+02  0.8789E-02 -0.1000E+02  0.0000E+00      -1  -0.943E-01   20.00  0.7995E-01  0.0000E+00
 103   -51.0000     -11.547 0.3293   0.1000E+02  0.8789E-02 -0.1000E+02  0.0000E+00      -1  -0.943E-01   20.00  0.8283E-01  0.0000E+00
 104   -51.5000     -11.547 0.3293   0.1000E+02  0.8789E-02 -0.1000E+02  0.0000E+00      -1  -0.943E-01   20.00  0.8573E-01  0.0000E+00
 105   -52.0000     -11.547 0.3293   0.1000E+02  0.8789E-02 -0.1000E+02  0.0000E+00      -1  -0.943E-01   20.00  0.8864E-01  0.0000E+00
 106   -52.5000     -11.547 0.3293   0.1000E+02  0.8789E-02 -0.1000E+02  0.0000E+00      -1  -0.943E-01   20.00  0.9156E-01  0.0000E+00
 107   -53.0000     -11.547 0.3293   0.1000E+02  0.8789E-02 -0.1000E+02  0.0000E+00      -1  -0.942E-01   20.00  0.9447E-01  0.0000E+00
 108   -53.5000     -11.547 0.3293   0.1000E+02  0.8789E-02 -0.1000E+02  0.0000E+00      -1  -0.942E-01   20.00  0.9737E-01  0.0000E+00
 109   -54.0000     -11.547 0.3293   0.1000E+02  0.8789E-02 -0.1000E+02  0.0000E+00      -1  -0.942E-01   20.00  0.1002E+00  0.0000E+00
 110   -54.5000     -11.547 0.3293   0.1000E+02  0.8789E-02 -0.1000E+02  0.0000E+00      -1  -0.942E-01   20.00  0.1031E+00  0.0000E+00
 111   -55.0000     -11.547 0.3293   0.1000E+02  0.8789E-02 -0.1000E+02  0.0000E+00      -1  -0.942E-01   20.00  0.1059E+00  0.0000E+00
 112   -55.5000     -11.547 0.3293   0.1000E+02  0.8789E-02 -0.1000E+02  0.0000E+00      -1  -0.942E-01   20.00  0.1086E+00  0.0000E+00
 113   -56.0000     -11.547 0.3293   0.1000E+02  0.8789E-02 -0.1000E+02  0.0000E+00      -1  -0.942E-01   20.00  0.1112E+00  0.0000E+00
 114   -56.5000     -11.547 0.3293   0.1000E+02  0.8789E-02 -0.1000E+02  0.0000E+00      -1  -0.942E-01   20.00  0.1137E+00  0.0000E+00
 115   -57.0000     -11.547 0.3293   0.1000E+02  0.8789E-02 -0.1000E+02  0.0000E+00      -1  -0.943E-01   20.00  0.1161E+00  0.0000E+00
 116   -57.5000     -11.547 0.3293   0.1000E+02  0.8789E-02 -0.1000E+02  0.0000E+00      -1  -0.943E-01   20.00  0.1183E+00  0.0000E+00
 117   -58.0000     -11.547 0.3293   0.1000E+02  0.8789E-02 -0.1000E+02  0.0000E+00      -1  -0.943E-01   20.00  0.1202E+00  0.0000E+00
 118   -58.5000     -11.547 0.3293   0.1000E+02  0.8789E-02 -0.1000E+02  0.0000E+00      -1  -0.943E-01   20.00  0.1218E+00  0.0000E+00
 119   -59.0000     -11.547 0.3293   0.1000E+02  0.8789E-02 -0.1000E+02  0.0000E+00      -1  -0.943E-01   20.00  0.1230E+00  0.0000E+00
 120   -59.5000     -11.547 0.3293   0.1000E+02  0.8789E-02 -0.1000E+02  0.0000E+00      -1  -0.943E-01   20.00  0.1236E+00  0.0000E+00
 121   -60.0000     -11.547 0.3293   0.1000E+02  0.8789E-02 -0.1000E+02  0.0000E+00      -1  -0.943E-01   20.00  0.1236E+00  0.0000E+00
end


 Time:        5.0000


 Node      Depth      Head Moisture       K          C         Flux        Sink         Kappa   v/KsTop   Temp   Conc(1..NS) Sorb(1...NS)
           [L]        [L]    [-]        [L/T]      [1/L]      [L/T]        [1/T]         [-]      [-]      [C]      [M/L*3]

   1     0.0000     -11.547 0.3293   0.1000E+02  0.8789E-02 -0.1000E+02  0.0000E+00      -1  -0.943E-01   20.00  0.1136E-05  0.0000E+00
   2    -0.5000     -11.547 0.3293   0.1000E+02  0.8789E-02 -0.1000E+02  0.0000E+00      -1  -0.943E-01   20.00  0.1447E-05  0.0000E+00
   3    -1.0000     -11.547 0.3293   0.1000E+02  0.8789E-02 -0.1000E+02  0.0000E+00      -1  -0.943E-01   20.00  0.1816E-05  0.0000E+00
   4    -1.5000     -11.547 0.3293   0.1000E+02  0.8789E-02 -0.1000E+02  0.0000E+00      -1  -0.943E-01   20.00  0.2254E-05  0.0000E+00
   5    -2.0000     -11.547 0.3293   0.1000E+02  0.8789E-02 -0.1000E+02  0.0000E+00      -1  -0.943E-01   20.00  0.2769E-05  0.0000E+00
   6    -2.5000     -11.547 0.3293   0.1000E+02  0.8789E-02 -0.1000E+02  0.0000E+00      -1  -0.943E-01   20.00  0.3375E-05  0.0000E+00
   7    -3.0000     -11.547 0.3293   0.1000E+02  0.8789E-02 -0.1000E+02  0.0000E+00      -1  -0.943E-01   20.00  0.4084E-05  0.0000E+00
   8    -3.5000     -11.547 0.3293   0.1000E+02  0.8789E-02 -0.1000E+02  0.0000E+00      -1  -0.943E-01   20.00  0.4912E-05  0.0000E+00
   9    -4.0000     -11.547 0.3293   0.1000E+02  0.8789E-02 -0.1000E+02  0.0000E+00      -1  -0.943E-01   20.00  0.5875E-05  0.0000E+00
  10    -4.5000     -11.547 0.3293   0.1000E+02  0.8789E-02 -0.1000E+02  0.0000E+00      -1  -0.943E-01   20.00  0.6992E-05  0.0000E+00
  11    -5.0000     -11.547 0.3293   0.1000E+02  0.8789E-02 -0.1000E+02  0.0000E+00      -1  -0.943E-01   20.00  0.8285E-05  0.0000E+00
  12    -5.5000     -11.547 0.3293   0.1000E+02  0.8789E-02 -0.1000E+02  0.0000E+00      -1  -0.943E-01   20.00  0.9777E-05  0.0000E+00
  13    -6.0000     -11.547 0.3293   0.1000E+02  0.8789E-02 -0.1000E+02  0.0000E+00      -1  -0.943E-01   20.00  0.1150E-04  0.0000E+00
  14    -6.5000     -11.547 0.3293   0.1000E+02  0.8789E-02 -0.1000E+02  0.0000E+00      -1  -0.943E-01   20.00  0.1347E-04  0.0000E+00
  15    -7.0000     -11.547 0.3293   0.1000E+02  0.8789E-02 -0.1000E+02  0.0000E+00      -1  -0.943E-01   20.00  0.1574E-04  0.0000E+00
  16    -7.5000     -11.547 0.3293   0.1000E+02  0.8789E-02 -0.1000E+02  0.0000E+00      -1  -0.943E-01   20.00  0.1833E-04  0.0000E+00
  17    -8.0000     -11.547 0.3293   0.1000E+02  0.8789E-02 -0.1000E+02  0.0000E+00      -1  -0.943E-01   20.00  0.2129E-04  0.0000E+00
  18    -8.5000     -11.547 0.3293   0.1000E+02  0.8789E-02 -0.1000E+02  0.0000E+00      -1  -0.943E-01   20.00  0.2466E-04  0.0000E+00
  19    -9.0000     -11.547 0.3293   0.1000E+02  0.8789E-02 -0.1000E+02  0.0000E+00      -1  -0.943E-01   20.00  0.2849E-04  0.0000E+00
  20    -9.5000     -11.547 0.3293   0.1000E+02  0.8789E-02 -0.1000E+02  0.0000E+00      -1  -0.943E-01   20.00  0.3285E-04  0.0000E+00
  21   -10.0000     -11.547 0.3293   0.1000E+02  0.8789E-02 -0.1000E+02  0.0000E+00      -1  -0.943E-01   20.00  0.3779E-04  0.0000E+00
  22   -10.5000     -11.547 0.3293   0.1000E+02  0.8789E-02 -0.1000E+02  0.0000E+00      -1  -0.943E-01   20.00  0.4338E-04  0.0000E+00
  23   -11.0000     -11.547 0.3293   0.1000E+02  0.8789E-02 -0.1000E+02  0.0000E+00      -1  -0.943E-01   20.00  0.4969E-04  0.0000E+00
  24   -11.5000     -11.547 0.3293   0.1000E+02  0.8789E-02 -0.1000E+02  0.0000E+00      -1  -0.943E-01   20.00  0.5681E-04  0.0000E+00
  25   -12.0000     -11.547 0.3293   0.1000E+02  0.8789E-02 -0.1000E+02  0.0000E+00      -1  -0.943E-01   20.00  0.6483E-04  0.0000E+00
  26   -12.5000     -11.547 0.3293   0.1000E+02  0.8789E-02 -0.1000E+02  0.0000E+00      -1  -0.943E-01   20.00  0.7385E-04  0.0000E+00
  27   -13.0000     -11.547 0.3293   0.1000E+02  0.8789E-02 -0.1000E+02  0.0000E+00      -1  -0.943E-01   20.00  0.8397E-04  0.0000E+00
  28   -13.5000     -11.547 0.3293   0.1000E+02  0.8789E-02 -0.1000E+02  0.0000E+00      -1  -0.943E-01   20.00  0.9533E-04  0.0000E+00
  29   -14.0000     -11.547 0.3293   0.1000E+02  0.8789E-02 -0.1000E+02  0.0000E+00      -1  -0.943E-01   20.00  0.1080E-03  0.0000E+00
  30   -14.5000     -11.547 0.3293   0.1000E+02  0.8789E-02 -0.1000E+02  0.0000E+00      -1  -0.943E-01   20.00  0.1222E-03  0.0000E+00
  31   -15.0000     -11.547 0.3293   0.1000E+02  0.8789E-02 -0.1000E+02  0.0000E+00      -1  -0.943E-01   20.00  0.1381E-03  0.0000E+00
  32   -15.5000     -11.547 0.3293   0.1000E+02  0.8789E-02 -0.1000E+02  0.0000E+00      -1  -0.943E-01   20.00  0.1558E-03  0.0000E+00
  33   -16.0000     -11.547 0.3293   0.1000E+02  0.8789E-02 -0.1000E+02  0.0000E+00      -1  -0.943E-01   20.00  0.1755E-03  0.0000E+00
  34   -16.5000     -11.547 0.3293   0.1000E+02  0.8789E-02 -0.1000E+02  0.0000E+00      -1  -0.943E-01   20.00  0.1974E-03  0.0000E+00
  35   -17.0000     -11.547 0.3293   0.1000E+02  0.8789E-02 -0.1000E+02  0.0000E+00      -1  -0.943E-01   20.00  0.2217E-03  0.0000E+00
  36   -17.5000     -11.547 0.3293   0.1000E+02  0.8789E-02 -0.1000E+02  0.0000E+00      -1  -0.943E-01   20.00  0.2486E-03  0.0000E+00
  37   -18.0000     -11.547 0.3293   0.1000E+02  0.8789E-02 -0.1000E+02  0.0000E+00      -1  -0.943E-01   20.00  0.2785E-03  0.0000E+00
  38   -18.5000     -11.547 0.3293   0.1000E+02  0.8789E-02 -0.1000E+02  0.0000E+00      -1  -0.943E-01   20.00  0.3115E-03  0.0000E+00
  39   -19.0000     -11.547 0.3293   0.1000E+02  0.8789E-02 -0.1000E+02  0.0000E+00      -1  -0.943E-01   20.00  0.3479E-03  0.0000E+00
  40   -19.5000     -11.547 0.3293   0.1000E+02  0.8789E-02 -0.1000E+02  0.0000E+00      -1  -0.943E-01   20.00  0.3882E-03  0.0000E+00
  41   -20.0000     -11.547 0.3293   0.1000E+02  0.8789E-02 -0.1000E+02  0.0000E+00      -1  -0.943E-01   20.00  0.4325E-03  0.0000E+00
  42   -20.5000     -11.547 0.3293   0.1000E+02  0.8789E-02 -0.1000E+02  0.0000E+00      -1  -0.943E-01   20.00  0.4813E-03  0.0000E+00
  43   -21.0000     -11.547 0.3293   0.1000E+02  0.8789E-02 -0.1000E+02  0.0000E+00      -1  -0.943E-01   20.00  0.5349E-03  0.0000E+00
  44   -21.5000     -11.547 0.3293   0.1000E+02  0.8789E-02 -0.1000E+02  0.0000E+00      -1  -0.943E-01   20.00  0.5938E-03  0.0000E+00
  45   -22.0000     -11.547 0.3293   0.1000E+02  0.8789E-02 -0.1000E+02  0.0000E+00      -1  -0.943E-01   20.00  0.6584E-03  0.0000E+00
  46   -22.5000     -11.547 0.3293   0.1000E+02  0.8789E-02 -0.1000E+02  0.0000E+00      -1  -0.943E-01   20.00  0.7291E-03  0.0000E+00
  47   -23.0000     -11.547 0.3293   0.1000E+02  0.8789E-02 -0.1000E+02  0.0000E+00      -1  -0.943E-01   20.00  0.8065E-03  0.0000E+00
  48   -23.5000     -11.547 0.3293   0.1000E+02  0.8789E-02 -0.1000E+02  0.0000E+00      -1  -0.943E-01   20.00  0.8911E-03  0.0000E+00
  49   -24.0000     -11.547 0.3293   0.1000E+02  0.8789E-02 -0.1000E+02  0.0000E+00      -1  -0.943E-01   20.00  0.9834E-03  0.0000E+00
  50   -24.5000     -11.547 0.3293   0.1000E+02  0.8789E-02 -0.1000E+02  0.0000E+00      -1  -0.943E-01   20.00  0.1084E-02  0.0000E+00
  51   -25.0000     -11.547 0.3293   0.1000E+02  0.8789E-02 -0.1000E+02  0.0000E+00      -1  -0.943E-01   20.00  0.1194E-02  0.0000E+00
  52   -25.5000     -11.547 0.3293   0.1000E+02  0.8789E-02 -0.1000E+02  0.0000E+00      -1  -0.943E-01   20.00  0.1313E-02  0.0000E+00
  53   -26.0000     -11.547 0.3293   0.1000E+02  0.8789E-02 -0.1000E+02  0.0000E+00      -1  -0.943E-01   20.00  0.1442E-02  0.0000E+00
  54   -26.5000     -11.547 0.3293   0.1000E+02  0.8789E-02 -0.1000E+02  0.0000E+00      -1  -0.943E-01   20.00  0.1583E-02  0.0000E+00
  55   -27.0000     -11.547 0.3293   0.1000E+02  0.8789E-02 -0.1000E+02  0.0000E+00      -1  -0.943E-01   20.00  0.1735E-02  0.0000E+00
  56   -27.5000     -11.547 0.3293   0.1000E+02  0.8789E-02 -0.1000E+02  0.0000E+00      -1  -0.943E-01   20.00  0.1900E-02  0.0000E+00
  57   -28.0000     -11.547 0.3293   0.1000E+02  0.8789E-02 -0.1000E+02  0.0000E+00      -1  -0.943E-01   20.00  0.2078E-02  0.0000E+00
  58   -28.5000     -11.547 0.3293   0.1000E+02  0.8789E-02 -0.1000E+02  0.0000E+00      -1  -0.943E-01   20.00  0.2271E-02  0.0000E+00
  59   -29.0000     -11.547 0.3293   0.1000E+02  0.8789E-02 -0.1000E+02  0.0000E+00      -1  -0.943E-01   20.00  0.2479E-02  0.0000E+00
  60   -29.5000     -11.547 0.3293   0.1000E+02  0.8789E-02 -0.1000E+02  0.0000E+00      -1  -0.943E-01   20.00  0.2703E-02  0.0000E+00
  61   -30.0000     -11.547 0.3293   0.1000E+02  0.8789E-02 -0.1000E+02  0.0000E+00      -1  -0.943E-01   20.00  0.2945E-02  0.0000E+00
  62   -30.5000     -11.547 0.3293   0.1000E+02  0.8789E-02 -0.1000E+02  0.0000E+00      -1  -0.943E-01   20.00  0.3205E-02  0.0000E+00
  63   -31.0000     -11.547 0.3293   0.1000E+02  0.8789E-02 -0.1000E+02  0.0000E+00      -1  -0.943E-01   20.00  0.3484E-02  0.0000E+00
  64   -31.5000     -11.547 0.3293   0.1000E+02  0.8789E-02 -0.1000E+02  0.0000E+00      -1  -0.943E-01   20.00  0.3783E-02  0.0000E+00
  65   -32.0000     -11.547 0.3293   0.1000E+02  0.8789E-02 -0.1000E+02  0.0000E+00      -1  -0.943E-01   20.00  0.4104E-02  0.0000E+00
  66   -32.5000     -11.547 0.3293   0.1000E+02  0.8789E-02 -0.1000E+02  0.0000E+00      -1  -0.943E-01   20.00  0.4448E-02  0.0000E+00
  67   -33.0000     -11.547 0.3293   0.1000E+02  0.8789E-02 -0.1000E+02  0.0000E+00      -1  -0.943E-01   20.00  0.4815E-02  0.0000E+00
  68   -33.5000     -11.547 0.3293   0.1000E+02  0.8789E-02 -0.1000E+02  0.0000E+00      -1  -0.943E-01   20.00  0.5208E-02  0.0000E+00
  69   -34.0000     -11.547 0.3293   0.1000E+02  0.8789E-02 -0.1000E+02  0.0000E+00      -1  -0.943E-01   20.00  0.5628E-02  0.0000E+00
  70   -34.5000     -11.547 0.3293   0.1000E+02  0.8789E-02 -0.1000E+02  0.0000E+00      -1  -0.943E-01   20.00  0.6075E-02  0.0000E+00
  71   -35.0000     -11.547 0.3293   0.1000E+02  0.8789E-02 -0.1000E+02  0.0000E+00      -1  -0.943E-01   20.00  0.6551E-02  0.0000E+00
  72   -35.5000     -11.547 0.3293   0.1000E+02  0.8789E-02 -0.1000E+02  0.0000E+00      -1  -0.943E-01   20.00  0.7057E-02  0.0000E+00
  73   -36.0000     -11.547 0.3293   0.1000E+02  0.8789E-02 -0.1000E+02  0.0000E+00      -1  -0.943E-01   20.00  0.7596E-02  0.0000E+00
  74   -36.5000     -11.547 0.3293   0.1000E+02  0.8789E-02 -0.1000E+02  0.0000E+00      -1  -0.943E-01   20.00  0.8167E-02  0.0000E+00
  75   -37.0000     -11.547 0.3293   0.1000E+02  0.8789E-02 -0.1000E+02  0.0000E+00      -1  -0.943E-01   20.00  0.8773E-02  0.0000E+00
  76   -37.5000     -11.547 0.3293   0.1000E+02  0.8789E-02 -0.1000E+02  0.0000E+00      -1  -0.943E-01   20.00  0.9415E-02  0.0000E+00
  77   -38.0000     -11.547 0.3293   0.1000E+02  0.8789E-02 -0.1000E+02  0.0000E+00      -1  -0.943E-01   20.00  0.1009E-01  0.0000E+00
  78   -38.5000     -11.547 0.3293   0.1000E+02  0.8789E-02 -0.1000E+02  0.0000E+00      -1  -0.943E-01   20.00  0.1081E-01  0.0000E+00
  79   -39.0000     -11.547 0.3293   0.1000E+02  0.8789E-02 -0.1000E+02  0.0000E+00      -1  -0.943E-01   20.00  0.1157E-01  0.0000E+00
  80   -39.5000     -11.547 0.3293   0.1000E+02  0.8789E-02 -0.1000E+02  0.0000E+00      -1  -0.943E-01   20.00  0.1237E-01  0.0000E+00
  81   -40.0000     -11.547 0.3293   0.1000E+02  0.8789E-02 -0.1000E+02  0.0000E+00      -1  -0.943E-01   20.00  0.1321E-01  0.0000E+00
  82   -40.5000     -11.547 0.3293   0.1000E+02  0.8789E-02 -0.1000E+02  0.0000E+00      -1  -0.943E-01   20.00  0.1410E-01  0.0000E+00
  83   -41.0000     -11.547 0.3293   0.1000E+02  0.8789E-02 -0.1000E+02  0.0000E+00      -1  -0.942E-01   20.00  0.1503E-01  0.0000E+00
  84   -41.5000     -11.547 0.3293   0.1000E+02  0.8789E-02 -0.1000E+02  0.0000E+00      -1  -0.943E-01   20.00  0.1600E-01  0.0000E+00
  85   -42.0000     -11.547 0.3293   0.1000E+02  0.8789E-02 -0.1000E+02  0.0000E+00      -1  -0.943E-01   20.00  0.1703E-01  0.0000E+00
  86   -42.5000     -11.547 0.3293   0.1000E+02  0.8789E-02 -0.1000E+02  0.0000E+00      -1  -0.942E-01   20.00  0.1810E-01  0.0000E+00
  87   -43.0000     -11.547 0.3293   0.1000E+02  0.8789E-02 -0.1000E+02  0.0000E+00      -1  -0.943E-01   20.00  0.1923E-01  0.0000E+00
  88   -43.5000     -11.547 0.3293   0.1000E+02  0.8789E-02 -0.1000E+02  0.0000E+00      -1  -0.943E-01   20.00  0.2040E-01  0.0000E+00
  89   -44.0000     -11.547 0.3293   0.1000E+02  0.8789E-02 -0.1000E+02  0.0000E+00      -1  -0.942E-01   20.00  0.2162E-01  0.0000E+00
  90   -44.5000     -11.547 0.3293   0.1000E+02  0.8789E-02 -0.1000E+02  0.0000E+00      -1  -0.943E-01   20.00  0.2290E-01  0.0000E+00
  91   -45.0000     -11.547 0.3293   0.1000E+02  0.8789E-02 -0.1000E+02  0.0000E+00      -1  -0.943E-01   20.00  0.2423E-01  0.0000E+00
  92   -45.5000     -11.547 0.3293   0.1000E+02  0.8789E-02 -0.1000E+02  0.0000E+00      -1  -0.943E-01   20.00  0.2562E-01  0.0000E+00
  93   -46.0000     -11.547 0.3293   0.1000E+02  0.8789E-02 -0.1000E+02  0.0000E+00      -1  -0.943E-01   20.00  0.2706E-01  0.0000E+00
  94   -46.5000     -11.547 0.3293   0.1000E+02  0.8789E-02 -0.1000E+02  0.0000E+00      -1  -0.943E-01   20.00  0.2855E-01  0.0000E+00
  95   -47.0000     -11.547 0.3293   0.1000E+02  0.8789E-02 -0.1000E+02  0.0000E+00      -1  -0.943E-01   20.00  0.3010E-01  0.0000E+00
  96   -47.5000     -11.547 0.3293   0.1000E+02  0.8789E-02 -0.1000E+02  0.0000E+00      -1  -0.943E-01   20.00  0.3170E-01  0.0000E+00
  97   -48.0000     -11.547 0.3293   0.1000E+02  0.8789E-02 -0.1000E+02  0.0000E+00      -1  -0.943E-01   20.00  0.3336E-01  0.0000E+00
  98   -48.5000     -11.547 0.3293   0.1000E+02  0.8789E-02 -0.1000E+02  0.0000E+00      -1  -0.943E-01   20.00  0.3507E-01  0.0000E+00
  99   -49.0000     -11.547 0.3293   0.1000E+02  0.8789E-02 -0.1000E+02  0.0000E+00      -1  -0.943E-01   20.00  0.3684E-01  0.0000E+00
 100   -49.5000     -11.547 0.3293   0.1000E+02  0.8789E-02 -0.1000E+02  0.0000E+00      -1  -0.942E-01   20.00  0.3865E-01  0.0000E+00
 101   -50.0000     -11.547 0.3293   0.1000E+02  0.8789E-02 -0.1000E+02  0.0000E+00      -1  -0.943E-01   20.00  0.4052E-01  0.0000E+00
 102   -50.5000     -11.547 0.3293   0.1000E+02  0.8789E-02 -0.1000E+02  0.0000E+00      -1  -0.943E-01   20.00  0.4244E-01  0.0000E+00
 103   -51.0000     -11.547 0.3293   0.1000E+02  0.8789E-02 -0.1000E+02  0.0000E+00      -1  -0.943E-01   20.00  0.4440E-01  0.0000E+00
 104   -51.5000     -11.547 0.3293   0.1000E+02  0.8789E-02 -0.1000E+02  0.0000E+00      -1  -0.943E-01   20.00  0.4641E-01  0.0000E+00
 105   -52.0000     -11.547 0.3293   0.1000E+02  0.8789E-02 -0.1000E+02  0.0000E+00      -1  -0.943E-01   20.00  0.4846E-01  0.0000E+00
 106   -52.5000     -11.547 0.3293   0.1000E+02  0.8789E-02 -0.1000E+02  0.0000E+00      -1  -0.943E-01   20.00  0.5054E-01  0.0000E+00
 107   -53.0000     -11.547 0.3293   0.1000E+02  0.8789E-02 -0.1000E+02  0.0000E+00      -1  -0.942E-01   20.00  0.5266E-01  0.0000E+00
 108   -53.5000     -11.547 0.3293   0.1000E+02  0.8789E-02 -0.1000E+02  0.0000E+00      -1  -0.942E-01   20.00  0.5479E-01  0.0000E+00
 109   -54.0000     -11.547 0.3293   0.1000E+02  0.8789E-02 -0.1000E+02  0.0000E+00      -1  -0.942E-01   20.00  0.5695E-01  0.0000E+00
 110   -54.5000     -11.547 0.3293   0.1000E+02  0.8789E-02 -0.1000E+02  0.0000E+00      -1  -0.942E-01   20.00  0.5911E-01  0.0000E+00
 111   -55.0000     -11.547 0.3293   0.1000E+02  0.8789E-02 -0.1000E+02  0.0000E+00      -1  -0.942E-01   20.00  0.6126E-01  0.0000E+00
 112   -55.5000     -11.547 0.3293   0.1000E+02  0.8789E-02 -0.1000E+02  0.0000E+00      -1  -0.942E-01   20.00  0.6339E-01  0.0000E+00
 113   -56.0000     -11.547 0.3293   0.1000E+02  0.8789E-02 -0.1000E+02  0.0000E+00      -1  -0.943E-01   20.00  0.6548E-01  0.0000E+00
 114   -56.5000     -11.547 0.3293   0.1000E+02  0.8789E-02 -0.1000E+02  0.0000E+00      -1  -0.943E-01   20.00  0.6749E-01  0.0000E+00
 115   -57.0000     -11.547 0.3293   0.1000E+02  0.8789E-02 -0.1000E+02  0.0000E+00      -1  -0.942E-01   20.00  0.6941E-01  0.0000E+00
 116   -57.5000     -11.547 0.3293   0.1000E+02  0.8789E-02 -0.1000E+02  0.0000E+00      -1  -0.942E-01   20.00  0.7118E-01  0.0000E+00
 117   -58.0000     -11.547 0.3293   0.1000E+02  0.8789E-02 -0.1000E+02  0.0000E+00      -1  -0.942E-01   20.00  0.7276E-01  0.0000E+00
 118   -58.5000     -11.547 0.3293   0.1000E+02  0.8789E-02 -0.1000E+02  0.0000E+00      -1  -0.942E-01   20.00  0.7409E-01  0.0000E+00
 119   -59.0000     -11.547 0.3293   0.1000E+02  0.8789E-02 -0.1000E+02  0.0000E+00      -1  -0.942E-01   20.00  0.7508E-01  0.0000E+00
 120   -59.5000     -11.547 0.3293   0.1000E+02  0.8789E-02 -0.1000E+02  0.0000E+00      -1  -0.942E-01   20.00  0.7564E-01  0.0000E+00
 121   -60.0000     -11.547 0.3293   0.1000E+02  0.8789E-02 -0.1000E+02  0.0000E+00      -1  -0.942E-01   20.00  0.7564E-01  0.0000E+00
end


 Time:        5.5000


 Node      Depth      Head Moisture       K          C         Flux        Sink         Kappa   v/KsTop   Temp   Conc(1..NS) Sorb(1...NS)
           [L]        [L]    [-]        [L/T]      [1/L]      [L/T]        [1/T]         [-]      [-]      [C]      [M/L*3]

   1     0.0000     -11.547 0.3293   0.1000E+02  0.8789E-02 -0.1000E+02  0.0000E+00      -1  -0.943E-01   20.00  0.3573E-06  0.0000E+00
   2    -0.5000     -11.547 0.3293   0.1000E+02  0.8789E-02 -0.1000E+02  0.0000E+00      -1  -0.943E-01   20.00  0.4551E-06  0.0000E+00
   3    -1.0000     -11.547 0.3293   0.1000E+02  0.8789E-02 -0.1000E+02  0.0000E+00      -1  -0.943E-01   20.00  0.5714E-06  0.0000E+00
   4    -1.5000     -11.547 0.3293   0.1000E+02  0.8789E-02 -0.1000E+02  0.0000E+00      -1  -0.943E-01   20.00  0.7093E-06  0.0000E+00
   5    -2.0000     -11.547 0.3293   0.1000E+02  0.8789E-02 -0.1000E+02  0.0000E+00      -1  -0.943E-01   20.00  0.8720E-06  0.0000E+00
   6    -2.5000     -11.547 0.3293   0.1000E+02  0.8789E-02 -0.1000E+02  0.0000E+00      -1  -0.943E-01   20.00  0.1063E-05  0.0000E+00
   7    -3.0000     -11.547 0.3293   0.1000E+02  0.8789E-02 -0.1000E+02  0.0000E+00      -1  -0.943E-01   20.00  0.1288E-05  0.0000E+00
   8    -3.5000     -11.547 0.3293   0.1000E+02  0.8789E-02 -0.1000E+02  0.0000E+00      -1  -0.943E-01   20.00  0.1550E-05  0.0000E+00
   9    -4.0000     -11.547 0.3293   0.1000E+02  0.8789E-02 -0.1000E+02  0.0000E+00      -1  -0.943E-01   20.00  0.1856E-05  0.0000E+00
  10    -4.5000     -11.547 0.3293   0.1000E+02  0.8789E-02 -0.1000E+02  0.0000E+00      -1  -0.943E-01   20.00  0.2211E-05  0.0000E+00
  11    -5.0000     -11.547 0.3293   0.1000E+02  0.8789E-02 -0.1000E+02  0.0000E+00      -1  -0.943E-01   20.00  0.2623E-05  0.0000E+00
  12    -5.5000     -11.547 0.3293   0.1000E+02  0.8789E-02 -0.1000E+02  0.0000E+00      -1  -0.943E-01   20.00  0.3099E-05  0.0000E+00
  13    -6.0000     -11.547 0.3293   0.1000E+02  0.8789E-02 -0.1000E+02  0.0000E+00      -1  -0.943E-01   20.00  0.3649E-05  0.0000E+00
  14    -6.5000     -11.547 0.3293   0.1000E+02  0.8789E-02 -0.1000E+02  0.0000E+00      -1  -0.943E-01   20.00  0.4281E-05  0.0000E+00
  15    -7.0000     -11.547 0.3293   0.1000E+02  0.8789E-02 -0.1000E+02  0.0000E+00      -1  -0.943E-01   20.00  0.5008E-05  0.0000E+00
  16    -7.5000     -11.547 0.3293   0.1000E+02  0.8789E-02 -0.1000E+02  0.0000E+00      -1  -0.943E-01   20.00  0.5842E-05  0.0000E+00
  17    -8.0000     -11.547 0.3293   0.1000E+02  0.8789E-02 -0.1000E+02  0.0000E+00      -1  -0.943E-01   20.00  0.6796E-05  0.0000E+00
  18    -8.5000     -11.547 0.3293   0.1000E+02  0.8789E-02 -0.1000E+02  0.0000E+00      -1  -0.943E-01   20.00  0.7886E-05  0.0000E+00
  19    -9.0000     -11.547 0.3293   0.1000E+02  0.8789E-02 -0.1000E+02  0.0000E+00      -1  -0.943E-01   20.00  0.9130E-05  0.0000E+00
  20    -9.5000     -11.547 0.3293   0.1000E+02  0.8789E-02 -0.1000E+02  0.0000E+00      -1  -0.943E-01   20.00  0.1055E-04  0.0000E+00
  21   -10.0000     -11.547 0.3293   0.1000E+02  0.8789E-02 -0.1000E+02  0.0000E+00      -1  -0.943E-01   20.00  0.1215E-04  0.0000E+00
  22   -10.5000     -11.547 0.3293   0.1000E+02  0.8789E-02 -0.1000E+02  0.0000E+00      -1  -0.943E-01   20.00  0.1398E-04  0.0000E+00
  23   -11.0000     -11.547 0.3293   0.1000E+02  0.8789E-02 -0.1000E+02  0.0000E+00      -1  -0.943E-01   20.00  0.1605E-04  0.0000E+00
  24   -11.5000     -11.547 0.3293   0.1000E+02  0.8789E-02 -0.1000E+02  0.0000E+00      -1  -0.943E-01   20.00  0.1839E-04  0.0000E+00
  25   -12.0000     -11.547 0.3293   0.1000E+02  0.8789E-02 -0.1000E+02  0.0000E+00      -1  -0.943E-01   20.00  0.2103E-04  0.0000E+00
  26   -12.5000     -11.547 0.3293   0.1000E+02  0.8789E-02 -0.1000E+02  0.0000E+00      -1  -0.943E-01   20.00  0.2401E-04  0.0000E+00
  27   -13.0000     -11.547 0.3293   0.1000E+02  0.8789E-02 -0.1000E+02  0.0000E+00      -1  -0.943E-01   20.00  0.2737E-04  0.0000E+00
  28   -13.5000     -11.547 0.3293   0.1000E+02  0.8789E-02 -0.1000E+02  0.0000E+00      -1  -0.943E-01   20.00  0.3115E-04  0.0000E+00
  29   -14.0000     -11.547 0.3293   0.1000E+02  0.8789E-02 -0.1000E+02  0.0000E+00      -1  -0.943E-01   20.00  0.3540E-04  0.0000E+00
  30   -14.5000     -11.547 0.3293   0.1000E+02  0.8789E-02 -0.1000E+02  0.0000E+00      -1  -0.943E-01   20.00  0.4016E-04  0.0000E+00
  31   -15.0000     -11.547 0.3293   0.1000E+02  0.8789E-02 -0.1000E+02  0.0000E+00      -1  -0.943E-01   20.00  0.4549E-04  0.0000E+00
  32   -15.5000     -11.547 0.3293   0.1000E+02  0.8789E-02 -0.1000E+02  0.0000E+00      -1  -0.943E-01   20.00  0.5146E-04  0.0000E+00
  33   -16.0000     -11.547 0.3293   0.1000E+02  0.8789E-02 -0.1000E+02  0.0000E+00      -1  -0.943E-01   20.00  0.5813E-04  0.0000E+00
  34   -16.5000     -11.547 0.3293   0.1000E+02  0.8789E-02 -0.1000E+02  0.0000E+00      -1  -0.943E-01   20.00  0.6558E-04  0.0000E+00
  35   -17.0000     -11.547 0.3293   0.1000E+02  0.8789E-02 -0.1000E+02  0.0000E+00      -1  -0.943E-01   20.00  0.7388E-04  0.0000E+00
  36   -17.5000     -11.547 0.3293   0.1000E+02  0.8789E-02 -0.1000E+02  0.0000E+00      -1  -0.943E-01   20.00  0.8312E-04  0.0000E+00
  37   -18.0000     -11.547 0.3293   0.1000E+02  0.8789E-02 -0.1000E+02  0.0000E+00      -1  -0.943E-01   20.00  0.9340E-04  0.0000E+00
  38   -18.5000     -11.547 0.3293   0.1000E+02  0.8789E-02 -0.1000E+02  0.0000E+00      -1  -0.943E-01   20.00  0.1048E-03  0.0000E+00
  39   -19.0000     -11.547 0.3293   0.1000E+02  0.8789E-02 -0.1000E+02  0.0000E+00      -1  -0.943E-01   20.00  0.1175E-03  0.0000E+00
  40   -19.5000     -11.547 0.3293   0.1000E+02  0.8789E-02 -0.1000E+02  0.0000E+00      -1  -0.943E-01   20.00  0.1315E-03  0.0000E+00
  41   -20.0000     -11.547 0.3293   0.1000E+02  0.8789E-02 -0.1000E+02  0.0000E+00      -1  -0.943E-01   20.00  0.1471E-03  0.0000E+00
  42   -20.5000     -11.547 0.3293   0.1000E+02  0.8789E-02 -0.1000E+02  0.0000E+00      -1  -0.943E-01   20.00  0.1642E-03  0.0000E+00
  43   -21.0000     -11.547 0.3293   0.1000E+02  0.8789E-02 -0.1000E+02  0.0000E+00      -1  -0.943E-01   20.00  0.1832E-03  0.0000E+00
  44   -21.5000     -11.547 0.3293   0.1000E+02  0.8789E-02 -0.1000E+02  0.0000E+00      -1  -0.943E-01   20.00  0.2041E-03  0.0000E+00
  45   -22.0000     -11.547 0.3293   0.1000E+02  0.8789E-02 -0.1000E+02  0.0000E+00      -1  -0.943E-01   20.00  0.2272E-03  0.0000E+00
  46   -22.5000     -11.547 0.3293   0.1000E+02  0.8789E-02 -0.1000E+02  0.0000E+00      -1  -0.943E-01   20.00  0.2526E-03  0.0000E+00
  47   -23.0000     -11.547 0.3293   0.1000E+02  0.8789E-02 -0.1000E+02  0.0000E+00      -1  -0.943E-01   20.00  0.2805E-03  0.0000E+00
  48   -23.5000     -11.547 0.3293   0.1000E+02  0.8789E-02 -0.1000E+02  0.0000E+00      -1  -0.943E-01   20.00  0.3112E-03  0.0000E+00
  49   -24.0000     -11.547 0.3293   0.1000E+02  0.8789E-02 -0.1000E+02  0.0000E+00      -1  -0.943E-01   20.00  0.3449E-03  0.0000E+00
  50   -24.5000     -11.547 0.3293   0.1000E+02  0.8789E-02 -0.1000E+02  0.0000E+00      -1  -0.943E-01   20.00  0.3818E-03  0.0000E+00
  51   -25.0000     -11.547 0.3293   0.1000E+02  0.8789E-02 -0.1000E+02  0.0000E+00      -1  -0.943E-01   20.00  0.4222E-03  0.0000E+00
  52   -25.5000     -11.547 0.3293   0.1000E+02  0.8789E-02 -0.1000E+02  0.0000E+00      -1  -0.943E-01   20.00  0.4663E-03  0.0000E+00
  53   -26.0000     -11.547 0.3293   0.1000E+02  0.8789E-02 -0.1000E+02  0.0000E+00      -1  -0.943E-01   20.00  0.5146E-03  0.0000E+00
  54   -26.5000     -11.547 0.3293   0.1000E+02  0.8789E-02 -0.1000E+02  0.0000E+00      -1  -0.943E-01   20.00  0.5673E-03  0.0000E+00
  55   -27.0000     -11.547 0.3293   0.1000E+02  0.8789E-02 -0.1000E+02  0.0000E+00      -1  -0.943E-01   20.00  0.6248E-03  0.0000E+00
  56   -27.5000     -11.547 0.3293   0.1000E+02  0.8789E-02 -0.1000E+02  0.0000E+00      -1  -0.943E-01   20.00  0.6874E-03  0.0000E+00
  57   -28.0000     -11.547 0.3293   0.1000E+02  0.8789E-02 -0.1000E+02  0.0000E+00      -1  -0.943E-01   20.00  0.7555E-03  0.0000E+00
  58   -28.5000     -11.547 0.3293   0.1000E+02  0.8789E-02 -0.1000E+02  0.0000E+00      -1  -0.943E-01   20.00  0.8296E-03  0.0000E+00
  59   -29.0000     -11.547 0.3293   0.1000E+02  0.8789E-02 -0.1000E+02  0.0000E+00      -1  -0.943E-01   20.00  0.9100E-03  0.0000E+00
  60   -29.5000     -11.547 0.3293   0.1000E+02  0.8789E-02 -0.1000E+02  0.0000E+00      -1  -0.943E-01   20.00  0.9973E-03  0.0000E+00
  61   -30.0000     -11.547 0.3293   0.1000E+02  0.8789E-02 -0.1000E+02  0.0000E+00      -1  -0.943E-01   20.00  0.1092E-02  0.0000E+00
  62   -30.5000     -11.547 0.3293   0.1000E+02  0.8789E-02 -0.1000E+02  0.0000E+00      -1  -0.943E-01   20.00  0.1194E-02  0.0000E+00
  63   -31.0000     -11.547 0.3293   0.1000E+02  0.8789E-02 -0.1000E+02  0.0000E+00      -1  -0.943E-01   20.00  0.1305E-02  0.0000E+00
  64   -31.5000     -11.547 0.3293   0.1000E+02  0.8789E-02 -0.1000E+02  0.0000E+00      -1  -0.943E-01   20.00  0.1425E-02  0.0000E+00
  65   -32.0000     -11.547 0.3293   0.1000E+02  0.8789E-02 -0.1000E+02  0.0000E+00      -1  -0.943E-01   20.00  0.1554E-02  0.0000E+00
  66   -32.5000     -11.547 0.3293   0.1000E+02  0.8789E-02 -0.1000E+02  0.0000E+00      -1  -0.943E-01   20.00  0.1693E-02  0.0000E+00
  67   -33.0000     -11.547 0.3293   0.1000E+02  0.8789E-02 -0.1000E+02  0.0000E+00      -1  -0.943E-01   20.00  0.1844E-02  0.0000E+00
  68   -33.5000     -11.547 0.3293   0.1000E+02  0.8789E-02 -0.1000E+02  0.0000E+00      -1  -0.943E-01   20.00  0.2005E-02  0.0000E+00
  69   -34.0000     -11.547 0.3293   0.1000E+02  0.8789E-02 -0.1000E+02  0.0000E+00      -1  -0.943E-01   20.00  0.2179E-02  0.0000E+00
  70   -34.5000     -11.547 0.3293   0.1000E+02  0.8789E-02 -0.1000E+02  0.0000E+00      -1  -0.943E-01   20.00  0.2366E-02  0.0000E+00
  71   -35.0000     -11.547 0.3293   0.1000E+02  0.8789E-02 -0.1000E+02  0.0000E+00      -1  -0.943E-01   20.00  0.2566E-02  0.0000E+00
  72   -35.5000     -11.547 0.3293   0.1000E+02  0.8789E-02 -0.1000E+02  0.0000E+00      -1  -0.943E-01   20.00  0.2781E-02  0.0000E+00
  73   -36.0000     -11.547 0.3293   0.1000E+02  0.8789E-02 -0.1000E+02  0.0000E+00      -1  -0.943E-01   20.00  0.3011E-02  0.0000E+00
  74   -36.5000     -11.547 0.3293   0.1000E+02  0.8789E-02 -0.1000E+02  0.0000E+00      -1  -0.943E-01   20.00  0.3257E-02  0.0000E+00
  75   -37.0000     -11.547 0.3293   0.1000E+02  0.8789E-02 -0.1000E+02  0.0000E+00      -1  -0.943E-01   20.00  0.3520E-02  0.0000E+00
  76   -37.5000     -11.547 0.3293   0.1000E+02  0.8789E-02 -0.1000E+02  0.0000E+00      -1  -0.943E-01   20.00  0.3801E-02  0.0000E+00
  77   -38.0000     -11.547 0.3293   0.1000E+02  0.8789E-02 -0.1000E+02  0.0000E+00      -1  -0.943E-01   20.00  0.4101E-02  0.0000E+00
  78   -38.5000     -11.547 0.3293   0.1000E+02  0.8789E-02 -0.1000E+02  0.0000E+00      -1  -0.943E-01   20.00  0.4421E-02  0.0000E+00
  79   -39.0000     -11.547 0.3293   0.1000E+02  0.8789E-02 -0.1000E+02  0.0000E+00      -1  -0.943E-01   20.00  0.4761E-02  0.0000E+00
  80   -39.5000     -11.547 0.3293   0.1000E+02  0.8789E-02 -0.1000E+02  0.0000E+00      -1  -0.943E-01   20.00  0.5123E-02  0.0000E+00
  81   -40.0000     -11.547 0.3293   0.1000E+02  0.8789E-02 -0.1000E+02  0.0000E+00      -1  -0.943E-01   20.00  0.5508E-02  0.0000E+00
  82   -40.5000     -11.547 0.3293   0.1000E+02  0.8789E-02 -0.1000E+02  0.0000E+00      -1  -0.943E-01   20.00  0.5917E-02  0.0000E+00
  83   -41.0000     -11.547 0.3293   0.1000E+02  0.8789E-02 -0.1000E+02  0.0000E+00      -1  -0.943E-01   20.00  0.6350E-02  0.0000E+00
  84   -41.5000     -11.547 0.3293   0.1000E+02  0.8789E-02 -0.1000E+02  0.0000E+00      -1  -0.943E-01   20.00  0.6809E-02  0.0000E+00
  85   -42.0000     -11.547 0.3293   0.1000E+02  0.8789E-02 -0.1000E+02  0.0000E+00      -1  -0.943E-01   20.00  0.7295E-02  0.0000E+00
  86   -42.5000     -11.547 0.3293   0.1000E+02  0.8789E-02 -0.1000E+02  0.0000E+00      -1  -0.943E-01   20.00  0.7809E-02  0.0000E+00
  87   -43.0000     -11.547 0.3293   0.1000E+02  0.8789E-02 -0.1000E+02  0.0000E+00      -1  -0.943E-01   20.00  0.8353E-02  0.0000E+00
  88   -43.5000     -11.547 0.3293   0.1000E+02  0.8789E-02 -0.1000E+02  0.0000E+00      -1  -0.943E-01   20.00  0.8926E-02  0.0000E+00
  89   -44.0000     -11.547 0.3293   0.1000E+02  0.8789E-02 -0.1000E+02  0.0000E+00      -1  -0.943E-01   20.00  0.9530E-02  0.0000E+00
  90   -44.5000     -11.547 0.3293   0.1000E+02  0.8789E-02 -0.1000E+02  0.0000E+00      -1  -0.943E-01   20.00  0.1017E-01  0.0000E+00
  91   -45.0000     -11.547 0.3293   0.1000E+02  0.8789E-02 -0.1000E+02  0.0000E+00      -1  -0.943E-01   20.00  0.1084E-01  0.0000E+00
  92   -45.5000     -11.547 0.3293   0.1000E+02  0.8789E-02 -0.1000E+02  0.0000E+00      -1  -0.943E-01   20.00  0.1154E-01  0.0000E+00
  93   -46.0000     -11.547 0.3293   0.1000E+02  0.8789E-02 -0.1000E+02  0.0000E+00      -1  -0.943E-01   20.00  0.1228E-01  0.0000E+00
  94   -46.5000     -11.547 0.3293   0.1000E+02  0.8789E-02 -0.1000E+02  0.0000E+00      -1  -0.943E-01   20.00  0.1305E-01  0.0000E+00
  95   -47.0000     -11.547 0.3293   0.1000E+02  0.8789E-02 -0.1000E+02  0.0000E+00      -1  -0.943E-01   20.00  0.1387E-01  0.0000E+00
  96   -47.5000     -11.547 0.3293   0.1000E+02  0.8789E-02 -0.1000E+02  0.0000E+00      -1  -0.943E-01   20.00  0.1472E-01  0.0000E+00
  97   -48.0000     -11.547 0.3293   0.1000E+02  0.8789E-02 -0.1000E+02  0.0000E+00      -1  -0.943E-01   20.00  0.1560E-01  0.0000E+00
  98   -48.5000     -11.547 0.3293   0.1000E+02  0.8789E-02 -0.1000E+02  0.0000E+00      -1  -0.943E-01   20.00  0.1653E-01  0.0000E+00
  99   -49.0000     -11.547 0.3293   0.1000E+02  0.8789E-02 -0.1000E+02  0.0000E+00      -1  -0.943E-01   20.00  0.1750E-01  0.0000E+00
 100   -49.5000     -11.547 0.3293   0.1000E+02  0.8789E-02 -0.1000E+02  0.0000E+00      -1  -0.943E-01   20.00  0.1850E-01  0.0000E+00
 101   -50.0000     -11.547 0.3293   0.1000E+02  0.8789E-02 -0.1000E+02  0.0000E+00      -1  -0.943E-01   20.00  0.1955E-01  0.0000E+00
 102   -50.5000     -11.547 0.3293   0.1000E+02  0.8789E-02 -0.1000E+02  0.0000E+00      -1  -0.943E-01   20.00  0.2063E-01  0.0000E+00
 103   -51.0000     -11.547 0.3293   0.1000E+02  0.8789E-02 -0.1000E+02  0.0000E+00      -1  -0.943E-01   20.00  0.2175E-01  0.0000E+00
 104   -51.5000     -11.547 0.3293   0.1000E+02  0.8789E-02 -0.1000E+02  0.0000E+00      -1  -0.943E-01   20.00  0.2291E-01  0.0000E+00
 105   -52.0000     -11.547 0.3293   0.1000E+02  0.8789E-02 -0.1000E+02  0.0000E+00      -1  -0.943E-01   20.00  0.2411E-01  0.0000E+00
 106   -52.5000     -11.547 0.3293   0.1000E+02  0.8789E-02 -0.1000E+02  0.0000E+00      -1  -0.943E-01   20.00  0.2534E-01  0.0000E+00
 107   -53.0000     -11.547 0.3293   0.1000E+02  0.8789E-02 -0.1000E+02  0.0000E+00      -1  -0.943E-01   20.00  0.2660E-01  0.0000E+00
 108   -53.5000     -11.547 0.3293   0.1000E+02  0.8789E-02 -0.1000E+02  0.0000E+00      -1  -0.943E-01   20.00  0.2789E-01  0.0000E+00
 109   -54.0000     -11.547 0.3293   0.1000E+02  0.8789E-02 -0.1000E+02  0.0000E+00      -1  -0.943E-01   20.00  0.2919E-01  0.0000E+00
 110   -54.5000     -11.547 0.3293   0.1000E+02  0.8789E-02 -0.1000E+02  0.0000E+00      -1  -0.943E-01   20.00  0.3052E-01  0.0000E+00
 111   -55.0000     -11.547 0.3293   0.1000E+02  0.8789E-02 -0.1000E+02  0.0000E+00      -1  -0.943E-01   20.00  0.3185E-01  0.0000E+00
 112   -55.5000     -11.547 0.3293   0.1000E+02  0.8789E-02 -0.1000E+02  0.0000E+00      -1  -0.943E-01   20.00  0.3318E-01  0.0000E+00
 113   -56.0000     -11.547 0.3293   0.1000E+02  0.8789E-02 -0.1000E+02  0.0000E+00      -1  -0.943E-01   20.00  0.3448E-01  0.0000E+00
 114   -56.5000     -11.547 0.3293   0.1000E+02  0.8789E-02 -0.1000E+02  0.0000E+00      -1  -0.943E-01   20.00  0.3576E-01  0.0000E+00
 115   -57.0000     -11.547 0.3293   0.1000E+02  0.8789E-02 -0.1000E+02  0.0000E+00      -1  -0.943E-01   20.00  0.3698E-01  0.0000E+00
 116   -57.5000     -11.547 0.3293   0.1000E+02  0.8789E-02 -0.1000E+02  0.0000E+00      -1  -0.943E-01   20.00  0.3811E-01  0.0000E+00
 117   -58.0000     -11.547 0.3293   0.1000E+02  0.8789E-02 -0.1000E+02  0.0000E+00      -1  -0.943E-01   20.00  0.3912E-01  0.0000E+00
 118   -58.5000     -11.547 0.3293   0.1000E+02  0.8789E-02 -0.1000E+02  0.0000E+00      -1  -0.943E-01   20.00  0.3998E-01  0.0000E+00
 119   -59.0000     -11.547 0.3293   0.1000E+02  0.8789E-02 -0.1000E+02  0.0000E+00      -1  -0.943E-01   20.00  0.4062E-01  0.0000E+00
 120   -59.5000     -11.547 0.3293   0.1000E+02  0.8789E-02 -0.1000E+02  0.0000E+00      -1  -0.943E-01   20.00  0.4098E-01  0.0000E+00
 121   -60.0000     -11.547 0.3293   0.1000E+02  0.8789E-02 -0.1000E+02  0.0000E+00      -1  -0.943E-01   20.00  0.4098E-01  0.0000E+00
end


 Time:        6.0000


 Node      Depth      Head Moisture       K          C         Flux        Sink         Kappa   v/KsTop   Temp   Conc(1..NS) Sorb(1...NS)
           [L]        [L]    [-]        [L/T]      [1/L]      [L/T]        [1/T]         [-]      [-]      [C]      [M/L*3]

   1     0.0000     -11.547 0.3293   0.1000E+02  0.8789E-02 -0.1000E+02  0.0000E+00      -1  -0.943E-01   20.00  0.1137E-06  0.0000E+00
   2    -0.5000     -11.547 0.3293   0.1000E+02  0.8789E-02 -0.1000E+02  0.0000E+00      -1  -0.943E-01   20.00  0.1449E-06  0.0000E+00
   3    -1.0000     -11.547 0.3293   0.1000E+02  0.8789E-02 -0.1000E+02  0.0000E+00      -1  -0.943E-01   20.00  0.1819E-06  0.0000E+00
   4    -1.5000     -11.547 0.3293   0.1000E+02  0.8789E-02 -0.1000E+02  0.0000E+00      -1  -0.943E-01   20.00  0.2259E-06  0.0000E+00
   5    -2.0000     -11.547 0.3293   0.1000E+02  0.8789E-02 -0.1000E+02  0.0000E+00      -1  -0.943E-01   20.00  0.2779E-06  0.0000E+00
   6    -2.5000     -11.547 0.3293   0.1000E+02  0.8789E-02 -0.1000E+02  0.0000E+00      -1  -0.943E-01   20.00  0.3390E-06  0.0000E+00
   7    -3.0000     -11.547 0.3293   0.1000E+02  0.8789E-02 -0.1000E+02  0.0000E+00      -1  -0.943E-01   20.00  0.4108E-06  0.0000E+00
   8    -3.5000     -11.547 0.3293   0.1000E+02  0.8789E-02 -0.1000E+02  0.0000E+00      -1  -0.943E-01   20.00  0.4949E-06  0.0000E+00
   9    -4.0000     -11.547 0.3293   0.1000E+02  0.8789E-02 -0.1000E+02  0.0000E+00      -1  -0.943E-01   20.00  0.5929E-06  0.0000E+00
  10    -4.5000     -11.547 0.3293   0.1000E+02  0.8789E-02 -0.1000E+02  0.0000E+00      -1  -0.943E-01   20.00  0.7070E-06  0.0000E+00
  11    -5.0000     -11.547 0.3293   0.1000E+02  0.8789E-02 -0.1000E+02  0.0000E+00      -1  -0.943E-01   20.00  0.8395E-06  0.0000E+00
  12    -5.5000     -11.547 0.3293   0.1000E+02  0.8789E-02 -0.1000E+02  0.0000E+00      -1  -0.943E-01   20.00  0.9929E-06  0.0000E+00
  13    -6.0000     -11.547 0.3293   0.1000E+02  0.8789E-02 -0.1000E+02  0.0000E+00      -1  -0.943E-01   20.00  0.1170E-05  0.0000E+00
  14    -6.5000     -11.547 0.3293   0.1000E+02  0.8789E-02 -0.1000E+02  0.0000E+00      -1  -0.943E-01   20.00  0.1375E-05  0.0000E+00
  15    -7.0000     -11.547 0.3293   0.1000E+02  0.8789E-02 -0.1000E+02  0.0000E+00      -1  -0.943E-01   20.00  0.1610E-05  0.0000E+00
  16    -7.5000     -11.547 0.3293   0.1000E+02  0.8789E-02 -0.1000E+02  0.0000E+00      -1  -0.943E-01   20.00  0.1881E-05  0.0000E+00
  17    -8.0000     -11.547 0.3293   0.1000E+02  0.8789E-02 -0.1000E+02  0.0000E+00      -1  -0.943E-01   20.00  0.2191E-05  0.0000E+00
  18    -8.5000     -11.547 0.3293   0.1000E+02  0.8789E-02 -0.1000E+02  0.0000E+00      -1  -0.943E-01   20.00  0.2546E-05  0.0000E+00
  19    -9.0000     -11.547 0.3293   0.1000E+02  0.8789E-02 -0.1000E+02  0.0000E+00      -1  -0.943E-01   20.00  0.2952E-05  0.0000E+00
  20    -9.5000     -11.547 0.3293   0.1000E+02  0.8789E-02 -0.1000E+02  0.0000E+00      -1  -0.943E-01   20.00  0.3414E-05  0.0000E+00
  21   -10.0000     -11.547 0.3293   0.1000E+02  0.8789E-02 -0.1000E+02  0.0000E+00      -1  -0.943E-01   20.00  0.3942E-05  0.0000E+00
  22   -10.5000     -11.547 0.3293   0.1000E+02  0.8789E-02 -0.1000E+02  0.0000E+00      -1  -0.943E-01   20.00  0.4542E-05  0.0000E+00
  23   -11.0000     -11.547 0.3293   0.1000E+02  0.8789E-02 -0.1000E+02  0.0000E+00      -1  -0.943E-01   20.00  0.5223E-05  0.0000E+00
  24   -11.5000     -11.547 0.3293   0.1000E+02  0.8789E-02 -0.1000E+02  0.0000E+00      -1  -0.943E-01   20.00  0.5995E-05  0.0000E+00
  25   -12.0000     -11.547 0.3293   0.1000E+02  0.8789E-02 -0.1000E+02  0.0000E+00      -1  -0.943E-01   20.00  0.6870E-05  0.0000E+00
  26   -12.5000     -11.547 0.3293   0.1000E+02  0.8789E-02 -0.1000E+02  0.0000E+00      -1  -0.943E-01   20.00  0.7860E-05  0.0000E+00
  27   -13.0000     -11.547 0.3293   0.1000E+02  0.8789E-02 -0.1000E+02  0.0000E+00      -1  -0.943E-01   20.00  0.8977E-05  0.0000E+00
  28   -13.5000     -11.547 0.3293   0.1000E+02  0.8789E-02 -0.1000E+02  0.0000E+00      -1  -0.943E-01   20.00  0.1024E-04  0.0000E+00
  29   -14.0000     -11.547 0.3293   0.1000E+02  0.8789E-02 -0.1000E+02  0.0000E+00      -1  -0.943E-01   20.00  0.1166E-04  0.0000E+00
  30   -14.5000     -11.547 0.3293   0.1000E+02  0.8789E-02 -0.1000E+02  0.0000E+00      -1  -0.943E-01   20.00  0.1325E-04  0.0000E+00
  31   -15.0000     -11.547 0.3293   0.1000E+02  0.8789E-02 -0.1000E+02  0.0000E+00      -1  -0.943E-01   20.00  0.1505E-04  0.0000E+00
  32   -15.5000     -11.547 0.3293   0.1000E+02  0.8789E-02 -0.1000E+02  0.0000E+00      -1  -0.943E-01   20.00  0.1706E-04  0.0000E+00
  33   -16.0000     -11.547 0.3293   0.1000E+02  0.8789E-02 -0.1000E+02  0.0000E+00      -1  -0.943E-01   20.00  0.1932E-04  0.0000E+00
  34   -16.5000     -11.547 0.3293   0.1000E+02  0.8789E-02 -0.1000E+02  0.0000E+00      -1  -0.943E-01   20.00  0.2185E-04  0.0000E+00
  35   -17.0000     -11.547 0.3293   0.1000E+02  0.8789E-02 -0.1000E+02  0.0000E+00      -1  -0.943E-01   20.00  0.2468E-04  0.0000E+00
  36   -17.5000     -11.547 0.3293   0.1000E+02  0.8789E-02 -0.1000E+02  0.0000E+00      -1  -0.943E-01   20.00  0.2784E-04  0.0000E+00
  37   -18.0000     -11.547 0.3293   0.1000E+02  0.8789E-02 -0.1000E+02  0.0000E+00      -1  -0.943E-01   20.00  0.3136E-04  0.0000E+00
  38   -18.5000     -11.547 0.3293   0.1000E+02  0.8789E-02 -0.1000E+02  0.0000E+00      -1  -0.943E-01   20.00  0.3529E-04  0.0000E+00
  39   -19.0000     -11.547 0.3293   0.1000E+02  0.8789E-02 -0.1000E+02  0.0000E+00      -1  -0.943E-01   20.00  0.3967E-04  0.0000E+00
  40   -19.5000     -11.547 0.3293   0.1000E+02  0.8789E-02 -0.1000E+02  0.0000E+00      -1  -0.943E-01   20.00  0.4453E-04  0.0000E+00
  41   -20.0000     -11.547 0.3293   0.1000E+02  0.8789E-02 -0.1000E+02  0.0000E+00      -1  -0.943E-01   20.00  0.4994E-04  0.0000E+00
  42   -20.5000     -11.547 0.3293   0.1000E+02  0.8789E-02 -0.1000E+02  0.0000E+00      -1  -0.943E-01   20.00  0.5594E-04  0.0000E+00
  43   -21.0000     -11.547 0.3293   0.1000E+02  0.8789E-02 -0.1000E+02  0.0000E+00      -1  -0.943E-01   20.00  0.6259E-04  0.0000E+00
  44   -21.5000     -11.547 0.3293   0.1000E+02  0.8789E-02 -0.1000E+02  0.0000E+00      -1  -0.943E-01   20.00  0.6996E-04  0.0000E+00
  45   -22.0000     -11.547 0.3293   0.1000E+02  0.8789E-02 -0.1000E+02  0.0000E+00      -1  -0.943E-01   20.00  0.7812E-04  0.0000E+00
  46   -22.5000     -11.547 0.3293   0.1000E+02  0.8789E-02 -0.1000E+02  0.0000E+00      -1  -0.943E-01   20.00  0.8713E-04  0.0000E+00
  47   -23.0000     -11.547 0.3293   0.1000E+02  0.8789E-02 -0.1000E+02  0.0000E+00      -1  -0.943E-01   20.00  0.9708E-04  0.0000E+00
  48   -23.5000     -11.547 0.3293   0.1000E+02  0.8789E-02 -0.1000E+02  0.0000E+00      -1  -0.943E-01   20.00  0.1081E-03  0.0000E+00
  49   -24.0000     -11.547 0.3293   0.1000E+02  0.8789E-02 -0.1000E+02  0.0000E+00      -1  -0.943E-01   20.00  0.1202E-03  0.0000E+00
  50   -24.5000     -11.547 0.3293   0.1000E+02  0.8789E-02 -0.1000E+02  0.0000E+00      -1  -0.943E-01   20.00  0.1335E-03  0.0000E+00
  51   -25.0000     -11.547 0.3293   0.1000E+02  0.8789E-02 -0.1000E+02  0.0000E+00      -1  -0.942E-01   20.00  0.1481E-03  0.0000E+00
  52   -25.5000     -11.547 0.3293   0.1000E+02  0.8789E-02 -0.1000E+02  0.0000E+00      -1  -0.942E-01   20.00  0.1642E-03  0.0000E+00
  53   -26.0000     -11.547 0.3293   0.1000E+02  0.8789E-02 -0.1000E+02  0.0000E+00      -1  -0.942E-01   20.00  0.1819E-03  0.0000E+00
  54   -26.5000     -11.547 0.3293   0.1000E+02  0.8789E-02 -0.1000E+02  0.0000E+00      -1  -0.942E-01   20.00  0.2013E-03  0.0000E+00
  55   -27.0000     -11.547 0.3293   0.1000E+02  0.8789E-02 -0.1000E+02  0.0000E+00      -1  -0.942E-01   20.00  0.2225E-03  0.0000E+00
  56   -27.5000     -11.547 0.3293   0.1000E+02  0.8789E-02 -0.1000E+02  0.0000E+00      -1  -0.942E-01   20.00  0.2458E-03  0.0000E+00
  57   -28.0000     -11.547 0.3293   0.1000E+02  0.8789E-02 -0.1000E+02  0.0000E+00      -1  -0.942E-01   20.00  0.2712E-03  0.0000E+00
  58   -28.5000     -11.547 0.3293   0.1000E+02  0.8789E-02 -0.1000E+02  0.0000E+00      -1  -0.942E-01   20.00  0.2990E-03  0.0000E+00
  59   -29.0000     -11.547 0.3293   0.1000E+02  0.8789E-02 -0.1000E+02  0.0000E+00      -1  -0.942E-01   20.00  0.3293E-03  0.0000E+00
  60   -29.5000     -11.547 0.3293   0.1000E+02  0.8789E-02 -0.1000E+02  0.0000E+00      -1  -0.942E-01   20.00  0.3623E-03  0.0000E+00
  61   -30.0000     -11.547 0.3293   0.1000E+02  0.8789E-02 -0.1000E+02  0.0000E+00      -1  -0.942E-01   20.00  0.3984E-03  0.0000E+00
  62   -30.5000     -11.547 0.3293   0.1000E+02  0.8789E-02 -0.1000E+02  0.0000E+00      -1  -0.942E-01   20.00  0.4376E-03  0.0000E+00
  63   -31.0000     -11.547 0.3293   0.1000E+02  0.8789E-02 -0.1000E+02  0.0000E+00      -1  -0.942E-01   20.00  0.4803E-03  0.0000E+00
  64   -31.5000     -11.547 0.3293   0.1000E+02  0.8789E-02 -0.1000E+02  0.0000E+00      -1  -0.942E-01   20.00  0.5266E-03  0.0000E+00
  65   -32.0000     -11.547 0.3293   0.1000E+02  0.8789E-02 -0.1000E+02  0.0000E+00      -1  -0.942E-01   20.00  0.5769E-03  0.0000E+00
  66   -32.5000     -11.547 0.3293   0.1000E+02  0.8789E-02 -0.1000E+02  0.0000E+00      -1  -0.942E-01   20.00  0.6315E-03  0.0000E+00
  67   -33.0000     -11.547 0.3293   0.1000E+02  0.8789E-02 -0.1000E+02  0.0000E+00      -1  -0.942E-01   20.00  0.6907E-03  0.0000E+00
  68   -33.5000     -11.547 0.3293   0.1000E+02  0.8789E-02 -0.1000E+02  0.0000E+00      -1  -0.942E-01   20.00  0.7547E-03  0.0000E+00
  69   -34.0000     -11.547 0.3293   0.1000E+02  0.8789E-02 -0.1000E+02  0.0000E+00      -1  -0.942E-01   20.00  0.8240E-03  0.0000E+00
  70   -34.5000     -11.547 0.3293   0.1000E+02  0.8789E-02 -0.1000E+02  0.0000E+00      -1  -0.942E-01   20.00  0.8988E-03  0.0000E+00
  71   -35.0000     -11.547 0.3293   0.1000E+02  0.8789E-02 -0.1000E+02  0.0000E+00      -1  -0.942E-01   20.00  0.9797E-03  0.0000E+00
  72   -35.5000     -11.547 0.3293   0.1000E+02  0.8789E-02 -0.1000E+02  0.0000E+00      -1  -0.942E-01   20.00  0.1067E-02  0.0000E+00
  73   -36.0000     -11.547 0.3293   0.1000E+02  0.8789E-02 -0.1000E+02  0.0000E+00      -1  -0.942E-01   20.00  0.1161E-02  0.0000E+00
  74   -36.5000     -11.547 0.3293   0.1000E+02  0.8789E-02 -0.1000E+02  0.0000E+00      -1  -0.942E-01   20.00  0.1262E-02  0.0000E+00
  75   -37.0000     -11.547 0.3293   0.1000E+02  0.8789E-02 -0.1000E+02  0.0000E+00      -1  -0.942E-01   20.00  0.1371E-02  0.0000E+00
  76   -37.5000     -11.547 0.3293   0.1000E+02  0.8789E-02 -0.1000E+02  0.0000E+00      -1  -0.942E-01   20.00  0.1488E-02  0.0000E+00
  77   -38.0000     -11.547 0.3293   0.1000E+02  0.8789E-02 -0.1000E+02  0.0000E+00      -1  -0.942E-01   20.00  0.1614E-02  0.0000E+00
  78   -38.5000     -11.547 0.3293   0.1000E+02  0.8789E-02 -0.1000E+02  0.0000E+00      -1  -0.943E-01   20.00  0.1749E-02  0.0000E+00
  79   -39.0000     -11.547 0.3293   0.1000E+02  0.8789E-02 -0.1000E+02  0.0000E+00      -1  -0.943E-01   20.00  0.1894E-02  0.0000E+00
  80   -39.5000     -11.547 0.3293   0.1000E+02  0.8789E-02 -0.1000E+02  0.0000E+00      -1  -0.943E-01   20.00  0.2049E-02  0.0000E+00
  81   -40.0000     -11.547 0.3293   0.1000E+02  0.8789E-02 -0.1000E+02  0.0000E+00      -1  -0.943E-01   20.00  0.2215E-02  0.0000E+00
  82   -40.5000     -11.547 0.3293   0.1000E+02  0.8789E-02 -0.1000E+02  0.0000E+00      -1  -0.943E-01   20.00  0.2392E-02  0.0000E+00
  83   -41.0000     -11.547 0.3293   0.1000E+02  0.8789E-02 -0.1000E+02  0.0000E+00      -1  -0.943E-01   20.00  0.2581E-02  0.0000E+00
  84   -41.5000     -11.547 0.3293   0.1000E+02  0.8789E-02 -0.1000E+02  0.0000E+00      -1  -0.943E-01   20.00  0.2784E-02  0.0000E+00
  85   -42.0000     -11.547 0.3293   0.1000E+02  0.8789E-02 -0.1000E+02  0.0000E+00      -1  -0.943E-01   20.00  0.2999E-02  0.0000E+00
  86   -42.5000     -11.547 0.3293   0.1000E+02  0.8789E-02 -0.1000E+02  0.0000E+00      -1  -0.943E-01   20.00  0.3229E-02  0.0000E+00
  87   -43.0000     -11.547 0.3293   0.1000E+02  0.8789E-02 -0.1000E+02  0.0000E+00      -1  -0.943E-01   20.00  0.3474E-02  0.0000E+00
  88   -43.5000     -11.547 0.3293   0.1000E+02  0.8789E-02 -0.1000E+02  0.0000E+00      -1  -0.943E-01   20.00  0.3734E-02  0.0000E+00
  89   -44.0000     -11.547 0.3293   0.1000E+02  0.8789E-02 -0.1000E+02  0.0000E+00      -1  -0.942E-01   20.00  0.4011E-02  0.0000E+00
  90   -44.5000     -11.547 0.3293   0.1000E+02  0.8789E-02 -0.1000E+02  0.0000E+00      -1  -0.943E-01   20.00  0.4304E-02  0.0000E+00
  91   -45.0000     -11.547 0.3293   0.1000E+02  0.8789E-02 -0.1000E+02  0.0000E+00      -1  -0.943E-01   20.00  0.4615E-02  0.0000E+00
  92   -45.5000     -11.547 0.3293   0.1000E+02  0.8789E-02 -0.1000E+02  0.0000E+00      -1  -0.942E-01   20.00  0.4945E-02  0.0000E+00
  93   -46.0000     -11.547 0.3293   0.1000E+02  0.8789E-02 -0.1000E+02  0.0000E+00      -1  -0.942E-01   20.00  0.5294E-02  0.0000E+00
  94   -46.5000     -11.547 0.3293   0.1000E+02  0.8789E-02 -0.1000E+02  0.0000E+00      -1  -0.943E-01   20.00  0.5662E-02  0.0000E+00
  95   -47.0000     -11.547 0.3293   0.1000E+02  0.8789E-02 -0.1000E+02  0.0000E+00      -1  -0.943E-01   20.00  0.6052E-02  0.0000E+00
  96   -47.5000     -11.547 0.3293   0.1000E+02  0.8789E-02 -0.1000E+02  0.0000E+00      -1  -0.943E-01   20.00  0.6462E-02  0.0000E+00
  97   -48.0000     -11.547 0.3293   0.1000E+02  0.8789E-02 -0.1000E+02  0.0000E+00      -1  -0.943E-01   20.00  0.6895E-02  0.0000E+00
  98   -48.5000     -11.547 0.3293   0.1000E+02  0.8789E-02 -0.1000E+02  0.0000E+00      -1  -0.943E-01   20.00  0.7350E-02  0.0000E+00
  99   -49.0000     -11.547 0.3293   0.1000E+02  0.8789E-02 -0.1000E+02  0.0000E+00      -1  -0.943E-01   20.00  0.7828E-02  0.0000E+00
 100   -49.5000     -11.547 0.3293   0.1000E+02  0.8789E-02 -0.1000E+02  0.0000E+00      -1  -0.943E-01   20.00  0.8330E-02  0.0000E+00
 101   -50.0000     -11.547 0.3293   0.1000E+02  0.8789E-02 -0.1000E+02  0.0000E+00      -1  -0.943E-01   20.00  0.8855E-02  0.0000E+00
 102   -50.5000     -11.547 0.3293   0.1000E+02  0.8789E-02 -0.1000E+02  0.0000E+00      -1  -0.943E-01   20.00  0.9404E-02  0.0000E+00
 103   -51.0000     -11.547 0.3293   0.1000E+02  0.8789E-02 -0.1000E+02  0.0000E+00      -1  -0.943E-01   20.00  0.9978E-02  0.0000E+00
 104   -51.5000     -11.547 0.3293   0.1000E+02  0.8789E-02 -0.1000E+02  0.0000E+00      -1  -0.943E-01   20.00  0.1057E-01  0.0000E+00
 105   -52.0000     -11.547 0.3293   0.1000E+02  0.8789E-02 -0.1000E+02  0.0000E+00      -1  -0.943E-01   20.00  0.1119E-01  0.0000E+00
 106   -52.5000     -11.547 0.3293   0.1000E+02  0.8789E-02 -0.1000E+02  0.0000E+00      -1  -0.943E-01   20.00  0.1184E-01  0.0000E+00
 107   -53.0000     -11.547 0.3293   0.1000E+02  0.8789E-02 -0.1000E+02  0.0000E+00      -1  -0.943E-01   20.00  0.1250E-01  0.0000E+00
 108   -53.5000     -11.547 0.3293   0.1000E+02  0.8789E-02 -0.1000E+02  0.0000E+00      -1  -0.943E-01   20.00  0.1318E-01  0.0000E+00
 109   -54.0000     -11.547 0.3293   0.1000E+02  0.8789E-02 -0.1000E+02  0.0000E+00      -1  -0.943E-01   20.00  0.1388E-01  0.0000E+00
 110   -54.5000     -11.547 0.3293   0.1000E+02  0.8789E-02 -0.1000E+02  0.0000E+00      -1  -0.943E-01   20.00  0.1459E-01  0.0000E+00
 111   -55.0000     -11.547 0.3293   0.1000E+02  0.8789E-02 -0.1000E+02  0.0000E+00      -1  -0.943E-01   20.00  0.1530E-01  0.0000E+00
 112   -55.5000     -11.547 0.3293   0.1000E+02  0.8789E-02 -0.1000E+02  0.0000E+00      -1  -0.943E-01   20.00  0.1602E-01  0.0000E+00
 113   -56.0000     -11.547 0.3293   0.1000E+02  0.8789E-02 -0.1000E+02  0.0000E+00      -1  -0.943E-01   20.00  0.1674E-01  0.0000E+00
 114   -56.5000     -11.547 0.3293   0.1000E+02  0.8789E-02 -0.1000E+02  0.0000E+00      -1  -0.943E-01   20.00  0.1743E-01  0.0000E+00
 115   -57.0000     -11.547 0.3293   0.1000E+02  0.8789E-02 -0.1000E+02  0.0000E+00      -1  -0.943E-01   20.00  0.1810E-01  0.0000E+00
 116   -57.5000     -11.547 0.3293   0.1000E+02  0.8789E-02 -0.1000E+02  0.0000E+00      -1  -0.943E-01   20.00  0.1873E-01  0.0000E+00
 117   -58.0000     -11.547 0.3293   0.1000E+02  0.8789E-02 -0.1000E+02  0.0000E+00      -1  -0.943E-01   20.00  0.1929E-01  0.0000E+00
 118   -58.5000     -11.547 0.3293   0.1000E+02  0.8789E-02 -0.1000E+02  0.0000E+00      -1  -0.943E-01   20.00  0.1976E-01  0.0000E+00
 119   -59.0000     -11.547 0.3293   0.1000E+02  0.8789E-02 -0.1000E+02  0.0000E+00      -1  -0.943E-01   20.00  0.2012E-01  0.0000E+00
 120   -59.5000     -11.547 0.3293   0.1000E+02  0.8789E-02 -0.1000E+02  0.0000E+00      -1  -0.943E-01   20.00  0.2032E-01  0.0000E+00
 121   -60.0000     -11.547 0.3293   0.1000E+02  0.8789E-02 -0.1000E+02  0.0000E+00      -1  -0.943E-01   20.00  0.2032E-01  0.0000E+00
end
