 ******* Program HYDRUS
 ******* Saison de culture (mais) 120 j : pluie, evaporation, transpiration, Fedd
 Date:   0. 0.    Time: 512:**:**
 Units: L = cm   , T = days , M = g    



                               Node( 11)                      Node( 31)                      Node( 61)                      Node(101)

         time         h        theta    Temp         h        theta    Temp         h        theta    Temp         h        theta    Temp   
          0.0010     -200.00  0.1930   20.000       -200.00  0.1930   20.000       -200.00  0.1930   20.000       -200.00  0.1930   20.000
          0.0020     -200.00  0.1930   20.000       -200.00  0.1930   20.000       -200.00  0.1930   20.000       -200.00  0.1930   20.000
          0.0033     -200.00  0.1930   20.000       -200.00  0.1930   20.000       -200.00  0.1930   20.000       -200.00  0.1930   20.000
          0.0050     -200.01  0.1930   20.000       -200.00  0.1930   20.000       -200.00  0.1930   20.000       -200.00  0.1930   20.000
          0.0072     -200.01  0.1930   20.000       -200.01  0.1930   20.000       -200.00  0.1930   20.000       -200.00  0.1930   20.000
          0.0100     -200.01  0.1930   20.000       -200.01  0.1930   20.000       -200.00  0.1930   20.000       -200.00  0.1930   20.000
          0.0138     -200.02  0.1930   20.000       -200.01  0.1930   20.000       -200.00  0.1930   20.000       -200.00  0.1930   20.000
          0.0186     -200.02  0.1930   20.000       -200.01  0.1930   20.000       -200.00  0.1930   20.000       -200.00  0.1930   20.000
          0.0249     -200.03  0.1930   20.000       -200.02  0.1930   20.000       -200.00  0.1930   20.000       -200.00  0.1930   20.000
          0.0330     -200.04  0.1930   20.000       -200.02  0.1930   20.000       -200.00  0.1930   20.000       -200.00  0.1930   20.000
          0.0436     -200.05  0.1930   20.000       -200.03  0.1930   20.000       -200.00  0.1930   20.000       -200.00  0.1930   20.000
          0.0574     -200.07  0.1930   20.000       -200.04  0.1930   20.000       -200.00  0.1930   20.000       -200.00  0.1930   20.000
          0.0753     -200.09  0.1930   20.000       -200.05  0.1930   20.000       -200.00  0.1930   20.000       -200.00  0.1930   20.000
          0.0986     -200.12  0.1930   20.000       -200.07  0.1930   20.000       -200.00  0.1930   20.000       -200.00  0.1930   20.000
          0.1289     -200.16  0.1930   20.000       -200.09  0.1930   20.000       -200.00  0.1930   20.000       -200.00  0.1930   20.000
          0.1683     -200.21  0.1930   20.000       -200.12  0.1930   20.000       -200.00  0.1930   20.000       -200.00  0.1930   20.000
          0.2195     -200.28  0.1929   20.000       -200.16  0.1930   20.000       -200.00  0.1930   20.000       -200.00  0.1930   20.000
          0.2860     -200.38  0.1929   20.000       -200.21  0.1930   20.000       -200.01  0.1930   20.000       -200.00  0.1930   20.000
          0.3753     -200.57  0.1929   20.000       -200.27  0.1929   20.000       -200.01  0.1930   20.000       -200.00  0.1930   20.000
          0.4794     -200.86  0.1928   20.000       -200.35  0.1929   20.000       -200.01  0.1930   20.000       -200.00  0.1930   20.000
          0.6095     -201.34  0.1926   20.000       -200.44  0.1929   20.000       -200.02  0.1930   20.000       -200.00  0.1930   20.000
          0.8048     -202.36  0.1924   20.000       -200.59  0.1928   20.000       -200.03  0.1930   20.000       -200.00  0.1930   20.000
          1.0000     -203.57  0.1920   20.000       -200.73  0.1928   20.000       -200.04  0.1930   20.000       -200.00  0.1930   20.000
          1.2500     -205.43  0.1915   20.000       -200.91  0.1928   20.000       -200.05  0.1930   20.000       -200.00  0.1930   20.000
          1.5000     -207.47  0.1910   20.000       -201.08  0.1927   20.000       -200.07  0.1930   20.000       -200.00  0.1930   20.000
          1.7500     -209.68  0.1903   20.000       -201.26  0.1927   20.000       -200.08  0.1930   20.000       -200.00  0.1930   20.000
          2.0000     -212.02  0.1897   20.000       -201.43  0.1926   20.000       -200.10  0.1930   20.000       -200.00  0.1930   20.000
          2.0010     -212.03  0.1897   20.000       -201.43  0.1926   20.000       -200.10  0.1930   20.000       -200.00  0.1930   20.000
          2.0020     -212.04  0.1897   20.000       -201.43  0.1926   20.000       -200.10  0.1930   20.000       -200.00  0.1930   20.000
          2.0030     -212.05  0.1897   20.000       -201.43  0.1926   20.000       -200.10  0.1930   20.000       -200.00  0.1930   20.000
          2.0040     -212.06  0.1897   20.000       -201.43  0.1926   20.000       -200.10  0.1930   20.000       -200.00  0.1930   20.000
          2.0050     -212.07  0.1897   20.000       -201.44  0.1926   20.000       -200.10  0.1930   20.000       -200.00  0.1930   20.000
          2.0060     -212.08  0.1897   20.000       -201.44  0.1926   20.000       -200.10  0.1930   20.000       -200.00  0.1930   20.000
          2.0070     -212.09  0.1897   20.000       -201.44  0.1926   20.000       -200.10  0.1930   20.000       -200.00  0.1930   20.000
          2.0080     -212.10  0.1897   20.000       -201.44  0.1926   20.000       -200.10  0.1930   20.000       -200.00  0.1930   20.000
          2.0093     -212.11  0.1897   20.000       -201.44  0.1926   20.000       -200.10  0.1930   20.000       -200.00  0.1930   20.000
          2.0106     -212.12  0.1897   20.000       -201.44  0.1926   20.000       -200.10  0.1930   20.000       -200.00  0.1930   20.000
          2.0119     -212.14  0.1897   20.000       -201.44  0.1926   20.000       -200.10  0.1930   20.000       -200.00  0.1930   20.000
          2.0132     -212.15  0.1897   20.000       -201.44  0.1926   20.000       -200.10  0.1930   20.000       -200.00  0.1930   20.000
          2.0145     -212.16  0.1897   20.000       -201.44  0.1926   20.000       -200.10  0.1930   20.000       -200.00  0.1930   20.000
          2.0158     -212.18  0.1897   20.000       -201.45  0.1926   20.000       -200.10  0.1930   20.000       -200.00  0.1930   20.000
          2.0171     -212.19  0.1897   20.000       -201.45  0.1926   20.000       -200.10  0.1930   20.000       -200.00  0.1930   20.000
          2.0184     -212.20  0.1897   20.000       -201.45  0.1926   20.000       -200.10  0.1930   20.000       -200.00  0.1930   20.000
          2.0197     -212.21  0.1897   20.000       -201.45  0.1926   20.000       -200.10  0.1930   20.000       -200.00  0.1930   20.000
          2.0210     -212.23  0.1897   20.000       -201.45  0.1926   20.000       -200.10  0.1930   20.000       -200.00  0.1930   20.000
          2.0227     -212.24  0.1896   20.000       -201.45  0.1926   20.000       -200.10  0.1930   20.000       -200.00  0.1930   20.000
          2.0249     -212.26  0.1896   20.000       -201.45  0.1926   20.000       -200.10  0.1930   20.000       -200.00  0.1930   20.000
          2.0271     -212.29  0.1896   20.000       -201.46  0.1926   20.000       -200.10  0.1930   20.000       -200.00  0.1930   20.000
          2.0293     -212.31  0.1896   20.000       -201.46  0.1926   20.000       -200.10  0.1930   20.000       -200.00  0.1930   20.000
          2.0321     -212.34  0.1896   20.000       -201.46  0.1926   20.000       -200.10  0.1930   20.000       -200.00  0.1930   20.000
          2.0350     -212.36  0.1896   20.000       -201.46  0.1926   20.000       -200.10  0.1930   20.000       -200.00  0.1930   20.000
          2.0378     -212.39  0.1896   20.000       -201.47  0.1926   20.000       -200.10  0.1930   20.000       -200.00  0.1930   20.000
          2.0407     -212.42  0.1896   20.000       -201.47  0.1926   20.000       -200.10  0.1930   20.000       -200.00  0.1930   20.000
          2.0436     -212.45  0.1896   20.000       -201.47  0.1926   20.000       -200.10  0.1930   20.000       -200.00  0.1930   20.000
          2.0464     -212.48  0.1896   20.000       -201.47  0.1926   20.000       -200.10  0.1930   20.000       -200.00  0.1930   20.000
          2.0493     -212.50  0.1896   20.000       -201.48  0.1926   20.000       -200.10  0.1930   20.000       -200.00  0.1930   20.000
          2.0521     -212.53  0.1896   20.000       -201.48  0.1926   20.000       -200.11  0.1930   20.000       -200.00  0.1930   20.000
          2.0558     -212.57  0.1896   20.000       -201.48  0.1926   20.000       -200.11  0.1930   20.000       -200.00  0.1930   20.000
          2.0596     -212.60  0.1895   20.000       -201.49  0.1926   20.000       -200.11  0.1930   20.000       -200.00  0.1930   20.000
          2.0633     -212.64  0.1895   20.000       -201.49  0.1926   20.000       -200.11  0.1930   20.000       -200.00  0.1930   20.000
          2.0670     -212.68  0.1895   20.000       -201.49  0.1926   20.000       -200.11  0.1930   20.000       -200.00  0.1930   20.000
          2.0707     -212.71  0.1895   20.000       -201.50  0.1926   20.000       -200.11  0.1930   20.000       -200.00  0.1930   20.000
          2.0744     -212.75  0.1895   20.000       -201.50  0.1926   20.000       -200.11  0.1930   20.000       -200.00  0.1930   20.000
          2.0781     -212.79  0.1895   20.000       -201.50  0.1926   20.000       -200.11  0.1930   20.000       -200.00  0.1930   20.000
          2.0818     -212.82  0.1895   20.000       -201.51  0.1926   20.000       -200.11  0.1930   20.000       -200.00  0.1930   20.000
          2.0867     -212.87  0.1895   20.000       -201.51  0.1926   20.000       -200.11  0.1930   20.000       -200.00  0.1930   20.000
          2.0915     -212.92  0.1895   20.000       -201.52  0.1926   20.000       -200.11  0.1930   20.000       -200.00  0.1930   20.000
          2.0963     -212.97  0.1894   20.000       -201.52  0.1926   20.000       -200.11  0.1930   20.000       -200.00  0.1930   20.000
          2.1011     -213.02  0.1894   20.000       -201.53  0.1926   20.000       -200.11  0.1930   20.000       -200.00  0.1930   20.000
          2.1074     -213.08  0.1894   20.000       -201.53  0.1926   20.000       -200.11  0.1930   20.000       -200.00  0.1930   20.000
          2.1137     -213.14  0.1894   20.000       -201.54  0.1926   20.000       -200.11  0.1930   20.000       -200.00  0.1930   20.000
          2.1200     -213.20  0.1894   20.000       -201.54  0.1926   20.000       -200.11  0.1930   20.000       -200.00  0.1930   20.000
          2.1262     -213.27  0.1894   20.000       -201.55  0.1926   20.000       -200.11  0.1930   20.000       -200.00  0.1930   20.000
          2.1325     -213.33  0.1893   20.000       -201.56  0.1926   20.000       -200.11  0.1930   20.000       -200.00  0.1930   20.000
          2.1388     -213.39  0.1893   20.000       -201.56  0.1926   20.000       -200.11  0.1930   20.000       -200.00  0.1930   20.000
          2.1451     -213.45  0.1893   20.000       -201.57  0.1926   20.000       -200.11  0.1930   20.000       -200.00  0.1930   20.000
          2.1513     -213.51  0.1893   20.000       -201.57  0.1926   20.000       -200.11  0.1930   20.000       -200.00  0.1930   20.000
          2.1576     -213.58  0.1893   20.000       -201.58  0.1926   20.000       -200.11  0.1930   20.000       -200.00  0.1930   20.000
          2.1658     -213.65  0.1893   20.000       -201.59  0.1926   20.000       -200.11  0.1930   20.000       -200.00  0.1930   20.000
          2.1739     -213.73  0.1892   20.000       -201.60  0.1926   20.000       -200.11  0.1930   20.000       -200.00  0.1930   20.000
          2.1821     -213.80  0.1892   20.000       -201.60  0.1926   20.000       -200.12  0.1930   20.000       -200.00  0.1930   20.000
          2.1902     -213.87  0.1892   20.000       -201.61  0.1926   20.000       -200.12  0.1930   20.000       -200.00  0.1930   20.000
          2.1984     -213.93  0.1892   20.000       -201.62  0.1926   20.000       -200.12  0.1930   20.000       -200.00  0.1930   20.000
          2.2066     -213.98  0.1892   20.000       -201.63  0.1926   20.000       -200.12  0.1930   20.000       -200.00  0.1930   20.000
          2.2147     -214.01  0.1892   20.000       -201.63  0.1926   20.000       -200.12  0.1930   20.000       -200.00  0.1930   20.000
          2.2229     -214.01  0.1892   20.000       -201.64  0.1926   20.000       -200.12  0.1930   20.000       -200.00  0.1930   20.000
          2.2310     -213.97  0.1892   20.000       -201.65  0.1926   20.000       -200.12  0.1930   20.000       -200.00  0.1930   20.000
          2.2392     -213.87  0.1892   20.000       -201.66  0.1926   20.000       -200.12  0.1930   20.000       -200.00  0.1930   20.000
          2.2473     -213.70  0.1892   20.000       -201.67  0.1926   20.000       -200.12  0.1930   20.000       -200.00  0.1930   20.000
          2.2555     -213.41  0.1893   20.000       -201.67  0.1925   20.000       -200.12  0.1930   20.000       -200.00  0.1930   20.000
          2.2637     -212.97  0.1894   20.000       -201.68  0.1925   20.000       -200.12  0.1930   20.000       -200.00  0.1930   20.000
          2.2718     -212.34  0.1896   20.000       -201.69  0.1925   20.000       -200.12  0.1930   20.000       -200.00  0.1930   20.000
          2.2800     -211.44  0.1899   20.000       -201.70  0.1925   20.000       -200.12  0.1930   20.000       -200.00  0.1930   20.000
          2.2881     -210.20  0.1902   20.000       -201.70  0.1925   20.000       -200.12  0.1930   20.000       -200.00  0.1930   20.000
          2.2963     -208.52  0.1907   20.000       -201.71  0.1925   20.000       -200.12  0.1930   20.000       -200.00  0.1930   20.000
          2.3044     -206.36  0.1913   20.000       -201.72  0.1925   20.000       -200.13  0.1930   20.000       -200.00  0.1930   20.000
          2.3126     -203.55  0.1920   20.000       -201.73  0.1925   20.000       -200.13  0.1930   20.000       -200.00  0.1930   20.000
          2.3208     -199.96  0.1930   20.000       -201.74  0.1925   20.000       -200.13  0.1930   20.000       -200.00  0.1930   20.000
          2.3289     -195.46  0.1943   20.000       -201.74  0.1925   20.000       -200.13  0.1930   20.000       -200.00  0.1930   20.000
          2.3371     -190.42  0.1958   20.000       -201.75  0.1925   20.000       -200.13  0.1930   20.000       -200.00  0.1930   20.000
          2.3452     -185.24  0.1978   20.000       -201.76  0.1925   20.000       -200.13  0.1930   20.000       -200.00  0.1930   20.000
          2.3534     -178.99  0.2002   20.000       -201.77  0.1925   20.000       -200.13  0.1930   20.000       -200.00  0.1930   20.000
          2.3615     -171.87  0.2029   20.000       -201.78  0.1925   20.000       -200.13  0.1930   20.000       -200.00  0.1930   20.000
          2.3697     -164.05  0.2060   20.000       -201.78  0.1925   20.000       -200.13  0.1930   20.000       -200.00  0.1930   20.000
          2.3779     -155.54  0.2092   20.000       -201.79  0.1925   20.000       -200.13  0.1930   20.000       -200.00  0.1930   20.000
          2.3860     -147.88  0.2128   20.000       -201.80  0.1925   20.000       -200.13  0.1930   20.000       -200.00  0.1930   20.000
          2.3942     -140.83  0.2166   20.000       -201.81  0.1925   20.000       -200.13  0.1930   20.000       -200.00  0.1930   20.000
          2.4023     -133.72  0.2204   20.000       -201.81  0.1925   20.000       -200.13  0.1930   20.000       -200.00  0.1930   20.000
          2.4129     -124.35  0.2254   20.000       -201.83  0.1925   20.000       -200.14  0.1930   20.000       -200.00  0.1930   20.000
          2.4235     -116.05  0.2308   20.000       -201.84  0.1925   20.000       -200.14  0.1930   20.000       -200.00  0.1930   20.000
          2.4341     -108.97  0.2360   20.000       -201.85  0.1925   20.000       -200.14  0.1930   20.000       -200.00  0.1930   20.000
          2.4448     -102.32  0.2409   20.000       -201.86  0.1925   20.000       -200.14  0.1930   20.000       -200.00  0.1930   20.000
          2.4554      -95.99  0.2455   20.000       -201.87  0.1925   20.000       -200.14  0.1930   20.000       -200.00  0.1930   20.000
          2.4691      -89.40  0.2519   20.000       -201.88  0.1925   20.000       -200.14  0.1930   20.000       -200.00  0.1930   20.000
          2.4829      -83.52  0.2578   20.000       -201.89  0.1925   20.000       -200.14  0.1930   20.000       -200.00  0.1930   20.000
          2.4967      -78.01  0.2632   20.000       -201.91  0.1925   20.000       -200.14  0.1930   20.000       -200.00  0.1930   20.000
          2.5105      -73.45  0.2685   20.000       -201.92  0.1925   20.000       -200.14  0.1930   20.000       -200.00  0.1930   20.000
          2.5243      -69.65  0.2735   20.000       -201.93  0.1925   20.000       -200.15  0.1930   20.000       -200.00  0.1930   20.000
          2.5381      -66.03  0.2782   20.000       -201.95  0.1925   20.000       -200.15  0.1930   20.000       -200.00  0.1930   20.000
          2.5519      -62.48  0.2828   20.000       -201.96  0.1925   20.000       -200.15  0.1930   20.000       -200.00  0.1930   20.000
          2.5656      -59.61  0.2867   20.000       -201.97  0.1925   20.000       -200.15  0.1930   20.000       -200.00  0.1930   20.000
          2.5794      -57.30  0.2906   20.000       -201.99  0.1925   20.000       -200.15  0.1930   20.000       -200.00  0.1930   20.000
          2.5932      -55.03  0.2944   20.000       -202.00  0.1925   20.000       -200.15  0.1930   20.000       -200.00  0.1930   20.000
          2.6070      -52.73  0.2983   20.000       -202.01  0.1925   20.000       -200.15  0.1930   20.000       -200.00  0.1930   20.000
          2.6208      -50.70  0.3017   20.000       -202.03  0.1925   20.000       -200.15  0.1930   20.000       -200.00  0.1930   20.000
          2.6346      -48.99  0.3046   20.000       -202.04  0.1924   20.000       -200.16  0.1930   20.000       -200.00  0.1930   20.000
          2.6484      -47.38  0.3073   20.000       -202.06  0.1924   20.000       -200.16  0.1930   20.000       -200.00  0.1930   20.000
          2.6663      -45.49  0.3113   20.000       -202.07  0.1924   20.000       -200.16  0.1930   20.000       -200.00  0.1930   20.000
          2.6842      -43.75  0.3149   20.000       -202.09  0.1924   20.000       -200.16  0.1930   20.000       -200.00  0.1930   20.000
          2.7021      -42.13  0.3182   20.000       -202.11  0.1924   20.000       -200.16  0.1930   20.000       -200.00  0.1930   20.000
          2.7200      -40.72  0.3212   20.000       -202.13  0.1924   20.000       -200.16  0.1930   20.000       -200.00  0.1930   20.000
          2.7380      -39.40  0.3239   20.000       -202.14  0.1924   20.000       -200.17  0.1930   20.000       -200.00  0.1930   20.000
          2.7559      -38.14  0.3265   20.000       -202.16  0.1924   20.000       -200.17  0.1930   20.000       -200.00  0.1930   20.000
          2.7738      -37.03  0.3291   20.000       -202.18  0.1924   20.000       -200.17  0.1930   20.000       -200.00  0.1930   20.000
          2.7917      -36.01  0.3316   20.000       -202.20  0.1924   20.000       -200.17  0.1930   20.000       -200.00  0.1930   20.000
          2.8097      -35.02  0.3341   20.000       -202.22  0.1924   20.000       -200.17  0.1930   20.000       -200.00  0.1930   20.000
          2.8276      -34.12  0.3363   20.000       -202.23  0.1924   20.000       -200.17  0.1930   20.000       -200.00  0.1930   20.000
          2.8448      -33.34  0.3382   20.000       -202.25  0.1924   20.000       -200.18  0.1930   20.000       -200.00  0.1930   20.000
          2.8621      -32.59  0.3401   20.000       -202.27  0.1924   20.000       -200.18  0.1930   20.000       -200.00  0.1930   20.000
          2.8793      -31.86  0.3419   20.000       -202.28  0.1924   20.000       -200.18  0.1930   20.000       -200.00  0.1930   20.000
          2.8965      -31.19  0.3435   20.000       -202.30  0.1924   20.000       -200.18  0.1930   20.000       -200.00  0.1930   20.000
          2.9138      -30.55  0.3451   20.000       -202.32  0.1924   20.000       -200.18  0.1930   20.000       -200.00  0.1930   20.000
          2.9310      -29.94  0.3466   20.000       -202.33  0.1924   20.000       -200.19  0.1930   20.000       -200.00  0.1930   20.000
          2.9483      -29.37  0.3482   20.000       -202.35  0.1924   20.000       -200.19  0.1930   20.000       -200.00  0.1930   20.000
          2.9655      -28.84  0.3497   20.000       -202.36  0.1924   20.000       -200.19  0.1930   20.000       -200.00  0.1930   20.000
          3.0000      -27.85  0.3525   20.000       -202.37  0.1924   20.000       -200.19  0.1930   20.000       -200.00  0.1930   20.000
          3.0163      -27.80  0.3526   20.000       -202.38  0.1924   20.000       -200.19  0.1930   20.000       -200.00  0.1930   20.000
          3.0326      -28.11  0.3517   20.000       -202.38  0.1924   20.000       -200.20  0.1930   20.000       -200.00  0.1930   20.000
          3.0489      -28.64  0.3502   20.000       -202.37  0.1924   20.000       -200.20  0.1930   20.000       -200.00  0.1930   20.000
          3.0652      -29.30  0.3484   20.000       -202.35  0.1924   20.000       -200.20  0.1930   20.000       -200.00  0.1930   20.000
          3.0815      -30.01  0.3464   20.000       -202.32  0.1924   20.000       -200.20  0.1930   20.000       -200.00  0.1930   20.000
          3.0979      -30.76  0.3446   20.000       -202.27  0.1924   20.000       -200.20  0.1930   20.000       -200.00  0.1930   20.000
          3.1142      -31.50  0.3428   20.000       -202.19  0.1924   20.000       -200.21  0.1930   20.000       -200.00  0.1930   20.000
          3.1305      -32.21  0.3410   20.000       -202.08  0.1924   20.000       -200.21  0.1930   20.000       -200.00  0.1930   20.000
          3.1517      -33.08  0.3388   20.000       -201.86  0.1925   20.000       -200.21  0.1930   20.000       -200.00  0.1930   20.000
          3.1729      -33.91  0.3368   20.000       -201.52  0.1926   20.000       -200.21  0.1930   20.000       -200.00  0.1930   20.000
          3.1941      -34.69  0.3349   20.000       -201.02  0.1927   20.000       -200.21  0.1929   20.000       -200.00  0.1930   20.000
          3.2153      -35.44  0.3330   20.000       -200.32  0.1929   20.000       -200.22  0.1929   20.000       -200.00  0.1930   20.000
          3.2365      -36.16  0.3312   20.000       -199.34  0.1932   20.000       -200.22  0.1929   20.000       -200.00  0.1930   20.000
          3.2577      -36.87  0.3295   20.000       -198.01  0.1936   20.000       -200.22  0.1929   20.000       -200.00  0.1930   20.000
          3.2789      -37.59  0.3277   20.000       -196.31  0.1940   20.000       -200.22  0.1929   20.000       -200.00  0.1930   20.000
          3.3001      -38.33  0.3261   20.000       -194.09  0.1946   20.000       -200.23  0.1929   20.000       -200.00  0.1930   20.000
          3.3213      -39.05  0.3246   20.000       -191.36  0.1954   20.000       -200.23  0.1929   20.000       -200.00  0.1930   20.000
          3.3425      -39.72  0.3232   20.000       -188.50  0.1965   20.000       -200.23  0.1929   20.000       -200.00  0.1930   20.000
          3.3637      -40.36  0.3219   20.000       -184.92  0.1979   20.000       -200.23  0.1929   20.000       -200.00  0.1930   20.000
          3.3912      -41.15  0.3203   20.000       -179.27  0.2001   20.000       -200.24  0.1929   20.000       -200.00  0.1930   20.000
          3.4188      -41.89  0.3187   20.000       -173.07  0.2025   20.000       -200.24  0.1929   20.000       -200.00  0.1930   20.000
          3.4464      -42.60  0.3173   20.000       -166.52  0.2050   20.000       -200.24  0.1929   20.000       -200.00  0.1930   20.000
          3.4739      -43.28  0.3158   20.000       -159.79  0.2076   20.000       -200.25  0.1929   20.000       -200.00  0.1930   20.000
          3.5015      -43.93  0.3145   20.000       -153.11  0.2102   20.000       -200.25  0.1929   20.000       -200.00  0.1930   20.000
          3.5291      -44.56  0.3132   20.000       -147.57  0.2130   20.000       -200.25  0.1929   20.000       -200.00  0.1930   20.000
          3.5649      -45.35  0.3115   20.000       -140.66  0.2167   20.000       -200.26  0.1929   20.000       -200.00  0.1930   20.000
          3.6007      -46.12  0.3099   20.000       -134.00  0.2203   20.000       -200.26  0.1929   20.000       -200.00  0.1930   20.000
          3.6365      -46.88  0.3084   20.000       -128.34  0.2233   20.000       -200.27  0.1929   20.000       -200.00  0.1930   20.000
          3.6820      -47.91  0.3064   20.000       -122.16  0.2266   20.000       -200.27  0.1929   20.000       -200.00  0.1930   20.000
          3.7456      -49.34  0.3040   20.000       -115.58  0.2311   20.000       -200.28  0.1929   20.000       -200.00  0.1930   20.000
          3.8092      -50.65  0.3018   20.000       -110.13  0.2351   20.000       -200.29  0.1929   20.000       -200.00  0.1930   20.000
          3.8728      -51.87  0.2997   20.000       -105.82  0.2383   20.000       -200.30  0.1929   20.000       -200.00  0.1930   20.000
          3.9364      -53.01  0.2978   20.000       -102.38  0.2408   20.000       -200.30  0.1929   20.000       -200.00  0.1930   20.000
          4.0000      -54.09  0.2960   20.000        -99.41  0.2430   20.000       -200.31  0.1929   20.000       -200.00  0.1930   20.000
          4.0606      -55.07  0.2944   20.000        -97.13  0.2447   20.000       -200.32  0.1929   20.000       -200.00  0.1930   20.000
          4.1211      -55.98  0.2928   20.000        -95.23  0.2461   20.000       -200.33  0.1929   20.000       -200.00  0.1930   20.000
          4.1998      -57.10  0.2910   20.000        -93.32  0.2480   20.000       -200.34  0.1929   20.000       -200.00  0.1930   20.000
          4.2798      -58.18  0.2891   20.000        -91.71  0.2496   20.000       -200.35  0.1929   20.000       -200.00  0.1930   20.000
          4.3599      -59.24  0.2874   20.000        -90.38  0.2510   20.000       -200.36  0.1929   20.000       -200.00  0.1930   20.000
          4.4665      -60.69  0.2852   20.000        -89.08  0.2523   20.000       -200.37  0.1929   20.000       -200.00  0.1930   20.000
          4.5732      -62.21  0.2832   20.000        -88.14  0.2532   20.000       -200.39  0.1929   20.000       -200.00  0.1930   20.000
          4.6799      -63.62  0.2814   20.000        -87.42  0.2539   20.000       -200.40  0.1929   20.000       -200.00  0.1930   20.000
          4.7866      -64.94  0.2796   20.000        -86.86  0.2545   20.000       -200.41  0.1929   20.000       -200.00  0.1930   20.000
          4.8933      -66.20  0.2780   20.000        -86.49  0.2548   20.000       -200.42  0.1929   20.000       -200.00  0.1930   20.000
          5.0000      -67.40  0.2764   20.000        -86.24  0.2551   20.000       -200.43  0.1929   20.000       -200.00  0.1930   20.000
          5.0010      -67.42  0.2764   20.000        -86.24  0.2551   20.000       -200.43  0.1929   20.000       -200.00  0.1930   20.000
          5.0020      -67.43  0.2764   20.000        -86.23  0.2551   20.000       -200.43  0.1929   20.000       -200.00  0.1930   20.000
          5.0030      -67.44  0.2764   20.000        -86.23  0.2551   20.000       -200.43  0.1929   20.000       -200.00  0.1930   20.000
          5.0040      -67.45  0.2763   20.000        -86.23  0.2551   20.000       -200.43  0.1929   20.000       -200.00  0.1930   20.000
          5.0050      -67.46  0.2763   20.000        -86.23  0.2551   20.000       -200.43  0.1929   20.000       -200.00  0.1930   20.000
          5.0063      -67.48  0.2763   20.000        -86.22  0.2551   20.000       -200.44  0.1929   20.000       -200.00  0.1930   20.000
          5.0076      -67.49  0.2763   20.000        -86.22  0.2551   20.000       -200.44  0.1929   20.000       -200.00  0.1930   20.000
          5.0089      -67.50  0.2763   20.000        -86.22  0.2551   20.000       -200.44  0.1929   20.000       -200.00  0.1930   20.000
          5.0106      -67.52  0.2762   20.000        -86.21  0.2551   20.000       -200.44  0.1929   20.000       -200.00  0.1930   20.000
          5.0128      -67.55  0.2762   20.000        -86.21  0.2551   20.000       -200.44  0.1929   20.000       -200.00  0.1930   20.000
          5.0150      -67.57  0.2762   20.000        -86.21  0.2551   20.000       -200.44  0.1929   20.000       -200.00  0.1930   20.000
          5.0172      -67.60  0.2761   20.000        -86.20  0.2551   20.000       -200.44  0.1929   20.000       -200.00  0.1930   20.000
          5.0200      -67.63  0.2761   20.000        -86.19  0.2551   20.000       -200.44  0.1929   20.000       -200.00  0.1930   20.000
          5.0229      -67.66  0.2761   20.000        -86.19  0.2551   20.000       -200.44  0.1929   20.000       -200.00  0.1930   20.000
          5.0257      -67.69  0.2760   20.000        -86.18  0.2551   20.000       -200.44  0.1929   20.000       -200.00  0.1930   20.000
          5.0295      -67.73  0.2760   20.000        -86.17  0.2551   20.000       -200.44  0.1929   20.000       -200.00  0.1930   20.000
          5.0343      -67.78  0.2759   20.000        -86.17  0.2552   20.000       -200.44  0.1929   20.000       -200.00  0.1930   20.000
          5.0391      -67.83  0.2758   20.000        -86.16  0.2552   20.000       -200.44  0.1929   20.000       -200.00  0.1930   20.000
          5.0439      -67.87  0.2758   20.000        -86.15  0.2552   20.000       -200.44  0.1929   20.000       -200.00  0.1930   20.000
          5.0488      -67.90  0.2757   20.000        -86.14  0.2552   20.000       -200.44  0.1929   20.000       -200.00  0.1930   20.000
          5.0536      -67.93  0.2757   20.000        -86.13  0.2552   20.000       -200.44  0.1929   20.000       -200.00  0.1930   20.000
          5.0599      -67.93  0.2757   20.000        -86.12  0.2552   20.000       -200.44  0.1929   20.000       -200.00  0.1930   20.000
          5.0661      -67.91  0.2757   20.000        -86.11  0.2552   20.000       -200.44  0.1929   20.000       -200.00  0.1930   20.000
          5.0724      -67.85  0.2758   20.000        -86.10  0.2552   20.000       -200.44  0.1929   20.000       -200.00  0.1930   20.000
          5.0806      -67.69  0.2760   20.000        -86.08  0.2552   20.000       -200.44  0.1929   20.000       -200.00  0.1930   20.000
          5.0887      -67.45  0.2763   20.000        -86.07  0.2552   20.000       -200.44  0.1929   20.000       -200.00  0.1930   20.000
          5.0969      -67.10  0.2768   20.000        -86.06  0.2553   20.000       -200.44  0.1929   20.000       -200.00  0.1930   20.000
          5.1051      -66.65  0.2774   20.000        -86.04  0.2553   20.000       -200.44  0.1929   20.000       -200.00  0.1930   20.000
          5.1157      -65.88  0.2784   20.000        -86.03  0.2553   20.000       -200.44  0.1929   20.000       -200.00  0.1930   20.000
          5.1263      -64.92  0.2797   20.000        -86.01  0.2553   20.000       -200.45  0.1929   20.000       -200.00  0.1930   20.000
          5.1369      -63.80  0.2811   20.000        -86.00  0.2553   20.000       -200.45  0.1929   20.000       -200.00  0.1930   20.000
          5.1475      -62.51  0.2828   20.000        -85.99  0.2553   20.000       -200.45  0.1929   20.000       -200.00  0.1930   20.000
          5.1581      -61.10  0.2847   20.000        -85.98  0.2553   20.000       -200.45  0.1929   20.000       -200.00  0.1930   20.000
          5.1719      -59.13  0.2876   20.000        -85.96  0.2554   20.000       -200.45  0.1929   20.000       -200.00  0.1930   20.000
          5.1856      -57.09  0.2910   20.000        -85.95  0.2554   20.000       -200.45  0.1929   20.000       -200.00  0.1930   20.000
          5.1994      -55.05  0.2944   20.000        -85.93  0.2554   20.000       -200.45  0.1929   20.000       -200.00  0.1930   20.000
          5.2132      -53.01  0.2978   20.000        -85.92  0.2554   20.000       -200.45  0.1929   20.000       -200.00  0.1930   20.000
          5.2270      -51.02  0.3012   20.000        -85.91  0.2554   20.000       -200.45  0.1929   20.000       -200.00  0.1930   20.000
          5.2449      -48.50  0.3054   20.000        -85.90  0.2554   20.000       -200.45  0.1929   20.000       -200.00  0.1930   20.000
          5.2628      -46.19  0.3098   20.000        -85.88  0.2554   20.000       -200.45  0.1929   20.000       -200.00  0.1930   20.000
          5.2808      -44.05  0.3142   20.000        -85.87  0.2554   20.000       -200.45  0.1929   20.000       -200.00  0.1930   20.000
          5.2987      -42.14  0.3182   20.000        -85.86  0.2555   20.000       -200.45  0.1929   20.000       -200.00  0.1930   20.000
          5.3166      -40.37  0.3219   20.000        -85.84  0.2555   20.000       -200.46  0.1929   20.000       -200.00  0.1930   20.000
          5.3345      -38.72  0.3253   20.000        -85.82  0.2555   20.000       -200.46  0.1929   20.000       -200.00  0.1930   20.000
          5.3525      -37.21  0.3286   20.000        -85.79  0.2555   20.000       -200.46  0.1929   20.000       -200.00  0.1930   20.000
          5.3704      -35.86  0.3320   20.000        -85.75  0.2556   20.000       -200.46  0.1929   20.000       -200.00  0.1930   20.000
          5.3937      -34.29  0.3359   20.000        -85.68  0.2556   20.000       -200.46  0.1929   20.000       -200.00  0.1930   20.000
          5.4170      -32.89  0.3393   20.000        -85.57  0.2557   20.000       -200.46  0.1929   20.000       -200.00  0.1930   20.000
          5.4403      -31.64  0.3424   20.000        -85.43  0.2559   20.000       -200.45  0.1929   20.000       -200.00  0.1930   20.000
          5.4636      -30.48  0.3453   20.000        -85.23  0.2561   20.000       -200.45  0.1929   20.000       -200.00  0.1930   20.000
          5.4869      -29.43  0.3480   20.000        -84.95  0.2564   20.000       -200.45  0.1929   20.000       -200.00  0.1930   20.000
          5.5102      -28.48  0.3507   20.000        -84.59  0.2567   20.000       -200.45  0.1929   20.000       -200.00  0.1930   20.000
          5.5405      -27.41  0.3537   20.000        -83.93  0.2574   20.000       -200.45  0.1929   20.000       -200.00  0.1930   20.000
          5.5707      -26.47  0.3563   20.000        -83.03  0.2583   20.000       -200.45  0.1929   20.000       -200.00  0.1930   20.000
          5.6010      -25.62  0.3587   20.000        -81.86  0.2594   20.000       -200.44  0.1929   20.000       -200.00  0.1930   20.000
          5.6313      -24.85  0.3609   20.000        -80.35  0.2609   20.000       -200.44  0.1929   20.000       -200.00  0.1930   20.000
          5.6616      -24.14  0.3629   20.000        -78.49  0.2628   20.000       -200.43  0.1929   20.000       -200.00  0.1930   20.000
          5.6919      -23.50  0.3648   20.000        -76.24  0.2650   20.000       -200.43  0.1929   20.000       -200.00  0.1930   20.000
          5.7227      -22.91  0.3666   20.000        -73.76  0.2681   20.000       -200.42  0.1929   20.000       -200.00  0.1930   20.000
          5.7535      -22.38  0.3682   20.000        -70.94  0.2718   20.000       -200.41  0.1929   20.000       -200.00  0.1930   20.000
          5.7843      -21.91  0.3696   20.000        -68.01  0.2756   20.000       -200.40  0.1929   20.000       -200.00  0.1930   20.000
          5.8151      -21.48  0.3710   20.000        -64.92  0.2797   20.000       -200.39  0.1929   20.000       -200.00  0.1930   20.000
          5.8459      -21.08  0.3722   20.000        -61.74  0.2838   20.000       -200.38  0.1929   20.000       -200.00  0.1930   20.000
          5.8768      -20.72  0.3733   20.000        -58.62  0.2884   20.000       -200.37  0.1929   20.000       -200.00  0.1930   20.000
          5.9076      -20.39  0.3743   20.000        -55.62  0.2934   20.000       -200.36  0.1929   20.000       -200.00  0.1930   20.000
          5.9384      -20.07  0.3753   20.000        -52.82  0.2981   20.000       -200.34  0.1929   20.000       -200.00  0.1930   20.000
          5.9692      -19.78  0.3762   20.000        -50.11  0.3027   20.000       -200.33  0.1929   20.000       -200.00  0.1930   20.000
          6.0000      -19.51  0.3770   20.000        -47.55  0.3070   20.000       -200.31  0.1929   20.000       -200.00  0.1930   20.000
          6.0010      -19.50  0.3770   20.000        -47.48  0.3071   20.000       -200.31  0.1929   20.000       -200.00  0.1930   20.000
          6.0020      -19.49  0.3771   20.000        -47.41  0.3073   20.000       -200.31  0.1929   20.000       -200.00  0.1930   20.000
          6.0033      -19.48  0.3771   20.000        -47.31  0.3075   20.000       -200.31  0.1929   20.000       -200.00  0.1930   20.000
          6.0050      -19.47  0.3771   20.000        -47.19  0.3077   20.000       -200.31  0.1929   20.000       -200.00  0.1930   20.000
          6.0072      -19.47  0.3771   20.000        -47.02  0.3081   20.000       -200.31  0.1929   20.000       -200.00  0.1930   20.000
          6.0100      -19.48  0.3771   20.000        -46.80  0.3085   20.000       -200.30  0.1929   20.000       -200.00  0.1930   20.000
          6.0138      -19.54  0.3769   20.000        -46.52  0.3091   20.000       -200.30  0.1929   20.000       -200.00  0.1930   20.000
          6.0186      -19.65  0.3766   20.000        -46.15  0.3099   20.000       -200.30  0.1929   20.000       -200.00  0.1930   20.000
          6.0249      -19.84  0.3760   20.000        -45.67  0.3109   20.000       -200.30  0.1929   20.000       -200.00  0.1930   20.000
          6.0330      -20.14  0.3751   20.000        -45.07  0.3121   20.000       -200.29  0.1929   20.000       -200.00  0.1930   20.000
          6.0436      -20.57  0.3738   20.000        -44.29  0.3137   20.000       -200.28  0.1929   20.000       -200.00  0.1930   20.000
          6.0574      -21.14  0.3720   20.000        -43.38  0.3157   20.000       -200.27  0.1929   20.000       -200.00  0.1930   20.000
          6.0753      -21.86  0.3698   20.000        -42.28  0.3179   20.000       -200.26  0.1929   20.000       -200.00  0.1930   20.000
          6.0932      -22.56  0.3677   20.000        -41.28  0.3200   20.000       -200.25  0.1929   20.000       -200.00  0.1930   20.000
          6.1112      -23.21  0.3656   20.000        -40.40  0.3218   20.000       -200.24  0.1929   20.000       -200.00  0.1930   20.000
          6.1345      -24.03  0.3632   20.000        -39.45  0.3238   20.000       -200.22  0.1929   20.000       -200.00  0.1930   20.000
          6.1578      -24.82  0.3610   20.000        -38.65  0.3255   20.000       -200.20  0.1930   20.000       -200.00  0.1930   20.000
          6.1811      -25.55  0.3589   20.000        -38.01  0.3268   20.000       -200.18  0.1930   20.000       -200.00  0.1930   20.000
          6.2044      -26.24  0.3570   20.000        -37.52  0.3279   20.000       -200.16  0.1930   20.000       -200.00  0.1930   20.000
          6.2277      -26.89  0.3552   20.000        -37.14  0.3288   20.000       -200.14  0.1930   20.000       -200.00  0.1930   20.000
          6.2579      -27.67  0.3530   20.000        -36.79  0.3297   20.000       -200.11  0.1930   20.000       -200.00  0.1930   20.000
          6.2882      -28.40  0.3509   20.000        -36.56  0.3302   20.000       -200.07  0.1930   20.000       -200.00  0.1930   20.000
          6.3185      -29.08  0.3490   20.000        -36.41  0.3306   20.000       -200.04  0.1930   20.000       -200.00  0.1930   20.000
          6.3488      -29.72  0.3472   20.000        -36.34  0.3308   20.000       -200.00  0.1930   20.000       -200.00  0.1930   20.000
          6.3791      -30.34  0.3456   20.000        -36.33  0.3308   20.000       -199.96  0.1930   20.000       -200.00  0.1930   20.000
          6.4185      -31.11  0.3437   20.000        -36.39  0.3307   20.000       -199.91  0.1930   20.000       -200.00  0.1930   20.000
          6.4578      -31.85  0.3419   20.000        -36.50  0.3304   20.000       -199.85  0.1931   20.000       -200.00  0.1930   20.000
          6.4972      -32.55  0.3402   20.000        -36.66  0.3300   20.000       -199.78  0.1931   20.000       -200.00  0.1930   20.000
          6.5366      -33.22  0.3385   20.000        -36.84  0.3295   20.000       -199.71  0.1931   20.000       -200.00  0.1930   20.000
          6.5760      -33.85  0.3369   20.000        -37.05  0.3290   20.000       -199.64  0.1931   20.000       -200.00  0.1930   20.000
          6.6153      -34.46  0.3354   20.000        -37.27  0.3285   20.000       -199.55  0.1931   20.000       -200.00  0.1930   20.000
          6.6538      -35.02  0.3341   20.000        -37.50  0.3279   20.000       -199.47  0.1932   20.000       -200.00  0.1930   20.000
          6.7033      -35.70  0.3324   20.000        -37.82  0.3272   20.000       -199.34  0.1932   20.000       -200.00  0.1930   20.000
          6.7527      -36.35  0.3308   20.000        -38.15  0.3265   20.000       -199.18  0.1932   20.000       -200.00  0.1930   20.000
          6.8022      -36.97  0.3292   20.000        -38.49  0.3258   20.000       -199.01  0.1933   20.000       -200.00  0.1930   20.000
          6.8516      -37.55  0.3278   20.000        -38.83  0.3251   20.000       -198.79  0.1933   20.000       -200.00  0.1930   20.000
          6.9011      -38.11  0.3266   20.000        -39.17  0.3244   20.000       -198.52  0.1934   20.000       -200.00  0.1930   20.000
          6.9505      -38.66  0.3255   20.000        -39.51  0.3237   20.000       -198.19  0.1935   20.000       -200.00  0.1930   20.000
          7.0000      -39.18  0.3244   20.000        -39.85  0.3230   20.000       -197.77  0.1936   20.000       -200.00  0.1930   20.000
          7.0512      -39.79  0.3231   20.000        -40.20  0.3223   20.000       -197.22  0.1938   20.000       -200.00  0.1930   20.000
          7.1024      -40.46  0.3217   20.000        -40.54  0.3215   20.000       -196.53  0.1940   20.000       -200.00  0.1930   20.000
          7.1536      -41.17  0.3202   20.000        -40.88  0.3208   20.000       -195.66  0.1942   20.000       -200.00  0.1930   20.000
          7.2047      -41.88  0.3188   20.000        -41.22  0.3201   20.000       -194.57  0.1945   20.000       -200.00  0.1930   20.000
          7.2559      -42.59  0.3173   20.000        -41.55  0.3194   20.000       -193.23  0.1949   20.000       -200.00  0.1930   20.000
          7.3225      -43.50  0.3154   20.000        -41.98  0.3186   20.000       -191.01  0.1956   20.000       -200.00  0.1930   20.000
          7.3902      -44.39  0.3135   20.000        -42.41  0.3176   20.000       -188.24  0.1966   20.000       -200.00  0.1930   20.000
          7.4580      -45.26  0.3117   20.000        -42.85  0.3167   20.000       -184.72  0.1980   20.000       -200.00  0.1930   20.000
          7.5257      -46.11  0.3100   20.000        -43.29  0.3158   20.000       -180.56  0.1996   20.000       -200.00  0.1930   20.000
          7.5935      -46.93  0.3083   20.000        -43.72  0.3149   20.000       -175.83  0.2014   20.000       -200.00  0.1930   20.000
          7.6612      -47.74  0.3067   20.000        -44.15  0.3140   20.000       -170.67  0.2034   20.000       -200.00  0.1930   20.000
          7.7290      -48.53  0.3053   20.000        -44.59  0.3131   20.000       -165.18  0.2055   20.000       -200.00  0.1930   20.000
          7.7967      -49.30  0.3041   20.000        -45.02  0.3122   20.000       -159.52  0.2077   20.000       -200.00  0.1930   20.000
          7.8984      -50.40  0.3022   20.000        -45.67  0.3109   20.000       -150.95  0.2112   20.000       -200.00  0.1930   20.000
          8.0000      -51.46  0.3004   20.000        -46.33  0.3095   20.000       -143.31  0.2153   20.000       -200.00  0.1930   20.000
          8.0010      -51.47  0.3004   20.000        -46.33  0.3095   20.000       -143.23  0.2153   20.000       -200.00  0.1930   20.000
          8.0020      -51.48  0.3004   20.000        -46.34  0.3095   20.000       -143.15  0.2153   20.000       -200.00  0.1930   20.000
          8.0033      -51.50  0.3004   20.000        -46.35  0.3095   20.000       -143.06  0.2154   20.000       -200.00  0.1930   20.000
          8.0050      -51.52  0.3003   20.000        -46.36  0.3094   20.000       -142.93  0.2155   20.000       -200.00  0.1930   20.000
          8.0072      -51.54  0.3003   20.000        -46.37  0.3094   20.000       -142.76  0.2156   20.000       -200.00  0.1930   20.000
          8.0100      -51.57  0.3002   20.000        -46.39  0.3094   20.000       -142.54  0.2157   20.000       -200.00  0.1930   20.000
          8.0138      -51.61  0.3002   20.000        -46.42  0.3093   20.000       -142.26  0.2158   20.000       -200.00  0.1930   20.000
          8.0186      -51.66  0.3001   20.000        -46.45  0.3093   20.000       -141.90  0.2160   20.000       -200.00  0.1930   20.000
          8.0249      -51.72  0.3000   20.000        -46.49  0.3092   20.000       -141.42  0.2163   20.000       -200.00  0.1930   20.000
          8.0330      -51.80  0.2998   20.000        -46.54  0.3091   20.000       -140.80  0.2166   20.000       -200.00  0.1930   20.000
          8.0436      -51.90  0.2997   20.000        -46.61  0.3089   20.000       -140.03  0.2170   20.000       -200.00  0.1930   20.000
          8.0574      -52.01  0.2995   20.000        -46.70  0.3087   20.000       -139.05  0.2175   20.000       -200.00  0.1930   20.000
          8.0753      -52.12  0.2993   20.000        -46.82  0.3085   20.000       -137.82  0.2182   20.000       -200.00  0.1930   20.000
          8.0986      -52.21  0.2992   20.000        -46.98  0.3082   20.000       -136.26  0.2190   20.000       -200.00  0.1930   20.000
          8.1289      -52.25  0.2991   20.000        -47.19  0.3077   20.000       -134.25  0.2201   20.000       -200.00  0.1930   20.000
          8.1683      -52.19  0.2992   20.000        -47.46  0.3071   20.000       -131.70  0.2215   20.000       -200.00  0.1930   20.000
          8.2195      -52.00  0.2995   20.000        -47.85  0.3065   20.000       -128.53  0.2232   20.000       -200.00  0.1930   20.000
          8.2707      -51.73  0.3000   20.000        -48.22  0.3059   20.000       -125.52  0.2248   20.000       -200.00  0.1930   20.000
          8.3372      -51.34  0.3006   20.000        -48.67  0.3051   20.000       -121.82  0.2268   20.000       -200.00  0.1930   20.000
          8.4200      -50.84  0.3015   20.000        -49.16  0.3043   20.000       -117.88  0.2294   20.000       -200.00  0.1930   20.000
          8.5029      -50.35  0.3023   20.000        -49.59  0.3036   20.000       -114.30  0.2321   20.000       -200.00  0.1930   20.000
          8.6272      -49.69  0.3034   20.000        -50.11  0.3027   20.000       -109.68  0.2354   20.000       -200.00  0.1930   20.000
          8.7514      -49.11  0.3044   20.000        -50.52  0.3020   20.000       -105.74  0.2384   20.000       -200.00  0.1930   20.000
          8.8757      -48.61  0.3052   20.000        -50.82  0.3015   20.000       -102.37  0.2408   20.000       -200.00  0.1930   20.000
          9.0000      -48.17  0.3059   20.000        -51.04  0.3011   20.000        -99.36  0.2430   20.000       -200.00  0.1930   20.000
          9.1111      -48.68  0.3051   20.000        -51.19  0.3009   20.000        -96.97  0.2448   20.000       -200.00  0.1930   20.000
          9.2222      -49.73  0.3033   20.000        -51.33  0.3006   20.000        -94.85  0.2465   20.000       -200.00  0.1930   20.000
          9.3333      -50.94  0.3013   20.000        -51.49  0.3004   20.000        -93.03  0.2483   20.000       -200.00  0.1930   20.000
          9.4444      -52.17  0.2992   20.000        -51.68  0.3001   20.000        -91.33  0.2500   20.000       -200.00  0.1930   20.000
          9.5556      -53.38  0.2972   20.000        -51.92  0.2997   20.000        -89.87  0.2515   20.000       -200.00  0.1930   20.000
          9.7037      -54.92  0.2946   20.000        -52.31  0.2990   20.000        -88.15  0.2532   20.000       -200.00  0.1930   20.000
          9.8519      -56.40  0.2921   20.000        -52.77  0.2982   20.000        -86.62  0.2547   20.000       -200.00  0.1930   20.000
         10.0000      -57.83  0.2897   20.000        -53.27  0.2974   20.000        -85.27  0.2560   20.000       -200.00  0.1930   20.000
         10.2500      -60.21  0.2858   20.000        -54.22  0.2958   20.000        -83.32  0.2580   20.000       -200.00  0.1930   20.000
         10.5000      -62.59  0.2827   20.000        -55.25  0.2941   20.000        -81.69  0.2596   20.000       -199.99  0.1930   20.000
         10.7500      -64.88  0.2797   20.000        -56.31  0.2923   20.000        -80.34  0.2609   20.000       -199.99  0.1930   20.000
         11.0000      -67.08  0.2768   20.000        -57.39  0.2905   20.000        -79.23  0.2620   20.000       -199.97  0.1930   20.000
         11.2500      -69.21  0.2740   20.000        -58.48  0.2886   20.000        -78.31  0.2629   20.000       -199.95  0.1930   20.000
         11.5000      -71.28  0.2713   20.000        -59.59  0.2868   20.000        -77.59  0.2637   20.000       -199.91  0.1930   20.000
         11.7500      -73.34  0.2686   20.000        -60.80  0.2850   20.000        -77.02  0.2642   20.000       -199.85  0.1931   20.000
         12.0000      -75.40  0.2659   20.000        -62.07  0.2834   20.000        -76.59  0.2647   20.000       -199.76  0.1931   20.000
         12.2500      -77.45  0.2638   20.000        -63.29  0.2818   20.000        -76.29  0.2650   20.000       -199.65  0.1931   20.000
         12.5000      -79.44  0.2618   20.000        -64.48  0.2802   20.000        -76.09  0.2652   20.000       -199.49  0.1931   20.000
         12.7500      -81.37  0.2599   20.000        -65.63  0.2787   20.000        -75.98  0.2653   20.000       -199.28  0.1932   20.000
         13.0000      -83.27  0.2580   20.000        -66.76  0.2772   20.000        -75.95  0.2653   20.000       -199.01  0.1933   20.000
         13.0010      -83.28  0.2580   20.000        -66.76  0.2772   20.000        -75.94  0.2653   20.000       -199.01  0.1933   20.000
         13.0023      -83.29  0.2580   20.000        -66.77  0.2772   20.000        -75.94  0.2653   20.000       -199.01  0.1933   20.000
         13.0040      -83.30  0.2580   20.000        -66.78  0.2772   20.000        -75.94  0.2653   20.000       -199.00  0.1933   20.000
         13.0062      -83.32  0.2580   20.000        -66.79  0.2772   20.000        -75.94  0.2653   20.000       -199.00  0.1933   20.000
         13.0090      -83.34  0.2580   20.000        -66.80  0.2772   20.000        -75.94  0.2653   20.000       -199.00  0.1933   20.000
         13.0128      -83.37  0.2579   20.000        -66.82  0.2772   20.000        -75.94  0.2653   20.000       -198.99  0.1933   20.000
         13.0176      -83.41  0.2579   20.000        -66.84  0.2771   20.000        -75.94  0.2653   20.000       -198.99  0.1933   20.000
         13.0239      -83.46  0.2578   20.000        -66.87  0.2771   20.000        -75.94  0.2653   20.000       -198.98  0.1933   20.000
         13.0320      -83.52  0.2578   20.000        -66.90  0.2771   20.000        -75.94  0.2653   20.000       -198.97  0.1933   20.000
         13.0402      -83.58  0.2577   20.000        -66.94  0.2770   20.000        -75.94  0.2653   20.000       -198.96  0.1933   20.000
         13.0483      -83.64  0.2577   20.000        -66.98  0.2770   20.000        -75.94  0.2653   20.000       -198.95  0.1933   20.000
         13.0589      -83.72  0.2576   20.000        -67.03  0.2769   20.000        -75.94  0.2653   20.000       -198.94  0.1933   20.000
         13.0695      -83.80  0.2575   20.000        -67.07  0.2768   20.000        -75.94  0.2653   20.000       -198.93  0.1933   20.000
         13.0833      -83.90  0.2574   20.000        -67.14  0.2767   20.000        -75.94  0.2653   20.000       -198.91  0.1933   20.000
         13.1012      -84.01  0.2573   20.000        -67.22  0.2766   20.000        -75.94  0.2653   20.000       -198.89  0.1933   20.000
         13.1245      -84.12  0.2572   20.000        -67.32  0.2765   20.000        -75.94  0.2653   20.000       -198.86  0.1933   20.000
         13.1478      -84.20  0.2571   20.000        -67.43  0.2764   20.000        -75.94  0.2653   20.000       -198.84  0.1933   20.000
         13.1711      -84.23  0.2571   20.000        -67.53  0.2762   20.000        -75.94  0.2653   20.000       -198.81  0.1933   20.000
         13.2014      -84.19  0.2571   20.000        -67.67  0.2761   20.000        -75.94  0.2653   20.000       -198.77  0.1933   20.000
         13.2317      -84.06  0.2572   20.000        -67.80  0.2759   20.000        -75.95  0.2653   20.000       -198.73  0.1934   20.000
         13.2711      -83.73  0.2576   20.000        -67.97  0.2757   20.000        -75.95  0.2653   20.000       -198.67  0.1934   20.000
         13.3105      -83.27  0.2580   20.000        -68.15  0.2754   20.000        -75.96  0.2653   20.000       -198.61  0.1934   20.000
         13.3498      -82.67  0.2586   20.000        -68.32  0.2752   20.000        -75.97  0.2653   20.000       -198.56  0.1934   20.000
         13.3892      -81.98  0.2593   20.000        -68.49  0.2750   20.000        -75.98  0.2653   20.000       -198.50  0.1934   20.000
         13.4286      -81.19  0.2601   20.000        -68.66  0.2747   20.000        -75.99  0.2653   20.000       -198.43  0.1934   20.000
         13.4798      -80.08  0.2612   20.000        -68.88  0.2745   20.000        -76.01  0.2652   20.000       -198.35  0.1935   20.000
         13.5448      -78.59  0.2627   20.000        -69.15  0.2741   20.000        -76.04  0.2652   20.000       -198.24  0.1935   20.000
         13.6098      -77.07  0.2642   20.000        -69.42  0.2738   20.000        -76.07  0.2652   20.000       -198.12  0.1935   20.000
         13.6749      -75.56  0.2657   20.000        -69.67  0.2734   20.000        -76.10  0.2651   20.000       -197.99  0.1936   20.000
         13.7399      -74.17  0.2675   20.000        -69.90  0.2731   20.000        -76.14  0.2651   20.000       -197.86  0.1936   20.000
         13.8266      -72.39  0.2699   20.000        -70.19  0.2727   20.000        -76.19  0.2651   20.000       -197.67  0.1936   20.000
         13.9133      -70.71  0.2721   20.000        -70.45  0.2724   20.000        -76.25  0.2650   20.000       -197.47  0.1937   20.000
         14.0000      -69.13  0.2741   20.000        -70.68  0.2721   20.000        -76.31  0.2649   20.000       -197.26  0.1938   20.000
         14.0865      -68.26  0.2753   20.000        -70.86  0.2719   20.000        -76.38  0.2649   20.000       -197.03  0.1938   20.000
         14.1730      -68.10  0.2755   20.000        -71.00  0.2717   20.000        -76.45  0.2648   20.000       -196.79  0.1939   20.000
         14.2557      -68.39  0.2751   20.000        -71.10  0.2716   20.000        -76.53  0.2647   20.000       -196.55  0.1940   20.000
         14.3384      -68.93  0.2744   20.000        -71.16  0.2715   20.000        -76.60  0.2647   20.000       -196.29  0.1940   20.000
         14.4211      -69.59  0.2735   20.000        -71.20  0.2714   20.000        -76.68  0.2646   20.000       -196.02  0.1941   20.000
         14.5369      -70.62  0.2722   20.000        -71.23  0.2714   20.000        -76.79  0.2645   20.000       -195.61  0.1942   20.000
         14.6913      -72.08  0.2703   20.000        -71.24  0.2714   20.000        -76.95  0.2643   20.000       -195.00  0.1944   20.000
         14.8456      -73.57  0.2683   20.000        -71.28  0.2713   20.000        -77.11  0.2641   20.000       -194.34  0.1946   20.000
         15.0000      -75.10  0.2663   20.000        -71.36  0.2712   20.000        -77.27  0.2640   20.000       -193.63  0.1948   20.000
         15.2500      -77.53  0.2637   20.000        -71.61  0.2709   20.000        -77.52  0.2637   20.000       -192.31  0.1951   20.000
         15.5000      -79.81  0.2614   20.000        -71.98  0.2704   20.000        -77.76  0.2635   20.000       -190.85  0.1956   20.000
         15.7500      -81.98  0.2593   20.000        -72.45  0.2698   20.000        -77.99  0.2633   20.000       -189.26  0.1962   20.000
         16.0000      -84.04  0.2572   20.000        -73.00  0.2691   20.000        -78.22  0.2630   20.000       -187.50  0.1969   20.000
         16.2500      -86.11  0.2552   20.000        -73.61  0.2683   20.000        -78.44  0.2628   20.000       -185.63  0.1976   20.000
         16.5000      -88.21  0.2531   20.000        -74.31  0.2674   20.000        -78.66  0.2626   20.000       -183.61  0.1984   20.000
         16.7500      -90.30  0.2510   20.000        -75.04  0.2664   20.000        -78.88  0.2624   20.000       -181.52  0.1992   20.000
         17.0000      -92.43  0.2489   20.000        -75.83  0.2654   20.000        -79.10  0.2622   20.000       -179.36  0.2001   20.000
         17.0010      -92.44  0.2489   20.000        -75.83  0.2654   20.000        -79.10  0.2622   20.000       -179.35  0.2001   20.000
         17.0020      -92.44  0.2489   20.000        -75.83  0.2654   20.000        -79.10  0.2622   20.000       -179.34  0.2001   20.000
         17.0033      -92.46  0.2489   20.000        -75.84  0.2654   20.000        -79.10  0.2622   20.000       -179.33  0.2001   20.000
         17.0050      -92.47  0.2489   20.000        -75.84  0.2654   20.000        -79.11  0.2622   20.000       -179.32  0.2001   20.000
         17.0072      -92.49  0.2489   20.000        -75.85  0.2654   20.000        -79.11  0.2622   20.000       -179.30  0.2001   20.000
         17.0100      -92.51  0.2488   20.000        -75.86  0.2654   20.000        -79.11  0.2622   20.000       -179.27  0.2001   20.000
         17.0138      -92.54  0.2488   20.000        -75.88  0.2654   20.000        -79.11  0.2622   20.000       -179.24  0.2001   20.000
         17.0186      -92.59  0.2488   20.000        -75.89  0.2654   20.000        -79.12  0.2622   20.000       -179.20  0.2001   20.000
         17.0234      -92.63  0.2487   20.000        -75.91  0.2653   20.000        -79.12  0.2621   20.000       -179.16  0.2001   20.000
         17.0282      -92.67  0.2487   20.000        -75.92  0.2653   20.000        -79.13  0.2621   20.000       -179.11  0.2001   20.000
         17.0345      -92.72  0.2486   20.000        -75.94  0.2653   20.000        -79.13  0.2621   20.000       -179.06  0.2002   20.000
         17.0427      -92.79  0.2486   20.000        -75.97  0.2653   20.000        -79.14  0.2621   20.000       -178.99  0.2002   20.000
         17.0508      -92.86  0.2485   20.000        -76.00  0.2652   20.000        -79.15  0.2621   20.000       -178.92  0.2002   20.000
         17.0590      -92.93  0.2484   20.000        -76.03  0.2652   20.000        -79.16  0.2621   20.000       -178.85  0.2003   20.000
         17.0696      -93.02  0.2483   20.000        -76.06  0.2652   20.000        -79.16  0.2621   20.000       -178.75  0.2003   20.000
         17.0834      -93.13  0.2482   20.000        -76.11  0.2651   20.000        -79.18  0.2621   20.000       -178.63  0.2003   20.000
         17.0972      -93.24  0.2481   20.000        -76.16  0.2651   20.000        -79.19  0.2621   20.000       -178.51  0.2004   20.000
         17.1109      -93.33  0.2480   20.000        -76.20  0.2650   20.000        -79.20  0.2621   20.000       -178.39  0.2004   20.000
         17.1289      -93.44  0.2479   20.000        -76.26  0.2650   20.000        -79.22  0.2621   20.000       -178.23  0.2005   20.000
         17.1468      -93.51  0.2479   20.000        -76.32  0.2649   20.000        -79.24  0.2620   20.000       -178.08  0.2006   20.000
         17.1647      -93.55  0.2478   20.000        -76.38  0.2649   20.000        -79.25  0.2620   20.000       -177.92  0.2006   20.000
         17.1826      -93.55  0.2478   20.000        -76.44  0.2648   20.000        -79.27  0.2620   20.000       -177.76  0.2007   20.000
         17.2059      -93.48  0.2479   20.000        -76.52  0.2647   20.000        -79.29  0.2620   20.000       -177.55  0.2008   20.000
         17.2292      -93.33  0.2480   20.000        -76.60  0.2647   20.000        -79.31  0.2620   20.000       -177.35  0.2008   20.000
         17.2525      -93.12  0.2482   20.000        -76.68  0.2646   20.000        -79.33  0.2619   20.000       -177.14  0.2009   20.000
         17.2828      -92.73  0.2486   20.000        -76.78  0.2645   20.000        -79.36  0.2619   20.000       -176.87  0.2010   20.000
         17.3131      -92.21  0.2492   20.000        -76.89  0.2644   20.000        -79.39  0.2619   20.000       -176.60  0.2011   20.000
         17.3434      -91.54  0.2498   20.000        -76.99  0.2643   20.000        -79.42  0.2619   20.000       -176.33  0.2012   20.000
         17.3737      -90.73  0.2506   20.000        -77.09  0.2642   20.000        -79.45  0.2618   20.000       -176.06  0.2013   20.000
         17.4040      -89.78  0.2515   20.000        -77.19  0.2641   20.000        -79.48  0.2618   20.000       -175.79  0.2014   20.000
         17.4433      -88.42  0.2529   20.000        -77.33  0.2639   20.000        -79.51  0.2618   20.000       -175.43  0.2016   20.000
         17.4827      -86.91  0.2544   20.000        -77.46  0.2638   20.000        -79.55  0.2617   20.000       -175.08  0.2017   20.000
         17.5344      -84.82  0.2565   20.000        -77.63  0.2636   20.000        -79.60  0.2617   20.000       -174.62  0.2019   20.000
         17.5862      -82.67  0.2586   20.000        -77.80  0.2635   20.000        -79.65  0.2616   20.000       -174.15  0.2021   20.000
         17.6379      -80.53  0.2608   20.000        -77.97  0.2633   20.000        -79.70  0.2616   20.000       -173.68  0.2022   20.000
         17.6896      -78.41  0.2629   20.000        -78.13  0.2631   20.000        -79.76  0.2615   20.000       -173.21  0.2024   20.000
         17.7517      -75.94  0.2653   20.000        -78.30  0.2630   20.000        -79.82  0.2615   20.000       -172.65  0.2026   20.000
         17.8138      -73.66  0.2682   20.000        -78.47  0.2628   20.000        -79.88  0.2614   20.000       -172.09  0.2029   20.000
         17.8759      -71.57  0.2709   20.000        -78.60  0.2627   20.000        -79.95  0.2613   20.000       -171.53  0.2031   20.000
         18.0000      -67.89  0.2758   20.000        -78.77  0.2625   20.000        -80.08  0.2612   20.000       -170.40  0.2035   20.000
         18.0865      -66.56  0.2775   20.000        -78.83  0.2624   20.000        -80.17  0.2611   20.000       -169.62  0.2038   20.000
         18.1730      -66.32  0.2778   20.000        -78.82  0.2624   20.000        -80.27  0.2610   20.000       -168.84  0.2041   20.000
         18.2557      -66.72  0.2773   20.000        -78.76  0.2625   20.000        -80.37  0.2609   20.000       -168.09  0.2044   20.000
         18.3384      -67.42  0.2764   20.000        -78.63  0.2626   20.000        -80.46  0.2608   20.000       -167.35  0.2047   20.000
         18.4211      -68.27  0.2753   20.000        -78.47  0.2628   20.000        -80.56  0.2607   20.000       -166.60  0.2050   20.000
         18.5038      -69.18  0.2741   20.000        -78.27  0.2630   20.000        -80.65  0.2606   20.000       -165.87  0.2053   20.000
         18.6279      -70.55  0.2723   20.000        -77.95  0.2633   20.000        -80.80  0.2605   20.000       -164.76  0.2057   20.000
         18.7519      -71.93  0.2705   20.000        -77.64  0.2636   20.000        -80.94  0.2603   20.000       -163.67  0.2061   20.000
         19.0000      -74.66  0.2669   20.000        -77.20  0.2641   20.000        -81.22  0.2601   20.000       -161.51  0.2069   20.000
         19.2000      -76.91  0.2643   20.000        -77.00  0.2643   20.000        -81.43  0.2599   20.000       -159.79  0.2076   20.000
         19.4000      -79.14  0.2621   20.000        -76.95  0.2643   20.000        -81.63  0.2597   20.000       -158.11  0.2082   20.000
         19.6500      -81.74  0.2595   20.000        -77.10  0.2642   20.000        -81.85  0.2594   20.000       -156.04  0.2090   20.000
         19.8250      -83.49  0.2578   20.000        -77.30  0.2640   20.000        -81.99  0.2593   20.000       -154.64  0.2096   20.000
         20.0000      -85.18  0.2561   20.000        -77.57  0.2637   20.000        -82.13  0.2592   20.000       -153.23  0.2101   20.000
         20.2500      -87.52  0.2538   20.000        -78.09  0.2632   20.000        -82.30  0.2590   20.000       -151.32  0.2110   20.000
         20.5000      -89.87  0.2515   20.000        -78.71  0.2626   20.000        -82.46  0.2588   20.000       -149.51  0.2119   20.000
         20.7500      -92.21  0.2491   20.000        -79.40  0.2619   20.000        -82.62  0.2587   20.000       -147.76  0.2129   20.000
         21.0000      -94.58  0.2468   20.000        -80.13  0.2611   20.000        -82.78  0.2585   20.000       -146.14  0.2138   20.000
         21.2500      -96.98  0.2448   20.000        -80.90  0.2604   20.000        -82.94  0.2584   20.000       -144.56  0.2146   20.000
         21.5000      -99.39  0.2430   20.000        -81.72  0.2596   20.000        -83.10  0.2582   20.000       -143.09  0.2154   20.000
         21.7500     -101.75  0.2413   20.000        -82.56  0.2587   20.000        -83.28  0.2580   20.000       -141.68  0.2161   20.000
         22.0000     -104.05  0.2396   20.000        -83.41  0.2579   20.000        -83.46  0.2578   20.000       -140.34  0.2169   20.000
         22.2500     -106.37  0.2379   20.000        -84.28  0.2570   20.000        -83.65  0.2576   20.000       -139.05  0.2175   20.000
         22.5000     -108.91  0.2360   20.000        -85.22  0.2561   20.000        -83.86  0.2574   20.000       -137.82  0.2182   20.000
         22.7500     -111.50  0.2341   20.000        -86.18  0.2551   20.000        -84.09  0.2572   20.000       -136.65  0.2188   20.000
         23.0000     -114.14  0.2322   20.000        -87.14  0.2542   20.000        -84.32  0.2570   20.000       -135.52  0.2194   20.000
         23.0010     -114.15  0.2322   20.000        -87.14  0.2542   20.000        -84.33  0.2570   20.000       -135.52  0.2194   20.000
         23.0020     -114.16  0.2321   20.000        -87.14  0.2542   20.000        -84.33  0.2570   20.000       -135.51  0.2194   20.000
         23.0030     -114.17  0.2321   20.000        -87.15  0.2542   20.000        -84.33  0.2570   20.000       -135.51  0.2194   20.000
         23.0043     -114.19  0.2321   20.000        -87.15  0.2542   20.000        -84.33  0.2570   20.000       -135.50  0.2194   20.000
         23.0060     -114.21  0.2321   20.000        -87.16  0.2542   20.000        -84.33  0.2570   20.000       -135.50  0.2195   20.000
         23.0077     -114.22  0.2321   20.000        -87.17  0.2542   20.000        -84.33  0.2570   20.000       -135.49  0.2195   20.000
         23.0094     -114.24  0.2321   20.000        -87.17  0.2542   20.000        -84.33  0.2570   20.000       -135.48  0.2195   20.000
         23.0116     -114.26  0.2321   20.000        -87.18  0.2541   20.000        -84.34  0.2570   20.000       -135.47  0.2195   20.000
         23.0138     -114.29  0.2321   20.000        -87.19  0.2541   20.000        -84.34  0.2570   20.000       -135.46  0.2195   20.000
         23.0160     -114.31  0.2320   20.000        -87.20  0.2541   20.000        -84.34  0.2570   20.000       -135.45  0.2195   20.000
         23.0182     -114.34  0.2320   20.000        -87.21  0.2541   20.000        -84.34  0.2570   20.000       -135.44  0.2195   20.000
         23.0204     -114.36  0.2320   20.000        -87.21  0.2541   20.000        -84.34  0.2570   20.000       -135.43  0.2195   20.000
         23.0226     -114.38  0.2320   20.000        -87.22  0.2541   20.000        -84.35  0.2570   20.000       -135.42  0.2195   20.000
         23.0254     -114.41  0.2320   20.000        -87.23  0.2541   20.000        -84.35  0.2570   20.000       -135.41  0.2195   20.000
         23.0291     -114.45  0.2319   20.000        -87.25  0.2541   20.000        -84.35  0.2570   20.000       -135.39  0.2195   20.000
         23.0328     -114.49  0.2319   20.000        -87.26  0.2541   20.000        -84.36  0.2569   20.000       -135.37  0.2195   20.000
         23.0365     -114.53  0.2319   20.000        -87.28  0.2540   20.000        -84.36  0.2569   20.000       -135.36  0.2195   20.000
         23.0403     -114.58  0.2318   20.000        -87.29  0.2540   20.000        -84.36  0.2569   20.000       -135.34  0.2195   20.000
         23.0451     -114.63  0.2318   20.000        -87.31  0.2540   20.000        -84.37  0.2569   20.000       -135.32  0.2195   20.000
         23.0514     -114.70  0.2318   20.000        -87.33  0.2540   20.000        -84.37  0.2569   20.000       -135.29  0.2196   20.000
         23.0576     -114.76  0.2317   20.000        -87.36  0.2540   20.000        -84.38  0.2569   20.000       -135.26  0.2196   20.000
         23.0639     -114.83  0.2317   20.000        -87.38  0.2539   20.000        -84.39  0.2569   20.000       -135.24  0.2196   20.000
         23.0702     -114.90  0.2316   20.000        -87.41  0.2539   20.000        -84.39  0.2569   20.000       -135.21  0.2196   20.000
         23.0765     -114.97  0.2316   20.000        -87.43  0.2539   20.000        -84.40  0.2569   20.000       -135.18  0.2196   20.000
         23.0827     -115.04  0.2315   20.000        -87.45  0.2539   20.000        -84.40  0.2569   20.000       -135.15  0.2196   20.000
         23.0890     -115.11  0.2315   20.000        -87.48  0.2538   20.000        -84.41  0.2569   20.000       -135.12  0.2197   20.000
         23.0972     -115.19  0.2314   20.000        -87.51  0.2538   20.000        -84.42  0.2569   20.000       -135.09  0.2197   20.000
         23.1078     -115.30  0.2313   20.000        -87.55  0.2538   20.000        -84.43  0.2569   20.000       -135.04  0.2197   20.000
         23.1184     -115.41  0.2312   20.000        -87.59  0.2537   20.000        -84.44  0.2569   20.000       -135.00  0.2197   20.000
         23.1290     -115.52  0.2312   20.000        -87.63  0.2537   20.000        -84.45  0.2569   20.000       -134.95  0.2197   20.000
         23.1396     -115.61  0.2311   20.000        -87.67  0.2537   20.000        -84.46  0.2568   20.000       -134.90  0.2198   20.000
         23.1502     -115.69  0.2310   20.000        -87.71  0.2536   20.000        -84.47  0.2568   20.000       -134.86  0.2198   20.000
         23.1608     -115.76  0.2310   20.000        -87.76  0.2536   20.000        -84.48  0.2568   20.000       -134.81  0.2198   20.000
         23.1714     -115.81  0.2309   20.000        -87.80  0.2535   20.000        -84.49  0.2568   20.000       -134.76  0.2198   20.000
         23.1820     -115.83  0.2309   20.000        -87.84  0.2535   20.000        -84.50  0.2568   20.000       -134.72  0.2199   20.000
         23.1926     -115.83  0.2309   20.000        -87.88  0.2534   20.000        -84.51  0.2568   20.000       -134.67  0.2199   20.000
         23.2032     -115.79  0.2310   20.000        -87.92  0.2534   20.000        -84.52  0.2568   20.000       -134.62  0.2199   20.000
         23.2138     -115.71  0.2310   20.000        -87.96  0.2534   20.000        -84.53  0.2568   20.000       -134.58  0.2199   20.000
         23.2244     -115.60  0.2311   20.000        -88.00  0.2533   20.000        -84.54  0.2568   20.000       -134.53  0.2200   20.000
         23.2350     -115.43  0.2312   20.000        -88.04  0.2533   20.000        -84.55  0.2568   20.000       -134.49  0.2200   20.000
         23.2488     -115.12  0.2314   20.000        -88.10  0.2532   20.000        -84.57  0.2567   20.000       -134.43  0.2200   20.000
         23.2626     -114.67  0.2318   20.000        -88.15  0.2532   20.000        -84.58  0.2567   20.000       -134.37  0.2201   20.000
         23.2764     -114.06  0.2322   20.000        -88.20  0.2531   20.000        -84.60  0.2567   20.000       -134.31  0.2201   20.000
         23.2902     -113.27  0.2328   20.000        -88.26  0.2531   20.000        -84.61  0.2567   20.000       -134.25  0.2201   20.000
         23.3081     -111.90  0.2338   20.000        -88.33  0.2530   20.000        -84.63  0.2567   20.000       -134.17  0.2202   20.000
         23.3260     -110.19  0.2351   20.000        -88.40  0.2529   20.000        -84.65  0.2567   20.000       -134.10  0.2202   20.000
         23.3439     -108.15  0.2366   20.000        -88.47  0.2529   20.000        -84.67  0.2566   20.000       -134.02  0.2202   20.000
         23.3619     -105.81  0.2383   20.000        -88.54  0.2528   20.000        -84.68  0.2566   20.000       -133.95  0.2203   20.000
         23.3798     -103.21  0.2402   20.000        -88.61  0.2527   20.000        -84.70  0.2566   20.000       -133.87  0.2203   20.000
         23.3977     -100.42  0.2423   20.000        -88.68  0.2527   20.000        -84.72  0.2566   20.000       -133.79  0.2204   20.000
         23.4156      -97.48  0.2444   20.000        -88.75  0.2526   20.000        -84.74  0.2566   20.000       -133.72  0.2204   20.000
         23.4389      -93.66  0.2477   20.000        -88.84  0.2525   20.000        -84.76  0.2565   20.000       -133.62  0.2205   20.000
         23.4622      -89.88  0.2515   20.000        -88.93  0.2524   20.000        -84.79  0.2565   20.000       -133.52  0.2205   20.000
         23.4855      -86.20  0.2551   20.000        -89.02  0.2523   20.000        -84.81  0.2565   20.000       -133.43  0.2206   20.000
         23.5088      -82.62  0.2587   20.000        -89.11  0.2522   20.000        -84.84  0.2565   20.000       -133.33  0.2206   20.000
         23.5321      -79.18  0.2621   20.000        -89.20  0.2521   20.000        -84.86  0.2564   20.000       -133.23  0.2207   20.000
         23.5554      -75.85  0.2654   20.000        -89.29  0.2520   20.000        -84.89  0.2564   20.000       -133.14  0.2207   20.000
         23.5787      -72.98  0.2691   20.000        -89.38  0.2520   20.000        -84.91  0.2564   20.000       -133.04  0.2208   20.000
         23.6090      -69.35  0.2738   20.000        -89.50  0.2518   20.000        -84.94  0.2564   20.000       -132.92  0.2208   20.000
         23.6393      -66.19  0.2780   20.000        -89.61  0.2517   20.000        -84.98  0.2563   20.000       -132.80  0.2209   20.000
         23.6696      -63.25  0.2818   20.000        -89.73  0.2516   20.000        -85.01  0.2563   20.000       -132.68  0.2210   20.000
         23.6999      -60.53  0.2854   20.000        -89.84  0.2515   20.000        -85.04  0.2563   20.000       -132.56  0.2210   20.000
         23.7374      -57.63  0.2901   20.000        -89.96  0.2514   20.000        -85.08  0.2562   20.000       -132.41  0.2211   20.000
         23.7749      -55.02  0.2944   20.000        -90.09  0.2513   20.000        -85.13  0.2562   20.000       -132.26  0.2212   20.000
         23.8124      -52.73  0.2983   20.000        -90.19  0.2511   20.000        -85.17  0.2561   20.000       -132.11  0.2213   20.000
         23.8499      -50.67  0.3017   20.000        -90.29  0.2511   20.000        -85.21  0.2561   20.000       -131.97  0.2213   20.000
         23.8874      -48.75  0.3050   20.000        -90.36  0.2510   20.000        -85.25  0.2561   20.000       -131.82  0.2214   20.000
         23.9250      -47.03  0.3081   20.000        -90.41  0.2509   20.000        -85.29  0.2560   20.000       -131.68  0.2215   20.000
         23.9625      -45.49  0.3113   20.000        -90.42  0.2509   20.000        -85.34  0.2560   20.000       -131.53  0.2216   20.000
         24.0000      -44.10  0.3142   20.000        -90.39  0.2510   20.000        -85.38  0.2559   20.000       -131.39  0.2217   20.000
         24.0512      -43.61  0.3152   20.000        -90.24  0.2511   20.000        -85.44  0.2559   20.000       -131.19  0.2218   20.000
         24.1024      -44.09  0.3142   20.000        -89.95  0.2514   20.000        -85.50  0.2558   20.000       -131.00  0.2219   20.000
         24.1536      -45.00  0.3123   20.000        -89.49  0.2519   20.000        -85.56  0.2558   20.000       -130.81  0.2220   20.000
         24.2047      -46.06  0.3101   20.000        -88.85  0.2525   20.000        -85.62  0.2557   20.000       -130.62  0.2221   20.000
         24.2559      -47.19  0.3077   20.000        -88.02  0.2533   20.000        -85.68  0.2556   20.000       -130.43  0.2222   20.000
         24.3071      -48.38  0.3056   20.000        -87.05  0.2543   20.000        -85.74  0.2556   20.000       -130.25  0.2223   20.000
         24.3583      -49.59  0.3036   20.000        -85.96  0.2554   20.000        -85.81  0.2555   20.000       -130.06  0.2224   20.000
         24.4095      -50.72  0.3017   20.000        -84.81  0.2565   20.000        -85.87  0.2554   20.000       -129.88  0.2225   20.000
         24.4751      -52.06  0.2994   20.000        -83.30  0.2580   20.000        -85.95  0.2554   20.000       -129.65  0.2226   20.000
         24.5407      -53.30  0.2973   20.000        -81.83  0.2595   20.000        -86.03  0.2553   20.000       -129.42  0.2227   20.000
         24.6063      -54.47  0.2954   20.000        -80.46  0.2608   20.000        -86.11  0.2552   20.000       -129.19  0.2228   20.000
         24.6851      -55.78  0.2932   20.000        -78.97  0.2623   20.000        -86.21  0.2551   20.000       -128.92  0.2230   20.000
         24.7900      -57.41  0.2904   20.000        -77.30  0.2640   20.000        -86.33  0.2550   20.000       -128.56  0.2232   20.000
         24.8950      -58.98  0.2878   20.000        -75.93  0.2653   20.000        -86.46  0.2549   20.000       -128.21  0.2234   20.000
         25.0000      -60.60  0.2853   20.000        -74.88  0.2666   20.000        -86.57  0.2547   20.000       -127.87  0.2235   20.000
         25.1429      -62.85  0.2824   20.000        -73.85  0.2679   20.000        -86.71  0.2546   20.000       -127.41  0.2238   20.000
         25.2857      -64.93  0.2796   20.000        -73.20  0.2688   20.000        -86.83  0.2545   20.000       -126.96  0.2240   20.000
         25.4286      -66.87  0.2771   20.000        -72.82  0.2693   20.000        -86.92  0.2544   20.000       -126.52  0.2243   20.000
         25.6190      -69.28  0.2739   20.000        -72.63  0.2695   20.000        -87.00  0.2543   20.000       -125.96  0.2246   20.000
         25.8095      -71.58  0.2709   20.000        -72.67  0.2695   20.000        -87.01  0.2543   20.000       -125.40  0.2249   20.000
         26.0000      -73.83  0.2680   20.000        -72.88  0.2692   20.000        -86.98  0.2543   20.000       -124.86  0.2252   20.000
         26.2500      -76.80  0.2645   20.000        -73.36  0.2686   20.000        -86.88  0.2544   20.000       -124.19  0.2255   20.000
         26.5000      -79.93  0.2613   20.000        -74.04  0.2677   20.000        -86.73  0.2546   20.000       -123.54  0.2259   20.000
         26.7500      -82.96  0.2583   20.000        -74.87  0.2666   20.000        -86.54  0.2548   20.000       -122.91  0.2262   20.000
         27.0000      -85.92  0.2554   20.000        -75.83  0.2654   20.000        -86.36  0.2550   20.000       -122.30  0.2265   20.000
         27.0010      -85.93  0.2554   20.000        -75.83  0.2654   20.000        -86.36  0.2550   20.000       -122.30  0.2265   20.000
         27.0020      -85.95  0.2554   20.000        -75.84  0.2654   20.000        -86.36  0.2550   20.000       -122.30  0.2265   20.000
         27.0033      -85.96  0.2554   20.000        -75.85  0.2654   20.000        -86.36  0.2550   20.000       -122.29  0.2265   20.000
         27.0050      -85.98  0.2553   20.000        -75.85  0.2654   20.000        -86.36  0.2550   20.000       -122.29  0.2265   20.000
         27.0072      -86.01  0.2553   20.000        -75.87  0.2654   20.000        -86.36  0.2550   20.000       -122.28  0.2265   20.000
         27.0100      -86.04  0.2553   20.000        -75.88  0.2654   20.000        -86.35  0.2550   20.000       -122.28  0.2265   20.000
         27.0138      -86.09  0.2552   20.000        -75.90  0.2654   20.000        -86.35  0.2550   20.000       -122.27  0.2265   20.000
         27.0175      -86.13  0.2552   20.000        -75.92  0.2653   20.000        -86.35  0.2550   20.000       -122.26  0.2266   20.000
         27.0223      -86.19  0.2551   20.000        -75.94  0.2653   20.000        -86.34  0.2550   20.000       -122.25  0.2266   20.000
         27.0271      -86.25  0.2551   20.000        -75.96  0.2653   20.000        -86.34  0.2550   20.000       -122.24  0.2266   20.000
         27.0334      -86.32  0.2550   20.000        -75.99  0.2653   20.000        -86.34  0.2550   20.000       -122.22  0.2266   20.000
         27.0416      -86.42  0.2549   20.000        -76.03  0.2652   20.000        -86.33  0.2550   20.000       -122.20  0.2266   20.000
         27.0522      -86.55  0.2548   20.000        -76.08  0.2652   20.000        -86.32  0.2550   20.000       -122.18  0.2266   20.000
         27.0628      -86.67  0.2546   20.000        -76.14  0.2651   20.000        -86.31  0.2550   20.000       -122.15  0.2266   20.000
         27.0734      -86.79  0.2545   20.000        -76.19  0.2651   20.000        -86.31  0.2550   20.000       -122.13  0.2266   20.000
         27.0840      -86.91  0.2544   20.000        -76.24  0.2650   20.000        -86.30  0.2550   20.000       -122.10  0.2266   20.000
         27.0946      -87.02  0.2543   20.000        -76.29  0.2650   20.000        -86.29  0.2550   20.000       -122.08  0.2266   20.000
         27.1052      -87.12  0.2542   20.000        -76.35  0.2649   20.000        -86.28  0.2550   20.000       -122.05  0.2267   20.000
         27.1190      -87.24  0.2541   20.000        -76.41  0.2648   20.000        -86.27  0.2550   20.000       -122.02  0.2267   20.000
         27.1369      -87.36  0.2540   20.000        -76.50  0.2647   20.000        -86.26  0.2551   20.000       -121.98  0.2267   20.000
         27.1548      -87.44  0.2539   20.000        -76.59  0.2647   20.000        -86.25  0.2551   20.000       -121.93  0.2267   20.000
         27.1727      -87.47  0.2539   20.000        -76.68  0.2646   20.000        -86.23  0.2551   20.000       -121.89  0.2267   20.000
         27.1960      -87.42  0.2539   20.000        -76.80  0.2645   20.000        -86.22  0.2551   20.000       -121.84  0.2268   20.000
         27.2193      -87.26  0.2541   20.000        -76.91  0.2643   20.000        -86.20  0.2551   20.000       -121.78  0.2268   20.000
         27.2426      -86.98  0.2543   20.000        -77.02  0.2642   20.000        -86.18  0.2551   20.000       -121.73  0.2268   20.000
         27.2659      -86.60  0.2547   20.000        -77.14  0.2641   20.000        -86.16  0.2552   20.000       -121.67  0.2269   20.000
         27.2892      -86.10  0.2552   20.000        -77.25  0.2640   20.000        -86.15  0.2552   20.000       -121.62  0.2269   20.000
         27.3195      -85.29  0.2560   20.000        -77.40  0.2639   20.000        -86.13  0.2552   20.000       -121.55  0.2269   20.000
         27.3589      -84.02  0.2573   20.000        -77.59  0.2637   20.000        -86.10  0.2552   20.000       -121.46  0.2270   20.000
         27.3983      -82.57  0.2587   20.000        -77.79  0.2635   20.000        -86.07  0.2552   20.000       -121.37  0.2270   20.000
         27.4376      -81.00  0.2603   20.000        -77.98  0.2633   20.000        -86.04  0.2553   20.000       -121.28  0.2271   20.000
         27.4770      -79.37  0.2619   20.000        -78.17  0.2631   20.000        -86.02  0.2553   20.000       -121.19  0.2271   20.000
         27.5164      -77.69  0.2636   20.000        -78.35  0.2629   20.000        -85.99  0.2553   20.000       -121.10  0.2272   20.000
         27.5558      -76.01  0.2652   20.000        -78.53  0.2627   20.000        -85.97  0.2553   20.000       -121.01  0.2272   20.000
         27.6051      -73.98  0.2678   20.000        -78.75  0.2625   20.000        -85.94  0.2554   20.000       -120.90  0.2273   20.000
         27.6545      -72.05  0.2703   20.000        -78.96  0.2623   20.000        -85.91  0.2554   20.000       -120.79  0.2273   20.000
         27.7038      -70.22  0.2727   20.000        -79.16  0.2621   20.000        -85.88  0.2554   20.000       -120.68  0.2274   20.000
         27.7779      -67.67  0.2760   20.000        -79.42  0.2619   20.000        -85.84  0.2555   20.000       -120.51  0.2275   20.000
         27.8519      -65.33  0.2791   20.000        -79.63  0.2616   20.000        -85.81  0.2555   20.000       -120.36  0.2276   20.000
         27.9260      -63.16  0.2820   20.000        -79.79  0.2615   20.000        -85.78  0.2555   20.000       -120.21  0.2277   20.000
         28.0000      -61.16  0.2846   20.000        -79.88  0.2614   20.000        -85.75  0.2556   20.000       -120.06  0.2278   20.000
         28.0665      -60.25  0.2858   20.000        -79.91  0.2614   20.000        -85.72  0.2556   20.000       -119.93  0.2279   20.000
         28.1331      -60.21  0.2858   20.000        -79.90  0.2614   20.000        -85.70  0.2556   20.000       -119.79  0.2280   20.000
         28.1996      -60.69  0.2852   20.000        -79.83  0.2614   20.000        -85.69  0.2556   20.000       -119.66  0.2281   20.000
         28.2662      -61.47  0.2842   20.000        -79.70  0.2616   20.000        -85.67  0.2556   20.000       -119.53  0.2282   20.000
         28.3579      -62.85  0.2824   20.000        -79.45  0.2618   20.000        -85.66  0.2557   20.000       -119.34  0.2283   20.000
         28.4496      -64.31  0.2805   20.000        -79.15  0.2621   20.000        -85.65  0.2557   20.000       -119.16  0.2285   20.000
         28.5414      -65.75  0.2786   20.000        -78.83  0.2624   20.000        -85.65  0.2557   20.000       -118.98  0.2286   20.000
         28.6331      -67.14  0.2767   20.000        -78.51  0.2628   20.000        -85.65  0.2557   20.000       -118.80  0.2287   20.000
         28.7554      -68.92  0.2744   20.000        -78.15  0.2631   20.000        -85.65  0.2557   20.000       -118.57  0.2289   20.000
         28.8777      -70.65  0.2721   20.000        -77.87  0.2634   20.000        -85.66  0.2557   20.000       -118.35  0.2291   20.000
         29.0000      -72.33  0.2699   20.000        -77.67  0.2636   20.000        -85.67  0.2556   20.000       -118.13  0.2292   20.000
         29.2000      -75.04  0.2664   20.000        -77.58  0.2637   20.000        -85.69  0.2556   20.000       -117.79  0.2295   20.000
         29.4500      -78.60  0.2627   20.000        -77.84  0.2634   20.000        -85.72  0.2556   20.000       -117.35  0.2298   20.000
         29.7000      -82.14  0.2592   20.000        -78.39  0.2629   20.000        -85.75  0.2556   20.000       -116.93  0.2301   20.000
         29.8500      -84.19  0.2571   20.000        -78.80  0.2625   20.000        -85.76  0.2556   20.000       -116.68  0.2303   20.000
         30.0000      -86.21  0.2551   20.000        -79.28  0.2620   20.000        -85.78  0.2555   20.000       -116.44  0.2305   20.000
         30.0010      -86.22  0.2551   20.000        -79.28  0.2620   20.000        -85.78  0.2555   20.000       -116.44  0.2305   20.000
         30.0020      -86.24  0.2551   20.000        -79.28  0.2620   20.000        -85.78  0.2555   20.000       -116.44  0.2305   20.000
         30.0033      -86.26  0.2551   20.000        -79.29  0.2620   20.000        -85.78  0.2555   20.000       -116.44  0.2305   20.000
         30.0050      -86.28  0.2550   20.000        -79.29  0.2620   20.000        -85.78  0.2555   20.000       -116.43  0.2305   20.000
         30.0067      -86.30  0.2550   20.000        -79.30  0.2620   20.000        -85.78  0.2555   20.000       -116.43  0.2305   20.000
         30.0089      -86.34  0.2550   20.000        -79.31  0.2620   20.000        -85.78  0.2555   20.000       -116.43  0.2305   20.000
         30.0117      -86.38  0.2549   20.000        -79.32  0.2620   20.000        -85.78  0.2555   20.000       -116.42  0.2305   20.000
         30.0146      -86.42  0.2549   20.000        -79.33  0.2619   20.000        -85.78  0.2555   20.000       -116.42  0.2305   20.000
         30.0174      -86.46  0.2549   20.000        -79.34  0.2619   20.000        -85.78  0.2555   20.000       -116.41  0.2305   20.000
         30.0203      -86.50  0.2548   20.000        -79.35  0.2619   20.000        -85.78  0.2555   20.000       -116.41  0.2305   20.000
         30.0232      -86.54  0.2548   20.000        -79.36  0.2619   20.000        -85.78  0.2555   20.000       -116.41  0.2305   20.000
         30.0260      -86.58  0.2547   20.000        -79.38  0.2619   20.000        -85.78  0.2555   20.000       -116.40  0.2305   20.000
         30.0297      -86.63  0.2547   20.000        -79.39  0.2619   20.000        -85.78  0.2555   20.000       -116.39  0.2305   20.000
         30.0346      -86.70  0.2546   20.000        -79.41  0.2619   20.000        -85.78  0.2555   20.000       -116.39  0.2305   20.000
         30.0394      -86.77  0.2545   20.000        -79.43  0.2618   20.000        -85.78  0.2555   20.000       -116.38  0.2305   20.000
         30.0442      -86.84  0.2545   20.000        -79.45  0.2618   20.000        -85.78  0.2555   20.000       -116.37  0.2305   20.000
         30.0490      -86.91  0.2544   20.000        -79.47  0.2618   20.000        -85.78  0.2555   20.000       -116.36  0.2305   20.000
         30.0539      -86.97  0.2543   20.000        -79.48  0.2618   20.000        -85.78  0.2555   20.000       -116.36  0.2305   20.000
         30.0601      -87.06  0.2543   20.000        -79.51  0.2618   20.000        -85.78  0.2555   20.000       -116.35  0.2305   20.000
         30.0683      -87.17  0.2542   20.000        -79.54  0.2617   20.000        -85.79  0.2555   20.000       -116.33  0.2306   20.000
         30.0765      -87.27  0.2541   20.000        -79.57  0.2617   20.000        -85.79  0.2555   20.000       -116.32  0.2306   20.000
         30.0846      -87.36  0.2540   20.000        -79.61  0.2617   20.000        -85.79  0.2555   20.000       -116.31  0.2306   20.000
         30.0928      -87.43  0.2539   20.000        -79.64  0.2616   20.000        -85.79  0.2555   20.000       -116.29  0.2306   20.000
         30.1009      -87.50  0.2538   20.000        -79.67  0.2616   20.000        -85.79  0.2555   20.000       -116.28  0.2306   20.000
         30.1091      -87.53  0.2538   20.000        -79.71  0.2616   20.000        -85.79  0.2555   20.000       -116.27  0.2306   20.000
         30.1197      -87.54  0.2538   20.000        -79.75  0.2615   20.000        -85.79  0.2555   20.000       -116.25  0.2306   20.000
         30.1303      -87.48  0.2538   20.000        -79.79  0.2615   20.000        -85.79  0.2555   20.000       -116.24  0.2306   20.000
         30.1409      -87.35  0.2540   20.000        -79.84  0.2614   20.000        -85.79  0.2555   20.000       -116.22  0.2306   20.000
         30.1547      -87.04  0.2543   20.000        -79.89  0.2614   20.000        -85.80  0.2555   20.000       -116.20  0.2307   20.000
         30.1685      -86.56  0.2548   20.000        -79.95  0.2613   20.000        -85.80  0.2555   20.000       -116.17  0.2307   20.000
         30.1823      -85.89  0.2554   20.000        -80.01  0.2613   20.000        -85.80  0.2555   20.000       -116.15  0.2307   20.000
         30.2002      -84.72  0.2566   20.000        -80.09  0.2612   20.000        -85.80  0.2555   20.000       -116.12  0.2307   20.000
         30.2181      -83.25  0.2580   20.000        -80.16  0.2611   20.000        -85.80  0.2555   20.000       -116.10  0.2307   20.000
         30.2360      -81.52  0.2598   20.000        -80.24  0.2610   20.000        -85.81  0.2555   20.000       -116.07  0.2307   20.000
         30.2539      -79.54  0.2617   20.000        -80.32  0.2610   20.000        -85.81  0.2555   20.000       -116.04  0.2308   20.000
         30.2719      -77.40  0.2639   20.000        -80.40  0.2609   20.000        -85.81  0.2555   20.000       -116.01  0.2308   20.000
         30.2898      -75.15  0.2663   20.000        -80.48  0.2608   20.000        -85.81  0.2555   20.000       -115.98  0.2308   20.000
         30.3077      -72.93  0.2692   20.000        -80.56  0.2607   20.000        -85.82  0.2555   20.000       -115.95  0.2308   20.000
         30.3256      -70.66  0.2721   20.000        -80.64  0.2606   20.000        -85.82  0.2555   20.000       -115.93  0.2309   20.000
         30.3489      -67.77  0.2759   20.000        -80.74  0.2605   20.000        -85.82  0.2555   20.000       -115.89  0.2309   20.000
         30.3722      -64.97  0.2796   20.000        -80.85  0.2604   20.000        -85.83  0.2555   20.000       -115.85  0.2309   20.000
         30.3955      -62.28  0.2831   20.000        -80.95  0.2603   20.000        -85.83  0.2555   20.000       -115.82  0.2309   20.000
         30.4188      -59.71  0.2866   20.000        -81.05  0.2602   20.000        -85.83  0.2555   20.000       -115.78  0.2310   20.000
         30.4421      -57.42  0.2904   20.000        -81.15  0.2601   20.000        -85.84  0.2555   20.000       -115.74  0.2310   20.000
         30.4654      -55.26  0.2940   20.000        -81.25  0.2600   20.000        -85.84  0.2555   20.000       -115.71  0.2310   20.000
         30.4957      -52.75  0.2983   20.000        -81.37  0.2599   20.000        -85.85  0.2555   20.000       -115.66  0.2310   20.000
         30.5260      -50.46  0.3021   20.000        -81.48  0.2598   20.000        -85.85  0.2555   20.000       -115.61  0.2311   20.000
         30.5563      -48.35  0.3056   20.000        -81.58  0.2597   20.000        -85.86  0.2555   20.000       -115.57  0.2311   20.000
         30.5866      -46.46  0.3092   20.000        -81.66  0.2596   20.000        -85.87  0.2554   20.000       -115.52  0.2312   20.000
         30.6168      -44.75  0.3128   20.000        -81.72  0.2596   20.000        -85.87  0.2554   20.000       -115.47  0.2312   20.000
         30.6552      -42.89  0.3167   20.000        -81.75  0.2595   20.000        -85.88  0.2554   20.000       -115.41  0.2312   20.000
         30.6935      -41.23  0.3201   20.000        -81.73  0.2596   20.000        -85.89  0.2554   20.000       -115.35  0.2313   20.000
         30.7318      -39.72  0.3232   20.000        -81.62  0.2597   20.000        -85.90  0.2554   20.000       -115.30  0.2313   20.000
         30.7701      -38.33  0.3261   20.000        -81.43  0.2599   20.000        -85.91  0.2554   20.000       -115.24  0.2314   20.000
         30.8084      -37.08  0.3289   20.000        -81.14  0.2601   20.000        -85.92  0.2554   20.000       -115.18  0.2314   20.000
         30.8467      -35.96  0.3317   20.000        -80.71  0.2606   20.000        -85.93  0.2554   20.000       -115.12  0.2314   20.000
         30.8978      -34.67  0.3349   20.000        -79.90  0.2614   20.000        -85.94  0.2554   20.000       -115.05  0.2315   20.000
         30.9489      -33.54  0.3377   20.000        -78.78  0.2625   20.000        -85.96  0.2554   20.000       -114.97  0.2316   20.000
         31.0000      -32.52  0.3402   20.000        -77.35  0.2639   20.000        -85.97  0.2553   20.000       -114.90  0.2316   20.000
         31.0512      -32.97  0.3391   20.000        -75.58  0.2657   20.000        -85.99  0.2553   20.000       -114.82  0.2317   20.000
         31.1024      -34.11  0.3363   20.000        -73.62  0.2683   20.000        -86.01  0.2553   20.000       -114.75  0.2317   20.000
         31.1536      -35.44  0.3330   20.000        -71.52  0.2710   20.000        -86.03  0.2553   20.000       -114.68  0.2318   20.000
         31.2047      -36.79  0.3297   20.000        -69.42  0.2738   20.000        -86.04  0.2553   20.000       -114.60  0.2318   20.000
         31.2559      -38.19  0.3264   20.000        -67.42  0.2764   20.000        -86.06  0.2553   20.000       -114.53  0.2319   20.000
         31.3071      -39.57  0.3236   20.000        -65.61  0.2788   20.000        -86.08  0.2552   20.000       -114.45  0.2319   20.000
         31.3583      -40.84  0.3209   20.000        -64.00  0.2809   20.000        -86.10  0.2552   20.000       -114.38  0.2320   20.000
         31.4095      -42.00  0.3185   20.000        -62.62  0.2827   20.000        -86.11  0.2552   20.000       -114.31  0.2320   20.000
         31.4607      -43.09  0.3162   20.000        -61.45  0.2842   20.000        -86.13  0.2552   20.000       -114.23  0.2321   20.000
         31.5281      -44.43  0.3134   20.000        -60.21  0.2858   20.000        -86.15  0.2552   20.000       -114.14  0.2322   20.000
         31.5955      -45.70  0.3108   20.000        -59.29  0.2873   20.000        -86.16  0.2552   20.000       -114.04  0.2322   20.000
         31.6629      -46.91  0.3083   20.000        -58.60  0.2884   20.000        -86.16  0.2552   20.000       -113.95  0.2323   20.000
         31.7472      -48.42  0.3055   20.000        -58.02  0.2894   20.000        -86.15  0.2552   20.000       -113.83  0.2324   20.000
         31.8315      -49.95  0.3030   20.000        -57.68  0.2900   20.000        -86.12  0.2552   20.000       -113.72  0.2325   20.000
         32.0000      -52.68  0.2984   20.000        -57.53  0.2902   20.000        -85.95  0.2554   20.000       -113.49  0.2326   20.000
         32.0010      -52.69  0.2984   20.000        -57.53  0.2902   20.000        -85.95  0.2554   20.000       -113.49  0.2326   20.000
         32.0020      -52.71  0.2983   20.000        -57.53  0.2902   20.000        -85.94  0.2554   20.000       -113.49  0.2326   20.000
         32.0033      -52.73  0.2983   20.000        -57.53  0.2902   20.000        -85.94  0.2554   20.000       -113.49  0.2326   20.000
         32.0050      -52.76  0.2982   20.000        -57.53  0.2902   20.000        -85.94  0.2554   20.000       -113.48  0.2327   20.000
         32.0072      -52.79  0.2982   20.000        -57.53  0.2902   20.000        -85.94  0.2554   20.000       -113.48  0.2327   20.000
         32.0100      -52.84  0.2981   20.000        -57.53  0.2902   20.000        -85.94  0.2554   20.000       -113.48  0.2327   20.000
         32.0138      -52.90  0.2980   20.000        -57.52  0.2902   20.000        -85.93  0.2554   20.000       -113.47  0.2327   20.000
         32.0186      -52.97  0.2979   20.000        -57.52  0.2902   20.000        -85.93  0.2554   20.000       -113.46  0.2327   20.000
         32.0249      -53.07  0.2977   20.000        -57.52  0.2902   20.000        -85.92  0.2554   20.000       -113.46  0.2327   20.000
         32.0330      -53.20  0.2975   20.000        -57.52  0.2902   20.000        -85.91  0.2554   20.000       -113.45  0.2327   20.000
         32.0436      -53.34  0.2973   20.000        -57.52  0.2902   20.000        -85.90  0.2554   20.000       -113.43  0.2327   20.000
         32.0574      -53.50  0.2970   20.000        -57.52  0.2902   20.000        -85.88  0.2554   20.000       -113.41  0.2327   20.000
         32.0712      -53.62  0.2968   20.000        -57.53  0.2902   20.000        -85.86  0.2555   20.000       -113.39  0.2327   20.000
         32.0850      -53.70  0.2967   20.000        -57.54  0.2902   20.000        -85.84  0.2555   20.000       -113.38  0.2327   20.000
         32.1029      -53.73  0.2966   20.000        -57.55  0.2902   20.000        -85.82  0.2555   20.000       -113.35  0.2327   20.000
         32.1262      -53.66  0.2967   20.000        -57.58  0.2901   20.000        -85.78  0.2555   20.000       -113.32  0.2328   20.000
         32.1495      -53.50  0.2970   20.000        -57.61  0.2901   20.000        -85.74  0.2556   20.000       -113.29  0.2328   20.000
         32.1728      -53.26  0.2974   20.000        -57.65  0.2900   20.000        -85.70  0.2556   20.000       -113.26  0.2328   20.000
         32.1961      -52.97  0.2979   20.000        -57.69  0.2900   20.000        -85.66  0.2557   20.000       -113.23  0.2328   20.000
         32.2264      -52.53  0.2986   20.000        -57.74  0.2899   20.000        -85.60  0.2557   20.000       -113.19  0.2329   20.000
         32.2567      -52.04  0.2994   20.000        -57.81  0.2898   20.000        -85.54  0.2558   20.000       -113.15  0.2329   20.000
         32.2960      -51.38  0.3006   20.000        -57.89  0.2896   20.000        -85.45  0.2559   20.000       -113.10  0.2329   20.000
         32.3354      -50.71  0.3017   20.000        -57.97  0.2895   20.000        -85.35  0.2560   20.000       -113.04  0.2330   20.000
         32.3866      -49.86  0.3031   20.000        -58.07  0.2893   20.000        -85.21  0.2561   20.000       -112.98  0.2330   20.000
         32.4378      -49.02  0.3045   20.000        -58.15  0.2892   20.000        -85.06  0.2563   20.000       -112.91  0.2331   20.000
         32.4890      -48.23  0.3059   20.000        -58.20  0.2891   20.000        -84.90  0.2564   20.000       -112.84  0.2331   20.000
         32.5528      -47.29  0.3075   20.000        -58.23  0.2890   20.000        -84.68  0.2566   20.000       -112.76  0.2332   20.000
         32.6423      -46.14  0.3099   20.000        -58.18  0.2891   20.000        -84.35  0.2570   20.000       -112.65  0.2333   20.000
         32.7317      -45.15  0.3120   20.000        -58.02  0.2894   20.000        -84.00  0.2573   20.000       -112.53  0.2333   20.000
         32.8211      -44.29  0.3138   20.000        -57.76  0.2898   20.000        -83.63  0.2577   20.000       -112.42  0.2334   20.000
         32.9106      -43.53  0.3153   20.000        -57.42  0.2904   20.000        -83.25  0.2580   20.000       -112.31  0.2335   20.000
         33.0000      -42.85  0.3167   20.000        -57.00  0.2911   20.000        -82.86  0.2584   20.000       -112.20  0.2336   20.000
         33.1429      -44.19  0.3140   20.000        -56.28  0.2923   20.000        -82.22  0.2591   20.000       -112.03  0.2337   20.000
         33.2857      -46.26  0.3097   20.000        -55.69  0.2933   20.000        -81.57  0.2597   20.000       -111.85  0.2339   20.000
         33.4286      -48.62  0.3052   20.000        -55.33  0.2939   20.000        -80.91  0.2604   20.000       -111.68  0.2340   20.000
         33.5714      -51.01  0.3012   20.000        -55.21  0.2941   20.000        -80.23  0.2610   20.000       -111.51  0.2341   20.000
         33.7143      -53.21  0.2975   20.000        -55.30  0.2940   20.000        -79.55  0.2617   20.000       -111.34  0.2342   20.000
         33.8571      -55.26  0.2940   20.000        -55.57  0.2935   20.000        -78.85  0.2624   20.000       -111.17  0.2344   20.000
         34.0000      -57.22  0.2907   20.000        -55.96  0.2929   20.000        -78.15  0.2631   20.000       -111.00  0.2345   20.000
         34.2000      -59.90  0.2863   20.000        -56.69  0.2916   20.000        -77.19  0.2641   20.000       -110.76  0.2347   20.000
         34.4000      -62.73  0.2825   20.000        -57.60  0.2901   20.000        -76.27  0.2650   20.000       -110.51  0.2348   20.000
         34.6000      -65.48  0.2789   20.000        -58.62  0.2884   20.000        -75.42  0.2659   20.000       -110.26  0.2350   20.000
         34.8000      -68.14  0.2754   20.000        -59.74  0.2865   20.000        -74.68  0.2669   20.000       -110.00  0.2352   20.000
         35.0000      -70.76  0.2720   20.000        -61.10  0.2847   20.000        -74.04  0.2677   20.000       -109.73  0.2354   20.000
         35.2500      -74.03  0.2677   20.000        -62.78  0.2825   20.000        -73.42  0.2685   20.000       -109.37  0.2357   20.000
         35.5000      -77.58  0.2637   20.000        -64.50  0.2802   20.000        -72.96  0.2691   20.000       -108.99  0.2360   20.000
         35.7500      -81.15  0.2601   20.000        -66.19  0.2780   20.000        -72.65  0.2695   20.000       -108.58  0.2363   20.000
         36.0000      -84.67  0.2566   20.000        -67.86  0.2758   20.000        -72.46  0.2698   20.000       -108.15  0.2366   20.000
         36.2500      -88.12  0.2532   20.000        -69.50  0.2737   20.000        -72.39  0.2699   20.000       -107.70  0.2369   20.000
         36.5000      -91.52  0.2498   20.000        -71.11  0.2715   20.000        -72.40  0.2698   20.000       -107.21  0.2373   20.000
         36.7500      -95.03  0.2463   20.000        -72.71  0.2694   20.000        -72.50  0.2697   20.000       -106.71  0.2376   20.000
         37.0000      -98.71  0.2435   20.000        -74.34  0.2673   20.000        -72.67  0.2695   20.000       -106.18  0.2380   20.000
         37.2500     -102.34  0.2409   20.000        -76.01  0.2652   20.000        -72.90  0.2692   20.000       -105.63  0.2384   20.000
         37.5000     -105.92  0.2382   20.000        -77.75  0.2635   20.000        -73.17  0.2688   20.000       -105.07  0.2388   20.000
         37.7500     -109.48  0.2356   20.000        -79.47  0.2618   20.000        -73.50  0.2684   20.000       -104.50  0.2393   20.000
         38.0000     -113.09  0.2329   20.000        -81.17  0.2601   20.000        -73.87  0.2679   20.000       -103.92  0.2397   20.000
         38.0010     -113.10  0.2329   20.000        -81.17  0.2601   20.000        -73.87  0.2679   20.000       -103.92  0.2397   20.000
         38.0020     -113.12  0.2329   20.000        -81.18  0.2601   20.000        -73.87  0.2679   20.000       -103.92  0.2397   20.000
         38.0033     -113.14  0.2329   20.000        -81.19  0.2601   20.000        -73.87  0.2679   20.000       -103.92  0.2397   20.000
         38.0050     -113.16  0.2329   20.000        -81.20  0.2601   20.000        -73.87  0.2679   20.000       -103.91  0.2397   20.000
         38.0072     -113.20  0.2329   20.000        -81.22  0.2601   20.000        -73.88  0.2679   20.000       -103.91  0.2397   20.000
         38.0094     -113.23  0.2328   20.000        -81.23  0.2601   20.000        -73.88  0.2679   20.000       -103.90  0.2397   20.000
         38.0116     -113.26  0.2328   20.000        -81.25  0.2600   20.000        -73.88  0.2679   20.000       -103.90  0.2397   20.000
         38.0144     -113.31  0.2328   20.000        -81.27  0.2600   20.000        -73.89  0.2679   20.000       -103.89  0.2397   20.000
         38.0173     -113.35  0.2327   20.000        -81.29  0.2600   20.000        -73.89  0.2679   20.000       -103.88  0.2397   20.000
         38.0201     -113.39  0.2327   20.000        -81.31  0.2600   20.000        -73.90  0.2679   20.000       -103.88  0.2397   20.000
         38.0230     -113.44  0.2327   20.000        -81.33  0.2600   20.000        -73.90  0.2679   20.000       -103.87  0.2397   20.000
         38.0267     -113.49  0.2326   20.000        -81.35  0.2599   20.000        -73.91  0.2679   20.000       -103.86  0.2397   20.000
         38.0304     -113.55  0.2326   20.000        -81.38  0.2599   20.000        -73.91  0.2679   20.000       -103.85  0.2397   20.000
         38.0341     -113.61  0.2326   20.000        -81.40  0.2599   20.000        -73.92  0.2679   20.000       -103.84  0.2397   20.000
         38.0379     -113.66  0.2325   20.000        -81.43  0.2599   20.000        -73.92  0.2679   20.000       -103.84  0.2398   20.000
         38.0427     -113.74  0.2325   20.000        -81.46  0.2598   20.000        -73.93  0.2678   20.000       -103.82  0.2398   20.000
         38.0475     -113.81  0.2324   20.000        -81.50  0.2598   20.000        -73.94  0.2678   20.000       -103.81  0.2398   20.000
         38.0523     -113.89  0.2324   20.000        -81.53  0.2598   20.000        -73.95  0.2678   20.000       -103.80  0.2398   20.000
         38.0586     -113.99  0.2323   20.000        -81.57  0.2597   20.000        -73.95  0.2678   20.000       -103.79  0.2398   20.000
         38.0668     -114.11  0.2322   20.000        -81.63  0.2597   20.000        -73.97  0.2678   20.000       -103.77  0.2398   20.000
         38.0749     -114.24  0.2321   20.000        -81.69  0.2596   20.000        -73.98  0.2678   20.000       -103.75  0.2398   20.000
         38.0831     -114.36  0.2320   20.000        -81.75  0.2595   20.000        -73.99  0.2678   20.000       -103.73  0.2398   20.000
         38.0912     -114.49  0.2319   20.000        -81.80  0.2595   20.000        -74.00  0.2678   20.000       -103.71  0.2398   20.000
         38.1018     -114.65  0.2318   20.000        -81.88  0.2594   20.000        -74.02  0.2677   20.000       -103.69  0.2399   20.000
         38.1156     -114.86  0.2316   20.000        -81.97  0.2593   20.000        -74.04  0.2677   20.000       -103.66  0.2399   20.000
         38.1294     -115.07  0.2315   20.000        -82.07  0.2592   20.000        -74.06  0.2677   20.000       -103.62  0.2399   20.000
         38.1432     -115.27  0.2313   20.000        -82.16  0.2591   20.000        -74.09  0.2676   20.000       -103.59  0.2399   20.000
         38.1570     -115.46  0.2312   20.000        -82.26  0.2590   20.000        -74.11  0.2676   20.000       -103.56  0.2400   20.000
         38.1708     -115.64  0.2311   20.000        -82.35  0.2589   20.000        -74.13  0.2676   20.000       -103.53  0.2400   20.000
         38.1846     -115.81  0.2309   20.000        -82.45  0.2588   20.000        -74.15  0.2676   20.000       -103.50  0.2400   20.000
         38.1983     -115.95  0.2308   20.000        -82.54  0.2587   20.000        -74.17  0.2675   20.000       -103.46  0.2400   20.000
         38.2121     -116.08  0.2307   20.000        -82.64  0.2587   20.000        -74.20  0.2675   20.000       -103.43  0.2400   20.000
         38.2301     -116.19  0.2307   20.000        -82.76  0.2585   20.000        -74.22  0.2675   20.000       -103.39  0.2401   20.000
         38.2480     -116.24  0.2306   20.000        -82.89  0.2584   20.000        -74.25  0.2674   20.000       -103.35  0.2401   20.000
         38.2659     -116.23  0.2306   20.000        -83.01  0.2583   20.000        -74.28  0.2674   20.000       -103.31  0.2401   20.000
         38.2892     -116.09  0.2307   20.000        -83.17  0.2581   20.000        -74.32  0.2673   20.000       -103.25  0.2402   20.000
         38.3125     -115.81  0.2309   20.000        -83.33  0.2580   20.000        -74.36  0.2673   20.000       -103.20  0.2402   20.000
         38.3358     -115.37  0.2313   20.000        -83.49  0.2578   20.000        -74.40  0.2672   20.000       -103.15  0.2403   20.000
         38.3591     -114.73  0.2317   20.000        -83.65  0.2576   20.000        -74.44  0.2672   20.000       -103.09  0.2403   20.000
         38.3824     -113.86  0.2324   20.000        -83.81  0.2575   20.000        -74.48  0.2671   20.000       -103.04  0.2403   20.000
         38.4057     -112.76  0.2332   20.000        -83.97  0.2573   20.000        -74.52  0.2671   20.000       -102.98  0.2404   20.000
         38.4290     -111.42  0.2342   20.000        -84.13  0.2572   20.000        -74.56  0.2670   20.000       -102.93  0.2404   20.000
         38.4593     -109.33  0.2357   20.000        -84.34  0.2570   20.000        -74.62  0.2669   20.000       -102.86  0.2405   20.000
         38.4896     -106.96  0.2375   20.000        -84.54  0.2568   20.000        -74.67  0.2669   20.000       -102.79  0.2405   20.000
         38.5198     -104.37  0.2394   20.000        -84.75  0.2566   20.000        -74.73  0.2668   20.000       -102.72  0.2406   20.000
         38.5501     -101.62  0.2414   20.000        -84.96  0.2564   20.000        -74.78  0.2667   20.000       -102.65  0.2406   20.000
         38.5895      -97.91  0.2441   20.000        -85.22  0.2561   20.000        -74.86  0.2666   20.000       -102.56  0.2407   20.000
         38.6306      -94.08  0.2473   20.000        -85.50  0.2558   20.000        -74.94  0.2665   20.000       -102.46  0.2408   20.000
         38.6716      -90.44  0.2509   20.000        -85.78  0.2555   20.000        -75.02  0.2664   20.000       -102.37  0.2408   20.000
         38.7127      -86.98  0.2543   20.000        -86.05  0.2553   20.000        -75.10  0.2663   20.000       -102.27  0.2409   20.000
         38.7537      -83.70  0.2576   20.000        -86.32  0.2550   20.000        -75.18  0.2662   20.000       -102.18  0.2410   20.000
         38.7948      -80.59  0.2607   20.000        -86.59  0.2547   20.000        -75.27  0.2661   20.000       -102.09  0.2410   20.000
         38.8358      -77.66  0.2636   20.000        -86.86  0.2545   20.000        -75.35  0.2660   20.000       -101.99  0.2411   20.000
         38.8905      -74.09  0.2676   20.000        -87.20  0.2541   20.000        -75.47  0.2658   20.000       -101.87  0.2412   20.000
         38.9453      -70.92  0.2718   20.000        -87.53  0.2538   20.000        -75.60  0.2657   20.000       -101.74  0.2413   20.000
         39.0000      -68.15  0.2754   20.000        -87.84  0.2535   20.000        -75.75  0.2655   20.000       -101.62  0.2414   20.000
         39.0512      -66.44  0.2777   20.000        -88.12  0.2532   20.000        -75.90  0.2654   20.000       -101.50  0.2415   20.000
         39.1024      -65.73  0.2786   20.000        -88.41  0.2529   20.000        -76.04  0.2652   20.000       -101.39  0.2416   20.000
         39.1536      -65.70  0.2786   20.000        -88.69  0.2526   20.000        -76.18  0.2651   20.000       -101.27  0.2416   20.000
         39.2047      -66.10  0.2781   20.000        -88.93  0.2524   20.000        -76.32  0.2649   20.000       -101.16  0.2417   20.000
         39.2559      -66.77  0.2772   20.000        -89.15  0.2522   20.000        -76.46  0.2648   20.000       -101.05  0.2418   20.000
         39.3071      -67.59  0.2762   20.000        -89.33  0.2520   20.000        -76.60  0.2646   20.000       -100.94  0.2419   20.000
         39.3583      -68.49  0.2750   20.000        -89.48  0.2519   20.000        -76.74  0.2645   20.000       -100.83  0.2420   20.000
         39.4225      -69.66  0.2734   20.000        -89.61  0.2517   20.000        -76.92  0.2643   20.000       -100.69  0.2421   20.000
         39.5050      -71.19  0.2714   20.000        -89.70  0.2516   20.000        -77.14  0.2641   20.000       -100.51  0.2422   20.000
         39.6287      -73.46  0.2685   20.000        -89.70  0.2516   20.000        -77.48  0.2638   20.000       -100.25  0.2424   20.000
         39.7525      -75.86  0.2654   20.000        -89.63  0.2517   20.000        -77.81  0.2634   20.000        -99.99  0.2426   20.000
         39.8762      -78.64  0.2626   20.000        -89.55  0.2518   20.000        -78.15  0.2631   20.000        -99.75  0.2428   20.000
         40.0000      -81.20  0.2601   20.000        -89.50  0.2518   20.000        -78.48  0.2628   20.000        -99.50  0.2429   20.000
         40.0010      -81.24  0.2600   20.000        -89.50  0.2518   20.000        -78.48  0.2628   20.000        -99.50  0.2429   20.000
         40.0020      -81.26  0.2600   20.000        -89.50  0.2518   20.000        -78.48  0.2628   20.000        -99.50  0.2429   20.000
         40.0030      -81.28  0.2600   20.000        -89.50  0.2518   20.000        -78.49  0.2628   20.000        -99.50  0.2429   20.000
         40.0043      -81.31  0.2600   20.000        -89.50  0.2518   20.000        -78.49  0.2628   20.000        -99.49  0.2430   20.000
         40.0056      -81.34  0.2599   20.000        -89.50  0.2518   20.000        -78.49  0.2628   20.000        -99.49  0.2430   20.000
         40.0073      -81.37  0.2599   20.000        -89.50  0.2518   20.000        -78.50  0.2628   20.000        -99.49  0.2430   20.000
         40.0090      -81.41  0.2599   20.000        -89.50  0.2518   20.000        -78.50  0.2628   20.000        -99.48  0.2430   20.000
         40.0112      -81.46  0.2598   20.000        -89.50  0.2518   20.000        -78.51  0.2628   20.000        -99.48  0.2430   20.000
         40.0140      -81.52  0.2598   20.000        -89.50  0.2518   20.000        -78.51  0.2628   20.000        -99.47  0.2430   20.000
         40.0169      -81.58  0.2597   20.000        -89.50  0.2518   20.000        -78.52  0.2627   20.000        -99.47  0.2430   20.000
         40.0197      -81.64  0.2597   20.000        -89.50  0.2518   20.000        -78.53  0.2627   20.000        -99.46  0.2430   20.000
         40.0226      -81.70  0.2596   20.000        -89.50  0.2518   20.000        -78.54  0.2627   20.000        -99.46  0.2430   20.000
         40.0255      -81.76  0.2595   20.000        -89.50  0.2518   20.000        -78.55  0.2627   20.000        -99.45  0.2430   20.000
         40.0292      -81.83  0.2595   20.000        -89.50  0.2518   20.000        -78.56  0.2627   20.000        -99.44  0.2430   20.000
         40.0329      -81.91  0.2594   20.000        -89.50  0.2518   20.000        -78.57  0.2627   20.000        -99.44  0.2430   20.000
         40.0377      -82.01  0.2593   20.000        -89.50  0.2518   20.000        -78.58  0.2627   20.000        -99.43  0.2430   20.000
         40.0425      -82.11  0.2592   20.000        -89.50  0.2518   20.000        -78.59  0.2627   20.000        -99.42  0.2430   20.000
         40.0474      -82.20  0.2591   20.000        -89.50  0.2518   20.000        -78.60  0.2627   20.000        -99.41  0.2430   20.000
         40.0522      -82.30  0.2590   20.000        -89.50  0.2518   20.000        -78.62  0.2626   20.000        -99.40  0.2430   20.000
         40.0585      -82.41  0.2589   20.000        -89.50  0.2518   20.000        -78.63  0.2626   20.000        -99.39  0.2430   20.000
         40.0647      -82.52  0.2588   20.000        -89.50  0.2518   20.000        -78.65  0.2626   20.000        -99.37  0.2430   20.000
         40.0710      -82.61  0.2587   20.000        -89.50  0.2518   20.000        -78.67  0.2626   20.000        -99.36  0.2430   20.000
         40.0773      -82.69  0.2586   20.000        -89.50  0.2518   20.000        -78.68  0.2626   20.000        -99.35  0.2431   20.000
         40.0836      -82.75  0.2585   20.000        -89.50  0.2518   20.000        -78.70  0.2626   20.000        -99.34  0.2431   20.000
         40.0917      -82.78  0.2585   20.000        -89.50  0.2518   20.000        -78.72  0.2625   20.000        -99.32  0.2431   20.000
         40.0999      -82.77  0.2585   20.000        -89.50  0.2518   20.000        -78.75  0.2625   20.000        -99.31  0.2431   20.000
         40.1080      -82.70  0.2586   20.000        -89.50  0.2518   20.000        -78.77  0.2625   20.000        -99.29  0.2431   20.000
         40.1186      -82.51  0.2588   20.000        -89.50  0.2518   20.000        -78.80  0.2625   20.000        -99.27  0.2431   20.000
         40.1324      -82.04  0.2592   20.000        -89.51  0.2518   20.000        -78.83  0.2624   20.000        -99.24  0.2431   20.000
         40.1462      -81.35  0.2599   20.000        -89.51  0.2518   20.000        -78.87  0.2624   20.000        -99.22  0.2432   20.000
         40.1600      -80.42  0.2609   20.000        -89.52  0.2518   20.000        -78.91  0.2624   20.000        -99.19  0.2432   20.000
         40.1738      -79.26  0.2620   20.000        -89.52  0.2518   20.000        -78.94  0.2623   20.000        -99.16  0.2432   20.000
         40.1876      -77.88  0.2634   20.000        -89.53  0.2518   20.000        -78.98  0.2623   20.000        -99.14  0.2432   20.000
         40.2014      -76.28  0.2650   20.000        -89.54  0.2518   20.000        -79.02  0.2623   20.000        -99.11  0.2432   20.000
         40.2151      -74.60  0.2670   20.000        -89.55  0.2518   20.000        -79.05  0.2622   20.000        -99.09  0.2433   20.000
         40.2289      -72.79  0.2693   20.000        -89.56  0.2518   20.000        -79.09  0.2622   20.000        -99.06  0.2433   20.000
         40.2427      -70.87  0.2719   20.000        -89.57  0.2518   20.000        -79.13  0.2621   20.000        -99.03  0.2433   20.000
         40.2565      -68.93  0.2744   20.000        -89.58  0.2518   20.000        -79.16  0.2621   20.000        -99.01  0.2433   20.000
         40.2744      -66.38  0.2777   20.000        -89.59  0.2517   20.000        -79.21  0.2621   20.000        -98.97  0.2433   20.000
         40.2923      -63.86  0.2811   20.000        -89.61  0.2517   20.000        -79.26  0.2620   20.000        -98.94  0.2434   20.000
         40.3103      -61.38  0.2843   20.000        -89.63  0.2517   20.000        -79.31  0.2620   20.000        -98.91  0.2434   20.000
         40.3336      -58.40  0.2888   20.000        -89.66  0.2517   20.000        -79.37  0.2619   20.000        -98.86  0.2434   20.000
         40.3569      -55.63  0.2934   20.000        -89.69  0.2517   20.000        -79.43  0.2618   20.000        -98.82  0.2434   20.000
         40.3802      -53.16  0.2976   20.000        -89.72  0.2516   20.000        -79.49  0.2618   20.000        -98.78  0.2435   20.000
         40.4035      -50.86  0.3014   20.000        -89.75  0.2516   20.000        -79.55  0.2617   20.000        -98.74  0.2435   20.000
         40.4337      -48.14  0.3060   20.000        -89.79  0.2516   20.000        -79.63  0.2616   20.000        -98.68  0.2435   20.000
         40.4640      -45.78  0.3106   20.000        -89.82  0.2515   20.000        -79.71  0.2616   20.000        -98.63  0.2436   20.000
         40.4943      -43.67  0.3150   20.000        -89.85  0.2515   20.000        -79.79  0.2615   20.000        -98.58  0.2436   20.000
         40.5246      -41.83  0.3189   20.000        -89.86  0.2515   20.000        -79.87  0.2614   20.000        -98.52  0.2437   20.000
         40.5549      -40.18  0.3223   20.000        -89.85  0.2515   20.000        -79.95  0.2613   20.000        -98.47  0.2437   20.000
         40.5852      -38.65  0.3255   20.000        -89.82  0.2515   20.000        -80.03  0.2612   20.000        -98.42  0.2437   20.000
         40.6155      -37.27  0.3285   20.000        -89.75  0.2516   20.000        -80.11  0.2612   20.000        -98.36  0.2438   20.000
         40.6458      -36.04  0.3315   20.000        -89.62  0.2517   20.000        -80.19  0.2611   20.000        -98.31  0.2438   20.000
         40.6760      -34.94  0.3342   20.000        -89.43  0.2519   20.000        -80.26  0.2610   20.000        -98.26  0.2439   20.000
         40.7165      -33.63  0.3375   20.000        -89.03  0.2523   20.000        -80.37  0.2609   20.000        -98.19  0.2439   20.000
         40.7570      -32.48  0.3403   20.000        -88.43  0.2529   20.000        -80.47  0.2608   20.000        -98.13  0.2440   20.000
         40.7975      -31.43  0.3429   20.000        -87.59  0.2537   20.000        -80.57  0.2607   20.000        -98.06  0.2440   20.000
         40.8380      -30.46  0.3453   20.000        -86.47  0.2548   20.000        -80.68  0.2606   20.000        -97.99  0.2441   20.000
         40.8785      -29.58  0.3476   20.000        -85.03  0.2563   20.000        -80.78  0.2605   20.000        -97.93  0.2441   20.000
         40.9190      -28.79  0.3498   20.000        -83.26  0.2580   20.000        -80.88  0.2604   20.000        -97.86  0.2442   20.000
         40.9595      -28.09  0.3518   20.000        -81.13  0.2602   20.000        -80.98  0.2603   20.000        -97.80  0.2442   20.000
         41.0000      -27.45  0.3536   20.000        -78.67  0.2626   20.000        -81.08  0.2602   20.000        -97.73  0.2442   20.000
         41.0010      -27.44  0.3536   20.000        -78.61  0.2627   20.000        -81.08  0.2602   20.000        -97.73  0.2442   20.000
         41.0020      -27.42  0.3537   20.000        -78.55  0.2627   20.000        -81.09  0.2602   20.000        -97.73  0.2442   20.000
         41.0033      -27.40  0.3537   20.000        -78.47  0.2628   20.000        -81.09  0.2602   20.000        -97.73  0.2442   20.000
         41.0050      -27.37  0.3538   20.000        -78.37  0.2629   20.000        -81.09  0.2602   20.000        -97.73  0.2443   20.000
         41.0072      -27.34  0.3539   20.000        -78.24  0.2630   20.000        -81.10  0.2602   20.000        -97.72  0.2443   20.000
         41.0100      -27.31  0.3540   20.000        -78.06  0.2632   20.000        -81.11  0.2602   20.000        -97.72  0.2443   20.000
         41.0138      -27.27  0.3541   20.000        -77.83  0.2634   20.000        -81.12  0.2602   20.000        -97.71  0.2443   20.000
         41.0186      -27.24  0.3542   20.000        -77.53  0.2637   20.000        -81.13  0.2602   20.000        -97.70  0.2443   20.000
         41.0249      -27.22  0.3542   20.000        -77.12  0.2641   20.000        -81.14  0.2601   20.000        -97.69  0.2443   20.000
         41.0330      -27.24  0.3542   20.000        -76.56  0.2647   20.000        -81.16  0.2601   20.000        -97.68  0.2443   20.000
         41.0436      -27.30  0.3540   20.000        -75.82  0.2654   20.000        -81.19  0.2601   20.000        -97.67  0.2443   20.000
         41.0574      -27.42  0.3537   20.000        -74.91  0.2666   20.000        -81.22  0.2601   20.000        -97.65  0.2443   20.000
         41.0753      -27.59  0.3532   20.000        -73.63  0.2682   20.000        -81.27  0.2600   20.000        -97.62  0.2443   20.000
         41.0986      -27.83  0.3525   20.000        -71.91  0.2705   20.000        -81.32  0.2600   20.000        -97.58  0.2444   20.000
         41.1289      -28.11  0.3517   20.000        -69.70  0.2734   20.000        -81.40  0.2599   20.000        -97.54  0.2444   20.000
         41.1592      -28.37  0.3510   20.000        -67.52  0.2762   20.000        -81.47  0.2598   20.000        -97.49  0.2444   20.000
         41.1895      -28.60  0.3503   20.000        -65.42  0.2790   20.000        -81.55  0.2597   20.000        -97.45  0.2445   20.000
         41.2198      -28.80  0.3498   20.000        -63.41  0.2816   20.000        -81.62  0.2597   20.000        -97.41  0.2445   20.000
         41.2591      -29.03  0.3492   20.000        -60.97  0.2848   20.000        -81.71  0.2596   20.000        -97.35  0.2445   20.000
         41.2985      -29.21  0.3486   20.000        -58.81  0.2881   20.000        -81.81  0.2595   20.000        -97.29  0.2446   20.000
         41.3379      -29.37  0.3482   20.000        -56.88  0.2913   20.000        -81.90  0.2594   20.000        -97.24  0.2446   20.000
         41.3773      -29.49  0.3478   20.000        -55.25  0.2941   20.000        -81.99  0.2593   20.000        -97.18  0.2447   20.000
         41.4285      -29.62  0.3475   20.000        -53.38  0.2972   20.000        -82.11  0.2592   20.000        -97.11  0.2447   20.000
         41.4796      -29.71  0.3472   20.000        -51.77  0.2999   20.000        -82.22  0.2591   20.000        -97.04  0.2448   20.000
         41.5317      -29.78  0.3470   20.000        -50.33  0.3023   20.000        -82.32  0.2590   20.000        -96.97  0.2448   20.000
         41.5837      -29.82  0.3469   20.000        -49.06  0.3045   20.000        -82.43  0.2589   20.000        -96.90  0.2449   20.000
         41.6531      -29.85  0.3468   20.000        -47.56  0.3070   20.000        -82.54  0.2587   20.000        -96.82  0.2449   20.000
         41.7225      -29.85  0.3468   20.000        -46.29  0.3096   20.000        -82.64  0.2587   20.000        -96.73  0.2450   20.000
         41.7919      -29.83  0.3469   20.000        -45.18  0.3119   20.000        -82.71  0.2586   20.000        -96.64  0.2450   20.000
         41.8612      -29.80  0.3470   20.000        -44.22  0.3139   20.000        -82.74  0.2586   20.000        -96.56  0.2451   20.000
         41.9306      -29.75  0.3471   20.000        -43.37  0.3157   20.000        -82.72  0.2586   20.000        -96.48  0.2452   20.000
         42.0000      -29.70  0.3473   20.000        -42.60  0.3173   20.000        -82.65  0.2586   20.000        -96.41  0.2452   20.000
         42.0865      -31.30  0.3433   20.000        -41.82  0.3189   20.000        -82.47  0.2588   20.000        -96.31  0.2453   20.000
         42.1730      -33.31  0.3383   20.000        -41.30  0.3200   20.000        -82.18  0.2591   20.000        -96.22  0.2454   20.000
         42.2557      -35.20  0.3336   20.000        -41.06  0.3205   20.000        -81.78  0.2595   20.000        -96.14  0.2454   20.000
         42.3384      -36.98  0.3292   20.000        -41.06  0.3205   20.000        -81.26  0.2600   20.000        -96.05  0.2455   20.000
         42.4211      -38.68  0.3254   20.000        -41.24  0.3201   20.000        -80.62  0.2607   20.000        -95.97  0.2455   20.000
         42.5038      -40.36  0.3219   20.000        -41.56  0.3194   20.000        -79.85  0.2614   20.000        -95.90  0.2456   20.000
         42.5865      -41.94  0.3186   20.000        -41.98  0.3185   20.000        -78.97  0.2623   20.000        -95.82  0.2457   20.000
         42.6692      -43.43  0.3155   20.000        -42.47  0.3175   20.000        -77.98  0.2633   20.000        -95.75  0.2457   20.000
         42.7795      -45.32  0.3116   20.000        -43.18  0.3160   20.000        -76.54  0.2647   20.000        -95.66  0.2458   20.000
         42.8897      -47.12  0.3079   20.000        -43.94  0.3145   20.000        -75.03  0.2664   20.000        -95.57  0.2458   20.000
         43.0000      -48.88  0.3048   20.000        -44.73  0.3128   20.000        -73.55  0.2683   20.000        -95.48  0.2459   20.000
         43.1111      -50.61  0.3018   20.000        -45.55  0.3111   20.000        -72.13  0.2702   20.000        -95.40  0.2460   20.000
         43.2593      -52.90  0.2980   20.000        -46.72  0.3087   20.000        -70.41  0.2725   20.000        -95.30  0.2461   20.000
         43.4074      -55.13  0.2943   20.000        -48.02  0.3062   20.000        -68.89  0.2744   20.000        -95.20  0.2462   20.000
         43.5556      -57.32  0.2906   20.000        -49.40  0.3039   20.000        -67.60  0.2761   20.000        -95.09  0.2463   20.000
         43.7037      -59.50  0.2869   20.000        -50.71  0.3017   20.000        -66.51  0.2776   20.000        -94.99  0.2464   20.000
         43.8519      -61.72  0.2838   20.000        -51.98  0.2996   20.000        -65.61  0.2788   20.000        -94.87  0.2465   20.000
         44.0000      -63.91  0.2810   20.000        -53.21  0.2975   20.000        -64.88  0.2797   20.000        -94.75  0.2466   20.000
         44.2500      -67.48  0.2763   20.000        -55.23  0.2941   20.000        -64.04  0.2808   20.000        -94.50  0.2469   20.000
         44.5000      -71.06  0.2716   20.000        -57.23  0.2907   20.000        -63.54  0.2815   20.000        -94.21  0.2472   20.000
         44.7500      -74.72  0.2668   20.000        -59.20  0.2874   20.000        -63.29  0.2818   20.000        -93.85  0.2475   20.000
         45.0000      -78.55  0.2627   20.000        -61.25  0.2845   20.000        -63.26  0.2818   20.000        -93.43  0.2479   20.000
         45.2500      -82.42  0.2589   20.000        -63.37  0.2817   20.000        -63.39  0.2817   20.000        -92.96  0.2484   20.000
         45.5000      -86.37  0.2549   20.000        -65.52  0.2789   20.000        -63.67  0.2813   20.000        -92.43  0.2489   20.000
         45.7500      -90.39  0.2510   20.000        -67.62  0.2761   20.000        -64.06  0.2808   20.000        -91.85  0.2495   20.000
         46.0000      -94.62  0.2468   20.000        -69.71  0.2734   20.000        -64.53  0.2802   20.000        -91.23  0.2501   20.000
         46.2500      -99.16  0.2432   20.000        -71.79  0.2707   20.000        -65.06  0.2795   20.000        -90.59  0.2508   20.000
         46.5000     -104.06  0.2396   20.000        -74.00  0.2678   20.000        -65.65  0.2787   20.000        -89.94  0.2514   20.000
         46.7500     -108.98  0.2360   20.000        -76.29  0.2650   20.000        -66.27  0.2779   20.000        -89.29  0.2521   20.000
         47.0000     -114.04  0.2322   20.000        -78.67  0.2626   20.000        -66.93  0.2770   20.000        -88.64  0.2527   20.000
         47.2500     -119.42  0.2283   20.000        -81.01  0.2603   20.000        -67.62  0.2761   20.000        -88.02  0.2533   20.000
         47.5000     -125.21  0.2250   20.000        -83.32  0.2580   20.000        -68.33  0.2752   20.000        -87.42  0.2539   20.000
         47.7500     -131.06  0.2218   20.000        -85.60  0.2557   20.000        -69.05  0.2742   20.000        -86.86  0.2545   20.000
         48.0000     -136.93  0.2187   20.000        -87.88  0.2534   20.000        -69.79  0.2733   20.000        -86.33  0.2550   20.000
         48.1667     -140.91  0.2165   20.000        -89.41  0.2519   20.000        -70.29  0.2726   20.000        -85.99  0.2553   20.000
         48.3333     -145.23  0.2142   20.000        -91.05  0.2503   20.000        -70.81  0.2719   20.000        -85.67  0.2556   20.000
         48.5000     -149.90  0.2117   20.000        -92.72  0.2486   20.000        -71.33  0.2713   20.000        -85.37  0.2559   20.000
         48.6667     -154.85  0.2095   20.000        -94.44  0.2469   20.000        -71.85  0.2706   20.000        -85.08  0.2562   20.000
         48.8333     -159.95  0.2075   20.000        -96.24  0.2453   20.000        -72.39  0.2699   20.000        -84.82  0.2565   20.000
         49.0000     -165.06  0.2056   20.000        -98.07  0.2440   20.000        -72.93  0.2692   20.000        -84.57  0.2567   20.000
         49.1667     -170.17  0.2036   20.000        -99.89  0.2427   20.000        -73.48  0.2684   20.000        -84.34  0.2570   20.000
         49.2857     -173.84  0.2022   20.000       -101.17  0.2417   20.000        -73.87  0.2679   20.000        -84.19  0.2571   20.000
         49.3750     -176.66  0.2011   20.000       -102.13  0.2410   20.000        -74.17  0.2675   20.000        -84.08  0.2572   20.000
         49.4792     -179.94  0.1998   20.000       -103.24  0.2402   20.000        -74.53  0.2671   20.000        -83.95  0.2573   20.000
         49.6094     -184.24  0.1982   20.000       -104.63  0.2392   20.000        -74.97  0.2665   20.000        -83.81  0.2575   20.000
         49.8047     -190.96  0.1956   20.000       -106.70  0.2376   20.000        -75.64  0.2656   20.000        -83.62  0.2577   20.000
         50.0000     -198.35  0.1935   20.000       -108.77  0.2361   20.000        -76.33  0.2649   20.000        -83.45  0.2578   20.000
         50.0010     -198.39  0.1935   20.000       -108.78  0.2361   20.000        -76.33  0.2649   20.000        -83.45  0.2578   20.000
         50.0020     -198.43  0.1934   20.000       -108.79  0.2361   20.000        -76.34  0.2649   20.000        -83.45  0.2578   20.000
         50.0030     -198.47  0.1934   20.000       -108.81  0.2361   20.000        -76.34  0.2649   20.000        -83.45  0.2579   20.000
         50.0040     -198.51  0.1934   20.000       -108.82  0.2361   20.000        -76.34  0.2649   20.000        -83.45  0.2579   20.000
         50.0050     -198.56  0.1934   20.000       -108.83  0.2361   20.000        -76.35  0.2649   20.000        -83.45  0.2579   20.000
         50.0060     -198.60  0.1934   20.000       -108.84  0.2361   20.000        -76.35  0.2649   20.000        -83.45  0.2579   20.000
         50.0070     -198.64  0.1934   20.000       -108.85  0.2361   20.000        -76.36  0.2649   20.000        -83.44  0.2579   20.000
         50.0080     -198.68  0.1934   20.000       -108.86  0.2361   20.000        -76.36  0.2649   20.000        -83.44  0.2579   20.000
         50.0093     -198.73  0.1934   20.000       -108.88  0.2360   20.000        -76.36  0.2649   20.000        -83.44  0.2579   20.000
         50.0106     -198.79  0.1933   20.000       -108.89  0.2360   20.000        -76.37  0.2649   20.000        -83.44  0.2579   20.000
         50.0119     -198.84  0.1933   20.000       -108.90  0.2360   20.000        -76.37  0.2649   20.000        -83.44  0.2579   20.000
         50.0132     -198.89  0.1933   20.000       -108.92  0.2360   20.000        -76.38  0.2649   20.000        -83.44  0.2579   20.000
         50.0149     -198.96  0.1933   20.000       -108.94  0.2360   20.000        -76.38  0.2649   20.000        -83.44  0.2579   20.000
         50.0166     -199.03  0.1933   20.000       -108.96  0.2360   20.000        -76.39  0.2649   20.000        -83.44  0.2579   20.000
         50.0183     -199.10  0.1933   20.000       -108.98  0.2360   20.000        -76.40  0.2649   20.000        -83.44  0.2579   20.000
         50.0200     -199.17  0.1932   20.000       -108.99  0.2360   20.000        -76.40  0.2648   20.000        -83.43  0.2579   20.000
         50.0222     -199.26  0.1932   20.000       -109.02  0.2359   20.000        -76.41  0.2648   20.000        -83.43  0.2579   20.000
         50.0244     -199.35  0.1932   20.000       -109.04  0.2359   20.000        -76.42  0.2648   20.000        -83.43  0.2579   20.000
         50.0266     -199.44  0.1932   20.000       -109.07  0.2359   20.000        -76.43  0.2648   20.000        -83.43  0.2579   20.000
         50.0294     -199.55  0.1931   20.000       -109.10  0.2359   20.000        -76.44  0.2648   20.000        -83.43  0.2579   20.000
         50.0323     -199.67  0.1931   20.000       -109.13  0.2359   20.000        -76.45  0.2648   20.000        -83.42  0.2579   20.000
         50.0351     -199.78  0.1931   20.000       -109.16  0.2358   20.000        -76.46  0.2648   20.000        -83.42  0.2579   20.000
         50.0380     -199.90  0.1930   20.000       -109.19  0.2358   20.000        -76.47  0.2648   20.000        -83.42  0.2579   20.000
         50.0408     -200.01  0.1930   20.000       -109.23  0.2358   20.000        -76.48  0.2648   20.000        -83.42  0.2579   20.000
         50.0437     -200.12  0.1930   20.000       -109.26  0.2358   20.000        -76.49  0.2648   20.000        -83.41  0.2579   20.000
         50.0465     -200.24  0.1929   20.000       -109.29  0.2357   20.000        -76.50  0.2648   20.000        -83.41  0.2579   20.000
         50.0503     -200.39  0.1929   20.000       -109.33  0.2357   20.000        -76.51  0.2647   20.000        -83.41  0.2579   20.000
         50.0540     -200.53  0.1929   20.000       -109.37  0.2357   20.000        -76.53  0.2647   20.000        -83.41  0.2579   20.000
         50.0577     -200.68  0.1928   20.000       -109.41  0.2356   20.000        -76.54  0.2647   20.000        -83.40  0.2579   20.000
         50.0625     -200.87  0.1928   20.000       -109.47  0.2356   20.000        -76.56  0.2647   20.000        -83.40  0.2579   20.000
         50.0673     -201.07  0.1927   20.000       -109.52  0.2356   20.000        -76.57  0.2647   20.000        -83.39  0.2579   20.000
         50.0736     -201.32  0.1926   20.000       -109.59  0.2355   20.000        -76.60  0.2647   20.000        -83.39  0.2579   20.000
         50.0799     -201.57  0.1926   20.000       -109.66  0.2355   20.000        -76.62  0.2646   20.000        -83.38  0.2579   20.000
         50.0862     -201.82  0.1925   20.000       -109.73  0.2354   20.000        -76.64  0.2646   20.000        -83.38  0.2579   20.000
         50.0924     -202.07  0.1924   20.000       -109.80  0.2354   20.000        -76.67  0.2646   20.000        -83.37  0.2579   20.000
         50.0987     -202.32  0.1924   20.000       -109.87  0.2353   20.000        -76.69  0.2646   20.000        -83.37  0.2579   20.000
         50.1050     -202.57  0.1923   20.000       -109.94  0.2353   20.000        -76.71  0.2645   20.000        -83.36  0.2579   20.000
         50.1113     -202.82  0.1922   20.000       -110.01  0.2352   20.000        -76.73  0.2645   20.000        -83.36  0.2579   20.000
         50.1175     -203.07  0.1922   20.000       -110.08  0.2352   20.000        -76.76  0.2645   20.000        -83.35  0.2579   20.000
         50.1257     -203.40  0.1921   20.000       -110.17  0.2351   20.000        -76.79  0.2645   20.000        -83.35  0.2580   20.000
         50.1338     -203.74  0.1920   20.000       -110.27  0.2350   20.000        -76.81  0.2644   20.000        -83.34  0.2580   20.000
         50.1420     -204.08  0.1919   20.000       -110.36  0.2350   20.000        -76.84  0.2644   20.000        -83.33  0.2580   20.000
         50.1502     -204.42  0.1918   20.000       -110.45  0.2349   20.000        -76.87  0.2644   20.000        -83.33  0.2580   20.000
         50.1583     -204.76  0.1917   20.000       -110.54  0.2348   20.000        -76.90  0.2644   20.000        -83.32  0.2580   20.000
         50.1665     -205.10  0.1916   20.000       -110.63  0.2347   20.000        -76.93  0.2643   20.000        -83.32  0.2580   20.000
         50.1771     -205.54  0.1915   20.000       -110.75  0.2347   20.000        -76.97  0.2643   20.000        -83.31  0.2580   20.000
         50.1877     -205.98  0.1914   20.000       -110.87  0.2346   20.000        -77.01  0.2642   20.000        -83.30  0.2580   20.000
         50.1983     -206.42  0.1912   20.000       -110.99  0.2345   20.000        -77.05  0.2642   20.000        -83.29  0.2580   20.000
         50.2089     -206.85  0.1911   20.000       -111.11  0.2344   20.000        -77.08  0.2642   20.000        -83.28  0.2580   20.000
         50.2195     -207.29  0.1910   20.000       -111.23  0.2343   20.000        -77.12  0.2641   20.000        -83.28  0.2580   20.000
         50.2301     -207.72  0.1909   20.000       -111.35  0.2342   20.000        -77.16  0.2641   20.000        -83.27  0.2580   20.000
         50.2407     -208.15  0.1908   20.000       -111.47  0.2341   20.000        -77.20  0.2641   20.000        -83.26  0.2580   20.000
         50.2513     -208.58  0.1907   20.000       -111.59  0.2340   20.000        -77.24  0.2640   20.000        -83.25  0.2580   20.000
         50.2619     -209.01  0.1905   20.000       -111.71  0.2340   20.000        -77.27  0.2640   20.000        -83.25  0.2581   20.000
         50.2757     -209.57  0.1904   20.000       -111.87  0.2338   20.000        -77.32  0.2639   20.000        -83.24  0.2581   20.000
         50.2895     -210.12  0.1902   20.000       -112.02  0.2337   20.000        -77.37  0.2639   20.000        -83.23  0.2581   20.000
         50.3033     -210.67  0.1901   20.000       -112.18  0.2336   20.000        -77.42  0.2638   20.000        -83.22  0.2581   20.000
         50.3212     -211.39  0.1899   20.000       -112.39  0.2335   20.000        -77.49  0.2638   20.000        -83.20  0.2581   20.000
         50.3391     -212.10  0.1897   20.000       -112.59  0.2333   20.000        -77.55  0.2637   20.000        -83.19  0.2581   20.000
         50.3570     -212.81  0.1895   20.000       -112.80  0.2332   20.000        -77.62  0.2636   20.000        -83.18  0.2581   20.000
         50.3750     -213.52  0.1893   20.000       -113.00  0.2330   20.000        -77.68  0.2636   20.000        -83.17  0.2581   20.000
         50.3929     -214.23  0.1891   20.000       -113.21  0.2329   20.000        -77.74  0.2635   20.000        -83.16  0.2581   20.000
         50.4108     -214.95  0.1889   20.000       -113.41  0.2327   20.000        -77.81  0.2635   20.000        -83.15  0.2582   20.000
         50.4287     -215.66  0.1887   20.000       -113.62  0.2325   20.000        -77.87  0.2634   20.000        -83.14  0.2582   20.000
         50.4466     -216.37  0.1885   20.000       -113.83  0.2324   20.000        -77.94  0.2633   20.000        -83.12  0.2582   20.000
         50.4646     -217.07  0.1883   20.000       -114.04  0.2322   20.000        -78.00  0.2633   20.000        -83.11  0.2582   20.000
         50.4825     -217.75  0.1881   20.000       -114.25  0.2321   20.000        -78.06  0.2632   20.000        -83.10  0.2582   20.000
         50.5004     -218.40  0.1880   20.000       -114.46  0.2319   20.000        -78.13  0.2631   20.000        -83.09  0.2582   20.000
         50.5183     -219.02  0.1878   20.000       -114.67  0.2318   20.000        -78.19  0.2631   20.000        -83.08  0.2582   20.000
         50.5416     -219.75  0.1876   20.000       -114.94  0.2316   20.000        -78.28  0.2630   20.000        -83.07  0.2582   20.000
         50.5649     -220.38  0.1874   20.000       -115.22  0.2314   20.000        -78.36  0.2629   20.000        -83.06  0.2582   20.000
         50.5882     -220.88  0.1873   20.000       -115.49  0.2312   20.000        -78.44  0.2628   20.000        -83.04  0.2583   20.000
         50.6115     -221.22  0.1872   20.000       -115.77  0.2310   20.000        -78.53  0.2627   20.000        -83.03  0.2583   20.000
         50.6348     -221.31  0.1872   20.000       -116.05  0.2308   20.000        -78.61  0.2627   20.000        -83.02  0.2583   20.000
         50.6581     -221.09  0.1872   20.000       -116.33  0.2306   20.000        -78.69  0.2626   20.000        -83.01  0.2583   20.000
         50.6814     -220.45  0.1874   20.000       -116.62  0.2303   20.000        -78.78  0.2625   20.000        -83.00  0.2583   20.000
         50.7047     -219.28  0.1877   20.000       -116.90  0.2301   20.000        -78.86  0.2624   20.000        -82.99  0.2583   20.000
         50.7342     -216.82  0.1884   20.000       -117.26  0.2299   20.000        -78.97  0.2623   20.000        -82.97  0.2583   20.000
         50.7722     -211.80  0.1898   20.000       -117.71  0.2295   20.000        -79.10  0.2622   20.000        -82.96  0.2583   20.000
         50.8102     -204.87  0.1917   20.000       -118.19  0.2292   20.000        -79.24  0.2620   20.000        -82.94  0.2584   20.000
         50.8481     -196.20  0.1941   20.000       -118.68  0.2288   20.000        -79.37  0.2619   20.000        -82.93  0.2584   20.000
         50.8861     -186.87  0.1972   20.000       -119.17  0.2285   20.000        -79.51  0.2618   20.000        -82.91  0.2584   20.000
         50.9241     -177.08  0.2009   20.000       -119.65  0.2281   20.000        -79.65  0.2616   20.000        -82.90  0.2584   20.000
         50.9620     -166.77  0.2049   20.000       -120.13  0.2278   20.000        -79.78  0.2615   20.000        -82.88  0.2584   20.000
         51.0000     -156.52  0.2089   20.000       -120.63  0.2274   20.000        -79.92  0.2614   20.000        -82.87  0.2584   20.000
         51.0394     -147.49  0.2130   20.000       -121.18  0.2271   20.000        -80.06  0.2612   20.000        -82.86  0.2584   20.000
         51.0669     -142.18  0.2159   20.000       -121.57  0.2269   20.000        -80.16  0.2611   20.000        -82.85  0.2584   20.000
         51.0945     -137.31  0.2185   20.000       -121.96  0.2267   20.000        -80.26  0.2610   20.000        -82.84  0.2585   20.000
         51.1221     -133.09  0.2207   20.000       -122.34  0.2265   20.000        -80.36  0.2609   20.000        -82.84  0.2585   20.000
         51.1496     -129.91  0.2224   20.000       -122.72  0.2263   20.000        -80.46  0.2608   20.000        -82.83  0.2585   20.000
         51.1772     -127.52  0.2237   20.000       -123.10  0.2261   20.000        -80.56  0.2607   20.000        -82.82  0.2585   20.000
         51.2130     -125.26  0.2249   20.000       -123.61  0.2258   20.000        -80.69  0.2606   20.000        -82.82  0.2585   20.000
         51.2488     -123.71  0.2258   20.000       -124.12  0.2256   20.000        -80.81  0.2605   20.000        -82.81  0.2585   20.000
         51.2954     -122.58  0.2264   20.000       -124.77  0.2252   20.000        -80.98  0.2603   20.000        -82.80  0.2585   20.000
         51.3420     -122.13  0.2266   20.000       -125.42  0.2249   20.000        -81.15  0.2601   20.000        -82.79  0.2585   20.000
         51.3886     -122.17  0.2266   20.000       -126.06  0.2245   20.000        -81.32  0.2600   20.000        -82.79  0.2585   20.000
         51.4497     -122.74  0.2263   20.000       -126.91  0.2241   20.000        -81.55  0.2597   20.000        -82.78  0.2585   20.000
         51.5283     -124.07  0.2256   20.000       -128.00  0.2235   20.000        -81.83  0.2595   20.000        -82.77  0.2585   20.000
         51.6069     -125.83  0.2246   20.000       -129.07  0.2229   20.000        -82.12  0.2592   20.000        -82.77  0.2585   20.000
         51.6856     -127.89  0.2235   20.000       -130.15  0.2223   20.000        -82.41  0.2589   20.000        -82.77  0.2585   20.000
         51.7904     -130.88  0.2219   20.000       -131.57  0.2216   20.000        -82.79  0.2585   20.000        -82.77  0.2585   20.000
         51.8952     -134.16  0.2202   20.000       -132.98  0.2208   20.000        -83.18  0.2581   20.000        -82.78  0.2585   20.000
         52.0000     -137.59  0.2183   20.000       -134.39  0.2200   20.000        -83.56  0.2577   20.000        -82.80  0.2585   20.000
         52.0010     -137.63  0.2183   20.000       -134.40  0.2200   20.000        -83.57  0.2577   20.000        -82.80  0.2585   20.000
         52.0023     -137.66  0.2183   20.000       -134.41  0.2200   20.000        -83.57  0.2577   20.000        -82.80  0.2585   20.000
         52.0040     -137.72  0.2183   20.000       -134.43  0.2200   20.000        -83.58  0.2577   20.000        -82.80  0.2585   20.000
         52.0062     -137.78  0.2182   20.000       -134.46  0.2200   20.000        -83.59  0.2577   20.000        -82.80  0.2585   20.000
         52.0090     -137.87  0.2182   20.000       -134.49  0.2200   20.000        -83.60  0.2577   20.000        -82.80  0.2585   20.000
         52.0128     -137.98  0.2181   20.000       -134.54  0.2200   20.000        -83.61  0.2577   20.000        -82.80  0.2585   20.000
         52.0176     -138.12  0.2180   20.000       -134.59  0.2199   20.000        -83.63  0.2577   20.000        -82.80  0.2585   20.000
         52.0239     -138.31  0.2179   20.000       -134.66  0.2199   20.000        -83.65  0.2576   20.000        -82.80  0.2585   20.000
         52.0320     -138.56  0.2178   20.000       -134.76  0.2198   20.000        -83.68  0.2576   20.000        -82.80  0.2585   20.000
         52.0426     -138.88  0.2176   20.000       -134.88  0.2198   20.000        -83.72  0.2576   20.000        -82.80  0.2585   20.000
         52.0564     -139.31  0.2174   20.000       -135.04  0.2197   20.000        -83.77  0.2575   20.000        -82.80  0.2585   20.000
         52.0743     -139.86  0.2171   20.000       -135.25  0.2196   20.000        -83.83  0.2575   20.000        -82.81  0.2585   20.000
         52.0976     -140.58  0.2167   20.000       -135.52  0.2194   20.000        -83.92  0.2574   20.000        -82.81  0.2585   20.000
         52.1279     -141.51  0.2162   20.000       -135.87  0.2193   20.000        -84.03  0.2573   20.000        -82.81  0.2585   20.000
         52.1673     -142.72  0.2156   20.000       -136.32  0.2190   20.000        -84.17  0.2571   20.000        -82.82  0.2585   20.000
         52.2185     -144.26  0.2147   20.000       -136.91  0.2187   20.000        -84.36  0.2569   20.000        -82.83  0.2585   20.000
         52.2850     -146.21  0.2137   20.000       -137.67  0.2183   20.000        -84.60  0.2567   20.000        -82.85  0.2584   20.000
         52.3744     -148.74  0.2123   20.000       -138.69  0.2177   20.000        -84.92  0.2564   20.000        -82.87  0.2584   20.000
         52.4787     -151.69  0.2108   20.000       -139.87  0.2171   20.000        -85.29  0.2560   20.000        -82.90  0.2584   20.000
         52.6090     -155.54  0.2092   20.000       -141.34  0.2163   20.000        -85.76  0.2556   20.000        -82.94  0.2584   20.000
         52.8045     -160.72  0.2072   20.000       -143.55  0.2151   20.000        -86.46  0.2549   20.000        -83.01  0.2583   20.000
         53.0000     -165.45  0.2054   20.000       -145.79  0.2139   20.000        -87.15  0.2542   20.000        -83.09  0.2582   20.000
         53.0010     -165.51  0.2054   20.000       -145.80  0.2139   20.000        -87.16  0.2542   20.000        -83.09  0.2582   20.000
         53.0020     -165.54  0.2054   20.000       -145.81  0.2139   20.000        -87.16  0.2542   20.000        -83.09  0.2582   20.000
         53.0033     -165.58  0.2054   20.000       -145.83  0.2139   20.000        -87.16  0.2542   20.000        -83.09  0.2582   20.000
         53.0050     -165.62  0.2054   20.000       -145.85  0.2139   20.000        -87.17  0.2542   20.000        -83.09  0.2582   20.000
         53.0072     -165.68  0.2053   20.000       -145.88  0.2139   20.000        -87.18  0.2541   20.000        -83.09  0.2582   20.000
         53.0100     -165.76  0.2053   20.000       -145.92  0.2139   20.000        -87.19  0.2541   20.000        -83.09  0.2582   20.000
         53.0138     -165.87  0.2053   20.000       -145.97  0.2138   20.000        -87.20  0.2541   20.000        -83.09  0.2582   20.000
         53.0186     -166.00  0.2052   20.000       -146.03  0.2138   20.000        -87.22  0.2541   20.000        -83.10  0.2582   20.000
         53.0234     -166.14  0.2052   20.000       -146.10  0.2138   20.000        -87.24  0.2541   20.000        -83.10  0.2582   20.000
         53.0282     -166.27  0.2051   20.000       -146.16  0.2137   20.000        -87.25  0.2541   20.000        -83.10  0.2582   20.000
         53.0345     -166.44  0.2050   20.000       -146.25  0.2137   20.000        -87.27  0.2540   20.000        -83.10  0.2582   20.000
         53.0408     -166.62  0.2050   20.000       -146.33  0.2136   20.000        -87.30  0.2540   20.000        -83.11  0.2582   20.000
         53.0471     -166.79  0.2049   20.000       -146.41  0.2136   20.000        -87.32  0.2540   20.000        -83.11  0.2582   20.000
         53.0552     -167.01  0.2048   20.000       -146.52  0.2135   20.000        -87.35  0.2540   20.000        -83.11  0.2582   20.000
         53.0658     -167.30  0.2047   20.000       -146.67  0.2135   20.000        -87.39  0.2539   20.000        -83.12  0.2582   20.000
         53.0796     -167.68  0.2046   20.000       -146.85  0.2134   20.000        -87.44  0.2539   20.000        -83.12  0.2582   20.000
         53.0934     -168.05  0.2044   20.000       -147.04  0.2133   20.000        -87.49  0.2538   20.000        -83.13  0.2582   20.000
         53.1072     -168.42  0.2043   20.000       -147.23  0.2132   20.000        -87.53  0.2538   20.000        -83.13  0.2582   20.000
         53.1210     -168.78  0.2041   20.000       -147.41  0.2131   20.000        -87.58  0.2537   20.000        -83.14  0.2582   20.000
         53.1348     -169.13  0.2040   20.000       -147.60  0.2130   20.000        -87.63  0.2537   20.000        -83.15  0.2582   20.000
         53.1527     -169.57  0.2038   20.000       -147.84  0.2128   20.000        -87.70  0.2536   20.000        -83.15  0.2581   20.000
         53.1760     -170.09  0.2036   20.000       -148.16  0.2127   20.000        -87.78  0.2535   20.000        -83.16  0.2581   20.000
         53.1993     -170.55  0.2035   20.000       -148.49  0.2125   20.000        -87.87  0.2535   20.000        -83.17  0.2581   20.000
         53.2226     -170.91  0.2033   20.000       -148.83  0.2123   20.000        -87.95  0.2534   20.000        -83.19  0.2581   20.000
         53.2459     -171.17  0.2032   20.000       -149.17  0.2121   20.000        -88.03  0.2533   20.000        -83.20  0.2581   20.000
         53.2762     -171.29  0.2032   20.000       -149.61  0.2119   20.000        -88.14  0.2532   20.000        -83.21  0.2581   20.000
         53.3064     -171.13  0.2032   20.000       -150.05  0.2116   20.000        -88.25  0.2531   20.000        -83.23  0.2581   20.000
         53.3367     -170.64  0.2034   20.000       -150.49  0.2114   20.000        -88.36  0.2530   20.000        -83.24  0.2581   20.000
         53.3761     -169.44  0.2039   20.000       -151.05  0.2111   20.000        -88.50  0.2528   20.000        -83.26  0.2580   20.000
         53.4155     -167.58  0.2046   20.000       -151.62  0.2108   20.000        -88.65  0.2527   20.000        -83.28  0.2580   20.000
         53.4548     -165.07  0.2056   20.000       -152.22  0.2105   20.000        -88.79  0.2525   20.000        -83.30  0.2580   20.000
         53.4942     -161.98  0.2068   20.000       -152.87  0.2103   20.000        -88.93  0.2524   20.000        -83.32  0.2580   20.000
         53.5336     -158.31  0.2082   20.000       -153.48  0.2100   20.000        -89.07  0.2523   20.000        -83.34  0.2580   20.000
         53.5730     -154.12  0.2098   20.000       -154.09  0.2098   20.000        -89.22  0.2521   20.000        -83.36  0.2579   20.000
         53.6123     -149.91  0.2117   20.000       -154.68  0.2096   20.000        -89.36  0.2520   20.000        -83.38  0.2579   20.000
         53.6608     -144.64  0.2146   20.000       -155.41  0.2093   20.000        -89.54  0.2518   20.000        -83.41  0.2579   20.000
         53.7093     -139.00  0.2176   20.000       -156.13  0.2090   20.000        -89.71  0.2516   20.000        -83.44  0.2579   20.000
         53.7577     -133.60  0.2205   20.000       -156.89  0.2087   20.000        -89.89  0.2515   20.000        -83.46  0.2578   20.000
         53.8183     -127.10  0.2240   20.000       -157.82  0.2084   20.000        -90.11  0.2512   20.000        -83.50  0.2578   20.000
         53.8789     -120.85  0.2273   20.000       -158.75  0.2080   20.000        -90.33  0.2510   20.000        -83.53  0.2578   20.000
         53.9394     -115.66  0.2310   20.000       -159.67  0.2076   20.000        -90.55  0.2508   20.000        -83.57  0.2577   20.000
         54.0000     -110.61  0.2348   20.000       -160.58  0.2073   20.000        -90.77  0.2506   20.000        -83.61  0.2577   20.000
         54.0665     -106.58  0.2377   20.000       -161.60  0.2069   20.000        -91.01  0.2503   20.000        -83.65  0.2577   20.000
         54.1331     -104.46  0.2393   20.000       -162.64  0.2065   20.000        -91.26  0.2501   20.000        -83.69  0.2576   20.000
         54.1996     -103.66  0.2399   20.000       -163.68  0.2061   20.000        -91.50  0.2499   20.000        -83.73  0.2576   20.000
         54.2662     -103.83  0.2398   20.000       -164.72  0.2057   20.000        -91.75  0.2496   20.000        -83.77  0.2575   20.000
         54.3327     -104.65  0.2391   20.000       -165.76  0.2053   20.000        -91.99  0.2494   20.000        -83.82  0.2575   20.000
         54.3994     -105.92  0.2382   20.000       -166.80  0.2049   20.000        -92.24  0.2491   20.000        -83.86  0.2574   20.000
         54.4662     -107.49  0.2371   20.000       -167.85  0.2045   20.000        -92.48  0.2489   20.000        -83.91  0.2574   20.000
         54.5551     -109.89  0.2353   20.000       -169.24  0.2040   20.000        -92.81  0.2485   20.000        -83.97  0.2573   20.000
         54.6441     -112.53  0.2333   20.000       -170.63  0.2034   20.000        -93.14  0.2482   20.000        -84.03  0.2573   20.000
         54.7331     -115.29  0.2313   20.000       -172.03  0.2029   20.000        -93.47  0.2479   20.000        -84.09  0.2572   20.000
         54.8665     -119.81  0.2280   20.000       -174.12  0.2021   20.000        -93.97  0.2474   20.000        -84.19  0.2571   20.000
         55.0000     -124.79  0.2252   20.000       -176.20  0.2013   20.000        -94.47  0.2469   20.000        -84.29  0.2570   20.000
         55.1429     -130.35  0.2222   20.000       -178.44  0.2004   20.000        -95.01  0.2464   20.000        -84.40  0.2569   20.000
         55.2857     -135.85  0.2193   20.000       -180.66  0.1996   20.000        -95.54  0.2459   20.000        -84.51  0.2568   20.000
         55.4643     -142.60  0.2156   20.000       -183.48  0.1985   20.000        -96.22  0.2454   20.000        -84.65  0.2567   20.000
         55.6429     -149.38  0.2120   20.000       -186.33  0.1974   20.000        -96.89  0.2449   20.000        -84.79  0.2565   20.000
         55.8214     -157.65  0.2084   20.000       -189.39  0.1962   20.000        -97.56  0.2444   20.000        -84.94  0.2564   20.000
         56.0000     -166.39  0.2051   20.000       -192.52  0.1951   20.000        -98.22  0.2439   20.000        -85.09  0.2562   20.000
         56.2000     -175.72  0.2015   20.000       -196.28  0.1940   20.000        -98.96  0.2433   20.000        -85.26  0.2561   20.000
         56.4000     -185.00  0.1979   20.000       -200.19  0.1930   20.000        -99.70  0.2428   20.000        -85.43  0.2559   20.000
         56.6000     -195.60  0.1942   20.000       -204.13  0.1919   20.000       -100.43  0.2423   20.000        -85.61  0.2557   20.000
         56.8000     -208.30  0.1907   20.000       -208.11  0.1908   20.000       -101.16  0.2417   20.000        -85.79  0.2555   20.000
         57.0000     -220.48  0.1874   20.000       -212.11  0.1897   20.000       -101.89  0.2412   20.000        -85.97  0.2553   20.000
         57.2000     -232.39  0.1841   20.000       -216.17  0.1886   20.000       -102.61  0.2407   20.000        -86.16  0.2552   20.000
         57.4000     -247.26  0.1805   20.000       -221.13  0.1872   20.000       -103.34  0.2401   20.000        -86.35  0.2550   20.000
         57.5200     -258.29  0.1783   20.000       -224.16  0.1864   20.000       -103.79  0.2398   20.000        -86.46  0.2549   20.000
         57.6400     -269.10  0.1762   20.000       -227.26  0.1855   20.000       -104.23  0.2395   20.000        -86.57  0.2547   20.000
         57.7600     -279.72  0.1742   20.000       -230.49  0.1846   20.000       -104.67  0.2391   20.000        -86.69  0.2546   20.000
         57.8800     -290.26  0.1721   20.000       -233.82  0.1837   20.000       -105.11  0.2388   20.000        -86.80  0.2545   20.000
         58.0000     -301.12  0.1700   20.000       -237.50  0.1827   20.000       -105.55  0.2385   20.000        -86.92  0.2544   20.000
         58.1667     -319.91  0.1672   20.000       -242.85  0.1813   20.000       -106.17  0.2380   20.000        -87.08  0.2542   20.000
         58.3750     -341.34  0.1643   20.000       -248.95  0.1801   20.000       -106.92  0.2375   20.000        -87.29  0.2540   20.000
         58.5833     -362.52  0.1614   20.000       -254.91  0.1790   20.000       -107.66  0.2369   20.000        -87.49  0.2538   20.000
         58.7917     -384.66  0.1583   20.000       -260.94  0.1778   20.000       -108.39  0.2364   20.000        -87.70  0.2536   20.000
         59.0000     -413.33  0.1556   20.000       -267.00  0.1766   20.000       -109.13  0.2359   20.000        -87.91  0.2534   20.000
         59.2500     -447.79  0.1523   20.000       -274.42  0.1752   20.000       -110.00  0.2352   20.000        -88.16  0.2532   20.000
         59.5000     -489.32  0.1484   20.000       -283.64  0.1734   20.000       -110.88  0.2346   20.000        -88.42  0.2529   20.000
         59.7500     -543.82  0.1447   20.000       -293.40  0.1715   20.000       -111.77  0.2339   20.000        -88.68  0.2527   20.000
         60.0000     -599.16  0.1410   20.000       -304.11  0.1694   20.000       -112.67  0.2333   20.000        -88.94  0.2524   20.000
         60.2500     -669.70  0.1374   20.000       -316.60  0.1676   20.000       -113.57  0.2326   20.000        -89.20  0.2521   20.000
         60.5000     -732.56  0.1345   20.000       -326.36  0.1663   20.000       -114.44  0.2319   20.000        -89.46  0.2519   20.000
         60.7500     -805.01  0.1315   20.000       -336.29  0.1649   20.000       -115.31  0.2313   20.000        -89.72  0.2516   20.000
         61.0000     -892.76  0.1286   20.000       -346.36  0.1636   20.000       -116.17  0.2307   20.000        -89.99  0.2514   20.000
         61.2500     -983.84  0.1257   20.000       -356.75  0.1621   20.000       -117.04  0.2300   20.000        -90.25  0.2511   20.000
         61.5000    -1119.78  0.1226   20.000       -369.53  0.1604   20.000       -117.92  0.2294   20.000        -90.52  0.2508   20.000
         61.7500    -1265.61  0.1195   20.000       -383.06  0.1585   20.000       -118.81  0.2287   20.000        -90.79  0.2506   20.000
         62.0000    -1453.72  0.1165   20.000       -399.04  0.1569   20.000       -119.71  0.2281   20.000        -91.06  0.2503   20.000
         62.2500    -1673.24  0.1136   20.000       -415.09  0.1554   20.000       -120.61  0.2274   20.000        -91.32  0.2500   20.000
         62.5000    -1939.83  0.1107   20.000       -432.47  0.1537   20.000       -121.54  0.2269   20.000        -91.60  0.2498   20.000
         62.7500    -2295.04  0.1079   20.000       -450.14  0.1520   20.000       -122.44  0.2265   20.000        -91.87  0.2495   20.000
         63.0000    -2710.63  0.1052   20.000       -469.47  0.1502   20.000       -123.36  0.2260   20.000        -92.14  0.2492   20.000
         63.2500    -3190.35  0.1027   20.000       -490.03  0.1483   20.000       -124.26  0.2255   20.000        -92.41  0.2489   20.000
         63.5000    -3809.99  0.1004   20.000       -515.81  0.1466   20.000       -125.16  0.2250   20.000        -92.68  0.2487   20.000
         63.7500    -4530.02  0.0984   20.000       -541.20  0.1449   20.000       -126.06  0.2245   20.000        -92.96  0.2484   20.000
         64.0000    -5261.97  0.0967   20.000       -568.06  0.1431   20.000       -126.95  0.2240   20.000        -93.23  0.2481   20.000
         64.2500    -5992.87  0.0954   20.000       -596.30  0.1412   20.000       -127.85  0.2236   20.000        -93.51  0.2479   20.000
         64.5000    -6645.73  0.0944   20.000       -628.96  0.1393   20.000       -128.73  0.2231   20.000        -93.78  0.2476   20.000
         64.7500    -7174.99  0.0938   20.000       -666.12  0.1376   20.000       -129.62  0.2226   20.000        -94.06  0.2473   20.000
         65.0000    -7497.12  0.0934   20.000       -704.34  0.1358   20.000       -130.50  0.2221   20.000        -94.34  0.2470   20.000
         65.0010    -7494.98  0.0934   20.000       -704.51  0.1358   20.000       -130.50  0.2221   20.000        -94.34  0.2470   20.000
         65.0023    -7496.35  0.0934   20.000       -704.71  0.1358   20.000       -130.51  0.2221   20.000        -94.34  0.2470   20.000
         65.0036    -7497.35  0.0934   20.000       -704.91  0.1357   20.000       -130.51  0.2221   20.000        -94.34  0.2470   20.000
         65.0053    -7498.72  0.0934   20.000       -705.17  0.1357   20.000       -130.52  0.2221   20.000        -94.34  0.2470   20.000
         65.0075    -7500.43  0.0934   20.000       -705.51  0.1357   20.000       -130.52  0.2221   20.000        -94.35  0.2470   20.000
         65.0103    -7502.68  0.0934   20.000       -705.95  0.1357   20.000       -130.53  0.2221   20.000        -94.35  0.2470   20.000
         65.0141    -7505.57  0.0934   20.000       -706.52  0.1357   20.000       -130.55  0.2221   20.000        -94.35  0.2470   20.000
         65.0189    -7509.31  0.0934   20.000       -707.27  0.1356   20.000       -130.57  0.2221   20.000        -94.36  0.2470   20.000
         65.0252    -7514.15  0.0934   20.000       -708.25  0.1356   20.000       -130.59  0.2221   20.000        -94.37  0.2470   20.000
         65.0314    -7518.93  0.0934   20.000       -709.23  0.1355   20.000       -130.61  0.2221   20.000        -94.37  0.2470   20.000
         65.0396    -7525.09  0.0933   20.000       -710.51  0.1355   20.000       -130.64  0.2221   20.000        -94.38  0.2470   20.000
         65.0477    -7531.16  0.0933   20.000       -711.79  0.1354   20.000       -130.67  0.2220   20.000        -94.39  0.2470   20.000
         65.0559    -7537.16  0.0933   20.000       -713.08  0.1354   20.000       -130.70  0.2220   20.000        -94.40  0.2470   20.000
         65.0665    -7544.86  0.0933   20.000       -714.76  0.1353   20.000       -130.73  0.2220   20.000        -94.41  0.2470   20.000
         65.0771    -7552.43  0.0933   20.000       -716.44  0.1352   20.000       -130.77  0.2220   20.000        -94.42  0.2469   20.000
         65.0877    -7559.88  0.0933   20.000       -718.13  0.1351   20.000       -130.81  0.2220   20.000        -94.44  0.2469   20.000
         65.0983    -7567.19  0.0933   20.000       -719.83  0.1350   20.000       -130.85  0.2219   20.000        -94.45  0.2469   20.000
         65.1089    -7574.40  0.0933   20.000       -721.53  0.1350   20.000       -130.88  0.2219   20.000        -94.46  0.2469   20.000
         65.1227    -7583.60  0.0933   20.000       -723.75  0.1349   20.000       -130.93  0.2219   20.000        -94.48  0.2469   20.000
         65.1365    -7592.59  0.0933   20.000       -725.97  0.1348   20.000       -130.98  0.2219   20.000        -94.49  0.2469   20.000
         65.1544    -7604.06  0.0932   20.000       -728.87  0.1346   20.000       -131.04  0.2218   20.000        -94.51  0.2469   20.000
         65.1723    -7615.15  0.0932   20.000       -731.78  0.1345   20.000       -131.11  0.2218   20.000        -94.53  0.2468   20.000
         65.1956    -7629.26  0.0932   20.000       -735.57  0.1343   20.000       -131.19  0.2218   20.000        -94.56  0.2468   20.000
         65.2189    -7642.81  0.0932   20.000       -739.36  0.1341   20.000       -131.27  0.2217   20.000        -94.58  0.2468   20.000
         65.2422    -7655.87  0.0932   20.000       -743.17  0.1340   20.000       -131.35  0.2217   20.000        -94.61  0.2468   20.000
         65.2655    -7668.44  0.0932   20.000       -746.99  0.1338   20.000       -131.43  0.2216   20.000        -94.64  0.2467   20.000
         65.2888    -7680.56  0.0932   20.000       -750.81  0.1336   20.000       -131.51  0.2216   20.000        -94.66  0.2467   20.000
         65.3191    -7695.74  0.0931   20.000       -755.78  0.1334   20.000       -131.62  0.2215   20.000        -94.70  0.2467   20.000
         65.3494    -7710.20  0.0931   20.000       -760.77  0.1331   20.000       -131.73  0.2215   20.000        -94.73  0.2466   20.000
         65.3797    -7723.96  0.0931   20.000       -765.75  0.1329   20.000       -131.83  0.2214   20.000        -94.77  0.2466   20.000
         65.4100    -7737.01  0.0931   20.000       -770.75  0.1327   20.000       -131.94  0.2214   20.000        -94.80  0.2466   20.000
         65.4494    -7753.33  0.0931   20.000       -778.42  0.1324   20.000       -132.08  0.2213   20.000        -94.84  0.2465   20.000
         65.4887    -7768.58  0.0930   20.000       -787.42  0.1321   20.000       -132.21  0.2212   20.000        -94.89  0.2465   20.000
         65.5281    -7782.88  0.0930   20.000       -796.24  0.1318   20.000       -132.35  0.2211   20.000        -94.93  0.2464   20.000
         65.5675    -7796.28  0.0930   20.000       -804.91  0.1315   20.000       -132.49  0.2211   20.000        -94.98  0.2464   20.000
         65.6069    -7808.87  0.0930   20.000       -813.47  0.1312   20.000       -132.63  0.2210   20.000        -95.02  0.2464   20.000
         65.6462    -7820.57  0.0930   20.000       -821.91  0.1309   20.000       -132.77  0.2209   20.000        -95.07  0.2463   20.000
         65.6967    -7834.89  0.0930   20.000       -832.66  0.1306   20.000       -132.95  0.2208   20.000        -95.12  0.2463   20.000
         65.7473    -7848.00  0.0929   20.000       -843.36  0.1302   20.000       -133.12  0.2207   20.000        -95.18  0.2462   20.000
         65.7978    -7860.04  0.0929   20.000       -854.19  0.1299   20.000       -133.30  0.2206   20.000        -95.24  0.2461   20.000
         65.8484    -7871.15  0.0929   20.000       -865.15  0.1295   20.000       -133.48  0.2205   20.000        -95.30  0.2461   20.000
         65.8989    -7881.38  0.0929   20.000       -876.22  0.1292   20.000       -133.65  0.2204   20.000        -95.36  0.2460   20.000
         65.9495    -7890.79  0.0929   20.000       -887.38  0.1288   20.000       -133.83  0.2203   20.000        -95.41  0.2460   20.000
         66.0000    -7899.47  0.0929   20.000       -898.63  0.1284   20.000       -134.00  0.2203   20.000        -95.47  0.2459   20.000
         66.0665    -7909.95  0.0929   20.000       -913.61  0.1279   20.000       -134.24  0.2201   20.000        -95.55  0.2459   20.000
         66.1131    -7916.05  0.0929   20.000       -923.29  0.1276   20.000       -134.40  0.2200   20.000        -95.60  0.2458   20.000
         66.1597    -7921.74  0.0928   20.000       -933.03  0.1273   20.000       -134.56  0.2200   20.000        -95.65  0.2458   20.000
         66.2063    -7928.02  0.0928   20.000       -942.81  0.1270   20.000       -134.72  0.2199   20.000        -95.71  0.2457   20.000
         66.2529    -7935.03  0.0928   20.000       -952.62  0.1267   20.000       -134.87  0.2198   20.000        -95.76  0.2457   20.000
         66.2994    -7941.36  0.0928   20.000       -962.44  0.1263   20.000       -135.03  0.2197   20.000        -95.82  0.2457   20.000
         66.3460    -7947.06  0.0928   20.000       -972.26  0.1260   20.000       -135.19  0.2196   20.000        -95.87  0.2456   20.000
         66.3926    -7952.20  0.0928   20.000       -984.18  0.1257   20.000       -135.35  0.2195   20.000        -95.92  0.2456   20.000
         66.4533    -7958.26  0.0928   20.000      -1001.94  0.1253   20.000       -135.56  0.2194   20.000        -95.99  0.2455   20.000
         66.5314    -7965.03  0.0928   20.000      -1024.11  0.1248   20.000       -135.83  0.2193   20.000        -96.08  0.2455   20.000
         66.6251    -7971.88  0.0928   20.000      -1050.83  0.1242   20.000       -136.14  0.2191   20.000        -96.19  0.2454   20.000
         66.7501    -7979.21  0.0928   20.000      -1086.58  0.1234   20.000       -136.57  0.2189   20.000        -96.33  0.2453   20.000
         67.0000    -7990.01  0.0928   20.000      -1159.39  0.1217   20.000       -137.40  0.2184   20.000        -96.61  0.2451   20.000
         67.0010    -7990.14  0.0928   20.000      -1159.67  0.1217   20.000       -137.41  0.2184   20.000        -96.61  0.2451   20.000
         67.0023    -7990.16  0.0928   20.000      -1160.04  0.1217   20.000       -137.41  0.2184   20.000        -96.62  0.2451   20.000
         67.0036    -7990.18  0.0928   20.000      -1160.41  0.1217   20.000       -137.42  0.2184   20.000        -96.62  0.2451   20.000
         67.0053    -7990.21  0.0928   20.000      -1160.90  0.1217   20.000       -137.42  0.2184   20.000        -96.62  0.2451   20.000
         67.0075    -7990.26  0.0928   20.000      -1161.52  0.1217   20.000       -137.43  0.2184   20.000        -96.62  0.2451   20.000
         67.0103    -7990.32  0.0928   20.000      -1162.34  0.1216   20.000       -137.44  0.2184   20.000        -96.62  0.2451   20.000
         67.0141    -7990.39  0.0928   20.000      -1163.40  0.1216   20.000       -137.45  0.2184   20.000        -96.63  0.2451   20.000
         67.0178    -7990.47  0.0928   20.000      -1164.47  0.1216   20.000       -137.46  0.2184   20.000        -96.63  0.2451   20.000
         67.0215    -7990.55  0.0928   20.000      -1165.53  0.1216   20.000       -137.48  0.2184   20.000        -96.64  0.2451   20.000
         67.0252    -7990.62  0.0928   20.000      -1166.59  0.1216   20.000       -137.49  0.2184   20.000        -96.64  0.2450   20.000
         67.0300    -7990.72  0.0928   20.000      -1167.97  0.1215   20.000       -137.50  0.2184   20.000        -96.65  0.2450   20.000
         67.0348    -7990.81  0.0928   20.000      -1169.36  0.1215   20.000       -137.52  0.2184   20.000        -96.65  0.2450   20.000
         67.0397    -7990.91  0.0928   20.000      -1170.74  0.1215   20.000       -137.54  0.2184   20.000        -96.66  0.2450   20.000
         67.0460    -7991.02  0.0928   20.000      -1172.54  0.1214   20.000       -137.56  0.2183   20.000        -96.66  0.2450   20.000
         67.0522    -7991.14  0.0928   20.000      -1174.34  0.1214   20.000       -137.58  0.2183   20.000        -96.67  0.2450   20.000
         67.0585    -7991.26  0.0928   20.000      -1176.14  0.1213   20.000       -137.60  0.2183   20.000        -96.68  0.2450   20.000
         67.0648    -7991.37  0.0928   20.000      -1177.94  0.1213   20.000       -137.62  0.2183   20.000        -96.69  0.2450   20.000
         67.0710    -7991.48  0.0928   20.000      -1179.74  0.1213   20.000       -137.64  0.2183   20.000        -96.69  0.2450   20.000
         67.0792    -7991.62  0.0928   20.000      -1182.09  0.1212   20.000       -137.67  0.2183   20.000        -96.70  0.2450   20.000
         67.0874    -7991.76  0.0928   20.000      -1184.43  0.1211   20.000       -137.70  0.2183   20.000        -96.71  0.2450   20.000
         67.0980    -7991.95  0.0928   20.000      -1187.48  0.1211   20.000       -137.73  0.2183   20.000        -96.72  0.2450   20.000
         67.1086    -7992.12  0.0928   20.000      -1190.53  0.1210   20.000       -137.77  0.2182   20.000        -96.74  0.2450   20.000
         67.1192    -7992.30  0.0928   20.000      -1193.59  0.1209   20.000       -137.80  0.2182   20.000        -96.75  0.2450   20.000
         67.1298    -7992.46  0.0928   20.000      -1196.65  0.1209   20.000       -137.84  0.2182   20.000        -96.76  0.2450   20.000
         67.1436    -7992.68  0.0928   20.000      -1200.62  0.1208   20.000       -137.88  0.2182   20.000        -96.78  0.2450   20.000
         67.1574    -7992.89  0.0928   20.000      -1204.61  0.1207   20.000       -137.93  0.2181   20.000        -96.79  0.2449   20.000
         67.1711    -7993.10  0.0928   20.000      -1208.59  0.1206   20.000       -137.97  0.2181   20.000        -96.81  0.2449   20.000
         67.1891    -7993.35  0.0928   20.000      -1213.77  0.1205   20.000       -138.03  0.2181   20.000        -96.83  0.2449   20.000
         67.2070    -7993.60  0.0928   20.000      -1218.95  0.1204   20.000       -138.09  0.2181   20.000        -96.85  0.2449   20.000
         67.2249    -7993.84  0.0928   20.000      -1224.14  0.1202   20.000       -138.15  0.2180   20.000        -96.87  0.2449   20.000
         67.2428    -7994.07  0.0928   20.000      -1229.32  0.1201   20.000       -138.21  0.2180   20.000        -96.89  0.2449   20.000
         67.2661    -7994.36  0.0928   20.000      -1237.43  0.1200   20.000       -138.29  0.2180   20.000        -96.92  0.2448   20.000
         67.2894    -7994.63  0.0928   20.000      -1247.00  0.1198   20.000       -138.37  0.2179   20.000        -96.94  0.2448   20.000
         67.3127    -7994.89  0.0928   20.000      -1256.51  0.1197   20.000       -138.45  0.2179   20.000        -96.97  0.2448   20.000
         67.3360    -7995.14  0.0928   20.000      -1266.01  0.1195   20.000       -138.52  0.2178   20.000        -97.00  0.2448   20.000
         67.3593    -7995.37  0.0928   20.000      -1275.49  0.1194   20.000       -138.60  0.2178   20.000        -97.02  0.2448   20.000
         67.3826    -7995.60  0.0928   20.000      -1284.96  0.1192   20.000       -138.68  0.2177   20.000        -97.05  0.2447   20.000
         67.4059    -7995.81  0.0928   20.000      -1294.41  0.1191   20.000       -138.76  0.2177   20.000        -97.08  0.2447   20.000
         67.4362    -7996.08  0.0928   20.000      -1306.67  0.1189   20.000       -138.86  0.2176   20.000        -97.11  0.2447   20.000
         67.4665    -7996.32  0.0928   20.000      -1318.91  0.1187   20.000       -138.96  0.2176   20.000        -97.14  0.2447   20.000
         67.4968    -7996.55  0.0928   20.000      -1331.13  0.1185   20.000       -139.06  0.2175   20.000        -97.18  0.2447   20.000
         67.5361    -7996.83  0.0928   20.000      -1346.98  0.1182   20.000       -139.20  0.2175   20.000        -97.22  0.2446   20.000
         67.5877    -7997.18  0.0928   20.000      -1367.70  0.1179   20.000       -139.37  0.2174   20.000        -97.28  0.2446   20.000
         67.6392    -7997.48  0.0928   20.000      -1388.38  0.1176   20.000       -139.54  0.2173   20.000        -97.34  0.2445   20.000
         67.6908    -7997.75  0.0928   20.000      -1409.01  0.1172   20.000       -139.71  0.2172   20.000        -97.40  0.2445   20.000
         67.7423    -7997.99  0.0928   20.000      -1429.61  0.1169   20.000       -139.89  0.2171   20.000        -97.46  0.2444   20.000
         67.7791    -7998.14  0.0928   20.000      -1444.29  0.1167   20.000       -140.01  0.2170   20.000        -97.50  0.2444   20.000
         67.8159    -7998.28  0.0928   20.000      -1458.96  0.1165   20.000       -140.13  0.2170   20.000        -97.54  0.2444   20.000
         67.8527    -7998.41  0.0928   20.000      -1473.62  0.1162   20.000       -140.25  0.2169   20.000        -97.58  0.2444   20.000
         67.8896    -7998.53  0.0928   20.000      -1488.28  0.1160   20.000       -140.37  0.2168   20.000        -97.62  0.2443   20.000
         67.9448    -7998.70  0.0928   20.000      -1510.27  0.1156   20.000       -140.55  0.2167   20.000        -97.69  0.2443   20.000
         68.0000    -7998.85  0.0928   20.000      -1532.27  0.1153   20.000       -140.74  0.2166   20.000        -97.75  0.2442   20.000
         68.0466    -7998.95  0.0928   20.000      -1550.92  0.1150   20.000       -140.89  0.2166   20.000        -97.80  0.2442   20.000
         68.0932    -7999.07  0.0928   20.000      -1578.66  0.1147   20.000       -141.04  0.2165   20.000        -97.85  0.2442   20.000
         68.1397    -7999.17  0.0928   20.000      -1608.34  0.1143   20.000       -141.20  0.2164   20.000        -97.91  0.2441   20.000
         68.1863    -7999.26  0.0928   20.000      -1637.85  0.1140   20.000       -141.35  0.2163   20.000        -97.96  0.2441   20.000
         68.2329    -7999.34  0.0928   20.000      -1667.22  0.1137   20.000       -141.51  0.2162   20.000        -98.01  0.2440   20.000
         68.2795    -7999.41  0.0928   20.000      -1696.43  0.1134   20.000       -141.67  0.2161   20.000        -98.06  0.2440   20.000
         68.3261    -7999.46  0.0928   20.000      -1725.51  0.1130   20.000       -141.83  0.2161   20.000        -98.12  0.2440   20.000
         68.3726    -7999.52  0.0928   20.000      -1754.46  0.1127   20.000       -141.98  0.2160   20.000        -98.17  0.2439   20.000
         68.4192    -7999.58  0.0928   20.000      -1783.28  0.1124   20.000       -142.14  0.2159   20.000        -98.22  0.2439   20.000
         68.4658    -7999.62  0.0928   20.000      -1811.98  0.1121   20.000       -142.30  0.2158   20.000        -98.27  0.2438   20.000
         68.5124    -7999.65  0.0928   20.000      -1840.57  0.1118   20.000       -142.46  0.2157   20.000        -98.33  0.2438   20.000
         68.5611    -7999.70  0.0928   20.000      -1870.38  0.1114   20.000       -142.63  0.2156   20.000        -98.38  0.2438   20.000
         68.6099    -7999.74  0.0928   20.000      -1900.14  0.1111   20.000       -142.79  0.2155   20.000        -98.44  0.2437   20.000
         68.6749    -7999.77  0.0928   20.000      -1939.95  0.1107   20.000       -143.02  0.2154   20.000        -98.51  0.2437   20.000
         68.7562    -7999.82  0.0928   20.000      -2001.20  0.1101   20.000       -143.29  0.2153   20.000        -98.60  0.2436   20.000
         68.8375    -7999.85  0.0928   20.000      -2072.36  0.1096   20.000       -143.57  0.2151   20.000        -98.69  0.2435   20.000
         68.9187    -7999.88  0.0928   20.000      -2141.27  0.1090   20.000       -143.84  0.2150   20.000        -98.78  0.2435   20.000
         69.0000    -7999.90  0.0928   20.000      -2210.36  0.1085   20.000       -144.12  0.2148   20.000        -98.87  0.2434   20.000
         69.0010    -7999.90  0.0928   20.000      -2211.20  0.1085   20.000       -144.12  0.2148   20.000        -98.87  0.2434   20.000
         69.0017    -7999.90  0.0928   20.000      -2211.73  0.1085   20.000       -144.12  0.2148   20.000        -98.88  0.2434   20.000
         69.0026    -7999.90  0.0928   20.000      -2212.44  0.1085   20.000       -144.12  0.2148   20.000        -98.88  0.2434   20.000
         69.0038    -7999.90  0.0928   20.000      -2213.36  0.1085   20.000       -144.13  0.2148   20.000        -98.88  0.2434   20.000
         69.0050    -7999.90  0.0928   20.000      -2214.28  0.1085   20.000       -144.13  0.2148   20.000        -98.88  0.2434   20.000
         69.0062    -7999.90  0.0928   20.000      -2215.19  0.1085   20.000       -144.14  0.2148   20.000        -98.88  0.2434   20.000
         69.0073    -7999.90  0.0928   20.000      -2216.11  0.1085   20.000       -144.14  0.2148   20.000        -98.88  0.2434   20.000
         69.0085    -7999.91  0.0928   20.000      -2217.02  0.1085   20.000       -144.14  0.2148   20.000        -98.88  0.2434   20.000
         69.0097    -7999.91  0.0928   20.000      -2217.94  0.1085   20.000       -144.15  0.2148   20.000        -98.88  0.2434   20.000
         69.0109    -7999.91  0.0928   20.000      -2218.85  0.1084   20.000       -144.15  0.2148   20.000        -98.89  0.2434   20.000
         69.0121    -7999.91  0.0928   20.000      -2219.77  0.1084   20.000       -144.16  0.2148   20.000        -98.89  0.2434   20.000
         69.0133    -7999.91  0.0928   20.000      -2220.68  0.1084   20.000       -144.16  0.2148   20.000        -98.89  0.2434   20.000
         69.0144    -7999.91  0.0928   20.000      -2221.60  0.1084   20.000       -144.16  0.2148   20.000        -98.89  0.2434   20.000
         69.0156    -7999.91  0.0928   20.000      -2222.52  0.1084   20.000       -144.17  0.2148   20.000        -98.89  0.2434   20.000
         69.0172    -7999.90  0.0928   20.000      -2223.70  0.1084   20.000       -144.17  0.2148   20.000        -98.89  0.2434   20.000
         69.0187    -7999.91  0.0928   20.000      -2224.89  0.1084   20.000       -144.18  0.2148   20.000        -98.89  0.2434   20.000
         69.0202    -7999.91  0.0928   20.000      -2226.08  0.1084   20.000       -144.18  0.2148   20.000        -98.90  0.2434   20.000
         69.0218    -7999.91  0.0928   20.000      -2227.27  0.1084   20.000       -144.19  0.2148   20.000        -98.90  0.2434   20.000
         69.0233    -7999.90  0.0928   20.000      -2228.46  0.1084   20.000       -144.19  0.2148   20.000        -98.90  0.2434   20.000
         69.0249    -7999.91  0.0928   20.000      -2229.65  0.1084   20.000       -144.20  0.2148   20.000        -98.90  0.2434   20.000
         69.0264    -7999.91  0.0928   20.000      -2230.83  0.1084   20.000       -144.20  0.2148   20.000        -98.90  0.2434   20.000
         69.0284    -7999.91  0.0928   20.000      -2232.38  0.1083   20.000       -144.21  0.2148   20.000        -98.91  0.2434   20.000
         69.0310    -7999.91  0.0928   20.000      -2234.38  0.1083   20.000       -144.22  0.2148   20.000        -98.91  0.2434   20.000
         69.0336    -7999.91  0.0928   20.000      -2236.39  0.1083   20.000       -144.23  0.2148   20.000        -98.91  0.2434   20.000
         69.0362    -7999.91  0.0928   20.000      -2238.39  0.1083   20.000       -144.24  0.2148   20.000        -98.91  0.2434   20.000
         69.0388    -7999.91  0.0928   20.000      -2240.40  0.1083   20.000       -144.25  0.2148   20.000        -98.92  0.2434   20.000
         69.0422    -7999.91  0.0928   20.000      -2243.00  0.1083   20.000       -144.26  0.2148   20.000        -98.92  0.2434   20.000
         69.0455    -7999.91  0.0928   20.000      -2245.61  0.1082   20.000       -144.27  0.2147   20.000        -98.92  0.2434   20.000
         69.0489    -7999.91  0.0928   20.000      -2248.21  0.1082   20.000       -144.28  0.2147   20.000        -98.93  0.2434   20.000
         69.0523    -7999.91  0.0928   20.000      -2250.81  0.1082   20.000       -144.29  0.2147   20.000        -98.93  0.2434   20.000
         69.0557    -7999.91  0.0928   20.000      -2253.41  0.1082   20.000       -144.30  0.2147   20.000        -98.94  0.2434   20.000
         69.0591    -7999.91  0.0928   20.000      -2256.01  0.1082   20.000       -144.31  0.2147   20.000        -98.94  0.2434   20.000
         69.0634    -7999.91  0.0928   20.000      -2259.39  0.1081   20.000       -144.33  0.2147   20.000        -98.94  0.2434   20.000
         69.0678    -7999.91  0.0928   20.000      -2262.76  0.1081   20.000       -144.34  0.2147   20.000        -98.95  0.2434   20.000
         69.0736    -7999.90  0.0928   20.000      -2267.15  0.1081   20.000       -144.36  0.2147   20.000        -98.96  0.2433   20.000
         69.0793    -7999.90  0.0928   20.000      -2271.53  0.1080   20.000       -144.38  0.2147   20.000        -98.96  0.2433   20.000
         69.0850    -7999.91  0.0928   20.000      -2275.91  0.1080   20.000       -144.40  0.2147   20.000        -98.97  0.2433   20.000
         69.0907    -7999.91  0.0928   20.000      -2280.29  0.1080   20.000       -144.42  0.2147   20.000        -98.97  0.2433   20.000
         69.0964    -7999.90  0.0928   20.000      -2284.66  0.1079   20.000       -144.44  0.2147   20.000        -98.98  0.2433   20.000
         69.1038    -7999.91  0.0928   20.000      -2290.34  0.1079   20.000       -144.46  0.2146   20.000        -98.99  0.2433   20.000
         69.1112    -7999.91  0.0928   20.000      -2296.02  0.1079   20.000       -144.49  0.2146   20.000        -99.00  0.2433   20.000
         69.1187    -7999.91  0.0928   20.000      -2301.69  0.1078   20.000       -144.51  0.2146   20.000        -99.01  0.2433   20.000
         69.1261    -7999.90  0.0928   20.000      -2307.35  0.1078   20.000       -144.54  0.2146   20.000        -99.01  0.2433   20.000
         69.1313    -7999.90  0.0928   20.000      -2311.32  0.1077   20.000       -144.55  0.2146   20.000        -99.02  0.2433   20.000
         69.1365    -7999.91  0.0928   20.000      -2315.28  0.1077   20.000       -144.57  0.2146   20.000        -99.03  0.2433   20.000
         69.1417    -7999.91  0.0928   20.000      -2319.23  0.1077   20.000       -144.59  0.2146   20.000        -99.03  0.2433   20.000
         69.1469    -7999.91  0.0928   20.000      -2323.19  0.1076   20.000       -144.61  0.2146   20.000        -99.04  0.2433   20.000
         69.1536    -7999.91  0.0928   20.000      -2328.32  0.1076   20.000       -144.63  0.2146   20.000        -99.05  0.2433   20.000
         69.1604    -7999.91  0.0928   20.000      -2333.46  0.1076   20.000       -144.65  0.2145   20.000        -99.05  0.2433   20.000
         69.1671    -7999.91  0.0928   20.000      -2338.59  0.1075   20.000       -144.67  0.2145   20.000        -99.06  0.2433   20.000
         69.1739    -7999.91  0.0928   20.000      -2343.71  0.1075   20.000       -144.70  0.2145   20.000        -99.07  0.2433   20.000
         69.1806    -7999.91  0.0928   20.000      -2348.84  0.1074   20.000       -144.72  0.2145   20.000        -99.08  0.2433   20.000
         69.1874    -7999.91  0.0928   20.000      -2353.96  0.1074   20.000       -144.74  0.2145   20.000        -99.08  0.2433   20.000
         69.1942    -7999.91  0.0928   20.000      -2359.08  0.1074   20.000       -144.77  0.2145   20.000        -99.09  0.2432   20.000
         69.2009    -7999.90  0.0928   20.000      -2364.20  0.1073   20.000       -144.79  0.2145   20.000        -99.10  0.2432   20.000
         69.2077    -7999.91  0.0928   20.000      -2369.32  0.1073   20.000       -144.81  0.2145   20.000        -99.11  0.2432   20.000
         69.2144    -7999.91  0.0928   20.000      -2374.44  0.1073   20.000       -144.84  0.2144   20.000        -99.11  0.2432   20.000
         69.2212    -7999.90  0.0928   20.000      -2379.55  0.1072   20.000       -144.86  0.2144   20.000        -99.12  0.2432   20.000
         69.2279    -7999.91  0.0928   20.000      -2384.66  0.1072   20.000       -144.88  0.2144   20.000        -99.13  0.2432   20.000
         69.2347    -7999.91  0.0928   20.000      -2389.77  0.1071   20.000       -144.91  0.2144   20.000        -99.14  0.2432   20.000
         69.2414    -7999.91  0.0928   20.000      -2394.88  0.1071   20.000       -144.93  0.2144   20.000        -99.14  0.2432   20.000
         69.2482    -7999.91  0.0928   20.000      -2399.98  0.1071   20.000       -144.95  0.2144   20.000        -99.15  0.2432   20.000
         69.2550    -7999.91  0.0928   20.000      -2405.09  0.1070   20.000       -144.98  0.2144   20.000        -99.16  0.2432   20.000
         69.2617    -7999.91  0.0928   20.000      -2410.19  0.1070   20.000       -145.00  0.2144   20.000        -99.17  0.2432   20.000
         69.2705    -7999.91  0.0928   20.000      -2416.82  0.1069   20.000       -145.03  0.2143   20.000        -99.18  0.2432   20.000
         69.2793    -7999.91  0.0928   20.000      -2423.45  0.1069   20.000       -145.06  0.2143   20.000        -99.19  0.2432   20.000
         69.2880    -7999.91  0.0928   20.000      -2430.07  0.1068   20.000       -145.09  0.2143   20.000        -99.20  0.2432   20.000
         69.2968    -7999.91  0.0928   20.000      -2436.69  0.1068   20.000       -145.12  0.2143   20.000        -99.20  0.2432   20.000
         69.3056    -7999.90  0.0928   20.000      -2443.31  0.1067   20.000       -145.15  0.2143   20.000        -99.21  0.2432   20.000
         69.3144    -7999.91  0.0928   20.000      -2449.93  0.1067   20.000       -145.18  0.2143   20.000        -99.22  0.2431   20.000
         69.3232    -7999.90  0.0928   20.000      -2456.54  0.1066   20.000       -145.21  0.2142   20.000        -99.23  0.2431   20.000
         69.3320    -7999.91  0.0928   20.000      -2463.14  0.1066   20.000       -145.24  0.2142   20.000        -99.24  0.2431   20.000
         69.3407    -7999.91  0.0928   20.000      -2469.75  0.1065   20.000       -145.27  0.2142   20.000        -99.25  0.2431   20.000
         69.3495    -7999.91  0.0928   20.000      -2476.34  0.1065   20.000       -145.30  0.2142   20.000        -99.26  0.2431   20.000
         69.3583    -7999.91  0.0928   20.000      -2485.49  0.1064   20.000       -145.33  0.2142   20.000        -99.27  0.2431   20.000
         69.3671    -7999.91  0.0928   20.000      -2494.95  0.1064   20.000       -145.36  0.2142   20.000        -99.28  0.2431   20.000
         69.3759    -7999.91  0.0928   20.000      -2504.38  0.1063   20.000       -145.39  0.2141   20.000        -99.29  0.2431   20.000
         69.3846    -7999.90  0.0928   20.000      -2513.80  0.1063   20.000       -145.42  0.2141   20.000        -99.30  0.2431   20.000
         69.3934    -7999.91  0.0928   20.000      -2523.20  0.1062   20.000       -145.45  0.2141   20.000        -99.31  0.2431   20.000
         69.4022    -7999.91  0.0928   20.000      -2532.58  0.1062   20.000       -145.48  0.2141   20.000        -99.32  0.2431   20.000
         69.4110    -7999.90  0.0928   20.000      -2541.95  0.1061   20.000       -145.51  0.2141   20.000        -99.33  0.2431   20.000
         69.4198    -7999.91  0.0928   20.000      -2551.30  0.1061   20.000       -145.54  0.2141   20.000        -99.34  0.2431   20.000
         69.4286    -7999.91  0.0928   20.000      -2560.63  0.1060   20.000       -145.57  0.2140   20.000        -99.35  0.2431   20.000
         69.4373    -7999.91  0.0928   20.000      -2569.95  0.1060   20.000       -145.60  0.2140   20.000        -99.36  0.2430   20.000
         69.4461    -7999.91  0.0928   20.000      -2579.25  0.1059   20.000       -145.63  0.2140   20.000        -99.37  0.2430   20.000
         69.4549    -7999.91  0.0928   20.000      -2588.53  0.1059   20.000       -145.66  0.2140   20.000        -99.38  0.2430   20.000
         69.4637    -7999.91  0.0928   20.000      -2597.80  0.1058   20.000       -145.69  0.2140   20.000        -99.39  0.2430   20.000
         69.4725    -7999.91  0.0928   20.000      -2607.06  0.1058   20.000       -145.72  0.2140   20.000        -99.40  0.2430   20.000
         69.4812    -7999.91  0.0928   20.000      -2616.30  0.1057   20.000       -145.75  0.2140   20.000        -99.41  0.2430   20.000
         69.4900    -7999.91  0.0928   20.000      -2625.52  0.1057   20.000       -145.78  0.2139   20.000        -99.42  0.2430   20.000
         69.4988    -7999.91  0.0928   20.000      -2634.74  0.1056   20.000       -145.81  0.2139   20.000        -99.43  0.2430   20.000
         69.5076    -7999.91  0.0928   20.000      -2643.93  0.1056   20.000       -145.84  0.2139   20.000        -99.44  0.2430   20.000
         69.5164    -7999.91  0.0928   20.000      -2653.12  0.1055   20.000       -145.87  0.2139   20.000        -99.45  0.2430   20.000
         69.5252    -7999.91  0.0928   20.000      -2662.29  0.1055   20.000       -145.90  0.2139   20.000        -99.46  0.2430   20.000
         69.5339    -7999.91  0.0928   20.000      -2671.44  0.1054   20.000       -145.93  0.2139   20.000        -99.47  0.2430   20.000
         69.5427    -7999.91  0.0928   20.000      -2680.58  0.1054   20.000       -145.96  0.2138   20.000        -99.48  0.2430   20.000
         69.5515    -7999.91  0.0928   20.000      -2689.70  0.1053   20.000       -145.99  0.2138   20.000        -99.49  0.2430   20.000
         69.5603    -7999.91  0.0928   20.000      -2698.81  0.1053   20.000       -146.02  0.2138   20.000        -99.50  0.2429   20.000
         69.5691    -7999.91  0.0928   20.000      -2707.91  0.1052   20.000       -146.05  0.2138   20.000        -99.51  0.2429   20.000
         69.5778    -7999.91  0.0928   20.000      -2716.98  0.1052   20.000       -146.08  0.2138   20.000        -99.52  0.2429   20.000
         69.5893    -7999.91  0.0928   20.000      -2728.76  0.1051   20.000       -146.12  0.2138   20.000        -99.53  0.2429   20.000
         69.6007    -7999.91  0.0928   20.000      -2740.52  0.1051   20.000       -146.16  0.2137   20.000        -99.54  0.2429   20.000
         69.6121    -7999.90  0.0928   20.000      -2752.25  0.1050   20.000       -146.20  0.2137   20.000        -99.56  0.2429   20.000
         69.6235    -7999.88  0.0928   20.000      -2763.95  0.1049   20.000       -146.24  0.2137   20.000        -99.57  0.2429   20.000
         69.6349    -7999.84  0.0928   20.000      -2775.62  0.1049   20.000       -146.28  0.2137   20.000        -99.58  0.2429   20.000
         69.6463    -7999.75  0.0928   20.000      -2787.28  0.1048   20.000       -146.31  0.2137   20.000        -99.59  0.2429   20.000
         69.6578    -7999.55  0.0928   20.000      -2798.90  0.1047   20.000       -146.35  0.2136   20.000        -99.61  0.2429   20.000
         69.6692    -7999.12  0.0928   20.000      -2810.50  0.1047   20.000       -146.39  0.2136   20.000        -99.62  0.2429   20.000
         69.6806    -7998.18  0.0928   20.000      -2822.08  0.1046   20.000       -146.43  0.2136   20.000        -99.63  0.2428   20.000
         69.6920    -7996.11  0.0928   20.000      -2833.62  0.1046   20.000       -146.47  0.2136   20.000        -99.64  0.2428   20.000
         69.7034    -7991.42  0.0928   20.000      -2845.15  0.1045   20.000       -146.51  0.2135   20.000        -99.66  0.2428   20.000
         69.7148    -7980.84  0.0928   20.000      -2856.65  0.1044   20.000       -146.55  0.2135   20.000        -99.67  0.2428   20.000
         69.7263    -7955.86  0.0928   20.000      -2868.13  0.1044   20.000       -146.58  0.2135   20.000        -99.68  0.2428   20.000
         69.7377    -7909.45  0.0929   20.000      -2879.58  0.1043   20.000       -146.62  0.2135   20.000        -99.70  0.2428   20.000
         69.7525    -7767.85  0.0930   20.000      -2894.44  0.1042   20.000       -146.67  0.2135   20.000        -99.71  0.2428   20.000
         69.7673    -7439.50  0.0935   20.000      -2909.25  0.1041   20.000       -146.72  0.2134   20.000        -99.73  0.2428   20.000
         69.7822    -6755.93  0.0943   20.000      -2924.03  0.1041   20.000       -146.77  0.2134   20.000        -99.75  0.2428   20.000
         69.7970    -5813.40  0.0957   20.000      -2938.77  0.1040   20.000       -146.82  0.2134   20.000        -99.76  0.2428   20.000
         69.8119    -4694.25  0.0980   20.000      -2953.48  0.1039   20.000       -146.87  0.2134   20.000        -99.78  0.2427   20.000
         69.8267    -3641.93  0.1011   20.000      -2968.16  0.1038   20.000       -146.92  0.2133   20.000        -99.79  0.2427   20.000
         69.8416    -2794.79  0.1048   20.000      -2982.81  0.1038   20.000       -146.97  0.2133   20.000        -99.81  0.2427   20.000
         69.8564    -2127.34  0.1092   20.000      -2997.43  0.1037   20.000       -147.02  0.2133   20.000        -99.83  0.2427   20.000
         69.8708    -1634.71  0.1140   20.000      -3011.54  0.1036   20.000       -147.07  0.2132   20.000        -99.84  0.2427   20.000
         69.8851    -1287.83  0.1192   20.000      -3025.63  0.1035   20.000       -147.12  0.2132   20.000        -99.86  0.2427   20.000
         69.8995    -1029.75  0.1247   20.000      -3039.69  0.1034   20.000       -147.17  0.2132   20.000        -99.88  0.2427   20.000
         69.9138     -843.68  0.1302   20.000      -3053.71  0.1034   20.000       -147.21  0.2132   20.000        -99.89  0.2427   20.000
         69.9282     -706.35  0.1357   20.000      -3067.71  0.1033   20.000       -147.26  0.2131   20.000        -99.91  0.2426   20.000
         69.9426     -595.95  0.1412   20.000      -3081.68  0.1032   20.000       -147.31  0.2131   20.000        -99.92  0.2426   20.000
         69.9569     -516.54  0.1465   20.000      -3095.62  0.1031   20.000       -147.36  0.2131   20.000        -99.94  0.2426   20.000
         69.9713     -452.05  0.1518   20.000      -3109.54  0.1031   20.000       -147.41  0.2131   20.000        -99.95  0.2426   20.000
         69.9856     -393.95  0.1574   20.000      -3123.42  0.1030   20.000       -147.45  0.2130   20.000        -99.97  0.2426   20.000
         70.0000     -352.02  0.1628   20.000      -3142.30  0.1029   20.000       -147.50  0.2130   20.000        -99.99  0.2426   20.000
         70.0010     -349.34  0.1632   20.000      -3143.69  0.1029   20.000       -147.51  0.2130   20.000        -99.99  0.2426   20.000
         70.0023     -345.77  0.1636   20.000      -3145.34  0.1029   20.000       -147.51  0.2130   20.000        -99.99  0.2426   20.000
         70.0040     -341.22  0.1643   20.000      -3147.49  0.1029   20.000       -147.52  0.2130   20.000        -99.99  0.2426   20.000
         70.0062     -335.32  0.1651   20.000      -3150.28  0.1029   20.000       -147.52  0.2130   20.000        -99.99  0.2426   20.000
         70.0090     -327.71  0.1661   20.000      -3153.91  0.1029   20.000       -147.53  0.2130   20.000       -100.00  0.2426   20.000
         70.0128     -317.84  0.1675   20.000      -3158.62  0.1029   20.000       -147.54  0.2130   20.000       -100.00  0.2426   20.000
         70.0176     -305.38  0.1692   20.000      -3164.74  0.1028   20.000       -147.56  0.2130   20.000       -100.01  0.2426   20.000
         70.0224     -296.44  0.1709   20.000      -3170.85  0.1028   20.000       -147.58  0.2130   20.000       -100.01  0.2426   20.000
         70.0272     -287.45  0.1726   20.000      -3176.95  0.1028   20.000       -147.59  0.2130   20.000       -100.02  0.2426   20.000
         70.0335     -275.77  0.1749   20.000      -3184.87  0.1028   20.000       -147.61  0.2130   20.000       -100.02  0.2426   20.000
         70.0417     -260.82  0.1778   20.000      -3195.15  0.1027   20.000       -147.64  0.2129   20.000       -100.03  0.2426   20.000
         70.0523     -242.24  0.1814   20.000      -3208.49  0.1027   20.000       -147.68  0.2129   20.000       -100.04  0.2425   20.000
         70.0629     -229.91  0.1848   20.000      -3221.79  0.1026   20.000       -147.71  0.2129   20.000       -100.06  0.2425   20.000
         70.0735     -218.26  0.1880   20.000      -3235.05  0.1026   20.000       -147.75  0.2129   20.000       -100.07  0.2425   20.000
         70.0841     -207.26  0.1910   20.000      -3248.27  0.1025   20.000       -147.78  0.2129   20.000       -100.08  0.2425   20.000
         70.0947     -196.74  0.1939   20.000      -3261.46  0.1025   20.000       -147.82  0.2128   20.000       -100.09  0.2425   20.000
         70.1053     -188.13  0.1967   20.000      -3274.61  0.1024   20.000       -147.85  0.2128   20.000       -100.10  0.2425   20.000
         70.1159     -180.97  0.1994   20.000      -3287.72  0.1024   20.000       -147.88  0.2128   20.000       -100.12  0.2425   20.000
         70.1265     -174.14  0.2021   20.000      -3300.80  0.1023   20.000       -147.92  0.2128   20.000       -100.13  0.2425   20.000
         70.1371     -167.72  0.2045   20.000      -3313.85  0.1023   20.000       -147.95  0.2128   20.000       -100.14  0.2425   20.000
         70.1477     -161.51  0.2069   20.000      -3326.86  0.1022   20.000       -147.99  0.2128   20.000       -100.15  0.2425   20.000
         70.1583     -155.61  0.2092   20.000      -3339.84  0.1022   20.000       -148.02  0.2127   20.000       -100.16  0.2425   20.000
         70.1689     -150.78  0.2113   20.000      -3352.78  0.1021   20.000       -148.06  0.2127   20.000       -100.17  0.2424   20.000
         70.1795     -147.11  0.2132   20.000      -3365.69  0.1021   20.000       -148.09  0.2127   20.000       -100.19  0.2424   20.000
         70.1901     -143.48  0.2152   20.000      -3378.57  0.1020   20.000       -148.13  0.2127   20.000       -100.20  0.2424   20.000
         70.2007     -139.97  0.2171   20.000      -3391.41  0.1020   20.000       -148.16  0.2127   20.000       -100.21  0.2424   20.000
         70.2113     -136.82  0.2187   20.000      -3404.22  0.1020   20.000       -148.20  0.2126   20.000       -100.22  0.2424   20.000
         70.2219     -133.86  0.2203   20.000      -3417.00  0.1019   20.000       -148.23  0.2126   20.000       -100.23  0.2424   20.000
         70.2325     -131.03  0.2219   20.000      -3429.75  0.1019   20.000       -148.27  0.2126   20.000       -100.24  0.2424   20.000
         70.2463     -127.38  0.2238   20.000      -3446.29  0.1018   20.000       -148.32  0.2126   20.000       -100.26  0.2424   20.000
         70.2601     -123.75  0.2258   20.000      -3462.76  0.1017   20.000       -148.37  0.2126   20.000       -100.27  0.2424   20.000
         70.2739     -120.54  0.2275   20.000      -3479.18  0.1017   20.000       -148.41  0.2125   20.000       -100.29  0.2424   20.000
         70.2877     -118.25  0.2291   20.000      -3495.54  0.1016   20.000       -148.46  0.2125   20.000       -100.30  0.2424   20.000
         70.3015     -115.98  0.2308   20.000      -3511.84  0.1015   20.000       -148.51  0.2125   20.000       -100.32  0.2423   20.000
         70.3153     -113.67  0.2325   20.000      -3528.08  0.1015   20.000       -148.56  0.2124   20.000       -100.34  0.2423   20.000
         70.3291     -111.33  0.2342   20.000      -3544.27  0.1014   20.000       -148.61  0.2124   20.000       -100.35  0.2423   20.000
         70.3428     -109.03  0.2359   20.000      -3560.40  0.1014   20.000       -148.65  0.2124   20.000       -100.37  0.2423   20.000
         70.3566     -107.04  0.2374   20.000      -3576.48  0.1013   20.000       -148.70  0.2124   20.000       -100.38  0.2423   20.000
         70.3704     -105.19  0.2388   20.000      -3592.49  0.1012   20.000       -148.75  0.2123   20.000       -100.40  0.2423   20.000
         70.3842     -103.43  0.2401   20.000      -3608.46  0.1012   20.000       -148.80  0.2123   20.000       -100.41  0.2423   20.000
         70.3980     -101.72  0.2413   20.000      -3624.36  0.1011   20.000       -148.84  0.2123   20.000       -100.43  0.2423   20.000
         70.4159      -99.54  0.2429   20.000      -3644.97  0.1011   20.000       -148.91  0.2123   20.000       -100.45  0.2422   20.000
         70.4338      -97.33  0.2445   20.000      -3665.49  0.1010   20.000       -148.97  0.2122   20.000       -100.47  0.2422   20.000
         70.4517      -95.27  0.2461   20.000      -3685.92  0.1009   20.000       -149.03  0.2122   20.000       -100.49  0.2422   20.000
         70.4697      -93.66  0.2477   20.000      -3706.26  0.1008   20.000       -149.09  0.2122   20.000       -100.51  0.2422   20.000
         70.4876      -92.26  0.2491   20.000      -3726.50  0.1007   20.000       -149.15  0.2121   20.000       -100.53  0.2422   20.000
         70.5055      -90.93  0.2504   20.000      -3746.66  0.1007   20.000       -149.21  0.2121   20.000       -100.55  0.2422   20.000
         70.5234      -89.59  0.2517   20.000      -3766.73  0.1006   20.000       -149.27  0.2121   20.000       -100.56  0.2422   20.000
         70.5414      -88.26  0.2531   20.000      -3786.73  0.1005   20.000       -149.33  0.2120   20.000       -100.58  0.2421   20.000
         70.5593      -86.94  0.2544   20.000      -3806.64  0.1005   20.000       -149.39  0.2120   20.000       -100.60  0.2421   20.000
         70.5772      -85.64  0.2557   20.000      -3826.48  0.1004   20.000       -149.45  0.2120   20.000       -100.62  0.2421   20.000
         70.5951      -84.35  0.2570   20.000      -3846.23  0.1003   20.000       -149.51  0.2119   20.000       -100.64  0.2421   20.000
         70.6130      -83.04  0.2583   20.000      -3865.92  0.1002   20.000       -149.58  0.2119   20.000       -100.66  0.2421   20.000
         70.6363      -81.34  0.2599   20.000      -3891.40  0.1001   20.000       -149.65  0.2119   20.000       -100.69  0.2421   20.000
         70.6596      -79.75  0.2615   20.000      -3916.75  0.1000   20.000       -149.73  0.2118   20.000       -100.71  0.2421   20.000
         70.6829      -78.46  0.2628   20.000      -3941.98  0.0999   20.000       -149.81  0.2118   20.000       -100.74  0.2420   20.000
         70.7062      -77.29  0.2640   20.000      -3977.02  0.0999   20.000       -149.89  0.2117   20.000       -100.77  0.2420   20.000
         70.7295      -76.17  0.2651   20.000      -4012.73  0.0998   20.000       -149.97  0.2117   20.000       -100.79  0.2420   20.000
         70.7528      -75.16  0.2662   20.000      -4048.12  0.0997   20.000       -150.04  0.2117   20.000       -100.82  0.2420   20.000
         70.7761      -74.21  0.2675   20.000      -4083.20  0.0996   20.000       -150.12  0.2116   20.000       -100.84  0.2420   20.000
         70.7985      -73.26  0.2687   20.000      -4116.60  0.0995   20.000       -150.20  0.2116   20.000       -100.87  0.2419   20.000
         70.8209      -72.27  0.2700   20.000      -4149.73  0.0994   20.000       -150.27  0.2115   20.000       -100.89  0.2419   20.000
         70.8433      -71.27  0.2713   20.000      -4182.58  0.0993   20.000       -150.35  0.2115   20.000       -100.92  0.2419   20.000
         70.8657      -70.28  0.2726   20.000      -4215.16  0.0992   20.000       -150.42  0.2114   20.000       -100.94  0.2419   20.000
         70.8881      -69.39  0.2738   20.000      -4247.48  0.0992   20.000       -150.49  0.2114   20.000       -100.97  0.2419   20.000
         70.9105      -68.55  0.2749   20.000      -4279.53  0.0991   20.000       -150.57  0.2114   20.000       -100.99  0.2418   20.000
         70.9328      -67.76  0.2759   20.000      -4311.33  0.0990   20.000       -150.64  0.2113   20.000       -101.01  0.2418   20.000
         70.9552      -66.99  0.2769   20.000      -4342.87  0.0989   20.000       -150.72  0.2113   20.000       -101.04  0.2418   20.000
         70.9776      -66.33  0.2778   20.000      -4374.16  0.0988   20.000       -150.79  0.2113   20.000       -101.06  0.2418   20.000
         71.0000      -65.68  0.2787   20.000      -4405.18  0.0987   20.000       -150.87  0.2112   20.000       -101.09  0.2418   20.000
         71.0233      -65.14  0.2794   20.000      -4437.20  0.0987   20.000       -150.94  0.2112   20.000       -101.11  0.2418   20.000
         71.0466      -64.88  0.2797   20.000      -4469.41  0.0986   20.000       -151.02  0.2111   20.000       -101.14  0.2417   20.000
         71.0699      -64.90  0.2797   20.000      -4501.33  0.0985   20.000       -151.10  0.2111   20.000       -101.17  0.2417   20.000
         71.0932      -65.19  0.2793   20.000      -4532.98  0.0984   20.000       -151.17  0.2110   20.000       -101.19  0.2417   20.000
         71.1165      -65.69  0.2786   20.000      -4564.35  0.0983   20.000       -151.25  0.2110   20.000       -101.22  0.2417   20.000
         71.1398      -66.34  0.2778   20.000      -4595.44  0.0982   20.000       -151.33  0.2110   20.000       -101.24  0.2417   20.000
         71.1631      -67.09  0.2768   20.000      -4626.26  0.0982   20.000       -151.40  0.2109   20.000       -101.27  0.2416   20.000
         71.1864      -67.91  0.2757   20.000      -4656.82  0.0981   20.000       -151.48  0.2109   20.000       -101.29  0.2416   20.000
         71.2097      -68.77  0.2746   20.000      -4687.11  0.0980   20.000       -151.56  0.2108   20.000       -101.32  0.2416   20.000
         71.2330      -69.65  0.2735   20.000      -4717.14  0.0979   20.000       -151.63  0.2108   20.000       -101.34  0.2416   20.000
         71.2563      -70.54  0.2723   20.000      -4746.91  0.0979   20.000       -151.71  0.2108   20.000       -101.37  0.2416   20.000
         71.2796      -71.50  0.2710   20.000      -4776.42  0.0978   20.000       -151.79  0.2107   20.000       -101.39  0.2416   20.000
         71.3029      -72.48  0.2698   20.000      -4805.68  0.0977   20.000       -151.86  0.2107   20.000       -101.42  0.2415   20.000
         71.3262      -73.46  0.2685   20.000      -4834.69  0.0976   20.000       -151.94  0.2106   20.000       -101.45  0.2415   20.000
         71.3495      -74.44  0.2672   20.000      -4863.44  0.0976   20.000       -152.02  0.2106   20.000       -101.47  0.2415   20.000
         71.3728      -75.41  0.2659   20.000      -4891.96  0.0975   20.000       -152.11  0.2106   20.000       -101.50  0.2415   20.000
         71.3961      -76.46  0.2648   20.000      -4920.23  0.0974   20.000       -152.20  0.2105   20.000       -101.52  0.2415   20.000
         71.4264      -77.80  0.2635   20.000      -4956.66  0.0973   20.000       -152.31  0.2105   20.000       -101.55  0.2414   20.000
         71.4566      -79.11  0.2622   20.000      -4999.53  0.0972   20.000       -152.41  0.2104   20.000       -101.59  0.2414   20.000
         71.4869      -80.41  0.2609   20.000      -5050.60  0.0971   20.000       -152.52  0.2104   20.000       -101.62  0.2414   20.000
         71.5172      -81.68  0.2596   20.000      -5100.76  0.0970   20.000       -152.62  0.2104   20.000       -101.65  0.2414   20.000
         71.5475      -82.92  0.2584   20.000      -5150.09  0.0969   20.000       -152.73  0.2103   20.000       -101.69  0.2413   20.000
         71.5778      -84.14  0.2572   20.000      -5198.58  0.0969   20.000       -152.83  0.2103   20.000       -101.72  0.2413   20.000
         71.6172      -85.70  0.2556   20.000      -5260.62  0.0967   20.000       -152.96  0.2102   20.000       -101.76  0.2413   20.000
         71.6554      -87.23  0.2541   20.000      -5319.61  0.0966   20.000       -153.09  0.2102   20.000       -101.80  0.2412   20.000
         71.6937      -88.75  0.2526   20.000      -5377.38  0.0965   20.000       -153.22  0.2101   20.000       -101.85  0.2412   20.000
         71.7320      -90.26  0.2511   20.000      -5433.91  0.0964   20.000       -153.35  0.2101   20.000       -101.89  0.2412   20.000
         71.7703      -91.74  0.2496   20.000      -5489.24  0.0963   20.000       -153.48  0.2100   20.000       -101.93  0.2412   20.000
         71.8086      -93.30  0.2481   20.000      -5543.40  0.0962   20.000       -153.61  0.2100   20.000       -101.97  0.2411   20.000
         71.8469      -94.84  0.2465   20.000      -5596.41  0.0961   20.000       -153.73  0.2099   20.000       -102.01  0.2411   20.000
         71.8851      -96.47  0.2452   20.000      -5648.30  0.0960   20.000       -153.86  0.2099   20.000       -102.05  0.2411   20.000
         71.9234      -98.11  0.2440   20.000      -5699.08  0.0960   20.000       -153.99  0.2098   20.000       -102.10  0.2410   20.000
         71.9617      -99.72  0.2428   20.000      -5748.78  0.0959   20.000       -154.11  0.2098   20.000       -102.14  0.2410   20.000
         72.0000     -101.32  0.2416   20.000      -5797.45  0.0958   20.000       -154.24  0.2097   20.000       -102.18  0.2410   20.000
         72.0394     -102.95  0.2404   20.000      -5846.45  0.0957   20.000       -154.37  0.2097   20.000       -102.22  0.2409   20.000
         72.0787     -104.58  0.2392   20.000      -5895.35  0.0956   20.000       -154.50  0.2096   20.000       -102.26  0.2409   20.000
         72.1181     -106.19  0.2380   20.000      -5943.06  0.0955   20.000       -154.63  0.2096   20.000       -102.31  0.2409   20.000
         72.1693     -108.26  0.2365   20.000      -6004.02  0.0954   20.000       -154.80  0.2095   20.000       -102.36  0.2408   20.000
         72.2358     -110.88  0.2346   20.000      -6080.86  0.0953   20.000       -155.02  0.2094   20.000       -102.43  0.2408   20.000
         72.3024     -113.46  0.2327   20.000      -6154.87  0.0951   20.000       -155.24  0.2094   20.000       -102.51  0.2407   20.000
         72.3722     -116.14  0.2307   20.000      -6229.55  0.0950   20.000       -155.47  0.2093   20.000       -102.58  0.2407   20.000
         72.4419     -118.92  0.2286   20.000      -6310.43  0.0949   20.000       -155.69  0.2092   20.000       -102.66  0.2406   20.000
         72.5117     -121.86  0.2268   20.000      -6408.76  0.0947   20.000       -155.93  0.2091   20.000       -102.73  0.2406   20.000
         72.5814     -124.92  0.2251   20.000      -6501.41  0.0946   20.000       -156.17  0.2090   20.000       -102.81  0.2405   20.000
         72.6512     -127.96  0.2235   20.000      -6588.63  0.0945   20.000       -156.40  0.2089   20.000       -102.88  0.2405   20.000
         72.7210     -130.97  0.2219   20.000      -6670.61  0.0944   20.000       -156.64  0.2088   20.000       -102.96  0.2404   20.000
         72.8140     -134.91  0.2198   20.000      -6773.76  0.0943   20.000       -156.94  0.2087   20.000       -103.06  0.2403   20.000
         72.9070     -138.79  0.2177   20.000      -6869.07  0.0942   20.000       -157.25  0.2086   20.000       -103.16  0.2403   20.000
         73.0000     -142.62  0.2156   20.000      -6956.79  0.0941   20.000       -157.55  0.2085   20.000       -103.26  0.2402   20.000
         73.0010     -142.66  0.2156   20.000      -6957.64  0.0941   20.000       -157.56  0.2085   20.000       -103.26  0.2402   20.000
         73.0023     -142.72  0.2156   20.000      -6958.91  0.0941   20.000       -157.56  0.2085   20.000       -103.26  0.2402   20.000
         73.0040     -142.79  0.2155   20.000      -6960.53  0.0941   20.000       -157.57  0.2085   20.000       -103.26  0.2402   20.000
         73.0062     -142.89  0.2155   20.000      -6962.65  0.0941   20.000       -157.57  0.2085   20.000       -103.26  0.2402   20.000
         73.0090     -143.01  0.2154   20.000      -6965.40  0.0940   20.000       -157.58  0.2085   20.000       -103.27  0.2402   20.000
         73.0128     -143.18  0.2153   20.000      -6968.96  0.0940   20.000       -157.59  0.2084   20.000       -103.27  0.2402   20.000
         73.0176     -143.39  0.2152   20.000      -6973.57  0.0940   20.000       -157.61  0.2084   20.000       -103.28  0.2402   20.000
         73.0239     -143.66  0.2151   20.000      -6979.54  0.0940   20.000       -157.63  0.2084   20.000       -103.28  0.2402   20.000
         73.0320     -144.02  0.2149   20.000      -6987.26  0.0940   20.000       -157.66  0.2084   20.000       -103.29  0.2402   20.000
         73.0402     -144.38  0.2147   20.000      -6994.92  0.0940   20.000       -157.68  0.2084   20.000       -103.30  0.2401   20.000
         73.0508     -144.85  0.2144   20.000      -7004.81  0.0940   20.000       -157.72  0.2084   20.000       -103.31  0.2401   20.000
         73.0614     -145.32  0.2142   20.000      -7014.59  0.0940   20.000       -157.75  0.2084   20.000       -103.32  0.2401   20.000
         73.0720     -145.80  0.2139   20.000      -7024.27  0.0940   20.000       -157.79  0.2084   20.000       -103.33  0.2401   20.000
         73.0858     -146.42  0.2136   20.000      -7036.75  0.0940   20.000       -157.83  0.2084   20.000       -103.35  0.2401   20.000
         73.1037     -147.22  0.2132   20.000      -7052.77  0.0939   20.000       -157.89  0.2083   20.000       -103.37  0.2401   20.000
         73.1270     -148.26  0.2126   20.000      -7073.24  0.0939   20.000       -157.97  0.2083   20.000       -103.39  0.2401   20.000
         73.1503     -149.36  0.2120   20.000      -7093.28  0.0939   20.000       -158.05  0.2083   20.000       -103.42  0.2401   20.000
         73.1736     -150.46  0.2114   20.000      -7112.83  0.0939   20.000       -158.12  0.2082   20.000       -103.44  0.2400   20.000
         73.2039     -151.89  0.2107   20.000      -7137.81  0.0938   20.000       -158.22  0.2082   20.000       -103.48  0.2400   20.000
         73.2432     -153.98  0.2098   20.000      -7169.33  0.0938   20.000       -158.35  0.2082   20.000       -103.52  0.2400   20.000
         73.2826     -155.89  0.2091   20.000      -7199.70  0.0938   20.000       -158.48  0.2081   20.000       -103.56  0.2400   20.000
         73.3220     -157.71  0.2084   20.000      -7228.94  0.0937   20.000       -158.61  0.2081   20.000       -103.60  0.2399   20.000
         73.3732     -159.81  0.2076   20.000      -7265.63  0.0937   20.000       -158.78  0.2080   20.000       -103.66  0.2399   20.000
         73.4244     -161.64  0.2069   20.000      -7300.57  0.0936   20.000       -158.95  0.2079   20.000       -103.71  0.2398   20.000
         73.4756     -163.20  0.2063   20.000      -7333.65  0.0936   20.000       -159.11  0.2079   20.000       -103.77  0.2398   20.000
         73.5411     -164.81  0.2057   20.000      -7374.47  0.0935   20.000       -159.33  0.2078   20.000       -103.84  0.2398   20.000
         73.6329     -166.31  0.2051   20.000      -7427.96  0.0935   20.000       -159.63  0.2077   20.000       -103.93  0.2397   20.000
         73.7247     -167.14  0.2048   20.000      -7476.95  0.0934   20.000       -159.94  0.2075   20.000       -104.03  0.2396   20.000
         73.8164     -167.41  0.2047   20.000      -7521.73  0.0934   20.000       -160.25  0.2074   20.000       -104.13  0.2395   20.000
         73.9082     -167.21  0.2047   20.000      -7562.69  0.0933   20.000       -160.56  0.2073   20.000       -104.23  0.2395   20.000
         74.0000     -166.63  0.2050   20.000      -7600.17  0.0933   20.000       -160.86  0.2072   20.000       -104.33  0.2394   20.000
         74.0865     -166.11  0.2052   20.000      -7632.43  0.0932   20.000       -161.15  0.2071   20.000       -104.42  0.2393   20.000
         74.1730     -166.01  0.2052   20.000      -7661.53  0.0932   20.000       -161.44  0.2070   20.000       -104.51  0.2393   20.000
         74.2557     -166.54  0.2050   20.000      -7687.09  0.0931   20.000       -161.71  0.2069   20.000       -104.60  0.2392   20.000
         74.3384     -167.79  0.2045   20.000      -7710.75  0.0931   20.000       -161.98  0.2068   20.000       -104.68  0.2391   20.000
         74.4211     -169.71  0.2038   20.000      -7732.64  0.0931   20.000       -162.25  0.2067   20.000       -104.77  0.2391   20.000
         74.5369     -173.39  0.2024   20.000      -7760.98  0.0930   20.000       -162.62  0.2065   20.000       -104.89  0.2390   20.000
         74.6913     -179.44  0.2000   20.000      -7794.79  0.0930   20.000       -163.12  0.2063   20.000       -105.06  0.2389   20.000
         74.8456     -186.79  0.1972   20.000      -7823.84  0.0930   20.000       -163.61  0.2061   20.000       -105.22  0.2387   20.000
         75.0000     -195.33  0.1943   20.000      -7848.77  0.0929   20.000       -164.12  0.2059   20.000       -105.38  0.2386   20.000
         75.1429     -204.26  0.1918   20.000      -7868.53  0.0929   20.000       -164.58  0.2058   20.000       -105.53  0.2385   20.000
         75.2857     -213.90  0.1892   20.000      -7886.50  0.0929   20.000       -165.05  0.2056   20.000       -105.68  0.2384   20.000
         75.4286     -223.74  0.1865   20.000      -7902.01  0.0929   20.000       -165.51  0.2054   20.000       -105.83  0.2383   20.000
         75.5714     -233.87  0.1837   20.000      -7915.40  0.0929   20.000       -165.97  0.2052   20.000       -105.98  0.2382   20.000
         75.7143     -245.35  0.1808   20.000      -7927.90  0.0928   20.000       -166.44  0.2050   20.000       -106.13  0.2381   20.000
         75.8571     -258.94  0.1782   20.000      -7942.04  0.0928   20.000       -166.89  0.2049   20.000       -106.28  0.2380   20.000
         76.0000     -272.44  0.1756   20.000      -7953.38  0.0928   20.000       -167.35  0.2047   20.000       -106.43  0.2378   20.000
         76.0007     -272.50  0.1756   20.000      -7953.43  0.0928   20.000       -167.35  0.2047   20.000       -106.43  0.2378   20.000
         76.0016     -272.58  0.1755   20.000      -7953.48  0.0928   20.000       -167.36  0.2047   20.000       -106.43  0.2378   20.000
         76.0028     -272.69  0.1755   20.000      -7953.54  0.0928   20.000       -167.36  0.2047   20.000       -106.43  0.2378   20.000
         76.0043     -272.82  0.1755   20.000      -7953.64  0.0928   20.000       -167.36  0.2047   20.000       -106.43  0.2378   20.000
         76.0063     -273.00  0.1755   20.000      -7953.75  0.0928   20.000       -167.37  0.2047   20.000       -106.43  0.2378   20.000
         76.0089     -273.23  0.1754   20.000      -7953.91  0.0928   20.000       -167.38  0.2047   20.000       -106.44  0.2378   20.000
         76.0123     -273.53  0.1754   20.000      -7954.11  0.0928   20.000       -167.39  0.2047   20.000       -106.44  0.2378   20.000
         76.0167     -273.92  0.1753   20.000      -7954.36  0.0928   20.000       -167.40  0.2047   20.000       -106.45  0.2378   20.000
         76.0224     -274.42  0.1752   20.000      -7954.69  0.0928   20.000       -167.42  0.2047   20.000       -106.45  0.2378   20.000
         76.0281     -274.93  0.1751   20.000      -7955.02  0.0928   20.000       -167.44  0.2047   20.000       -106.46  0.2378   20.000
         76.0338     -275.43  0.1750   20.000      -7955.35  0.0928   20.000       -167.46  0.2046   20.000       -106.46  0.2378   20.000
         76.0413     -276.08  0.1749   20.000      -7955.76  0.0928   20.000       -167.48  0.2046   20.000       -106.47  0.2378   20.000
         76.0487     -276.74  0.1747   20.000      -7956.18  0.0928   20.000       -167.51  0.2046   20.000       -106.48  0.2378   20.000
         76.0561     -277.39  0.1746   20.000      -7956.59  0.0928   20.000       -167.53  0.2046   20.000       -106.49  0.2378   20.000
         76.0635     -278.05  0.1745   20.000      -7957.00  0.0928   20.000       -167.55  0.2046   20.000       -106.49  0.2378   20.000
         76.0732     -278.90  0.1743   20.000      -7957.52  0.0928   20.000       -167.58  0.2046   20.000       -106.50  0.2378   20.000
         76.0828     -279.75  0.1741   20.000      -7958.04  0.0928   20.000       -167.61  0.2046   20.000       -106.51  0.2378   20.000
         76.0954     -280.85  0.1739   20.000      -7958.70  0.0928   20.000       -167.65  0.2046   20.000       -106.53  0.2378   20.000
         76.1079     -281.96  0.1737   20.000      -7959.35  0.0928   20.000       -167.69  0.2046   20.000       -106.54  0.2378   20.000
         76.1205     -283.06  0.1735   20.000      -7960.00  0.0928   20.000       -167.73  0.2045   20.000       -106.55  0.2378   20.000
         76.1330     -284.16  0.1733   20.000      -7960.62  0.0928   20.000       -167.77  0.2045   20.000       -106.57  0.2377   20.000
         76.1455     -285.26  0.1731   20.000      -7961.24  0.0928   20.000       -167.81  0.2045   20.000       -106.58  0.2377   20.000
         76.1581     -286.36  0.1729   20.000      -7961.86  0.0928   20.000       -167.85  0.2045   20.000       -106.59  0.2377   20.000
         76.1706     -287.46  0.1726   20.000      -7962.46  0.0928   20.000       -167.89  0.2045   20.000       -106.61  0.2377   20.000
         76.1832     -288.57  0.1724   20.000      -7963.06  0.0928   20.000       -167.93  0.2045   20.000       -106.62  0.2377   20.000
         76.1995     -290.00  0.1722   20.000      -7963.81  0.0928   20.000       -167.98  0.2044   20.000       -106.64  0.2377   20.000
         76.2207     -291.87  0.1718   20.000      -7964.78  0.0928   20.000       -168.05  0.2044   20.000       -106.66  0.2377   20.000
         76.2483     -294.30  0.1713   20.000      -7966.00  0.0928   20.000       -168.14  0.2044   20.000       -106.69  0.2377   20.000
         76.2758     -296.75  0.1708   20.000      -7967.18  0.0928   20.000       -168.22  0.2043   20.000       -106.72  0.2376   20.000
         76.3034     -299.24  0.1704   20.000      -7968.31  0.0928   20.000       -168.31  0.2043   20.000       -106.74  0.2376   20.000
         76.3392     -302.61  0.1697   20.000      -7969.74  0.0928   20.000       -168.42  0.2043   20.000       -106.78  0.2376   20.000
         76.3750     -306.23  0.1691   20.000      -7971.09  0.0928   20.000       -168.53  0.2042   20.000       -106.82  0.2376   20.000
         76.4109     -310.70  0.1684   20.000      -7972.39  0.0928   20.000       -168.64  0.2042   20.000       -106.86  0.2375   20.000
         76.4467     -315.15  0.1678   20.000      -7973.63  0.0928   20.000       -168.76  0.2041   20.000       -106.89  0.2375   20.000
         76.4933     -320.89  0.1670   20.000      -7975.17  0.0928   20.000       -168.90  0.2041   20.000       -106.94  0.2375   20.000
         76.5399     -326.61  0.1663   20.000      -7976.60  0.0928   20.000       -169.05  0.2040   20.000       -106.99  0.2374   20.000
         76.5859     -332.21  0.1655   20.000      -7977.95  0.0928   20.000       -169.19  0.2040   20.000       -107.04  0.2374   20.000
         76.6450     -339.35  0.1645   20.000      -7979.58  0.0928   20.000       -169.38  0.2039   20.000       -107.10  0.2374   20.000
         76.7160     -347.81  0.1634   20.000      -7981.40  0.0928   20.000       -169.60  0.2038   20.000       -107.17  0.2373   20.000
         76.7870     -356.17  0.1622   20.000      -7983.04  0.0928   20.000       -169.82  0.2037   20.000       -107.25  0.2372   20.000
         76.8580     -364.43  0.1611   20.000      -7984.54  0.0928   20.000       -170.04  0.2036   20.000       -107.32  0.2372   20.000
         76.9290     -372.65  0.1600   20.000      -7985.91  0.0928   20.000       -170.26  0.2036   20.000       -107.39  0.2371   20.000
         77.0000     -380.96  0.1588   20.000      -7987.15  0.0928   20.000       -170.48  0.2035   20.000       -107.47  0.2371   20.000
         77.1000     -395.49  0.1573   20.000      -7988.75  0.0928   20.000       -170.79  0.2034   20.000       -107.57  0.2370   20.000
         77.2000     -412.12  0.1557   20.000      -7990.22  0.0928   20.000       -171.10  0.2032   20.000       -107.67  0.2369   20.000
         77.3000     -428.36  0.1541   20.000      -7991.50  0.0928   20.000       -171.41  0.2031   20.000       -107.77  0.2369   20.000
         77.4000     -444.25  0.1526   20.000      -7992.60  0.0928   20.000       -171.73  0.2030   20.000       -107.88  0.2368   20.000
         77.5000     -459.88  0.1511   20.000      -7993.57  0.0928   20.000       -172.04  0.2029   20.000       -107.98  0.2367   20.000
         77.6000     -475.38  0.1496   20.000      -7994.41  0.0928   20.000       -172.35  0.2028   20.000       -108.08  0.2366   20.000
         77.7000     -493.06  0.1481   20.000      -7995.13  0.0928   20.000       -172.65  0.2026   20.000       -108.19  0.2366   20.000
         77.8000     -514.77  0.1467   20.000      -7995.76  0.0928   20.000       -172.96  0.2025   20.000       -108.29  0.2365   20.000
         77.9000     -536.28  0.1452   20.000      -7996.31  0.0928   20.000       -173.27  0.2024   20.000       -108.39  0.2364   20.000
         78.0000     -557.61  0.1438   20.000      -7996.80  0.0928   20.000       -173.57  0.2023   20.000       -108.49  0.2363   20.000
         78.1000     -578.85  0.1424   20.000      -7997.21  0.0928   20.000       -173.88  0.2022   20.000       -108.60  0.2362   20.000
         78.2000     -600.87  0.1409   20.000      -7997.59  0.0928   20.000       -174.18  0.2021   20.000       -108.70  0.2362   20.000
         78.2716     -618.36  0.1398   20.000      -7997.81  0.0928   20.000       -174.40  0.2020   20.000       -108.77  0.2361   20.000
         78.3445     -641.11  0.1387   20.000      -7998.03  0.0928   20.000       -174.63  0.2019   20.000       -108.85  0.2361   20.000
         78.4173     -663.82  0.1377   20.000      -7998.22  0.0928   20.000       -174.86  0.2018   20.000       -108.92  0.2360   20.000
         78.5144     -693.99  0.1363   20.000      -7998.46  0.0928   20.000       -175.16  0.2017   20.000       -109.02  0.2359   20.000
         78.6358     -731.63  0.1345   20.000      -7998.71  0.0928   20.000       -175.55  0.2015   20.000       -109.14  0.2358   20.000
         78.7572     -769.68  0.1327   20.000      -7998.92  0.0928   20.000       -175.93  0.2014   20.000       -109.27  0.2358   20.000
         78.8786     -821.20  0.1310   20.000      -7999.10  0.0928   20.000       -176.31  0.2012   20.000       -109.39  0.2357   20.000
         79.0000     -874.46  0.1292   20.000      -7999.25  0.0928   20.000       -176.69  0.2011   20.000       -109.51  0.2356   20.000
         79.1250     -929.02  0.1274   20.000      -7999.37  0.0928   20.000       -177.08  0.2009   20.000       -109.64  0.2355   20.000
         79.2708     -993.78  0.1255   20.000      -7999.49  0.0928   20.000       -177.52  0.2008   20.000       -109.79  0.2354   20.000
         79.4531    -1099.04  0.1231   20.000      -7999.61  0.0928   20.000       -178.08  0.2005   20.000       -109.97  0.2352   20.000
         79.6354    -1203.31  0.1207   20.000      -7999.71  0.0928   20.000       -178.62  0.2003   20.000       -110.16  0.2351   20.000
         79.8177    -1337.68  0.1184   20.000      -7999.77  0.0928   20.000       -179.17  0.2001   20.000       -110.34  0.2350   20.000
         80.0000    -1482.27  0.1161   20.000      -7999.83  0.0928   20.000       -179.71  0.1999   20.000       -110.53  0.2348   20.000
         80.2000    -1673.44  0.1136   20.000      -7999.88  0.0928   20.000       -180.32  0.1997   20.000       -110.73  0.2347   20.000
         80.4000    -1902.23  0.1111   20.000      -7999.91  0.0928   20.000       -180.94  0.1994   20.000       -110.93  0.2345   20.000
         80.6000    -2193.42  0.1086   20.000      -7999.93  0.0928   20.000       -181.56  0.1992   20.000       -111.13  0.2344   20.000
         80.8000    -2504.86  0.1063   20.000      -7999.95  0.0928   20.000       -182.18  0.1990   20.000       -111.33  0.2342   20.000
         81.0000    -2915.04  0.1041   20.000      -7999.96  0.0928   20.000       -182.80  0.1987   20.000       -111.54  0.2341   20.000
         81.0010    -2917.98  0.1041   20.000      -7999.97  0.0928   20.000       -182.80  0.1987   20.000       -111.54  0.2341   20.000
         81.0020    -2919.75  0.1041   20.000      -7999.97  0.0928   20.000       -182.80  0.1987   20.000       -111.54  0.2341   20.000
         81.0027    -2920.97  0.1041   20.000      -7999.97  0.0928   20.000       -182.81  0.1987   20.000       -111.54  0.2341   20.000
         81.0036    -2922.57  0.1041   20.000      -7999.97  0.0928   20.000       -182.81  0.1987   20.000       -111.54  0.2341   20.000
         81.0048    -2924.65  0.1041   20.000      -7999.97  0.0928   20.000       -182.81  0.1987   20.000       -111.54  0.2341   20.000
         81.0063    -2927.35  0.1041   20.000      -7999.97  0.0928   20.000       -182.82  0.1987   20.000       -111.54  0.2341   20.000
         81.0079    -2930.05  0.1040   20.000      -7999.97  0.0928   20.000       -182.82  0.1987   20.000       -111.54  0.2341   20.000
         81.0094    -2932.74  0.1040   20.000      -7999.97  0.0928   20.000       -182.83  0.1987   20.000       -111.54  0.2341   20.000
         81.0109    -2935.44  0.1040   20.000      -7999.97  0.0928   20.000       -182.83  0.1987   20.000       -111.55  0.2341   20.000
         81.0129    -2938.94  0.1040   20.000      -7999.97  0.0928   20.000       -182.84  0.1987   20.000       -111.55  0.2341   20.000
         81.0149    -2942.44  0.1040   20.000      -7999.97  0.0928   20.000       -182.84  0.1987   20.000       -111.55  0.2341   20.000
         81.0169    -2945.94  0.1040   20.000      -7999.97  0.0928   20.000       -182.85  0.1987   20.000       -111.55  0.2341   20.000
         81.0189    -2949.43  0.1039   20.000      -7999.97  0.0928   20.000       -182.86  0.1987   20.000       -111.55  0.2341   20.000
         81.0209    -2952.92  0.1039   20.000      -7999.97  0.0928   20.000       -182.86  0.1987   20.000       -111.56  0.2341   20.000
         81.0229    -2956.41  0.1039   20.000      -7999.97  0.0928   20.000       -182.87  0.1987   20.000       -111.56  0.2341   20.000
         81.0255    -2960.95  0.1039   20.000      -7999.97  0.0928   20.000       -182.88  0.1987   20.000       -111.56  0.2341   20.000
         81.0281    -2965.47  0.1038   20.000      -7999.97  0.0928   20.000       -182.88  0.1987   20.000       -111.56  0.2341   20.000
         81.0307    -2970.00  0.1038   20.000      -7999.97  0.0928   20.000       -182.89  0.1987   20.000       -111.57  0.2341   20.000
         81.0333    -2974.52  0.1038   20.000      -7999.97  0.0928   20.000       -182.90  0.1987   20.000       -111.57  0.2341   20.000
         81.0367    -2980.39  0.1038   20.000      -7999.97  0.0928   20.000       -182.91  0.1987   20.000       -111.57  0.2341   20.000
         81.0401    -2986.26  0.1037   20.000      -7999.97  0.0928   20.000       -182.92  0.1987   20.000       -111.58  0.2341   20.000
         81.0435    -2992.11  0.1037   20.000      -7999.97  0.0928   20.000       -182.93  0.1987   20.000       -111.58  0.2341   20.000
         81.0469    -2997.97  0.1037   20.000      -7999.97  0.0928   20.000       -182.94  0.1987   20.000       -111.58  0.2340   20.000
         81.0502    -3003.81  0.1036   20.000      -7999.97  0.0928   20.000       -182.95  0.1987   20.000       -111.59  0.2340   20.000
         81.0546    -3011.40  0.1036   20.000      -7999.97  0.0928   20.000       -182.96  0.1987   20.000       -111.59  0.2340   20.000
         81.0603    -3021.25  0.1035   20.000      -7999.97  0.0928   20.000       -182.98  0.1987   20.000       -111.60  0.2340   20.000
         81.0660    -3031.08  0.1035   20.000      -7999.97  0.0928   20.000       -183.00  0.1987   20.000       -111.60  0.2340   20.000
         81.0718    -3040.89  0.1034   20.000      -7999.97  0.0928   20.000       -183.02  0.1986   20.000       -111.61  0.2340   20.000
         81.0775    -3050.69  0.1034   20.000      -7999.97  0.0928   20.000       -183.03  0.1986   20.000       -111.61  0.2340   20.000
         81.0832    -3060.46  0.1033   20.000      -7999.97  0.0928   20.000       -183.05  0.1986   20.000       -111.62  0.2340   20.000
         81.0889    -3070.22  0.1033   20.000      -7999.97  0.0928   20.000       -183.07  0.1986   20.000       -111.62  0.2340   20.000
         81.0946    -3079.95  0.1032   20.000      -7999.97  0.0928   20.000       -183.09  0.1986   20.000       -111.63  0.2340   20.000
         81.1020    -3092.59  0.1032   20.000      -7999.97  0.0928   20.000       -183.11  0.1986   20.000       -111.64  0.2340   20.000
         81.1094    -3105.19  0.1031   20.000      -7999.96  0.0928   20.000       -183.13  0.1986   20.000       -111.65  0.2340   20.000
         81.1169    -3117.76  0.1030   20.000      -7999.97  0.0928   20.000       -183.15  0.1986   20.000       -111.65  0.2340   20.000
         81.1243    -3132.32  0.1030   20.000      -7999.97  0.0928   20.000       -183.18  0.1986   20.000       -111.66  0.2340   20.000
         81.1317    -3150.28  0.1029   20.000      -7999.97  0.0928   20.000       -183.20  0.1986   20.000       -111.67  0.2340   20.000
         81.1391    -3168.17  0.1028   20.000      -7999.97  0.0928   20.000       -183.22  0.1986   20.000       -111.67  0.2340   20.000
         81.1488    -3191.34  0.1027   20.000      -7999.97  0.0928   20.000       -183.25  0.1986   20.000       -111.68  0.2340   20.000
         81.1584    -3214.40  0.1027   20.000      -7999.97  0.0928   20.000       -183.28  0.1985   20.000       -111.69  0.2340   20.000
         81.1681    -3237.35  0.1026   20.000      -7999.97  0.0928   20.000       -183.31  0.1985   20.000       -111.70  0.2340   20.000
         81.1777    -3260.19  0.1025   20.000      -7999.96  0.0928   20.000       -183.34  0.1985   20.000       -111.71  0.2340   20.000
         81.1874    -3282.92  0.1024   20.000      -7999.97  0.0928   20.000       -183.37  0.1985   20.000       -111.72  0.2339   20.000
         81.1970    -3305.54  0.1023   20.000      -7999.97  0.0928   20.000       -183.40  0.1985   20.000       -111.73  0.2339   20.000
         81.2096    -3334.81  0.1022   20.000      -7999.97  0.0928   20.000       -183.43  0.1985   20.000       -111.75  0.2339   20.000
         81.2221    -3363.90  0.1021   20.000      -7999.97  0.0928   20.000       -183.47  0.1985   20.000       -111.76  0.2339   20.000
         81.2347    -3392.80  0.1020   20.000      -7999.97  0.0928   20.000       -183.51  0.1985   20.000       -111.77  0.2339   20.000
         81.2472    -3421.53  0.1019   20.000      -7999.97  0.0928   20.000       -183.55  0.1984   20.000       -111.78  0.2339   20.000
         81.2598    -3450.07  0.1018   20.000      -7999.96  0.0928   20.000       -183.58  0.1984   20.000       -111.80  0.2339   20.000
         81.2723    -3478.44  0.1017   20.000      -7999.97  0.0928   20.000       -183.62  0.1984   20.000       -111.81  0.2339   20.000
         81.2848    -3506.63  0.1016   20.000      -7999.97  0.0928   20.000       -183.66  0.1984   20.000       -111.82  0.2339   20.000
         81.2974    -3534.65  0.1015   20.000      -7999.96  0.0928   20.000       -183.70  0.1984   20.000       -111.83  0.2339   20.000
         81.3099    -3562.49  0.1014   20.000      -7999.97  0.0928   20.000       -183.73  0.1984   20.000       -111.85  0.2339   20.000
         81.3225    -3590.16  0.1013   20.000      -7999.97  0.0928   20.000       -183.77  0.1984   20.000       -111.86  0.2338   20.000
         81.3350    -3617.66  0.1012   20.000      -7999.96  0.0928   20.000       -183.81  0.1983   20.000       -111.87  0.2338   20.000
         81.3476    -3644.99  0.1011   20.000      -7999.97  0.0928   20.000       -183.85  0.1983   20.000       -111.88  0.2338   20.000
         81.3601    -3672.14  0.1010   20.000      -7999.97  0.0928   20.000       -183.88  0.1983   20.000       -111.90  0.2338   20.000
         81.3727    -3699.13  0.1009   20.000      -7999.97  0.0928   20.000       -183.92  0.1983   20.000       -111.91  0.2338   20.000
         81.3852    -3725.93  0.1008   20.000      -7999.96  0.0928   20.000       -183.96  0.1983   20.000       -111.92  0.2338   20.000
         81.4015    -3760.60  0.1006   20.000      -7999.97  0.0928   20.000       -184.01  0.1983   20.000       -111.94  0.2338   20.000
         81.4178    -3794.96  0.1005   20.000      -7999.96  0.0928   20.000       -184.06  0.1982   20.000       -111.95  0.2338   20.000
         81.4341    -3829.05  0.1004   20.000      -7999.97  0.0928   20.000       -184.11  0.1982   20.000       -111.97  0.2338   20.000
         81.4504    -3862.87  0.1002   20.000      -7999.97  0.0928   20.000       -184.15  0.1982   20.000       -111.99  0.2338   20.000
         81.4668    -3896.41  0.1001   20.000      -7999.97  0.0928   20.000       -184.20  0.1982   20.000       -112.00  0.2337   20.000
         81.4831    -3929.68  0.1000   20.000      -7999.97  0.0928   20.000       -184.25  0.1982   20.000       -112.02  0.2337   20.000
         81.4994    -3970.74  0.0999   20.000      -7999.97  0.0928   20.000       -184.30  0.1982   20.000       -112.04  0.2337   20.000
         81.5157    -4017.70  0.0997   20.000      -7999.96  0.0928   20.000       -184.35  0.1981   20.000       -112.05  0.2337   20.000
         81.5320    -4064.09  0.0996   20.000      -7999.96  0.0928   20.000       -184.40  0.1981   20.000       -112.07  0.2337   20.000
         81.5483    -4109.94  0.0995   20.000      -7999.96  0.0928   20.000       -184.45  0.1981   20.000       -112.08  0.2337   20.000
         81.5646    -4155.26  0.0994   20.000      -7999.97  0.0928   20.000       -184.49  0.1981   20.000       -112.10  0.2337   20.000
         81.5809    -4200.05  0.0993   20.000      -7999.97  0.0928   20.000       -184.54  0.1981   20.000       -112.12  0.2337   20.000
         81.5972    -4244.33  0.0992   20.000      -7999.97  0.0928   20.000       -184.59  0.1980   20.000       -112.13  0.2336   20.000
         81.6135    -4288.08  0.0990   20.000      -7999.97  0.0928   20.000       -184.64  0.1980   20.000       -112.15  0.2336   20.000
         81.6298    -4331.33  0.0989   20.000      -7999.97  0.0928   20.000       -184.69  0.1980   20.000       -112.17  0.2336   20.000
         81.6461    -4374.07  0.0988   20.000      -7999.96  0.0928   20.000       -184.73  0.1980   20.000       -112.18  0.2336   20.000
         81.6625    -4416.27  0.0987   20.000      -7999.97  0.0928   20.000       -184.78  0.1980   20.000       -112.20  0.2336   20.000
         81.6837    -4470.59  0.0986   20.000      -7999.96  0.0928   20.000       -184.85  0.1979   20.000       -112.22  0.2336   20.000
         81.7049    -4524.05  0.0984   20.000      -7999.97  0.0928   20.000       -184.91  0.1979   20.000       -112.24  0.2336   20.000
         81.7261    -4576.71  0.0983   20.000      -7999.97  0.0928   20.000       -184.97  0.1979   20.000       -112.26  0.2335   20.000
         81.7473    -4628.55  0.0982   20.000      -7999.97  0.0928   20.000       -185.03  0.1979   20.000       -112.28  0.2335   20.000
         81.7685    -4679.62  0.0980   20.000      -7999.97  0.0928   20.000       -185.09  0.1978   20.000       -112.31  0.2335   20.000
         81.7897    -4729.91  0.0979   20.000      -7999.96  0.0928   20.000       -185.16  0.1978   20.000       -112.33  0.2335   20.000
         81.8107    -4779.05  0.0978   20.000      -7999.97  0.0928   20.000       -185.22  0.1978   20.000       -112.35  0.2335   20.000
         81.8317    -4827.46  0.0976   20.000      -7999.97  0.0928   20.000       -185.28  0.1978   20.000       -112.37  0.2335   20.000
         81.8528    -4875.13  0.0975   20.000      -7999.97  0.0928   20.000       -185.34  0.1977   20.000       -112.39  0.2335   20.000
         81.8738    -4922.10  0.0974   20.000      -7999.97  0.0928   20.000       -185.40  0.1977   20.000       -112.41  0.2334   20.000
         81.8948    -4968.34  0.0973   20.000      -7999.96  0.0928   20.000       -185.46  0.1977   20.000       -112.43  0.2334   20.000
         81.9159    -5030.00  0.0972   20.000      -7999.97  0.0928   20.000       -185.53  0.1977   20.000       -112.45  0.2334   20.000
         81.9369    -5094.17  0.0970   20.000      -7999.97  0.0928   20.000       -185.60  0.1977   20.000       -112.47  0.2334   20.000
         81.9579    -5156.93  0.0969   20.000      -7999.96  0.0928   20.000       -185.66  0.1976   20.000       -112.49  0.2334   20.000
         81.9790    -5218.33  0.0968   20.000      -7999.96  0.0928   20.000       -185.73  0.1976   20.000       -112.52  0.2334   20.000
         82.0000    -5278.38  0.0967   20.000      -7999.97  0.0928   20.000       -185.80  0.1976   20.000       -112.54  0.2333   20.000
         82.0010    -5281.20  0.0967   20.000      -7999.97  0.0928   20.000       -185.80  0.1976   20.000       -112.54  0.2333   20.000
         82.0020    -5284.06  0.0967   20.000      -7999.97  0.0928   20.000       -185.80  0.1976   20.000       -112.54  0.2333   20.000
         82.0033    -5287.77  0.0967   20.000      -7999.97  0.0928   20.000       -185.81  0.1976   20.000       -112.54  0.2333   20.000
         82.0050    -5292.58  0.0967   20.000      -7999.97  0.0928   20.000       -185.81  0.1976   20.000       -112.54  0.2333   20.000
         82.0072    -5298.84  0.0967   20.000      -7999.97  0.0928   20.000       -185.82  0.1976   20.000       -112.54  0.2333   20.000
         82.0100    -5306.94  0.0967   20.000      -7999.97  0.0928   20.000       -185.83  0.1976   20.000       -112.55  0.2333   20.000
         82.0138    -5317.45  0.0966   20.000      -7999.97  0.0928   20.000       -185.84  0.1976   20.000       -112.55  0.2333   20.000
         82.0186    -5331.06  0.0966   20.000      -7999.97  0.0928   20.000       -185.86  0.1976   20.000       -112.56  0.2333   20.000
         82.0249    -5348.65  0.0966   20.000      -7999.97  0.0928   20.000       -185.88  0.1975   20.000       -112.56  0.2333   20.000
         82.0330    -5371.38  0.0965   20.000      -7999.97  0.0928   20.000       -185.90  0.1975   20.000       -112.57  0.2333   20.000
         82.0436    -5400.68  0.0965   20.000      -7999.96  0.0928   20.000       -185.93  0.1975   20.000       -112.58  0.2333   20.000
         82.0542    -5429.64  0.0964   20.000      -7999.97  0.0928   20.000       -185.97  0.1975   20.000       -112.59  0.2333   20.000
         82.0680    -5466.88  0.0964   20.000      -7999.96  0.0928   20.000       -186.01  0.1975   20.000       -112.60  0.2333   20.000
         82.0818    -5503.53  0.0963   20.000      -7999.97  0.0928   20.000       -186.06  0.1975   20.000       -112.62  0.2333   20.000
         82.0997    -5550.60  0.0962   20.000      -7999.96  0.0928   20.000       -186.11  0.1975   20.000       -112.64  0.2333   20.000
         82.1176    -5596.71  0.0961   20.000      -7999.96  0.0928   20.000       -186.17  0.1974   20.000       -112.65  0.2333   20.000
         82.1409    -5655.57  0.0960   20.000      -7999.97  0.0928   20.000       -186.24  0.1974   20.000       -112.68  0.2332   20.000
         82.1642    -5712.98  0.0959   20.000      -7999.97  0.0928   20.000       -186.32  0.1974   20.000       -112.70  0.2332   20.000
         82.1875    -5768.98  0.0958   20.000      -7999.97  0.0928   20.000       -186.39  0.1973   20.000       -112.72  0.2332   20.000
         82.2108    -5823.58  0.0957   20.000      -7999.97  0.0928   20.000       -186.46  0.1973   20.000       -112.75  0.2332   20.000
         82.2411    -5892.87  0.0956   20.000      -7999.96  0.0928   20.000       -186.56  0.1973   20.000       -112.78  0.2332   20.000
         82.2714    -5959.90  0.0955   20.000      -7999.97  0.0928   20.000       -186.65  0.1972   20.000       -112.81  0.2331   20.000
         82.3017    -6024.80  0.0954   20.000      -7999.97  0.0928   20.000       -186.75  0.1972   20.000       -112.84  0.2331   20.000
         82.3320    -6087.62  0.0953   20.000      -7999.97  0.0928   20.000       -186.84  0.1972   20.000       -112.87  0.2331   20.000
         82.3623    -6148.17  0.0951   20.000      -7999.97  0.0928   20.000       -186.93  0.1971   20.000       -112.90  0.2331   20.000
         82.4016    -6224.84  0.0950   20.000      -7999.97  0.0928   20.000       -187.06  0.1971   20.000       -112.94  0.2331   20.000
         82.4528    -6336.62  0.0948   20.000      -7999.97  0.0928   20.000       -187.21  0.1970   20.000       -112.99  0.2330   20.000
         82.5040    -6462.78  0.0947   20.000      -7999.96  0.0928   20.000       -187.37  0.1970   20.000       -113.04  0.2330   20.000
         82.5536    -6573.40  0.0945   20.000      -7999.97  0.0928   20.000       -187.52  0.1969   20.000       -113.09  0.2329   20.000
         82.6032    -6671.88  0.0944   20.000      -7999.97  0.0928   20.000       -187.68  0.1968   20.000       -113.14  0.2329   20.000
         82.6528    -6755.53  0.0943   20.000      -7999.96  0.0928   20.000       -187.83  0.1968   20.000       -113.19  0.2329   20.000
         82.7024    -6822.20  0.0942   20.000      -7999.96  0.0928   20.000       -187.98  0.1967   20.000       -113.24  0.2328   20.000
         82.7520    -6861.62  0.0942   20.000      -7999.97  0.0928   20.000       -188.13  0.1967   20.000       -113.29  0.2328   20.000
         82.8016    -6864.02  0.0942   20.000      -7999.97  0.0928   20.000       -188.28  0.1966   20.000       -113.34  0.2328   20.000
         82.8677    -6783.03  0.0943   20.000      -7999.97  0.0928   20.000       -188.48  0.1965   20.000       -113.40  0.2327   20.000
         82.9339    -6555.88  0.0946   20.000      -7999.97  0.0928   20.000       -188.68  0.1965   20.000       -113.47  0.2327   20.000
         83.0000    -6205.57  0.0950   20.000      -7999.96  0.0928   20.000       -188.88  0.1964   20.000       -113.53  0.2326   20.000
         83.0010    -6199.82  0.0951   20.000      -7999.96  0.0928   20.000       -188.89  0.1964   20.000       -113.53  0.2326   20.000
         83.0020    -6196.24  0.0951   20.000      -7999.96  0.0928   20.000       -188.89  0.1964   20.000       -113.53  0.2326   20.000
         83.0033    -6190.97  0.0951   20.000      -7999.96  0.0928   20.000       -188.89  0.1964   20.000       -113.54  0.2326   20.000
         83.0050    -6184.44  0.0951   20.000      -7999.96  0.0928   20.000       -188.90  0.1964   20.000       -113.54  0.2326   20.000
         83.0072    -6175.62  0.0951   20.000      -7999.96  0.0928   20.000       -188.91  0.1964   20.000       -113.54  0.2326   20.000
         83.0100    -6163.84  0.0951   20.000      -7999.96  0.0928   20.000       -188.92  0.1964   20.000       -113.54  0.2326   20.000
         83.0129    -6151.74  0.0951   20.000      -7999.96  0.0928   20.000       -188.92  0.1964   20.000       -113.55  0.2326   20.000
         83.0158    -6139.28  0.0952   20.000      -7999.96  0.0928   20.000       -188.93  0.1964   20.000       -113.55  0.2326   20.000
         83.0195    -6122.56  0.0952   20.000      -7999.96  0.0928   20.000       -188.94  0.1964   20.000       -113.55  0.2326   20.000
         83.0243    -6099.90  0.0952   20.000      -7999.96  0.0928   20.000       -188.96  0.1964   20.000       -113.56  0.2326   20.000
         83.0306    -6068.95  0.0953   20.000      -7999.96  0.0928   20.000       -188.98  0.1963   20.000       -113.56  0.2326   20.000
         83.0387    -6026.55  0.0954   20.000      -7999.97  0.0928   20.000       -189.00  0.1963   20.000       -113.57  0.2326   20.000
         83.0493    -5967.35  0.0955   20.000      -7999.96  0.0928   20.000       -189.03  0.1963   20.000       -113.58  0.2326   20.000
         83.0599    -5904.63  0.0956   20.000      -7999.97  0.0928   20.000       -189.07  0.1963   20.000       -113.59  0.2326   20.000
         83.0737    -5817.63  0.0957   20.000      -7999.96  0.0928   20.000       -189.11  0.1963   20.000       -113.61  0.2326   20.000
         83.0875    -5725.89  0.0959   20.000      -7999.97  0.0928   20.000       -189.15  0.1963   20.000       -113.62  0.2325   20.000
         83.1013    -5629.56  0.0961   20.000      -7999.96  0.0928   20.000       -189.19  0.1963   20.000       -113.63  0.2325   20.000
         83.1192    -5496.06  0.0963   20.000      -7999.97  0.0928   20.000       -189.25  0.1962   20.000       -113.65  0.2325   20.000
         83.1425    -5297.61  0.0967   20.000      -7999.96  0.0928   20.000       -189.32  0.1962   20.000       -113.67  0.2325   20.000
         83.1658    -5079.12  0.0971   20.000      -7999.97  0.0928   20.000       -189.39  0.1962   20.000       -113.70  0.2325   20.000
         83.1891    -4882.38  0.0975   20.000      -7999.97  0.0928   20.000       -189.46  0.1962   20.000       -113.72  0.2325   20.000
         83.2124    -4702.83  0.0980   20.000      -7999.97  0.0928   20.000       -189.53  0.1961   20.000       -113.74  0.2325   20.000
         83.2357    -4510.33  0.0985   20.000      -7999.97  0.0928   20.000       -189.60  0.1961   20.000       -113.77  0.2324   20.000
         83.2660    -4237.95  0.0992   20.000      -7999.97  0.0928   20.000       -189.69  0.1961   20.000       -113.80  0.2324   20.000
         83.2963    -3927.73  0.1000   20.000      -7999.97  0.0928   20.000       -189.78  0.1960   20.000       -113.83  0.2324   20.000
         83.3266    -3678.52  0.1009   20.000      -7999.97  0.0928   20.000       -189.88  0.1960   20.000       -113.86  0.2324   20.000
         83.3659    -3307.94  0.1023   20.000      -7999.97  0.0928   20.000       -189.99  0.1960   20.000       -113.90  0.2323   20.000
         83.4053    -2937.09  0.1040   20.000      -7999.97  0.0928   20.000       -190.11  0.1959   20.000       -113.94  0.2323   20.000
         83.4447    -2562.43  0.1060   20.000      -7999.96  0.0928   20.000       -190.23  0.1959   20.000       -113.97  0.2323   20.000
         83.4959    -2129.29  0.1091   20.000      -7999.97  0.0928   20.000       -190.39  0.1958   20.000       -114.02  0.2323   20.000
         83.5463    -1735.74  0.1129   20.000      -7999.96  0.0928   20.000       -190.54  0.1957   20.000       -114.07  0.2322   20.000
         83.5967    -1409.66  0.1172   20.000      -7999.97  0.0928   20.000       -190.69  0.1957   20.000       -114.12  0.2322   20.000
         83.6471    -1148.08  0.1220   20.000      -7999.97  0.0928   20.000       -190.85  0.1956   20.000       -114.17  0.2321   20.000
         83.6975     -941.39  0.1270   20.000      -7999.96  0.0928   20.000       -191.00  0.1956   20.000       -114.22  0.2321   20.000
         83.7479     -781.46  0.1323   20.000      -7999.97  0.0928   20.000       -191.15  0.1955   20.000       -114.27  0.2321   20.000
         83.7984     -666.80  0.1375   20.000      -7999.97  0.0928   20.000       -191.30  0.1955   20.000       -114.32  0.2320   20.000
         83.8488     -566.86  0.1432   20.000      -7999.97  0.0928   20.000       -191.45  0.1954   20.000       -114.37  0.2320   20.000
         83.8992     -485.30  0.1487   20.000      -7999.97  0.0928   20.000       -191.61  0.1953   20.000       -114.42  0.2320   20.000
         83.9496     -426.54  0.1543   20.000      -7999.97  0.0928   20.000       -191.76  0.1953   20.000       -114.47  0.2319   20.000
         84.0000     -374.64  0.1597   20.000      -7999.97  0.0928   20.000       -191.93  0.1952   20.000       -114.52  0.2319   20.000
         84.0010     -373.86  0.1598   20.000      -7999.96  0.0928   20.000       -191.94  0.1952   20.000       -114.52  0.2319   20.000
         84.0023     -372.80  0.1600   20.000      -7999.97  0.0928   20.000       -191.94  0.1952   20.000       -114.53  0.2319   20.000
         84.0040     -371.47  0.1601   20.000      -7999.97  0.0928   20.000       -191.95  0.1952   20.000       -114.53  0.2319   20.000
         84.0062     -369.73  0.1604   20.000      -7999.97  0.0928   20.000       -191.96  0.1952   20.000       -114.53  0.2319   20.000
         84.0090     -367.47  0.1607   20.000      -7999.97  0.0928   20.000       -191.97  0.1952   20.000       -114.53  0.2319   20.000
         84.0128     -364.57  0.1611   20.000      -7999.97  0.0928   20.000       -191.98  0.1952   20.000       -114.54  0.2319   20.000
         84.0176     -360.85  0.1616   20.000      -7999.97  0.0928   20.000       -192.00  0.1952   20.000       -114.54  0.2319   20.000
         84.0239     -356.09  0.1622   20.000      -7999.96  0.0928   20.000       -192.02  0.1952   20.000       -114.55  0.2319   20.000
         84.0320     -349.98  0.1631   20.000      -7999.97  0.0928   20.000       -192.04  0.1952   20.000       -114.56  0.2319   20.000
         84.0426     -342.13  0.1641   20.000      -7999.97  0.0928   20.000       -192.08  0.1952   20.000       -114.57  0.2319   20.000
         84.0564     -331.98  0.1655   20.000      -7999.96  0.0928   20.000       -192.13  0.1952   20.000       -114.58  0.2318   20.000
         84.0743     -319.05  0.1673   20.000      -7999.97  0.0928   20.000       -192.18  0.1952   20.000       -114.60  0.2318   20.000
         84.0976     -303.67  0.1695   20.000      -7999.97  0.0928   20.000       -192.26  0.1951   20.000       -114.62  0.2318   20.000
         84.1209     -292.34  0.1717   20.000      -7999.97  0.0928   20.000       -192.33  0.1951   20.000       -114.64  0.2318   20.000
         84.1442     -281.36  0.1738   20.000      -7999.97  0.0928   20.000       -192.41  0.1951   20.000       -114.67  0.2318   20.000
         84.1745     -268.37  0.1764   20.000      -7999.96  0.0928   20.000       -192.50  0.1951   20.000       -114.70  0.2318   20.000
         84.2048     -256.26  0.1787   20.000      -7999.96  0.0928   20.000       -192.60  0.1950   20.000       -114.73  0.2317   20.000
         84.2351     -245.46  0.1808   20.000      -7999.97  0.0928   20.000       -192.69  0.1950   20.000       -114.76  0.2317   20.000
         84.2654     -237.76  0.1826   20.000      -7999.97  0.0928   20.000       -192.79  0.1950   20.000       -114.79  0.2317   20.000
         84.2957     -231.39  0.1844   20.000      -7999.97  0.0928   20.000       -192.88  0.1950   20.000       -114.82  0.2317   20.000
         84.3259     -225.33  0.1861   20.000      -7999.96  0.0928   20.000       -192.97  0.1949   20.000       -114.85  0.2316   20.000
         84.3562     -220.21  0.1875   20.000      -7999.97  0.0928   20.000       -193.06  0.1949   20.000       -114.88  0.2316   20.000
         84.3865     -215.59  0.1887   20.000      -7999.96  0.0928   20.000       -193.16  0.1949   20.000       -114.91  0.2316   20.000
         84.4168     -211.25  0.1899   20.000      -7999.96  0.0928   20.000       -193.25  0.1949   20.000       -114.94  0.2316   20.000
         84.4471     -207.10  0.1911   20.000      -7999.97  0.0928   20.000       -193.34  0.1948   20.000       -114.97  0.2316   20.000
         84.4774     -203.10  0.1922   20.000      -7999.96  0.0928   20.000       -193.43  0.1948   20.000       -115.00  0.2315   20.000
         84.5168     -198.91  0.1933   20.000      -7999.97  0.0928   20.000       -193.55  0.1948   20.000       -115.03  0.2315   20.000
         84.5561     -195.37  0.1943   20.000      -7999.97  0.0928   20.000       -193.67  0.1947   20.000       -115.07  0.2315   20.000
         84.5955     -192.07  0.1952   20.000      -7999.96  0.0928   20.000       -193.79  0.1947   20.000       -115.11  0.2315   20.000
         84.6360     -189.43  0.1962   20.000      -7999.97  0.0928   20.000       -193.91  0.1947   20.000       -115.15  0.2314   20.000
         84.6764     -186.85  0.1972   20.000      -7999.97  0.0928   20.000       -194.03  0.1946   20.000       -115.19  0.2314   20.000
         84.7169     -184.27  0.1982   20.000      -7999.97  0.0928   20.000       -194.15  0.1946   20.000       -115.23  0.2314   20.000
         84.7573     -181.65  0.1992   20.000      -7999.96  0.0928   20.000       -194.27  0.1946   20.000       -115.27  0.2313   20.000
         84.8058     -179.01  0.2002   20.000      -7999.97  0.0928   20.000       -194.42  0.1945   20.000       -115.32  0.2313   20.000
         84.8544     -176.79  0.2010   20.000      -7999.97  0.0928   20.000       -194.56  0.1945   20.000       -115.37  0.2313   20.000
         84.9029     -174.78  0.2018   20.000      -7999.97  0.0928   20.000       -194.71  0.1945   20.000       -115.41  0.2312   20.000
         84.9515     -172.83  0.2026   20.000      -7999.97  0.0928   20.000       -194.85  0.1944   20.000       -115.46  0.2312   20.000
         85.0000     -170.87  0.2033   20.000      -7999.96  0.0928   20.000       -194.99  0.1944   20.000       -115.51  0.2312   20.000
         85.0512     -168.96  0.2041   20.000      -7999.97  0.0928   20.000       -195.14  0.1943   20.000       -115.56  0.2311   20.000
         85.1024     -167.78  0.2045   20.000      -7999.97  0.0928   20.000       -195.29  0.1943   20.000       -115.61  0.2311   20.000
         85.1536     -167.19  0.2047   20.000      -7999.97  0.0928   20.000       -195.45  0.1943   20.000       -115.66  0.2310   20.000
         85.2047     -167.22  0.2047   20.000      -7999.96  0.0928   20.000       -195.60  0.1942   20.000       -115.71  0.2310   20.000
         85.2559     -167.84  0.2045   20.000      -7999.97  0.0928   20.000       -195.75  0.1942   20.000       -115.76  0.2310   20.000
         85.3071     -169.00  0.2041   20.000      -7999.96  0.0928   20.000       -195.91  0.1941   20.000       -115.81  0.2309   20.000
         85.3764     -171.30  0.2032   20.000      -7999.97  0.0928   20.000       -196.12  0.1941   20.000       -115.88  0.2309   20.000
         85.4457     -174.14  0.2021   20.000      -7999.97  0.0928   20.000       -196.32  0.1940   20.000       -115.95  0.2308   20.000
         85.5381     -178.52  0.2004   20.000      -7999.97  0.0928   20.000       -196.60  0.1939   20.000       -116.04  0.2308   20.000
         85.6305     -183.41  0.1985   20.000      -7999.97  0.0928   20.000       -196.88  0.1939   20.000       -116.13  0.2307   20.000
         85.7228     -188.66  0.1965   20.000      -7999.97  0.0928   20.000       -197.16  0.1938   20.000       -116.22  0.2306   20.000
         85.8152     -194.58  0.1945   20.000      -7999.98  0.0928   20.000       -197.44  0.1937   20.000       -116.31  0.2306   20.000
         85.9076     -201.19  0.1927   20.000      -7999.98  0.0928   20.000       -197.73  0.1936   20.000       -116.40  0.2305   20.000
         86.0000     -207.80  0.1909   20.000      -7999.98  0.0928   20.000       -198.01  0.1936   20.000       -116.49  0.2304   20.000
         86.0010     -207.87  0.1908   20.000      -7999.97  0.0928   20.000       -198.01  0.1936   20.000       -116.49  0.2304   20.000
         86.0020     -207.94  0.1908   20.000      -7999.97  0.0928   20.000       -198.01  0.1936   20.000       -116.49  0.2304   20.000
         86.0033     -208.03  0.1908   20.000      -7999.97  0.0928   20.000       -198.02  0.1936   20.000       -116.50  0.2304   20.000
         86.0050     -208.14  0.1908   20.000      -7999.97  0.0928   20.000       -198.02  0.1936   20.000       -116.50  0.2304   20.000
         86.0072     -208.29  0.1907   20.000      -7999.97  0.0928   20.000       -198.03  0.1935   20.000       -116.50  0.2304   20.000
         86.0100     -208.48  0.1907   20.000      -7999.97  0.0928   20.000       -198.04  0.1935   20.000       -116.50  0.2304   20.000
         86.0129     -208.68  0.1906   20.000      -7999.97  0.0928   20.000       -198.05  0.1935   20.000       -116.50  0.2304   20.000
         86.0158     -208.87  0.1906   20.000      -7999.97  0.0928   20.000       -198.06  0.1935   20.000       -116.51  0.2304   20.000
         86.0186     -209.07  0.1905   20.000      -7999.97  0.0928   20.000       -198.07  0.1935   20.000       -116.51  0.2304   20.000
         86.0215     -209.26  0.1905   20.000      -7999.97  0.0928   20.000       -198.07  0.1935   20.000       -116.51  0.2304   20.000
         86.0243     -209.46  0.1904   20.000      -7999.97  0.0928   20.000       -198.08  0.1935   20.000       -116.52  0.2304   20.000
         86.0280     -209.71  0.1903   20.000      -7999.97  0.0928   20.000       -198.09  0.1935   20.000       -116.52  0.2304   20.000
         86.0317     -209.96  0.1903   20.000      -7999.97  0.0928   20.000       -198.11  0.1935   20.000       -116.52  0.2304   20.000
         86.0355     -210.22  0.1902   20.000      -7999.97  0.0928   20.000       -198.12  0.1935   20.000       -116.53  0.2304   20.000
         86.0403     -210.56  0.1901   20.000      -7999.97  0.0928   20.000       -198.13  0.1935   20.000       -116.53  0.2304   20.000
         86.0451     -210.89  0.1900   20.000      -7999.97  0.0928   20.000       -198.15  0.1935   20.000       -116.54  0.2304   20.000
         86.0499     -211.24  0.1899   20.000      -7999.97  0.0928   20.000       -198.16  0.1935   20.000       -116.54  0.2304   20.000
         86.0562     -211.68  0.1898   20.000      -7999.97  0.0928   20.000       -198.18  0.1935   20.000       -116.55  0.2304   20.000
         86.0625     -212.12  0.1897   20.000      -7999.97  0.0928   20.000       -198.20  0.1935   20.000       -116.55  0.2304   20.000
         86.0688     -212.57  0.1896   20.000      -7999.97  0.0928   20.000       -198.22  0.1935   20.000       -116.56  0.2304   20.000
         86.0769     -213.15  0.1894   20.000      -7999.97  0.0928   20.000       -198.24  0.1935   20.000       -116.57  0.2304   20.000
         86.0875     -213.89  0.1892   20.000      -7999.98  0.0928   20.000       -198.28  0.1935   20.000       -116.58  0.2304   20.000
         86.0981     -214.63  0.1890   20.000      -7999.97  0.0928   20.000       -198.31  0.1935   20.000       -116.59  0.2304   20.000
         86.1087     -215.37  0.1888   20.000      -7999.97  0.0928   20.000       -198.34  0.1935   20.000       -116.60  0.2304   20.000
         86.1193     -216.12  0.1886   20.000      -7999.97  0.0928   20.000       -198.37  0.1935   20.000       -116.61  0.2303   20.000
         86.1299     -216.88  0.1884   20.000      -7999.98  0.0928   20.000       -198.41  0.1934   20.000       -116.62  0.2303   20.000
         86.1437     -217.88  0.1881   20.000      -7999.98  0.0928   20.000       -198.45  0.1934   20.000       -116.63  0.2303   20.000
         86.1575     -218.89  0.1878   20.000      -7999.98  0.0928   20.000       -198.50  0.1934   20.000       -116.65  0.2303   20.000
         86.1713     -219.89  0.1875   20.000      -7999.98  0.0928   20.000       -198.54  0.1934   20.000       -116.66  0.2303   20.000
         86.1851     -220.88  0.1873   20.000      -7999.97  0.0928   20.000       -198.58  0.1934   20.000       -116.67  0.2303   20.000
         86.1989     -221.85  0.1870   20.000      -7999.97  0.0928   20.000       -198.63  0.1934   20.000       -116.69  0.2303   20.000
         86.2168     -223.05  0.1867   20.000      -7999.98  0.0928   20.000       -198.68  0.1934   20.000       -116.70  0.2303   20.000
         86.2347     -224.17  0.1864   20.000      -7999.97  0.0928   20.000       -198.74  0.1934   20.000       -116.72  0.2303   20.000
         86.2526     -225.18  0.1861   20.000      -7999.97  0.0928   20.000       -198.80  0.1933   20.000       -116.74  0.2303   20.000
         86.2706     -226.04  0.1859   20.000      -7999.97  0.0928   20.000       -198.85  0.1933   20.000       -116.76  0.2302   20.000
         86.2885     -226.71  0.1857   20.000      -7999.98  0.0928   20.000       -198.91  0.1933   20.000       -116.77  0.2302   20.000
         86.3064     -227.14  0.1856   20.000      -7999.98  0.0928   20.000       -198.96  0.1933   20.000       -116.79  0.2302   20.000
         86.3243     -227.28  0.1855   20.000      -7999.98  0.0928   20.000       -199.02  0.1933   20.000       -116.81  0.2302   20.000
         86.3422     -227.06  0.1856   20.000      -7999.98  0.0928   20.000       -199.07  0.1933   20.000       -116.83  0.2302   20.000
         86.3602     -226.42  0.1858   20.000      -7999.97  0.0928   20.000       -199.13  0.1932   20.000       -116.84  0.2302   20.000
         86.3781     -225.30  0.1861   20.000      -7999.97  0.0928   20.000       -199.18  0.1932   20.000       -116.86  0.2302   20.000
         86.3960     -223.65  0.1865   20.000      -7999.97  0.0928   20.000       -199.24  0.1932   20.000       -116.88  0.2301   20.000
         86.4139     -221.36  0.1871   20.000      -7999.98  0.0928   20.000       -199.29  0.1932   20.000       -116.90  0.2301   20.000
         86.4372     -217.38  0.1882   20.000      -7999.97  0.0928   20.000       -199.36  0.1932   20.000       -116.92  0.2301   20.000
         86.4605     -212.13  0.1897   20.000      -7999.97  0.0928   20.000       -199.43  0.1932   20.000       -116.94  0.2301   20.000
         86.4838     -205.77  0.1914   20.000      -7999.97  0.0928   20.000       -199.50  0.1931   20.000       -116.97  0.2301   20.000
         86.5071     -198.50  0.1934   20.000      -7999.98  0.0928   20.000       -199.58  0.1931   20.000       -116.99  0.2301   20.000
         86.5374     -189.05  0.1963   20.000      -7999.97  0.0928   20.000       -199.67  0.1931   20.000       -117.02  0.2300   20.000
         86.5677     -180.11  0.1998   20.000      -7999.98  0.0928   20.000       -199.76  0.1931   20.000       -117.05  0.2300   20.000
         86.5980     -170.51  0.2035   20.000      -7999.97  0.0928   20.000       -199.85  0.1931   20.000       -117.08  0.2300   20.000
         86.6283     -160.76  0.2072   20.000      -7999.97  0.0928   20.000       -199.94  0.1930   20.000       -117.11  0.2300   20.000
         86.6696     -148.39  0.2125   20.000      -7999.98  0.0928   20.000       -200.06  0.1930   20.000       -117.15  0.2300   20.000
         86.7109     -138.40  0.2179   20.000      -7999.97  0.0928   20.000       -200.18  0.1930   20.000       -117.19  0.2299   20.000
         86.7522     -128.90  0.2230   20.000      -7999.98  0.0928   20.000       -200.31  0.1929   20.000       -117.23  0.2299   20.000
         86.7935     -120.02  0.2278   20.000      -7999.97  0.0928   20.000       -200.43  0.1929   20.000       -117.27  0.2299   20.000
         86.8348     -113.72  0.2325   20.000      -7999.98  0.0928   20.000       -200.55  0.1929   20.000       -117.31  0.2298   20.000
         86.8761     -107.65  0.2369   20.000      -7999.97  0.0928   20.000       -200.67  0.1928   20.000       -117.35  0.2298   20.000
         86.9174     -101.86  0.2412   20.000      -7999.97  0.0928   20.000       -200.79  0.1928   20.000       -117.39  0.2298   20.000
         86.9587      -96.71  0.2450   20.000      -7999.98  0.0928   20.000       -200.92  0.1928   20.000       -117.43  0.2297   20.000
         87.0000      -92.86  0.2485   20.000      -7999.97  0.0928   20.000       -201.04  0.1927   20.000       -117.47  0.2297   20.000
         87.0394      -90.14  0.2512   20.000      -7999.98  0.0928   20.000       -201.15  0.1927   20.000       -117.51  0.2297   20.000
         87.0787      -88.44  0.2529   20.000      -7999.97  0.0928   20.000       -201.27  0.1927   20.000       -117.55  0.2297   20.000
         87.1181      -87.65  0.2537   20.000      -7999.98  0.0928   20.000       -201.38  0.1926   20.000       -117.58  0.2296   20.000
         87.1575      -87.63  0.2537   20.000      -7999.98  0.0928   20.000       -201.50  0.1926   20.000       -117.62  0.2296   20.000
         87.1969      -88.26  0.2531   20.000      -7999.98  0.0928   20.000       -201.61  0.1926   20.000       -117.66  0.2296   20.000
         87.2362      -89.27  0.2521   20.000      -7999.98  0.0928   20.000       -201.73  0.1925   20.000       -117.70  0.2295   20.000
         87.2756      -90.55  0.2508   20.000      -7999.97  0.0928   20.000       -201.84  0.1925   20.000       -117.74  0.2295   20.000
         87.3150      -91.97  0.2494   20.000      -7999.98  0.0928   20.000       -201.96  0.1925   20.000       -117.78  0.2295   20.000
         87.3544      -93.48  0.2479   20.000      -7999.98  0.0928   20.000       -202.07  0.1924   20.000       -117.82  0.2295   20.000
         87.3937      -95.04  0.2463   20.000      -7999.97  0.0928   20.000       -202.19  0.1924   20.000       -117.85  0.2294   20.000
         87.4331      -96.80  0.2449   20.000      -7999.98  0.0928   20.000       -202.30  0.1924   20.000       -117.89  0.2294   20.000
         87.4725      -98.60  0.2436   20.000      -7999.97  0.0928   20.000       -202.41  0.1923   20.000       -117.93  0.2294   20.000
         87.5119     -100.38  0.2423   20.000      -7999.97  0.0928   20.000       -202.53  0.1923   20.000       -117.97  0.2293   20.000
         87.5512     -102.21  0.2409   20.000      -7999.98  0.0928   20.000       -202.64  0.1923   20.000       -118.01  0.2293   20.000
         87.5906     -104.06  0.2396   20.000      -7999.97  0.0928   20.000       -202.76  0.1923   20.000       -118.05  0.2293   20.000
         87.6418     -106.43  0.2378   20.000      -7999.97  0.0928   20.000       -202.90  0.1922   20.000       -118.10  0.2293   20.000
         87.6930     -108.77  0.2361   20.000      -7999.98  0.0928   20.000       -203.05  0.1922   20.000       -118.14  0.2292   20.000
         87.7441     -111.07  0.2344   20.000      -7999.98  0.0928   20.000       -203.20  0.1921   20.000       -118.19  0.2292   20.000
         87.7953     -113.38  0.2327   20.000      -7999.98  0.0928   20.000       -203.35  0.1921   20.000       -118.24  0.2291   20.000
         87.8465     -115.85  0.2309   20.000      -7999.98  0.0928   20.000       -203.49  0.1920   20.000       -118.29  0.2291   20.000
         87.8977     -118.31  0.2291   20.000      -7999.98  0.0928   20.000       -203.64  0.1920   20.000       -118.34  0.2291   20.000
         87.9488     -120.80  0.2273   20.000      -7999.97  0.0928   20.000       -203.79  0.1920   20.000       -118.39  0.2290   20.000
         88.0000     -123.56  0.2259   20.000      -7999.98  0.0928   20.000       -203.93  0.1919   20.000       -118.44  0.2290   20.000
         88.0665     -126.99  0.2240   20.000      -7999.97  0.0928   20.000       -204.12  0.1919   20.000       -118.51  0.2289   20.000
         88.1331     -130.45  0.2222   20.000      -7999.98  0.0928   20.000       -204.31  0.1918   20.000       -118.57  0.2289   20.000
         88.1996     -133.86  0.2203   20.000      -7999.98  0.0928   20.000       -204.50  0.1918   20.000       -118.64  0.2289   20.000
         88.2886     -138.46  0.2179   20.000      -7999.98  0.0928   20.000       -204.76  0.1917   20.000       -118.72  0.2288   20.000
         88.3775     -143.07  0.2154   20.000      -7999.98  0.0928   20.000       -205.02  0.1916   20.000       -118.81  0.2287   20.000
         88.4664     -147.85  0.2128   20.000      -7999.98  0.0928   20.000       -205.28  0.1916   20.000       -118.90  0.2287   20.000
         88.5553     -152.86  0.2103   20.000      -7999.98  0.0928   20.000       -205.54  0.1915   20.000       -118.98  0.2286   20.000
         88.6665     -159.69  0.2076   20.000      -7999.98  0.0928   20.000       -205.87  0.1914   20.000       -119.09  0.2285   20.000
         88.7777     -166.54  0.2050   20.000      -7999.97  0.0928   20.000       -206.20  0.1913   20.000       -119.20  0.2284   20.000
         88.8888     -173.34  0.2024   20.000      -7999.98  0.0928   20.000       -206.53  0.1912   20.000       -119.31  0.2284   20.000
         89.0000     -180.15  0.1997   20.000      -7999.98  0.0928   20.000       -206.86  0.1911   20.000       -119.41  0.2283   20.000
         89.1111     -187.10  0.1971   20.000      -7999.97  0.0928   20.000       -207.19  0.1910   20.000       -119.52  0.2282   20.000
         89.2222     -194.74  0.1945   20.000      -7999.98  0.0928   20.000       -207.52  0.1909   20.000       -119.63  0.2281   20.000
         89.3333     -203.36  0.1921   20.000      -7999.97  0.0928   20.000       -207.84  0.1909   20.000       -119.73  0.2280   20.000
         89.4444     -211.91  0.1897   20.000      -7999.98  0.0928   20.000       -208.17  0.1908   20.000       -119.84  0.2280   20.000
         89.5556     -220.35  0.1874   20.000      -7999.98  0.0928   20.000       -208.49  0.1907   20.000       -119.95  0.2279   20.000
         89.6667     -228.73  0.1851   20.000      -7999.98  0.0928   20.000       -208.81  0.1906   20.000       -120.06  0.2278   20.000
         89.7778     -237.27  0.1828   20.000      -7999.98  0.0928   20.000       -209.13  0.1905   20.000       -120.17  0.2277   20.000
         89.8889     -247.08  0.1805   20.000      -7999.97  0.0928   20.000       -209.45  0.1904   20.000       -120.27  0.2277   20.000
         90.0000     -258.42  0.1783   20.000      -7999.98  0.0928   20.000       -209.77  0.1903   20.000       -120.38  0.2276   20.000
         90.0010     -258.53  0.1783   20.000      -7999.98  0.0928   20.000       -209.77  0.1903   20.000       -120.38  0.2276   20.000
         90.0020     -258.63  0.1782   20.000      -7999.98  0.0928   20.000       -209.77  0.1903   20.000       -120.38  0.2276   20.000
         90.0033     -258.76  0.1782   20.000      -7999.98  0.0928   20.000       -209.78  0.1903   20.000       -120.38  0.2276   20.000
         90.0046     -258.89  0.1782   20.000      -7999.98  0.0928   20.000       -209.78  0.1903   20.000       -120.38  0.2276   20.000
         90.0063     -259.06  0.1782   20.000      -7999.98  0.0928   20.000       -209.79  0.1903   20.000       -120.38  0.2276   20.000
         90.0080     -259.23  0.1781   20.000      -7999.98  0.0928   20.000       -209.79  0.1903   20.000       -120.39  0.2276   20.000
         90.0102     -259.45  0.1781   20.000      -7999.98  0.0928   20.000       -209.80  0.1903   20.000       -120.39  0.2276   20.000
         90.0130     -259.74  0.1780   20.000      -7999.98  0.0928   20.000       -209.80  0.1903   20.000       -120.39  0.2276   20.000
         90.0159     -260.03  0.1780   20.000      -7999.98  0.0928   20.000       -209.81  0.1903   20.000       -120.39  0.2276   20.000
         90.0187     -260.32  0.1779   20.000      -7999.98  0.0928   20.000       -209.82  0.1903   20.000       -120.40  0.2276   20.000
         90.0225     -260.69  0.1778   20.000      -7999.98  0.0928   20.000       -209.83  0.1903   20.000       -120.40  0.2276   20.000
         90.0262     -261.06  0.1778   20.000      -7999.98  0.0928   20.000       -209.84  0.1903   20.000       -120.40  0.2276   20.000
         90.0310     -261.55  0.1777   20.000      -7999.98  0.0928   20.000       -209.86  0.1903   20.000       -120.41  0.2276   20.000
         90.0358     -262.03  0.1776   20.000      -7999.98  0.0928   20.000       -209.87  0.1903   20.000       -120.41  0.2275   20.000
         90.0421     -262.66  0.1775   20.000      -7999.98  0.0928   20.000       -209.89  0.1903   20.000       -120.42  0.2275   20.000
         90.0484     -263.29  0.1773   20.000      -7999.98  0.0928   20.000       -209.91  0.1903   20.000       -120.42  0.2275   20.000
         90.0546     -263.92  0.1772   20.000      -7999.98  0.0928   20.000       -209.92  0.1903   20.000       -120.43  0.2275   20.000
         90.0609     -264.54  0.1771   20.000      -7999.98  0.0928   20.000       -209.94  0.1903   20.000       -120.44  0.2275   20.000
         90.0672     -265.17  0.1770   20.000      -7999.98  0.0928   20.000       -209.96  0.1903   20.000       -120.44  0.2275   20.000
         90.0735     -265.79  0.1769   20.000      -7999.98  0.0928   20.000       -209.98  0.1903   20.000       -120.45  0.2275   20.000
         90.0797     -266.41  0.1767   20.000      -7999.98  0.0928   20.000       -209.99  0.1903   20.000       -120.46  0.2275   20.000
         90.0879     -267.22  0.1766   20.000      -7999.98  0.0928   20.000       -210.02  0.1903   20.000       -120.46  0.2275   20.000
         90.0961     -268.03  0.1764   20.000      -7999.98  0.0928   20.000       -210.04  0.1903   20.000       -120.47  0.2275   20.000
         90.1042     -268.84  0.1763   20.000      -7999.98  0.0928   20.000       -210.06  0.1902   20.000       -120.48  0.2275   20.000
         90.1148     -269.88  0.1761   20.000      -7999.97  0.0928   20.000       -210.09  0.1902   20.000       -120.49  0.2275   20.000
         90.1254     -270.93  0.1759   20.000      -7999.98  0.0928   20.000       -210.12  0.1902   20.000       -120.50  0.2275   20.000
         90.1360     -271.97  0.1757   20.000      -7999.98  0.0928   20.000       -210.15  0.1902   20.000       -120.52  0.2275   20.000
         90.1498     -273.32  0.1754   20.000      -7999.98  0.0928   20.000       -210.19  0.1902   20.000       -120.53  0.2275   20.000
         90.1636     -274.66  0.1751   20.000      -7999.97  0.0928   20.000       -210.23  0.1902   20.000       -120.54  0.2275   20.000
         90.1774     -276.00  0.1749   20.000      -7999.98  0.0928   20.000       -210.27  0.1902   20.000       -120.56  0.2275   20.000
         90.1912     -277.34  0.1746   20.000      -7999.98  0.0928   20.000       -210.31  0.1902   20.000       -120.57  0.2275   20.000
         90.2050     -278.68  0.1744   20.000      -7999.97  0.0928   20.000       -210.35  0.1902   20.000       -120.58  0.2274   20.000
         90.2187     -280.01  0.1741   20.000      -7999.98  0.0928   20.000       -210.39  0.1902   20.000       -120.60  0.2274   20.000
         90.2325     -281.34  0.1738   20.000      -7999.98  0.0928   20.000       -210.43  0.1901   20.000       -120.61  0.2274   20.000
         90.2505     -283.06  0.1735   20.000      -7999.98  0.0928   20.000       -210.48  0.1901   20.000       -120.63  0.2274   20.000
         90.2684     -284.78  0.1732   20.000      -7999.97  0.0928   20.000       -210.53  0.1901   20.000       -120.65  0.2274   20.000
         90.2863     -286.50  0.1728   20.000      -7999.98  0.0928   20.000       -210.58  0.1901   20.000       -120.66  0.2274   20.000
         90.3042     -288.21  0.1725   20.000      -7999.98  0.0928   20.000       -210.63  0.1901   20.000       -120.68  0.2274   20.000
         90.3221     -289.92  0.1722   20.000      -7999.97  0.0928   20.000       -210.68  0.1901   20.000       -120.70  0.2274   20.000
         90.3401     -291.63  0.1718   20.000      -7999.98  0.0928   20.000       -210.73  0.1901   20.000       -120.72  0.2274   20.000
         90.3580     -293.34  0.1715   20.000      -7999.98  0.0928   20.000       -210.78  0.1900   20.000       -120.73  0.2274   20.000
         90.3759     -295.05  0.1712   20.000      -7999.98  0.0928   20.000       -210.83  0.1900   20.000       -120.75  0.2274   20.000
         90.3992     -297.28  0.1707   20.000      -7999.97  0.0928   20.000       -210.90  0.1900   20.000       -120.77  0.2273   20.000
         90.4295     -300.23  0.1702   20.000      -7999.98  0.0928   20.000       -210.98  0.1900   20.000       -120.80  0.2273   20.000
         90.4598     -303.26  0.1696   20.000      -7999.98  0.0928   20.000       -211.07  0.1900   20.000       -120.83  0.2273   20.000
         90.4810     -305.40  0.1692   20.000      -7999.98  0.0928   20.000       -211.13  0.1900   20.000       -120.85  0.2273   20.000
         90.5022     -308.29  0.1688   20.000      -7999.97  0.0928   20.000       -211.19  0.1899   20.000       -120.87  0.2273   20.000
         90.5297     -311.84  0.1683   20.000      -7999.98  0.0928   20.000       -211.26  0.1899   20.000       -120.90  0.2273   20.000
         90.5656     -316.32  0.1677   20.000      -7999.98  0.0928   20.000       -211.36  0.1899   20.000       -120.93  0.2273   20.000
         90.6014     -320.57  0.1671   20.000      -7999.98  0.0928   20.000       -211.46  0.1899   20.000       -120.97  0.2272   20.000
         90.6372     -324.53  0.1666   20.000      -7999.98  0.0928   20.000       -211.56  0.1898   20.000       -121.00  0.2272   20.000
         90.6735     -328.16  0.1661   20.000      -7999.98  0.0928   20.000       -211.67  0.1898   20.000       -121.03  0.2272   20.000
         90.7098     -331.30  0.1656   20.000      -7999.97  0.0928   20.000       -211.77  0.1898   20.000       -121.07  0.2272   20.000
         90.7461     -333.79  0.1653   20.000      -7999.98  0.0928   20.000       -211.87  0.1897   20.000       -121.10  0.2272   20.000
         90.7823     -335.44  0.1651   20.000      -7999.98  0.0928   20.000       -211.97  0.1897   20.000       -121.14  0.2272   20.000
         90.8186     -336.07  0.1650   20.000      -7999.97  0.0928   20.000       -212.07  0.1897   20.000       -121.17  0.2271   20.000
         90.8549     -335.59  0.1650   20.000      -7999.97  0.0928   20.000       -212.18  0.1897   20.000       -121.20  0.2271   20.000
         90.8912     -333.66  0.1653   20.000      -7999.98  0.0928   20.000       -212.28  0.1896   20.000       -121.24  0.2271   20.000
         90.9274     -329.94  0.1658   20.000      -7999.97  0.0928   20.000       -212.38  0.1896   20.000       -121.28  0.2271   20.000
         90.9637     -324.24  0.1666   20.000      -7999.98  0.0928   20.000       -212.48  0.1896   20.000       -121.31  0.2271   20.000
         91.0000     -316.75  0.1676   20.000      -7999.98  0.0928   20.000       -212.58  0.1896   20.000       -121.35  0.2270   20.000
         91.0466     -305.03  0.1692   20.000      -7999.98  0.0928   20.000       -212.71  0.1895   20.000       -121.39  0.2270   20.000
         91.0932     -293.66  0.1714   20.000      -7999.98  0.0928   20.000       -212.83  0.1895   20.000       -121.44  0.2270   20.000
         91.1397     -281.26  0.1739   20.000      -7999.98  0.0928   20.000       -212.96  0.1894   20.000       -121.48  0.2270   20.000
         91.1863     -269.38  0.1762   20.000      -7999.98  0.0928   20.000       -213.09  0.1894   20.000       -121.53  0.2269   20.000
         91.2329     -258.87  0.1782   20.000      -7999.98  0.0928   20.000       -213.21  0.1894   20.000       -121.57  0.2269   20.000
         91.2795     -250.10  0.1799   20.000      -7999.98  0.0928   20.000       -213.34  0.1893   20.000       -121.62  0.2269   20.000
         91.3261     -243.11  0.1813   20.000      -7999.98  0.0928   20.000       -213.46  0.1893   20.000       -121.66  0.2269   20.000
         91.3866     -238.19  0.1825   20.000      -7999.98  0.0928   20.000       -213.63  0.1893   20.000       -121.72  0.2268   20.000
         91.4479     -235.15  0.1834   20.000      -7999.98  0.0928   20.000       -213.79  0.1892   20.000       -121.78  0.2268   20.000
         91.5093     -233.44  0.1838   20.000      -7999.98  0.0928   20.000       -213.96  0.1892   20.000       -121.83  0.2268   20.000
         91.5911     -232.84  0.1840   20.000      -7999.97  0.0928   20.000       -214.19  0.1891   20.000       -121.91  0.2267   20.000
         91.6729     -233.58  0.1838   20.000      -7999.97  0.0928   20.000       -214.41  0.1891   20.000       -121.99  0.2267   20.000
         91.7546     -235.36  0.1833   20.000      -7999.98  0.0928   20.000       -214.63  0.1890   20.000       -122.07  0.2267   20.000
         91.8773     -239.71  0.1821   20.000      -7999.98  0.0928   20.000       -214.97  0.1889   20.000       -122.18  0.2266   20.000
         92.0000     -246.00  0.1807   20.000      -7999.98  0.0928   20.000       -215.31  0.1888   20.000       -122.30  0.2265   20.000
         92.1250     -253.72  0.1792   20.000      -7999.97  0.0928   20.000       -215.65  0.1887   20.000       -122.42  0.2265   20.000
         92.3000     -265.24  0.1770   20.000      -7999.98  0.0928   20.000       -216.12  0.1886   20.000       -122.58  0.2264   20.000
         92.4750     -278.17  0.1745   20.000      -7999.99  0.0928   20.000       -216.58  0.1885   20.000       -122.75  0.2263   20.000
         92.6500     -292.45  0.1717   20.000      -8000.00  0.0928   20.000       -217.04  0.1883   20.000       -122.91  0.2262   20.000
         92.8250     -307.78  0.1688   20.000      -7999.99  0.0928   20.000       -217.50  0.1882   20.000       -123.08  0.2261   20.000
         93.0000     -326.45  0.1663   20.000      -7999.99  0.0928   20.000       -217.96  0.1881   20.000       -123.24  0.2260   20.000
         93.1667     -344.31  0.1638   20.000      -7999.99  0.0928   20.000       -218.39  0.1880   20.000       -123.40  0.2259   20.000
         93.3333     -363.16  0.1613   20.000      -7999.99  0.0928   20.000       -218.82  0.1878   20.000       -123.55  0.2259   20.000
         93.5000     -383.02  0.1586   20.000      -7999.99  0.0928   20.000       -219.25  0.1877   20.000       -123.71  0.2258   20.000
         93.6667     -407.37  0.1561   20.000      -7999.99  0.0928   20.000       -219.67  0.1876   20.000       -123.87  0.2257   20.000
         93.7778     -424.05  0.1545   20.000      -7999.99  0.0928   20.000       -219.95  0.1875   20.000       -123.97  0.2256   20.000
         94.0000     -457.91  0.1513   20.000      -7999.99  0.0928   20.000       -220.51  0.1874   20.000       -124.18  0.2255   20.000
         94.0007     -458.01  0.1513   20.000      -7999.99  0.0928   20.000       -220.51  0.1874   20.000       -124.18  0.2255   20.000
         94.0016     -458.13  0.1513   20.000      -7999.99  0.0928   20.000       -220.51  0.1874   20.000       -124.18  0.2255   20.000
         94.0025     -458.25  0.1512   20.000      -7999.99  0.0928   20.000       -220.51  0.1874   20.000       -124.18  0.2255   20.000
         94.0037     -458.41  0.1512   20.000      -7999.99  0.0928   20.000       -220.52  0.1874   20.000       -124.18  0.2255   20.000
         94.0049     -458.57  0.1512   20.000      -7999.99  0.0928   20.000       -220.52  0.1874   20.000       -124.18  0.2255   20.000
         94.0061     -458.73  0.1512   20.000      -7999.99  0.0928   20.000       -220.52  0.1874   20.000       -124.18  0.2255   20.000
         94.0076     -458.93  0.1512   20.000      -7999.99  0.0928   20.000       -220.53  0.1874   20.000       -124.18  0.2255   20.000
         94.0091     -459.14  0.1512   20.000      -7999.99  0.0928   20.000       -220.53  0.1874   20.000       -124.18  0.2255   20.000
         94.0107     -459.35  0.1511   20.000      -7999.99  0.0928   20.000       -220.53  0.1874   20.000       -124.19  0.2255   20.000
         94.0122     -459.55  0.1511   20.000      -7999.99  0.0928   20.000       -220.54  0.1874   20.000       -124.19  0.2255   20.000
         94.0138     -459.76  0.1511   20.000      -7999.99  0.0928   20.000       -220.54  0.1874   20.000       -124.19  0.2255   20.000
         94.0153     -459.97  0.1511   20.000      -7999.99  0.0928   20.000       -220.54  0.1874   20.000       -124.19  0.2255   20.000
         94.0173     -460.24  0.1511   20.000      -7999.99  0.0928   20.000       -220.55  0.1874   20.000       -124.19  0.2255   20.000
         94.0193     -460.51  0.1510   20.000      -7999.99  0.0928   20.000       -220.55  0.1874   20.000       -124.19  0.2255   20.000
         94.0213     -460.78  0.1510   20.000      -7999.99  0.0928   20.000       -220.56  0.1874   20.000       -124.20  0.2255   20.000
         94.0239     -461.13  0.1510   20.000      -7999.99  0.0928   20.000       -220.57  0.1874   20.000       -124.20  0.2255   20.000
         94.0265     -461.48  0.1509   20.000      -7999.99  0.0928   20.000       -220.57  0.1874   20.000       -124.20  0.2255   20.000
         94.0299     -461.94  0.1509   20.000      -7999.99  0.0928   20.000       -220.58  0.1874   20.000       -124.20  0.2255   20.000
         94.0332     -462.40  0.1509   20.000      -7999.99  0.0928   20.000       -220.59  0.1874   20.000       -124.21  0.2255   20.000
         94.0366     -462.86  0.1508   20.000      -7999.99  0.0928   20.000       -220.60  0.1874   20.000       -124.21  0.2255   20.000
         94.0410     -463.46  0.1507   20.000      -7999.99  0.0928   20.000       -220.61  0.1874   20.000       -124.21  0.2255   20.000
         94.0454     -464.07  0.1507   20.000      -7999.99  0.0928   20.000       -220.62  0.1873   20.000       -124.22  0.2255   20.000
         94.0498     -464.67  0.1506   20.000      -7999.99  0.0928   20.000       -220.63  0.1873   20.000       -124.22  0.2255   20.000
         94.0542     -465.28  0.1506   20.000      -7999.99  0.0928   20.000       -220.64  0.1873   20.000       -124.23  0.2255   20.000
         94.0586     -465.88  0.1505   20.000      -7999.99  0.0928   20.000       -220.65  0.1873   20.000       -124.23  0.2255   20.000
         94.0643     -466.67  0.1504   20.000      -7999.99  0.0928   20.000       -220.67  0.1873   20.000       -124.24  0.2255   20.000
         94.0700     -467.47  0.1504   20.000      -7999.99  0.0928   20.000       -220.68  0.1873   20.000       -124.24  0.2255   20.000
         94.0757     -468.26  0.1503   20.000      -7999.99  0.0928   20.000       -220.69  0.1873   20.000       -124.25  0.2255   20.000
         94.0814     -469.06  0.1502   20.000      -7999.99  0.0928   20.000       -220.71  0.1873   20.000       -124.25  0.2255   20.000
         94.0871     -469.85  0.1501   20.000      -7999.99  0.0928   20.000       -220.72  0.1873   20.000       -124.26  0.2255   20.000
         94.0946     -470.89  0.1500   20.000      -7999.99  0.0928   20.000       -220.74  0.1873   20.000       -124.26  0.2255   20.000
         94.1020     -471.93  0.1499   20.000      -7999.99  0.0928   20.000       -220.76  0.1873   20.000       -124.27  0.2255   20.000
         94.1094     -472.98  0.1498   20.000      -7999.99  0.0928   20.000       -220.77  0.1873   20.000       -124.28  0.2255   20.000
         94.1168     -474.02  0.1497   20.000      -7999.99  0.0928   20.000       -220.79  0.1873   20.000       -124.28  0.2255   20.000
         94.1265     -475.38  0.1496   20.000      -7999.99  0.0928   20.000       -220.82  0.1873   20.000       -124.29  0.2255   20.000
         94.1361     -476.75  0.1495   20.000      -7999.99  0.0928   20.000       -220.84  0.1873   20.000       -124.30  0.2255   20.000
         94.1458     -478.11  0.1493   20.000      -7999.99  0.0928   20.000       -220.86  0.1873   20.000       -124.31  0.2255   20.000
         94.1554     -479.48  0.1492   20.000      -7999.99  0.0928   20.000       -220.89  0.1873   20.000       -124.32  0.2254   20.000
         94.1651     -480.85  0.1491   20.000      -7999.99  0.0928   20.000       -220.91  0.1873   20.000       -124.33  0.2254   20.000
         94.1747     -482.22  0.1490   20.000      -7999.99  0.0928   20.000       -220.93  0.1873   20.000       -124.34  0.2254   20.000
         94.1844     -483.59  0.1488   20.000      -7999.99  0.0928   20.000       -220.95  0.1873   20.000       -124.35  0.2254   20.000
         94.1969     -485.37  0.1486   20.000      -7999.99  0.0928   20.000       -220.98  0.1872   20.000       -124.36  0.2254   20.000
         94.2095     -487.52  0.1485   20.000      -7999.99  0.0928   20.000       -221.01  0.1872   20.000       -124.37  0.2254   20.000
         94.2220     -490.01  0.1483   20.000      -7999.99  0.0928   20.000       -221.04  0.1872   20.000       -124.38  0.2254   20.000
         94.2346     -492.45  0.1481   20.000      -7999.99  0.0928   20.000       -221.07  0.1872   20.000       -124.39  0.2254   20.000
         94.2509     -495.58  0.1479   20.000      -7999.99  0.0928   20.000       -221.11  0.1872   20.000       -124.41  0.2254   20.000
         94.2672     -498.66  0.1477   20.000      -7999.99  0.0928   20.000       -221.15  0.1872   20.000       -124.42  0.2254   20.000
         94.2835     -501.70  0.1475   20.000      -7999.99  0.0928   20.000       -221.19  0.1872   20.000       -124.44  0.2254   20.000
         94.2998     -504.70  0.1473   20.000      -7999.99  0.0928   20.000       -221.23  0.1872   20.000       -124.45  0.2254   20.000
         94.3161     -507.67  0.1471   20.000      -7999.99  0.0928   20.000       -221.27  0.1872   20.000       -124.47  0.2254   20.000
         94.3373     -511.49  0.1469   20.000      -7999.99  0.0928   20.000       -221.32  0.1872   20.000       -124.49  0.2254   20.000
         94.3585     -515.27  0.1466   20.000      -7999.99  0.0928   20.000       -221.37  0.1871   20.000       -124.51  0.2253   20.000
         94.3797     -519.05  0.1464   20.000      -7999.99  0.0928   20.000       -221.42  0.1871   20.000       -124.53  0.2253   20.000
         94.4073     -523.97  0.1460   20.000      -7999.99  0.0928   20.000       -221.48  0.1871   20.000       -124.55  0.2253   20.000
         94.4348     -528.91  0.1457   20.000      -7999.99  0.0928   20.000       -221.54  0.1871   20.000       -124.58  0.2253   20.000
         94.4624     -533.85  0.1454   20.000      -7999.99  0.0928   20.000       -221.61  0.1871   20.000       -124.61  0.2253   20.000
         94.4900     -538.79  0.1450   20.000      -7999.99  0.0928   20.000       -221.67  0.1871   20.000       -124.63  0.2253   20.000
         94.5093     -542.25  0.1448   20.000      -7999.99  0.0928   20.000       -221.72  0.1870   20.000       -124.65  0.2253   20.000
         94.5285     -545.71  0.1446   20.000      -7999.99  0.0928   20.000       -221.76  0.1870   20.000       -124.67  0.2253   20.000
         94.5478     -549.16  0.1443   20.000      -7999.99  0.0928   20.000       -221.80  0.1870   20.000       -124.68  0.2253   20.000
         94.5671     -552.62  0.1441   20.000      -7999.99  0.0928   20.000       -221.85  0.1870   20.000       -124.70  0.2252   20.000
         94.5922     -557.11  0.1438   20.000      -7999.99  0.0928   20.000       -221.91  0.1870   20.000       -124.72  0.2252   20.000
         94.6248     -562.95  0.1434   20.000      -7999.99  0.0928   20.000       -221.98  0.1870   20.000       -124.75  0.2252   20.000
         94.6574     -568.76  0.1430   20.000      -7999.99  0.0928   20.000       -222.06  0.1870   20.000       -124.79  0.2252   20.000
         94.6900     -574.59  0.1426   20.000      -7999.99  0.0928   20.000       -222.13  0.1869   20.000       -124.82  0.2252   20.000
         94.7210     -580.22  0.1423   20.000      -7999.99  0.0928   20.000       -222.20  0.1869   20.000       -124.84  0.2252   20.000
         94.7520     -585.90  0.1419   20.000      -7999.99  0.0928   20.000       -222.27  0.1869   20.000       -124.87  0.2251   20.000
         94.7934     -593.51  0.1414   20.000      -7999.99  0.0928   20.000       -222.36  0.1869   20.000       -124.91  0.2251   20.000
         94.8347     -601.11  0.1409   20.000      -7999.99  0.0928   20.000       -222.46  0.1868   20.000       -124.95  0.2251   20.000
         94.8760     -608.63  0.1404   20.000      -7999.99  0.0928   20.000       -222.55  0.1868   20.000       -124.99  0.2251   20.000
         94.9173     -616.88  0.1399   20.000      -7999.99  0.0928   20.000       -222.64  0.1868   20.000       -125.02  0.2251   20.000
         94.9587     -626.53  0.1394   20.000      -7999.99  0.0928   20.000       -222.74  0.1868   20.000       -125.06  0.2250   20.000
         95.0000     -635.26  0.1390   20.000      -7999.99  0.0928   20.000       -222.83  0.1867   20.000       -125.10  0.2250   20.000
         95.0010     -635.47  0.1390   20.000      -7999.99  0.0928   20.000       -222.83  0.1867   20.000       -125.10  0.2250   20.000
         95.0023     -635.74  0.1390   20.000      -7999.99  0.0928   20.000       -222.84  0.1867   20.000       -125.10  0.2250   20.000
         95.0040     -636.09  0.1390   20.000      -7999.99  0.0928   20.000       -222.84  0.1867   20.000       -125.10  0.2250   20.000
         95.0062     -636.54  0.1389   20.000      -7999.99  0.0928   20.000       -222.84  0.1867   20.000       -125.11  0.2250   20.000
         95.0090     -637.13  0.1389   20.000      -7999.99  0.0928   20.000       -222.85  0.1867   20.000       -125.11  0.2250   20.000
         95.0128     -637.88  0.1389   20.000      -7999.99  0.0928   20.000       -222.86  0.1867   20.000       -125.11  0.2250   20.000
         95.0176     -638.84  0.1388   20.000      -7999.99  0.0928   20.000       -222.87  0.1867   20.000       -125.12  0.2250   20.000
         95.0239     -640.07  0.1388   20.000      -7999.99  0.0928   20.000       -222.88  0.1867   20.000       -125.12  0.2250   20.000
         95.0320     -641.62  0.1387   20.000      -7999.99  0.0928   20.000       -222.90  0.1867   20.000       -125.13  0.2250   20.000
         95.0426     -643.55  0.1386   20.000      -7999.99  0.0928   20.000       -222.93  0.1867   20.000       -125.14  0.2250   20.000
         95.0564     -645.90  0.1385   20.000      -7999.99  0.0928   20.000       -222.96  0.1867   20.000       -125.15  0.2250   20.000
         95.0743     -648.67  0.1384   20.000      -7999.99  0.0928   20.000       -223.00  0.1867   20.000       -125.17  0.2250   20.000
         95.0922     -651.06  0.1383   20.000      -7999.99  0.0928   20.000       -223.04  0.1867   20.000       -125.19  0.2250   20.000
         95.1155     -653.40  0.1382   20.000      -7999.99  0.0928   20.000       -223.10  0.1867   20.000       -125.21  0.2250   20.000
         95.1458     -654.98  0.1381   20.000      -7999.99  0.0928   20.000       -223.17  0.1866   20.000       -125.24  0.2250   20.000
         95.1761     -654.55  0.1381   20.000      -7999.99  0.0928   20.000       -223.24  0.1866   20.000       -125.26  0.2249   20.000
         95.2064     -651.86  0.1382   20.000      -7999.99  0.0928   20.000       -223.31  0.1866   20.000       -125.29  0.2249   20.000
         95.2458     -643.92  0.1386   20.000      -7999.99  0.0928   20.000       -223.40  0.1866   20.000       -125.33  0.2249   20.000
         95.2852     -630.55  0.1392   20.000      -7999.99  0.0928   20.000       -223.50  0.1866   20.000       -125.36  0.2249   20.000
         95.3245     -612.57  0.1401   20.000      -7999.99  0.0928   20.000       -223.59  0.1865   20.000       -125.40  0.2249   20.000
         95.3757     -590.41  0.1416   20.000      -7999.99  0.0928   20.000       -223.71  0.1865   20.000       -125.45  0.2248   20.000
         95.4451     -550.77  0.1442   20.000      -7999.99  0.0928   20.000       -223.87  0.1865   20.000       -125.51  0.2248   20.000
         95.5144     -508.72  0.1471   20.000      -7999.99  0.0928   20.000       -224.03  0.1864   20.000       -125.57  0.2248   20.000
         95.5838     -472.46  0.1499   20.000      -7999.99  0.0928   20.000       -224.19  0.1864   20.000       -125.64  0.2247   20.000
         95.6532     -441.75  0.1528   20.000      -7999.99  0.0928   20.000       -224.36  0.1863   20.000       -125.70  0.2247   20.000
         95.7225     -411.86  0.1557   20.000      -7999.99  0.0928   20.000       -224.52  0.1863   20.000       -125.76  0.2247   20.000
         95.7919     -384.50  0.1583   20.000      -7999.99  0.0928   20.000       -224.68  0.1862   20.000       -125.83  0.2246   20.000
         95.8960     -358.61  0.1619   20.000      -7999.99  0.0928   20.000       -224.92  0.1862   20.000       -125.92  0.2246   20.000
         96.0000     -335.26  0.1651   20.000      -7999.99  0.0928   20.000       -225.16  0.1861   20.000       -126.02  0.2245   20.000
         96.0865     -317.84  0.1675   20.000      -7999.99  0.0928   20.000       -225.37  0.1860   20.000       -126.10  0.2245   20.000
         96.1730     -304.10  0.1694   20.000      -7999.99  0.0928   20.000       -225.57  0.1860   20.000       -126.17  0.2245   20.000
         96.2557     -296.08  0.1710   20.000      -7999.99  0.0928   20.000       -225.76  0.1859   20.000       -126.25  0.2244   20.000
         96.3384     -290.01  0.1721   20.000      -7999.99  0.0928   20.000       -225.95  0.1859   20.000       -126.32  0.2244   20.000
         96.4211     -285.69  0.1730   20.000      -7999.99  0.0928   20.000       -226.14  0.1858   20.000       -126.40  0.2243   20.000
         96.5038     -283.60  0.1734   20.000      -7999.99  0.0928   20.000       -226.33  0.1858   20.000       -126.47  0.2243   20.000
         96.5865     -283.32  0.1734   20.000      -7999.99  0.0928   20.000       -226.51  0.1857   20.000       -126.55  0.2243   20.000
         96.6692     -284.44  0.1732   20.000      -7999.99  0.0928   20.000       -226.70  0.1857   20.000       -126.62  0.2242   20.000
         96.7519     -286.62  0.1728   20.000      -7999.99  0.0928   20.000       -226.89  0.1856   20.000       -126.70  0.2242   20.000
         96.8760     -291.35  0.1719   20.000      -7999.99  0.0928   20.000       -227.17  0.1855   20.000       -126.81  0.2241   20.000
         97.0000     -297.07  0.1708   20.000      -7999.99  0.0928   20.000       -227.45  0.1855   20.000       -126.92  0.2240   20.000
         97.1111     -302.82  0.1697   20.000      -7999.99  0.0928   20.000       -227.70  0.1854   20.000       -127.02  0.2240   20.000
         97.2222     -310.03  0.1685   20.000      -7999.99  0.0928   20.000       -227.95  0.1853   20.000       -127.12  0.2239   20.000
         97.3333     -318.27  0.1674   20.000      -7999.99  0.0928   20.000       -228.20  0.1853   20.000       -127.22  0.2239   20.000
         97.4444     -327.41  0.1662   20.000      -7999.99  0.0928   20.000       -228.45  0.1852   20.000       -127.32  0.2238   20.000
         97.5556     -337.25  0.1648   20.000      -7999.99  0.0928   20.000       -228.70  0.1851   20.000       -127.42  0.2238   20.000
         97.6667     -347.68  0.1634   20.000      -7999.99  0.0928   20.000       -228.94  0.1851   20.000       -127.52  0.2237   20.000
         97.8333     -363.96  0.1612   20.000      -7999.99  0.0928   20.000       -229.31  0.1850   20.000       -127.67  0.2236   20.000
         98.0000     -380.46  0.1589   20.000      -7999.99  0.0928   20.000       -229.68  0.1849   20.000       -127.82  0.2236   20.000
         98.1429     -397.09  0.1571   20.000      -7999.99  0.0928   20.000       -229.99  0.1848   20.000       -127.95  0.2235   20.000
         98.2857     -415.79  0.1553   20.000      -7999.99  0.0928   20.000       -230.31  0.1847   20.000       -128.08  0.2234   20.000
         98.4286     -435.41  0.1534   20.000      -8000.00  0.0928   20.000       -230.63  0.1846   20.000       -128.20  0.2234   20.000
         98.5714     -456.06  0.1515   20.000      -7999.99  0.0928   20.000       -230.95  0.1845   20.000       -128.33  0.2233   20.000
         98.6786     -471.80  0.1500   20.000      -8000.00  0.0928   20.000       -231.19  0.1844   20.000       -128.42  0.2232   20.000
         98.8393     -498.05  0.1478   20.000      -7999.99  0.0928   20.000       -231.55  0.1843   20.000       -128.57  0.2232   20.000
         99.0000     -527.91  0.1458   20.000      -7999.99  0.0928   20.000       -231.90  0.1842   20.000       -128.71  0.2231   20.000
         99.1250     -551.55  0.1442   20.000      -7999.99  0.0928   20.000       -232.18  0.1842   20.000       -128.82  0.2230   20.000
         99.3000     -582.26  0.1421   20.000      -7999.99  0.0928   20.000       -232.59  0.1841   20.000       -128.97  0.2229   20.000
         99.5333     -626.59  0.1394   20.000      -8000.00  0.0928   20.000       -233.13  0.1839   20.000       -129.18  0.2228   20.000
         99.7667     -679.59  0.1369   20.000      -7999.99  0.0928   20.000       -233.66  0.1838   20.000       -129.38  0.2227   20.000
        100.0000     -735.05  0.1343   20.000      -7999.99  0.0928   20.000       -234.18  0.1836   20.000       -129.59  0.2226   20.000
        100.2500     -801.33  0.1316   20.000      -7999.99  0.0928   20.000       -234.73  0.1835   20.000       -129.81  0.2225   20.000
        100.5000     -881.19  0.1290   20.000      -7999.99  0.0928   20.000       -235.28  0.1833   20.000       -130.03  0.2224   20.000
        100.7500     -962.71  0.1263   20.000      -7999.99  0.0928   20.000       -235.82  0.1832   20.000       -130.24  0.2223   20.000
        101.0000    -1067.08  0.1238   20.000      -8000.00  0.0928   20.000       -236.36  0.1830   20.000       -130.46  0.2222   20.000
        101.2500    -1178.15  0.1213   20.000      -7999.99  0.0928   20.000       -236.90  0.1829   20.000       -130.68  0.2220   20.000
        101.5000    -1321.89  0.1186   20.000      -7999.99  0.0928   20.000       -237.44  0.1827   20.000       -130.89  0.2219   20.000
        101.7500    -1486.70  0.1160   20.000      -7999.99  0.0928   20.000       -237.99  0.1826   20.000       -131.11  0.2218   20.000
        102.0000    -1684.84  0.1135   20.000      -7999.99  0.0928   20.000       -238.55  0.1824   20.000       -131.32  0.2217   20.000
        102.2500    -1907.15  0.1110   20.000      -7999.99  0.0928   20.000       -239.11  0.1823   20.000       -131.54  0.2216   20.000
        102.5000    -2146.70  0.1090   20.000      -7999.99  0.0928   20.000       -239.65  0.1821   20.000       -131.75  0.2215   20.000
        102.7500    -2400.67  0.1070   20.000      -7999.99  0.0928   20.000       -240.18  0.1820   20.000       -131.97  0.2213   20.000
        103.0000    -2715.66  0.1052   20.000      -7999.99  0.0928   20.000       -240.70  0.1818   20.000       -132.18  0.2212   20.000
        103.2500    -3043.08  0.1034   20.000      -7999.99  0.0928   20.000       -241.23  0.1817   20.000       -132.39  0.2211   20.000
        103.5000    -3468.72  0.1017   20.000      -7999.99  0.0928   20.000       -241.75  0.1815   20.000       -132.60  0.2210   20.000
        103.7500    -3892.85  0.1001   20.000      -7999.99  0.0928   20.000       -242.31  0.1814   20.000       -132.81  0.2209   20.000
        104.0000    -4421.87  0.0987   20.000      -7999.99  0.0928   20.000       -242.89  0.1813   20.000       -133.02  0.2208   20.000
        104.0010    -4422.05  0.0987   20.000      -7999.99  0.0928   20.000       -242.89  0.1813   20.000       -133.03  0.2208   20.000
        104.0020    -4423.81  0.0987   20.000      -7999.99  0.0928   20.000       -242.89  0.1813   20.000       -133.03  0.2208   20.000
        104.0033    -4425.80  0.0987   20.000      -7999.99  0.0928   20.000       -242.90  0.1813   20.000       -133.03  0.2208   20.000
        104.0046    -4427.94  0.0987   20.000      -7999.99  0.0928   20.000       -242.90  0.1813   20.000       -133.03  0.2208   20.000
        104.0063    -4430.69  0.0987   20.000      -7999.99  0.0928   20.000       -242.90  0.1813   20.000       -133.03  0.2208   20.000
        104.0080    -4433.45  0.0987   20.000      -7999.99  0.0928   20.000       -242.91  0.1813   20.000       -133.03  0.2208   20.000
        104.0097    -4436.20  0.0987   20.000      -7999.99  0.0928   20.000       -242.91  0.1813   20.000       -133.03  0.2208   20.000
        104.0114    -4438.96  0.0987   20.000      -7999.99  0.0928   20.000       -242.91  0.1813   20.000       -133.03  0.2208   20.000
        104.0136    -4442.54  0.0986   20.000      -7999.99  0.0928   20.000       -242.92  0.1813   20.000       -133.04  0.2208   20.000
        104.0158    -4446.12  0.0986   20.000      -7999.99  0.0928   20.000       -242.92  0.1813   20.000       -133.04  0.2208   20.000
        104.0180    -4449.69  0.0986   20.000      -7999.99  0.0928   20.000       -242.93  0.1813   20.000       -133.04  0.2208   20.000
        104.0201    -4453.25  0.0986   20.000      -7999.99  0.0928   20.000       -242.93  0.1813   20.000       -133.04  0.2208   20.000
        104.0230    -4457.89  0.0986   20.000      -7999.99  0.0928   20.000       -242.94  0.1813   20.000       -133.04  0.2208   20.000
        104.0259    -4462.52  0.0986   20.000      -7999.99  0.0928   20.000       -242.95  0.1813   20.000       -133.05  0.2208   20.000
        104.0296    -4468.52  0.0986   20.000      -7999.99  0.0928   20.000       -242.96  0.1813   20.000       -133.05  0.2208   20.000
        104.0333    -4474.52  0.0986   20.000      -7999.99  0.0928   20.000       -242.96  0.1813   20.000       -133.05  0.2208   20.000
        104.0370    -4480.51  0.0985   20.000      -7999.99  0.0928   20.000       -242.97  0.1813   20.000       -133.06  0.2208   20.000
        104.0407    -4486.49  0.0985   20.000      -7999.99  0.0928   20.000       -242.98  0.1813   20.000       -133.06  0.2208   20.000
        104.0444    -4492.46  0.0985   20.000      -7999.99  0.0928   20.000       -242.99  0.1813   20.000       -133.06  0.2208   20.000
        104.0481    -4498.42  0.0985   20.000      -7999.99  0.0928   20.000       -243.00  0.1813   20.000       -133.07  0.2208   20.000
        104.0519    -4504.36  0.0985   20.000      -7999.99  0.0928   20.000       -243.00  0.1813   20.000       -133.07  0.2208   20.000
        104.0567    -4512.08  0.0985   20.000      -7999.99  0.0928   20.000       -243.02  0.1813   20.000       -133.07  0.2208   20.000
        104.0615    -4519.79  0.0984   20.000      -7999.99  0.0928   20.000       -243.03  0.1813   20.000       -133.08  0.2207   20.000
        104.0663    -4527.47  0.0984   20.000      -7999.99  0.0928   20.000       -243.04  0.1813   20.000       -133.08  0.2207   20.000
        104.0726    -4537.44  0.0984   20.000      -7999.99  0.0928   20.000       -243.05  0.1813   20.000       -133.09  0.2207   20.000
        104.0789    -4547.39  0.0984   20.000      -7999.99  0.0928   20.000       -243.06  0.1813   20.000       -133.09  0.2207   20.000
        104.0852    -4557.30  0.0983   20.000      -7999.99  0.0928   20.000       -243.08  0.1813   20.000       -133.10  0.2207   20.000
        104.0914    -4567.19  0.0983   20.000      -7999.99  0.0928   20.000       -243.09  0.1813   20.000       -133.10  0.2207   20.000
        104.0996    -4580.01  0.0983   20.000      -7999.99  0.0928   20.000       -243.11  0.1813   20.000       -133.11  0.2207   20.000
        104.1077    -4592.78  0.0983   20.000      -7999.99  0.0928   20.000       -243.13  0.1813   20.000       -133.12  0.2207   20.000
        104.1159    -4605.50  0.0982   20.000      -7999.99  0.0928   20.000       -243.14  0.1813   20.000       -133.12  0.2207   20.000
        104.1265    -4621.99  0.0982   20.000      -7999.99  0.0928   20.000       -243.17  0.1812   20.000       -133.13  0.2207   20.000
        104.1371    -4638.40  0.0981   20.000      -7999.99  0.0928   20.000       -243.19  0.1812   20.000       -133.14  0.2207   20.000
        104.1477    -4654.72  0.0981   20.000      -7999.99  0.0928   20.000       -243.21  0.1812   20.000       -133.15  0.2207   20.000
        104.1583    -4670.97  0.0981   20.000      -7999.99  0.0928   20.000       -243.24  0.1812   20.000       -133.16  0.2207   20.000
        104.1689    -4687.14  0.0980   20.000      -7999.99  0.0928   20.000       -243.26  0.1812   20.000       -133.17  0.2207   20.000
        104.1795    -4703.23  0.0980   20.000      -7999.99  0.0928   20.000       -243.28  0.1812   20.000       -133.18  0.2207   20.000
        104.1901    -4719.25  0.0979   20.000      -7999.99  0.0928   20.000       -243.30  0.1812   20.000       -133.19  0.2207   20.000
        104.2007    -4735.19  0.0979   20.000      -7999.99  0.0928   20.000       -243.33  0.1812   20.000       -133.19  0.2207   20.000
        104.2113    -4751.05  0.0978   20.000      -7999.99  0.0928   20.000       -243.35  0.1812   20.000       -133.20  0.2207   20.000
        104.2219    -4766.84  0.0978   20.000      -7999.99  0.0928   20.000       -243.37  0.1812   20.000       -133.21  0.2207   20.000
        104.2357    -4787.27  0.0978   20.000      -7999.99  0.0928   20.000       -243.40  0.1812   20.000       -133.22  0.2207   20.000
        104.2495    -4807.57  0.0977   20.000      -7999.99  0.0928   20.000       -243.43  0.1812   20.000       -133.24  0.2207   20.000
        104.2633    -4827.74  0.0976   20.000      -7999.99  0.0928   20.000       -243.46  0.1812   20.000       -133.25  0.2207   20.000
        104.2771    -4847.79  0.0976   20.000      -7999.99  0.0928   20.000       -243.49  0.1812   20.000       -133.26  0.2207   20.000
        104.2909    -4867.71  0.0975   20.000      -7999.99  0.0928   20.000       -243.52  0.1812   20.000       -133.27  0.2206   20.000
        104.3047    -4887.51  0.0975   20.000      -7999.99  0.0928   20.000       -243.55  0.1812   20.000       -133.28  0.2206   20.000
        104.3184    -4907.17  0.0974   20.000      -7999.99  0.0928   20.000       -243.58  0.1812   20.000       -133.29  0.2206   20.000
        104.3364    -4932.60  0.0974   20.000      -7999.99  0.0928   20.000       -243.61  0.1812   20.000       -133.31  0.2206   20.000
        104.3543    -4957.81  0.0973   20.000      -7999.99  0.0928   20.000       -243.65  0.1812   20.000       -133.32  0.2206   20.000
        104.3722    -4985.34  0.0972   20.000      -7999.99  0.0928   20.000       -243.69  0.1811   20.000       -133.34  0.2206   20.000
        104.3901    -5020.95  0.0972   20.000      -7999.99  0.0928   20.000       -243.73  0.1811   20.000       -133.35  0.2206   20.000
        104.4081    -5056.10  0.0971   20.000      -7999.99  0.0928   20.000       -243.76  0.1811   20.000       -133.37  0.2206   20.000
        104.4260    -5090.84  0.0971   20.000      -7999.99  0.0928   20.000       -243.80  0.1811   20.000       -133.38  0.2206   20.000
        104.4439    -5125.17  0.0970   20.000      -7999.99  0.0928   20.000       -243.84  0.1811   20.000       -133.40  0.2206   20.000
        104.4618    -5159.07  0.0969   20.000      -7999.99  0.0928   20.000       -243.87  0.1811   20.000       -133.41  0.2206   20.000
        104.4797    -5192.58  0.0969   20.000      -7999.99  0.0928   20.000       -243.91  0.1811   20.000       -133.43  0.2206   20.000
        104.4977    -5225.67  0.0968   20.000      -7999.99  0.0928   20.000       -243.95  0.1811   20.000       -133.44  0.2206   20.000
        104.5156    -5258.38  0.0968   20.000      -7999.99  0.0928   20.000       -243.99  0.1811   20.000       -133.46  0.2205   20.000
        104.5335    -5290.69  0.0967   20.000      -7999.99  0.0928   20.000       -244.02  0.1811   20.000       -133.47  0.2205   20.000
        104.5514    -5322.62  0.0966   20.000      -7999.99  0.0928   20.000       -244.06  0.1811   20.000       -133.49  0.2205   20.000
        104.5694    -5354.15  0.0966   20.000      -7999.99  0.0928   20.000       -244.10  0.1811   20.000       -133.50  0.2205   20.000
        104.5926    -5394.69  0.0965   20.000      -7999.99  0.0928   20.000       -244.14  0.1811   20.000       -133.52  0.2205   20.000
        104.6159    -5434.58  0.0964   20.000      -7999.99  0.0928   20.000       -244.19  0.1811   20.000       -133.54  0.2205   20.000
        104.6462    -5485.68  0.0963   20.000      -7999.99  0.0928   20.000       -244.25  0.1810   20.000       -133.57  0.2205   20.000
        104.6765    -5535.74  0.0963   20.000      -7999.99  0.0928   20.000       -244.32  0.1810   20.000       -133.59  0.2205   20.000
        104.7068    -5584.80  0.0962   20.000      -7999.99  0.0928   20.000       -244.38  0.1810   20.000       -133.62  0.2205   20.000
        104.7361    -5631.35  0.0961   20.000      -7999.99  0.0928   20.000       -244.44  0.1810   20.000       -133.64  0.2204   20.000
        104.7654    -5677.00  0.0960   20.000      -7999.99  0.0928   20.000       -244.50  0.1810   20.000       -133.67  0.2204   20.000
        104.7948    -5721.76  0.0959   20.000      -7999.99  0.0928   20.000       -244.56  0.1810   20.000       -133.69  0.2204   20.000
        104.8241    -5765.66  0.0958   20.000      -7999.99  0.0928   20.000       -244.62  0.1810   20.000       -133.72  0.2204   20.000
        104.8534    -5808.72  0.0958   20.000      -7999.99  0.0928   20.000       -244.67  0.1810   20.000       -133.74  0.2204   20.000
        104.8827    -5850.95  0.0957   20.000      -7999.99  0.0928   20.000       -244.73  0.1809   20.000       -133.77  0.2204   20.000
        104.9120    -5892.35  0.0956   20.000      -7999.99  0.0928   20.000       -244.79  0.1809   20.000       -133.79  0.2204   20.000
        104.9414    -5932.98  0.0955   20.000      -7999.99  0.0928   20.000       -244.85  0.1809   20.000       -133.82  0.2204   20.000
        104.9707    -5972.81  0.0955   20.000      -7999.99  0.0928   20.000       -244.91  0.1809   20.000       -133.84  0.2203   20.000
        105.0000    -6011.90  0.0954   20.000      -7999.99  0.0928   20.000       -244.97  0.1809   20.000       -133.86  0.2203   20.000
        105.0303    -6051.50  0.0953   20.000      -7999.99  0.0928   20.000       -245.03  0.1809   20.000       -133.89  0.2203   20.000
        105.0606    -6091.02  0.0953   20.000      -7999.99  0.0928   20.000       -245.09  0.1809   20.000       -133.92  0.2203   20.000
        105.0909    -6129.75  0.0952   20.000      -7999.99  0.0928   20.000       -245.15  0.1809   20.000       -133.94  0.2203   20.000
        105.1211    -6167.71  0.0951   20.000      -7999.99  0.0928   20.000       -245.21  0.1809   20.000       -133.97  0.2203   20.000
        105.1514    -6204.89  0.0950   20.000      -7999.99  0.0928   20.000       -245.27  0.1808   20.000       -133.99  0.2203   20.000
        105.1817    -6241.32  0.0950   20.000      -7999.99  0.0928   20.000       -245.33  0.1808   20.000       -134.02  0.2202   20.000
        105.2120    -6277.03  0.0949   20.000      -7999.99  0.0928   20.000       -245.40  0.1808   20.000       -134.04  0.2202   20.000
        105.2514    -6341.32  0.0948   20.000      -7999.99  0.0928   20.000       -245.47  0.1808   20.000       -134.07  0.2202   20.000
        105.3026    -6422.60  0.0947   20.000      -7999.99  0.0928   20.000       -245.58  0.1808   20.000       -134.12  0.2202   20.000
        105.3538    -6500.27  0.0946   20.000      -7999.99  0.0928   20.000       -245.68  0.1808   20.000       -134.16  0.2202   20.000
        105.4049    -6574.10  0.0945   20.000      -7999.99  0.0928   20.000       -245.78  0.1807   20.000       -134.20  0.2201   20.000
        105.4561    -6644.31  0.0945   20.000      -7999.99  0.0928   20.000       -245.88  0.1807   20.000       -134.25  0.2201   20.000
        105.5073    -6710.96  0.0944   20.000      -7999.99  0.0928   20.000       -245.98  0.1807   20.000       -134.29  0.2201   20.000
        105.5777    -6798.31  0.0943   20.000      -7999.99  0.0928   20.000       -246.12  0.1807   20.000       -134.35  0.2201   20.000
        105.6481    -6879.67  0.0942   20.000      -7999.99  0.0928   20.000       -246.26  0.1806   20.000       -134.41  0.2200   20.000
        105.7185    -6955.51  0.0941   20.000      -7999.99  0.0928   20.000       -246.40  0.1806   20.000       -134.46  0.2200   20.000
        105.7888    -7026.21  0.0940   20.000      -7999.99  0.0928   20.000       -246.54  0.1806   20.000       -134.52  0.2200   20.000
        105.8592    -7092.02  0.0939   20.000      -7999.99  0.0928   20.000       -246.68  0.1806   20.000       -134.58  0.2199   20.000
        105.9296    -7153.58  0.0938   20.000      -7999.99  0.0928   20.000       -246.82  0.1805   20.000       -134.64  0.2199   20.000
        106.0000    -7210.84  0.0937   20.000      -7999.99  0.0928   20.000       -246.95  0.1805   20.000       -134.70  0.2199   20.000
        106.0865    -7276.52  0.0937   20.000      -7999.99  0.0928   20.000       -247.12  0.1805   20.000       -134.77  0.2198   20.000
        106.1730    -7331.32  0.0936   20.000      -7999.99  0.0928   20.000       -247.29  0.1804   20.000       -134.84  0.2198   20.000
        106.2557    -7379.76  0.0935   20.000      -7999.99  0.0928   20.000       -247.45  0.1804   20.000       -134.91  0.2198   20.000
        106.3384    -7424.70  0.0935   20.000      -7999.99  0.0928   20.000       -247.60  0.1804   20.000       -134.98  0.2197   20.000
        106.4211    -7466.37  0.0934   20.000      -7999.99  0.0928   20.000       -247.76  0.1804   20.000       -135.05  0.2197   20.000
        106.5038    -7505.07  0.0934   20.000      -7999.99  0.0928   20.000       -247.92  0.1803   20.000       -135.11  0.2197   20.000
        106.5865    -7540.91  0.0933   20.000      -7999.99  0.0928   20.000       -248.07  0.1803   20.000       -135.18  0.2196   20.000
        106.6899    -7582.47  0.0933   20.000      -7999.99  0.0928   20.000       -248.26  0.1803   20.000       -135.27  0.2196   20.000
        106.7933    -7619.86  0.0932   20.000      -7999.99  0.0928   20.000       -248.46  0.1802   20.000       -135.35  0.2195   20.000
        107.0000    -7689.10  0.0931   20.000      -8000.00  0.0928   20.000       -248.84  0.1801   20.000       -135.52  0.2194   20.000
        107.0010    -7689.38  0.0931   20.000      -7999.99  0.0928   20.000       -248.84  0.1801   20.000       -135.52  0.2194   20.000
        107.0020    -7689.66  0.0931   20.000      -7999.99  0.0928   20.000       -248.84  0.1801   20.000       -135.52  0.2194   20.000
        107.0033    -7690.01  0.0931   20.000      -7999.99  0.0928   20.000       -248.84  0.1801   20.000       -135.53  0.2194   20.000
        107.0046    -7690.37  0.0931   20.000      -7999.99  0.0928   20.000       -248.85  0.1801   20.000       -135.53  0.2194   20.000
        107.0059    -7690.72  0.0931   20.000      -7999.99  0.0928   20.000       -248.85  0.1801   20.000       -135.53  0.2194   20.000
        107.0072    -7691.08  0.0931   20.000      -7999.99  0.0928   20.000       -248.85  0.1801   20.000       -135.53  0.2194   20.000
        107.0085    -7691.44  0.0931   20.000      -7999.99  0.0928   20.000       -248.85  0.1801   20.000       -135.53  0.2194   20.000
        107.0098    -7691.79  0.0931   20.000      -7999.99  0.0928   20.000       -248.86  0.1801   20.000       -135.53  0.2194   20.000
        107.0111    -7692.15  0.0931   20.000      -7999.99  0.0928   20.000       -248.86  0.1801   20.000       -135.53  0.2194   20.000
        107.0124    -7692.50  0.0931   20.000      -7999.99  0.0928   20.000       -248.86  0.1801   20.000       -135.53  0.2194   20.000
        107.0137    -7692.86  0.0931   20.000      -7999.99  0.0928   20.000       -248.86  0.1801   20.000       -135.53  0.2194   20.000
        107.0154    -7693.32  0.0931   20.000      -7999.99  0.0928   20.000       -248.87  0.1801   20.000       -135.54  0.2194   20.000
        107.0171    -7693.78  0.0931   20.000      -7999.99  0.0928   20.000       -248.87  0.1801   20.000       -135.54  0.2194   20.000
        107.0188    -7694.23  0.0931   20.000      -7999.99  0.0928   20.000       -248.87  0.1801   20.000       -135.54  0.2194   20.000
        107.0205    -7694.69  0.0931   20.000      -7999.99  0.0928   20.000       -248.88  0.1801   20.000       -135.54  0.2194   20.000
        107.0221    -7695.15  0.0931   20.000      -7999.99  0.0928   20.000       -248.88  0.1801   20.000       -135.54  0.2194   20.000
        107.0243    -7695.74  0.0931   20.000      -7999.99  0.0928   20.000       -248.88  0.1801   20.000       -135.54  0.2194   20.000
        107.0265    -7696.33  0.0931   20.000      -7999.99  0.0928   20.000       -248.89  0.1801   20.000       -135.54  0.2194   20.000
        107.0287    -7696.92  0.0931   20.000      -7999.99  0.0928   20.000       -248.89  0.1801   20.000       -135.55  0.2194   20.000
        107.0309    -7697.51  0.0931   20.000      -7999.99  0.0928   20.000       -248.89  0.1801   20.000       -135.55  0.2194   20.000
        107.0331    -7698.09  0.0931   20.000      -7999.99  0.0928   20.000       -248.90  0.1801   20.000       -135.55  0.2194   20.000
        107.0360    -7698.86  0.0931   20.000      -7999.99  0.0928   20.000       -248.90  0.1801   20.000       -135.55  0.2194   20.000
        107.0388    -7699.62  0.0931   20.000      -7999.99  0.0928   20.000       -248.91  0.1801   20.000       -135.55  0.2194   20.000
        107.0417    -7700.38  0.0931   20.000      -7999.99  0.0928   20.000       -248.91  0.1801   20.000       -135.56  0.2194   20.000
        107.0446    -7701.14  0.0931   20.000      -7999.99  0.0928   20.000       -248.92  0.1801   20.000       -135.56  0.2194   20.000
        107.0483    -7702.12  0.0931   20.000      -7999.99  0.0928   20.000       -248.93  0.1801   20.000       -135.56  0.2194   20.000
        107.0520    -7703.10  0.0931   20.000      -7999.99  0.0928   20.000       -248.93  0.1801   20.000       -135.57  0.2194   20.000
        107.0557    -7704.07  0.0931   20.000      -7999.99  0.0928   20.000       -248.94  0.1801   20.000       -135.57  0.2194   20.000
        107.0594    -7705.04  0.0931   20.000      -7999.99  0.0928   20.000       -248.95  0.1801   20.000       -135.57  0.2194   20.000
        107.0642    -7706.30  0.0931   20.000      -7999.99  0.0928   20.000       -248.96  0.1801   20.000       -135.58  0.2194   20.000
        107.0691    -7707.55  0.0931   20.000      -7999.99  0.0928   20.000       -248.97  0.1801   20.000       -135.58  0.2194   20.000
        107.0739    -7708.80  0.0931   20.000      -7999.99  0.0928   20.000       -248.97  0.1801   20.000       -135.58  0.2194   20.000
        107.0787    -7710.05  0.0931   20.000      -7999.99  0.0928   20.000       -248.98  0.1801   20.000       -135.59  0.2194   20.000
        107.0835    -7711.29  0.0931   20.000      -7999.99  0.0928   20.000       -248.99  0.1801   20.000       -135.59  0.2194   20.000
        107.0884    -7712.52  0.0931   20.000      -7999.99  0.0928   20.000       -249.00  0.1801   20.000       -135.60  0.2194   20.000
        107.0946    -7714.12  0.0931   20.000      -7999.99  0.0928   20.000       -249.01  0.1801   20.000       -135.60  0.2194   20.000
        107.1009    -7715.71  0.0931   20.000      -7999.99  0.0928   20.000       -249.02  0.1801   20.000       -135.61  0.2194   20.000
        107.1072    -7717.28  0.0931   20.000      -7999.99  0.0928   20.000       -249.04  0.1801   20.000       -135.61  0.2194   20.000
        107.1135    -7718.85  0.0931   20.000      -7999.99  0.0928   20.000       -249.05  0.1801   20.000       -135.62  0.2194   20.000
        107.1197    -7720.41  0.0931   20.000      -7999.99  0.0928   20.000       -249.06  0.1801   20.000       -135.62  0.2194   20.000
        107.1260    -7721.96  0.0931   20.000      -7999.99  0.0928   20.000       -249.07  0.1801   20.000       -135.63  0.2194   20.000
        107.1342    -7723.96  0.0931   20.000      -7999.99  0.0928   20.000       -249.09  0.1801   20.000       -135.63  0.2194   20.000
        107.1423    -7725.95  0.0931   20.000      -7999.99  0.0928   20.000       -249.10  0.1801   20.000       -135.64  0.2194   20.000
        107.1480    -7727.34  0.0931   20.000      -7999.99  0.0928   20.000       -249.11  0.1801   20.000       -135.64  0.2194   20.000
        107.1538    -7728.72  0.0931   20.000      -7999.99  0.0928   20.000       -249.12  0.1801   20.000       -135.65  0.2194   20.000
        107.1612    -7730.50  0.0931   20.000      -7999.99  0.0928   20.000       -249.14  0.1801   20.000       -135.66  0.2194   20.000
        107.1686    -7732.27  0.0931   20.000      -7999.99  0.0928   20.000       -249.15  0.1801   20.000       -135.66  0.2194   20.000
        107.1760    -7734.02  0.0931   20.000      -7999.99  0.0928   20.000       -249.16  0.1801   20.000       -135.67  0.2194   20.000
        107.1834    -7735.77  0.0931   20.000      -7999.99  0.0928   20.000       -249.18  0.1801   20.000       -135.67  0.2194   20.000
        107.1909    -7737.51  0.0931   20.000      -7999.99  0.0928   20.000       -249.19  0.1801   20.000       -135.68  0.2194   20.000
        107.1983    -7739.22  0.0931   20.000      -7999.99  0.0928   20.000       -249.20  0.1801   20.000       -135.69  0.2194   20.000
        107.2057    -7740.94  0.0931   20.000      -7999.99  0.0928   20.000       -249.22  0.1801   20.000       -135.69  0.2193   20.000
        107.2131    -7742.64  0.0931   20.000      -7999.99  0.0928   20.000       -249.23  0.1801   20.000       -135.70  0.2193   20.000
        107.2228    -7744.83  0.0931   20.000      -7999.99  0.0928   20.000       -249.25  0.1801   20.000       -135.71  0.2193   20.000
        107.2324    -7747.01  0.0931   20.000      -7999.99  0.0928   20.000       -249.27  0.1801   20.000       -135.71  0.2193   20.000
        107.2421    -7749.17  0.0931   20.000      -7999.99  0.0928   20.000       -249.28  0.1801   20.000       -135.72  0.2193   20.000
        107.2517    -7751.31  0.0931   20.000      -7999.99  0.0928   20.000       -249.30  0.1801   20.000       -135.73  0.2193   20.000
        107.2614    -7753.44  0.0931   20.000      -7999.99  0.0928   20.000       -249.32  0.1801   20.000       -135.74  0.2193   20.000
        107.2710    -7755.54  0.0931   20.000      -7999.99  0.0928   20.000       -249.34  0.1801   20.000       -135.75  0.2193   20.000
        107.2807    -7757.64  0.0931   20.000      -7999.99  0.0928   20.000       -249.36  0.1800   20.000       -135.75  0.2193   20.000
        107.2903    -7759.70  0.0931   20.000      -7999.99  0.0928   20.000       -249.37  0.1800   20.000       -135.76  0.2193   20.000
        107.3000    -7761.76  0.0930   20.000      -7999.99  0.0928   20.000       -249.39  0.1800   20.000       -135.77  0.2193   20.000
        107.3096    -7763.80  0.0930   20.000      -7999.99  0.0928   20.000       -249.41  0.1800   20.000       -135.78  0.2193   20.000
        107.3193    -7765.81  0.0930   20.000      -7999.99  0.0928   20.000       -249.43  0.1800   20.000       -135.79  0.2193   20.000
        107.3289    -7767.82  0.0930   20.000      -7999.99  0.0928   20.000       -249.44  0.1800   20.000       -135.79  0.2193   20.000
        107.3386    -7769.80  0.0930   20.000      -7999.99  0.0928   20.000       -249.46  0.1800   20.000       -135.80  0.2193   20.000
        107.3482    -7771.76  0.0930   20.000      -7999.99  0.0928   20.000       -249.48  0.1800   20.000       -135.81  0.2193   20.000
        107.3608    -7774.30  0.0930   20.000      -7999.99  0.0928   20.000       -249.50  0.1800   20.000       -135.82  0.2193   20.000
        107.3733    -7776.80  0.0930   20.000      -7999.99  0.0928   20.000       -249.53  0.1800   20.000       -135.83  0.2193   20.000
        107.3859    -7779.28  0.0930   20.000      -7999.99  0.0928   20.000       -249.55  0.1800   20.000       -135.84  0.2193   20.000
        107.3984    -7781.73  0.0930   20.000      -7999.99  0.0928   20.000       -249.57  0.1800   20.000       -135.85  0.2193   20.000
        107.4110    -7784.15  0.0930   20.000      -7999.99  0.0928   20.000       -249.59  0.1800   20.000       -135.86  0.2193   20.000
        107.4235    -7786.54  0.0930   20.000      -7999.99  0.0928   20.000       -249.62  0.1800   20.000       -135.87  0.2193   20.000
        107.4361    -7788.91  0.0930   20.000      -7999.99  0.0928   20.000       -249.64  0.1800   20.000       -135.88  0.2192   20.000
        107.4486    -7791.25  0.0930   20.000      -7999.99  0.0928   20.000       -249.66  0.1800   20.000       -135.89  0.2192   20.000
        107.4611    -7793.58  0.0930   20.000      -7999.99  0.0928   20.000       -249.69  0.1800   20.000       -135.90  0.2192   20.000
        107.4737    -7795.87  0.0930   20.000      -7999.99  0.0928   20.000       -249.71  0.1800   20.000       -135.91  0.2192   20.000
        107.4862    -7798.12  0.0930   20.000      -7999.99  0.0928   20.000       -249.73  0.1800   20.000       -135.92  0.2192   20.000
        107.4988    -7800.37  0.0930   20.000      -7999.99  0.0928   20.000       -249.75  0.1800   20.000       -135.93  0.2192   20.000
        107.5113    -7802.58  0.0930   20.000      -7999.99  0.0928   20.000       -249.78  0.1800   20.000       -135.94  0.2192   20.000
        107.5239    -7804.77  0.0930   20.000      -7999.99  0.0928   20.000       -249.80  0.1800   20.000       -135.95  0.2192   20.000
        107.5364    -7806.94  0.0930   20.000      -7999.99  0.0928   20.000       -249.82  0.1800   20.000       -135.96  0.2192   20.000
        107.5490    -7809.08  0.0930   20.000      -7999.99  0.0928   20.000       -249.85  0.1800   20.000       -135.97  0.2192   20.000
        107.5615    -7811.20  0.0930   20.000      -7999.99  0.0928   20.000       -249.87  0.1799   20.000       -135.98  0.2192   20.000
        107.5741    -7813.29  0.0930   20.000      -7999.99  0.0928   20.000       -249.89  0.1799   20.000       -135.99  0.2192   20.000
        107.5866    -7815.36  0.0930   20.000      -7999.99  0.0928   20.000       -249.92  0.1799   20.000       -136.00  0.2192   20.000
        107.5991    -7817.41  0.0930   20.000      -7999.99  0.0928   20.000       -249.94  0.1799   20.000       -136.01  0.2192   20.000
        107.6117    -7819.42  0.0930   20.000      -7999.99  0.0928   20.000       -249.96  0.1799   20.000       -136.02  0.2192   20.000
        107.6242    -7821.40  0.0930   20.000      -7999.99  0.0928   20.000       -249.98  0.1799   20.000       -136.03  0.2192   20.000
        107.6368    -7823.33  0.0930   20.000      -7999.99  0.0928   20.000       -250.01  0.1799   20.000       -136.05  0.2192   20.000
        107.6493    -7825.19  0.0930   20.000      -7999.99  0.0928   20.000       -250.03  0.1799   20.000       -136.06  0.2192   20.000
        107.6619    -7826.91  0.0930   20.000      -7999.99  0.0928   20.000       -250.05  0.1799   20.000       -136.07  0.2191   20.000
        107.6744    -7828.40  0.0930   20.000      -7999.99  0.0928   20.000       -250.08  0.1799   20.000       -136.08  0.2191   20.000
        107.6870    -7829.44  0.0930   20.000      -7999.99  0.0928   20.000       -250.10  0.1799   20.000       -136.09  0.2191   20.000
        107.6995    -7829.48  0.0930   20.000      -7999.99  0.0928   20.000       -250.12  0.1799   20.000       -136.10  0.2191   20.000
        107.7121    -7827.37  0.0930   20.000      -7999.99  0.0928   20.000       -250.14  0.1799   20.000       -136.11  0.2191   20.000
        107.7246    -7821.03  0.0930   20.000      -7999.99  0.0928   20.000       -250.17  0.1799   20.000       -136.12  0.2191   20.000
        107.7371    -7804.29  0.0930   20.000      -7999.99  0.0928   20.000       -250.19  0.1799   20.000       -136.13  0.2191   20.000
        107.7497    -7766.39  0.0930   20.000      -7999.99  0.0928   20.000       -250.21  0.1799   20.000       -136.14  0.2191   20.000
        107.7622    -7687.61  0.0931   20.000      -7999.99  0.0928   20.000       -250.24  0.1799   20.000       -136.15  0.2191   20.000
        107.7748    -7526.34  0.0933   20.000      -7999.99  0.0928   20.000       -250.26  0.1799   20.000       -136.16  0.2191   20.000
        107.7873    -7245.15  0.0937   20.000      -7999.99  0.0928   20.000       -250.28  0.1799   20.000       -136.17  0.2191   20.000
        107.7999    -6774.03  0.0943   20.000      -7999.99  0.0928   20.000       -250.30  0.1799   20.000       -136.18  0.2191   20.000
        107.8124    -6098.38  0.0952   20.000      -7999.99  0.0928   20.000       -250.33  0.1799   20.000       -136.19  0.2191   20.000
        107.8250    -5371.04  0.0966   20.000      -7999.99  0.0928   20.000       -250.35  0.1799   20.000       -136.20  0.2191   20.000
        107.8375    -4576.44  0.0983   20.000      -7999.99  0.0928   20.000       -250.37  0.1799   20.000       -136.21  0.2191   20.000
        107.8500    -3795.86  0.1005   20.000      -7999.99  0.0928   20.000       -250.39  0.1798   20.000       -136.22  0.2191   20.000
        107.8626    -3116.40  0.1030   20.000      -7999.99  0.0928   20.000       -250.42  0.1798   20.000       -136.23  0.2191   20.000
        107.8751    -2574.23  0.1059   20.000      -7999.99  0.0928   20.000       -250.44  0.1798   20.000       -136.24  0.2191   20.000
        107.8876    -2123.06  0.1092   20.000      -7999.99  0.0928   20.000       -250.46  0.1798   20.000       -136.25  0.2190   20.000
        107.9001    -1765.52  0.1126   20.000      -7999.99  0.0928   20.000       -250.49  0.1798   20.000       -136.26  0.2190   20.000
        107.9126    -1457.42  0.1165   20.000      -7999.99  0.0928   20.000       -250.51  0.1798   20.000       -136.27  0.2190   20.000
        107.9251    -1215.89  0.1204   20.000      -7999.99  0.0928   20.000       -250.53  0.1798   20.000       -136.28  0.2190   20.000
        107.9376    -1039.90  0.1244   20.000      -7999.99  0.0928   20.000       -250.55  0.1798   20.000       -136.29  0.2190   20.000
        107.9501     -892.69  0.1286   20.000      -7999.99  0.0928   20.000       -250.58  0.1798   20.000       -136.30  0.2190   20.000
        107.9625     -769.68  0.1327   20.000      -7999.99  0.0928   20.000       -250.60  0.1798   20.000       -136.31  0.2190   20.000
        107.9750     -684.88  0.1367   20.000      -7999.99  0.0928   20.000       -250.62  0.1798   20.000       -136.32  0.2190   20.000
        107.9875     -601.74  0.1408   20.000      -7999.99  0.0928   20.000       -250.64  0.1798   20.000       -136.33  0.2190   20.000
        108.0000     -541.42  0.1449   20.000      -7999.99  0.0928   20.000       -250.67  0.1798   20.000       -136.34  0.2190   20.000
        108.0125     -483.97  0.1488   20.000      -7999.99  0.0928   20.000       -250.69  0.1798   20.000       -136.35  0.2190   20.000
        108.0289     -433.15  0.1537   20.000      -7999.99  0.0928   20.000       -250.72  0.1798   20.000       -136.37  0.2190   20.000
        108.0452     -380.73  0.1589   20.000      -7999.99  0.0928   20.000       -250.75  0.1798   20.000       -136.38  0.2190   20.000
        108.0615     -342.87  0.1640   20.000      -7999.99  0.0928   20.000       -250.78  0.1798   20.000       -136.39  0.2190   20.000
        108.0778     -306.24  0.1690   20.000      -7999.99  0.0928   20.000       -250.81  0.1798   20.000       -136.41  0.2190   20.000
        108.0941     -281.28  0.1739   20.000      -7999.99  0.0928   20.000       -250.84  0.1798   20.000       -136.42  0.2190   20.000
        108.1104     -255.81  0.1788   20.000      -7999.99  0.0928   20.000       -250.87  0.1798   20.000       -136.43  0.2190   20.000
        108.1267     -234.73  0.1835   20.000      -7999.99  0.0928   20.000       -250.90  0.1797   20.000       -136.44  0.2189   20.000
        108.1430     -218.87  0.1878   20.000      -7999.99  0.0928   20.000       -250.93  0.1797   20.000       -136.46  0.2189   20.000
        108.1593     -203.58  0.1920   20.000      -7999.99  0.0928   20.000       -250.96  0.1797   20.000       -136.47  0.2189   20.000
        108.1756     -190.16  0.1959   20.000      -7999.99  0.0928   20.000       -250.99  0.1797   20.000       -136.48  0.2189   20.000
        108.1919     -179.69  0.1999   20.000      -7999.99  0.0928   20.000       -251.01  0.1797   20.000       -136.50  0.2189   20.000
        108.2082     -169.53  0.2038   20.000      -7999.99  0.0928   20.000       -251.04  0.1797   20.000       -136.51  0.2189   20.000
        108.2246     -159.38  0.2078   20.000      -7999.99  0.0928   20.000       -251.07  0.1797   20.000       -136.52  0.2189   20.000
        108.2409     -150.85  0.2112   20.000      -7999.99  0.0928   20.000       -251.10  0.1797   20.000       -136.54  0.2189   20.000
        108.2572     -144.50  0.2146   20.000      -7999.99  0.0928   20.000       -251.13  0.1797   20.000       -136.55  0.2189   20.000
        108.2735     -138.45  0.2179   20.000      -7999.99  0.0928   20.000       -251.16  0.1797   20.000       -136.56  0.2189   20.000
        108.2898     -132.97  0.2208   20.000      -7999.99  0.0928   20.000       -251.19  0.1797   20.000       -136.58  0.2189   20.000
        108.3061     -127.54  0.2237   20.000      -7999.99  0.0928   20.000       -251.22  0.1797   20.000       -136.59  0.2189   20.000
        108.3224     -122.00  0.2267   20.000      -7999.99  0.0928   20.000       -251.25  0.1797   20.000       -136.60  0.2189   20.000
        108.3387     -117.91  0.2294   20.000      -7999.99  0.0928   20.000       -251.28  0.1797   20.000       -136.62  0.2189   20.000
        108.3550     -114.30  0.2320   20.000      -7999.99  0.0928   20.000       -251.31  0.1797   20.000       -136.63  0.2188   20.000
        108.3713     -110.62  0.2348   20.000      -7999.99  0.0928   20.000       -251.34  0.1797   20.000       -136.64  0.2188   20.000
        108.3876     -106.93  0.2375   20.000      -7999.99  0.0928   20.000       -251.37  0.1797   20.000       -136.66  0.2188   20.000
        108.4040     -103.82  0.2398   20.000      -7999.99  0.0928   20.000       -251.40  0.1797   20.000       -136.67  0.2188   20.000
        108.4203     -100.95  0.2419   20.000      -7999.99  0.0928   20.000       -251.43  0.1796   20.000       -136.68  0.2188   20.000
        108.4366      -98.22  0.2439   20.000      -7999.99  0.0928   20.000       -251.46  0.1796   20.000       -136.70  0.2188   20.000
        108.4529      -95.54  0.2459   20.000      -7999.99  0.0928   20.000       -251.49  0.1796   20.000       -136.71  0.2188   20.000
        108.4692      -93.30  0.2481   20.000      -7999.99  0.0928   20.000       -251.52  0.1796   20.000       -136.72  0.2188   20.000
        108.4855      -91.14  0.2502   20.000      -7999.99  0.0928   20.000       -251.55  0.1796   20.000       -136.74  0.2188   20.000
        108.5018      -89.24  0.2521   20.000      -7999.99  0.0928   20.000       -251.58  0.1796   20.000       -136.75  0.2188   20.000
        108.5181      -87.42  0.2539   20.000      -7999.99  0.0928   20.000       -251.61  0.1796   20.000       -136.76  0.2188   20.000
        108.5344      -85.59  0.2557   20.000      -7999.99  0.0928   20.000       -251.64  0.1796   20.000       -136.78  0.2188   20.000
        108.5507      -83.81  0.2575   20.000      -7999.99  0.0928   20.000       -251.67  0.1796   20.000       -136.79  0.2188   20.000
        108.5670      -82.08  0.2592   20.000      -7999.99  0.0928   20.000       -251.70  0.1796   20.000       -136.80  0.2188   20.000
        108.5833      -80.42  0.2609   20.000      -7999.99  0.0928   20.000       -251.73  0.1796   20.000       -136.82  0.2187   20.000
        108.5997      -78.78  0.2625   20.000      -7999.99  0.0928   20.000       -251.76  0.1796   20.000       -136.83  0.2187   20.000
        108.6160      -77.22  0.2640   20.000      -7999.99  0.0928   20.000       -251.79  0.1796   20.000       -136.84  0.2187   20.000
        108.6323      -75.84  0.2654   20.000      -7999.99  0.0928   20.000       -251.83  0.1796   20.000       -136.86  0.2187   20.000
        108.6486      -74.74  0.2668   20.000      -7999.99  0.0928   20.000       -251.86  0.1796   20.000       -136.87  0.2187   20.000
        108.6649      -73.70  0.2681   20.000      -7999.99  0.0928   20.000       -251.89  0.1796   20.000       -136.88  0.2187   20.000
        108.6812      -72.68  0.2695   20.000      -7999.99  0.0928   20.000       -251.92  0.1795   20.000       -136.90  0.2187   20.000
        108.6975      -71.65  0.2708   20.000      -7999.99  0.0928   20.000       -251.95  0.1795   20.000       -136.91  0.2187   20.000
        108.7138      -70.62  0.2722   20.000      -7999.99  0.0928   20.000       -251.98  0.1795   20.000       -136.92  0.2187   20.000
        108.7301      -69.59  0.2735   20.000      -7999.99  0.0928   20.000       -252.01  0.1795   20.000       -136.94  0.2187   20.000
        108.7464      -68.57  0.2749   20.000      -7999.99  0.0928   20.000       -252.04  0.1795   20.000       -136.95  0.2187   20.000
        108.7627      -67.53  0.2762   20.000      -7999.99  0.0928   20.000       -252.07  0.1795   20.000       -136.96  0.2187   20.000
        108.7791      -66.50  0.2776   20.000      -7999.99  0.0928   20.000       -252.10  0.1795   20.000       -136.97  0.2187   20.000
        108.7954      -65.52  0.2789   20.000      -7999.99  0.0928   20.000       -252.13  0.1795   20.000       -136.99  0.2187   20.000
        108.8117      -64.71  0.2799   20.000      -7999.99  0.0928   20.000       -252.16  0.1795   20.000       -137.00  0.2186   20.000
        108.8280      -63.97  0.2809   20.000      -7999.99  0.0928   20.000       -252.19  0.1795   20.000       -137.01  0.2186   20.000
        108.8443      -63.26  0.2818   20.000      -7999.99  0.0928   20.000       -252.22  0.1795   20.000       -137.03  0.2186   20.000
        108.8599      -62.60  0.2827   20.000      -7999.99  0.0928   20.000       -252.25  0.1795   20.000       -137.04  0.2186   20.000
        108.8754      -61.93  0.2836   20.000      -7999.99  0.0928   20.000       -252.28  0.1795   20.000       -137.05  0.2186   20.000
        108.8910      -61.26  0.2845   20.000      -7999.99  0.0928   20.000       -252.31  0.1795   20.000       -137.07  0.2186   20.000
        108.9066      -60.58  0.2853   20.000      -7999.99  0.0928   20.000       -252.34  0.1795   20.000       -137.08  0.2186   20.000
        108.9221      -59.91  0.2862   20.000      -7999.99  0.0928   20.000       -252.37  0.1795   20.000       -137.09  0.2186   20.000
        108.9377      -59.29  0.2873   20.000      -7999.99  0.0928   20.000       -252.40  0.1795   20.000       -137.10  0.2186   20.000
        108.9533      -58.68  0.2883   20.000      -7999.99  0.0928   20.000       -252.42  0.1795   20.000       -137.12  0.2186   20.000
        108.9689      -58.09  0.2893   20.000      -7999.99  0.0928   20.000       -252.45  0.1794   20.000       -137.13  0.2186   20.000
        108.9844      -57.55  0.2902   20.000      -7999.99  0.0928   20.000       -252.48  0.1794   20.000       -137.14  0.2186   20.000
        109.0000      -57.04  0.2910   20.000      -7999.99  0.0928   20.000       -252.51  0.1794   20.000       -137.15  0.2186   20.000
        109.0163      -56.61  0.2918   20.000      -7999.99  0.0928   20.000       -252.54  0.1794   20.000       -137.17  0.2186   20.000
        109.0326      -56.33  0.2922   20.000      -7999.99  0.0928   20.000       -252.57  0.1794   20.000       -137.18  0.2185   20.000
        109.0489      -56.24  0.2924   20.000      -7999.99  0.0928   20.000       -252.60  0.1794   20.000       -137.19  0.2185   20.000
        109.0652      -56.33  0.2922   20.000      -7999.99  0.0928   20.000       -252.63  0.1794   20.000       -137.21  0.2185   20.000
        109.0815      -56.57  0.2918   20.000      -7999.99  0.0928   20.000       -252.66  0.1794   20.000       -137.22  0.2185   20.000
        109.0979      -56.91  0.2913   20.000      -7999.99  0.0928   20.000       -252.69  0.1794   20.000       -137.23  0.2185   20.000
        109.1142      -57.33  0.2906   20.000      -7999.99  0.0928   20.000       -252.71  0.1794   20.000       -137.25  0.2185   20.000
        109.1305      -57.81  0.2898   20.000      -7999.99  0.0928   20.000       -252.74  0.1794   20.000       -137.26  0.2185   20.000
        109.1468      -58.34  0.2889   20.000      -7999.99  0.0928   20.000       -252.77  0.1794   20.000       -137.27  0.2185   20.000
        109.1631      -58.90  0.2879   20.000      -7999.99  0.0928   20.000       -252.80  0.1794   20.000       -137.29  0.2185   20.000
        109.1794      -59.50  0.2869   20.000      -7999.99  0.0928   20.000       -252.83  0.1794   20.000       -137.30  0.2185   20.000
        109.1957      -60.12  0.2859   20.000      -7999.99  0.0928   20.000       -252.86  0.1794   20.000       -137.31  0.2185   20.000
        109.2120      -60.80  0.2850   20.000      -7999.99  0.0928   20.000       -252.88  0.1794   20.000       -137.33  0.2185   20.000
        109.2283      -61.47  0.2842   20.000      -7999.99  0.0928   20.000       -252.91  0.1794   20.000       -137.34  0.2185   20.000
        109.2446      -62.13  0.2833   20.000      -7999.99  0.0928   20.000       -252.94  0.1794   20.000       -137.35  0.2185   20.000
        109.2609      -62.79  0.2824   20.000      -7999.99  0.0928   20.000       -252.97  0.1793   20.000       -137.36  0.2185   20.000
        109.2772      -63.45  0.2816   20.000      -7999.99  0.0928   20.000       -253.00  0.1793   20.000       -137.38  0.2184   20.000
        109.2984      -64.29  0.2805   20.000      -7999.99  0.0928   20.000       -253.03  0.1793   20.000       -137.39  0.2184   20.000
        109.3196      -65.11  0.2794   20.000      -7999.99  0.0928   20.000       -253.07  0.1793   20.000       -137.41  0.2184   20.000
        109.3409      -65.91  0.2784   20.000      -7999.99  0.0928   20.000       -253.10  0.1793   20.000       -137.43  0.2184   20.000
        109.3621      -66.69  0.2773   20.000      -7999.99  0.0928   20.000       -253.14  0.1793   20.000       -137.45  0.2184   20.000
        109.3833      -67.46  0.2763   20.000      -7999.99  0.0928   20.000       -253.18  0.1793   20.000       -137.46  0.2184   20.000
        109.4045      -68.23  0.2753   20.000      -7999.99  0.0928   20.000       -253.21  0.1793   20.000       -137.48  0.2184   20.000
        109.4257      -69.00  0.2743   20.000      -7999.99  0.0928   20.000       -253.25  0.1793   20.000       -137.50  0.2184   20.000
        109.4469      -69.77  0.2733   20.000      -7999.99  0.0928   20.000       -253.28  0.1793   20.000       -137.51  0.2184   20.000
        109.4681      -70.52  0.2723   20.000      -7999.99  0.0928   20.000       -253.32  0.1793   20.000       -137.53  0.2184   20.000
        109.4893      -71.25  0.2714   20.000      -7999.99  0.0928   20.000       -253.35  0.1793   20.000       -137.55  0.2184   20.000
        109.5105      -71.98  0.2704   20.000      -7999.99  0.0928   20.000       -253.39  0.1793   20.000       -137.57  0.2183   20.000
        109.5317      -72.70  0.2695   20.000      -7999.99  0.0928   20.000       -253.43  0.1793   20.000       -137.58  0.2183   20.000
        109.5529      -73.45  0.2685   20.000      -7999.99  0.0928   20.000       -253.46  0.1793   20.000       -137.60  0.2183   20.000
        109.5741      -74.18  0.2675   20.000      -7999.99  0.0928   20.000       -253.50  0.1792   20.000       -137.62  0.2183   20.000
        109.5953      -74.91  0.2666   20.000      -7999.99  0.0928   20.000       -253.53  0.1792   20.000       -137.63  0.2183   20.000
        109.6165      -75.62  0.2656   20.000      -7999.99  0.0928   20.000       -253.57  0.1792   20.000       -137.65  0.2183   20.000
        109.6440      -76.62  0.2646   20.000      -7999.99  0.0928   20.000       -253.61  0.1792   20.000       -137.67  0.2183   20.000
        109.6716      -77.57  0.2637   20.000      -7999.99  0.0928   20.000       -253.66  0.1792   20.000       -137.70  0.2183   20.000
        109.6992      -78.51  0.2628   20.000      -7999.99  0.0928   20.000       -253.70  0.1792   20.000       -137.72  0.2183   20.000
        109.7267      -79.43  0.2618   20.000      -7999.99  0.0928   20.000       -253.75  0.1792   20.000       -137.74  0.2182   20.000
        109.7540      -80.33  0.2609   20.000      -7999.99  0.0928   20.000       -253.79  0.1792   20.000       -137.76  0.2182   20.000
        109.7814      -81.22  0.2601   20.000      -7999.99  0.0928   20.000       -253.84  0.1792   20.000       -137.78  0.2182   20.000
        109.8087      -82.11  0.2592   20.000      -7999.99  0.0928   20.000       -253.88  0.1792   20.000       -137.81  0.2182   20.000
        109.8360      -82.98  0.2583   20.000      -7999.99  0.0928   20.000       -253.93  0.1792   20.000       -137.83  0.2182   20.000
        109.8688      -84.02  0.2573   20.000      -7999.99  0.0928   20.000       -253.98  0.1791   20.000       -137.85  0.2182   20.000
        109.9016      -85.04  0.2563   20.000      -7999.99  0.0928   20.000       -254.04  0.1791   20.000       -137.88  0.2182   20.000
        109.9344      -86.05  0.2553   20.000      -7999.99  0.0928   20.000       -254.09  0.1791   20.000       -137.91  0.2182   20.000
        109.9672      -87.05  0.2543   20.000      -7999.99  0.0928   20.000       -254.14  0.1791   20.000       -137.93  0.2181   20.000
        110.0000      -88.03  0.2533   20.000      -7999.99  0.0928   20.000       -254.20  0.1791   20.000       -137.96  0.2181   20.000
        110.0358      -89.09  0.2523   20.000      -7999.99  0.0928   20.000       -254.25  0.1791   20.000       -137.99  0.2181   20.000
        110.0717      -90.17  0.2512   20.000      -7999.99  0.0928   20.000       -254.31  0.1791   20.000       -138.02  0.2181   20.000
        110.1075      -91.26  0.2501   20.000      -7999.99  0.0928   20.000       -254.37  0.1791   20.000       -138.05  0.2181   20.000
        110.1433      -92.34  0.2490   20.000      -7999.99  0.0928   20.000       -254.43  0.1791   20.000       -138.07  0.2181   20.000
        110.1792      -93.45  0.2479   20.000      -7999.99  0.0928   20.000       -254.49  0.1791   20.000       -138.10  0.2181   20.000
        110.2150      -94.58  0.2468   20.000      -7999.99  0.0928   20.000       -254.55  0.1790   20.000       -138.13  0.2180   20.000
        110.2508      -95.73  0.2457   20.000      -7999.99  0.0928   20.000       -254.61  0.1790   20.000       -138.16  0.2180   20.000
        110.2866      -96.95  0.2448   20.000      -7999.99  0.0928   20.000       -254.67  0.1790   20.000       -138.19  0.2180   20.000
        110.3225      -98.14  0.2439   20.000      -7999.99  0.0928   20.000       -254.73  0.1790   20.000       -138.22  0.2180   20.000
        110.3691      -99.70  0.2428   20.000      -7999.99  0.0928   20.000       -254.81  0.1790   20.000       -138.26  0.2180   20.000
        110.4156     -101.27  0.2416   20.000      -7999.99  0.0928   20.000       -254.88  0.1790   20.000       -138.29  0.2180   20.000
        110.4622     -102.82  0.2405   20.000      -7999.99  0.0928   20.000       -254.96  0.1790   20.000       -138.33  0.2179   20.000
        110.5088     -104.34  0.2394   20.000      -7999.99  0.0928   20.000       -255.04  0.1789   20.000       -138.37  0.2179   20.000
        110.5554     -105.83  0.2383   20.000      -7999.99  0.0928   20.000       -255.12  0.1789   20.000       -138.40  0.2179   20.000
        110.5998     -107.23  0.2373   20.000      -7999.99  0.0928   20.000       -255.19  0.1789   20.000       -138.44  0.2179   20.000
        110.6443     -108.60  0.2362   20.000      -7999.99  0.0928   20.000       -255.27  0.1789   20.000       -138.48  0.2179   20.000
        110.7036     -110.40  0.2349   20.000      -7999.99  0.0928   20.000       -255.37  0.1789   20.000       -138.52  0.2178   20.000
        110.7629     -112.17  0.2336   20.000      -7999.99  0.0928   20.000       -255.47  0.1789   20.000       -138.57  0.2178   20.000
        110.8221     -113.92  0.2323   20.000      -7999.99  0.0928   20.000       -255.57  0.1788   20.000       -138.62  0.2178   20.000
        110.8814     -115.66  0.2310   20.000      -7999.99  0.0928   20.000       -255.66  0.1788   20.000       -138.66  0.2178   20.000
        110.9407     -117.43  0.2297   20.000      -7999.99  0.0928   20.000       -255.76  0.1788   20.000       -138.71  0.2177   20.000
        111.0000     -119.26  0.2284   20.000      -7999.99  0.0928   20.000       -255.86  0.1788   20.000       -138.76  0.2177   20.000
        111.0606     -121.28  0.2271   20.000      -7999.99  0.0928   20.000       -255.96  0.1788   20.000       -138.81  0.2177   20.000
        111.1211     -123.50  0.2259   20.000      -7999.99  0.0928   20.000       -256.06  0.1787   20.000       -138.86  0.2177   20.000
        111.1817     -125.70  0.2247   20.000      -7999.99  0.0928   20.000       -256.16  0.1787   20.000       -138.90  0.2176   20.000
        111.2635     -128.57  0.2232   20.000      -7999.99  0.0928   20.000       -256.30  0.1787   20.000       -138.97  0.2176   20.000
        111.3687     -132.12  0.2213   20.000      -7999.99  0.0928   20.000       -256.47  0.1787   20.000       -139.05  0.2175   20.000
        111.4739     -135.54  0.2194   20.000      -7999.99  0.0928   20.000       -256.64  0.1786   20.000       -139.14  0.2175   20.000
        111.5791     -138.87  0.2176   20.000      -7999.99  0.0928   20.000       -256.81  0.1786   20.000       -139.22  0.2175   20.000
        111.6844     -142.12  0.2159   20.000      -7999.99  0.0928   20.000       -256.98  0.1786   20.000       -139.30  0.2174   20.000
        111.7896     -145.33  0.2142   20.000      -7999.99  0.0928   20.000       -257.15  0.1785   20.000       -139.39  0.2174   20.000
        111.8948     -148.56  0.2124   20.000      -7999.99  0.0928   20.000       -257.32  0.1785   20.000       -139.47  0.2173   20.000
        112.0000     -152.04  0.2106   20.000      -7999.99  0.0928   20.000       -257.49  0.1785   20.000       -139.55  0.2173   20.000
        112.1000     -156.31  0.2089   20.000      -7999.99  0.0928   20.000       -257.65  0.1784   20.000       -139.63  0.2172   20.000
        112.2286     -161.20  0.2071   20.000      -7999.99  0.0928   20.000       -257.85  0.1784   20.000       -139.73  0.2172   20.000
        112.3571     -165.88  0.2053   20.000      -7999.99  0.0928   20.000       -258.05  0.1784   20.000       -139.83  0.2171   20.000
        112.4857     -170.39  0.2035   20.000      -7999.99  0.0928   20.000       -258.25  0.1783   20.000       -139.94  0.2171   20.000
        112.6143     -174.76  0.2018   20.000      -7999.99  0.0928   20.000       -258.45  0.1783   20.000       -140.04  0.2170   20.000
        112.7429     -179.02  0.2002   20.000      -7999.99  0.0928   20.000       -258.64  0.1782   20.000       -140.14  0.2170   20.000
        112.8714     -183.22  0.1986   20.000      -7999.99  0.0928   20.000       -258.84  0.1782   20.000       -140.24  0.2169   20.000
        113.0000     -187.44  0.1969   20.000      -7999.99  0.0928   20.000       -259.03  0.1782   20.000       -140.34  0.2169   20.000
        113.1250     -191.85  0.1952   20.000      -7999.99  0.0928   20.000       -259.22  0.1781   20.000       -140.44  0.2168   20.000
        113.2500     -197.29  0.1938   20.000      -7999.99  0.0928   20.000       -259.40  0.1781   20.000       -140.54  0.2168   20.000
        113.3750     -202.47  0.1923   20.000      -7999.99  0.0928   20.000       -259.58  0.1781   20.000       -140.63  0.2167   20.000
        113.5000     -207.46  0.1910   20.000      -7999.99  0.0928   20.000       -259.76  0.1780   20.000       -140.73  0.2166   20.000
        113.6250     -212.30  0.1896   20.000      -7999.99  0.0928   20.000       -259.94  0.1780   20.000       -140.83  0.2166   20.000
        113.7500     -217.00  0.1883   20.000      -7999.99  0.0928   20.000       -260.12  0.1780   20.000       -140.93  0.2165   20.000
        113.8750     -221.60  0.1871   20.000      -7999.99  0.0928   20.000       -260.30  0.1779   20.000       -141.02  0.2165   20.000
        114.0000     -226.12  0.1858   20.000      -7999.99  0.0928   20.000       -260.47  0.1779   20.000       -141.12  0.2164   20.000
        114.1250     -230.61  0.1846   20.000      -7999.99  0.0928   20.000       -260.65  0.1779   20.000       -141.22  0.2164   20.000
        114.2500     -235.36  0.1833   20.000      -7999.99  0.0928   20.000       -260.83  0.1778   20.000       -141.32  0.2163   20.000
        114.3750     -240.31  0.1819   20.000      -7999.99  0.0928   20.000       -261.01  0.1778   20.000       -141.41  0.2163   20.000
        114.4643     -244.42  0.1810   20.000      -7999.99  0.0928   20.000       -261.14  0.1778   20.000       -141.48  0.2162   20.000
        114.5982     -251.32  0.1797   20.000      -7999.99  0.0928   20.000       -261.33  0.1777   20.000       -141.59  0.2162   20.000
        114.7321     -258.06  0.1784   20.000      -7999.99  0.0928   20.000       -261.52  0.1777   20.000       -141.69  0.2161   20.000
        114.8661     -264.62  0.1771   20.000      -7999.99  0.0928   20.000       -261.71  0.1776   20.000       -141.79  0.2161   20.000
        115.0000     -271.04  0.1758   20.000      -7999.99  0.0928   20.000       -261.90  0.1776   20.000       -141.90  0.2160   20.000
        115.1667     -278.84  0.1743   20.000      -7999.99  0.0928   20.000       -262.14  0.1776   20.000       -142.03  0.2160   20.000
        115.3750     -287.77  0.1726   20.000      -7999.99  0.0928   20.000       -262.42  0.1775   20.000       -142.19  0.2159   20.000
        115.5833     -296.73  0.1708   20.000      -7999.99  0.0928   20.000       -262.70  0.1775   20.000       -142.35  0.2158   20.000
        115.7917     -306.43  0.1690   20.000      -7999.99  0.0928   20.000       -262.98  0.1774   20.000       -142.51  0.2157   20.000
        116.0000     -318.12  0.1674   20.000      -7999.99  0.0928   20.000       -263.26  0.1773   20.000       -142.67  0.2156   20.000
        116.0010     -318.14  0.1674   20.000      -7999.99  0.0928   20.000       -263.26  0.1773   20.000       -142.67  0.2156   20.000
        116.0023     -318.21  0.1674   20.000      -7999.99  0.0928   20.000       -263.27  0.1773   20.000       -142.67  0.2156   20.000
        116.0036     -318.28  0.1674   20.000      -7999.99  0.0928   20.000       -263.27  0.1773   20.000       -142.67  0.2156   20.000
        116.0053     -318.38  0.1674   20.000      -7999.99  0.0928   20.000       -263.27  0.1773   20.000       -142.67  0.2156   20.000
        116.0075     -318.51  0.1674   20.000      -7999.99  0.0928   20.000       -263.27  0.1773   20.000       -142.67  0.2156   20.000
        116.0103     -318.67  0.1674   20.000      -7999.99  0.0928   20.000       -263.28  0.1773   20.000       -142.68  0.2156   20.000
        116.0141     -318.88  0.1673   20.000      -7999.99  0.0928   20.000       -263.28  0.1773   20.000       -142.68  0.2156   20.000
        116.0189     -319.15  0.1673   20.000      -7999.99  0.0928   20.000       -263.29  0.1773   20.000       -142.68  0.2156   20.000
        116.0252     -319.51  0.1672   20.000      -7999.99  0.0928   20.000       -263.30  0.1773   20.000       -142.69  0.2156   20.000
        116.0333     -319.97  0.1672   20.000      -7999.99  0.0928   20.000       -263.31  0.1773   20.000       -142.69  0.2156   20.000
        116.0439     -320.58  0.1671   20.000      -7999.99  0.0928   20.000       -263.32  0.1773   20.000       -142.70  0.2156   20.000
        116.0545     -321.18  0.1670   20.000      -7999.99  0.0928   20.000       -263.34  0.1773   20.000       -142.71  0.2156   20.000
        116.0651     -321.78  0.1669   20.000      -7999.99  0.0928   20.000       -263.35  0.1773   20.000       -142.72  0.2156   20.000
        116.0757     -322.38  0.1668   20.000      -7999.99  0.0928   20.000       -263.36  0.1773   20.000       -142.73  0.2156   20.000
        116.0863     -322.99  0.1668   20.000      -7999.99  0.0928   20.000       -263.38  0.1773   20.000       -142.73  0.2156   20.000
        116.0969     -323.59  0.1667   20.000      -7999.99  0.0928   20.000       -263.39  0.1773   20.000       -142.74  0.2156   20.000
        116.1107     -324.37  0.1666   20.000      -7999.99  0.0928   20.000       -263.41  0.1773   20.000       -142.75  0.2156   20.000
        116.1245     -325.15  0.1665   20.000      -7999.99  0.0928   20.000       -263.43  0.1773   20.000       -142.76  0.2156   20.000
        116.1383     -325.93  0.1664   20.000      -7999.99  0.0928   20.000       -263.45  0.1773   20.000       -142.77  0.2155   20.000
        116.1562     -326.94  0.1662   20.000      -7999.99  0.0928   20.000       -263.47  0.1773   20.000       -142.79  0.2155   20.000
        116.1741     -327.95  0.1661   20.000      -7999.99  0.0928   20.000       -263.49  0.1773   20.000       -142.80  0.2155   20.000
        116.1974     -329.26  0.1659   20.000      -7999.99  0.0928   20.000       -263.53  0.1773   20.000       -142.82  0.2155   20.000
        116.2207     -330.57  0.1657   20.000      -7999.99  0.0928   20.000       -263.56  0.1773   20.000       -142.84  0.2155   20.000
        116.2440     -331.87  0.1655   20.000      -7999.99  0.0928   20.000       -263.59  0.1773   20.000       -142.85  0.2155   20.000
        116.2673     -333.17  0.1654   20.000      -7999.99  0.0928   20.000       -263.62  0.1773   20.000       -142.87  0.2155   20.000
        116.2906     -334.47  0.1652   20.000      -7999.99  0.0928   20.000       -263.65  0.1773   20.000       -142.89  0.2155   20.000
        116.3139     -335.76  0.1650   20.000      -7999.99  0.0928   20.000       -263.68  0.1773   20.000       -142.91  0.2155   20.000
        116.3442     -337.44  0.1648   20.000      -7999.99  0.0928   20.000       -263.72  0.1773   20.000       -142.93  0.2155   20.000
        116.3745     -339.11  0.1646   20.000      -7999.99  0.0928   20.000       -263.76  0.1773   20.000       -142.95  0.2155   20.000
        116.4048     -340.77  0.1643   20.000      -7999.99  0.0928   20.000       -263.80  0.1772   20.000       -142.98  0.2154   20.000
        116.4442     -342.93  0.1640   20.000      -7999.99  0.0928   20.000       -263.85  0.1772   20.000       -143.01  0.2154   20.000
        116.4835     -345.07  0.1637   20.000      -7999.99  0.0928   20.000       -263.90  0.1772   20.000       -143.04  0.2154   20.000
        116.5352     -347.87  0.1634   20.000      -7999.99  0.0928   20.000       -263.97  0.1772   20.000       -143.08  0.2154   20.000
        116.5868     -350.66  0.1630   20.000      -7999.99  0.0928   20.000       -264.04  0.1772   20.000       -143.12  0.2154   20.000
        116.6557     -354.36  0.1625   20.000      -7999.99  0.0928   20.000       -264.13  0.1772   20.000       -143.17  0.2153   20.000
        116.7246     -358.05  0.1620   20.000      -7999.99  0.0928   20.000       -264.22  0.1772   20.000       -143.22  0.2153   20.000
        116.8164     -362.95  0.1613   20.000      -7999.99  0.0928   20.000       -264.34  0.1771   20.000       -143.29  0.2153   20.000
        116.9082     -367.88  0.1606   20.000      -7999.99  0.0928   20.000       -264.46  0.1771   20.000       -143.36  0.2152   20.000
        117.0000     -372.83  0.1599   20.000      -7999.99  0.0928   20.000       -264.58  0.1771   20.000       -143.43  0.2152   20.000
        117.0010     -372.88  0.1599   20.000      -7999.99  0.0928   20.000       -264.58  0.1771   20.000       -143.43  0.2152   20.000
        117.0020     -372.93  0.1599   20.000      -7999.99  0.0928   20.000       -264.59  0.1771   20.000       -143.44  0.2152   20.000
        117.0033     -373.00  0.1599   20.000      -7999.99  0.0928   20.000       -264.59  0.1771   20.000       -143.44  0.2152   20.000
        117.0050     -373.09  0.1599   20.000      -7999.99  0.0928   20.000       -264.59  0.1771   20.000       -143.44  0.2152   20.000
        117.0072     -373.20  0.1599   20.000      -7999.99  0.0928   20.000       -264.59  0.1771   20.000       -143.44  0.2152   20.000
        117.0100     -373.34  0.1599   20.000      -7999.99  0.0928   20.000       -264.60  0.1771   20.000       -143.44  0.2152   20.000
        117.0138     -373.53  0.1599   20.000      -7999.99  0.0928   20.000       -264.60  0.1771   20.000       -143.44  0.2152   20.000
        117.0175     -373.72  0.1598   20.000      -7999.99  0.0928   20.000       -264.61  0.1771   20.000       -143.45  0.2152   20.000
        117.0223     -373.97  0.1598   20.000      -7999.99  0.0928   20.000       -264.61  0.1771   20.000       -143.45  0.2152   20.000
        117.0286     -374.29  0.1597   20.000      -7999.99  0.0928   20.000       -264.62  0.1771   20.000       -143.46  0.2152   20.000
        117.0367     -374.71  0.1597   20.000      -7999.99  0.0928   20.000       -264.63  0.1771   20.000       -143.46  0.2152   20.000
        117.0473     -375.26  0.1596   20.000      -7999.99  0.0928   20.000       -264.64  0.1771   20.000       -143.47  0.2152   20.000
        117.0611     -375.99  0.1595   20.000      -7999.99  0.0928   20.000       -264.66  0.1771   20.000       -143.48  0.2152   20.000
        117.0749     -376.72  0.1594   20.000      -7999.99  0.0928   20.000       -264.68  0.1771   20.000       -143.49  0.2152   20.000
        117.0887     -377.47  0.1593   20.000      -7999.99  0.0928   20.000       -264.70  0.1771   20.000       -143.50  0.2152   20.000
        117.1066     -378.44  0.1592   20.000      -7999.99  0.0928   20.000       -264.72  0.1771   20.000       -143.52  0.2152   20.000
        117.1299     -379.72  0.1590   20.000      -7999.99  0.0928   20.000       -264.75  0.1771   20.000       -143.53  0.2151   20.000
        117.1532     -381.01  0.1588   20.000      -7999.99  0.0928   20.000       -264.78  0.1771   20.000       -143.55  0.2151   20.000
        117.1765     -382.31  0.1587   20.000      -7999.99  0.0928   20.000       -264.81  0.1770   20.000       -143.57  0.2151   20.000
        117.1998     -383.61  0.1585   20.000      -7999.99  0.0928   20.000       -264.84  0.1770   20.000       -143.59  0.2151   20.000
        117.2301     -385.30  0.1582   20.000      -7999.99  0.0928   20.000       -264.88  0.1770   20.000       -143.61  0.2151   20.000
        117.2513     -386.89  0.1581   20.000      -7999.99  0.0928   20.000       -264.91  0.1770   20.000       -143.63  0.2151   20.000
        117.2725     -388.46  0.1579   20.000      -7999.99  0.0928   20.000       -264.93  0.1770   20.000       -143.64  0.2151   20.000
        117.3001     -390.42  0.1578   20.000      -7999.99  0.0928   20.000       -264.97  0.1770   20.000       -143.66  0.2151   20.000
        117.3276     -392.32  0.1576   20.000      -7999.99  0.0928   20.000       -265.00  0.1770   20.000       -143.68  0.2151   20.000
        117.3552     -394.18  0.1574   20.000      -7999.99  0.0928   20.000       -265.04  0.1770   20.000       -143.71  0.2151   20.000
        117.3910     -396.58  0.1572   20.000      -7999.99  0.0928   20.000       -265.09  0.1770   20.000       -143.73  0.2150   20.000
        117.4268     -398.98  0.1569   20.000      -7999.99  0.0928   20.000       -265.13  0.1770   20.000       -143.76  0.2150   20.000
        117.4627     -401.38  0.1567   20.000      -7999.99  0.0928   20.000       -265.18  0.1770   20.000       -143.79  0.2150   20.000
        117.4985     -403.78  0.1565   20.000      -7999.99  0.0928   20.000       -265.22  0.1770   20.000       -143.81  0.2150   20.000
        117.5343     -406.17  0.1562   20.000      -7999.99  0.0928   20.000       -265.27  0.1770   20.000       -143.84  0.2150   20.000
        117.5702     -408.55  0.1560   20.000      -7999.99  0.0928   20.000       -265.31  0.1769   20.000       -143.87  0.2150   20.000
        117.6060     -410.92  0.1558   20.000      -7999.99  0.0928   20.000       -265.36  0.1769   20.000       -143.90  0.2149   20.000
        117.6418     -413.27  0.1556   20.000      -7999.99  0.0928   20.000       -265.40  0.1769   20.000       -143.92  0.2149   20.000
        117.6776     -415.62  0.1553   20.000      -7999.99  0.0928   20.000       -265.45  0.1769   20.000       -143.95  0.2149   20.000
        117.7135     -417.94  0.1551   20.000      -7999.99  0.0928   20.000       -265.49  0.1769   20.000       -143.98  0.2149   20.000
        117.7493     -420.24  0.1549   20.000      -7999.99  0.0928   20.000       -265.54  0.1769   20.000       -144.01  0.2149   20.000
        117.7851     -422.52  0.1547   20.000      -7999.99  0.0928   20.000       -265.58  0.1769   20.000       -144.03  0.2149   20.000
        117.8281     -425.18  0.1544   20.000      -7999.99  0.0928   20.000       -265.64  0.1769   20.000       -144.07  0.2149   20.000
        117.8854     -428.58  0.1541   20.000      -7999.99  0.0928   20.000       -265.71  0.1769   20.000       -144.11  0.2148   20.000
        117.9427     -431.73  0.1538   20.000      -7999.99  0.0928   20.000       -265.78  0.1769   20.000       -144.15  0.2148   20.000
        118.0000     -434.52  0.1535   20.000      -7999.99  0.0928   20.000       -265.85  0.1768   20.000       -144.20  0.2148   20.000
        118.0606     -436.87  0.1533   20.000      -7999.99  0.0928   20.000       -265.93  0.1768   20.000       -144.24  0.2148   20.000
        118.1211     -438.70  0.1531   20.000      -7999.99  0.0928   20.000       -266.00  0.1768   20.000       -144.29  0.2147   20.000
        118.1817     -439.57  0.1530   20.000      -7999.99  0.0928   20.000       -266.08  0.1768   20.000       -144.33  0.2147   20.000
        118.2422     -439.33  0.1531   20.000      -7999.99  0.0928   20.000       -266.16  0.1768   20.000       -144.38  0.2147   20.000
        118.3028     -437.91  0.1532   20.000      -7999.99  0.0928   20.000       -266.23  0.1768   20.000       -144.43  0.2147   20.000
        118.3633     -435.37  0.1534   20.000      -7999.99  0.0928   20.000       -266.31  0.1768   20.000       -144.47  0.2146   20.000
        118.4239     -431.89  0.1538   20.000      -7999.99  0.0928   20.000       -266.39  0.1767   20.000       -144.52  0.2146   20.000
        118.5062     -426.23  0.1543   20.000      -7999.98  0.0928   20.000       -266.49  0.1767   20.000       -144.58  0.2146   20.000
        118.5885     -420.14  0.1549   20.000      -7999.98  0.0928   20.000       -266.60  0.1767   20.000       -144.64  0.2145   20.000
        118.6708     -414.13  0.1555   20.000      -7999.97  0.0928   20.000       -266.70  0.1767   20.000       -144.70  0.2145   20.000
        118.7805     -407.16  0.1562   20.000      -7999.96  0.0928   20.000       -266.84  0.1767   20.000       -144.79  0.2145   20.000
        118.8903     -401.60  0.1567   20.000      -7999.95  0.0928   20.000       -266.98  0.1766   20.000       -144.87  0.2144   20.000
        119.0000     -397.67  0.1571   20.000      -7999.94  0.0928   20.000       -267.12  0.1766   20.000       -144.95  0.2144   20.000
        119.1250     -395.19  0.1573   20.000      -7999.93  0.0928   20.000       -267.28  0.1766   20.000       -145.05  0.2143   20.000
        119.2500     -393.07  0.1575   20.000      -7999.92  0.0928   20.000       -267.43  0.1765   20.000       -145.14  0.2143   20.000
        119.3750     -392.47  0.1576   20.000      -7999.92  0.0928   20.000       -267.58  0.1765   20.000       -145.24  0.2142   20.000
        119.5000     -393.11  0.1575   20.000      -7999.91  0.0928   20.000       -267.73  0.1765   20.000       -145.33  0.2142   20.000
        119.6250     -394.80  0.1573   20.000      -7999.90  0.0928   20.000       -267.88  0.1764   20.000       -145.42  0.2141   20.000
        119.7500     -397.37  0.1571   20.000      -7999.89  0.0928   20.000       -268.03  0.1764   20.000       -145.52  0.2141   20.000
        119.8750     -400.67  0.1568   20.000      -7999.88  0.0928   20.000       -268.18  0.1764   20.000       -145.61  0.2140   20.000
        120.0000     -404.59  0.1564   20.000      -7999.87  0.0928   20.000       -268.33  0.1764   20.000       -145.71  0.2140   20.000
end
