 ******* Program HYDRUS
 ******* Saison de culture (mais) 120 j : pluie, evaporation, transpiration, Fedd
 Date:   0. 0.    Time: 512:**:**
 Units: L = cm   , T = days , M = g    


    TLevel      Time          dt      Iter    ItCum  KodT  KodB  Convergency

        1  0.1000000E-02  0.10000E-02    2        2    -4    -5     T
        2  0.2000000E-02  0.10000E-02    2        4    -4    -5     T
        3  0.3300000E-02  0.13000E-02    2        6    -4    -5     T
        4  0.4990000E-02  0.16900E-02    2        8    -4    -5     T
        5  0.7187000E-02  0.21970E-02    2       10    -4    -5     T
        6  0.1004310E-01  0.28561E-02    2       12    -4    -5     T
        7  0.1375603E-01  0.37129E-02    2       14    -4    -5     T
        8  0.1858284E-01  0.48268E-02    2       16    -4    -5     T
        9  0.2485769E-01  0.62749E-02    2       18    -4    -5     T
       10  0.3301499E-01  0.81573E-02    2       20    -4    -5     T
       11  0.4361949E-01  0.10604E-01    2       22    -4    -5     T
       12  0.5740534E-01  0.13786E-01    2       24    -4    -5     T
       13  0.7532693E-01  0.17922E-01    2       26    -4    -5     T
       14  0.9862501E-01  0.23298E-01    2       28    -4    -5     T
       15  0.1289125E+00  0.30287E-01    2       30    -4    -5     T
       16  0.1682863E+00  0.39374E-01    2       32    -4    -5     T
       17  0.2194721E+00  0.51186E-01    2       34    -4    -5     T
       18  0.2860138E+00  0.66542E-01    3       37    -4    -5     T
       19  0.3752620E+00  0.89248E-01    3       40    -4    -5     T
       20  0.4793850E+00  0.10412E+00    2       42    -4    -5     T
       21  0.6095388E+00  0.13015E+00    3       45    -4    -5     T
       22  0.8047694E+00  0.19523E+00    2       47    -4    -5     T
       23  0.1000000E+01  0.19523E+00    3       50    -4    -5     T
       24  0.1250000E+01  0.25000E+00    6       56    -4    -5     T
       25  0.1500000E+01  0.25000E+00    6       62    -4    -5     T
       26  0.1750000E+01  0.25000E+00    6       68    -4    -5     T
       27  0.2000000E+01  0.25000E+00    5       73    -4    -5     T
       28  0.2001000E+01  0.10000E-02    6       79    -4    -5     T
       29  0.2002000E+01  0.10000E-02    5       84    -4    -5     T
       30  0.2003000E+01  0.10000E-02    5       89    -4    -5     T
       31  0.2004000E+01  0.10000E-02    5       94    -4    -5     T
       32  0.2005000E+01  0.10000E-02    4       98    -4    -5     T
       33  0.2006000E+01  0.10000E-02    5      103    -4    -5     T
       34  0.2007000E+01  0.10000E-02    5      108    -4    -5     T
       35  0.2008000E+01  0.10000E-02    2      110    -4    -5     T
       36  0.2009300E+01  0.13000E-02    5      115    -4    -5     T
       37  0.2010600E+01  0.13000E-02    4      119    -4    -5     T
       38  0.2011900E+01  0.13000E-02    5      124    -4    -5     T
       39  0.2013200E+01  0.13000E-02    4      128    -4    -5     T
       40  0.2014500E+01  0.13000E-02    4      132    -4    -5     T
       41  0.2015800E+01  0.13000E-02    4      136    -4    -5     T
       42  0.2017100E+01  0.13000E-02    5      141    -4    -5     T
       43  0.2018400E+01  0.13000E-02    4      145    -4    -5     T
       44  0.2019700E+01  0.13000E-02    4      149    -4    -5     T
       45  0.2021000E+01  0.13000E-02    2      151    -4    -5     T
       46  0.2022690E+01  0.16900E-02    3      154    -4    -5     T
       47  0.2024887E+01  0.21970E-02    5      159    -4    -5     T
       48  0.2027084E+01  0.21970E-02    4      163    -4    -5     T
       49  0.2029281E+01  0.21970E-02    2      165    -4    -5     T
       50  0.2032137E+01  0.28561E-02    5      170    -4    -5     T
       51  0.2034993E+01  0.28561E-02    6      176    -4    -5     T
       52  0.2037849E+01  0.28561E-02    5      181    -4    -5     T
       53  0.2040705E+01  0.28561E-02    4      185    -4    -5     T
       54  0.2043561E+01  0.28561E-02    5      190    -4    -5     T
       55  0.2046418E+01  0.28561E-02    4      194    -4    -5     T
       56  0.2049274E+01  0.28561E-02    5      199    -4    -5     T
       57  0.2052130E+01  0.28561E-02    3      202    -4    -5     T
       58  0.2055843E+01  0.37129E-02    6      208    -4    -5     T
       59  0.2059556E+01  0.37129E-02    4      212    -4    -5     T
       60  0.2063269E+01  0.37129E-02    4      216    -4    -5     T
       61  0.2066982E+01  0.37129E-02    4      220    -4    -5     T
       62  0.2070694E+01  0.37129E-02    5      225    -4    -5     T
       63  0.2074407E+01  0.37129E-02    4      229    -4    -5     T
       64  0.2078120E+01  0.37129E-02    5      234    -4    -5     T
       65  0.2081833E+01  0.37129E-02    3      237    -4    -5     T
       66  0.2086660E+01  0.48268E-02    4      241    -4    -5     T
       67  0.2091487E+01  0.48268E-02    6      247    -4    -5     T
       68  0.2096314E+01  0.48268E-02    5      252    -4    -5     T
       69  0.2101140E+01  0.48268E-02    3      255    -4    -5     T
       70  0.2107415E+01  0.62749E-02    5      260    -4    -5     T
       71  0.2113690E+01  0.62749E-02    5      265    -4    -5     T
       72  0.2119965E+01  0.62749E-02    4      269    -4    -5     T
       73  0.2126240E+01  0.62749E-02    5      274    -4    -5     T
       74  0.2132515E+01  0.62749E-02    5      279    -4    -5     T
       75  0.2138790E+01  0.62749E-02    5      284    -4    -5     T
       76  0.2145064E+01  0.62749E-02    5      289    -4    -5     T
       77  0.2151339E+01  0.62749E-02    5      294    -4    -5     T
       78  0.2157614E+01  0.62749E-02    3      297    -4    -5     T
       79  0.2165771E+01  0.81573E-02    5      302    -4    -5     T
       80  0.2173929E+01  0.81573E-02    5      307    -4    -5     T
       81  0.2182086E+01  0.81573E-02    5      312    -4    -5     T
       82  0.2190243E+01  0.81573E-02    5      317    -4    -5     T
       83  0.2198401E+01  0.81573E-02    4      321    -4    -5     T
       84  0.2206558E+01  0.81573E-02    4      325    -4    -5     T
       85  0.2214715E+01  0.81573E-02    4      329    -4    -5     T
       86  0.2222873E+01  0.81573E-02    5      334    -4    -5     T
       87  0.2231030E+01  0.81573E-02    5      339    -4    -5     T
       88  0.2239187E+01  0.81573E-02    4      343    -4    -5     T
       89  0.2247344E+01  0.81573E-02    4      347    -4    -5     T
       90  0.2255502E+01  0.81573E-02    4      351    -4    -5     T
       91  0.2263659E+01  0.81573E-02    4      355    -4    -5     T
       92  0.2271816E+01  0.81573E-02    5      360    -4    -5     T
       93  0.2279974E+01  0.81573E-02    4      364    -4    -5     T
       94  0.2288131E+01  0.81573E-02    4      368    -4    -5     T
       95  0.2296288E+01  0.81573E-02    4      372    -4    -5     T
       96  0.2304446E+01  0.81573E-02    4      376    -4    -5     T
       97  0.2312603E+01  0.81573E-02    4      380    -4    -5     T
       98  0.2320760E+01  0.81573E-02    4      384    -4    -5     T
       99  0.2328918E+01  0.81573E-02    4      388    -4    -5     T
      100  0.2337075E+01  0.81573E-02    4      392    -4    -5     T
      101  0.2345232E+01  0.81573E-02    4      396    -4    -5     T
      102  0.2353389E+01  0.81573E-02    4      400    -4    -5     T
      103  0.2361547E+01  0.81573E-02    4      404    -4    -5     T
      104  0.2369704E+01  0.81573E-02    4      408    -4    -5     T
      105  0.2377861E+01  0.81573E-02    4      412    -4    -5     T
      106  0.2386019E+01  0.81573E-02    4      416    -4    -5     T
      107  0.2394176E+01  0.81573E-02    4      420    -4    -5     T
      108  0.2402333E+01  0.81573E-02    3      423    -4    -5     T
      109  0.2412938E+01  0.10604E-01    5      428    -4    -5     T
      110  0.2423542E+01  0.10604E-01    4      432    -4    -5     T
      111  0.2434147E+01  0.10604E-01    4      436    -4    -5     T
      112  0.2444751E+01  0.10604E-01    4      440    -4    -5     T
      113  0.2455356E+01  0.10604E-01    3      443    -4    -5     T
      114  0.2469142E+01  0.13786E-01    5      448    -4    -5     T
      115  0.2482927E+01  0.13786E-01    5      453    -4    -5     T
      116  0.2496713E+01  0.13786E-01    4      457    -4    -5     T
      117  0.2510499E+01  0.13786E-01    5      462    -4    -5     T
      118  0.2524285E+01  0.13786E-01    5      467    -4    -5     T
      119  0.2538071E+01  0.13786E-01    4      471    -4    -5     T
      120  0.2551857E+01  0.13786E-01    4      475    -4    -5     T
      121  0.2565643E+01  0.13786E-01    5      480    -4    -5     T
      122  0.2579428E+01  0.13786E-01    4      484    -4    -5     T
      123  0.2593214E+01  0.13786E-01    4      488    -4    -5     T
      124  0.2607000E+01  0.13786E-01    4      492    -4    -5     T
      125  0.2620786E+01  0.13786E-01    5      497    -4    -5     T
      126  0.2634572E+01  0.13786E-01    4      501    -4    -5     T
      127  0.2648358E+01  0.13786E-01    3      504    -4    -5     T
      128  0.2666279E+01  0.17922E-01    6      510    -4    -5     T
      129  0.2684201E+01  0.17922E-01    5      515    -4    -5     T
      130  0.2702122E+01  0.17922E-01    4      519    -4    -5     T
      131  0.2720044E+01  0.17922E-01    6      525    -4    -5     T
      132  0.2737966E+01  0.17922E-01    5      530    -4    -5     T
      133  0.2755887E+01  0.17922E-01    4      534    -4    -5     T
      134  0.2773809E+01  0.17922E-01    6      540    -4    -5     T
      135  0.2791730E+01  0.17922E-01    5      545    -4    -5     T
      136  0.2809652E+01  0.17922E-01    4      549    -4    -5     T
      137  0.2827574E+01  0.17922E-01    5      554    -4    -5     T
      138  0.2844816E+01  0.17243E-01    5      559    -4    -5     T
      139  0.2862059E+01  0.17243E-01    4      563    -4    -5     T
      140  0.2879302E+01  0.17243E-01    5      568    -4    -5     T
      141  0.2896544E+01  0.17243E-01    5      573    -4    -5     T
      142  0.2913787E+01  0.17243E-01    4      577    -4    -5     T
      143  0.2931029E+01  0.17243E-01    5      582    -4    -5     T
      144  0.2948272E+01  0.17243E-01    5      587    -4    -5     T
      145  0.2965515E+01  0.17243E-01    3      590    -4    -5     T
      146  0.3000000E+01  0.34485E-01    8      598    -4    -5     T
      147  0.3016309E+01  0.16309E-01    6      604    -4    -5     T
      148  0.3032617E+01  0.16309E-01    5      609    -4    -5     T
      149  0.3048926E+01  0.16309E-01    5      614    -4    -5     T
      150  0.3065235E+01  0.16309E-01    4      618    -4    -5     T
      151  0.3081543E+01  0.16309E-01    4      622    -4    -5     T
      152  0.3097852E+01  0.16309E-01    5      627    -4    -5     T
      153  0.3114161E+01  0.16309E-01    5      632    -4    -5     T
      154  0.3130469E+01  0.16309E-01    3      635    -4    -5     T
      155  0.3151670E+01  0.21201E-01    5      640    -4    -5     T
      156  0.3172872E+01  0.21201E-01    5      645    -4    -5     T
      157  0.3194073E+01  0.21201E-01    4      649    -4    -5     T
      158  0.3215274E+01  0.21201E-01    5      654    -4    -5     T
      159  0.3236475E+01  0.21201E-01    5      659    -4    -5     T
      160  0.3257677E+01  0.21201E-01    4      663    -4    -5     T
      161  0.3278878E+01  0.21201E-01    4      667    -4    -5     T
      162  0.3300079E+01  0.21201E-01    4      671    -4    -5     T
      163  0.3321280E+01  0.21201E-01    4      675    -4    -5     T
      164  0.3342482E+01  0.21201E-01    4      679    -4    -5     T
      165  0.3363683E+01  0.21201E-01    3      682    -4    -5     T
      166  0.3391245E+01  0.27562E-01    4      686    -4    -5     T
      167  0.3418806E+01  0.27562E-01    4      690    -4    -5     T
      168  0.3446368E+01  0.27562E-01    4      694    -4    -5     T
      169  0.3473929E+01  0.27562E-01    4      698    -4    -5     T
      170  0.3501491E+01  0.27562E-01    4      702    -4    -5     T
      171  0.3529053E+01  0.27562E-01    3      705    -4    -5     T
      172  0.3564883E+01  0.35830E-01    4      709    -4    -5     T
      173  0.3600713E+01  0.35830E-01    4      713    -4    -5     T
      174  0.3636543E+01  0.35830E-01    3      716    -4    -5     T
      175  0.3681975E+01  0.45432E-01    3      719    -4    -5     T
      176  0.3745580E+01  0.63605E-01    5      724    -4    -5     T
      177  0.3809185E+01  0.63605E-01    4      728    -4    -5     T
      178  0.3872790E+01  0.63605E-01    4      732    -4    -5     T
      179  0.3936395E+01  0.63605E-01    4      736    -4    -5     T
      180  0.4000000E+01  0.63605E-01    4      740    -4    -5     T
      181  0.4060553E+01  0.60553E-01    4      744    -4    -5     T
      182  0.4121106E+01  0.60553E-01    3      747    -4    -5     T
      183  0.4199825E+01  0.78719E-01    4      751    -4    -5     T
      184  0.4279842E+01  0.80018E-01    4      755    -4    -5     T
      185  0.4359860E+01  0.80018E-01    3      758    -4    -5     T
      186  0.4466550E+01  0.10669E+00    4      762    -4    -5     T
      187  0.4573240E+01  0.10669E+00    4      766    -4    -5     T
      188  0.4679930E+01  0.10669E+00    4      770    -4    -5     T
      189  0.4786620E+01  0.10669E+00    3      773    -4    -5     T
      190  0.4893310E+01  0.10669E+00    4      777    -4    -5     T
      191  0.5000000E+01  0.10669E+00    3      780    -4    -5     T
      192  0.5001000E+01  0.10000E-02    6      786    -4    -5     T
      193  0.5002000E+01  0.10000E-02    4      790    -4    -5     T
      194  0.5003000E+01  0.10000E-02    4      794    -4    -5     T
      195  0.5004000E+01  0.10000E-02    4      798    -4    -5     T
      196  0.5005000E+01  0.10000E-02    3      801    -4    -5     T
      197  0.5006300E+01  0.13000E-02    4      805    -4    -5     T
      198  0.5007600E+01  0.13000E-02    4      809    -4    -5     T
      199  0.5008900E+01  0.13000E-02    2      811    -4    -5     T
      200  0.5010590E+01  0.16900E-02    2      813    -4    -5     T
      201  0.5012787E+01  0.21970E-02    4      817    -4    -5     T
      202  0.5014984E+01  0.21970E-02    4      821    -4    -5     T
      203  0.5017181E+01  0.21970E-02    2      823    -4    -5     T
      204  0.5020037E+01  0.28561E-02    5      828    -4    -5     T
      205  0.5022893E+01  0.28561E-02    4      832    -4    -5     T
      206  0.5025749E+01  0.28561E-02    3      835    -4    -5     T
      207  0.5029462E+01  0.37129E-02    3      838    -4    -5     T
      208  0.5034289E+01  0.48268E-02    4      842    -4    -5     T
      209  0.5039116E+01  0.48268E-02    4      846    -4    -5     T
      210  0.5043943E+01  0.48268E-02    4      850    -4    -5     T
      211  0.5048769E+01  0.48268E-02    4      854    -4    -5     T
      212  0.5053596E+01  0.48268E-02    3      857    -4    -5     T
      213  0.5059871E+01  0.62749E-02    4      861    -4    -5     T
      214  0.5066146E+01  0.62749E-02    4      865    -4    -5     T
      215  0.5072421E+01  0.62749E-02    3      868    -4    -5     T
      216  0.5080578E+01  0.81573E-02    4      872    -4    -5     T
      217  0.5088735E+01  0.81573E-02    4      876    -4    -5     T
      218  0.5096893E+01  0.81573E-02    4      880    -4    -5     T
      219  0.5105050E+01  0.81573E-02    3      883    -4    -5     T
      220  0.5115655E+01  0.10604E-01    4      887    -4    -5     T
      221  0.5126259E+01  0.10604E-01    4      891    -4    -5     T
      222  0.5136864E+01  0.10604E-01    4      895    -4    -5     T
      223  0.5147468E+01  0.10604E-01    4      899    -4    -5     T
      224  0.5158073E+01  0.10604E-01    3      902    -4    -5     T
      225  0.5171858E+01  0.13786E-01    4      906    -4    -5     T
      226  0.5185644E+01  0.13786E-01    4      910    -4    -5     T
      227  0.5199430E+01  0.13786E-01    4      914    -4    -5     T
      228  0.5213216E+01  0.13786E-01    4      918    -4    -5     T
      229  0.5227002E+01  0.13786E-01    3      921    -4    -5     T
      230  0.5244923E+01  0.17922E-01    4      925    -4    -5     T
      231  0.5262845E+01  0.17922E-01    4      929    -4    -5     T
      232  0.5280767E+01  0.17922E-01    4      933    -4    -5     T
      233  0.5298688E+01  0.17922E-01    4      937    -4    -5     T
      234  0.5316610E+01  0.17922E-01    4      941    -4    -5     T
      235  0.5334531E+01  0.17922E-01    4      945    -4    -5     T
      236  0.5352453E+01  0.17922E-01    4      949    -4    -5     T
      237  0.5370375E+01  0.17922E-01    3      952    -4    -5     T
      238  0.5393673E+01  0.23298E-01    4      956    -4    -5     T
      239  0.5416971E+01  0.23298E-01    4      960    -4    -5     T
      240  0.5440269E+01  0.23298E-01    4      964    -4    -5     T
      241  0.5463567E+01  0.23298E-01    4      968    -4    -5     T
      242  0.5486865E+01  0.23298E-01    4      972    -4    -5     T
      243  0.5510163E+01  0.23298E-01    3      975    -4    -5     T
      244  0.5540451E+01  0.30287E-01    4      979    -4    -5     T
      245  0.5570738E+01  0.30287E-01    4      983    -4    -5     T
      246  0.5601026E+01  0.30287E-01    4      987    -4    -5     T
      247  0.5631313E+01  0.30287E-01    4      991    -4    -5     T
      248  0.5661601E+01  0.30287E-01    4      995    -4    -5     T
      249  0.5691888E+01  0.30287E-01    4      999    -4    -5     T
      250  0.5722699E+01  0.30811E-01    4     1003    -4    -5     T
      251  0.5753510E+01  0.30811E-01    4     1007    -4    -5     T
      252  0.5784322E+01  0.30811E-01    4     1011    -4    -5     T
      253  0.5815133E+01  0.30811E-01    4     1015    -4    -5     T
      254  0.5845944E+01  0.30811E-01    4     1019    -4    -5     T
      255  0.5876755E+01  0.30811E-01    4     1023    -4    -5     T
      256  0.5907566E+01  0.30811E-01    4     1027    -4    -5     T
      257  0.5938378E+01  0.30811E-01    4     1031    -4    -5     T
      258  0.5969189E+01  0.30811E-01    3     1034    -4    -5     T
      259  0.6000000E+01  0.30811E-01    4     1038    -4    -5     T
      260  0.6001000E+01  0.10000E-02    4     1042    -4    -5     T
      261  0.6002000E+01  0.10000E-02    2     1044    -4    -5     T
      262  0.6003300E+01  0.13000E-02    2     1046    -4    -5     T
      263  0.6004990E+01  0.16900E-02    2     1048    -4    -5     T
      264  0.6007187E+01  0.21970E-02    2     1050    -4    -5     T
      265  0.6010043E+01  0.28561E-02    2     1052    -4    -5     T
      266  0.6013756E+01  0.37129E-02    2     1054    -4    -5     T
      267  0.6018583E+01  0.48268E-02    2     1056    -4    -5     T
      268  0.6024858E+01  0.62749E-02    2     1058    -4    -5     T
      269  0.6033015E+01  0.81573E-02    2     1060    -4    -5     T
      270  0.6043619E+01  0.10604E-01    2     1062    -4    -5     T
      271  0.6057405E+01  0.13786E-01    2     1064    -4    -5     T
      272  0.6075327E+01  0.17922E-01    4     1068    -4    -5     T
      273  0.6093249E+01  0.17922E-01    4     1072    -4    -5     T
      274  0.6111170E+01  0.17922E-01    3     1075    -4    -5     T
      275  0.6134468E+01  0.23298E-01    4     1079    -4    -5     T
      276  0.6157766E+01  0.23298E-01    4     1083    -4    -5     T
      277  0.6181064E+01  0.23298E-01    4     1087    -4    -5     T
      278  0.6204362E+01  0.23298E-01    4     1091    -4    -5     T
      279  0.6227661E+01  0.23298E-01    3     1094    -4    -5     T
      280  0.6257948E+01  0.30287E-01    4     1098    -4    -5     T
      281  0.6288236E+01  0.30287E-01    4     1102    -4    -5     T
      282  0.6318523E+01  0.30287E-01    4     1106    -4    -5     T
      283  0.6348811E+01  0.30287E-01    4     1110    -4    -5     T
      284  0.6379098E+01  0.30287E-01    3     1113    -4    -5     T
      285  0.6418472E+01  0.39374E-01    5     1118    -4    -5     T
      286  0.6457846E+01  0.39374E-01    4     1122    -4    -5     T
      287  0.6497219E+01  0.39374E-01    4     1126    -4    -5     T
      288  0.6536593E+01  0.39374E-01    4     1130    -4    -5     T
      289  0.6575967E+01  0.39374E-01    4     1134    -4    -5     T
      290  0.6615340E+01  0.39374E-01    4     1138    -4    -5     T
      291  0.6653806E+01  0.38466E-01    3     1141    -4    -5     T
      292  0.6703263E+01  0.49456E-01    5     1146    -4    -5     T
      293  0.6752719E+01  0.49456E-01    4     1150    -4    -5     T
      294  0.6802175E+01  0.49456E-01    4     1154    -4    -5     T
      295  0.6851631E+01  0.49456E-01    4     1158    -4    -5     T
      296  0.6901088E+01  0.49456E-01    4     1162    -4    -5     T
      297  0.6950544E+01  0.49456E-01    4     1166    -4    -5     T
      298  0.7000000E+01  0.49456E-01    4     1170    -4    -5     T
      299  0.7051186E+01  0.51186E-01    4     1174    -4    -5     T
      300  0.7102372E+01  0.51186E-01    4     1178    -4    -5     T
      301  0.7153558E+01  0.51186E-01    4     1182    -4    -5     T
      302  0.7204743E+01  0.51186E-01    4     1186    -4    -5     T
      303  0.7255929E+01  0.51186E-01    3     1189    -4    -5     T
      304  0.7322471E+01  0.66542E-01    4     1193    -4    -5     T
      305  0.7390224E+01  0.67753E-01    4     1197    -4    -5     T
      306  0.7457977E+01  0.67753E-01    4     1201    -4    -5     T
      307  0.7525730E+01  0.67753E-01    4     1205    -4    -5     T
      308  0.7593483E+01  0.67753E-01    4     1209    -4    -5     T
      309  0.7661235E+01  0.67753E-01    4     1213    -4    -5     T
      310  0.7728988E+01  0.67753E-01    4     1217    -4    -5     T
      311  0.7796741E+01  0.67753E-01    3     1220    -4    -5     T
      312  0.7898371E+01  0.10163E+00    4     1224    -4    -5     T
      313  0.8000000E+01  0.10163E+00    4     1228    -4    -5     T
      314  0.8001000E+01  0.10000E-02    4     1232    -4    -5     T
      315  0.8002000E+01  0.10000E-02    2     1234    -4    -5     T
      316  0.8003300E+01  0.13000E-02    2     1236    -4    -5     T
      317  0.8004990E+01  0.16900E-02    2     1238    -4    -5     T
      318  0.8007187E+01  0.21970E-02    2     1240    -4    -5     T
      319  0.8010043E+01  0.28561E-02    2     1242    -4    -5     T
      320  0.8013756E+01  0.37129E-02    2     1244    -4    -5     T
      321  0.8018583E+01  0.48268E-02    2     1246    -4    -5     T
      322  0.8024858E+01  0.62749E-02    2     1248    -4    -5     T
      323  0.8033015E+01  0.81573E-02    2     1250    -4    -5     T
      324  0.8043619E+01  0.10604E-01    2     1252    -4    -5     T
      325  0.8057405E+01  0.13786E-01    2     1254    -4    -5     T
      326  0.8075327E+01  0.17922E-01    2     1256    -4    -5     T
      327  0.8098625E+01  0.23298E-01    2     1258    -4    -5     T
      328  0.8128913E+01  0.30287E-01    2     1260    -4    -5     T
      329  0.8168286E+01  0.39374E-01    2     1262    -4    -5     T
      330  0.8219472E+01  0.51186E-01    4     1266    -4    -5     T
      331  0.8270658E+01  0.51186E-01    3     1269    -4    -5     T
      332  0.8337200E+01  0.66542E-01    3     1272    -4    -5     T
      333  0.8420050E+01  0.82850E-01    4     1276    -4    -5     T
      334  0.8502900E+01  0.82850E-01    3     1279    -4    -5     T
      335  0.8627175E+01  0.12428E+00    4     1283    -4    -5     T
      336  0.8751450E+01  0.12428E+00    4     1287    -4    -5     T
      337  0.8875725E+01  0.12428E+00    4     1291    -4    -5     T
      338  0.9000000E+01  0.12428E+00    4     1295    -4    -5     T
      339  0.9111111E+01  0.11111E+00    5     1300    -4    -5     T
      340  0.9222222E+01  0.11111E+00    4     1304    -4    -5     T
      341  0.9333333E+01  0.11111E+00    4     1308    -4    -5     T
      342  0.9444444E+01  0.11111E+00    4     1312    -4    -5     T
      343  0.9555556E+01  0.11111E+00    3     1315    -4    -5     T
      344  0.9703704E+01  0.14815E+00    3     1318    -4    -5     T
      345  0.9851852E+01  0.14815E+00    3     1321    -4    -5     T
      346  0.1000000E+02  0.14815E+00    3     1324    -4    -5     T
      347  0.1025000E+02  0.25000E+00    4     1328    -4    -5     T
      348  0.1050000E+02  0.25000E+00    4     1332    -4    -5     T
      349  0.1075000E+02  0.25000E+00    4     1336    -4    -5     T
      350  0.1100000E+02  0.25000E+00    4     1340    -4    -5     T
      351  0.1125000E+02  0.25000E+00    4     1344    -4    -5     T
      352  0.1150000E+02  0.25000E+00    4     1348    -4    -5     T
      353  0.1175000E+02  0.25000E+00    4     1352    -4    -5     T
      354  0.1200000E+02  0.25000E+00    3     1355    -4    -5     T
      355  0.1225000E+02  0.25000E+00    3     1358    -4    -5     T
      356  0.1250000E+02  0.25000E+00    3     1361    -4    -5     T
      357  0.1275000E+02  0.25000E+00    3     1364    -4    -5     T
      358  0.1300000E+02  0.25000E+00    3     1367    -4    -5     T
      359  0.1300100E+02  0.10000E-02    2     1369    -4    -5     T
      360  0.1300230E+02  0.13000E-02    2     1371    -4    -5     T
      361  0.1300399E+02  0.16900E-02    2     1373    -4    -5     T
      362  0.1300619E+02  0.21970E-02    2     1375    -4    -5     T
      363  0.1300904E+02  0.28561E-02    2     1377    -4    -5     T
      364  0.1301276E+02  0.37129E-02    3     1380    -4    -5     T
      365  0.1301758E+02  0.48268E-02    3     1383    -4    -5     T
      366  0.1302386E+02  0.62749E-02    3     1386    -4    -5     T
      367  0.1303201E+02  0.81573E-02    4     1390    -4    -5     T
      368  0.1304017E+02  0.81573E-02    4     1394    -4    -5     T
      369  0.1304833E+02  0.81573E-02    2     1396    -4    -5     T
      370  0.1305893E+02  0.10604E-01    4     1400    -4    -5     T
      371  0.1306954E+02  0.10604E-01    2     1402    -4    -5     T
      372  0.1308332E+02  0.13786E-01    2     1404    -4    -5     T
      373  0.1310125E+02  0.17922E-01    2     1406    -4    -5     T
      374  0.1312454E+02  0.23298E-01    4     1410    -4    -5     T
      375  0.1314784E+02  0.23298E-01    4     1414    -4    -5     T
      376  0.1317114E+02  0.23298E-01    3     1417    -4    -5     T
      377  0.1320143E+02  0.30287E-01    4     1421    -4    -5     T
      378  0.1323172E+02  0.30287E-01    3     1424    -4    -5     T
      379  0.1327109E+02  0.39374E-01    4     1428    -4    -5     T
      380  0.1331046E+02  0.39374E-01    4     1432    -4    -5     T
      381  0.1334984E+02  0.39374E-01    4     1436    -4    -5     T
      382  0.1338921E+02  0.39374E-01    4     1440    -4    -5     T
      383  0.1342858E+02  0.39374E-01    2     1442    -4    -5     T
      384  0.1347977E+02  0.51186E-01    2     1444    -4    -5     T
      385  0.1354480E+02  0.65029E-01    4     1448    -4    -5     T
      386  0.1360983E+02  0.65029E-01    4     1452    -4    -5     T
      387  0.1367486E+02  0.65029E-01    4     1456    -4    -5     T
      388  0.1373988E+02  0.65029E-01    3     1459    -4    -5     T
      389  0.1382659E+02  0.86705E-01    4     1463    -4    -5     T
      390  0.1391329E+02  0.86705E-01    4     1467    -4    -5     T
      391  0.1400000E+02  0.86705E-01    4     1471    -4    -5     T
      392  0.1408650E+02  0.86504E-01    6     1477    -4    -5     T
      393  0.1417301E+02  0.86504E-01    4     1481    -4    -5     T
      394  0.1425571E+02  0.82699E-01    4     1485    -4    -5     T
      395  0.1433841E+02  0.82699E-01    4     1489    -4    -5     T
      396  0.1442111E+02  0.82699E-01    3     1492    -4    -5     T
      397  0.1453688E+02  0.11578E+00    3     1495    -4    -5     T
      398  0.1469126E+02  0.15437E+00    3     1498    -4    -5     T
      399  0.1484563E+02  0.15437E+00    3     1501    -4    -5     T
      400  0.1500000E+02  0.15437E+00    3     1504    -4    -5     T
      401  0.1525000E+02  0.25000E+00    4     1508    -4    -5     T
      402  0.1550000E+02  0.25000E+00    2     1510    -4    -5     T
      403  0.1575000E+02  0.25000E+00    2     1512    -4    -5     T
      404  0.1600000E+02  0.25000E+00    2     1514    -4    -5     T
      405  0.1625000E+02  0.25000E+00    4     1518    -4    -5     T
      406  0.1650000E+02  0.25000E+00    2     1520    -4    -5     T
      407  0.1675000E+02  0.25000E+00    2     1522    -4    -5     T
      408  0.1700000E+02  0.25000E+00    3     1525    -4    -5     T
      409  0.1700100E+02  0.10000E-02    4     1529    -4    -5     T
      410  0.1700200E+02  0.10000E-02    2     1531    -4    -5     T
      411  0.1700330E+02  0.13000E-02    2     1533    -4    -5     T
      412  0.1700499E+02  0.16900E-02    3     1536    -4    -5     T
      413  0.1700719E+02  0.21970E-02    2     1538    -4    -5     T
      414  0.1701004E+02  0.28561E-02    2     1540    -4    -5     T
      415  0.1701376E+02  0.37129E-02    2     1542    -4    -5     T
      416  0.1701858E+02  0.48268E-02    4     1546    -4    -5     T
      417  0.1702341E+02  0.48268E-02    4     1550    -4    -5     T
      418  0.1702824E+02  0.48268E-02    3     1553    -4    -5     T
      419  0.1703451E+02  0.62749E-02    3     1556    -4    -5     T
      420  0.1704267E+02  0.81573E-02    4     1560    -4    -5     T
      421  0.1705083E+02  0.81573E-02    4     1564    -4    -5     T
      422  0.1705898E+02  0.81573E-02    3     1567    -4    -5     T
      423  0.1706959E+02  0.10604E-01    3     1570    -4    -5     T
      424  0.1708337E+02  0.13786E-01    4     1574    -4    -5     T
      425  0.1709716E+02  0.13786E-01    4     1578    -4    -5     T
      426  0.1711095E+02  0.13786E-01    3     1581    -4    -5     T
      427  0.1712887E+02  0.17922E-01    4     1585    -4    -5     T
      428  0.1714679E+02  0.17922E-01    4     1589    -4    -5     T
      429  0.1716471E+02  0.17922E-01    4     1593    -4    -5     T
      430  0.1718263E+02  0.17922E-01    2     1595    -4    -5     T
      431  0.1720593E+02  0.23298E-01    4     1599    -4    -5     T
      432  0.1722923E+02  0.23298E-01    4     1603    -4    -5     T
      433  0.1725253E+02  0.23298E-01    2     1605    -4    -5     T
      434  0.1728281E+02  0.30287E-01    4     1609    -4    -5     T
      435  0.1731310E+02  0.30287E-01    4     1613    -4    -5     T
      436  0.1734339E+02  0.30287E-01    4     1617    -4    -5     T
      437  0.1737368E+02  0.30287E-01    4     1621    -4    -5     T
      438  0.1740396E+02  0.30287E-01    2     1623    -4    -5     T
      439  0.1744334E+02  0.39374E-01    4     1627    -4    -5     T
      440  0.1748271E+02  0.39374E-01    3     1630    -4    -5     T
      441  0.1753444E+02  0.51729E-01    4     1634    -4    -5     T
      442  0.1758617E+02  0.51729E-01    4     1638    -4    -5     T
      443  0.1763790E+02  0.51729E-01    4     1642    -4    -5     T
      444  0.1768963E+02  0.51729E-01    3     1645    -4    -5     T
      445  0.1775170E+02  0.62075E-01    4     1649    -4    -5     T
      446  0.1781378E+02  0.62075E-01    4     1653    -4    -5     T
      447  0.1787585E+02  0.62075E-01    3     1656    -4    -5     T
      448  0.1800000E+02  0.12415E+00    5     1661    -4    -5     T
      449  0.1808650E+02  0.86504E-01    6     1667    -4    -5     T
      450  0.1817301E+02  0.86504E-01    4     1671    -4    -5     T
      451  0.1825571E+02  0.82699E-01    4     1675    -4    -5     T
      452  0.1833841E+02  0.82699E-01    4     1679    -4    -5     T
      453  0.1842111E+02  0.82699E-01    4     1683    -4    -5     T
      454  0.1850380E+02  0.82699E-01    2     1685    -4    -5     T
      455  0.1862785E+02  0.12405E+00    3     1688    -4    -5     T
      456  0.1875190E+02  0.12405E+00    3     1691    -4    -5     T
      457  0.1900000E+02  0.24810E+00    4     1695    -4    -5     T
      458  0.1920000E+02  0.20000E+00    4     1699    -4    -5     T
      459  0.1940000E+02  0.20000E+00    3     1702    -4    -5     T
      460  0.1965000E+02  0.25000E+00    3     1705    -4    -5     T
      461  0.1982500E+02  0.17500E+00    2     1707    -4    -5     T
      462  0.2000000E+02  0.17500E+00    2     1709    -4    -5     T
      463  0.2025000E+02  0.25000E+00    2     1711    -4    -5     T
      464  0.2050000E+02  0.25000E+00    2     1713    -4    -5     T
      465  0.2075000E+02  0.25000E+00    2     1715    -4    -5     T
      466  0.2100000E+02  0.25000E+00    2     1717    -4    -5     T
      467  0.2125000E+02  0.25000E+00    3     1720    -4    -5     T
      468  0.2150000E+02  0.25000E+00    3     1723    -4    -5     T
      469  0.2175000E+02  0.25000E+00    3     1726    -4    -5     T
      470  0.2200000E+02  0.25000E+00    3     1729    -4    -5     T
      471  0.2225000E+02  0.25000E+00    5     1734    -4    -5     T
      472  0.2250000E+02  0.25000E+00    4     1738    -4    -5     T
      473  0.2275000E+02  0.25000E+00    3     1741    -4    -5     T
      474  0.2300000E+02  0.25000E+00    4     1745    -4    -5     T
      475  0.2300100E+02  0.10000E-02    6     1751    -4    -5     T
      476  0.2300200E+02  0.10000E-02    4     1755    -4    -5     T
      477  0.2300300E+02  0.10000E-02    2     1757    -4    -5     T
      478  0.2300430E+02  0.13000E-02    2     1759    -4    -5     T
      479  0.2300599E+02  0.16900E-02    4     1763    -4    -5     T
      480  0.2300768E+02  0.16900E-02    4     1767    -4    -5     T
      481  0.2300937E+02  0.16900E-02    3     1770    -4    -5     T
      482  0.2301157E+02  0.21970E-02    4     1774    -4    -5     T
      483  0.2301376E+02  0.21970E-02    4     1778    -4    -5     T
      484  0.2301596E+02  0.21970E-02    4     1782    -4    -5     T
      485  0.2301816E+02  0.21970E-02    5     1787    -4    -5     T
      486  0.2302035E+02  0.21970E-02    4     1791    -4    -5     T
      487  0.2302255E+02  0.21970E-02    2     1793    -4    -5     T
      488  0.2302541E+02  0.28561E-02    2     1795    -4    -5     T
      489  0.2302912E+02  0.37129E-02    4     1799    -4    -5     T
      490  0.2303283E+02  0.37129E-02    5     1804    -4    -5     T
      491  0.2303655E+02  0.37129E-02    5     1809    -4    -5     T
      492  0.2304026E+02  0.37129E-02    3     1812    -4    -5     T
      493  0.2304509E+02  0.48268E-02    3     1815    -4    -5     T
      494  0.2305136E+02  0.62749E-02    6     1821    -4    -5     T
      495  0.2305764E+02  0.62749E-02    4     1825    -4    -5     T
      496  0.2306391E+02  0.62749E-02    4     1829    -4    -5     T
      497  0.2307019E+02  0.62749E-02    5     1834    -4    -5     T
      498  0.2307646E+02  0.62749E-02    5     1839    -4    -5     T
      499  0.2308274E+02  0.62749E-02    5     1844    -4    -5     T
      500  0.2308901E+02  0.62749E-02    3     1847    -4    -5     T
      501  0.2309717E+02  0.81573E-02    3     1850    -4    -5     T
      502  0.2310777E+02  0.10604E-01    4     1854    -4    -5     T
      503  0.2311838E+02  0.10604E-01    6     1860    -4    -5     T
      504  0.2312898E+02  0.10604E-01    5     1865    -4    -5     T
      505  0.2313959E+02  0.10604E-01    4     1869    -4    -5     T
      506  0.2315019E+02  0.10604E-01    4     1873    -4    -5     T
      507  0.2316079E+02  0.10604E-01    4     1877    -4    -5     T
      508  0.2317140E+02  0.10604E-01    4     1881    -4    -5     T
      509  0.2318200E+02  0.10604E-01    4     1885    -4    -5     T
      510  0.2319261E+02  0.10604E-01    4     1889    -4    -5     T
      511  0.2320321E+02  0.10604E-01    4     1893    -4    -5     T
      512  0.2321382E+02  0.10604E-01    4     1897    -4    -5     T
      513  0.2322442E+02  0.10604E-01    4     1901    -4    -5     T
      514  0.2323503E+02  0.10604E-01    2     1903    -4    -5     T
      515  0.2324881E+02  0.13786E-01    4     1907    -4    -5     T
      516  0.2326260E+02  0.13786E-01    4     1911    -4    -5     T
      517  0.2327638E+02  0.13786E-01    4     1915    -4    -5     T
      518  0.2329017E+02  0.13786E-01    3     1918    -4    -5     T
      519  0.2330809E+02  0.17922E-01    4     1922    -4    -5     T
      520  0.2332601E+02  0.17922E-01    5     1927    -4    -5     T
      521  0.2334393E+02  0.17922E-01    4     1931    -4    -5     T
      522  0.2336186E+02  0.17922E-01    4     1935    -4    -5     T
      523  0.2337978E+02  0.17922E-01    4     1939    -4    -5     T
      524  0.2339770E+02  0.17922E-01    4     1943    -4    -5     T
      525  0.2341562E+02  0.17922E-01    3     1946    -4    -5     T
      526  0.2343892E+02  0.23298E-01    4     1950    -4    -5     T
      527  0.2346222E+02  0.23298E-01    4     1954    -4    -5     T
      528  0.2348552E+02  0.23298E-01    4     1958    -4    -5     T
      529  0.2350881E+02  0.23298E-01    4     1962    -4    -5     T
      530  0.2353211E+02  0.23298E-01    4     1966    -4    -5     T
      531  0.2355541E+02  0.23298E-01    4     1970    -4    -5     T
      532  0.2357871E+02  0.23298E-01    3     1973    -4    -5     T
      533  0.2360899E+02  0.30287E-01    4     1977    -4    -5     T
      534  0.2363928E+02  0.30287E-01    4     1981    -4    -5     T
      535  0.2366957E+02  0.30287E-01    4     1985    -4    -5     T
      536  0.2369986E+02  0.30287E-01    3     1988    -4    -5     T
      537  0.2373738E+02  0.37518E-01    4     1992    -4    -5     T
      538  0.2377489E+02  0.37518E-01    4     1996    -4    -5     T
      539  0.2381241E+02  0.37518E-01    4     2000    -4    -5     T
      540  0.2384993E+02  0.37518E-01    4     2004    -4    -5     T
      541  0.2388745E+02  0.37518E-01    4     2008    -4    -5     T
      542  0.2392496E+02  0.37518E-01    4     2012    -4    -5     T
      543  0.2396248E+02  0.37518E-01    3     2015    -4    -5     T
      544  0.2400000E+02  0.37518E-01    3     2018    -4    -5     T
      545  0.2405119E+02  0.51186E-01    6     2024    -4    -5     T
      546  0.2410237E+02  0.51186E-01    5     2029    -4    -5     T
      547  0.2415356E+02  0.51186E-01    5     2034    -4    -5     T
      548  0.2420474E+02  0.51186E-01    4     2038    -4    -5     T
      549  0.2425593E+02  0.51186E-01    4     2042    -4    -5     T
      550  0.2430712E+02  0.51186E-01    4     2046    -4    -5     T
      551  0.2435830E+02  0.51186E-01    4     2050    -4    -5     T
      552  0.2440949E+02  0.51186E-01    3     2053    -4    -5     T
      553  0.2447510E+02  0.65613E-01    4     2057    -4    -5     T
      554  0.2454071E+02  0.65613E-01    4     2061    -4    -5     T
      555  0.2460632E+02  0.65613E-01    3     2064    -4    -5     T
      556  0.2468506E+02  0.78735E-01    3     2067    -4    -5     T
      557  0.2479004E+02  0.10498E+00    4     2071    -4    -5     T
      558  0.2489502E+02  0.10498E+00    4     2075    -4    -5     T
      559  0.2500000E+02  0.10498E+00    3     2078    -4    -5     T
      560  0.2514286E+02  0.14286E+00    4     2082    -4    -5     T
      561  0.2528571E+02  0.14286E+00    4     2086    -4    -5     T
      562  0.2542857E+02  0.14286E+00    3     2089    -4    -5     T
      563  0.2561905E+02  0.19048E+00    4     2093    -4    -5     T
      564  0.2580952E+02  0.19048E+00    3     2096    -4    -5     T
      565  0.2600000E+02  0.19048E+00    3     2099    -4    -5     T
      566  0.2625000E+02  0.25000E+00    3     2102    -4    -5     T
      567  0.2650000E+02  0.25000E+00    3     2105    -4    -5     T
      568  0.2675000E+02  0.25000E+00    2     2107    -4    -5     T
      569  0.2700000E+02  0.25000E+00    3     2110    -4    -5     T
      570  0.2700100E+02  0.10000E-02    4     2114    -4    -5     T
      571  0.2700200E+02  0.10000E-02    2     2116    -4    -5     T
      572  0.2700330E+02  0.13000E-02    2     2118    -4    -5     T
      573  0.2700499E+02  0.16900E-02    2     2120    -4    -5     T
      574  0.2700719E+02  0.21970E-02    2     2122    -4    -5     T
      575  0.2701004E+02  0.28561E-02    3     2125    -4    -5     T
      576  0.2701376E+02  0.37129E-02    4     2129    -4    -5     T
      577  0.2701747E+02  0.37129E-02    2     2131    -4    -5     T
      578  0.2702230E+02  0.48268E-02    4     2135    -4    -5     T
      579  0.2702712E+02  0.48268E-02    2     2137    -4    -5     T
      580  0.2703340E+02  0.62749E-02    2     2139    -4    -5     T
      581  0.2704155E+02  0.81573E-02    2     2141    -4    -5     T
      582  0.2705216E+02  0.10604E-01    4     2145    -4    -5     T
      583  0.2706276E+02  0.10604E-01    4     2149    -4    -5     T
      584  0.2707337E+02  0.10604E-01    4     2153    -4    -5     T
      585  0.2708397E+02  0.10604E-01    4     2157    -4    -5     T
      586  0.2709458E+02  0.10604E-01    4     2161    -4    -5     T
      587  0.2710518E+02  0.10604E-01    2     2163    -4    -5     T
      588  0.2711897E+02  0.13786E-01    3     2166    -4    -5     T
      589  0.2713689E+02  0.17922E-01    4     2170    -4    -5     T
      590  0.2715481E+02  0.17922E-01    4     2174    -4    -5     T
      591  0.2717273E+02  0.17922E-01    3     2177    -4    -5     T
      592  0.2719603E+02  0.23298E-01    4     2181    -4    -5     T
      593  0.2721933E+02  0.23298E-01    4     2185    -4    -5     T
      594  0.2724263E+02  0.23298E-01    4     2189    -4    -5     T
      595  0.2726592E+02  0.23298E-01    4     2193    -4    -5     T
      596  0.2728922E+02  0.23298E-01    3     2196    -4    -5     T
      597  0.2731951E+02  0.30287E-01    3     2199    -4    -5     T
      598  0.2735888E+02  0.39374E-01    4     2203    -4    -5     T
      599  0.2739826E+02  0.39374E-01    4     2207    -4    -5     T
      600  0.2743763E+02  0.39374E-01    4     2211    -4    -5     T
      601  0.2747701E+02  0.39374E-01    4     2215    -4    -5     T
      602  0.2751638E+02  0.39374E-01    4     2219    -4    -5     T
      603  0.2755575E+02  0.39374E-01    3     2222    -4    -5     T
      604  0.2760511E+02  0.49361E-01    4     2226    -4    -5     T
      605  0.2765447E+02  0.49361E-01    4     2230    -4    -5     T
      606  0.2770384E+02  0.49361E-01    3     2233    -4    -5     T
      607  0.2777788E+02  0.74041E-01    4     2237    -4    -5     T
      608  0.2785192E+02  0.74041E-01    4     2241    -4    -5     T
      609  0.2792596E+02  0.74041E-01    4     2245    -4    -5     T
      610  0.2800000E+02  0.74041E-01    4     2249    -4    -5     T
      611  0.2806654E+02  0.66542E-01    6     2255    -4    -5     T
      612  0.2813308E+02  0.66542E-01    4     2259    -4    -5     T
      613  0.2819962E+02  0.66542E-01    4     2263    -4    -5     T
      614  0.2826617E+02  0.66542E-01    3     2266    -4    -5     T
      615  0.2835790E+02  0.91729E-01    4     2270    -4    -5     T
      616  0.2844962E+02  0.91729E-01    4     2274    -4    -5     T
      617  0.2854135E+02  0.91729E-01    4     2278    -4    -5     T
      618  0.2863308E+02  0.91729E-01    2     2280    -4    -5     T
      619  0.2875539E+02  0.12231E+00    2     2282    -4    -5     T
      620  0.2887769E+02  0.12231E+00    2     2284    -4    -5     T
      621  0.2900000E+02  0.12231E+00    2     2286    -4    -5     T
      622  0.2920000E+02  0.20000E+00    3     2289    -4    -5     T
      623  0.2945000E+02  0.25000E+00    4     2293    -4    -5     T
      624  0.2970000E+02  0.25000E+00    3     2296    -4    -5     T
      625  0.2985000E+02  0.15000E+00    2     2298    -4    -5     T
      626  0.3000000E+02  0.15000E+00    2     2300    -4    -5     T
      627  0.3000100E+02  0.10000E-02    4     2304    -4    -5     T
      628  0.3000200E+02  0.10000E-02    2     2306    -4    -5     T
      629  0.3000330E+02  0.13000E-02    3     2309    -4    -5     T
      630  0.3000499E+02  0.16900E-02    4     2313    -4    -5     T
      631  0.3000668E+02  0.16900E-02    2     2315    -4    -5     T
      632  0.3000888E+02  0.21970E-02    2     2317    -4    -5     T
      633  0.3001173E+02  0.28561E-02    4     2321    -4    -5     T
      634  0.3001459E+02  0.28561E-02    4     2325    -4    -5     T
      635  0.3001745E+02  0.28561E-02    5     2330    -4    -5     T
      636  0.3002030E+02  0.28561E-02    4     2334    -4    -5     T
      637  0.3002316E+02  0.28561E-02    4     2338    -4    -5     T
      638  0.3002601E+02  0.28561E-02    2     2340    -4    -5     T
      639  0.3002973E+02  0.37129E-02    3     2343    -4    -5     T
      640  0.3003455E+02  0.48268E-02    4     2347    -4    -5     T
      641  0.3003938E+02  0.48268E-02    4     2351    -4    -5     T
      642  0.3004421E+02  0.48268E-02    5     2356    -4    -5     T
      643  0.3004903E+02  0.48268E-02    4     2360    -4    -5     T
      644  0.3005386E+02  0.48268E-02    3     2363    -4    -5     T
      645  0.3006014E+02  0.62749E-02    3     2366    -4    -5     T
      646  0.3006829E+02  0.81573E-02    4     2370    -4    -5     T
      647  0.3007645E+02  0.81573E-02    4     2374    -4    -5     T
      648  0.3008461E+02  0.81573E-02    4     2378    -4    -5     T
      649  0.3009276E+02  0.81573E-02    4     2382    -4    -5     T
      650  0.3010092E+02  0.81573E-02    4     2386    -4    -5     T
      651  0.3010908E+02  0.81573E-02    3     2389    -4    -5     T
      652  0.3011968E+02  0.10604E-01    4     2393    -4    -5     T
      653  0.3013029E+02  0.10604E-01    4     2397    -4    -5     T
      654  0.3014089E+02  0.10604E-01    3     2400    -4    -5     T
      655  0.3015468E+02  0.13786E-01    5     2405    -4    -5     T
      656  0.3016846E+02  0.13786E-01    4     2409    -4    -5     T
      657  0.3018225E+02  0.13786E-01    3     2412    -4    -5     T
      658  0.3020017E+02  0.17922E-01    5     2417    -4    -5     T
      659  0.3021809E+02  0.17922E-01    4     2421    -4    -5     T
      660  0.3023602E+02  0.17922E-01    4     2425    -4    -5     T
      661  0.3025394E+02  0.17922E-01    4     2429    -4    -5     T
      662  0.3027186E+02  0.17922E-01    4     2433    -4    -5     T
      663  0.3028978E+02  0.17922E-01    4     2437    -4    -5     T
      664  0.3030770E+02  0.17922E-01    4     2441    -4    -5     T
      665  0.3032562E+02  0.17922E-01    3     2444    -4    -5     T
      666  0.3034892E+02  0.23298E-01    4     2448    -4    -5     T
      667  0.3037222E+02  0.23298E-01    4     2452    -4    -5     T
      668  0.3039552E+02  0.23298E-01    4     2456    -4    -5     T
      669  0.3041882E+02  0.23298E-01    4     2460    -4    -5     T
      670  0.3044211E+02  0.23298E-01    4     2464    -4    -5     T
      671  0.3046541E+02  0.23298E-01    3     2467    -4    -5     T
      672  0.3049570E+02  0.30287E-01    4     2471    -4    -5     T
      673  0.3052599E+02  0.30287E-01    4     2475    -4    -5     T
      674  0.3055627E+02  0.30287E-01    4     2479    -4    -5     T
      675  0.3058656E+02  0.30287E-01    4     2483    -4    -5     T
      676  0.3061685E+02  0.30287E-01    3     2486    -4    -5     T
      677  0.3065516E+02  0.38315E-01    4     2490    -4    -5     T
      678  0.3069348E+02  0.38315E-01    4     2494    -4    -5     T
      679  0.3073179E+02  0.38315E-01    4     2498    -4    -5     T
      680  0.3077011E+02  0.38315E-01    4     2502    -4    -5     T
      681  0.3080842E+02  0.38315E-01    4     2506    -4    -5     T
      682  0.3084674E+02  0.38315E-01    3     2509    -4    -5     T
      683  0.3089783E+02  0.51087E-01    4     2513    -4    -5     T
      684  0.3094891E+02  0.51087E-01    4     2517    -4    -5     T
      685  0.3100000E+02  0.51087E-01    4     2521    -4    -5     T
      686  0.3105119E+02  0.51186E-01    6     2527    -4    -5     T
      687  0.3110237E+02  0.51186E-01    5     2532    -4    -5     T
      688  0.3115356E+02  0.51186E-01    5     2537    -4    -5     T
      689  0.3120474E+02  0.51186E-01    4     2541    -4    -5     T
      690  0.3125593E+02  0.51186E-01    4     2545    -4    -5     T
      691  0.3130712E+02  0.51186E-01    4     2549    -4    -5     T
      692  0.3135830E+02  0.51186E-01    4     2553    -4    -5     T
      693  0.3140949E+02  0.51186E-01    4     2557    -4    -5     T
      694  0.3146067E+02  0.51186E-01    3     2560    -4    -5     T
      695  0.3152809E+02  0.67416E-01    4     2564    -4    -5     T
      696  0.3159550E+02  0.67416E-01    4     2568    -4    -5     T
      697  0.3166292E+02  0.67416E-01    3     2571    -4    -5     T
      698  0.3174719E+02  0.84270E-01    4     2575    -4    -5     T
      699  0.3183146E+02  0.84270E-01    3     2578    -4    -5     T
      700  0.3200000E+02  0.16854E+00    4     2582    -4    -5     T
      701  0.3200100E+02  0.10000E-02    4     2586    -4    -5     T
      702  0.3200200E+02  0.10000E-02    3     2589    -4    -5     T
      703  0.3200330E+02  0.13000E-02    3     2592    -4    -5     T
      704  0.3200499E+02  0.16900E-02    2     2594    -4    -5     T
      705  0.3200719E+02  0.21970E-02    2     2596    -4    -5     T
      706  0.3201004E+02  0.28561E-02    2     2598    -4    -5     T
      707  0.3201376E+02  0.37129E-02    2     2600    -4    -5     T
      708  0.3201858E+02  0.48268E-02    2     2602    -4    -5     T
      709  0.3202486E+02  0.62749E-02    2     2604    -4    -5     T
      710  0.3203301E+02  0.81573E-02    2     2606    -4    -5     T
      711  0.3204362E+02  0.10604E-01    2     2608    -4    -5     T
      712  0.3205741E+02  0.13786E-01    4     2612    -4    -5     T
      713  0.3207119E+02  0.13786E-01    4     2616    -4    -5     T
      714  0.3208498E+02  0.13786E-01    2     2618    -4    -5     T
      715  0.3210290E+02  0.17922E-01    2     2620    -4    -5     T
      716  0.3212620E+02  0.23298E-01    4     2624    -4    -5     T
      717  0.3214949E+02  0.23298E-01    4     2628    -4    -5     T
      718  0.3217279E+02  0.23298E-01    4     2632    -4    -5     T
      719  0.3219609E+02  0.23298E-01    3     2635    -4    -5     T
      720  0.3222638E+02  0.30287E-01    4     2639    -4    -5     T
      721  0.3225667E+02  0.30287E-01    3     2642    -4    -5     T
      722  0.3229604E+02  0.39374E-01    4     2646    -4    -5     T
      723  0.3233541E+02  0.39374E-01    3     2649    -4    -5     T
      724  0.3238660E+02  0.51186E-01    4     2653    -4    -5     T
      725  0.3243779E+02  0.51186E-01    4     2657    -4    -5     T
      726  0.3248897E+02  0.51186E-01    3     2660    -4    -5     T
      727  0.3255285E+02  0.63879E-01    3     2663    -4    -5     T
      728  0.3264228E+02  0.89430E-01    4     2667    -4    -5     T
      729  0.3273171E+02  0.89430E-01    4     2671    -4    -5     T
      730  0.3282114E+02  0.89430E-01    3     2674    -4    -5     T
      731  0.3291057E+02  0.89430E-01    3     2677    -4    -5     T
      732  0.3300000E+02  0.89430E-01    3     2680    -4    -5     T
      733  0.3314286E+02  0.14286E+00    6     2686    -4    -5     T
      734  0.3328571E+02  0.14286E+00    5     2691    -4    -5     T
      735  0.3342857E+02  0.14286E+00    4     2695    -4    -5     T
      736  0.3357143E+02  0.14286E+00    4     2699    -4    -5     T
      737  0.3371429E+02  0.14286E+00    4     2703    -4    -5     T
      738  0.3385714E+02  0.14286E+00    3     2706    -4    -5     T
      739  0.3400000E+02  0.14286E+00    3     2709    -4    -5     T
      740  0.3420000E+02  0.20000E+00    4     2713    -4    -5     T
      741  0.3440000E+02  0.20000E+00    4     2717    -4    -5     T
      742  0.3460000E+02  0.20000E+00    3     2720    -4    -5     T
      743  0.3480000E+02  0.20000E+00    2     2722    -4    -5     T
      744  0.3500000E+02  0.20000E+00    3     2725    -4    -5     T
      745  0.3525000E+02  0.25000E+00    3     2728    -4    -5     T
      746  0.3550000E+02  0.25000E+00    3     2731    -4    -5     T
      747  0.3575000E+02  0.25000E+00    3     2734    -4    -5     T
      748  0.3600000E+02  0.25000E+00    3     2737    -4    -5     T
      749  0.3625000E+02  0.25000E+00    3     2740    -4    -5     T
      750  0.3650000E+02  0.25000E+00    3     2743    -4    -5     T
      751  0.3675000E+02  0.25000E+00    3     2746    -4    -5     T
      752  0.3700000E+02  0.25000E+00    4     2750    -4    -5     T
      753  0.3725000E+02  0.25000E+00    3     2753    -4    -5     T
      754  0.3750000E+02  0.25000E+00    4     2757    -4    -5     T
      755  0.3775000E+02  0.25000E+00    4     2761    -4    -5     T
      756  0.3800000E+02  0.25000E+00    4     2765    -4    -5     T
      757  0.3800100E+02  0.10000E-02    4     2769    -4    -5     T
      758  0.3800200E+02  0.10000E-02    2     2771    -4    -5     T
      759  0.3800330E+02  0.13000E-02    2     2773    -4    -5     T
      760  0.3800499E+02  0.16900E-02    2     2775    -4    -5     T
      761  0.3800719E+02  0.21970E-02    4     2779    -4    -5     T
      762  0.3800938E+02  0.21970E-02    4     2783    -4    -5     T
      763  0.3801158E+02  0.21970E-02    3     2786    -4    -5     T
      764  0.3801444E+02  0.28561E-02    4     2790    -4    -5     T
      765  0.3801729E+02  0.28561E-02    4     2794    -4    -5     T
      766  0.3802015E+02  0.28561E-02    4     2798    -4    -5     T
      767  0.3802301E+02  0.28561E-02    3     2801    -4    -5     T
      768  0.3802672E+02  0.37129E-02    4     2805    -4    -5     T
      769  0.3803043E+02  0.37129E-02    5     2810    -4    -5     T
      770  0.3803414E+02  0.37129E-02    4     2814    -4    -5     T
      771  0.3803786E+02  0.37129E-02    2     2816    -4    -5     T
      772  0.3804268E+02  0.48268E-02    4     2820    -4    -5     T
      773  0.3804751E+02  0.48268E-02    4     2824    -4    -5     T
      774  0.3805234E+02  0.48268E-02    2     2826    -4    -5     T
      775  0.3805861E+02  0.62749E-02    3     2829    -4    -5     T
      776  0.3806677E+02  0.81573E-02    4     2833    -4    -5     T
      777  0.3807493E+02  0.81573E-02    5     2838    -4    -5     T
      778  0.3808308E+02  0.81573E-02    4     2842    -4    -5     T
      779  0.3809124E+02  0.81573E-02    3     2845    -4    -5     T
      780  0.3810185E+02  0.10604E-01    3     2848    -4    -5     T
      781  0.3811563E+02  0.13786E-01    4     2852    -4    -5     T
      782  0.3812942E+02  0.13786E-01    5     2857    -4    -5     T
      783  0.3814320E+02  0.13786E-01    5     2862    -4    -5     T
      784  0.3815699E+02  0.13786E-01    4     2866    -4    -5     T
      785  0.3817078E+02  0.13786E-01    4     2870    -4    -5     T
      786  0.3818456E+02  0.13786E-01    4     2874    -4    -5     T
      787  0.3819835E+02  0.13786E-01    4     2878    -4    -5     T
      788  0.3821213E+02  0.13786E-01    3     2881    -4    -5     T
      789  0.3823005E+02  0.17922E-01    4     2885    -4    -5     T
      790  0.3824798E+02  0.17922E-01    4     2889    -4    -5     T
      791  0.3826590E+02  0.17922E-01    3     2892    -4    -5     T
      792  0.3828920E+02  0.23298E-01    4     2896    -4    -5     T
      793  0.3831249E+02  0.23298E-01    5     2901    -4    -5     T
      794  0.3833579E+02  0.23298E-01    4     2905    -4    -5     T
      795  0.3835909E+02  0.23298E-01    4     2909    -4    -5     T
      796  0.3838239E+02  0.23298E-01    4     2913    -4    -5     T
      797  0.3840569E+02  0.23298E-01    4     2917    -4    -5     T
      798  0.3842898E+02  0.23298E-01    3     2920    -4    -5     T
      799  0.3845927E+02  0.30287E-01    4     2924    -4    -5     T
      800  0.3848956E+02  0.30287E-01    4     2928    -4    -5     T
      801  0.3851985E+02  0.30287E-01    4     2932    -4    -5     T
      802  0.3855013E+02  0.30287E-01    3     2935    -4    -5     T
      803  0.3858951E+02  0.39374E-01    4     2939    -4    -5     T
      804  0.3863056E+02  0.41049E-01    4     2943    -4    -5     T
      805  0.3867161E+02  0.41049E-01    4     2947    -4    -5     T
      806  0.3871266E+02  0.41049E-01    4     2951    -4    -5     T
      807  0.3875370E+02  0.41049E-01    4     2955    -4    -5     T
      808  0.3879475E+02  0.41049E-01    4     2959    -4    -5     T
      809  0.3883580E+02  0.41049E-01    3     2962    -4    -5     T
      810  0.3889054E+02  0.54732E-01    4     2966    -4    -5     T
      811  0.3894527E+02  0.54732E-01    4     2970    -4    -5     T
      812  0.3900000E+02  0.54732E-01    4     2974    -4    -5     T
      813  0.3905119E+02  0.51186E-01    6     2980    -4    -5     T
      814  0.3910237E+02  0.51186E-01    4     2984    -4    -5     T
      815  0.3915356E+02  0.51186E-01    4     2988    -4    -5     T
      816  0.3920474E+02  0.51186E-01    4     2992    -4    -5     T
      817  0.3925593E+02  0.51186E-01    4     2996    -4    -5     T
      818  0.3930712E+02  0.51186E-01    4     3000    -4    -5     T
      819  0.3935830E+02  0.51186E-01    3     3003    -4    -5     T
      820  0.3942247E+02  0.64170E-01    3     3006    -4    -5     T
      821  0.3950498E+02  0.82504E-01    3     3009    -4    -5     T
      822  0.3962873E+02  0.12376E+00    4     3013    -4    -5     T
      823  0.3975249E+02  0.12376E+00    3     3016    -4    -5     T
      824  0.3987624E+02  0.12376E+00    3     3019    -4    -5     T
      825  0.4000000E+02  0.12376E+00    2     3021    -4    -5     T
      826  0.4000100E+02  0.10000E-02    6     3027    -4    -5     T
      827  0.4000200E+02  0.10000E-02    4     3031    -4    -5     T
      828  0.4000300E+02  0.10000E-02    3     3034    -4    -5     T
      829  0.4000430E+02  0.13000E-02    4     3038    -4    -5     T
      830  0.4000560E+02  0.13000E-02    3     3041    -4    -5     T
      831  0.4000729E+02  0.16900E-02    4     3045    -4    -5     T
      832  0.4000898E+02  0.16900E-02    2     3047    -4    -5     T
      833  0.4001118E+02  0.21970E-02    2     3049    -4    -5     T
      834  0.4001403E+02  0.28561E-02    4     3053    -4    -5     T
      835  0.4001689E+02  0.28561E-02    4     3057    -4    -5     T
      836  0.4001975E+02  0.28561E-02    5     3062    -4    -5     T
      837  0.4002260E+02  0.28561E-02    5     3067    -4    -5     T
      838  0.4002546E+02  0.28561E-02    3     3070    -4    -5     T
      839  0.4002917E+02  0.37129E-02    4     3074    -4    -5     T
      840  0.4003288E+02  0.37129E-02    3     3077    -4    -5     T
      841  0.4003771E+02  0.48268E-02    4     3081    -4    -5     T
      842  0.4004254E+02  0.48268E-02    4     3085    -4    -5     T
      843  0.4004736E+02  0.48268E-02    4     3089    -4    -5     T
      844  0.4005219E+02  0.48268E-02    2     3091    -4    -5     T
      845  0.4005847E+02  0.62749E-02    4     3095    -4    -5     T
      846  0.4006474E+02  0.62749E-02    4     3099    -4    -5     T
      847  0.4007102E+02  0.62749E-02    4     3103    -4    -5     T
      848  0.4007729E+02  0.62749E-02    4     3107    -4    -5     T
      849  0.4008356E+02  0.62749E-02    3     3110    -4    -5     T
      850  0.4009172E+02  0.81573E-02    4     3114    -4    -5     T
      851  0.4009988E+02  0.81573E-02    4     3118    -4    -5     T
      852  0.4010804E+02  0.81573E-02    3     3121    -4    -5     T
      853  0.4011864E+02  0.10604E-01    3     3124    -4    -5     T
      854  0.4013243E+02  0.13786E-01    5     3129    -4    -5     T
      855  0.4014621E+02  0.13786E-01    4     3133    -4    -5     T
      856  0.4016000E+02  0.13786E-01    4     3137    -4    -5     T
      857  0.4017378E+02  0.13786E-01    4     3141    -4    -5     T
      858  0.4018757E+02  0.13786E-01    4     3145    -4    -5     T
      859  0.4020136E+02  0.13786E-01    4     3149    -4    -5     T
      860  0.4021514E+02  0.13786E-01    4     3153    -4    -5     T
      861  0.4022893E+02  0.13786E-01    4     3157    -4    -5     T
      862  0.4024271E+02  0.13786E-01    4     3161    -4    -5     T
      863  0.4025650E+02  0.13786E-01    3     3164    -4    -5     T
      864  0.4027442E+02  0.17922E-01    4     3168    -4    -5     T
      865  0.4029234E+02  0.17922E-01    4     3172    -4    -5     T
      866  0.4031026E+02  0.17922E-01    3     3175    -4    -5     T
      867  0.4033356E+02  0.23298E-01    4     3179    -4    -5     T
      868  0.4035686E+02  0.23298E-01    4     3183    -4    -5     T
      869  0.4038016E+02  0.23298E-01    4     3187    -4    -5     T
      870  0.4040346E+02  0.23298E-01    3     3190    -4    -5     T
      871  0.4043374E+02  0.30287E-01    5     3195    -4    -5     T
      872  0.4046403E+02  0.30287E-01    4     3199    -4    -5     T
      873  0.4049432E+02  0.30287E-01    4     3203    -4    -5     T
      874  0.4052461E+02  0.30287E-01    4     3207    -4    -5     T
      875  0.4055489E+02  0.30287E-01    4     3211    -4    -5     T
      876  0.4058518E+02  0.30287E-01    4     3215    -4    -5     T
      877  0.4061547E+02  0.30287E-01    4     3219    -4    -5     T
      878  0.4064576E+02  0.30287E-01    4     3223    -4    -5     T
      879  0.4067604E+02  0.30287E-01    3     3226    -4    -5     T
      880  0.4071654E+02  0.40494E-01    4     3230    -4    -5     T
      881  0.4075703E+02  0.40494E-01    4     3234    -4    -5     T
      882  0.4079753E+02  0.40494E-01    4     3238    -4    -5     T
      883  0.4083802E+02  0.40494E-01    4     3242    -4    -5     T
      884  0.4087852E+02  0.40494E-01    4     3246    -4    -5     T
      885  0.4091901E+02  0.40494E-01    4     3250    -4    -5     T
      886  0.4095951E+02  0.40494E-01    4     3254    -4    -5     T
      887  0.4100000E+02  0.40494E-01    4     3258    -4    -5     T
      888  0.4100100E+02  0.10000E-02    4     3262    -4    -5     T
      889  0.4100200E+02  0.10000E-02    2     3264    -4    -5     T
      890  0.4100330E+02  0.13000E-02    2     3266    -4    -5     T
      891  0.4100499E+02  0.16900E-02    2     3268    -4    -5     T
      892  0.4100719E+02  0.21970E-02    2     3270    -4    -5     T
      893  0.4101004E+02  0.28561E-02    2     3272    -4    -5     T
      894  0.4101376E+02  0.37129E-02    2     3274    -4    -5     T
      895  0.4101858E+02  0.48268E-02    2     3276    -4    -5     T
      896  0.4102486E+02  0.62749E-02    2     3278    -4    -5     T
      897  0.4103301E+02  0.81573E-02    2     3280    -4    -5     T
      898  0.4104362E+02  0.10604E-01    2     3282    -4    -5     T
      899  0.4105741E+02  0.13786E-01    2     3284    -4    -5     T
      900  0.4107533E+02  0.17922E-01    2     3286    -4    -5     T
      901  0.4109863E+02  0.23298E-01    3     3289    -4    -5     T
      902  0.4112891E+02  0.30287E-01    4     3293    -4    -5     T
      903  0.4115920E+02  0.30287E-01    4     3297    -4    -5     T
      904  0.4118949E+02  0.30287E-01    4     3301    -4    -5     T
      905  0.4121978E+02  0.30287E-01    3     3304    -4    -5     T
      906  0.4125915E+02  0.39374E-01    4     3308    -4    -5     T
      907  0.4129852E+02  0.39374E-01    4     3312    -4    -5     T
      908  0.4133790E+02  0.39374E-01    4     3316    -4    -5     T
      909  0.4137727E+02  0.39374E-01    3     3319    -4    -5     T
      910  0.4142846E+02  0.51186E-01    4     3323    -4    -5     T
      911  0.4147964E+02  0.51186E-01    4     3327    -4    -5     T
      912  0.4153168E+02  0.52036E-01    4     3331    -4    -5     T
      913  0.4158371E+02  0.52036E-01    3     3334    -4    -5     T
      914  0.4165309E+02  0.69381E-01    4     3338    -4    -5     T
      915  0.4172248E+02  0.69381E-01    4     3342    -4    -5     T
      916  0.4179186E+02  0.69381E-01    4     3346    -4    -5     T
      917  0.4186124E+02  0.69381E-01    4     3350    -4    -5     T
      918  0.4193062E+02  0.69381E-01    3     3353    -4    -5     T
      919  0.4200000E+02  0.69381E-01    3     3356    -4    -5     T
      920  0.4208650E+02  0.86504E-01    6     3362    -4    -5     T
      921  0.4217301E+02  0.86504E-01    4     3366    -4    -5     T
      922  0.4225571E+02  0.82699E-01    4     3370    -4    -5     T
      923  0.4233841E+02  0.82699E-01    4     3374    -4    -5     T
      924  0.4242111E+02  0.82699E-01    4     3378    -4    -5     T
      925  0.4250380E+02  0.82699E-01    4     3382    -4    -5     T
      926  0.4258650E+02  0.82699E-01    4     3386    -4    -5     T
      927  0.4266920E+02  0.82699E-01    3     3389    -4    -5     T
      928  0.4277947E+02  0.11027E+00    4     3393    -4    -5     T
      929  0.4288973E+02  0.11027E+00    4     3397    -4    -5     T
      930  0.4300000E+02  0.11027E+00    4     3401    -4    -5     T
      931  0.4311111E+02  0.11111E+00    3     3404    -4    -5     T
      932  0.4325926E+02  0.14815E+00    4     3408    -4    -5     T
      933  0.4340741E+02  0.14815E+00    4     3412    -4    -5     T
      934  0.4355556E+02  0.14815E+00    4     3416    -4    -5     T
      935  0.4370370E+02  0.14815E+00    3     3419    -4    -5     T
      936  0.4385185E+02  0.14815E+00    3     3422    -4    -5     T
      937  0.4400000E+02  0.14815E+00    3     3425    -4    -5     T
      938  0.4425000E+02  0.25000E+00    4     3429    -4    -5     T
      939  0.4450000E+02  0.25000E+00    4     3433    -4    -5     T
      940  0.4475000E+02  0.25000E+00    3     3436    -4    -5     T
      941  0.4500000E+02  0.25000E+00    3     3439    -4    -5     T
      942  0.4525000E+02  0.25000E+00    3     3442    -4    -5     T
      943  0.4550000E+02  0.25000E+00    3     3445    -4    -5     T
      944  0.4575000E+02  0.25000E+00    3     3448    -4    -5     T
      945  0.4600000E+02  0.25000E+00    4     3452    -4    -5     T
      946  0.4625000E+02  0.25000E+00    4     3456    -4    -5     T
      947  0.4650000E+02  0.25000E+00    5     3461    -4    -5     T
      948  0.4675000E+02  0.25000E+00    5     3466    -4    -5     T
      949  0.4700000E+02  0.25000E+00    4     3470    -4    -5     T
      950  0.4725000E+02  0.25000E+00    5     3475    -4    -5     T
      951  0.4750000E+02  0.25000E+00    6     3481    -4    -5     T
      952  0.4775000E+02  0.25000E+00    6     3487    -4    -5     T
      953  0.4800000E+02  0.25000E+00    7     3494    -4    -5     T
      954  0.4816667E+02  0.16667E+00    6     3500    -4    -5     T
      955  0.4833333E+02  0.16667E+00    6     3506    -4    -5     T
      956  0.4850000E+02  0.16667E+00    6     3512    -4    -5     T
      957  0.4866667E+02  0.16667E+00    6     3518    -4    -5     T
      958  0.4883333E+02  0.16667E+00    6     3524    -4    -5     T
      959  0.4900000E+02  0.16667E+00    6     3530     4    -5     T
      960  0.4916667E+02  0.16667E+00   10     3540     4    -5     T
      961  0.4928571E+02  0.11905E+00    8     3548     4    -5     T
      962  0.4937500E+02  0.89286E-01    2     3550     4    -5     T
      963  0.4947917E+02  0.10417E+00    3     3553     4    -5     T
      964  0.4960938E+02  0.13021E+00    3     3556     4    -5     T
      965  0.4980469E+02  0.19531E+00    7     3563     4    -5     T
      966  0.5000000E+02  0.19531E+00    5     3568     4    -5     T
      967  0.5000100E+02  0.10000E-02    4     3572    -4    -5     T
      968  0.5000200E+02  0.10000E-02    6     3578    -4    -5     T
      969  0.5000300E+02  0.10000E-02    5     3583    -4    -5     T
      970  0.5000400E+02  0.10000E-02    4     3587    -4    -5     T
      971  0.5000500E+02  0.10000E-02    4     3591    -4    -5     T
      972  0.5000600E+02  0.10000E-02    4     3595    -4    -5     T
      973  0.5000700E+02  0.10000E-02    4     3599    -4    -5     T
      974  0.5000800E+02  0.10000E-02    2     3601    -4    -5     T
      975  0.5000930E+02  0.13000E-02    4     3605    -4    -5     T
      976  0.5001060E+02  0.13000E-02    4     3609    -4    -5     T
      977  0.5001190E+02  0.13000E-02    4     3613    -4    -5     T
      978  0.5001320E+02  0.13000E-02    3     3616    -4    -5     T
      979  0.5001489E+02  0.16900E-02    4     3620    -4    -5     T
      980  0.5001658E+02  0.16900E-02    4     3624    -4    -5     T
      981  0.5001827E+02  0.16900E-02    5     3629    -4    -5     T
      982  0.5001996E+02  0.16900E-02    2     3631    -4    -5     T
      983  0.5002216E+02  0.21970E-02    4     3635    -4    -5     T
      984  0.5002435E+02  0.21970E-02    5     3640    -4    -5     T
      985  0.5002655E+02  0.21970E-02    2     3642    -4    -5     T
      986  0.5002941E+02  0.28561E-02    5     3647    -4    -5     T
      987  0.5003226E+02  0.28561E-02    5     3652    -4    -5     T
      988  0.5003512E+02  0.28561E-02    4     3656    -4    -5     T
      989  0.5003798E+02  0.28561E-02    4     3660    -4    -5     T
      990  0.5004083E+02  0.28561E-02    5     3665    -4    -5     T
      991  0.5004369E+02  0.28561E-02    4     3669    -4    -5     T
      992  0.5004654E+02  0.28561E-02    2     3671    -4    -5     T
      993  0.5005026E+02  0.37129E-02    4     3675    -4    -5     T
      994  0.5005397E+02  0.37129E-02    5     3680    -4    -5     T
      995  0.5005768E+02  0.37129E-02    3     3683    -4    -5     T
      996  0.5006251E+02  0.48268E-02    4     3687    -4    -5     T
      997  0.5006734E+02  0.48268E-02    2     3689    -4    -5     T
      998  0.5007361E+02  0.62749E-02    6     3695    -4    -5     T
      999  0.5007989E+02  0.62749E-02    5     3700    -4    -5     T
     1000  0.5008616E+02  0.62749E-02    4     3704    -4    -5     T
     1001  0.5009244E+02  0.62749E-02    4     3708    -4    -5     T
     1002  0.5009871E+02  0.62749E-02    4     3712    -4    -5     T
     1003  0.5010499E+02  0.62749E-02    6     3718    -4    -5     T
     1004  0.5011126E+02  0.62749E-02    5     3723    -4    -5     T
     1005  0.5011753E+02  0.62749E-02    3     3726    -4    -5     T
     1006  0.5012569E+02  0.81573E-02    5     3731    -4    -5     T
     1007  0.5013385E+02  0.81573E-02    4     3735    -4    -5     T
     1008  0.5014201E+02  0.81573E-02    4     3739    -4    -5     T
     1009  0.5015016E+02  0.81573E-02    6     3745    -4    -5     T
     1010  0.5015832E+02  0.81573E-02    6     3751    -4    -5     T
     1011  0.5016648E+02  0.81573E-02    3     3754    -4    -5     T
     1012  0.5017708E+02  0.10604E-01    4     3758    -4    -5     T
     1013  0.5018769E+02  0.10604E-01    5     3763    -4    -5     T
     1014  0.5019829E+02  0.10604E-01    5     3768    -4    -5     T
     1015  0.5020890E+02  0.10604E-01    5     3773    -4    -5     T
     1016  0.5021950E+02  0.10604E-01    4     3777    -4    -5     T
     1017  0.5023011E+02  0.10604E-01    4     3781    -4    -5     T
     1018  0.5024071E+02  0.10604E-01    5     3786    -4    -5     T
     1019  0.5025131E+02  0.10604E-01    5     3791    -4    -5     T
     1020  0.5026192E+02  0.10604E-01    3     3794    -4    -5     T
     1021  0.5027571E+02  0.13786E-01    5     3799    -4    -5     T
     1022  0.5028949E+02  0.13786E-01    5     3804    -4    -5     T
     1023  0.5030328E+02  0.13786E-01    3     3807    -4    -5     T
     1024  0.5032120E+02  0.17922E-01    4     3811    -4    -5     T
     1025  0.5033912E+02  0.17922E-01    5     3816    -4    -5     T
     1026  0.5035704E+02  0.17922E-01    6     3822    -4    -5     T
     1027  0.5037496E+02  0.17922E-01    5     3827    -4    -5     T
     1028  0.5039288E+02  0.17922E-01    4     3831    -4    -5     T
     1029  0.5041081E+02  0.17922E-01    4     3835    -4    -5     T
     1030  0.5042873E+02  0.17922E-01    4     3839    -4    -5     T
     1031  0.5044665E+02  0.17922E-01    5     3844    -4    -5     T
     1032  0.5046457E+02  0.17922E-01    5     3849    -4    -5     T
     1033  0.5048249E+02  0.17922E-01    5     3854    -4    -5     T
     1034  0.5050041E+02  0.17922E-01    4     3858    -4    -5     T
     1035  0.5051834E+02  0.17922E-01    3     3861    -4    -5     T
     1036  0.5054163E+02  0.23298E-01    4     3865    -4    -5     T
     1037  0.5056493E+02  0.23298E-01    5     3870    -4    -5     T
     1038  0.5058823E+02  0.23298E-01    4     3874    -4    -5     T
     1039  0.5061153E+02  0.23298E-01    4     3878    -4    -5     T
     1040  0.5063483E+02  0.23298E-01    4     3882    -4    -5     T
     1041  0.5065812E+02  0.23298E-01    5     3887    -4    -5     T
     1042  0.5068142E+02  0.23298E-01    5     3892    -4    -5     T
     1043  0.5070472E+02  0.23298E-01    3     3895    -4    -5     T
     1044  0.5073425E+02  0.29528E-01    3     3898    -4    -5     T
     1045  0.5077221E+02  0.37965E-01    5     3903    -4    -5     T
     1046  0.5081018E+02  0.37965E-01    5     3908    -4    -5     T
     1047  0.5084814E+02  0.37965E-01    4     3912    -4    -5     T
     1048  0.5088611E+02  0.37965E-01    5     3917    -4    -5     T
     1049  0.5092407E+02  0.37964E-01    5     3922    -4    -5     T
     1050  0.5096204E+02  0.37965E-01    5     3927    -4    -5     T
     1051  0.5100000E+02  0.37965E-01    4     3931    -4    -5     T
     1052  0.5103937E+02  0.39374E-01    7     3938    -4    -5     T
     1053  0.5106694E+02  0.27562E-01    4     3942    -4    -5     T
     1054  0.5109450E+02  0.27562E-01    4     3946    -4    -5     T
     1055  0.5112206E+02  0.27562E-01    4     3950    -4    -5     T
     1056  0.5114962E+02  0.27562E-01    4     3954    -4    -5     T
     1057  0.5117718E+02  0.27562E-01    3     3957    -4    -5     T
     1058  0.5121301E+02  0.35830E-01    4     3961    -4    -5     T
     1059  0.5124884E+02  0.35830E-01    3     3964    -4    -5     T
     1060  0.5129542E+02  0.46579E-01    4     3968    -4    -5     T
     1061  0.5134200E+02  0.46579E-01    4     3972    -4    -5     T
     1062  0.5138858E+02  0.46579E-01    3     3975    -4    -5     T
     1063  0.5144972E+02  0.61142E-01    3     3978    -4    -5     T
     1064  0.5152833E+02  0.78611E-01    4     3982    -4    -5     T
     1065  0.5160694E+02  0.78611E-01    4     3986    -4    -5     T
     1066  0.5168556E+02  0.78611E-01    3     3989    -4    -5     T
     1067  0.5179037E+02  0.10481E+00    4     3993    -4    -5     T
     1068  0.5189519E+02  0.10481E+00    3     3996    -4    -5     T
     1069  0.5200000E+02  0.10481E+00    3     3999    -4    -5     T
     1070  0.5200100E+02  0.10000E-02    3     4002    -4    -5     T
     1071  0.5200230E+02  0.13000E-02    2     4004    -4    -5     T
     1072  0.5200399E+02  0.16900E-02    2     4006    -4    -5     T
     1073  0.5200619E+02  0.21970E-02    2     4008    -4    -5     T
     1074  0.5200904E+02  0.28561E-02    2     4010    -4    -5     T
     1075  0.5201276E+02  0.37129E-02    2     4012    -4    -5     T
     1076  0.5201758E+02  0.48268E-02    2     4014    -4    -5     T
     1077  0.5202386E+02  0.62749E-02    2     4016    -4    -5     T
     1078  0.5203201E+02  0.81573E-02    2     4018    -4    -5     T
     1079  0.5204262E+02  0.10604E-01    2     4020    -4    -5     T
     1080  0.5205641E+02  0.13786E-01    2     4022    -4    -5     T
     1081  0.5207433E+02  0.17922E-01    2     4024    -4    -5     T
     1082  0.5209763E+02  0.23298E-01    2     4026    -4    -5     T
     1083  0.5212791E+02  0.30287E-01    2     4028    -4    -5     T
     1084  0.5216729E+02  0.39374E-01    2     4030    -4    -5     T
     1085  0.5221847E+02  0.51186E-01    2     4032    -4    -5     T
     1086  0.5228501E+02  0.66542E-01    2     4034    -4    -5     T
     1087  0.5237439E+02  0.89373E-01    2     4036    -4    -5     T
     1088  0.5247866E+02  0.10427E+00    2     4038    -4    -5     T
     1089  0.5260899E+02  0.13034E+00    2     4040    -4    -5     T
     1090  0.5280450E+02  0.19550E+00    2     4042    -4    -5     T
     1091  0.5300000E+02  0.19550E+00    2     4044    -4    -5     T
     1092  0.5300100E+02  0.10000E-02    5     4049    -4    -5     T
     1093  0.5300200E+02  0.10000E-02    2     4051    -4    -5     T
     1094  0.5300330E+02  0.13000E-02    2     4053    -4    -5     T
     1095  0.5300499E+02  0.16900E-02    2     4055    -4    -5     T
     1096  0.5300719E+02  0.21970E-02    2     4057    -4    -5     T
     1097  0.5301004E+02  0.28561E-02    2     4059    -4    -5     T
     1098  0.5301376E+02  0.37129E-02    2     4061    -4    -5     T
     1099  0.5301858E+02  0.48268E-02    4     4065    -4    -5     T
     1100  0.5302341E+02  0.48268E-02    4     4069    -4    -5     T
     1101  0.5302824E+02  0.48268E-02    2     4071    -4    -5     T
     1102  0.5303451E+02  0.62749E-02    5     4076    -4    -5     T
     1103  0.5304079E+02  0.62749E-02    4     4080    -4    -5     T
     1104  0.5304706E+02  0.62749E-02    3     4083    -4    -5     T
     1105  0.5305522E+02  0.81573E-02    2     4085    -4    -5     T
     1106  0.5306582E+02  0.10604E-01    2     4087    -4    -5     T
     1107  0.5307961E+02  0.13786E-01    4     4091    -4    -5     T
     1108  0.5309339E+02  0.13786E-01    4     4095    -4    -5     T
     1109  0.5310718E+02  0.13786E-01    4     4099    -4    -5     T
     1110  0.5312097E+02  0.13786E-01    4     4103    -4    -5     T
     1111  0.5313475E+02  0.13786E-01    2     4105    -4    -5     T
     1112  0.5315267E+02  0.17922E-01    3     4108    -4    -5     T
     1113  0.5317597E+02  0.23298E-01    5     4113    -4    -5     T
     1114  0.5319927E+02  0.23298E-01    4     4117    -4    -5     T
     1115  0.5322257E+02  0.23298E-01    4     4121    -4    -5     T
     1116  0.5324587E+02  0.23298E-01    3     4124    -4    -5     T
     1117  0.5327615E+02  0.30287E-01    5     4129    -4    -5     T
     1118  0.5330644E+02  0.30287E-01    5     4134    -4    -5     T
     1119  0.5333673E+02  0.30287E-01    3     4137    -4    -5     T
     1120  0.5337610E+02  0.39374E-01    4     4141    -4    -5     T
     1121  0.5341548E+02  0.39374E-01    5     4146    -4    -5     T
     1122  0.5345485E+02  0.39374E-01    4     4150    -4    -5     T
     1123  0.5349422E+02  0.39374E-01    4     4154    -4    -5     T
     1124  0.5353360E+02  0.39374E-01    5     4159    -4    -5     T
     1125  0.5357297E+02  0.39374E-01    4     4163    -4    -5     T
     1126  0.5361234E+02  0.39374E-01    2     4165    -4    -5     T
     1127  0.5366080E+02  0.48457E-01    4     4169    -4    -5     T
     1128  0.5370926E+02  0.48457E-01    4     4173    -4    -5     T
     1129  0.5375772E+02  0.48457E-01    3     4176    -4    -5     T
     1130  0.5381829E+02  0.60571E-01    4     4180    -4    -5     T
     1131  0.5387886E+02  0.60571E-01    4     4184    -4    -5     T
     1132  0.5393943E+02  0.60571E-01    4     4188    -4    -5     T
     1133  0.5400000E+02  0.60571E-01    4     4192    -4    -5     T
     1134  0.5406654E+02  0.66542E-01    6     4198    -4    -5     T
     1135  0.5413308E+02  0.66542E-01    5     4203    -4    -5     T
     1136  0.5419962E+02  0.66542E-01    4     4207    -4    -5     T
     1137  0.5426617E+02  0.66542E-01    4     4211    -4    -5     T
     1138  0.5433271E+02  0.66542E-01    4     4215    -4    -5     T
     1139  0.5439944E+02  0.66729E-01    4     4219    -4    -5     T
     1140  0.5446617E+02  0.66729E-01    3     4222    -4    -5     T
     1141  0.5455514E+02  0.88972E-01    4     4226    -4    -5     T
     1142  0.5464411E+02  0.88972E-01    4     4230    -4    -5     T
     1143  0.5473308E+02  0.88972E-01    3     4233    -4    -5     T
     1144  0.5486654E+02  0.13346E+00    4     4237    -4    -5     T
     1145  0.5500000E+02  0.13346E+00    3     4240    -4    -5     T
     1146  0.5514286E+02  0.14286E+00    4     4244    -4    -5     T
     1147  0.5528571E+02  0.14286E+00    3     4247    -4    -5     T
     1148  0.5546429E+02  0.17857E+00    4     4251    -4    -5     T
     1149  0.5564286E+02  0.17857E+00    4     4255    -4    -5     T
     1150  0.5582143E+02  0.17857E+00    4     4259    -4    -5     T
     1151  0.5600000E+02  0.17857E+00    5     4264    -4    -5     T
     1152  0.5620000E+02  0.20000E+00    6     4270    -4    -5     T
     1153  0.5640000E+02  0.20000E+00    5     4275    -4    -5     T
     1154  0.5660000E+02  0.20000E+00    6     4281    -4    -5     T
     1155  0.5680000E+02  0.20000E+00    6     4287    -4    -5     T
     1156  0.5700000E+02  0.20000E+00    6     4293    -4    -5     T
     1157  0.5720000E+02  0.20000E+00    6     4299    -4    -5     T
     1158  0.5740000E+02  0.20000E+00   18     4317     4    -5     T
     1159  0.5752000E+02  0.12000E+00    5     4322     4    -5     T
     1160  0.5764000E+02  0.12000E+00    5     4327     4    -5     T
     1161  0.5776000E+02  0.12000E+00    5     4332     4    -5     T
     1162  0.5788000E+02  0.12000E+00    3     4335     4    -5     T
     1163  0.5800000E+02  0.12000E+00    3     4338     4    -5     T
     1164  0.5816667E+02  0.16667E+00    3     4341     4    -5     T
     1165  0.5837500E+02  0.20833E+00    4     4345     4    -5     T
     1166  0.5858333E+02  0.20833E+00    4     4349     4    -5     T
     1167  0.5879167E+02  0.20833E+00    4     4353     4    -5     T
     1168  0.5900000E+02  0.20833E+00    4     4357     4    -5     T
     1169  0.5925000E+02  0.25000E+00    4     4361     4    -5     T
     1170  0.5950000E+02  0.25000E+00    4     4365     4    -5     T
     1171  0.5975000E+02  0.25000E+00    4     4369     4    -5     T
     1172  0.6000000E+02  0.25000E+00    4     4373     4    -5     T
     1173  0.6025000E+02  0.25000E+00    4     4377     4    -5     T
     1174  0.6050000E+02  0.25000E+00    4     4381     4    -5     T
     1175  0.6075000E+02  0.25000E+00    4     4385     4    -5     T
     1176  0.6100000E+02  0.25000E+00    4     4389     4    -5     T
     1177  0.6125000E+02  0.25000E+00    4     4393     4    -5     T
     1178  0.6150000E+02  0.25000E+00    4     4397     4    -5     T
     1179  0.6175000E+02  0.25000E+00    4     4401     4    -5     T
     1180  0.6200000E+02  0.25000E+00    4     4405     4    -5     T
     1181  0.6225000E+02  0.25000E+00    4     4409     4    -5     T
     1182  0.6250000E+02  0.25000E+00    4     4413     4    -5     T
     1183  0.6275000E+02  0.25000E+00    4     4417     4    -5     T
     1184  0.6300000E+02  0.25000E+00    4     4421     4    -5     T
     1185  0.6325000E+02  0.25000E+00    4     4425     4    -5     T
     1186  0.6350000E+02  0.25000E+00    4     4429     4    -5     T
     1187  0.6375000E+02  0.25000E+00    4     4433     4    -5     T
     1188  0.6400000E+02  0.25000E+00    4     4437     4    -5     T
     1189  0.6425000E+02  0.25000E+00    4     4441     4    -5     T
     1190  0.6450000E+02  0.25000E+00    3     4444     4    -5     T
     1191  0.6475000E+02  0.25000E+00    4     4448     4    -5     T
     1192  0.6500000E+02  0.25000E+00    4     4452     4    -5     T
     1193  0.6500100E+02  0.10000E-02    2     4454    -4    -5     T
     1194  0.6500230E+02  0.13000E-02    5     4459    -4    -5     T
     1195  0.6500360E+02  0.13000E-02    2     4461    -4    -5     T
     1196  0.6500529E+02  0.16900E-02    2     4463    -4    -5     T
     1197  0.6500749E+02  0.21970E-02    2     4465    -4    -5     T
     1198  0.6501034E+02  0.28561E-02    2     4467    -4    -5     T
     1199  0.6501406E+02  0.37129E-02    3     4470    -4    -5     T
     1200  0.6501888E+02  0.48268E-02    2     4472    -4    -5     T
     1201  0.6502516E+02  0.62749E-02    4     4476    -4    -5     T
     1202  0.6503143E+02  0.62749E-02    3     4479    -4    -5     T
     1203  0.6503959E+02  0.81573E-02    4     4483    -4    -5     T
     1204  0.6504775E+02  0.81573E-02    4     4487    -4    -5     T
     1205  0.6505590E+02  0.81573E-02    3     4490    -4    -5     T
     1206  0.6506651E+02  0.10604E-01    4     4494    -4    -5     T
     1207  0.6507711E+02  0.10604E-01    4     4498    -4    -5     T
     1208  0.6508772E+02  0.10604E-01    4     4502    -4    -5     T
     1209  0.6509832E+02  0.10604E-01    4     4506    -4    -5     T
     1210  0.6510893E+02  0.10604E-01    3     4509    -4    -5     T
     1211  0.6512271E+02  0.13786E-01    4     4513    -4    -5     T
     1212  0.6513650E+02  0.13786E-01    2     4515    -4    -5     T
     1213  0.6515442E+02  0.17922E-01    4     4519    -4    -5     T
     1214  0.6517234E+02  0.17922E-01    2     4521    -4    -5     T
     1215  0.6519564E+02  0.23298E-01    5     4526    -4    -5     T
     1216  0.6521894E+02  0.23298E-01    4     4530    -4    -5     T
     1217  0.6524224E+02  0.23298E-01    4     4534    -4    -5     T
     1218  0.6526553E+02  0.23298E-01    5     4539    -4    -5     T
     1219  0.6528883E+02  0.23298E-01    3     4542    -4    -5     T
     1220  0.6531912E+02  0.30287E-01    4     4546    -4    -5     T
     1221  0.6534941E+02  0.30287E-01    4     4550    -4    -5     T
     1222  0.6537969E+02  0.30287E-01    5     4555    -4    -5     T
     1223  0.6540998E+02  0.30287E-01    2     4557    -4    -5     T
     1224  0.6544936E+02  0.39374E-01    4     4561    -4    -5     T
     1225  0.6548873E+02  0.39374E-01    4     4565    -4    -5     T
     1226  0.6552810E+02  0.39374E-01    4     4569    -4    -5     T
     1227  0.6556748E+02  0.39374E-01    5     4574    -4    -5     T
     1228  0.6560685E+02  0.39374E-01    4     4578    -4    -5     T
     1229  0.6564617E+02  0.39315E-01    2     4580    -4    -5     T
     1230  0.6569671E+02  0.50548E-01    5     4585    -4    -5     T
     1231  0.6574726E+02  0.50548E-01    4     4589    -4    -5     T
     1232  0.6579781E+02  0.50548E-01    5     4594    -4    -5     T
     1233  0.6584836E+02  0.50548E-01    6     4600    -4    -5     T
     1234  0.6589890E+02  0.50548E-01    4     4604    -4    -5     T
     1235  0.6594945E+02  0.50548E-01    4     4608    -4    -5     T
     1236  0.6600000E+02  0.50548E-01    3     4611    -4    -5     T
     1237  0.6606654E+02  0.66542E-01    7     4618    -4    -5     T
     1238  0.6611312E+02  0.46579E-01    5     4623    -4    -5     T
     1239  0.6615970E+02  0.46579E-01    5     4628    -4    -5     T
     1240  0.6620628E+02  0.46579E-01    5     4633    -4    -5     T
     1241  0.6625286E+02  0.46579E-01    5     4638    -4    -5     T
     1242  0.6629944E+02  0.46579E-01    5     4643    -4    -5     T
     1243  0.6634602E+02  0.46579E-01    5     4648    -4    -5     T
     1244  0.6639260E+02  0.46579E-01    3     4651     4    -5     T
     1245  0.6645334E+02  0.60740E-01    3     4654     4    -5     T
     1246  0.6653143E+02  0.78095E-01    2     4656     4    -5     T
     1247  0.6662514E+02  0.93714E-01    3     4659     4    -5     T
     1248  0.6675010E+02  0.12495E+00    3     4662     4    -5     T
     1249  0.6700000E+02  0.24990E+00    3     4665     4    -5     T
     1250  0.6700100E+02  0.10000E-02    2     4667    -4    -5     T
     1251  0.6700230E+02  0.13000E-02    5     4672    -4    -5     T
     1252  0.6700360E+02  0.13000E-02    2     4674    -4    -5     T
     1253  0.6700529E+02  0.16900E-02    2     4676    -4    -5     T
     1254  0.6700749E+02  0.21970E-02    2     4678    -4    -5     T
     1255  0.6701034E+02  0.28561E-02    2     4680    -4    -5     T
     1256  0.6701406E+02  0.37129E-02    4     4684    -4    -5     T
     1257  0.6701777E+02  0.37129E-02    4     4688    -4    -5     T
     1258  0.6702148E+02  0.37129E-02    4     4692    -4    -5     T
     1259  0.6702519E+02  0.37129E-02    3     4695    -4    -5     T
     1260  0.6703002E+02  0.48268E-02    4     4699    -4    -5     T
     1261  0.6703485E+02  0.48268E-02    4     4703    -4    -5     T
     1262  0.6703968E+02  0.48268E-02    3     4706    -4    -5     T
     1263  0.6704595E+02  0.62749E-02    4     4710    -4    -5     T
     1264  0.6705222E+02  0.62749E-02    4     4714    -4    -5     T
     1265  0.6705850E+02  0.62749E-02    4     4718    -4    -5     T
     1266  0.6706477E+02  0.62749E-02    4     4722    -4    -5     T
     1267  0.6707105E+02  0.62749E-02    3     4725    -4    -5     T
     1268  0.6707921E+02  0.81573E-02    4     4729    -4    -5     T
     1269  0.6708736E+02  0.81573E-02    3     4732    -4    -5     T
     1270  0.6709797E+02  0.10604E-01    4     4736    -4    -5     T
     1271  0.6710857E+02  0.10604E-01    5     4741    -4    -5     T
     1272  0.6711918E+02  0.10604E-01    4     4745    -4    -5     T
     1273  0.6712978E+02  0.10604E-01    3     4748    -4    -5     T
     1274  0.6714357E+02  0.13786E-01    5     4753    -4    -5     T
     1275  0.6715735E+02  0.13786E-01    4     4757    -4    -5     T
     1276  0.6717114E+02  0.13786E-01    2     4759    -4    -5     T
     1277  0.6718906E+02  0.17922E-01    4     4763    -4    -5     T
     1278  0.6720698E+02  0.17922E-01    5     4768    -4    -5     T
     1279  0.6722490E+02  0.17922E-01    4     4772    -4    -5     T
     1280  0.6724283E+02  0.17922E-01    3     4775    -4    -5     T
     1281  0.6726612E+02  0.23298E-01    4     4779    -4    -5     T
     1282  0.6728942E+02  0.23298E-01    4     4783    -4    -5     T
     1283  0.6731272E+02  0.23298E-01    5     4788    -4    -5     T
     1284  0.6733602E+02  0.23298E-01    4     4792    -4    -5     T
     1285  0.6735932E+02  0.23298E-01    4     4796    -4    -5     T
     1286  0.6738261E+02  0.23298E-01    4     4800    -4    -5     T
     1287  0.6740591E+02  0.23298E-01    2     4802    -4    -5     T
     1288  0.6743620E+02  0.30287E-01    4     4806    -4    -5     T
     1289  0.6746649E+02  0.30287E-01    6     4812    -4    -5     T
     1290  0.6749678E+02  0.30287E-01    3     4815    -4    -5     T
     1291  0.6753615E+02  0.39374E-01    2     4817    -4    -5     T
     1292  0.6758769E+02  0.51539E-01    6     4823    -4    -5     T
     1293  0.6763923E+02  0.51539E-01    5     4828    -4    -5     T
     1294  0.6769077E+02  0.51539E-01    5     4833    -4    -5     T
     1295  0.6774230E+02  0.51539E-01    7     4840    -4    -5     T
     1296  0.6777912E+02  0.36814E-01    5     4845    -4    -5     T
     1297  0.6781593E+02  0.36814E-01    4     4849    -4    -5     T
     1298  0.6785275E+02  0.36814E-01    4     4853    -4    -5     T
     1299  0.6788956E+02  0.36814E-01    2     4855    -4    -5     T
     1300  0.6794478E+02  0.55220E-01    5     4860    -4    -5     T
     1301  0.6800000E+02  0.55220E-01    6     4866    -4    -5     T
     1302  0.6804658E+02  0.46579E-01    6     4872    -4    -5     T
     1303  0.6809316E+02  0.46579E-01    5     4877    -4    -5     T
     1304  0.6813974E+02  0.46579E-01    4     4881    -4    -5     T
     1305  0.6818632E+02  0.46579E-01    5     4886    -4    -5     T
     1306  0.6823290E+02  0.46579E-01    4     4890    -4    -5     T
     1307  0.6827947E+02  0.46579E-01    4     4894    -4    -5     T
     1308  0.6832605E+02  0.46579E-01    5     4899    -4    -5     T
     1309  0.6837263E+02  0.46579E-01    4     4903    -4    -5     T
     1310  0.6841921E+02  0.46579E-01    5     4908    -4    -5     T
     1311  0.6846579E+02  0.46579E-01    4     4912    -4    -5     T
     1312  0.6851237E+02  0.46579E-01    5     4917    -4    -5     T
     1313  0.6856113E+02  0.48763E-01    5     4922    -4    -5     T
     1314  0.6860990E+02  0.48763E-01    3     4925     4    -5     T
     1315  0.6867491E+02  0.65017E-01    3     4928     4    -5     T
     1316  0.6875619E+02  0.81272E-01    4     4932     4    -5     T
     1317  0.6883746E+02  0.81272E-01    2     4934     4    -5     T
     1318  0.6891873E+02  0.81272E-01    2     4936     4    -5     T
     1319  0.6900000E+02  0.81272E-01    3     4939     4    -5     T
     1320  0.6900100E+02  0.10000E-02    7     4946    -4    -5     T
     1321  0.6900170E+02  0.70000E-03    2     4948    -4    -5     T
     1322  0.6900261E+02  0.91000E-03    3     4951    -4    -5     T
     1323  0.6900379E+02  0.11830E-02    5     4956    -4    -5     T
     1324  0.6900498E+02  0.11830E-02    5     4961    -4    -5     T
     1325  0.6900616E+02  0.11830E-02    5     4966    -4    -5     T
     1326  0.6900734E+02  0.11830E-02    5     4971    -4    -5     T
     1327  0.6900853E+02  0.11830E-02    5     4976    -4    -5     T
     1328  0.6900971E+02  0.11830E-02    4     4980    -4    -5     T
     1329  0.6901089E+02  0.11830E-02    5     4985    -4    -5     T
     1330  0.6901207E+02  0.11830E-02    4     4989    -4    -5     T
     1331  0.6901326E+02  0.11830E-02    4     4993    -4    -5     T
     1332  0.6901444E+02  0.11830E-02    5     4998    -4    -5     T
     1333  0.6901562E+02  0.11830E-02    3     5001    -4    -5     T
     1334  0.6901716E+02  0.15379E-02    5     5006    -4    -5     T
     1335  0.6901870E+02  0.15379E-02    4     5010    -4    -5     T
     1336  0.6902024E+02  0.15379E-02    4     5014    -4    -5     T
     1337  0.6902177E+02  0.15379E-02    4     5018    -4    -5     T
     1338  0.6902331E+02  0.15379E-02    5     5023    -4    -5     T
     1339  0.6902485E+02  0.15379E-02    4     5027    -4    -5     T
     1340  0.6902639E+02  0.15379E-02    2     5029    -4    -5     T
     1341  0.6902839E+02  0.19993E-02    3     5032    -4    -5     T
     1342  0.6903099E+02  0.25991E-02    5     5037    -4    -5     T
     1343  0.6903359E+02  0.25991E-02    5     5042    -4    -5     T
     1344  0.6903618E+02  0.25991E-02    4     5046    -4    -5     T
     1345  0.6903878E+02  0.25991E-02    3     5049    -4    -5     T
     1346  0.6904216E+02  0.33788E-02    6     5055    -4    -5     T
     1347  0.6904554E+02  0.33788E-02    4     5059    -4    -5     T
     1348  0.6904892E+02  0.33788E-02    5     5064    -4    -5     T
     1349  0.6905230E+02  0.33788E-02    4     5068    -4    -5     T
     1350  0.6905568E+02  0.33788E-02    5     5073    -4    -5     T
     1351  0.6905906E+02  0.33788E-02    3     5076    -4    -5     T
     1352  0.6906345E+02  0.43924E-02    5     5081    -4    -5     T
     1353  0.6906784E+02  0.43924E-02    3     5084    -4    -5     T
     1354  0.6907355E+02  0.57101E-02    6     5090    -4    -5     T
     1355  0.6907926E+02  0.57101E-02    4     5094    -4    -5     T
     1356  0.6908497E+02  0.57101E-02    6     5100    -4    -5     T
     1357  0.6909068E+02  0.57101E-02    5     5105    -4    -5     T
     1358  0.6909639E+02  0.57101E-02    2     5107    -4    -5     T
     1359  0.6910381E+02  0.74231E-02    6     5113    -4    -5     T
     1360  0.6911124E+02  0.74231E-02    5     5118    -4    -5     T
     1361  0.6911866E+02  0.74231E-02    4     5122    -4    -5     T
     1362  0.6912608E+02  0.74231E-02    7     5129    -4    -5     T
     1363  0.6913128E+02  0.51962E-02    4     5133    -4    -5     T
     1364  0.6913648E+02  0.51962E-02    5     5138    -4    -5     T
     1365  0.6914167E+02  0.51962E-02    4     5142    -4    -5     T
     1366  0.6914687E+02  0.51962E-02    2     5144    -4    -5     T
     1367  0.6915362E+02  0.67551E-02    5     5149    -4    -5     T
     1368  0.6916038E+02  0.67551E-02    6     5155    -4    -5     T
     1369  0.6916713E+02  0.67551E-02    4     5159    -4    -5     T
     1370  0.6917389E+02  0.67551E-02    4     5163    -4    -5     T
     1371  0.6918064E+02  0.67551E-02    5     5168    -4    -5     T
     1372  0.6918740E+02  0.67551E-02    4     5172    -4    -5     T
     1373  0.6919415E+02  0.67551E-02    4     5176    -4    -5     T
     1374  0.6920091E+02  0.67551E-02    5     5181    -4    -5     T
     1375  0.6920766E+02  0.67551E-02    5     5186    -4    -5     T
     1376  0.6921442E+02  0.67551E-02    5     5191    -4    -5     T
     1377  0.6922117E+02  0.67551E-02    5     5196    -4    -5     T
     1378  0.6922793E+02  0.67551E-02    5     5201    -4    -5     T
     1379  0.6923468E+02  0.67551E-02    4     5205    -4    -5     T
     1380  0.6924144E+02  0.67551E-02    5     5210    -4    -5     T
     1381  0.6924820E+02  0.67551E-02    5     5215    -4    -5     T
     1382  0.6925495E+02  0.67551E-02    5     5220    -4    -5     T
     1383  0.6926171E+02  0.67551E-02    3     5223    -4    -5     T
     1384  0.6927049E+02  0.87816E-02    5     5228    -4    -5     T
     1385  0.6927927E+02  0.87816E-02    5     5233    -4    -5     T
     1386  0.6928805E+02  0.87816E-02    4     5237    -4    -5     T
     1387  0.6929683E+02  0.87816E-02    5     5242    -4    -5     T
     1388  0.6930561E+02  0.87816E-02    5     5247    -4    -5     T
     1389  0.6931439E+02  0.87816E-02    6     5253    -4    -5     T
     1390  0.6932318E+02  0.87816E-02    5     5258    -4    -5     T
     1391  0.6933196E+02  0.87816E-02    4     5262    -4    -5     T
     1392  0.6934074E+02  0.87816E-02    4     5266    -4    -5     T
     1393  0.6934952E+02  0.87816E-02    5     5271    -4    -5     T
     1394  0.6935830E+02  0.87816E-02    5     5276    -4    -5     T
     1395  0.6936708E+02  0.87816E-02    4     5280    -4    -5     T
     1396  0.6937587E+02  0.87816E-02    5     5285    -4    -5     T
     1397  0.6938465E+02  0.87816E-02    5     5290    -4    -5     T
     1398  0.6939343E+02  0.87816E-02    4     5294    -4    -5     T
     1399  0.6940221E+02  0.87816E-02    5     5299    -4    -5     T
     1400  0.6941099E+02  0.87816E-02    5     5304    -4    -5     T
     1401  0.6941977E+02  0.87816E-02    5     5309    -4    -5     T
     1402  0.6942856E+02  0.87816E-02    5     5314    -4    -5     T
     1403  0.6943734E+02  0.87816E-02    4     5318    -4    -5     T
     1404  0.6944612E+02  0.87816E-02    4     5322    -4    -5     T
     1405  0.6945490E+02  0.87816E-02    5     5327    -4    -5     T
     1406  0.6946368E+02  0.87816E-02    4     5331    -4    -5     T
     1407  0.6947246E+02  0.87816E-02    5     5336    -4    -5     T
     1408  0.6948124E+02  0.87816E-02    4     5340    -4    -5     T
     1409  0.6949003E+02  0.87816E-02    5     5345    -4    -5     T
     1410  0.6949881E+02  0.87816E-02    4     5349    -4    -5     T
     1411  0.6950759E+02  0.87816E-02    4     5353    -4    -5     T
     1412  0.6951637E+02  0.87816E-02    5     5358    -4    -5     T
     1413  0.6952515E+02  0.87816E-02    4     5362    -4    -5     T
     1414  0.6953393E+02  0.87816E-02    5     5367    -4    -5     T
     1415  0.6954272E+02  0.87816E-02    5     5372    -4    -5     T
     1416  0.6955150E+02  0.87816E-02    4     5376    -4    -5     T
     1417  0.6956028E+02  0.87816E-02    4     5380    -4    -5     T
     1418  0.6956906E+02  0.87816E-02    5     5385    -4    -5     T
     1419  0.6957784E+02  0.87816E-02    3     5388    -4    -5     T
     1420  0.6958926E+02  0.11416E-01    5     5393    -4    -5     T
     1421  0.6960067E+02  0.11416E-01    5     5398    -4    -5     T
     1422  0.6961209E+02  0.11416E-01    5     5403    -4    -5     T
     1423  0.6962351E+02  0.11416E-01    5     5408    -4    -5     T
     1424  0.6963492E+02  0.11416E-01    5     5413    -4    -5     T
     1425  0.6964634E+02  0.11416E-01    5     5418    -4    -5     T
     1426  0.6965775E+02  0.11416E-01    6     5424    -4    -5     T
     1427  0.6966917E+02  0.11416E-01    4     5428    -4    -5     T
     1428  0.6968059E+02  0.11416E-01    5     5433    -4    -5     T
     1429  0.6969200E+02  0.11416E-01    5     5438    -4    -5     T
     1430  0.6970342E+02  0.11416E-01    5     5443    -4    -5     T
     1431  0.6971483E+02  0.11416E-01    5     5448    -4    -5     T
     1432  0.6972625E+02  0.11416E-01    6     5454    -4    -5     T
     1433  0.6973767E+02  0.11416E-01    3     5457    -4    -5     T
     1434  0.6975251E+02  0.14841E-01    5     5462    -4    -5     T
     1435  0.6976735E+02  0.14841E-01    6     5468    -4    -5     T
     1436  0.6978219E+02  0.14841E-01    6     5474    -4    -5     T
     1437  0.6979703E+02  0.14841E-01    5     5479    -4    -5     T
     1438  0.6981187E+02  0.14841E-01    6     5485    -4    -5     T
     1439  0.6982671E+02  0.14841E-01    5     5490    -4    -5     T
     1440  0.6984155E+02  0.14841E-01    6     5496    -4    -5     T
     1441  0.6985639E+02  0.14841E-01    5     5501    -4    -5     T
     1442  0.6987075E+02  0.14361E-01    5     5506    -4    -5     T
     1443  0.6988512E+02  0.14361E-01    5     5511    -4    -5     T
     1444  0.6989948E+02  0.14361E-01    6     5517    -4    -5     T
     1445  0.6991384E+02  0.14361E-01    5     5522    -4    -5     T
     1446  0.6992820E+02  0.14361E-01    5     5527    -4    -5     T
     1447  0.6994256E+02  0.14361E-01    6     5533    -4    -5     T
     1448  0.6995692E+02  0.14361E-01    5     5538    -4    -5     T
     1449  0.6997128E+02  0.14361E-01    6     5544    -4    -5     T
     1450  0.6998564E+02  0.14361E-01    5     5549    -4    -5     T
     1451  0.7000000E+02  0.14361E-01    5     5554    -4    -5     T
     1452  0.7000100E+02  0.10000E-02    2     5556    -4    -5     T
     1453  0.7000230E+02  0.13000E-02    2     5558    -4    -5     T
     1454  0.7000399E+02  0.16900E-02    2     5560    -4    -5     T
     1455  0.7000619E+02  0.21970E-02    2     5562    -4    -5     T
     1456  0.7000904E+02  0.28561E-02    2     5564    -4    -5     T
     1457  0.7001276E+02  0.37129E-02    2     5566    -4    -5     T
     1458  0.7001758E+02  0.48268E-02    4     5570    -4    -5     T
     1459  0.7002241E+02  0.48268E-02    4     5574    -4    -5     T
     1460  0.7002724E+02  0.48268E-02    2     5576    -4    -5     T
     1461  0.7003351E+02  0.62749E-02    2     5578    -4    -5     T
     1462  0.7004167E+02  0.81573E-02    3     5581    -4    -5     T
     1463  0.7005227E+02  0.10604E-01    4     5585    -4    -5     T
     1464  0.7006288E+02  0.10604E-01    5     5590    -4    -5     T
     1465  0.7007348E+02  0.10604E-01    4     5594    -4    -5     T
     1466  0.7008409E+02  0.10604E-01    4     5598    -4    -5     T
     1467  0.7009469E+02  0.10604E-01    4     5602    -4    -5     T
     1468  0.7010530E+02  0.10604E-01    5     5607    -4    -5     T
     1469  0.7011590E+02  0.10604E-01    4     5611    -4    -5     T
     1470  0.7012650E+02  0.10604E-01    5     5616    -4    -5     T
     1471  0.7013711E+02  0.10604E-01    4     5620    -4    -5     T
     1472  0.7014771E+02  0.10604E-01    4     5624    -4    -5     T
     1473  0.7015832E+02  0.10604E-01    5     5629    -4    -5     T
     1474  0.7016892E+02  0.10604E-01    5     5634    -4    -5     T
     1475  0.7017953E+02  0.10604E-01    5     5639    -4    -5     T
     1476  0.7019013E+02  0.10604E-01    4     5643    -4    -5     T
     1477  0.7020074E+02  0.10604E-01    5     5648    -4    -5     T
     1478  0.7021134E+02  0.10604E-01    5     5653    -4    -5     T
     1479  0.7022195E+02  0.10604E-01    4     5657    -4    -5     T
     1480  0.7023255E+02  0.10604E-01    2     5659    -4    -5     T
     1481  0.7024634E+02  0.13786E-01    5     5664    -4    -5     T
     1482  0.7026012E+02  0.13786E-01    5     5669    -4    -5     T
     1483  0.7027391E+02  0.13786E-01    5     5674    -4    -5     T
     1484  0.7028769E+02  0.13786E-01    5     5679    -4    -5     T
     1485  0.7030148E+02  0.13786E-01    4     5683    -4    -5     T
     1486  0.7031526E+02  0.13786E-01    5     5688    -4    -5     T
     1487  0.7032905E+02  0.13786E-01    5     5693    -4    -5     T
     1488  0.7034284E+02  0.13786E-01    4     5697    -4    -5     T
     1489  0.7035662E+02  0.13786E-01    5     5702    -4    -5     T
     1490  0.7037041E+02  0.13786E-01    5     5707    -4    -5     T
     1491  0.7038419E+02  0.13786E-01    5     5712    -4    -5     T
     1492  0.7039798E+02  0.13786E-01    3     5715    -4    -5     T
     1493  0.7041590E+02  0.17922E-01    5     5720    -4    -5     T
     1494  0.7043382E+02  0.17922E-01    5     5725    -4    -5     T
     1495  0.7045174E+02  0.17922E-01    6     5731    -4    -5     T
     1496  0.7046967E+02  0.17922E-01    5     5736    -4    -5     T
     1497  0.7048759E+02  0.17922E-01    6     5742    -4    -5     T
     1498  0.7050551E+02  0.17922E-01    5     5747    -4    -5     T
     1499  0.7052343E+02  0.17922E-01    4     5751    -4    -5     T
     1500  0.7054135E+02  0.17922E-01    5     5756    -4    -5     T
     1501  0.7055927E+02  0.17922E-01    5     5761    -4    -5     T
     1502  0.7057720E+02  0.17922E-01    4     5765    -4    -5     T
     1503  0.7059512E+02  0.17922E-01    5     5770    -4    -5     T
     1504  0.7061304E+02  0.17922E-01    3     5773    -4    -5     T
     1505  0.7063634E+02  0.23298E-01    6     5779    -4    -5     T
     1506  0.7065964E+02  0.23298E-01    5     5784    -4    -5     T
     1507  0.7068293E+02  0.23298E-01    5     5789    -4    -5     T
     1508  0.7070623E+02  0.23298E-01    6     5795    -4    -5     T
     1509  0.7072953E+02  0.23298E-01    5     5800    -4    -5     T
     1510  0.7075283E+02  0.23298E-01    6     5806    -4    -5     T
     1511  0.7077613E+02  0.23298E-01    5     5811    -4    -5     T
     1512  0.7079851E+02  0.22387E-01    5     5816    -4    -5     T
     1513  0.7082090E+02  0.22387E-01    6     5822    -4    -5     T
     1514  0.7084329E+02  0.22387E-01    5     5827    -4    -5     T
     1515  0.7086568E+02  0.22387E-01    5     5832    -4    -5     T
     1516  0.7088806E+02  0.22387E-01    6     5838    -4    -5     T
     1517  0.7091045E+02  0.22387E-01    5     5843    -4    -5     T
     1518  0.7093284E+02  0.22387E-01    5     5848    -4    -5     T
     1519  0.7095523E+02  0.22387E-01    5     5853    -4    -5     T
     1520  0.7097761E+02  0.22387E-01    5     5858    -4    -5     T
     1521  0.7100000E+02  0.22387E-01    4     5862    -4    -5     T
     1522  0.7102330E+02  0.23298E-01    6     5868    -4    -5     T
     1523  0.7104660E+02  0.23298E-01    5     5873    -4    -5     T
     1524  0.7106989E+02  0.23298E-01    5     5878    -4    -5     T
     1525  0.7109319E+02  0.23298E-01    5     5883    -4    -5     T
     1526  0.7111649E+02  0.23298E-01    5     5888    -4    -5     T
     1527  0.7113979E+02  0.23298E-01    6     5894    -4    -5     T
     1528  0.7116309E+02  0.23298E-01    5     5899    -4    -5     T
     1529  0.7118638E+02  0.23298E-01    5     5904    -4    -5     T
     1530  0.7120968E+02  0.23298E-01    5     5909    -4    -5     T
     1531  0.7123298E+02  0.23298E-01    5     5914    -4    -5     T
     1532  0.7125628E+02  0.23298E-01    5     5919    -4    -5     T
     1533  0.7127958E+02  0.23298E-01    5     5924    -4    -5     T
     1534  0.7130288E+02  0.23298E-01    5     5929    -4    -5     T
     1535  0.7132617E+02  0.23298E-01    4     5933    -4    -5     T
     1536  0.7134947E+02  0.23298E-01    5     5938    -4    -5     T
     1537  0.7137277E+02  0.23298E-01    5     5943    -4    -5     T
     1538  0.7139607E+02  0.23298E-01    3     5946    -4    -5     T
     1539  0.7142635E+02  0.30287E-01    6     5952    -4    -5     T
     1540  0.7145664E+02  0.30287E-01    5     5957    -4    -5     T
     1541  0.7148693E+02  0.30287E-01    4     5961    -4    -5     T
     1542  0.7151722E+02  0.30287E-01    5     5966    -4    -5     T
     1543  0.7154750E+02  0.30287E-01    5     5971    -4    -5     T
     1544  0.7157779E+02  0.30287E-01    3     5974    -4    -5     T
     1545  0.7161717E+02  0.39374E-01    4     5978    -4    -5     T
     1546  0.7165545E+02  0.38283E-01    5     5983    -4    -5     T
     1547  0.7169373E+02  0.38283E-01    5     5988    -4    -5     T
     1548  0.7173202E+02  0.38283E-01    4     5992    -4    -5     T
     1549  0.7177030E+02  0.38283E-01    4     5996    -4    -5     T
     1550  0.7180858E+02  0.38283E-01    5     6001    -4    -5     T
     1551  0.7184687E+02  0.38283E-01    4     6005    -4    -5     T
     1552  0.7188515E+02  0.38283E-01    4     6009    -4    -5     T
     1553  0.7192343E+02  0.38283E-01    4     6013    -4    -5     T
     1554  0.7196172E+02  0.38283E-01    5     6018    -4    -5     T
     1555  0.7200000E+02  0.38283E-01    5     6023    -4    -5     T
     1556  0.7203937E+02  0.39374E-01    4     6027    -4    -5     T
     1557  0.7207875E+02  0.39374E-01    4     6031    -4    -5     T
     1558  0.7211812E+02  0.39374E-01    2     6033    -4    -5     T
     1559  0.7216931E+02  0.51186E-01    3     6036    -4    -5     T
     1560  0.7223585E+02  0.66542E-01    5     6041    -4    -5     T
     1561  0.7230239E+02  0.66542E-01    4     6045    -4    -5     T
     1562  0.7237215E+02  0.69761E-01    4     6049    -4    -5     T
     1563  0.7244191E+02  0.69761E-01    4     6053    -4    -5     T
     1564  0.7251167E+02  0.69761E-01    5     6058    -4    -5     T
     1565  0.7258143E+02  0.69761E-01    4     6062    -4    -5     T
     1566  0.7265120E+02  0.69761E-01    5     6067    -4    -5     T
     1567  0.7272096E+02  0.69761E-01    3     6070    -4    -5     T
     1568  0.7281397E+02  0.93015E-01    3     6073    -4    -5     T
     1569  0.7290699E+02  0.93015E-01    4     6077    -4    -5     T
     1570  0.7300000E+02  0.93015E-01    5     6082    -4    -5     T
     1571  0.7300100E+02  0.10000E-02    3     6085    -4    -5     T
     1572  0.7300230E+02  0.13000E-02    2     6087    -4    -5     T
     1573  0.7300399E+02  0.16900E-02    2     6089    -4    -5     T
     1574  0.7300619E+02  0.21970E-02    2     6091    -4    -5     T
     1575  0.7300904E+02  0.28561E-02    2     6093    -4    -5     T
     1576  0.7301276E+02  0.37129E-02    2     6095    -4    -5     T
     1577  0.7301758E+02  0.48268E-02    2     6097    -4    -5     T
     1578  0.7302386E+02  0.62749E-02    3     6100    -4    -5     T
     1579  0.7303201E+02  0.81573E-02    4     6104    -4    -5     T
     1580  0.7304017E+02  0.81573E-02    3     6107    -4    -5     T
     1581  0.7305078E+02  0.10604E-01    4     6111    -4    -5     T
     1582  0.7306138E+02  0.10604E-01    4     6115    -4    -5     T
     1583  0.7307199E+02  0.10604E-01    2     6117    -4    -5     T
     1584  0.7308577E+02  0.13786E-01    2     6119    -4    -5     T
     1585  0.7310369E+02  0.17922E-01    3     6122    -4    -5     T
     1586  0.7312699E+02  0.23298E-01    4     6126    -4    -5     T
     1587  0.7315029E+02  0.23298E-01    4     6130    -4    -5     T
     1588  0.7317359E+02  0.23298E-01    2     6132    -4    -5     T
     1589  0.7320387E+02  0.30287E-01    3     6135    -4    -5     T
     1590  0.7324325E+02  0.39374E-01    4     6139    -4    -5     T
     1591  0.7328262E+02  0.39374E-01    4     6143    -4    -5     T
     1592  0.7332200E+02  0.39374E-01    3     6146    -4    -5     T
     1593  0.7337318E+02  0.51186E-01    4     6150    -4    -5     T
     1594  0.7342437E+02  0.51186E-01    4     6154    -4    -5     T
     1595  0.7347555E+02  0.51186E-01    2     6156    -4    -5     T
     1596  0.7354111E+02  0.65556E-01    3     6159    -4    -5     T
     1597  0.7363289E+02  0.91778E-01    5     6164    -4    -5     T
     1598  0.7372467E+02  0.91778E-01    4     6168    -4    -5     T
     1599  0.7381644E+02  0.91778E-01    4     6172    -4    -5     T
     1600  0.7390822E+02  0.91778E-01    4     6176    -4    -5     T
     1601  0.7400000E+02  0.91778E-01    4     6180    -4    -5     T
     1602  0.7408650E+02  0.86504E-01    6     6186    -4    -5     T
     1603  0.7417301E+02  0.86504E-01    4     6190    -4    -5     T
     1604  0.7425571E+02  0.82699E-01    4     6194    -4    -5     T
     1605  0.7433841E+02  0.82699E-01    4     6198    -4    -5     T
     1606  0.7442111E+02  0.82699E-01    3     6201    -4    -5     T
     1607  0.7453688E+02  0.11578E+00    3     6204    -4    -5     T
     1608  0.7469126E+02  0.15437E+00    4     6208    -4    -5     T
     1609  0.7484563E+02  0.15437E+00    4     6212    -4    -5     T
     1610  0.7500000E+02  0.15437E+00    4     6216    -4    -5     T
     1611  0.7514286E+02  0.14286E+00    5     6221    -4    -5     T
     1612  0.7528571E+02  0.14286E+00    5     6226    -4    -5     T
     1613  0.7542857E+02  0.14286E+00    6     6232    -4    -5     T
     1614  0.7557143E+02  0.14286E+00    6     6238    -4    -5     T
     1615  0.7571429E+02  0.14286E+00    5     6243    -4    -5     T
     1616  0.7585714E+02  0.14286E+00    6     6249    -4    -5     T
     1617  0.7600000E+02  0.14286E+00    7     6256    -4    -5     T
     1618  0.7600070E+02  0.70000E-03    3     6259    -4    -5     T
     1619  0.7600161E+02  0.91000E-03    2     6261    -4    -5     T
     1620  0.7600279E+02  0.11830E-02    2     6263    -4    -5     T
     1621  0.7600433E+02  0.15379E-02    2     6265    -4    -5     T
     1622  0.7600633E+02  0.19993E-02    2     6267    -4    -5     T
     1623  0.7600893E+02  0.25991E-02    2     6269    -4    -5     T
     1624  0.7601231E+02  0.33788E-02    2     6271    -4    -5     T
     1625  0.7601670E+02  0.43924E-02    3     6274    -4    -5     T
     1626  0.7602241E+02  0.57101E-02    4     6278    -4    -5     T
     1627  0.7602812E+02  0.57101E-02    4     6282    -4    -5     T
     1628  0.7603383E+02  0.57101E-02    2     6284    -4    -5     T
     1629  0.7604125E+02  0.74231E-02    4     6288    -4    -5     T
     1630  0.7604868E+02  0.74231E-02    4     6292    -4    -5     T
     1631  0.7605610E+02  0.74231E-02    4     6296    -4    -5     T
     1632  0.7606352E+02  0.74231E-02    2     6298    -4    -5     T
     1633  0.7607317E+02  0.96501E-02    4     6302    -4    -5     T
     1634  0.7608282E+02  0.96501E-02    2     6304    -4    -5     T
     1635  0.7609537E+02  0.12545E-01    5     6309    -4    -5     T
     1636  0.7610791E+02  0.12545E-01    4     6313    -4    -5     T
     1637  0.7612046E+02  0.12545E-01    4     6317    -4    -5     T
     1638  0.7613300E+02  0.12545E-01    4     6321    -4    -5     T
     1639  0.7614555E+02  0.12545E-01    4     6325    -4    -5     T
     1640  0.7615809E+02  0.12545E-01    5     6330    -4    -5     T
     1641  0.7617064E+02  0.12545E-01    4     6334    -4    -5     T
     1642  0.7618318E+02  0.12545E-01    2     6336    -4    -5     T
     1643  0.7619949E+02  0.16309E-01    2     6338    -4    -5     T
     1644  0.7622069E+02  0.21201E-01    2     6340    -4    -5     T
     1645  0.7624826E+02  0.27562E-01    5     6345    -4    -5     T
     1646  0.7627582E+02  0.27562E-01    4     6349    -4    -5     T
     1647  0.7630338E+02  0.27562E-01    3     6352    -4    -5     T
     1648  0.7633921E+02  0.35830E-01    5     6357    -4    -5     T
     1649  0.7637504E+02  0.35830E-01    4     6361    -4    -5     T
     1650  0.7641087E+02  0.35830E-01    4     6365    -4    -5     T
     1651  0.7644670E+02  0.35830E-01    3     6368    -4    -5     T
     1652  0.7649328E+02  0.46579E-01    6     6374    -4    -5     T
     1653  0.7653986E+02  0.46579E-01    5     6379    -4    -5     T
     1654  0.7658587E+02  0.46014E-01    3     6382    -4    -5     T
     1655  0.7664503E+02  0.59161E-01    3     6385    -4    -5     T
     1656  0.7671603E+02  0.70993E-01    4     6389    -4    -5     T
     1657  0.7678702E+02  0.70993E-01    6     6395    -4    -5     T
     1658  0.7685801E+02  0.70993E-01    4     6399    -4    -5     T
     1659  0.7692901E+02  0.70993E-01    4     6403    -4    -5     T
     1660  0.7700000E+02  0.70993E-01    3     6406    -4    -5     T
     1661  0.7710000E+02  0.10000E+00    6     6412    -4    -5     T
     1662  0.7720000E+02  0.10000E+00    5     6417    -4    -5     T
     1663  0.7730000E+02  0.10000E+00    4     6421    -4    -5     T
     1664  0.7740000E+02  0.10000E+00    4     6425    -4    -5     T
     1665  0.7750000E+02  0.10000E+00    5     6430    -4    -5     T
     1666  0.7760000E+02  0.10000E+00    5     6435    -4    -5     T
     1667  0.7770000E+02  0.10000E+00    5     6440    -4    -5     T
     1668  0.7780000E+02  0.10000E+00    5     6445    -4    -5     T
     1669  0.7790000E+02  0.10000E+00    5     6450    -4    -5     T
     1670  0.7800000E+02  0.10000E+00    5     6455    -4    -5     T
     1671  0.7810000E+02  0.10000E+00    6     6461    -4    -5     T
     1672  0.7820000E+02  0.10000E+00    7     6468     4    -5     T
     1673  0.7827163E+02  0.71634E-01    4     6472     4    -5     T
     1674  0.7834447E+02  0.72837E-01    4     6476     4    -5     T
     1675  0.7841731E+02  0.72837E-01    3     6479     4    -5     T
     1676  0.7851442E+02  0.97115E-01    3     6482     4    -5     T
     1677  0.7863582E+02  0.12139E+00    4     6486     4    -5     T
     1678  0.7875721E+02  0.12139E+00    4     6490     4    -5     T
     1679  0.7887861E+02  0.12139E+00    4     6494     4    -5     T
     1680  0.7900000E+02  0.12139E+00    4     6498     4    -5     T
     1681  0.7912500E+02  0.12500E+00    3     6501     4    -5     T
     1682  0.7927083E+02  0.14583E+00    3     6504     4    -5     T
     1683  0.7945312E+02  0.18229E+00    4     6508     4    -5     T
     1684  0.7963542E+02  0.18229E+00    4     6512     4    -5     T
     1685  0.7981771E+02  0.18229E+00    4     6516     4    -5     T
     1686  0.8000000E+02  0.18229E+00    4     6520     4    -5     T
     1687  0.8020000E+02  0.20000E+00    4     6524     4    -5     T
     1688  0.8040000E+02  0.20000E+00    4     6528     4    -5     T
     1689  0.8060000E+02  0.20000E+00    4     6532     4    -5     T
     1690  0.8080000E+02  0.20000E+00    4     6536     4    -5     T
     1691  0.8100000E+02  0.20000E+00    4     6540     4    -5     T
     1692  0.8100100E+02  0.10000E-02    4     6544    -4    -5     T
     1693  0.8100200E+02  0.10000E-02    7     6551    -4    -5     T
     1694  0.8100270E+02  0.70000E-03    2     6553    -4    -5     T
     1695  0.8100361E+02  0.91000E-03    3     6556    -4    -5     T
     1696  0.8100479E+02  0.11830E-02    3     6559    -4    -5     T
     1697  0.8100633E+02  0.15379E-02    4     6563    -4    -5     T
     1698  0.8100787E+02  0.15379E-02    4     6567    -4    -5     T
     1699  0.8100941E+02  0.15379E-02    4     6571    -4    -5     T
     1700  0.8101094E+02  0.15379E-02    2     6573    -4    -5     T
     1701  0.8101294E+02  0.19993E-02    4     6577    -4    -5     T
     1702  0.8101494E+02  0.19993E-02    5     6582    -4    -5     T
     1703  0.8101694E+02  0.19993E-02    4     6586    -4    -5     T
     1704  0.8101894E+02  0.19993E-02    4     6590    -4    -5     T
     1705  0.8102094E+02  0.19993E-02    4     6594    -4    -5     T
     1706  0.8102294E+02  0.19993E-02    3     6597    -4    -5     T
     1707  0.8102554E+02  0.25991E-02    5     6602    -4    -5     T
     1708  0.8102814E+02  0.25991E-02    4     6606    -4    -5     T
     1709  0.8103074E+02  0.25991E-02    4     6610    -4    -5     T
     1710  0.8103334E+02  0.25991E-02    3     6613    -4    -5     T
     1711  0.8103672E+02  0.33788E-02    4     6617    -4    -5     T
     1712  0.8104009E+02  0.33788E-02    4     6621    -4    -5     T
     1713  0.8104347E+02  0.33788E-02    5     6626    -4    -5     T
     1714  0.8104685E+02  0.33788E-02    5     6631    -4    -5     T
     1715  0.8105023E+02  0.33788E-02    3     6634    -4    -5     T
     1716  0.8105462E+02  0.43924E-02    2     6636    -4    -5     T
     1717  0.8106033E+02  0.57101E-02    6     6642    -4    -5     T
     1718  0.8106604E+02  0.57101E-02    5     6647    -4    -5     T
     1719  0.8107175E+02  0.57101E-02    4     6651    -4    -5     T
     1720  0.8107746E+02  0.57101E-02    4     6655    -4    -5     T
     1721  0.8108317E+02  0.57101E-02    5     6660    -4    -5     T
     1722  0.8108888E+02  0.57101E-02    4     6664    -4    -5     T
     1723  0.8109459E+02  0.57101E-02    3     6667    -4    -5     T
     1724  0.8110202E+02  0.74231E-02    4     6671    -4    -5     T
     1725  0.8110944E+02  0.74231E-02    6     6677    -4    -5     T
     1726  0.8111686E+02  0.74231E-02    5     6682    -4    -5     T
     1727  0.8112429E+02  0.74231E-02    4     6686    -4    -5     T
     1728  0.8113171E+02  0.74231E-02    4     6690    -4    -5     T
     1729  0.8113913E+02  0.74231E-02    2     6692    -4    -5     T
     1730  0.8114878E+02  0.96501E-02    6     6698    -4    -5     T
     1731  0.8115843E+02  0.96501E-02    5     6703    -4    -5     T
     1732  0.8116808E+02  0.96501E-02    4     6707    -4    -5     T
     1733  0.8117773E+02  0.96501E-02    5     6712    -4    -5     T
     1734  0.8118738E+02  0.96501E-02    4     6716    -4    -5     T
     1735  0.8119703E+02  0.96501E-02    2     6718    -4    -5     T
     1736  0.8120958E+02  0.12545E-01    5     6723    -4    -5     T
     1737  0.8122212E+02  0.12545E-01    6     6729    -4    -5     T
     1738  0.8123467E+02  0.12545E-01    4     6733    -4    -5     T
     1739  0.8124721E+02  0.12545E-01    5     6738    -4    -5     T
     1740  0.8125976E+02  0.12545E-01    6     6744    -4    -5     T
     1741  0.8127230E+02  0.12545E-01    4     6748    -4    -5     T
     1742  0.8128485E+02  0.12545E-01    5     6753    -4    -5     T
     1743  0.8129739E+02  0.12545E-01    5     6758    -4    -5     T
     1744  0.8130994E+02  0.12545E-01    5     6763    -4    -5     T
     1745  0.8132248E+02  0.12545E-01    5     6768    -4    -5     T
     1746  0.8133503E+02  0.12545E-01    5     6773    -4    -5     T
     1747  0.8134757E+02  0.12545E-01    4     6777    -4    -5     T
     1748  0.8136012E+02  0.12545E-01    4     6781    -4    -5     T
     1749  0.8137266E+02  0.12545E-01    5     6786    -4    -5     T
     1750  0.8138521E+02  0.12545E-01    2     6788    -4    -5     T
     1751  0.8140152E+02  0.16309E-01    5     6793    -4    -5     T
     1752  0.8141783E+02  0.16309E-01    5     6798    -4    -5     T
     1753  0.8143414E+02  0.16309E-01    5     6803    -4    -5     T
     1754  0.8145044E+02  0.16309E-01    4     6807    -4    -5     T
     1755  0.8146675E+02  0.16309E-01    4     6811    -4    -5     T
     1756  0.8148306E+02  0.16309E-01    4     6815    -4    -5     T
     1757  0.8149937E+02  0.16309E-01    5     6820    -4    -5     T
     1758  0.8151568E+02  0.16309E-01    4     6824    -4    -5     T
     1759  0.8153199E+02  0.16309E-01    4     6828    -4    -5     T
     1760  0.8154830E+02  0.16309E-01    5     6833    -4    -5     T
     1761  0.8156460E+02  0.16309E-01    4     6837    -4    -5     T
     1762  0.8158091E+02  0.16309E-01    4     6841    -4    -5     T
     1763  0.8159722E+02  0.16309E-01    4     6845    -4    -5     T
     1764  0.8161353E+02  0.16309E-01    5     6850    -4    -5     T
     1765  0.8162984E+02  0.16309E-01    4     6854    -4    -5     T
     1766  0.8164615E+02  0.16309E-01    5     6859    -4    -5     T
     1767  0.8166246E+02  0.16309E-01    2     6861    -4    -5     T
     1768  0.8168366E+02  0.21201E-01    5     6866    -4    -5     T
     1769  0.8170486E+02  0.21201E-01    6     6872    -4    -5     T
     1770  0.8172606E+02  0.21201E-01    4     6876    -4    -5     T
     1771  0.8174726E+02  0.21201E-01    5     6881    -4    -5     T
     1772  0.8176846E+02  0.21201E-01    5     6886    -4    -5     T
     1773  0.8178966E+02  0.21201E-01    5     6891    -4    -5     T
     1774  0.8181070E+02  0.21034E-01    5     6896    -4    -5     T
     1775  0.8183173E+02  0.21034E-01    6     6902    -4    -5     T
     1776  0.8185276E+02  0.21034E-01    5     6907    -4    -5     T
     1777  0.8187380E+02  0.21034E-01    4     6911    -4    -5     T
     1778  0.8189483E+02  0.21034E-01    5     6916    -4    -5     T
     1779  0.8191587E+02  0.21034E-01    5     6921    -4    -5     T
     1780  0.8193690E+02  0.21034E-01    4     6925    -4    -5     T
     1781  0.8195793E+02  0.21034E-01    5     6930    -4    -5     T
     1782  0.8197897E+02  0.21034E-01    5     6935    -4    -5     T
     1783  0.8200000E+02  0.21034E-01    3     6938    -4    -5     T
     1784  0.8200100E+02  0.10000E-02    4     6942    -4    -5     T
     1785  0.8200200E+02  0.10000E-02    2     6944    -4    -5     T
     1786  0.8200330E+02  0.13000E-02    2     6946    -4    -5     T
     1787  0.8200499E+02  0.16900E-02    2     6948    -4    -5     T
     1788  0.8200719E+02  0.21970E-02    2     6950    -4    -5     T
     1789  0.8201004E+02  0.28561E-02    2     6952    -4    -5     T
     1790  0.8201376E+02  0.37129E-02    2     6954    -4    -5     T
     1791  0.8201858E+02  0.48268E-02    2     6956    -4    -5     T
     1792  0.8202486E+02  0.62749E-02    2     6958    -4    -5     T
     1793  0.8203301E+02  0.81573E-02    2     6960    -4    -5     T
     1794  0.8204362E+02  0.10604E-01    4     6964    -4    -5     T
     1795  0.8205422E+02  0.10604E-01    3     6967    -4    -5     T
     1796  0.8206801E+02  0.13786E-01    5     6972    -4    -5     T
     1797  0.8208180E+02  0.13786E-01    2     6974    -4    -5     T
     1798  0.8209972E+02  0.17922E-01    4     6978    -4    -5     T
     1799  0.8211764E+02  0.17922E-01    3     6981    -4    -5     T
     1800  0.8214094E+02  0.23298E-01    5     6986    -4    -5     T
     1801  0.8216424E+02  0.23298E-01    4     6990    -4    -5     T
     1802  0.8218753E+02  0.23298E-01    4     6994    -4    -5     T
     1803  0.8221083E+02  0.23298E-01    3     6997    -4    -5     T
     1804  0.8224112E+02  0.30287E-01    4     7001    -4    -5     T
     1805  0.8227141E+02  0.30287E-01    5     7006    -4    -5     T
     1806  0.8230169E+02  0.30287E-01    5     7011    -4    -5     T
     1807  0.8233198E+02  0.30287E-01    5     7016    -4    -5     T
     1808  0.8236227E+02  0.30287E-01    2     7018    -4    -5     T
     1809  0.8240164E+02  0.39374E-01    3     7021    -4    -5     T
     1810  0.8245283E+02  0.51186E-01    5     7026    -4    -5     T
     1811  0.8250401E+02  0.51186E-01    5     7031    -4    -5     T
     1812  0.8255361E+02  0.49599E-01    4     7035    -4    -5     T
     1813  0.8260321E+02  0.49599E-01    4     7039    -4    -5     T
     1814  0.8265281E+02  0.49599E-01    5     7044    -4    -5     T
     1815  0.8270241E+02  0.49599E-01    5     7049    -4    -5     T
     1816  0.8275201E+02  0.49599E-01    5     7054    -4    -5     T
     1817  0.8280161E+02  0.49599E-01    3     7057    -4    -5     T
     1818  0.8286774E+02  0.66131E-01    4     7061    -4    -5     T
     1819  0.8293387E+02  0.66131E-01    5     7066    -4    -5     T
     1820  0.8300000E+02  0.66131E-01    4     7070    -4    -5     T
     1821  0.8300100E+02  0.10000E-02    4     7074    -4    -5     T
     1822  0.8300200E+02  0.10000E-02    2     7076    -4    -5     T
     1823  0.8300330E+02  0.13000E-02    2     7078    -4    -5     T
     1824  0.8300499E+02  0.16900E-02    2     7080    -4    -5     T
     1825  0.8300719E+02  0.21970E-02    3     7083    -4    -5     T
     1826  0.8301004E+02  0.28561E-02    4     7087    -4    -5     T
     1827  0.8301290E+02  0.28561E-02    4     7091    -4    -5     T
     1828  0.8301576E+02  0.28561E-02    2     7093    -4    -5     T
     1829  0.8301947E+02  0.37129E-02    2     7095    -4    -5     T
     1830  0.8302430E+02  0.48268E-02    2     7097    -4    -5     T
     1831  0.8303057E+02  0.62749E-02    2     7099    -4    -5     T
     1832  0.8303873E+02  0.81573E-02    3     7102    -4    -5     T
     1833  0.8304933E+02  0.10604E-01    4     7106    -4    -5     T
     1834  0.8305994E+02  0.10604E-01    3     7109    -4    -5     T
     1835  0.8307372E+02  0.13786E-01    4     7113    -4    -5     T
     1836  0.8308751E+02  0.13786E-01    4     7117    -4    -5     T
     1837  0.8310129E+02  0.13786E-01    2     7119    -4    -5     T
     1838  0.8311922E+02  0.17922E-01    3     7122    -4    -5     T
     1839  0.8314251E+02  0.23298E-01    4     7126    -4    -5     T
     1840  0.8316581E+02  0.23298E-01    4     7130    -4    -5     T
     1841  0.8318911E+02  0.23298E-01    4     7134    -4    -5     T
     1842  0.8321241E+02  0.23298E-01    4     7138    -4    -5     T
     1843  0.8323571E+02  0.23298E-01    2     7140    -4    -5     T
     1844  0.8326599E+02  0.30287E-01    4     7144    -4    -5     T
     1845  0.8329628E+02  0.30287E-01    4     7148    -4    -5     T
     1846  0.8332657E+02  0.30287E-01    3     7151    -4    -5     T
     1847  0.8336594E+02  0.39374E-01    5     7156    -4    -5     T
     1848  0.8340532E+02  0.39374E-01    4     7160    -4    -5     T
     1849  0.8344469E+02  0.39374E-01    3     7163    -4    -5     T
     1850  0.8349588E+02  0.51186E-01    5     7168    -4    -5     T
     1851  0.8354629E+02  0.50412E-01    6     7174    -4    -5     T
     1852  0.8359670E+02  0.50412E-01    5     7179    -4    -5     T
     1853  0.8364711E+02  0.50412E-01    6     7185    -4    -5     T
     1854  0.8369753E+02  0.50412E-01    6     7191    -4    -5     T
     1855  0.8374794E+02  0.50412E-01    5     7196    -4    -5     T
     1856  0.8379835E+02  0.50412E-01    6     7202    -4    -5     T
     1857  0.8384876E+02  0.50412E-01    6     7208    -4    -5     T
     1858  0.8389918E+02  0.50412E-01    5     7213    -4    -5     T
     1859  0.8394959E+02  0.50412E-01    6     7219    -4    -5     T
     1860  0.8400000E+02  0.50412E-01    6     7225    -4    -5     T
     1861  0.8400100E+02  0.10000E-02    2     7227    -4    -5     T
     1862  0.8400230E+02  0.13000E-02    2     7229    -4    -5     T
     1863  0.8400399E+02  0.16900E-02    2     7231    -4    -5     T
     1864  0.8400619E+02  0.21970E-02    2     7233    -4    -5     T
     1865  0.8400904E+02  0.28561E-02    2     7235    -4    -5     T
     1866  0.8401276E+02  0.37129E-02    2     7237    -4    -5     T
     1867  0.8401758E+02  0.48268E-02    2     7239    -4    -5     T
     1868  0.8402386E+02  0.62749E-02    2     7241    -4    -5     T
     1869  0.8403201E+02  0.81573E-02    2     7243    -4    -5     T
     1870  0.8404262E+02  0.10604E-01    2     7245    -4    -5     T
     1871  0.8405641E+02  0.13786E-01    2     7247    -4    -5     T
     1872  0.8407433E+02  0.17922E-01    3     7250    -4    -5     T
     1873  0.8409763E+02  0.23298E-01    4     7254    -4    -5     T
     1874  0.8412092E+02  0.23298E-01    4     7258    -4    -5     T
     1875  0.8414422E+02  0.23298E-01    3     7261    -4    -5     T
     1876  0.8417451E+02  0.30287E-01    4     7265    -4    -5     T
     1877  0.8420480E+02  0.30287E-01    4     7269    -4    -5     T
     1878  0.8423508E+02  0.30287E-01    5     7274    -4    -5     T
     1879  0.8426537E+02  0.30287E-01    5     7279    -4    -5     T
     1880  0.8429566E+02  0.30287E-01    4     7283    -4    -5     T
     1881  0.8432595E+02  0.30287E-01    5     7288    -4    -5     T
     1882  0.8435623E+02  0.30287E-01    5     7293    -4    -5     T
     1883  0.8438652E+02  0.30287E-01    4     7297    -4    -5     T
     1884  0.8441681E+02  0.30287E-01    4     7301    -4    -5     T
     1885  0.8444710E+02  0.30287E-01    4     7305    -4    -5     T
     1886  0.8447738E+02  0.30287E-01    3     7308    -4    -5     T
     1887  0.8451676E+02  0.39374E-01    5     7313    -4    -5     T
     1888  0.8455613E+02  0.39374E-01    5     7318    -4    -5     T
     1889  0.8459550E+02  0.39374E-01    4     7322    -4    -5     T
     1890  0.8463595E+02  0.40450E-01    5     7327    -4    -5     T
     1891  0.8467640E+02  0.40450E-01    5     7332    -4    -5     T
     1892  0.8471685E+02  0.40450E-01    4     7336    -4    -5     T
     1893  0.8475730E+02  0.40450E-01    3     7339    -4    -5     T
     1894  0.8480584E+02  0.48539E-01    5     7344    -4    -5     T
     1895  0.8485438E+02  0.48539E-01    5     7349    -4    -5     T
     1896  0.8490292E+02  0.48539E-01    5     7354    -4    -5     T
     1897  0.8495146E+02  0.48539E-01    4     7358    -4    -5     T
     1898  0.8500000E+02  0.48539E-01    5     7363    -4    -5     T
     1899  0.8505119E+02  0.51186E-01    6     7369    -4    -5     T
     1900  0.8510237E+02  0.51186E-01    5     7374    -4    -5     T
     1901  0.8515356E+02  0.51186E-01    4     7378    -4    -5     T
     1902  0.8520474E+02  0.51186E-01    5     7383    -4    -5     T
     1903  0.8525593E+02  0.51186E-01    4     7387    -4    -5     T
     1904  0.8530712E+02  0.51186E-01    3     7390    -4    -5     T
     1905  0.8537640E+02  0.69288E-01    5     7395    -4    -5     T
     1906  0.8544569E+02  0.69288E-01    3     7398    -4    -5     T
     1907  0.8553808E+02  0.92385E-01    6     7404    -4    -5     T
     1908  0.8563046E+02  0.92385E-01    5     7409    -4    -5     T
     1909  0.8572285E+02  0.92385E-01    4     7413    -4    -5     T
     1910  0.8581523E+02  0.92385E-01    5     7418    -4    -5     T
     1911  0.8590762E+02  0.92385E-01    5     7423    -4    -5     T
     1912  0.8600000E+02  0.92385E-01    4     7427    -4    -5     T
     1913  0.8600100E+02  0.10000E-02    5     7432    -4    -5     T
     1914  0.8600200E+02  0.10000E-02    2     7434    -4    -5     T
     1915  0.8600330E+02  0.13000E-02    2     7436    -4    -5     T
     1916  0.8600499E+02  0.16900E-02    3     7439    -4    -5     T
     1917  0.8600719E+02  0.21970E-02    3     7442    -4    -5     T
     1918  0.8601004E+02  0.28561E-02    4     7446    -4    -5     T
     1919  0.8601290E+02  0.28561E-02    4     7450    -4    -5     T
     1920  0.8601576E+02  0.28561E-02    4     7454    -4    -5     T
     1921  0.8601861E+02  0.28561E-02    5     7459    -4    -5     T
     1922  0.8602147E+02  0.28561E-02    4     7463    -4    -5     T
     1923  0.8602432E+02  0.28561E-02    2     7465    -4    -5     T
     1924  0.8602804E+02  0.37129E-02    4     7469    -4    -5     T
     1925  0.8603175E+02  0.37129E-02    4     7473    -4    -5     T
     1926  0.8603546E+02  0.37129E-02    2     7475    -4    -5     T
     1927  0.8604029E+02  0.48268E-02    4     7479    -4    -5     T
     1928  0.8604512E+02  0.48268E-02    5     7484    -4    -5     T
     1929  0.8604994E+02  0.48268E-02    3     7487    -4    -5     T
     1930  0.8605622E+02  0.62749E-02    5     7492    -4    -5     T
     1931  0.8606249E+02  0.62749E-02    4     7496    -4    -5     T
     1932  0.8606877E+02  0.62749E-02    3     7499    -4    -5     T
     1933  0.8607692E+02  0.81573E-02    3     7502    -4    -5     T
     1934  0.8608753E+02  0.10604E-01    4     7506    -4    -5     T
     1935  0.8609813E+02  0.10604E-01    6     7512    -4    -5     T
     1936  0.8610874E+02  0.10604E-01    5     7517    -4    -5     T
     1937  0.8611934E+02  0.10604E-01    4     7521    -4    -5     T
     1938  0.8612995E+02  0.10604E-01    3     7524    -4    -5     T
     1939  0.8614373E+02  0.13786E-01    4     7528    -4    -5     T
     1940  0.8615752E+02  0.13786E-01    5     7533    -4    -5     T
     1941  0.8617130E+02  0.13786E-01    5     7538    -4    -5     T
     1942  0.8618509E+02  0.13786E-01    4     7542    -4    -5     T
     1943  0.8619888E+02  0.13786E-01    3     7545    -4    -5     T
     1944  0.8621680E+02  0.17922E-01    5     7550    -4    -5     T
     1945  0.8623472E+02  0.17922E-01    5     7555    -4    -5     T
     1946  0.8625264E+02  0.17922E-01    4     7559    -4    -5     T
     1947  0.8627056E+02  0.17922E-01    4     7563    -4    -5     T
     1948  0.8628848E+02  0.17922E-01    4     7567    -4    -5     T
     1949  0.8630641E+02  0.17922E-01    4     7571    -4    -5     T
     1950  0.8632433E+02  0.17922E-01    4     7575    -4    -5     T
     1951  0.8634225E+02  0.17922E-01    4     7579    -4    -5     T
     1952  0.8636017E+02  0.17922E-01    4     7583    -4    -5     T
     1953  0.8637809E+02  0.17922E-01    4     7587    -4    -5     T
     1954  0.8639601E+02  0.17922E-01    4     7591    -4    -5     T
     1955  0.8641394E+02  0.17922E-01    2     7593    -4    -5     T
     1956  0.8643723E+02  0.23298E-01    4     7597    -4    -5     T
     1957  0.8646053E+02  0.23298E-01    4     7601    -4    -5     T
     1958  0.8648383E+02  0.23298E-01    4     7605    -4    -5     T
     1959  0.8650713E+02  0.23298E-01    3     7608    -4    -5     T
     1960  0.8653742E+02  0.30287E-01    4     7612    -4    -5     T
     1961  0.8656770E+02  0.30287E-01    5     7617    -4    -5     T
     1962  0.8659799E+02  0.30287E-01    5     7622    -4    -5     T
     1963  0.8662828E+02  0.30287E-01    3     7625    -4    -5     T
     1964  0.8666958E+02  0.41302E-01    5     7630    -4    -5     T
     1965  0.8671088E+02  0.41302E-01    6     7636    -4    -5     T
     1966  0.8675219E+02  0.41302E-01    4     7640    -4    -5     T
     1967  0.8679349E+02  0.41302E-01    4     7644    -4    -5     T
     1968  0.8683479E+02  0.41302E-01    6     7650    -4    -5     T
     1969  0.8687609E+02  0.41302E-01    5     7655    -4    -5     T
     1970  0.8691740E+02  0.41302E-01    5     7660    -4    -5     T
     1971  0.8695870E+02  0.41302E-01    5     7665    -4    -5     T
     1972  0.8700000E+02  0.41302E-01    5     7670    -4    -5     T
     1973  0.8703937E+02  0.39374E-01    6     7676    -4    -5     T
     1974  0.8707875E+02  0.39374E-01    5     7681    -4    -5     T
     1975  0.8711812E+02  0.39374E-01    6     7687    -4    -5     T
     1976  0.8715749E+02  0.39374E-01    6     7693    -4    -5     T
     1977  0.8719687E+02  0.39374E-01    6     7699    -4    -5     T
     1978  0.8723624E+02  0.39374E-01    4     7703    -4    -5     T
     1979  0.8727562E+02  0.39374E-01    6     7709    -4    -5     T
     1980  0.8731499E+02  0.39374E-01    5     7714    -4    -5     T
     1981  0.8735436E+02  0.39374E-01    5     7719    -4    -5     T
     1982  0.8739374E+02  0.39374E-01    5     7724    -4    -5     T
     1983  0.8743311E+02  0.39374E-01    6     7730    -4    -5     T
     1984  0.8747248E+02  0.39374E-01    5     7735    -4    -5     T
     1985  0.8751186E+02  0.39374E-01    5     7740    -4    -5     T
     1986  0.8755123E+02  0.39374E-01    5     7745    -4    -5     T
     1987  0.8759061E+02  0.39374E-01    3     7748    -4    -5     T
     1988  0.8764178E+02  0.51174E-01    5     7753    -4    -5     T
     1989  0.8769295E+02  0.51174E-01    4     7757    -4    -5     T
     1990  0.8774413E+02  0.51174E-01    6     7763    -4    -5     T
     1991  0.8779530E+02  0.51174E-01    5     7768    -4    -5     T
     1992  0.8784648E+02  0.51174E-01    4     7772    -4    -5     T
     1993  0.8789765E+02  0.51174E-01    5     7777    -4    -5     T
     1994  0.8794883E+02  0.51174E-01    5     7782    -4    -5     T
     1995  0.8800000E+02  0.51174E-01    3     7785    -4    -5     T
     1996  0.8806654E+02  0.66542E-01    4     7789    -4    -5     T
     1997  0.8813308E+02  0.66542E-01    4     7793    -4    -5     T
     1998  0.8819962E+02  0.66542E-01    3     7796    -4    -5     T
     1999  0.8828856E+02  0.88931E-01    5     7801    -4    -5     T
     2000  0.8837749E+02  0.88931E-01    5     7806    -4    -5     T
     2001  0.8846642E+02  0.88931E-01    4     7810    -4    -5     T
     2002  0.8855535E+02  0.88931E-01    3     7813    -4    -5     T
     2003  0.8866651E+02  0.11116E+00    5     7818    -4    -5     T
     2004  0.8877767E+02  0.11116E+00    5     7823    -4    -5     T
     2005  0.8888884E+02  0.11116E+00    4     7827    -4    -5     T
     2006  0.8900000E+02  0.11116E+00    4     7831    -4    -5     T
     2007  0.8911111E+02  0.11111E+00    4     7835    -4    -5     T
     2008  0.8922222E+02  0.11111E+00    4     7839    -4    -5     T
     2009  0.8933333E+02  0.11111E+00    4     7843    -4    -5     T
     2010  0.8944444E+02  0.11111E+00    4     7847    -4    -5     T
     2011  0.8955556E+02  0.11111E+00    4     7851    -4    -5     T
     2012  0.8966667E+02  0.11111E+00    5     7856    -4    -5     T
     2013  0.8977778E+02  0.11111E+00    5     7861    -4    -5     T
     2014  0.8988889E+02  0.11111E+00    5     7866    -4    -5     T
     2015  0.9000000E+02  0.11111E+00    5     7871    -4    -5     T
     2016  0.9000100E+02  0.10000E-02    5     7876    -4    -5     T
     2017  0.9000200E+02  0.10000E-02    2     7878    -4    -5     T
     2018  0.9000330E+02  0.13000E-02    4     7882    -4    -5     T
     2019  0.9000460E+02  0.13000E-02    2     7884    -4    -5     T
     2020  0.9000629E+02  0.16900E-02    4     7888    -4    -5     T
     2021  0.9000798E+02  0.16900E-02    3     7891    -4    -5     T
     2022  0.9001018E+02  0.21970E-02    2     7893    -4    -5     T
     2023  0.9001303E+02  0.28561E-02    4     7897    -4    -5     T
     2024  0.9001589E+02  0.28561E-02    4     7901    -4    -5     T
     2025  0.9001875E+02  0.28561E-02    3     7904    -4    -5     T
     2026  0.9002246E+02  0.37129E-02    5     7909    -4    -5     T
     2027  0.9002617E+02  0.37129E-02    2     7911    -4    -5     T
     2028  0.9003100E+02  0.48268E-02    5     7916    -4    -5     T
     2029  0.9003582E+02  0.48268E-02    2     7918    -4    -5     T
     2030  0.9004210E+02  0.62749E-02    5     7923    -4    -5     T
     2031  0.9004837E+02  0.62749E-02    6     7929    -4    -5     T
     2032  0.9005465E+02  0.62749E-02    4     7933    -4    -5     T
     2033  0.9006092E+02  0.62749E-02    4     7937    -4    -5     T
     2034  0.9006720E+02  0.62749E-02    5     7942    -4    -5     T
     2035  0.9007347E+02  0.62749E-02    5     7947    -4    -5     T
     2036  0.9007975E+02  0.62749E-02    2     7949    -4    -5     T
     2037  0.9008791E+02  0.81573E-02    4     7953    -4    -5     T
     2038  0.9009606E+02  0.81573E-02    4     7957    -4    -5     T
     2039  0.9010422E+02  0.81573E-02    3     7960    -4    -5     T
     2040  0.9011483E+02  0.10604E-01    5     7965    -4    -5     T
     2041  0.9012543E+02  0.10604E-01    5     7970    -4    -5     T
     2042  0.9013603E+02  0.10604E-01    3     7973    -4    -5     T
     2043  0.9014982E+02  0.13786E-01    5     7978    -4    -5     T
     2044  0.9016361E+02  0.13786E-01    5     7983    -4    -5     T
     2045  0.9017739E+02  0.13786E-01    5     7988    -4    -5     T
     2046  0.9019118E+02  0.13786E-01    4     7992    -4    -5     T
     2047  0.9020496E+02  0.13786E-01    5     7997    -4    -5     T
     2048  0.9021875E+02  0.13786E-01    5     8002    -4    -5     T
     2049  0.9023254E+02  0.13786E-01    3     8005    -4    -5     T
     2050  0.9025046E+02  0.17922E-01    5     8010    -4    -5     T
     2051  0.9026838E+02  0.17922E-01    4     8014    -4    -5     T
     2052  0.9028630E+02  0.17922E-01    4     8018    -4    -5     T
     2053  0.9030422E+02  0.17922E-01    5     8023    -4    -5     T
     2054  0.9032214E+02  0.17922E-01    5     8028    -4    -5     T
     2055  0.9034006E+02  0.17922E-01    4     8032    -4    -5     T
     2056  0.9035799E+02  0.17922E-01    4     8036    -4    -5     T
     2057  0.9037591E+02  0.17922E-01    3     8039    -4    -5     T
     2058  0.9039921E+02  0.23298E-01    3     8042    -4    -5     T
     2059  0.9042949E+02  0.30287E-01    5     8047    -4    -5     T
     2060  0.9045978E+02  0.30287E-01    7     8054    -4    -5     T
     2061  0.9048098E+02  0.21201E-01    5     8059    -4    -5     T
     2062  0.9050218E+02  0.21201E-01    3     8062    -4    -5     T
     2063  0.9052975E+02  0.27562E-01    3     8065    -4    -5     T
     2064  0.9056558E+02  0.35830E-01    4     8069    -4    -5     T
     2065  0.9060141E+02  0.35830E-01    6     8075    -4    -5     T
     2066  0.9063724E+02  0.35830E-01    5     8080    -4    -5     T
     2067  0.9067351E+02  0.36276E-01    4     8084    -4    -5     T
     2068  0.9070979E+02  0.36276E-01    4     8088    -4    -5     T
     2069  0.9074606E+02  0.36276E-01    5     8093    -4    -5     T
     2070  0.9078234E+02  0.36276E-01    4     8097    -4    -5     T
     2071  0.9081862E+02  0.36276E-01    4     8101    -4    -5     T
     2072  0.9085489E+02  0.36276E-01    4     8105    -4    -5     T
     2073  0.9089117E+02  0.36276E-01    5     8110    -4    -5     T
     2074  0.9092745E+02  0.36276E-01    4     8114    -4    -5     T
     2075  0.9096372E+02  0.36276E-01    3     8117    -4    -5     T
     2076  0.9100000E+02  0.36276E-01    3     8120    -4    -5     T
     2077  0.9104658E+02  0.46579E-01    6     8126    -4    -5     T
     2078  0.9109316E+02  0.46579E-01    5     8131    -4    -5     T
     2079  0.9113974E+02  0.46579E-01    5     8136    -4    -5     T
     2080  0.9118632E+02  0.46579E-01    4     8140    -4    -5     T
     2081  0.9123290E+02  0.46579E-01    4     8144    -4    -5     T
     2082  0.9127947E+02  0.46579E-01    4     8148    -4    -5     T
     2083  0.9132605E+02  0.46579E-01    3     8151    -4    -5     T
     2084  0.9138661E+02  0.60553E-01    5     8156    -4    -5     T
     2085  0.9144795E+02  0.61339E-01    4     8160    -4    -5     T
     2086  0.9150929E+02  0.61339E-01    3     8163    -4    -5     T
     2087  0.9159107E+02  0.81786E-01    4     8167    -4    -5     T
     2088  0.9167286E+02  0.81786E-01    4     8171    -4    -5     T
     2089  0.9175464E+02  0.81786E-01    3     8174    -4    -5     T
     2090  0.9187732E+02  0.12268E+00    4     8178    -4    -5     T
     2091  0.9200000E+02  0.12268E+00    3     8181    -4    -5     T
     2092  0.9212500E+02  0.12500E+00    3     8184    -4    -5     T
     2093  0.9230000E+02  0.17500E+00    5     8189    -4    -5     T
     2094  0.9247500E+02  0.17500E+00    6     8195    -4    -5     T
     2095  0.9265000E+02  0.17500E+00    5     8200    -4    -5     T
     2096  0.9282500E+02  0.17500E+00    6     8206    -4    -5     T
     2097  0.9300000E+02  0.17500E+00    6     8212    -4    -5     T
     2098  0.9316667E+02  0.16667E+00    6     8218    -4    -5     T
     2099  0.9333333E+02  0.16667E+00    6     8224    -4    -5     T
     2100  0.9350000E+02  0.16667E+00    6     8230    -4    -5     T
     2101  0.9366667E+02  0.16667E+00   27     8257     4    -5     T
     2102  0.9377778E+02  0.11111E+00    3     8260     4    -5     T
     2103  0.9400000E+02  0.22222E+00    7     8267     4    -5     T
     2104  0.9400070E+02  0.70000E-03    2     8269    -4    -5     T
     2105  0.9400161E+02  0.91000E-03    5     8274    -4    -5     T
     2106  0.9400252E+02  0.91000E-03    3     8277    -4    -5     T
     2107  0.9400370E+02  0.11830E-02    4     8281    -4    -5     T
     2108  0.9400489E+02  0.11830E-02    4     8285    -4    -5     T
     2109  0.9400607E+02  0.11830E-02    2     8287    -4    -5     T
     2110  0.9400761E+02  0.15379E-02    4     8291    -4    -5     T
     2111  0.9400914E+02  0.15379E-02    4     8295    -4    -5     T
     2112  0.9401068E+02  0.15379E-02    4     8299    -4    -5     T
     2113  0.9401222E+02  0.15379E-02    4     8303    -4    -5     T
     2114  0.9401376E+02  0.15379E-02    4     8307    -4    -5     T
     2115  0.9401530E+02  0.15379E-02    2     8309    -4    -5     T
     2116  0.9401730E+02  0.19993E-02    4     8313    -4    -5     T
     2117  0.9401929E+02  0.19993E-02    4     8317    -4    -5     T
     2118  0.9402129E+02  0.19993E-02    3     8320    -4    -5     T
     2119  0.9402389E+02  0.25991E-02    4     8324    -4    -5     T
     2120  0.9402649E+02  0.25991E-02    2     8326    -4    -5     T
     2121  0.9402987E+02  0.33788E-02    5     8331    -4    -5     T
     2122  0.9403325E+02  0.33788E-02    5     8336    -4    -5     T
     2123  0.9403663E+02  0.33788E-02    2     8338    -4    -5     T
     2124  0.9404102E+02  0.43924E-02    5     8343    -4    -5     T
     2125  0.9404541E+02  0.43924E-02    4     8347    -4    -5     T
     2126  0.9404981E+02  0.43924E-02    5     8352    -4    -5     T
     2127  0.9405420E+02  0.43924E-02    5     8357    -4    -5     T
     2128  0.9405859E+02  0.43924E-02    2     8359    -4    -5     T
     2129  0.9406430E+02  0.57101E-02    4     8363    -4    -5     T
     2130  0.9407001E+02  0.57101E-02    5     8368    -4    -5     T
     2131  0.9407572E+02  0.57101E-02    4     8372    -4    -5     T
     2132  0.9408143E+02  0.57101E-02    4     8376    -4    -5     T
     2133  0.9408714E+02  0.57101E-02    2     8378    -4    -5     T
     2134  0.9409456E+02  0.74231E-02    6     8384    -4    -5     T
     2135  0.9410199E+02  0.74231E-02    5     8389    -4    -5     T
     2136  0.9410941E+02  0.74231E-02    5     8394    -4    -5     T
     2137  0.9411683E+02  0.74231E-02    2     8396    -4    -5     T
     2138  0.9412648E+02  0.96501E-02    5     8401    -4    -5     T
     2139  0.9413613E+02  0.96501E-02    6     8407    -4    -5     T
     2140  0.9414578E+02  0.96501E-02    5     8412    -4    -5     T
     2141  0.9415543E+02  0.96501E-02    4     8416    -4    -5     T
     2142  0.9416508E+02  0.96501E-02    4     8420    -4    -5     T
     2143  0.9417473E+02  0.96501E-02    5     8425    -4    -5     T
     2144  0.9418438E+02  0.96501E-02    3     8428    -4    -5     T
     2145  0.9419693E+02  0.12545E-01    5     8433    -4    -5     T
     2146  0.9420947E+02  0.12545E-01    6     8439    -4    -5     T
     2147  0.9422202E+02  0.12545E-01    5     8444    -4    -5     T
     2148  0.9423456E+02  0.12545E-01    2     8446    -4    -5     T
     2149  0.9425087E+02  0.16309E-01    5     8451    -4    -5     T
     2150  0.9426718E+02  0.16309E-01    5     8456    -4    -5     T
     2151  0.9428349E+02  0.16309E-01    4     8460    -4    -5     T
     2152  0.9429980E+02  0.16309E-01    5     8465    -4    -5     T
     2153  0.9431611E+02  0.16309E-01    3     8468    -4    -5     T
     2154  0.9433731E+02  0.21201E-01    6     8474    -4    -5     T
     2155  0.9435851E+02  0.21201E-01    6     8480    -4    -5     T
     2156  0.9437971E+02  0.21201E-01    3     8483    -4    -5     T
     2157  0.9440727E+02  0.27562E-01    6     8489    -4    -5     T
     2158  0.9443484E+02  0.27562E-01    5     8494    -4    -5     T
     2159  0.9446240E+02  0.27562E-01    5     8499    -4    -5     T
     2160  0.9448996E+02  0.27562E-01    7     8506    -4    -5     T
     2161  0.9450925E+02  0.19293E-01    5     8511    -4    -5     T
     2162  0.9452854E+02  0.19293E-01    4     8515    -4    -5     T
     2163  0.9454784E+02  0.19293E-01    5     8520    -4    -5     T
     2164  0.9456713E+02  0.19293E-01    3     8523    -4    -5     T
     2165  0.9459221E+02  0.25081E-01    3     8526    -4    -5     T
     2166  0.9462482E+02  0.32605E-01    5     8531    -4    -5     T
     2167  0.9465742E+02  0.32605E-01    5     8536    -4    -5     T
     2168  0.9469003E+02  0.32605E-01    5     8541    -4    -5     T
     2169  0.9472103E+02  0.30997E-01    5     8546    -4    -5     T
     2170  0.9475202E+02  0.30997E-01    3     8549    -4    -5     T
     2171  0.9479335E+02  0.41330E-01    6     8555    -4    -5     T
     2172  0.9483468E+02  0.41330E-01    5     8560    -4    -5     T
     2173  0.9487601E+02  0.41330E-01    6     8566    -4    -5     T
     2174  0.9491734E+02  0.41330E-01    5     8571    -4    -5     T
     2175  0.9495867E+02  0.41330E-01    5     8576    -4    -5     T
     2176  0.9500000E+02  0.41330E-01    4     8580    -4    -5     T
     2177  0.9500100E+02  0.10000E-02    2     8582    -4    -5     T
     2178  0.9500230E+02  0.13000E-02    2     8584    -4    -5     T
     2179  0.9500399E+02  0.16900E-02    2     8586    -4    -5     T
     2180  0.9500619E+02  0.21970E-02    2     8588    -4    -5     T
     2181  0.9500904E+02  0.28561E-02    2     8590    -4    -5     T
     2182  0.9501276E+02  0.37129E-02    2     8592    -4    -5     T
     2183  0.9501758E+02  0.48268E-02    2     8594    -4    -5     T
     2184  0.9502386E+02  0.62749E-02    2     8596    -4    -5     T
     2185  0.9503201E+02  0.81573E-02    2     8598    -4    -5     T
     2186  0.9504262E+02  0.10604E-01    2     8600    -4    -5     T
     2187  0.9505641E+02  0.13786E-01    2     8602    -4    -5     T
     2188  0.9507433E+02  0.17922E-01    4     8606    -4    -5     T
     2189  0.9509225E+02  0.17922E-01    3     8609    -4    -5     T
     2190  0.9511555E+02  0.23298E-01    2     8611    -4    -5     T
     2191  0.9514583E+02  0.30287E-01    5     8616    -4    -5     T
     2192  0.9517612E+02  0.30287E-01    4     8620    -4    -5     T
     2193  0.9520641E+02  0.30287E-01    3     8623    -4    -5     T
     2194  0.9524578E+02  0.39374E-01    4     8627    -4    -5     T
     2195  0.9528516E+02  0.39374E-01    4     8631    -4    -5     T
     2196  0.9532453E+02  0.39374E-01    3     8634    -4    -5     T
     2197  0.9537572E+02  0.51186E-01    3     8637    -4    -5     T
     2198  0.9544508E+02  0.69365E-01    5     8642    -4    -5     T
     2199  0.9551445E+02  0.69365E-01    5     8647    -4    -5     T
     2200  0.9558381E+02  0.69365E-01    4     8651    -4    -5     T
     2201  0.9565318E+02  0.69365E-01    5     8656    -4    -5     T
     2202  0.9572254E+02  0.69365E-01    4     8660    -4    -5     T
     2203  0.9579191E+02  0.69365E-01    3     8663    -4    -5     T
     2204  0.9589595E+02  0.10405E+00    6     8669    -4    -5     T
     2205  0.9600000E+02  0.10405E+00    4     8673    -4    -5     T
     2206  0.9608650E+02  0.86504E-01    6     8679    -4    -5     T
     2207  0.9617301E+02  0.86504E-01    5     8684    -4    -5     T
     2208  0.9625571E+02  0.82699E-01    5     8689    -4    -5     T
     2209  0.9633841E+02  0.82699E-01    4     8693    -4    -5     T
     2210  0.9642111E+02  0.82699E-01    4     8697    -4    -5     T
     2211  0.9650380E+02  0.82699E-01    5     8702    -4    -5     T
     2212  0.9658650E+02  0.82699E-01    4     8706    -4    -5     T
     2213  0.9666920E+02  0.82699E-01    4     8710    -4    -5     T
     2214  0.9675190E+02  0.82699E-01    3     8713    -4    -5     T
     2215  0.9687595E+02  0.12405E+00    4     8717    -4    -5     T
     2216  0.9700000E+02  0.12405E+00    4     8721    -4    -5     T
     2217  0.9711111E+02  0.11111E+00    4     8725    -4    -5     T
     2218  0.9722222E+02  0.11111E+00    4     8729    -4    -5     T
     2219  0.9733333E+02  0.11111E+00    4     8733    -4    -5     T
     2220  0.9744444E+02  0.11111E+00    4     8737    -4    -5     T
     2221  0.9755556E+02  0.11111E+00    4     8741    -4    -5     T
     2222  0.9766667E+02  0.11111E+00    3     8744    -4    -5     T
     2223  0.9783333E+02  0.16667E+00    6     8750    -4    -5     T
     2224  0.9800000E+02  0.16667E+00    6     8756    -4    -5     T
     2225  0.9814286E+02  0.14286E+00    6     8762    -4    -5     T
     2226  0.9828571E+02  0.14286E+00    6     8768    -4    -5     T
     2227  0.9842857E+02  0.14286E+00    6     8774    -4    -5     T
     2228  0.9857143E+02  0.14286E+00   11     8785     4    -5     T
     2229  0.9867857E+02  0.10714E+00    3     8788     4    -5     T
     2230  0.9883929E+02  0.16071E+00    4     8792     4    -5     T
     2231  0.9900000E+02  0.16071E+00    4     8796     4    -5     T
     2232  0.9912500E+02  0.12500E+00    3     8799     4    -5     T
     2233  0.9930000E+02  0.17500E+00    3     8802     4    -5     T
     2234  0.9953333E+02  0.23333E+00    4     8806     4    -5     T
     2235  0.9976667E+02  0.23333E+00    4     8810     4    -5     T
     2236  0.1000000E+03  0.23333E+00    4     8814     4    -5     T
     2237  0.1002500E+03  0.25000E+00    4     8818     4    -5     T
     2238  0.1005000E+03  0.25000E+00    4     8822     4    -5     T
     2239  0.1007500E+03  0.25000E+00    4     8826     4    -5     T
     2240  0.1010000E+03  0.25000E+00    4     8830     4    -5     T
     2241  0.1012500E+03  0.25000E+00    4     8834     4    -5     T
     2242  0.1015000E+03  0.25000E+00    4     8838     4    -5     T
     2243  0.1017500E+03  0.25000E+00    4     8842     4    -5     T
     2244  0.1020000E+03  0.25000E+00    4     8846     4    -5     T
     2245  0.1022500E+03  0.25000E+00    4     8850     4    -5     T
     2246  0.1025000E+03  0.25000E+00    3     8853     4    -5     T
     2247  0.1027500E+03  0.25000E+00    4     8857     4    -5     T
     2248  0.1030000E+03  0.25000E+00    3     8860     4    -5     T
     2249  0.1032500E+03  0.25000E+00    4     8864     4    -5     T
     2250  0.1035000E+03  0.25000E+00    4     8868     4    -5     T
     2251  0.1037500E+03  0.25000E+00    3     8871     4    -5     T
     2252  0.1040000E+03  0.25000E+00    3     8874     4    -5     T
     2253  0.1040010E+03  0.10000E-02    4     8878    -4    -5     T
     2254  0.1040020E+03  0.10000E-02    2     8880    -4    -5     T
     2255  0.1040033E+03  0.13000E-02    4     8884    -4    -5     T
     2256  0.1040046E+03  0.13000E-02    2     8886    -4    -5     T
     2257  0.1040063E+03  0.16900E-02    4     8890    -4    -5     T
     2258  0.1040080E+03  0.16900E-02    4     8894    -4    -5     T
     2259  0.1040097E+03  0.16900E-02    4     8898    -4    -5     T
     2260  0.1040114E+03  0.16900E-02    2     8900    -4    -5     T
     2261  0.1040136E+03  0.21970E-02    4     8904    -4    -5     T
     2262  0.1040158E+03  0.21970E-02    4     8908    -4    -5     T
     2263  0.1040180E+03  0.21970E-02    4     8912    -4    -5     T
     2264  0.1040201E+03  0.21970E-02    3     8915    -4    -5     T
     2265  0.1040230E+03  0.28561E-02    4     8919    -4    -5     T
     2266  0.1040259E+03  0.28561E-02    2     8921    -4    -5     T
     2267  0.1040296E+03  0.37129E-02    4     8925    -4    -5     T
     2268  0.1040333E+03  0.37129E-02    5     8930    -4    -5     T
     2269  0.1040370E+03  0.37129E-02    4     8934    -4    -5     T
     2270  0.1040407E+03  0.37129E-02    4     8938    -4    -5     T
     2271  0.1040444E+03  0.37129E-02    4     8942    -4    -5     T
     2272  0.1040481E+03  0.37129E-02    4     8946    -4    -5     T
     2273  0.1040519E+03  0.37129E-02    2     8948    -4    -5     T
     2274  0.1040567E+03  0.48268E-02    5     8953    -4    -5     T
     2275  0.1040615E+03  0.48268E-02    4     8957    -4    -5     T
     2276  0.1040663E+03  0.48268E-02    3     8960    -4    -5     T
     2277  0.1040726E+03  0.62749E-02    4     8964    -4    -5     T
     2278  0.1040789E+03  0.62749E-02    5     8969    -4    -5     T
     2279  0.1040852E+03  0.62749E-02    4     8973    -4    -5     T
     2280  0.1040914E+03  0.62749E-02    2     8975    -4    -5     T
     2281  0.1040996E+03  0.81573E-02    4     8979    -4    -5     T
     2282  0.1041077E+03  0.81573E-02    5     8984    -4    -5     T
     2283  0.1041159E+03  0.81573E-02    2     8986    -4    -5     T
     2284  0.1041265E+03  0.10604E-01    4     8990    -4    -5     T
     2285  0.1041371E+03  0.10604E-01    4     8994    -4    -5     T
     2286  0.1041477E+03  0.10604E-01    6     9000    -4    -5     T
     2287  0.1041583E+03  0.10604E-01    5     9005    -4    -5     T
     2288  0.1041689E+03  0.10604E-01    4     9009    -4    -5     T
     2289  0.1041795E+03  0.10604E-01    4     9013    -4    -5     T
     2290  0.1041901E+03  0.10604E-01    4     9017    -4    -5     T
     2291  0.1042007E+03  0.10604E-01    6     9023    -4    -5     T
     2292  0.1042113E+03  0.10604E-01    4     9027    -4    -5     T
     2293  0.1042219E+03  0.10604E-01    3     9030    -4    -5     T
     2294  0.1042357E+03  0.13786E-01    5     9035    -4    -5     T
     2295  0.1042495E+03  0.13786E-01    4     9039    -4    -5     T
     2296  0.1042633E+03  0.13786E-01    4     9043    -4    -5     T
     2297  0.1042771E+03  0.13786E-01    5     9048    -4    -5     T
     2298  0.1042909E+03  0.13786E-01    6     9054    -4    -5     T
     2299  0.1043047E+03  0.13786E-01    4     9058    -4    -5     T
     2300  0.1043184E+03  0.13786E-01    2     9060    -4    -5     T
     2301  0.1043364E+03  0.17922E-01    5     9065    -4    -5     T
     2302  0.1043543E+03  0.17922E-01    6     9071    -4    -5     T
     2303  0.1043722E+03  0.17922E-01    4     9075    -4    -5     T
     2304  0.1043901E+03  0.17922E-01    4     9079    -4    -5     T
     2305  0.1044081E+03  0.17922E-01    5     9084    -4    -5     T
     2306  0.1044260E+03  0.17922E-01    6     9090    -4    -5     T
     2307  0.1044439E+03  0.17922E-01    5     9095    -4    -5     T
     2308  0.1044618E+03  0.17922E-01    5     9100    -4    -5     T
     2309  0.1044797E+03  0.17922E-01    4     9104    -4    -5     T
     2310  0.1044977E+03  0.17922E-01    5     9109    -4    -5     T
     2311  0.1045156E+03  0.17922E-01    5     9114    -4    -5     T
     2312  0.1045335E+03  0.17922E-01    4     9118    -4    -5     T
     2313  0.1045514E+03  0.17922E-01    5     9123    -4    -5     T
     2314  0.1045694E+03  0.17922E-01    3     9126    -4    -5     T
     2315  0.1045926E+03  0.23298E-01    5     9131    -4    -5     T
     2316  0.1046159E+03  0.23298E-01    3     9134    -4    -5     T
     2317  0.1046462E+03  0.30287E-01    5     9139    -4    -5     T
     2318  0.1046765E+03  0.30287E-01    5     9144    -4    -5     T
     2319  0.1047068E+03  0.30287E-01    6     9150    -4    -5     T
     2320  0.1047361E+03  0.29319E-01    5     9155    -4    -5     T
     2321  0.1047654E+03  0.29319E-01    5     9160    -4    -5     T
     2322  0.1047948E+03  0.29319E-01    5     9165    -4    -5     T
     2323  0.1048241E+03  0.29319E-01    5     9170    -4    -5     T
     2324  0.1048534E+03  0.29319E-01    5     9175    -4    -5     T
     2325  0.1048827E+03  0.29319E-01    4     9179    -4    -5     T
     2326  0.1049120E+03  0.29319E-01    5     9184    -4    -5     T
     2327  0.1049414E+03  0.29319E-01    4     9188    -4    -5     T
     2328  0.1049707E+03  0.29319E-01    6     9194    -4    -5     T
     2329  0.1050000E+03  0.29319E-01    5     9199    -4    -5     T
     2330  0.1050303E+03  0.30287E-01    6     9205    -4    -5     T
     2331  0.1050606E+03  0.30287E-01    5     9210    -4    -5     T
     2332  0.1050909E+03  0.30287E-01    5     9215    -4    -5     T
     2333  0.1051211E+03  0.30287E-01    4     9219    -4    -5     T
     2334  0.1051514E+03  0.30287E-01    4     9223    -4    -5     T
     2335  0.1051817E+03  0.30287E-01    4     9227    -4    -5     T
     2336  0.1052120E+03  0.30287E-01    3     9230    -4    -5     T
     2337  0.1052514E+03  0.39374E-01    3     9233    -4    -5     T
     2338  0.1053026E+03  0.51186E-01    5     9238    -4    -5     T
     2339  0.1053538E+03  0.51186E-01    5     9243    -4    -5     T
     2340  0.1054049E+03  0.51186E-01    4     9247    -4    -5     T
     2341  0.1054561E+03  0.51186E-01    4     9251    -4    -5     T
     2342  0.1055073E+03  0.51186E-01    3     9254    -4    -5     T
     2343  0.1055777E+03  0.70383E-01    4     9258    -4    -5     T
     2344  0.1056481E+03  0.70383E-01    4     9262    -4    -5     T
     2345  0.1057185E+03  0.70383E-01    4     9266    -4    -5     T
     2346  0.1057888E+03  0.70383E-01    4     9270    -4    -5     T
     2347  0.1058592E+03  0.70383E-01    3     9273    -4    -5     T
     2348  0.1059296E+03  0.70383E-01    4     9277    -4    -5     T
     2349  0.1060000E+03  0.70383E-01    5     9282    -4    -5     T
     2350  0.1060865E+03  0.86504E-01    4     9286    -4    -5     T
     2351  0.1061730E+03  0.86504E-01    5     9291    -4    -5     T
     2352  0.1062557E+03  0.82699E-01    5     9296    -4    -5     T
     2353  0.1063384E+03  0.82699E-01    5     9301    -4    -5     T
     2354  0.1064211E+03  0.82699E-01    6     9307     4    -5     T
     2355  0.1065038E+03  0.82699E-01    4     9311     4    -5     T
     2356  0.1065865E+03  0.82699E-01    3     9314     4    -5     T
     2357  0.1066899E+03  0.10337E+00    5     9319     4    -5     T
     2358  0.1067933E+03  0.10337E+00    2     9321     4    -5     T
     2359  0.1070000E+03  0.20675E+00    5     9326     4    -5     T
     2360  0.1070010E+03  0.10000E-02    6     9332    -4    -5     T
     2361  0.1070020E+03  0.10000E-02    2     9334    -4    -5     T
     2362  0.1070033E+03  0.13000E-02    6     9340    -4    -5     T
     2363  0.1070046E+03  0.13000E-02    5     9345    -4    -5     T
     2364  0.1070059E+03  0.13000E-02    5     9350    -4    -5     T
     2365  0.1070072E+03  0.13000E-02    5     9355    -4    -5     T
     2366  0.1070085E+03  0.13000E-02    4     9359    -4    -5     T
     2367  0.1070098E+03  0.13000E-02    5     9364    -4    -5     T
     2368  0.1070111E+03  0.13000E-02    5     9369    -4    -5     T
     2369  0.1070124E+03  0.13000E-02    4     9373    -4    -5     T
     2370  0.1070137E+03  0.13000E-02    2     9375    -4    -5     T
     2371  0.1070154E+03  0.16900E-02    5     9380    -4    -5     T
     2372  0.1070171E+03  0.16900E-02    4     9384    -4    -5     T
     2373  0.1070188E+03  0.16900E-02    4     9388    -4    -5     T
     2374  0.1070205E+03  0.16900E-02    5     9393    -4    -5     T
     2375  0.1070221E+03  0.16900E-02    3     9396    -4    -5     T
     2376  0.1070243E+03  0.21970E-02    4     9400    -4    -5     T
     2377  0.1070265E+03  0.21970E-02    4     9404    -4    -5     T
     2378  0.1070287E+03  0.21970E-02    5     9409    -4    -5     T
     2379  0.1070309E+03  0.21970E-02    4     9413    -4    -5     T
     2380  0.1070331E+03  0.21970E-02    2     9415    -4    -5     T
     2381  0.1070360E+03  0.28561E-02    5     9420    -4    -5     T
     2382  0.1070388E+03  0.28561E-02    5     9425    -4    -5     T
     2383  0.1070417E+03  0.28561E-02    4     9429    -4    -5     T
     2384  0.1070446E+03  0.28561E-02    2     9431    -4    -5     T
     2385  0.1070483E+03  0.37129E-02    5     9436    -4    -5     T
     2386  0.1070520E+03  0.37129E-02    6     9442    -4    -5     T
     2387  0.1070557E+03  0.37129E-02    5     9447    -4    -5     T
     2388  0.1070594E+03  0.37129E-02    2     9449    -4    -5     T
     2389  0.1070642E+03  0.48268E-02    5     9454    -4    -5     T
     2390  0.1070691E+03  0.48268E-02    6     9460    -4    -5     T
     2391  0.1070739E+03  0.48268E-02    5     9465    -4    -5     T
     2392  0.1070787E+03  0.48268E-02    4     9469    -4    -5     T
     2393  0.1070835E+03  0.48268E-02    5     9474    -4    -5     T
     2394  0.1070884E+03  0.48268E-02    3     9477    -4    -5     T
     2395  0.1070946E+03  0.62749E-02    6     9483    -4    -5     T
     2396  0.1071009E+03  0.62749E-02    6     9489    -4    -5     T
     2397  0.1071072E+03  0.62749E-02    4     9493    -4    -5     T
     2398  0.1071135E+03  0.62749E-02    5     9498    -4    -5     T
     2399  0.1071197E+03  0.62749E-02    5     9503    -4    -5     T
     2400  0.1071260E+03  0.62749E-02    2     9505    -4    -5     T
     2401  0.1071342E+03  0.81573E-02    5     9510    -4    -5     T
     2402  0.1071423E+03  0.81573E-02    7     9517    -4    -5     T
     2403  0.1071480E+03  0.57101E-02    5     9522    -4    -5     T
     2404  0.1071538E+03  0.57101E-02    3     9525    -4    -5     T
     2405  0.1071612E+03  0.74231E-02    4     9529    -4    -5     T
     2406  0.1071686E+03  0.74231E-02    4     9533    -4    -5     T
     2407  0.1071760E+03  0.74231E-02    5     9538    -4    -5     T
     2408  0.1071834E+03  0.74231E-02    5     9543    -4    -5     T
     2409  0.1071909E+03  0.74231E-02    5     9548    -4    -5     T
     2410  0.1071983E+03  0.74231E-02    4     9552    -4    -5     T
     2411  0.1072057E+03  0.74231E-02    4     9556    -4    -5     T
     2412  0.1072131E+03  0.74231E-02    3     9559    -4    -5     T
     2413  0.1072228E+03  0.96501E-02    5     9564    -4    -5     T
     2414  0.1072324E+03  0.96501E-02    5     9569    -4    -5     T
     2415  0.1072421E+03  0.96501E-02    5     9574    -4    -5     T
     2416  0.1072517E+03  0.96501E-02    4     9578    -4    -5     T
     2417  0.1072614E+03  0.96501E-02    4     9582    -4    -5     T
     2418  0.1072710E+03  0.96501E-02    5     9587    -4    -5     T
     2419  0.1072807E+03  0.96501E-02    5     9592    -4    -5     T
     2420  0.1072903E+03  0.96501E-02    4     9596    -4    -5     T
     2421  0.1073000E+03  0.96501E-02    4     9600    -4    -5     T
     2422  0.1073096E+03  0.96501E-02    5     9605    -4    -5     T
     2423  0.1073193E+03  0.96501E-02    5     9610    -4    -5     T
     2424  0.1073289E+03  0.96501E-02    4     9614    -4    -5     T
     2425  0.1073386E+03  0.96501E-02    5     9619    -4    -5     T
     2426  0.1073482E+03  0.96501E-02    3     9622    -4    -5     T
     2427  0.1073608E+03  0.12545E-01    4     9626    -4    -5     T
     2428  0.1073733E+03  0.12545E-01    6     9632    -4    -5     T
     2429  0.1073859E+03  0.12545E-01    5     9637    -4    -5     T
     2430  0.1073984E+03  0.12545E-01    4     9641    -4    -5     T
     2431  0.1074110E+03  0.12545E-01    5     9646    -4    -5     T
     2432  0.1074235E+03  0.12545E-01    5     9651    -4    -5     T
     2433  0.1074361E+03  0.12545E-01    4     9655    -4    -5     T
     2434  0.1074486E+03  0.12545E-01    5     9660    -4    -5     T
     2435  0.1074611E+03  0.12545E-01    4     9664    -4    -5     T
     2436  0.1074737E+03  0.12545E-01    5     9669    -4    -5     T
     2437  0.1074862E+03  0.12545E-01    6     9675    -4    -5     T
     2438  0.1074988E+03  0.12545E-01    4     9679    -4    -5     T
     2439  0.1075113E+03  0.12545E-01    4     9683    -4    -5     T
     2440  0.1075239E+03  0.12545E-01    5     9688    -4    -5     T
     2441  0.1075364E+03  0.12545E-01    6     9694    -4    -5     T
     2442  0.1075490E+03  0.12545E-01    4     9698    -4    -5     T
     2443  0.1075615E+03  0.12545E-01    5     9703    -4    -5     T
     2444  0.1075741E+03  0.12545E-01    5     9708    -4    -5     T
     2445  0.1075866E+03  0.12545E-01    4     9712    -4    -5     T
     2446  0.1075991E+03  0.12545E-01    5     9717    -4    -5     T
     2447  0.1076117E+03  0.12545E-01    5     9722    -4    -5     T
     2448  0.1076242E+03  0.12545E-01    5     9727    -4    -5     T
     2449  0.1076368E+03  0.12545E-01    5     9732    -4    -5     T
     2450  0.1076493E+03  0.12545E-01    4     9736    -4    -5     T
     2451  0.1076619E+03  0.12545E-01    5     9741    -4    -5     T
     2452  0.1076744E+03  0.12545E-01    5     9746    -4    -5     T
     2453  0.1076870E+03  0.12545E-01    4     9750    -4    -5     T
     2454  0.1076995E+03  0.12545E-01    5     9755    -4    -5     T
     2455  0.1077121E+03  0.12545E-01    5     9760    -4    -5     T
     2456  0.1077246E+03  0.12545E-01    4     9764    -4    -5     T
     2457  0.1077371E+03  0.12545E-01    5     9769    -4    -5     T
     2458  0.1077497E+03  0.12545E-01    5     9774    -4    -5     T
     2459  0.1077622E+03  0.12545E-01    4     9778    -4    -5     T
     2460  0.1077748E+03  0.12545E-01    5     9783    -4    -5     T
     2461  0.1077873E+03  0.12545E-01    4     9787    -4    -5     T
     2462  0.1077999E+03  0.12545E-01    5     9792    -4    -5     T
     2463  0.1078124E+03  0.12545E-01    5     9797    -4    -5     T
     2464  0.1078250E+03  0.12545E-01    4     9801    -4    -5     T
     2465  0.1078375E+03  0.12545E-01    5     9806    -4    -5     T
     2466  0.1078500E+03  0.12545E-01    5     9811    -4    -5     T
     2467  0.1078626E+03  0.12545E-01    4     9815    -4    -5     T
     2468  0.1078751E+03  0.12545E-01    5     9820    -4    -5     T
     2469  0.1078876E+03  0.12486E-01    5     9825    -4    -5     T
     2470  0.1079001E+03  0.12486E-01    5     9830    -4    -5     T
     2471  0.1079126E+03  0.12486E-01    5     9835    -4    -5     T
     2472  0.1079251E+03  0.12486E-01    4     9839    -4    -5     T
     2473  0.1079376E+03  0.12486E-01    5     9844    -4    -5     T
     2474  0.1079501E+03  0.12486E-01    5     9849    -4    -5     T
     2475  0.1079625E+03  0.12486E-01    4     9853    -4    -5     T
     2476  0.1079750E+03  0.12486E-01    5     9858    -4    -5     T
     2477  0.1079875E+03  0.12486E-01    5     9863    -4    -5     T
     2478  0.1080000E+03  0.12486E-01    4     9867    -4    -5     T
     2479  0.1080125E+03  0.12545E-01    3     9870    -4    -5     T
     2480  0.1080289E+03  0.16309E-01    6     9876    -4    -5     T
     2481  0.1080452E+03  0.16309E-01    6     9882    -4    -5     T
     2482  0.1080615E+03  0.16309E-01    5     9887    -4    -5     T
     2483  0.1080778E+03  0.16309E-01    5     9892    -4    -5     T
     2484  0.1080941E+03  0.16309E-01    6     9898    -4    -5     T
     2485  0.1081104E+03  0.16309E-01    5     9903    -4    -5     T
     2486  0.1081267E+03  0.16309E-01    5     9908    -4    -5     T
     2487  0.1081430E+03  0.16309E-01    5     9913    -4    -5     T
     2488  0.1081593E+03  0.16309E-01    5     9918    -4    -5     T
     2489  0.1081756E+03  0.16309E-01    6     9924    -4    -5     T
     2490  0.1081919E+03  0.16309E-01    6     9930    -4    -5     T
     2491  0.1082082E+03  0.16309E-01    5     9935    -4    -5     T
     2492  0.1082246E+03  0.16309E-01    5     9940    -4    -5     T
     2493  0.1082409E+03  0.16309E-01    6     9946    -4    -5     T
     2494  0.1082572E+03  0.16309E-01    5     9951    -4    -5     T
     2495  0.1082735E+03  0.16309E-01    5     9956    -4    -5     T
     2496  0.1082898E+03  0.16309E-01    5     9961    -4    -5     T
     2497  0.1083061E+03  0.16309E-01    5     9966    -4    -5     T
     2498  0.1083224E+03  0.16309E-01    6     9972    -4    -5     T
     2499  0.1083387E+03  0.16309E-01    6     9978    -4    -5     T
     2500  0.1083550E+03  0.16309E-01    5     9983    -4    -5     T
     2501  0.1083713E+03  0.16309E-01    5     9988    -4    -5     T
     2502  0.1083876E+03  0.16309E-01    5     9993    -4    -5     T
     2503  0.1084040E+03  0.16309E-01    5     9998    -4    -5     T
     2504  0.1084203E+03  0.16309E-01    5    10003    -4    -5     T
     2505  0.1084366E+03  0.16309E-01    5    10008    -4    -5     T
     2506  0.1084529E+03  0.16309E-01    5    10013    -4    -5     T
     2507  0.1084692E+03  0.16309E-01    5    10018    -4    -5     T
     2508  0.1084855E+03  0.16309E-01    6    10024    -4    -5     T
     2509  0.1085018E+03  0.16309E-01    5    10029    -4    -5     T
     2510  0.1085181E+03  0.16309E-01    5    10034    -4    -5     T
     2511  0.1085344E+03  0.16309E-01    5    10039    -4    -5     T
     2512  0.1085507E+03  0.16309E-01    5    10044    -4    -5     T
     2513  0.1085670E+03  0.16309E-01    4    10048    -4    -5     T
     2514  0.1085833E+03  0.16309E-01    6    10054    -4    -5     T
     2515  0.1085997E+03  0.16309E-01    4    10058    -4    -5     T
     2516  0.1086160E+03  0.16309E-01    5    10063    -4    -5     T
     2517  0.1086323E+03  0.16309E-01    5    10068    -4    -5     T
     2518  0.1086486E+03  0.16309E-01    5    10073    -4    -5     T
     2519  0.1086649E+03  0.16309E-01    5    10078    -4    -5     T
     2520  0.1086812E+03  0.16309E-01    6    10084    -4    -5     T
     2521  0.1086975E+03  0.16309E-01    6    10090    -4    -5     T
     2522  0.1087138E+03  0.16309E-01    5    10095    -4    -5     T
     2523  0.1087301E+03  0.16309E-01    5    10100    -4    -5     T
     2524  0.1087464E+03  0.16309E-01    5    10105    -4    -5     T
     2525  0.1087627E+03  0.16309E-01    5    10110    -4    -5     T
     2526  0.1087791E+03  0.16309E-01    5    10115    -4    -5     T
     2527  0.1087954E+03  0.16309E-01    6    10121    -4    -5     T
     2528  0.1088117E+03  0.16309E-01    5    10126    -4    -5     T
     2529  0.1088280E+03  0.16309E-01    4    10130    -4    -5     T
     2530  0.1088443E+03  0.16309E-01    5    10135    -4    -5     T
     2531  0.1088599E+03  0.15571E-01    5    10140    -4    -5     T
     2532  0.1088754E+03  0.15571E-01    4    10144    -4    -5     T
     2533  0.1088910E+03  0.15571E-01    6    10150    -4    -5     T
     2534  0.1089066E+03  0.15571E-01    5    10155    -4    -5     T
     2535  0.1089221E+03  0.15571E-01    5    10160    -4    -5     T
     2536  0.1089377E+03  0.15571E-01    5    10165    -4    -5     T
     2537  0.1089533E+03  0.15571E-01    6    10171    -4    -5     T
     2538  0.1089689E+03  0.15571E-01    5    10176    -4    -5     T
     2539  0.1089844E+03  0.15571E-01    4    10180    -4    -5     T
     2540  0.1090000E+03  0.15571E-01    5    10185    -4    -5     T
     2541  0.1090163E+03  0.16309E-01    6    10191    -4    -5     T
     2542  0.1090326E+03  0.16309E-01    5    10196    -4    -5     T
     2543  0.1090489E+03  0.16309E-01    6    10202    -4    -5     T
     2544  0.1090652E+03  0.16309E-01    5    10207    -4    -5     T
     2545  0.1090815E+03  0.16309E-01    5    10212    -4    -5     T
     2546  0.1090979E+03  0.16309E-01    5    10217    -4    -5     T
     2547  0.1091142E+03  0.16309E-01    6    10223    -4    -5     T
     2548  0.1091305E+03  0.16309E-01    5    10228    -4    -5     T
     2549  0.1091468E+03  0.16309E-01    4    10232    -4    -5     T
     2550  0.1091631E+03  0.16309E-01    5    10237    -4    -5     T
     2551  0.1091794E+03  0.16309E-01    4    10241    -4    -5     T
     2552  0.1091957E+03  0.16309E-01    5    10246    -4    -5     T
     2553  0.1092120E+03  0.16309E-01    5    10251    -4    -5     T
     2554  0.1092283E+03  0.16309E-01    5    10256    -4    -5     T
     2555  0.1092446E+03  0.16309E-01    4    10260    -4    -5     T
     2556  0.1092609E+03  0.16309E-01    5    10265    -4    -5     T
     2557  0.1092772E+03  0.16309E-01    3    10268    -4    -5     T
     2558  0.1092984E+03  0.21201E-01    5    10273    -4    -5     T
     2559  0.1093196E+03  0.21201E-01    6    10279    -4    -5     T
     2560  0.1093409E+03  0.21201E-01    5    10284    -4    -5     T
     2561  0.1093621E+03  0.21201E-01    5    10289    -4    -5     T
     2562  0.1093833E+03  0.21201E-01    5    10294    -4    -5     T
     2563  0.1094045E+03  0.21201E-01    4    10298    -4    -5     T
     2564  0.1094257E+03  0.21201E-01    5    10303    -4    -5     T
     2565  0.1094469E+03  0.21201E-01    4    10307    -4    -5     T
     2566  0.1094681E+03  0.21201E-01    5    10312    -4    -5     T
     2567  0.1094893E+03  0.21201E-01    5    10317    -4    -5     T
     2568  0.1095105E+03  0.21201E-01    4    10321    -4    -5     T
     2569  0.1095317E+03  0.21201E-01    4    10325    -4    -5     T
     2570  0.1095529E+03  0.21201E-01    5    10330    -4    -5     T
     2571  0.1095741E+03  0.21201E-01    4    10334    -4    -5     T
     2572  0.1095953E+03  0.21201E-01    4    10338    -4    -5     T
     2573  0.1096165E+03  0.21201E-01    3    10341    -4    -5     T
     2574  0.1096440E+03  0.27562E-01    5    10346    -4    -5     T
     2575  0.1096716E+03  0.27562E-01    5    10351    -4    -5     T
     2576  0.1096992E+03  0.27562E-01    4    10355    -4    -5     T
     2577  0.1097267E+03  0.27562E-01    5    10360    -4    -5     T
     2578  0.1097540E+03  0.27329E-01    4    10364    -4    -5     T
     2579  0.1097814E+03  0.27329E-01    5    10369    -4    -5     T
     2580  0.1098087E+03  0.27329E-01    5    10374    -4    -5     T
     2581  0.1098360E+03  0.27329E-01    3    10377    -4    -5     T
     2582  0.1098688E+03  0.32794E-01    5    10382    -4    -5     T
     2583  0.1099016E+03  0.32794E-01    5    10387    -4    -5     T
     2584  0.1099344E+03  0.32794E-01    5    10392    -4    -5     T
     2585  0.1099672E+03  0.32794E-01    3    10395    -4    -5     T
     2586  0.1100000E+03  0.32794E-01    5    10400    -4    -5     T
     2587  0.1100358E+03  0.35830E-01    4    10404    -4    -5     T
     2588  0.1100717E+03  0.35830E-01    4    10408    -4    -5     T
     2589  0.1101075E+03  0.35830E-01    5    10413    -4    -5     T
     2590  0.1101433E+03  0.35830E-01    4    10417    -4    -5     T
     2591  0.1101792E+03  0.35830E-01    4    10421    -4    -5     T
     2592  0.1102150E+03  0.35830E-01    4    10425    -4    -5     T
     2593  0.1102508E+03  0.35830E-01    4    10429    -4    -5     T
     2594  0.1102866E+03  0.35830E-01    4    10433    -4    -5     T
     2595  0.1103225E+03  0.35830E-01    3    10436    -4    -5     T
     2596  0.1103691E+03  0.46579E-01    4    10440    -4    -5     T
     2597  0.1104156E+03  0.46579E-01    4    10444    -4    -5     T
     2598  0.1104622E+03  0.46579E-01    4    10448    -4    -5     T
     2599  0.1105088E+03  0.46579E-01    4    10452    -4    -5     T
     2600  0.1105554E+03  0.46579E-01    4    10456    -4    -5     T
     2601  0.1105998E+03  0.44463E-01    4    10460    -4    -5     T
     2602  0.1106443E+03  0.44463E-01    2    10462    -4    -5     T
     2603  0.1107036E+03  0.59284E-01    5    10467    -4    -5     T
     2604  0.1107629E+03  0.59284E-01    4    10471    -4    -5     T
     2605  0.1108221E+03  0.59284E-01    4    10475    -4    -5     T
     2606  0.1108814E+03  0.59284E-01    4    10479    -4    -5     T
     2607  0.1109407E+03  0.59284E-01    4    10483    -4    -5     T
     2608  0.1110000E+03  0.59284E-01    4    10487    -4    -5     T
     2609  0.1110606E+03  0.60553E-01    4    10491    -4    -5     T
     2610  0.1111211E+03  0.60553E-01    4    10495    -4    -5     T
     2611  0.1111817E+03  0.60553E-01    3    10498    -4    -5     T
     2612  0.1112635E+03  0.81834E-01    3    10501    -4    -5     T
     2613  0.1113687E+03  0.10522E+00    5    10506    -4    -5     T
     2614  0.1114739E+03  0.10522E+00    4    10510    -4    -5     T
     2615  0.1115791E+03  0.10522E+00    4    10514    -4    -5     T
     2616  0.1116844E+03  0.10522E+00    5    10519    -4    -5     T
     2617  0.1117896E+03  0.10522E+00    4    10523    -4    -5     T
     2618  0.1118948E+03  0.10522E+00    4    10527    -4    -5     T
     2619  0.1120000E+03  0.10522E+00    4    10531    -4    -5     T
     2620  0.1121000E+03  0.10000E+00    3    10534    -4    -5     T
     2621  0.1122286E+03  0.12857E+00    4    10538    -4    -5     T
     2622  0.1123571E+03  0.12857E+00    4    10542    -4    -5     T
     2623  0.1124857E+03  0.12857E+00    4    10546    -4    -5     T
     2624  0.1126143E+03  0.12857E+00    5    10551    -4    -5     T
     2625  0.1127429E+03  0.12857E+00    4    10555    -4    -5     T
     2626  0.1128714E+03  0.12857E+00    5    10560    -4    -5     T
     2627  0.1130000E+03  0.12857E+00    5    10565    -4    -5     T
     2628  0.1131250E+03  0.12500E+00    4    10569    -4    -5     T
     2629  0.1132500E+03  0.12500E+00    4    10573    -4    -5     T
     2630  0.1133750E+03  0.12500E+00    5    10578    -4    -5     T
     2631  0.1135000E+03  0.12500E+00    5    10583    -4    -5     T
     2632  0.1136250E+03  0.12500E+00    5    10588    -4    -5     T
     2633  0.1137500E+03  0.12500E+00    4    10592    -4    -5     T
     2634  0.1138750E+03  0.12500E+00    6    10598    -4    -5     T
     2635  0.1140000E+03  0.12500E+00    5    10603    -4    -5     T
     2636  0.1141250E+03  0.12500E+00    5    10608    -4    -5     T
     2637  0.1142500E+03  0.12500E+00    5    10613     4    -5     T
     2638  0.1143750E+03  0.12500E+00    9    10622     4    -5     T
     2639  0.1144643E+03  0.89286E-01    3    10625     4    -5     T
     2640  0.1145982E+03  0.13393E+00    4    10629     4    -5     T
     2641  0.1147321E+03  0.13393E+00    4    10633     4    -5     T
     2642  0.1148661E+03  0.13393E+00    3    10636     4    -5     T
     2643  0.1150000E+03  0.13393E+00    3    10639     4    -5     T
     2644  0.1151667E+03  0.16667E+00    3    10642     4    -5     T
     2645  0.1153750E+03  0.20833E+00    3    10645     4    -5     T
     2646  0.1155833E+03  0.20833E+00    3    10648     4    -5     T
     2647  0.1157917E+03  0.20833E+00    2    10650     4    -5     T
     2648  0.1160000E+03  0.20833E+00    3    10653     4    -5     T
     2649  0.1160010E+03  0.10000E-02    2    10655    -4    -5     T
     2650  0.1160023E+03  0.13000E-02    5    10660    -4    -5     T
     2651  0.1160036E+03  0.13000E-02    2    10662    -4    -5     T
     2652  0.1160053E+03  0.16900E-02    2    10664    -4    -5     T
     2653  0.1160075E+03  0.21970E-02    2    10666    -4    -5     T
     2654  0.1160103E+03  0.28561E-02    2    10668    -4    -5     T
     2655  0.1160141E+03  0.37129E-02    3    10671    -4    -5     T
     2656  0.1160189E+03  0.48268E-02    2    10673    -4    -5     T
     2657  0.1160252E+03  0.62749E-02    3    10676    -4    -5     T
     2658  0.1160333E+03  0.81573E-02    3    10679    -4    -5     T
     2659  0.1160439E+03  0.10604E-01    4    10683    -4    -5     T
     2660  0.1160545E+03  0.10604E-01    4    10687    -4    -5     T
     2661  0.1160651E+03  0.10604E-01    4    10691    -4    -5     T
     2662  0.1160757E+03  0.10604E-01    4    10695    -4    -5     T
     2663  0.1160863E+03  0.10604E-01    4    10699    -4    -5     T
     2664  0.1160969E+03  0.10604E-01    2    10701    -4    -5     T
     2665  0.1161107E+03  0.13786E-01    4    10705    -4    -5     T
     2666  0.1161245E+03  0.13786E-01    4    10709    -4    -5     T
     2667  0.1161383E+03  0.13786E-01    3    10712    -4    -5     T
     2668  0.1161562E+03  0.17922E-01    5    10717    -4    -5     T
     2669  0.1161741E+03  0.17922E-01    2    10719    -4    -5     T
     2670  0.1161974E+03  0.23298E-01    5    10724    -4    -5     T
     2671  0.1162207E+03  0.23298E-01    4    10728    -4    -5     T
     2672  0.1162440E+03  0.23298E-01    4    10732    -4    -5     T
     2673  0.1162673E+03  0.23298E-01    5    10737    -4    -5     T
     2674  0.1162906E+03  0.23298E-01    4    10741    -4    -5     T
     2675  0.1163139E+03  0.23298E-01    2    10743    -4    -5     T
     2676  0.1163442E+03  0.30287E-01    5    10748    -4    -5     T
     2677  0.1163745E+03  0.30287E-01    5    10753    -4    -5     T
     2678  0.1164048E+03  0.30287E-01    3    10756    -4    -5     T
     2679  0.1164442E+03  0.39374E-01    4    10760    -4    -5     T
     2680  0.1164835E+03  0.39374E-01    2    10762    -4    -5     T
     2681  0.1165352E+03  0.51646E-01    5    10767    -4    -5     T
     2682  0.1165868E+03  0.51646E-01    3    10770    -4    -5     T
     2683  0.1166557E+03  0.68861E-01    5    10775    -4    -5     T
     2684  0.1167246E+03  0.68861E-01    3    10778    -4    -5     T
     2685  0.1168164E+03  0.91815E-01    6    10784    -4    -5     T
     2686  0.1169082E+03  0.91815E-01    5    10789    -4    -5     T
     2687  0.1170000E+03  0.91815E-01    6    10795    -4    -5     T
     2688  0.1170010E+03  0.10000E-02    4    10799    -4    -5     T
     2689  0.1170020E+03  0.10000E-02    2    10801    -4    -5     T
     2690  0.1170033E+03  0.13000E-02    2    10803    -4    -5     T
     2691  0.1170050E+03  0.16900E-02    2    10805    -4    -5     T
     2692  0.1170072E+03  0.21970E-02    2    10807    -4    -5     T
     2693  0.1170100E+03  0.28561E-02    2    10809    -4    -5     T
     2694  0.1170138E+03  0.37129E-02    4    10813    -4    -5     T
     2695  0.1170175E+03  0.37129E-02    2    10815    -4    -5     T
     2696  0.1170223E+03  0.48268E-02    2    10817    -4    -5     T
     2697  0.1170286E+03  0.62749E-02    2    10819    -4    -5     T
     2698  0.1170367E+03  0.81573E-02    2    10821    -4    -5     T
     2699  0.1170473E+03  0.10604E-01    3    10824    -4    -5     T
     2700  0.1170611E+03  0.13786E-01    6    10830    -4    -5     T
     2701  0.1170749E+03  0.13786E-01    5    10835    -4    -5     T
     2702  0.1170887E+03  0.13786E-01    3    10838    -4    -5     T
     2703  0.1171066E+03  0.17922E-01    3    10841    -4    -5     T
     2704  0.1171299E+03  0.23298E-01    5    10846    -4    -5     T
     2705  0.1171532E+03  0.23298E-01    6    10852    -4    -5     T
     2706  0.1171765E+03  0.23298E-01    5    10857    -4    -5     T
     2707  0.1171998E+03  0.23298E-01    2    10859    -4    -5     T
     2708  0.1172301E+03  0.30287E-01    7    10866    -4    -5     T
     2709  0.1172513E+03  0.21201E-01    4    10870    -4    -5     T
     2710  0.1172725E+03  0.21201E-01    2    10872    -4    -5     T
     2711  0.1173001E+03  0.27562E-01    5    10877    -4    -5     T
     2712  0.1173276E+03  0.27562E-01    4    10881    -4    -5     T
     2713  0.1173552E+03  0.27562E-01    3    10884    -4    -5     T
     2714  0.1173910E+03  0.35830E-01    6    10890    -4    -5     T
     2715  0.1174268E+03  0.35830E-01    6    10896    -4    -5     T
     2716  0.1174627E+03  0.35830E-01    5    10901    -4    -5     T
     2717  0.1174985E+03  0.35830E-01    5    10906    -4    -5     T
     2718  0.1175343E+03  0.35830E-01    4    10910    -4    -5     T
     2719  0.1175702E+03  0.35830E-01    4    10914    -4    -5     T
     2720  0.1176060E+03  0.35830E-01    4    10918    -4    -5     T
     2721  0.1176418E+03  0.35830E-01    5    10923    -4    -5     T
     2722  0.1176776E+03  0.35818E-01    5    10928    -4    -5     T
     2723  0.1177135E+03  0.35818E-01    4    10932    -4    -5     T
     2724  0.1177493E+03  0.35818E-01    4    10936    -4    -5     T
     2725  0.1177851E+03  0.35818E-01    3    10939    -4    -5     T
     2726  0.1178281E+03  0.42982E-01    3    10942    -4    -5     T
     2727  0.1178854E+03  0.57309E-01    6    10948    -4    -5     T
     2728  0.1179427E+03  0.57309E-01    5    10953    -4    -5     T
     2729  0.1180000E+03  0.57309E-01    4    10957    -4    -5     T
     2730  0.1180606E+03  0.60553E-01    6    10963    -4    -5     T
     2731  0.1181211E+03  0.60553E-01    5    10968    -4    -5     T
     2732  0.1181817E+03  0.60553E-01    6    10974    -4    -5     T
     2733  0.1182422E+03  0.60553E-01    5    10979    -4    -5     T
     2734  0.1183028E+03  0.60553E-01    4    10983    -4    -5     T
     2735  0.1183633E+03  0.60553E-01    4    10987    -4    -5     T
     2736  0.1184239E+03  0.60553E-01    3    10990    -4    -5     T
     2737  0.1185062E+03  0.82304E-01    4    10994    -4    -5     T
     2738  0.1185885E+03  0.82304E-01    4    10998    -4    -5     T
     2739  0.1186708E+03  0.82304E-01    3    11001    -4    -5     T
     2740  0.1187805E+03  0.10974E+00    3    11004    -4    -5     T
     2741  0.1188903E+03  0.10974E+00    4    11008    -4    -5     T
     2742  0.1190000E+03  0.10974E+00    5    11013    -4    -5     T
     2743  0.1191250E+03  0.12500E+00    4    11017    -4    -5     T
     2744  0.1192500E+03  0.12500E+00    5    11022    -4    -5     T
     2745  0.1193750E+03  0.12500E+00    6    11028    -4    -5     T
     2746  0.1195000E+03  0.12500E+00    5    11033    -4    -5     T
     2747  0.1196250E+03  0.12500E+00    6    11039    -4    -5     T
     2748  0.1197500E+03  0.12500E+00    5    11044    -4    -5     T
     2749  0.1198750E+03  0.12500E+00    6    11050    -4    -5     T
     2750  0.1200000E+03  0.12500E+00    5    11055    -4    -5     T
end
