 ******* Program HYDRUS
 ******* Pluie 10 cm/j pendant 0.5 j sur un loam avec croûte de 1 cm (Ks = 0.5 c
 Date:   0. 0.    Time: 512:**:**
 Units: L = cm   , T = days , M = g    


 Time:        0.0000


 Node      Depth      Head Moisture       K          C         Flux        Sink         Kappa   v/KsTop   Temp
           [L]        [L]    [-]        [L/T]      [1/L]      [L/T]        [1/T]         [-]      [-]      [C]

   1     0.0000    -300.000 0.1702   0.1971E-04  0.1691E-03 -0.1971E-04  0.0000E+00      -1  -0.394E-04   20.00
   2    -0.5000    -300.000 0.1702   0.1971E-04  0.1691E-03 -0.1971E-04  0.0000E+00      -1  -0.394E-04   20.00
   3    -1.0000    -300.000 0.1702   0.1971E-04  0.1691E-03 -0.2608E-03  0.0000E+00      -1  -0.522E-03   20.00
   4    -1.5000    -300.000 0.1702   0.9839E-03  0.1691E-03 -0.7429E-03  0.0000E+00      -1  -0.149E-02   20.00
   5    -2.0000    -300.000 0.1702   0.9839E-03  0.1691E-03 -0.9839E-03  0.0000E+00      -1  -0.197E-02   20.00
   6    -2.5000    -300.000 0.1702   0.9839E-03  0.1691E-03 -0.9839E-03  0.0000E+00      -1  -0.197E-02   20.00
   7    -3.0000    -300.000 0.1702   0.9839E-03  0.1691E-03 -0.9839E-03  0.0000E+00      -1  -0.197E-02   20.00
   8    -3.5000    -300.000 0.1702   0.9839E-03  0.1691E-03 -0.9839E-03  0.0000E+00      -1  -0.197E-02   20.00
   9    -4.0000    -300.000 0.1702   0.9839E-03  0.1691E-03 -0.9839E-03  0.0000E+00      -1  -0.197E-02   20.00
  10    -4.5000    -300.000 0.1702   0.9839E-03  0.1691E-03 -0.9839E-03  0.0000E+00      -1  -0.197E-02   20.00
  11    -5.0000    -300.000 0.1702   0.9839E-03  0.1691E-03 -0.9839E-03  0.0000E+00      -1  -0.197E-02   20.00
  12    -5.5000    -300.000 0.1702   0.9839E-03  0.1691E-03 -0.9839E-03  0.0000E+00      -1  -0.197E-02   20.00
  13    -6.0000    -300.000 0.1702   0.9839E-03  0.1691E-03 -0.9839E-03  0.0000E+00      -1  -0.197E-02   20.00
  14    -6.5000    -300.000 0.1702   0.9839E-03  0.1691E-03 -0.9839E-03  0.0000E+00      -1  -0.197E-02   20.00
  15    -7.0000    -300.000 0.1702   0.9839E-03  0.1691E-03 -0.9839E-03  0.0000E+00      -1  -0.197E-02   20.00
  16    -7.5000    -300.000 0.1702   0.9839E-03  0.1691E-03 -0.9839E-03  0.0000E+00      -1  -0.197E-02   20.00
  17    -8.0000    -300.000 0.1702   0.9839E-03  0.1691E-03 -0.9839E-03  0.0000E+00      -1  -0.197E-02   20.00
  18    -8.5000    -300.000 0.1702   0.9839E-03  0.1691E-03 -0.9839E-03  0.0000E+00      -1  -0.197E-02   20.00
  19    -9.0000    -300.000 0.1702   0.9839E-03  0.1691E-03 -0.9839E-03  0.0000E+00      -1  -0.197E-02   20.00
  20    -9.5000    -300.000 0.1702   0.9839E-03  0.1691E-03 -0.9839E-03  0.0000E+00      -1  -0.197E-02   20.00
  21   -10.0000    -300.000 0.1702   0.9839E-03  0.1691E-03 -0.9839E-03  0.0000E+00      -1  -0.197E-02   20.00
  22   -10.5000    -300.000 0.1702   0.9839E-03  0.1691E-03 -0.9839E-03  0.0000E+00      -1  -0.197E-02   20.00
  23   -11.0000    -300.000 0.1702   0.9839E-03  0.1691E-03 -0.9839E-03  0.0000E+00      -1  -0.197E-02   20.00
  24   -11.5000    -300.000 0.1702   0.9839E-03  0.1691E-03 -0.9839E-03  0.0000E+00      -1  -0.197E-02   20.00
  25   -12.0000    -300.000 0.1702   0.9839E-03  0.1691E-03 -0.9839E-03  0.0000E+00      -1  -0.197E-02   20.00
  26   -12.5000    -300.000 0.1702   0.9839E-03  0.1691E-03 -0.9839E-03  0.0000E+00      -1  -0.197E-02   20.00
  27   -13.0000    -300.000 0.1702   0.9839E-03  0.1691E-03 -0.9839E-03  0.0000E+00      -1  -0.197E-02   20.00
  28   -13.5000    -300.000 0.1702   0.9839E-03  0.1691E-03 -0.9839E-03  0.0000E+00      -1  -0.197E-02   20.00
  29   -14.0000    -300.000 0.1702   0.9839E-03  0.1691E-03 -0.9839E-03  0.0000E+00      -1  -0.197E-02   20.00
  30   -14.5000    -300.000 0.1702   0.9839E-03  0.1691E-03 -0.9839E-03  0.0000E+00      -1  -0.197E-02   20.00
  31   -15.0000    -300.000 0.1702   0.9839E-03  0.1691E-03 -0.9839E-03  0.0000E+00      -1  -0.197E-02   20.00
  32   -15.5000    -300.000 0.1702   0.9839E-03  0.1691E-03 -0.9839E-03  0.0000E+00      -1  -0.197E-02   20.00
  33   -16.0000    -300.000 0.1702   0.9839E-03  0.1691E-03 -0.9839E-03  0.0000E+00      -1  -0.197E-02   20.00
  34   -16.5000    -300.000 0.1702   0.9839E-03  0.1691E-03 -0.9839E-03  0.0000E+00      -1  -0.197E-02   20.00
  35   -17.0000    -300.000 0.1702   0.9839E-03  0.1691E-03 -0.9839E-03  0.0000E+00      -1  -0.197E-02   20.00
  36   -17.5000    -300.000 0.1702   0.9839E-03  0.1691E-03 -0.9839E-03  0.0000E+00      -1  -0.197E-02   20.00
  37   -18.0000    -300.000 0.1702   0.9839E-03  0.1691E-03 -0.9839E-03  0.0000E+00      -1  -0.197E-02   20.00
  38   -18.5000    -300.000 0.1702   0.9839E-03  0.1691E-03 -0.9839E-03  0.0000E+00      -1  -0.197E-02   20.00
  39   -19.0000    -300.000 0.1702   0.9839E-03  0.1691E-03 -0.9839E-03  0.0000E+00      -1  -0.197E-02   20.00
  40   -19.5000    -300.000 0.1702   0.9839E-03  0.1691E-03 -0.9839E-03  0.0000E+00      -1  -0.197E-02   20.00
  41   -20.0000    -300.000 0.1702   0.9839E-03  0.1691E-03 -0.9839E-03  0.0000E+00      -1  -0.197E-02   20.00
  42   -20.5000    -300.000 0.1702   0.9839E-03  0.1691E-03 -0.9839E-03  0.0000E+00      -1  -0.197E-02   20.00
  43   -21.0000    -300.000 0.1702   0.9839E-03  0.1691E-03 -0.9839E-03  0.0000E+00      -1  -0.197E-02   20.00
  44   -21.5000    -300.000 0.1702   0.9839E-03  0.1691E-03 -0.9839E-03  0.0000E+00      -1  -0.197E-02   20.00
  45   -22.0000    -300.000 0.1702   0.9839E-03  0.1691E-03 -0.9839E-03  0.0000E+00      -1  -0.197E-02   20.00
  46   -22.5000    -300.000 0.1702   0.9839E-03  0.1691E-03 -0.9839E-03  0.0000E+00      -1  -0.197E-02   20.00
  47   -23.0000    -300.000 0.1702   0.9839E-03  0.1691E-03 -0.9839E-03  0.0000E+00      -1  -0.197E-02   20.00
  48   -23.5000    -300.000 0.1702   0.9839E-03  0.1691E-03 -0.9839E-03  0.0000E+00      -1  -0.197E-02   20.00
  49   -24.0000    -300.000 0.1702   0.9839E-03  0.1691E-03 -0.9839E-03  0.0000E+00      -1  -0.197E-02   20.00
  50   -24.5000    -300.000 0.1702   0.9839E-03  0.1691E-03 -0.9839E-03  0.0000E+00      -1  -0.197E-02   20.00
  51   -25.0000    -300.000 0.1702   0.9839E-03  0.1691E-03 -0.9839E-03  0.0000E+00      -1  -0.197E-02   20.00
  52   -25.5000    -300.000 0.1702   0.9839E-03  0.1691E-03 -0.9839E-03  0.0000E+00      -1  -0.197E-02   20.00
  53   -26.0000    -300.000 0.1702   0.9839E-03  0.1691E-03 -0.9839E-03  0.0000E+00      -1  -0.197E-02   20.00
  54   -26.5000    -300.000 0.1702   0.9839E-03  0.1691E-03 -0.9839E-03  0.0000E+00      -1  -0.197E-02   20.00
  55   -27.0000    -300.000 0.1702   0.9839E-03  0.1691E-03 -0.9839E-03  0.0000E+00      -1  -0.197E-02   20.00
  56   -27.5000    -300.000 0.1702   0.9839E-03  0.1691E-03 -0.9839E-03  0.0000E+00      -1  -0.197E-02   20.00
  57   -28.0000    -300.000 0.1702   0.9839E-03  0.1691E-03 -0.9839E-03  0.0000E+00      -1  -0.197E-02   20.00
  58   -28.5000    -300.000 0.1702   0.9839E-03  0.1691E-03 -0.9839E-03  0.0000E+00      -1  -0.197E-02   20.00
  59   -29.0000    -300.000 0.1702   0.9839E-03  0.1691E-03 -0.9839E-03  0.0000E+00      -1  -0.197E-02   20.00
  60   -29.5000    -300.000 0.1702   0.9839E-03  0.1691E-03 -0.9839E-03  0.0000E+00      -1  -0.197E-02   20.00
  61   -30.0000    -300.000 0.1702   0.9839E-03  0.1691E-03 -0.9839E-03  0.0000E+00      -1  -0.197E-02   20.00
  62   -30.5000    -300.000 0.1702   0.9839E-03  0.1691E-03 -0.9839E-03  0.0000E+00      -1  -0.197E-02   20.00
  63   -31.0000    -300.000 0.1702   0.9839E-03  0.1691E-03 -0.9839E-03  0.0000E+00      -1  -0.197E-02   20.00
  64   -31.5000    -300.000 0.1702   0.9839E-03  0.1691E-03 -0.9839E-03  0.0000E+00      -1  -0.197E-02   20.00
  65   -32.0000    -300.000 0.1702   0.9839E-03  0.1691E-03 -0.9839E-03  0.0000E+00      -1  -0.197E-02   20.00
  66   -32.5000    -300.000 0.1702   0.9839E-03  0.1691E-03 -0.9839E-03  0.0000E+00      -1  -0.197E-02   20.00
  67   -33.0000    -300.000 0.1702   0.9839E-03  0.1691E-03 -0.9839E-03  0.0000E+00      -1  -0.197E-02   20.00
  68   -33.5000    -300.000 0.1702   0.9839E-03  0.1691E-03 -0.9839E-03  0.0000E+00      -1  -0.197E-02   20.00
  69   -34.0000    -300.000 0.1702   0.9839E-03  0.1691E-03 -0.9839E-03  0.0000E+00      -1  -0.197E-02   20.00
  70   -34.5000    -300.000 0.1702   0.9839E-03  0.1691E-03 -0.9839E-03  0.0000E+00      -1  -0.197E-02   20.00
  71   -35.0000    -300.000 0.1702   0.9839E-03  0.1691E-03 -0.9839E-03  0.0000E+00      -1  -0.197E-02   20.00
  72   -35.5000    -300.000 0.1702   0.9839E-03  0.1691E-03 -0.9839E-03  0.0000E+00      -1  -0.197E-02   20.00
  73   -36.0000    -300.000 0.1702   0.9839E-03  0.1691E-03 -0.9839E-03  0.0000E+00      -1  -0.197E-02   20.00
  74   -36.5000    -300.000 0.1702   0.9839E-03  0.1691E-03 -0.9839E-03  0.0000E+00      -1  -0.197E-02   20.00
  75   -37.0000    -300.000 0.1702   0.9839E-03  0.1691E-03 -0.9839E-03  0.0000E+00      -1  -0.197E-02   20.00
  76   -37.5000    -300.000 0.1702   0.9839E-03  0.1691E-03 -0.9839E-03  0.0000E+00      -1  -0.197E-02   20.00
  77   -38.0000    -300.000 0.1702   0.9839E-03  0.1691E-03 -0.9839E-03  0.0000E+00      -1  -0.197E-02   20.00
  78   -38.5000    -300.000 0.1702   0.9839E-03  0.1691E-03 -0.9839E-03  0.0000E+00      -1  -0.197E-02   20.00
  79   -39.0000    -300.000 0.1702   0.9839E-03  0.1691E-03 -0.9839E-03  0.0000E+00      -1  -0.197E-02   20.00
  80   -39.5000    -300.000 0.1702   0.9839E-03  0.1691E-03 -0.9839E-03  0.0000E+00      -1  -0.197E-02   20.00
  81   -40.0000    -300.000 0.1702   0.9839E-03  0.1691E-03 -0.9839E-03  0.0000E+00      -1  -0.197E-02   20.00
  82   -40.5000    -300.000 0.1702   0.9839E-03  0.1691E-03 -0.9839E-03  0.0000E+00      -1  -0.197E-02   20.00
  83   -41.0000    -300.000 0.1702   0.9839E-03  0.1691E-03 -0.9839E-03  0.0000E+00      -1  -0.197E-02   20.00
  84   -41.5000    -300.000 0.1702   0.9839E-03  0.1691E-03 -0.9839E-03  0.0000E+00      -1  -0.197E-02   20.00
  85   -42.0000    -300.000 0.1702   0.9839E-03  0.1691E-03 -0.9839E-03  0.0000E+00      -1  -0.197E-02   20.00
  86   -42.5000    -300.000 0.1702   0.9839E-03  0.1691E-03 -0.9839E-03  0.0000E+00      -1  -0.197E-02   20.00
  87   -43.0000    -300.000 0.1702   0.9839E-03  0.1691E-03 -0.9839E-03  0.0000E+00      -1  -0.197E-02   20.00
  88   -43.5000    -300.000 0.1702   0.9839E-03  0.1691E-03 -0.9839E-03  0.0000E+00      -1  -0.197E-02   20.00
  89   -44.0000    -300.000 0.1702   0.9839E-03  0.1691E-03 -0.9839E-03  0.0000E+00      -1  -0.197E-02   20.00
  90   -44.5000    -300.000 0.1702   0.9839E-03  0.1691E-03 -0.9839E-03  0.0000E+00      -1  -0.197E-02   20.00
  91   -45.0000    -300.000 0.1702   0.9839E-03  0.1691E-03 -0.9839E-03  0.0000E+00      -1  -0.197E-02   20.00
  92   -45.5000    -300.000 0.1702   0.9839E-03  0.1691E-03 -0.9839E-03  0.0000E+00      -1  -0.197E-02   20.00
  93   -46.0000    -300.000 0.1702   0.9839E-03  0.1691E-03 -0.9839E-03  0.0000E+00      -1  -0.197E-02   20.00
  94   -46.5000    -300.000 0.1702   0.9839E-03  0.1691E-03 -0.9839E-03  0.0000E+00      -1  -0.197E-02   20.00
  95   -47.0000    -300.000 0.1702   0.9839E-03  0.1691E-03 -0.9839E-03  0.0000E+00      -1  -0.197E-02   20.00
  96   -47.5000    -300.000 0.1702   0.9839E-03  0.1691E-03 -0.9839E-03  0.0000E+00      -1  -0.197E-02   20.00
  97   -48.0000    -300.000 0.1702   0.9839E-03  0.1691E-03 -0.9839E-03  0.0000E+00      -1  -0.197E-02   20.00
  98   -48.5000    -300.000 0.1702   0.9839E-03  0.1691E-03 -0.9839E-03  0.0000E+00      -1  -0.197E-02   20.00
  99   -49.0000    -300.000 0.1702   0.9839E-03  0.1691E-03 -0.9839E-03  0.0000E+00      -1  -0.197E-02   20.00
 100   -49.5000    -300.000 0.1702   0.9839E-03  0.1691E-03 -0.9839E-03  0.0000E+00      -1  -0.197E-02   20.00
 101   -50.0000    -300.000 0.1702   0.9839E-03  0.1691E-03 -0.9839E-03  0.0000E+00      -1  -0.197E-02   20.00
 102   -50.5000    -300.000 0.1702   0.9839E-03  0.1691E-03 -0.9839E-03  0.0000E+00      -1  -0.197E-02   20.00
 103   -51.0000    -300.000 0.1702   0.9839E-03  0.1691E-03 -0.9839E-03  0.0000E+00      -1  -0.197E-02   20.00
 104   -51.5000    -300.000 0.1702   0.9839E-03  0.1691E-03 -0.9839E-03  0.0000E+00      -1  -0.197E-02   20.00
 105   -52.0000    -300.000 0.1702   0.9839E-03  0.1691E-03 -0.9839E-03  0.0000E+00      -1  -0.197E-02   20.00
 106   -52.5000    -300.000 0.1702   0.9839E-03  0.1691E-03 -0.9839E-03  0.0000E+00      -1  -0.197E-02   20.00
 107   -53.0000    -300.000 0.1702   0.9839E-03  0.1691E-03 -0.9839E-03  0.0000E+00      -1  -0.197E-02   20.00
 108   -53.5000    -300.000 0.1702   0.9839E-03  0.1691E-03 -0.9839E-03  0.0000E+00      -1  -0.197E-02   20.00
 109   -54.0000    -300.000 0.1702   0.9839E-03  0.1691E-03 -0.9839E-03  0.0000E+00      -1  -0.197E-02   20.00
 110   -54.5000    -300.000 0.1702   0.9839E-03  0.1691E-03 -0.9839E-03  0.0000E+00      -1  -0.197E-02   20.00
 111   -55.0000    -300.000 0.1702   0.9839E-03  0.1691E-03 -0.9839E-03  0.0000E+00      -1  -0.197E-02   20.00
 112   -55.5000    -300.000 0.1702   0.9839E-03  0.1691E-03 -0.9839E-03  0.0000E+00      -1  -0.197E-02   20.00
 113   -56.0000    -300.000 0.1702   0.9839E-03  0.1691E-03 -0.9839E-03  0.0000E+00      -1  -0.197E-02   20.00
 114   -56.5000    -300.000 0.1702   0.9839E-03  0.1691E-03 -0.9839E-03  0.0000E+00      -1  -0.197E-02   20.00
 115   -57.0000    -300.000 0.1702   0.9839E-03  0.1691E-03 -0.9839E-03  0.0000E+00      -1  -0.197E-02   20.00
 116   -57.5000    -300.000 0.1702   0.9839E-03  0.1691E-03 -0.9839E-03  0.0000E+00      -1  -0.197E-02   20.00
 117   -58.0000    -300.000 0.1702   0.9839E-03  0.1691E-03 -0.9839E-03  0.0000E+00      -1  -0.197E-02   20.00
 118   -58.5000    -300.000 0.1702   0.9839E-03  0.1691E-03 -0.9839E-03  0.0000E+00      -1  -0.197E-02   20.00
 119   -59.0000    -300.000 0.1702   0.9839E-03  0.1691E-03 -0.9839E-03  0.0000E+00      -1  -0.197E-02   20.00
 120   -59.5000    -300.000 0.1702   0.9839E-03  0.1691E-03 -0.9839E-03  0.0000E+00      -1  -0.197E-02   20.00
 121   -60.0000    -300.000 0.1702   0.9839E-03  0.1691E-03 -0.9839E-03  0.0000E+00      -1  -0.197E-02   20.00
 122   -60.5000    -300.000 0.1702   0.9839E-03  0.1691E-03 -0.9839E-03  0.0000E+00      -1  -0.197E-02   20.00
 123   -61.0000    -300.000 0.1702   0.9839E-03  0.1691E-03 -0.9839E-03  0.0000E+00      -1  -0.197E-02   20.00
 124   -61.5000    -300.000 0.1702   0.9839E-03  0.1691E-03 -0.9839E-03  0.0000E+00      -1  -0.197E-02   20.00
 125   -62.0000    -300.000 0.1702   0.9839E-03  0.1691E-03 -0.9839E-03  0.0000E+00      -1  -0.197E-02   20.00
 126   -62.5000    -300.000 0.1702   0.9839E-03  0.1691E-03 -0.9839E-03  0.0000E+00      -1  -0.197E-02   20.00
 127   -63.0000    -300.000 0.1702   0.9839E-03  0.1691E-03 -0.9839E-03  0.0000E+00      -1  -0.197E-02   20.00
 128   -63.5000    -300.000 0.1702   0.9839E-03  0.1691E-03 -0.9839E-03  0.0000E+00      -1  -0.197E-02   20.00
 129   -64.0000    -300.000 0.1702   0.9839E-03  0.1691E-03 -0.9839E-03  0.0000E+00      -1  -0.197E-02   20.00
 130   -64.5000    -300.000 0.1702   0.9839E-03  0.1691E-03 -0.9839E-03  0.0000E+00      -1  -0.197E-02   20.00
 131   -65.0000    -300.000 0.1702   0.9839E-03  0.1691E-03 -0.9839E-03  0.0000E+00      -1  -0.197E-02   20.00
 132   -65.5000    -300.000 0.1702   0.9839E-03  0.1691E-03 -0.9839E-03  0.0000E+00      -1  -0.197E-02   20.00
 133   -66.0000    -300.000 0.1702   0.9839E-03  0.1691E-03 -0.9839E-03  0.0000E+00      -1  -0.197E-02   20.00
 134   -66.5000    -300.000 0.1702   0.9839E-03  0.1691E-03 -0.9839E-03  0.0000E+00      -1  -0.197E-02   20.00
 135   -67.0000    -300.000 0.1702   0.9839E-03  0.1691E-03 -0.9839E-03  0.0000E+00      -1  -0.197E-02   20.00
 136   -67.5000    -300.000 0.1702   0.9839E-03  0.1691E-03 -0.9839E-03  0.0000E+00      -1  -0.197E-02   20.00
 137   -68.0000    -300.000 0.1702   0.9839E-03  0.1691E-03 -0.9839E-03  0.0000E+00      -1  -0.197E-02   20.00
 138   -68.5000    -300.000 0.1702   0.9839E-03  0.1691E-03 -0.9839E-03  0.0000E+00      -1  -0.197E-02   20.00
 139   -69.0000    -300.000 0.1702   0.9839E-03  0.1691E-03 -0.9839E-03  0.0000E+00      -1  -0.197E-02   20.00
 140   -69.5000    -300.000 0.1702   0.9839E-03  0.1691E-03 -0.9839E-03  0.0000E+00      -1  -0.197E-02   20.00
 141   -70.0000    -300.000 0.1702   0.9839E-03  0.1691E-03 -0.9839E-03  0.0000E+00      -1  -0.197E-02   20.00
 142   -70.5000    -300.000 0.1702   0.9839E-03  0.1691E-03 -0.9839E-03  0.0000E+00      -1  -0.197E-02   20.00
 143   -71.0000    -300.000 0.1702   0.9839E-03  0.1691E-03 -0.9839E-03  0.0000E+00      -1  -0.197E-02   20.00
 144   -71.5000    -300.000 0.1702   0.9839E-03  0.1691E-03 -0.9839E-03  0.0000E+00      -1  -0.197E-02   20.00
 145   -72.0000    -300.000 0.1702   0.9839E-03  0.1691E-03 -0.9839E-03  0.0000E+00      -1  -0.197E-02   20.00
 146   -72.5000    -300.000 0.1702   0.9839E-03  0.1691E-03 -0.9839E-03  0.0000E+00      -1  -0.197E-02   20.00
 147   -73.0000    -300.000 0.1702   0.9839E-03  0.1691E-03 -0.9839E-03  0.0000E+00      -1  -0.197E-02   20.00
 148   -73.5000    -300.000 0.1702   0.9839E-03  0.1691E-03 -0.9839E-03  0.0000E+00      -1  -0.197E-02   20.00
 149   -74.0000    -300.000 0.1702   0.9839E-03  0.1691E-03 -0.9839E-03  0.0000E+00      -1  -0.197E-02   20.00
 150   -74.5000    -300.000 0.1702   0.9839E-03  0.1691E-03 -0.9839E-03  0.0000E+00      -1  -0.197E-02   20.00
 151   -75.0000    -300.000 0.1702   0.9839E-03  0.1691E-03 -0.9839E-03  0.0000E+00      -1  -0.197E-02   20.00
 152   -75.5000    -300.000 0.1702   0.9839E-03  0.1691E-03 -0.9839E-03  0.0000E+00      -1  -0.197E-02   20.00
 153   -76.0000    -300.000 0.1702   0.9839E-03  0.1691E-03 -0.9839E-03  0.0000E+00      -1  -0.197E-02   20.00
 154   -76.5000    -300.000 0.1702   0.9839E-03  0.1691E-03 -0.9839E-03  0.0000E+00      -1  -0.197E-02   20.00
 155   -77.0000    -300.000 0.1702   0.9839E-03  0.1691E-03 -0.9839E-03  0.0000E+00      -1  -0.197E-02   20.00
 156   -77.5000    -300.000 0.1702   0.9839E-03  0.1691E-03 -0.9839E-03  0.0000E+00      -1  -0.197E-02   20.00
 157   -78.0000    -300.000 0.1702   0.9839E-03  0.1691E-03 -0.9839E-03  0.0000E+00      -1  -0.197E-02   20.00
 158   -78.5000    -300.000 0.1702   0.9839E-03  0.1691E-03 -0.9839E-03  0.0000E+00      -1  -0.197E-02   20.00
 159   -79.0000    -300.000 0.1702   0.9839E-03  0.1691E-03 -0.9839E-03  0.0000E+00      -1  -0.197E-02   20.00
 160   -79.5000    -300.000 0.1702   0.9839E-03  0.1691E-03 -0.9839E-03  0.0000E+00      -1  -0.197E-02   20.00
 161   -80.0000    -300.000 0.1702   0.9839E-03  0.1691E-03 -0.9839E-03  0.0000E+00      -1  -0.197E-02   20.00
 162   -80.5000    -300.000 0.1702   0.9839E-03  0.1691E-03 -0.9839E-03  0.0000E+00      -1  -0.197E-02   20.00
 163   -81.0000    -300.000 0.1702   0.9839E-03  0.1691E-03 -0.9839E-03  0.0000E+00      -1  -0.197E-02   20.00
 164   -81.5000    -300.000 0.1702   0.9839E-03  0.1691E-03 -0.9839E-03  0.0000E+00      -1  -0.197E-02   20.00
 165   -82.0000    -300.000 0.1702   0.9839E-03  0.1691E-03 -0.9839E-03  0.0000E+00      -1  -0.197E-02   20.00
 166   -82.5000    -300.000 0.1702   0.9839E-03  0.1691E-03 -0.9839E-03  0.0000E+00      -1  -0.197E-02   20.00
 167   -83.0000    -300.000 0.1702   0.9839E-03  0.1691E-03 -0.9839E-03  0.0000E+00      -1  -0.197E-02   20.00
 168   -83.5000    -300.000 0.1702   0.9839E-03  0.1691E-03 -0.9839E-03  0.0000E+00      -1  -0.197E-02   20.00
 169   -84.0000    -300.000 0.1702   0.9839E-03  0.1691E-03 -0.9839E-03  0.0000E+00      -1  -0.197E-02   20.00
 170   -84.5000    -300.000 0.1702   0.9839E-03  0.1691E-03 -0.9839E-03  0.0000E+00      -1  -0.197E-02   20.00
 171   -85.0000    -300.000 0.1702   0.9839E-03  0.1691E-03 -0.9839E-03  0.0000E+00      -1  -0.197E-02   20.00
 172   -85.5000    -300.000 0.1702   0.9839E-03  0.1691E-03 -0.9839E-03  0.0000E+00      -1  -0.197E-02   20.00
 173   -86.0000    -300.000 0.1702   0.9839E-03  0.1691E-03 -0.9839E-03  0.0000E+00      -1  -0.197E-02   20.00
 174   -86.5000    -300.000 0.1702   0.9839E-03  0.1691E-03 -0.9839E-03  0.0000E+00      -1  -0.197E-02   20.00
 175   -87.0000    -300.000 0.1702   0.9839E-03  0.1691E-03 -0.9839E-03  0.0000E+00      -1  -0.197E-02   20.00
 176   -87.5000    -300.000 0.1702   0.9839E-03  0.1691E-03 -0.9839E-03  0.0000E+00      -1  -0.197E-02   20.00
 177   -88.0000    -300.000 0.1702   0.9839E-03  0.1691E-03 -0.9839E-03  0.0000E+00      -1  -0.197E-02   20.00
 178   -88.5000    -300.000 0.1702   0.9839E-03  0.1691E-03 -0.9839E-03  0.0000E+00      -1  -0.197E-02   20.00
 179   -89.0000    -300.000 0.1702   0.9839E-03  0.1691E-03 -0.9839E-03  0.0000E+00      -1  -0.197E-02   20.00
 180   -89.5000    -300.000 0.1702   0.9839E-03  0.1691E-03 -0.9839E-03  0.0000E+00      -1  -0.197E-02   20.00
 181   -90.0000    -300.000 0.1702   0.9839E-03  0.1691E-03 -0.9839E-03  0.0000E+00      -1  -0.197E-02   20.00
 182   -90.5000    -300.000 0.1702   0.9839E-03  0.1691E-03 -0.9839E-03  0.0000E+00      -1  -0.197E-02   20.00
 183   -91.0000    -300.000 0.1702   0.9839E-03  0.1691E-03 -0.9839E-03  0.0000E+00      -1  -0.197E-02   20.00
 184   -91.5000    -300.000 0.1702   0.9839E-03  0.1691E-03 -0.9839E-03  0.0000E+00      -1  -0.197E-02   20.00
 185   -92.0000    -300.000 0.1702   0.9839E-03  0.1691E-03 -0.9839E-03  0.0000E+00      -1  -0.197E-02   20.00
 186   -92.5000    -300.000 0.1702   0.9839E-03  0.1691E-03 -0.9839E-03  0.0000E+00      -1  -0.197E-02   20.00
 187   -93.0000    -300.000 0.1702   0.9839E-03  0.1691E-03 -0.9839E-03  0.0000E+00      -1  -0.197E-02   20.00
 188   -93.5000    -300.000 0.1702   0.9839E-03  0.1691E-03 -0.9839E-03  0.0000E+00      -1  -0.197E-02   20.00
 189   -94.0000    -300.000 0.1702   0.9839E-03  0.1691E-03 -0.9839E-03  0.0000E+00      -1  -0.197E-02   20.00
 190   -94.5000    -300.000 0.1702   0.9839E-03  0.1691E-03 -0.9839E-03  0.0000E+00      -1  -0.197E-02   20.00
 191   -95.0000    -300.000 0.1702   0.9839E-03  0.1691E-03 -0.9839E-03  0.0000E+00      -1  -0.197E-02   20.00
 192   -95.5000    -300.000 0.1702   0.9839E-03  0.1691E-03 -0.9839E-03  0.0000E+00      -1  -0.197E-02   20.00
 193   -96.0000    -300.000 0.1702   0.9839E-03  0.1691E-03 -0.9839E-03  0.0000E+00      -1  -0.197E-02   20.00
 194   -96.5000    -300.000 0.1702   0.9839E-03  0.1691E-03 -0.9839E-03  0.0000E+00      -1  -0.197E-02   20.00
 195   -97.0000    -300.000 0.1702   0.9839E-03  0.1691E-03 -0.9839E-03  0.0000E+00      -1  -0.197E-02   20.00
 196   -97.5000    -300.000 0.1702   0.9839E-03  0.1691E-03 -0.9839E-03  0.0000E+00      -1  -0.197E-02   20.00
 197   -98.0000    -300.000 0.1702   0.9839E-03  0.1691E-03 -0.9839E-03  0.0000E+00      -1  -0.197E-02   20.00
 198   -98.5000    -300.000 0.1702   0.9839E-03  0.1691E-03 -0.9839E-03  0.0000E+00      -1  -0.197E-02   20.00
 199   -99.0000    -300.000 0.1702   0.9839E-03  0.1691E-03 -0.9839E-03  0.0000E+00      -1  -0.197E-02   20.00
 200   -99.5000    -300.000 0.1702   0.9839E-03  0.1691E-03 -0.9839E-03  0.0000E+00      -1  -0.197E-02   20.00
 201  -100.0000    -300.000 0.1702   0.9839E-03  0.1691E-03 -0.9839E-03  0.0000E+00      -1  -0.197E-02   20.00
end


 Time:        0.0500


 Node      Depth      Head Moisture       K          C         Flux        Sink         Kappa   v/KsTop   Temp
           [L]        [L]    [-]        [L/T]      [1/L]      [L/T]        [1/T]         [-]      [-]      [C]

   1     0.0000       0.000 0.4300   0.5000E+00  0.0000E+00 -0.4373E+01  0.0000E+00      -1  -0.875E+01   20.00
   2    -0.5000      -6.018 0.4190   0.1709E+00  0.2670E-02 -0.4383E+01  0.0000E+00      -1  -0.877E+01   20.00
   3    -1.0000     -28.409 0.3509   0.2100E-01  0.2734E-02 -0.4516E+01  0.0000E+00      -1  -0.903E+01   20.00
   4    -1.5000     -85.176 0.2561   0.6002E-01  0.1009E-02 -0.3957E+01  0.0000E+00      -1  -0.791E+01   20.00
   5    -2.0000    -127.353 0.2238   0.1671E-01  0.5927E-03 -0.2457E+01  0.0000E+00      -1  -0.491E+01   20.00
   6    -2.5000    -208.179 0.1908   0.3456E-02  0.2954E-03 -0.9968E+00  0.0000E+00      -1  -0.199E+01   20.00
   7    -3.0000    -282.450 0.1736   0.1274E-02  0.1880E-03 -0.1956E+00  0.0000E+00      -1  -0.391E+00   20.00
   8    -3.5000    -298.368 0.1705   0.1011E-02  0.1708E-03 -0.2076E-01  0.0000E+00      -1  -0.415E-01   20.00
   9    -4.0000    -299.872 0.1702   0.9860E-03  0.1692E-03 -0.2610E-02  0.0000E+00      -1  -0.522E-02   20.00
  10    -4.5000    -299.990 0.1702   0.9841E-03  0.1691E-03 -0.1110E-02  0.0000E+00      -1  -0.222E-02   20.00
  11    -5.0000    -299.999 0.1702   0.9839E-03  0.1691E-03 -0.9934E-03  0.0000E+00      -1  -0.199E-02   20.00
  12    -5.5000    -300.000 0.1702   0.9839E-03  0.1691E-03 -0.9845E-03  0.0000E+00      -1  -0.197E-02   20.00
  13    -6.0000    -300.000 0.1702   0.9839E-03  0.1691E-03 -0.9840E-03  0.0000E+00      -1  -0.197E-02   20.00
  14    -6.5000    -300.000 0.1702   0.9839E-03  0.1691E-03 -0.9839E-03  0.0000E+00      -1  -0.197E-02   20.00
  15    -7.0000    -300.000 0.1702   0.9839E-03  0.1691E-03 -0.9839E-03  0.0000E+00      -1  -0.197E-02   20.00
  16    -7.5000    -300.000 0.1702   0.9839E-03  0.1691E-03 -0.9839E-03  0.0000E+00      -1  -0.197E-02   20.00
  17    -8.0000    -300.000 0.1702   0.9839E-03  0.1691E-03 -0.9839E-03  0.0000E+00      -1  -0.197E-02   20.00
  18    -8.5000    -300.000 0.1702   0.9839E-03  0.1691E-03 -0.9839E-03  0.0000E+00      -1  -0.197E-02   20.00
  19    -9.0000    -300.000 0.1702   0.9839E-03  0.1691E-03 -0.9839E-03  0.0000E+00      -1  -0.197E-02   20.00
  20    -9.5000    -300.000 0.1702   0.9839E-03  0.1691E-03 -0.9839E-03  0.0000E+00      -1  -0.197E-02   20.00
  21   -10.0000    -300.000 0.1702   0.9839E-03  0.1691E-03 -0.9839E-03  0.0000E+00      -1  -0.197E-02   20.00
  22   -10.5000    -300.000 0.1702   0.9839E-03  0.1691E-03 -0.9839E-03  0.0000E+00      -1  -0.197E-02   20.00
  23   -11.0000    -300.000 0.1702   0.9839E-03  0.1691E-03 -0.9839E-03  0.0000E+00      -1  -0.197E-02   20.00
  24   -11.5000    -300.000 0.1702   0.9839E-03  0.1691E-03 -0.9839E-03  0.0000E+00      -1  -0.197E-02   20.00
  25   -12.0000    -300.000 0.1702   0.9839E-03  0.1691E-03 -0.9839E-03  0.0000E+00      -1  -0.197E-02   20.00
  26   -12.5000    -300.000 0.1702   0.9839E-03  0.1691E-03 -0.9839E-03  0.0000E+00      -1  -0.197E-02   20.00
  27   -13.0000    -300.000 0.1702   0.9839E-03  0.1691E-03 -0.9839E-03  0.0000E+00      -1  -0.197E-02   20.00
  28   -13.5000    -300.000 0.1702   0.9839E-03  0.1691E-03 -0.9839E-03  0.0000E+00      -1  -0.197E-02   20.00
  29   -14.0000    -300.000 0.1702   0.9839E-03  0.1691E-03 -0.9839E-03  0.0000E+00      -1  -0.197E-02   20.00
  30   -14.5000    -300.000 0.1702   0.9839E-03  0.1691E-03 -0.9839E-03  0.0000E+00      -1  -0.197E-02   20.00
  31   -15.0000    -300.000 0.1702   0.9839E-03  0.1691E-03 -0.9839E-03  0.0000E+00      -1  -0.197E-02   20.00
  32   -15.5000    -300.000 0.1702   0.9839E-03  0.1691E-03 -0.9839E-03  0.0000E+00      -1  -0.197E-02   20.00
  33   -16.0000    -300.000 0.1702   0.9839E-03  0.1691E-03 -0.9839E-03  0.0000E+00      -1  -0.197E-02   20.00
  34   -16.5000    -300.000 0.1702   0.9839E-03  0.1691E-03 -0.9839E-03  0.0000E+00      -1  -0.197E-02   20.00
  35   -17.0000    -300.000 0.1702   0.9839E-03  0.1691E-03 -0.9839E-03  0.0000E+00      -1  -0.197E-02   20.00
  36   -17.5000    -300.000 0.1702   0.9839E-03  0.1691E-03 -0.9839E-03  0.0000E+00      -1  -0.197E-02   20.00
  37   -18.0000    -300.000 0.1702   0.9839E-03  0.1691E-03 -0.9839E-03  0.0000E+00      -1  -0.197E-02   20.00
  38   -18.5000    -300.000 0.1702   0.9839E-03  0.1691E-03 -0.9839E-03  0.0000E+00      -1  -0.197E-02   20.00
  39   -19.0000    -300.000 0.1702   0.9839E-03  0.1691E-03 -0.9839E-03  0.0000E+00      -1  -0.197E-02   20.00
  40   -19.5000    -300.000 0.1702   0.9839E-03  0.1691E-03 -0.9839E-03  0.0000E+00      -1  -0.197E-02   20.00
  41   -20.0000    -300.000 0.1702   0.9839E-03  0.1691E-03 -0.9839E-03  0.0000E+00      -1  -0.197E-02   20.00
  42   -20.5000    -300.000 0.1702   0.9839E-03  0.1691E-03 -0.9839E-03  0.0000E+00      -1  -0.197E-02   20.00
  43   -21.0000    -300.000 0.1702   0.9839E-03  0.1691E-03 -0.9839E-03  0.0000E+00      -1  -0.197E-02   20.00
  44   -21.5000    -300.000 0.1702   0.9839E-03  0.1691E-03 -0.9839E-03  0.0000E+00      -1  -0.197E-02   20.00
  45   -22.0000    -300.000 0.1702   0.9839E-03  0.1691E-03 -0.9839E-03  0.0000E+00      -1  -0.197E-02   20.00
  46   -22.5000    -300.000 0.1702   0.9839E-03  0.1691E-03 -0.9839E-03  0.0000E+00      -1  -0.197E-02   20.00
  47   -23.0000    -300.000 0.1702   0.9839E-03  0.1691E-03 -0.9839E-03  0.0000E+00      -1  -0.197E-02   20.00
  48   -23.5000    -300.000 0.1702   0.9839E-03  0.1691E-03 -0.9839E-03  0.0000E+00      -1  -0.197E-02   20.00
  49   -24.0000    -300.000 0.1702   0.9839E-03  0.1691E-03 -0.9839E-03  0.0000E+00      -1  -0.197E-02   20.00
  50   -24.5000    -300.000 0.1702   0.9839E-03  0.1691E-03 -0.9839E-03  0.0000E+00      -1  -0.197E-02   20.00
  51   -25.0000    -300.000 0.1702   0.9839E-03  0.1691E-03 -0.9839E-03  0.0000E+00      -1  -0.197E-02   20.00
  52   -25.5000    -300.000 0.1702   0.9839E-03  0.1691E-03 -0.9839E-03  0.0000E+00      -1  -0.197E-02   20.00
  53   -26.0000    -300.000 0.1702   0.9839E-03  0.1691E-03 -0.9839E-03  0.0000E+00      -1  -0.197E-02   20.00
  54   -26.5000    -300.000 0.1702   0.9839E-03  0.1691E-03 -0.9839E-03  0.0000E+00      -1  -0.197E-02   20.00
  55   -27.0000    -300.000 0.1702   0.9839E-03  0.1691E-03 -0.9839E-03  0.0000E+00      -1  -0.197E-02   20.00
  56   -27.5000    -300.000 0.1702   0.9839E-03  0.1691E-03 -0.9839E-03  0.0000E+00      -1  -0.197E-02   20.00
  57   -28.0000    -300.000 0.1702   0.9839E-03  0.1691E-03 -0.9839E-03  0.0000E+00      -1  -0.197E-02   20.00
  58   -28.5000    -300.000 0.1702   0.9839E-03  0.1691E-03 -0.9839E-03  0.0000E+00      -1  -0.197E-02   20.00
  59   -29.0000    -300.000 0.1702   0.9839E-03  0.1691E-03 -0.9839E-03  0.0000E+00      -1  -0.197E-02   20.00
  60   -29.5000    -300.000 0.1702   0.9839E-03  0.1691E-03 -0.9839E-03  0.0000E+00      -1  -0.197E-02   20.00
  61   -30.0000    -300.000 0.1702   0.9839E-03  0.1691E-03 -0.9839E-03  0.0000E+00      -1  -0.197E-02   20.00
  62   -30.5000    -300.000 0.1702   0.9839E-03  0.1691E-03 -0.9839E-03  0.0000E+00      -1  -0.197E-02   20.00
  63   -31.0000    -300.000 0.1702   0.9839E-03  0.1691E-03 -0.9839E-03  0.0000E+00      -1  -0.197E-02   20.00
  64   -31.5000    -300.000 0.1702   0.9839E-03  0.1691E-03 -0.9839E-03  0.0000E+00      -1  -0.197E-02   20.00
  65   -32.0000    -300.000 0.1702   0.9839E-03  0.1691E-03 -0.9839E-03  0.0000E+00      -1  -0.197E-02   20.00
  66   -32.5000    -300.000 0.1702   0.9839E-03  0.1691E-03 -0.9839E-03  0.0000E+00      -1  -0.197E-02   20.00
  67   -33.0000    -300.000 0.1702   0.9839E-03  0.1691E-03 -0.9839E-03  0.0000E+00      -1  -0.197E-02   20.00
  68   -33.5000    -300.000 0.1702   0.9839E-03  0.1691E-03 -0.9839E-03  0.0000E+00      -1  -0.197E-02   20.00
  69   -34.0000    -300.000 0.1702   0.9839E-03  0.1691E-03 -0.9839E-03  0.0000E+00      -1  -0.197E-02   20.00
  70   -34.5000    -300.000 0.1702   0.9839E-03  0.1691E-03 -0.9839E-03  0.0000E+00      -1  -0.197E-02   20.00
  71   -35.0000    -300.000 0.1702   0.9839E-03  0.1691E-03 -0.9839E-03  0.0000E+00      -1  -0.197E-02   20.00
  72   -35.5000    -300.000 0.1702   0.9839E-03  0.1691E-03 -0.9839E-03  0.0000E+00      -1  -0.197E-02   20.00
  73   -36.0000    -300.000 0.1702   0.9839E-03  0.1691E-03 -0.9839E-03  0.0000E+00      -1  -0.197E-02   20.00
  74   -36.5000    -300.000 0.1702   0.9839E-03  0.1691E-03 -0.9839E-03  0.0000E+00      -1  -0.197E-02   20.00
  75   -37.0000    -300.000 0.1702   0.9839E-03  0.1691E-03 -0.9839E-03  0.0000E+00      -1  -0.197E-02   20.00
  76   -37.5000    -300.000 0.1702   0.9839E-03  0.1691E-03 -0.9839E-03  0.0000E+00      -1  -0.197E-02   20.00
  77   -38.0000    -300.000 0.1702   0.9839E-03  0.1691E-03 -0.9839E-03  0.0000E+00      -1  -0.197E-02   20.00
  78   -38.5000    -300.000 0.1702   0.9839E-03  0.1691E-03 -0.9839E-03  0.0000E+00      -1  -0.197E-02   20.00
  79   -39.0000    -300.000 0.1702   0.9839E-03  0.1691E-03 -0.9839E-03  0.0000E+00      -1  -0.197E-02   20.00
  80   -39.5000    -300.000 0.1702   0.9839E-03  0.1691E-03 -0.9839E-03  0.0000E+00      -1  -0.197E-02   20.00
  81   -40.0000    -300.000 0.1702   0.9839E-03  0.1691E-03 -0.9839E-03  0.0000E+00      -1  -0.197E-02   20.00
  82   -40.5000    -300.000 0.1702   0.9839E-03  0.1691E-03 -0.9839E-03  0.0000E+00      -1  -0.197E-02   20.00
  83   -41.0000    -300.000 0.1702   0.9839E-03  0.1691E-03 -0.9839E-03  0.0000E+00      -1  -0.197E-02   20.00
  84   -41.5000    -300.000 0.1702   0.9839E-03  0.1691E-03 -0.9839E-03  0.0000E+00      -1  -0.197E-02   20.00
  85   -42.0000    -300.000 0.1702   0.9839E-03  0.1691E-03 -0.9839E-03  0.0000E+00      -1  -0.197E-02   20.00
  86   -42.5000    -300.000 0.1702   0.9839E-03  0.1691E-03 -0.9839E-03  0.0000E+00      -1  -0.197E-02   20.00
  87   -43.0000    -300.000 0.1702   0.9839E-03  0.1691E-03 -0.9839E-03  0.0000E+00      -1  -0.197E-02   20.00
  88   -43.5000    -300.000 0.1702   0.9839E-03  0.1691E-03 -0.9839E-03  0.0000E+00      -1  -0.197E-02   20.00
  89   -44.0000    -300.000 0.1702   0.9839E-03  0.1691E-03 -0.9839E-03  0.0000E+00      -1  -0.197E-02   20.00
  90   -44.5000    -300.000 0.1702   0.9839E-03  0.1691E-03 -0.9839E-03  0.0000E+00      -1  -0.197E-02   20.00
  91   -45.0000    -300.000 0.1702   0.9839E-03  0.1691E-03 -0.9839E-03  0.0000E+00      -1  -0.197E-02   20.00
  92   -45.5000    -300.000 0.1702   0.9839E-03  0.1691E-03 -0.9839E-03  0.0000E+00      -1  -0.197E-02   20.00
  93   -46.0000    -300.000 0.1702   0.9839E-03  0.1691E-03 -0.9839E-03  0.0000E+00      -1  -0.197E-02   20.00
  94   -46.5000    -300.000 0.1702   0.9839E-03  0.1691E-03 -0.9839E-03  0.0000E+00      -1  -0.197E-02   20.00
  95   -47.0000    -300.000 0.1702   0.9839E-03  0.1691E-03 -0.9839E-03  0.0000E+00      -1  -0.197E-02   20.00
  96   -47.5000    -300.000 0.1702   0.9839E-03  0.1691E-03 -0.9839E-03  0.0000E+00      -1  -0.197E-02   20.00
  97   -48.0000    -300.000 0.1702   0.9839E-03  0.1691E-03 -0.9839E-03  0.0000E+00      -1  -0.197E-02   20.00
  98   -48.5000    -300.000 0.1702   0.9839E-03  0.1691E-03 -0.9839E-03  0.0000E+00      -1  -0.197E-02   20.00
  99   -49.0000    -300.000 0.1702   0.9839E-03  0.1691E-03 -0.9839E-03  0.0000E+00      -1  -0.197E-02   20.00
 100   -49.5000    -300.000 0.1702   0.9839E-03  0.1691E-03 -0.9839E-03  0.0000E+00      -1  -0.197E-02   20.00
 101   -50.0000    -300.000 0.1702   0.9839E-03  0.1691E-03 -0.9839E-03  0.0000E+00      -1  -0.197E-02   20.00
 102   -50.5000    -300.000 0.1702   0.9839E-03  0.1691E-03 -0.9839E-03  0.0000E+00      -1  -0.197E-02   20.00
 103   -51.0000    -300.000 0.1702   0.9839E-03  0.1691E-03 -0.9839E-03  0.0000E+00      -1  -0.197E-02   20.00
 104   -51.5000    -300.000 0.1702   0.9839E-03  0.1691E-03 -0.9839E-03  0.0000E+00      -1  -0.197E-02   20.00
 105   -52.0000    -300.000 0.1702   0.9839E-03  0.1691E-03 -0.9839E-03  0.0000E+00      -1  -0.197E-02   20.00
 106   -52.5000    -300.000 0.1702   0.9839E-03  0.1691E-03 -0.9839E-03  0.0000E+00      -1  -0.197E-02   20.00
 107   -53.0000    -300.000 0.1702   0.9839E-03  0.1691E-03 -0.9839E-03  0.0000E+00      -1  -0.197E-02   20.00
 108   -53.5000    -300.000 0.1702   0.9839E-03  0.1691E-03 -0.9839E-03  0.0000E+00      -1  -0.197E-02   20.00
 109   -54.0000    -300.000 0.1702   0.9839E-03  0.1691E-03 -0.9839E-03  0.0000E+00      -1  -0.197E-02   20.00
 110   -54.5000    -300.000 0.1702   0.9839E-03  0.1691E-03 -0.9839E-03  0.0000E+00      -1  -0.197E-02   20.00
 111   -55.0000    -300.000 0.1702   0.9839E-03  0.1691E-03 -0.9839E-03  0.0000E+00      -1  -0.197E-02   20.00
 112   -55.5000    -300.000 0.1702   0.9839E-03  0.1691E-03 -0.9839E-03  0.0000E+00      -1  -0.197E-02   20.00
 113   -56.0000    -300.000 0.1702   0.9839E-03  0.1691E-03 -0.9839E-03  0.0000E+00      -1  -0.197E-02   20.00
 114   -56.5000    -300.000 0.1702   0.9839E-03  0.1691E-03 -0.9839E-03  0.0000E+00      -1  -0.197E-02   20.00
 115   -57.0000    -300.000 0.1702   0.9839E-03  0.1691E-03 -0.9839E-03  0.0000E+00      -1  -0.197E-02   20.00
 116   -57.5000    -300.000 0.1702   0.9839E-03  0.1691E-03 -0.9839E-03  0.0000E+00      -1  -0.197E-02   20.00
 117   -58.0000    -300.000 0.1702   0.9839E-03  0.1691E-03 -0.9839E-03  0.0000E+00      -1  -0.197E-02   20.00
 118   -58.5000    -300.000 0.1702   0.9839E-03  0.1691E-03 -0.9839E-03  0.0000E+00      -1  -0.197E-02   20.00
 119   -59.0000    -300.000 0.1702   0.9839E-03  0.1691E-03 -0.9839E-03  0.0000E+00      -1  -0.197E-02   20.00
 120   -59.5000    -300.000 0.1702   0.9839E-03  0.1691E-03 -0.9839E-03  0.0000E+00      -1  -0.197E-02   20.00
 121   -60.0000    -300.000 0.1702   0.9839E-03  0.1691E-03 -0.9839E-03  0.0000E+00      -1  -0.197E-02   20.00
 122   -60.5000    -300.000 0.1702   0.9839E-03  0.1691E-03 -0.9839E-03  0.0000E+00      -1  -0.197E-02   20.00
 123   -61.0000    -300.000 0.1702   0.9839E-03  0.1691E-03 -0.9839E-03  0.0000E+00      -1  -0.197E-02   20.00
 124   -61.5000    -300.000 0.1702   0.9839E-03  0.1691E-03 -0.9839E-03  0.0000E+00      -1  -0.197E-02   20.00
 125   -62.0000    -300.000 0.1702   0.9839E-03  0.1691E-03 -0.9839E-03  0.0000E+00      -1  -0.197E-02   20.00
 126   -62.5000    -300.000 0.1702   0.9839E-03  0.1691E-03 -0.9839E-03  0.0000E+00      -1  -0.197E-02   20.00
 127   -63.0000    -300.000 0.1702   0.9839E-03  0.1691E-03 -0.9839E-03  0.0000E+00      -1  -0.197E-02   20.00
 128   -63.5000    -300.000 0.1702   0.9839E-03  0.1691E-03 -0.9839E-03  0.0000E+00      -1  -0.197E-02   20.00
 129   -64.0000    -300.000 0.1702   0.9839E-03  0.1691E-03 -0.9839E-03  0.0000E+00      -1  -0.197E-02   20.00
 130   -64.5000    -300.000 0.1702   0.9839E-03  0.1691E-03 -0.9839E-03  0.0000E+00      -1  -0.197E-02   20.00
 131   -65.0000    -300.000 0.1702   0.9839E-03  0.1691E-03 -0.9839E-03  0.0000E+00      -1  -0.197E-02   20.00
 132   -65.5000    -300.000 0.1702   0.9839E-03  0.1691E-03 -0.9839E-03  0.0000E+00      -1  -0.197E-02   20.00
 133   -66.0000    -300.000 0.1702   0.9839E-03  0.1691E-03 -0.9839E-03  0.0000E+00      -1  -0.197E-02   20.00
 134   -66.5000    -300.000 0.1702   0.9839E-03  0.1691E-03 -0.9839E-03  0.0000E+00      -1  -0.197E-02   20.00
 135   -67.0000    -300.000 0.1702   0.9839E-03  0.1691E-03 -0.9839E-03  0.0000E+00      -1  -0.197E-02   20.00
 136   -67.5000    -300.000 0.1702   0.9839E-03  0.1691E-03 -0.9839E-03  0.0000E+00      -1  -0.197E-02   20.00
 137   -68.0000    -300.000 0.1702   0.9839E-03  0.1691E-03 -0.9839E-03  0.0000E+00      -1  -0.197E-02   20.00
 138   -68.5000    -300.000 0.1702   0.9839E-03  0.1691E-03 -0.9839E-03  0.0000E+00      -1  -0.197E-02   20.00
 139   -69.0000    -300.000 0.1702   0.9839E-03  0.1691E-03 -0.9839E-03  0.0000E+00      -1  -0.197E-02   20.00
 140   -69.5000    -300.000 0.1702   0.9839E-03  0.1691E-03 -0.9839E-03  0.0000E+00      -1  -0.197E-02   20.00
 141   -70.0000    -300.000 0.1702   0.9839E-03  0.1691E-03 -0.9839E-03  0.0000E+00      -1  -0.197E-02   20.00
 142   -70.5000    -300.000 0.1702   0.9839E-03  0.1691E-03 -0.9839E-03  0.0000E+00      -1  -0.197E-02   20.00
 143   -71.0000    -300.000 0.1702   0.9839E-03  0.1691E-03 -0.9839E-03  0.0000E+00      -1  -0.197E-02   20.00
 144   -71.5000    -300.000 0.1702   0.9839E-03  0.1691E-03 -0.9839E-03  0.0000E+00      -1  -0.197E-02   20.00
 145   -72.0000    -300.000 0.1702   0.9839E-03  0.1691E-03 -0.9839E-03  0.0000E+00      -1  -0.197E-02   20.00
 146   -72.5000    -300.000 0.1702   0.9839E-03  0.1691E-03 -0.9839E-03  0.0000E+00      -1  -0.197E-02   20.00
 147   -73.0000    -300.000 0.1702   0.9839E-03  0.1691E-03 -0.9839E-03  0.0000E+00      -1  -0.197E-02   20.00
 148   -73.5000    -300.000 0.1702   0.9839E-03  0.1691E-03 -0.9839E-03  0.0000E+00      -1  -0.197E-02   20.00
 149   -74.0000    -300.000 0.1702   0.9839E-03  0.1691E-03 -0.9839E-03  0.0000E+00      -1  -0.197E-02   20.00
 150   -74.5000    -300.000 0.1702   0.9839E-03  0.1691E-03 -0.9839E-03  0.0000E+00      -1  -0.197E-02   20.00
 151   -75.0000    -300.000 0.1702   0.9839E-03  0.1691E-03 -0.9839E-03  0.0000E+00      -1  -0.197E-02   20.00
 152   -75.5000    -300.000 0.1702   0.9839E-03  0.1691E-03 -0.9839E-03  0.0000E+00      -1  -0.197E-02   20.00
 153   -76.0000    -300.000 0.1702   0.9839E-03  0.1691E-03 -0.9839E-03  0.0000E+00      -1  -0.197E-02   20.00
 154   -76.5000    -300.000 0.1702   0.9839E-03  0.1691E-03 -0.9839E-03  0.0000E+00      -1  -0.197E-02   20.00
 155   -77.0000    -300.000 0.1702   0.9839E-03  0.1691E-03 -0.9839E-03  0.0000E+00      -1  -0.197E-02   20.00
 156   -77.5000    -300.000 0.1702   0.9839E-03  0.1691E-03 -0.9839E-03  0.0000E+00      -1  -0.197E-02   20.00
 157   -78.0000    -300.000 0.1702   0.9839E-03  0.1691E-03 -0.9839E-03  0.0000E+00      -1  -0.197E-02   20.00
 158   -78.5000    -300.000 0.1702   0.9839E-03  0.1691E-03 -0.9839E-03  0.0000E+00      -1  -0.197E-02   20.00
 159   -79.0000    -300.000 0.1702   0.9839E-03  0.1691E-03 -0.9839E-03  0.0000E+00      -1  -0.197E-02   20.00
 160   -79.5000    -300.000 0.1702   0.9839E-03  0.1691E-03 -0.9839E-03  0.0000E+00      -1  -0.197E-02   20.00
 161   -80.0000    -300.000 0.1702   0.9839E-03  0.1691E-03 -0.9839E-03  0.0000E+00      -1  -0.197E-02   20.00
 162   -80.5000    -300.000 0.1702   0.9839E-03  0.1691E-03 -0.9839E-03  0.0000E+00      -1  -0.197E-02   20.00
 163   -81.0000    -300.000 0.1702   0.9839E-03  0.1691E-03 -0.9839E-03  0.0000E+00      -1  -0.197E-02   20.00
 164   -81.5000    -300.000 0.1702   0.9839E-03  0.1691E-03 -0.9839E-03  0.0000E+00      -1  -0.197E-02   20.00
 165   -82.0000    -300.000 0.1702   0.9839E-03  0.1691E-03 -0.9839E-03  0.0000E+00      -1  -0.197E-02   20.00
 166   -82.5000    -300.000 0.1702   0.9839E-03  0.1691E-03 -0.9839E-03  0.0000E+00      -1  -0.197E-02   20.00
 167   -83.0000    -300.000 0.1702   0.9839E-03  0.1691E-03 -0.9839E-03  0.0000E+00      -1  -0.197E-02   20.00
 168   -83.5000    -300.000 0.1702   0.9839E-03  0.1691E-03 -0.9839E-03  0.0000E+00      -1  -0.197E-02   20.00
 169   -84.0000    -300.000 0.1702   0.9839E-03  0.1691E-03 -0.9839E-03  0.0000E+00      -1  -0.197E-02   20.00
 170   -84.5000    -300.000 0.1702   0.9839E-03  0.1691E-03 -0.9839E-03  0.0000E+00      -1  -0.197E-02   20.00
 171   -85.0000    -300.000 0.1702   0.9839E-03  0.1691E-03 -0.9839E-03  0.0000E+00      -1  -0.197E-02   20.00
 172   -85.5000    -300.000 0.1702   0.9839E-03  0.1691E-03 -0.9839E-03  0.0000E+00      -1  -0.197E-02   20.00
 173   -86.0000    -300.000 0.1702   0.9839E-03  0.1691E-03 -0.9839E-03  0.0000E+00      -1  -0.197E-02   20.00
 174   -86.5000    -300.000 0.1702   0.9839E-03  0.1691E-03 -0.9839E-03  0.0000E+00      -1  -0.197E-02   20.00
 175   -87.0000    -300.000 0.1702   0.9839E-03  0.1691E-03 -0.9839E-03  0.0000E+00      -1  -0.197E-02   20.00
 176   -87.5000    -300.000 0.1702   0.9839E-03  0.1691E-03 -0.9839E-03  0.0000E+00      -1  -0.197E-02   20.00
 177   -88.0000    -300.000 0.1702   0.9839E-03  0.1691E-03 -0.9839E-03  0.0000E+00      -1  -0.197E-02   20.00
 178   -88.5000    -300.000 0.1702   0.9839E-03  0.1691E-03 -0.9839E-03  0.0000E+00      -1  -0.197E-02   20.00
 179   -89.0000    -300.000 0.1702   0.9839E-03  0.1691E-03 -0.9839E-03  0.0000E+00      -1  -0.197E-02   20.00
 180   -89.5000    -300.000 0.1702   0.9839E-03  0.1691E-03 -0.9839E-03  0.0000E+00      -1  -0.197E-02   20.00
 181   -90.0000    -300.000 0.1702   0.9839E-03  0.1691E-03 -0.9839E-03  0.0000E+00      -1  -0.197E-02   20.00
 182   -90.5000    -300.000 0.1702   0.9839E-03  0.1691E-03 -0.9839E-03  0.0000E+00      -1  -0.197E-02   20.00
 183   -91.0000    -300.000 0.1702   0.9839E-03  0.1691E-03 -0.9839E-03  0.0000E+00      -1  -0.197E-02   20.00
 184   -91.5000    -300.000 0.1702   0.9839E-03  0.1691E-03 -0.9839E-03  0.0000E+00      -1  -0.197E-02   20.00
 185   -92.0000    -300.000 0.1702   0.9839E-03  0.1691E-03 -0.9839E-03  0.0000E+00      -1  -0.197E-02   20.00
 186   -92.5000    -300.000 0.1702   0.9839E-03  0.1691E-03 -0.9839E-03  0.0000E+00      -1  -0.197E-02   20.00
 187   -93.0000    -300.000 0.1702   0.9839E-03  0.1691E-03 -0.9839E-03  0.0000E+00      -1  -0.197E-02   20.00
 188   -93.5000    -300.000 0.1702   0.9839E-03  0.1691E-03 -0.9839E-03  0.0000E+00      -1  -0.197E-02   20.00
 189   -94.0000    -300.000 0.1702   0.9839E-03  0.1691E-03 -0.9839E-03  0.0000E+00      -1  -0.197E-02   20.00
 190   -94.5000    -300.000 0.1702   0.9839E-03  0.1691E-03 -0.9839E-03  0.0000E+00      -1  -0.197E-02   20.00
 191   -95.0000    -300.000 0.1702   0.9839E-03  0.1691E-03 -0.9839E-03  0.0000E+00      -1  -0.197E-02   20.00
 192   -95.5000    -300.000 0.1702   0.9839E-03  0.1691E-03 -0.9839E-03  0.0000E+00      -1  -0.197E-02   20.00
 193   -96.0000    -300.000 0.1702   0.9839E-03  0.1691E-03 -0.9839E-03  0.0000E+00      -1  -0.197E-02   20.00
 194   -96.5000    -300.000 0.1702   0.9839E-03  0.1691E-03 -0.9839E-03  0.0000E+00      -1  -0.197E-02   20.00
 195   -97.0000    -300.000 0.1702   0.9839E-03  0.1691E-03 -0.9839E-03  0.0000E+00      -1  -0.197E-02   20.00
 196   -97.5000    -300.000 0.1702   0.9839E-03  0.1691E-03 -0.9839E-03  0.0000E+00      -1  -0.197E-02   20.00
 197   -98.0000    -300.000 0.1702   0.9839E-03  0.1691E-03 -0.9839E-03  0.0000E+00      -1  -0.197E-02   20.00
 198   -98.5000    -300.000 0.1702   0.9839E-03  0.1691E-03 -0.9839E-03  0.0000E+00      -1  -0.197E-02   20.00
 199   -99.0000    -300.000 0.1702   0.9839E-03  0.1691E-03 -0.9839E-03  0.0000E+00      -1  -0.197E-02   20.00
 200   -99.5000    -300.000 0.1702   0.9839E-03  0.1691E-03 -0.9839E-03  0.0000E+00      -1  -0.197E-02   20.00
 201  -100.0000    -300.000 0.1702   0.9839E-03  0.1691E-03 -0.9839E-03  0.0000E+00      -1  -0.197E-02   20.00
end


 Time:        0.1000


 Node      Depth      Head Moisture       K          C         Flux        Sink         Kappa   v/KsTop   Temp
           [L]        [L]    [-]        [L/T]      [1/L]      [L/T]        [1/T]         [-]      [-]      [C]

   1     0.0000       0.000 0.4300   0.5000E+00  0.0000E+00 -0.4692E+01  0.0000E+00      -1  -0.938E+01   20.00
   2    -0.5000      -6.615 0.4174   0.1594E+00  0.2759E-02 -0.4689E+01  0.0000E+00      -1  -0.938E+01   20.00
   3    -1.0000     -32.926 0.3392   0.1534E-01  0.2515E-02 -0.4663E+01  0.0000E+00      -1  -0.933E+01   20.00
   4    -1.5000     -44.583 0.3131   0.3663E+00  0.2004E-02 -0.4478E+01  0.0000E+00      -1  -0.896E+01   20.00
   5    -2.0000     -51.016 0.3012   0.2561E+00  0.1774E-02 -0.4117E+01  0.0000E+00      -1  -0.823E+01   20.00
   6    -2.5000     -60.032 0.2861   0.1557E+00  0.1492E-02 -0.3697E+01  0.0000E+00      -1  -0.739E+01   20.00
   7    -3.0000     -73.763 0.2681   0.8852E-01  0.1189E-02 -0.3161E+01  0.0000E+00      -1  -0.632E+01   20.00
   8    -3.5000     -95.576 0.2458   0.3906E-01  0.8584E-03 -0.2480E+01  0.0000E+00      -1  -0.496E+01   20.00
   9    -4.0000    -134.567 0.2200   0.1444E-01  0.5529E-03 -0.1654E+01  0.0000E+00      -1  -0.331E+01   20.00
  10    -4.5000    -199.394 0.1932   0.3852E-02  0.3121E-03 -0.7876E+00  0.0000E+00      -1  -0.158E+01   20.00
  11    -5.0000    -270.198 0.1760   0.1478E-02  0.2012E-03 -0.2228E+00  0.0000E+00      -1  -0.446E+00   20.00
  12    -5.5000    -295.558 0.1711   0.1058E-02  0.1739E-03 -0.3731E-01  0.0000E+00      -1  -0.746E-01   20.00
  13    -6.0000    -299.474 0.1703   0.9926E-03  0.1697E-03 -0.5483E-02  0.0000E+00      -1  -0.110E-01   20.00
  14    -6.5000    -299.941 0.1702   0.9849E-03  0.1692E-03 -0.1501E-02  0.0000E+00      -1  -0.300E-02   20.00
  15    -7.0000    -299.994 0.1702   0.9840E-03  0.1691E-03 -0.1041E-02  0.0000E+00      -1  -0.208E-02   20.00
  16    -7.5000    -299.999 0.1702   0.9839E-03  0.1691E-03 -0.9901E-03  0.0000E+00      -1  -0.198E-02   20.00
  17    -8.0000    -300.000 0.1702   0.9839E-03  0.1691E-03 -0.9845E-03  0.0000E+00      -1  -0.197E-02   20.00
  18    -8.5000    -300.000 0.1702   0.9839E-03  0.1691E-03 -0.9839E-03  0.0000E+00      -1  -0.197E-02   20.00
  19    -9.0000    -300.000 0.1702   0.9839E-03  0.1691E-03 -0.9839E-03  0.0000E+00      -1  -0.197E-02   20.00
  20    -9.5000    -300.000 0.1702   0.9839E-03  0.1691E-03 -0.9839E-03  0.0000E+00      -1  -0.197E-02   20.00
  21   -10.0000    -300.000 0.1702   0.9839E-03  0.1691E-03 -0.9839E-03  0.0000E+00      -1  -0.197E-02   20.00
  22   -10.5000    -300.000 0.1702   0.9839E-03  0.1691E-03 -0.9839E-03  0.0000E+00      -1  -0.197E-02   20.00
  23   -11.0000    -300.000 0.1702   0.9839E-03  0.1691E-03 -0.9839E-03  0.0000E+00      -1  -0.197E-02   20.00
  24   -11.5000    -300.000 0.1702   0.9839E-03  0.1691E-03 -0.9839E-03  0.0000E+00      -1  -0.197E-02   20.00
  25   -12.0000    -300.000 0.1702   0.9839E-03  0.1691E-03 -0.9839E-03  0.0000E+00      -1  -0.197E-02   20.00
  26   -12.5000    -300.000 0.1702   0.9839E-03  0.1691E-03 -0.9839E-03  0.0000E+00      -1  -0.197E-02   20.00
  27   -13.0000    -300.000 0.1702   0.9839E-03  0.1691E-03 -0.9839E-03  0.0000E+00      -1  -0.197E-02   20.00
  28   -13.5000    -300.000 0.1702   0.9839E-03  0.1691E-03 -0.9839E-03  0.0000E+00      -1  -0.197E-02   20.00
  29   -14.0000    -300.000 0.1702   0.9839E-03  0.1691E-03 -0.9839E-03  0.0000E+00      -1  -0.197E-02   20.00
  30   -14.5000    -300.000 0.1702   0.9839E-03  0.1691E-03 -0.9839E-03  0.0000E+00      -1  -0.197E-02   20.00
  31   -15.0000    -300.000 0.1702   0.9839E-03  0.1691E-03 -0.9839E-03  0.0000E+00      -1  -0.197E-02   20.00
  32   -15.5000    -300.000 0.1702   0.9839E-03  0.1691E-03 -0.9839E-03  0.0000E+00      -1  -0.197E-02   20.00
  33   -16.0000    -300.000 0.1702   0.9839E-03  0.1691E-03 -0.9839E-03  0.0000E+00      -1  -0.197E-02   20.00
  34   -16.5000    -300.000 0.1702   0.9839E-03  0.1691E-03 -0.9839E-03  0.0000E+00      -1  -0.197E-02   20.00
  35   -17.0000    -300.000 0.1702   0.9839E-03  0.1691E-03 -0.9839E-03  0.0000E+00      -1  -0.197E-02   20.00
  36   -17.5000    -300.000 0.1702   0.9839E-03  0.1691E-03 -0.9839E-03  0.0000E+00      -1  -0.197E-02   20.00
  37   -18.0000    -300.000 0.1702   0.9839E-03  0.1691E-03 -0.9839E-03  0.0000E+00      -1  -0.197E-02   20.00
  38   -18.5000    -300.000 0.1702   0.9839E-03  0.1691E-03 -0.9839E-03  0.0000E+00      -1  -0.197E-02   20.00
  39   -19.0000    -300.000 0.1702   0.9839E-03  0.1691E-03 -0.9839E-03  0.0000E+00      -1  -0.197E-02   20.00
  40   -19.5000    -300.000 0.1702   0.9839E-03  0.1691E-03 -0.9839E-03  0.0000E+00      -1  -0.197E-02   20.00
  41   -20.0000    -300.000 0.1702   0.9839E-03  0.1691E-03 -0.9839E-03  0.0000E+00      -1  -0.197E-02   20.00
  42   -20.5000    -300.000 0.1702   0.9839E-03  0.1691E-03 -0.9839E-03  0.0000E+00      -1  -0.197E-02   20.00
  43   -21.0000    -300.000 0.1702   0.9839E-03  0.1691E-03 -0.9839E-03  0.0000E+00      -1  -0.197E-02   20.00
  44   -21.5000    -300.000 0.1702   0.9839E-03  0.1691E-03 -0.9839E-03  0.0000E+00      -1  -0.197E-02   20.00
  45   -22.0000    -300.000 0.1702   0.9839E-03  0.1691E-03 -0.9839E-03  0.0000E+00      -1  -0.197E-02   20.00
  46   -22.5000    -300.000 0.1702   0.9839E-03  0.1691E-03 -0.9839E-03  0.0000E+00      -1  -0.197E-02   20.00
  47   -23.0000    -300.000 0.1702   0.9839E-03  0.1691E-03 -0.9839E-03  0.0000E+00      -1  -0.197E-02   20.00
  48   -23.5000    -300.000 0.1702   0.9839E-03  0.1691E-03 -0.9839E-03  0.0000E+00      -1  -0.197E-02   20.00
  49   -24.0000    -300.000 0.1702   0.9839E-03  0.1691E-03 -0.9839E-03  0.0000E+00      -1  -0.197E-02   20.00
  50   -24.5000    -300.000 0.1702   0.9839E-03  0.1691E-03 -0.9839E-03  0.0000E+00      -1  -0.197E-02   20.00
  51   -25.0000    -300.000 0.1702   0.9839E-03  0.1691E-03 -0.9839E-03  0.0000E+00      -1  -0.197E-02   20.00
  52   -25.5000    -300.000 0.1702   0.9839E-03  0.1691E-03 -0.9839E-03  0.0000E+00      -1  -0.197E-02   20.00
  53   -26.0000    -300.000 0.1702   0.9839E-03  0.1691E-03 -0.9839E-03  0.0000E+00      -1  -0.197E-02   20.00
  54   -26.5000    -300.000 0.1702   0.9839E-03  0.1691E-03 -0.9839E-03  0.0000E+00      -1  -0.197E-02   20.00
  55   -27.0000    -300.000 0.1702   0.9839E-03  0.1691E-03 -0.9839E-03  0.0000E+00      -1  -0.197E-02   20.00
  56   -27.5000    -300.000 0.1702   0.9839E-03  0.1691E-03 -0.9839E-03  0.0000E+00      -1  -0.197E-02   20.00
  57   -28.0000    -300.000 0.1702   0.9839E-03  0.1691E-03 -0.9839E-03  0.0000E+00      -1  -0.197E-02   20.00
  58   -28.5000    -300.000 0.1702   0.9839E-03  0.1691E-03 -0.9839E-03  0.0000E+00      -1  -0.197E-02   20.00
  59   -29.0000    -300.000 0.1702   0.9839E-03  0.1691E-03 -0.9839E-03  0.0000E+00      -1  -0.197E-02   20.00
  60   -29.5000    -300.000 0.1702   0.9839E-03  0.1691E-03 -0.9839E-03  0.0000E+00      -1  -0.197E-02   20.00
  61   -30.0000    -300.000 0.1702   0.9839E-03  0.1691E-03 -0.9839E-03  0.0000E+00      -1  -0.197E-02   20.00
  62   -30.5000    -300.000 0.1702   0.9839E-03  0.1691E-03 -0.9839E-03  0.0000E+00      -1  -0.197E-02   20.00
  63   -31.0000    -300.000 0.1702   0.9839E-03  0.1691E-03 -0.9839E-03  0.0000E+00      -1  -0.197E-02   20.00
  64   -31.5000    -300.000 0.1702   0.9839E-03  0.1691E-03 -0.9839E-03  0.0000E+00      -1  -0.197E-02   20.00
  65   -32.0000    -300.000 0.1702   0.9839E-03  0.1691E-03 -0.9839E-03  0.0000E+00      -1  -0.197E-02   20.00
  66   -32.5000    -300.000 0.1702   0.9839E-03  0.1691E-03 -0.9839E-03  0.0000E+00      -1  -0.197E-02   20.00
  67   -33.0000    -300.000 0.1702   0.9839E-03  0.1691E-03 -0.9839E-03  0.0000E+00      -1  -0.197E-02   20.00
  68   -33.5000    -300.000 0.1702   0.9839E-03  0.1691E-03 -0.9839E-03  0.0000E+00      -1  -0.197E-02   20.00
  69   -34.0000    -300.000 0.1702   0.9839E-03  0.1691E-03 -0.9839E-03  0.0000E+00      -1  -0.197E-02   20.00
  70   -34.5000    -300.000 0.1702   0.9839E-03  0.1691E-03 -0.9839E-03  0.0000E+00      -1  -0.197E-02   20.00
  71   -35.0000    -300.000 0.1702   0.9839E-03  0.1691E-03 -0.9839E-03  0.0000E+00      -1  -0.197E-02   20.00
  72   -35.5000    -300.000 0.1702   0.9839E-03  0.1691E-03 -0.9839E-03  0.0000E+00      -1  -0.197E-02   20.00
  73   -36.0000    -300.000 0.1702   0.9839E-03  0.1691E-03 -0.9839E-03  0.0000E+00      -1  -0.197E-02   20.00
  74   -36.5000    -300.000 0.1702   0.9839E-03  0.1691E-03 -0.9839E-03  0.0000E+00      -1  -0.197E-02   20.00
  75   -37.0000    -300.000 0.1702   0.9839E-03  0.1691E-03 -0.9839E-03  0.0000E+00      -1  -0.197E-02   20.00
  76   -37.5000    -300.000 0.1702   0.9839E-03  0.1691E-03 -0.9839E-03  0.0000E+00      -1  -0.197E-02   20.00
  77   -38.0000    -300.000 0.1702   0.9839E-03  0.1691E-03 -0.9839E-03  0.0000E+00      -1  -0.197E-02   20.00
  78   -38.5000    -300.000 0.1702   0.9839E-03  0.1691E-03 -0.9839E-03  0.0000E+00      -1  -0.197E-02   20.00
  79   -39.0000    -300.000 0.1702   0.9839E-03  0.1691E-03 -0.9839E-03  0.0000E+00      -1  -0.197E-02   20.00
  80   -39.5000    -300.000 0.1702   0.9839E-03  0.1691E-03 -0.9839E-03  0.0000E+00      -1  -0.197E-02   20.00
  81   -40.0000    -300.000 0.1702   0.9839E-03  0.1691E-03 -0.9839E-03  0.0000E+00      -1  -0.197E-02   20.00
  82   -40.5000    -300.000 0.1702   0.9839E-03  0.1691E-03 -0.9839E-03  0.0000E+00      -1  -0.197E-02   20.00
  83   -41.0000    -300.000 0.1702   0.9839E-03  0.1691E-03 -0.9839E-03  0.0000E+00      -1  -0.197E-02   20.00
  84   -41.5000    -300.000 0.1702   0.9839E-03  0.1691E-03 -0.9839E-03  0.0000E+00      -1  -0.197E-02   20.00
  85   -42.0000    -300.000 0.1702   0.9839E-03  0.1691E-03 -0.9839E-03  0.0000E+00      -1  -0.197E-02   20.00
  86   -42.5000    -300.000 0.1702   0.9839E-03  0.1691E-03 -0.9839E-03  0.0000E+00      -1  -0.197E-02   20.00
  87   -43.0000    -300.000 0.1702   0.9839E-03  0.1691E-03 -0.9839E-03  0.0000E+00      -1  -0.197E-02   20.00
  88   -43.5000    -300.000 0.1702   0.9839E-03  0.1691E-03 -0.9839E-03  0.0000E+00      -1  -0.197E-02   20.00
  89   -44.0000    -300.000 0.1702   0.9839E-03  0.1691E-03 -0.9839E-03  0.0000E+00      -1  -0.197E-02   20.00
  90   -44.5000    -300.000 0.1702   0.9839E-03  0.1691E-03 -0.9839E-03  0.0000E+00      -1  -0.197E-02   20.00
  91   -45.0000    -300.000 0.1702   0.9839E-03  0.1691E-03 -0.9839E-03  0.0000E+00      -1  -0.197E-02   20.00
  92   -45.5000    -300.000 0.1702   0.9839E-03  0.1691E-03 -0.9839E-03  0.0000E+00      -1  -0.197E-02   20.00
  93   -46.0000    -300.000 0.1702   0.9839E-03  0.1691E-03 -0.9839E-03  0.0000E+00      -1  -0.197E-02   20.00
  94   -46.5000    -300.000 0.1702   0.9839E-03  0.1691E-03 -0.9839E-03  0.0000E+00      -1  -0.197E-02   20.00
  95   -47.0000    -300.000 0.1702   0.9839E-03  0.1691E-03 -0.9839E-03  0.0000E+00      -1  -0.197E-02   20.00
  96   -47.5000    -300.000 0.1702   0.9839E-03  0.1691E-03 -0.9839E-03  0.0000E+00      -1  -0.197E-02   20.00
  97   -48.0000    -300.000 0.1702   0.9839E-03  0.1691E-03 -0.9839E-03  0.0000E+00      -1  -0.197E-02   20.00
  98   -48.5000    -300.000 0.1702   0.9839E-03  0.1691E-03 -0.9839E-03  0.0000E+00      -1  -0.197E-02   20.00
  99   -49.0000    -300.000 0.1702   0.9839E-03  0.1691E-03 -0.9839E-03  0.0000E+00      -1  -0.197E-02   20.00
 100   -49.5000    -300.000 0.1702   0.9839E-03  0.1691E-03 -0.9839E-03  0.0000E+00      -1  -0.197E-02   20.00
 101   -50.0000    -300.000 0.1702   0.9839E-03  0.1691E-03 -0.9839E-03  0.0000E+00      -1  -0.197E-02   20.00
 102   -50.5000    -300.000 0.1702   0.9839E-03  0.1691E-03 -0.9839E-03  0.0000E+00      -1  -0.197E-02   20.00
 103   -51.0000    -300.000 0.1702   0.9839E-03  0.1691E-03 -0.9839E-03  0.0000E+00      -1  -0.197E-02   20.00
 104   -51.5000    -300.000 0.1702   0.9839E-03  0.1691E-03 -0.9839E-03  0.0000E+00      -1  -0.197E-02   20.00
 105   -52.0000    -300.000 0.1702   0.9839E-03  0.1691E-03 -0.9839E-03  0.0000E+00      -1  -0.197E-02   20.00
 106   -52.5000    -300.000 0.1702   0.9839E-03  0.1691E-03 -0.9839E-03  0.0000E+00      -1  -0.197E-02   20.00
 107   -53.0000    -300.000 0.1702   0.9839E-03  0.1691E-03 -0.9839E-03  0.0000E+00      -1  -0.197E-02   20.00
 108   -53.5000    -300.000 0.1702   0.9839E-03  0.1691E-03 -0.9839E-03  0.0000E+00      -1  -0.197E-02   20.00
 109   -54.0000    -300.000 0.1702   0.9839E-03  0.1691E-03 -0.9839E-03  0.0000E+00      -1  -0.197E-02   20.00
 110   -54.5000    -300.000 0.1702   0.9839E-03  0.1691E-03 -0.9839E-03  0.0000E+00      -1  -0.197E-02   20.00
 111   -55.0000    -300.000 0.1702   0.9839E-03  0.1691E-03 -0.9839E-03  0.0000E+00      -1  -0.197E-02   20.00
 112   -55.5000    -300.000 0.1702   0.9839E-03  0.1691E-03 -0.9839E-03  0.0000E+00      -1  -0.197E-02   20.00
 113   -56.0000    -300.000 0.1702   0.9839E-03  0.1691E-03 -0.9839E-03  0.0000E+00      -1  -0.197E-02   20.00
 114   -56.5000    -300.000 0.1702   0.9839E-03  0.1691E-03 -0.9839E-03  0.0000E+00      -1  -0.197E-02   20.00
 115   -57.0000    -300.000 0.1702   0.9839E-03  0.1691E-03 -0.9839E-03  0.0000E+00      -1  -0.197E-02   20.00
 116   -57.5000    -300.000 0.1702   0.9839E-03  0.1691E-03 -0.9839E-03  0.0000E+00      -1  -0.197E-02   20.00
 117   -58.0000    -300.000 0.1702   0.9839E-03  0.1691E-03 -0.9839E-03  0.0000E+00      -1  -0.197E-02   20.00
 118   -58.5000    -300.000 0.1702   0.9839E-03  0.1691E-03 -0.9839E-03  0.0000E+00      -1  -0.197E-02   20.00
 119   -59.0000    -300.000 0.1702   0.9839E-03  0.1691E-03 -0.9839E-03  0.0000E+00      -1  -0.197E-02   20.00
 120   -59.5000    -300.000 0.1702   0.9839E-03  0.1691E-03 -0.9839E-03  0.0000E+00      -1  -0.197E-02   20.00
 121   -60.0000    -300.000 0.1702   0.9839E-03  0.1691E-03 -0.9839E-03  0.0000E+00      -1  -0.197E-02   20.00
 122   -60.5000    -300.000 0.1702   0.9839E-03  0.1691E-03 -0.9839E-03  0.0000E+00      -1  -0.197E-02   20.00
 123   -61.0000    -300.000 0.1702   0.9839E-03  0.1691E-03 -0.9839E-03  0.0000E+00      -1  -0.197E-02   20.00
 124   -61.5000    -300.000 0.1702   0.9839E-03  0.1691E-03 -0.9839E-03  0.0000E+00      -1  -0.197E-02   20.00
 125   -62.0000    -300.000 0.1702   0.9839E-03  0.1691E-03 -0.9839E-03  0.0000E+00      -1  -0.197E-02   20.00
 126   -62.5000    -300.000 0.1702   0.9839E-03  0.1691E-03 -0.9839E-03  0.0000E+00      -1  -0.197E-02   20.00
 127   -63.0000    -300.000 0.1702   0.9839E-03  0.1691E-03 -0.9839E-03  0.0000E+00      -1  -0.197E-02   20.00
 128   -63.5000    -300.000 0.1702   0.9839E-03  0.1691E-03 -0.9839E-03  0.0000E+00      -1  -0.197E-02   20.00
 129   -64.0000    -300.000 0.1702   0.9839E-03  0.1691E-03 -0.9839E-03  0.0000E+00      -1  -0.197E-02   20.00
 130   -64.5000    -300.000 0.1702   0.9839E-03  0.1691E-03 -0.9839E-03  0.0000E+00      -1  -0.197E-02   20.00
 131   -65.0000    -300.000 0.1702   0.9839E-03  0.1691E-03 -0.9839E-03  0.0000E+00      -1  -0.197E-02   20.00
 132   -65.5000    -300.000 0.1702   0.9839E-03  0.1691E-03 -0.9839E-03  0.0000E+00      -1  -0.197E-02   20.00
 133   -66.0000    -300.000 0.1702   0.9839E-03  0.1691E-03 -0.9839E-03  0.0000E+00      -1  -0.197E-02   20.00
 134   -66.5000    -300.000 0.1702   0.9839E-03  0.1691E-03 -0.9839E-03  0.0000E+00      -1  -0.197E-02   20.00
 135   -67.0000    -300.000 0.1702   0.9839E-03  0.1691E-03 -0.9839E-03  0.0000E+00      -1  -0.197E-02   20.00
 136   -67.5000    -300.000 0.1702   0.9839E-03  0.1691E-03 -0.9839E-03  0.0000E+00      -1  -0.197E-02   20.00
 137   -68.0000    -300.000 0.1702   0.9839E-03  0.1691E-03 -0.9839E-03  0.0000E+00      -1  -0.197E-02   20.00
 138   -68.5000    -300.000 0.1702   0.9839E-03  0.1691E-03 -0.9839E-03  0.0000E+00      -1  -0.197E-02   20.00
 139   -69.0000    -300.000 0.1702   0.9839E-03  0.1691E-03 -0.9839E-03  0.0000E+00      -1  -0.197E-02   20.00
 140   -69.5000    -300.000 0.1702   0.9839E-03  0.1691E-03 -0.9839E-03  0.0000E+00      -1  -0.197E-02   20.00
 141   -70.0000    -300.000 0.1702   0.9839E-03  0.1691E-03 -0.9839E-03  0.0000E+00      -1  -0.197E-02   20.00
 142   -70.5000    -300.000 0.1702   0.9839E-03  0.1691E-03 -0.9839E-03  0.0000E+00      -1  -0.197E-02   20.00
 143   -71.0000    -300.000 0.1702   0.9839E-03  0.1691E-03 -0.9839E-03  0.0000E+00      -1  -0.197E-02   20.00
 144   -71.5000    -300.000 0.1702   0.9839E-03  0.1691E-03 -0.9839E-03  0.0000E+00      -1  -0.197E-02   20.00
 145   -72.0000    -300.000 0.1702   0.9839E-03  0.1691E-03 -0.9839E-03  0.0000E+00      -1  -0.197E-02   20.00
 146   -72.5000    -300.000 0.1702   0.9839E-03  0.1691E-03 -0.9839E-03  0.0000E+00      -1  -0.197E-02   20.00
 147   -73.0000    -300.000 0.1702   0.9839E-03  0.1691E-03 -0.9839E-03  0.0000E+00      -1  -0.197E-02   20.00
 148   -73.5000    -300.000 0.1702   0.9839E-03  0.1691E-03 -0.9839E-03  0.0000E+00      -1  -0.197E-02   20.00
 149   -74.0000    -300.000 0.1702   0.9839E-03  0.1691E-03 -0.9839E-03  0.0000E+00      -1  -0.197E-02   20.00
 150   -74.5000    -300.000 0.1702   0.9839E-03  0.1691E-03 -0.9839E-03  0.0000E+00      -1  -0.197E-02   20.00
 151   -75.0000    -300.000 0.1702   0.9839E-03  0.1691E-03 -0.9839E-03  0.0000E+00      -1  -0.197E-02   20.00
 152   -75.5000    -300.000 0.1702   0.9839E-03  0.1691E-03 -0.9839E-03  0.0000E+00      -1  -0.197E-02   20.00
 153   -76.0000    -300.000 0.1702   0.9839E-03  0.1691E-03 -0.9839E-03  0.0000E+00      -1  -0.197E-02   20.00
 154   -76.5000    -300.000 0.1702   0.9839E-03  0.1691E-03 -0.9839E-03  0.0000E+00      -1  -0.197E-02   20.00
 155   -77.0000    -300.000 0.1702   0.9839E-03  0.1691E-03 -0.9839E-03  0.0000E+00      -1  -0.197E-02   20.00
 156   -77.5000    -300.000 0.1702   0.9839E-03  0.1691E-03 -0.9839E-03  0.0000E+00      -1  -0.197E-02   20.00
 157   -78.0000    -300.000 0.1702   0.9839E-03  0.1691E-03 -0.9839E-03  0.0000E+00      -1  -0.197E-02   20.00
 158   -78.5000    -300.000 0.1702   0.9839E-03  0.1691E-03 -0.9839E-03  0.0000E+00      -1  -0.197E-02   20.00
 159   -79.0000    -300.000 0.1702   0.9839E-03  0.1691E-03 -0.9839E-03  0.0000E+00      -1  -0.197E-02   20.00
 160   -79.5000    -300.000 0.1702   0.9839E-03  0.1691E-03 -0.9839E-03  0.0000E+00      -1  -0.197E-02   20.00
 161   -80.0000    -300.000 0.1702   0.9839E-03  0.1691E-03 -0.9839E-03  0.0000E+00      -1  -0.197E-02   20.00
 162   -80.5000    -300.000 0.1702   0.9839E-03  0.1691E-03 -0.9839E-03  0.0000E+00      -1  -0.197E-02   20.00
 163   -81.0000    -300.000 0.1702   0.9839E-03  0.1691E-03 -0.9839E-03  0.0000E+00      -1  -0.197E-02   20.00
 164   -81.5000    -300.000 0.1702   0.9839E-03  0.1691E-03 -0.9839E-03  0.0000E+00      -1  -0.197E-02   20.00
 165   -82.0000    -300.000 0.1702   0.9839E-03  0.1691E-03 -0.9839E-03  0.0000E+00      -1  -0.197E-02   20.00
 166   -82.5000    -300.000 0.1702   0.9839E-03  0.1691E-03 -0.9839E-03  0.0000E+00      -1  -0.197E-02   20.00
 167   -83.0000    -300.000 0.1702   0.9839E-03  0.1691E-03 -0.9839E-03  0.0000E+00      -1  -0.197E-02   20.00
 168   -83.5000    -300.000 0.1702   0.9839E-03  0.1691E-03 -0.9839E-03  0.0000E+00      -1  -0.197E-02   20.00
 169   -84.0000    -300.000 0.1702   0.9839E-03  0.1691E-03 -0.9839E-03  0.0000E+00      -1  -0.197E-02   20.00
 170   -84.5000    -300.000 0.1702   0.9839E-03  0.1691E-03 -0.9839E-03  0.0000E+00      -1  -0.197E-02   20.00
 171   -85.0000    -300.000 0.1702   0.9839E-03  0.1691E-03 -0.9839E-03  0.0000E+00      -1  -0.197E-02   20.00
 172   -85.5000    -300.000 0.1702   0.9839E-03  0.1691E-03 -0.9839E-03  0.0000E+00      -1  -0.197E-02   20.00
 173   -86.0000    -300.000 0.1702   0.9839E-03  0.1691E-03 -0.9839E-03  0.0000E+00      -1  -0.197E-02   20.00
 174   -86.5000    -300.000 0.1702   0.9839E-03  0.1691E-03 -0.9839E-03  0.0000E+00      -1  -0.197E-02   20.00
 175   -87.0000    -300.000 0.1702   0.9839E-03  0.1691E-03 -0.9839E-03  0.0000E+00      -1  -0.197E-02   20.00
 176   -87.5000    -300.000 0.1702   0.9839E-03  0.1691E-03 -0.9839E-03  0.0000E+00      -1  -0.197E-02   20.00
 177   -88.0000    -300.000 0.1702   0.9839E-03  0.1691E-03 -0.9839E-03  0.0000E+00      -1  -0.197E-02   20.00
 178   -88.5000    -300.000 0.1702   0.9839E-03  0.1691E-03 -0.9839E-03  0.0000E+00      -1  -0.197E-02   20.00
 179   -89.0000    -300.000 0.1702   0.9839E-03  0.1691E-03 -0.9839E-03  0.0000E+00      -1  -0.197E-02   20.00
 180   -89.5000    -300.000 0.1702   0.9839E-03  0.1691E-03 -0.9839E-03  0.0000E+00      -1  -0.197E-02   20.00
 181   -90.0000    -300.000 0.1702   0.9839E-03  0.1691E-03 -0.9839E-03  0.0000E+00      -1  -0.197E-02   20.00
 182   -90.5000    -300.000 0.1702   0.9839E-03  0.1691E-03 -0.9839E-03  0.0000E+00      -1  -0.197E-02   20.00
 183   -91.0000    -300.000 0.1702   0.9839E-03  0.1691E-03 -0.9839E-03  0.0000E+00      -1  -0.197E-02   20.00
 184   -91.5000    -300.000 0.1702   0.9839E-03  0.1691E-03 -0.9839E-03  0.0000E+00      -1  -0.197E-02   20.00
 185   -92.0000    -300.000 0.1702   0.9839E-03  0.1691E-03 -0.9839E-03  0.0000E+00      -1  -0.197E-02   20.00
 186   -92.5000    -300.000 0.1702   0.9839E-03  0.1691E-03 -0.9839E-03  0.0000E+00      -1  -0.197E-02   20.00
 187   -93.0000    -300.000 0.1702   0.9839E-03  0.1691E-03 -0.9839E-03  0.0000E+00      -1  -0.197E-02   20.00
 188   -93.5000    -300.000 0.1702   0.9839E-03  0.1691E-03 -0.9839E-03  0.0000E+00      -1  -0.197E-02   20.00
 189   -94.0000    -300.000 0.1702   0.9839E-03  0.1691E-03 -0.9839E-03  0.0000E+00      -1  -0.197E-02   20.00
 190   -94.5000    -300.000 0.1702   0.9839E-03  0.1691E-03 -0.9839E-03  0.0000E+00      -1  -0.197E-02   20.00
 191   -95.0000    -300.000 0.1702   0.9839E-03  0.1691E-03 -0.9839E-03  0.0000E+00      -1  -0.197E-02   20.00
 192   -95.5000    -300.000 0.1702   0.9839E-03  0.1691E-03 -0.9839E-03  0.0000E+00      -1  -0.197E-02   20.00
 193   -96.0000    -300.000 0.1702   0.9839E-03  0.1691E-03 -0.9839E-03  0.0000E+00      -1  -0.197E-02   20.00
 194   -96.5000    -300.000 0.1702   0.9839E-03  0.1691E-03 -0.9839E-03  0.0000E+00      -1  -0.197E-02   20.00
 195   -97.0000    -300.000 0.1702   0.9839E-03  0.1691E-03 -0.9839E-03  0.0000E+00      -1  -0.197E-02   20.00
 196   -97.5000    -300.000 0.1702   0.9839E-03  0.1691E-03 -0.9839E-03  0.0000E+00      -1  -0.197E-02   20.00
 197   -98.0000    -300.000 0.1702   0.9839E-03  0.1691E-03 -0.9839E-03  0.0000E+00      -1  -0.197E-02   20.00
 198   -98.5000    -300.000 0.1702   0.9839E-03  0.1691E-03 -0.9839E-03  0.0000E+00      -1  -0.197E-02   20.00
 199   -99.0000    -300.000 0.1702   0.9839E-03  0.1691E-03 -0.9839E-03  0.0000E+00      -1  -0.197E-02   20.00
 200   -99.5000    -300.000 0.1702   0.9839E-03  0.1691E-03 -0.9839E-03  0.0000E+00      -1  -0.197E-02   20.00
 201  -100.0000    -300.000 0.1702   0.9839E-03  0.1691E-03 -0.9839E-03  0.0000E+00      -1  -0.197E-02   20.00
end


 Time:        0.1500


 Node      Depth      Head Moisture       K          C         Flux        Sink         Kappa   v/KsTop   Temp
           [L]        [L]    [-]        [L/T]      [1/L]      [L/T]        [1/T]         [-]      [-]      [C]

   1     0.0000       0.000 0.4300   0.5000E+00  0.0000E+00 -0.4461E+01  0.0000E+00      -1  -0.892E+01   20.00
   2    -0.5000      -6.181 0.4186   0.1677E+00  0.2694E-02 -0.4457E+01  0.0000E+00      -1  -0.891E+01   20.00
   3    -1.0000     -29.543 0.3477   0.1890E-01  0.2678E-02 -0.4420E+01  0.0000E+00      -1  -0.884E+01   20.00
   4    -1.5000     -35.923 0.3318   0.6187E+00  0.2371E-02 -0.4311E+01  0.0000E+00      -1  -0.862E+01   20.00
   5    -2.0000     -39.223 0.3243   0.4961E+00  0.2224E-02 -0.4153E+01  0.0000E+00      -1  -0.831E+01   20.00
   6    -2.5000     -43.274 0.3159   0.3980E+00  0.2058E-02 -0.3960E+01  0.0000E+00      -1  -0.792E+01   20.00
   7    -3.0000     -48.410 0.3055   0.2854E+00  0.1856E-02 -0.3732E+01  0.0000E+00      -1  -0.746E+01   20.00
   8    -3.5000     -55.218 0.2941   0.2091E+00  0.1643E-02 -0.3444E+01  0.0000E+00      -1  -0.689E+01   20.00
   9    -4.0000     -64.227 0.2806   0.1352E+00  0.1400E-02 -0.3066E+01  0.0000E+00      -1  -0.613E+01   20.00
  10    -4.5000     -77.249 0.2640   0.7613E-01  0.1125E-02 -0.2614E+01  0.0000E+00      -1  -0.523E+01   20.00
  11    -5.0000     -97.635 0.2443   0.3741E-01  0.8398E-03 -0.2087E+01  0.0000E+00      -1  -0.417E+01   20.00
  12    -5.5000    -131.198 0.2218   0.1550E-01  0.5715E-03 -0.1459E+01  0.0000E+00      -1  -0.292E+01   20.00
  13    -6.0000    -185.111 0.1978   0.4986E-02  0.3481E-03 -0.7849E+00  0.0000E+00      -1  -0.157E+01   20.00
  14    -6.5000    -251.830 0.1796   0.1781E-02  0.2210E-03 -0.2838E+00  0.0000E+00      -1  -0.568E+00   20.00
  15    -7.0000    -289.718 0.1722   0.1154E-02  0.1802E-03 -0.6625E-01  0.0000E+00      -1  -0.132E+00   20.00
  16    -7.5000    -298.369 0.1705   0.1011E-02  0.1709E-03 -0.1180E-01  0.0000E+00      -1  -0.236E-01   20.00
  17    -8.0000    -299.764 0.1703   0.9878E-03  0.1693E-03 -0.2588E-02  0.0000E+00      -1  -0.518E-02   20.00
  18    -8.5000    -299.967 0.1702   0.9845E-03  0.1691E-03 -0.1213E-02  0.0000E+00      -1  -0.243E-02   20.00
  19    -9.0000    -299.996 0.1702   0.9840E-03  0.1691E-03 -0.1016E-02  0.0000E+00      -1  -0.203E-02   20.00
  20    -9.5000    -299.999 0.1702   0.9839E-03  0.1691E-03 -0.9883E-03  0.0000E+00      -1  -0.198E-02   20.00
  21   -10.0000    -300.000 0.1702   0.9839E-03  0.1691E-03 -0.9845E-03  0.0000E+00      -1  -0.197E-02   20.00
  22   -10.5000    -300.000 0.1702   0.9839E-03  0.1691E-03 -0.9839E-03  0.0000E+00      -1  -0.197E-02   20.00
  23   -11.0000    -300.000 0.1702   0.9839E-03  0.1691E-03 -0.9839E-03  0.0000E+00      -1  -0.197E-02   20.00
  24   -11.5000    -300.000 0.1702   0.9839E-03  0.1691E-03 -0.9839E-03  0.0000E+00      -1  -0.197E-02   20.00
  25   -12.0000    -300.000 0.1702   0.9839E-03  0.1691E-03 -0.9839E-03  0.0000E+00      -1  -0.197E-02   20.00
  26   -12.5000    -300.000 0.1702   0.9839E-03  0.1691E-03 -0.9839E-03  0.0000E+00      -1  -0.197E-02   20.00
  27   -13.0000    -300.000 0.1702   0.9839E-03  0.1691E-03 -0.9839E-03  0.0000E+00      -1  -0.197E-02   20.00
  28   -13.5000    -300.000 0.1702   0.9839E-03  0.1691E-03 -0.9839E-03  0.0000E+00      -1  -0.197E-02   20.00
  29   -14.0000    -300.000 0.1702   0.9839E-03  0.1691E-03 -0.9839E-03  0.0000E+00      -1  -0.197E-02   20.00
  30   -14.5000    -300.000 0.1702   0.9839E-03  0.1691E-03 -0.9839E-03  0.0000E+00      -1  -0.197E-02   20.00
  31   -15.0000    -300.000 0.1702   0.9839E-03  0.1691E-03 -0.9839E-03  0.0000E+00      -1  -0.197E-02   20.00
  32   -15.5000    -300.000 0.1702   0.9839E-03  0.1691E-03 -0.9839E-03  0.0000E+00      -1  -0.197E-02   20.00
  33   -16.0000    -300.000 0.1702   0.9839E-03  0.1691E-03 -0.9839E-03  0.0000E+00      -1  -0.197E-02   20.00
  34   -16.5000    -300.000 0.1702   0.9839E-03  0.1691E-03 -0.9839E-03  0.0000E+00      -1  -0.197E-02   20.00
  35   -17.0000    -300.000 0.1702   0.9839E-03  0.1691E-03 -0.9839E-03  0.0000E+00      -1  -0.197E-02   20.00
  36   -17.5000    -300.000 0.1702   0.9839E-03  0.1691E-03 -0.9839E-03  0.0000E+00      -1  -0.197E-02   20.00
  37   -18.0000    -300.000 0.1702   0.9839E-03  0.1691E-03 -0.9839E-03  0.0000E+00      -1  -0.197E-02   20.00
  38   -18.5000    -300.000 0.1702   0.9839E-03  0.1691E-03 -0.9839E-03  0.0000E+00      -1  -0.197E-02   20.00
  39   -19.0000    -300.000 0.1702   0.9839E-03  0.1691E-03 -0.9839E-03  0.0000E+00      -1  -0.197E-02   20.00
  40   -19.5000    -300.000 0.1702   0.9839E-03  0.1691E-03 -0.9839E-03  0.0000E+00      -1  -0.197E-02   20.00
  41   -20.0000    -300.000 0.1702   0.9839E-03  0.1691E-03 -0.9839E-03  0.0000E+00      -1  -0.197E-02   20.00
  42   -20.5000    -300.000 0.1702   0.9839E-03  0.1691E-03 -0.9839E-03  0.0000E+00      -1  -0.197E-02   20.00
  43   -21.0000    -300.000 0.1702   0.9839E-03  0.1691E-03 -0.9839E-03  0.0000E+00      -1  -0.197E-02   20.00
  44   -21.5000    -300.000 0.1702   0.9839E-03  0.1691E-03 -0.9839E-03  0.0000E+00      -1  -0.197E-02   20.00
  45   -22.0000    -300.000 0.1702   0.9839E-03  0.1691E-03 -0.9839E-03  0.0000E+00      -1  -0.197E-02   20.00
  46   -22.5000    -300.000 0.1702   0.9839E-03  0.1691E-03 -0.9839E-03  0.0000E+00      -1  -0.197E-02   20.00
  47   -23.0000    -300.000 0.1702   0.9839E-03  0.1691E-03 -0.9839E-03  0.0000E+00      -1  -0.197E-02   20.00
  48   -23.5000    -300.000 0.1702   0.9839E-03  0.1691E-03 -0.9839E-03  0.0000E+00      -1  -0.197E-02   20.00
  49   -24.0000    -300.000 0.1702   0.9839E-03  0.1691E-03 -0.9839E-03  0.0000E+00      -1  -0.197E-02   20.00
  50   -24.5000    -300.000 0.1702   0.9839E-03  0.1691E-03 -0.9839E-03  0.0000E+00      -1  -0.197E-02   20.00
  51   -25.0000    -300.000 0.1702   0.9839E-03  0.1691E-03 -0.9839E-03  0.0000E+00      -1  -0.197E-02   20.00
  52   -25.5000    -300.000 0.1702   0.9839E-03  0.1691E-03 -0.9839E-03  0.0000E+00      -1  -0.197E-02   20.00
  53   -26.0000    -300.000 0.1702   0.9839E-03  0.1691E-03 -0.9839E-03  0.0000E+00      -1  -0.197E-02   20.00
  54   -26.5000    -300.000 0.1702   0.9839E-03  0.1691E-03 -0.9839E-03  0.0000E+00      -1  -0.197E-02   20.00
  55   -27.0000    -300.000 0.1702   0.9839E-03  0.1691E-03 -0.9839E-03  0.0000E+00      -1  -0.197E-02   20.00
  56   -27.5000    -300.000 0.1702   0.9839E-03  0.1691E-03 -0.9839E-03  0.0000E+00      -1  -0.197E-02   20.00
  57   -28.0000    -300.000 0.1702   0.9839E-03  0.1691E-03 -0.9839E-03  0.0000E+00      -1  -0.197E-02   20.00
  58   -28.5000    -300.000 0.1702   0.9839E-03  0.1691E-03 -0.9839E-03  0.0000E+00      -1  -0.197E-02   20.00
  59   -29.0000    -300.000 0.1702   0.9839E-03  0.1691E-03 -0.9839E-03  0.0000E+00      -1  -0.197E-02   20.00
  60   -29.5000    -300.000 0.1702   0.9839E-03  0.1691E-03 -0.9839E-03  0.0000E+00      -1  -0.197E-02   20.00
  61   -30.0000    -300.000 0.1702   0.9839E-03  0.1691E-03 -0.9839E-03  0.0000E+00      -1  -0.197E-02   20.00
  62   -30.5000    -300.000 0.1702   0.9839E-03  0.1691E-03 -0.9839E-03  0.0000E+00      -1  -0.197E-02   20.00
  63   -31.0000    -300.000 0.1702   0.9839E-03  0.1691E-03 -0.9839E-03  0.0000E+00      -1  -0.197E-02   20.00
  64   -31.5000    -300.000 0.1702   0.9839E-03  0.1691E-03 -0.9839E-03  0.0000E+00      -1  -0.197E-02   20.00
  65   -32.0000    -300.000 0.1702   0.9839E-03  0.1691E-03 -0.9839E-03  0.0000E+00      -1  -0.197E-02   20.00
  66   -32.5000    -300.000 0.1702   0.9839E-03  0.1691E-03 -0.9839E-03  0.0000E+00      -1  -0.197E-02   20.00
  67   -33.0000    -300.000 0.1702   0.9839E-03  0.1691E-03 -0.9839E-03  0.0000E+00      -1  -0.197E-02   20.00
  68   -33.5000    -300.000 0.1702   0.9839E-03  0.1691E-03 -0.9839E-03  0.0000E+00      -1  -0.197E-02   20.00
  69   -34.0000    -300.000 0.1702   0.9839E-03  0.1691E-03 -0.9839E-03  0.0000E+00      -1  -0.197E-02   20.00
  70   -34.5000    -300.000 0.1702   0.9839E-03  0.1691E-03 -0.9839E-03  0.0000E+00      -1  -0.197E-02   20.00
  71   -35.0000    -300.000 0.1702   0.9839E-03  0.1691E-03 -0.9839E-03  0.0000E+00      -1  -0.197E-02   20.00
  72   -35.5000    -300.000 0.1702   0.9839E-03  0.1691E-03 -0.9839E-03  0.0000E+00      -1  -0.197E-02   20.00
  73   -36.0000    -300.000 0.1702   0.9839E-03  0.1691E-03 -0.9839E-03  0.0000E+00      -1  -0.197E-02   20.00
  74   -36.5000    -300.000 0.1702   0.9839E-03  0.1691E-03 -0.9839E-03  0.0000E+00      -1  -0.197E-02   20.00
  75   -37.0000    -300.000 0.1702   0.9839E-03  0.1691E-03 -0.9839E-03  0.0000E+00      -1  -0.197E-02   20.00
  76   -37.5000    -300.000 0.1702   0.9839E-03  0.1691E-03 -0.9839E-03  0.0000E+00      -1  -0.197E-02   20.00
  77   -38.0000    -300.000 0.1702   0.9839E-03  0.1691E-03 -0.9839E-03  0.0000E+00      -1  -0.197E-02   20.00
  78   -38.5000    -300.000 0.1702   0.9839E-03  0.1691E-03 -0.9839E-03  0.0000E+00      -1  -0.197E-02   20.00
  79   -39.0000    -300.000 0.1702   0.9839E-03  0.1691E-03 -0.9839E-03  0.0000E+00      -1  -0.197E-02   20.00
  80   -39.5000    -300.000 0.1702   0.9839E-03  0.1691E-03 -0.9839E-03  0.0000E+00      -1  -0.197E-02   20.00
  81   -40.0000    -300.000 0.1702   0.9839E-03  0.1691E-03 -0.9839E-03  0.0000E+00      -1  -0.197E-02   20.00
  82   -40.5000    -300.000 0.1702   0.9839E-03  0.1691E-03 -0.9839E-03  0.0000E+00      -1  -0.197E-02   20.00
  83   -41.0000    -300.000 0.1702   0.9839E-03  0.1691E-03 -0.9839E-03  0.0000E+00      -1  -0.197E-02   20.00
  84   -41.5000    -300.000 0.1702   0.9839E-03  0.1691E-03 -0.9839E-03  0.0000E+00      -1  -0.197E-02   20.00
  85   -42.0000    -300.000 0.1702   0.9839E-03  0.1691E-03 -0.9839E-03  0.0000E+00      -1  -0.197E-02   20.00
  86   -42.5000    -300.000 0.1702   0.9839E-03  0.1691E-03 -0.9839E-03  0.0000E+00      -1  -0.197E-02   20.00
  87   -43.0000    -300.000 0.1702   0.9839E-03  0.1691E-03 -0.9839E-03  0.0000E+00      -1  -0.197E-02   20.00
  88   -43.5000    -300.000 0.1702   0.9839E-03  0.1691E-03 -0.9839E-03  0.0000E+00      -1  -0.197E-02   20.00
  89   -44.0000    -300.000 0.1702   0.9839E-03  0.1691E-03 -0.9839E-03  0.0000E+00      -1  -0.197E-02   20.00
  90   -44.5000    -300.000 0.1702   0.9839E-03  0.1691E-03 -0.9839E-03  0.0000E+00      -1  -0.197E-02   20.00
  91   -45.0000    -300.000 0.1702   0.9839E-03  0.1691E-03 -0.9839E-03  0.0000E+00      -1  -0.197E-02   20.00
  92   -45.5000    -300.000 0.1702   0.9839E-03  0.1691E-03 -0.9839E-03  0.0000E+00      -1  -0.197E-02   20.00
  93   -46.0000    -300.000 0.1702   0.9839E-03  0.1691E-03 -0.9839E-03  0.0000E+00      -1  -0.197E-02   20.00
  94   -46.5000    -300.000 0.1702   0.9839E-03  0.1691E-03 -0.9839E-03  0.0000E+00      -1  -0.197E-02   20.00
  95   -47.0000    -300.000 0.1702   0.9839E-03  0.1691E-03 -0.9839E-03  0.0000E+00      -1  -0.197E-02   20.00
  96   -47.5000    -300.000 0.1702   0.9839E-03  0.1691E-03 -0.9839E-03  0.0000E+00      -1  -0.197E-02   20.00
  97   -48.0000    -300.000 0.1702   0.9839E-03  0.1691E-03 -0.9839E-03  0.0000E+00      -1  -0.197E-02   20.00
  98   -48.5000    -300.000 0.1702   0.9839E-03  0.1691E-03 -0.9839E-03  0.0000E+00      -1  -0.197E-02   20.00
  99   -49.0000    -300.000 0.1702   0.9839E-03  0.1691E-03 -0.9839E-03  0.0000E+00      -1  -0.197E-02   20.00
 100   -49.5000    -300.000 0.1702   0.9839E-03  0.1691E-03 -0.9839E-03  0.0000E+00      -1  -0.197E-02   20.00
 101   -50.0000    -300.000 0.1702   0.9839E-03  0.1691E-03 -0.9839E-03  0.0000E+00      -1  -0.197E-02   20.00
 102   -50.5000    -300.000 0.1702   0.9839E-03  0.1691E-03 -0.9839E-03  0.0000E+00      -1  -0.197E-02   20.00
 103   -51.0000    -300.000 0.1702   0.9839E-03  0.1691E-03 -0.9839E-03  0.0000E+00      -1  -0.197E-02   20.00
 104   -51.5000    -300.000 0.1702   0.9839E-03  0.1691E-03 -0.9839E-03  0.0000E+00      -1  -0.197E-02   20.00
 105   -52.0000    -300.000 0.1702   0.9839E-03  0.1691E-03 -0.9839E-03  0.0000E+00      -1  -0.197E-02   20.00
 106   -52.5000    -300.000 0.1702   0.9839E-03  0.1691E-03 -0.9839E-03  0.0000E+00      -1  -0.197E-02   20.00
 107   -53.0000    -300.000 0.1702   0.9839E-03  0.1691E-03 -0.9839E-03  0.0000E+00      -1  -0.197E-02   20.00
 108   -53.5000    -300.000 0.1702   0.9839E-03  0.1691E-03 -0.9839E-03  0.0000E+00      -1  -0.197E-02   20.00
 109   -54.0000    -300.000 0.1702   0.9839E-03  0.1691E-03 -0.9839E-03  0.0000E+00      -1  -0.197E-02   20.00
 110   -54.5000    -300.000 0.1702   0.9839E-03  0.1691E-03 -0.9839E-03  0.0000E+00      -1  -0.197E-02   20.00
 111   -55.0000    -300.000 0.1702   0.9839E-03  0.1691E-03 -0.9839E-03  0.0000E+00      -1  -0.197E-02   20.00
 112   -55.5000    -300.000 0.1702   0.9839E-03  0.1691E-03 -0.9839E-03  0.0000E+00      -1  -0.197E-02   20.00
 113   -56.0000    -300.000 0.1702   0.9839E-03  0.1691E-03 -0.9839E-03  0.0000E+00      -1  -0.197E-02   20.00
 114   -56.5000    -300.000 0.1702   0.9839E-03  0.1691E-03 -0.9839E-03  0.0000E+00      -1  -0.197E-02   20.00
 115   -57.0000    -300.000 0.1702   0.9839E-03  0.1691E-03 -0.9839E-03  0.0000E+00      -1  -0.197E-02   20.00
 116   -57.5000    -300.000 0.1702   0.9839E-03  0.1691E-03 -0.9839E-03  0.0000E+00      -1  -0.197E-02   20.00
 117   -58.0000    -300.000 0.1702   0.9839E-03  0.1691E-03 -0.9839E-03  0.0000E+00      -1  -0.197E-02   20.00
 118   -58.5000    -300.000 0.1702   0.9839E-03  0.1691E-03 -0.9839E-03  0.0000E+00      -1  -0.197E-02   20.00
 119   -59.0000    -300.000 0.1702   0.9839E-03  0.1691E-03 -0.9839E-03  0.0000E+00      -1  -0.197E-02   20.00
 120   -59.5000    -300.000 0.1702   0.9839E-03  0.1691E-03 -0.9839E-03  0.0000E+00      -1  -0.197E-02   20.00
 121   -60.0000    -300.000 0.1702   0.9839E-03  0.1691E-03 -0.9839E-03  0.0000E+00      -1  -0.197E-02   20.00
 122   -60.5000    -300.000 0.1702   0.9839E-03  0.1691E-03 -0.9839E-03  0.0000E+00      -1  -0.197E-02   20.00
 123   -61.0000    -300.000 0.1702   0.9839E-03  0.1691E-03 -0.9839E-03  0.0000E+00      -1  -0.197E-02   20.00
 124   -61.5000    -300.000 0.1702   0.9839E-03  0.1691E-03 -0.9839E-03  0.0000E+00      -1  -0.197E-02   20.00
 125   -62.0000    -300.000 0.1702   0.9839E-03  0.1691E-03 -0.9839E-03  0.0000E+00      -1  -0.197E-02   20.00
 126   -62.5000    -300.000 0.1702   0.9839E-03  0.1691E-03 -0.9839E-03  0.0000E+00      -1  -0.197E-02   20.00
 127   -63.0000    -300.000 0.1702   0.9839E-03  0.1691E-03 -0.9839E-03  0.0000E+00      -1  -0.197E-02   20.00
 128   -63.5000    -300.000 0.1702   0.9839E-03  0.1691E-03 -0.9839E-03  0.0000E+00      -1  -0.197E-02   20.00
 129   -64.0000    -300.000 0.1702   0.9839E-03  0.1691E-03 -0.9839E-03  0.0000E+00      -1  -0.197E-02   20.00
 130   -64.5000    -300.000 0.1702   0.9839E-03  0.1691E-03 -0.9839E-03  0.0000E+00      -1  -0.197E-02   20.00
 131   -65.0000    -300.000 0.1702   0.9839E-03  0.1691E-03 -0.9839E-03  0.0000E+00      -1  -0.197E-02   20.00
 132   -65.5000    -300.000 0.1702   0.9839E-03  0.1691E-03 -0.9839E-03  0.0000E+00      -1  -0.197E-02   20.00
 133   -66.0000    -300.000 0.1702   0.9839E-03  0.1691E-03 -0.9839E-03  0.0000E+00      -1  -0.197E-02   20.00
 134   -66.5000    -300.000 0.1702   0.9839E-03  0.1691E-03 -0.9839E-03  0.0000E+00      -1  -0.197E-02   20.00
 135   -67.0000    -300.000 0.1702   0.9839E-03  0.1691E-03 -0.9839E-03  0.0000E+00      -1  -0.197E-02   20.00
 136   -67.5000    -300.000 0.1702   0.9839E-03  0.1691E-03 -0.9839E-03  0.0000E+00      -1  -0.197E-02   20.00
 137   -68.0000    -300.000 0.1702   0.9839E-03  0.1691E-03 -0.9839E-03  0.0000E+00      -1  -0.197E-02   20.00
 138   -68.5000    -300.000 0.1702   0.9839E-03  0.1691E-03 -0.9839E-03  0.0000E+00      -1  -0.197E-02   20.00
 139   -69.0000    -300.000 0.1702   0.9839E-03  0.1691E-03 -0.9839E-03  0.0000E+00      -1  -0.197E-02   20.00
 140   -69.5000    -300.000 0.1702   0.9839E-03  0.1691E-03 -0.9839E-03  0.0000E+00      -1  -0.197E-02   20.00
 141   -70.0000    -300.000 0.1702   0.9839E-03  0.1691E-03 -0.9839E-03  0.0000E+00      -1  -0.197E-02   20.00
 142   -70.5000    -300.000 0.1702   0.9839E-03  0.1691E-03 -0.9839E-03  0.0000E+00      -1  -0.197E-02   20.00
 143   -71.0000    -300.000 0.1702   0.9839E-03  0.1691E-03 -0.9839E-03  0.0000E+00      -1  -0.197E-02   20.00
 144   -71.5000    -300.000 0.1702   0.9839E-03  0.1691E-03 -0.9839E-03  0.0000E+00      -1  -0.197E-02   20.00
 145   -72.0000    -300.000 0.1702   0.9839E-03  0.1691E-03 -0.9839E-03  0.0000E+00      -1  -0.197E-02   20.00
 146   -72.5000    -300.000 0.1702   0.9839E-03  0.1691E-03 -0.9839E-03  0.0000E+00      -1  -0.197E-02   20.00
 147   -73.0000    -300.000 0.1702   0.9839E-03  0.1691E-03 -0.9839E-03  0.0000E+00      -1  -0.197E-02   20.00
 148   -73.5000    -300.000 0.1702   0.9839E-03  0.1691E-03 -0.9839E-03  0.0000E+00      -1  -0.197E-02   20.00
 149   -74.0000    -300.000 0.1702   0.9839E-03  0.1691E-03 -0.9839E-03  0.0000E+00      -1  -0.197E-02   20.00
 150   -74.5000    -300.000 0.1702   0.9839E-03  0.1691E-03 -0.9839E-03  0.0000E+00      -1  -0.197E-02   20.00
 151   -75.0000    -300.000 0.1702   0.9839E-03  0.1691E-03 -0.9839E-03  0.0000E+00      -1  -0.197E-02   20.00
 152   -75.5000    -300.000 0.1702   0.9839E-03  0.1691E-03 -0.9839E-03  0.0000E+00      -1  -0.197E-02   20.00
 153   -76.0000    -300.000 0.1702   0.9839E-03  0.1691E-03 -0.9839E-03  0.0000E+00      -1  -0.197E-02   20.00
 154   -76.5000    -300.000 0.1702   0.9839E-03  0.1691E-03 -0.9839E-03  0.0000E+00      -1  -0.197E-02   20.00
 155   -77.0000    -300.000 0.1702   0.9839E-03  0.1691E-03 -0.9839E-03  0.0000E+00      -1  -0.197E-02   20.00
 156   -77.5000    -300.000 0.1702   0.9839E-03  0.1691E-03 -0.9839E-03  0.0000E+00      -1  -0.197E-02   20.00
 157   -78.0000    -300.000 0.1702   0.9839E-03  0.1691E-03 -0.9839E-03  0.0000E+00      -1  -0.197E-02   20.00
 158   -78.5000    -300.000 0.1702   0.9839E-03  0.1691E-03 -0.9839E-03  0.0000E+00      -1  -0.197E-02   20.00
 159   -79.0000    -300.000 0.1702   0.9839E-03  0.1691E-03 -0.9839E-03  0.0000E+00      -1  -0.197E-02   20.00
 160   -79.5000    -300.000 0.1702   0.9839E-03  0.1691E-03 -0.9839E-03  0.0000E+00      -1  -0.197E-02   20.00
 161   -80.0000    -300.000 0.1702   0.9839E-03  0.1691E-03 -0.9839E-03  0.0000E+00      -1  -0.197E-02   20.00
 162   -80.5000    -300.000 0.1702   0.9839E-03  0.1691E-03 -0.9839E-03  0.0000E+00      -1  -0.197E-02   20.00
 163   -81.0000    -300.000 0.1702   0.9839E-03  0.1691E-03 -0.9839E-03  0.0000E+00      -1  -0.197E-02   20.00
 164   -81.5000    -300.000 0.1702   0.9839E-03  0.1691E-03 -0.9839E-03  0.0000E+00      -1  -0.197E-02   20.00
 165   -82.0000    -300.000 0.1702   0.9839E-03  0.1691E-03 -0.9839E-03  0.0000E+00      -1  -0.197E-02   20.00
 166   -82.5000    -300.000 0.1702   0.9839E-03  0.1691E-03 -0.9839E-03  0.0000E+00      -1  -0.197E-02   20.00
 167   -83.0000    -300.000 0.1702   0.9839E-03  0.1691E-03 -0.9839E-03  0.0000E+00      -1  -0.197E-02   20.00
 168   -83.5000    -300.000 0.1702   0.9839E-03  0.1691E-03 -0.9839E-03  0.0000E+00      -1  -0.197E-02   20.00
 169   -84.0000    -300.000 0.1702   0.9839E-03  0.1691E-03 -0.9839E-03  0.0000E+00      -1  -0.197E-02   20.00
 170   -84.5000    -300.000 0.1702   0.9839E-03  0.1691E-03 -0.9839E-03  0.0000E+00      -1  -0.197E-02   20.00
 171   -85.0000    -300.000 0.1702   0.9839E-03  0.1691E-03 -0.9839E-03  0.0000E+00      -1  -0.197E-02   20.00
 172   -85.5000    -300.000 0.1702   0.9839E-03  0.1691E-03 -0.9839E-03  0.0000E+00      -1  -0.197E-02   20.00
 173   -86.0000    -300.000 0.1702   0.9839E-03  0.1691E-03 -0.9839E-03  0.0000E+00      -1  -0.197E-02   20.00
 174   -86.5000    -300.000 0.1702   0.9839E-03  0.1691E-03 -0.9839E-03  0.0000E+00      -1  -0.197E-02   20.00
 175   -87.0000    -300.000 0.1702   0.9839E-03  0.1691E-03 -0.9839E-03  0.0000E+00      -1  -0.197E-02   20.00
 176   -87.5000    -300.000 0.1702   0.9839E-03  0.1691E-03 -0.9839E-03  0.0000E+00      -1  -0.197E-02   20.00
 177   -88.0000    -300.000 0.1702   0.9839E-03  0.1691E-03 -0.9839E-03  0.0000E+00      -1  -0.197E-02   20.00
 178   -88.5000    -300.000 0.1702   0.9839E-03  0.1691E-03 -0.9839E-03  0.0000E+00      -1  -0.197E-02   20.00
 179   -89.0000    -300.000 0.1702   0.9839E-03  0.1691E-03 -0.9839E-03  0.0000E+00      -1  -0.197E-02   20.00
 180   -89.5000    -300.000 0.1702   0.9839E-03  0.1691E-03 -0.9839E-03  0.0000E+00      -1  -0.197E-02   20.00
 181   -90.0000    -300.000 0.1702   0.9839E-03  0.1691E-03 -0.9839E-03  0.0000E+00      -1  -0.197E-02   20.00
 182   -90.5000    -300.000 0.1702   0.9839E-03  0.1691E-03 -0.9839E-03  0.0000E+00      -1  -0.197E-02   20.00
 183   -91.0000    -300.000 0.1702   0.9839E-03  0.1691E-03 -0.9839E-03  0.0000E+00      -1  -0.197E-02   20.00
 184   -91.5000    -300.000 0.1702   0.9839E-03  0.1691E-03 -0.9839E-03  0.0000E+00      -1  -0.197E-02   20.00
 185   -92.0000    -300.000 0.1702   0.9839E-03  0.1691E-03 -0.9839E-03  0.0000E+00      -1  -0.197E-02   20.00
 186   -92.5000    -300.000 0.1702   0.9839E-03  0.1691E-03 -0.9839E-03  0.0000E+00      -1  -0.197E-02   20.00
 187   -93.0000    -300.000 0.1702   0.9839E-03  0.1691E-03 -0.9839E-03  0.0000E+00      -1  -0.197E-02   20.00
 188   -93.5000    -300.000 0.1702   0.9839E-03  0.1691E-03 -0.9839E-03  0.0000E+00      -1  -0.197E-02   20.00
 189   -94.0000    -300.000 0.1702   0.9839E-03  0.1691E-03 -0.9839E-03  0.0000E+00      -1  -0.197E-02   20.00
 190   -94.5000    -300.000 0.1702   0.9839E-03  0.1691E-03 -0.9839E-03  0.0000E+00      -1  -0.197E-02   20.00
 191   -95.0000    -300.000 0.1702   0.9839E-03  0.1691E-03 -0.9839E-03  0.0000E+00      -1  -0.197E-02   20.00
 192   -95.5000    -300.000 0.1702   0.9839E-03  0.1691E-03 -0.9839E-03  0.0000E+00      -1  -0.197E-02   20.00
 193   -96.0000    -300.000 0.1702   0.9839E-03  0.1691E-03 -0.9839E-03  0.0000E+00      -1  -0.197E-02   20.00
 194   -96.5000    -300.000 0.1702   0.9839E-03  0.1691E-03 -0.9839E-03  0.0000E+00      -1  -0.197E-02   20.00
 195   -97.0000    -300.000 0.1702   0.9839E-03  0.1691E-03 -0.9839E-03  0.0000E+00      -1  -0.197E-02   20.00
 196   -97.5000    -300.000 0.1702   0.9839E-03  0.1691E-03 -0.9839E-03  0.0000E+00      -1  -0.197E-02   20.00
 197   -98.0000    -300.000 0.1702   0.9839E-03  0.1691E-03 -0.9839E-03  0.0000E+00      -1  -0.197E-02   20.00
 198   -98.5000    -300.000 0.1702   0.9839E-03  0.1691E-03 -0.9839E-03  0.0000E+00      -1  -0.197E-02   20.00
 199   -99.0000    -300.000 0.1702   0.9839E-03  0.1691E-03 -0.9839E-03  0.0000E+00      -1  -0.197E-02   20.00
 200   -99.5000    -300.000 0.1702   0.9839E-03  0.1691E-03 -0.9839E-03  0.0000E+00      -1  -0.197E-02   20.00
 201  -100.0000    -300.000 0.1702   0.9839E-03  0.1691E-03 -0.9839E-03  0.0000E+00      -1  -0.197E-02   20.00
end


 Time:        0.2000


 Node      Depth      Head Moisture       K          C         Flux        Sink         Kappa   v/KsTop   Temp
           [L]        [L]    [-]        [L/T]      [1/L]      [L/T]        [1/T]         [-]      [-]      [C]

   1     0.0000       0.000 0.4300   0.5000E+00  0.0000E+00 -0.4287E+01  0.0000E+00      -1  -0.857E+01   20.00
   2    -0.5000      -5.863 0.4195   0.1738E+00  0.2647E-02 -0.4283E+01  0.0000E+00      -1  -0.857E+01   20.00
   3    -1.0000     -27.052 0.3547   0.2347E-01  0.2800E-02 -0.4246E+01  0.0000E+00      -1  -0.849E+01   20.00
   4    -1.5000     -31.444 0.3429   0.8378E+00  0.2587E-02 -0.4170E+01  0.0000E+00      -1  -0.834E+01   20.00
   5    -2.0000     -33.569 0.3376   0.7338E+00  0.2484E-02 -0.4073E+01  0.0000E+00      -1  -0.815E+01   20.00
   6    -2.5000     -36.056 0.3315   0.6122E+00  0.2365E-02 -0.3952E+01  0.0000E+00      -1  -0.790E+01   20.00
   7    -3.0000     -39.048 0.3246   0.5004E+00  0.2231E-02 -0.3812E+01  0.0000E+00      -1  -0.762E+01   20.00
   8    -3.5000     -42.641 0.3172   0.4133E+00  0.2084E-02 -0.3650E+01  0.0000E+00      -1  -0.730E+01   20.00
   9    -4.0000     -47.093 0.3079   0.3055E+00  0.1901E-02 -0.3455E+01  0.0000E+00      -1  -0.691E+01   20.00
  10    -4.5000     -52.776 0.2982   0.2364E+00  0.1719E-02 -0.3222E+01  0.0000E+00      -1  -0.644E+01   20.00
  11    -5.0000     -60.180 0.2859   0.1550E+00  0.1489E-02 -0.2963E+01  0.0000E+00      -1  -0.593E+01   20.00
  12    -5.5000     -70.619 0.2722   0.1040E+00  0.1259E-02 -0.2651E+01  0.0000E+00      -1  -0.530E+01   20.00
  13    -6.0000     -85.185 0.2561   0.6002E-01  0.1009E-02 -0.2248E+01  0.0000E+00      -1  -0.450E+01   20.00
  14    -6.5000    -107.285 0.2372   0.2956E-01  0.7514E-03 -0.1756E+01  0.0000E+00      -1  -0.351E+01   20.00
  15    -7.0000    -142.677 0.2156   0.1187E-01  0.5076E-03 -0.1178E+01  0.0000E+00      -1  -0.236E+01   20.00
  16    -7.5000    -197.071 0.1938   0.3954E-02  0.3164E-03 -0.6074E+00  0.0000E+00      -1  -0.121E+01   20.00
  17    -8.0000    -258.036 0.1784   0.1679E-02  0.2144E-03 -0.2193E+00  0.0000E+00      -1  -0.439E+00   20.00
  18    -8.5000    -290.186 0.1721   0.1147E-02  0.1797E-03 -0.5536E-01  0.0000E+00      -1  -0.111E+00   20.00
  19    -9.0000    -298.223 0.1706   0.1013E-02  0.1710E-03 -0.1120E-01  0.0000E+00      -1  -0.224E-01   20.00
  20    -9.5000    -299.705 0.1703   0.9888E-03  0.1694E-03 -0.2722E-02  0.0000E+00      -1  -0.544E-02   20.00
  21   -10.0000    -299.952 0.1702   0.9847E-03  0.1691E-03 -0.1269E-02  0.0000E+00      -1  -0.254E-02   20.00
  22   -10.5000    -299.993 0.1702   0.9840E-03  0.1691E-03 -0.1030E-02  0.0000E+00      -1  -0.206E-02   20.00
  23   -11.0000    -299.999 0.1702   0.9839E-03  0.1691E-03 -0.9912E-03  0.0000E+00      -1  -0.198E-02   20.00
  24   -11.5000    -300.000 0.1702   0.9839E-03  0.1691E-03 -0.9850E-03  0.0000E+00      -1  -0.197E-02   20.00
  25   -12.0000    -300.000 0.1702   0.9839E-03  0.1691E-03 -0.9840E-03  0.0000E+00      -1  -0.197E-02   20.00
  26   -12.5000    -300.000 0.1702   0.9839E-03  0.1691E-03 -0.9839E-03  0.0000E+00      -1  -0.197E-02   20.00
  27   -13.0000    -300.000 0.1702   0.9839E-03  0.1691E-03 -0.9839E-03  0.0000E+00      -1  -0.197E-02   20.00
  28   -13.5000    -300.000 0.1702   0.9839E-03  0.1691E-03 -0.9839E-03  0.0000E+00      -1  -0.197E-02   20.00
  29   -14.0000    -300.000 0.1702   0.9839E-03  0.1691E-03 -0.9839E-03  0.0000E+00      -1  -0.197E-02   20.00
  30   -14.5000    -300.000 0.1702   0.9839E-03  0.1691E-03 -0.9839E-03  0.0000E+00      -1  -0.197E-02   20.00
  31   -15.0000    -300.000 0.1702   0.9839E-03  0.1691E-03 -0.9839E-03  0.0000E+00      -1  -0.197E-02   20.00
  32   -15.5000    -300.000 0.1702   0.9839E-03  0.1691E-03 -0.9839E-03  0.0000E+00      -1  -0.197E-02   20.00
  33   -16.0000    -300.000 0.1702   0.9839E-03  0.1691E-03 -0.9839E-03  0.0000E+00      -1  -0.197E-02   20.00
  34   -16.5000    -300.000 0.1702   0.9839E-03  0.1691E-03 -0.9839E-03  0.0000E+00      -1  -0.197E-02   20.00
  35   -17.0000    -300.000 0.1702   0.9839E-03  0.1691E-03 -0.9839E-03  0.0000E+00      -1  -0.197E-02   20.00
  36   -17.5000    -300.000 0.1702   0.9839E-03  0.1691E-03 -0.9839E-03  0.0000E+00      -1  -0.197E-02   20.00
  37   -18.0000    -300.000 0.1702   0.9839E-03  0.1691E-03 -0.9839E-03  0.0000E+00      -1  -0.197E-02   20.00
  38   -18.5000    -300.000 0.1702   0.9839E-03  0.1691E-03 -0.9839E-03  0.0000E+00      -1  -0.197E-02   20.00
  39   -19.0000    -300.000 0.1702   0.9839E-03  0.1691E-03 -0.9839E-03  0.0000E+00      -1  -0.197E-02   20.00
  40   -19.5000    -300.000 0.1702   0.9839E-03  0.1691E-03 -0.9839E-03  0.0000E+00      -1  -0.197E-02   20.00
  41   -20.0000    -300.000 0.1702   0.9839E-03  0.1691E-03 -0.9839E-03  0.0000E+00      -1  -0.197E-02   20.00
  42   -20.5000    -300.000 0.1702   0.9839E-03  0.1691E-03 -0.9839E-03  0.0000E+00      -1  -0.197E-02   20.00
  43   -21.0000    -300.000 0.1702   0.9839E-03  0.1691E-03 -0.9839E-03  0.0000E+00      -1  -0.197E-02   20.00
  44   -21.5000    -300.000 0.1702   0.9839E-03  0.1691E-03 -0.9839E-03  0.0000E+00      -1  -0.197E-02   20.00
  45   -22.0000    -300.000 0.1702   0.9839E-03  0.1691E-03 -0.9839E-03  0.0000E+00      -1  -0.197E-02   20.00
  46   -22.5000    -300.000 0.1702   0.9839E-03  0.1691E-03 -0.9839E-03  0.0000E+00      -1  -0.197E-02   20.00
  47   -23.0000    -300.000 0.1702   0.9839E-03  0.1691E-03 -0.9839E-03  0.0000E+00      -1  -0.197E-02   20.00
  48   -23.5000    -300.000 0.1702   0.9839E-03  0.1691E-03 -0.9839E-03  0.0000E+00      -1  -0.197E-02   20.00
  49   -24.0000    -300.000 0.1702   0.9839E-03  0.1691E-03 -0.9839E-03  0.0000E+00      -1  -0.197E-02   20.00
  50   -24.5000    -300.000 0.1702   0.9839E-03  0.1691E-03 -0.9839E-03  0.0000E+00      -1  -0.197E-02   20.00
  51   -25.0000    -300.000 0.1702   0.9839E-03  0.1691E-03 -0.9839E-03  0.0000E+00      -1  -0.197E-02   20.00
  52   -25.5000    -300.000 0.1702   0.9839E-03  0.1691E-03 -0.9839E-03  0.0000E+00      -1  -0.197E-02   20.00
  53   -26.0000    -300.000 0.1702   0.9839E-03  0.1691E-03 -0.9839E-03  0.0000E+00      -1  -0.197E-02   20.00
  54   -26.5000    -300.000 0.1702   0.9839E-03  0.1691E-03 -0.9839E-03  0.0000E+00      -1  -0.197E-02   20.00
  55   -27.0000    -300.000 0.1702   0.9839E-03  0.1691E-03 -0.9839E-03  0.0000E+00      -1  -0.197E-02   20.00
  56   -27.5000    -300.000 0.1702   0.9839E-03  0.1691E-03 -0.9839E-03  0.0000E+00      -1  -0.197E-02   20.00
  57   -28.0000    -300.000 0.1702   0.9839E-03  0.1691E-03 -0.9839E-03  0.0000E+00      -1  -0.197E-02   20.00
  58   -28.5000    -300.000 0.1702   0.9839E-03  0.1691E-03 -0.9839E-03  0.0000E+00      -1  -0.197E-02   20.00
  59   -29.0000    -300.000 0.1702   0.9839E-03  0.1691E-03 -0.9839E-03  0.0000E+00      -1  -0.197E-02   20.00
  60   -29.5000    -300.000 0.1702   0.9839E-03  0.1691E-03 -0.9839E-03  0.0000E+00      -1  -0.197E-02   20.00
  61   -30.0000    -300.000 0.1702   0.9839E-03  0.1691E-03 -0.9839E-03  0.0000E+00      -1  -0.197E-02   20.00
  62   -30.5000    -300.000 0.1702   0.9839E-03  0.1691E-03 -0.9839E-03  0.0000E+00      -1  -0.197E-02   20.00
  63   -31.0000    -300.000 0.1702   0.9839E-03  0.1691E-03 -0.9839E-03  0.0000E+00      -1  -0.197E-02   20.00
  64   -31.5000    -300.000 0.1702   0.9839E-03  0.1691E-03 -0.9839E-03  0.0000E+00      -1  -0.197E-02   20.00
  65   -32.0000    -300.000 0.1702   0.9839E-03  0.1691E-03 -0.9839E-03  0.0000E+00      -1  -0.197E-02   20.00
  66   -32.5000    -300.000 0.1702   0.9839E-03  0.1691E-03 -0.9839E-03  0.0000E+00      -1  -0.197E-02   20.00
  67   -33.0000    -300.000 0.1702   0.9839E-03  0.1691E-03 -0.9839E-03  0.0000E+00      -1  -0.197E-02   20.00
  68   -33.5000    -300.000 0.1702   0.9839E-03  0.1691E-03 -0.9839E-03  0.0000E+00      -1  -0.197E-02   20.00
  69   -34.0000    -300.000 0.1702   0.9839E-03  0.1691E-03 -0.9839E-03  0.0000E+00      -1  -0.197E-02   20.00
  70   -34.5000    -300.000 0.1702   0.9839E-03  0.1691E-03 -0.9839E-03  0.0000E+00      -1  -0.197E-02   20.00
  71   -35.0000    -300.000 0.1702   0.9839E-03  0.1691E-03 -0.9839E-03  0.0000E+00      -1  -0.197E-02   20.00
  72   -35.5000    -300.000 0.1702   0.9839E-03  0.1691E-03 -0.9839E-03  0.0000E+00      -1  -0.197E-02   20.00
  73   -36.0000    -300.000 0.1702   0.9839E-03  0.1691E-03 -0.9839E-03  0.0000E+00      -1  -0.197E-02   20.00
  74   -36.5000    -300.000 0.1702   0.9839E-03  0.1691E-03 -0.9839E-03  0.0000E+00      -1  -0.197E-02   20.00
  75   -37.0000    -300.000 0.1702   0.9839E-03  0.1691E-03 -0.9839E-03  0.0000E+00      -1  -0.197E-02   20.00
  76   -37.5000    -300.000 0.1702   0.9839E-03  0.1691E-03 -0.9839E-03  0.0000E+00      -1  -0.197E-02   20.00
  77   -38.0000    -300.000 0.1702   0.9839E-03  0.1691E-03 -0.9839E-03  0.0000E+00      -1  -0.197E-02   20.00
  78   -38.5000    -300.000 0.1702   0.9839E-03  0.1691E-03 -0.9839E-03  0.0000E+00      -1  -0.197E-02   20.00
  79   -39.0000    -300.000 0.1702   0.9839E-03  0.1691E-03 -0.9839E-03  0.0000E+00      -1  -0.197E-02   20.00
  80   -39.5000    -300.000 0.1702   0.9839E-03  0.1691E-03 -0.9839E-03  0.0000E+00      -1  -0.197E-02   20.00
  81   -40.0000    -300.000 0.1702   0.9839E-03  0.1691E-03 -0.9839E-03  0.0000E+00      -1  -0.197E-02   20.00
  82   -40.5000    -300.000 0.1702   0.9839E-03  0.1691E-03 -0.9839E-03  0.0000E+00      -1  -0.197E-02   20.00
  83   -41.0000    -300.000 0.1702   0.9839E-03  0.1691E-03 -0.9839E-03  0.0000E+00      -1  -0.197E-02   20.00
  84   -41.5000    -300.000 0.1702   0.9839E-03  0.1691E-03 -0.9839E-03  0.0000E+00      -1  -0.197E-02   20.00
  85   -42.0000    -300.000 0.1702   0.9839E-03  0.1691E-03 -0.9839E-03  0.0000E+00      -1  -0.197E-02   20.00
  86   -42.5000    -300.000 0.1702   0.9839E-03  0.1691E-03 -0.9839E-03  0.0000E+00      -1  -0.197E-02   20.00
  87   -43.0000    -300.000 0.1702   0.9839E-03  0.1691E-03 -0.9839E-03  0.0000E+00      -1  -0.197E-02   20.00
  88   -43.5000    -300.000 0.1702   0.9839E-03  0.1691E-03 -0.9839E-03  0.0000E+00      -1  -0.197E-02   20.00
  89   -44.0000    -300.000 0.1702   0.9839E-03  0.1691E-03 -0.9839E-03  0.0000E+00      -1  -0.197E-02   20.00
  90   -44.5000    -300.000 0.1702   0.9839E-03  0.1691E-03 -0.9839E-03  0.0000E+00      -1  -0.197E-02   20.00
  91   -45.0000    -300.000 0.1702   0.9839E-03  0.1691E-03 -0.9839E-03  0.0000E+00      -1  -0.197E-02   20.00
  92   -45.5000    -300.000 0.1702   0.9839E-03  0.1691E-03 -0.9839E-03  0.0000E+00      -1  -0.197E-02   20.00
  93   -46.0000    -300.000 0.1702   0.9839E-03  0.1691E-03 -0.9839E-03  0.0000E+00      -1  -0.197E-02   20.00
  94   -46.5000    -300.000 0.1702   0.9839E-03  0.1691E-03 -0.9839E-03  0.0000E+00      -1  -0.197E-02   20.00
  95   -47.0000    -300.000 0.1702   0.9839E-03  0.1691E-03 -0.9839E-03  0.0000E+00      -1  -0.197E-02   20.00
  96   -47.5000    -300.000 0.1702   0.9839E-03  0.1691E-03 -0.9839E-03  0.0000E+00      -1  -0.197E-02   20.00
  97   -48.0000    -300.000 0.1702   0.9839E-03  0.1691E-03 -0.9839E-03  0.0000E+00      -1  -0.197E-02   20.00
  98   -48.5000    -300.000 0.1702   0.9839E-03  0.1691E-03 -0.9839E-03  0.0000E+00      -1  -0.197E-02   20.00
  99   -49.0000    -300.000 0.1702   0.9839E-03  0.1691E-03 -0.9839E-03  0.0000E+00      -1  -0.197E-02   20.00
 100   -49.5000    -300.000 0.1702   0.9839E-03  0.1691E-03 -0.9839E-03  0.0000E+00      -1  -0.197E-02   20.00
 101   -50.0000    -300.000 0.1702   0.9839E-03  0.1691E-03 -0.9839E-03  0.0000E+00      -1  -0.197E-02   20.00
 102   -50.5000    -300.000 0.1702   0.9839E-03  0.1691E-03 -0.9839E-03  0.0000E+00      -1  -0.197E-02   20.00
 103   -51.0000    -300.000 0.1702   0.9839E-03  0.1691E-03 -0.9839E-03  0.0000E+00      -1  -0.197E-02   20.00
 104   -51.5000    -300.000 0.1702   0.9839E-03  0.1691E-03 -0.9839E-03  0.0000E+00      -1  -0.197E-02   20.00
 105   -52.0000    -300.000 0.1702   0.9839E-03  0.1691E-03 -0.9839E-03  0.0000E+00      -1  -0.197E-02   20.00
 106   -52.5000    -300.000 0.1702   0.9839E-03  0.1691E-03 -0.9839E-03  0.0000E+00      -1  -0.197E-02   20.00
 107   -53.0000    -300.000 0.1702   0.9839E-03  0.1691E-03 -0.9839E-03  0.0000E+00      -1  -0.197E-02   20.00
 108   -53.5000    -300.000 0.1702   0.9839E-03  0.1691E-03 -0.9839E-03  0.0000E+00      -1  -0.197E-02   20.00
 109   -54.0000    -300.000 0.1702   0.9839E-03  0.1691E-03 -0.9839E-03  0.0000E+00      -1  -0.197E-02   20.00
 110   -54.5000    -300.000 0.1702   0.9839E-03  0.1691E-03 -0.9839E-03  0.0000E+00      -1  -0.197E-02   20.00
 111   -55.0000    -300.000 0.1702   0.9839E-03  0.1691E-03 -0.9839E-03  0.0000E+00      -1  -0.197E-02   20.00
 112   -55.5000    -300.000 0.1702   0.9839E-03  0.1691E-03 -0.9839E-03  0.0000E+00      -1  -0.197E-02   20.00
 113   -56.0000    -300.000 0.1702   0.9839E-03  0.1691E-03 -0.9839E-03  0.0000E+00      -1  -0.197E-02   20.00
 114   -56.5000    -300.000 0.1702   0.9839E-03  0.1691E-03 -0.9839E-03  0.0000E+00      -1  -0.197E-02   20.00
 115   -57.0000    -300.000 0.1702   0.9839E-03  0.1691E-03 -0.9839E-03  0.0000E+00      -1  -0.197E-02   20.00
 116   -57.5000    -300.000 0.1702   0.9839E-03  0.1691E-03 -0.9839E-03  0.0000E+00      -1  -0.197E-02   20.00
 117   -58.0000    -300.000 0.1702   0.9839E-03  0.1691E-03 -0.9839E-03  0.0000E+00      -1  -0.197E-02   20.00
 118   -58.5000    -300.000 0.1702   0.9839E-03  0.1691E-03 -0.9839E-03  0.0000E+00      -1  -0.197E-02   20.00
 119   -59.0000    -300.000 0.1702   0.9839E-03  0.1691E-03 -0.9839E-03  0.0000E+00      -1  -0.197E-02   20.00
 120   -59.5000    -300.000 0.1702   0.9839E-03  0.1691E-03 -0.9839E-03  0.0000E+00      -1  -0.197E-02   20.00
 121   -60.0000    -300.000 0.1702   0.9839E-03  0.1691E-03 -0.9839E-03  0.0000E+00      -1  -0.197E-02   20.00
 122   -60.5000    -300.000 0.1702   0.9839E-03  0.1691E-03 -0.9839E-03  0.0000E+00      -1  -0.197E-02   20.00
 123   -61.0000    -300.000 0.1702   0.9839E-03  0.1691E-03 -0.9839E-03  0.0000E+00      -1  -0.197E-02   20.00
 124   -61.5000    -300.000 0.1702   0.9839E-03  0.1691E-03 -0.9839E-03  0.0000E+00      -1  -0.197E-02   20.00
 125   -62.0000    -300.000 0.1702   0.9839E-03  0.1691E-03 -0.9839E-03  0.0000E+00      -1  -0.197E-02   20.00
 126   -62.5000    -300.000 0.1702   0.9839E-03  0.1691E-03 -0.9839E-03  0.0000E+00      -1  -0.197E-02   20.00
 127   -63.0000    -300.000 0.1702   0.9839E-03  0.1691E-03 -0.9839E-03  0.0000E+00      -1  -0.197E-02   20.00
 128   -63.5000    -300.000 0.1702   0.9839E-03  0.1691E-03 -0.9839E-03  0.0000E+00      -1  -0.197E-02   20.00
 129   -64.0000    -300.000 0.1702   0.9839E-03  0.1691E-03 -0.9839E-03  0.0000E+00      -1  -0.197E-02   20.00
 130   -64.5000    -300.000 0.1702   0.9839E-03  0.1691E-03 -0.9839E-03  0.0000E+00      -1  -0.197E-02   20.00
 131   -65.0000    -300.000 0.1702   0.9839E-03  0.1691E-03 -0.9839E-03  0.0000E+00      -1  -0.197E-02   20.00
 132   -65.5000    -300.000 0.1702   0.9839E-03  0.1691E-03 -0.9839E-03  0.0000E+00      -1  -0.197E-02   20.00
 133   -66.0000    -300.000 0.1702   0.9839E-03  0.1691E-03 -0.9839E-03  0.0000E+00      -1  -0.197E-02   20.00
 134   -66.5000    -300.000 0.1702   0.9839E-03  0.1691E-03 -0.9839E-03  0.0000E+00      -1  -0.197E-02   20.00
 135   -67.0000    -300.000 0.1702   0.9839E-03  0.1691E-03 -0.9839E-03  0.0000E+00      -1  -0.197E-02   20.00
 136   -67.5000    -300.000 0.1702   0.9839E-03  0.1691E-03 -0.9839E-03  0.0000E+00      -1  -0.197E-02   20.00
 137   -68.0000    -300.000 0.1702   0.9839E-03  0.1691E-03 -0.9839E-03  0.0000E+00      -1  -0.197E-02   20.00
 138   -68.5000    -300.000 0.1702   0.9839E-03  0.1691E-03 -0.9839E-03  0.0000E+00      -1  -0.197E-02   20.00
 139   -69.0000    -300.000 0.1702   0.9839E-03  0.1691E-03 -0.9839E-03  0.0000E+00      -1  -0.197E-02   20.00
 140   -69.5000    -300.000 0.1702   0.9839E-03  0.1691E-03 -0.9839E-03  0.0000E+00      -1  -0.197E-02   20.00
 141   -70.0000    -300.000 0.1702   0.9839E-03  0.1691E-03 -0.9839E-03  0.0000E+00      -1  -0.197E-02   20.00
 142   -70.5000    -300.000 0.1702   0.9839E-03  0.1691E-03 -0.9839E-03  0.0000E+00      -1  -0.197E-02   20.00
 143   -71.0000    -300.000 0.1702   0.9839E-03  0.1691E-03 -0.9839E-03  0.0000E+00      -1  -0.197E-02   20.00
 144   -71.5000    -300.000 0.1702   0.9839E-03  0.1691E-03 -0.9839E-03  0.0000E+00      -1  -0.197E-02   20.00
 145   -72.0000    -300.000 0.1702   0.9839E-03  0.1691E-03 -0.9839E-03  0.0000E+00      -1  -0.197E-02   20.00
 146   -72.5000    -300.000 0.1702   0.9839E-03  0.1691E-03 -0.9839E-03  0.0000E+00      -1  -0.197E-02   20.00
 147   -73.0000    -300.000 0.1702   0.9839E-03  0.1691E-03 -0.9839E-03  0.0000E+00      -1  -0.197E-02   20.00
 148   -73.5000    -300.000 0.1702   0.9839E-03  0.1691E-03 -0.9839E-03  0.0000E+00      -1  -0.197E-02   20.00
 149   -74.0000    -300.000 0.1702   0.9839E-03  0.1691E-03 -0.9839E-03  0.0000E+00      -1  -0.197E-02   20.00
 150   -74.5000    -300.000 0.1702   0.9839E-03  0.1691E-03 -0.9839E-03  0.0000E+00      -1  -0.197E-02   20.00
 151   -75.0000    -300.000 0.1702   0.9839E-03  0.1691E-03 -0.9839E-03  0.0000E+00      -1  -0.197E-02   20.00
 152   -75.5000    -300.000 0.1702   0.9839E-03  0.1691E-03 -0.9839E-03  0.0000E+00      -1  -0.197E-02   20.00
 153   -76.0000    -300.000 0.1702   0.9839E-03  0.1691E-03 -0.9839E-03  0.0000E+00      -1  -0.197E-02   20.00
 154   -76.5000    -300.000 0.1702   0.9839E-03  0.1691E-03 -0.9839E-03  0.0000E+00      -1  -0.197E-02   20.00
 155   -77.0000    -300.000 0.1702   0.9839E-03  0.1691E-03 -0.9839E-03  0.0000E+00      -1  -0.197E-02   20.00
 156   -77.5000    -300.000 0.1702   0.9839E-03  0.1691E-03 -0.9839E-03  0.0000E+00      -1  -0.197E-02   20.00
 157   -78.0000    -300.000 0.1702   0.9839E-03  0.1691E-03 -0.9839E-03  0.0000E+00      -1  -0.197E-02   20.00
 158   -78.5000    -300.000 0.1702   0.9839E-03  0.1691E-03 -0.9839E-03  0.0000E+00      -1  -0.197E-02   20.00
 159   -79.0000    -300.000 0.1702   0.9839E-03  0.1691E-03 -0.9839E-03  0.0000E+00      -1  -0.197E-02   20.00
 160   -79.5000    -300.000 0.1702   0.9839E-03  0.1691E-03 -0.9839E-03  0.0000E+00      -1  -0.197E-02   20.00
 161   -80.0000    -300.000 0.1702   0.9839E-03  0.1691E-03 -0.9839E-03  0.0000E+00      -1  -0.197E-02   20.00
 162   -80.5000    -300.000 0.1702   0.9839E-03  0.1691E-03 -0.9839E-03  0.0000E+00      -1  -0.197E-02   20.00
 163   -81.0000    -300.000 0.1702   0.9839E-03  0.1691E-03 -0.9839E-03  0.0000E+00      -1  -0.197E-02   20.00
 164   -81.5000    -300.000 0.1702   0.9839E-03  0.1691E-03 -0.9839E-03  0.0000E+00      -1  -0.197E-02   20.00
 165   -82.0000    -300.000 0.1702   0.9839E-03  0.1691E-03 -0.9839E-03  0.0000E+00      -1  -0.197E-02   20.00
 166   -82.5000    -300.000 0.1702   0.9839E-03  0.1691E-03 -0.9839E-03  0.0000E+00      -1  -0.197E-02   20.00
 167   -83.0000    -300.000 0.1702   0.9839E-03  0.1691E-03 -0.9839E-03  0.0000E+00      -1  -0.197E-02   20.00
 168   -83.5000    -300.000 0.1702   0.9839E-03  0.1691E-03 -0.9839E-03  0.0000E+00      -1  -0.197E-02   20.00
 169   -84.0000    -300.000 0.1702   0.9839E-03  0.1691E-03 -0.9839E-03  0.0000E+00      -1  -0.197E-02   20.00
 170   -84.5000    -300.000 0.1702   0.9839E-03  0.1691E-03 -0.9839E-03  0.0000E+00      -1  -0.197E-02   20.00
 171   -85.0000    -300.000 0.1702   0.9839E-03  0.1691E-03 -0.9839E-03  0.0000E+00      -1  -0.197E-02   20.00
 172   -85.5000    -300.000 0.1702   0.9839E-03  0.1691E-03 -0.9839E-03  0.0000E+00      -1  -0.197E-02   20.00
 173   -86.0000    -300.000 0.1702   0.9839E-03  0.1691E-03 -0.9839E-03  0.0000E+00      -1  -0.197E-02   20.00
 174   -86.5000    -300.000 0.1702   0.9839E-03  0.1691E-03 -0.9839E-03  0.0000E+00      -1  -0.197E-02   20.00
 175   -87.0000    -300.000 0.1702   0.9839E-03  0.1691E-03 -0.9839E-03  0.0000E+00      -1  -0.197E-02   20.00
 176   -87.5000    -300.000 0.1702   0.9839E-03  0.1691E-03 -0.9839E-03  0.0000E+00      -1  -0.197E-02   20.00
 177   -88.0000    -300.000 0.1702   0.9839E-03  0.1691E-03 -0.9839E-03  0.0000E+00      -1  -0.197E-02   20.00
 178   -88.5000    -300.000 0.1702   0.9839E-03  0.1691E-03 -0.9839E-03  0.0000E+00      -1  -0.197E-02   20.00
 179   -89.0000    -300.000 0.1702   0.9839E-03  0.1691E-03 -0.9839E-03  0.0000E+00      -1  -0.197E-02   20.00
 180   -89.5000    -300.000 0.1702   0.9839E-03  0.1691E-03 -0.9839E-03  0.0000E+00      -1  -0.197E-02   20.00
 181   -90.0000    -300.000 0.1702   0.9839E-03  0.1691E-03 -0.9839E-03  0.0000E+00      -1  -0.197E-02   20.00
 182   -90.5000    -300.000 0.1702   0.9839E-03  0.1691E-03 -0.9839E-03  0.0000E+00      -1  -0.197E-02   20.00
 183   -91.0000    -300.000 0.1702   0.9839E-03  0.1691E-03 -0.9839E-03  0.0000E+00      -1  -0.197E-02   20.00
 184   -91.5000    -300.000 0.1702   0.9839E-03  0.1691E-03 -0.9839E-03  0.0000E+00      -1  -0.197E-02   20.00
 185   -92.0000    -300.000 0.1702   0.9839E-03  0.1691E-03 -0.9839E-03  0.0000E+00      -1  -0.197E-02   20.00
 186   -92.5000    -300.000 0.1702   0.9839E-03  0.1691E-03 -0.9839E-03  0.0000E+00      -1  -0.197E-02   20.00
 187   -93.0000    -300.000 0.1702   0.9839E-03  0.1691E-03 -0.9839E-03  0.0000E+00      -1  -0.197E-02   20.00
 188   -93.5000    -300.000 0.1702   0.9839E-03  0.1691E-03 -0.9839E-03  0.0000E+00      -1  -0.197E-02   20.00
 189   -94.0000    -300.000 0.1702   0.9839E-03  0.1691E-03 -0.9839E-03  0.0000E+00      -1  -0.197E-02   20.00
 190   -94.5000    -300.000 0.1702   0.9839E-03  0.1691E-03 -0.9839E-03  0.0000E+00      -1  -0.197E-02   20.00
 191   -95.0000    -300.000 0.1702   0.9839E-03  0.1691E-03 -0.9839E-03  0.0000E+00      -1  -0.197E-02   20.00
 192   -95.5000    -300.000 0.1702   0.9839E-03  0.1691E-03 -0.9839E-03  0.0000E+00      -1  -0.197E-02   20.00
 193   -96.0000    -300.000 0.1702   0.9839E-03  0.1691E-03 -0.9839E-03  0.0000E+00      -1  -0.197E-02   20.00
 194   -96.5000    -300.000 0.1702   0.9839E-03  0.1691E-03 -0.9839E-03  0.0000E+00      -1  -0.197E-02   20.00
 195   -97.0000    -300.000 0.1702   0.9839E-03  0.1691E-03 -0.9839E-03  0.0000E+00      -1  -0.197E-02   20.00
 196   -97.5000    -300.000 0.1702   0.9839E-03  0.1691E-03 -0.9839E-03  0.0000E+00      -1  -0.197E-02   20.00
 197   -98.0000    -300.000 0.1702   0.9839E-03  0.1691E-03 -0.9839E-03  0.0000E+00      -1  -0.197E-02   20.00
 198   -98.5000    -300.000 0.1702   0.9839E-03  0.1691E-03 -0.9839E-03  0.0000E+00      -1  -0.197E-02   20.00
 199   -99.0000    -300.000 0.1702   0.9839E-03  0.1691E-03 -0.9839E-03  0.0000E+00      -1  -0.197E-02   20.00
 200   -99.5000    -300.000 0.1702   0.9839E-03  0.1691E-03 -0.9839E-03  0.0000E+00      -1  -0.197E-02   20.00
 201  -100.0000    -300.000 0.1702   0.9839E-03  0.1691E-03 -0.9839E-03  0.0000E+00      -1  -0.197E-02   20.00
end


 Time:        0.2500


 Node      Depth      Head Moisture       K          C         Flux        Sink         Kappa   v/KsTop   Temp
           [L]        [L]    [-]        [L/T]      [1/L]      [L/T]        [1/T]         [-]      [-]      [C]

   1     0.0000       0.000 0.4300   0.5000E+00  0.0000E+00 -0.4153E+01  0.0000E+00      -1  -0.831E+01   20.00
   2    -0.5000      -5.609 0.4201   0.1799E+00  0.2596E-02 -0.4151E+01  0.0000E+00      -1  -0.830E+01   20.00
   3    -1.0000     -25.166 0.3600   0.2694E-01  0.2892E-02 -0.4126E+01  0.0000E+00      -1  -0.825E+01   20.00
   4    -1.5000     -28.526 0.3506   0.1037E+01  0.2728E-02 -0.4070E+01  0.0000E+00      -1  -0.814E+01   20.00
   5    -2.0000     -30.106 0.3462   0.9032E+00  0.2651E-02 -0.3999E+01  0.0000E+00      -1  -0.800E+01   20.00
   6    -2.5000     -31.912 0.3417   0.8149E+00  0.2564E-02 -0.3920E+01  0.0000E+00      -1  -0.784E+01   20.00
   7    -3.0000     -33.947 0.3367   0.7153E+00  0.2466E-02 -0.3828E+01  0.0000E+00      -1  -0.766E+01   20.00
   8    -3.5000     -36.321 0.3308   0.5991E+00  0.2352E-02 -0.3717E+01  0.0000E+00      -1  -0.743E+01   20.00
   9    -4.0000     -39.153 0.3244   0.4978E+00  0.2226E-02 -0.3591E+01  0.0000E+00      -1  -0.718E+01   20.00
  10    -4.5000     -42.512 0.3174   0.4164E+00  0.2089E-02 -0.3451E+01  0.0000E+00      -1  -0.690E+01   20.00
  11    -5.0000     -46.613 0.3089   0.3170E+00  0.1921E-02 -0.3280E+01  0.0000E+00      -1  -0.656E+01   20.00
  12    -5.5000     -51.753 0.2999   0.2478E+00  0.1751E-02 -0.3083E+01  0.0000E+00      -1  -0.617E+01   20.00
  13    -6.0000     -58.311 0.2889   0.1744E+00  0.1546E-02 -0.2844E+01  0.0000E+00      -1  -0.569E+01   20.00
  14    -6.5000     -66.953 0.2770   0.1219E+00  0.1340E-02 -0.2540E+01  0.0000E+00      -1  -0.508E+01   20.00
  15    -7.0000     -78.599 0.2627   0.7340E-01  0.1105E-02 -0.2180E+01  0.0000E+00      -1  -0.436E+01   20.00
  16    -7.5000     -95.806 0.2457   0.3889E-01  0.8565E-03 -0.1775E+01  0.0000E+00      -1  -0.355E+01   20.00
  17    -8.0000    -122.679 0.2263   0.1819E-01  0.6187E-03 -0.1327E+01  0.0000E+00      -1  -0.265E+01   20.00
  18    -8.5000    -164.808 0.2057   0.7418E-02  0.4145E-03 -0.8436E+00  0.0000E+00      -1  -0.169E+01   20.00
  19    -9.0000    -222.502 0.1868   0.2816E-02  0.2684E-03 -0.4051E+00  0.0000E+00      -1  -0.810E+00   20.00
  20    -9.5000    -272.451 0.1756   0.1440E-02  0.1988E-03 -0.1348E+00  0.0000E+00      -1  -0.270E+00   20.00
  21   -10.0000    -293.636 0.1715   0.1090E-02  0.1760E-03 -0.3333E-01  0.0000E+00      -1  -0.667E-01   20.00
  22   -10.5000    -298.771 0.1705   0.1004E-02  0.1704E-03 -0.7399E-02  0.0000E+00      -1  -0.148E-01   20.00
  23   -11.0000    -299.776 0.1703   0.9876E-03  0.1693E-03 -0.2173E-02  0.0000E+00      -1  -0.435E-02   20.00
  24   -11.5000    -299.960 0.1702   0.9846E-03  0.1691E-03 -0.1199E-02  0.0000E+00      -1  -0.240E-02   20.00
  25   -12.0000    -299.993 0.1702   0.9840E-03  0.1691E-03 -0.1022E-02  0.0000E+00      -1  -0.204E-02   20.00
  26   -12.5000    -299.999 0.1702   0.9839E-03  0.1691E-03 -0.9906E-03  0.0000E+00      -1  -0.198E-02   20.00
  27   -13.0000    -300.000 0.1702   0.9839E-03  0.1691E-03 -0.9850E-03  0.0000E+00      -1  -0.197E-02   20.00
  28   -13.5000    -300.000 0.1702   0.9839E-03  0.1691E-03 -0.9841E-03  0.0000E+00      -1  -0.197E-02   20.00
  29   -14.0000    -300.000 0.1702   0.9839E-03  0.1691E-03 -0.9839E-03  0.0000E+00      -1  -0.197E-02   20.00
  30   -14.5000    -300.000 0.1702   0.9839E-03  0.1691E-03 -0.9839E-03  0.0000E+00      -1  -0.197E-02   20.00
  31   -15.0000    -300.000 0.1702   0.9839E-03  0.1691E-03 -0.9839E-03  0.0000E+00      -1  -0.197E-02   20.00
  32   -15.5000    -300.000 0.1702   0.9839E-03  0.1691E-03 -0.9839E-03  0.0000E+00      -1  -0.197E-02   20.00
  33   -16.0000    -300.000 0.1702   0.9839E-03  0.1691E-03 -0.9839E-03  0.0000E+00      -1  -0.197E-02   20.00
  34   -16.5000    -300.000 0.1702   0.9839E-03  0.1691E-03 -0.9839E-03  0.0000E+00      -1  -0.197E-02   20.00
  35   -17.0000    -300.000 0.1702   0.9839E-03  0.1691E-03 -0.9839E-03  0.0000E+00      -1  -0.197E-02   20.00
  36   -17.5000    -300.000 0.1702   0.9839E-03  0.1691E-03 -0.9839E-03  0.0000E+00      -1  -0.197E-02   20.00
  37   -18.0000    -300.000 0.1702   0.9839E-03  0.1691E-03 -0.9839E-03  0.0000E+00      -1  -0.197E-02   20.00
  38   -18.5000    -300.000 0.1702   0.9839E-03  0.1691E-03 -0.9839E-03  0.0000E+00      -1  -0.197E-02   20.00
  39   -19.0000    -300.000 0.1702   0.9839E-03  0.1691E-03 -0.9839E-03  0.0000E+00      -1  -0.197E-02   20.00
  40   -19.5000    -300.000 0.1702   0.9839E-03  0.1691E-03 -0.9839E-03  0.0000E+00      -1  -0.197E-02   20.00
  41   -20.0000    -300.000 0.1702   0.9839E-03  0.1691E-03 -0.9839E-03  0.0000E+00      -1  -0.197E-02   20.00
  42   -20.5000    -300.000 0.1702   0.9839E-03  0.1691E-03 -0.9839E-03  0.0000E+00      -1  -0.197E-02   20.00
  43   -21.0000    -300.000 0.1702   0.9839E-03  0.1691E-03 -0.9839E-03  0.0000E+00      -1  -0.197E-02   20.00
  44   -21.5000    -300.000 0.1702   0.9839E-03  0.1691E-03 -0.9839E-03  0.0000E+00      -1  -0.197E-02   20.00
  45   -22.0000    -300.000 0.1702   0.9839E-03  0.1691E-03 -0.9839E-03  0.0000E+00      -1  -0.197E-02   20.00
  46   -22.5000    -300.000 0.1702   0.9839E-03  0.1691E-03 -0.9839E-03  0.0000E+00      -1  -0.197E-02   20.00
  47   -23.0000    -300.000 0.1702   0.9839E-03  0.1691E-03 -0.9839E-03  0.0000E+00      -1  -0.197E-02   20.00
  48   -23.5000    -300.000 0.1702   0.9839E-03  0.1691E-03 -0.9839E-03  0.0000E+00      -1  -0.197E-02   20.00
  49   -24.0000    -300.000 0.1702   0.9839E-03  0.1691E-03 -0.9839E-03  0.0000E+00      -1  -0.197E-02   20.00
  50   -24.5000    -300.000 0.1702   0.9839E-03  0.1691E-03 -0.9839E-03  0.0000E+00      -1  -0.197E-02   20.00
  51   -25.0000    -300.000 0.1702   0.9839E-03  0.1691E-03 -0.9839E-03  0.0000E+00      -1  -0.197E-02   20.00
  52   -25.5000    -300.000 0.1702   0.9839E-03  0.1691E-03 -0.9839E-03  0.0000E+00      -1  -0.197E-02   20.00
  53   -26.0000    -300.000 0.1702   0.9839E-03  0.1691E-03 -0.9839E-03  0.0000E+00      -1  -0.197E-02   20.00
  54   -26.5000    -300.000 0.1702   0.9839E-03  0.1691E-03 -0.9839E-03  0.0000E+00      -1  -0.197E-02   20.00
  55   -27.0000    -300.000 0.1702   0.9839E-03  0.1691E-03 -0.9839E-03  0.0000E+00      -1  -0.197E-02   20.00
  56   -27.5000    -300.000 0.1702   0.9839E-03  0.1691E-03 -0.9839E-03  0.0000E+00      -1  -0.197E-02   20.00
  57   -28.0000    -300.000 0.1702   0.9839E-03  0.1691E-03 -0.9839E-03  0.0000E+00      -1  -0.197E-02   20.00
  58   -28.5000    -300.000 0.1702   0.9839E-03  0.1691E-03 -0.9839E-03  0.0000E+00      -1  -0.197E-02   20.00
  59   -29.0000    -300.000 0.1702   0.9839E-03  0.1691E-03 -0.9839E-03  0.0000E+00      -1  -0.197E-02   20.00
  60   -29.5000    -300.000 0.1702   0.9839E-03  0.1691E-03 -0.9839E-03  0.0000E+00      -1  -0.197E-02   20.00
  61   -30.0000    -300.000 0.1702   0.9839E-03  0.1691E-03 -0.9839E-03  0.0000E+00      -1  -0.197E-02   20.00
  62   -30.5000    -300.000 0.1702   0.9839E-03  0.1691E-03 -0.9839E-03  0.0000E+00      -1  -0.197E-02   20.00
  63   -31.0000    -300.000 0.1702   0.9839E-03  0.1691E-03 -0.9839E-03  0.0000E+00      -1  -0.197E-02   20.00
  64   -31.5000    -300.000 0.1702   0.9839E-03  0.1691E-03 -0.9839E-03  0.0000E+00      -1  -0.197E-02   20.00
  65   -32.0000    -300.000 0.1702   0.9839E-03  0.1691E-03 -0.9839E-03  0.0000E+00      -1  -0.197E-02   20.00
  66   -32.5000    -300.000 0.1702   0.9839E-03  0.1691E-03 -0.9839E-03  0.0000E+00      -1  -0.197E-02   20.00
  67   -33.0000    -300.000 0.1702   0.9839E-03  0.1691E-03 -0.9839E-03  0.0000E+00      -1  -0.197E-02   20.00
  68   -33.5000    -300.000 0.1702   0.9839E-03  0.1691E-03 -0.9839E-03  0.0000E+00      -1  -0.197E-02   20.00
  69   -34.0000    -300.000 0.1702   0.9839E-03  0.1691E-03 -0.9839E-03  0.0000E+00      -1  -0.197E-02   20.00
  70   -34.5000    -300.000 0.1702   0.9839E-03  0.1691E-03 -0.9839E-03  0.0000E+00      -1  -0.197E-02   20.00
  71   -35.0000    -300.000 0.1702   0.9839E-03  0.1691E-03 -0.9839E-03  0.0000E+00      -1  -0.197E-02   20.00
  72   -35.5000    -300.000 0.1702   0.9839E-03  0.1691E-03 -0.9839E-03  0.0000E+00      -1  -0.197E-02   20.00
  73   -36.0000    -300.000 0.1702   0.9839E-03  0.1691E-03 -0.9839E-03  0.0000E+00      -1  -0.197E-02   20.00
  74   -36.5000    -300.000 0.1702   0.9839E-03  0.1691E-03 -0.9839E-03  0.0000E+00      -1  -0.197E-02   20.00
  75   -37.0000    -300.000 0.1702   0.9839E-03  0.1691E-03 -0.9839E-03  0.0000E+00      -1  -0.197E-02   20.00
  76   -37.5000    -300.000 0.1702   0.9839E-03  0.1691E-03 -0.9839E-03  0.0000E+00      -1  -0.197E-02   20.00
  77   -38.0000    -300.000 0.1702   0.9839E-03  0.1691E-03 -0.9839E-03  0.0000E+00      -1  -0.197E-02   20.00
  78   -38.5000    -300.000 0.1702   0.9839E-03  0.1691E-03 -0.9839E-03  0.0000E+00      -1  -0.197E-02   20.00
  79   -39.0000    -300.000 0.1702   0.9839E-03  0.1691E-03 -0.9839E-03  0.0000E+00      -1  -0.197E-02   20.00
  80   -39.5000    -300.000 0.1702   0.9839E-03  0.1691E-03 -0.9839E-03  0.0000E+00      -1  -0.197E-02   20.00
  81   -40.0000    -300.000 0.1702   0.9839E-03  0.1691E-03 -0.9839E-03  0.0000E+00      -1  -0.197E-02   20.00
  82   -40.5000    -300.000 0.1702   0.9839E-03  0.1691E-03 -0.9839E-03  0.0000E+00      -1  -0.197E-02   20.00
  83   -41.0000    -300.000 0.1702   0.9839E-03  0.1691E-03 -0.9839E-03  0.0000E+00      -1  -0.197E-02   20.00
  84   -41.5000    -300.000 0.1702   0.9839E-03  0.1691E-03 -0.9839E-03  0.0000E+00      -1  -0.197E-02   20.00
  85   -42.0000    -300.000 0.1702   0.9839E-03  0.1691E-03 -0.9839E-03  0.0000E+00      -1  -0.197E-02   20.00
  86   -42.5000    -300.000 0.1702   0.9839E-03  0.1691E-03 -0.9839E-03  0.0000E+00      -1  -0.197E-02   20.00
  87   -43.0000    -300.000 0.1702   0.9839E-03  0.1691E-03 -0.9839E-03  0.0000E+00      -1  -0.197E-02   20.00
  88   -43.5000    -300.000 0.1702   0.9839E-03  0.1691E-03 -0.9839E-03  0.0000E+00      -1  -0.197E-02   20.00
  89   -44.0000    -300.000 0.1702   0.9839E-03  0.1691E-03 -0.9839E-03  0.0000E+00      -1  -0.197E-02   20.00
  90   -44.5000    -300.000 0.1702   0.9839E-03  0.1691E-03 -0.9839E-03  0.0000E+00      -1  -0.197E-02   20.00
  91   -45.0000    -300.000 0.1702   0.9839E-03  0.1691E-03 -0.9839E-03  0.0000E+00      -1  -0.197E-02   20.00
  92   -45.5000    -300.000 0.1702   0.9839E-03  0.1691E-03 -0.9839E-03  0.0000E+00      -1  -0.197E-02   20.00
  93   -46.0000    -300.000 0.1702   0.9839E-03  0.1691E-03 -0.9839E-03  0.0000E+00      -1  -0.197E-02   20.00
  94   -46.5000    -300.000 0.1702   0.9839E-03  0.1691E-03 -0.9839E-03  0.0000E+00      -1  -0.197E-02   20.00
  95   -47.0000    -300.000 0.1702   0.9839E-03  0.1691E-03 -0.9839E-03  0.0000E+00      -1  -0.197E-02   20.00
  96   -47.5000    -300.000 0.1702   0.9839E-03  0.1691E-03 -0.9839E-03  0.0000E+00      -1  -0.197E-02   20.00
  97   -48.0000    -300.000 0.1702   0.9839E-03  0.1691E-03 -0.9839E-03  0.0000E+00      -1  -0.197E-02   20.00
  98   -48.5000    -300.000 0.1702   0.9839E-03  0.1691E-03 -0.9839E-03  0.0000E+00      -1  -0.197E-02   20.00
  99   -49.0000    -300.000 0.1702   0.9839E-03  0.1691E-03 -0.9839E-03  0.0000E+00      -1  -0.197E-02   20.00
 100   -49.5000    -300.000 0.1702   0.9839E-03  0.1691E-03 -0.9839E-03  0.0000E+00      -1  -0.197E-02   20.00
 101   -50.0000    -300.000 0.1702   0.9839E-03  0.1691E-03 -0.9839E-03  0.0000E+00      -1  -0.197E-02   20.00
 102   -50.5000    -300.000 0.1702   0.9839E-03  0.1691E-03 -0.9839E-03  0.0000E+00      -1  -0.197E-02   20.00
 103   -51.0000    -300.000 0.1702   0.9839E-03  0.1691E-03 -0.9839E-03  0.0000E+00      -1  -0.197E-02   20.00
 104   -51.5000    -300.000 0.1702   0.9839E-03  0.1691E-03 -0.9839E-03  0.0000E+00      -1  -0.197E-02   20.00
 105   -52.0000    -300.000 0.1702   0.9839E-03  0.1691E-03 -0.9839E-03  0.0000E+00      -1  -0.197E-02   20.00
 106   -52.5000    -300.000 0.1702   0.9839E-03  0.1691E-03 -0.9839E-03  0.0000E+00      -1  -0.197E-02   20.00
 107   -53.0000    -300.000 0.1702   0.9839E-03  0.1691E-03 -0.9839E-03  0.0000E+00      -1  -0.197E-02   20.00
 108   -53.5000    -300.000 0.1702   0.9839E-03  0.1691E-03 -0.9839E-03  0.0000E+00      -1  -0.197E-02   20.00
 109   -54.0000    -300.000 0.1702   0.9839E-03  0.1691E-03 -0.9839E-03  0.0000E+00      -1  -0.197E-02   20.00
 110   -54.5000    -300.000 0.1702   0.9839E-03  0.1691E-03 -0.9839E-03  0.0000E+00      -1  -0.197E-02   20.00
 111   -55.0000    -300.000 0.1702   0.9839E-03  0.1691E-03 -0.9839E-03  0.0000E+00      -1  -0.197E-02   20.00
 112   -55.5000    -300.000 0.1702   0.9839E-03  0.1691E-03 -0.9839E-03  0.0000E+00      -1  -0.197E-02   20.00
 113   -56.0000    -300.000 0.1702   0.9839E-03  0.1691E-03 -0.9839E-03  0.0000E+00      -1  -0.197E-02   20.00
 114   -56.5000    -300.000 0.1702   0.9839E-03  0.1691E-03 -0.9839E-03  0.0000E+00      -1  -0.197E-02   20.00
 115   -57.0000    -300.000 0.1702   0.9839E-03  0.1691E-03 -0.9839E-03  0.0000E+00      -1  -0.197E-02   20.00
 116   -57.5000    -300.000 0.1702   0.9839E-03  0.1691E-03 -0.9839E-03  0.0000E+00      -1  -0.197E-02   20.00
 117   -58.0000    -300.000 0.1702   0.9839E-03  0.1691E-03 -0.9839E-03  0.0000E+00      -1  -0.197E-02   20.00
 118   -58.5000    -300.000 0.1702   0.9839E-03  0.1691E-03 -0.9839E-03  0.0000E+00      -1  -0.197E-02   20.00
 119   -59.0000    -300.000 0.1702   0.9839E-03  0.1691E-03 -0.9839E-03  0.0000E+00      -1  -0.197E-02   20.00
 120   -59.5000    -300.000 0.1702   0.9839E-03  0.1691E-03 -0.9839E-03  0.0000E+00      -1  -0.197E-02   20.00
 121   -60.0000    -300.000 0.1702   0.9839E-03  0.1691E-03 -0.9839E-03  0.0000E+00      -1  -0.197E-02   20.00
 122   -60.5000    -300.000 0.1702   0.9839E-03  0.1691E-03 -0.9839E-03  0.0000E+00      -1  -0.197E-02   20.00
 123   -61.0000    -300.000 0.1702   0.9839E-03  0.1691E-03 -0.9839E-03  0.0000E+00      -1  -0.197E-02   20.00
 124   -61.5000    -300.000 0.1702   0.9839E-03  0.1691E-03 -0.9839E-03  0.0000E+00      -1  -0.197E-02   20.00
 125   -62.0000    -300.000 0.1702   0.9839E-03  0.1691E-03 -0.9839E-03  0.0000E+00      -1  -0.197E-02   20.00
 126   -62.5000    -300.000 0.1702   0.9839E-03  0.1691E-03 -0.9839E-03  0.0000E+00      -1  -0.197E-02   20.00
 127   -63.0000    -300.000 0.1702   0.9839E-03  0.1691E-03 -0.9839E-03  0.0000E+00      -1  -0.197E-02   20.00
 128   -63.5000    -300.000 0.1702   0.9839E-03  0.1691E-03 -0.9839E-03  0.0000E+00      -1  -0.197E-02   20.00
 129   -64.0000    -300.000 0.1702   0.9839E-03  0.1691E-03 -0.9839E-03  0.0000E+00      -1  -0.197E-02   20.00
 130   -64.5000    -300.000 0.1702   0.9839E-03  0.1691E-03 -0.9839E-03  0.0000E+00      -1  -0.197E-02   20.00
 131   -65.0000    -300.000 0.1702   0.9839E-03  0.1691E-03 -0.9839E-03  0.0000E+00      -1  -0.197E-02   20.00
 132   -65.5000    -300.000 0.1702   0.9839E-03  0.1691E-03 -0.9839E-03  0.0000E+00      -1  -0.197E-02   20.00
 133   -66.0000    -300.000 0.1702   0.9839E-03  0.1691E-03 -0.9839E-03  0.0000E+00      -1  -0.197E-02   20.00
 134   -66.5000    -300.000 0.1702   0.9839E-03  0.1691E-03 -0.9839E-03  0.0000E+00      -1  -0.197E-02   20.00
 135   -67.0000    -300.000 0.1702   0.9839E-03  0.1691E-03 -0.9839E-03  0.0000E+00      -1  -0.197E-02   20.00
 136   -67.5000    -300.000 0.1702   0.9839E-03  0.1691E-03 -0.9839E-03  0.0000E+00      -1  -0.197E-02   20.00
 137   -68.0000    -300.000 0.1702   0.9839E-03  0.1691E-03 -0.9839E-03  0.0000E+00      -1  -0.197E-02   20.00
 138   -68.5000    -300.000 0.1702   0.9839E-03  0.1691E-03 -0.9839E-03  0.0000E+00      -1  -0.197E-02   20.00
 139   -69.0000    -300.000 0.1702   0.9839E-03  0.1691E-03 -0.9839E-03  0.0000E+00      -1  -0.197E-02   20.00
 140   -69.5000    -300.000 0.1702   0.9839E-03  0.1691E-03 -0.9839E-03  0.0000E+00      -1  -0.197E-02   20.00
 141   -70.0000    -300.000 0.1702   0.9839E-03  0.1691E-03 -0.9839E-03  0.0000E+00      -1  -0.197E-02   20.00
 142   -70.5000    -300.000 0.1702   0.9839E-03  0.1691E-03 -0.9839E-03  0.0000E+00      -1  -0.197E-02   20.00
 143   -71.0000    -300.000 0.1702   0.9839E-03  0.1691E-03 -0.9839E-03  0.0000E+00      -1  -0.197E-02   20.00
 144   -71.5000    -300.000 0.1702   0.9839E-03  0.1691E-03 -0.9839E-03  0.0000E+00      -1  -0.197E-02   20.00
 145   -72.0000    -300.000 0.1702   0.9839E-03  0.1691E-03 -0.9839E-03  0.0000E+00      -1  -0.197E-02   20.00
 146   -72.5000    -300.000 0.1702   0.9839E-03  0.1691E-03 -0.9839E-03  0.0000E+00      -1  -0.197E-02   20.00
 147   -73.0000    -300.000 0.1702   0.9839E-03  0.1691E-03 -0.9839E-03  0.0000E+00      -1  -0.197E-02   20.00
 148   -73.5000    -300.000 0.1702   0.9839E-03  0.1691E-03 -0.9839E-03  0.0000E+00      -1  -0.197E-02   20.00
 149   -74.0000    -300.000 0.1702   0.9839E-03  0.1691E-03 -0.9839E-03  0.0000E+00      -1  -0.197E-02   20.00
 150   -74.5000    -300.000 0.1702   0.9839E-03  0.1691E-03 -0.9839E-03  0.0000E+00      -1  -0.197E-02   20.00
 151   -75.0000    -300.000 0.1702   0.9839E-03  0.1691E-03 -0.9839E-03  0.0000E+00      -1  -0.197E-02   20.00
 152   -75.5000    -300.000 0.1702   0.9839E-03  0.1691E-03 -0.9839E-03  0.0000E+00      -1  -0.197E-02   20.00
 153   -76.0000    -300.000 0.1702   0.9839E-03  0.1691E-03 -0.9839E-03  0.0000E+00      -1  -0.197E-02   20.00
 154   -76.5000    -300.000 0.1702   0.9839E-03  0.1691E-03 -0.9839E-03  0.0000E+00      -1  -0.197E-02   20.00
 155   -77.0000    -300.000 0.1702   0.9839E-03  0.1691E-03 -0.9839E-03  0.0000E+00      -1  -0.197E-02   20.00
 156   -77.5000    -300.000 0.1702   0.9839E-03  0.1691E-03 -0.9839E-03  0.0000E+00      -1  -0.197E-02   20.00
 157   -78.0000    -300.000 0.1702   0.9839E-03  0.1691E-03 -0.9839E-03  0.0000E+00      -1  -0.197E-02   20.00
 158   -78.5000    -300.000 0.1702   0.9839E-03  0.1691E-03 -0.9839E-03  0.0000E+00      -1  -0.197E-02   20.00
 159   -79.0000    -300.000 0.1702   0.9839E-03  0.1691E-03 -0.9839E-03  0.0000E+00      -1  -0.197E-02   20.00
 160   -79.5000    -300.000 0.1702   0.9839E-03  0.1691E-03 -0.9839E-03  0.0000E+00      -1  -0.197E-02   20.00
 161   -80.0000    -300.000 0.1702   0.9839E-03  0.1691E-03 -0.9839E-03  0.0000E+00      -1  -0.197E-02   20.00
 162   -80.5000    -300.000 0.1702   0.9839E-03  0.1691E-03 -0.9839E-03  0.0000E+00      -1  -0.197E-02   20.00
 163   -81.0000    -300.000 0.1702   0.9839E-03  0.1691E-03 -0.9839E-03  0.0000E+00      -1  -0.197E-02   20.00
 164   -81.5000    -300.000 0.1702   0.9839E-03  0.1691E-03 -0.9839E-03  0.0000E+00      -1  -0.197E-02   20.00
 165   -82.0000    -300.000 0.1702   0.9839E-03  0.1691E-03 -0.9839E-03  0.0000E+00      -1  -0.197E-02   20.00
 166   -82.5000    -300.000 0.1702   0.9839E-03  0.1691E-03 -0.9839E-03  0.0000E+00      -1  -0.197E-02   20.00
 167   -83.0000    -300.000 0.1702   0.9839E-03  0.1691E-03 -0.9839E-03  0.0000E+00      -1  -0.197E-02   20.00
 168   -83.5000    -300.000 0.1702   0.9839E-03  0.1691E-03 -0.9839E-03  0.0000E+00      -1  -0.197E-02   20.00
 169   -84.0000    -300.000 0.1702   0.9839E-03  0.1691E-03 -0.9839E-03  0.0000E+00      -1  -0.197E-02   20.00
 170   -84.5000    -300.000 0.1702   0.9839E-03  0.1691E-03 -0.9839E-03  0.0000E+00      -1  -0.197E-02   20.00
 171   -85.0000    -300.000 0.1702   0.9839E-03  0.1691E-03 -0.9839E-03  0.0000E+00      -1  -0.197E-02   20.00
 172   -85.5000    -300.000 0.1702   0.9839E-03  0.1691E-03 -0.9839E-03  0.0000E+00      -1  -0.197E-02   20.00
 173   -86.0000    -300.000 0.1702   0.9839E-03  0.1691E-03 -0.9839E-03  0.0000E+00      -1  -0.197E-02   20.00
 174   -86.5000    -300.000 0.1702   0.9839E-03  0.1691E-03 -0.9839E-03  0.0000E+00      -1  -0.197E-02   20.00
 175   -87.0000    -300.000 0.1702   0.9839E-03  0.1691E-03 -0.9839E-03  0.0000E+00      -1  -0.197E-02   20.00
 176   -87.5000    -300.000 0.1702   0.9839E-03  0.1691E-03 -0.9839E-03  0.0000E+00      -1  -0.197E-02   20.00
 177   -88.0000    -300.000 0.1702   0.9839E-03  0.1691E-03 -0.9839E-03  0.0000E+00      -1  -0.197E-02   20.00
 178   -88.5000    -300.000 0.1702   0.9839E-03  0.1691E-03 -0.9839E-03  0.0000E+00      -1  -0.197E-02   20.00
 179   -89.0000    -300.000 0.1702   0.9839E-03  0.1691E-03 -0.9839E-03  0.0000E+00      -1  -0.197E-02   20.00
 180   -89.5000    -300.000 0.1702   0.9839E-03  0.1691E-03 -0.9839E-03  0.0000E+00      -1  -0.197E-02   20.00
 181   -90.0000    -300.000 0.1702   0.9839E-03  0.1691E-03 -0.9839E-03  0.0000E+00      -1  -0.197E-02   20.00
 182   -90.5000    -300.000 0.1702   0.9839E-03  0.1691E-03 -0.9839E-03  0.0000E+00      -1  -0.197E-02   20.00
 183   -91.0000    -300.000 0.1702   0.9839E-03  0.1691E-03 -0.9839E-03  0.0000E+00      -1  -0.197E-02   20.00
 184   -91.5000    -300.000 0.1702   0.9839E-03  0.1691E-03 -0.9839E-03  0.0000E+00      -1  -0.197E-02   20.00
 185   -92.0000    -300.000 0.1702   0.9839E-03  0.1691E-03 -0.9839E-03  0.0000E+00      -1  -0.197E-02   20.00
 186   -92.5000    -300.000 0.1702   0.9839E-03  0.1691E-03 -0.9839E-03  0.0000E+00      -1  -0.197E-02   20.00
 187   -93.0000    -300.000 0.1702   0.9839E-03  0.1691E-03 -0.9839E-03  0.0000E+00      -1  -0.197E-02   20.00
 188   -93.5000    -300.000 0.1702   0.9839E-03  0.1691E-03 -0.9839E-03  0.0000E+00      -1  -0.197E-02   20.00
 189   -94.0000    -300.000 0.1702   0.9839E-03  0.1691E-03 -0.9839E-03  0.0000E+00      -1  -0.197E-02   20.00
 190   -94.5000    -300.000 0.1702   0.9839E-03  0.1691E-03 -0.9839E-03  0.0000E+00      -1  -0.197E-02   20.00
 191   -95.0000    -300.000 0.1702   0.9839E-03  0.1691E-03 -0.9839E-03  0.0000E+00      -1  -0.197E-02   20.00
 192   -95.5000    -300.000 0.1702   0.9839E-03  0.1691E-03 -0.9839E-03  0.0000E+00      -1  -0.197E-02   20.00
 193   -96.0000    -300.000 0.1702   0.9839E-03  0.1691E-03 -0.9839E-03  0.0000E+00      -1  -0.197E-02   20.00
 194   -96.5000    -300.000 0.1702   0.9839E-03  0.1691E-03 -0.9839E-03  0.0000E+00      -1  -0.197E-02   20.00
 195   -97.0000    -300.000 0.1702   0.9839E-03  0.1691E-03 -0.9839E-03  0.0000E+00      -1  -0.197E-02   20.00
 196   -97.5000    -300.000 0.1702   0.9839E-03  0.1691E-03 -0.9839E-03  0.0000E+00      -1  -0.197E-02   20.00
 197   -98.0000    -300.000 0.1702   0.9839E-03  0.1691E-03 -0.9839E-03  0.0000E+00      -1  -0.197E-02   20.00
 198   -98.5000    -300.000 0.1702   0.9839E-03  0.1691E-03 -0.9839E-03  0.0000E+00      -1  -0.197E-02   20.00
 199   -99.0000    -300.000 0.1702   0.9839E-03  0.1691E-03 -0.9839E-03  0.0000E+00      -1  -0.197E-02   20.00
 200   -99.5000    -300.000 0.1702   0.9839E-03  0.1691E-03 -0.9839E-03  0.0000E+00      -1  -0.197E-02   20.00
 201  -100.0000    -300.000 0.1702   0.9839E-03  0.1691E-03 -0.9839E-03  0.0000E+00      -1  -0.197E-02   20.00
end


 Time:        0.3000


 Node      Depth      Head Moisture       K          C         Flux        Sink         Kappa   v/KsTop   Temp
           [L]        [L]    [-]        [L/T]      [1/L]      [L/T]        [1/T]         [-]      [-]      [C]

   1     0.0000       0.000 0.4300   0.5000E+00  0.0000E+00 -0.4048E+01  0.0000E+00      -1  -0.810E+01   20.00
   2    -0.5000      -5.413 0.4206   0.1845E+00  0.2557E-02 -0.4045E+01  0.0000E+00      -1  -0.809E+01   20.00
   3    -1.0000     -23.808 0.3639   0.2943E-01  0.2959E-02 -0.4026E+01  0.0000E+00      -1  -0.805E+01   20.00
   4    -1.5000     -26.513 0.3562   0.1221E+01  0.2826E-02 -0.3984E+01  0.0000E+00      -1  -0.797E+01   20.00
   5    -2.0000     -27.711 0.3529   0.1111E+01  0.2768E-02 -0.3931E+01  0.0000E+00      -1  -0.786E+01   20.00
   6    -2.5000     -29.071 0.3490   0.9867E+00  0.2701E-02 -0.3869E+01  0.0000E+00      -1  -0.774E+01   20.00
   7    -3.0000     -30.628 0.3449   0.8777E+00  0.2626E-02 -0.3800E+01  0.0000E+00      -1  -0.760E+01   20.00
   8    -3.5000     -32.382 0.3406   0.7919E+00  0.2541E-02 -0.3725E+01  0.0000E+00      -1  -0.745E+01   20.00
   9    -4.0000     -34.360 0.3357   0.6952E+00  0.2446E-02 -0.3637E+01  0.0000E+00      -1  -0.727E+01   20.00
  10    -4.5000     -36.671 0.3300   0.5822E+00  0.2335E-02 -0.3532E+01  0.0000E+00      -1  -0.706E+01   20.00
  11    -5.0000     -39.406 0.3239   0.4917E+00  0.2216E-02 -0.3415E+01  0.0000E+00      -1  -0.683E+01   20.00
  12    -5.5000     -42.610 0.3172   0.4142E+00  0.2085E-02 -0.3286E+01  0.0000E+00      -1  -0.657E+01   20.00
  13    -6.0000     -46.489 0.3092   0.3203E+00  0.1926E-02 -0.3128E+01  0.0000E+00      -1  -0.626E+01   20.00
  14    -6.5000     -51.290 0.3007   0.2532E+00  0.1766E-02 -0.2946E+01  0.0000E+00      -1  -0.589E+01   20.00
  15    -7.0000     -57.283 0.2906   0.1861E+00  0.1578E-02 -0.2727E+01  0.0000E+00      -1  -0.545E+01   20.00
  16    -7.5000     -64.974 0.2796   0.1316E+00  0.1384E-02 -0.2462E+01  0.0000E+00      -1  -0.492E+01   20.00
  17    -8.0000     -75.409 0.2659   0.8068E-01  0.1154E-02 -0.2179E+01  0.0000E+00      -1  -0.436E+01   20.00
  18    -8.5000     -90.615 0.2507   0.4903E-01  0.9304E-03 -0.1853E+01  0.0000E+00      -1  -0.371E+01   20.00
  19    -9.0000    -112.583 0.2333   0.2526E-01  0.7029E-03 -0.1445E+01  0.0000E+00      -1  -0.289E+01   20.00
  20    -9.5000    -145.853 0.2139   0.1087E-01  0.4900E-03 -0.9786E+00  0.0000E+00      -1  -0.196E+01   20.00
  21   -10.0000    -194.745 0.1945   0.4056E-02  0.3207E-03 -0.5332E+00  0.0000E+00      -1  -0.107E+01   20.00
  22   -10.5000    -250.408 0.1798   0.1804E-02  0.2225E-03 -0.2185E+00  0.0000E+00      -1  -0.437E+00   20.00
  23   -11.0000    -285.536 0.1730   0.1223E-02  0.1847E-03 -0.6716E-01  0.0000E+00      -1  -0.134E+00   20.00
  24   -11.5000    -296.740 0.1708   0.1038E-02  0.1726E-03 -0.1638E-01  0.0000E+00      -1  -0.328E-01   20.00
  25   -12.0000    -299.338 0.1703   0.9948E-03  0.1698E-03 -0.4171E-02  0.0000E+00      -1  -0.834E-02   20.00
  26   -12.5000    -299.870 0.1702   0.9860E-03  0.1692E-03 -0.1618E-02  0.0000E+00      -1  -0.324E-02   20.00
  27   -13.0000    -299.975 0.1702   0.9843E-03  0.1691E-03 -0.1108E-02  0.0000E+00      -1  -0.222E-02   20.00
  28   -13.5000    -299.995 0.1702   0.9840E-03  0.1691E-03 -0.1008E-02  0.0000E+00      -1  -0.202E-02   20.00
  29   -14.0000    -299.999 0.1702   0.9839E-03  0.1691E-03 -0.9884E-03  0.0000E+00      -1  -0.198E-02   20.00
  30   -14.5000    -300.000 0.1702   0.9839E-03  0.1691E-03 -0.9847E-03  0.0000E+00      -1  -0.197E-02   20.00
  31   -15.0000    -300.000 0.1702   0.9839E-03  0.1691E-03 -0.9840E-03  0.0000E+00      -1  -0.197E-02   20.00
  32   -15.5000    -300.000 0.1702   0.9839E-03  0.1691E-03 -0.9839E-03  0.0000E+00      -1  -0.197E-02   20.00
  33   -16.0000    -300.000 0.1702   0.9839E-03  0.1691E-03 -0.9839E-03  0.0000E+00      -1  -0.197E-02   20.00
  34   -16.5000    -300.000 0.1702   0.9839E-03  0.1691E-03 -0.9839E-03  0.0000E+00      -1  -0.197E-02   20.00
  35   -17.0000    -300.000 0.1702   0.9839E-03  0.1691E-03 -0.9839E-03  0.0000E+00      -1  -0.197E-02   20.00
  36   -17.5000    -300.000 0.1702   0.9839E-03  0.1691E-03 -0.9839E-03  0.0000E+00      -1  -0.197E-02   20.00
  37   -18.0000    -300.000 0.1702   0.9839E-03  0.1691E-03 -0.9839E-03  0.0000E+00      -1  -0.197E-02   20.00
  38   -18.5000    -300.000 0.1702   0.9839E-03  0.1691E-03 -0.9839E-03  0.0000E+00      -1  -0.197E-02   20.00
  39   -19.0000    -300.000 0.1702   0.9839E-03  0.1691E-03 -0.9839E-03  0.0000E+00      -1  -0.197E-02   20.00
  40   -19.5000    -300.000 0.1702   0.9839E-03  0.1691E-03 -0.9839E-03  0.0000E+00      -1  -0.197E-02   20.00
  41   -20.0000    -300.000 0.1702   0.9839E-03  0.1691E-03 -0.9839E-03  0.0000E+00      -1  -0.197E-02   20.00
  42   -20.5000    -300.000 0.1702   0.9839E-03  0.1691E-03 -0.9839E-03  0.0000E+00      -1  -0.197E-02   20.00
  43   -21.0000    -300.000 0.1702   0.9839E-03  0.1691E-03 -0.9839E-03  0.0000E+00      -1  -0.197E-02   20.00
  44   -21.5000    -300.000 0.1702   0.9839E-03  0.1691E-03 -0.9839E-03  0.0000E+00      -1  -0.197E-02   20.00
  45   -22.0000    -300.000 0.1702   0.9839E-03  0.1691E-03 -0.9839E-03  0.0000E+00      -1  -0.197E-02   20.00
  46   -22.5000    -300.000 0.1702   0.9839E-03  0.1691E-03 -0.9839E-03  0.0000E+00      -1  -0.197E-02   20.00
  47   -23.0000    -300.000 0.1702   0.9839E-03  0.1691E-03 -0.9839E-03  0.0000E+00      -1  -0.197E-02   20.00
  48   -23.5000    -300.000 0.1702   0.9839E-03  0.1691E-03 -0.9839E-03  0.0000E+00      -1  -0.197E-02   20.00
  49   -24.0000    -300.000 0.1702   0.9839E-03  0.1691E-03 -0.9839E-03  0.0000E+00      -1  -0.197E-02   20.00
  50   -24.5000    -300.000 0.1702   0.9839E-03  0.1691E-03 -0.9839E-03  0.0000E+00      -1  -0.197E-02   20.00
  51   -25.0000    -300.000 0.1702   0.9839E-03  0.1691E-03 -0.9839E-03  0.0000E+00      -1  -0.197E-02   20.00
  52   -25.5000    -300.000 0.1702   0.9839E-03  0.1691E-03 -0.9839E-03  0.0000E+00      -1  -0.197E-02   20.00
  53   -26.0000    -300.000 0.1702   0.9839E-03  0.1691E-03 -0.9839E-03  0.0000E+00      -1  -0.197E-02   20.00
  54   -26.5000    -300.000 0.1702   0.9839E-03  0.1691E-03 -0.9839E-03  0.0000E+00      -1  -0.197E-02   20.00
  55   -27.0000    -300.000 0.1702   0.9839E-03  0.1691E-03 -0.9839E-03  0.0000E+00      -1  -0.197E-02   20.00
  56   -27.5000    -300.000 0.1702   0.9839E-03  0.1691E-03 -0.9839E-03  0.0000E+00      -1  -0.197E-02   20.00
  57   -28.0000    -300.000 0.1702   0.9839E-03  0.1691E-03 -0.9839E-03  0.0000E+00      -1  -0.197E-02   20.00
  58   -28.5000    -300.000 0.1702   0.9839E-03  0.1691E-03 -0.9839E-03  0.0000E+00      -1  -0.197E-02   20.00
  59   -29.0000    -300.000 0.1702   0.9839E-03  0.1691E-03 -0.9839E-03  0.0000E+00      -1  -0.197E-02   20.00
  60   -29.5000    -300.000 0.1702   0.9839E-03  0.1691E-03 -0.9839E-03  0.0000E+00      -1  -0.197E-02   20.00
  61   -30.0000    -300.000 0.1702   0.9839E-03  0.1691E-03 -0.9839E-03  0.0000E+00      -1  -0.197E-02   20.00
  62   -30.5000    -300.000 0.1702   0.9839E-03  0.1691E-03 -0.9839E-03  0.0000E+00      -1  -0.197E-02   20.00
  63   -31.0000    -300.000 0.1702   0.9839E-03  0.1691E-03 -0.9839E-03  0.0000E+00      -1  -0.197E-02   20.00
  64   -31.5000    -300.000 0.1702   0.9839E-03  0.1691E-03 -0.9839E-03  0.0000E+00      -1  -0.197E-02   20.00
  65   -32.0000    -300.000 0.1702   0.9839E-03  0.1691E-03 -0.9839E-03  0.0000E+00      -1  -0.197E-02   20.00
  66   -32.5000    -300.000 0.1702   0.9839E-03  0.1691E-03 -0.9839E-03  0.0000E+00      -1  -0.197E-02   20.00
  67   -33.0000    -300.000 0.1702   0.9839E-03  0.1691E-03 -0.9839E-03  0.0000E+00      -1  -0.197E-02   20.00
  68   -33.5000    -300.000 0.1702   0.9839E-03  0.1691E-03 -0.9839E-03  0.0000E+00      -1  -0.197E-02   20.00
  69   -34.0000    -300.000 0.1702   0.9839E-03  0.1691E-03 -0.9839E-03  0.0000E+00      -1  -0.197E-02   20.00
  70   -34.5000    -300.000 0.1702   0.9839E-03  0.1691E-03 -0.9839E-03  0.0000E+00      -1  -0.197E-02   20.00
  71   -35.0000    -300.000 0.1702   0.9839E-03  0.1691E-03 -0.9839E-03  0.0000E+00      -1  -0.197E-02   20.00
  72   -35.5000    -300.000 0.1702   0.9839E-03  0.1691E-03 -0.9839E-03  0.0000E+00      -1  -0.197E-02   20.00
  73   -36.0000    -300.000 0.1702   0.9839E-03  0.1691E-03 -0.9839E-03  0.0000E+00      -1  -0.197E-02   20.00
  74   -36.5000    -300.000 0.1702   0.9839E-03  0.1691E-03 -0.9839E-03  0.0000E+00      -1  -0.197E-02   20.00
  75   -37.0000    -300.000 0.1702   0.9839E-03  0.1691E-03 -0.9839E-03  0.0000E+00      -1  -0.197E-02   20.00
  76   -37.5000    -300.000 0.1702   0.9839E-03  0.1691E-03 -0.9839E-03  0.0000E+00      -1  -0.197E-02   20.00
  77   -38.0000    -300.000 0.1702   0.9839E-03  0.1691E-03 -0.9839E-03  0.0000E+00      -1  -0.197E-02   20.00
  78   -38.5000    -300.000 0.1702   0.9839E-03  0.1691E-03 -0.9839E-03  0.0000E+00      -1  -0.197E-02   20.00
  79   -39.0000    -300.000 0.1702   0.9839E-03  0.1691E-03 -0.9839E-03  0.0000E+00      -1  -0.197E-02   20.00
  80   -39.5000    -300.000 0.1702   0.9839E-03  0.1691E-03 -0.9839E-03  0.0000E+00      -1  -0.197E-02   20.00
  81   -40.0000    -300.000 0.1702   0.9839E-03  0.1691E-03 -0.9839E-03  0.0000E+00      -1  -0.197E-02   20.00
  82   -40.5000    -300.000 0.1702   0.9839E-03  0.1691E-03 -0.9839E-03  0.0000E+00      -1  -0.197E-02   20.00
  83   -41.0000    -300.000 0.1702   0.9839E-03  0.1691E-03 -0.9839E-03  0.0000E+00      -1  -0.197E-02   20.00
  84   -41.5000    -300.000 0.1702   0.9839E-03  0.1691E-03 -0.9839E-03  0.0000E+00      -1  -0.197E-02   20.00
  85   -42.0000    -300.000 0.1702   0.9839E-03  0.1691E-03 -0.9839E-03  0.0000E+00      -1  -0.197E-02   20.00
  86   -42.5000    -300.000 0.1702   0.9839E-03  0.1691E-03 -0.9839E-03  0.0000E+00      -1  -0.197E-02   20.00
  87   -43.0000    -300.000 0.1702   0.9839E-03  0.1691E-03 -0.9839E-03  0.0000E+00      -1  -0.197E-02   20.00
  88   -43.5000    -300.000 0.1702   0.9839E-03  0.1691E-03 -0.9839E-03  0.0000E+00      -1  -0.197E-02   20.00
  89   -44.0000    -300.000 0.1702   0.9839E-03  0.1691E-03 -0.9839E-03  0.0000E+00      -1  -0.197E-02   20.00
  90   -44.5000    -300.000 0.1702   0.9839E-03  0.1691E-03 -0.9839E-03  0.0000E+00      -1  -0.197E-02   20.00
  91   -45.0000    -300.000 0.1702   0.9839E-03  0.1691E-03 -0.9839E-03  0.0000E+00      -1  -0.197E-02   20.00
  92   -45.5000    -300.000 0.1702   0.9839E-03  0.1691E-03 -0.9839E-03  0.0000E+00      -1  -0.197E-02   20.00
  93   -46.0000    -300.000 0.1702   0.9839E-03  0.1691E-03 -0.9839E-03  0.0000E+00      -1  -0.197E-02   20.00
  94   -46.5000    -300.000 0.1702   0.9839E-03  0.1691E-03 -0.9839E-03  0.0000E+00      -1  -0.197E-02   20.00
  95   -47.0000    -300.000 0.1702   0.9839E-03  0.1691E-03 -0.9839E-03  0.0000E+00      -1  -0.197E-02   20.00
  96   -47.5000    -300.000 0.1702   0.9839E-03  0.1691E-03 -0.9839E-03  0.0000E+00      -1  -0.197E-02   20.00
  97   -48.0000    -300.000 0.1702   0.9839E-03  0.1691E-03 -0.9839E-03  0.0000E+00      -1  -0.197E-02   20.00
  98   -48.5000    -300.000 0.1702   0.9839E-03  0.1691E-03 -0.9839E-03  0.0000E+00      -1  -0.197E-02   20.00
  99   -49.0000    -300.000 0.1702   0.9839E-03  0.1691E-03 -0.9839E-03  0.0000E+00      -1  -0.197E-02   20.00
 100   -49.5000    -300.000 0.1702   0.9839E-03  0.1691E-03 -0.9839E-03  0.0000E+00      -1  -0.197E-02   20.00
 101   -50.0000    -300.000 0.1702   0.9839E-03  0.1691E-03 -0.9839E-03  0.0000E+00      -1  -0.197E-02   20.00
 102   -50.5000    -300.000 0.1702   0.9839E-03  0.1691E-03 -0.9839E-03  0.0000E+00      -1  -0.197E-02   20.00
 103   -51.0000    -300.000 0.1702   0.9839E-03  0.1691E-03 -0.9839E-03  0.0000E+00      -1  -0.197E-02   20.00
 104   -51.5000    -300.000 0.1702   0.9839E-03  0.1691E-03 -0.9839E-03  0.0000E+00      -1  -0.197E-02   20.00
 105   -52.0000    -300.000 0.1702   0.9839E-03  0.1691E-03 -0.9839E-03  0.0000E+00      -1  -0.197E-02   20.00
 106   -52.5000    -300.000 0.1702   0.9839E-03  0.1691E-03 -0.9839E-03  0.0000E+00      -1  -0.197E-02   20.00
 107   -53.0000    -300.000 0.1702   0.9839E-03  0.1691E-03 -0.9839E-03  0.0000E+00      -1  -0.197E-02   20.00
 108   -53.5000    -300.000 0.1702   0.9839E-03  0.1691E-03 -0.9839E-03  0.0000E+00      -1  -0.197E-02   20.00
 109   -54.0000    -300.000 0.1702   0.9839E-03  0.1691E-03 -0.9839E-03  0.0000E+00      -1  -0.197E-02   20.00
 110   -54.5000    -300.000 0.1702   0.9839E-03  0.1691E-03 -0.9839E-03  0.0000E+00      -1  -0.197E-02   20.00
 111   -55.0000    -300.000 0.1702   0.9839E-03  0.1691E-03 -0.9839E-03  0.0000E+00      -1  -0.197E-02   20.00
 112   -55.5000    -300.000 0.1702   0.9839E-03  0.1691E-03 -0.9839E-03  0.0000E+00      -1  -0.197E-02   20.00
 113   -56.0000    -300.000 0.1702   0.9839E-03  0.1691E-03 -0.9839E-03  0.0000E+00      -1  -0.197E-02   20.00
 114   -56.5000    -300.000 0.1702   0.9839E-03  0.1691E-03 -0.9839E-03  0.0000E+00      -1  -0.197E-02   20.00
 115   -57.0000    -300.000 0.1702   0.9839E-03  0.1691E-03 -0.9839E-03  0.0000E+00      -1  -0.197E-02   20.00
 116   -57.5000    -300.000 0.1702   0.9839E-03  0.1691E-03 -0.9839E-03  0.0000E+00      -1  -0.197E-02   20.00
 117   -58.0000    -300.000 0.1702   0.9839E-03  0.1691E-03 -0.9839E-03  0.0000E+00      -1  -0.197E-02   20.00
 118   -58.5000    -300.000 0.1702   0.9839E-03  0.1691E-03 -0.9839E-03  0.0000E+00      -1  -0.197E-02   20.00
 119   -59.0000    -300.000 0.1702   0.9839E-03  0.1691E-03 -0.9839E-03  0.0000E+00      -1  -0.197E-02   20.00
 120   -59.5000    -300.000 0.1702   0.9839E-03  0.1691E-03 -0.9839E-03  0.0000E+00      -1  -0.197E-02   20.00
 121   -60.0000    -300.000 0.1702   0.9839E-03  0.1691E-03 -0.9839E-03  0.0000E+00      -1  -0.197E-02   20.00
 122   -60.5000    -300.000 0.1702   0.9839E-03  0.1691E-03 -0.9839E-03  0.0000E+00      -1  -0.197E-02   20.00
 123   -61.0000    -300.000 0.1702   0.9839E-03  0.1691E-03 -0.9839E-03  0.0000E+00      -1  -0.197E-02   20.00
 124   -61.5000    -300.000 0.1702   0.9839E-03  0.1691E-03 -0.9839E-03  0.0000E+00      -1  -0.197E-02   20.00
 125   -62.0000    -300.000 0.1702   0.9839E-03  0.1691E-03 -0.9839E-03  0.0000E+00      -1  -0.197E-02   20.00
 126   -62.5000    -300.000 0.1702   0.9839E-03  0.1691E-03 -0.9839E-03  0.0000E+00      -1  -0.197E-02   20.00
 127   -63.0000    -300.000 0.1702   0.9839E-03  0.1691E-03 -0.9839E-03  0.0000E+00      -1  -0.197E-02   20.00
 128   -63.5000    -300.000 0.1702   0.9839E-03  0.1691E-03 -0.9839E-03  0.0000E+00      -1  -0.197E-02   20.00
 129   -64.0000    -300.000 0.1702   0.9839E-03  0.1691E-03 -0.9839E-03  0.0000E+00      -1  -0.197E-02   20.00
 130   -64.5000    -300.000 0.1702   0.9839E-03  0.1691E-03 -0.9839E-03  0.0000E+00      -1  -0.197E-02   20.00
 131   -65.0000    -300.000 0.1702   0.9839E-03  0.1691E-03 -0.9839E-03  0.0000E+00      -1  -0.197E-02   20.00
 132   -65.5000    -300.000 0.1702   0.9839E-03  0.1691E-03 -0.9839E-03  0.0000E+00      -1  -0.197E-02   20.00
 133   -66.0000    -300.000 0.1702   0.9839E-03  0.1691E-03 -0.9839E-03  0.0000E+00      -1  -0.197E-02   20.00
 134   -66.5000    -300.000 0.1702   0.9839E-03  0.1691E-03 -0.9839E-03  0.0000E+00      -1  -0.197E-02   20.00
 135   -67.0000    -300.000 0.1702   0.9839E-03  0.1691E-03 -0.9839E-03  0.0000E+00      -1  -0.197E-02   20.00
 136   -67.5000    -300.000 0.1702   0.9839E-03  0.1691E-03 -0.9839E-03  0.0000E+00      -1  -0.197E-02   20.00
 137   -68.0000    -300.000 0.1702   0.9839E-03  0.1691E-03 -0.9839E-03  0.0000E+00      -1  -0.197E-02   20.00
 138   -68.5000    -300.000 0.1702   0.9839E-03  0.1691E-03 -0.9839E-03  0.0000E+00      -1  -0.197E-02   20.00
 139   -69.0000    -300.000 0.1702   0.9839E-03  0.1691E-03 -0.9839E-03  0.0000E+00      -1  -0.197E-02   20.00
 140   -69.5000    -300.000 0.1702   0.9839E-03  0.1691E-03 -0.9839E-03  0.0000E+00      -1  -0.197E-02   20.00
 141   -70.0000    -300.000 0.1702   0.9839E-03  0.1691E-03 -0.9839E-03  0.0000E+00      -1  -0.197E-02   20.00
 142   -70.5000    -300.000 0.1702   0.9839E-03  0.1691E-03 -0.9839E-03  0.0000E+00      -1  -0.197E-02   20.00
 143   -71.0000    -300.000 0.1702   0.9839E-03  0.1691E-03 -0.9839E-03  0.0000E+00      -1  -0.197E-02   20.00
 144   -71.5000    -300.000 0.1702   0.9839E-03  0.1691E-03 -0.9839E-03  0.0000E+00      -1  -0.197E-02   20.00
 145   -72.0000    -300.000 0.1702   0.9839E-03  0.1691E-03 -0.9839E-03  0.0000E+00      -1  -0.197E-02   20.00
 146   -72.5000    -300.000 0.1702   0.9839E-03  0.1691E-03 -0.9839E-03  0.0000E+00      -1  -0.197E-02   20.00
 147   -73.0000    -300.000 0.1702   0.9839E-03  0.1691E-03 -0.9839E-03  0.0000E+00      -1  -0.197E-02   20.00
 148   -73.5000    -300.000 0.1702   0.9839E-03  0.1691E-03 -0.9839E-03  0.0000E+00      -1  -0.197E-02   20.00
 149   -74.0000    -300.000 0.1702   0.9839E-03  0.1691E-03 -0.9839E-03  0.0000E+00      -1  -0.197E-02   20.00
 150   -74.5000    -300.000 0.1702   0.9839E-03  0.1691E-03 -0.9839E-03  0.0000E+00      -1  -0.197E-02   20.00
 151   -75.0000    -300.000 0.1702   0.9839E-03  0.1691E-03 -0.9839E-03  0.0000E+00      -1  -0.197E-02   20.00
 152   -75.5000    -300.000 0.1702   0.9839E-03  0.1691E-03 -0.9839E-03  0.0000E+00      -1  -0.197E-02   20.00
 153   -76.0000    -300.000 0.1702   0.9839E-03  0.1691E-03 -0.9839E-03  0.0000E+00      -1  -0.197E-02   20.00
 154   -76.5000    -300.000 0.1702   0.9839E-03  0.1691E-03 -0.9839E-03  0.0000E+00      -1  -0.197E-02   20.00
 155   -77.0000    -300.000 0.1702   0.9839E-03  0.1691E-03 -0.9839E-03  0.0000E+00      -1  -0.197E-02   20.00
 156   -77.5000    -300.000 0.1702   0.9839E-03  0.1691E-03 -0.9839E-03  0.0000E+00      -1  -0.197E-02   20.00
 157   -78.0000    -300.000 0.1702   0.9839E-03  0.1691E-03 -0.9839E-03  0.0000E+00      -1  -0.197E-02   20.00
 158   -78.5000    -300.000 0.1702   0.9839E-03  0.1691E-03 -0.9839E-03  0.0000E+00      -1  -0.197E-02   20.00
 159   -79.0000    -300.000 0.1702   0.9839E-03  0.1691E-03 -0.9839E-03  0.0000E+00      -1  -0.197E-02   20.00
 160   -79.5000    -300.000 0.1702   0.9839E-03  0.1691E-03 -0.9839E-03  0.0000E+00      -1  -0.197E-02   20.00
 161   -80.0000    -300.000 0.1702   0.9839E-03  0.1691E-03 -0.9839E-03  0.0000E+00      -1  -0.197E-02   20.00
 162   -80.5000    -300.000 0.1702   0.9839E-03  0.1691E-03 -0.9839E-03  0.0000E+00      -1  -0.197E-02   20.00
 163   -81.0000    -300.000 0.1702   0.9839E-03  0.1691E-03 -0.9839E-03  0.0000E+00      -1  -0.197E-02   20.00
 164   -81.5000    -300.000 0.1702   0.9839E-03  0.1691E-03 -0.9839E-03  0.0000E+00      -1  -0.197E-02   20.00
 165   -82.0000    -300.000 0.1702   0.9839E-03  0.1691E-03 -0.9839E-03  0.0000E+00      -1  -0.197E-02   20.00
 166   -82.5000    -300.000 0.1702   0.9839E-03  0.1691E-03 -0.9839E-03  0.0000E+00      -1  -0.197E-02   20.00
 167   -83.0000    -300.000 0.1702   0.9839E-03  0.1691E-03 -0.9839E-03  0.0000E+00      -1  -0.197E-02   20.00
 168   -83.5000    -300.000 0.1702   0.9839E-03  0.1691E-03 -0.9839E-03  0.0000E+00      -1  -0.197E-02   20.00
 169   -84.0000    -300.000 0.1702   0.9839E-03  0.1691E-03 -0.9839E-03  0.0000E+00      -1  -0.197E-02   20.00
 170   -84.5000    -300.000 0.1702   0.9839E-03  0.1691E-03 -0.9839E-03  0.0000E+00      -1  -0.197E-02   20.00
 171   -85.0000    -300.000 0.1702   0.9839E-03  0.1691E-03 -0.9839E-03  0.0000E+00      -1  -0.197E-02   20.00
 172   -85.5000    -300.000 0.1702   0.9839E-03  0.1691E-03 -0.9839E-03  0.0000E+00      -1  -0.197E-02   20.00
 173   -86.0000    -300.000 0.1702   0.9839E-03  0.1691E-03 -0.9839E-03  0.0000E+00      -1  -0.197E-02   20.00
 174   -86.5000    -300.000 0.1702   0.9839E-03  0.1691E-03 -0.9839E-03  0.0000E+00      -1  -0.197E-02   20.00
 175   -87.0000    -300.000 0.1702   0.9839E-03  0.1691E-03 -0.9839E-03  0.0000E+00      -1  -0.197E-02   20.00
 176   -87.5000    -300.000 0.1702   0.9839E-03  0.1691E-03 -0.9839E-03  0.0000E+00      -1  -0.197E-02   20.00
 177   -88.0000    -300.000 0.1702   0.9839E-03  0.1691E-03 -0.9839E-03  0.0000E+00      -1  -0.197E-02   20.00
 178   -88.5000    -300.000 0.1702   0.9839E-03  0.1691E-03 -0.9839E-03  0.0000E+00      -1  -0.197E-02   20.00
 179   -89.0000    -300.000 0.1702   0.9839E-03  0.1691E-03 -0.9839E-03  0.0000E+00      -1  -0.197E-02   20.00
 180   -89.5000    -300.000 0.1702   0.9839E-03  0.1691E-03 -0.9839E-03  0.0000E+00      -1  -0.197E-02   20.00
 181   -90.0000    -300.000 0.1702   0.9839E-03  0.1691E-03 -0.9839E-03  0.0000E+00      -1  -0.197E-02   20.00
 182   -90.5000    -300.000 0.1702   0.9839E-03  0.1691E-03 -0.9839E-03  0.0000E+00      -1  -0.197E-02   20.00
 183   -91.0000    -300.000 0.1702   0.9839E-03  0.1691E-03 -0.9839E-03  0.0000E+00      -1  -0.197E-02   20.00
 184   -91.5000    -300.000 0.1702   0.9839E-03  0.1691E-03 -0.9839E-03  0.0000E+00      -1  -0.197E-02   20.00
 185   -92.0000    -300.000 0.1702   0.9839E-03  0.1691E-03 -0.9839E-03  0.0000E+00      -1  -0.197E-02   20.00
 186   -92.5000    -300.000 0.1702   0.9839E-03  0.1691E-03 -0.9839E-03  0.0000E+00      -1  -0.197E-02   20.00
 187   -93.0000    -300.000 0.1702   0.9839E-03  0.1691E-03 -0.9839E-03  0.0000E+00      -1  -0.197E-02   20.00
 188   -93.5000    -300.000 0.1702   0.9839E-03  0.1691E-03 -0.9839E-03  0.0000E+00      -1  -0.197E-02   20.00
 189   -94.0000    -300.000 0.1702   0.9839E-03  0.1691E-03 -0.9839E-03  0.0000E+00      -1  -0.197E-02   20.00
 190   -94.5000    -300.000 0.1702   0.9839E-03  0.1691E-03 -0.9839E-03  0.0000E+00      -1  -0.197E-02   20.00
 191   -95.0000    -300.000 0.1702   0.9839E-03  0.1691E-03 -0.9839E-03  0.0000E+00      -1  -0.197E-02   20.00
 192   -95.5000    -300.000 0.1702   0.9839E-03  0.1691E-03 -0.9839E-03  0.0000E+00      -1  -0.197E-02   20.00
 193   -96.0000    -300.000 0.1702   0.9839E-03  0.1691E-03 -0.9839E-03  0.0000E+00      -1  -0.197E-02   20.00
 194   -96.5000    -300.000 0.1702   0.9839E-03  0.1691E-03 -0.9839E-03  0.0000E+00      -1  -0.197E-02   20.00
 195   -97.0000    -300.000 0.1702   0.9839E-03  0.1691E-03 -0.9839E-03  0.0000E+00      -1  -0.197E-02   20.00
 196   -97.5000    -300.000 0.1702   0.9839E-03  0.1691E-03 -0.9839E-03  0.0000E+00      -1  -0.197E-02   20.00
 197   -98.0000    -300.000 0.1702   0.9839E-03  0.1691E-03 -0.9839E-03  0.0000E+00      -1  -0.197E-02   20.00
 198   -98.5000    -300.000 0.1702   0.9839E-03  0.1691E-03 -0.9839E-03  0.0000E+00      -1  -0.197E-02   20.00
 199   -99.0000    -300.000 0.1702   0.9839E-03  0.1691E-03 -0.9839E-03  0.0000E+00      -1  -0.197E-02   20.00
 200   -99.5000    -300.000 0.1702   0.9839E-03  0.1691E-03 -0.9839E-03  0.0000E+00      -1  -0.197E-02   20.00
 201  -100.0000    -300.000 0.1702   0.9839E-03  0.1691E-03 -0.9839E-03  0.0000E+00      -1  -0.197E-02   20.00
end


 Time:        0.3500


 Node      Depth      Head Moisture       K          C         Flux        Sink         Kappa   v/KsTop   Temp
           [L]        [L]    [-]        [L/T]      [1/L]      [L/T]        [1/T]         [-]      [-]      [C]

   1     0.0000       0.000 0.4300   0.5000E+00  0.0000E+00 -0.3964E+01  0.0000E+00      -1  -0.793E+01   20.00
   2    -0.5000      -5.259 0.4210   0.1882E+00  0.2526E-02 -0.3962E+01  0.0000E+00      -1  -0.792E+01   20.00
   3    -1.0000     -22.674 0.3673   0.3283E-01  0.3005E-02 -0.3944E+01  0.0000E+00      -1  -0.789E+01   20.00
   4    -1.5000     -24.992 0.3605   0.1361E+01  0.2901E-02 -0.3908E+01  0.0000E+00      -1  -0.782E+01   20.00
   5    -2.0000     -25.970 0.3578   0.1271E+01  0.2853E-02 -0.3867E+01  0.0000E+00      -1  -0.773E+01   20.00
   6    -2.5000     -27.043 0.3547   0.1173E+01  0.2801E-02 -0.3820E+01  0.0000E+00      -1  -0.764E+01   20.00
   7    -3.0000     -28.241 0.3514   0.1063E+01  0.2742E-02 -0.3766E+01  0.0000E+00      -1  -0.753E+01   20.00
   8    -3.5000     -29.609 0.3475   0.9374E+00  0.2675E-02 -0.3704E+01  0.0000E+00      -1  -0.741E+01   20.00
   9    -4.0000     -31.161 0.3436   0.8517E+00  0.2600E-02 -0.3637E+01  0.0000E+00      -1  -0.727E+01   20.00
  10    -4.5000     -32.886 0.3393   0.7673E+00  0.2517E-02 -0.3563E+01  0.0000E+00      -1  -0.713E+01   20.00
  11    -5.0000     -34.834 0.3345   0.6721E+00  0.2424E-02 -0.3477E+01  0.0000E+00      -1  -0.695E+01   20.00
  12    -5.5000     -37.118 0.3289   0.5604E+00  0.2314E-02 -0.3377E+01  0.0000E+00      -1  -0.675E+01   20.00
  13    -6.0000     -39.806 0.3231   0.4821E+00  0.2200E-02 -0.3266E+01  0.0000E+00      -1  -0.653E+01   20.00
  14    -6.5000     -42.916 0.3166   0.4068E+00  0.2073E-02 -0.3142E+01  0.0000E+00      -1  -0.628E+01   20.00
  15    -7.0000     -46.670 0.3088   0.3160E+00  0.1919E-02 -0.2996E+01  0.0000E+00      -1  -0.599E+01   20.00
  16    -7.5000     -51.295 0.3007   0.2532E+00  0.1766E-02 -0.2831E+01  0.0000E+00      -1  -0.566E+01   20.00
  17    -8.0000     -57.000 0.2911   0.1893E+00  0.1587E-02 -0.2634E+01  0.0000E+00      -1  -0.527E+01   20.00
  18    -8.5000     -64.278 0.2805   0.1350E+00  0.1399E-02 -0.2402E+01  0.0000E+00      -1  -0.480E+01   20.00
  19    -9.0000     -74.043 0.2677   0.8730E-01  0.1184E-02 -0.2148E+01  0.0000E+00      -1  -0.430E+01   20.00
  20    -9.5000     -87.699 0.2536   0.5492E-01  0.9727E-03 -0.1845E+01  0.0000E+00      -1  -0.369E+01   20.00
  21   -10.0000    -106.974 0.2374   0.2981E-01  0.7542E-03 -0.1480E+01  0.0000E+00      -1  -0.296E+01   20.00
  22   -10.5000    -135.770 0.2193   0.1405E-01  0.5460E-03 -0.1069E+01  0.0000E+00      -1  -0.214E+01   20.00
  23   -11.0000    -178.230 0.2005   0.5803E-02  0.3704E-03 -0.6471E+00  0.0000E+00      -1  -0.129E+01   20.00
  24   -11.5000    -231.447 0.1844   0.2412E-02  0.2513E-03 -0.3037E+00  0.0000E+00      -1  -0.607E+00   20.00
  25   -12.0000    -274.486 0.1752   0.1406E-02  0.1966E-03 -0.1071E+00  0.0000E+00      -1  -0.214E+00   20.00
  26   -12.5000    -293.171 0.1715   0.1097E-02  0.1764E-03 -0.3007E-01  0.0000E+00      -1  -0.601E-01   20.00
  27   -13.0000    -298.431 0.1705   0.1010E-02  0.1708E-03 -0.7794E-02  0.0000E+00      -1  -0.156E-01   20.00
  28   -13.5000    -299.660 0.1703   0.9895E-03  0.1695E-03 -0.2486E-02  0.0000E+00      -1  -0.497E-02   20.00
  29   -14.0000    -299.928 0.1702   0.9851E-03  0.1692E-03 -0.1307E-02  0.0000E+00      -1  -0.261E-02   20.00
  30   -14.5000    -299.985 0.1702   0.9842E-03  0.1691E-03 -0.1052E-02  0.0000E+00      -1  -0.210E-02   20.00
  31   -15.0000    -299.997 0.1702   0.9840E-03  0.1691E-03 -0.9981E-03  0.0000E+00      -1  -0.200E-02   20.00
  32   -15.5000    -299.999 0.1702   0.9839E-03  0.1691E-03 -0.9869E-03  0.0000E+00      -1  -0.197E-02   20.00
  33   -16.0000    -300.000 0.1702   0.9839E-03  0.1691E-03 -0.9845E-03  0.0000E+00      -1  -0.197E-02   20.00
  34   -16.5000    -300.000 0.1702   0.9839E-03  0.1691E-03 -0.9840E-03  0.0000E+00      -1  -0.197E-02   20.00
  35   -17.0000    -300.000 0.1702   0.9839E-03  0.1691E-03 -0.9839E-03  0.0000E+00      -1  -0.197E-02   20.00
  36   -17.5000    -300.000 0.1702   0.9839E-03  0.1691E-03 -0.9839E-03  0.0000E+00      -1  -0.197E-02   20.00
  37   -18.0000    -300.000 0.1702   0.9839E-03  0.1691E-03 -0.9839E-03  0.0000E+00      -1  -0.197E-02   20.00
  38   -18.5000    -300.000 0.1702   0.9839E-03  0.1691E-03 -0.9839E-03  0.0000E+00      -1  -0.197E-02   20.00
  39   -19.0000    -300.000 0.1702   0.9839E-03  0.1691E-03 -0.9839E-03  0.0000E+00      -1  -0.197E-02   20.00
  40   -19.5000    -300.000 0.1702   0.9839E-03  0.1691E-03 -0.9839E-03  0.0000E+00      -1  -0.197E-02   20.00
  41   -20.0000    -300.000 0.1702   0.9839E-03  0.1691E-03 -0.9839E-03  0.0000E+00      -1  -0.197E-02   20.00
  42   -20.5000    -300.000 0.1702   0.9839E-03  0.1691E-03 -0.9839E-03  0.0000E+00      -1  -0.197E-02   20.00
  43   -21.0000    -300.000 0.1702   0.9839E-03  0.1691E-03 -0.9839E-03  0.0000E+00      -1  -0.197E-02   20.00
  44   -21.5000    -300.000 0.1702   0.9839E-03  0.1691E-03 -0.9839E-03  0.0000E+00      -1  -0.197E-02   20.00
  45   -22.0000    -300.000 0.1702   0.9839E-03  0.1691E-03 -0.9839E-03  0.0000E+00      -1  -0.197E-02   20.00
  46   -22.5000    -300.000 0.1702   0.9839E-03  0.1691E-03 -0.9839E-03  0.0000E+00      -1  -0.197E-02   20.00
  47   -23.0000    -300.000 0.1702   0.9839E-03  0.1691E-03 -0.9839E-03  0.0000E+00      -1  -0.197E-02   20.00
  48   -23.5000    -300.000 0.1702   0.9839E-03  0.1691E-03 -0.9839E-03  0.0000E+00      -1  -0.197E-02   20.00
  49   -24.0000    -300.000 0.1702   0.9839E-03  0.1691E-03 -0.9839E-03  0.0000E+00      -1  -0.197E-02   20.00
  50   -24.5000    -300.000 0.1702   0.9839E-03  0.1691E-03 -0.9839E-03  0.0000E+00      -1  -0.197E-02   20.00
  51   -25.0000    -300.000 0.1702   0.9839E-03  0.1691E-03 -0.9839E-03  0.0000E+00      -1  -0.197E-02   20.00
  52   -25.5000    -300.000 0.1702   0.9839E-03  0.1691E-03 -0.9839E-03  0.0000E+00      -1  -0.197E-02   20.00
  53   -26.0000    -300.000 0.1702   0.9839E-03  0.1691E-03 -0.9839E-03  0.0000E+00      -1  -0.197E-02   20.00
  54   -26.5000    -300.000 0.1702   0.9839E-03  0.1691E-03 -0.9839E-03  0.0000E+00      -1  -0.197E-02   20.00
  55   -27.0000    -300.000 0.1702   0.9839E-03  0.1691E-03 -0.9839E-03  0.0000E+00      -1  -0.197E-02   20.00
  56   -27.5000    -300.000 0.1702   0.9839E-03  0.1691E-03 -0.9839E-03  0.0000E+00      -1  -0.197E-02   20.00
  57   -28.0000    -300.000 0.1702   0.9839E-03  0.1691E-03 -0.9839E-03  0.0000E+00      -1  -0.197E-02   20.00
  58   -28.5000    -300.000 0.1702   0.9839E-03  0.1691E-03 -0.9839E-03  0.0000E+00      -1  -0.197E-02   20.00
  59   -29.0000    -300.000 0.1702   0.9839E-03  0.1691E-03 -0.9839E-03  0.0000E+00      -1  -0.197E-02   20.00
  60   -29.5000    -300.000 0.1702   0.9839E-03  0.1691E-03 -0.9839E-03  0.0000E+00      -1  -0.197E-02   20.00
  61   -30.0000    -300.000 0.1702   0.9839E-03  0.1691E-03 -0.9839E-03  0.0000E+00      -1  -0.197E-02   20.00
  62   -30.5000    -300.000 0.1702   0.9839E-03  0.1691E-03 -0.9839E-03  0.0000E+00      -1  -0.197E-02   20.00
  63   -31.0000    -300.000 0.1702   0.9839E-03  0.1691E-03 -0.9839E-03  0.0000E+00      -1  -0.197E-02   20.00
  64   -31.5000    -300.000 0.1702   0.9839E-03  0.1691E-03 -0.9839E-03  0.0000E+00      -1  -0.197E-02   20.00
  65   -32.0000    -300.000 0.1702   0.9839E-03  0.1691E-03 -0.9839E-03  0.0000E+00      -1  -0.197E-02   20.00
  66   -32.5000    -300.000 0.1702   0.9839E-03  0.1691E-03 -0.9839E-03  0.0000E+00      -1  -0.197E-02   20.00
  67   -33.0000    -300.000 0.1702   0.9839E-03  0.1691E-03 -0.9839E-03  0.0000E+00      -1  -0.197E-02   20.00
  68   -33.5000    -300.000 0.1702   0.9839E-03  0.1691E-03 -0.9839E-03  0.0000E+00      -1  -0.197E-02   20.00
  69   -34.0000    -300.000 0.1702   0.9839E-03  0.1691E-03 -0.9839E-03  0.0000E+00      -1  -0.197E-02   20.00
  70   -34.5000    -300.000 0.1702   0.9839E-03  0.1691E-03 -0.9839E-03  0.0000E+00      -1  -0.197E-02   20.00
  71   -35.0000    -300.000 0.1702   0.9839E-03  0.1691E-03 -0.9839E-03  0.0000E+00      -1  -0.197E-02   20.00
  72   -35.5000    -300.000 0.1702   0.9839E-03  0.1691E-03 -0.9839E-03  0.0000E+00      -1  -0.197E-02   20.00
  73   -36.0000    -300.000 0.1702   0.9839E-03  0.1691E-03 -0.9839E-03  0.0000E+00      -1  -0.197E-02   20.00
  74   -36.5000    -300.000 0.1702   0.9839E-03  0.1691E-03 -0.9839E-03  0.0000E+00      -1  -0.197E-02   20.00
  75   -37.0000    -300.000 0.1702   0.9839E-03  0.1691E-03 -0.9839E-03  0.0000E+00      -1  -0.197E-02   20.00
  76   -37.5000    -300.000 0.1702   0.9839E-03  0.1691E-03 -0.9839E-03  0.0000E+00      -1  -0.197E-02   20.00
  77   -38.0000    -300.000 0.1702   0.9839E-03  0.1691E-03 -0.9839E-03  0.0000E+00      -1  -0.197E-02   20.00
  78   -38.5000    -300.000 0.1702   0.9839E-03  0.1691E-03 -0.9839E-03  0.0000E+00      -1  -0.197E-02   20.00
  79   -39.0000    -300.000 0.1702   0.9839E-03  0.1691E-03 -0.9839E-03  0.0000E+00      -1  -0.197E-02   20.00
  80   -39.5000    -300.000 0.1702   0.9839E-03  0.1691E-03 -0.9839E-03  0.0000E+00      -1  -0.197E-02   20.00
  81   -40.0000    -300.000 0.1702   0.9839E-03  0.1691E-03 -0.9839E-03  0.0000E+00      -1  -0.197E-02   20.00
  82   -40.5000    -300.000 0.1702   0.9839E-03  0.1691E-03 -0.9839E-03  0.0000E+00      -1  -0.197E-02   20.00
  83   -41.0000    -300.000 0.1702   0.9839E-03  0.1691E-03 -0.9839E-03  0.0000E+00      -1  -0.197E-02   20.00
  84   -41.5000    -300.000 0.1702   0.9839E-03  0.1691E-03 -0.9839E-03  0.0000E+00      -1  -0.197E-02   20.00
  85   -42.0000    -300.000 0.1702   0.9839E-03  0.1691E-03 -0.9839E-03  0.0000E+00      -1  -0.197E-02   20.00
  86   -42.5000    -300.000 0.1702   0.9839E-03  0.1691E-03 -0.9839E-03  0.0000E+00      -1  -0.197E-02   20.00
  87   -43.0000    -300.000 0.1702   0.9839E-03  0.1691E-03 -0.9839E-03  0.0000E+00      -1  -0.197E-02   20.00
  88   -43.5000    -300.000 0.1702   0.9839E-03  0.1691E-03 -0.9839E-03  0.0000E+00      -1  -0.197E-02   20.00
  89   -44.0000    -300.000 0.1702   0.9839E-03  0.1691E-03 -0.9839E-03  0.0000E+00      -1  -0.197E-02   20.00
  90   -44.5000    -300.000 0.1702   0.9839E-03  0.1691E-03 -0.9839E-03  0.0000E+00      -1  -0.197E-02   20.00
  91   -45.0000    -300.000 0.1702   0.9839E-03  0.1691E-03 -0.9839E-03  0.0000E+00      -1  -0.197E-02   20.00
  92   -45.5000    -300.000 0.1702   0.9839E-03  0.1691E-03 -0.9839E-03  0.0000E+00      -1  -0.197E-02   20.00
  93   -46.0000    -300.000 0.1702   0.9839E-03  0.1691E-03 -0.9839E-03  0.0000E+00      -1  -0.197E-02   20.00
  94   -46.5000    -300.000 0.1702   0.9839E-03  0.1691E-03 -0.9839E-03  0.0000E+00      -1  -0.197E-02   20.00
  95   -47.0000    -300.000 0.1702   0.9839E-03  0.1691E-03 -0.9839E-03  0.0000E+00      -1  -0.197E-02   20.00
  96   -47.5000    -300.000 0.1702   0.9839E-03  0.1691E-03 -0.9839E-03  0.0000E+00      -1  -0.197E-02   20.00
  97   -48.0000    -300.000 0.1702   0.9839E-03  0.1691E-03 -0.9839E-03  0.0000E+00      -1  -0.197E-02   20.00
  98   -48.5000    -300.000 0.1702   0.9839E-03  0.1691E-03 -0.9839E-03  0.0000E+00      -1  -0.197E-02   20.00
  99   -49.0000    -300.000 0.1702   0.9839E-03  0.1691E-03 -0.9839E-03  0.0000E+00      -1  -0.197E-02   20.00
 100   -49.5000    -300.000 0.1702   0.9839E-03  0.1691E-03 -0.9839E-03  0.0000E+00      -1  -0.197E-02   20.00
 101   -50.0000    -300.000 0.1702   0.9839E-03  0.1691E-03 -0.9839E-03  0.0000E+00      -1  -0.197E-02   20.00
 102   -50.5000    -300.000 0.1702   0.9839E-03  0.1691E-03 -0.9839E-03  0.0000E+00      -1  -0.197E-02   20.00
 103   -51.0000    -300.000 0.1702   0.9839E-03  0.1691E-03 -0.9839E-03  0.0000E+00      -1  -0.197E-02   20.00
 104   -51.5000    -300.000 0.1702   0.9839E-03  0.1691E-03 -0.9839E-03  0.0000E+00      -1  -0.197E-02   20.00
 105   -52.0000    -300.000 0.1702   0.9839E-03  0.1691E-03 -0.9839E-03  0.0000E+00      -1  -0.197E-02   20.00
 106   -52.5000    -300.000 0.1702   0.9839E-03  0.1691E-03 -0.9839E-03  0.0000E+00      -1  -0.197E-02   20.00
 107   -53.0000    -300.000 0.1702   0.9839E-03  0.1691E-03 -0.9839E-03  0.0000E+00      -1  -0.197E-02   20.00
 108   -53.5000    -300.000 0.1702   0.9839E-03  0.1691E-03 -0.9839E-03  0.0000E+00      -1  -0.197E-02   20.00
 109   -54.0000    -300.000 0.1702   0.9839E-03  0.1691E-03 -0.9839E-03  0.0000E+00      -1  -0.197E-02   20.00
 110   -54.5000    -300.000 0.1702   0.9839E-03  0.1691E-03 -0.9839E-03  0.0000E+00      -1  -0.197E-02   20.00
 111   -55.0000    -300.000 0.1702   0.9839E-03  0.1691E-03 -0.9839E-03  0.0000E+00      -1  -0.197E-02   20.00
 112   -55.5000    -300.000 0.1702   0.9839E-03  0.1691E-03 -0.9839E-03  0.0000E+00      -1  -0.197E-02   20.00
 113   -56.0000    -300.000 0.1702   0.9839E-03  0.1691E-03 -0.9839E-03  0.0000E+00      -1  -0.197E-02   20.00
 114   -56.5000    -300.000 0.1702   0.9839E-03  0.1691E-03 -0.9839E-03  0.0000E+00      -1  -0.197E-02   20.00
 115   -57.0000    -300.000 0.1702   0.9839E-03  0.1691E-03 -0.9839E-03  0.0000E+00      -1  -0.197E-02   20.00
 116   -57.5000    -300.000 0.1702   0.9839E-03  0.1691E-03 -0.9839E-03  0.0000E+00      -1  -0.197E-02   20.00
 117   -58.0000    -300.000 0.1702   0.9839E-03  0.1691E-03 -0.9839E-03  0.0000E+00      -1  -0.197E-02   20.00
 118   -58.5000    -300.000 0.1702   0.9839E-03  0.1691E-03 -0.9839E-03  0.0000E+00      -1  -0.197E-02   20.00
 119   -59.0000    -300.000 0.1702   0.9839E-03  0.1691E-03 -0.9839E-03  0.0000E+00      -1  -0.197E-02   20.00
 120   -59.5000    -300.000 0.1702   0.9839E-03  0.1691E-03 -0.9839E-03  0.0000E+00      -1  -0.197E-02   20.00
 121   -60.0000    -300.000 0.1702   0.9839E-03  0.1691E-03 -0.9839E-03  0.0000E+00      -1  -0.197E-02   20.00
 122   -60.5000    -300.000 0.1702   0.9839E-03  0.1691E-03 -0.9839E-03  0.0000E+00      -1  -0.197E-02   20.00
 123   -61.0000    -300.000 0.1702   0.9839E-03  0.1691E-03 -0.9839E-03  0.0000E+00      -1  -0.197E-02   20.00
 124   -61.5000    -300.000 0.1702   0.9839E-03  0.1691E-03 -0.9839E-03  0.0000E+00      -1  -0.197E-02   20.00
 125   -62.0000    -300.000 0.1702   0.9839E-03  0.1691E-03 -0.9839E-03  0.0000E+00      -1  -0.197E-02   20.00
 126   -62.5000    -300.000 0.1702   0.9839E-03  0.1691E-03 -0.9839E-03  0.0000E+00      -1  -0.197E-02   20.00
 127   -63.0000    -300.000 0.1702   0.9839E-03  0.1691E-03 -0.9839E-03  0.0000E+00      -1  -0.197E-02   20.00
 128   -63.5000    -300.000 0.1702   0.9839E-03  0.1691E-03 -0.9839E-03  0.0000E+00      -1  -0.197E-02   20.00
 129   -64.0000    -300.000 0.1702   0.9839E-03  0.1691E-03 -0.9839E-03  0.0000E+00      -1  -0.197E-02   20.00
 130   -64.5000    -300.000 0.1702   0.9839E-03  0.1691E-03 -0.9839E-03  0.0000E+00      -1  -0.197E-02   20.00
 131   -65.0000    -300.000 0.1702   0.9839E-03  0.1691E-03 -0.9839E-03  0.0000E+00      -1  -0.197E-02   20.00
 132   -65.5000    -300.000 0.1702   0.9839E-03  0.1691E-03 -0.9839E-03  0.0000E+00      -1  -0.197E-02   20.00
 133   -66.0000    -300.000 0.1702   0.9839E-03  0.1691E-03 -0.9839E-03  0.0000E+00      -1  -0.197E-02   20.00
 134   -66.5000    -300.000 0.1702   0.9839E-03  0.1691E-03 -0.9839E-03  0.0000E+00      -1  -0.197E-02   20.00
 135   -67.0000    -300.000 0.1702   0.9839E-03  0.1691E-03 -0.9839E-03  0.0000E+00      -1  -0.197E-02   20.00
 136   -67.5000    -300.000 0.1702   0.9839E-03  0.1691E-03 -0.9839E-03  0.0000E+00      -1  -0.197E-02   20.00
 137   -68.0000    -300.000 0.1702   0.9839E-03  0.1691E-03 -0.9839E-03  0.0000E+00      -1  -0.197E-02   20.00
 138   -68.5000    -300.000 0.1702   0.9839E-03  0.1691E-03 -0.9839E-03  0.0000E+00      -1  -0.197E-02   20.00
 139   -69.0000    -300.000 0.1702   0.9839E-03  0.1691E-03 -0.9839E-03  0.0000E+00      -1  -0.197E-02   20.00
 140   -69.5000    -300.000 0.1702   0.9839E-03  0.1691E-03 -0.9839E-03  0.0000E+00      -1  -0.197E-02   20.00
 141   -70.0000    -300.000 0.1702   0.9839E-03  0.1691E-03 -0.9839E-03  0.0000E+00      -1  -0.197E-02   20.00
 142   -70.5000    -300.000 0.1702   0.9839E-03  0.1691E-03 -0.9839E-03  0.0000E+00      -1  -0.197E-02   20.00
 143   -71.0000    -300.000 0.1702   0.9839E-03  0.1691E-03 -0.9839E-03  0.0000E+00      -1  -0.197E-02   20.00
 144   -71.5000    -300.000 0.1702   0.9839E-03  0.1691E-03 -0.9839E-03  0.0000E+00      -1  -0.197E-02   20.00
 145   -72.0000    -300.000 0.1702   0.9839E-03  0.1691E-03 -0.9839E-03  0.0000E+00      -1  -0.197E-02   20.00
 146   -72.5000    -300.000 0.1702   0.9839E-03  0.1691E-03 -0.9839E-03  0.0000E+00      -1  -0.197E-02   20.00
 147   -73.0000    -300.000 0.1702   0.9839E-03  0.1691E-03 -0.9839E-03  0.0000E+00      -1  -0.197E-02   20.00
 148   -73.5000    -300.000 0.1702   0.9839E-03  0.1691E-03 -0.9839E-03  0.0000E+00      -1  -0.197E-02   20.00
 149   -74.0000    -300.000 0.1702   0.9839E-03  0.1691E-03 -0.9839E-03  0.0000E+00      -1  -0.197E-02   20.00
 150   -74.5000    -300.000 0.1702   0.9839E-03  0.1691E-03 -0.9839E-03  0.0000E+00      -1  -0.197E-02   20.00
 151   -75.0000    -300.000 0.1702   0.9839E-03  0.1691E-03 -0.9839E-03  0.0000E+00      -1  -0.197E-02   20.00
 152   -75.5000    -300.000 0.1702   0.9839E-03  0.1691E-03 -0.9839E-03  0.0000E+00      -1  -0.197E-02   20.00
 153   -76.0000    -300.000 0.1702   0.9839E-03  0.1691E-03 -0.9839E-03  0.0000E+00      -1  -0.197E-02   20.00
 154   -76.5000    -300.000 0.1702   0.9839E-03  0.1691E-03 -0.9839E-03  0.0000E+00      -1  -0.197E-02   20.00
 155   -77.0000    -300.000 0.1702   0.9839E-03  0.1691E-03 -0.9839E-03  0.0000E+00      -1  -0.197E-02   20.00
 156   -77.5000    -300.000 0.1702   0.9839E-03  0.1691E-03 -0.9839E-03  0.0000E+00      -1  -0.197E-02   20.00
 157   -78.0000    -300.000 0.1702   0.9839E-03  0.1691E-03 -0.9839E-03  0.0000E+00      -1  -0.197E-02   20.00
 158   -78.5000    -300.000 0.1702   0.9839E-03  0.1691E-03 -0.9839E-03  0.0000E+00      -1  -0.197E-02   20.00
 159   -79.0000    -300.000 0.1702   0.9839E-03  0.1691E-03 -0.9839E-03  0.0000E+00      -1  -0.197E-02   20.00
 160   -79.5000    -300.000 0.1702   0.9839E-03  0.1691E-03 -0.9839E-03  0.0000E+00      -1  -0.197E-02   20.00
 161   -80.0000    -300.000 0.1702   0.9839E-03  0.1691E-03 -0.9839E-03  0.0000E+00      -1  -0.197E-02   20.00
 162   -80.5000    -300.000 0.1702   0.9839E-03  0.1691E-03 -0.9839E-03  0.0000E+00      -1  -0.197E-02   20.00
 163   -81.0000    -300.000 0.1702   0.9839E-03  0.1691E-03 -0.9839E-03  0.0000E+00      -1  -0.197E-02   20.00
 164   -81.5000    -300.000 0.1702   0.9839E-03  0.1691E-03 -0.9839E-03  0.0000E+00      -1  -0.197E-02   20.00
 165   -82.0000    -300.000 0.1702   0.9839E-03  0.1691E-03 -0.9839E-03  0.0000E+00      -1  -0.197E-02   20.00
 166   -82.5000    -300.000 0.1702   0.9839E-03  0.1691E-03 -0.9839E-03  0.0000E+00      -1  -0.197E-02   20.00
 167   -83.0000    -300.000 0.1702   0.9839E-03  0.1691E-03 -0.9839E-03  0.0000E+00      -1  -0.197E-02   20.00
 168   -83.5000    -300.000 0.1702   0.9839E-03  0.1691E-03 -0.9839E-03  0.0000E+00      -1  -0.197E-02   20.00
 169   -84.0000    -300.000 0.1702   0.9839E-03  0.1691E-03 -0.9839E-03  0.0000E+00      -1  -0.197E-02   20.00
 170   -84.5000    -300.000 0.1702   0.9839E-03  0.1691E-03 -0.9839E-03  0.0000E+00      -1  -0.197E-02   20.00
 171   -85.0000    -300.000 0.1702   0.9839E-03  0.1691E-03 -0.9839E-03  0.0000E+00      -1  -0.197E-02   20.00
 172   -85.5000    -300.000 0.1702   0.9839E-03  0.1691E-03 -0.9839E-03  0.0000E+00      -1  -0.197E-02   20.00
 173   -86.0000    -300.000 0.1702   0.9839E-03  0.1691E-03 -0.9839E-03  0.0000E+00      -1  -0.197E-02   20.00
 174   -86.5000    -300.000 0.1702   0.9839E-03  0.1691E-03 -0.9839E-03  0.0000E+00      -1  -0.197E-02   20.00
 175   -87.0000    -300.000 0.1702   0.9839E-03  0.1691E-03 -0.9839E-03  0.0000E+00      -1  -0.197E-02   20.00
 176   -87.5000    -300.000 0.1702   0.9839E-03  0.1691E-03 -0.9839E-03  0.0000E+00      -1  -0.197E-02   20.00
 177   -88.0000    -300.000 0.1702   0.9839E-03  0.1691E-03 -0.9839E-03  0.0000E+00      -1  -0.197E-02   20.00
 178   -88.5000    -300.000 0.1702   0.9839E-03  0.1691E-03 -0.9839E-03  0.0000E+00      -1  -0.197E-02   20.00
 179   -89.0000    -300.000 0.1702   0.9839E-03  0.1691E-03 -0.9839E-03  0.0000E+00      -1  -0.197E-02   20.00
 180   -89.5000    -300.000 0.1702   0.9839E-03  0.1691E-03 -0.9839E-03  0.0000E+00      -1  -0.197E-02   20.00
 181   -90.0000    -300.000 0.1702   0.9839E-03  0.1691E-03 -0.9839E-03  0.0000E+00      -1  -0.197E-02   20.00
 182   -90.5000    -300.000 0.1702   0.9839E-03  0.1691E-03 -0.9839E-03  0.0000E+00      -1  -0.197E-02   20.00
 183   -91.0000    -300.000 0.1702   0.9839E-03  0.1691E-03 -0.9839E-03  0.0000E+00      -1  -0.197E-02   20.00
 184   -91.5000    -300.000 0.1702   0.9839E-03  0.1691E-03 -0.9839E-03  0.0000E+00      -1  -0.197E-02   20.00
 185   -92.0000    -300.000 0.1702   0.9839E-03  0.1691E-03 -0.9839E-03  0.0000E+00      -1  -0.197E-02   20.00
 186   -92.5000    -300.000 0.1702   0.9839E-03  0.1691E-03 -0.9839E-03  0.0000E+00      -1  -0.197E-02   20.00
 187   -93.0000    -300.000 0.1702   0.9839E-03  0.1691E-03 -0.9839E-03  0.0000E+00      -1  -0.197E-02   20.00
 188   -93.5000    -300.000 0.1702   0.9839E-03  0.1691E-03 -0.9839E-03  0.0000E+00      -1  -0.197E-02   20.00
 189   -94.0000    -300.000 0.1702   0.9839E-03  0.1691E-03 -0.9839E-03  0.0000E+00      -1  -0.197E-02   20.00
 190   -94.5000    -300.000 0.1702   0.9839E-03  0.1691E-03 -0.9839E-03  0.0000E+00      -1  -0.197E-02   20.00
 191   -95.0000    -300.000 0.1702   0.9839E-03  0.1691E-03 -0.9839E-03  0.0000E+00      -1  -0.197E-02   20.00
 192   -95.5000    -300.000 0.1702   0.9839E-03  0.1691E-03 -0.9839E-03  0.0000E+00      -1  -0.197E-02   20.00
 193   -96.0000    -300.000 0.1702   0.9839E-03  0.1691E-03 -0.9839E-03  0.0000E+00      -1  -0.197E-02   20.00
 194   -96.5000    -300.000 0.1702   0.9839E-03  0.1691E-03 -0.9839E-03  0.0000E+00      -1  -0.197E-02   20.00
 195   -97.0000    -300.000 0.1702   0.9839E-03  0.1691E-03 -0.9839E-03  0.0000E+00      -1  -0.197E-02   20.00
 196   -97.5000    -300.000 0.1702   0.9839E-03  0.1691E-03 -0.9839E-03  0.0000E+00      -1  -0.197E-02   20.00
 197   -98.0000    -300.000 0.1702   0.9839E-03  0.1691E-03 -0.9839E-03  0.0000E+00      -1  -0.197E-02   20.00
 198   -98.5000    -300.000 0.1702   0.9839E-03  0.1691E-03 -0.9839E-03  0.0000E+00      -1  -0.197E-02   20.00
 199   -99.0000    -300.000 0.1702   0.9839E-03  0.1691E-03 -0.9839E-03  0.0000E+00      -1  -0.197E-02   20.00
 200   -99.5000    -300.000 0.1702   0.9839E-03  0.1691E-03 -0.9839E-03  0.0000E+00      -1  -0.197E-02   20.00
 201  -100.0000    -300.000 0.1702   0.9839E-03  0.1691E-03 -0.9839E-03  0.0000E+00      -1  -0.197E-02   20.00
end


 Time:        0.4000


 Node      Depth      Head Moisture       K          C         Flux        Sink         Kappa   v/KsTop   Temp
           [L]        [L]    [-]        [L/T]      [1/L]      [L/T]        [1/T]         [-]      [-]      [C]

   1     0.0000       0.000 0.4300   0.5000E+00  0.0000E+00 -0.3889E+01  0.0000E+00      -1  -0.778E+01   20.00
   2    -0.5000      -5.124 0.4213   0.1915E+00  0.2499E-02 -0.3887E+01  0.0000E+00      -1  -0.777E+01   20.00
   3    -1.0000     -21.712 0.3702   0.3590E-01  0.3044E-02 -0.3871E+01  0.0000E+00      -1  -0.774E+01   20.00
   4    -1.5000     -23.768 0.3640   0.1473E+01  0.2961E-02 -0.3842E+01  0.0000E+00      -1  -0.768E+01   20.00
   5    -2.0000     -24.602 0.3616   0.1397E+01  0.2920E-02 -0.3808E+01  0.0000E+00      -1  -0.762E+01   20.00
   6    -2.5000     -25.500 0.3591   0.1314E+01  0.2876E-02 -0.3771E+01  0.0000E+00      -1  -0.754E+01   20.00
   7    -3.0000     -26.477 0.3563   0.1224E+01  0.2828E-02 -0.3728E+01  0.0000E+00      -1  -0.746E+01   20.00
   8    -3.5000     -27.554 0.3533   0.1126E+01  0.2775E-02 -0.3680E+01  0.0000E+00      -1  -0.736E+01   20.00
   9    -4.0000     -28.761 0.3499   0.1015E+01  0.2716E-02 -0.3624E+01  0.0000E+00      -1  -0.725E+01   20.00
  10    -4.5000     -30.136 0.3461   0.9018E+00  0.2649E-02 -0.3563E+01  0.0000E+00      -1  -0.713E+01   20.00
  11    -5.0000     -31.681 0.3423   0.8262E+00  0.2575E-02 -0.3498E+01  0.0000E+00      -1  -0.700E+01   20.00
  12    -5.5000     -33.388 0.3381   0.7427E+00  0.2493E-02 -0.3423E+01  0.0000E+00      -1  -0.685E+01   20.00
  13    -6.0000     -35.320 0.3333   0.6482E+00  0.2400E-02 -0.3335E+01  0.0000E+00      -1  -0.667E+01   20.00
  14    -6.5000     -37.594 0.3277   0.5370E+00  0.2291E-02 -0.3239E+01  0.0000E+00      -1  -0.648E+01   20.00
  15    -7.0000     -40.259 0.3221   0.4710E+00  0.2181E-02 -0.3135E+01  0.0000E+00      -1  -0.627E+01   20.00
  16    -7.5000     -43.307 0.3158   0.3972E+00  0.2056E-02 -0.3014E+01  0.0000E+00      -1  -0.603E+01   20.00
  17    -8.0000     -46.988 0.3081   0.3079E+00  0.1905E-02 -0.2876E+01  0.0000E+00      -1  -0.575E+01   20.00
  18    -8.5000     -51.508 0.3003   0.2506E+00  0.1759E-02 -0.2723E+01  0.0000E+00      -1  -0.545E+01   20.00
  19    -9.0000     -57.023 0.2911   0.1887E+00  0.1586E-02 -0.2540E+01  0.0000E+00      -1  -0.508E+01   20.00
  20    -9.5000     -64.026 0.2808   0.1361E+00  0.1404E-02 -0.2330E+01  0.0000E+00      -1  -0.466E+01   20.00
  21   -10.0000     -73.336 0.2686   0.9058E-01  0.1199E-02 -0.2094E+01  0.0000E+00      -1  -0.419E+01   20.00
  22   -10.5000     -86.033 0.2553   0.5828E-01  0.9967E-03 -0.1806E+01  0.0000E+00      -1  -0.361E+01   20.00
  23   -11.0000    -103.675 0.2399   0.3251E-01  0.7846E-03 -0.1468E+01  0.0000E+00      -1  -0.294E+01   20.00
  24   -11.5000    -129.768 0.2225   0.1596E-01  0.5795E-03 -0.1094E+01  0.0000E+00      -1  -0.219E+01   20.00
  25   -12.0000    -168.444 0.2043   0.6982E-02  0.4025E-03 -0.7046E+00  0.0000E+00      -1  -0.141E+01   20.00
  26   -12.5000    -219.307 0.1877   0.2960E-02  0.2744E-03 -0.3605E+00  0.0000E+00      -1  -0.721E+00   20.00
  27   -13.0000    -265.385 0.1769   0.1558E-02  0.2064E-03 -0.1389E+00  0.0000E+00      -1  -0.278E+00   20.00
  28   -13.5000    -289.765 0.1722   0.1154E-02  0.1802E-03 -0.4268E-01  0.0000E+00      -1  -0.854E-01   20.00
  29   -14.0000    -297.481 0.1707   0.1026E-02  0.1718E-03 -0.1142E-01  0.0000E+00      -1  -0.228E-01   20.00
  30   -14.5000    -299.422 0.1703   0.9935E-03  0.1697E-03 -0.3403E-02  0.0000E+00      -1  -0.681E-02   20.00
  31   -15.0000    -299.871 0.1702   0.9861E-03  0.1692E-03 -0.1530E-02  0.0000E+00      -1  -0.306E-02   20.00
  32   -15.5000    -299.972 0.1702   0.9844E-03  0.1691E-03 -0.1106E-02  0.0000E+00      -1  -0.221E-02   20.00
  33   -16.0000    -299.994 0.1702   0.9840E-03  0.1691E-03 -0.1011E-02  0.0000E+00      -1  -0.202E-02   20.00
  34   -16.5000    -299.999 0.1702   0.9839E-03  0.1691E-03 -0.9898E-03  0.0000E+00      -1  -0.198E-02   20.00
  35   -17.0000    -300.000 0.1702   0.9839E-03  0.1691E-03 -0.9852E-03  0.0000E+00      -1  -0.197E-02   20.00
  36   -17.5000    -300.000 0.1702   0.9839E-03  0.1691E-03 -0.9841E-03  0.0000E+00      -1  -0.197E-02   20.00
  37   -18.0000    -300.000 0.1702   0.9839E-03  0.1691E-03 -0.9839E-03  0.0000E+00      -1  -0.197E-02   20.00
  38   -18.5000    -300.000 0.1702   0.9839E-03  0.1691E-03 -0.9839E-03  0.0000E+00      -1  -0.197E-02   20.00
  39   -19.0000    -300.000 0.1702   0.9839E-03  0.1691E-03 -0.9839E-03  0.0000E+00      -1  -0.197E-02   20.00
  40   -19.5000    -300.000 0.1702   0.9839E-03  0.1691E-03 -0.9839E-03  0.0000E+00      -1  -0.197E-02   20.00
  41   -20.0000    -300.000 0.1702   0.9839E-03  0.1691E-03 -0.9839E-03  0.0000E+00      -1  -0.197E-02   20.00
  42   -20.5000    -300.000 0.1702   0.9839E-03  0.1691E-03 -0.9839E-03  0.0000E+00      -1  -0.197E-02   20.00
  43   -21.0000    -300.000 0.1702   0.9839E-03  0.1691E-03 -0.9839E-03  0.0000E+00      -1  -0.197E-02   20.00
  44   -21.5000    -300.000 0.1702   0.9839E-03  0.1691E-03 -0.9839E-03  0.0000E+00      -1  -0.197E-02   20.00
  45   -22.0000    -300.000 0.1702   0.9839E-03  0.1691E-03 -0.9839E-03  0.0000E+00      -1  -0.197E-02   20.00
  46   -22.5000    -300.000 0.1702   0.9839E-03  0.1691E-03 -0.9839E-03  0.0000E+00      -1  -0.197E-02   20.00
  47   -23.0000    -300.000 0.1702   0.9839E-03  0.1691E-03 -0.9839E-03  0.0000E+00      -1  -0.197E-02   20.00
  48   -23.5000    -300.000 0.1702   0.9839E-03  0.1691E-03 -0.9839E-03  0.0000E+00      -1  -0.197E-02   20.00
  49   -24.0000    -300.000 0.1702   0.9839E-03  0.1691E-03 -0.9839E-03  0.0000E+00      -1  -0.197E-02   20.00
  50   -24.5000    -300.000 0.1702   0.9839E-03  0.1691E-03 -0.9839E-03  0.0000E+00      -1  -0.197E-02   20.00
  51   -25.0000    -300.000 0.1702   0.9839E-03  0.1691E-03 -0.9839E-03  0.0000E+00      -1  -0.197E-02   20.00
  52   -25.5000    -300.000 0.1702   0.9839E-03  0.1691E-03 -0.9839E-03  0.0000E+00      -1  -0.197E-02   20.00
  53   -26.0000    -300.000 0.1702   0.9839E-03  0.1691E-03 -0.9839E-03  0.0000E+00      -1  -0.197E-02   20.00
  54   -26.5000    -300.000 0.1702   0.9839E-03  0.1691E-03 -0.9839E-03  0.0000E+00      -1  -0.197E-02   20.00
  55   -27.0000    -300.000 0.1702   0.9839E-03  0.1691E-03 -0.9839E-03  0.0000E+00      -1  -0.197E-02   20.00
  56   -27.5000    -300.000 0.1702   0.9839E-03  0.1691E-03 -0.9839E-03  0.0000E+00      -1  -0.197E-02   20.00
  57   -28.0000    -300.000 0.1702   0.9839E-03  0.1691E-03 -0.9839E-03  0.0000E+00      -1  -0.197E-02   20.00
  58   -28.5000    -300.000 0.1702   0.9839E-03  0.1691E-03 -0.9839E-03  0.0000E+00      -1  -0.197E-02   20.00
  59   -29.0000    -300.000 0.1702   0.9839E-03  0.1691E-03 -0.9839E-03  0.0000E+00      -1  -0.197E-02   20.00
  60   -29.5000    -300.000 0.1702   0.9839E-03  0.1691E-03 -0.9839E-03  0.0000E+00      -1  -0.197E-02   20.00
  61   -30.0000    -300.000 0.1702   0.9839E-03  0.1691E-03 -0.9839E-03  0.0000E+00      -1  -0.197E-02   20.00
  62   -30.5000    -300.000 0.1702   0.9839E-03  0.1691E-03 -0.9839E-03  0.0000E+00      -1  -0.197E-02   20.00
  63   -31.0000    -300.000 0.1702   0.9839E-03  0.1691E-03 -0.9839E-03  0.0000E+00      -1  -0.197E-02   20.00
  64   -31.5000    -300.000 0.1702   0.9839E-03  0.1691E-03 -0.9839E-03  0.0000E+00      -1  -0.197E-02   20.00
  65   -32.0000    -300.000 0.1702   0.9839E-03  0.1691E-03 -0.9839E-03  0.0000E+00      -1  -0.197E-02   20.00
  66   -32.5000    -300.000 0.1702   0.9839E-03  0.1691E-03 -0.9839E-03  0.0000E+00      -1  -0.197E-02   20.00
  67   -33.0000    -300.000 0.1702   0.9839E-03  0.1691E-03 -0.9839E-03  0.0000E+00      -1  -0.197E-02   20.00
  68   -33.5000    -300.000 0.1702   0.9839E-03  0.1691E-03 -0.9839E-03  0.0000E+00      -1  -0.197E-02   20.00
  69   -34.0000    -300.000 0.1702   0.9839E-03  0.1691E-03 -0.9839E-03  0.0000E+00      -1  -0.197E-02   20.00
  70   -34.5000    -300.000 0.1702   0.9839E-03  0.1691E-03 -0.9839E-03  0.0000E+00      -1  -0.197E-02   20.00
  71   -35.0000    -300.000 0.1702   0.9839E-03  0.1691E-03 -0.9839E-03  0.0000E+00      -1  -0.197E-02   20.00
  72   -35.5000    -300.000 0.1702   0.9839E-03  0.1691E-03 -0.9839E-03  0.0000E+00      -1  -0.197E-02   20.00
  73   -36.0000    -300.000 0.1702   0.9839E-03  0.1691E-03 -0.9839E-03  0.0000E+00      -1  -0.197E-02   20.00
  74   -36.5000    -300.000 0.1702   0.9839E-03  0.1691E-03 -0.9839E-03  0.0000E+00      -1  -0.197E-02   20.00
  75   -37.0000    -300.000 0.1702   0.9839E-03  0.1691E-03 -0.9839E-03  0.0000E+00      -1  -0.197E-02   20.00
  76   -37.5000    -300.000 0.1702   0.9839E-03  0.1691E-03 -0.9839E-03  0.0000E+00      -1  -0.197E-02   20.00
  77   -38.0000    -300.000 0.1702   0.9839E-03  0.1691E-03 -0.9839E-03  0.0000E+00      -1  -0.197E-02   20.00
  78   -38.5000    -300.000 0.1702   0.9839E-03  0.1691E-03 -0.9839E-03  0.0000E+00      -1  -0.197E-02   20.00
  79   -39.0000    -300.000 0.1702   0.9839E-03  0.1691E-03 -0.9839E-03  0.0000E+00      -1  -0.197E-02   20.00
  80   -39.5000    -300.000 0.1702   0.9839E-03  0.1691E-03 -0.9839E-03  0.0000E+00      -1  -0.197E-02   20.00
  81   -40.0000    -300.000 0.1702   0.9839E-03  0.1691E-03 -0.9839E-03  0.0000E+00      -1  -0.197E-02   20.00
  82   -40.5000    -300.000 0.1702   0.9839E-03  0.1691E-03 -0.9839E-03  0.0000E+00      -1  -0.197E-02   20.00
  83   -41.0000    -300.000 0.1702   0.9839E-03  0.1691E-03 -0.9839E-03  0.0000E+00      -1  -0.197E-02   20.00
  84   -41.5000    -300.000 0.1702   0.9839E-03  0.1691E-03 -0.9839E-03  0.0000E+00      -1  -0.197E-02   20.00
  85   -42.0000    -300.000 0.1702   0.9839E-03  0.1691E-03 -0.9839E-03  0.0000E+00      -1  -0.197E-02   20.00
  86   -42.5000    -300.000 0.1702   0.9839E-03  0.1691E-03 -0.9839E-03  0.0000E+00      -1  -0.197E-02   20.00
  87   -43.0000    -300.000 0.1702   0.9839E-03  0.1691E-03 -0.9839E-03  0.0000E+00      -1  -0.197E-02   20.00
  88   -43.5000    -300.000 0.1702   0.9839E-03  0.1691E-03 -0.9839E-03  0.0000E+00      -1  -0.197E-02   20.00
  89   -44.0000    -300.000 0.1702   0.9839E-03  0.1691E-03 -0.9839E-03  0.0000E+00      -1  -0.197E-02   20.00
  90   -44.5000    -300.000 0.1702   0.9839E-03  0.1691E-03 -0.9839E-03  0.0000E+00      -1  -0.197E-02   20.00
  91   -45.0000    -300.000 0.1702   0.9839E-03  0.1691E-03 -0.9839E-03  0.0000E+00      -1  -0.197E-02   20.00
  92   -45.5000    -300.000 0.1702   0.9839E-03  0.1691E-03 -0.9839E-03  0.0000E+00      -1  -0.197E-02   20.00
  93   -46.0000    -300.000 0.1702   0.9839E-03  0.1691E-03 -0.9839E-03  0.0000E+00      -1  -0.197E-02   20.00
  94   -46.5000    -300.000 0.1702   0.9839E-03  0.1691E-03 -0.9839E-03  0.0000E+00      -1  -0.197E-02   20.00
  95   -47.0000    -300.000 0.1702   0.9839E-03  0.1691E-03 -0.9839E-03  0.0000E+00      -1  -0.197E-02   20.00
  96   -47.5000    -300.000 0.1702   0.9839E-03  0.1691E-03 -0.9839E-03  0.0000E+00      -1  -0.197E-02   20.00
  97   -48.0000    -300.000 0.1702   0.9839E-03  0.1691E-03 -0.9839E-03  0.0000E+00      -1  -0.197E-02   20.00
  98   -48.5000    -300.000 0.1702   0.9839E-03  0.1691E-03 -0.9839E-03  0.0000E+00      -1  -0.197E-02   20.00
  99   -49.0000    -300.000 0.1702   0.9839E-03  0.1691E-03 -0.9839E-03  0.0000E+00      -1  -0.197E-02   20.00
 100   -49.5000    -300.000 0.1702   0.9839E-03  0.1691E-03 -0.9839E-03  0.0000E+00      -1  -0.197E-02   20.00
 101   -50.0000    -300.000 0.1702   0.9839E-03  0.1691E-03 -0.9839E-03  0.0000E+00      -1  -0.197E-02   20.00
 102   -50.5000    -300.000 0.1702   0.9839E-03  0.1691E-03 -0.9839E-03  0.0000E+00      -1  -0.197E-02   20.00
 103   -51.0000    -300.000 0.1702   0.9839E-03  0.1691E-03 -0.9839E-03  0.0000E+00      -1  -0.197E-02   20.00
 104   -51.5000    -300.000 0.1702   0.9839E-03  0.1691E-03 -0.9839E-03  0.0000E+00      -1  -0.197E-02   20.00
 105   -52.0000    -300.000 0.1702   0.9839E-03  0.1691E-03 -0.9839E-03  0.0000E+00      -1  -0.197E-02   20.00
 106   -52.5000    -300.000 0.1702   0.9839E-03  0.1691E-03 -0.9839E-03  0.0000E+00      -1  -0.197E-02   20.00
 107   -53.0000    -300.000 0.1702   0.9839E-03  0.1691E-03 -0.9839E-03  0.0000E+00      -1  -0.197E-02   20.00
 108   -53.5000    -300.000 0.1702   0.9839E-03  0.1691E-03 -0.9839E-03  0.0000E+00      -1  -0.197E-02   20.00
 109   -54.0000    -300.000 0.1702   0.9839E-03  0.1691E-03 -0.9839E-03  0.0000E+00      -1  -0.197E-02   20.00
 110   -54.5000    -300.000 0.1702   0.9839E-03  0.1691E-03 -0.9839E-03  0.0000E+00      -1  -0.197E-02   20.00
 111   -55.0000    -300.000 0.1702   0.9839E-03  0.1691E-03 -0.9839E-03  0.0000E+00      -1  -0.197E-02   20.00
 112   -55.5000    -300.000 0.1702   0.9839E-03  0.1691E-03 -0.9839E-03  0.0000E+00      -1  -0.197E-02   20.00
 113   -56.0000    -300.000 0.1702   0.9839E-03  0.1691E-03 -0.9839E-03  0.0000E+00      -1  -0.197E-02   20.00
 114   -56.5000    -300.000 0.1702   0.9839E-03  0.1691E-03 -0.9839E-03  0.0000E+00      -1  -0.197E-02   20.00
 115   -57.0000    -300.000 0.1702   0.9839E-03  0.1691E-03 -0.9839E-03  0.0000E+00      -1  -0.197E-02   20.00
 116   -57.5000    -300.000 0.1702   0.9839E-03  0.1691E-03 -0.9839E-03  0.0000E+00      -1  -0.197E-02   20.00
 117   -58.0000    -300.000 0.1702   0.9839E-03  0.1691E-03 -0.9839E-03  0.0000E+00      -1  -0.197E-02   20.00
 118   -58.5000    -300.000 0.1702   0.9839E-03  0.1691E-03 -0.9839E-03  0.0000E+00      -1  -0.197E-02   20.00
 119   -59.0000    -300.000 0.1702   0.9839E-03  0.1691E-03 -0.9839E-03  0.0000E+00      -1  -0.197E-02   20.00
 120   -59.5000    -300.000 0.1702   0.9839E-03  0.1691E-03 -0.9839E-03  0.0000E+00      -1  -0.197E-02   20.00
 121   -60.0000    -300.000 0.1702   0.9839E-03  0.1691E-03 -0.9839E-03  0.0000E+00      -1  -0.197E-02   20.00
 122   -60.5000    -300.000 0.1702   0.9839E-03  0.1691E-03 -0.9839E-03  0.0000E+00      -1  -0.197E-02   20.00
 123   -61.0000    -300.000 0.1702   0.9839E-03  0.1691E-03 -0.9839E-03  0.0000E+00      -1  -0.197E-02   20.00
 124   -61.5000    -300.000 0.1702   0.9839E-03  0.1691E-03 -0.9839E-03  0.0000E+00      -1  -0.197E-02   20.00
 125   -62.0000    -300.000 0.1702   0.9839E-03  0.1691E-03 -0.9839E-03  0.0000E+00      -1  -0.197E-02   20.00
 126   -62.5000    -300.000 0.1702   0.9839E-03  0.1691E-03 -0.9839E-03  0.0000E+00      -1  -0.197E-02   20.00
 127   -63.0000    -300.000 0.1702   0.9839E-03  0.1691E-03 -0.9839E-03  0.0000E+00      -1  -0.197E-02   20.00
 128   -63.5000    -300.000 0.1702   0.9839E-03  0.1691E-03 -0.9839E-03  0.0000E+00      -1  -0.197E-02   20.00
 129   -64.0000    -300.000 0.1702   0.9839E-03  0.1691E-03 -0.9839E-03  0.0000E+00      -1  -0.197E-02   20.00
 130   -64.5000    -300.000 0.1702   0.9839E-03  0.1691E-03 -0.9839E-03  0.0000E+00      -1  -0.197E-02   20.00
 131   -65.0000    -300.000 0.1702   0.9839E-03  0.1691E-03 -0.9839E-03  0.0000E+00      -1  -0.197E-02   20.00
 132   -65.5000    -300.000 0.1702   0.9839E-03  0.1691E-03 -0.9839E-03  0.0000E+00      -1  -0.197E-02   20.00
 133   -66.0000    -300.000 0.1702   0.9839E-03  0.1691E-03 -0.9839E-03  0.0000E+00      -1  -0.197E-02   20.00
 134   -66.5000    -300.000 0.1702   0.9839E-03  0.1691E-03 -0.9839E-03  0.0000E+00      -1  -0.197E-02   20.00
 135   -67.0000    -300.000 0.1702   0.9839E-03  0.1691E-03 -0.9839E-03  0.0000E+00      -1  -0.197E-02   20.00
 136   -67.5000    -300.000 0.1702   0.9839E-03  0.1691E-03 -0.9839E-03  0.0000E+00      -1  -0.197E-02   20.00
 137   -68.0000    -300.000 0.1702   0.9839E-03  0.1691E-03 -0.9839E-03  0.0000E+00      -1  -0.197E-02   20.00
 138   -68.5000    -300.000 0.1702   0.9839E-03  0.1691E-03 -0.9839E-03  0.0000E+00      -1  -0.197E-02   20.00
 139   -69.0000    -300.000 0.1702   0.9839E-03  0.1691E-03 -0.9839E-03  0.0000E+00      -1  -0.197E-02   20.00
 140   -69.5000    -300.000 0.1702   0.9839E-03  0.1691E-03 -0.9839E-03  0.0000E+00      -1  -0.197E-02   20.00
 141   -70.0000    -300.000 0.1702   0.9839E-03  0.1691E-03 -0.9839E-03  0.0000E+00      -1  -0.197E-02   20.00
 142   -70.5000    -300.000 0.1702   0.9839E-03  0.1691E-03 -0.9839E-03  0.0000E+00      -1  -0.197E-02   20.00
 143   -71.0000    -300.000 0.1702   0.9839E-03  0.1691E-03 -0.9839E-03  0.0000E+00      -1  -0.197E-02   20.00
 144   -71.5000    -300.000 0.1702   0.9839E-03  0.1691E-03 -0.9839E-03  0.0000E+00      -1  -0.197E-02   20.00
 145   -72.0000    -300.000 0.1702   0.9839E-03  0.1691E-03 -0.9839E-03  0.0000E+00      -1  -0.197E-02   20.00
 146   -72.5000    -300.000 0.1702   0.9839E-03  0.1691E-03 -0.9839E-03  0.0000E+00      -1  -0.197E-02   20.00
 147   -73.0000    -300.000 0.1702   0.9839E-03  0.1691E-03 -0.9839E-03  0.0000E+00      -1  -0.197E-02   20.00
 148   -73.5000    -300.000 0.1702   0.9839E-03  0.1691E-03 -0.9839E-03  0.0000E+00      -1  -0.197E-02   20.00
 149   -74.0000    -300.000 0.1702   0.9839E-03  0.1691E-03 -0.9839E-03  0.0000E+00      -1  -0.197E-02   20.00
 150   -74.5000    -300.000 0.1702   0.9839E-03  0.1691E-03 -0.9839E-03  0.0000E+00      -1  -0.197E-02   20.00
 151   -75.0000    -300.000 0.1702   0.9839E-03  0.1691E-03 -0.9839E-03  0.0000E+00      -1  -0.197E-02   20.00
 152   -75.5000    -300.000 0.1702   0.9839E-03  0.1691E-03 -0.9839E-03  0.0000E+00      -1  -0.197E-02   20.00
 153   -76.0000    -300.000 0.1702   0.9839E-03  0.1691E-03 -0.9839E-03  0.0000E+00      -1  -0.197E-02   20.00
 154   -76.5000    -300.000 0.1702   0.9839E-03  0.1691E-03 -0.9839E-03  0.0000E+00      -1  -0.197E-02   20.00
 155   -77.0000    -300.000 0.1702   0.9839E-03  0.1691E-03 -0.9839E-03  0.0000E+00      -1  -0.197E-02   20.00
 156   -77.5000    -300.000 0.1702   0.9839E-03  0.1691E-03 -0.9839E-03  0.0000E+00      -1  -0.197E-02   20.00
 157   -78.0000    -300.000 0.1702   0.9839E-03  0.1691E-03 -0.9839E-03  0.0000E+00      -1  -0.197E-02   20.00
 158   -78.5000    -300.000 0.1702   0.9839E-03  0.1691E-03 -0.9839E-03  0.0000E+00      -1  -0.197E-02   20.00
 159   -79.0000    -300.000 0.1702   0.9839E-03  0.1691E-03 -0.9839E-03  0.0000E+00      -1  -0.197E-02   20.00
 160   -79.5000    -300.000 0.1702   0.9839E-03  0.1691E-03 -0.9839E-03  0.0000E+00      -1  -0.197E-02   20.00
 161   -80.0000    -300.000 0.1702   0.9839E-03  0.1691E-03 -0.9839E-03  0.0000E+00      -1  -0.197E-02   20.00
 162   -80.5000    -300.000 0.1702   0.9839E-03  0.1691E-03 -0.9839E-03  0.0000E+00      -1  -0.197E-02   20.00
 163   -81.0000    -300.000 0.1702   0.9839E-03  0.1691E-03 -0.9839E-03  0.0000E+00      -1  -0.197E-02   20.00
 164   -81.5000    -300.000 0.1702   0.9839E-03  0.1691E-03 -0.9839E-03  0.0000E+00      -1  -0.197E-02   20.00
 165   -82.0000    -300.000 0.1702   0.9839E-03  0.1691E-03 -0.9839E-03  0.0000E+00      -1  -0.197E-02   20.00
 166   -82.5000    -300.000 0.1702   0.9839E-03  0.1691E-03 -0.9839E-03  0.0000E+00      -1  -0.197E-02   20.00
 167   -83.0000    -300.000 0.1702   0.9839E-03  0.1691E-03 -0.9839E-03  0.0000E+00      -1  -0.197E-02   20.00
 168   -83.5000    -300.000 0.1702   0.9839E-03  0.1691E-03 -0.9839E-03  0.0000E+00      -1  -0.197E-02   20.00
 169   -84.0000    -300.000 0.1702   0.9839E-03  0.1691E-03 -0.9839E-03  0.0000E+00      -1  -0.197E-02   20.00
 170   -84.5000    -300.000 0.1702   0.9839E-03  0.1691E-03 -0.9839E-03  0.0000E+00      -1  -0.197E-02   20.00
 171   -85.0000    -300.000 0.1702   0.9839E-03  0.1691E-03 -0.9839E-03  0.0000E+00      -1  -0.197E-02   20.00
 172   -85.5000    -300.000 0.1702   0.9839E-03  0.1691E-03 -0.9839E-03  0.0000E+00      -1  -0.197E-02   20.00
 173   -86.0000    -300.000 0.1702   0.9839E-03  0.1691E-03 -0.9839E-03  0.0000E+00      -1  -0.197E-02   20.00
 174   -86.5000    -300.000 0.1702   0.9839E-03  0.1691E-03 -0.9839E-03  0.0000E+00      -1  -0.197E-02   20.00
 175   -87.0000    -300.000 0.1702   0.9839E-03  0.1691E-03 -0.9839E-03  0.0000E+00      -1  -0.197E-02   20.00
 176   -87.5000    -300.000 0.1702   0.9839E-03  0.1691E-03 -0.9839E-03  0.0000E+00      -1  -0.197E-02   20.00
 177   -88.0000    -300.000 0.1702   0.9839E-03  0.1691E-03 -0.9839E-03  0.0000E+00      -1  -0.197E-02   20.00
 178   -88.5000    -300.000 0.1702   0.9839E-03  0.1691E-03 -0.9839E-03  0.0000E+00      -1  -0.197E-02   20.00
 179   -89.0000    -300.000 0.1702   0.9839E-03  0.1691E-03 -0.9839E-03  0.0000E+00      -1  -0.197E-02   20.00
 180   -89.5000    -300.000 0.1702   0.9839E-03  0.1691E-03 -0.9839E-03  0.0000E+00      -1  -0.197E-02   20.00
 181   -90.0000    -300.000 0.1702   0.9839E-03  0.1691E-03 -0.9839E-03  0.0000E+00      -1  -0.197E-02   20.00
 182   -90.5000    -300.000 0.1702   0.9839E-03  0.1691E-03 -0.9839E-03  0.0000E+00      -1  -0.197E-02   20.00
 183   -91.0000    -300.000 0.1702   0.9839E-03  0.1691E-03 -0.9839E-03  0.0000E+00      -1  -0.197E-02   20.00
 184   -91.5000    -300.000 0.1702   0.9839E-03  0.1691E-03 -0.9839E-03  0.0000E+00      -1  -0.197E-02   20.00
 185   -92.0000    -300.000 0.1702   0.9839E-03  0.1691E-03 -0.9839E-03  0.0000E+00      -1  -0.197E-02   20.00
 186   -92.5000    -300.000 0.1702   0.9839E-03  0.1691E-03 -0.9839E-03  0.0000E+00      -1  -0.197E-02   20.00
 187   -93.0000    -300.000 0.1702   0.9839E-03  0.1691E-03 -0.9839E-03  0.0000E+00      -1  -0.197E-02   20.00
 188   -93.5000    -300.000 0.1702   0.9839E-03  0.1691E-03 -0.9839E-03  0.0000E+00      -1  -0.197E-02   20.00
 189   -94.0000    -300.000 0.1702   0.9839E-03  0.1691E-03 -0.9839E-03  0.0000E+00      -1  -0.197E-02   20.00
 190   -94.5000    -300.000 0.1702   0.9839E-03  0.1691E-03 -0.9839E-03  0.0000E+00      -1  -0.197E-02   20.00
 191   -95.0000    -300.000 0.1702   0.9839E-03  0.1691E-03 -0.9839E-03  0.0000E+00      -1  -0.197E-02   20.00
 192   -95.5000    -300.000 0.1702   0.9839E-03  0.1691E-03 -0.9839E-03  0.0000E+00      -1  -0.197E-02   20.00
 193   -96.0000    -300.000 0.1702   0.9839E-03  0.1691E-03 -0.9839E-03  0.0000E+00      -1  -0.197E-02   20.00
 194   -96.5000    -300.000 0.1702   0.9839E-03  0.1691E-03 -0.9839E-03  0.0000E+00      -1  -0.197E-02   20.00
 195   -97.0000    -300.000 0.1702   0.9839E-03  0.1691E-03 -0.9839E-03  0.0000E+00      -1  -0.197E-02   20.00
 196   -97.5000    -300.000 0.1702   0.9839E-03  0.1691E-03 -0.9839E-03  0.0000E+00      -1  -0.197E-02   20.00
 197   -98.0000    -300.000 0.1702   0.9839E-03  0.1691E-03 -0.9839E-03  0.0000E+00      -1  -0.197E-02   20.00
 198   -98.5000    -300.000 0.1702   0.9839E-03  0.1691E-03 -0.9839E-03  0.0000E+00      -1  -0.197E-02   20.00
 199   -99.0000    -300.000 0.1702   0.9839E-03  0.1691E-03 -0.9839E-03  0.0000E+00      -1  -0.197E-02   20.00
 200   -99.5000    -300.000 0.1702   0.9839E-03  0.1691E-03 -0.9839E-03  0.0000E+00      -1  -0.197E-02   20.00
 201  -100.0000    -300.000 0.1702   0.9839E-03  0.1691E-03 -0.9839E-03  0.0000E+00      -1  -0.197E-02   20.00
end


 Time:        0.4500


 Node      Depth      Head Moisture       K          C         Flux        Sink         Kappa   v/KsTop   Temp
           [L]        [L]    [-]        [L/T]      [1/L]      [L/T]        [1/T]         [-]      [-]      [C]

   1     0.0000       0.000 0.4300   0.5000E+00  0.0000E+00 -0.3827E+01  0.0000E+00      -1  -0.765E+01   20.00
   2    -0.5000      -5.014 0.4216   0.1941E+00  0.2477E-02 -0.3826E+01  0.0000E+00      -1  -0.765E+01   20.00
   3    -1.0000     -20.976 0.3725   0.3824E-01  0.3073E-02 -0.3815E+01  0.0000E+00      -1  -0.763E+01   20.00
   4    -1.5000     -22.765 0.3670   0.1624E+01  0.3002E-02 -0.3791E+01  0.0000E+00      -1  -0.758E+01   20.00
   5    -2.0000     -23.469 0.3649   0.1512E+01  0.2974E-02 -0.3761E+01  0.0000E+00      -1  -0.752E+01   20.00
   6    -2.5000     -24.242 0.3626   0.1429E+01  0.2937E-02 -0.3729E+01  0.0000E+00      -1  -0.746E+01   20.00
   7    -3.0000     -25.076 0.3603   0.1353E+01  0.2897E-02 -0.3695E+01  0.0000E+00      -1  -0.739E+01   20.00
   8    -3.5000     -25.978 0.3577   0.1270E+01  0.2853E-02 -0.3657E+01  0.0000E+00      -1  -0.731E+01   20.00
   9    -4.0000     -26.962 0.3550   0.1180E+01  0.2804E-02 -0.3614E+01  0.0000E+00      -1  -0.723E+01   20.00
  10    -4.5000     -28.052 0.3519   0.1080E+01  0.2751E-02 -0.3566E+01  0.0000E+00      -1  -0.713E+01   20.00
  11    -5.0000     -29.281 0.3484   0.9674E+00  0.2691E-02 -0.3510E+01  0.0000E+00      -1  -0.702E+01   20.00
  12    -5.5000     -30.669 0.3448   0.8757E+00  0.2624E-02 -0.3449E+01  0.0000E+00      -1  -0.690E+01   20.00
  13    -6.0000     -32.209 0.3410   0.8004E+00  0.2550E-02 -0.3384E+01  0.0000E+00      -1  -0.677E+01   20.00
  14    -6.5000     -33.916 0.3368   0.7169E+00  0.2468E-02 -0.3310E+01  0.0000E+00      -1  -0.662E+01   20.00
  15    -7.0000     -35.859 0.3320   0.6218E+00  0.2374E-02 -0.3222E+01  0.0000E+00      -1  -0.644E+01   20.00
  16    -7.5000     -38.133 0.3265   0.5225E+00  0.2268E-02 -0.3127E+01  0.0000E+00      -1  -0.625E+01   20.00
  17    -8.0000     -40.772 0.3211   0.4586E+00  0.2160E-02 -0.3024E+01  0.0000E+00      -1  -0.605E+01   20.00
  18    -8.5000     -43.789 0.3148   0.3855E+00  0.2037E-02 -0.2903E+01  0.0000E+00      -1  -0.581E+01   20.00
  19    -9.0000     -47.446 0.3072   0.2969E+00  0.1887E-02 -0.2771E+01  0.0000E+00      -1  -0.554E+01   20.00
  20    -9.5000     -51.929 0.2996   0.2459E+00  0.1745E-02 -0.2628E+01  0.0000E+00      -1  -0.526E+01   20.00
  21   -10.0000     -57.351 0.2905   0.1851E+00  0.1575E-02 -0.2454E+01  0.0000E+00      -1  -0.491E+01   20.00
  22   -10.5000     -64.210 0.2806   0.1352E+00  0.1400E-02 -0.2256E+01  0.0000E+00      -1  -0.451E+01   20.00
  23   -11.0000     -73.239 0.2688   0.9107E-01  0.1201E-02 -0.2031E+01  0.0000E+00      -1  -0.406E+01   20.00
  24   -11.5000     -85.391 0.2559   0.5959E-01  0.1006E-02 -0.1755E+01  0.0000E+00      -1  -0.351E+01   20.00
  25   -12.0000    -102.058 0.2411   0.3383E-01  0.7994E-03 -0.1435E+01  0.0000E+00      -1  -0.287E+01   20.00
  26   -12.5000    -126.475 0.2243   0.1700E-01  0.5978E-03 -0.1086E+01  0.0000E+00      -1  -0.217E+01   20.00
  27   -13.0000    -162.638 0.2065   0.7682E-02  0.4217E-03 -0.7225E+00  0.0000E+00      -1  -0.145E+01   20.00
  28   -13.5000    -211.222 0.1899   0.3323E-02  0.2898E-03 -0.3894E+00  0.0000E+00      -1  -0.779E+00   20.00
  29   -14.0000    -258.480 0.1783   0.1672E-02  0.2139E-03 -0.1607E+00  0.0000E+00      -1  -0.321E+00   20.00
  30   -14.5000    -286.774 0.1728   0.1203E-02  0.1834E-03 -0.5293E-01  0.0000E+00      -1  -0.106E+00   20.00
  31   -15.0000    -296.563 0.1709   0.1041E-02  0.1728E-03 -0.1472E-01  0.0000E+00      -1  -0.294E-01   20.00
  32   -15.5000    -299.180 0.1704   0.9975E-03  0.1700E-03 -0.4298E-02  0.0000E+00      -1  -0.860E-02   20.00
  33   -16.0000    -299.810 0.1702   0.9871E-03  0.1693E-03 -0.1759E-02  0.0000E+00      -1  -0.352E-02   20.00
  34   -16.5000    -299.956 0.1702   0.9846E-03  0.1691E-03 -0.1163E-02  0.0000E+00      -1  -0.233E-02   20.00
  35   -17.0000    -299.990 0.1702   0.9841E-03  0.1691E-03 -0.1025E-02  0.0000E+00      -1  -0.205E-02   20.00
  36   -17.5000    -299.998 0.1702   0.9839E-03  0.1691E-03 -0.9932E-03  0.0000E+00      -1  -0.199E-02   20.00
  37   -18.0000    -300.000 0.1702   0.9839E-03  0.1691E-03 -0.9861E-03  0.0000E+00      -1  -0.197E-02   20.00
  38   -18.5000    -300.000 0.1702   0.9839E-03  0.1691E-03 -0.9844E-03  0.0000E+00      -1  -0.197E-02   20.00
  39   -19.0000    -300.000 0.1702   0.9839E-03  0.1691E-03 -0.9840E-03  0.0000E+00      -1  -0.197E-02   20.00
  40   -19.5000    -300.000 0.1702   0.9839E-03  0.1691E-03 -0.9839E-03  0.0000E+00      -1  -0.197E-02   20.00
  41   -20.0000    -300.000 0.1702   0.9839E-03  0.1691E-03 -0.9839E-03  0.0000E+00      -1  -0.197E-02   20.00
  42   -20.5000    -300.000 0.1702   0.9839E-03  0.1691E-03 -0.9839E-03  0.0000E+00      -1  -0.197E-02   20.00
  43   -21.0000    -300.000 0.1702   0.9839E-03  0.1691E-03 -0.9839E-03  0.0000E+00      -1  -0.197E-02   20.00
  44   -21.5000    -300.000 0.1702   0.9839E-03  0.1691E-03 -0.9839E-03  0.0000E+00      -1  -0.197E-02   20.00
  45   -22.0000    -300.000 0.1702   0.9839E-03  0.1691E-03 -0.9839E-03  0.0000E+00      -1  -0.197E-02   20.00
  46   -22.5000    -300.000 0.1702   0.9839E-03  0.1691E-03 -0.9839E-03  0.0000E+00      -1  -0.197E-02   20.00
  47   -23.0000    -300.000 0.1702   0.9839E-03  0.1691E-03 -0.9839E-03  0.0000E+00      -1  -0.197E-02   20.00
  48   -23.5000    -300.000 0.1702   0.9839E-03  0.1691E-03 -0.9839E-03  0.0000E+00      -1  -0.197E-02   20.00
  49   -24.0000    -300.000 0.1702   0.9839E-03  0.1691E-03 -0.9839E-03  0.0000E+00      -1  -0.197E-02   20.00
  50   -24.5000    -300.000 0.1702   0.9839E-03  0.1691E-03 -0.9839E-03  0.0000E+00      -1  -0.197E-02   20.00
  51   -25.0000    -300.000 0.1702   0.9839E-03  0.1691E-03 -0.9839E-03  0.0000E+00      -1  -0.197E-02   20.00
  52   -25.5000    -300.000 0.1702   0.9839E-03  0.1691E-03 -0.9839E-03  0.0000E+00      -1  -0.197E-02   20.00
  53   -26.0000    -300.000 0.1702   0.9839E-03  0.1691E-03 -0.9839E-03  0.0000E+00      -1  -0.197E-02   20.00
  54   -26.5000    -300.000 0.1702   0.9839E-03  0.1691E-03 -0.9839E-03  0.0000E+00      -1  -0.197E-02   20.00
  55   -27.0000    -300.000 0.1702   0.9839E-03  0.1691E-03 -0.9839E-03  0.0000E+00      -1  -0.197E-02   20.00
  56   -27.5000    -300.000 0.1702   0.9839E-03  0.1691E-03 -0.9839E-03  0.0000E+00      -1  -0.197E-02   20.00
  57   -28.0000    -300.000 0.1702   0.9839E-03  0.1691E-03 -0.9839E-03  0.0000E+00      -1  -0.197E-02   20.00
  58   -28.5000    -300.000 0.1702   0.9839E-03  0.1691E-03 -0.9839E-03  0.0000E+00      -1  -0.197E-02   20.00
  59   -29.0000    -300.000 0.1702   0.9839E-03  0.1691E-03 -0.9839E-03  0.0000E+00      -1  -0.197E-02   20.00
  60   -29.5000    -300.000 0.1702   0.9839E-03  0.1691E-03 -0.9839E-03  0.0000E+00      -1  -0.197E-02   20.00
  61   -30.0000    -300.000 0.1702   0.9839E-03  0.1691E-03 -0.9839E-03  0.0000E+00      -1  -0.197E-02   20.00
  62   -30.5000    -300.000 0.1702   0.9839E-03  0.1691E-03 -0.9839E-03  0.0000E+00      -1  -0.197E-02   20.00
  63   -31.0000    -300.000 0.1702   0.9839E-03  0.1691E-03 -0.9839E-03  0.0000E+00      -1  -0.197E-02   20.00
  64   -31.5000    -300.000 0.1702   0.9839E-03  0.1691E-03 -0.9839E-03  0.0000E+00      -1  -0.197E-02   20.00
  65   -32.0000    -300.000 0.1702   0.9839E-03  0.1691E-03 -0.9839E-03  0.0000E+00      -1  -0.197E-02   20.00
  66   -32.5000    -300.000 0.1702   0.9839E-03  0.1691E-03 -0.9839E-03  0.0000E+00      -1  -0.197E-02   20.00
  67   -33.0000    -300.000 0.1702   0.9839E-03  0.1691E-03 -0.9839E-03  0.0000E+00      -1  -0.197E-02   20.00
  68   -33.5000    -300.000 0.1702   0.9839E-03  0.1691E-03 -0.9839E-03  0.0000E+00      -1  -0.197E-02   20.00
  69   -34.0000    -300.000 0.1702   0.9839E-03  0.1691E-03 -0.9839E-03  0.0000E+00      -1  -0.197E-02   20.00
  70   -34.5000    -300.000 0.1702   0.9839E-03  0.1691E-03 -0.9839E-03  0.0000E+00      -1  -0.197E-02   20.00
  71   -35.0000    -300.000 0.1702   0.9839E-03  0.1691E-03 -0.9839E-03  0.0000E+00      -1  -0.197E-02   20.00
  72   -35.5000    -300.000 0.1702   0.9839E-03  0.1691E-03 -0.9839E-03  0.0000E+00      -1  -0.197E-02   20.00
  73   -36.0000    -300.000 0.1702   0.9839E-03  0.1691E-03 -0.9839E-03  0.0000E+00      -1  -0.197E-02   20.00
  74   -36.5000    -300.000 0.1702   0.9839E-03  0.1691E-03 -0.9839E-03  0.0000E+00      -1  -0.197E-02   20.00
  75   -37.0000    -300.000 0.1702   0.9839E-03  0.1691E-03 -0.9839E-03  0.0000E+00      -1  -0.197E-02   20.00
  76   -37.5000    -300.000 0.1702   0.9839E-03  0.1691E-03 -0.9839E-03  0.0000E+00      -1  -0.197E-02   20.00
  77   -38.0000    -300.000 0.1702   0.9839E-03  0.1691E-03 -0.9839E-03  0.0000E+00      -1  -0.197E-02   20.00
  78   -38.5000    -300.000 0.1702   0.9839E-03  0.1691E-03 -0.9839E-03  0.0000E+00      -1  -0.197E-02   20.00
  79   -39.0000    -300.000 0.1702   0.9839E-03  0.1691E-03 -0.9839E-03  0.0000E+00      -1  -0.197E-02   20.00
  80   -39.5000    -300.000 0.1702   0.9839E-03  0.1691E-03 -0.9839E-03  0.0000E+00      -1  -0.197E-02   20.00
  81   -40.0000    -300.000 0.1702   0.9839E-03  0.1691E-03 -0.9839E-03  0.0000E+00      -1  -0.197E-02   20.00
  82   -40.5000    -300.000 0.1702   0.9839E-03  0.1691E-03 -0.9839E-03  0.0000E+00      -1  -0.197E-02   20.00
  83   -41.0000    -300.000 0.1702   0.9839E-03  0.1691E-03 -0.9839E-03  0.0000E+00      -1  -0.197E-02   20.00
  84   -41.5000    -300.000 0.1702   0.9839E-03  0.1691E-03 -0.9839E-03  0.0000E+00      -1  -0.197E-02   20.00
  85   -42.0000    -300.000 0.1702   0.9839E-03  0.1691E-03 -0.9839E-03  0.0000E+00      -1  -0.197E-02   20.00
  86   -42.5000    -300.000 0.1702   0.9839E-03  0.1691E-03 -0.9839E-03  0.0000E+00      -1  -0.197E-02   20.00
  87   -43.0000    -300.000 0.1702   0.9839E-03  0.1691E-03 -0.9839E-03  0.0000E+00      -1  -0.197E-02   20.00
  88   -43.5000    -300.000 0.1702   0.9839E-03  0.1691E-03 -0.9839E-03  0.0000E+00      -1  -0.197E-02   20.00
  89   -44.0000    -300.000 0.1702   0.9839E-03  0.1691E-03 -0.9839E-03  0.0000E+00      -1  -0.197E-02   20.00
  90   -44.5000    -300.000 0.1702   0.9839E-03  0.1691E-03 -0.9839E-03  0.0000E+00      -1  -0.197E-02   20.00
  91   -45.0000    -300.000 0.1702   0.9839E-03  0.1691E-03 -0.9839E-03  0.0000E+00      -1  -0.197E-02   20.00
  92   -45.5000    -300.000 0.1702   0.9839E-03  0.1691E-03 -0.9839E-03  0.0000E+00      -1  -0.197E-02   20.00
  93   -46.0000    -300.000 0.1702   0.9839E-03  0.1691E-03 -0.9839E-03  0.0000E+00      -1  -0.197E-02   20.00
  94   -46.5000    -300.000 0.1702   0.9839E-03  0.1691E-03 -0.9839E-03  0.0000E+00      -1  -0.197E-02   20.00
  95   -47.0000    -300.000 0.1702   0.9839E-03  0.1691E-03 -0.9839E-03  0.0000E+00      -1  -0.197E-02   20.00
  96   -47.5000    -300.000 0.1702   0.9839E-03  0.1691E-03 -0.9839E-03  0.0000E+00      -1  -0.197E-02   20.00
  97   -48.0000    -300.000 0.1702   0.9839E-03  0.1691E-03 -0.9839E-03  0.0000E+00      -1  -0.197E-02   20.00
  98   -48.5000    -300.000 0.1702   0.9839E-03  0.1691E-03 -0.9839E-03  0.0000E+00      -1  -0.197E-02   20.00
  99   -49.0000    -300.000 0.1702   0.9839E-03  0.1691E-03 -0.9839E-03  0.0000E+00      -1  -0.197E-02   20.00
 100   -49.5000    -300.000 0.1702   0.9839E-03  0.1691E-03 -0.9839E-03  0.0000E+00      -1  -0.197E-02   20.00
 101   -50.0000    -300.000 0.1702   0.9839E-03  0.1691E-03 -0.9839E-03  0.0000E+00      -1  -0.197E-02   20.00
 102   -50.5000    -300.000 0.1702   0.9839E-03  0.1691E-03 -0.9839E-03  0.0000E+00      -1  -0.197E-02   20.00
 103   -51.0000    -300.000 0.1702   0.9839E-03  0.1691E-03 -0.9839E-03  0.0000E+00      -1  -0.197E-02   20.00
 104   -51.5000    -300.000 0.1702   0.9839E-03  0.1691E-03 -0.9839E-03  0.0000E+00      -1  -0.197E-02   20.00
 105   -52.0000    -300.000 0.1702   0.9839E-03  0.1691E-03 -0.9839E-03  0.0000E+00      -1  -0.197E-02   20.00
 106   -52.5000    -300.000 0.1702   0.9839E-03  0.1691E-03 -0.9839E-03  0.0000E+00      -1  -0.197E-02   20.00
 107   -53.0000    -300.000 0.1702   0.9839E-03  0.1691E-03 -0.9839E-03  0.0000E+00      -1  -0.197E-02   20.00
 108   -53.5000    -300.000 0.1702   0.9839E-03  0.1691E-03 -0.9839E-03  0.0000E+00      -1  -0.197E-02   20.00
 109   -54.0000    -300.000 0.1702   0.9839E-03  0.1691E-03 -0.9839E-03  0.0000E+00      -1  -0.197E-02   20.00
 110   -54.5000    -300.000 0.1702   0.9839E-03  0.1691E-03 -0.9839E-03  0.0000E+00      -1  -0.197E-02   20.00
 111   -55.0000    -300.000 0.1702   0.9839E-03  0.1691E-03 -0.9839E-03  0.0000E+00      -1  -0.197E-02   20.00
 112   -55.5000    -300.000 0.1702   0.9839E-03  0.1691E-03 -0.9839E-03  0.0000E+00      -1  -0.197E-02   20.00
 113   -56.0000    -300.000 0.1702   0.9839E-03  0.1691E-03 -0.9839E-03  0.0000E+00      -1  -0.197E-02   20.00
 114   -56.5000    -300.000 0.1702   0.9839E-03  0.1691E-03 -0.9839E-03  0.0000E+00      -1  -0.197E-02   20.00
 115   -57.0000    -300.000 0.1702   0.9839E-03  0.1691E-03 -0.9839E-03  0.0000E+00      -1  -0.197E-02   20.00
 116   -57.5000    -300.000 0.1702   0.9839E-03  0.1691E-03 -0.9839E-03  0.0000E+00      -1  -0.197E-02   20.00
 117   -58.0000    -300.000 0.1702   0.9839E-03  0.1691E-03 -0.9839E-03  0.0000E+00      -1  -0.197E-02   20.00
 118   -58.5000    -300.000 0.1702   0.9839E-03  0.1691E-03 -0.9839E-03  0.0000E+00      -1  -0.197E-02   20.00
 119   -59.0000    -300.000 0.1702   0.9839E-03  0.1691E-03 -0.9839E-03  0.0000E+00      -1  -0.197E-02   20.00
 120   -59.5000    -300.000 0.1702   0.9839E-03  0.1691E-03 -0.9839E-03  0.0000E+00      -1  -0.197E-02   20.00
 121   -60.0000    -300.000 0.1702   0.9839E-03  0.1691E-03 -0.9839E-03  0.0000E+00      -1  -0.197E-02   20.00
 122   -60.5000    -300.000 0.1702   0.9839E-03  0.1691E-03 -0.9839E-03  0.0000E+00      -1  -0.197E-02   20.00
 123   -61.0000    -300.000 0.1702   0.9839E-03  0.1691E-03 -0.9839E-03  0.0000E+00      -1  -0.197E-02   20.00
 124   -61.5000    -300.000 0.1702   0.9839E-03  0.1691E-03 -0.9839E-03  0.0000E+00      -1  -0.197E-02   20.00
 125   -62.0000    -300.000 0.1702   0.9839E-03  0.1691E-03 -0.9839E-03  0.0000E+00      -1  -0.197E-02   20.00
 126   -62.5000    -300.000 0.1702   0.9839E-03  0.1691E-03 -0.9839E-03  0.0000E+00      -1  -0.197E-02   20.00
 127   -63.0000    -300.000 0.1702   0.9839E-03  0.1691E-03 -0.9839E-03  0.0000E+00      -1  -0.197E-02   20.00
 128   -63.5000    -300.000 0.1702   0.9839E-03  0.1691E-03 -0.9839E-03  0.0000E+00      -1  -0.197E-02   20.00
 129   -64.0000    -300.000 0.1702   0.9839E-03  0.1691E-03 -0.9839E-03  0.0000E+00      -1  -0.197E-02   20.00
 130   -64.5000    -300.000 0.1702   0.9839E-03  0.1691E-03 -0.9839E-03  0.0000E+00      -1  -0.197E-02   20.00
 131   -65.0000    -300.000 0.1702   0.9839E-03  0.1691E-03 -0.9839E-03  0.0000E+00      -1  -0.197E-02   20.00
 132   -65.5000    -300.000 0.1702   0.9839E-03  0.1691E-03 -0.9839E-03  0.0000E+00      -1  -0.197E-02   20.00
 133   -66.0000    -300.000 0.1702   0.9839E-03  0.1691E-03 -0.9839E-03  0.0000E+00      -1  -0.197E-02   20.00
 134   -66.5000    -300.000 0.1702   0.9839E-03  0.1691E-03 -0.9839E-03  0.0000E+00      -1  -0.197E-02   20.00
 135   -67.0000    -300.000 0.1702   0.9839E-03  0.1691E-03 -0.9839E-03  0.0000E+00      -1  -0.197E-02   20.00
 136   -67.5000    -300.000 0.1702   0.9839E-03  0.1691E-03 -0.9839E-03  0.0000E+00      -1  -0.197E-02   20.00
 137   -68.0000    -300.000 0.1702   0.9839E-03  0.1691E-03 -0.9839E-03  0.0000E+00      -1  -0.197E-02   20.00
 138   -68.5000    -300.000 0.1702   0.9839E-03  0.1691E-03 -0.9839E-03  0.0000E+00      -1  -0.197E-02   20.00
 139   -69.0000    -300.000 0.1702   0.9839E-03  0.1691E-03 -0.9839E-03  0.0000E+00      -1  -0.197E-02   20.00
 140   -69.5000    -300.000 0.1702   0.9839E-03  0.1691E-03 -0.9839E-03  0.0000E+00      -1  -0.197E-02   20.00
 141   -70.0000    -300.000 0.1702   0.9839E-03  0.1691E-03 -0.9839E-03  0.0000E+00      -1  -0.197E-02   20.00
 142   -70.5000    -300.000 0.1702   0.9839E-03  0.1691E-03 -0.9839E-03  0.0000E+00      -1  -0.197E-02   20.00
 143   -71.0000    -300.000 0.1702   0.9839E-03  0.1691E-03 -0.9839E-03  0.0000E+00      -1  -0.197E-02   20.00
 144   -71.5000    -300.000 0.1702   0.9839E-03  0.1691E-03 -0.9839E-03  0.0000E+00      -1  -0.197E-02   20.00
 145   -72.0000    -300.000 0.1702   0.9839E-03  0.1691E-03 -0.9839E-03  0.0000E+00      -1  -0.197E-02   20.00
 146   -72.5000    -300.000 0.1702   0.9839E-03  0.1691E-03 -0.9839E-03  0.0000E+00      -1  -0.197E-02   20.00
 147   -73.0000    -300.000 0.1702   0.9839E-03  0.1691E-03 -0.9839E-03  0.0000E+00      -1  -0.197E-02   20.00
 148   -73.5000    -300.000 0.1702   0.9839E-03  0.1691E-03 -0.9839E-03  0.0000E+00      -1  -0.197E-02   20.00
 149   -74.0000    -300.000 0.1702   0.9839E-03  0.1691E-03 -0.9839E-03  0.0000E+00      -1  -0.197E-02   20.00
 150   -74.5000    -300.000 0.1702   0.9839E-03  0.1691E-03 -0.9839E-03  0.0000E+00      -1  -0.197E-02   20.00
 151   -75.0000    -300.000 0.1702   0.9839E-03  0.1691E-03 -0.9839E-03  0.0000E+00      -1  -0.197E-02   20.00
 152   -75.5000    -300.000 0.1702   0.9839E-03  0.1691E-03 -0.9839E-03  0.0000E+00      -1  -0.197E-02   20.00
 153   -76.0000    -300.000 0.1702   0.9839E-03  0.1691E-03 -0.9839E-03  0.0000E+00      -1  -0.197E-02   20.00
 154   -76.5000    -300.000 0.1702   0.9839E-03  0.1691E-03 -0.9839E-03  0.0000E+00      -1  -0.197E-02   20.00
 155   -77.0000    -300.000 0.1702   0.9839E-03  0.1691E-03 -0.9839E-03  0.0000E+00      -1  -0.197E-02   20.00
 156   -77.5000    -300.000 0.1702   0.9839E-03  0.1691E-03 -0.9839E-03  0.0000E+00      -1  -0.197E-02   20.00
 157   -78.0000    -300.000 0.1702   0.9839E-03  0.1691E-03 -0.9839E-03  0.0000E+00      -1  -0.197E-02   20.00
 158   -78.5000    -300.000 0.1702   0.9839E-03  0.1691E-03 -0.9839E-03  0.0000E+00      -1  -0.197E-02   20.00
 159   -79.0000    -300.000 0.1702   0.9839E-03  0.1691E-03 -0.9839E-03  0.0000E+00      -1  -0.197E-02   20.00
 160   -79.5000    -300.000 0.1702   0.9839E-03  0.1691E-03 -0.9839E-03  0.0000E+00      -1  -0.197E-02   20.00
 161   -80.0000    -300.000 0.1702   0.9839E-03  0.1691E-03 -0.9839E-03  0.0000E+00      -1  -0.197E-02   20.00
 162   -80.5000    -300.000 0.1702   0.9839E-03  0.1691E-03 -0.9839E-03  0.0000E+00      -1  -0.197E-02   20.00
 163   -81.0000    -300.000 0.1702   0.9839E-03  0.1691E-03 -0.9839E-03  0.0000E+00      -1  -0.197E-02   20.00
 164   -81.5000    -300.000 0.1702   0.9839E-03  0.1691E-03 -0.9839E-03  0.0000E+00      -1  -0.197E-02   20.00
 165   -82.0000    -300.000 0.1702   0.9839E-03  0.1691E-03 -0.9839E-03  0.0000E+00      -1  -0.197E-02   20.00
 166   -82.5000    -300.000 0.1702   0.9839E-03  0.1691E-03 -0.9839E-03  0.0000E+00      -1  -0.197E-02   20.00
 167   -83.0000    -300.000 0.1702   0.9839E-03  0.1691E-03 -0.9839E-03  0.0000E+00      -1  -0.197E-02   20.00
 168   -83.5000    -300.000 0.1702   0.9839E-03  0.1691E-03 -0.9839E-03  0.0000E+00      -1  -0.197E-02   20.00
 169   -84.0000    -300.000 0.1702   0.9839E-03  0.1691E-03 -0.9839E-03  0.0000E+00      -1  -0.197E-02   20.00
 170   -84.5000    -300.000 0.1702   0.9839E-03  0.1691E-03 -0.9839E-03  0.0000E+00      -1  -0.197E-02   20.00
 171   -85.0000    -300.000 0.1702   0.9839E-03  0.1691E-03 -0.9839E-03  0.0000E+00      -1  -0.197E-02   20.00
 172   -85.5000    -300.000 0.1702   0.9839E-03  0.1691E-03 -0.9839E-03  0.0000E+00      -1  -0.197E-02   20.00
 173   -86.0000    -300.000 0.1702   0.9839E-03  0.1691E-03 -0.9839E-03  0.0000E+00      -1  -0.197E-02   20.00
 174   -86.5000    -300.000 0.1702   0.9839E-03  0.1691E-03 -0.9839E-03  0.0000E+00      -1  -0.197E-02   20.00
 175   -87.0000    -300.000 0.1702   0.9839E-03  0.1691E-03 -0.9839E-03  0.0000E+00      -1  -0.197E-02   20.00
 176   -87.5000    -300.000 0.1702   0.9839E-03  0.1691E-03 -0.9839E-03  0.0000E+00      -1  -0.197E-02   20.00
 177   -88.0000    -300.000 0.1702   0.9839E-03  0.1691E-03 -0.9839E-03  0.0000E+00      -1  -0.197E-02   20.00
 178   -88.5000    -300.000 0.1702   0.9839E-03  0.1691E-03 -0.9839E-03  0.0000E+00      -1  -0.197E-02   20.00
 179   -89.0000    -300.000 0.1702   0.9839E-03  0.1691E-03 -0.9839E-03  0.0000E+00      -1  -0.197E-02   20.00
 180   -89.5000    -300.000 0.1702   0.9839E-03  0.1691E-03 -0.9839E-03  0.0000E+00      -1  -0.197E-02   20.00
 181   -90.0000    -300.000 0.1702   0.9839E-03  0.1691E-03 -0.9839E-03  0.0000E+00      -1  -0.197E-02   20.00
 182   -90.5000    -300.000 0.1702   0.9839E-03  0.1691E-03 -0.9839E-03  0.0000E+00      -1  -0.197E-02   20.00
 183   -91.0000    -300.000 0.1702   0.9839E-03  0.1691E-03 -0.9839E-03  0.0000E+00      -1  -0.197E-02   20.00
 184   -91.5000    -300.000 0.1702   0.9839E-03  0.1691E-03 -0.9839E-03  0.0000E+00      -1  -0.197E-02   20.00
 185   -92.0000    -300.000 0.1702   0.9839E-03  0.1691E-03 -0.9839E-03  0.0000E+00      -1  -0.197E-02   20.00
 186   -92.5000    -300.000 0.1702   0.9839E-03  0.1691E-03 -0.9839E-03  0.0000E+00      -1  -0.197E-02   20.00
 187   -93.0000    -300.000 0.1702   0.9839E-03  0.1691E-03 -0.9839E-03  0.0000E+00      -1  -0.197E-02   20.00
 188   -93.5000    -300.000 0.1702   0.9839E-03  0.1691E-03 -0.9839E-03  0.0000E+00      -1  -0.197E-02   20.00
 189   -94.0000    -300.000 0.1702   0.9839E-03  0.1691E-03 -0.9839E-03  0.0000E+00      -1  -0.197E-02   20.00
 190   -94.5000    -300.000 0.1702   0.9839E-03  0.1691E-03 -0.9839E-03  0.0000E+00      -1  -0.197E-02   20.00
 191   -95.0000    -300.000 0.1702   0.9839E-03  0.1691E-03 -0.9839E-03  0.0000E+00      -1  -0.197E-02   20.00
 192   -95.5000    -300.000 0.1702   0.9839E-03  0.1691E-03 -0.9839E-03  0.0000E+00      -1  -0.197E-02   20.00
 193   -96.0000    -300.000 0.1702   0.9839E-03  0.1691E-03 -0.9839E-03  0.0000E+00      -1  -0.197E-02   20.00
 194   -96.5000    -300.000 0.1702   0.9839E-03  0.1691E-03 -0.9839E-03  0.0000E+00      -1  -0.197E-02   20.00
 195   -97.0000    -300.000 0.1702   0.9839E-03  0.1691E-03 -0.9839E-03  0.0000E+00      -1  -0.197E-02   20.00
 196   -97.5000    -300.000 0.1702   0.9839E-03  0.1691E-03 -0.9839E-03  0.0000E+00      -1  -0.197E-02   20.00
 197   -98.0000    -300.000 0.1702   0.9839E-03  0.1691E-03 -0.9839E-03  0.0000E+00      -1  -0.197E-02   20.00
 198   -98.5000    -300.000 0.1702   0.9839E-03  0.1691E-03 -0.9839E-03  0.0000E+00      -1  -0.197E-02   20.00
 199   -99.0000    -300.000 0.1702   0.9839E-03  0.1691E-03 -0.9839E-03  0.0000E+00      -1  -0.197E-02   20.00
 200   -99.5000    -300.000 0.1702   0.9839E-03  0.1691E-03 -0.9839E-03  0.0000E+00      -1  -0.197E-02   20.00
 201  -100.0000    -300.000 0.1702   0.9839E-03  0.1691E-03 -0.9839E-03  0.0000E+00      -1  -0.197E-02   20.00
end


 Time:        0.5000


 Node      Depth      Head Moisture       K          C         Flux        Sink         Kappa   v/KsTop   Temp
           [L]        [L]    [-]        [L/T]      [1/L]      [L/T]        [1/T]         [-]      [-]      [C]

   1     0.0000       0.000 0.4300   0.5000E+00  0.0000E+00 -0.3773E+01  0.0000E+00      -1  -0.755E+01   20.00
   2    -0.5000      -4.919 0.4219   0.1964E+00  0.2458E-02 -0.3772E+01  0.0000E+00      -1  -0.754E+01   20.00
   3    -1.0000     -20.359 0.3744   0.4021E-01  0.3098E-02 -0.3762E+01  0.0000E+00      -1  -0.752E+01   20.00
   4    -1.5000     -21.952 0.3695   0.1754E+01  0.3034E-02 -0.3742E+01  0.0000E+00      -1  -0.748E+01   20.00
   5    -2.0000     -22.545 0.3677   0.1659E+01  0.3011E-02 -0.3717E+01  0.0000E+00      -1  -0.743E+01   20.00
   6    -2.5000     -23.197 0.3657   0.1555E+01  0.2985E-02 -0.3689E+01  0.0000E+00      -1  -0.738E+01   20.00
   7    -3.0000     -23.916 0.3636   0.1459E+01  0.2953E-02 -0.3659E+01  0.0000E+00      -1  -0.732E+01   20.00
   8    -3.5000     -24.696 0.3614   0.1388E+01  0.2915E-02 -0.3627E+01  0.0000E+00      -1  -0.725E+01   20.00
   9    -4.0000     -25.534 0.3590   0.1311E+01  0.2874E-02 -0.3592E+01  0.0000E+00      -1  -0.718E+01   20.00
  10    -4.5000     -26.441 0.3564   0.1228E+01  0.2830E-02 -0.3553E+01  0.0000E+00      -1  -0.711E+01   20.00
  11    -5.0000     -27.435 0.3536   0.1137E+01  0.2781E-02 -0.3509E+01  0.0000E+00      -1  -0.702E+01   20.00
  12    -5.5000     -28.540 0.3505   0.1035E+01  0.2727E-02 -0.3459E+01  0.0000E+00      -1  -0.692E+01   20.00
  13    -6.0000     -29.796 0.3470   0.9200E+00  0.2666E-02 -0.3404E+01  0.0000E+00      -1  -0.681E+01   20.00
  14    -6.5000     -31.204 0.3435   0.8494E+00  0.2598E-02 -0.3347E+01  0.0000E+00      -1  -0.669E+01   20.00
  15    -7.0000     -32.747 0.3397   0.7739E+00  0.2524E-02 -0.3283E+01  0.0000E+00      -1  -0.657E+01   20.00
  16    -7.5000     -34.467 0.3354   0.6898E+00  0.2441E-02 -0.3210E+01  0.0000E+00      -1  -0.642E+01   20.00
  17    -8.0000     -36.438 0.3305   0.5933E+00  0.2346E-02 -0.3124E+01  0.0000E+00      -1  -0.625E+01   20.00
  18    -8.5000     -38.733 0.3253   0.5079E+00  0.2243E-02 -0.3031E+01  0.0000E+00      -1  -0.606E+01   20.00
  19    -9.0000     -41.367 0.3198   0.4440E+00  0.2135E-02 -0.2930E+01  0.0000E+00      -1  -0.586E+01   20.00
  20    -9.5000     -44.398 0.3135   0.3706E+00  0.2011E-02 -0.2810E+01  0.0000E+00      -1  -0.562E+01   20.00
  21   -10.0000     -48.058 0.3061   0.2892E+00  0.1867E-02 -0.2681E+01  0.0000E+00      -1  -0.536E+01   20.00
  22   -10.5000     -52.512 0.2987   0.2392E+00  0.1727E-02 -0.2543E+01  0.0000E+00      -1  -0.509E+01   20.00
  23   -11.0000     -57.920 0.2896   0.1786E+00  0.1557E-02 -0.2374E+01  0.0000E+00      -1  -0.475E+01   20.00
  24   -11.5000     -64.748 0.2799   0.1326E+00  0.1388E-02 -0.2184E+01  0.0000E+00      -1  -0.437E+01   20.00
  25   -12.0000     -73.664 0.2682   0.8907E-01  0.1192E-02 -0.1966E+01  0.0000E+00      -1  -0.393E+01   20.00
  26   -12.5000     -85.610 0.2557   0.5923E-01  0.1004E-02 -0.1700E+01  0.0000E+00      -1  -0.340E+01   20.00
  27   -13.0000    -101.780 0.2413   0.3407E-01  0.8021E-03 -0.1394E+01  0.0000E+00      -1  -0.279E+01   20.00
  28   -13.5000    -125.252 0.2249   0.1738E-01  0.6046E-03 -0.1062E+01  0.0000E+00      -1  -0.212E+01   20.00
  29   -14.0000    -159.782 0.2076   0.8026E-02  0.4310E-03 -0.7175E+00  0.0000E+00      -1  -0.144E+01   20.00
  30   -14.5000    -206.403 0.1912   0.3539E-02  0.2989E-03 -0.3990E+00  0.0000E+00      -1  -0.798E+00   20.00
  31   -15.0000    -253.758 0.1792   0.1749E-02  0.2189E-03 -0.1731E+00  0.0000E+00      -1  -0.346E+00   20.00
  32   -15.5000    -284.417 0.1732   0.1242E-02  0.1859E-03 -0.6020E-01  0.0000E+00      -1  -0.120E+00   20.00
  33   -16.0000    -295.756 0.1710   0.1055E-02  0.1737E-03 -0.1739E-01  0.0000E+00      -1  -0.348E-01   20.00
  34   -16.5000    -298.949 0.1704   0.1001E-02  0.1702E-03 -0.5088E-02  0.0000E+00      -1  -0.102E-01   20.00
  35   -17.0000    -299.748 0.1703   0.9881E-03  0.1694E-03 -0.1976E-02  0.0000E+00      -1  -0.395E-02   20.00
  36   -17.5000    -299.940 0.1702   0.9849E-03  0.1692E-03 -0.1220E-02  0.0000E+00      -1  -0.244E-02   20.00
  37   -18.0000    -299.986 0.1702   0.9841E-03  0.1691E-03 -0.1040E-02  0.0000E+00      -1  -0.208E-02   20.00
  38   -18.5000    -299.997 0.1702   0.9840E-03  0.1691E-03 -0.9971E-03  0.0000E+00      -1  -0.199E-02   20.00
  39   -19.0000    -299.999 0.1702   0.9839E-03  0.1691E-03 -0.9870E-03  0.0000E+00      -1  -0.197E-02   20.00
  40   -19.5000    -300.000 0.1702   0.9839E-03  0.1691E-03 -0.9845E-03  0.0000E+00      -1  -0.197E-02   20.00
  41   -20.0000    -300.000 0.1702   0.9839E-03  0.1691E-03 -0.9840E-03  0.0000E+00      -1  -0.197E-02   20.00
  42   -20.5000    -300.000 0.1702   0.9839E-03  0.1691E-03 -0.9839E-03  0.0000E+00      -1  -0.197E-02   20.00
  43   -21.0000    -300.000 0.1702   0.9839E-03  0.1691E-03 -0.9839E-03  0.0000E+00      -1  -0.197E-02   20.00
  44   -21.5000    -300.000 0.1702   0.9839E-03  0.1691E-03 -0.9839E-03  0.0000E+00      -1  -0.197E-02   20.00
  45   -22.0000    -300.000 0.1702   0.9839E-03  0.1691E-03 -0.9839E-03  0.0000E+00      -1  -0.197E-02   20.00
  46   -22.5000    -300.000 0.1702   0.9839E-03  0.1691E-03 -0.9839E-03  0.0000E+00      -1  -0.197E-02   20.00
  47   -23.0000    -300.000 0.1702   0.9839E-03  0.1691E-03 -0.9839E-03  0.0000E+00      -1  -0.197E-02   20.00
  48   -23.5000    -300.000 0.1702   0.9839E-03  0.1691E-03 -0.9839E-03  0.0000E+00      -1  -0.197E-02   20.00
  49   -24.0000    -300.000 0.1702   0.9839E-03  0.1691E-03 -0.9839E-03  0.0000E+00      -1  -0.197E-02   20.00
  50   -24.5000    -300.000 0.1702   0.9839E-03  0.1691E-03 -0.9839E-03  0.0000E+00      -1  -0.197E-02   20.00
  51   -25.0000    -300.000 0.1702   0.9839E-03  0.1691E-03 -0.9839E-03  0.0000E+00      -1  -0.197E-02   20.00
  52   -25.5000    -300.000 0.1702   0.9839E-03  0.1691E-03 -0.9839E-03  0.0000E+00      -1  -0.197E-02   20.00
  53   -26.0000    -300.000 0.1702   0.9839E-03  0.1691E-03 -0.9839E-03  0.0000E+00      -1  -0.197E-02   20.00
  54   -26.5000    -300.000 0.1702   0.9839E-03  0.1691E-03 -0.9839E-03  0.0000E+00      -1  -0.197E-02   20.00
  55   -27.0000    -300.000 0.1702   0.9839E-03  0.1691E-03 -0.9839E-03  0.0000E+00      -1  -0.197E-02   20.00
  56   -27.5000    -300.000 0.1702   0.9839E-03  0.1691E-03 -0.9839E-03  0.0000E+00      -1  -0.197E-02   20.00
  57   -28.0000    -300.000 0.1702   0.9839E-03  0.1691E-03 -0.9839E-03  0.0000E+00      -1  -0.197E-02   20.00
  58   -28.5000    -300.000 0.1702   0.9839E-03  0.1691E-03 -0.9839E-03  0.0000E+00      -1  -0.197E-02   20.00
  59   -29.0000    -300.000 0.1702   0.9839E-03  0.1691E-03 -0.9839E-03  0.0000E+00      -1  -0.197E-02   20.00
  60   -29.5000    -300.000 0.1702   0.9839E-03  0.1691E-03 -0.9839E-03  0.0000E+00      -1  -0.197E-02   20.00
  61   -30.0000    -300.000 0.1702   0.9839E-03  0.1691E-03 -0.9839E-03  0.0000E+00      -1  -0.197E-02   20.00
  62   -30.5000    -300.000 0.1702   0.9839E-03  0.1691E-03 -0.9839E-03  0.0000E+00      -1  -0.197E-02   20.00
  63   -31.0000    -300.000 0.1702   0.9839E-03  0.1691E-03 -0.9839E-03  0.0000E+00      -1  -0.197E-02   20.00
  64   -31.5000    -300.000 0.1702   0.9839E-03  0.1691E-03 -0.9839E-03  0.0000E+00      -1  -0.197E-02   20.00
  65   -32.0000    -300.000 0.1702   0.9839E-03  0.1691E-03 -0.9839E-03  0.0000E+00      -1  -0.197E-02   20.00
  66   -32.5000    -300.000 0.1702   0.9839E-03  0.1691E-03 -0.9839E-03  0.0000E+00      -1  -0.197E-02   20.00
  67   -33.0000    -300.000 0.1702   0.9839E-03  0.1691E-03 -0.9839E-03  0.0000E+00      -1  -0.197E-02   20.00
  68   -33.5000    -300.000 0.1702   0.9839E-03  0.1691E-03 -0.9839E-03  0.0000E+00      -1  -0.197E-02   20.00
  69   -34.0000    -300.000 0.1702   0.9839E-03  0.1691E-03 -0.9839E-03  0.0000E+00      -1  -0.197E-02   20.00
  70   -34.5000    -300.000 0.1702   0.9839E-03  0.1691E-03 -0.9839E-03  0.0000E+00      -1  -0.197E-02   20.00
  71   -35.0000    -300.000 0.1702   0.9839E-03  0.1691E-03 -0.9839E-03  0.0000E+00      -1  -0.197E-02   20.00
  72   -35.5000    -300.000 0.1702   0.9839E-03  0.1691E-03 -0.9839E-03  0.0000E+00      -1  -0.197E-02   20.00
  73   -36.0000    -300.000 0.1702   0.9839E-03  0.1691E-03 -0.9839E-03  0.0000E+00      -1  -0.197E-02   20.00
  74   -36.5000    -300.000 0.1702   0.9839E-03  0.1691E-03 -0.9839E-03  0.0000E+00      -1  -0.197E-02   20.00
  75   -37.0000    -300.000 0.1702   0.9839E-03  0.1691E-03 -0.9839E-03  0.0000E+00      -1  -0.197E-02   20.00
  76   -37.5000    -300.000 0.1702   0.9839E-03  0.1691E-03 -0.9839E-03  0.0000E+00      -1  -0.197E-02   20.00
  77   -38.0000    -300.000 0.1702   0.9839E-03  0.1691E-03 -0.9839E-03  0.0000E+00      -1  -0.197E-02   20.00
  78   -38.5000    -300.000 0.1702   0.9839E-03  0.1691E-03 -0.9839E-03  0.0000E+00      -1  -0.197E-02   20.00
  79   -39.0000    -300.000 0.1702   0.9839E-03  0.1691E-03 -0.9839E-03  0.0000E+00      -1  -0.197E-02   20.00
  80   -39.5000    -300.000 0.1702   0.9839E-03  0.1691E-03 -0.9839E-03  0.0000E+00      -1  -0.197E-02   20.00
  81   -40.0000    -300.000 0.1702   0.9839E-03  0.1691E-03 -0.9839E-03  0.0000E+00      -1  -0.197E-02   20.00
  82   -40.5000    -300.000 0.1702   0.9839E-03  0.1691E-03 -0.9839E-03  0.0000E+00      -1  -0.197E-02   20.00
  83   -41.0000    -300.000 0.1702   0.9839E-03  0.1691E-03 -0.9839E-03  0.0000E+00      -1  -0.197E-02   20.00
  84   -41.5000    -300.000 0.1702   0.9839E-03  0.1691E-03 -0.9839E-03  0.0000E+00      -1  -0.197E-02   20.00
  85   -42.0000    -300.000 0.1702   0.9839E-03  0.1691E-03 -0.9839E-03  0.0000E+00      -1  -0.197E-02   20.00
  86   -42.5000    -300.000 0.1702   0.9839E-03  0.1691E-03 -0.9839E-03  0.0000E+00      -1  -0.197E-02   20.00
  87   -43.0000    -300.000 0.1702   0.9839E-03  0.1691E-03 -0.9839E-03  0.0000E+00      -1  -0.197E-02   20.00
  88   -43.5000    -300.000 0.1702   0.9839E-03  0.1691E-03 -0.9839E-03  0.0000E+00      -1  -0.197E-02   20.00
  89   -44.0000    -300.000 0.1702   0.9839E-03  0.1691E-03 -0.9839E-03  0.0000E+00      -1  -0.197E-02   20.00
  90   -44.5000    -300.000 0.1702   0.9839E-03  0.1691E-03 -0.9839E-03  0.0000E+00      -1  -0.197E-02   20.00
  91   -45.0000    -300.000 0.1702   0.9839E-03  0.1691E-03 -0.9839E-03  0.0000E+00      -1  -0.197E-02   20.00
  92   -45.5000    -300.000 0.1702   0.9839E-03  0.1691E-03 -0.9839E-03  0.0000E+00      -1  -0.197E-02   20.00
  93   -46.0000    -300.000 0.1702   0.9839E-03  0.1691E-03 -0.9839E-03  0.0000E+00      -1  -0.197E-02   20.00
  94   -46.5000    -300.000 0.1702   0.9839E-03  0.1691E-03 -0.9839E-03  0.0000E+00      -1  -0.197E-02   20.00
  95   -47.0000    -300.000 0.1702   0.9839E-03  0.1691E-03 -0.9839E-03  0.0000E+00      -1  -0.197E-02   20.00
  96   -47.5000    -300.000 0.1702   0.9839E-03  0.1691E-03 -0.9839E-03  0.0000E+00      -1  -0.197E-02   20.00
  97   -48.0000    -300.000 0.1702   0.9839E-03  0.1691E-03 -0.9839E-03  0.0000E+00      -1  -0.197E-02   20.00
  98   -48.5000    -300.000 0.1702   0.9839E-03  0.1691E-03 -0.9839E-03  0.0000E+00      -1  -0.197E-02   20.00
  99   -49.0000    -300.000 0.1702   0.9839E-03  0.1691E-03 -0.9839E-03  0.0000E+00      -1  -0.197E-02   20.00
 100   -49.5000    -300.000 0.1702   0.9839E-03  0.1691E-03 -0.9839E-03  0.0000E+00      -1  -0.197E-02   20.00
 101   -50.0000    -300.000 0.1702   0.9839E-03  0.1691E-03 -0.9839E-03  0.0000E+00      -1  -0.197E-02   20.00
 102   -50.5000    -300.000 0.1702   0.9839E-03  0.1691E-03 -0.9839E-03  0.0000E+00      -1  -0.197E-02   20.00
 103   -51.0000    -300.000 0.1702   0.9839E-03  0.1691E-03 -0.9839E-03  0.0000E+00      -1  -0.197E-02   20.00
 104   -51.5000    -300.000 0.1702   0.9839E-03  0.1691E-03 -0.9839E-03  0.0000E+00      -1  -0.197E-02   20.00
 105   -52.0000    -300.000 0.1702   0.9839E-03  0.1691E-03 -0.9839E-03  0.0000E+00      -1  -0.197E-02   20.00
 106   -52.5000    -300.000 0.1702   0.9839E-03  0.1691E-03 -0.9839E-03  0.0000E+00      -1  -0.197E-02   20.00
 107   -53.0000    -300.000 0.1702   0.9839E-03  0.1691E-03 -0.9839E-03  0.0000E+00      -1  -0.197E-02   20.00
 108   -53.5000    -300.000 0.1702   0.9839E-03  0.1691E-03 -0.9839E-03  0.0000E+00      -1  -0.197E-02   20.00
 109   -54.0000    -300.000 0.1702   0.9839E-03  0.1691E-03 -0.9839E-03  0.0000E+00      -1  -0.197E-02   20.00
 110   -54.5000    -300.000 0.1702   0.9839E-03  0.1691E-03 -0.9839E-03  0.0000E+00      -1  -0.197E-02   20.00
 111   -55.0000    -300.000 0.1702   0.9839E-03  0.1691E-03 -0.9839E-03  0.0000E+00      -1  -0.197E-02   20.00
 112   -55.5000    -300.000 0.1702   0.9839E-03  0.1691E-03 -0.9839E-03  0.0000E+00      -1  -0.197E-02   20.00
 113   -56.0000    -300.000 0.1702   0.9839E-03  0.1691E-03 -0.9839E-03  0.0000E+00      -1  -0.197E-02   20.00
 114   -56.5000    -300.000 0.1702   0.9839E-03  0.1691E-03 -0.9839E-03  0.0000E+00      -1  -0.197E-02   20.00
 115   -57.0000    -300.000 0.1702   0.9839E-03  0.1691E-03 -0.9839E-03  0.0000E+00      -1  -0.197E-02   20.00
 116   -57.5000    -300.000 0.1702   0.9839E-03  0.1691E-03 -0.9839E-03  0.0000E+00      -1  -0.197E-02   20.00
 117   -58.0000    -300.000 0.1702   0.9839E-03  0.1691E-03 -0.9839E-03  0.0000E+00      -1  -0.197E-02   20.00
 118   -58.5000    -300.000 0.1702   0.9839E-03  0.1691E-03 -0.9839E-03  0.0000E+00      -1  -0.197E-02   20.00
 119   -59.0000    -300.000 0.1702   0.9839E-03  0.1691E-03 -0.9839E-03  0.0000E+00      -1  -0.197E-02   20.00
 120   -59.5000    -300.000 0.1702   0.9839E-03  0.1691E-03 -0.9839E-03  0.0000E+00      -1  -0.197E-02   20.00
 121   -60.0000    -300.000 0.1702   0.9839E-03  0.1691E-03 -0.9839E-03  0.0000E+00      -1  -0.197E-02   20.00
 122   -60.5000    -300.000 0.1702   0.9839E-03  0.1691E-03 -0.9839E-03  0.0000E+00      -1  -0.197E-02   20.00
 123   -61.0000    -300.000 0.1702   0.9839E-03  0.1691E-03 -0.9839E-03  0.0000E+00      -1  -0.197E-02   20.00
 124   -61.5000    -300.000 0.1702   0.9839E-03  0.1691E-03 -0.9839E-03  0.0000E+00      -1  -0.197E-02   20.00
 125   -62.0000    -300.000 0.1702   0.9839E-03  0.1691E-03 -0.9839E-03  0.0000E+00      -1  -0.197E-02   20.00
 126   -62.5000    -300.000 0.1702   0.9839E-03  0.1691E-03 -0.9839E-03  0.0000E+00      -1  -0.197E-02   20.00
 127   -63.0000    -300.000 0.1702   0.9839E-03  0.1691E-03 -0.9839E-03  0.0000E+00      -1  -0.197E-02   20.00
 128   -63.5000    -300.000 0.1702   0.9839E-03  0.1691E-03 -0.9839E-03  0.0000E+00      -1  -0.197E-02   20.00
 129   -64.0000    -300.000 0.1702   0.9839E-03  0.1691E-03 -0.9839E-03  0.0000E+00      -1  -0.197E-02   20.00
 130   -64.5000    -300.000 0.1702   0.9839E-03  0.1691E-03 -0.9839E-03  0.0000E+00      -1  -0.197E-02   20.00
 131   -65.0000    -300.000 0.1702   0.9839E-03  0.1691E-03 -0.9839E-03  0.0000E+00      -1  -0.197E-02   20.00
 132   -65.5000    -300.000 0.1702   0.9839E-03  0.1691E-03 -0.9839E-03  0.0000E+00      -1  -0.197E-02   20.00
 133   -66.0000    -300.000 0.1702   0.9839E-03  0.1691E-03 -0.9839E-03  0.0000E+00      -1  -0.197E-02   20.00
 134   -66.5000    -300.000 0.1702   0.9839E-03  0.1691E-03 -0.9839E-03  0.0000E+00      -1  -0.197E-02   20.00
 135   -67.0000    -300.000 0.1702   0.9839E-03  0.1691E-03 -0.9839E-03  0.0000E+00      -1  -0.197E-02   20.00
 136   -67.5000    -300.000 0.1702   0.9839E-03  0.1691E-03 -0.9839E-03  0.0000E+00      -1  -0.197E-02   20.00
 137   -68.0000    -300.000 0.1702   0.9839E-03  0.1691E-03 -0.9839E-03  0.0000E+00      -1  -0.197E-02   20.00
 138   -68.5000    -300.000 0.1702   0.9839E-03  0.1691E-03 -0.9839E-03  0.0000E+00      -1  -0.197E-02   20.00
 139   -69.0000    -300.000 0.1702   0.9839E-03  0.1691E-03 -0.9839E-03  0.0000E+00      -1  -0.197E-02   20.00
 140   -69.5000    -300.000 0.1702   0.9839E-03  0.1691E-03 -0.9839E-03  0.0000E+00      -1  -0.197E-02   20.00
 141   -70.0000    -300.000 0.1702   0.9839E-03  0.1691E-03 -0.9839E-03  0.0000E+00      -1  -0.197E-02   20.00
 142   -70.5000    -300.000 0.1702   0.9839E-03  0.1691E-03 -0.9839E-03  0.0000E+00      -1  -0.197E-02   20.00
 143   -71.0000    -300.000 0.1702   0.9839E-03  0.1691E-03 -0.9839E-03  0.0000E+00      -1  -0.197E-02   20.00
 144   -71.5000    -300.000 0.1702   0.9839E-03  0.1691E-03 -0.9839E-03  0.0000E+00      -1  -0.197E-02   20.00
 145   -72.0000    -300.000 0.1702   0.9839E-03  0.1691E-03 -0.9839E-03  0.0000E+00      -1  -0.197E-02   20.00
 146   -72.5000    -300.000 0.1702   0.9839E-03  0.1691E-03 -0.9839E-03  0.0000E+00      -1  -0.197E-02   20.00
 147   -73.0000    -300.000 0.1702   0.9839E-03  0.1691E-03 -0.9839E-03  0.0000E+00      -1  -0.197E-02   20.00
 148   -73.5000    -300.000 0.1702   0.9839E-03  0.1691E-03 -0.9839E-03  0.0000E+00      -1  -0.197E-02   20.00
 149   -74.0000    -300.000 0.1702   0.9839E-03  0.1691E-03 -0.9839E-03  0.0000E+00      -1  -0.197E-02   20.00
 150   -74.5000    -300.000 0.1702   0.9839E-03  0.1691E-03 -0.9839E-03  0.0000E+00      -1  -0.197E-02   20.00
 151   -75.0000    -300.000 0.1702   0.9839E-03  0.1691E-03 -0.9839E-03  0.0000E+00      -1  -0.197E-02   20.00
 152   -75.5000    -300.000 0.1702   0.9839E-03  0.1691E-03 -0.9839E-03  0.0000E+00      -1  -0.197E-02   20.00
 153   -76.0000    -300.000 0.1702   0.9839E-03  0.1691E-03 -0.9839E-03  0.0000E+00      -1  -0.197E-02   20.00
 154   -76.5000    -300.000 0.1702   0.9839E-03  0.1691E-03 -0.9839E-03  0.0000E+00      -1  -0.197E-02   20.00
 155   -77.0000    -300.000 0.1702   0.9839E-03  0.1691E-03 -0.9839E-03  0.0000E+00      -1  -0.197E-02   20.00
 156   -77.5000    -300.000 0.1702   0.9839E-03  0.1691E-03 -0.9839E-03  0.0000E+00      -1  -0.197E-02   20.00
 157   -78.0000    -300.000 0.1702   0.9839E-03  0.1691E-03 -0.9839E-03  0.0000E+00      -1  -0.197E-02   20.00
 158   -78.5000    -300.000 0.1702   0.9839E-03  0.1691E-03 -0.9839E-03  0.0000E+00      -1  -0.197E-02   20.00
 159   -79.0000    -300.000 0.1702   0.9839E-03  0.1691E-03 -0.9839E-03  0.0000E+00      -1  -0.197E-02   20.00
 160   -79.5000    -300.000 0.1702   0.9839E-03  0.1691E-03 -0.9839E-03  0.0000E+00      -1  -0.197E-02   20.00
 161   -80.0000    -300.000 0.1702   0.9839E-03  0.1691E-03 -0.9839E-03  0.0000E+00      -1  -0.197E-02   20.00
 162   -80.5000    -300.000 0.1702   0.9839E-03  0.1691E-03 -0.9839E-03  0.0000E+00      -1  -0.197E-02   20.00
 163   -81.0000    -300.000 0.1702   0.9839E-03  0.1691E-03 -0.9839E-03  0.0000E+00      -1  -0.197E-02   20.00
 164   -81.5000    -300.000 0.1702   0.9839E-03  0.1691E-03 -0.9839E-03  0.0000E+00      -1  -0.197E-02   20.00
 165   -82.0000    -300.000 0.1702   0.9839E-03  0.1691E-03 -0.9839E-03  0.0000E+00      -1  -0.197E-02   20.00
 166   -82.5000    -300.000 0.1702   0.9839E-03  0.1691E-03 -0.9839E-03  0.0000E+00      -1  -0.197E-02   20.00
 167   -83.0000    -300.000 0.1702   0.9839E-03  0.1691E-03 -0.9839E-03  0.0000E+00      -1  -0.197E-02   20.00
 168   -83.5000    -300.000 0.1702   0.9839E-03  0.1691E-03 -0.9839E-03  0.0000E+00      -1  -0.197E-02   20.00
 169   -84.0000    -300.000 0.1702   0.9839E-03  0.1691E-03 -0.9839E-03  0.0000E+00      -1  -0.197E-02   20.00
 170   -84.5000    -300.000 0.1702   0.9839E-03  0.1691E-03 -0.9839E-03  0.0000E+00      -1  -0.197E-02   20.00
 171   -85.0000    -300.000 0.1702   0.9839E-03  0.1691E-03 -0.9839E-03  0.0000E+00      -1  -0.197E-02   20.00
 172   -85.5000    -300.000 0.1702   0.9839E-03  0.1691E-03 -0.9839E-03  0.0000E+00      -1  -0.197E-02   20.00
 173   -86.0000    -300.000 0.1702   0.9839E-03  0.1691E-03 -0.9839E-03  0.0000E+00      -1  -0.197E-02   20.00
 174   -86.5000    -300.000 0.1702   0.9839E-03  0.1691E-03 -0.9839E-03  0.0000E+00      -1  -0.197E-02   20.00
 175   -87.0000    -300.000 0.1702   0.9839E-03  0.1691E-03 -0.9839E-03  0.0000E+00      -1  -0.197E-02   20.00
 176   -87.5000    -300.000 0.1702   0.9839E-03  0.1691E-03 -0.9839E-03  0.0000E+00      -1  -0.197E-02   20.00
 177   -88.0000    -300.000 0.1702   0.9839E-03  0.1691E-03 -0.9839E-03  0.0000E+00      -1  -0.197E-02   20.00
 178   -88.5000    -300.000 0.1702   0.9839E-03  0.1691E-03 -0.9839E-03  0.0000E+00      -1  -0.197E-02   20.00
 179   -89.0000    -300.000 0.1702   0.9839E-03  0.1691E-03 -0.9839E-03  0.0000E+00      -1  -0.197E-02   20.00
 180   -89.5000    -300.000 0.1702   0.9839E-03  0.1691E-03 -0.9839E-03  0.0000E+00      -1  -0.197E-02   20.00
 181   -90.0000    -300.000 0.1702   0.9839E-03  0.1691E-03 -0.9839E-03  0.0000E+00      -1  -0.197E-02   20.00
 182   -90.5000    -300.000 0.1702   0.9839E-03  0.1691E-03 -0.9839E-03  0.0000E+00      -1  -0.197E-02   20.00
 183   -91.0000    -300.000 0.1702   0.9839E-03  0.1691E-03 -0.9839E-03  0.0000E+00      -1  -0.197E-02   20.00
 184   -91.5000    -300.000 0.1702   0.9839E-03  0.1691E-03 -0.9839E-03  0.0000E+00      -1  -0.197E-02   20.00
 185   -92.0000    -300.000 0.1702   0.9839E-03  0.1691E-03 -0.9839E-03  0.0000E+00      -1  -0.197E-02   20.00
 186   -92.5000    -300.000 0.1702   0.9839E-03  0.1691E-03 -0.9839E-03  0.0000E+00      -1  -0.197E-02   20.00
 187   -93.0000    -300.000 0.1702   0.9839E-03  0.1691E-03 -0.9839E-03  0.0000E+00      -1  -0.197E-02   20.00
 188   -93.5000    -300.000 0.1702   0.9839E-03  0.1691E-03 -0.9839E-03  0.0000E+00      -1  -0.197E-02   20.00
 189   -94.0000    -300.000 0.1702   0.9839E-03  0.1691E-03 -0.9839E-03  0.0000E+00      -1  -0.197E-02   20.00
 190   -94.5000    -300.000 0.1702   0.9839E-03  0.1691E-03 -0.9839E-03  0.0000E+00      -1  -0.197E-02   20.00
 191   -95.0000    -300.000 0.1702   0.9839E-03  0.1691E-03 -0.9839E-03  0.0000E+00      -1  -0.197E-02   20.00
 192   -95.5000    -300.000 0.1702   0.9839E-03  0.1691E-03 -0.9839E-03  0.0000E+00      -1  -0.197E-02   20.00
 193   -96.0000    -300.000 0.1702   0.9839E-03  0.1691E-03 -0.9839E-03  0.0000E+00      -1  -0.197E-02   20.00
 194   -96.5000    -300.000 0.1702   0.9839E-03  0.1691E-03 -0.9839E-03  0.0000E+00      -1  -0.197E-02   20.00
 195   -97.0000    -300.000 0.1702   0.9839E-03  0.1691E-03 -0.9839E-03  0.0000E+00      -1  -0.197E-02   20.00
 196   -97.5000    -300.000 0.1702   0.9839E-03  0.1691E-03 -0.9839E-03  0.0000E+00      -1  -0.197E-02   20.00
 197   -98.0000    -300.000 0.1702   0.9839E-03  0.1691E-03 -0.9839E-03  0.0000E+00      -1  -0.197E-02   20.00
 198   -98.5000    -300.000 0.1702   0.9839E-03  0.1691E-03 -0.9839E-03  0.0000E+00      -1  -0.197E-02   20.00
 199   -99.0000    -300.000 0.1702   0.9839E-03  0.1691E-03 -0.9839E-03  0.0000E+00      -1  -0.197E-02   20.00
 200   -99.5000    -300.000 0.1702   0.9839E-03  0.1691E-03 -0.9839E-03  0.0000E+00      -1  -0.197E-02   20.00
 201  -100.0000    -300.000 0.1702   0.9839E-03  0.1691E-03 -0.9839E-03  0.0000E+00      -1  -0.197E-02   20.00
end


 Time:        0.5500


 Node      Depth      Head Moisture       K          C         Flux        Sink         Kappa   v/KsTop   Temp
           [L]        [L]    [-]        [L/T]      [1/L]      [L/T]        [1/T]         [-]      [-]      [C]

   1     0.0000     -20.931 0.3727   0.3840E-01  0.3075E-02 -0.3427E-06  0.0000E+00      -1  -0.685E-06   20.00
   2    -0.5000     -22.421 0.3681   0.3365E-01  0.3016E-02 -0.2778E+00  0.0000E+00      -1  -0.556E+00   20.00
   3    -1.0000     -29.848 0.3468   0.1835E-01  0.2663E-02 -0.4999E+00  0.0000E+00      -1  -0.100E+01   20.00
   4    -1.5000     -29.982 0.3465   0.9094E+00  0.2657E-02 -0.6704E+00  0.0000E+00      -1  -0.134E+01   20.00
   5    -2.0000     -29.895 0.3467   0.9136E+00  0.2661E-02 -0.8356E+00  0.0000E+00      -1  -0.167E+01   20.00
   6    -2.5000     -29.897 0.3467   0.9135E+00  0.2661E-02 -0.9988E+00  0.0000E+00      -1  -0.200E+01   20.00
   7    -3.0000     -29.990 0.3465   0.9089E+00  0.2656E-02 -0.1158E+01  0.0000E+00      -1  -0.232E+01   20.00
   8    -3.5000     -30.173 0.3460   0.9000E+00  0.2648E-02 -0.1311E+01  0.0000E+00      -1  -0.262E+01   20.00
   9    -4.0000     -30.448 0.3454   0.8865E+00  0.2634E-02 -0.1453E+01  0.0000E+00      -1  -0.291E+01   20.00
  10    -4.5000     -30.815 0.3445   0.8685E+00  0.2617E-02 -0.1585E+01  0.0000E+00      -1  -0.317E+01   20.00
  11    -5.0000     -31.277 0.3433   0.8460E+00  0.2595E-02 -0.1707E+01  0.0000E+00      -1  -0.341E+01   20.00
  12    -5.5000     -31.838 0.3419   0.8185E+00  0.2568E-02 -0.1820E+01  0.0000E+00      -1  -0.364E+01   20.00
  13    -6.0000     -32.506 0.3403   0.7858E+00  0.2535E-02 -0.1924E+01  0.0000E+00      -1  -0.385E+01   20.00
  14    -6.5000     -33.293 0.3383   0.7473E+00  0.2498E-02 -0.2018E+01  0.0000E+00      -1  -0.404E+01   20.00
  15    -7.0000     -34.216 0.3360   0.7022E+00  0.2453E-02 -0.2101E+01  0.0000E+00      -1  -0.420E+01   20.00
  16    -7.5000     -35.300 0.3334   0.6491E+00  0.2401E-02 -0.2174E+01  0.0000E+00      -1  -0.435E+01   20.00
  17    -8.0000     -36.587 0.3302   0.5862E+00  0.2339E-02 -0.2236E+01  0.0000E+00      -1  -0.447E+01   20.00
  18    -8.5000     -38.128 0.3266   0.5226E+00  0.2268E-02 -0.2281E+01  0.0000E+00      -1  -0.456E+01   20.00
  19    -9.0000     -39.923 0.3228   0.4791E+00  0.2195E-02 -0.2308E+01  0.0000E+00      -1  -0.462E+01   20.00
  20    -9.5000     -41.974 0.3186   0.4295E+00  0.2111E-02 -0.2319E+01  0.0000E+00      -1  -0.464E+01   20.00
  21   -10.0000     -44.372 0.3136   0.3714E+00  0.2013E-02 -0.2312E+01  0.0000E+00      -1  -0.462E+01   20.00
  22   -10.5000     -47.301 0.3075   0.3004E+00  0.1893E-02 -0.2283E+01  0.0000E+00      -1  -0.457E+01   20.00
  23   -11.0000     -50.853 0.3014   0.2579E+00  0.1779E-02 -0.2232E+01  0.0000E+00      -1  -0.446E+01   20.00
  24   -11.5000     -55.047 0.2944   0.2110E+00  0.1648E-02 -0.2153E+01  0.0000E+00      -1  -0.431E+01   20.00
  25   -12.0000     -60.309 0.2857   0.1543E+00  0.1486E-02 -0.2050E+01  0.0000E+00      -1  -0.410E+01   20.00
  26   -12.5000     -67.045 0.2769   0.1214E+00  0.1338E-02 -0.1917E+01  0.0000E+00      -1  -0.383E+01   20.00
  27   -13.0000     -75.715 0.2655   0.7924E-01  0.1147E-02 -0.1758E+01  0.0000E+00      -1  -0.352E+01   20.00
  28   -13.5000     -87.716 0.2536   0.5488E-01  0.9723E-03 -0.1559E+01  0.0000E+00      -1  -0.312E+01   20.00
  29   -14.0000    -103.712 0.2398   0.3248E-01  0.7842E-03 -0.1301E+01  0.0000E+00      -1  -0.260E+01   20.00
  30   -14.5000    -126.698 0.2242   0.1693E-01  0.5965E-03 -0.1005E+01  0.0000E+00      -1  -0.201E+01   20.00
  31   -15.0000    -160.327 0.2074   0.7958E-02  0.4292E-03 -0.6890E+00  0.0000E+00      -1  -0.138E+01   20.00
  32   -15.5000    -205.710 0.1914   0.3569E-02  0.3001E-03 -0.3902E+00  0.0000E+00      -1  -0.780E+00   20.00
  33   -16.0000    -252.274 0.1795   0.1774E-02  0.2205E-03 -0.1737E+00  0.0000E+00      -1  -0.347E+00   20.00
  34   -16.5000    -283.389 0.1734   0.1259E-02  0.1870E-03 -0.6238E-01  0.0000E+00      -1  -0.125E+00   20.00
  35   -17.0000    -295.336 0.1711   0.1061E-02  0.1741E-03 -0.1855E-01  0.0000E+00      -1  -0.371E-01   20.00
  36   -17.5000    -298.814 0.1704   0.1004E-02  0.1704E-03 -0.5495E-02  0.0000E+00      -1  -0.110E-01   20.00
  37   -18.0000    -299.708 0.1703   0.9887E-03  0.1694E-03 -0.2101E-02  0.0000E+00      -1  -0.420E-02   20.00
  38   -18.5000    -299.929 0.1702   0.9851E-03  0.1692E-03 -0.1257E-02  0.0000E+00      -1  -0.251E-02   20.00
  39   -19.0000    -299.983 0.1702   0.9842E-03  0.1691E-03 -0.1050E-02  0.0000E+00      -1  -0.210E-02   20.00
  40   -19.5000    -299.996 0.1702   0.9840E-03  0.1691E-03 -0.9998E-03  0.0000E+00      -1  -0.200E-02   20.00
  41   -20.0000    -299.999 0.1702   0.9839E-03  0.1691E-03 -0.9878E-03  0.0000E+00      -1  -0.198E-02   20.00
  42   -20.5000    -300.000 0.1702   0.9839E-03  0.1691E-03 -0.9849E-03  0.0000E+00      -1  -0.197E-02   20.00
  43   -21.0000    -300.000 0.1702   0.9839E-03  0.1691E-03 -0.9840E-03  0.0000E+00      -1  -0.197E-02   20.00
  44   -21.5000    -300.000 0.1702   0.9839E-03  0.1691E-03 -0.9839E-03  0.0000E+00      -1  -0.197E-02   20.00
  45   -22.0000    -300.000 0.1702   0.9839E-03  0.1691E-03 -0.9839E-03  0.0000E+00      -1  -0.197E-02   20.00
  46   -22.5000    -300.000 0.1702   0.9839E-03  0.1691E-03 -0.9839E-03  0.0000E+00      -1  -0.197E-02   20.00
  47   -23.0000    -300.000 0.1702   0.9839E-03  0.1691E-03 -0.9839E-03  0.0000E+00      -1  -0.197E-02   20.00
  48   -23.5000    -300.000 0.1702   0.9839E-03  0.1691E-03 -0.9839E-03  0.0000E+00      -1  -0.197E-02   20.00
  49   -24.0000    -300.000 0.1702   0.9839E-03  0.1691E-03 -0.9839E-03  0.0000E+00      -1  -0.197E-02   20.00
  50   -24.5000    -300.000 0.1702   0.9839E-03  0.1691E-03 -0.9839E-03  0.0000E+00      -1  -0.197E-02   20.00
  51   -25.0000    -300.000 0.1702   0.9839E-03  0.1691E-03 -0.9839E-03  0.0000E+00      -1  -0.197E-02   20.00
  52   -25.5000    -300.000 0.1702   0.9839E-03  0.1691E-03 -0.9839E-03  0.0000E+00      -1  -0.197E-02   20.00
  53   -26.0000    -300.000 0.1702   0.9839E-03  0.1691E-03 -0.9839E-03  0.0000E+00      -1  -0.197E-02   20.00
  54   -26.5000    -300.000 0.1702   0.9839E-03  0.1691E-03 -0.9839E-03  0.0000E+00      -1  -0.197E-02   20.00
  55   -27.0000    -300.000 0.1702   0.9839E-03  0.1691E-03 -0.9839E-03  0.0000E+00      -1  -0.197E-02   20.00
  56   -27.5000    -300.000 0.1702   0.9839E-03  0.1691E-03 -0.9839E-03  0.0000E+00      -1  -0.197E-02   20.00
  57   -28.0000    -300.000 0.1702   0.9839E-03  0.1691E-03 -0.9839E-03  0.0000E+00      -1  -0.197E-02   20.00
  58   -28.5000    -300.000 0.1702   0.9839E-03  0.1691E-03 -0.9839E-03  0.0000E+00      -1  -0.197E-02   20.00
  59   -29.0000    -300.000 0.1702   0.9839E-03  0.1691E-03 -0.9839E-03  0.0000E+00      -1  -0.197E-02   20.00
  60   -29.5000    -300.000 0.1702   0.9839E-03  0.1691E-03 -0.9839E-03  0.0000E+00      -1  -0.197E-02   20.00
  61   -30.0000    -300.000 0.1702   0.9839E-03  0.1691E-03 -0.9839E-03  0.0000E+00      -1  -0.197E-02   20.00
  62   -30.5000    -300.000 0.1702   0.9839E-03  0.1691E-03 -0.9839E-03  0.0000E+00      -1  -0.197E-02   20.00
  63   -31.0000    -300.000 0.1702   0.9839E-03  0.1691E-03 -0.9839E-03  0.0000E+00      -1  -0.197E-02   20.00
  64   -31.5000    -300.000 0.1702   0.9839E-03  0.1691E-03 -0.9839E-03  0.0000E+00      -1  -0.197E-02   20.00
  65   -32.0000    -300.000 0.1702   0.9839E-03  0.1691E-03 -0.9839E-03  0.0000E+00      -1  -0.197E-02   20.00
  66   -32.5000    -300.000 0.1702   0.9839E-03  0.1691E-03 -0.9839E-03  0.0000E+00      -1  -0.197E-02   20.00
  67   -33.0000    -300.000 0.1702   0.9839E-03  0.1691E-03 -0.9839E-03  0.0000E+00      -1  -0.197E-02   20.00
  68   -33.5000    -300.000 0.1702   0.9839E-03  0.1691E-03 -0.9839E-03  0.0000E+00      -1  -0.197E-02   20.00
  69   -34.0000    -300.000 0.1702   0.9839E-03  0.1691E-03 -0.9839E-03  0.0000E+00      -1  -0.197E-02   20.00
  70   -34.5000    -300.000 0.1702   0.9839E-03  0.1691E-03 -0.9839E-03  0.0000E+00      -1  -0.197E-02   20.00
  71   -35.0000    -300.000 0.1702   0.9839E-03  0.1691E-03 -0.9839E-03  0.0000E+00      -1  -0.197E-02   20.00
  72   -35.5000    -300.000 0.1702   0.9839E-03  0.1691E-03 -0.9839E-03  0.0000E+00      -1  -0.197E-02   20.00
  73   -36.0000    -300.000 0.1702   0.9839E-03  0.1691E-03 -0.9839E-03  0.0000E+00      -1  -0.197E-02   20.00
  74   -36.5000    -300.000 0.1702   0.9839E-03  0.1691E-03 -0.9839E-03  0.0000E+00      -1  -0.197E-02   20.00
  75   -37.0000    -300.000 0.1702   0.9839E-03  0.1691E-03 -0.9839E-03  0.0000E+00      -1  -0.197E-02   20.00
  76   -37.5000    -300.000 0.1702   0.9839E-03  0.1691E-03 -0.9839E-03  0.0000E+00      -1  -0.197E-02   20.00
  77   -38.0000    -300.000 0.1702   0.9839E-03  0.1691E-03 -0.9839E-03  0.0000E+00      -1  -0.197E-02   20.00
  78   -38.5000    -300.000 0.1702   0.9839E-03  0.1691E-03 -0.9839E-03  0.0000E+00      -1  -0.197E-02   20.00
  79   -39.0000    -300.000 0.1702   0.9839E-03  0.1691E-03 -0.9839E-03  0.0000E+00      -1  -0.197E-02   20.00
  80   -39.5000    -300.000 0.1702   0.9839E-03  0.1691E-03 -0.9839E-03  0.0000E+00      -1  -0.197E-02   20.00
  81   -40.0000    -300.000 0.1702   0.9839E-03  0.1691E-03 -0.9839E-03  0.0000E+00      -1  -0.197E-02   20.00
  82   -40.5000    -300.000 0.1702   0.9839E-03  0.1691E-03 -0.9839E-03  0.0000E+00      -1  -0.197E-02   20.00
  83   -41.0000    -300.000 0.1702   0.9839E-03  0.1691E-03 -0.9839E-03  0.0000E+00      -1  -0.197E-02   20.00
  84   -41.5000    -300.000 0.1702   0.9839E-03  0.1691E-03 -0.9839E-03  0.0000E+00      -1  -0.197E-02   20.00
  85   -42.0000    -300.000 0.1702   0.9839E-03  0.1691E-03 -0.9839E-03  0.0000E+00      -1  -0.197E-02   20.00
  86   -42.5000    -300.000 0.1702   0.9839E-03  0.1691E-03 -0.9839E-03  0.0000E+00      -1  -0.197E-02   20.00
  87   -43.0000    -300.000 0.1702   0.9839E-03  0.1691E-03 -0.9839E-03  0.0000E+00      -1  -0.197E-02   20.00
  88   -43.5000    -300.000 0.1702   0.9839E-03  0.1691E-03 -0.9839E-03  0.0000E+00      -1  -0.197E-02   20.00
  89   -44.0000    -300.000 0.1702   0.9839E-03  0.1691E-03 -0.9839E-03  0.0000E+00      -1  -0.197E-02   20.00
  90   -44.5000    -300.000 0.1702   0.9839E-03  0.1691E-03 -0.9839E-03  0.0000E+00      -1  -0.197E-02   20.00
  91   -45.0000    -300.000 0.1702   0.9839E-03  0.1691E-03 -0.9839E-03  0.0000E+00      -1  -0.197E-02   20.00
  92   -45.5000    -300.000 0.1702   0.9839E-03  0.1691E-03 -0.9839E-03  0.0000E+00      -1  -0.197E-02   20.00
  93   -46.0000    -300.000 0.1702   0.9839E-03  0.1691E-03 -0.9839E-03  0.0000E+00      -1  -0.197E-02   20.00
  94   -46.5000    -300.000 0.1702   0.9839E-03  0.1691E-03 -0.9839E-03  0.0000E+00      -1  -0.197E-02   20.00
  95   -47.0000    -300.000 0.1702   0.9839E-03  0.1691E-03 -0.9839E-03  0.0000E+00      -1  -0.197E-02   20.00
  96   -47.5000    -300.000 0.1702   0.9839E-03  0.1691E-03 -0.9839E-03  0.0000E+00      -1  -0.197E-02   20.00
  97   -48.0000    -300.000 0.1702   0.9839E-03  0.1691E-03 -0.9839E-03  0.0000E+00      -1  -0.197E-02   20.00
  98   -48.5000    -300.000 0.1702   0.9839E-03  0.1691E-03 -0.9839E-03  0.0000E+00      -1  -0.197E-02   20.00
  99   -49.0000    -300.000 0.1702   0.9839E-03  0.1691E-03 -0.9839E-03  0.0000E+00      -1  -0.197E-02   20.00
 100   -49.5000    -300.000 0.1702   0.9839E-03  0.1691E-03 -0.9839E-03  0.0000E+00      -1  -0.197E-02   20.00
 101   -50.0000    -300.000 0.1702   0.9839E-03  0.1691E-03 -0.9839E-03  0.0000E+00      -1  -0.197E-02   20.00
 102   -50.5000    -300.000 0.1702   0.9839E-03  0.1691E-03 -0.9839E-03  0.0000E+00      -1  -0.197E-02   20.00
 103   -51.0000    -300.000 0.1702   0.9839E-03  0.1691E-03 -0.9839E-03  0.0000E+00      -1  -0.197E-02   20.00
 104   -51.5000    -300.000 0.1702   0.9839E-03  0.1691E-03 -0.9839E-03  0.0000E+00      -1  -0.197E-02   20.00
 105   -52.0000    -300.000 0.1702   0.9839E-03  0.1691E-03 -0.9839E-03  0.0000E+00      -1  -0.197E-02   20.00
 106   -52.5000    -300.000 0.1702   0.9839E-03  0.1691E-03 -0.9839E-03  0.0000E+00      -1  -0.197E-02   20.00
 107   -53.0000    -300.000 0.1702   0.9839E-03  0.1691E-03 -0.9839E-03  0.0000E+00      -1  -0.197E-02   20.00
 108   -53.5000    -300.000 0.1702   0.9839E-03  0.1691E-03 -0.9839E-03  0.0000E+00      -1  -0.197E-02   20.00
 109   -54.0000    -300.000 0.1702   0.9839E-03  0.1691E-03 -0.9839E-03  0.0000E+00      -1  -0.197E-02   20.00
 110   -54.5000    -300.000 0.1702   0.9839E-03  0.1691E-03 -0.9839E-03  0.0000E+00      -1  -0.197E-02   20.00
 111   -55.0000    -300.000 0.1702   0.9839E-03  0.1691E-03 -0.9839E-03  0.0000E+00      -1  -0.197E-02   20.00
 112   -55.5000    -300.000 0.1702   0.9839E-03  0.1691E-03 -0.9839E-03  0.0000E+00      -1  -0.197E-02   20.00
 113   -56.0000    -300.000 0.1702   0.9839E-03  0.1691E-03 -0.9839E-03  0.0000E+00      -1  -0.197E-02   20.00
 114   -56.5000    -300.000 0.1702   0.9839E-03  0.1691E-03 -0.9839E-03  0.0000E+00      -1  -0.197E-02   20.00
 115   -57.0000    -300.000 0.1702   0.9839E-03  0.1691E-03 -0.9839E-03  0.0000E+00      -1  -0.197E-02   20.00
 116   -57.5000    -300.000 0.1702   0.9839E-03  0.1691E-03 -0.9839E-03  0.0000E+00      -1  -0.197E-02   20.00
 117   -58.0000    -300.000 0.1702   0.9839E-03  0.1691E-03 -0.9839E-03  0.0000E+00      -1  -0.197E-02   20.00
 118   -58.5000    -300.000 0.1702   0.9839E-03  0.1691E-03 -0.9839E-03  0.0000E+00      -1  -0.197E-02   20.00
 119   -59.0000    -300.000 0.1702   0.9839E-03  0.1691E-03 -0.9839E-03  0.0000E+00      -1  -0.197E-02   20.00
 120   -59.5000    -300.000 0.1702   0.9839E-03  0.1691E-03 -0.9839E-03  0.0000E+00      -1  -0.197E-02   20.00
 121   -60.0000    -300.000 0.1702   0.9839E-03  0.1691E-03 -0.9839E-03  0.0000E+00      -1  -0.197E-02   20.00
 122   -60.5000    -300.000 0.1702   0.9839E-03  0.1691E-03 -0.9839E-03  0.0000E+00      -1  -0.197E-02   20.00
 123   -61.0000    -300.000 0.1702   0.9839E-03  0.1691E-03 -0.9839E-03  0.0000E+00      -1  -0.197E-02   20.00
 124   -61.5000    -300.000 0.1702   0.9839E-03  0.1691E-03 -0.9839E-03  0.0000E+00      -1  -0.197E-02   20.00
 125   -62.0000    -300.000 0.1702   0.9839E-03  0.1691E-03 -0.9839E-03  0.0000E+00      -1  -0.197E-02   20.00
 126   -62.5000    -300.000 0.1702   0.9839E-03  0.1691E-03 -0.9839E-03  0.0000E+00      -1  -0.197E-02   20.00
 127   -63.0000    -300.000 0.1702   0.9839E-03  0.1691E-03 -0.9839E-03  0.0000E+00      -1  -0.197E-02   20.00
 128   -63.5000    -300.000 0.1702   0.9839E-03  0.1691E-03 -0.9839E-03  0.0000E+00      -1  -0.197E-02   20.00
 129   -64.0000    -300.000 0.1702   0.9839E-03  0.1691E-03 -0.9839E-03  0.0000E+00      -1  -0.197E-02   20.00
 130   -64.5000    -300.000 0.1702   0.9839E-03  0.1691E-03 -0.9839E-03  0.0000E+00      -1  -0.197E-02   20.00
 131   -65.0000    -300.000 0.1702   0.9839E-03  0.1691E-03 -0.9839E-03  0.0000E+00      -1  -0.197E-02   20.00
 132   -65.5000    -300.000 0.1702   0.9839E-03  0.1691E-03 -0.9839E-03  0.0000E+00      -1  -0.197E-02   20.00
 133   -66.0000    -300.000 0.1702   0.9839E-03  0.1691E-03 -0.9839E-03  0.0000E+00      -1  -0.197E-02   20.00
 134   -66.5000    -300.000 0.1702   0.9839E-03  0.1691E-03 -0.9839E-03  0.0000E+00      -1  -0.197E-02   20.00
 135   -67.0000    -300.000 0.1702   0.9839E-03  0.1691E-03 -0.9839E-03  0.0000E+00      -1  -0.197E-02   20.00
 136   -67.5000    -300.000 0.1702   0.9839E-03  0.1691E-03 -0.9839E-03  0.0000E+00      -1  -0.197E-02   20.00
 137   -68.0000    -300.000 0.1702   0.9839E-03  0.1691E-03 -0.9839E-03  0.0000E+00      -1  -0.197E-02   20.00
 138   -68.5000    -300.000 0.1702   0.9839E-03  0.1691E-03 -0.9839E-03  0.0000E+00      -1  -0.197E-02   20.00
 139   -69.0000    -300.000 0.1702   0.9839E-03  0.1691E-03 -0.9839E-03  0.0000E+00      -1  -0.197E-02   20.00
 140   -69.5000    -300.000 0.1702   0.9839E-03  0.1691E-03 -0.9839E-03  0.0000E+00      -1  -0.197E-02   20.00
 141   -70.0000    -300.000 0.1702   0.9839E-03  0.1691E-03 -0.9839E-03  0.0000E+00      -1  -0.197E-02   20.00
 142   -70.5000    -300.000 0.1702   0.9839E-03  0.1691E-03 -0.9839E-03  0.0000E+00      -1  -0.197E-02   20.00
 143   -71.0000    -300.000 0.1702   0.9839E-03  0.1691E-03 -0.9839E-03  0.0000E+00      -1  -0.197E-02   20.00
 144   -71.5000    -300.000 0.1702   0.9839E-03  0.1691E-03 -0.9839E-03  0.0000E+00      -1  -0.197E-02   20.00
 145   -72.0000    -300.000 0.1702   0.9839E-03  0.1691E-03 -0.9839E-03  0.0000E+00      -1  -0.197E-02   20.00
 146   -72.5000    -300.000 0.1702   0.9839E-03  0.1691E-03 -0.9839E-03  0.0000E+00      -1  -0.197E-02   20.00
 147   -73.0000    -300.000 0.1702   0.9839E-03  0.1691E-03 -0.9839E-03  0.0000E+00      -1  -0.197E-02   20.00
 148   -73.5000    -300.000 0.1702   0.9839E-03  0.1691E-03 -0.9839E-03  0.0000E+00      -1  -0.197E-02   20.00
 149   -74.0000    -300.000 0.1702   0.9839E-03  0.1691E-03 -0.9839E-03  0.0000E+00      -1  -0.197E-02   20.00
 150   -74.5000    -300.000 0.1702   0.9839E-03  0.1691E-03 -0.9839E-03  0.0000E+00      -1  -0.197E-02   20.00
 151   -75.0000    -300.000 0.1702   0.9839E-03  0.1691E-03 -0.9839E-03  0.0000E+00      -1  -0.197E-02   20.00
 152   -75.5000    -300.000 0.1702   0.9839E-03  0.1691E-03 -0.9839E-03  0.0000E+00      -1  -0.197E-02   20.00
 153   -76.0000    -300.000 0.1702   0.9839E-03  0.1691E-03 -0.9839E-03  0.0000E+00      -1  -0.197E-02   20.00
 154   -76.5000    -300.000 0.1702   0.9839E-03  0.1691E-03 -0.9839E-03  0.0000E+00      -1  -0.197E-02   20.00
 155   -77.0000    -300.000 0.1702   0.9839E-03  0.1691E-03 -0.9839E-03  0.0000E+00      -1  -0.197E-02   20.00
 156   -77.5000    -300.000 0.1702   0.9839E-03  0.1691E-03 -0.9839E-03  0.0000E+00      -1  -0.197E-02   20.00
 157   -78.0000    -300.000 0.1702   0.9839E-03  0.1691E-03 -0.9839E-03  0.0000E+00      -1  -0.197E-02   20.00
 158   -78.5000    -300.000 0.1702   0.9839E-03  0.1691E-03 -0.9839E-03  0.0000E+00      -1  -0.197E-02   20.00
 159   -79.0000    -300.000 0.1702   0.9839E-03  0.1691E-03 -0.9839E-03  0.0000E+00      -1  -0.197E-02   20.00
 160   -79.5000    -300.000 0.1702   0.9839E-03  0.1691E-03 -0.9839E-03  0.0000E+00      -1  -0.197E-02   20.00
 161   -80.0000    -300.000 0.1702   0.9839E-03  0.1691E-03 -0.9839E-03  0.0000E+00      -1  -0.197E-02   20.00
 162   -80.5000    -300.000 0.1702   0.9839E-03  0.1691E-03 -0.9839E-03  0.0000E+00      -1  -0.197E-02   20.00
 163   -81.0000    -300.000 0.1702   0.9839E-03  0.1691E-03 -0.9839E-03  0.0000E+00      -1  -0.197E-02   20.00
 164   -81.5000    -300.000 0.1702   0.9839E-03  0.1691E-03 -0.9839E-03  0.0000E+00      -1  -0.197E-02   20.00
 165   -82.0000    -300.000 0.1702   0.9839E-03  0.1691E-03 -0.9839E-03  0.0000E+00      -1  -0.197E-02   20.00
 166   -82.5000    -300.000 0.1702   0.9839E-03  0.1691E-03 -0.9839E-03  0.0000E+00      -1  -0.197E-02   20.00
 167   -83.0000    -300.000 0.1702   0.9839E-03  0.1691E-03 -0.9839E-03  0.0000E+00      -1  -0.197E-02   20.00
 168   -83.5000    -300.000 0.1702   0.9839E-03  0.1691E-03 -0.9839E-03  0.0000E+00      -1  -0.197E-02   20.00
 169   -84.0000    -300.000 0.1702   0.9839E-03  0.1691E-03 -0.9839E-03  0.0000E+00      -1  -0.197E-02   20.00
 170   -84.5000    -300.000 0.1702   0.9839E-03  0.1691E-03 -0.9839E-03  0.0000E+00      -1  -0.197E-02   20.00
 171   -85.0000    -300.000 0.1702   0.9839E-03  0.1691E-03 -0.9839E-03  0.0000E+00      -1  -0.197E-02   20.00
 172   -85.5000    -300.000 0.1702   0.9839E-03  0.1691E-03 -0.9839E-03  0.0000E+00      -1  -0.197E-02   20.00
 173   -86.0000    -300.000 0.1702   0.9839E-03  0.1691E-03 -0.9839E-03  0.0000E+00      -1  -0.197E-02   20.00
 174   -86.5000    -300.000 0.1702   0.9839E-03  0.1691E-03 -0.9839E-03  0.0000E+00      -1  -0.197E-02   20.00
 175   -87.0000    -300.000 0.1702   0.9839E-03  0.1691E-03 -0.9839E-03  0.0000E+00      -1  -0.197E-02   20.00
 176   -87.5000    -300.000 0.1702   0.9839E-03  0.1691E-03 -0.9839E-03  0.0000E+00      -1  -0.197E-02   20.00
 177   -88.0000    -300.000 0.1702   0.9839E-03  0.1691E-03 -0.9839E-03  0.0000E+00      -1  -0.197E-02   20.00
 178   -88.5000    -300.000 0.1702   0.9839E-03  0.1691E-03 -0.9839E-03  0.0000E+00      -1  -0.197E-02   20.00
 179   -89.0000    -300.000 0.1702   0.9839E-03  0.1691E-03 -0.9839E-03  0.0000E+00      -1  -0.197E-02   20.00
 180   -89.5000    -300.000 0.1702   0.9839E-03  0.1691E-03 -0.9839E-03  0.0000E+00      -1  -0.197E-02   20.00
 181   -90.0000    -300.000 0.1702   0.9839E-03  0.1691E-03 -0.9839E-03  0.0000E+00      -1  -0.197E-02   20.00
 182   -90.5000    -300.000 0.1702   0.9839E-03  0.1691E-03 -0.9839E-03  0.0000E+00      -1  -0.197E-02   20.00
 183   -91.0000    -300.000 0.1702   0.9839E-03  0.1691E-03 -0.9839E-03  0.0000E+00      -1  -0.197E-02   20.00
 184   -91.5000    -300.000 0.1702   0.9839E-03  0.1691E-03 -0.9839E-03  0.0000E+00      -1  -0.197E-02   20.00
 185   -92.0000    -300.000 0.1702   0.9839E-03  0.1691E-03 -0.9839E-03  0.0000E+00      -1  -0.197E-02   20.00
 186   -92.5000    -300.000 0.1702   0.9839E-03  0.1691E-03 -0.9839E-03  0.0000E+00      -1  -0.197E-02   20.00
 187   -93.0000    -300.000 0.1702   0.9839E-03  0.1691E-03 -0.9839E-03  0.0000E+00      -1  -0.197E-02   20.00
 188   -93.5000    -300.000 0.1702   0.9839E-03  0.1691E-03 -0.9839E-03  0.0000E+00      -1  -0.197E-02   20.00
 189   -94.0000    -300.000 0.1702   0.9839E-03  0.1691E-03 -0.9839E-03  0.0000E+00      -1  -0.197E-02   20.00
 190   -94.5000    -300.000 0.1702   0.9839E-03  0.1691E-03 -0.9839E-03  0.0000E+00      -1  -0.197E-02   20.00
 191   -95.0000    -300.000 0.1702   0.9839E-03  0.1691E-03 -0.9839E-03  0.0000E+00      -1  -0.197E-02   20.00
 192   -95.5000    -300.000 0.1702   0.9839E-03  0.1691E-03 -0.9839E-03  0.0000E+00      -1  -0.197E-02   20.00
 193   -96.0000    -300.000 0.1702   0.9839E-03  0.1691E-03 -0.9839E-03  0.0000E+00      -1  -0.197E-02   20.00
 194   -96.5000    -300.000 0.1702   0.9839E-03  0.1691E-03 -0.9839E-03  0.0000E+00      -1  -0.197E-02   20.00
 195   -97.0000    -300.000 0.1702   0.9839E-03  0.1691E-03 -0.9839E-03  0.0000E+00      -1  -0.197E-02   20.00
 196   -97.5000    -300.000 0.1702   0.9839E-03  0.1691E-03 -0.9839E-03  0.0000E+00      -1  -0.197E-02   20.00
 197   -98.0000    -300.000 0.1702   0.9839E-03  0.1691E-03 -0.9839E-03  0.0000E+00      -1  -0.197E-02   20.00
 198   -98.5000    -300.000 0.1702   0.9839E-03  0.1691E-03 -0.9839E-03  0.0000E+00      -1  -0.197E-02   20.00
 199   -99.0000    -300.000 0.1702   0.9839E-03  0.1691E-03 -0.9839E-03  0.0000E+00      -1  -0.197E-02   20.00
 200   -99.5000    -300.000 0.1702   0.9839E-03  0.1691E-03 -0.9839E-03  0.0000E+00      -1  -0.197E-02   20.00
 201  -100.0000    -300.000 0.1702   0.9839E-03  0.1691E-03 -0.9839E-03  0.0000E+00      -1  -0.197E-02   20.00
end


 Time:        0.6000


 Node      Depth      Head Moisture       K          C         Flux        Sink         Kappa   v/KsTop   Temp
           [L]        [L]    [-]        [L/T]      [1/L]      [L/T]        [1/T]         [-]      [-]      [C]

   1     0.0000     -27.668 0.3530   0.2234E-01  0.2770E-02 -0.4247E-06  0.0000E+00      -1  -0.849E-06   20.00
   2    -0.5000     -28.948 0.3494   0.1999E-01  0.2707E-02 -0.1479E+00  0.0000E+00      -1  -0.296E+00   20.00
   3    -1.0000     -35.086 0.3339   0.1321E-01  0.2411E-02 -0.2732E+00  0.0000E+00      -1  -0.546E+00   20.00
   4    -1.5000     -35.070 0.3339   0.6604E+00  0.2412E-02 -0.3778E+00  0.0000E+00      -1  -0.756E+00   20.00
   5    -2.0000     -34.893 0.3344   0.6691E+00  0.2421E-02 -0.4805E+00  0.0000E+00      -1  -0.961E+00   20.00
   6    -2.5000     -34.788 0.3346   0.6742E+00  0.2426E-02 -0.5818E+00  0.0000E+00      -1  -0.116E+01   20.00
   7    -3.0000     -34.757 0.3347   0.6758E+00  0.2427E-02 -0.6815E+00  0.0000E+00      -1  -0.136E+01   20.00
   8    -3.5000     -34.798 0.3346   0.6737E+00  0.2425E-02 -0.7793E+00  0.0000E+00      -1  -0.156E+01   20.00
   9    -4.0000     -34.915 0.3343   0.6680E+00  0.2420E-02 -0.8752E+00  0.0000E+00      -1  -0.175E+01   20.00
  10    -4.5000     -35.111 0.3338   0.6584E+00  0.2410E-02 -0.9689E+00  0.0000E+00      -1  -0.194E+01   20.00
  11    -5.0000     -35.390 0.3331   0.6448E+00  0.2397E-02 -0.1060E+01  0.0000E+00      -1  -0.212E+01   20.00
  12    -5.5000     -35.759 0.3322   0.6267E+00  0.2379E-02 -0.1149E+01  0.0000E+00      -1  -0.230E+01   20.00
  13    -6.0000     -36.229 0.3311   0.6037E+00  0.2356E-02 -0.1236E+01  0.0000E+00      -1  -0.247E+01   20.00
  14    -6.5000     -36.814 0.3296   0.5751E+00  0.2328E-02 -0.1321E+01  0.0000E+00      -1  -0.264E+01   20.00
  15    -7.0000     -37.536 0.3278   0.5398E+00  0.2293E-02 -0.1404E+01  0.0000E+00      -1  -0.281E+01   20.00
  16    -7.5000     -38.405 0.3260   0.5160E+00  0.2257E-02 -0.1477E+01  0.0000E+00      -1  -0.295E+01   20.00
  17    -8.0000     -39.403 0.3239   0.4918E+00  0.2216E-02 -0.1540E+01  0.0000E+00      -1  -0.308E+01   20.00
  18    -8.5000     -40.545 0.3215   0.4641E+00  0.2169E-02 -0.1596E+01  0.0000E+00      -1  -0.319E+01   20.00
  19    -9.0000     -41.856 0.3188   0.4324E+00  0.2116E-02 -0.1646E+01  0.0000E+00      -1  -0.329E+01   20.00
  20    -9.5000     -43.371 0.3157   0.3957E+00  0.2054E-02 -0.1688E+01  0.0000E+00      -1  -0.338E+01   20.00
  21   -10.0000     -45.152 0.3120   0.3525E+00  0.1981E-02 -0.1721E+01  0.0000E+00      -1  -0.344E+01   20.00
  22   -10.5000     -47.311 0.3075   0.3002E+00  0.1892E-02 -0.1745E+01  0.0000E+00      -1  -0.349E+01   20.00
  23   -11.0000     -49.894 0.3031   0.2687E+00  0.1810E-02 -0.1755E+01  0.0000E+00      -1  -0.351E+01   20.00
  24   -11.5000     -52.878 0.2980   0.2353E+00  0.1716E-02 -0.1750E+01  0.0000E+00      -1  -0.350E+01   20.00
  25   -12.0000     -56.426 0.2921   0.1956E+00  0.1605E-02 -0.1728E+01  0.0000E+00      -1  -0.346E+01   20.00
  26   -12.5000     -60.854 0.2850   0.1517E+00  0.1474E-02 -0.1689E+01  0.0000E+00      -1  -0.338E+01   20.00
  27   -13.0000     -66.384 0.2777   0.1247E+00  0.1352E-02 -0.1631E+01  0.0000E+00      -1  -0.326E+01   20.00
  28   -13.5000     -73.289 0.2687   0.9090E-01  0.1200E-02 -0.1540E+01  0.0000E+00      -1  -0.308E+01   20.00
  29   -14.0000     -82.251 0.2590   0.6597E-01  0.1052E-02 -0.1418E+01  0.0000E+00      -1  -0.284E+01   20.00
  30   -14.5000     -94.341 0.2470   0.4142E-01  0.8758E-03 -0.1272E+01  0.0000E+00      -1  -0.254E+01   20.00
  31   -15.0000    -111.480 0.2341   0.2616E-01  0.7130E-03 -0.1084E+01  0.0000E+00      -1  -0.217E+01   20.00
  32   -15.5000    -135.122 0.2197   0.1427E-01  0.5498E-03 -0.8492E+00  0.0000E+00      -1  -0.170E+01   20.00
  33   -16.0000    -168.643 0.2042   0.6962E-02  0.4020E-03 -0.5877E+00  0.0000E+00      -1  -0.118E+01   20.00
  34   -16.5000    -212.423 0.1896   0.3268E-02  0.2874E-03 -0.3357E+00  0.0000E+00      -1  -0.671E+00   20.00
  35   -17.0000    -255.747 0.1788   0.1716E-02  0.2168E-03 -0.1521E+00  0.0000E+00      -1  -0.304E+00   20.00
  36   -17.5000    -284.218 0.1733   0.1245E-02  0.1861E-03 -0.5637E-01  0.0000E+00      -1  -0.113E+00   20.00
  37   -18.0000    -295.411 0.1711   0.1060E-02  0.1740E-03 -0.1748E-01  0.0000E+00      -1  -0.350E-01   20.00
  38   -18.5000    -298.790 0.1704   0.1004E-02  0.1704E-03 -0.5400E-02  0.0000E+00      -1  -0.108E-01   20.00
  39   -19.0000    -299.692 0.1703   0.9890E-03  0.1694E-03 -0.2119E-02  0.0000E+00      -1  -0.424E-02   20.00
  40   -19.5000    -299.923 0.1702   0.9852E-03  0.1692E-03 -0.1271E-02  0.0000E+00      -1  -0.254E-02   20.00
  41   -20.0000    -299.981 0.1702   0.9842E-03  0.1691E-03 -0.1056E-02  0.0000E+00      -1  -0.211E-02   20.00
  42   -20.5000    -299.995 0.1702   0.9840E-03  0.1691E-03 -0.1002E-02  0.0000E+00      -1  -0.200E-02   20.00
  43   -21.0000    -299.999 0.1702   0.9839E-03  0.1691E-03 -0.9883E-03  0.0000E+00      -1  -0.198E-02   20.00
  44   -21.5000    -300.000 0.1702   0.9839E-03  0.1691E-03 -0.9849E-03  0.0000E+00      -1  -0.197E-02   20.00
  45   -22.0000    -300.000 0.1702   0.9839E-03  0.1691E-03 -0.9841E-03  0.0000E+00      -1  -0.197E-02   20.00
  46   -22.5000    -300.000 0.1702   0.9839E-03  0.1691E-03 -0.9839E-03  0.0000E+00      -1  -0.197E-02   20.00
  47   -23.0000    -300.000 0.1702   0.9839E-03  0.1691E-03 -0.9839E-03  0.0000E+00      -1  -0.197E-02   20.00
  48   -23.5000    -300.000 0.1702   0.9839E-03  0.1691E-03 -0.9839E-03  0.0000E+00      -1  -0.197E-02   20.00
  49   -24.0000    -300.000 0.1702   0.9839E-03  0.1691E-03 -0.9839E-03  0.0000E+00      -1  -0.197E-02   20.00
  50   -24.5000    -300.000 0.1702   0.9839E-03  0.1691E-03 -0.9839E-03  0.0000E+00      -1  -0.197E-02   20.00
  51   -25.0000    -300.000 0.1702   0.9839E-03  0.1691E-03 -0.9839E-03  0.0000E+00      -1  -0.197E-02   20.00
  52   -25.5000    -300.000 0.1702   0.9839E-03  0.1691E-03 -0.9839E-03  0.0000E+00      -1  -0.197E-02   20.00
  53   -26.0000    -300.000 0.1702   0.9839E-03  0.1691E-03 -0.9839E-03  0.0000E+00      -1  -0.197E-02   20.00
  54   -26.5000    -300.000 0.1702   0.9839E-03  0.1691E-03 -0.9839E-03  0.0000E+00      -1  -0.197E-02   20.00
  55   -27.0000    -300.000 0.1702   0.9839E-03  0.1691E-03 -0.9839E-03  0.0000E+00      -1  -0.197E-02   20.00
  56   -27.5000    -300.000 0.1702   0.9839E-03  0.1691E-03 -0.9839E-03  0.0000E+00      -1  -0.197E-02   20.00
  57   -28.0000    -300.000 0.1702   0.9839E-03  0.1691E-03 -0.9839E-03  0.0000E+00      -1  -0.197E-02   20.00
  58   -28.5000    -300.000 0.1702   0.9839E-03  0.1691E-03 -0.9839E-03  0.0000E+00      -1  -0.197E-02   20.00
  59   -29.0000    -300.000 0.1702   0.9839E-03  0.1691E-03 -0.9839E-03  0.0000E+00      -1  -0.197E-02   20.00
  60   -29.5000    -300.000 0.1702   0.9839E-03  0.1691E-03 -0.9839E-03  0.0000E+00      -1  -0.197E-02   20.00
  61   -30.0000    -300.000 0.1702   0.9839E-03  0.1691E-03 -0.9839E-03  0.0000E+00      -1  -0.197E-02   20.00
  62   -30.5000    -300.000 0.1702   0.9839E-03  0.1691E-03 -0.9839E-03  0.0000E+00      -1  -0.197E-02   20.00
  63   -31.0000    -300.000 0.1702   0.9839E-03  0.1691E-03 -0.9839E-03  0.0000E+00      -1  -0.197E-02   20.00
  64   -31.5000    -300.000 0.1702   0.9839E-03  0.1691E-03 -0.9839E-03  0.0000E+00      -1  -0.197E-02   20.00
  65   -32.0000    -300.000 0.1702   0.9839E-03  0.1691E-03 -0.9839E-03  0.0000E+00      -1  -0.197E-02   20.00
  66   -32.5000    -300.000 0.1702   0.9839E-03  0.1691E-03 -0.9839E-03  0.0000E+00      -1  -0.197E-02   20.00
  67   -33.0000    -300.000 0.1702   0.9839E-03  0.1691E-03 -0.9839E-03  0.0000E+00      -1  -0.197E-02   20.00
  68   -33.5000    -300.000 0.1702   0.9839E-03  0.1691E-03 -0.9839E-03  0.0000E+00      -1  -0.197E-02   20.00
  69   -34.0000    -300.000 0.1702   0.9839E-03  0.1691E-03 -0.9839E-03  0.0000E+00      -1  -0.197E-02   20.00
  70   -34.5000    -300.000 0.1702   0.9839E-03  0.1691E-03 -0.9839E-03  0.0000E+00      -1  -0.197E-02   20.00
  71   -35.0000    -300.000 0.1702   0.9839E-03  0.1691E-03 -0.9839E-03  0.0000E+00      -1  -0.197E-02   20.00
  72   -35.5000    -300.000 0.1702   0.9839E-03  0.1691E-03 -0.9839E-03  0.0000E+00      -1  -0.197E-02   20.00
  73   -36.0000    -300.000 0.1702   0.9839E-03  0.1691E-03 -0.9839E-03  0.0000E+00      -1  -0.197E-02   20.00
  74   -36.5000    -300.000 0.1702   0.9839E-03  0.1691E-03 -0.9839E-03  0.0000E+00      -1  -0.197E-02   20.00
  75   -37.0000    -300.000 0.1702   0.9839E-03  0.1691E-03 -0.9839E-03  0.0000E+00      -1  -0.197E-02   20.00
  76   -37.5000    -300.000 0.1702   0.9839E-03  0.1691E-03 -0.9839E-03  0.0000E+00      -1  -0.197E-02   20.00
  77   -38.0000    -300.000 0.1702   0.9839E-03  0.1691E-03 -0.9839E-03  0.0000E+00      -1  -0.197E-02   20.00
  78   -38.5000    -300.000 0.1702   0.9839E-03  0.1691E-03 -0.9839E-03  0.0000E+00      -1  -0.197E-02   20.00
  79   -39.0000    -300.000 0.1702   0.9839E-03  0.1691E-03 -0.9839E-03  0.0000E+00      -1  -0.197E-02   20.00
  80   -39.5000    -300.000 0.1702   0.9839E-03  0.1691E-03 -0.9839E-03  0.0000E+00      -1  -0.197E-02   20.00
  81   -40.0000    -300.000 0.1702   0.9839E-03  0.1691E-03 -0.9839E-03  0.0000E+00      -1  -0.197E-02   20.00
  82   -40.5000    -300.000 0.1702   0.9839E-03  0.1691E-03 -0.9839E-03  0.0000E+00      -1  -0.197E-02   20.00
  83   -41.0000    -300.000 0.1702   0.9839E-03  0.1691E-03 -0.9839E-03  0.0000E+00      -1  -0.197E-02   20.00
  84   -41.5000    -300.000 0.1702   0.9839E-03  0.1691E-03 -0.9839E-03  0.0000E+00      -1  -0.197E-02   20.00
  85   -42.0000    -300.000 0.1702   0.9839E-03  0.1691E-03 -0.9839E-03  0.0000E+00      -1  -0.197E-02   20.00
  86   -42.5000    -300.000 0.1702   0.9839E-03  0.1691E-03 -0.9839E-03  0.0000E+00      -1  -0.197E-02   20.00
  87   -43.0000    -300.000 0.1702   0.9839E-03  0.1691E-03 -0.9839E-03  0.0000E+00      -1  -0.197E-02   20.00
  88   -43.5000    -300.000 0.1702   0.9839E-03  0.1691E-03 -0.9839E-03  0.0000E+00      -1  -0.197E-02   20.00
  89   -44.0000    -300.000 0.1702   0.9839E-03  0.1691E-03 -0.9839E-03  0.0000E+00      -1  -0.197E-02   20.00
  90   -44.5000    -300.000 0.1702   0.9839E-03  0.1691E-03 -0.9839E-03  0.0000E+00      -1  -0.197E-02   20.00
  91   -45.0000    -300.000 0.1702   0.9839E-03  0.1691E-03 -0.9839E-03  0.0000E+00      -1  -0.197E-02   20.00
  92   -45.5000    -300.000 0.1702   0.9839E-03  0.1691E-03 -0.9839E-03  0.0000E+00      -1  -0.197E-02   20.00
  93   -46.0000    -300.000 0.1702   0.9839E-03  0.1691E-03 -0.9839E-03  0.0000E+00      -1  -0.197E-02   20.00
  94   -46.5000    -300.000 0.1702   0.9839E-03  0.1691E-03 -0.9839E-03  0.0000E+00      -1  -0.197E-02   20.00
  95   -47.0000    -300.000 0.1702   0.9839E-03  0.1691E-03 -0.9839E-03  0.0000E+00      -1  -0.197E-02   20.00
  96   -47.5000    -300.000 0.1702   0.9839E-03  0.1691E-03 -0.9839E-03  0.0000E+00      -1  -0.197E-02   20.00
  97   -48.0000    -300.000 0.1702   0.9839E-03  0.1691E-03 -0.9839E-03  0.0000E+00      -1  -0.197E-02   20.00
  98   -48.5000    -300.000 0.1702   0.9839E-03  0.1691E-03 -0.9839E-03  0.0000E+00      -1  -0.197E-02   20.00
  99   -49.0000    -300.000 0.1702   0.9839E-03  0.1691E-03 -0.9839E-03  0.0000E+00      -1  -0.197E-02   20.00
 100   -49.5000    -300.000 0.1702   0.9839E-03  0.1691E-03 -0.9839E-03  0.0000E+00      -1  -0.197E-02   20.00
 101   -50.0000    -300.000 0.1702   0.9839E-03  0.1691E-03 -0.9839E-03  0.0000E+00      -1  -0.197E-02   20.00
 102   -50.5000    -300.000 0.1702   0.9839E-03  0.1691E-03 -0.9839E-03  0.0000E+00      -1  -0.197E-02   20.00
 103   -51.0000    -300.000 0.1702   0.9839E-03  0.1691E-03 -0.9839E-03  0.0000E+00      -1  -0.197E-02   20.00
 104   -51.5000    -300.000 0.1702   0.9839E-03  0.1691E-03 -0.9839E-03  0.0000E+00      -1  -0.197E-02   20.00
 105   -52.0000    -300.000 0.1702   0.9839E-03  0.1691E-03 -0.9839E-03  0.0000E+00      -1  -0.197E-02   20.00
 106   -52.5000    -300.000 0.1702   0.9839E-03  0.1691E-03 -0.9839E-03  0.0000E+00      -1  -0.197E-02   20.00
 107   -53.0000    -300.000 0.1702   0.9839E-03  0.1691E-03 -0.9839E-03  0.0000E+00      -1  -0.197E-02   20.00
 108   -53.5000    -300.000 0.1702   0.9839E-03  0.1691E-03 -0.9839E-03  0.0000E+00      -1  -0.197E-02   20.00
 109   -54.0000    -300.000 0.1702   0.9839E-03  0.1691E-03 -0.9839E-03  0.0000E+00      -1  -0.197E-02   20.00
 110   -54.5000    -300.000 0.1702   0.9839E-03  0.1691E-03 -0.9839E-03  0.0000E+00      -1  -0.197E-02   20.00
 111   -55.0000    -300.000 0.1702   0.9839E-03  0.1691E-03 -0.9839E-03  0.0000E+00      -1  -0.197E-02   20.00
 112   -55.5000    -300.000 0.1702   0.9839E-03  0.1691E-03 -0.9839E-03  0.0000E+00      -1  -0.197E-02   20.00
 113   -56.0000    -300.000 0.1702   0.9839E-03  0.1691E-03 -0.9839E-03  0.0000E+00      -1  -0.197E-02   20.00
 114   -56.5000    -300.000 0.1702   0.9839E-03  0.1691E-03 -0.9839E-03  0.0000E+00      -1  -0.197E-02   20.00
 115   -57.0000    -300.000 0.1702   0.9839E-03  0.1691E-03 -0.9839E-03  0.0000E+00      -1  -0.197E-02   20.00
 116   -57.5000    -300.000 0.1702   0.9839E-03  0.1691E-03 -0.9839E-03  0.0000E+00      -1  -0.197E-02   20.00
 117   -58.0000    -300.000 0.1702   0.9839E-03  0.1691E-03 -0.9839E-03  0.0000E+00      -1  -0.197E-02   20.00
 118   -58.5000    -300.000 0.1702   0.9839E-03  0.1691E-03 -0.9839E-03  0.0000E+00      -1  -0.197E-02   20.00
 119   -59.0000    -300.000 0.1702   0.9839E-03  0.1691E-03 -0.9839E-03  0.0000E+00      -1  -0.197E-02   20.00
 120   -59.5000    -300.000 0.1702   0.9839E-03  0.1691E-03 -0.9839E-03  0.0000E+00      -1  -0.197E-02   20.00
 121   -60.0000    -300.000 0.1702   0.9839E-03  0.1691E-03 -0.9839E-03  0.0000E+00      -1  -0.197E-02   20.00
 122   -60.5000    -300.000 0.1702   0.9839E-03  0.1691E-03 -0.9839E-03  0.0000E+00      -1  -0.197E-02   20.00
 123   -61.0000    -300.000 0.1702   0.9839E-03  0.1691E-03 -0.9839E-03  0.0000E+00      -1  -0.197E-02   20.00
 124   -61.5000    -300.000 0.1702   0.9839E-03  0.1691E-03 -0.9839E-03  0.0000E+00      -1  -0.197E-02   20.00
 125   -62.0000    -300.000 0.1702   0.9839E-03  0.1691E-03 -0.9839E-03  0.0000E+00      -1  -0.197E-02   20.00
 126   -62.5000    -300.000 0.1702   0.9839E-03  0.1691E-03 -0.9839E-03  0.0000E+00      -1  -0.197E-02   20.00
 127   -63.0000    -300.000 0.1702   0.9839E-03  0.1691E-03 -0.9839E-03  0.0000E+00      -1  -0.197E-02   20.00
 128   -63.5000    -300.000 0.1702   0.9839E-03  0.1691E-03 -0.9839E-03  0.0000E+00      -1  -0.197E-02   20.00
 129   -64.0000    -300.000 0.1702   0.9839E-03  0.1691E-03 -0.9839E-03  0.0000E+00      -1  -0.197E-02   20.00
 130   -64.5000    -300.000 0.1702   0.9839E-03  0.1691E-03 -0.9839E-03  0.0000E+00      -1  -0.197E-02   20.00
 131   -65.0000    -300.000 0.1702   0.9839E-03  0.1691E-03 -0.9839E-03  0.0000E+00      -1  -0.197E-02   20.00
 132   -65.5000    -300.000 0.1702   0.9839E-03  0.1691E-03 -0.9839E-03  0.0000E+00      -1  -0.197E-02   20.00
 133   -66.0000    -300.000 0.1702   0.9839E-03  0.1691E-03 -0.9839E-03  0.0000E+00      -1  -0.197E-02   20.00
 134   -66.5000    -300.000 0.1702   0.9839E-03  0.1691E-03 -0.9839E-03  0.0000E+00      -1  -0.197E-02   20.00
 135   -67.0000    -300.000 0.1702   0.9839E-03  0.1691E-03 -0.9839E-03  0.0000E+00      -1  -0.197E-02   20.00
 136   -67.5000    -300.000 0.1702   0.9839E-03  0.1691E-03 -0.9839E-03  0.0000E+00      -1  -0.197E-02   20.00
 137   -68.0000    -300.000 0.1702   0.9839E-03  0.1691E-03 -0.9839E-03  0.0000E+00      -1  -0.197E-02   20.00
 138   -68.5000    -300.000 0.1702   0.9839E-03  0.1691E-03 -0.9839E-03  0.0000E+00      -1  -0.197E-02   20.00
 139   -69.0000    -300.000 0.1702   0.9839E-03  0.1691E-03 -0.9839E-03  0.0000E+00      -1  -0.197E-02   20.00
 140   -69.5000    -300.000 0.1702   0.9839E-03  0.1691E-03 -0.9839E-03  0.0000E+00      -1  -0.197E-02   20.00
 141   -70.0000    -300.000 0.1702   0.9839E-03  0.1691E-03 -0.9839E-03  0.0000E+00      -1  -0.197E-02   20.00
 142   -70.5000    -300.000 0.1702   0.9839E-03  0.1691E-03 -0.9839E-03  0.0000E+00      -1  -0.197E-02   20.00
 143   -71.0000    -300.000 0.1702   0.9839E-03  0.1691E-03 -0.9839E-03  0.0000E+00      -1  -0.197E-02   20.00
 144   -71.5000    -300.000 0.1702   0.9839E-03  0.1691E-03 -0.9839E-03  0.0000E+00      -1  -0.197E-02   20.00
 145   -72.0000    -300.000 0.1702   0.9839E-03  0.1691E-03 -0.9839E-03  0.0000E+00      -1  -0.197E-02   20.00
 146   -72.5000    -300.000 0.1702   0.9839E-03  0.1691E-03 -0.9839E-03  0.0000E+00      -1  -0.197E-02   20.00
 147   -73.0000    -300.000 0.1702   0.9839E-03  0.1691E-03 -0.9839E-03  0.0000E+00      -1  -0.197E-02   20.00
 148   -73.5000    -300.000 0.1702   0.9839E-03  0.1691E-03 -0.9839E-03  0.0000E+00      -1  -0.197E-02   20.00
 149   -74.0000    -300.000 0.1702   0.9839E-03  0.1691E-03 -0.9839E-03  0.0000E+00      -1  -0.197E-02   20.00
 150   -74.5000    -300.000 0.1702   0.9839E-03  0.1691E-03 -0.9839E-03  0.0000E+00      -1  -0.197E-02   20.00
 151   -75.0000    -300.000 0.1702   0.9839E-03  0.1691E-03 -0.9839E-03  0.0000E+00      -1  -0.197E-02   20.00
 152   -75.5000    -300.000 0.1702   0.9839E-03  0.1691E-03 -0.9839E-03  0.0000E+00      -1  -0.197E-02   20.00
 153   -76.0000    -300.000 0.1702   0.9839E-03  0.1691E-03 -0.9839E-03  0.0000E+00      -1  -0.197E-02   20.00
 154   -76.5000    -300.000 0.1702   0.9839E-03  0.1691E-03 -0.9839E-03  0.0000E+00      -1  -0.197E-02   20.00
 155   -77.0000    -300.000 0.1702   0.9839E-03  0.1691E-03 -0.9839E-03  0.0000E+00      -1  -0.197E-02   20.00
 156   -77.5000    -300.000 0.1702   0.9839E-03  0.1691E-03 -0.9839E-03  0.0000E+00      -1  -0.197E-02   20.00
 157   -78.0000    -300.000 0.1702   0.9839E-03  0.1691E-03 -0.9839E-03  0.0000E+00      -1  -0.197E-02   20.00
 158   -78.5000    -300.000 0.1702   0.9839E-03  0.1691E-03 -0.9839E-03  0.0000E+00      -1  -0.197E-02   20.00
 159   -79.0000    -300.000 0.1702   0.9839E-03  0.1691E-03 -0.9839E-03  0.0000E+00      -1  -0.197E-02   20.00
 160   -79.5000    -300.000 0.1702   0.9839E-03  0.1691E-03 -0.9839E-03  0.0000E+00      -1  -0.197E-02   20.00
 161   -80.0000    -300.000 0.1702   0.9839E-03  0.1691E-03 -0.9839E-03  0.0000E+00      -1  -0.197E-02   20.00
 162   -80.5000    -300.000 0.1702   0.9839E-03  0.1691E-03 -0.9839E-03  0.0000E+00      -1  -0.197E-02   20.00
 163   -81.0000    -300.000 0.1702   0.9839E-03  0.1691E-03 -0.9839E-03  0.0000E+00      -1  -0.197E-02   20.00
 164   -81.5000    -300.000 0.1702   0.9839E-03  0.1691E-03 -0.9839E-03  0.0000E+00      -1  -0.197E-02   20.00
 165   -82.0000    -300.000 0.1702   0.9839E-03  0.1691E-03 -0.9839E-03  0.0000E+00      -1  -0.197E-02   20.00
 166   -82.5000    -300.000 0.1702   0.9839E-03  0.1691E-03 -0.9839E-03  0.0000E+00      -1  -0.197E-02   20.00
 167   -83.0000    -300.000 0.1702   0.9839E-03  0.1691E-03 -0.9839E-03  0.0000E+00      -1  -0.197E-02   20.00
 168   -83.5000    -300.000 0.1702   0.9839E-03  0.1691E-03 -0.9839E-03  0.0000E+00      -1  -0.197E-02   20.00
 169   -84.0000    -300.000 0.1702   0.9839E-03  0.1691E-03 -0.9839E-03  0.0000E+00      -1  -0.197E-02   20.00
 170   -84.5000    -300.000 0.1702   0.9839E-03  0.1691E-03 -0.9839E-03  0.0000E+00      -1  -0.197E-02   20.00
 171   -85.0000    -300.000 0.1702   0.9839E-03  0.1691E-03 -0.9839E-03  0.0000E+00      -1  -0.197E-02   20.00
 172   -85.5000    -300.000 0.1702   0.9839E-03  0.1691E-03 -0.9839E-03  0.0000E+00      -1  -0.197E-02   20.00
 173   -86.0000    -300.000 0.1702   0.9839E-03  0.1691E-03 -0.9839E-03  0.0000E+00      -1  -0.197E-02   20.00
 174   -86.5000    -300.000 0.1702   0.9839E-03  0.1691E-03 -0.9839E-03  0.0000E+00      -1  -0.197E-02   20.00
 175   -87.0000    -300.000 0.1702   0.9839E-03  0.1691E-03 -0.9839E-03  0.0000E+00      -1  -0.197E-02   20.00
 176   -87.5000    -300.000 0.1702   0.9839E-03  0.1691E-03 -0.9839E-03  0.0000E+00      -1  -0.197E-02   20.00
 177   -88.0000    -300.000 0.1702   0.9839E-03  0.1691E-03 -0.9839E-03  0.0000E+00      -1  -0.197E-02   20.00
 178   -88.5000    -300.000 0.1702   0.9839E-03  0.1691E-03 -0.9839E-03  0.0000E+00      -1  -0.197E-02   20.00
 179   -89.0000    -300.000 0.1702   0.9839E-03  0.1691E-03 -0.9839E-03  0.0000E+00      -1  -0.197E-02   20.00
 180   -89.5000    -300.000 0.1702   0.9839E-03  0.1691E-03 -0.9839E-03  0.0000E+00      -1  -0.197E-02   20.00
 181   -90.0000    -300.000 0.1702   0.9839E-03  0.1691E-03 -0.9839E-03  0.0000E+00      -1  -0.197E-02   20.00
 182   -90.5000    -300.000 0.1702   0.9839E-03  0.1691E-03 -0.9839E-03  0.0000E+00      -1  -0.197E-02   20.00
 183   -91.0000    -300.000 0.1702   0.9839E-03  0.1691E-03 -0.9839E-03  0.0000E+00      -1  -0.197E-02   20.00
 184   -91.5000    -300.000 0.1702   0.9839E-03  0.1691E-03 -0.9839E-03  0.0000E+00      -1  -0.197E-02   20.00
 185   -92.0000    -300.000 0.1702   0.9839E-03  0.1691E-03 -0.9839E-03  0.0000E+00      -1  -0.197E-02   20.00
 186   -92.5000    -300.000 0.1702   0.9839E-03  0.1691E-03 -0.9839E-03  0.0000E+00      -1  -0.197E-02   20.00
 187   -93.0000    -300.000 0.1702   0.9839E-03  0.1691E-03 -0.9839E-03  0.0000E+00      -1  -0.197E-02   20.00
 188   -93.5000    -300.000 0.1702   0.9839E-03  0.1691E-03 -0.9839E-03  0.0000E+00      -1  -0.197E-02   20.00
 189   -94.0000    -300.000 0.1702   0.9839E-03  0.1691E-03 -0.9839E-03  0.0000E+00      -1  -0.197E-02   20.00
 190   -94.5000    -300.000 0.1702   0.9839E-03  0.1691E-03 -0.9839E-03  0.0000E+00      -1  -0.197E-02   20.00
 191   -95.0000    -300.000 0.1702   0.9839E-03  0.1691E-03 -0.9839E-03  0.0000E+00      -1  -0.197E-02   20.00
 192   -95.5000    -300.000 0.1702   0.9839E-03  0.1691E-03 -0.9839E-03  0.0000E+00      -1  -0.197E-02   20.00
 193   -96.0000    -300.000 0.1702   0.9839E-03  0.1691E-03 -0.9839E-03  0.0000E+00      -1  -0.197E-02   20.00
 194   -96.5000    -300.000 0.1702   0.9839E-03  0.1691E-03 -0.9839E-03  0.0000E+00      -1  -0.197E-02   20.00
 195   -97.0000    -300.000 0.1702   0.9839E-03  0.1691E-03 -0.9839E-03  0.0000E+00      -1  -0.197E-02   20.00
 196   -97.5000    -300.000 0.1702   0.9839E-03  0.1691E-03 -0.9839E-03  0.0000E+00      -1  -0.197E-02   20.00
 197   -98.0000    -300.000 0.1702   0.9839E-03  0.1691E-03 -0.9839E-03  0.0000E+00      -1  -0.197E-02   20.00
 198   -98.5000    -300.000 0.1702   0.9839E-03  0.1691E-03 -0.9839E-03  0.0000E+00      -1  -0.197E-02   20.00
 199   -99.0000    -300.000 0.1702   0.9839E-03  0.1691E-03 -0.9839E-03  0.0000E+00      -1  -0.197E-02   20.00
 200   -99.5000    -300.000 0.1702   0.9839E-03  0.1691E-03 -0.9839E-03  0.0000E+00      -1  -0.197E-02   20.00
 201  -100.0000    -300.000 0.1702   0.9839E-03  0.1691E-03 -0.9839E-03  0.0000E+00      -1  -0.197E-02   20.00
end


 Time:        0.6500


 Node      Depth      Head Moisture       K          C         Flux        Sink         Kappa   v/KsTop   Temp
           [L]        [L]    [-]        [L/T]      [1/L]      [L/T]        [1/T]         [-]      [-]      [C]

   1     0.0000     -32.187 0.3411   0.1605E-01  0.2551E-02  0.1043E-06  0.0000E+00      -1   0.209E-06   20.00
   2    -0.5000     -33.330 0.3382   0.1493E-01  0.2496E-02 -0.9973E-01  0.0000E+00      -1  -0.199E+00   20.00
   3    -1.0000     -38.747 0.3253   0.1017E-01  0.2243E-02 -0.1869E+00  0.0000E+00      -1  -0.374E+00   20.00
   4    -1.5000     -38.680 0.3254   0.5093E+00  0.2246E-02 -0.2635E+00  0.0000E+00      -1  -0.527E+00   20.00
   5    -2.0000     -38.475 0.3258   0.5142E+00  0.2254E-02 -0.3399E+00  0.0000E+00      -1  -0.680E+00   20.00
   6    -2.5000     -38.342 0.3261   0.5175E+00  0.2260E-02 -0.4165E+00  0.0000E+00      -1  -0.833E+00   20.00
   7    -3.0000     -38.281 0.3262   0.5189E+00  0.2262E-02 -0.4937E+00  0.0000E+00      -1  -0.987E+00   20.00
   8    -3.5000     -38.294 0.3262   0.5186E+00  0.2262E-02 -0.5708E+00  0.0000E+00      -1  -0.114E+01   20.00
   9    -4.0000     -38.382 0.3260   0.5165E+00  0.2258E-02 -0.6461E+00  0.0000E+00      -1  -0.129E+01   20.00
  10    -4.5000     -38.546 0.3257   0.5125E+00  0.2251E-02 -0.7193E+00  0.0000E+00      -1  -0.144E+01   20.00
  11    -5.0000     -38.787 0.3252   0.5067E+00  0.2241E-02 -0.7905E+00  0.0000E+00      -1  -0.158E+01   20.00
  12    -5.5000     -39.108 0.3245   0.4989E+00  0.2228E-02 -0.8593E+00  0.0000E+00      -1  -0.172E+01   20.00
  13    -6.0000     -39.512 0.3237   0.4891E+00  0.2212E-02 -0.9255E+00  0.0000E+00      -1  -0.185E+01   20.00
  14    -6.5000     -40.004 0.3227   0.4772E+00  0.2192E-02 -0.9890E+00  0.0000E+00      -1  -0.198E+01   20.00
  15    -7.0000     -40.589 0.3214   0.4631E+00  0.2168E-02 -0.1050E+01  0.0000E+00      -1  -0.210E+01   20.00
  16    -7.5000     -41.275 0.3200   0.4464E+00  0.2140E-02 -0.1107E+01  0.0000E+00      -1  -0.221E+01   20.00
  17    -8.0000     -42.075 0.3184   0.4271E+00  0.2107E-02 -0.1162E+01  0.0000E+00      -1  -0.232E+01   20.00
  18    -8.5000     -43.003 0.3164   0.4046E+00  0.2069E-02 -0.1213E+01  0.0000E+00      -1  -0.243E+01   20.00
  19    -9.0000     -44.083 0.3142   0.3784E+00  0.2025E-02 -0.1260E+01  0.0000E+00      -1  -0.252E+01   20.00
  20    -9.5000     -45.350 0.3115   0.3478E+00  0.1973E-02 -0.1304E+01  0.0000E+00      -1  -0.261E+01   20.00
  21   -10.0000     -46.860 0.3084   0.3112E+00  0.1911E-02 -0.1344E+01  0.0000E+00      -1  -0.269E+01   20.00
  22   -10.5000     -48.655 0.3051   0.2826E+00  0.1848E-02 -0.1375E+01  0.0000E+00      -1  -0.275E+01   20.00
  23   -11.0000     -50.715 0.3017   0.2596E+00  0.1784E-02 -0.1397E+01  0.0000E+00      -1  -0.279E+01   20.00
  24   -11.5000     -53.070 0.2977   0.2332E+00  0.1710E-02 -0.1412E+01  0.0000E+00      -1  -0.282E+01   20.00
  25   -12.0000     -55.822 0.2931   0.2024E+00  0.1624E-02 -0.1417E+01  0.0000E+00      -1  -0.283E+01   20.00
  26   -12.5000     -59.181 0.2875   0.1647E+00  0.1519E-02 -0.1409E+01  0.0000E+00      -1  -0.282E+01   20.00
  27   -13.0000     -63.286 0.2818   0.1398E+00  0.1421E-02 -0.1390E+01  0.0000E+00      -1  -0.278E+01   20.00
  28   -13.5000     -68.172 0.2754   0.1159E+00  0.1313E-02 -0.1357E+01  0.0000E+00      -1  -0.271E+01   20.00
  29   -14.0000     -74.286 0.2674   0.8607E-01  0.1178E-02 -0.1302E+01  0.0000E+00      -1  -0.260E+01   20.00
  30   -14.5000     -82.114 0.2592   0.6628E-01  0.1054E-02 -0.1228E+01  0.0000E+00      -1  -0.246E+01   20.00
  31   -15.0000     -92.208 0.2491   0.4579E-01  0.9072E-03 -0.1125E+01  0.0000E+00      -1  -0.225E+01   20.00
  32   -15.5000    -105.552 0.2385   0.3100E-01  0.7675E-03 -0.9833E+00  0.0000E+00      -1  -0.197E+01   20.00
  33   -16.0000    -123.521 0.2259   0.1793E-01  0.6142E-03 -0.8158E+00  0.0000E+00      -1  -0.163E+01   20.00
  34   -16.5000    -149.238 0.2121   0.9830E-02  0.4718E-03 -0.6300E+00  0.0000E+00      -1  -0.126E+01   20.00
  35   -17.0000    -184.459 0.1981   0.5065E-02  0.3502E-03 -0.4308E+00  0.0000E+00      -1  -0.862E+00   20.00
  36   -17.5000    -226.846 0.1856   0.2619E-02  0.2600E-03 -0.2441E+00  0.0000E+00      -1  -0.488E+00   20.00
  37   -18.0000    -264.179 0.1772   0.1576E-02  0.2076E-03 -0.1114E+00  0.0000E+00      -1  -0.223E+00   20.00
  38   -18.5000    -286.781 0.1728   0.1202E-02  0.1833E-03 -0.4293E-01  0.0000E+00      -1  -0.859E-01   20.00
  39   -19.0000    -295.900 0.1710   0.1052E-02  0.1735E-03 -0.1437E-01  0.0000E+00      -1  -0.287E-01   20.00
  40   -19.5000    -298.837 0.1704   0.1003E-02  0.1703E-03 -0.4872E-02  0.0000E+00      -1  -0.974E-02   20.00
  41   -20.0000    -299.683 0.1703   0.9891E-03  0.1694E-03 -0.2064E-02  0.0000E+00      -1  -0.413E-02   20.00
  42   -20.5000    -299.916 0.1702   0.9853E-03  0.1692E-03 -0.1277E-02  0.0000E+00      -1  -0.255E-02   20.00
  43   -21.0000    -299.978 0.1702   0.9843E-03  0.1691E-03 -0.1062E-02  0.0000E+00      -1  -0.212E-02   20.00
  44   -21.5000    -299.994 0.1702   0.9840E-03  0.1691E-03 -0.1004E-02  0.0000E+00      -1  -0.201E-02   20.00
  45   -22.0000    -299.999 0.1702   0.9839E-03  0.1691E-03 -0.9892E-03  0.0000E+00      -1  -0.198E-02   20.00
  46   -22.5000    -300.000 0.1702   0.9839E-03  0.1691E-03 -0.9852E-03  0.0000E+00      -1  -0.197E-02   20.00
  47   -23.0000    -300.000 0.1702   0.9839E-03  0.1691E-03 -0.9842E-03  0.0000E+00      -1  -0.197E-02   20.00
  48   -23.5000    -300.000 0.1702   0.9839E-03  0.1691E-03 -0.9840E-03  0.0000E+00      -1  -0.197E-02   20.00
  49   -24.0000    -300.000 0.1702   0.9839E-03  0.1691E-03 -0.9839E-03  0.0000E+00      -1  -0.197E-02   20.00
  50   -24.5000    -300.000 0.1702   0.9839E-03  0.1691E-03 -0.9839E-03  0.0000E+00      -1  -0.197E-02   20.00
  51   -25.0000    -300.000 0.1702   0.9839E-03  0.1691E-03 -0.9839E-03  0.0000E+00      -1  -0.197E-02   20.00
  52   -25.5000    -300.000 0.1702   0.9839E-03  0.1691E-03 -0.9839E-03  0.0000E+00      -1  -0.197E-02   20.00
  53   -26.0000    -300.000 0.1702   0.9839E-03  0.1691E-03 -0.9839E-03  0.0000E+00      -1  -0.197E-02   20.00
  54   -26.5000    -300.000 0.1702   0.9839E-03  0.1691E-03 -0.9839E-03  0.0000E+00      -1  -0.197E-02   20.00
  55   -27.0000    -300.000 0.1702   0.9839E-03  0.1691E-03 -0.9839E-03  0.0000E+00      -1  -0.197E-02   20.00
  56   -27.5000    -300.000 0.1702   0.9839E-03  0.1691E-03 -0.9839E-03  0.0000E+00      -1  -0.197E-02   20.00
  57   -28.0000    -300.000 0.1702   0.9839E-03  0.1691E-03 -0.9839E-03  0.0000E+00      -1  -0.197E-02   20.00
  58   -28.5000    -300.000 0.1702   0.9839E-03  0.1691E-03 -0.9839E-03  0.0000E+00      -1  -0.197E-02   20.00
  59   -29.0000    -300.000 0.1702   0.9839E-03  0.1691E-03 -0.9839E-03  0.0000E+00      -1  -0.197E-02   20.00
  60   -29.5000    -300.000 0.1702   0.9839E-03  0.1691E-03 -0.9839E-03  0.0000E+00      -1  -0.197E-02   20.00
  61   -30.0000    -300.000 0.1702   0.9839E-03  0.1691E-03 -0.9839E-03  0.0000E+00      -1  -0.197E-02   20.00
  62   -30.5000    -300.000 0.1702   0.9839E-03  0.1691E-03 -0.9839E-03  0.0000E+00      -1  -0.197E-02   20.00
  63   -31.0000    -300.000 0.1702   0.9839E-03  0.1691E-03 -0.9839E-03  0.0000E+00      -1  -0.197E-02   20.00
  64   -31.5000    -300.000 0.1702   0.9839E-03  0.1691E-03 -0.9839E-03  0.0000E+00      -1  -0.197E-02   20.00
  65   -32.0000    -300.000 0.1702   0.9839E-03  0.1691E-03 -0.9839E-03  0.0000E+00      -1  -0.197E-02   20.00
  66   -32.5000    -300.000 0.1702   0.9839E-03  0.1691E-03 -0.9839E-03  0.0000E+00      -1  -0.197E-02   20.00
  67   -33.0000    -300.000 0.1702   0.9839E-03  0.1691E-03 -0.9839E-03  0.0000E+00      -1  -0.197E-02   20.00
  68   -33.5000    -300.000 0.1702   0.9839E-03  0.1691E-03 -0.9839E-03  0.0000E+00      -1  -0.197E-02   20.00
  69   -34.0000    -300.000 0.1702   0.9839E-03  0.1691E-03 -0.9839E-03  0.0000E+00      -1  -0.197E-02   20.00
  70   -34.5000    -300.000 0.1702   0.9839E-03  0.1691E-03 -0.9839E-03  0.0000E+00      -1  -0.197E-02   20.00
  71   -35.0000    -300.000 0.1702   0.9839E-03  0.1691E-03 -0.9839E-03  0.0000E+00      -1  -0.197E-02   20.00
  72   -35.5000    -300.000 0.1702   0.9839E-03  0.1691E-03 -0.9839E-03  0.0000E+00      -1  -0.197E-02   20.00
  73   -36.0000    -300.000 0.1702   0.9839E-03  0.1691E-03 -0.9839E-03  0.0000E+00      -1  -0.197E-02   20.00
  74   -36.5000    -300.000 0.1702   0.9839E-03  0.1691E-03 -0.9839E-03  0.0000E+00      -1  -0.197E-02   20.00
  75   -37.0000    -300.000 0.1702   0.9839E-03  0.1691E-03 -0.9839E-03  0.0000E+00      -1  -0.197E-02   20.00
  76   -37.5000    -300.000 0.1702   0.9839E-03  0.1691E-03 -0.9839E-03  0.0000E+00      -1  -0.197E-02   20.00
  77   -38.0000    -300.000 0.1702   0.9839E-03  0.1691E-03 -0.9839E-03  0.0000E+00      -1  -0.197E-02   20.00
  78   -38.5000    -300.000 0.1702   0.9839E-03  0.1691E-03 -0.9839E-03  0.0000E+00      -1  -0.197E-02   20.00
  79   -39.0000    -300.000 0.1702   0.9839E-03  0.1691E-03 -0.9839E-03  0.0000E+00      -1  -0.197E-02   20.00
  80   -39.5000    -300.000 0.1702   0.9839E-03  0.1691E-03 -0.9839E-03  0.0000E+00      -1  -0.197E-02   20.00
  81   -40.0000    -300.000 0.1702   0.9839E-03  0.1691E-03 -0.9839E-03  0.0000E+00      -1  -0.197E-02   20.00
  82   -40.5000    -300.000 0.1702   0.9839E-03  0.1691E-03 -0.9839E-03  0.0000E+00      -1  -0.197E-02   20.00
  83   -41.0000    -300.000 0.1702   0.9839E-03  0.1691E-03 -0.9839E-03  0.0000E+00      -1  -0.197E-02   20.00
  84   -41.5000    -300.000 0.1702   0.9839E-03  0.1691E-03 -0.9839E-03  0.0000E+00      -1  -0.197E-02   20.00
  85   -42.0000    -300.000 0.1702   0.9839E-03  0.1691E-03 -0.9839E-03  0.0000E+00      -1  -0.197E-02   20.00
  86   -42.5000    -300.000 0.1702   0.9839E-03  0.1691E-03 -0.9839E-03  0.0000E+00      -1  -0.197E-02   20.00
  87   -43.0000    -300.000 0.1702   0.9839E-03  0.1691E-03 -0.9839E-03  0.0000E+00      -1  -0.197E-02   20.00
  88   -43.5000    -300.000 0.1702   0.9839E-03  0.1691E-03 -0.9839E-03  0.0000E+00      -1  -0.197E-02   20.00
  89   -44.0000    -300.000 0.1702   0.9839E-03  0.1691E-03 -0.9839E-03  0.0000E+00      -1  -0.197E-02   20.00
  90   -44.5000    -300.000 0.1702   0.9839E-03  0.1691E-03 -0.9839E-03  0.0000E+00      -1  -0.197E-02   20.00
  91   -45.0000    -300.000 0.1702   0.9839E-03  0.1691E-03 -0.9839E-03  0.0000E+00      -1  -0.197E-02   20.00
  92   -45.5000    -300.000 0.1702   0.9839E-03  0.1691E-03 -0.9839E-03  0.0000E+00      -1  -0.197E-02   20.00
  93   -46.0000    -300.000 0.1702   0.9839E-03  0.1691E-03 -0.9839E-03  0.0000E+00      -1  -0.197E-02   20.00
  94   -46.5000    -300.000 0.1702   0.9839E-03  0.1691E-03 -0.9839E-03  0.0000E+00      -1  -0.197E-02   20.00
  95   -47.0000    -300.000 0.1702   0.9839E-03  0.1691E-03 -0.9839E-03  0.0000E+00      -1  -0.197E-02   20.00
  96   -47.5000    -300.000 0.1702   0.9839E-03  0.1691E-03 -0.9839E-03  0.0000E+00      -1  -0.197E-02   20.00
  97   -48.0000    -300.000 0.1702   0.9839E-03  0.1691E-03 -0.9839E-03  0.0000E+00      -1  -0.197E-02   20.00
  98   -48.5000    -300.000 0.1702   0.9839E-03  0.1691E-03 -0.9839E-03  0.0000E+00      -1  -0.197E-02   20.00
  99   -49.0000    -300.000 0.1702   0.9839E-03  0.1691E-03 -0.9839E-03  0.0000E+00      -1  -0.197E-02   20.00
 100   -49.5000    -300.000 0.1702   0.9839E-03  0.1691E-03 -0.9839E-03  0.0000E+00      -1  -0.197E-02   20.00
 101   -50.0000    -300.000 0.1702   0.9839E-03  0.1691E-03 -0.9839E-03  0.0000E+00      -1  -0.197E-02   20.00
 102   -50.5000    -300.000 0.1702   0.9839E-03  0.1691E-03 -0.9839E-03  0.0000E+00      -1  -0.197E-02   20.00
 103   -51.0000    -300.000 0.1702   0.9839E-03  0.1691E-03 -0.9839E-03  0.0000E+00      -1  -0.197E-02   20.00
 104   -51.5000    -300.000 0.1702   0.9839E-03  0.1691E-03 -0.9839E-03  0.0000E+00      -1  -0.197E-02   20.00
 105   -52.0000    -300.000 0.1702   0.9839E-03  0.1691E-03 -0.9839E-03  0.0000E+00      -1  -0.197E-02   20.00
 106   -52.5000    -300.000 0.1702   0.9839E-03  0.1691E-03 -0.9839E-03  0.0000E+00      -1  -0.197E-02   20.00
 107   -53.0000    -300.000 0.1702   0.9839E-03  0.1691E-03 -0.9839E-03  0.0000E+00      -1  -0.197E-02   20.00
 108   -53.5000    -300.000 0.1702   0.9839E-03  0.1691E-03 -0.9839E-03  0.0000E+00      -1  -0.197E-02   20.00
 109   -54.0000    -300.000 0.1702   0.9839E-03  0.1691E-03 -0.9839E-03  0.0000E+00      -1  -0.197E-02   20.00
 110   -54.5000    -300.000 0.1702   0.9839E-03  0.1691E-03 -0.9839E-03  0.0000E+00      -1  -0.197E-02   20.00
 111   -55.0000    -300.000 0.1702   0.9839E-03  0.1691E-03 -0.9839E-03  0.0000E+00      -1  -0.197E-02   20.00
 112   -55.5000    -300.000 0.1702   0.9839E-03  0.1691E-03 -0.9839E-03  0.0000E+00      -1  -0.197E-02   20.00
 113   -56.0000    -300.000 0.1702   0.9839E-03  0.1691E-03 -0.9839E-03  0.0000E+00      -1  -0.197E-02   20.00
 114   -56.5000    -300.000 0.1702   0.9839E-03  0.1691E-03 -0.9839E-03  0.0000E+00      -1  -0.197E-02   20.00
 115   -57.0000    -300.000 0.1702   0.9839E-03  0.1691E-03 -0.9839E-03  0.0000E+00      -1  -0.197E-02   20.00
 116   -57.5000    -300.000 0.1702   0.9839E-03  0.1691E-03 -0.9839E-03  0.0000E+00      -1  -0.197E-02   20.00
 117   -58.0000    -300.000 0.1702   0.9839E-03  0.1691E-03 -0.9839E-03  0.0000E+00      -1  -0.197E-02   20.00
 118   -58.5000    -300.000 0.1702   0.9839E-03  0.1691E-03 -0.9839E-03  0.0000E+00      -1  -0.197E-02   20.00
 119   -59.0000    -300.000 0.1702   0.9839E-03  0.1691E-03 -0.9839E-03  0.0000E+00      -1  -0.197E-02   20.00
 120   -59.5000    -300.000 0.1702   0.9839E-03  0.1691E-03 -0.9839E-03  0.0000E+00      -1  -0.197E-02   20.00
 121   -60.0000    -300.000 0.1702   0.9839E-03  0.1691E-03 -0.9839E-03  0.0000E+00      -1  -0.197E-02   20.00
 122   -60.5000    -300.000 0.1702   0.9839E-03  0.1691E-03 -0.9839E-03  0.0000E+00      -1  -0.197E-02   20.00
 123   -61.0000    -300.000 0.1702   0.9839E-03  0.1691E-03 -0.9839E-03  0.0000E+00      -1  -0.197E-02   20.00
 124   -61.5000    -300.000 0.1702   0.9839E-03  0.1691E-03 -0.9839E-03  0.0000E+00      -1  -0.197E-02   20.00
 125   -62.0000    -300.000 0.1702   0.9839E-03  0.1691E-03 -0.9839E-03  0.0000E+00      -1  -0.197E-02   20.00
 126   -62.5000    -300.000 0.1702   0.9839E-03  0.1691E-03 -0.9839E-03  0.0000E+00      -1  -0.197E-02   20.00
 127   -63.0000    -300.000 0.1702   0.9839E-03  0.1691E-03 -0.9839E-03  0.0000E+00      -1  -0.197E-02   20.00
 128   -63.5000    -300.000 0.1702   0.9839E-03  0.1691E-03 -0.9839E-03  0.0000E+00      -1  -0.197E-02   20.00
 129   -64.0000    -300.000 0.1702   0.9839E-03  0.1691E-03 -0.9839E-03  0.0000E+00      -1  -0.197E-02   20.00
 130   -64.5000    -300.000 0.1702   0.9839E-03  0.1691E-03 -0.9839E-03  0.0000E+00      -1  -0.197E-02   20.00
 131   -65.0000    -300.000 0.1702   0.9839E-03  0.1691E-03 -0.9839E-03  0.0000E+00      -1  -0.197E-02   20.00
 132   -65.5000    -300.000 0.1702   0.9839E-03  0.1691E-03 -0.9839E-03  0.0000E+00      -1  -0.197E-02   20.00
 133   -66.0000    -300.000 0.1702   0.9839E-03  0.1691E-03 -0.9839E-03  0.0000E+00      -1  -0.197E-02   20.00
 134   -66.5000    -300.000 0.1702   0.9839E-03  0.1691E-03 -0.9839E-03  0.0000E+00      -1  -0.197E-02   20.00
 135   -67.0000    -300.000 0.1702   0.9839E-03  0.1691E-03 -0.9839E-03  0.0000E+00      -1  -0.197E-02   20.00
 136   -67.5000    -300.000 0.1702   0.9839E-03  0.1691E-03 -0.9839E-03  0.0000E+00      -1  -0.197E-02   20.00
 137   -68.0000    -300.000 0.1702   0.9839E-03  0.1691E-03 -0.9839E-03  0.0000E+00      -1  -0.197E-02   20.00
 138   -68.5000    -300.000 0.1702   0.9839E-03  0.1691E-03 -0.9839E-03  0.0000E+00      -1  -0.197E-02   20.00
 139   -69.0000    -300.000 0.1702   0.9839E-03  0.1691E-03 -0.9839E-03  0.0000E+00      -1  -0.197E-02   20.00
 140   -69.5000    -300.000 0.1702   0.9839E-03  0.1691E-03 -0.9839E-03  0.0000E+00      -1  -0.197E-02   20.00
 141   -70.0000    -300.000 0.1702   0.9839E-03  0.1691E-03 -0.9839E-03  0.0000E+00      -1  -0.197E-02   20.00
 142   -70.5000    -300.000 0.1702   0.9839E-03  0.1691E-03 -0.9839E-03  0.0000E+00      -1  -0.197E-02   20.00
 143   -71.0000    -300.000 0.1702   0.9839E-03  0.1691E-03 -0.9839E-03  0.0000E+00      -1  -0.197E-02   20.00
 144   -71.5000    -300.000 0.1702   0.9839E-03  0.1691E-03 -0.9839E-03  0.0000E+00      -1  -0.197E-02   20.00
 145   -72.0000    -300.000 0.1702   0.9839E-03  0.1691E-03 -0.9839E-03  0.0000E+00      -1  -0.197E-02   20.00
 146   -72.5000    -300.000 0.1702   0.9839E-03  0.1691E-03 -0.9839E-03  0.0000E+00      -1  -0.197E-02   20.00
 147   -73.0000    -300.000 0.1702   0.9839E-03  0.1691E-03 -0.9839E-03  0.0000E+00      -1  -0.197E-02   20.00
 148   -73.5000    -300.000 0.1702   0.9839E-03  0.1691E-03 -0.9839E-03  0.0000E+00      -1  -0.197E-02   20.00
 149   -74.0000    -300.000 0.1702   0.9839E-03  0.1691E-03 -0.9839E-03  0.0000E+00      -1  -0.197E-02   20.00
 150   -74.5000    -300.000 0.1702   0.9839E-03  0.1691E-03 -0.9839E-03  0.0000E+00      -1  -0.197E-02   20.00
 151   -75.0000    -300.000 0.1702   0.9839E-03  0.1691E-03 -0.9839E-03  0.0000E+00      -1  -0.197E-02   20.00
 152   -75.5000    -300.000 0.1702   0.9839E-03  0.1691E-03 -0.9839E-03  0.0000E+00      -1  -0.197E-02   20.00
 153   -76.0000    -300.000 0.1702   0.9839E-03  0.1691E-03 -0.9839E-03  0.0000E+00      -1  -0.197E-02   20.00
 154   -76.5000    -300.000 0.1702   0.9839E-03  0.1691E-03 -0.9839E-03  0.0000E+00      -1  -0.197E-02   20.00
 155   -77.0000    -300.000 0.1702   0.9839E-03  0.1691E-03 -0.9839E-03  0.0000E+00      -1  -0.197E-02   20.00
 156   -77.5000    -300.000 0.1702   0.9839E-03  0.1691E-03 -0.9839E-03  0.0000E+00      -1  -0.197E-02   20.00
 157   -78.0000    -300.000 0.1702   0.9839E-03  0.1691E-03 -0.9839E-03  0.0000E+00      -1  -0.197E-02   20.00
 158   -78.5000    -300.000 0.1702   0.9839E-03  0.1691E-03 -0.9839E-03  0.0000E+00      -1  -0.197E-02   20.00
 159   -79.0000    -300.000 0.1702   0.9839E-03  0.1691E-03 -0.9839E-03  0.0000E+00      -1  -0.197E-02   20.00
 160   -79.5000    -300.000 0.1702   0.9839E-03  0.1691E-03 -0.9839E-03  0.0000E+00      -1  -0.197E-02   20.00
 161   -80.0000    -300.000 0.1702   0.9839E-03  0.1691E-03 -0.9839E-03  0.0000E+00      -1  -0.197E-02   20.00
 162   -80.5000    -300.000 0.1702   0.9839E-03  0.1691E-03 -0.9839E-03  0.0000E+00      -1  -0.197E-02   20.00
 163   -81.0000    -300.000 0.1702   0.9839E-03  0.1691E-03 -0.9839E-03  0.0000E+00      -1  -0.197E-02   20.00
 164   -81.5000    -300.000 0.1702   0.9839E-03  0.1691E-03 -0.9839E-03  0.0000E+00      -1  -0.197E-02   20.00
 165   -82.0000    -300.000 0.1702   0.9839E-03  0.1691E-03 -0.9839E-03  0.0000E+00      -1  -0.197E-02   20.00
 166   -82.5000    -300.000 0.1702   0.9839E-03  0.1691E-03 -0.9839E-03  0.0000E+00      -1  -0.197E-02   20.00
 167   -83.0000    -300.000 0.1702   0.9839E-03  0.1691E-03 -0.9839E-03  0.0000E+00      -1  -0.197E-02   20.00
 168   -83.5000    -300.000 0.1702   0.9839E-03  0.1691E-03 -0.9839E-03  0.0000E+00      -1  -0.197E-02   20.00
 169   -84.0000    -300.000 0.1702   0.9839E-03  0.1691E-03 -0.9839E-03  0.0000E+00      -1  -0.197E-02   20.00
 170   -84.5000    -300.000 0.1702   0.9839E-03  0.1691E-03 -0.9839E-03  0.0000E+00      -1  -0.197E-02   20.00
 171   -85.0000    -300.000 0.1702   0.9839E-03  0.1691E-03 -0.9839E-03  0.0000E+00      -1  -0.197E-02   20.00
 172   -85.5000    -300.000 0.1702   0.9839E-03  0.1691E-03 -0.9839E-03  0.0000E+00      -1  -0.197E-02   20.00
 173   -86.0000    -300.000 0.1702   0.9839E-03  0.1691E-03 -0.9839E-03  0.0000E+00      -1  -0.197E-02   20.00
 174   -86.5000    -300.000 0.1702   0.9839E-03  0.1691E-03 -0.9839E-03  0.0000E+00      -1  -0.197E-02   20.00
 175   -87.0000    -300.000 0.1702   0.9839E-03  0.1691E-03 -0.9839E-03  0.0000E+00      -1  -0.197E-02   20.00
 176   -87.5000    -300.000 0.1702   0.9839E-03  0.1691E-03 -0.9839E-03  0.0000E+00      -1  -0.197E-02   20.00
 177   -88.0000    -300.000 0.1702   0.9839E-03  0.1691E-03 -0.9839E-03  0.0000E+00      -1  -0.197E-02   20.00
 178   -88.5000    -300.000 0.1702   0.9839E-03  0.1691E-03 -0.9839E-03  0.0000E+00      -1  -0.197E-02   20.00
 179   -89.0000    -300.000 0.1702   0.9839E-03  0.1691E-03 -0.9839E-03  0.0000E+00      -1  -0.197E-02   20.00
 180   -89.5000    -300.000 0.1702   0.9839E-03  0.1691E-03 -0.9839E-03  0.0000E+00      -1  -0.197E-02   20.00
 181   -90.0000    -300.000 0.1702   0.9839E-03  0.1691E-03 -0.9839E-03  0.0000E+00      -1  -0.197E-02   20.00
 182   -90.5000    -300.000 0.1702   0.9839E-03  0.1691E-03 -0.9839E-03  0.0000E+00      -1  -0.197E-02   20.00
 183   -91.0000    -300.000 0.1702   0.9839E-03  0.1691E-03 -0.9839E-03  0.0000E+00      -1  -0.197E-02   20.00
 184   -91.5000    -300.000 0.1702   0.9839E-03  0.1691E-03 -0.9839E-03  0.0000E+00      -1  -0.197E-02   20.00
 185   -92.0000    -300.000 0.1702   0.9839E-03  0.1691E-03 -0.9839E-03  0.0000E+00      -1  -0.197E-02   20.00
 186   -92.5000    -300.000 0.1702   0.9839E-03  0.1691E-03 -0.9839E-03  0.0000E+00      -1  -0.197E-02   20.00
 187   -93.0000    -300.000 0.1702   0.9839E-03  0.1691E-03 -0.9839E-03  0.0000E+00      -1  -0.197E-02   20.00
 188   -93.5000    -300.000 0.1702   0.9839E-03  0.1691E-03 -0.9839E-03  0.0000E+00      -1  -0.197E-02   20.00
 189   -94.0000    -300.000 0.1702   0.9839E-03  0.1691E-03 -0.9839E-03  0.0000E+00      -1  -0.197E-02   20.00
 190   -94.5000    -300.000 0.1702   0.9839E-03  0.1691E-03 -0.9839E-03  0.0000E+00      -1  -0.197E-02   20.00
 191   -95.0000    -300.000 0.1702   0.9839E-03  0.1691E-03 -0.9839E-03  0.0000E+00      -1  -0.197E-02   20.00
 192   -95.5000    -300.000 0.1702   0.9839E-03  0.1691E-03 -0.9839E-03  0.0000E+00      -1  -0.197E-02   20.00
 193   -96.0000    -300.000 0.1702   0.9839E-03  0.1691E-03 -0.9839E-03  0.0000E+00      -1  -0.197E-02   20.00
 194   -96.5000    -300.000 0.1702   0.9839E-03  0.1691E-03 -0.9839E-03  0.0000E+00      -1  -0.197E-02   20.00
 195   -97.0000    -300.000 0.1702   0.9839E-03  0.1691E-03 -0.9839E-03  0.0000E+00      -1  -0.197E-02   20.00
 196   -97.5000    -300.000 0.1702   0.9839E-03  0.1691E-03 -0.9839E-03  0.0000E+00      -1  -0.197E-02   20.00
 197   -98.0000    -300.000 0.1702   0.9839E-03  0.1691E-03 -0.9839E-03  0.0000E+00      -1  -0.197E-02   20.00
 198   -98.5000    -300.000 0.1702   0.9839E-03  0.1691E-03 -0.9839E-03  0.0000E+00      -1  -0.197E-02   20.00
 199   -99.0000    -300.000 0.1702   0.9839E-03  0.1691E-03 -0.9839E-03  0.0000E+00      -1  -0.197E-02   20.00
 200   -99.5000    -300.000 0.1702   0.9839E-03  0.1691E-03 -0.9839E-03  0.0000E+00      -1  -0.197E-02   20.00
 201  -100.0000    -300.000 0.1702   0.9839E-03  0.1691E-03 -0.9839E-03  0.0000E+00      -1  -0.197E-02   20.00
end


 Time:        0.7000


 Node      Depth      Head Moisture       K          C         Flux        Sink         Kappa   v/KsTop   Temp
           [L]        [L]    [-]        [L/T]      [1/L]      [L/T]        [1/T]         [-]      [-]      [C]

   1     0.0000     -35.668 0.3325   0.1264E-01  0.2383E-02 -0.3353E-07  0.0000E+00      -1  -0.671E-07   20.00
   2    -0.5000     -36.764 0.3297   0.1157E-01  0.2331E-02 -0.7711E-01  0.0000E+00      -1  -0.154E+00   20.00
   3    -1.0000     -41.997 0.3185   0.8593E-02  0.2110E-02 -0.1463E+00  0.0000E+00      -1  -0.293E+00   20.00
   4    -1.5000     -41.899 0.3187   0.4313E+00  0.2114E-02 -0.2075E+00  0.0000E+00      -1  -0.415E+00   20.00
   5    -2.0000     -41.673 0.3192   0.4368E+00  0.2123E-02 -0.2681E+00  0.0000E+00      -1  -0.536E+00   20.00
   6    -2.5000     -41.513 0.3195   0.4407E+00  0.2130E-02 -0.3282E+00  0.0000E+00      -1  -0.656E+00   20.00
   7    -3.0000     -41.418 0.3197   0.4430E+00  0.2134E-02 -0.3877E+00  0.0000E+00      -1  -0.775E+00   20.00
   8    -3.5000     -41.389 0.3198   0.4437E+00  0.2135E-02 -0.4466E+00  0.0000E+00      -1  -0.893E+00   20.00
   9    -4.0000     -41.426 0.3197   0.4428E+00  0.2133E-02 -0.5045E+00  0.0000E+00      -1  -0.101E+01   20.00
  10    -4.5000     -41.530 0.3195   0.4403E+00  0.2129E-02 -0.5616E+00  0.0000E+00      -1  -0.112E+01   20.00
  11    -5.0000     -41.703 0.3191   0.4361E+00  0.2122E-02 -0.6176E+00  0.0000E+00      -1  -0.124E+01   20.00
  12    -5.5000     -41.948 0.3186   0.4301E+00  0.2112E-02 -0.6724E+00  0.0000E+00      -1  -0.134E+01   20.00
  13    -6.0000     -42.268 0.3179   0.4224E+00  0.2099E-02 -0.7259E+00  0.0000E+00      -1  -0.145E+01   20.00
  14    -6.5000     -42.669 0.3171   0.4127E+00  0.2082E-02 -0.7780E+00  0.0000E+00      -1  -0.156E+01   20.00
  15    -7.0000     -43.157 0.3161   0.4009E+00  0.2062E-02 -0.8286E+00  0.0000E+00      -1  -0.166E+01   20.00
  16    -7.5000     -43.741 0.3149   0.3867E+00  0.2039E-02 -0.8777E+00  0.0000E+00      -1  -0.176E+01   20.00
  17    -8.0000     -44.432 0.3135   0.3700E+00  0.2010E-02 -0.9250E+00  0.0000E+00      -1  -0.185E+01   20.00
  18    -8.5000     -45.249 0.3118   0.3502E+00  0.1977E-02 -0.9707E+00  0.0000E+00      -1  -0.194E+01   20.00
  19    -9.0000     -46.216 0.3097   0.3268E+00  0.1937E-02 -0.1015E+01  0.0000E+00      -1  -0.203E+01   20.00
  20    -9.5000     -47.373 0.3073   0.2988E+00  0.1890E-02 -0.1057E+01  0.0000E+00      -1  -0.211E+01   20.00
  21   -10.0000     -48.729 0.3050   0.2818E+00  0.1846E-02 -0.1093E+01  0.0000E+00      -1  -0.219E+01   20.00
  22   -10.5000     -50.258 0.3024   0.2647E+00  0.1798E-02 -0.1122E+01  0.0000E+00      -1  -0.224E+01   20.00
  23   -11.0000     -51.985 0.2995   0.2453E+00  0.1744E-02 -0.1147E+01  0.0000E+00      -1  -0.229E+01   20.00
  24   -11.5000     -53.956 0.2962   0.2232E+00  0.1682E-02 -0.1166E+01  0.0000E+00      -1  -0.233E+01   20.00
  25   -12.0000     -56.247 0.2924   0.1976E+00  0.1610E-02 -0.1179E+01  0.0000E+00      -1  -0.236E+01   20.00
  26   -12.5000     -58.998 0.2878   0.1668E+00  0.1524E-02 -0.1185E+01  0.0000E+00      -1  -0.237E+01   20.00
  27   -13.0000     -62.308 0.2831   0.1446E+00  0.1442E-02 -0.1182E+01  0.0000E+00      -1  -0.236E+01   20.00
  28   -13.5000     -66.169 0.2780   0.1257E+00  0.1357E-02 -0.1170E+01  0.0000E+00      -1  -0.234E+01   20.00
  29   -14.0000     -70.734 0.2720   0.1034E+00  0.1257E-02 -0.1143E+01  0.0000E+00      -1  -0.229E+01   20.00
  30   -14.5000     -76.450 0.2648   0.7776E-01  0.1136E-02 -0.1106E+01  0.0000E+00      -1  -0.221E+01   20.00
  31   -15.0000     -83.653 0.2576   0.6314E-01  0.1032E-02 -0.1056E+01  0.0000E+00      -1  -0.211E+01   20.00
  32   -15.5000     -92.652 0.2487   0.4486E-01  0.9005E-03 -0.9801E+00  0.0000E+00      -1  -0.196E+01   20.00
  33   -16.0000    -104.311 0.2394   0.3198E-01  0.7786E-03 -0.8791E+00  0.0000E+00      -1  -0.176E+01   20.00
  34   -16.5000    -119.862 0.2279   0.1935E-01  0.6362E-03 -0.7654E+00  0.0000E+00      -1  -0.153E+01   20.00
  35   -17.0000    -141.804 0.2161   0.1215E-01  0.5126E-03 -0.6284E+00  0.0000E+00      -1  -0.126E+01   20.00
  36   -17.5000    -170.403 0.2035   0.6750E-02  0.3962E-03 -0.4618E+00  0.0000E+00      -1  -0.924E+00   20.00
  37   -18.0000    -206.191 0.1913   0.3547E-02  0.2992E-03 -0.2918E+00  0.0000E+00      -1  -0.584E+00   20.00
  38   -18.5000    -244.165 0.1811   0.1908E-02  0.2292E-03 -0.1567E+00  0.0000E+00      -1  -0.313E+00   20.00
  39   -19.0000    -275.006 0.1751   0.1398E-02  0.1960E-03 -0.7250E-01  0.0000E+00      -1  -0.145E+00   20.00
  40   -19.5000    -290.853 0.1720   0.1135E-02  0.1790E-03 -0.2799E-01  0.0000E+00      -1  -0.560E-01   20.00
  41   -20.0000    -297.074 0.1708   0.1032E-02  0.1723E-03 -0.9876E-02  0.0000E+00      -1  -0.198E-01   20.00
  42   -20.5000    -299.126 0.1704   0.9984E-03  0.1700E-03 -0.3706E-02  0.0000E+00      -1  -0.741E-02   20.00
  43   -21.0000    -299.748 0.1703   0.9881E-03  0.1694E-03 -0.1786E-02  0.0000E+00      -1  -0.357E-02   20.00
  44   -21.5000    -299.929 0.1702   0.9851E-03  0.1692E-03 -0.1215E-02  0.0000E+00      -1  -0.243E-02   20.00
  45   -22.0000    -299.980 0.1702   0.9842E-03  0.1691E-03 -0.1049E-02  0.0000E+00      -1  -0.210E-02   20.00
  46   -22.5000    -299.995 0.1702   0.9840E-03  0.1691E-03 -0.1002E-02  0.0000E+00      -1  -0.200E-02   20.00
  47   -23.0000    -299.999 0.1702   0.9839E-03  0.1691E-03 -0.9888E-03  0.0000E+00      -1  -0.198E-02   20.00
  48   -23.5000    -300.000 0.1702   0.9839E-03  0.1691E-03 -0.9852E-03  0.0000E+00      -1  -0.197E-02   20.00
  49   -24.0000    -300.000 0.1702   0.9839E-03  0.1691E-03 -0.9842E-03  0.0000E+00      -1  -0.197E-02   20.00
  50   -24.5000    -300.000 0.1702   0.9839E-03  0.1691E-03 -0.9840E-03  0.0000E+00      -1  -0.197E-02   20.00
  51   -25.0000    -300.000 0.1702   0.9839E-03  0.1691E-03 -0.9839E-03  0.0000E+00      -1  -0.197E-02   20.00
  52   -25.5000    -300.000 0.1702   0.9839E-03  0.1691E-03 -0.9839E-03  0.0000E+00      -1  -0.197E-02   20.00
  53   -26.0000    -300.000 0.1702   0.9839E-03  0.1691E-03 -0.9839E-03  0.0000E+00      -1  -0.197E-02   20.00
  54   -26.5000    -300.000 0.1702   0.9839E-03  0.1691E-03 -0.9839E-03  0.0000E+00      -1  -0.197E-02   20.00
  55   -27.0000    -300.000 0.1702   0.9839E-03  0.1691E-03 -0.9839E-03  0.0000E+00      -1  -0.197E-02   20.00
  56   -27.5000    -300.000 0.1702   0.9839E-03  0.1691E-03 -0.9839E-03  0.0000E+00      -1  -0.197E-02   20.00
  57   -28.0000    -300.000 0.1702   0.9839E-03  0.1691E-03 -0.9839E-03  0.0000E+00      -1  -0.197E-02   20.00
  58   -28.5000    -300.000 0.1702   0.9839E-03  0.1691E-03 -0.9839E-03  0.0000E+00      -1  -0.197E-02   20.00
  59   -29.0000    -300.000 0.1702   0.9839E-03  0.1691E-03 -0.9839E-03  0.0000E+00      -1  -0.197E-02   20.00
  60   -29.5000    -300.000 0.1702   0.9839E-03  0.1691E-03 -0.9839E-03  0.0000E+00      -1  -0.197E-02   20.00
  61   -30.0000    -300.000 0.1702   0.9839E-03  0.1691E-03 -0.9839E-03  0.0000E+00      -1  -0.197E-02   20.00
  62   -30.5000    -300.000 0.1702   0.9839E-03  0.1691E-03 -0.9839E-03  0.0000E+00      -1  -0.197E-02   20.00
  63   -31.0000    -300.000 0.1702   0.9839E-03  0.1691E-03 -0.9839E-03  0.0000E+00      -1  -0.197E-02   20.00
  64   -31.5000    -300.000 0.1702   0.9839E-03  0.1691E-03 -0.9839E-03  0.0000E+00      -1  -0.197E-02   20.00
  65   -32.0000    -300.000 0.1702   0.9839E-03  0.1691E-03 -0.9839E-03  0.0000E+00      -1  -0.197E-02   20.00
  66   -32.5000    -300.000 0.1702   0.9839E-03  0.1691E-03 -0.9839E-03  0.0000E+00      -1  -0.197E-02   20.00
  67   -33.0000    -300.000 0.1702   0.9839E-03  0.1691E-03 -0.9839E-03  0.0000E+00      -1  -0.197E-02   20.00
  68   -33.5000    -300.000 0.1702   0.9839E-03  0.1691E-03 -0.9839E-03  0.0000E+00      -1  -0.197E-02   20.00
  69   -34.0000    -300.000 0.1702   0.9839E-03  0.1691E-03 -0.9839E-03  0.0000E+00      -1  -0.197E-02   20.00
  70   -34.5000    -300.000 0.1702   0.9839E-03  0.1691E-03 -0.9839E-03  0.0000E+00      -1  -0.197E-02   20.00
  71   -35.0000    -300.000 0.1702   0.9839E-03  0.1691E-03 -0.9839E-03  0.0000E+00      -1  -0.197E-02   20.00
  72   -35.5000    -300.000 0.1702   0.9839E-03  0.1691E-03 -0.9839E-03  0.0000E+00      -1  -0.197E-02   20.00
  73   -36.0000    -300.000 0.1702   0.9839E-03  0.1691E-03 -0.9839E-03  0.0000E+00      -1  -0.197E-02   20.00
  74   -36.5000    -300.000 0.1702   0.9839E-03  0.1691E-03 -0.9839E-03  0.0000E+00      -1  -0.197E-02   20.00
  75   -37.0000    -300.000 0.1702   0.9839E-03  0.1691E-03 -0.9839E-03  0.0000E+00      -1  -0.197E-02   20.00
  76   -37.5000    -300.000 0.1702   0.9839E-03  0.1691E-03 -0.9839E-03  0.0000E+00      -1  -0.197E-02   20.00
  77   -38.0000    -300.000 0.1702   0.9839E-03  0.1691E-03 -0.9839E-03  0.0000E+00      -1  -0.197E-02   20.00
  78   -38.5000    -300.000 0.1702   0.9839E-03  0.1691E-03 -0.9839E-03  0.0000E+00      -1  -0.197E-02   20.00
  79   -39.0000    -300.000 0.1702   0.9839E-03  0.1691E-03 -0.9839E-03  0.0000E+00      -1  -0.197E-02   20.00
  80   -39.5000    -300.000 0.1702   0.9839E-03  0.1691E-03 -0.9839E-03  0.0000E+00      -1  -0.197E-02   20.00
  81   -40.0000    -300.000 0.1702   0.9839E-03  0.1691E-03 -0.9839E-03  0.0000E+00      -1  -0.197E-02   20.00
  82   -40.5000    -300.000 0.1702   0.9839E-03  0.1691E-03 -0.9839E-03  0.0000E+00      -1  -0.197E-02   20.00
  83   -41.0000    -300.000 0.1702   0.9839E-03  0.1691E-03 -0.9839E-03  0.0000E+00      -1  -0.197E-02   20.00
  84   -41.5000    -300.000 0.1702   0.9839E-03  0.1691E-03 -0.9839E-03  0.0000E+00      -1  -0.197E-02   20.00
  85   -42.0000    -300.000 0.1702   0.9839E-03  0.1691E-03 -0.9839E-03  0.0000E+00      -1  -0.197E-02   20.00
  86   -42.5000    -300.000 0.1702   0.9839E-03  0.1691E-03 -0.9839E-03  0.0000E+00      -1  -0.197E-02   20.00
  87   -43.0000    -300.000 0.1702   0.9839E-03  0.1691E-03 -0.9839E-03  0.0000E+00      -1  -0.197E-02   20.00
  88   -43.5000    -300.000 0.1702   0.9839E-03  0.1691E-03 -0.9839E-03  0.0000E+00      -1  -0.197E-02   20.00
  89   -44.0000    -300.000 0.1702   0.9839E-03  0.1691E-03 -0.9839E-03  0.0000E+00      -1  -0.197E-02   20.00
  90   -44.5000    -300.000 0.1702   0.9839E-03  0.1691E-03 -0.9839E-03  0.0000E+00      -1  -0.197E-02   20.00
  91   -45.0000    -300.000 0.1702   0.9839E-03  0.1691E-03 -0.9839E-03  0.0000E+00      -1  -0.197E-02   20.00
  92   -45.5000    -300.000 0.1702   0.9839E-03  0.1691E-03 -0.9839E-03  0.0000E+00      -1  -0.197E-02   20.00
  93   -46.0000    -300.000 0.1702   0.9839E-03  0.1691E-03 -0.9839E-03  0.0000E+00      -1  -0.197E-02   20.00
  94   -46.5000    -300.000 0.1702   0.9839E-03  0.1691E-03 -0.9839E-03  0.0000E+00      -1  -0.197E-02   20.00
  95   -47.0000    -300.000 0.1702   0.9839E-03  0.1691E-03 -0.9839E-03  0.0000E+00      -1  -0.197E-02   20.00
  96   -47.5000    -300.000 0.1702   0.9839E-03  0.1691E-03 -0.9839E-03  0.0000E+00      -1  -0.197E-02   20.00
  97   -48.0000    -300.000 0.1702   0.9839E-03  0.1691E-03 -0.9839E-03  0.0000E+00      -1  -0.197E-02   20.00
  98   -48.5000    -300.000 0.1702   0.9839E-03  0.1691E-03 -0.9839E-03  0.0000E+00      -1  -0.197E-02   20.00
  99   -49.0000    -300.000 0.1702   0.9839E-03  0.1691E-03 -0.9839E-03  0.0000E+00      -1  -0.197E-02   20.00
 100   -49.5000    -300.000 0.1702   0.9839E-03  0.1691E-03 -0.9839E-03  0.0000E+00      -1  -0.197E-02   20.00
 101   -50.0000    -300.000 0.1702   0.9839E-03  0.1691E-03 -0.9839E-03  0.0000E+00      -1  -0.197E-02   20.00
 102   -50.5000    -300.000 0.1702   0.9839E-03  0.1691E-03 -0.9839E-03  0.0000E+00      -1  -0.197E-02   20.00
 103   -51.0000    -300.000 0.1702   0.9839E-03  0.1691E-03 -0.9839E-03  0.0000E+00      -1  -0.197E-02   20.00
 104   -51.5000    -300.000 0.1702   0.9839E-03  0.1691E-03 -0.9839E-03  0.0000E+00      -1  -0.197E-02   20.00
 105   -52.0000    -300.000 0.1702   0.9839E-03  0.1691E-03 -0.9839E-03  0.0000E+00      -1  -0.197E-02   20.00
 106   -52.5000    -300.000 0.1702   0.9839E-03  0.1691E-03 -0.9839E-03  0.0000E+00      -1  -0.197E-02   20.00
 107   -53.0000    -300.000 0.1702   0.9839E-03  0.1691E-03 -0.9839E-03  0.0000E+00      -1  -0.197E-02   20.00
 108   -53.5000    -300.000 0.1702   0.9839E-03  0.1691E-03 -0.9839E-03  0.0000E+00      -1  -0.197E-02   20.00
 109   -54.0000    -300.000 0.1702   0.9839E-03  0.1691E-03 -0.9839E-03  0.0000E+00      -1  -0.197E-02   20.00
 110   -54.5000    -300.000 0.1702   0.9839E-03  0.1691E-03 -0.9839E-03  0.0000E+00      -1  -0.197E-02   20.00
 111   -55.0000    -300.000 0.1702   0.9839E-03  0.1691E-03 -0.9839E-03  0.0000E+00      -1  -0.197E-02   20.00
 112   -55.5000    -300.000 0.1702   0.9839E-03  0.1691E-03 -0.9839E-03  0.0000E+00      -1  -0.197E-02   20.00
 113   -56.0000    -300.000 0.1702   0.9839E-03  0.1691E-03 -0.9839E-03  0.0000E+00      -1  -0.197E-02   20.00
 114   -56.5000    -300.000 0.1702   0.9839E-03  0.1691E-03 -0.9839E-03  0.0000E+00      -1  -0.197E-02   20.00
 115   -57.0000    -300.000 0.1702   0.9839E-03  0.1691E-03 -0.9839E-03  0.0000E+00      -1  -0.197E-02   20.00
 116   -57.5000    -300.000 0.1702   0.9839E-03  0.1691E-03 -0.9839E-03  0.0000E+00      -1  -0.197E-02   20.00
 117   -58.0000    -300.000 0.1702   0.9839E-03  0.1691E-03 -0.9839E-03  0.0000E+00      -1  -0.197E-02   20.00
 118   -58.5000    -300.000 0.1702   0.9839E-03  0.1691E-03 -0.9839E-03  0.0000E+00      -1  -0.197E-02   20.00
 119   -59.0000    -300.000 0.1702   0.9839E-03  0.1691E-03 -0.9839E-03  0.0000E+00      -1  -0.197E-02   20.00
 120   -59.5000    -300.000 0.1702   0.9839E-03  0.1691E-03 -0.9839E-03  0.0000E+00      -1  -0.197E-02   20.00
 121   -60.0000    -300.000 0.1702   0.9839E-03  0.1691E-03 -0.9839E-03  0.0000E+00      -1  -0.197E-02   20.00
 122   -60.5000    -300.000 0.1702   0.9839E-03  0.1691E-03 -0.9839E-03  0.0000E+00      -1  -0.197E-02   20.00
 123   -61.0000    -300.000 0.1702   0.9839E-03  0.1691E-03 -0.9839E-03  0.0000E+00      -1  -0.197E-02   20.00
 124   -61.5000    -300.000 0.1702   0.9839E-03  0.1691E-03 -0.9839E-03  0.0000E+00      -1  -0.197E-02   20.00
 125   -62.0000    -300.000 0.1702   0.9839E-03  0.1691E-03 -0.9839E-03  0.0000E+00      -1  -0.197E-02   20.00
 126   -62.5000    -300.000 0.1702   0.9839E-03  0.1691E-03 -0.9839E-03  0.0000E+00      -1  -0.197E-02   20.00
 127   -63.0000    -300.000 0.1702   0.9839E-03  0.1691E-03 -0.9839E-03  0.0000E+00      -1  -0.197E-02   20.00
 128   -63.5000    -300.000 0.1702   0.9839E-03  0.1691E-03 -0.9839E-03  0.0000E+00      -1  -0.197E-02   20.00
 129   -64.0000    -300.000 0.1702   0.9839E-03  0.1691E-03 -0.9839E-03  0.0000E+00      -1  -0.197E-02   20.00
 130   -64.5000    -300.000 0.1702   0.9839E-03  0.1691E-03 -0.9839E-03  0.0000E+00      -1  -0.197E-02   20.00
 131   -65.0000    -300.000 0.1702   0.9839E-03  0.1691E-03 -0.9839E-03  0.0000E+00      -1  -0.197E-02   20.00
 132   -65.5000    -300.000 0.1702   0.9839E-03  0.1691E-03 -0.9839E-03  0.0000E+00      -1  -0.197E-02   20.00
 133   -66.0000    -300.000 0.1702   0.9839E-03  0.1691E-03 -0.9839E-03  0.0000E+00      -1  -0.197E-02   20.00
 134   -66.5000    -300.000 0.1702   0.9839E-03  0.1691E-03 -0.9839E-03  0.0000E+00      -1  -0.197E-02   20.00
 135   -67.0000    -300.000 0.1702   0.9839E-03  0.1691E-03 -0.9839E-03  0.0000E+00      -1  -0.197E-02   20.00
 136   -67.5000    -300.000 0.1702   0.9839E-03  0.1691E-03 -0.9839E-03  0.0000E+00      -1  -0.197E-02   20.00
 137   -68.0000    -300.000 0.1702   0.9839E-03  0.1691E-03 -0.9839E-03  0.0000E+00      -1  -0.197E-02   20.00
 138   -68.5000    -300.000 0.1702   0.9839E-03  0.1691E-03 -0.9839E-03  0.0000E+00      -1  -0.197E-02   20.00
 139   -69.0000    -300.000 0.1702   0.9839E-03  0.1691E-03 -0.9839E-03  0.0000E+00      -1  -0.197E-02   20.00
 140   -69.5000    -300.000 0.1702   0.9839E-03  0.1691E-03 -0.9839E-03  0.0000E+00      -1  -0.197E-02   20.00
 141   -70.0000    -300.000 0.1702   0.9839E-03  0.1691E-03 -0.9839E-03  0.0000E+00      -1  -0.197E-02   20.00
 142   -70.5000    -300.000 0.1702   0.9839E-03  0.1691E-03 -0.9839E-03  0.0000E+00      -1  -0.197E-02   20.00
 143   -71.0000    -300.000 0.1702   0.9839E-03  0.1691E-03 -0.9839E-03  0.0000E+00      -1  -0.197E-02   20.00
 144   -71.5000    -300.000 0.1702   0.9839E-03  0.1691E-03 -0.9839E-03  0.0000E+00      -1  -0.197E-02   20.00
 145   -72.0000    -300.000 0.1702   0.9839E-03  0.1691E-03 -0.9839E-03  0.0000E+00      -1  -0.197E-02   20.00
 146   -72.5000    -300.000 0.1702   0.9839E-03  0.1691E-03 -0.9839E-03  0.0000E+00      -1  -0.197E-02   20.00
 147   -73.0000    -300.000 0.1702   0.9839E-03  0.1691E-03 -0.9839E-03  0.0000E+00      -1  -0.197E-02   20.00
 148   -73.5000    -300.000 0.1702   0.9839E-03  0.1691E-03 -0.9839E-03  0.0000E+00      -1  -0.197E-02   20.00
 149   -74.0000    -300.000 0.1702   0.9839E-03  0.1691E-03 -0.9839E-03  0.0000E+00      -1  -0.197E-02   20.00
 150   -74.5000    -300.000 0.1702   0.9839E-03  0.1691E-03 -0.9839E-03  0.0000E+00      -1  -0.197E-02   20.00
 151   -75.0000    -300.000 0.1702   0.9839E-03  0.1691E-03 -0.9839E-03  0.0000E+00      -1  -0.197E-02   20.00
 152   -75.5000    -300.000 0.1702   0.9839E-03  0.1691E-03 -0.9839E-03  0.0000E+00      -1  -0.197E-02   20.00
 153   -76.0000    -300.000 0.1702   0.9839E-03  0.1691E-03 -0.9839E-03  0.0000E+00      -1  -0.197E-02   20.00
 154   -76.5000    -300.000 0.1702   0.9839E-03  0.1691E-03 -0.9839E-03  0.0000E+00      -1  -0.197E-02   20.00
 155   -77.0000    -300.000 0.1702   0.9839E-03  0.1691E-03 -0.9839E-03  0.0000E+00      -1  -0.197E-02   20.00
 156   -77.5000    -300.000 0.1702   0.9839E-03  0.1691E-03 -0.9839E-03  0.0000E+00      -1  -0.197E-02   20.00
 157   -78.0000    -300.000 0.1702   0.9839E-03  0.1691E-03 -0.9839E-03  0.0000E+00      -1  -0.197E-02   20.00
 158   -78.5000    -300.000 0.1702   0.9839E-03  0.1691E-03 -0.9839E-03  0.0000E+00      -1  -0.197E-02   20.00
 159   -79.0000    -300.000 0.1702   0.9839E-03  0.1691E-03 -0.9839E-03  0.0000E+00      -1  -0.197E-02   20.00
 160   -79.5000    -300.000 0.1702   0.9839E-03  0.1691E-03 -0.9839E-03  0.0000E+00      -1  -0.197E-02   20.00
 161   -80.0000    -300.000 0.1702   0.9839E-03  0.1691E-03 -0.9839E-03  0.0000E+00      -1  -0.197E-02   20.00
 162   -80.5000    -300.000 0.1702   0.9839E-03  0.1691E-03 -0.9839E-03  0.0000E+00      -1  -0.197E-02   20.00
 163   -81.0000    -300.000 0.1702   0.9839E-03  0.1691E-03 -0.9839E-03  0.0000E+00      -1  -0.197E-02   20.00
 164   -81.5000    -300.000 0.1702   0.9839E-03  0.1691E-03 -0.9839E-03  0.0000E+00      -1  -0.197E-02   20.00
 165   -82.0000    -300.000 0.1702   0.9839E-03  0.1691E-03 -0.9839E-03  0.0000E+00      -1  -0.197E-02   20.00
 166   -82.5000    -300.000 0.1702   0.9839E-03  0.1691E-03 -0.9839E-03  0.0000E+00      -1  -0.197E-02   20.00
 167   -83.0000    -300.000 0.1702   0.9839E-03  0.1691E-03 -0.9839E-03  0.0000E+00      -1  -0.197E-02   20.00
 168   -83.5000    -300.000 0.1702   0.9839E-03  0.1691E-03 -0.9839E-03  0.0000E+00      -1  -0.197E-02   20.00
 169   -84.0000    -300.000 0.1702   0.9839E-03  0.1691E-03 -0.9839E-03  0.0000E+00      -1  -0.197E-02   20.00
 170   -84.5000    -300.000 0.1702   0.9839E-03  0.1691E-03 -0.9839E-03  0.0000E+00      -1  -0.197E-02   20.00
 171   -85.0000    -300.000 0.1702   0.9839E-03  0.1691E-03 -0.9839E-03  0.0000E+00      -1  -0.197E-02   20.00
 172   -85.5000    -300.000 0.1702   0.9839E-03  0.1691E-03 -0.9839E-03  0.0000E+00      -1  -0.197E-02   20.00
 173   -86.0000    -300.000 0.1702   0.9839E-03  0.1691E-03 -0.9839E-03  0.0000E+00      -1  -0.197E-02   20.00
 174   -86.5000    -300.000 0.1702   0.9839E-03  0.1691E-03 -0.9839E-03  0.0000E+00      -1  -0.197E-02   20.00
 175   -87.0000    -300.000 0.1702   0.9839E-03  0.1691E-03 -0.9839E-03  0.0000E+00      -1  -0.197E-02   20.00
 176   -87.5000    -300.000 0.1702   0.9839E-03  0.1691E-03 -0.9839E-03  0.0000E+00      -1  -0.197E-02   20.00
 177   -88.0000    -300.000 0.1702   0.9839E-03  0.1691E-03 -0.9839E-03  0.0000E+00      -1  -0.197E-02   20.00
 178   -88.5000    -300.000 0.1702   0.9839E-03  0.1691E-03 -0.9839E-03  0.0000E+00      -1  -0.197E-02   20.00
 179   -89.0000    -300.000 0.1702   0.9839E-03  0.1691E-03 -0.9839E-03  0.0000E+00      -1  -0.197E-02   20.00
 180   -89.5000    -300.000 0.1702   0.9839E-03  0.1691E-03 -0.9839E-03  0.0000E+00      -1  -0.197E-02   20.00
 181   -90.0000    -300.000 0.1702   0.9839E-03  0.1691E-03 -0.9839E-03  0.0000E+00      -1  -0.197E-02   20.00
 182   -90.5000    -300.000 0.1702   0.9839E-03  0.1691E-03 -0.9839E-03  0.0000E+00      -1  -0.197E-02   20.00
 183   -91.0000    -300.000 0.1702   0.9839E-03  0.1691E-03 -0.9839E-03  0.0000E+00      -1  -0.197E-02   20.00
 184   -91.5000    -300.000 0.1702   0.9839E-03  0.1691E-03 -0.9839E-03  0.0000E+00      -1  -0.197E-02   20.00
 185   -92.0000    -300.000 0.1702   0.9839E-03  0.1691E-03 -0.9839E-03  0.0000E+00      -1  -0.197E-02   20.00
 186   -92.5000    -300.000 0.1702   0.9839E-03  0.1691E-03 -0.9839E-03  0.0000E+00      -1  -0.197E-02   20.00
 187   -93.0000    -300.000 0.1702   0.9839E-03  0.1691E-03 -0.9839E-03  0.0000E+00      -1  -0.197E-02   20.00
 188   -93.5000    -300.000 0.1702   0.9839E-03  0.1691E-03 -0.9839E-03  0.0000E+00      -1  -0.197E-02   20.00
 189   -94.0000    -300.000 0.1702   0.9839E-03  0.1691E-03 -0.9839E-03  0.0000E+00      -1  -0.197E-02   20.00
 190   -94.5000    -300.000 0.1702   0.9839E-03  0.1691E-03 -0.9839E-03  0.0000E+00      -1  -0.197E-02   20.00
 191   -95.0000    -300.000 0.1702   0.9839E-03  0.1691E-03 -0.9839E-03  0.0000E+00      -1  -0.197E-02   20.00
 192   -95.5000    -300.000 0.1702   0.9839E-03  0.1691E-03 -0.9839E-03  0.0000E+00      -1  -0.197E-02   20.00
 193   -96.0000    -300.000 0.1702   0.9839E-03  0.1691E-03 -0.9839E-03  0.0000E+00      -1  -0.197E-02   20.00
 194   -96.5000    -300.000 0.1702   0.9839E-03  0.1691E-03 -0.9839E-03  0.0000E+00      -1  -0.197E-02   20.00
 195   -97.0000    -300.000 0.1702   0.9839E-03  0.1691E-03 -0.9839E-03  0.0000E+00      -1  -0.197E-02   20.00
 196   -97.5000    -300.000 0.1702   0.9839E-03  0.1691E-03 -0.9839E-03  0.0000E+00      -1  -0.197E-02   20.00
 197   -98.0000    -300.000 0.1702   0.9839E-03  0.1691E-03 -0.9839E-03  0.0000E+00      -1  -0.197E-02   20.00
 198   -98.5000    -300.000 0.1702   0.9839E-03  0.1691E-03 -0.9839E-03  0.0000E+00      -1  -0.197E-02   20.00
 199   -99.0000    -300.000 0.1702   0.9839E-03  0.1691E-03 -0.9839E-03  0.0000E+00      -1  -0.197E-02   20.00
 200   -99.5000    -300.000 0.1702   0.9839E-03  0.1691E-03 -0.9839E-03  0.0000E+00      -1  -0.197E-02   20.00
 201  -100.0000    -300.000 0.1702   0.9839E-03  0.1691E-03 -0.9839E-03  0.0000E+00      -1  -0.197E-02   20.00
end


 Time:        0.7500


 Node      Depth      Head Moisture       K          C         Flux        Sink         Kappa   v/KsTop   Temp
           [L]        [L]    [-]        [L/T]      [1/L]      [L/T]        [1/T]         [-]      [-]      [C]

   1     0.0000     -38.640 0.3255   0.1022E-01  0.2247E-02 -0.1900E-06  0.0000E+00      -1  -0.380E-06   20.00
   2    -0.5000     -39.749 0.3232   0.9684E-02  0.2202E-02 -0.6163E-01  0.0000E+00      -1  -0.123E+00   20.00
   3    -1.0000     -44.613 0.3131   0.7324E-02  0.2003E-02 -0.1163E+00  0.0000E+00      -1  -0.233E+00   20.00
   4    -1.5000     -44.489 0.3133   0.3686E+00  0.2008E-02 -0.1663E+00  0.0000E+00      -1  -0.333E+00   20.00
   5    -2.0000     -44.246 0.3138   0.3745E+00  0.2018E-02 -0.2159E+00  0.0000E+00      -1  -0.432E+00   20.00
   6    -2.5000     -44.066 0.3142   0.3789E+00  0.2025E-02 -0.2652E+00  0.0000E+00      -1  -0.530E+00   20.00
   7    -3.0000     -43.947 0.3145   0.3818E+00  0.2030E-02 -0.3141E+00  0.0000E+00      -1  -0.628E+00   20.00
   8    -3.5000     -43.889 0.3146   0.3832E+00  0.2033E-02 -0.3626E+00  0.0000E+00      -1  -0.725E+00   20.00
   9    -4.0000     -43.894 0.3146   0.3830E+00  0.2032E-02 -0.4106E+00  0.0000E+00      -1  -0.821E+00   20.00
  10    -4.5000     -43.962 0.3144   0.3814E+00  0.2030E-02 -0.4580E+00  0.0000E+00      -1  -0.916E+00   20.00
  11    -5.0000     -44.096 0.3141   0.3781E+00  0.2024E-02 -0.5048E+00  0.0000E+00      -1  -0.101E+01   20.00
  12    -5.5000     -44.299 0.3137   0.3732E+00  0.2016E-02 -0.5510E+00  0.0000E+00      -1  -0.110E+01   20.00
  13    -6.0000     -44.575 0.3132   0.3665E+00  0.2004E-02 -0.5965E+00  0.0000E+00      -1  -0.119E+01   20.00
  14    -6.5000     -44.929 0.3124   0.3579E+00  0.1990E-02 -0.6413E+00  0.0000E+00      -1  -0.128E+01   20.00
  15    -7.0000     -45.370 0.3115   0.3473E+00  0.1972E-02 -0.6855E+00  0.0000E+00      -1  -0.137E+01   20.00
  16    -7.5000     -45.908 0.3104   0.3342E+00  0.1950E-02 -0.7291E+00  0.0000E+00      -1  -0.146E+01   20.00
  17    -8.0000     -46.559 0.3090   0.3185E+00  0.1923E-02 -0.7722E+00  0.0000E+00      -1  -0.154E+01   20.00
  18    -8.5000     -47.343 0.3074   0.2995E+00  0.1891E-02 -0.8150E+00  0.0000E+00      -1  -0.163E+01   20.00
  19    -9.0000     -48.269 0.3058   0.2869E+00  0.1860E-02 -0.8532E+00  0.0000E+00      -1  -0.171E+01   20.00
  20    -9.5000     -49.317 0.3040   0.2752E+00  0.1828E-02 -0.8856E+00  0.0000E+00      -1  -0.177E+01   20.00
  21   -10.0000     -50.494 0.3020   0.2620E+00  0.1791E-02 -0.9155E+00  0.0000E+00      -1  -0.183E+01   20.00
  22   -10.5000     -51.820 0.2998   0.2472E+00  0.1749E-02 -0.9426E+00  0.0000E+00      -1  -0.189E+01   20.00
  23   -11.0000     -53.321 0.2973   0.2303E+00  0.1702E-02 -0.9666E+00  0.0000E+00      -1  -0.193E+01   20.00
  24   -11.5000     -55.036 0.2944   0.2111E+00  0.1648E-02 -0.9872E+00  0.0000E+00      -1  -0.197E+01   20.00
  25   -12.0000     -57.028 0.2911   0.1888E+00  0.1586E-02 -0.1004E+01  0.0000E+00      -1  -0.201E+01   20.00
  26   -12.5000     -59.410 0.2871   0.1621E+00  0.1511E-02 -0.1016E+01  0.0000E+00      -1  -0.203E+01   20.00
  27   -13.0000     -62.235 0.2832   0.1449E+00  0.1444E-02 -0.1022E+01  0.0000E+00      -1  -0.204E+01   20.00
  28   -13.5000     -65.467 0.2789   0.1291E+00  0.1373E-02 -0.1020E+01  0.0000E+00      -1  -0.204E+01   20.00
  29   -14.0000     -69.209 0.2740   0.1108E+00  0.1290E-02 -0.1011E+01  0.0000E+00      -1  -0.202E+01   20.00
  30   -14.5000     -73.740 0.2681   0.8865E-01  0.1190E-02 -0.9895E+00  0.0000E+00      -1  -0.198E+01   20.00
  31   -15.0000     -79.316 0.2620   0.7191E-01  0.1094E-02 -0.9583E+00  0.0000E+00      -1  -0.192E+01   20.00
  32   -15.5000     -86.047 0.2553   0.5822E-01  0.9963E-03 -0.9158E+00  0.0000E+00      -1  -0.183E+01   20.00
  33   -16.0000     -94.521 0.2468   0.4101E-01  0.8729E-03 -0.8572E+00  0.0000E+00      -1  -0.171E+01   20.00
  34   -16.5000    -105.455 0.2386   0.3104E-01  0.7681E-03 -0.7818E+00  0.0000E+00      -1  -0.156E+01   20.00
  35   -17.0000    -119.562 0.2282   0.1960E-01  0.6391E-03 -0.6926E+00  0.0000E+00      -1  -0.139E+01   20.00
  36   -17.5000    -138.793 0.2177   0.1312E-01  0.5296E-03 -0.5804E+00  0.0000E+00      -1  -0.116E+01   20.00
  37   -18.0000    -163.144 0.2063   0.7620E-02  0.4199E-03 -0.4438E+00  0.0000E+00      -1  -0.888E+00   20.00
  38   -18.5000    -194.491 0.1945   0.4069E-02  0.3212E-03 -0.3083E+00  0.0000E+00      -1  -0.617E+00   20.00
  39   -19.0000    -231.770 0.1843   0.2400E-02  0.2508E-03 -0.1870E+00  0.0000E+00      -1  -0.374E+00   20.00
  40   -19.5000    -263.809 0.1772   0.1584E-02  0.2081E-03 -0.9499E-01  0.0000E+00      -1  -0.190E+00   20.00
  41   -20.0000    -284.699 0.1732   0.1238E-02  0.1856E-03 -0.4208E-01  0.0000E+00      -1  -0.842E-01   20.00
  42   -20.5000    -294.486 0.1713   0.1076E-02  0.1751E-03 -0.1630E-01  0.0000E+00      -1  -0.326E-01   20.00
  43   -21.0000    -298.194 0.1706   0.1014E-02  0.1711E-03 -0.6147E-02  0.0000E+00      -1  -0.123E-01   20.00
  44   -21.5000    -299.438 0.1703   0.9934E-03  0.1697E-03 -0.2633E-02  0.0000E+00      -1  -0.527E-02   20.00
  45   -22.0000    -299.830 0.1702   0.9868E-03  0.1693E-03 -0.1494E-02  0.0000E+00      -1  -0.299E-02   20.00
  46   -22.5000    -299.950 0.1702   0.9848E-03  0.1692E-03 -0.1138E-02  0.0000E+00      -1  -0.228E-02   20.00
  47   -23.0000    -299.985 0.1702   0.9842E-03  0.1691E-03 -0.1030E-02  0.0000E+00      -1  -0.206E-02   20.00
  48   -23.5000    -299.996 0.1702   0.9840E-03  0.1691E-03 -0.9972E-03  0.0000E+00      -1  -0.199E-02   20.00
  49   -24.0000    -299.999 0.1702   0.9839E-03  0.1691E-03 -0.9877E-03  0.0000E+00      -1  -0.198E-02   20.00
  50   -24.5000    -300.000 0.1702   0.9839E-03  0.1691E-03 -0.9850E-03  0.0000E+00      -1  -0.197E-02   20.00
  51   -25.0000    -300.000 0.1702   0.9839E-03  0.1691E-03 -0.9842E-03  0.0000E+00      -1  -0.197E-02   20.00
  52   -25.5000    -300.000 0.1702   0.9839E-03  0.1691E-03 -0.9840E-03  0.0000E+00      -1  -0.197E-02   20.00
  53   -26.0000    -300.000 0.1702   0.9839E-03  0.1691E-03 -0.9839E-03  0.0000E+00      -1  -0.197E-02   20.00
  54   -26.5000    -300.000 0.1702   0.9839E-03  0.1691E-03 -0.9839E-03  0.0000E+00      -1  -0.197E-02   20.00
  55   -27.0000    -300.000 0.1702   0.9839E-03  0.1691E-03 -0.9839E-03  0.0000E+00      -1  -0.197E-02   20.00
  56   -27.5000    -300.000 0.1702   0.9839E-03  0.1691E-03 -0.9839E-03  0.0000E+00      -1  -0.197E-02   20.00
  57   -28.0000    -300.000 0.1702   0.9839E-03  0.1691E-03 -0.9839E-03  0.0000E+00      -1  -0.197E-02   20.00
  58   -28.5000    -300.000 0.1702   0.9839E-03  0.1691E-03 -0.9839E-03  0.0000E+00      -1  -0.197E-02   20.00
  59   -29.0000    -300.000 0.1702   0.9839E-03  0.1691E-03 -0.9839E-03  0.0000E+00      -1  -0.197E-02   20.00
  60   -29.5000    -300.000 0.1702   0.9839E-03  0.1691E-03 -0.9839E-03  0.0000E+00      -1  -0.197E-02   20.00
  61   -30.0000    -300.000 0.1702   0.9839E-03  0.1691E-03 -0.9839E-03  0.0000E+00      -1  -0.197E-02   20.00
  62   -30.5000    -300.000 0.1702   0.9839E-03  0.1691E-03 -0.9839E-03  0.0000E+00      -1  -0.197E-02   20.00
  63   -31.0000    -300.000 0.1702   0.9839E-03  0.1691E-03 -0.9839E-03  0.0000E+00      -1  -0.197E-02   20.00
  64   -31.5000    -300.000 0.1702   0.9839E-03  0.1691E-03 -0.9839E-03  0.0000E+00      -1  -0.197E-02   20.00
  65   -32.0000    -300.000 0.1702   0.9839E-03  0.1691E-03 -0.9839E-03  0.0000E+00      -1  -0.197E-02   20.00
  66   -32.5000    -300.000 0.1702   0.9839E-03  0.1691E-03 -0.9839E-03  0.0000E+00      -1  -0.197E-02   20.00
  67   -33.0000    -300.000 0.1702   0.9839E-03  0.1691E-03 -0.9839E-03  0.0000E+00      -1  -0.197E-02   20.00
  68   -33.5000    -300.000 0.1702   0.9839E-03  0.1691E-03 -0.9839E-03  0.0000E+00      -1  -0.197E-02   20.00
  69   -34.0000    -300.000 0.1702   0.9839E-03  0.1691E-03 -0.9839E-03  0.0000E+00      -1  -0.197E-02   20.00
  70   -34.5000    -300.000 0.1702   0.9839E-03  0.1691E-03 -0.9839E-03  0.0000E+00      -1  -0.197E-02   20.00
  71   -35.0000    -300.000 0.1702   0.9839E-03  0.1691E-03 -0.9839E-03  0.0000E+00      -1  -0.197E-02   20.00
  72   -35.5000    -300.000 0.1702   0.9839E-03  0.1691E-03 -0.9839E-03  0.0000E+00      -1  -0.197E-02   20.00
  73   -36.0000    -300.000 0.1702   0.9839E-03  0.1691E-03 -0.9839E-03  0.0000E+00      -1  -0.197E-02   20.00
  74   -36.5000    -300.000 0.1702   0.9839E-03  0.1691E-03 -0.9839E-03  0.0000E+00      -1  -0.197E-02   20.00
  75   -37.0000    -300.000 0.1702   0.9839E-03  0.1691E-03 -0.9839E-03  0.0000E+00      -1  -0.197E-02   20.00
  76   -37.5000    -300.000 0.1702   0.9839E-03  0.1691E-03 -0.9839E-03  0.0000E+00      -1  -0.197E-02   20.00
  77   -38.0000    -300.000 0.1702   0.9839E-03  0.1691E-03 -0.9839E-03  0.0000E+00      -1  -0.197E-02   20.00
  78   -38.5000    -300.000 0.1702   0.9839E-03  0.1691E-03 -0.9839E-03  0.0000E+00      -1  -0.197E-02   20.00
  79   -39.0000    -300.000 0.1702   0.9839E-03  0.1691E-03 -0.9839E-03  0.0000E+00      -1  -0.197E-02   20.00
  80   -39.5000    -300.000 0.1702   0.9839E-03  0.1691E-03 -0.9839E-03  0.0000E+00      -1  -0.197E-02   20.00
  81   -40.0000    -300.000 0.1702   0.9839E-03  0.1691E-03 -0.9839E-03  0.0000E+00      -1  -0.197E-02   20.00
  82   -40.5000    -300.000 0.1702   0.9839E-03  0.1691E-03 -0.9839E-03  0.0000E+00      -1  -0.197E-02   20.00
  83   -41.0000    -300.000 0.1702   0.9839E-03  0.1691E-03 -0.9839E-03  0.0000E+00      -1  -0.197E-02   20.00
  84   -41.5000    -300.000 0.1702   0.9839E-03  0.1691E-03 -0.9839E-03  0.0000E+00      -1  -0.197E-02   20.00
  85   -42.0000    -300.000 0.1702   0.9839E-03  0.1691E-03 -0.9839E-03  0.0000E+00      -1  -0.197E-02   20.00
  86   -42.5000    -300.000 0.1702   0.9839E-03  0.1691E-03 -0.9839E-03  0.0000E+00      -1  -0.197E-02   20.00
  87   -43.0000    -300.000 0.1702   0.9839E-03  0.1691E-03 -0.9839E-03  0.0000E+00      -1  -0.197E-02   20.00
  88   -43.5000    -300.000 0.1702   0.9839E-03  0.1691E-03 -0.9839E-03  0.0000E+00      -1  -0.197E-02   20.00
  89   -44.0000    -300.000 0.1702   0.9839E-03  0.1691E-03 -0.9839E-03  0.0000E+00      -1  -0.197E-02   20.00
  90   -44.5000    -300.000 0.1702   0.9839E-03  0.1691E-03 -0.9839E-03  0.0000E+00      -1  -0.197E-02   20.00
  91   -45.0000    -300.000 0.1702   0.9839E-03  0.1691E-03 -0.9839E-03  0.0000E+00      -1  -0.197E-02   20.00
  92   -45.5000    -300.000 0.1702   0.9839E-03  0.1691E-03 -0.9839E-03  0.0000E+00      -1  -0.197E-02   20.00
  93   -46.0000    -300.000 0.1702   0.9839E-03  0.1691E-03 -0.9839E-03  0.0000E+00      -1  -0.197E-02   20.00
  94   -46.5000    -300.000 0.1702   0.9839E-03  0.1691E-03 -0.9839E-03  0.0000E+00      -1  -0.197E-02   20.00
  95   -47.0000    -300.000 0.1702   0.9839E-03  0.1691E-03 -0.9839E-03  0.0000E+00      -1  -0.197E-02   20.00
  96   -47.5000    -300.000 0.1702   0.9839E-03  0.1691E-03 -0.9839E-03  0.0000E+00      -1  -0.197E-02   20.00
  97   -48.0000    -300.000 0.1702   0.9839E-03  0.1691E-03 -0.9839E-03  0.0000E+00      -1  -0.197E-02   20.00
  98   -48.5000    -300.000 0.1702   0.9839E-03  0.1691E-03 -0.9839E-03  0.0000E+00      -1  -0.197E-02   20.00
  99   -49.0000    -300.000 0.1702   0.9839E-03  0.1691E-03 -0.9839E-03  0.0000E+00      -1  -0.197E-02   20.00
 100   -49.5000    -300.000 0.1702   0.9839E-03  0.1691E-03 -0.9839E-03  0.0000E+00      -1  -0.197E-02   20.00
 101   -50.0000    -300.000 0.1702   0.9839E-03  0.1691E-03 -0.9839E-03  0.0000E+00      -1  -0.197E-02   20.00
 102   -50.5000    -300.000 0.1702   0.9839E-03  0.1691E-03 -0.9839E-03  0.0000E+00      -1  -0.197E-02   20.00
 103   -51.0000    -300.000 0.1702   0.9839E-03  0.1691E-03 -0.9839E-03  0.0000E+00      -1  -0.197E-02   20.00
 104   -51.5000    -300.000 0.1702   0.9839E-03  0.1691E-03 -0.9839E-03  0.0000E+00      -1  -0.197E-02   20.00
 105   -52.0000    -300.000 0.1702   0.9839E-03  0.1691E-03 -0.9839E-03  0.0000E+00      -1  -0.197E-02   20.00
 106   -52.5000    -300.000 0.1702   0.9839E-03  0.1691E-03 -0.9839E-03  0.0000E+00      -1  -0.197E-02   20.00
 107   -53.0000    -300.000 0.1702   0.9839E-03  0.1691E-03 -0.9839E-03  0.0000E+00      -1  -0.197E-02   20.00
 108   -53.5000    -300.000 0.1702   0.9839E-03  0.1691E-03 -0.9839E-03  0.0000E+00      -1  -0.197E-02   20.00
 109   -54.0000    -300.000 0.1702   0.9839E-03  0.1691E-03 -0.9839E-03  0.0000E+00      -1  -0.197E-02   20.00
 110   -54.5000    -300.000 0.1702   0.9839E-03  0.1691E-03 -0.9839E-03  0.0000E+00      -1  -0.197E-02   20.00
 111   -55.0000    -300.000 0.1702   0.9839E-03  0.1691E-03 -0.9839E-03  0.0000E+00      -1  -0.197E-02   20.00
 112   -55.5000    -300.000 0.1702   0.9839E-03  0.1691E-03 -0.9839E-03  0.0000E+00      -1  -0.197E-02   20.00
 113   -56.0000    -300.000 0.1702   0.9839E-03  0.1691E-03 -0.9839E-03  0.0000E+00      -1  -0.197E-02   20.00
 114   -56.5000    -300.000 0.1702   0.9839E-03  0.1691E-03 -0.9839E-03  0.0000E+00      -1  -0.197E-02   20.00
 115   -57.0000    -300.000 0.1702   0.9839E-03  0.1691E-03 -0.9839E-03  0.0000E+00      -1  -0.197E-02   20.00
 116   -57.5000    -300.000 0.1702   0.9839E-03  0.1691E-03 -0.9839E-03  0.0000E+00      -1  -0.197E-02   20.00
 117   -58.0000    -300.000 0.1702   0.9839E-03  0.1691E-03 -0.9839E-03  0.0000E+00      -1  -0.197E-02   20.00
 118   -58.5000    -300.000 0.1702   0.9839E-03  0.1691E-03 -0.9839E-03  0.0000E+00      -1  -0.197E-02   20.00
 119   -59.0000    -300.000 0.1702   0.9839E-03  0.1691E-03 -0.9839E-03  0.0000E+00      -1  -0.197E-02   20.00
 120   -59.5000    -300.000 0.1702   0.9839E-03  0.1691E-03 -0.9839E-03  0.0000E+00      -1  -0.197E-02   20.00
 121   -60.0000    -300.000 0.1702   0.9839E-03  0.1691E-03 -0.9839E-03  0.0000E+00      -1  -0.197E-02   20.00
 122   -60.5000    -300.000 0.1702   0.9839E-03  0.1691E-03 -0.9839E-03  0.0000E+00      -1  -0.197E-02   20.00
 123   -61.0000    -300.000 0.1702   0.9839E-03  0.1691E-03 -0.9839E-03  0.0000E+00      -1  -0.197E-02   20.00
 124   -61.5000    -300.000 0.1702   0.9839E-03  0.1691E-03 -0.9839E-03  0.0000E+00      -1  -0.197E-02   20.00
 125   -62.0000    -300.000 0.1702   0.9839E-03  0.1691E-03 -0.9839E-03  0.0000E+00      -1  -0.197E-02   20.00
 126   -62.5000    -300.000 0.1702   0.9839E-03  0.1691E-03 -0.9839E-03  0.0000E+00      -1  -0.197E-02   20.00
 127   -63.0000    -300.000 0.1702   0.9839E-03  0.1691E-03 -0.9839E-03  0.0000E+00      -1  -0.197E-02   20.00
 128   -63.5000    -300.000 0.1702   0.9839E-03  0.1691E-03 -0.9839E-03  0.0000E+00      -1  -0.197E-02   20.00
 129   -64.0000    -300.000 0.1702   0.9839E-03  0.1691E-03 -0.9839E-03  0.0000E+00      -1  -0.197E-02   20.00
 130   -64.5000    -300.000 0.1702   0.9839E-03  0.1691E-03 -0.9839E-03  0.0000E+00      -1  -0.197E-02   20.00
 131   -65.0000    -300.000 0.1702   0.9839E-03  0.1691E-03 -0.9839E-03  0.0000E+00      -1  -0.197E-02   20.00
 132   -65.5000    -300.000 0.1702   0.9839E-03  0.1691E-03 -0.9839E-03  0.0000E+00      -1  -0.197E-02   20.00
 133   -66.0000    -300.000 0.1702   0.9839E-03  0.1691E-03 -0.9839E-03  0.0000E+00      -1  -0.197E-02   20.00
 134   -66.5000    -300.000 0.1702   0.9839E-03  0.1691E-03 -0.9839E-03  0.0000E+00      -1  -0.197E-02   20.00
 135   -67.0000    -300.000 0.1702   0.9839E-03  0.1691E-03 -0.9839E-03  0.0000E+00      -1  -0.197E-02   20.00
 136   -67.5000    -300.000 0.1702   0.9839E-03  0.1691E-03 -0.9839E-03  0.0000E+00      -1  -0.197E-02   20.00
 137   -68.0000    -300.000 0.1702   0.9839E-03  0.1691E-03 -0.9839E-03  0.0000E+00      -1  -0.197E-02   20.00
 138   -68.5000    -300.000 0.1702   0.9839E-03  0.1691E-03 -0.9839E-03  0.0000E+00      -1  -0.197E-02   20.00
 139   -69.0000    -300.000 0.1702   0.9839E-03  0.1691E-03 -0.9839E-03  0.0000E+00      -1  -0.197E-02   20.00
 140   -69.5000    -300.000 0.1702   0.9839E-03  0.1691E-03 -0.9839E-03  0.0000E+00      -1  -0.197E-02   20.00
 141   -70.0000    -300.000 0.1702   0.9839E-03  0.1691E-03 -0.9839E-03  0.0000E+00      -1  -0.197E-02   20.00
 142   -70.5000    -300.000 0.1702   0.9839E-03  0.1691E-03 -0.9839E-03  0.0000E+00      -1  -0.197E-02   20.00
 143   -71.0000    -300.000 0.1702   0.9839E-03  0.1691E-03 -0.9839E-03  0.0000E+00      -1  -0.197E-02   20.00
 144   -71.5000    -300.000 0.1702   0.9839E-03  0.1691E-03 -0.9839E-03  0.0000E+00      -1  -0.197E-02   20.00
 145   -72.0000    -300.000 0.1702   0.9839E-03  0.1691E-03 -0.9839E-03  0.0000E+00      -1  -0.197E-02   20.00
 146   -72.5000    -300.000 0.1702   0.9839E-03  0.1691E-03 -0.9839E-03  0.0000E+00      -1  -0.197E-02   20.00
 147   -73.0000    -300.000 0.1702   0.9839E-03  0.1691E-03 -0.9839E-03  0.0000E+00      -1  -0.197E-02   20.00
 148   -73.5000    -300.000 0.1702   0.9839E-03  0.1691E-03 -0.9839E-03  0.0000E+00      -1  -0.197E-02   20.00
 149   -74.0000    -300.000 0.1702   0.9839E-03  0.1691E-03 -0.9839E-03  0.0000E+00      -1  -0.197E-02   20.00
 150   -74.5000    -300.000 0.1702   0.9839E-03  0.1691E-03 -0.9839E-03  0.0000E+00      -1  -0.197E-02   20.00
 151   -75.0000    -300.000 0.1702   0.9839E-03  0.1691E-03 -0.9839E-03  0.0000E+00      -1  -0.197E-02   20.00
 152   -75.5000    -300.000 0.1702   0.9839E-03  0.1691E-03 -0.9839E-03  0.0000E+00      -1  -0.197E-02   20.00
 153   -76.0000    -300.000 0.1702   0.9839E-03  0.1691E-03 -0.9839E-03  0.0000E+00      -1  -0.197E-02   20.00
 154   -76.5000    -300.000 0.1702   0.9839E-03  0.1691E-03 -0.9839E-03  0.0000E+00      -1  -0.197E-02   20.00
 155   -77.0000    -300.000 0.1702   0.9839E-03  0.1691E-03 -0.9839E-03  0.0000E+00      -1  -0.197E-02   20.00
 156   -77.5000    -300.000 0.1702   0.9839E-03  0.1691E-03 -0.9839E-03  0.0000E+00      -1  -0.197E-02   20.00
 157   -78.0000    -300.000 0.1702   0.9839E-03  0.1691E-03 -0.9839E-03  0.0000E+00      -1  -0.197E-02   20.00
 158   -78.5000    -300.000 0.1702   0.9839E-03  0.1691E-03 -0.9839E-03  0.0000E+00      -1  -0.197E-02   20.00
 159   -79.0000    -300.000 0.1702   0.9839E-03  0.1691E-03 -0.9839E-03  0.0000E+00      -1  -0.197E-02   20.00
 160   -79.5000    -300.000 0.1702   0.9839E-03  0.1691E-03 -0.9839E-03  0.0000E+00      -1  -0.197E-02   20.00
 161   -80.0000    -300.000 0.1702   0.9839E-03  0.1691E-03 -0.9839E-03  0.0000E+00      -1  -0.197E-02   20.00
 162   -80.5000    -300.000 0.1702   0.9839E-03  0.1691E-03 -0.9839E-03  0.0000E+00      -1  -0.197E-02   20.00
 163   -81.0000    -300.000 0.1702   0.9839E-03  0.1691E-03 -0.9839E-03  0.0000E+00      -1  -0.197E-02   20.00
 164   -81.5000    -300.000 0.1702   0.9839E-03  0.1691E-03 -0.9839E-03  0.0000E+00      -1  -0.197E-02   20.00
 165   -82.0000    -300.000 0.1702   0.9839E-03  0.1691E-03 -0.9839E-03  0.0000E+00      -1  -0.197E-02   20.00
 166   -82.5000    -300.000 0.1702   0.9839E-03  0.1691E-03 -0.9839E-03  0.0000E+00      -1  -0.197E-02   20.00
 167   -83.0000    -300.000 0.1702   0.9839E-03  0.1691E-03 -0.9839E-03  0.0000E+00      -1  -0.197E-02   20.00
 168   -83.5000    -300.000 0.1702   0.9839E-03  0.1691E-03 -0.9839E-03  0.0000E+00      -1  -0.197E-02   20.00
 169   -84.0000    -300.000 0.1702   0.9839E-03  0.1691E-03 -0.9839E-03  0.0000E+00      -1  -0.197E-02   20.00
 170   -84.5000    -300.000 0.1702   0.9839E-03  0.1691E-03 -0.9839E-03  0.0000E+00      -1  -0.197E-02   20.00
 171   -85.0000    -300.000 0.1702   0.9839E-03  0.1691E-03 -0.9839E-03  0.0000E+00      -1  -0.197E-02   20.00
 172   -85.5000    -300.000 0.1702   0.9839E-03  0.1691E-03 -0.9839E-03  0.0000E+00      -1  -0.197E-02   20.00
 173   -86.0000    -300.000 0.1702   0.9839E-03  0.1691E-03 -0.9839E-03  0.0000E+00      -1  -0.197E-02   20.00
 174   -86.5000    -300.000 0.1702   0.9839E-03  0.1691E-03 -0.9839E-03  0.0000E+00      -1  -0.197E-02   20.00
 175   -87.0000    -300.000 0.1702   0.9839E-03  0.1691E-03 -0.9839E-03  0.0000E+00      -1  -0.197E-02   20.00
 176   -87.5000    -300.000 0.1702   0.9839E-03  0.1691E-03 -0.9839E-03  0.0000E+00      -1  -0.197E-02   20.00
 177   -88.0000    -300.000 0.1702   0.9839E-03  0.1691E-03 -0.9839E-03  0.0000E+00      -1  -0.197E-02   20.00
 178   -88.5000    -300.000 0.1702   0.9839E-03  0.1691E-03 -0.9839E-03  0.0000E+00      -1  -0.197E-02   20.00
 179   -89.0000    -300.000 0.1702   0.9839E-03  0.1691E-03 -0.9839E-03  0.0000E+00      -1  -0.197E-02   20.00
 180   -89.5000    -300.000 0.1702   0.9839E-03  0.1691E-03 -0.9839E-03  0.0000E+00      -1  -0.197E-02   20.00
 181   -90.0000    -300.000 0.1702   0.9839E-03  0.1691E-03 -0.9839E-03  0.0000E+00      -1  -0.197E-02   20.00
 182   -90.5000    -300.000 0.1702   0.9839E-03  0.1691E-03 -0.9839E-03  0.0000E+00      -1  -0.197E-02   20.00
 183   -91.0000    -300.000 0.1702   0.9839E-03  0.1691E-03 -0.9839E-03  0.0000E+00      -1  -0.197E-02   20.00
 184   -91.5000    -300.000 0.1702   0.9839E-03  0.1691E-03 -0.9839E-03  0.0000E+00      -1  -0.197E-02   20.00
 185   -92.0000    -300.000 0.1702   0.9839E-03  0.1691E-03 -0.9839E-03  0.0000E+00      -1  -0.197E-02   20.00
 186   -92.5000    -300.000 0.1702   0.9839E-03  0.1691E-03 -0.9839E-03  0.0000E+00      -1  -0.197E-02   20.00
 187   -93.0000    -300.000 0.1702   0.9839E-03  0.1691E-03 -0.9839E-03  0.0000E+00      -1  -0.197E-02   20.00
 188   -93.5000    -300.000 0.1702   0.9839E-03  0.1691E-03 -0.9839E-03  0.0000E+00      -1  -0.197E-02   20.00
 189   -94.0000    -300.000 0.1702   0.9839E-03  0.1691E-03 -0.9839E-03  0.0000E+00      -1  -0.197E-02   20.00
 190   -94.5000    -300.000 0.1702   0.9839E-03  0.1691E-03 -0.9839E-03  0.0000E+00      -1  -0.197E-02   20.00
 191   -95.0000    -300.000 0.1702   0.9839E-03  0.1691E-03 -0.9839E-03  0.0000E+00      -1  -0.197E-02   20.00
 192   -95.5000    -300.000 0.1702   0.9839E-03  0.1691E-03 -0.9839E-03  0.0000E+00      -1  -0.197E-02   20.00
 193   -96.0000    -300.000 0.1702   0.9839E-03  0.1691E-03 -0.9839E-03  0.0000E+00      -1  -0.197E-02   20.00
 194   -96.5000    -300.000 0.1702   0.9839E-03  0.1691E-03 -0.9839E-03  0.0000E+00      -1  -0.197E-02   20.00
 195   -97.0000    -300.000 0.1702   0.9839E-03  0.1691E-03 -0.9839E-03  0.0000E+00      -1  -0.197E-02   20.00
 196   -97.5000    -300.000 0.1702   0.9839E-03  0.1691E-03 -0.9839E-03  0.0000E+00      -1  -0.197E-02   20.00
 197   -98.0000    -300.000 0.1702   0.9839E-03  0.1691E-03 -0.9839E-03  0.0000E+00      -1  -0.197E-02   20.00
 198   -98.5000    -300.000 0.1702   0.9839E-03  0.1691E-03 -0.9839E-03  0.0000E+00      -1  -0.197E-02   20.00
 199   -99.0000    -300.000 0.1702   0.9839E-03  0.1691E-03 -0.9839E-03  0.0000E+00      -1  -0.197E-02   20.00
 200   -99.5000    -300.000 0.1702   0.9839E-03  0.1691E-03 -0.9839E-03  0.0000E+00      -1  -0.197E-02   20.00
 201  -100.0000    -300.000 0.1702   0.9839E-03  0.1691E-03 -0.9839E-03  0.0000E+00      -1  -0.197E-02   20.00
end


 Time:        0.8000


 Node      Depth      Head Moisture       K          C         Flux        Sink         Kappa   v/KsTop   Temp
           [L]        [L]    [-]        [L/T]      [1/L]      [L/T]        [1/T]         [-]      [-]      [C]

   1     0.0000     -41.314 0.3199   0.8925E-02  0.2138E-02 -0.5960E-07  0.0000E+00      -1  -0.119E-06   20.00
   2    -0.5000     -42.276 0.3179   0.8458E-02  0.2099E-02 -0.4963E-01  0.0000E+00      -1  -0.993E-01   20.00
   3    -1.0000     -46.790 0.3085   0.6268E-02  0.1914E-02 -0.9501E-01  0.0000E+00      -1  -0.190E+00   20.00
   4    -1.5000     -46.650 0.3088   0.3163E+00  0.1919E-02 -0.1372E+00  0.0000E+00      -1  -0.274E+00   20.00
   5    -2.0000     -46.398 0.3094   0.3224E+00  0.1930E-02 -0.1792E+00  0.0000E+00      -1  -0.358E+00   20.00
   6    -2.5000     -46.207 0.3098   0.3270E+00  0.1938E-02 -0.2211E+00  0.0000E+00      -1  -0.442E+00   20.00
   7    -3.0000     -46.075 0.3100   0.3302E+00  0.1943E-02 -0.2629E+00  0.0000E+00      -1  -0.526E+00   20.00
   8    -3.5000     -46.003 0.3102   0.3319E+00  0.1946E-02 -0.3044E+00  0.0000E+00      -1  -0.609E+00   20.00
   9    -4.0000     -45.993 0.3102   0.3322E+00  0.1946E-02 -0.3458E+00  0.0000E+00      -1  -0.692E+00   20.00
  10    -4.5000     -46.046 0.3101   0.3309E+00  0.1944E-02 -0.3871E+00  0.0000E+00      -1  -0.774E+00   20.00
  11    -5.0000     -46.164 0.3099   0.3280E+00  0.1939E-02 -0.4283E+00  0.0000E+00      -1  -0.857E+00   20.00
  12    -5.5000     -46.353 0.3095   0.3234E+00  0.1932E-02 -0.4694E+00  0.0000E+00      -1  -0.939E+00   20.00
  13    -6.0000     -46.618 0.3089   0.3170E+00  0.1921E-02 -0.5106E+00  0.0000E+00      -1  -0.102E+01   20.00
  14    -6.5000     -46.968 0.3082   0.3086E+00  0.1906E-02 -0.5521E+00  0.0000E+00      -1  -0.110E+01   20.00
  15    -7.0000     -47.412 0.3073   0.2978E+00  0.1888E-02 -0.5942E+00  0.0000E+00      -1  -0.119E+01   20.00
  16    -7.5000     -47.959 0.3063   0.2904E+00  0.1870E-02 -0.6327E+00  0.0000E+00      -1  -0.127E+01   20.00
  17    -8.0000     -48.591 0.3052   0.2833E+00  0.1850E-02 -0.6665E+00  0.0000E+00      -1  -0.133E+01   20.00
  18    -8.5000     -49.314 0.3040   0.2752E+00  0.1828E-02 -0.6988E+00  0.0000E+00      -1  -0.140E+01   20.00
  19    -9.0000     -50.134 0.3026   0.2661E+00  0.1802E-02 -0.7295E+00  0.0000E+00      -1  -0.146E+01   20.00
  20    -9.5000     -51.061 0.3011   0.2557E+00  0.1773E-02 -0.7585E+00  0.0000E+00      -1  -0.152E+01   20.00
  21   -10.0000     -52.108 0.2993   0.2439E+00  0.1740E-02 -0.7857E+00  0.0000E+00      -1  -0.157E+01   20.00
  22   -10.5000     -53.291 0.2973   0.2307E+00  0.1703E-02 -0.8108E+00  0.0000E+00      -1  -0.162E+01   20.00
  23   -11.0000     -54.634 0.2951   0.2156E+00  0.1661E-02 -0.8338E+00  0.0000E+00      -1  -0.167E+01   20.00
  24   -11.5000     -56.175 0.2925   0.1984E+00  0.1613E-02 -0.8545E+00  0.0000E+00      -1  -0.171E+01   20.00
  25   -12.0000     -57.969 0.2895   0.1783E+00  0.1556E-02 -0.8726E+00  0.0000E+00      -1  -0.175E+01   20.00
  26   -12.5000     -60.111 0.2860   0.1553E+00  0.1491E-02 -0.8863E+00  0.0000E+00      -1  -0.177E+01   20.00
  27   -13.0000     -62.598 0.2827   0.1432E+00  0.1436E-02 -0.8945E+00  0.0000E+00      -1  -0.179E+01   20.00
  28   -13.5000     -65.390 0.2790   0.1295E+00  0.1374E-02 -0.8980E+00  0.0000E+00      -1  -0.180E+01   20.00
  29   -14.0000     -68.581 0.2749   0.1139E+00  0.1304E-02 -0.8958E+00  0.0000E+00      -1  -0.179E+01   20.00
  30   -14.5000     -72.345 0.2699   0.9552E-01  0.1221E-02 -0.8859E+00  0.0000E+00      -1  -0.177E+01   20.00
  31   -15.0000     -76.947 0.2643   0.7675E-01  0.1129E-02 -0.8692E+00  0.0000E+00      -1  -0.174E+01   20.00
  32   -15.5000     -82.489 0.2588   0.6550E-01  0.1048E-02 -0.8446E+00  0.0000E+00      -1  -0.169E+01   20.00
  33   -16.0000     -89.038 0.2523   0.5220E-01  0.9531E-03 -0.8063E+00  0.0000E+00      -1  -0.161E+01   20.00
  34   -16.5000     -97.245 0.2446   0.3772E-01  0.8434E-03 -0.7574E+00  0.0000E+00      -1  -0.151E+01   20.00
  35   -17.0000    -107.672 0.2369   0.2926E-01  0.7479E-03 -0.6952E+00  0.0000E+00      -1  -0.139E+01   20.00
  36   -17.5000    -120.889 0.2273   0.1875E-01  0.6286E-03 -0.6209E+00  0.0000E+00      -1  -0.124E+01   20.00
  37   -18.0000    -138.674 0.2177   0.1314E-01  0.5300E-03 -0.5292E+00  0.0000E+00      -1  -0.106E+01   20.00
  38   -18.5000    -160.753 0.2072   0.7900E-02  0.4276E-03 -0.4182E+00  0.0000E+00      -1  -0.836E+00   20.00
  39   -19.0000    -189.487 0.1962   0.4460E-02  0.3337E-03 -0.3065E+00  0.0000E+00      -1  -0.613E+00   20.00
  40   -19.5000    -223.836 0.1865   0.2760E-02  0.2660E-03 -0.1973E+00  0.0000E+00      -1  -0.395E+00   20.00
  41   -20.0000    -255.240 0.1789   0.1725E-02  0.2173E-03 -0.1085E+00  0.0000E+00      -1  -0.217E+00   20.00
  42   -20.5000    -278.927 0.1743   0.1333E-02  0.1918E-03 -0.5314E-01  0.0000E+00      -1  -0.106E+00   20.00
  43   -21.0000    -291.581 0.1718   0.1124E-02  0.1782E-03 -0.2254E-01  0.0000E+00      -1  -0.451E-01   20.00
  44   -21.5000    -296.995 0.1708   0.1034E-02  0.1724E-03 -0.8923E-02  0.0000E+00      -1  -0.178E-01   20.00
  45   -22.0000    -298.994 0.1704   0.1001E-02  0.1702E-03 -0.3717E-02  0.0000E+00      -1  -0.743E-02   20.00
  46   -22.5000    -299.675 0.1703   0.9894E-03  0.1695E-03 -0.1889E-02  0.0000E+00      -1  -0.378E-02   20.00
  47   -23.0000    -299.898 0.1702   0.9856E-03  0.1692E-03 -0.1276E-02  0.0000E+00      -1  -0.255E-02   20.00
  48   -23.5000    -299.968 0.1702   0.9844E-03  0.1691E-03 -0.1076E-02  0.0000E+00      -1  -0.215E-02   20.00
  49   -24.0000    -299.990 0.1702   0.9841E-03  0.1691E-03 -0.1013E-02  0.0000E+00      -1  -0.203E-02   20.00
  50   -24.5000    -299.997 0.1702   0.9840E-03  0.1691E-03 -0.9926E-03  0.0000E+00      -1  -0.199E-02   20.00
  51   -25.0000    -299.999 0.1702   0.9839E-03  0.1691E-03 -0.9866E-03  0.0000E+00      -1  -0.197E-02   20.00
  52   -25.5000    -300.000 0.1702   0.9839E-03  0.1691E-03 -0.9847E-03  0.0000E+00      -1  -0.197E-02   20.00
  53   -26.0000    -300.000 0.1702   0.9839E-03  0.1691E-03 -0.9841E-03  0.0000E+00      -1  -0.197E-02   20.00
  54   -26.5000    -300.000 0.1702   0.9839E-03  0.1691E-03 -0.9839E-03  0.0000E+00      -1  -0.197E-02   20.00
  55   -27.0000    -300.000 0.1702   0.9839E-03  0.1691E-03 -0.9839E-03  0.0000E+00      -1  -0.197E-02   20.00
  56   -27.5000    -300.000 0.1702   0.9839E-03  0.1691E-03 -0.9839E-03  0.0000E+00      -1  -0.197E-02   20.00
  57   -28.0000    -300.000 0.1702   0.9839E-03  0.1691E-03 -0.9839E-03  0.0000E+00      -1  -0.197E-02   20.00
  58   -28.5000    -300.000 0.1702   0.9839E-03  0.1691E-03 -0.9839E-03  0.0000E+00      -1  -0.197E-02   20.00
  59   -29.0000    -300.000 0.1702   0.9839E-03  0.1691E-03 -0.9839E-03  0.0000E+00      -1  -0.197E-02   20.00
  60   -29.5000    -300.000 0.1702   0.9839E-03  0.1691E-03 -0.9839E-03  0.0000E+00      -1  -0.197E-02   20.00
  61   -30.0000    -300.000 0.1702   0.9839E-03  0.1691E-03 -0.9839E-03  0.0000E+00      -1  -0.197E-02   20.00
  62   -30.5000    -300.000 0.1702   0.9839E-03  0.1691E-03 -0.9839E-03  0.0000E+00      -1  -0.197E-02   20.00
  63   -31.0000    -300.000 0.1702   0.9839E-03  0.1691E-03 -0.9839E-03  0.0000E+00      -1  -0.197E-02   20.00
  64   -31.5000    -300.000 0.1702   0.9839E-03  0.1691E-03 -0.9839E-03  0.0000E+00      -1  -0.197E-02   20.00
  65   -32.0000    -300.000 0.1702   0.9839E-03  0.1691E-03 -0.9839E-03  0.0000E+00      -1  -0.197E-02   20.00
  66   -32.5000    -300.000 0.1702   0.9839E-03  0.1691E-03 -0.9839E-03  0.0000E+00      -1  -0.197E-02   20.00
  67   -33.0000    -300.000 0.1702   0.9839E-03  0.1691E-03 -0.9839E-03  0.0000E+00      -1  -0.197E-02   20.00
  68   -33.5000    -300.000 0.1702   0.9839E-03  0.1691E-03 -0.9839E-03  0.0000E+00      -1  -0.197E-02   20.00
  69   -34.0000    -300.000 0.1702   0.9839E-03  0.1691E-03 -0.9839E-03  0.0000E+00      -1  -0.197E-02   20.00
  70   -34.5000    -300.000 0.1702   0.9839E-03  0.1691E-03 -0.9839E-03  0.0000E+00      -1  -0.197E-02   20.00
  71   -35.0000    -300.000 0.1702   0.9839E-03  0.1691E-03 -0.9839E-03  0.0000E+00      -1  -0.197E-02   20.00
  72   -35.5000    -300.000 0.1702   0.9839E-03  0.1691E-03 -0.9839E-03  0.0000E+00      -1  -0.197E-02   20.00
  73   -36.0000    -300.000 0.1702   0.9839E-03  0.1691E-03 -0.9839E-03  0.0000E+00      -1  -0.197E-02   20.00
  74   -36.5000    -300.000 0.1702   0.9839E-03  0.1691E-03 -0.9839E-03  0.0000E+00      -1  -0.197E-02   20.00
  75   -37.0000    -300.000 0.1702   0.9839E-03  0.1691E-03 -0.9839E-03  0.0000E+00      -1  -0.197E-02   20.00
  76   -37.5000    -300.000 0.1702   0.9839E-03  0.1691E-03 -0.9839E-03  0.0000E+00      -1  -0.197E-02   20.00
  77   -38.0000    -300.000 0.1702   0.9839E-03  0.1691E-03 -0.9839E-03  0.0000E+00      -1  -0.197E-02   20.00
  78   -38.5000    -300.000 0.1702   0.9839E-03  0.1691E-03 -0.9839E-03  0.0000E+00      -1  -0.197E-02   20.00
  79   -39.0000    -300.000 0.1702   0.9839E-03  0.1691E-03 -0.9839E-03  0.0000E+00      -1  -0.197E-02   20.00
  80   -39.5000    -300.000 0.1702   0.9839E-03  0.1691E-03 -0.9839E-03  0.0000E+00      -1  -0.197E-02   20.00
  81   -40.0000    -300.000 0.1702   0.9839E-03  0.1691E-03 -0.9839E-03  0.0000E+00      -1  -0.197E-02   20.00
  82   -40.5000    -300.000 0.1702   0.9839E-03  0.1691E-03 -0.9839E-03  0.0000E+00      -1  -0.197E-02   20.00
  83   -41.0000    -300.000 0.1702   0.9839E-03  0.1691E-03 -0.9839E-03  0.0000E+00      -1  -0.197E-02   20.00
  84   -41.5000    -300.000 0.1702   0.9839E-03  0.1691E-03 -0.9839E-03  0.0000E+00      -1  -0.197E-02   20.00
  85   -42.0000    -300.000 0.1702   0.9839E-03  0.1691E-03 -0.9839E-03  0.0000E+00      -1  -0.197E-02   20.00
  86   -42.5000    -300.000 0.1702   0.9839E-03  0.1691E-03 -0.9839E-03  0.0000E+00      -1  -0.197E-02   20.00
  87   -43.0000    -300.000 0.1702   0.9839E-03  0.1691E-03 -0.9839E-03  0.0000E+00      -1  -0.197E-02   20.00
  88   -43.5000    -300.000 0.1702   0.9839E-03  0.1691E-03 -0.9839E-03  0.0000E+00      -1  -0.197E-02   20.00
  89   -44.0000    -300.000 0.1702   0.9839E-03  0.1691E-03 -0.9839E-03  0.0000E+00      -1  -0.197E-02   20.00
  90   -44.5000    -300.000 0.1702   0.9839E-03  0.1691E-03 -0.9839E-03  0.0000E+00      -1  -0.197E-02   20.00
  91   -45.0000    -300.000 0.1702   0.9839E-03  0.1691E-03 -0.9839E-03  0.0000E+00      -1  -0.197E-02   20.00
  92   -45.5000    -300.000 0.1702   0.9839E-03  0.1691E-03 -0.9839E-03  0.0000E+00      -1  -0.197E-02   20.00
  93   -46.0000    -300.000 0.1702   0.9839E-03  0.1691E-03 -0.9839E-03  0.0000E+00      -1  -0.197E-02   20.00
  94   -46.5000    -300.000 0.1702   0.9839E-03  0.1691E-03 -0.9839E-03  0.0000E+00      -1  -0.197E-02   20.00
  95   -47.0000    -300.000 0.1702   0.9839E-03  0.1691E-03 -0.9839E-03  0.0000E+00      -1  -0.197E-02   20.00
  96   -47.5000    -300.000 0.1702   0.9839E-03  0.1691E-03 -0.9839E-03  0.0000E+00      -1  -0.197E-02   20.00
  97   -48.0000    -300.000 0.1702   0.9839E-03  0.1691E-03 -0.9839E-03  0.0000E+00      -1  -0.197E-02   20.00
  98   -48.5000    -300.000 0.1702   0.9839E-03  0.1691E-03 -0.9839E-03  0.0000E+00      -1  -0.197E-02   20.00
  99   -49.0000    -300.000 0.1702   0.9839E-03  0.1691E-03 -0.9839E-03  0.0000E+00      -1  -0.197E-02   20.00
 100   -49.5000    -300.000 0.1702   0.9839E-03  0.1691E-03 -0.9839E-03  0.0000E+00      -1  -0.197E-02   20.00
 101   -50.0000    -300.000 0.1702   0.9839E-03  0.1691E-03 -0.9839E-03  0.0000E+00      -1  -0.197E-02   20.00
 102   -50.5000    -300.000 0.1702   0.9839E-03  0.1691E-03 -0.9839E-03  0.0000E+00      -1  -0.197E-02   20.00
 103   -51.0000    -300.000 0.1702   0.9839E-03  0.1691E-03 -0.9839E-03  0.0000E+00      -1  -0.197E-02   20.00
 104   -51.5000    -300.000 0.1702   0.9839E-03  0.1691E-03 -0.9839E-03  0.0000E+00      -1  -0.197E-02   20.00
 105   -52.0000    -300.000 0.1702   0.9839E-03  0.1691E-03 -0.9839E-03  0.0000E+00      -1  -0.197E-02   20.00
 106   -52.5000    -300.000 0.1702   0.9839E-03  0.1691E-03 -0.9839E-03  0.0000E+00      -1  -0.197E-02   20.00
 107   -53.0000    -300.000 0.1702   0.9839E-03  0.1691E-03 -0.9839E-03  0.0000E+00      -1  -0.197E-02   20.00
 108   -53.5000    -300.000 0.1702   0.9839E-03  0.1691E-03 -0.9839E-03  0.0000E+00      -1  -0.197E-02   20.00
 109   -54.0000    -300.000 0.1702   0.9839E-03  0.1691E-03 -0.9839E-03  0.0000E+00      -1  -0.197E-02   20.00
 110   -54.5000    -300.000 0.1702   0.9839E-03  0.1691E-03 -0.9839E-03  0.0000E+00      -1  -0.197E-02   20.00
 111   -55.0000    -300.000 0.1702   0.9839E-03  0.1691E-03 -0.9839E-03  0.0000E+00      -1  -0.197E-02   20.00
 112   -55.5000    -300.000 0.1702   0.9839E-03  0.1691E-03 -0.9839E-03  0.0000E+00      -1  -0.197E-02   20.00
 113   -56.0000    -300.000 0.1702   0.9839E-03  0.1691E-03 -0.9839E-03  0.0000E+00      -1  -0.197E-02   20.00
 114   -56.5000    -300.000 0.1702   0.9839E-03  0.1691E-03 -0.9839E-03  0.0000E+00      -1  -0.197E-02   20.00
 115   -57.0000    -300.000 0.1702   0.9839E-03  0.1691E-03 -0.9839E-03  0.0000E+00      -1  -0.197E-02   20.00
 116   -57.5000    -300.000 0.1702   0.9839E-03  0.1691E-03 -0.9839E-03  0.0000E+00      -1  -0.197E-02   20.00
 117   -58.0000    -300.000 0.1702   0.9839E-03  0.1691E-03 -0.9839E-03  0.0000E+00      -1  -0.197E-02   20.00
 118   -58.5000    -300.000 0.1702   0.9839E-03  0.1691E-03 -0.9839E-03  0.0000E+00      -1  -0.197E-02   20.00
 119   -59.0000    -300.000 0.1702   0.9839E-03  0.1691E-03 -0.9839E-03  0.0000E+00      -1  -0.197E-02   20.00
 120   -59.5000    -300.000 0.1702   0.9839E-03  0.1691E-03 -0.9839E-03  0.0000E+00      -1  -0.197E-02   20.00
 121   -60.0000    -300.000 0.1702   0.9839E-03  0.1691E-03 -0.9839E-03  0.0000E+00      -1  -0.197E-02   20.00
 122   -60.5000    -300.000 0.1702   0.9839E-03  0.1691E-03 -0.9839E-03  0.0000E+00      -1  -0.197E-02   20.00
 123   -61.0000    -300.000 0.1702   0.9839E-03  0.1691E-03 -0.9839E-03  0.0000E+00      -1  -0.197E-02   20.00
 124   -61.5000    -300.000 0.1702   0.9839E-03  0.1691E-03 -0.9839E-03  0.0000E+00      -1  -0.197E-02   20.00
 125   -62.0000    -300.000 0.1702   0.9839E-03  0.1691E-03 -0.9839E-03  0.0000E+00      -1  -0.197E-02   20.00
 126   -62.5000    -300.000 0.1702   0.9839E-03  0.1691E-03 -0.9839E-03  0.0000E+00      -1  -0.197E-02   20.00
 127   -63.0000    -300.000 0.1702   0.9839E-03  0.1691E-03 -0.9839E-03  0.0000E+00      -1  -0.197E-02   20.00
 128   -63.5000    -300.000 0.1702   0.9839E-03  0.1691E-03 -0.9839E-03  0.0000E+00      -1  -0.197E-02   20.00
 129   -64.0000    -300.000 0.1702   0.9839E-03  0.1691E-03 -0.9839E-03  0.0000E+00      -1  -0.197E-02   20.00
 130   -64.5000    -300.000 0.1702   0.9839E-03  0.1691E-03 -0.9839E-03  0.0000E+00      -1  -0.197E-02   20.00
 131   -65.0000    -300.000 0.1702   0.9839E-03  0.1691E-03 -0.9839E-03  0.0000E+00      -1  -0.197E-02   20.00
 132   -65.5000    -300.000 0.1702   0.9839E-03  0.1691E-03 -0.9839E-03  0.0000E+00      -1  -0.197E-02   20.00
 133   -66.0000    -300.000 0.1702   0.9839E-03  0.1691E-03 -0.9839E-03  0.0000E+00      -1  -0.197E-02   20.00
 134   -66.5000    -300.000 0.1702   0.9839E-03  0.1691E-03 -0.9839E-03  0.0000E+00      -1  -0.197E-02   20.00
 135   -67.0000    -300.000 0.1702   0.9839E-03  0.1691E-03 -0.9839E-03  0.0000E+00      -1  -0.197E-02   20.00
 136   -67.5000    -300.000 0.1702   0.9839E-03  0.1691E-03 -0.9839E-03  0.0000E+00      -1  -0.197E-02   20.00
 137   -68.0000    -300.000 0.1702   0.9839E-03  0.1691E-03 -0.9839E-03  0.0000E+00      -1  -0.197E-02   20.00
 138   -68.5000    -300.000 0.1702   0.9839E-03  0.1691E-03 -0.9839E-03  0.0000E+00      -1  -0.197E-02   20.00
 139   -69.0000    -300.000 0.1702   0.9839E-03  0.1691E-03 -0.9839E-03  0.0000E+00      -1  -0.197E-02   20.00
 140   -69.5000    -300.000 0.1702   0.9839E-03  0.1691E-03 -0.9839E-03  0.0000E+00      -1  -0.197E-02   20.00
 141   -70.0000    -300.000 0.1702   0.9839E-03  0.1691E-03 -0.9839E-03  0.0000E+00      -1  -0.197E-02   20.00
 142   -70.5000    -300.000 0.1702   0.9839E-03  0.1691E-03 -0.9839E-03  0.0000E+00      -1  -0.197E-02   20.00
 143   -71.0000    -300.000 0.1702   0.9839E-03  0.1691E-03 -0.9839E-03  0.0000E+00      -1  -0.197E-02   20.00
 144   -71.5000    -300.000 0.1702   0.9839E-03  0.1691E-03 -0.9839E-03  0.0000E+00      -1  -0.197E-02   20.00
 145   -72.0000    -300.000 0.1702   0.9839E-03  0.1691E-03 -0.9839E-03  0.0000E+00      -1  -0.197E-02   20.00
 146   -72.5000    -300.000 0.1702   0.9839E-03  0.1691E-03 -0.9839E-03  0.0000E+00      -1  -0.197E-02   20.00
 147   -73.0000    -300.000 0.1702   0.9839E-03  0.1691E-03 -0.9839E-03  0.0000E+00      -1  -0.197E-02   20.00
 148   -73.5000    -300.000 0.1702   0.9839E-03  0.1691E-03 -0.9839E-03  0.0000E+00      -1  -0.197E-02   20.00
 149   -74.0000    -300.000 0.1702   0.9839E-03  0.1691E-03 -0.9839E-03  0.0000E+00      -1  -0.197E-02   20.00
 150   -74.5000    -300.000 0.1702   0.9839E-03  0.1691E-03 -0.9839E-03  0.0000E+00      -1  -0.197E-02   20.00
 151   -75.0000    -300.000 0.1702   0.9839E-03  0.1691E-03 -0.9839E-03  0.0000E+00      -1  -0.197E-02   20.00
 152   -75.5000    -300.000 0.1702   0.9839E-03  0.1691E-03 -0.9839E-03  0.0000E+00      -1  -0.197E-02   20.00
 153   -76.0000    -300.000 0.1702   0.9839E-03  0.1691E-03 -0.9839E-03  0.0000E+00      -1  -0.197E-02   20.00
 154   -76.5000    -300.000 0.1702   0.9839E-03  0.1691E-03 -0.9839E-03  0.0000E+00      -1  -0.197E-02   20.00
 155   -77.0000    -300.000 0.1702   0.9839E-03  0.1691E-03 -0.9839E-03  0.0000E+00      -1  -0.197E-02   20.00
 156   -77.5000    -300.000 0.1702   0.9839E-03  0.1691E-03 -0.9839E-03  0.0000E+00      -1  -0.197E-02   20.00
 157   -78.0000    -300.000 0.1702   0.9839E-03  0.1691E-03 -0.9839E-03  0.0000E+00      -1  -0.197E-02   20.00
 158   -78.5000    -300.000 0.1702   0.9839E-03  0.1691E-03 -0.9839E-03  0.0000E+00      -1  -0.197E-02   20.00
 159   -79.0000    -300.000 0.1702   0.9839E-03  0.1691E-03 -0.9839E-03  0.0000E+00      -1  -0.197E-02   20.00
 160   -79.5000    -300.000 0.1702   0.9839E-03  0.1691E-03 -0.9839E-03  0.0000E+00      -1  -0.197E-02   20.00
 161   -80.0000    -300.000 0.1702   0.9839E-03  0.1691E-03 -0.9839E-03  0.0000E+00      -1  -0.197E-02   20.00
 162   -80.5000    -300.000 0.1702   0.9839E-03  0.1691E-03 -0.9839E-03  0.0000E+00      -1  -0.197E-02   20.00
 163   -81.0000    -300.000 0.1702   0.9839E-03  0.1691E-03 -0.9839E-03  0.0000E+00      -1  -0.197E-02   20.00
 164   -81.5000    -300.000 0.1702   0.9839E-03  0.1691E-03 -0.9839E-03  0.0000E+00      -1  -0.197E-02   20.00
 165   -82.0000    -300.000 0.1702   0.9839E-03  0.1691E-03 -0.9839E-03  0.0000E+00      -1  -0.197E-02   20.00
 166   -82.5000    -300.000 0.1702   0.9839E-03  0.1691E-03 -0.9839E-03  0.0000E+00      -1  -0.197E-02   20.00
 167   -83.0000    -300.000 0.1702   0.9839E-03  0.1691E-03 -0.9839E-03  0.0000E+00      -1  -0.197E-02   20.00
 168   -83.5000    -300.000 0.1702   0.9839E-03  0.1691E-03 -0.9839E-03  0.0000E+00      -1  -0.197E-02   20.00
 169   -84.0000    -300.000 0.1702   0.9839E-03  0.1691E-03 -0.9839E-03  0.0000E+00      -1  -0.197E-02   20.00
 170   -84.5000    -300.000 0.1702   0.9839E-03  0.1691E-03 -0.9839E-03  0.0000E+00      -1  -0.197E-02   20.00
 171   -85.0000    -300.000 0.1702   0.9839E-03  0.1691E-03 -0.9839E-03  0.0000E+00      -1  -0.197E-02   20.00
 172   -85.5000    -300.000 0.1702   0.9839E-03  0.1691E-03 -0.9839E-03  0.0000E+00      -1  -0.197E-02   20.00
 173   -86.0000    -300.000 0.1702   0.9839E-03  0.1691E-03 -0.9839E-03  0.0000E+00      -1  -0.197E-02   20.00
 174   -86.5000    -300.000 0.1702   0.9839E-03  0.1691E-03 -0.9839E-03  0.0000E+00      -1  -0.197E-02   20.00
 175   -87.0000    -300.000 0.1702   0.9839E-03  0.1691E-03 -0.9839E-03  0.0000E+00      -1  -0.197E-02   20.00
 176   -87.5000    -300.000 0.1702   0.9839E-03  0.1691E-03 -0.9839E-03  0.0000E+00      -1  -0.197E-02   20.00
 177   -88.0000    -300.000 0.1702   0.9839E-03  0.1691E-03 -0.9839E-03  0.0000E+00      -1  -0.197E-02   20.00
 178   -88.5000    -300.000 0.1702   0.9839E-03  0.1691E-03 -0.9839E-03  0.0000E+00      -1  -0.197E-02   20.00
 179   -89.0000    -300.000 0.1702   0.9839E-03  0.1691E-03 -0.9839E-03  0.0000E+00      -1  -0.197E-02   20.00
 180   -89.5000    -300.000 0.1702   0.9839E-03  0.1691E-03 -0.9839E-03  0.0000E+00      -1  -0.197E-02   20.00
 181   -90.0000    -300.000 0.1702   0.9839E-03  0.1691E-03 -0.9839E-03  0.0000E+00      -1  -0.197E-02   20.00
 182   -90.5000    -300.000 0.1702   0.9839E-03  0.1691E-03 -0.9839E-03  0.0000E+00      -1  -0.197E-02   20.00
 183   -91.0000    -300.000 0.1702   0.9839E-03  0.1691E-03 -0.9839E-03  0.0000E+00      -1  -0.197E-02   20.00
 184   -91.5000    -300.000 0.1702   0.9839E-03  0.1691E-03 -0.9839E-03  0.0000E+00      -1  -0.197E-02   20.00
 185   -92.0000    -300.000 0.1702   0.9839E-03  0.1691E-03 -0.9839E-03  0.0000E+00      -1  -0.197E-02   20.00
 186   -92.5000    -300.000 0.1702   0.9839E-03  0.1691E-03 -0.9839E-03  0.0000E+00      -1  -0.197E-02   20.00
 187   -93.0000    -300.000 0.1702   0.9839E-03  0.1691E-03 -0.9839E-03  0.0000E+00      -1  -0.197E-02   20.00
 188   -93.5000    -300.000 0.1702   0.9839E-03  0.1691E-03 -0.9839E-03  0.0000E+00      -1  -0.197E-02   20.00
 189   -94.0000    -300.000 0.1702   0.9839E-03  0.1691E-03 -0.9839E-03  0.0000E+00      -1  -0.197E-02   20.00
 190   -94.5000    -300.000 0.1702   0.9839E-03  0.1691E-03 -0.9839E-03  0.0000E+00      -1  -0.197E-02   20.00
 191   -95.0000    -300.000 0.1702   0.9839E-03  0.1691E-03 -0.9839E-03  0.0000E+00      -1  -0.197E-02   20.00
 192   -95.5000    -300.000 0.1702   0.9839E-03  0.1691E-03 -0.9839E-03  0.0000E+00      -1  -0.197E-02   20.00
 193   -96.0000    -300.000 0.1702   0.9839E-03  0.1691E-03 -0.9839E-03  0.0000E+00      -1  -0.197E-02   20.00
 194   -96.5000    -300.000 0.1702   0.9839E-03  0.1691E-03 -0.9839E-03  0.0000E+00      -1  -0.197E-02   20.00
 195   -97.0000    -300.000 0.1702   0.9839E-03  0.1691E-03 -0.9839E-03  0.0000E+00      -1  -0.197E-02   20.00
 196   -97.5000    -300.000 0.1702   0.9839E-03  0.1691E-03 -0.9839E-03  0.0000E+00      -1  -0.197E-02   20.00
 197   -98.0000    -300.000 0.1702   0.9839E-03  0.1691E-03 -0.9839E-03  0.0000E+00      -1  -0.197E-02   20.00
 198   -98.5000    -300.000 0.1702   0.9839E-03  0.1691E-03 -0.9839E-03  0.0000E+00      -1  -0.197E-02   20.00
 199   -99.0000    -300.000 0.1702   0.9839E-03  0.1691E-03 -0.9839E-03  0.0000E+00      -1  -0.197E-02   20.00
 200   -99.5000    -300.000 0.1702   0.9839E-03  0.1691E-03 -0.9839E-03  0.0000E+00      -1  -0.197E-02   20.00
 201  -100.0000    -300.000 0.1702   0.9839E-03  0.1691E-03 -0.9839E-03  0.0000E+00      -1  -0.197E-02   20.00
end


 Time:        0.8500


 Node      Depth      Head Moisture       K          C         Flux        Sink         Kappa   v/KsTop   Temp
           [L]        [L]    [-]        [L/T]      [1/L]      [L/T]        [1/T]         [-]      [-]      [C]

   1     0.0000     -43.509 0.3154   0.7859E-02  0.2048E-02  0.2161E-06  0.0000E+00      -1   0.432E-06   20.00
   2    -0.5000     -44.413 0.3135   0.7421E-02  0.2011E-02 -0.4286E-01  0.0000E+00      -1  -0.857E-01   20.00
   3    -1.0000     -48.841 0.3048   0.5620E-02  0.1842E-02 -0.8214E-01  0.0000E+00      -1  -0.164E+00   20.00
   4    -1.5000     -48.688 0.3051   0.2822E+00  0.1847E-02 -0.1181E+00  0.0000E+00      -1  -0.236E+00   20.00
   5    -2.0000     -48.428 0.3055   0.2852E+00  0.1855E-02 -0.1544E+00  0.0000E+00      -1  -0.309E+00   20.00
   6    -2.5000     -48.230 0.3058   0.2874E+00  0.1862E-02 -0.1912E+00  0.0000E+00      -1  -0.382E+00   20.00
   7    -3.0000     -48.094 0.3061   0.2889E+00  0.1866E-02 -0.2286E+00  0.0000E+00      -1  -0.457E+00   20.00
   8    -3.5000     -48.021 0.3062   0.2897E+00  0.1868E-02 -0.2663E+00  0.0000E+00      -1  -0.533E+00   20.00
   9    -4.0000     -48.014 0.3062   0.2898E+00  0.1868E-02 -0.3043E+00  0.0000E+00      -1  -0.609E+00   20.00
  10    -4.5000     -48.072 0.3061   0.2891E+00  0.1867E-02 -0.3420E+00  0.0000E+00      -1  -0.684E+00   20.00
  11    -5.0000     -48.197 0.3059   0.2878E+00  0.1863E-02 -0.3791E+00  0.0000E+00      -1  -0.758E+00   20.00
  12    -5.5000     -48.390 0.3056   0.2856E+00  0.1857E-02 -0.4152E+00  0.0000E+00      -1  -0.830E+00   20.00
  13    -6.0000     -48.652 0.3051   0.2827E+00  0.1848E-02 -0.4501E+00  0.0000E+00      -1  -0.900E+00   20.00
  14    -6.5000     -48.984 0.3046   0.2789E+00  0.1838E-02 -0.4838E+00  0.0000E+00      -1  -0.968E+00   20.00
  15    -7.0000     -49.388 0.3039   0.2744E+00  0.1825E-02 -0.5164E+00  0.0000E+00      -1  -0.103E+01   20.00
  16    -7.5000     -49.868 0.3031   0.2690E+00  0.1810E-02 -0.5479E+00  0.0000E+00      -1  -0.110E+01   20.00
  17    -8.0000     -50.428 0.3022   0.2628E+00  0.1793E-02 -0.5782E+00  0.0000E+00      -1  -0.116E+01   20.00
  18    -8.5000     -51.072 0.3011   0.2555E+00  0.1773E-02 -0.6073E+00  0.0000E+00      -1  -0.121E+01   20.00
  19    -9.0000     -51.808 0.2998   0.2473E+00  0.1750E-02 -0.6351E+00  0.0000E+00      -1  -0.127E+01   20.00
  20    -9.5000     -52.645 0.2984   0.2379E+00  0.1723E-02 -0.6615E+00  0.0000E+00      -1  -0.132E+01   20.00
  21   -10.0000     -53.594 0.2968   0.2273E+00  0.1694E-02 -0.6865E+00  0.0000E+00      -1  -0.137E+01   20.00
  22   -10.5000     -54.673 0.2950   0.2152E+00  0.1660E-02 -0.7099E+00  0.0000E+00      -1  -0.142E+01   20.00
  23   -11.0000     -55.904 0.2930   0.2014E+00  0.1621E-02 -0.7317E+00  0.0000E+00      -1  -0.146E+01   20.00
  24   -11.5000     -57.322 0.2906   0.1855E+00  0.1577E-02 -0.7517E+00  0.0000E+00      -1  -0.150E+01   20.00
  25   -12.0000     -58.982 0.2878   0.1669E+00  0.1525E-02 -0.7698E+00  0.0000E+00      -1  -0.154E+01   20.00
  26   -12.5000     -60.928 0.2849   0.1513E+00  0.1473E-02 -0.7839E+00  0.0000E+00      -1  -0.157E+01   20.00
  27   -13.0000     -63.132 0.2820   0.1405E+00  0.1424E-02 -0.7934E+00  0.0000E+00      -1  -0.159E+01   20.00
  28   -13.5000     -65.596 0.2788   0.1285E+00  0.1370E-02 -0.7993E+00  0.0000E+00      -1  -0.160E+01   20.00
  29   -14.0000     -68.389 0.2751   0.1149E+00  0.1308E-02 -0.8012E+00  0.0000E+00      -1  -0.160E+01   20.00
  30   -14.5000     -71.634 0.2709   0.9899E-01  0.1237E-02 -0.7980E+00  0.0000E+00      -1  -0.160E+01   20.00
  31   -15.0000     -75.584 0.2657   0.7969E-01  0.1149E-02 -0.7897E+00  0.0000E+00      -1  -0.158E+01   20.00
  32   -15.5000     -80.328 0.2610   0.6989E-01  0.1080E-02 -0.7760E+00  0.0000E+00      -1  -0.155E+01   20.00
  33   -16.0000     -85.794 0.2555   0.5879E-01  0.1000E-02 -0.7548E+00  0.0000E+00      -1  -0.151E+01   20.00
  34   -16.5000     -92.420 0.2489   0.4534E-01  0.9039E-03 -0.7219E+00  0.0000E+00      -1  -0.144E+01   20.00
  35   -17.0000    -100.661 0.2421   0.3495E-01  0.8121E-03 -0.6795E+00  0.0000E+00      -1  -0.136E+01   20.00
  36   -17.5000    -110.818 0.2346   0.2671E-01  0.7192E-03 -0.6252E+00  0.0000E+00      -1  -0.125E+01   20.00
  37   -18.0000    -123.624 0.2258   0.1789E-01  0.6135E-03 -0.5606E+00  0.0000E+00      -1  -0.112E+01   20.00
  38   -18.5000    -140.444 0.2168   0.1258E-01  0.5202E-03 -0.4814E+00  0.0000E+00      -1  -0.963E+00   20.00
  39   -19.0000    -161.247 0.2070   0.7840E-02  0.4259E-03 -0.3880E+00  0.0000E+00      -1  -0.776E+00   20.00
  40   -19.5000    -188.096 0.1967   0.4625E-02  0.3382E-03 -0.2920E+00  0.0000E+00      -1  -0.584E+00   20.00
  41   -20.0000    -219.717 0.1876   0.2943E-02  0.2737E-03 -0.1943E+00  0.0000E+00      -1  -0.389E+00   20.00
  42   -20.5000    -249.822 0.1800   0.1814E-02  0.2232E-03 -0.1133E+00  0.0000E+00      -1  -0.227E+00   20.00
  43   -21.0000    -274.488 0.1752   0.1406E-02  0.1966E-03 -0.5975E-01  0.0000E+00      -1  -0.119E+00   20.00
  44   -21.5000    -288.927 0.1724   0.1167E-02  0.1810E-03 -0.2735E-01  0.0000E+00      -1  -0.547E-01   20.00
  45   -22.0000    -295.738 0.1710   0.1055E-02  0.1737E-03 -0.1146E-01  0.0000E+00      -1  -0.229E-01   20.00
  46   -22.5000    -298.475 0.1705   0.1009E-02  0.1707E-03 -0.4844E-02  0.0000E+00      -1  -0.969E-02   20.00
  47   -23.0000    -299.477 0.1703   0.9926E-03  0.1697E-03 -0.2343E-02  0.0000E+00      -1  -0.469E-02   20.00
  48   -23.5000    -299.825 0.1702   0.9868E-03  0.1693E-03 -0.1449E-02  0.0000E+00      -1  -0.290E-02   20.00
  49   -24.0000    -299.943 0.1702   0.9849E-03  0.1692E-03 -0.1139E-02  0.0000E+00      -1  -0.228E-02   20.00
  50   -24.5000    -299.982 0.1702   0.9842E-03  0.1691E-03 -0.1035E-02  0.0000E+00      -1  -0.207E-02   20.00
  51   -25.0000    -299.994 0.1702   0.9840E-03  0.1691E-03 -0.1000E-02  0.0000E+00      -1  -0.200E-02   20.00
  52   -25.5000    -299.998 0.1702   0.9839E-03  0.1691E-03 -0.9892E-03  0.0000E+00      -1  -0.198E-02   20.00
  53   -26.0000    -300.000 0.1702   0.9839E-03  0.1691E-03 -0.9856E-03  0.0000E+00      -1  -0.197E-02   20.00
  54   -26.5000    -300.000 0.1702   0.9839E-03  0.1691E-03 -0.9843E-03  0.0000E+00      -1  -0.197E-02   20.00
  55   -27.0000    -300.000 0.1702   0.9839E-03  0.1691E-03 -0.9840E-03  0.0000E+00      -1  -0.197E-02   20.00
  56   -27.5000    -300.000 0.1702   0.9839E-03  0.1691E-03 -0.9839E-03  0.0000E+00      -1  -0.197E-02   20.00
  57   -28.0000    -300.000 0.1702   0.9839E-03  0.1691E-03 -0.9839E-03  0.0000E+00      -1  -0.197E-02   20.00
  58   -28.5000    -300.000 0.1702   0.9839E-03  0.1691E-03 -0.9839E-03  0.0000E+00      -1  -0.197E-02   20.00
  59   -29.0000    -300.000 0.1702   0.9839E-03  0.1691E-03 -0.9839E-03  0.0000E+00      -1  -0.197E-02   20.00
  60   -29.5000    -300.000 0.1702   0.9839E-03  0.1691E-03 -0.9839E-03  0.0000E+00      -1  -0.197E-02   20.00
  61   -30.0000    -300.000 0.1702   0.9839E-03  0.1691E-03 -0.9839E-03  0.0000E+00      -1  -0.197E-02   20.00
  62   -30.5000    -300.000 0.1702   0.9839E-03  0.1691E-03 -0.9839E-03  0.0000E+00      -1  -0.197E-02   20.00
  63   -31.0000    -300.000 0.1702   0.9839E-03  0.1691E-03 -0.9839E-03  0.0000E+00      -1  -0.197E-02   20.00
  64   -31.5000    -300.000 0.1702   0.9839E-03  0.1691E-03 -0.9839E-03  0.0000E+00      -1  -0.197E-02   20.00
  65   -32.0000    -300.000 0.1702   0.9839E-03  0.1691E-03 -0.9839E-03  0.0000E+00      -1  -0.197E-02   20.00
  66   -32.5000    -300.000 0.1702   0.9839E-03  0.1691E-03 -0.9839E-03  0.0000E+00      -1  -0.197E-02   20.00
  67   -33.0000    -300.000 0.1702   0.9839E-03  0.1691E-03 -0.9839E-03  0.0000E+00      -1  -0.197E-02   20.00
  68   -33.5000    -300.000 0.1702   0.9839E-03  0.1691E-03 -0.9839E-03  0.0000E+00      -1  -0.197E-02   20.00
  69   -34.0000    -300.000 0.1702   0.9839E-03  0.1691E-03 -0.9839E-03  0.0000E+00      -1  -0.197E-02   20.00
  70   -34.5000    -300.000 0.1702   0.9839E-03  0.1691E-03 -0.9839E-03  0.0000E+00      -1  -0.197E-02   20.00
  71   -35.0000    -300.000 0.1702   0.9839E-03  0.1691E-03 -0.9839E-03  0.0000E+00      -1  -0.197E-02   20.00
  72   -35.5000    -300.000 0.1702   0.9839E-03  0.1691E-03 -0.9839E-03  0.0000E+00      -1  -0.197E-02   20.00
  73   -36.0000    -300.000 0.1702   0.9839E-03  0.1691E-03 -0.9839E-03  0.0000E+00      -1  -0.197E-02   20.00
  74   -36.5000    -300.000 0.1702   0.9839E-03  0.1691E-03 -0.9839E-03  0.0000E+00      -1  -0.197E-02   20.00
  75   -37.0000    -300.000 0.1702   0.9839E-03  0.1691E-03 -0.9839E-03  0.0000E+00      -1  -0.197E-02   20.00
  76   -37.5000    -300.000 0.1702   0.9839E-03  0.1691E-03 -0.9839E-03  0.0000E+00      -1  -0.197E-02   20.00
  77   -38.0000    -300.000 0.1702   0.9839E-03  0.1691E-03 -0.9839E-03  0.0000E+00      -1  -0.197E-02   20.00
  78   -38.5000    -300.000 0.1702   0.9839E-03  0.1691E-03 -0.9839E-03  0.0000E+00      -1  -0.197E-02   20.00
  79   -39.0000    -300.000 0.1702   0.9839E-03  0.1691E-03 -0.9839E-03  0.0000E+00      -1  -0.197E-02   20.00
  80   -39.5000    -300.000 0.1702   0.9839E-03  0.1691E-03 -0.9839E-03  0.0000E+00      -1  -0.197E-02   20.00
  81   -40.0000    -300.000 0.1702   0.9839E-03  0.1691E-03 -0.9839E-03  0.0000E+00      -1  -0.197E-02   20.00
  82   -40.5000    -300.000 0.1702   0.9839E-03  0.1691E-03 -0.9839E-03  0.0000E+00      -1  -0.197E-02   20.00
  83   -41.0000    -300.000 0.1702   0.9839E-03  0.1691E-03 -0.9839E-03  0.0000E+00      -1  -0.197E-02   20.00
  84   -41.5000    -300.000 0.1702   0.9839E-03  0.1691E-03 -0.9839E-03  0.0000E+00      -1  -0.197E-02   20.00
  85   -42.0000    -300.000 0.1702   0.9839E-03  0.1691E-03 -0.9839E-03  0.0000E+00      -1  -0.197E-02   20.00
  86   -42.5000    -300.000 0.1702   0.9839E-03  0.1691E-03 -0.9839E-03  0.0000E+00      -1  -0.197E-02   20.00
  87   -43.0000    -300.000 0.1702   0.9839E-03  0.1691E-03 -0.9839E-03  0.0000E+00      -1  -0.197E-02   20.00
  88   -43.5000    -300.000 0.1702   0.9839E-03  0.1691E-03 -0.9839E-03  0.0000E+00      -1  -0.197E-02   20.00
  89   -44.0000    -300.000 0.1702   0.9839E-03  0.1691E-03 -0.9839E-03  0.0000E+00      -1  -0.197E-02   20.00
  90   -44.5000    -300.000 0.1702   0.9839E-03  0.1691E-03 -0.9839E-03  0.0000E+00      -1  -0.197E-02   20.00
  91   -45.0000    -300.000 0.1702   0.9839E-03  0.1691E-03 -0.9839E-03  0.0000E+00      -1  -0.197E-02   20.00
  92   -45.5000    -300.000 0.1702   0.9839E-03  0.1691E-03 -0.9839E-03  0.0000E+00      -1  -0.197E-02   20.00
  93   -46.0000    -300.000 0.1702   0.9839E-03  0.1691E-03 -0.9839E-03  0.0000E+00      -1  -0.197E-02   20.00
  94   -46.5000    -300.000 0.1702   0.9839E-03  0.1691E-03 -0.9839E-03  0.0000E+00      -1  -0.197E-02   20.00
  95   -47.0000    -300.000 0.1702   0.9839E-03  0.1691E-03 -0.9839E-03  0.0000E+00      -1  -0.197E-02   20.00
  96   -47.5000    -300.000 0.1702   0.9839E-03  0.1691E-03 -0.9839E-03  0.0000E+00      -1  -0.197E-02   20.00
  97   -48.0000    -300.000 0.1702   0.9839E-03  0.1691E-03 -0.9839E-03  0.0000E+00      -1  -0.197E-02   20.00
  98   -48.5000    -300.000 0.1702   0.9839E-03  0.1691E-03 -0.9839E-03  0.0000E+00      -1  -0.197E-02   20.00
  99   -49.0000    -300.000 0.1702   0.9839E-03  0.1691E-03 -0.9839E-03  0.0000E+00      -1  -0.197E-02   20.00
 100   -49.5000    -300.000 0.1702   0.9839E-03  0.1691E-03 -0.9839E-03  0.0000E+00      -1  -0.197E-02   20.00
 101   -50.0000    -300.000 0.1702   0.9839E-03  0.1691E-03 -0.9839E-03  0.0000E+00      -1  -0.197E-02   20.00
 102   -50.5000    -300.000 0.1702   0.9839E-03  0.1691E-03 -0.9839E-03  0.0000E+00      -1  -0.197E-02   20.00
 103   -51.0000    -300.000 0.1702   0.9839E-03  0.1691E-03 -0.9839E-03  0.0000E+00      -1  -0.197E-02   20.00
 104   -51.5000    -300.000 0.1702   0.9839E-03  0.1691E-03 -0.9839E-03  0.0000E+00      -1  -0.197E-02   20.00
 105   -52.0000    -300.000 0.1702   0.9839E-03  0.1691E-03 -0.9839E-03  0.0000E+00      -1  -0.197E-02   20.00
 106   -52.5000    -300.000 0.1702   0.9839E-03  0.1691E-03 -0.9839E-03  0.0000E+00      -1  -0.197E-02   20.00
 107   -53.0000    -300.000 0.1702   0.9839E-03  0.1691E-03 -0.9839E-03  0.0000E+00      -1  -0.197E-02   20.00
 108   -53.5000    -300.000 0.1702   0.9839E-03  0.1691E-03 -0.9839E-03  0.0000E+00      -1  -0.197E-02   20.00
 109   -54.0000    -300.000 0.1702   0.9839E-03  0.1691E-03 -0.9839E-03  0.0000E+00      -1  -0.197E-02   20.00
 110   -54.5000    -300.000 0.1702   0.9839E-03  0.1691E-03 -0.9839E-03  0.0000E+00      -1  -0.197E-02   20.00
 111   -55.0000    -300.000 0.1702   0.9839E-03  0.1691E-03 -0.9839E-03  0.0000E+00      -1  -0.197E-02   20.00
 112   -55.5000    -300.000 0.1702   0.9839E-03  0.1691E-03 -0.9839E-03  0.0000E+00      -1  -0.197E-02   20.00
 113   -56.0000    -300.000 0.1702   0.9839E-03  0.1691E-03 -0.9839E-03  0.0000E+00      -1  -0.197E-02   20.00
 114   -56.5000    -300.000 0.1702   0.9839E-03  0.1691E-03 -0.9839E-03  0.0000E+00      -1  -0.197E-02   20.00
 115   -57.0000    -300.000 0.1702   0.9839E-03  0.1691E-03 -0.9839E-03  0.0000E+00      -1  -0.197E-02   20.00
 116   -57.5000    -300.000 0.1702   0.9839E-03  0.1691E-03 -0.9839E-03  0.0000E+00      -1  -0.197E-02   20.00
 117   -58.0000    -300.000 0.1702   0.9839E-03  0.1691E-03 -0.9839E-03  0.0000E+00      -1  -0.197E-02   20.00
 118   -58.5000    -300.000 0.1702   0.9839E-03  0.1691E-03 -0.9839E-03  0.0000E+00      -1  -0.197E-02   20.00
 119   -59.0000    -300.000 0.1702   0.9839E-03  0.1691E-03 -0.9839E-03  0.0000E+00      -1  -0.197E-02   20.00
 120   -59.5000    -300.000 0.1702   0.9839E-03  0.1691E-03 -0.9839E-03  0.0000E+00      -1  -0.197E-02   20.00
 121   -60.0000    -300.000 0.1702   0.9839E-03  0.1691E-03 -0.9839E-03  0.0000E+00      -1  -0.197E-02   20.00
 122   -60.5000    -300.000 0.1702   0.9839E-03  0.1691E-03 -0.9839E-03  0.0000E+00      -1  -0.197E-02   20.00
 123   -61.0000    -300.000 0.1702   0.9839E-03  0.1691E-03 -0.9839E-03  0.0000E+00      -1  -0.197E-02   20.00
 124   -61.5000    -300.000 0.1702   0.9839E-03  0.1691E-03 -0.9839E-03  0.0000E+00      -1  -0.197E-02   20.00
 125   -62.0000    -300.000 0.1702   0.9839E-03  0.1691E-03 -0.9839E-03  0.0000E+00      -1  -0.197E-02   20.00
 126   -62.5000    -300.000 0.1702   0.9839E-03  0.1691E-03 -0.9839E-03  0.0000E+00      -1  -0.197E-02   20.00
 127   -63.0000    -300.000 0.1702   0.9839E-03  0.1691E-03 -0.9839E-03  0.0000E+00      -1  -0.197E-02   20.00
 128   -63.5000    -300.000 0.1702   0.9839E-03  0.1691E-03 -0.9839E-03  0.0000E+00      -1  -0.197E-02   20.00
 129   -64.0000    -300.000 0.1702   0.9839E-03  0.1691E-03 -0.9839E-03  0.0000E+00      -1  -0.197E-02   20.00
 130   -64.5000    -300.000 0.1702   0.9839E-03  0.1691E-03 -0.9839E-03  0.0000E+00      -1  -0.197E-02   20.00
 131   -65.0000    -300.000 0.1702   0.9839E-03  0.1691E-03 -0.9839E-03  0.0000E+00      -1  -0.197E-02   20.00
 132   -65.5000    -300.000 0.1702   0.9839E-03  0.1691E-03 -0.9839E-03  0.0000E+00      -1  -0.197E-02   20.00
 133   -66.0000    -300.000 0.1702   0.9839E-03  0.1691E-03 -0.9839E-03  0.0000E+00      -1  -0.197E-02   20.00
 134   -66.5000    -300.000 0.1702   0.9839E-03  0.1691E-03 -0.9839E-03  0.0000E+00      -1  -0.197E-02   20.00
 135   -67.0000    -300.000 0.1702   0.9839E-03  0.1691E-03 -0.9839E-03  0.0000E+00      -1  -0.197E-02   20.00
 136   -67.5000    -300.000 0.1702   0.9839E-03  0.1691E-03 -0.9839E-03  0.0000E+00      -1  -0.197E-02   20.00
 137   -68.0000    -300.000 0.1702   0.9839E-03  0.1691E-03 -0.9839E-03  0.0000E+00      -1  -0.197E-02   20.00
 138   -68.5000    -300.000 0.1702   0.9839E-03  0.1691E-03 -0.9839E-03  0.0000E+00      -1  -0.197E-02   20.00
 139   -69.0000    -300.000 0.1702   0.9839E-03  0.1691E-03 -0.9839E-03  0.0000E+00      -1  -0.197E-02   20.00
 140   -69.5000    -300.000 0.1702   0.9839E-03  0.1691E-03 -0.9839E-03  0.0000E+00      -1  -0.197E-02   20.00
 141   -70.0000    -300.000 0.1702   0.9839E-03  0.1691E-03 -0.9839E-03  0.0000E+00      -1  -0.197E-02   20.00
 142   -70.5000    -300.000 0.1702   0.9839E-03  0.1691E-03 -0.9839E-03  0.0000E+00      -1  -0.197E-02   20.00
 143   -71.0000    -300.000 0.1702   0.9839E-03  0.1691E-03 -0.9839E-03  0.0000E+00      -1  -0.197E-02   20.00
 144   -71.5000    -300.000 0.1702   0.9839E-03  0.1691E-03 -0.9839E-03  0.0000E+00      -1  -0.197E-02   20.00
 145   -72.0000    -300.000 0.1702   0.9839E-03  0.1691E-03 -0.9839E-03  0.0000E+00      -1  -0.197E-02   20.00
 146   -72.5000    -300.000 0.1702   0.9839E-03  0.1691E-03 -0.9839E-03  0.0000E+00      -1  -0.197E-02   20.00
 147   -73.0000    -300.000 0.1702   0.9839E-03  0.1691E-03 -0.9839E-03  0.0000E+00      -1  -0.197E-02   20.00
 148   -73.5000    -300.000 0.1702   0.9839E-03  0.1691E-03 -0.9839E-03  0.0000E+00      -1  -0.197E-02   20.00
 149   -74.0000    -300.000 0.1702   0.9839E-03  0.1691E-03 -0.9839E-03  0.0000E+00      -1  -0.197E-02   20.00
 150   -74.5000    -300.000 0.1702   0.9839E-03  0.1691E-03 -0.9839E-03  0.0000E+00      -1  -0.197E-02   20.00
 151   -75.0000    -300.000 0.1702   0.9839E-03  0.1691E-03 -0.9839E-03  0.0000E+00      -1  -0.197E-02   20.00
 152   -75.5000    -300.000 0.1702   0.9839E-03  0.1691E-03 -0.9839E-03  0.0000E+00      -1  -0.197E-02   20.00
 153   -76.0000    -300.000 0.1702   0.9839E-03  0.1691E-03 -0.9839E-03  0.0000E+00      -1  -0.197E-02   20.00
 154   -76.5000    -300.000 0.1702   0.9839E-03  0.1691E-03 -0.9839E-03  0.0000E+00      -1  -0.197E-02   20.00
 155   -77.0000    -300.000 0.1702   0.9839E-03  0.1691E-03 -0.9839E-03  0.0000E+00      -1  -0.197E-02   20.00
 156   -77.5000    -300.000 0.1702   0.9839E-03  0.1691E-03 -0.9839E-03  0.0000E+00      -1  -0.197E-02   20.00
 157   -78.0000    -300.000 0.1702   0.9839E-03  0.1691E-03 -0.9839E-03  0.0000E+00      -1  -0.197E-02   20.00
 158   -78.5000    -300.000 0.1702   0.9839E-03  0.1691E-03 -0.9839E-03  0.0000E+00      -1  -0.197E-02   20.00
 159   -79.0000    -300.000 0.1702   0.9839E-03  0.1691E-03 -0.9839E-03  0.0000E+00      -1  -0.197E-02   20.00
 160   -79.5000    -300.000 0.1702   0.9839E-03  0.1691E-03 -0.9839E-03  0.0000E+00      -1  -0.197E-02   20.00
 161   -80.0000    -300.000 0.1702   0.9839E-03  0.1691E-03 -0.9839E-03  0.0000E+00      -1  -0.197E-02   20.00
 162   -80.5000    -300.000 0.1702   0.9839E-03  0.1691E-03 -0.9839E-03  0.0000E+00      -1  -0.197E-02   20.00
 163   -81.0000    -300.000 0.1702   0.9839E-03  0.1691E-03 -0.9839E-03  0.0000E+00      -1  -0.197E-02   20.00
 164   -81.5000    -300.000 0.1702   0.9839E-03  0.1691E-03 -0.9839E-03  0.0000E+00      -1  -0.197E-02   20.00
 165   -82.0000    -300.000 0.1702   0.9839E-03  0.1691E-03 -0.9839E-03  0.0000E+00      -1  -0.197E-02   20.00
 166   -82.5000    -300.000 0.1702   0.9839E-03  0.1691E-03 -0.9839E-03  0.0000E+00      -1  -0.197E-02   20.00
 167   -83.0000    -300.000 0.1702   0.9839E-03  0.1691E-03 -0.9839E-03  0.0000E+00      -1  -0.197E-02   20.00
 168   -83.5000    -300.000 0.1702   0.9839E-03  0.1691E-03 -0.9839E-03  0.0000E+00      -1  -0.197E-02   20.00
 169   -84.0000    -300.000 0.1702   0.9839E-03  0.1691E-03 -0.9839E-03  0.0000E+00      -1  -0.197E-02   20.00
 170   -84.5000    -300.000 0.1702   0.9839E-03  0.1691E-03 -0.9839E-03  0.0000E+00      -1  -0.197E-02   20.00
 171   -85.0000    -300.000 0.1702   0.9839E-03  0.1691E-03 -0.9839E-03  0.0000E+00      -1  -0.197E-02   20.00
 172   -85.5000    -300.000 0.1702   0.9839E-03  0.1691E-03 -0.9839E-03  0.0000E+00      -1  -0.197E-02   20.00
 173   -86.0000    -300.000 0.1702   0.9839E-03  0.1691E-03 -0.9839E-03  0.0000E+00      -1  -0.197E-02   20.00
 174   -86.5000    -300.000 0.1702   0.9839E-03  0.1691E-03 -0.9839E-03  0.0000E+00      -1  -0.197E-02   20.00
 175   -87.0000    -300.000 0.1702   0.9839E-03  0.1691E-03 -0.9839E-03  0.0000E+00      -1  -0.197E-02   20.00
 176   -87.5000    -300.000 0.1702   0.9839E-03  0.1691E-03 -0.9839E-03  0.0000E+00      -1  -0.197E-02   20.00
 177   -88.0000    -300.000 0.1702   0.9839E-03  0.1691E-03 -0.9839E-03  0.0000E+00      -1  -0.197E-02   20.00
 178   -88.5000    -300.000 0.1702   0.9839E-03  0.1691E-03 -0.9839E-03  0.0000E+00      -1  -0.197E-02   20.00
 179   -89.0000    -300.000 0.1702   0.9839E-03  0.1691E-03 -0.9839E-03  0.0000E+00      -1  -0.197E-02   20.00
 180   -89.5000    -300.000 0.1702   0.9839E-03  0.1691E-03 -0.9839E-03  0.0000E+00      -1  -0.197E-02   20.00
 181   -90.0000    -300.000 0.1702   0.9839E-03  0.1691E-03 -0.9839E-03  0.0000E+00      -1  -0.197E-02   20.00
 182   -90.5000    -300.000 0.1702   0.9839E-03  0.1691E-03 -0.9839E-03  0.0000E+00      -1  -0.197E-02   20.00
 183   -91.0000    -300.000 0.1702   0.9839E-03  0.1691E-03 -0.9839E-03  0.0000E+00      -1  -0.197E-02   20.00
 184   -91.5000    -300.000 0.1702   0.9839E-03  0.1691E-03 -0.9839E-03  0.0000E+00      -1  -0.197E-02   20.00
 185   -92.0000    -300.000 0.1702   0.9839E-03  0.1691E-03 -0.9839E-03  0.0000E+00      -1  -0.197E-02   20.00
 186   -92.5000    -300.000 0.1702   0.9839E-03  0.1691E-03 -0.9839E-03  0.0000E+00      -1  -0.197E-02   20.00
 187   -93.0000    -300.000 0.1702   0.9839E-03  0.1691E-03 -0.9839E-03  0.0000E+00      -1  -0.197E-02   20.00
 188   -93.5000    -300.000 0.1702   0.9839E-03  0.1691E-03 -0.9839E-03  0.0000E+00      -1  -0.197E-02   20.00
 189   -94.0000    -300.000 0.1702   0.9839E-03  0.1691E-03 -0.9839E-03  0.0000E+00      -1  -0.197E-02   20.00
 190   -94.5000    -300.000 0.1702   0.9839E-03  0.1691E-03 -0.9839E-03  0.0000E+00      -1  -0.197E-02   20.00
 191   -95.0000    -300.000 0.1702   0.9839E-03  0.1691E-03 -0.9839E-03  0.0000E+00      -1  -0.197E-02   20.00
 192   -95.5000    -300.000 0.1702   0.9839E-03  0.1691E-03 -0.9839E-03  0.0000E+00      -1  -0.197E-02   20.00
 193   -96.0000    -300.000 0.1702   0.9839E-03  0.1691E-03 -0.9839E-03  0.0000E+00      -1  -0.197E-02   20.00
 194   -96.5000    -300.000 0.1702   0.9839E-03  0.1691E-03 -0.9839E-03  0.0000E+00      -1  -0.197E-02   20.00
 195   -97.0000    -300.000 0.1702   0.9839E-03  0.1691E-03 -0.9839E-03  0.0000E+00      -1  -0.197E-02   20.00
 196   -97.5000    -300.000 0.1702   0.9839E-03  0.1691E-03 -0.9839E-03  0.0000E+00      -1  -0.197E-02   20.00
 197   -98.0000    -300.000 0.1702   0.9839E-03  0.1691E-03 -0.9839E-03  0.0000E+00      -1  -0.197E-02   20.00
 198   -98.5000    -300.000 0.1702   0.9839E-03  0.1691E-03 -0.9839E-03  0.0000E+00      -1  -0.197E-02   20.00
 199   -99.0000    -300.000 0.1702   0.9839E-03  0.1691E-03 -0.9839E-03  0.0000E+00      -1  -0.197E-02   20.00
 200   -99.5000    -300.000 0.1702   0.9839E-03  0.1691E-03 -0.9839E-03  0.0000E+00      -1  -0.197E-02   20.00
 201  -100.0000    -300.000 0.1702   0.9839E-03  0.1691E-03 -0.9839E-03  0.0000E+00      -1  -0.197E-02   20.00
end


 Time:        0.9000


 Node      Depth      Head Moisture       K          C         Flux        Sink         Kappa   v/KsTop   Temp
           [L]        [L]    [-]        [L/T]      [1/L]      [L/T]        [1/T]         [-]      [-]      [C]

   1     0.0000     -45.437 0.3114   0.6923E-02  0.1969E-02  0.1863E-06  0.0000E+00      -1   0.373E-06   20.00
   2    -0.5000     -46.370 0.3094   0.6471E-02  0.1931E-02 -0.3879E-01  0.0000E+00      -1  -0.776E-01   20.00
   3    -1.0000     -50.891 0.3014   0.5159E-02  0.1778E-02 -0.7489E-01  0.0000E+00      -1  -0.150E+00   20.00
   4    -1.5000     -50.737 0.3016   0.2593E+00  0.1783E-02 -0.1078E+00  0.0000E+00      -1  -0.216E+00   20.00
   5    -2.0000     -50.475 0.3021   0.2622E+00  0.1791E-02 -0.1406E+00  0.0000E+00      -1  -0.281E+00   20.00
   6    -2.5000     -50.273 0.3024   0.2645E+00  0.1798E-02 -0.1733E+00  0.0000E+00      -1  -0.347E+00   20.00
   7    -3.0000     -50.130 0.3027   0.2661E+00  0.1802E-02 -0.2058E+00  0.0000E+00      -1  -0.412E+00   20.00
   8    -3.5000     -50.047 0.3028   0.2670E+00  0.1805E-02 -0.2380E+00  0.0000E+00      -1  -0.476E+00   20.00
   9    -4.0000     -50.022 0.3028   0.2673E+00  0.1805E-02 -0.2700E+00  0.0000E+00      -1  -0.540E+00   20.00
  10    -4.5000     -50.057 0.3028   0.2669E+00  0.1804E-02 -0.3016E+00  0.0000E+00      -1  -0.603E+00   20.00
  11    -5.0000     -50.153 0.3026   0.2658E+00  0.1801E-02 -0.3327E+00  0.0000E+00      -1  -0.665E+00   20.00
  12    -5.5000     -50.310 0.3024   0.2641E+00  0.1796E-02 -0.3634E+00  0.0000E+00      -1  -0.727E+00   20.00
  13    -6.0000     -50.530 0.3020   0.2616E+00  0.1790E-02 -0.3936E+00  0.0000E+00      -1  -0.787E+00   20.00
  14    -6.5000     -50.816 0.3015   0.2584E+00  0.1781E-02 -0.4231E+00  0.0000E+00      -1  -0.846E+00   20.00
  15    -7.0000     -51.169 0.3009   0.2544E+00  0.1769E-02 -0.4519E+00  0.0000E+00      -1  -0.904E+00   20.00
  16    -7.5000     -51.594 0.3002   0.2497E+00  0.1756E-02 -0.4799E+00  0.0000E+00      -1  -0.960E+00   20.00
  17    -8.0000     -52.094 0.2994   0.2441E+00  0.1741E-02 -0.5072E+00  0.0000E+00      -1  -0.101E+01   20.00
  18    -8.5000     -52.675 0.2984   0.2376E+00  0.1722E-02 -0.5335E+00  0.0000E+00      -1  -0.107E+01   20.00
  19    -9.0000     -53.343 0.2973   0.2301E+00  0.1701E-02 -0.5589E+00  0.0000E+00      -1  -0.112E+01   20.00
  20    -9.5000     -54.108 0.2960   0.2215E+00  0.1677E-02 -0.5832E+00  0.0000E+00      -1  -0.117E+01   20.00
  21   -10.0000     -54.982 0.2945   0.2117E+00  0.1650E-02 -0.6065E+00  0.0000E+00      -1  -0.121E+01   20.00
  22   -10.5000     -55.980 0.2928   0.2005E+00  0.1619E-02 -0.6286E+00  0.0000E+00      -1  -0.126E+01   20.00
  23   -11.0000     -57.127 0.2909   0.1877E+00  0.1583E-02 -0.6495E+00  0.0000E+00      -1  -0.130E+01   20.00
  24   -11.5000     -58.457 0.2887   0.1728E+00  0.1541E-02 -0.6693E+00  0.0000E+00      -1  -0.134E+01   20.00
  25   -12.0000     -60.023 0.2861   0.1557E+00  0.1493E-02 -0.6871E+00  0.0000E+00      -1  -0.137E+01   20.00
  26   -12.5000     -61.820 0.2837   0.1470E+00  0.1453E-02 -0.7013E+00  0.0000E+00      -1  -0.140E+01   20.00
  27   -13.0000     -63.809 0.2811   0.1372E+00  0.1409E-02 -0.7119E+00  0.0000E+00      -1  -0.142E+01   20.00
  28   -13.5000     -66.027 0.2782   0.1264E+00  0.1360E-02 -0.7198E+00  0.0000E+00      -1  -0.144E+01   20.00
  29   -14.0000     -68.532 0.2749   0.1142E+00  0.1305E-02 -0.7244E+00  0.0000E+00      -1  -0.145E+01   20.00
  30   -14.5000     -71.421 0.2711   0.1000E+00  0.1241E-02 -0.7250E+00  0.0000E+00      -1  -0.145E+01   20.00
  31   -15.0000     -74.874 0.2666   0.8318E-01  0.1165E-02 -0.7206E+00  0.0000E+00      -1  -0.144E+01   20.00
  32   -15.5000     -78.974 0.2623   0.7265E-01  0.1100E-02 -0.7112E+00  0.0000E+00      -1  -0.142E+01   20.00
  33   -16.0000     -83.671 0.2576   0.6311E-01  0.1031E-02 -0.6966E+00  0.0000E+00      -1  -0.139E+01   20.00
  34   -16.5000     -89.144 0.2522   0.5201E-01  0.9518E-03 -0.6739E+00  0.0000E+00      -1  -0.135E+01   20.00
  35   -17.0000     -95.913 0.2456   0.3882E-01  0.8557E-03 -0.6458E+00  0.0000E+00      -1  -0.129E+01   20.00
  36   -17.5000    -104.329 0.2394   0.3199E-01  0.7787E-03 -0.6119E+00  0.0000E+00      -1  -0.122E+01   20.00
  37   -18.0000    -114.453 0.2319   0.2377E-01  0.6861E-03 -0.5641E+00  0.0000E+00      -1  -0.113E+01   20.00
  38   -18.5000    -127.165 0.2239   0.1679E-01  0.5940E-03 -0.5066E+00  0.0000E+00      -1  -0.101E+01   20.00
  39   -19.0000    -143.458 0.2152   0.1165E-01  0.5037E-03 -0.4369E+00  0.0000E+00      -1  -0.874E+00   20.00
  40   -19.5000    -163.577 0.2062   0.7575E-02  0.4187E-03 -0.3547E+00  0.0000E+00      -1  -0.709E+00   20.00
  41   -20.0000    -188.891 0.1964   0.4555E-02  0.3363E-03 -0.2703E+00  0.0000E+00      -1  -0.541E+00   20.00
  42   -20.5000    -218.512 0.1879   0.2999E-02  0.2761E-03 -0.1845E+00  0.0000E+00      -1  -0.369E+00   20.00
  43   -21.0000    -247.135 0.1805   0.1858E-02  0.2260E-03 -0.1121E+00  0.0000E+00      -1  -0.224E+00   20.00
  44   -21.5000    -271.627 0.1757   0.1452E-02  0.1996E-03 -0.6223E-01  0.0000E+00      -1  -0.124E+00   20.00
  45   -22.0000    -286.869 0.1728   0.1200E-02  0.1832E-03 -0.3024E-01  0.0000E+00      -1  -0.605E-01   20.00
  46   -22.5000    -294.611 0.1713   0.1073E-02  0.1749E-03 -0.1338E-01  0.0000E+00      -1  -0.268E-01   20.00
  47   -23.0000    -297.954 0.1706   0.1018E-02  0.1713E-03 -0.5833E-02  0.0000E+00      -1  -0.117E-01   20.00
  48   -23.5000    -299.259 0.1704   0.9961E-03  0.1699E-03 -0.2790E-02  0.0000E+00      -1  -0.558E-02   20.00
  49   -24.0000    -299.739 0.1703   0.9882E-03  0.1694E-03 -0.1635E-02  0.0000E+00      -1  -0.327E-02   20.00
  50   -24.5000    -299.910 0.1702   0.9854E-03  0.1692E-03 -0.1213E-02  0.0000E+00      -1  -0.243E-02   20.00
  51   -25.0000    -299.970 0.1702   0.9844E-03  0.1691E-03 -0.1063E-02  0.0000E+00      -1  -0.213E-02   20.00
  52   -25.5000    -299.990 0.1702   0.9841E-03  0.1691E-03 -0.1011E-02  0.0000E+00      -1  -0.202E-02   20.00
  53   -26.0000    -299.997 0.1702   0.9840E-03  0.1691E-03 -0.9929E-03  0.0000E+00      -1  -0.199E-02   20.00
  54   -26.5000    -299.999 0.1702   0.9839E-03  0.1691E-03 -0.9868E-03  0.0000E+00      -1  -0.197E-02   20.00
  55   -27.0000    -300.000 0.1702   0.9839E-03  0.1691E-03 -0.9849E-03  0.0000E+00      -1  -0.197E-02   20.00
  56   -27.5000    -300.000 0.1702   0.9839E-03  0.1691E-03 -0.9842E-03  0.0000E+00      -1  -0.197E-02   20.00
  57   -28.0000    -300.000 0.1702   0.9839E-03  0.1691E-03 -0.9839E-03  0.0000E+00      -1  -0.197E-02   20.00
  58   -28.5000    -300.000 0.1702   0.9839E-03  0.1691E-03 -0.9839E-03  0.0000E+00      -1  -0.197E-02   20.00
  59   -29.0000    -300.000 0.1702   0.9839E-03  0.1691E-03 -0.9839E-03  0.0000E+00      -1  -0.197E-02   20.00
  60   -29.5000    -300.000 0.1702   0.9839E-03  0.1691E-03 -0.9839E-03  0.0000E+00      -1  -0.197E-02   20.00
  61   -30.0000    -300.000 0.1702   0.9839E-03  0.1691E-03 -0.9839E-03  0.0000E+00      -1  -0.197E-02   20.00
  62   -30.5000    -300.000 0.1702   0.9839E-03  0.1691E-03 -0.9839E-03  0.0000E+00      -1  -0.197E-02   20.00
  63   -31.0000    -300.000 0.1702   0.9839E-03  0.1691E-03 -0.9839E-03  0.0000E+00      -1  -0.197E-02   20.00
  64   -31.5000    -300.000 0.1702   0.9839E-03  0.1691E-03 -0.9839E-03  0.0000E+00      -1  -0.197E-02   20.00
  65   -32.0000    -300.000 0.1702   0.9839E-03  0.1691E-03 -0.9839E-03  0.0000E+00      -1  -0.197E-02   20.00
  66   -32.5000    -300.000 0.1702   0.9839E-03  0.1691E-03 -0.9839E-03  0.0000E+00      -1  -0.197E-02   20.00
  67   -33.0000    -300.000 0.1702   0.9839E-03  0.1691E-03 -0.9839E-03  0.0000E+00      -1  -0.197E-02   20.00
  68   -33.5000    -300.000 0.1702   0.9839E-03  0.1691E-03 -0.9839E-03  0.0000E+00      -1  -0.197E-02   20.00
  69   -34.0000    -300.000 0.1702   0.9839E-03  0.1691E-03 -0.9839E-03  0.0000E+00      -1  -0.197E-02   20.00
  70   -34.5000    -300.000 0.1702   0.9839E-03  0.1691E-03 -0.9839E-03  0.0000E+00      -1  -0.197E-02   20.00
  71   -35.0000    -300.000 0.1702   0.9839E-03  0.1691E-03 -0.9839E-03  0.0000E+00      -1  -0.197E-02   20.00
  72   -35.5000    -300.000 0.1702   0.9839E-03  0.1691E-03 -0.9839E-03  0.0000E+00      -1  -0.197E-02   20.00
  73   -36.0000    -300.000 0.1702   0.9839E-03  0.1691E-03 -0.9839E-03  0.0000E+00      -1  -0.197E-02   20.00
  74   -36.5000    -300.000 0.1702   0.9839E-03  0.1691E-03 -0.9839E-03  0.0000E+00      -1  -0.197E-02   20.00
  75   -37.0000    -300.000 0.1702   0.9839E-03  0.1691E-03 -0.9839E-03  0.0000E+00      -1  -0.197E-02   20.00
  76   -37.5000    -300.000 0.1702   0.9839E-03  0.1691E-03 -0.9839E-03  0.0000E+00      -1  -0.197E-02   20.00
  77   -38.0000    -300.000 0.1702   0.9839E-03  0.1691E-03 -0.9839E-03  0.0000E+00      -1  -0.197E-02   20.00
  78   -38.5000    -300.000 0.1702   0.9839E-03  0.1691E-03 -0.9839E-03  0.0000E+00      -1  -0.197E-02   20.00
  79   -39.0000    -300.000 0.1702   0.9839E-03  0.1691E-03 -0.9839E-03  0.0000E+00      -1  -0.197E-02   20.00
  80   -39.5000    -300.000 0.1702   0.9839E-03  0.1691E-03 -0.9839E-03  0.0000E+00      -1  -0.197E-02   20.00
  81   -40.0000    -300.000 0.1702   0.9839E-03  0.1691E-03 -0.9839E-03  0.0000E+00      -1  -0.197E-02   20.00
  82   -40.5000    -300.000 0.1702   0.9839E-03  0.1691E-03 -0.9839E-03  0.0000E+00      -1  -0.197E-02   20.00
  83   -41.0000    -300.000 0.1702   0.9839E-03  0.1691E-03 -0.9839E-03  0.0000E+00      -1  -0.197E-02   20.00
  84   -41.5000    -300.000 0.1702   0.9839E-03  0.1691E-03 -0.9839E-03  0.0000E+00      -1  -0.197E-02   20.00
  85   -42.0000    -300.000 0.1702   0.9839E-03  0.1691E-03 -0.9839E-03  0.0000E+00      -1  -0.197E-02   20.00
  86   -42.5000    -300.000 0.1702   0.9839E-03  0.1691E-03 -0.9839E-03  0.0000E+00      -1  -0.197E-02   20.00
  87   -43.0000    -300.000 0.1702   0.9839E-03  0.1691E-03 -0.9839E-03  0.0000E+00      -1  -0.197E-02   20.00
  88   -43.5000    -300.000 0.1702   0.9839E-03  0.1691E-03 -0.9839E-03  0.0000E+00      -1  -0.197E-02   20.00
  89   -44.0000    -300.000 0.1702   0.9839E-03  0.1691E-03 -0.9839E-03  0.0000E+00      -1  -0.197E-02   20.00
  90   -44.5000    -300.000 0.1702   0.9839E-03  0.1691E-03 -0.9839E-03  0.0000E+00      -1  -0.197E-02   20.00
  91   -45.0000    -300.000 0.1702   0.9839E-03  0.1691E-03 -0.9839E-03  0.0000E+00      -1  -0.197E-02   20.00
  92   -45.5000    -300.000 0.1702   0.9839E-03  0.1691E-03 -0.9839E-03  0.0000E+00      -1  -0.197E-02   20.00
  93   -46.0000    -300.000 0.1702   0.9839E-03  0.1691E-03 -0.9839E-03  0.0000E+00      -1  -0.197E-02   20.00
  94   -46.5000    -300.000 0.1702   0.9839E-03  0.1691E-03 -0.9839E-03  0.0000E+00      -1  -0.197E-02   20.00
  95   -47.0000    -300.000 0.1702   0.9839E-03  0.1691E-03 -0.9839E-03  0.0000E+00      -1  -0.197E-02   20.00
  96   -47.5000    -300.000 0.1702   0.9839E-03  0.1691E-03 -0.9839E-03  0.0000E+00      -1  -0.197E-02   20.00
  97   -48.0000    -300.000 0.1702   0.9839E-03  0.1691E-03 -0.9839E-03  0.0000E+00      -1  -0.197E-02   20.00
  98   -48.5000    -300.000 0.1702   0.9839E-03  0.1691E-03 -0.9839E-03  0.0000E+00      -1  -0.197E-02   20.00
  99   -49.0000    -300.000 0.1702   0.9839E-03  0.1691E-03 -0.9839E-03  0.0000E+00      -1  -0.197E-02   20.00
 100   -49.5000    -300.000 0.1702   0.9839E-03  0.1691E-03 -0.9839E-03  0.0000E+00      -1  -0.197E-02   20.00
 101   -50.0000    -300.000 0.1702   0.9839E-03  0.1691E-03 -0.9839E-03  0.0000E+00      -1  -0.197E-02   20.00
 102   -50.5000    -300.000 0.1702   0.9839E-03  0.1691E-03 -0.9839E-03  0.0000E+00      -1  -0.197E-02   20.00
 103   -51.0000    -300.000 0.1702   0.9839E-03  0.1691E-03 -0.9839E-03  0.0000E+00      -1  -0.197E-02   20.00
 104   -51.5000    -300.000 0.1702   0.9839E-03  0.1691E-03 -0.9839E-03  0.0000E+00      -1  -0.197E-02   20.00
 105   -52.0000    -300.000 0.1702   0.9839E-03  0.1691E-03 -0.9839E-03  0.0000E+00      -1  -0.197E-02   20.00
 106   -52.5000    -300.000 0.1702   0.9839E-03  0.1691E-03 -0.9839E-03  0.0000E+00      -1  -0.197E-02   20.00
 107   -53.0000    -300.000 0.1702   0.9839E-03  0.1691E-03 -0.9839E-03  0.0000E+00      -1  -0.197E-02   20.00
 108   -53.5000    -300.000 0.1702   0.9839E-03  0.1691E-03 -0.9839E-03  0.0000E+00      -1  -0.197E-02   20.00
 109   -54.0000    -300.000 0.1702   0.9839E-03  0.1691E-03 -0.9839E-03  0.0000E+00      -1  -0.197E-02   20.00
 110   -54.5000    -300.000 0.1702   0.9839E-03  0.1691E-03 -0.9839E-03  0.0000E+00      -1  -0.197E-02   20.00
 111   -55.0000    -300.000 0.1702   0.9839E-03  0.1691E-03 -0.9839E-03  0.0000E+00      -1  -0.197E-02   20.00
 112   -55.5000    -300.000 0.1702   0.9839E-03  0.1691E-03 -0.9839E-03  0.0000E+00      -1  -0.197E-02   20.00
 113   -56.0000    -300.000 0.1702   0.9839E-03  0.1691E-03 -0.9839E-03  0.0000E+00      -1  -0.197E-02   20.00
 114   -56.5000    -300.000 0.1702   0.9839E-03  0.1691E-03 -0.9839E-03  0.0000E+00      -1  -0.197E-02   20.00
 115   -57.0000    -300.000 0.1702   0.9839E-03  0.1691E-03 -0.9839E-03  0.0000E+00      -1  -0.197E-02   20.00
 116   -57.5000    -300.000 0.1702   0.9839E-03  0.1691E-03 -0.9839E-03  0.0000E+00      -1  -0.197E-02   20.00
 117   -58.0000    -300.000 0.1702   0.9839E-03  0.1691E-03 -0.9839E-03  0.0000E+00      -1  -0.197E-02   20.00
 118   -58.5000    -300.000 0.1702   0.9839E-03  0.1691E-03 -0.9839E-03  0.0000E+00      -1  -0.197E-02   20.00
 119   -59.0000    -300.000 0.1702   0.9839E-03  0.1691E-03 -0.9839E-03  0.0000E+00      -1  -0.197E-02   20.00
 120   -59.5000    -300.000 0.1702   0.9839E-03  0.1691E-03 -0.9839E-03  0.0000E+00      -1  -0.197E-02   20.00
 121   -60.0000    -300.000 0.1702   0.9839E-03  0.1691E-03 -0.9839E-03  0.0000E+00      -1  -0.197E-02   20.00
 122   -60.5000    -300.000 0.1702   0.9839E-03  0.1691E-03 -0.9839E-03  0.0000E+00      -1  -0.197E-02   20.00
 123   -61.0000    -300.000 0.1702   0.9839E-03  0.1691E-03 -0.9839E-03  0.0000E+00      -1  -0.197E-02   20.00
 124   -61.5000    -300.000 0.1702   0.9839E-03  0.1691E-03 -0.9839E-03  0.0000E+00      -1  -0.197E-02   20.00
 125   -62.0000    -300.000 0.1702   0.9839E-03  0.1691E-03 -0.9839E-03  0.0000E+00      -1  -0.197E-02   20.00
 126   -62.5000    -300.000 0.1702   0.9839E-03  0.1691E-03 -0.9839E-03  0.0000E+00      -1  -0.197E-02   20.00
 127   -63.0000    -300.000 0.1702   0.9839E-03  0.1691E-03 -0.9839E-03  0.0000E+00      -1  -0.197E-02   20.00
 128   -63.5000    -300.000 0.1702   0.9839E-03  0.1691E-03 -0.9839E-03  0.0000E+00      -1  -0.197E-02   20.00
 129   -64.0000    -300.000 0.1702   0.9839E-03  0.1691E-03 -0.9839E-03  0.0000E+00      -1  -0.197E-02   20.00
 130   -64.5000    -300.000 0.1702   0.9839E-03  0.1691E-03 -0.9839E-03  0.0000E+00      -1  -0.197E-02   20.00
 131   -65.0000    -300.000 0.1702   0.9839E-03  0.1691E-03 -0.9839E-03  0.0000E+00      -1  -0.197E-02   20.00
 132   -65.5000    -300.000 0.1702   0.9839E-03  0.1691E-03 -0.9839E-03  0.0000E+00      -1  -0.197E-02   20.00
 133   -66.0000    -300.000 0.1702   0.9839E-03  0.1691E-03 -0.9839E-03  0.0000E+00      -1  -0.197E-02   20.00
 134   -66.5000    -300.000 0.1702   0.9839E-03  0.1691E-03 -0.9839E-03  0.0000E+00      -1  -0.197E-02   20.00
 135   -67.0000    -300.000 0.1702   0.9839E-03  0.1691E-03 -0.9839E-03  0.0000E+00      -1  -0.197E-02   20.00
 136   -67.5000    -300.000 0.1702   0.9839E-03  0.1691E-03 -0.9839E-03  0.0000E+00      -1  -0.197E-02   20.00
 137   -68.0000    -300.000 0.1702   0.9839E-03  0.1691E-03 -0.9839E-03  0.0000E+00      -1  -0.197E-02   20.00
 138   -68.5000    -300.000 0.1702   0.9839E-03  0.1691E-03 -0.9839E-03  0.0000E+00      -1  -0.197E-02   20.00
 139   -69.0000    -300.000 0.1702   0.9839E-03  0.1691E-03 -0.9839E-03  0.0000E+00      -1  -0.197E-02   20.00
 140   -69.5000    -300.000 0.1702   0.9839E-03  0.1691E-03 -0.9839E-03  0.0000E+00      -1  -0.197E-02   20.00
 141   -70.0000    -300.000 0.1702   0.9839E-03  0.1691E-03 -0.9839E-03  0.0000E+00      -1  -0.197E-02   20.00
 142   -70.5000    -300.000 0.1702   0.9839E-03  0.1691E-03 -0.9839E-03  0.0000E+00      -1  -0.197E-02   20.00
 143   -71.0000    -300.000 0.1702   0.9839E-03  0.1691E-03 -0.9839E-03  0.0000E+00      -1  -0.197E-02   20.00
 144   -71.5000    -300.000 0.1702   0.9839E-03  0.1691E-03 -0.9839E-03  0.0000E+00      -1  -0.197E-02   20.00
 145   -72.0000    -300.000 0.1702   0.9839E-03  0.1691E-03 -0.9839E-03  0.0000E+00      -1  -0.197E-02   20.00
 146   -72.5000    -300.000 0.1702   0.9839E-03  0.1691E-03 -0.9839E-03  0.0000E+00      -1  -0.197E-02   20.00
 147   -73.0000    -300.000 0.1702   0.9839E-03  0.1691E-03 -0.9839E-03  0.0000E+00      -1  -0.197E-02   20.00
 148   -73.5000    -300.000 0.1702   0.9839E-03  0.1691E-03 -0.9839E-03  0.0000E+00      -1  -0.197E-02   20.00
 149   -74.0000    -300.000 0.1702   0.9839E-03  0.1691E-03 -0.9839E-03  0.0000E+00      -1  -0.197E-02   20.00
 150   -74.5000    -300.000 0.1702   0.9839E-03  0.1691E-03 -0.9839E-03  0.0000E+00      -1  -0.197E-02   20.00
 151   -75.0000    -300.000 0.1702   0.9839E-03  0.1691E-03 -0.9839E-03  0.0000E+00      -1  -0.197E-02   20.00
 152   -75.5000    -300.000 0.1702   0.9839E-03  0.1691E-03 -0.9839E-03  0.0000E+00      -1  -0.197E-02   20.00
 153   -76.0000    -300.000 0.1702   0.9839E-03  0.1691E-03 -0.9839E-03  0.0000E+00      -1  -0.197E-02   20.00
 154   -76.5000    -300.000 0.1702   0.9839E-03  0.1691E-03 -0.9839E-03  0.0000E+00      -1  -0.197E-02   20.00
 155   -77.0000    -300.000 0.1702   0.9839E-03  0.1691E-03 -0.9839E-03  0.0000E+00      -1  -0.197E-02   20.00
 156   -77.5000    -300.000 0.1702   0.9839E-03  0.1691E-03 -0.9839E-03  0.0000E+00      -1  -0.197E-02   20.00
 157   -78.0000    -300.000 0.1702   0.9839E-03  0.1691E-03 -0.9839E-03  0.0000E+00      -1  -0.197E-02   20.00
 158   -78.5000    -300.000 0.1702   0.9839E-03  0.1691E-03 -0.9839E-03  0.0000E+00      -1  -0.197E-02   20.00
 159   -79.0000    -300.000 0.1702   0.9839E-03  0.1691E-03 -0.9839E-03  0.0000E+00      -1  -0.197E-02   20.00
 160   -79.5000    -300.000 0.1702   0.9839E-03  0.1691E-03 -0.9839E-03  0.0000E+00      -1  -0.197E-02   20.00
 161   -80.0000    -300.000 0.1702   0.9839E-03  0.1691E-03 -0.9839E-03  0.0000E+00      -1  -0.197E-02   20.00
 162   -80.5000    -300.000 0.1702   0.9839E-03  0.1691E-03 -0.9839E-03  0.0000E+00      -1  -0.197E-02   20.00
 163   -81.0000    -300.000 0.1702   0.9839E-03  0.1691E-03 -0.9839E-03  0.0000E+00      -1  -0.197E-02   20.00
 164   -81.5000    -300.000 0.1702   0.9839E-03  0.1691E-03 -0.9839E-03  0.0000E+00      -1  -0.197E-02   20.00
 165   -82.0000    -300.000 0.1702   0.9839E-03  0.1691E-03 -0.9839E-03  0.0000E+00      -1  -0.197E-02   20.00
 166   -82.5000    -300.000 0.1702   0.9839E-03  0.1691E-03 -0.9839E-03  0.0000E+00      -1  -0.197E-02   20.00
 167   -83.0000    -300.000 0.1702   0.9839E-03  0.1691E-03 -0.9839E-03  0.0000E+00      -1  -0.197E-02   20.00
 168   -83.5000    -300.000 0.1702   0.9839E-03  0.1691E-03 -0.9839E-03  0.0000E+00      -1  -0.197E-02   20.00
 169   -84.0000    -300.000 0.1702   0.9839E-03  0.1691E-03 -0.9839E-03  0.0000E+00      -1  -0.197E-02   20.00
 170   -84.5000    -300.000 0.1702   0.9839E-03  0.1691E-03 -0.9839E-03  0.0000E+00      -1  -0.197E-02   20.00
 171   -85.0000    -300.000 0.1702   0.9839E-03  0.1691E-03 -0.9839E-03  0.0000E+00      -1  -0.197E-02   20.00
 172   -85.5000    -300.000 0.1702   0.9839E-03  0.1691E-03 -0.9839E-03  0.0000E+00      -1  -0.197E-02   20.00
 173   -86.0000    -300.000 0.1702   0.9839E-03  0.1691E-03 -0.9839E-03  0.0000E+00      -1  -0.197E-02   20.00
 174   -86.5000    -300.000 0.1702   0.9839E-03  0.1691E-03 -0.9839E-03  0.0000E+00      -1  -0.197E-02   20.00
 175   -87.0000    -300.000 0.1702   0.9839E-03  0.1691E-03 -0.9839E-03  0.0000E+00      -1  -0.197E-02   20.00
 176   -87.5000    -300.000 0.1702   0.9839E-03  0.1691E-03 -0.9839E-03  0.0000E+00      -1  -0.197E-02   20.00
 177   -88.0000    -300.000 0.1702   0.9839E-03  0.1691E-03 -0.9839E-03  0.0000E+00      -1  -0.197E-02   20.00
 178   -88.5000    -300.000 0.1702   0.9839E-03  0.1691E-03 -0.9839E-03  0.0000E+00      -1  -0.197E-02   20.00
 179   -89.0000    -300.000 0.1702   0.9839E-03  0.1691E-03 -0.9839E-03  0.0000E+00      -1  -0.197E-02   20.00
 180   -89.5000    -300.000 0.1702   0.9839E-03  0.1691E-03 -0.9839E-03  0.0000E+00      -1  -0.197E-02   20.00
 181   -90.0000    -300.000 0.1702   0.9839E-03  0.1691E-03 -0.9839E-03  0.0000E+00      -1  -0.197E-02   20.00
 182   -90.5000    -300.000 0.1702   0.9839E-03  0.1691E-03 -0.9839E-03  0.0000E+00      -1  -0.197E-02   20.00
 183   -91.0000    -300.000 0.1702   0.9839E-03  0.1691E-03 -0.9839E-03  0.0000E+00      -1  -0.197E-02   20.00
 184   -91.5000    -300.000 0.1702   0.9839E-03  0.1691E-03 -0.9839E-03  0.0000E+00      -1  -0.197E-02   20.00
 185   -92.0000    -300.000 0.1702   0.9839E-03  0.1691E-03 -0.9839E-03  0.0000E+00      -1  -0.197E-02   20.00
 186   -92.5000    -300.000 0.1702   0.9839E-03  0.1691E-03 -0.9839E-03  0.0000E+00      -1  -0.197E-02   20.00
 187   -93.0000    -300.000 0.1702   0.9839E-03  0.1691E-03 -0.9839E-03  0.0000E+00      -1  -0.197E-02   20.00
 188   -93.5000    -300.000 0.1702   0.9839E-03  0.1691E-03 -0.9839E-03  0.0000E+00      -1  -0.197E-02   20.00
 189   -94.0000    -300.000 0.1702   0.9839E-03  0.1691E-03 -0.9839E-03  0.0000E+00      -1  -0.197E-02   20.00
 190   -94.5000    -300.000 0.1702   0.9839E-03  0.1691E-03 -0.9839E-03  0.0000E+00      -1  -0.197E-02   20.00
 191   -95.0000    -300.000 0.1702   0.9839E-03  0.1691E-03 -0.9839E-03  0.0000E+00      -1  -0.197E-02   20.00
 192   -95.5000    -300.000 0.1702   0.9839E-03  0.1691E-03 -0.9839E-03  0.0000E+00      -1  -0.197E-02   20.00
 193   -96.0000    -300.000 0.1702   0.9839E-03  0.1691E-03 -0.9839E-03  0.0000E+00      -1  -0.197E-02   20.00
 194   -96.5000    -300.000 0.1702   0.9839E-03  0.1691E-03 -0.9839E-03  0.0000E+00      -1  -0.197E-02   20.00
 195   -97.0000    -300.000 0.1702   0.9839E-03  0.1691E-03 -0.9839E-03  0.0000E+00      -1  -0.197E-02   20.00
 196   -97.5000    -300.000 0.1702   0.9839E-03  0.1691E-03 -0.9839E-03  0.0000E+00      -1  -0.197E-02   20.00
 197   -98.0000    -300.000 0.1702   0.9839E-03  0.1691E-03 -0.9839E-03  0.0000E+00      -1  -0.197E-02   20.00
 198   -98.5000    -300.000 0.1702   0.9839E-03  0.1691E-03 -0.9839E-03  0.0000E+00      -1  -0.197E-02   20.00
 199   -99.0000    -300.000 0.1702   0.9839E-03  0.1691E-03 -0.9839E-03  0.0000E+00      -1  -0.197E-02   20.00
 200   -99.5000    -300.000 0.1702   0.9839E-03  0.1691E-03 -0.9839E-03  0.0000E+00      -1  -0.197E-02   20.00
 201  -100.0000    -300.000 0.1702   0.9839E-03  0.1691E-03 -0.9839E-03  0.0000E+00      -1  -0.197E-02   20.00
end


 Time:        0.9500


 Node      Depth      Head Moisture       K          C         Flux        Sink         Kappa   v/KsTop   Temp
           [L]        [L]    [-]        [L/T]      [1/L]      [L/T]        [1/T]         [-]      [-]      [C]

   1     0.0000     -47.206 0.3077   0.6065E-02  0.1897E-02 -0.3930E-06  0.0000E+00      -1  -0.786E-06   20.00
   2    -0.5000     -48.265 0.3058   0.5749E-02  0.1860E-02 -0.3524E-01  0.0000E+00      -1  -0.705E-01   20.00
   3    -1.0000     -52.726 0.2983   0.4748E-02  0.1721E-02 -0.6683E-01  0.0000E+00      -1  -0.134E+00   20.00
   4    -1.5000     -52.561 0.2986   0.2388E+00  0.1726E-02 -0.9622E-01  0.0000E+00      -1  -0.192E+00   20.00
   5    -2.0000     -52.291 0.2990   0.2419E+00  0.1734E-02 -0.1254E+00  0.0000E+00      -1  -0.251E+00   20.00
   6    -2.5000     -52.079 0.2994   0.2442E+00  0.1741E-02 -0.1545E+00  0.0000E+00      -1  -0.309E+00   20.00
   7    -3.0000     -51.924 0.2996   0.2460E+00  0.1746E-02 -0.1833E+00  0.0000E+00      -1  -0.367E+00   20.00
   8    -3.5000     -51.825 0.2998   0.2471E+00  0.1749E-02 -0.2120E+00  0.0000E+00      -1  -0.424E+00   20.00
   9    -4.0000     -51.782 0.2999   0.2476E+00  0.1750E-02 -0.2403E+00  0.0000E+00      -1  -0.481E+00   20.00
  10    -4.5000     -51.796 0.2999   0.2474E+00  0.1750E-02 -0.2683E+00  0.0000E+00      -1  -0.537E+00   20.00
  11    -5.0000     -51.868 0.2997   0.2466E+00  0.1748E-02 -0.2960E+00  0.0000E+00      -1  -0.592E+00   20.00
  12    -5.5000     -51.997 0.2995   0.2452E+00  0.1744E-02 -0.3233E+00  0.0000E+00      -1  -0.647E+00   20.00
  13    -6.0000     -52.187 0.2992   0.2430E+00  0.1738E-02 -0.3501E+00  0.0000E+00      -1  -0.700E+00   20.00
  14    -6.5000     -52.439 0.2988   0.2402E+00  0.1730E-02 -0.3765E+00  0.0000E+00      -1  -0.753E+00   20.00
  15    -7.0000     -52.756 0.2982   0.2367E+00  0.1720E-02 -0.4023E+00  0.0000E+00      -1  -0.805E+00   20.00
  16    -7.5000     -53.141 0.2976   0.2323E+00  0.1708E-02 -0.4275E+00  0.0000E+00      -1  -0.855E+00   20.00
  17    -8.0000     -53.599 0.2968   0.2272E+00  0.1693E-02 -0.4522E+00  0.0000E+00      -1  -0.904E+00   20.00
  18    -8.5000     -54.134 0.2959   0.2212E+00  0.1677E-02 -0.4761E+00  0.0000E+00      -1  -0.952E+00   20.00
  19    -9.0000     -54.754 0.2949   0.2143E+00  0.1657E-02 -0.4994E+00  0.0000E+00      -1  -0.999E+00   20.00
  20    -9.5000     -55.469 0.2937   0.2063E+00  0.1635E-02 -0.5219E+00  0.0000E+00      -1  -0.104E+01   20.00
  21   -10.0000     -56.290 0.2923   0.1971E+00  0.1609E-02 -0.5437E+00  0.0000E+00      -1  -0.109E+01   20.00
  22   -10.5000     -57.236 0.2907   0.1865E+00  0.1579E-02 -0.5647E+00  0.0000E+00      -1  -0.113E+01   20.00
  23   -11.0000     -58.330 0.2889   0.1742E+00  0.1545E-02 -0.5848E+00  0.0000E+00      -1  -0.117E+01   20.00
  24   -11.5000     -59.609 0.2867   0.1599E+00  0.1505E-02 -0.6042E+00  0.0000E+00      -1  -0.121E+01   20.00
  25   -12.0000     -61.086 0.2847   0.1505E+00  0.1469E-02 -0.6206E+00  0.0000E+00      -1  -0.124E+01   20.00
  26   -12.5000     -62.727 0.2825   0.1425E+00  0.1433E-02 -0.6333E+00  0.0000E+00      -1  -0.127E+01   20.00
  27   -13.0000     -64.542 0.2801   0.1337E+00  0.1393E-02 -0.6441E+00  0.0000E+00      -1  -0.129E+01   20.00
  28   -13.5000     -66.563 0.2775   0.1238E+00  0.1349E-02 -0.6527E+00  0.0000E+00      -1  -0.131E+01   20.00
  29   -14.0000     -68.839 0.2745   0.1127E+00  0.1298E-02 -0.6587E+00  0.0000E+00      -1  -0.132E+01   20.00
  30   -14.5000     -71.448 0.2711   0.9991E-01  0.1241E-02 -0.6617E+00  0.0000E+00      -1  -0.132E+01   20.00
  31   -15.0000     -74.534 0.2671   0.8484E-01  0.1173E-02 -0.6610E+00  0.0000E+00      -1  -0.132E+01   20.00
  32   -15.5000     -78.180 0.2631   0.7426E-01  0.1111E-02 -0.6566E+00  0.0000E+00      -1  -0.131E+01   20.00
  33   -16.0000     -82.346 0.2589   0.6580E-01  0.1051E-02 -0.6481E+00  0.0000E+00      -1  -0.130E+01   20.00
  34   -16.5000     -87.117 0.2542   0.5612E-01  0.9812E-03 -0.6341E+00  0.0000E+00      -1  -0.127E+01   20.00
  35   -17.0000     -92.832 0.2485   0.4452E-01  0.8981E-03 -0.6121E+00  0.0000E+00      -1  -0.122E+01   20.00
  36   -17.5000     -99.799 0.2427   0.3567E-01  0.8202E-03 -0.5845E+00  0.0000E+00      -1  -0.117E+01   20.00
  37   -18.0000    -108.130 0.2366   0.2891E-01  0.7440E-03 -0.5517E+00  0.0000E+00      -1  -0.110E+01   20.00
  38   -18.5000    -118.398 0.2290   0.2059E-01  0.6503E-03 -0.5076E+00  0.0000E+00      -1  -0.102E+01   20.00
  39   -19.0000    -131.256 0.2217   0.1551E-01  0.5716E-03 -0.4556E+00  0.0000E+00      -1  -0.911E+00   20.00
  40   -19.5000    -147.282 0.2131   0.1045E-01  0.4827E-03 -0.3931E+00  0.0000E+00      -1  -0.786E+00   20.00
  41   -20.0000    -167.073 0.2048   0.7154E-02  0.4072E-03 -0.3187E+00  0.0000E+00      -1  -0.637E+00   20.00
  42   -20.5000    -191.070 0.1956   0.4283E-02  0.3289E-03 -0.2448E+00  0.0000E+00      -1  -0.490E+00   20.00
  43   -21.0000    -219.516 0.1876   0.2951E-02  0.2741E-03 -0.1713E+00  0.0000E+00      -1  -0.343E+00   20.00
  44   -21.5000    -246.659 0.1806   0.1865E-02  0.2265E-03 -0.1069E+00  0.0000E+00      -1  -0.214E+00   20.00
  45   -22.0000    -270.285 0.1760   0.1474E-02  0.2010E-03 -0.6157E-01  0.0000E+00      -1  -0.123E+00   20.00
  46   -22.5000    -285.579 0.1730   0.1222E-02  0.1846E-03 -0.3132E-01  0.0000E+00      -1  -0.626E-01   20.00
  47   -23.0000    -293.774 0.1714   0.1086E-02  0.1758E-03 -0.1451E-01  0.0000E+00      -1  -0.290E-01   20.00
  48   -23.5000    -297.517 0.1707   0.1025E-02  0.1718E-03 -0.6544E-02  0.0000E+00      -1  -0.131E-01   20.00
  49   -24.0000    -299.057 0.1704   0.9994E-03  0.1701E-03 -0.3154E-02  0.0000E+00      -1  -0.631E-02   20.00
  50   -24.5000    -299.653 0.1703   0.9896E-03  0.1695E-03 -0.1803E-02  0.0000E+00      -1  -0.361E-02   20.00
  51   -25.0000    -299.875 0.1702   0.9860E-03  0.1692E-03 -0.1286E-02  0.0000E+00      -1  -0.257E-02   20.00
  52   -25.5000    -299.956 0.1702   0.9846E-03  0.1691E-03 -0.1093E-02  0.0000E+00      -1  -0.219E-02   20.00
  53   -26.0000    -299.985 0.1702   0.9842E-03  0.1691E-03 -0.1022E-02  0.0000E+00      -1  -0.204E-02   20.00
  54   -26.5000    -299.995 0.1702   0.9840E-03  0.1691E-03 -0.9973E-03  0.0000E+00      -1  -0.199E-02   20.00
  55   -27.0000    -299.998 0.1702   0.9839E-03  0.1691E-03 -0.9885E-03  0.0000E+00      -1  -0.198E-02   20.00
  56   -27.5000    -299.999 0.1702   0.9839E-03  0.1691E-03 -0.9855E-03  0.0000E+00      -1  -0.197E-02   20.00
  57   -28.0000    -300.000 0.1702   0.9839E-03  0.1691E-03 -0.9844E-03  0.0000E+00      -1  -0.197E-02   20.00
  58   -28.5000    -300.000 0.1702   0.9839E-03  0.1691E-03 -0.9841E-03  0.0000E+00      -1  -0.197E-02   20.00
  59   -29.0000    -300.000 0.1702   0.9839E-03  0.1691E-03 -0.9839E-03  0.0000E+00      -1  -0.197E-02   20.00
  60   -29.5000    -300.000 0.1702   0.9839E-03  0.1691E-03 -0.9839E-03  0.0000E+00      -1  -0.197E-02   20.00
  61   -30.0000    -300.000 0.1702   0.9839E-03  0.1691E-03 -0.9839E-03  0.0000E+00      -1  -0.197E-02   20.00
  62   -30.5000    -300.000 0.1702   0.9839E-03  0.1691E-03 -0.9839E-03  0.0000E+00      -1  -0.197E-02   20.00
  63   -31.0000    -300.000 0.1702   0.9839E-03  0.1691E-03 -0.9839E-03  0.0000E+00      -1  -0.197E-02   20.00
  64   -31.5000    -300.000 0.1702   0.9839E-03  0.1691E-03 -0.9839E-03  0.0000E+00      -1  -0.197E-02   20.00
  65   -32.0000    -300.000 0.1702   0.9839E-03  0.1691E-03 -0.9839E-03  0.0000E+00      -1  -0.197E-02   20.00
  66   -32.5000    -300.000 0.1702   0.9839E-03  0.1691E-03 -0.9839E-03  0.0000E+00      -1  -0.197E-02   20.00
  67   -33.0000    -300.000 0.1702   0.9839E-03  0.1691E-03 -0.9839E-03  0.0000E+00      -1  -0.197E-02   20.00
  68   -33.5000    -300.000 0.1702   0.9839E-03  0.1691E-03 -0.9839E-03  0.0000E+00      -1  -0.197E-02   20.00
  69   -34.0000    -300.000 0.1702   0.9839E-03  0.1691E-03 -0.9839E-03  0.0000E+00      -1  -0.197E-02   20.00
  70   -34.5000    -300.000 0.1702   0.9839E-03  0.1691E-03 -0.9839E-03  0.0000E+00      -1  -0.197E-02   20.00
  71   -35.0000    -300.000 0.1702   0.9839E-03  0.1691E-03 -0.9839E-03  0.0000E+00      -1  -0.197E-02   20.00
  72   -35.5000    -300.000 0.1702   0.9839E-03  0.1691E-03 -0.9839E-03  0.0000E+00      -1  -0.197E-02   20.00
  73   -36.0000    -300.000 0.1702   0.9839E-03  0.1691E-03 -0.9839E-03  0.0000E+00      -1  -0.197E-02   20.00
  74   -36.5000    -300.000 0.1702   0.9839E-03  0.1691E-03 -0.9839E-03  0.0000E+00      -1  -0.197E-02   20.00
  75   -37.0000    -300.000 0.1702   0.9839E-03  0.1691E-03 -0.9839E-03  0.0000E+00      -1  -0.197E-02   20.00
  76   -37.5000    -300.000 0.1702   0.9839E-03  0.1691E-03 -0.9839E-03  0.0000E+00      -1  -0.197E-02   20.00
  77   -38.0000    -300.000 0.1702   0.9839E-03  0.1691E-03 -0.9839E-03  0.0000E+00      -1  -0.197E-02   20.00
  78   -38.5000    -300.000 0.1702   0.9839E-03  0.1691E-03 -0.9839E-03  0.0000E+00      -1  -0.197E-02   20.00
  79   -39.0000    -300.000 0.1702   0.9839E-03  0.1691E-03 -0.9839E-03  0.0000E+00      -1  -0.197E-02   20.00
  80   -39.5000    -300.000 0.1702   0.9839E-03  0.1691E-03 -0.9839E-03  0.0000E+00      -1  -0.197E-02   20.00
  81   -40.0000    -300.000 0.1702   0.9839E-03  0.1691E-03 -0.9839E-03  0.0000E+00      -1  -0.197E-02   20.00
  82   -40.5000    -300.000 0.1702   0.9839E-03  0.1691E-03 -0.9839E-03  0.0000E+00      -1  -0.197E-02   20.00
  83   -41.0000    -300.000 0.1702   0.9839E-03  0.1691E-03 -0.9839E-03  0.0000E+00      -1  -0.197E-02   20.00
  84   -41.5000    -300.000 0.1702   0.9839E-03  0.1691E-03 -0.9839E-03  0.0000E+00      -1  -0.197E-02   20.00
  85   -42.0000    -300.000 0.1702   0.9839E-03  0.1691E-03 -0.9839E-03  0.0000E+00      -1  -0.197E-02   20.00
  86   -42.5000    -300.000 0.1702   0.9839E-03  0.1691E-03 -0.9839E-03  0.0000E+00      -1  -0.197E-02   20.00
  87   -43.0000    -300.000 0.1702   0.9839E-03  0.1691E-03 -0.9839E-03  0.0000E+00      -1  -0.197E-02   20.00
  88   -43.5000    -300.000 0.1702   0.9839E-03  0.1691E-03 -0.9839E-03  0.0000E+00      -1  -0.197E-02   20.00
  89   -44.0000    -300.000 0.1702   0.9839E-03  0.1691E-03 -0.9839E-03  0.0000E+00      -1  -0.197E-02   20.00
  90   -44.5000    -300.000 0.1702   0.9839E-03  0.1691E-03 -0.9839E-03  0.0000E+00      -1  -0.197E-02   20.00
  91   -45.0000    -300.000 0.1702   0.9839E-03  0.1691E-03 -0.9839E-03  0.0000E+00      -1  -0.197E-02   20.00
  92   -45.5000    -300.000 0.1702   0.9839E-03  0.1691E-03 -0.9839E-03  0.0000E+00      -1  -0.197E-02   20.00
  93   -46.0000    -300.000 0.1702   0.9839E-03  0.1691E-03 -0.9839E-03  0.0000E+00      -1  -0.197E-02   20.00
  94   -46.5000    -300.000 0.1702   0.9839E-03  0.1691E-03 -0.9839E-03  0.0000E+00      -1  -0.197E-02   20.00
  95   -47.0000    -300.000 0.1702   0.9839E-03  0.1691E-03 -0.9839E-03  0.0000E+00      -1  -0.197E-02   20.00
  96   -47.5000    -300.000 0.1702   0.9839E-03  0.1691E-03 -0.9839E-03  0.0000E+00      -1  -0.197E-02   20.00
  97   -48.0000    -300.000 0.1702   0.9839E-03  0.1691E-03 -0.9839E-03  0.0000E+00      -1  -0.197E-02   20.00
  98   -48.5000    -300.000 0.1702   0.9839E-03  0.1691E-03 -0.9839E-03  0.0000E+00      -1  -0.197E-02   20.00
  99   -49.0000    -300.000 0.1702   0.9839E-03  0.1691E-03 -0.9839E-03  0.0000E+00      -1  -0.197E-02   20.00
 100   -49.5000    -300.000 0.1702   0.9839E-03  0.1691E-03 -0.9839E-03  0.0000E+00      -1  -0.197E-02   20.00
 101   -50.0000    -300.000 0.1702   0.9839E-03  0.1691E-03 -0.9839E-03  0.0000E+00      -1  -0.197E-02   20.00
 102   -50.5000    -300.000 0.1702   0.9839E-03  0.1691E-03 -0.9839E-03  0.0000E+00      -1  -0.197E-02   20.00
 103   -51.0000    -300.000 0.1702   0.9839E-03  0.1691E-03 -0.9839E-03  0.0000E+00      -1  -0.197E-02   20.00
 104   -51.5000    -300.000 0.1702   0.9839E-03  0.1691E-03 -0.9839E-03  0.0000E+00      -1  -0.197E-02   20.00
 105   -52.0000    -300.000 0.1702   0.9839E-03  0.1691E-03 -0.9839E-03  0.0000E+00      -1  -0.197E-02   20.00
 106   -52.5000    -300.000 0.1702   0.9839E-03  0.1691E-03 -0.9839E-03  0.0000E+00      -1  -0.197E-02   20.00
 107   -53.0000    -300.000 0.1702   0.9839E-03  0.1691E-03 -0.9839E-03  0.0000E+00      -1  -0.197E-02   20.00
 108   -53.5000    -300.000 0.1702   0.9839E-03  0.1691E-03 -0.9839E-03  0.0000E+00      -1  -0.197E-02   20.00
 109   -54.0000    -300.000 0.1702   0.9839E-03  0.1691E-03 -0.9839E-03  0.0000E+00      -1  -0.197E-02   20.00
 110   -54.5000    -300.000 0.1702   0.9839E-03  0.1691E-03 -0.9839E-03  0.0000E+00      -1  -0.197E-02   20.00
 111   -55.0000    -300.000 0.1702   0.9839E-03  0.1691E-03 -0.9839E-03  0.0000E+00      -1  -0.197E-02   20.00
 112   -55.5000    -300.000 0.1702   0.9839E-03  0.1691E-03 -0.9839E-03  0.0000E+00      -1  -0.197E-02   20.00
 113   -56.0000    -300.000 0.1702   0.9839E-03  0.1691E-03 -0.9839E-03  0.0000E+00      -1  -0.197E-02   20.00
 114   -56.5000    -300.000 0.1702   0.9839E-03  0.1691E-03 -0.9839E-03  0.0000E+00      -1  -0.197E-02   20.00
 115   -57.0000    -300.000 0.1702   0.9839E-03  0.1691E-03 -0.9839E-03  0.0000E+00      -1  -0.197E-02   20.00
 116   -57.5000    -300.000 0.1702   0.9839E-03  0.1691E-03 -0.9839E-03  0.0000E+00      -1  -0.197E-02   20.00
 117   -58.0000    -300.000 0.1702   0.9839E-03  0.1691E-03 -0.9839E-03  0.0000E+00      -1  -0.197E-02   20.00
 118   -58.5000    -300.000 0.1702   0.9839E-03  0.1691E-03 -0.9839E-03  0.0000E+00      -1  -0.197E-02   20.00
 119   -59.0000    -300.000 0.1702   0.9839E-03  0.1691E-03 -0.9839E-03  0.0000E+00      -1  -0.197E-02   20.00
 120   -59.5000    -300.000 0.1702   0.9839E-03  0.1691E-03 -0.9839E-03  0.0000E+00      -1  -0.197E-02   20.00
 121   -60.0000    -300.000 0.1702   0.9839E-03  0.1691E-03 -0.9839E-03  0.0000E+00      -1  -0.197E-02   20.00
 122   -60.5000    -300.000 0.1702   0.9839E-03  0.1691E-03 -0.9839E-03  0.0000E+00      -1  -0.197E-02   20.00
 123   -61.0000    -300.000 0.1702   0.9839E-03  0.1691E-03 -0.9839E-03  0.0000E+00      -1  -0.197E-02   20.00
 124   -61.5000    -300.000 0.1702   0.9839E-03  0.1691E-03 -0.9839E-03  0.0000E+00      -1  -0.197E-02   20.00
 125   -62.0000    -300.000 0.1702   0.9839E-03  0.1691E-03 -0.9839E-03  0.0000E+00      -1  -0.197E-02   20.00
 126   -62.5000    -300.000 0.1702   0.9839E-03  0.1691E-03 -0.9839E-03  0.0000E+00      -1  -0.197E-02   20.00
 127   -63.0000    -300.000 0.1702   0.9839E-03  0.1691E-03 -0.9839E-03  0.0000E+00      -1  -0.197E-02   20.00
 128   -63.5000    -300.000 0.1702   0.9839E-03  0.1691E-03 -0.9839E-03  0.0000E+00      -1  -0.197E-02   20.00
 129   -64.0000    -300.000 0.1702   0.9839E-03  0.1691E-03 -0.9839E-03  0.0000E+00      -1  -0.197E-02   20.00
 130   -64.5000    -300.000 0.1702   0.9839E-03  0.1691E-03 -0.9839E-03  0.0000E+00      -1  -0.197E-02   20.00
 131   -65.0000    -300.000 0.1702   0.9839E-03  0.1691E-03 -0.9839E-03  0.0000E+00      -1  -0.197E-02   20.00
 132   -65.5000    -300.000 0.1702   0.9839E-03  0.1691E-03 -0.9839E-03  0.0000E+00      -1  -0.197E-02   20.00
 133   -66.0000    -300.000 0.1702   0.9839E-03  0.1691E-03 -0.9839E-03  0.0000E+00      -1  -0.197E-02   20.00
 134   -66.5000    -300.000 0.1702   0.9839E-03  0.1691E-03 -0.9839E-03  0.0000E+00      -1  -0.197E-02   20.00
 135   -67.0000    -300.000 0.1702   0.9839E-03  0.1691E-03 -0.9839E-03  0.0000E+00      -1  -0.197E-02   20.00
 136   -67.5000    -300.000 0.1702   0.9839E-03  0.1691E-03 -0.9839E-03  0.0000E+00      -1  -0.197E-02   20.00
 137   -68.0000    -300.000 0.1702   0.9839E-03  0.1691E-03 -0.9839E-03  0.0000E+00      -1  -0.197E-02   20.00
 138   -68.5000    -300.000 0.1702   0.9839E-03  0.1691E-03 -0.9839E-03  0.0000E+00      -1  -0.197E-02   20.00
 139   -69.0000    -300.000 0.1702   0.9839E-03  0.1691E-03 -0.9839E-03  0.0000E+00      -1  -0.197E-02   20.00
 140   -69.5000    -300.000 0.1702   0.9839E-03  0.1691E-03 -0.9839E-03  0.0000E+00      -1  -0.197E-02   20.00
 141   -70.0000    -300.000 0.1702   0.9839E-03  0.1691E-03 -0.9839E-03  0.0000E+00      -1  -0.197E-02   20.00
 142   -70.5000    -300.000 0.1702   0.9839E-03  0.1691E-03 -0.9839E-03  0.0000E+00      -1  -0.197E-02   20.00
 143   -71.0000    -300.000 0.1702   0.9839E-03  0.1691E-03 -0.9839E-03  0.0000E+00      -1  -0.197E-02   20.00
 144   -71.5000    -300.000 0.1702   0.9839E-03  0.1691E-03 -0.9839E-03  0.0000E+00      -1  -0.197E-02   20.00
 145   -72.0000    -300.000 0.1702   0.9839E-03  0.1691E-03 -0.9839E-03  0.0000E+00      -1  -0.197E-02   20.00
 146   -72.5000    -300.000 0.1702   0.9839E-03  0.1691E-03 -0.9839E-03  0.0000E+00      -1  -0.197E-02   20.00
 147   -73.0000    -300.000 0.1702   0.9839E-03  0.1691E-03 -0.9839E-03  0.0000E+00      -1  -0.197E-02   20.00
 148   -73.5000    -300.000 0.1702   0.9839E-03  0.1691E-03 -0.9839E-03  0.0000E+00      -1  -0.197E-02   20.00
 149   -74.0000    -300.000 0.1702   0.9839E-03  0.1691E-03 -0.9839E-03  0.0000E+00      -1  -0.197E-02   20.00
 150   -74.5000    -300.000 0.1702   0.9839E-03  0.1691E-03 -0.9839E-03  0.0000E+00      -1  -0.197E-02   20.00
 151   -75.0000    -300.000 0.1702   0.9839E-03  0.1691E-03 -0.9839E-03  0.0000E+00      -1  -0.197E-02   20.00
 152   -75.5000    -300.000 0.1702   0.9839E-03  0.1691E-03 -0.9839E-03  0.0000E+00      -1  -0.197E-02   20.00
 153   -76.0000    -300.000 0.1702   0.9839E-03  0.1691E-03 -0.9839E-03  0.0000E+00      -1  -0.197E-02   20.00
 154   -76.5000    -300.000 0.1702   0.9839E-03  0.1691E-03 -0.9839E-03  0.0000E+00      -1  -0.197E-02   20.00
 155   -77.0000    -300.000 0.1702   0.9839E-03  0.1691E-03 -0.9839E-03  0.0000E+00      -1  -0.197E-02   20.00
 156   -77.5000    -300.000 0.1702   0.9839E-03  0.1691E-03 -0.9839E-03  0.0000E+00      -1  -0.197E-02   20.00
 157   -78.0000    -300.000 0.1702   0.9839E-03  0.1691E-03 -0.9839E-03  0.0000E+00      -1  -0.197E-02   20.00
 158   -78.5000    -300.000 0.1702   0.9839E-03  0.1691E-03 -0.9839E-03  0.0000E+00      -1  -0.197E-02   20.00
 159   -79.0000    -300.000 0.1702   0.9839E-03  0.1691E-03 -0.9839E-03  0.0000E+00      -1  -0.197E-02   20.00
 160   -79.5000    -300.000 0.1702   0.9839E-03  0.1691E-03 -0.9839E-03  0.0000E+00      -1  -0.197E-02   20.00
 161   -80.0000    -300.000 0.1702   0.9839E-03  0.1691E-03 -0.9839E-03  0.0000E+00      -1  -0.197E-02   20.00
 162   -80.5000    -300.000 0.1702   0.9839E-03  0.1691E-03 -0.9839E-03  0.0000E+00      -1  -0.197E-02   20.00
 163   -81.0000    -300.000 0.1702   0.9839E-03  0.1691E-03 -0.9839E-03  0.0000E+00      -1  -0.197E-02   20.00
 164   -81.5000    -300.000 0.1702   0.9839E-03  0.1691E-03 -0.9839E-03  0.0000E+00      -1  -0.197E-02   20.00
 165   -82.0000    -300.000 0.1702   0.9839E-03  0.1691E-03 -0.9839E-03  0.0000E+00      -1  -0.197E-02   20.00
 166   -82.5000    -300.000 0.1702   0.9839E-03  0.1691E-03 -0.9839E-03  0.0000E+00      -1  -0.197E-02   20.00
 167   -83.0000    -300.000 0.1702   0.9839E-03  0.1691E-03 -0.9839E-03  0.0000E+00      -1  -0.197E-02   20.00
 168   -83.5000    -300.000 0.1702   0.9839E-03  0.1691E-03 -0.9839E-03  0.0000E+00      -1  -0.197E-02   20.00
 169   -84.0000    -300.000 0.1702   0.9839E-03  0.1691E-03 -0.9839E-03  0.0000E+00      -1  -0.197E-02   20.00
 170   -84.5000    -300.000 0.1702   0.9839E-03  0.1691E-03 -0.9839E-03  0.0000E+00      -1  -0.197E-02   20.00
 171   -85.0000    -300.000 0.1702   0.9839E-03  0.1691E-03 -0.9839E-03  0.0000E+00      -1  -0.197E-02   20.00
 172   -85.5000    -300.000 0.1702   0.9839E-03  0.1691E-03 -0.9839E-03  0.0000E+00      -1  -0.197E-02   20.00
 173   -86.0000    -300.000 0.1702   0.9839E-03  0.1691E-03 -0.9839E-03  0.0000E+00      -1  -0.197E-02   20.00
 174   -86.5000    -300.000 0.1702   0.9839E-03  0.1691E-03 -0.9839E-03  0.0000E+00      -1  -0.197E-02   20.00
 175   -87.0000    -300.000 0.1702   0.9839E-03  0.1691E-03 -0.9839E-03  0.0000E+00      -1  -0.197E-02   20.00
 176   -87.5000    -300.000 0.1702   0.9839E-03  0.1691E-03 -0.9839E-03  0.0000E+00      -1  -0.197E-02   20.00
 177   -88.0000    -300.000 0.1702   0.9839E-03  0.1691E-03 -0.9839E-03  0.0000E+00      -1  -0.197E-02   20.00
 178   -88.5000    -300.000 0.1702   0.9839E-03  0.1691E-03 -0.9839E-03  0.0000E+00      -1  -0.197E-02   20.00
 179   -89.0000    -300.000 0.1702   0.9839E-03  0.1691E-03 -0.9839E-03  0.0000E+00      -1  -0.197E-02   20.00
 180   -89.5000    -300.000 0.1702   0.9839E-03  0.1691E-03 -0.9839E-03  0.0000E+00      -1  -0.197E-02   20.00
 181   -90.0000    -300.000 0.1702   0.9839E-03  0.1691E-03 -0.9839E-03  0.0000E+00      -1  -0.197E-02   20.00
 182   -90.5000    -300.000 0.1702   0.9839E-03  0.1691E-03 -0.9839E-03  0.0000E+00      -1  -0.197E-02   20.00
 183   -91.0000    -300.000 0.1702   0.9839E-03  0.1691E-03 -0.9839E-03  0.0000E+00      -1  -0.197E-02   20.00
 184   -91.5000    -300.000 0.1702   0.9839E-03  0.1691E-03 -0.9839E-03  0.0000E+00      -1  -0.197E-02   20.00
 185   -92.0000    -300.000 0.1702   0.9839E-03  0.1691E-03 -0.9839E-03  0.0000E+00      -1  -0.197E-02   20.00
 186   -92.5000    -300.000 0.1702   0.9839E-03  0.1691E-03 -0.9839E-03  0.0000E+00      -1  -0.197E-02   20.00
 187   -93.0000    -300.000 0.1702   0.9839E-03  0.1691E-03 -0.9839E-03  0.0000E+00      -1  -0.197E-02   20.00
 188   -93.5000    -300.000 0.1702   0.9839E-03  0.1691E-03 -0.9839E-03  0.0000E+00      -1  -0.197E-02   20.00
 189   -94.0000    -300.000 0.1702   0.9839E-03  0.1691E-03 -0.9839E-03  0.0000E+00      -1  -0.197E-02   20.00
 190   -94.5000    -300.000 0.1702   0.9839E-03  0.1691E-03 -0.9839E-03  0.0000E+00      -1  -0.197E-02   20.00
 191   -95.0000    -300.000 0.1702   0.9839E-03  0.1691E-03 -0.9839E-03  0.0000E+00      -1  -0.197E-02   20.00
 192   -95.5000    -300.000 0.1702   0.9839E-03  0.1691E-03 -0.9839E-03  0.0000E+00      -1  -0.197E-02   20.00
 193   -96.0000    -300.000 0.1702   0.9839E-03  0.1691E-03 -0.9839E-03  0.0000E+00      -1  -0.197E-02   20.00
 194   -96.5000    -300.000 0.1702   0.9839E-03  0.1691E-03 -0.9839E-03  0.0000E+00      -1  -0.197E-02   20.00
 195   -97.0000    -300.000 0.1702   0.9839E-03  0.1691E-03 -0.9839E-03  0.0000E+00      -1  -0.197E-02   20.00
 196   -97.5000    -300.000 0.1702   0.9839E-03  0.1691E-03 -0.9839E-03  0.0000E+00      -1  -0.197E-02   20.00
 197   -98.0000    -300.000 0.1702   0.9839E-03  0.1691E-03 -0.9839E-03  0.0000E+00      -1  -0.197E-02   20.00
 198   -98.5000    -300.000 0.1702   0.9839E-03  0.1691E-03 -0.9839E-03  0.0000E+00      -1  -0.197E-02   20.00
 199   -99.0000    -300.000 0.1702   0.9839E-03  0.1691E-03 -0.9839E-03  0.0000E+00      -1  -0.197E-02   20.00
 200   -99.5000    -300.000 0.1702   0.9839E-03  0.1691E-03 -0.9839E-03  0.0000E+00      -1  -0.197E-02   20.00
 201  -100.0000    -300.000 0.1702   0.9839E-03  0.1691E-03 -0.9839E-03  0.0000E+00      -1  -0.197E-02   20.00
end


 Time:        1.0000


 Node      Depth      Head Moisture       K          C         Flux        Sink         Kappa   v/KsTop   Temp
           [L]        [L]    [-]        [L/T]      [1/L]      [L/T]        [1/T]         [-]      [-]      [C]

   1     0.0000     -49.164 0.3043   0.5547E-02  0.1832E-02 -0.1173E-06  0.0000E+00      -1  -0.235E-06   20.00
   2    -0.5000     -50.131 0.3027   0.5330E-02  0.1802E-02 -0.3100E-01  0.0000E+00      -1  -0.620E-01   20.00
   3    -1.0000     -54.374 0.2955   0.4378E-02  0.1669E-02 -0.5931E-01  0.0000E+00      -1  -0.119E+00   20.00
   4    -1.5000     -54.197 0.2958   0.2205E+00  0.1675E-02 -0.8574E-01  0.0000E+00      -1  -0.171E+00   20.00
   5    -2.0000     -53.919 0.2963   0.2236E+00  0.1683E-02 -0.1120E+00  0.0000E+00      -1  -0.224E+00   20.00
   6    -2.5000     -53.698 0.2967   0.2261E+00  0.1690E-02 -0.1381E+00  0.0000E+00      -1  -0.276E+00   20.00
   7    -3.0000     -53.531 0.2969   0.2280E+00  0.1696E-02 -0.1641E+00  0.0000E+00      -1  -0.328E+00   20.00
   8    -3.5000     -53.418 0.2971   0.2293E+00  0.1699E-02 -0.1899E+00  0.0000E+00      -1  -0.380E+00   20.00
   9    -4.0000     -53.359 0.2972   0.2299E+00  0.1701E-02 -0.2154E+00  0.0000E+00      -1  -0.431E+00   20.00
  10    -4.5000     -53.355 0.2972   0.2300E+00  0.1701E-02 -0.2407E+00  0.0000E+00      -1  -0.481E+00   20.00
  11    -5.0000     -53.406 0.2972   0.2294E+00  0.1699E-02 -0.2656E+00  0.0000E+00      -1  -0.531E+00   20.00
  12    -5.5000     -53.514 0.2970   0.2282E+00  0.1696E-02 -0.2903E+00  0.0000E+00      -1  -0.581E+00   20.00
  13    -6.0000     -53.680 0.2967   0.2263E+00  0.1691E-02 -0.3146E+00  0.0000E+00      -1  -0.629E+00   20.00
  14    -6.5000     -53.905 0.2963   0.2238E+00  0.1684E-02 -0.3385E+00  0.0000E+00      -1  -0.677E+00   20.00
  15    -7.0000     -54.194 0.2958   0.2206E+00  0.1675E-02 -0.3620E+00  0.0000E+00      -1  -0.724E+00   20.00
  16    -7.5000     -54.548 0.2952   0.2166E+00  0.1664E-02 -0.3850E+00  0.0000E+00      -1  -0.770E+00   20.00
  17    -8.0000     -54.974 0.2945   0.2118E+00  0.1650E-02 -0.4076E+00  0.0000E+00      -1  -0.815E+00   20.00
  18    -8.5000     -55.476 0.2937   0.2062E+00  0.1635E-02 -0.4297E+00  0.0000E+00      -1  -0.859E+00   20.00
  19    -9.0000     -56.061 0.2927   0.1996E+00  0.1616E-02 -0.4514E+00  0.0000E+00      -1  -0.903E+00   20.00
  20    -9.5000     -56.741 0.2916   0.1920E+00  0.1595E-02 -0.4725E+00  0.0000E+00      -1  -0.945E+00   20.00
  21   -10.0000     -57.528 0.2902   0.1832E+00  0.1570E-02 -0.4932E+00  0.0000E+00      -1  -0.986E+00   20.00
  22   -10.5000     -58.441 0.2887   0.1730E+00  0.1542E-02 -0.5134E+00  0.0000E+00      -1  -0.103E+01   20.00
  23   -11.0000     -59.508 0.2869   0.1610E+00  0.1508E-02 -0.5331E+00  0.0000E+00      -1  -0.107E+01   20.00
  24   -11.5000     -60.742 0.2851   0.1522E+00  0.1477E-02 -0.5502E+00  0.0000E+00      -1  -0.110E+01   20.00
  25   -12.0000     -62.114 0.2833   0.1455E+00  0.1447E-02 -0.5641E+00  0.0000E+00      -1  -0.113E+01   20.00
  26   -12.5000     -63.626 0.2813   0.1381E+00  0.1413E-02 -0.5764E+00  0.0000E+00      -1  -0.115E+01   20.00
  27   -13.0000     -65.298 0.2792   0.1300E+00  0.1376E-02 -0.5872E+00  0.0000E+00      -1  -0.117E+01   20.00
  28   -13.5000     -67.158 0.2767   0.1209E+00  0.1335E-02 -0.5961E+00  0.0000E+00      -1  -0.119E+01   20.00
  29   -14.0000     -69.250 0.2740   0.1107E+00  0.1289E-02 -0.6030E+00  0.0000E+00      -1  -0.121E+01   20.00
  30   -14.5000     -71.641 0.2708   0.9897E-01  0.1237E-02 -0.6075E+00  0.0000E+00      -1  -0.121E+01   20.00
  31   -15.0000     -74.447 0.2672   0.8526E-01  0.1175E-02 -0.6089E+00  0.0000E+00      -1  -0.122E+01   20.00
  32   -15.5000     -77.742 0.2635   0.7515E-01  0.1118E-02 -0.6071E+00  0.0000E+00      -1  -0.121E+01   20.00
  33   -16.0000     -81.485 0.2598   0.6755E-01  0.1063E-02 -0.6018E+00  0.0000E+00      -1  -0.120E+01   20.00
  34   -16.5000     -85.712 0.2556   0.5897E-01  0.1002E-02 -0.5920E+00  0.0000E+00      -1  -0.118E+01   20.00
  35   -17.0000     -90.641 0.2507   0.4896E-01  0.9299E-03 -0.5762E+00  0.0000E+00      -1  -0.115E+01   20.00
  36   -17.5000     -96.639 0.2451   0.3823E-01  0.8490E-03 -0.5562E+00  0.0000E+00      -1  -0.111E+01   20.00
  37   -18.0000    -103.870 0.2397   0.3236E-01  0.7829E-03 -0.5314E+00  0.0000E+00      -1  -0.106E+01   20.00
  38   -18.5000    -112.306 0.2335   0.2551E-01  0.7057E-03 -0.4967E+00  0.0000E+00      -1  -0.993E+00   20.00
  39   -19.0000    -122.706 0.2263   0.1819E-01  0.6187E-03 -0.4556E+00  0.0000E+00      -1  -0.911E+00   20.00
  40   -19.5000    -135.676 0.2194   0.1410E-01  0.5469E-03 -0.4073E+00  0.0000E+00      -1  -0.815E+00   20.00
  41   -20.0000    -151.531 0.2109   0.9111E-02  0.4591E-03 -0.3516E+00  0.0000E+00      -1  -0.703E+00   20.00
  42   -20.5000    -171.606 0.2030   0.6613E-02  0.3925E-03 -0.2883E+00  0.0000E+00      -1  -0.577E+00   20.00
  43   -21.0000    -194.831 0.1944   0.4056E-02  0.3207E-03 -0.2221E+00  0.0000E+00      -1  -0.444E+00   20.00
  44   -21.5000    -222.062 0.1869   0.2836E-02  0.2692E-03 -0.1570E+00  0.0000E+00      -1  -0.314E+00   20.00
  45   -22.0000    -247.819 0.1803   0.1846E-02  0.2252E-03 -0.9947E-01  0.0000E+00      -1  -0.199E+00   20.00
  46   -22.5000    -270.199 0.1760   0.1476E-02  0.2011E-03 -0.5876E-01  0.0000E+00      -1  -0.118E+00   20.00
  47   -23.0000    -285.032 0.1731   0.1231E-02  0.1852E-03 -0.3092E-01  0.0000E+00      -1  -0.618E-01   20.00
  48   -23.5000    -293.275 0.1715   0.1095E-02  0.1763E-03 -0.1487E-01  0.0000E+00      -1  -0.297E-01   20.00
  49   -24.0000    -297.206 0.1708   0.1030E-02  0.1721E-03 -0.6932E-02  0.0000E+00      -1  -0.139E-01   20.00
  50   -24.5000    -298.895 0.1704   0.1002E-02  0.1703E-03 -0.3402E-02  0.0000E+00      -1  -0.680E-02   20.00
  51   -25.0000    -299.577 0.1703   0.9909E-03  0.1695E-03 -0.1934E-02  0.0000E+00      -1  -0.387E-02   20.00
  52   -25.5000    -299.842 0.1702   0.9865E-03  0.1693E-03 -0.1348E-02  0.0000E+00      -1  -0.270E-02   20.00
  53   -26.0000    -299.942 0.1702   0.9849E-03  0.1692E-03 -0.1120E-02  0.0000E+00      -1  -0.224E-02   20.00
  54   -26.5000    -299.979 0.1702   0.9843E-03  0.1691E-03 -0.1034E-02  0.0000E+00      -1  -0.207E-02   20.00
  55   -27.0000    -299.993 0.1702   0.9840E-03  0.1691E-03 -0.1002E-02  0.0000E+00      -1  -0.200E-02   20.00
  56   -27.5000    -299.997 0.1702   0.9839E-03  0.1691E-03 -0.9905E-03  0.0000E+00      -1  -0.198E-02   20.00
  57   -28.0000    -299.999 0.1702   0.9839E-03  0.1691E-03 -0.9863E-03  0.0000E+00      -1  -0.197E-02   20.00
  58   -28.5000    -300.000 0.1702   0.9839E-03  0.1691E-03 -0.9847E-03  0.0000E+00      -1  -0.197E-02   20.00
  59   -29.0000    -300.000 0.1702   0.9839E-03  0.1691E-03 -0.9841E-03  0.0000E+00      -1  -0.197E-02   20.00
  60   -29.5000    -300.000 0.1702   0.9839E-03  0.1691E-03 -0.9839E-03  0.0000E+00      -1  -0.197E-02   20.00
  61   -30.0000    -300.000 0.1702   0.9839E-03  0.1691E-03 -0.9839E-03  0.0000E+00      -1  -0.197E-02   20.00
  62   -30.5000    -300.000 0.1702   0.9839E-03  0.1691E-03 -0.9839E-03  0.0000E+00      -1  -0.197E-02   20.00
  63   -31.0000    -300.000 0.1702   0.9839E-03  0.1691E-03 -0.9839E-03  0.0000E+00      -1  -0.197E-02   20.00
  64   -31.5000    -300.000 0.1702   0.9839E-03  0.1691E-03 -0.9839E-03  0.0000E+00      -1  -0.197E-02   20.00
  65   -32.0000    -300.000 0.1702   0.9839E-03  0.1691E-03 -0.9839E-03  0.0000E+00      -1  -0.197E-02   20.00
  66   -32.5000    -300.000 0.1702   0.9839E-03  0.1691E-03 -0.9839E-03  0.0000E+00      -1  -0.197E-02   20.00
  67   -33.0000    -300.000 0.1702   0.9839E-03  0.1691E-03 -0.9839E-03  0.0000E+00      -1  -0.197E-02   20.00
  68   -33.5000    -300.000 0.1702   0.9839E-03  0.1691E-03 -0.9839E-03  0.0000E+00      -1  -0.197E-02   20.00
  69   -34.0000    -300.000 0.1702   0.9839E-03  0.1691E-03 -0.9839E-03  0.0000E+00      -1  -0.197E-02   20.00
  70   -34.5000    -300.000 0.1702   0.9839E-03  0.1691E-03 -0.9839E-03  0.0000E+00      -1  -0.197E-02   20.00
  71   -35.0000    -300.000 0.1702   0.9839E-03  0.1691E-03 -0.9839E-03  0.0000E+00      -1  -0.197E-02   20.00
  72   -35.5000    -300.000 0.1702   0.9839E-03  0.1691E-03 -0.9839E-03  0.0000E+00      -1  -0.197E-02   20.00
  73   -36.0000    -300.000 0.1702   0.9839E-03  0.1691E-03 -0.9839E-03  0.0000E+00      -1  -0.197E-02   20.00
  74   -36.5000    -300.000 0.1702   0.9839E-03  0.1691E-03 -0.9839E-03  0.0000E+00      -1  -0.197E-02   20.00
  75   -37.0000    -300.000 0.1702   0.9839E-03  0.1691E-03 -0.9839E-03  0.0000E+00      -1  -0.197E-02   20.00
  76   -37.5000    -300.000 0.1702   0.9839E-03  0.1691E-03 -0.9839E-03  0.0000E+00      -1  -0.197E-02   20.00
  77   -38.0000    -300.000 0.1702   0.9839E-03  0.1691E-03 -0.9839E-03  0.0000E+00      -1  -0.197E-02   20.00
  78   -38.5000    -300.000 0.1702   0.9839E-03  0.1691E-03 -0.9839E-03  0.0000E+00      -1  -0.197E-02   20.00
  79   -39.0000    -300.000 0.1702   0.9839E-03  0.1691E-03 -0.9839E-03  0.0000E+00      -1  -0.197E-02   20.00
  80   -39.5000    -300.000 0.1702   0.9839E-03  0.1691E-03 -0.9839E-03  0.0000E+00      -1  -0.197E-02   20.00
  81   -40.0000    -300.000 0.1702   0.9839E-03  0.1691E-03 -0.9839E-03  0.0000E+00      -1  -0.197E-02   20.00
  82   -40.5000    -300.000 0.1702   0.9839E-03  0.1691E-03 -0.9839E-03  0.0000E+00      -1  -0.197E-02   20.00
  83   -41.0000    -300.000 0.1702   0.9839E-03  0.1691E-03 -0.9839E-03  0.0000E+00      -1  -0.197E-02   20.00
  84   -41.5000    -300.000 0.1702   0.9839E-03  0.1691E-03 -0.9839E-03  0.0000E+00      -1  -0.197E-02   20.00
  85   -42.0000    -300.000 0.1702   0.9839E-03  0.1691E-03 -0.9839E-03  0.0000E+00      -1  -0.197E-02   20.00
  86   -42.5000    -300.000 0.1702   0.9839E-03  0.1691E-03 -0.9839E-03  0.0000E+00      -1  -0.197E-02   20.00
  87   -43.0000    -300.000 0.1702   0.9839E-03  0.1691E-03 -0.9839E-03  0.0000E+00      -1  -0.197E-02   20.00
  88   -43.5000    -300.000 0.1702   0.9839E-03  0.1691E-03 -0.9839E-03  0.0000E+00      -1  -0.197E-02   20.00
  89   -44.0000    -300.000 0.1702   0.9839E-03  0.1691E-03 -0.9839E-03  0.0000E+00      -1  -0.197E-02   20.00
  90   -44.5000    -300.000 0.1702   0.9839E-03  0.1691E-03 -0.9839E-03  0.0000E+00      -1  -0.197E-02   20.00
  91   -45.0000    -300.000 0.1702   0.9839E-03  0.1691E-03 -0.9839E-03  0.0000E+00      -1  -0.197E-02   20.00
  92   -45.5000    -300.000 0.1702   0.9839E-03  0.1691E-03 -0.9839E-03  0.0000E+00      -1  -0.197E-02   20.00
  93   -46.0000    -300.000 0.1702   0.9839E-03  0.1691E-03 -0.9839E-03  0.0000E+00      -1  -0.197E-02   20.00
  94   -46.5000    -300.000 0.1702   0.9839E-03  0.1691E-03 -0.9839E-03  0.0000E+00      -1  -0.197E-02   20.00
  95   -47.0000    -300.000 0.1702   0.9839E-03  0.1691E-03 -0.9839E-03  0.0000E+00      -1  -0.197E-02   20.00
  96   -47.5000    -300.000 0.1702   0.9839E-03  0.1691E-03 -0.9839E-03  0.0000E+00      -1  -0.197E-02   20.00
  97   -48.0000    -300.000 0.1702   0.9839E-03  0.1691E-03 -0.9839E-03  0.0000E+00      -1  -0.197E-02   20.00
  98   -48.5000    -300.000 0.1702   0.9839E-03  0.1691E-03 -0.9839E-03  0.0000E+00      -1  -0.197E-02   20.00
  99   -49.0000    -300.000 0.1702   0.9839E-03  0.1691E-03 -0.9839E-03  0.0000E+00      -1  -0.197E-02   20.00
 100   -49.5000    -300.000 0.1702   0.9839E-03  0.1691E-03 -0.9839E-03  0.0000E+00      -1  -0.197E-02   20.00
 101   -50.0000    -300.000 0.1702   0.9839E-03  0.1691E-03 -0.9839E-03  0.0000E+00      -1  -0.197E-02   20.00
 102   -50.5000    -300.000 0.1702   0.9839E-03  0.1691E-03 -0.9839E-03  0.0000E+00      -1  -0.197E-02   20.00
 103   -51.0000    -300.000 0.1702   0.9839E-03  0.1691E-03 -0.9839E-03  0.0000E+00      -1  -0.197E-02   20.00
 104   -51.5000    -300.000 0.1702   0.9839E-03  0.1691E-03 -0.9839E-03  0.0000E+00      -1  -0.197E-02   20.00
 105   -52.0000    -300.000 0.1702   0.9839E-03  0.1691E-03 -0.9839E-03  0.0000E+00      -1  -0.197E-02   20.00
 106   -52.5000    -300.000 0.1702   0.9839E-03  0.1691E-03 -0.9839E-03  0.0000E+00      -1  -0.197E-02   20.00
 107   -53.0000    -300.000 0.1702   0.9839E-03  0.1691E-03 -0.9839E-03  0.0000E+00      -1  -0.197E-02   20.00
 108   -53.5000    -300.000 0.1702   0.9839E-03  0.1691E-03 -0.9839E-03  0.0000E+00      -1  -0.197E-02   20.00
 109   -54.0000    -300.000 0.1702   0.9839E-03  0.1691E-03 -0.9839E-03  0.0000E+00      -1  -0.197E-02   20.00
 110   -54.5000    -300.000 0.1702   0.9839E-03  0.1691E-03 -0.9839E-03  0.0000E+00      -1  -0.197E-02   20.00
 111   -55.0000    -300.000 0.1702   0.9839E-03  0.1691E-03 -0.9839E-03  0.0000E+00      -1  -0.197E-02   20.00
 112   -55.5000    -300.000 0.1702   0.9839E-03  0.1691E-03 -0.9839E-03  0.0000E+00      -1  -0.197E-02   20.00
 113   -56.0000    -300.000 0.1702   0.9839E-03  0.1691E-03 -0.9839E-03  0.0000E+00      -1  -0.197E-02   20.00
 114   -56.5000    -300.000 0.1702   0.9839E-03  0.1691E-03 -0.9839E-03  0.0000E+00      -1  -0.197E-02   20.00
 115   -57.0000    -300.000 0.1702   0.9839E-03  0.1691E-03 -0.9839E-03  0.0000E+00      -1  -0.197E-02   20.00
 116   -57.5000    -300.000 0.1702   0.9839E-03  0.1691E-03 -0.9839E-03  0.0000E+00      -1  -0.197E-02   20.00
 117   -58.0000    -300.000 0.1702   0.9839E-03  0.1691E-03 -0.9839E-03  0.0000E+00      -1  -0.197E-02   20.00
 118   -58.5000    -300.000 0.1702   0.9839E-03  0.1691E-03 -0.9839E-03  0.0000E+00      -1  -0.197E-02   20.00
 119   -59.0000    -300.000 0.1702   0.9839E-03  0.1691E-03 -0.9839E-03  0.0000E+00      -1  -0.197E-02   20.00
 120   -59.5000    -300.000 0.1702   0.9839E-03  0.1691E-03 -0.9839E-03  0.0000E+00      -1  -0.197E-02   20.00
 121   -60.0000    -300.000 0.1702   0.9839E-03  0.1691E-03 -0.9839E-03  0.0000E+00      -1  -0.197E-02   20.00
 122   -60.5000    -300.000 0.1702   0.9839E-03  0.1691E-03 -0.9839E-03  0.0000E+00      -1  -0.197E-02   20.00
 123   -61.0000    -300.000 0.1702   0.9839E-03  0.1691E-03 -0.9839E-03  0.0000E+00      -1  -0.197E-02   20.00
 124   -61.5000    -300.000 0.1702   0.9839E-03  0.1691E-03 -0.9839E-03  0.0000E+00      -1  -0.197E-02   20.00
 125   -62.0000    -300.000 0.1702   0.9839E-03  0.1691E-03 -0.9839E-03  0.0000E+00      -1  -0.197E-02   20.00
 126   -62.5000    -300.000 0.1702   0.9839E-03  0.1691E-03 -0.9839E-03  0.0000E+00      -1  -0.197E-02   20.00
 127   -63.0000    -300.000 0.1702   0.9839E-03  0.1691E-03 -0.9839E-03  0.0000E+00      -1  -0.197E-02   20.00
 128   -63.5000    -300.000 0.1702   0.9839E-03  0.1691E-03 -0.9839E-03  0.0000E+00      -1  -0.197E-02   20.00
 129   -64.0000    -300.000 0.1702   0.9839E-03  0.1691E-03 -0.9839E-03  0.0000E+00      -1  -0.197E-02   20.00
 130   -64.5000    -300.000 0.1702   0.9839E-03  0.1691E-03 -0.9839E-03  0.0000E+00      -1  -0.197E-02   20.00
 131   -65.0000    -300.000 0.1702   0.9839E-03  0.1691E-03 -0.9839E-03  0.0000E+00      -1  -0.197E-02   20.00
 132   -65.5000    -300.000 0.1702   0.9839E-03  0.1691E-03 -0.9839E-03  0.0000E+00      -1  -0.197E-02   20.00
 133   -66.0000    -300.000 0.1702   0.9839E-03  0.1691E-03 -0.9839E-03  0.0000E+00      -1  -0.197E-02   20.00
 134   -66.5000    -300.000 0.1702   0.9839E-03  0.1691E-03 -0.9839E-03  0.0000E+00      -1  -0.197E-02   20.00
 135   -67.0000    -300.000 0.1702   0.9839E-03  0.1691E-03 -0.9839E-03  0.0000E+00      -1  -0.197E-02   20.00
 136   -67.5000    -300.000 0.1702   0.9839E-03  0.1691E-03 -0.9839E-03  0.0000E+00      -1  -0.197E-02   20.00
 137   -68.0000    -300.000 0.1702   0.9839E-03  0.1691E-03 -0.9839E-03  0.0000E+00      -1  -0.197E-02   20.00
 138   -68.5000    -300.000 0.1702   0.9839E-03  0.1691E-03 -0.9839E-03  0.0000E+00      -1  -0.197E-02   20.00
 139   -69.0000    -300.000 0.1702   0.9839E-03  0.1691E-03 -0.9839E-03  0.0000E+00      -1  -0.197E-02   20.00
 140   -69.5000    -300.000 0.1702   0.9839E-03  0.1691E-03 -0.9839E-03  0.0000E+00      -1  -0.197E-02   20.00
 141   -70.0000    -300.000 0.1702   0.9839E-03  0.1691E-03 -0.9839E-03  0.0000E+00      -1  -0.197E-02   20.00
 142   -70.5000    -300.000 0.1702   0.9839E-03  0.1691E-03 -0.9839E-03  0.0000E+00      -1  -0.197E-02   20.00
 143   -71.0000    -300.000 0.1702   0.9839E-03  0.1691E-03 -0.9839E-03  0.0000E+00      -1  -0.197E-02   20.00
 144   -71.5000    -300.000 0.1702   0.9839E-03  0.1691E-03 -0.9839E-03  0.0000E+00      -1  -0.197E-02   20.00
 145   -72.0000    -300.000 0.1702   0.9839E-03  0.1691E-03 -0.9839E-03  0.0000E+00      -1  -0.197E-02   20.00
 146   -72.5000    -300.000 0.1702   0.9839E-03  0.1691E-03 -0.9839E-03  0.0000E+00      -1  -0.197E-02   20.00
 147   -73.0000    -300.000 0.1702   0.9839E-03  0.1691E-03 -0.9839E-03  0.0000E+00      -1  -0.197E-02   20.00
 148   -73.5000    -300.000 0.1702   0.9839E-03  0.1691E-03 -0.9839E-03  0.0000E+00      -1  -0.197E-02   20.00
 149   -74.0000    -300.000 0.1702   0.9839E-03  0.1691E-03 -0.9839E-03  0.0000E+00      -1  -0.197E-02   20.00
 150   -74.5000    -300.000 0.1702   0.9839E-03  0.1691E-03 -0.9839E-03  0.0000E+00      -1  -0.197E-02   20.00
 151   -75.0000    -300.000 0.1702   0.9839E-03  0.1691E-03 -0.9839E-03  0.0000E+00      -1  -0.197E-02   20.00
 152   -75.5000    -300.000 0.1702   0.9839E-03  0.1691E-03 -0.9839E-03  0.0000E+00      -1  -0.197E-02   20.00
 153   -76.0000    -300.000 0.1702   0.9839E-03  0.1691E-03 -0.9839E-03  0.0000E+00      -1  -0.197E-02   20.00
 154   -76.5000    -300.000 0.1702   0.9839E-03  0.1691E-03 -0.9839E-03  0.0000E+00      -1  -0.197E-02   20.00
 155   -77.0000    -300.000 0.1702   0.9839E-03  0.1691E-03 -0.9839E-03  0.0000E+00      -1  -0.197E-02   20.00
 156   -77.5000    -300.000 0.1702   0.9839E-03  0.1691E-03 -0.9839E-03  0.0000E+00      -1  -0.197E-02   20.00
 157   -78.0000    -300.000 0.1702   0.9839E-03  0.1691E-03 -0.9839E-03  0.0000E+00      -1  -0.197E-02   20.00
 158   -78.5000    -300.000 0.1702   0.9839E-03  0.1691E-03 -0.9839E-03  0.0000E+00      -1  -0.197E-02   20.00
 159   -79.0000    -300.000 0.1702   0.9839E-03  0.1691E-03 -0.9839E-03  0.0000E+00      -1  -0.197E-02   20.00
 160   -79.5000    -300.000 0.1702   0.9839E-03  0.1691E-03 -0.9839E-03  0.0000E+00      -1  -0.197E-02   20.00
 161   -80.0000    -300.000 0.1702   0.9839E-03  0.1691E-03 -0.9839E-03  0.0000E+00      -1  -0.197E-02   20.00
 162   -80.5000    -300.000 0.1702   0.9839E-03  0.1691E-03 -0.9839E-03  0.0000E+00      -1  -0.197E-02   20.00
 163   -81.0000    -300.000 0.1702   0.9839E-03  0.1691E-03 -0.9839E-03  0.0000E+00      -1  -0.197E-02   20.00
 164   -81.5000    -300.000 0.1702   0.9839E-03  0.1691E-03 -0.9839E-03  0.0000E+00      -1  -0.197E-02   20.00
 165   -82.0000    -300.000 0.1702   0.9839E-03  0.1691E-03 -0.9839E-03  0.0000E+00      -1  -0.197E-02   20.00
 166   -82.5000    -300.000 0.1702   0.9839E-03  0.1691E-03 -0.9839E-03  0.0000E+00      -1  -0.197E-02   20.00
 167   -83.0000    -300.000 0.1702   0.9839E-03  0.1691E-03 -0.9839E-03  0.0000E+00      -1  -0.197E-02   20.00
 168   -83.5000    -300.000 0.1702   0.9839E-03  0.1691E-03 -0.9839E-03  0.0000E+00      -1  -0.197E-02   20.00
 169   -84.0000    -300.000 0.1702   0.9839E-03  0.1691E-03 -0.9839E-03  0.0000E+00      -1  -0.197E-02   20.00
 170   -84.5000    -300.000 0.1702   0.9839E-03  0.1691E-03 -0.9839E-03  0.0000E+00      -1  -0.197E-02   20.00
 171   -85.0000    -300.000 0.1702   0.9839E-03  0.1691E-03 -0.9839E-03  0.0000E+00      -1  -0.197E-02   20.00
 172   -85.5000    -300.000 0.1702   0.9839E-03  0.1691E-03 -0.9839E-03  0.0000E+00      -1  -0.197E-02   20.00
 173   -86.0000    -300.000 0.1702   0.9839E-03  0.1691E-03 -0.9839E-03  0.0000E+00      -1  -0.197E-02   20.00
 174   -86.5000    -300.000 0.1702   0.9839E-03  0.1691E-03 -0.9839E-03  0.0000E+00      -1  -0.197E-02   20.00
 175   -87.0000    -300.000 0.1702   0.9839E-03  0.1691E-03 -0.9839E-03  0.0000E+00      -1  -0.197E-02   20.00
 176   -87.5000    -300.000 0.1702   0.9839E-03  0.1691E-03 -0.9839E-03  0.0000E+00      -1  -0.197E-02   20.00
 177   -88.0000    -300.000 0.1702   0.9839E-03  0.1691E-03 -0.9839E-03  0.0000E+00      -1  -0.197E-02   20.00
 178   -88.5000    -300.000 0.1702   0.9839E-03  0.1691E-03 -0.9839E-03  0.0000E+00      -1  -0.197E-02   20.00
 179   -89.0000    -300.000 0.1702   0.9839E-03  0.1691E-03 -0.9839E-03  0.0000E+00      -1  -0.197E-02   20.00
 180   -89.5000    -300.000 0.1702   0.9839E-03  0.1691E-03 -0.9839E-03  0.0000E+00      -1  -0.197E-02   20.00
 181   -90.0000    -300.000 0.1702   0.9839E-03  0.1691E-03 -0.9839E-03  0.0000E+00      -1  -0.197E-02   20.00
 182   -90.5000    -300.000 0.1702   0.9839E-03  0.1691E-03 -0.9839E-03  0.0000E+00      -1  -0.197E-02   20.00
 183   -91.0000    -300.000 0.1702   0.9839E-03  0.1691E-03 -0.9839E-03  0.0000E+00      -1  -0.197E-02   20.00
 184   -91.5000    -300.000 0.1702   0.9839E-03  0.1691E-03 -0.9839E-03  0.0000E+00      -1  -0.197E-02   20.00
 185   -92.0000    -300.000 0.1702   0.9839E-03  0.1691E-03 -0.9839E-03  0.0000E+00      -1  -0.197E-02   20.00
 186   -92.5000    -300.000 0.1702   0.9839E-03  0.1691E-03 -0.9839E-03  0.0000E+00      -1  -0.197E-02   20.00
 187   -93.0000    -300.000 0.1702   0.9839E-03  0.1691E-03 -0.9839E-03  0.0000E+00      -1  -0.197E-02   20.00
 188   -93.5000    -300.000 0.1702   0.9839E-03  0.1691E-03 -0.9839E-03  0.0000E+00      -1  -0.197E-02   20.00
 189   -94.0000    -300.000 0.1702   0.9839E-03  0.1691E-03 -0.9839E-03  0.0000E+00      -1  -0.197E-02   20.00
 190   -94.5000    -300.000 0.1702   0.9839E-03  0.1691E-03 -0.9839E-03  0.0000E+00      -1  -0.197E-02   20.00
 191   -95.0000    -300.000 0.1702   0.9839E-03  0.1691E-03 -0.9839E-03  0.0000E+00      -1  -0.197E-02   20.00
 192   -95.5000    -300.000 0.1702   0.9839E-03  0.1691E-03 -0.9839E-03  0.0000E+00      -1  -0.197E-02   20.00
 193   -96.0000    -300.000 0.1702   0.9839E-03  0.1691E-03 -0.9839E-03  0.0000E+00      -1  -0.197E-02   20.00
 194   -96.5000    -300.000 0.1702   0.9839E-03  0.1691E-03 -0.9839E-03  0.0000E+00      -1  -0.197E-02   20.00
 195   -97.0000    -300.000 0.1702   0.9839E-03  0.1691E-03 -0.9839E-03  0.0000E+00      -1  -0.197E-02   20.00
 196   -97.5000    -300.000 0.1702   0.9839E-03  0.1691E-03 -0.9839E-03  0.0000E+00      -1  -0.197E-02   20.00
 197   -98.0000    -300.000 0.1702   0.9839E-03  0.1691E-03 -0.9839E-03  0.0000E+00      -1  -0.197E-02   20.00
 198   -98.5000    -300.000 0.1702   0.9839E-03  0.1691E-03 -0.9839E-03  0.0000E+00      -1  -0.197E-02   20.00
 199   -99.0000    -300.000 0.1702   0.9839E-03  0.1691E-03 -0.9839E-03  0.0000E+00      -1  -0.197E-02   20.00
 200   -99.5000    -300.000 0.1702   0.9839E-03  0.1691E-03 -0.9839E-03  0.0000E+00      -1  -0.197E-02   20.00
 201  -100.0000    -300.000 0.1702   0.9839E-03  0.1691E-03 -0.9839E-03  0.0000E+00      -1  -0.197E-02   20.00
end
