 ******* Program HYDRUS
 ******* Pluie 30 cm/j pendant 0.5 j (> Ks) puis 0 : apparition du ruissellement 
 Date:   0. 0.    Time: 512:**:**
 Units: L = cm   , T = days , M = g    


 Time:        0.0000


 Node      Depth      Head Moisture       K          C         Flux        Sink         Kappa   v/KsTop   Temp
           [L]        [L]    [-]        [L/T]      [1/L]      [L/T]        [1/T]         [-]      [-]      [C]

   1     0.0000    -300.000 0.1702   0.9839E-03  0.1691E-03 -0.9839E-03  0.0000E+00      -1  -0.394E-04   20.00
   2    -1.0000    -300.000 0.1702   0.9839E-03  0.1691E-03 -0.9839E-03  0.0000E+00      -1  -0.394E-04   20.00
   3    -2.0000    -300.000 0.1702   0.9839E-03  0.1691E-03 -0.9839E-03  0.0000E+00      -1  -0.394E-04   20.00
   4    -3.0000    -300.000 0.1702   0.9839E-03  0.1691E-03 -0.9839E-03  0.0000E+00      -1  -0.394E-04   20.00
   5    -4.0000    -300.000 0.1702   0.9839E-03  0.1691E-03 -0.9839E-03  0.0000E+00      -1  -0.394E-04   20.00
   6    -5.0000    -300.000 0.1702   0.9839E-03  0.1691E-03 -0.9839E-03  0.0000E+00      -1  -0.394E-04   20.00
   7    -6.0000    -300.000 0.1702   0.9839E-03  0.1691E-03 -0.9839E-03  0.0000E+00      -1  -0.394E-04   20.00
   8    -7.0000    -300.000 0.1702   0.9839E-03  0.1691E-03 -0.9839E-03  0.0000E+00      -1  -0.394E-04   20.00
   9    -8.0000    -300.000 0.1702   0.9839E-03  0.1691E-03 -0.9839E-03  0.0000E+00      -1  -0.394E-04   20.00
  10    -9.0000    -300.000 0.1702   0.9839E-03  0.1691E-03 -0.9839E-03  0.0000E+00      -1  -0.394E-04   20.00
  11   -10.0000    -300.000 0.1702   0.9839E-03  0.1691E-03 -0.9839E-03  0.0000E+00      -1  -0.394E-04   20.00
  12   -11.0000    -300.000 0.1702   0.9839E-03  0.1691E-03 -0.9839E-03  0.0000E+00      -1  -0.394E-04   20.00
  13   -12.0000    -300.000 0.1702   0.9839E-03  0.1691E-03 -0.9839E-03  0.0000E+00      -1  -0.394E-04   20.00
  14   -13.0000    -300.000 0.1702   0.9839E-03  0.1691E-03 -0.9839E-03  0.0000E+00      -1  -0.394E-04   20.00
  15   -14.0000    -300.000 0.1702   0.9839E-03  0.1691E-03 -0.9839E-03  0.0000E+00      -1  -0.394E-04   20.00
  16   -15.0000    -300.000 0.1702   0.9839E-03  0.1691E-03 -0.9839E-03  0.0000E+00      -1  -0.394E-04   20.00
  17   -16.0000    -300.000 0.1702   0.9839E-03  0.1691E-03 -0.9839E-03  0.0000E+00      -1  -0.394E-04   20.00
  18   -17.0000    -300.000 0.1702   0.9839E-03  0.1691E-03 -0.9839E-03  0.0000E+00      -1  -0.394E-04   20.00
  19   -18.0000    -300.000 0.1702   0.9839E-03  0.1691E-03 -0.9839E-03  0.0000E+00      -1  -0.394E-04   20.00
  20   -19.0000    -300.000 0.1702   0.9839E-03  0.1691E-03 -0.9839E-03  0.0000E+00      -1  -0.394E-04   20.00
  21   -20.0000    -300.000 0.1702   0.9839E-03  0.1691E-03 -0.9839E-03  0.0000E+00      -1  -0.394E-04   20.00
  22   -21.0000    -300.000 0.1702   0.9839E-03  0.1691E-03 -0.9839E-03  0.0000E+00      -1  -0.394E-04   20.00
  23   -22.0000    -300.000 0.1702   0.9839E-03  0.1691E-03 -0.9839E-03  0.0000E+00      -1  -0.394E-04   20.00
  24   -23.0000    -300.000 0.1702   0.9839E-03  0.1691E-03 -0.9839E-03  0.0000E+00      -1  -0.394E-04   20.00
  25   -24.0000    -300.000 0.1702   0.9839E-03  0.1691E-03 -0.9839E-03  0.0000E+00      -1  -0.394E-04   20.00
  26   -25.0000    -300.000 0.1702   0.9839E-03  0.1691E-03 -0.9839E-03  0.0000E+00      -1  -0.394E-04   20.00
  27   -26.0000    -300.000 0.1702   0.9839E-03  0.1691E-03 -0.9839E-03  0.0000E+00      -1  -0.394E-04   20.00
  28   -27.0000    -300.000 0.1702   0.9839E-03  0.1691E-03 -0.9839E-03  0.0000E+00      -1  -0.394E-04   20.00
  29   -28.0000    -300.000 0.1702   0.9839E-03  0.1691E-03 -0.9839E-03  0.0000E+00      -1  -0.394E-04   20.00
  30   -29.0000    -300.000 0.1702   0.9839E-03  0.1691E-03 -0.9839E-03  0.0000E+00      -1  -0.394E-04   20.00
  31   -30.0000    -300.000 0.1702   0.9839E-03  0.1691E-03 -0.9839E-03  0.0000E+00      -1  -0.394E-04   20.00
  32   -31.0000    -300.000 0.1702   0.9839E-03  0.1691E-03 -0.9839E-03  0.0000E+00      -1  -0.394E-04   20.00
  33   -32.0000    -300.000 0.1702   0.9839E-03  0.1691E-03 -0.9839E-03  0.0000E+00      -1  -0.394E-04   20.00
  34   -33.0000    -300.000 0.1702   0.9839E-03  0.1691E-03 -0.9839E-03  0.0000E+00      -1  -0.394E-04   20.00
  35   -34.0000    -300.000 0.1702   0.9839E-03  0.1691E-03 -0.9839E-03  0.0000E+00      -1  -0.394E-04   20.00
  36   -35.0000    -300.000 0.1702   0.9839E-03  0.1691E-03 -0.9839E-03  0.0000E+00      -1  -0.394E-04   20.00
  37   -36.0000    -300.000 0.1702   0.9839E-03  0.1691E-03 -0.9839E-03  0.0000E+00      -1  -0.394E-04   20.00
  38   -37.0000    -300.000 0.1702   0.9839E-03  0.1691E-03 -0.9839E-03  0.0000E+00      -1  -0.394E-04   20.00
  39   -38.0000    -300.000 0.1702   0.9839E-03  0.1691E-03 -0.9839E-03  0.0000E+00      -1  -0.394E-04   20.00
  40   -39.0000    -300.000 0.1702   0.9839E-03  0.1691E-03 -0.9839E-03  0.0000E+00      -1  -0.394E-04   20.00
  41   -40.0000    -300.000 0.1702   0.9839E-03  0.1691E-03 -0.9839E-03  0.0000E+00      -1  -0.394E-04   20.00
  42   -41.0000    -300.000 0.1702   0.9839E-03  0.1691E-03 -0.9839E-03  0.0000E+00      -1  -0.394E-04   20.00
  43   -42.0000    -300.000 0.1702   0.9839E-03  0.1691E-03 -0.9839E-03  0.0000E+00      -1  -0.394E-04   20.00
  44   -43.0000    -300.000 0.1702   0.9839E-03  0.1691E-03 -0.9839E-03  0.0000E+00      -1  -0.394E-04   20.00
  45   -44.0000    -300.000 0.1702   0.9839E-03  0.1691E-03 -0.9839E-03  0.0000E+00      -1  -0.394E-04   20.00
  46   -45.0000    -300.000 0.1702   0.9839E-03  0.1691E-03 -0.9839E-03  0.0000E+00      -1  -0.394E-04   20.00
  47   -46.0000    -300.000 0.1702   0.9839E-03  0.1691E-03 -0.9839E-03  0.0000E+00      -1  -0.394E-04   20.00
  48   -47.0000    -300.000 0.1702   0.9839E-03  0.1691E-03 -0.9839E-03  0.0000E+00      -1  -0.394E-04   20.00
  49   -48.0000    -300.000 0.1702   0.9839E-03  0.1691E-03 -0.9839E-03  0.0000E+00      -1  -0.394E-04   20.00
  50   -49.0000    -300.000 0.1702   0.9839E-03  0.1691E-03 -0.9839E-03  0.0000E+00      -1  -0.394E-04   20.00
  51   -50.0000    -300.000 0.1702   0.9839E-03  0.1691E-03 -0.9839E-03  0.0000E+00      -1  -0.394E-04   20.00
  52   -51.0000    -300.000 0.1702   0.9839E-03  0.1691E-03 -0.9839E-03  0.0000E+00      -1  -0.394E-04   20.00
  53   -52.0000    -300.000 0.1702   0.9839E-03  0.1691E-03 -0.9839E-03  0.0000E+00      -1  -0.394E-04   20.00
  54   -53.0000    -300.000 0.1702   0.9839E-03  0.1691E-03 -0.9839E-03  0.0000E+00      -1  -0.394E-04   20.00
  55   -54.0000    -300.000 0.1702   0.9839E-03  0.1691E-03 -0.9839E-03  0.0000E+00      -1  -0.394E-04   20.00
  56   -55.0000    -300.000 0.1702   0.9839E-03  0.1691E-03 -0.9839E-03  0.0000E+00      -1  -0.394E-04   20.00
  57   -56.0000    -300.000 0.1702   0.9839E-03  0.1691E-03 -0.9839E-03  0.0000E+00      -1  -0.394E-04   20.00
  58   -57.0000    -300.000 0.1702   0.9839E-03  0.1691E-03 -0.9839E-03  0.0000E+00      -1  -0.394E-04   20.00
  59   -58.0000    -300.000 0.1702   0.9839E-03  0.1691E-03 -0.9839E-03  0.0000E+00      -1  -0.394E-04   20.00
  60   -59.0000    -300.000 0.1702   0.9839E-03  0.1691E-03 -0.9839E-03  0.0000E+00      -1  -0.394E-04   20.00
  61   -60.0000    -300.000 0.1702   0.9839E-03  0.1691E-03 -0.9839E-03  0.0000E+00      -1  -0.394E-04   20.00
  62   -61.0000    -300.000 0.1702   0.9839E-03  0.1691E-03 -0.9839E-03  0.0000E+00      -1  -0.394E-04   20.00
  63   -62.0000    -300.000 0.1702   0.9839E-03  0.1691E-03 -0.9839E-03  0.0000E+00      -1  -0.394E-04   20.00
  64   -63.0000    -300.000 0.1702   0.9839E-03  0.1691E-03 -0.9839E-03  0.0000E+00      -1  -0.394E-04   20.00
  65   -64.0000    -300.000 0.1702   0.9839E-03  0.1691E-03 -0.9839E-03  0.0000E+00      -1  -0.394E-04   20.00
  66   -65.0000    -300.000 0.1702   0.9839E-03  0.1691E-03 -0.9839E-03  0.0000E+00      -1  -0.394E-04   20.00
  67   -66.0000    -300.000 0.1702   0.9839E-03  0.1691E-03 -0.9839E-03  0.0000E+00      -1  -0.394E-04   20.00
  68   -67.0000    -300.000 0.1702   0.9839E-03  0.1691E-03 -0.9839E-03  0.0000E+00      -1  -0.394E-04   20.00
  69   -68.0000    -300.000 0.1702   0.9839E-03  0.1691E-03 -0.9839E-03  0.0000E+00      -1  -0.394E-04   20.00
  70   -69.0000    -300.000 0.1702   0.9839E-03  0.1691E-03 -0.9839E-03  0.0000E+00      -1  -0.394E-04   20.00
  71   -70.0000    -300.000 0.1702   0.9839E-03  0.1691E-03 -0.9839E-03  0.0000E+00      -1  -0.394E-04   20.00
  72   -71.0000    -300.000 0.1702   0.9839E-03  0.1691E-03 -0.9839E-03  0.0000E+00      -1  -0.394E-04   20.00
  73   -72.0000    -300.000 0.1702   0.9839E-03  0.1691E-03 -0.9839E-03  0.0000E+00      -1  -0.394E-04   20.00
  74   -73.0000    -300.000 0.1702   0.9839E-03  0.1691E-03 -0.9839E-03  0.0000E+00      -1  -0.394E-04   20.00
  75   -74.0000    -300.000 0.1702   0.9839E-03  0.1691E-03 -0.9839E-03  0.0000E+00      -1  -0.394E-04   20.00
  76   -75.0000    -300.000 0.1702   0.9839E-03  0.1691E-03 -0.9839E-03  0.0000E+00      -1  -0.394E-04   20.00
  77   -76.0000    -300.000 0.1702   0.9839E-03  0.1691E-03 -0.9839E-03  0.0000E+00      -1  -0.394E-04   20.00
  78   -77.0000    -300.000 0.1702   0.9839E-03  0.1691E-03 -0.9839E-03  0.0000E+00      -1  -0.394E-04   20.00
  79   -78.0000    -300.000 0.1702   0.9839E-03  0.1691E-03 -0.9839E-03  0.0000E+00      -1  -0.394E-04   20.00
  80   -79.0000    -300.000 0.1702   0.9839E-03  0.1691E-03 -0.9839E-03  0.0000E+00      -1  -0.394E-04   20.00
  81   -80.0000    -300.000 0.1702   0.9839E-03  0.1691E-03 -0.9839E-03  0.0000E+00      -1  -0.394E-04   20.00
  82   -81.0000    -300.000 0.1702   0.9839E-03  0.1691E-03 -0.9839E-03  0.0000E+00      -1  -0.394E-04   20.00
  83   -82.0000    -300.000 0.1702   0.9839E-03  0.1691E-03 -0.9839E-03  0.0000E+00      -1  -0.394E-04   20.00
  84   -83.0000    -300.000 0.1702   0.9839E-03  0.1691E-03 -0.9839E-03  0.0000E+00      -1  -0.394E-04   20.00
  85   -84.0000    -300.000 0.1702   0.9839E-03  0.1691E-03 -0.9839E-03  0.0000E+00      -1  -0.394E-04   20.00
  86   -85.0000    -300.000 0.1702   0.9839E-03  0.1691E-03 -0.9839E-03  0.0000E+00      -1  -0.394E-04   20.00
  87   -86.0000    -300.000 0.1702   0.9839E-03  0.1691E-03 -0.9839E-03  0.0000E+00      -1  -0.394E-04   20.00
  88   -87.0000    -300.000 0.1702   0.9839E-03  0.1691E-03 -0.9839E-03  0.0000E+00      -1  -0.394E-04   20.00
  89   -88.0000    -300.000 0.1702   0.9839E-03  0.1691E-03 -0.9839E-03  0.0000E+00      -1  -0.394E-04   20.00
  90   -89.0000    -300.000 0.1702   0.9839E-03  0.1691E-03 -0.9839E-03  0.0000E+00      -1  -0.394E-04   20.00
  91   -90.0000    -300.000 0.1702   0.9839E-03  0.1691E-03 -0.9839E-03  0.0000E+00      -1  -0.394E-04   20.00
  92   -91.0000    -300.000 0.1702   0.9839E-03  0.1691E-03 -0.9839E-03  0.0000E+00      -1  -0.394E-04   20.00
  93   -92.0000    -300.000 0.1702   0.9839E-03  0.1691E-03 -0.9839E-03  0.0000E+00      -1  -0.394E-04   20.00
  94   -93.0000    -300.000 0.1702   0.9839E-03  0.1691E-03 -0.9839E-03  0.0000E+00      -1  -0.394E-04   20.00
  95   -94.0000    -300.000 0.1702   0.9839E-03  0.1691E-03 -0.9839E-03  0.0000E+00      -1  -0.394E-04   20.00
  96   -95.0000    -300.000 0.1702   0.9839E-03  0.1691E-03 -0.9839E-03  0.0000E+00      -1  -0.394E-04   20.00
  97   -96.0000    -300.000 0.1702   0.9839E-03  0.1691E-03 -0.9839E-03  0.0000E+00      -1  -0.394E-04   20.00
  98   -97.0000    -300.000 0.1702   0.9839E-03  0.1691E-03 -0.9839E-03  0.0000E+00      -1  -0.394E-04   20.00
  99   -98.0000    -300.000 0.1702   0.9839E-03  0.1691E-03 -0.9839E-03  0.0000E+00      -1  -0.394E-04   20.00
 100   -99.0000    -300.000 0.1702   0.9839E-03  0.1691E-03 -0.9839E-03  0.0000E+00      -1  -0.394E-04   20.00
 101  -100.0000    -300.000 0.1702   0.9839E-03  0.1691E-03 -0.9839E-03  0.0000E+00      -1  -0.394E-04   20.00
end


 Time:        0.0500


 Node      Depth      Head Moisture       K          C         Flux        Sink         Kappa   v/KsTop   Temp
           [L]        [L]    [-]        [L/T]      [1/L]      [L/T]        [1/T]         [-]      [-]      [C]

   1     0.0000      -2.803 0.4265   0.1310E+02  0.1890E-02 -0.3000E+02  0.0000E+00      -1  -0.120E+01   20.00
   2    -1.0000      -4.323 0.4233   0.1060E+02  0.2323E-02 -0.2963E+02  0.0000E+00      -1  -0.119E+01   20.00
   3    -2.0000      -6.467 0.4178   0.8102E+01  0.2737E-02 -0.2897E+02  0.0000E+00      -1  -0.116E+01   20.00
   4    -3.0000      -9.625 0.4085   0.5629E+01  0.3083E-02 -0.2781E+02  0.0000E+00      -1  -0.111E+01   20.00
   5    -4.0000     -14.661 0.3925   0.3339E+01  0.3235E-02 -0.2577E+02  0.0000E+00      -1  -0.103E+01   20.00
   6    -5.0000     -23.848 0.3637   0.1466E+01  0.2957E-02 -0.2223E+02  0.0000E+00      -1  -0.891E+00   20.00
   7    -6.0000     -44.686 0.3129   0.3641E+00  0.2000E-02 -0.1621E+02  0.0000E+00      -1  -0.649E+00   20.00
   8    -7.0000    -106.739 0.2376   0.2998E-01  0.7561E-03 -0.7467E+01  0.0000E+00      -1  -0.299E+00   20.00
   9    -8.0000    -264.839 0.1770   0.1563E-02  0.2068E-03 -0.1278E+01  0.0000E+00      -1  -0.512E-01   20.00
  10    -9.0000    -299.447 0.1703   0.9930E-03  0.1697E-03 -0.2352E-01  0.0000E+00      -1  -0.942E-03   20.00
  11   -10.0000    -299.993 0.1702   0.9840E-03  0.1691E-03 -0.1259E-02  0.0000E+00      -1  -0.505E-04   20.00
  12   -11.0000    -300.000 0.1702   0.9839E-03  0.1691E-03 -0.9872E-03  0.0000E+00      -1  -0.396E-04   20.00
  13   -12.0000    -300.000 0.1702   0.9839E-03  0.1691E-03 -0.9839E-03  0.0000E+00      -1  -0.394E-04   20.00
  14   -13.0000    -300.000 0.1702   0.9839E-03  0.1691E-03 -0.9839E-03  0.0000E+00      -1  -0.394E-04   20.00
  15   -14.0000    -300.000 0.1702   0.9839E-03  0.1691E-03 -0.9839E-03  0.0000E+00      -1  -0.394E-04   20.00
  16   -15.0000    -300.000 0.1702   0.9839E-03  0.1691E-03 -0.9839E-03  0.0000E+00      -1  -0.394E-04   20.00
  17   -16.0000    -300.000 0.1702   0.9839E-03  0.1691E-03 -0.9839E-03  0.0000E+00      -1  -0.394E-04   20.00
  18   -17.0000    -300.000 0.1702   0.9839E-03  0.1691E-03 -0.9839E-03  0.0000E+00      -1  -0.394E-04   20.00
  19   -18.0000    -300.000 0.1702   0.9839E-03  0.1691E-03 -0.9839E-03  0.0000E+00      -1  -0.394E-04   20.00
  20   -19.0000    -300.000 0.1702   0.9839E-03  0.1691E-03 -0.9839E-03  0.0000E+00      -1  -0.394E-04   20.00
  21   -20.0000    -300.000 0.1702   0.9839E-03  0.1691E-03 -0.9839E-03  0.0000E+00      -1  -0.394E-04   20.00
  22   -21.0000    -300.000 0.1702   0.9839E-03  0.1691E-03 -0.9839E-03  0.0000E+00      -1  -0.394E-04   20.00
  23   -22.0000    -300.000 0.1702   0.9839E-03  0.1691E-03 -0.9839E-03  0.0000E+00      -1  -0.394E-04   20.00
  24   -23.0000    -300.000 0.1702   0.9839E-03  0.1691E-03 -0.9839E-03  0.0000E+00      -1  -0.394E-04   20.00
  25   -24.0000    -300.000 0.1702   0.9839E-03  0.1691E-03 -0.9839E-03  0.0000E+00      -1  -0.394E-04   20.00
  26   -25.0000    -300.000 0.1702   0.9839E-03  0.1691E-03 -0.9839E-03  0.0000E+00      -1  -0.394E-04   20.00
  27   -26.0000    -300.000 0.1702   0.9839E-03  0.1691E-03 -0.9839E-03  0.0000E+00      -1  -0.394E-04   20.00
  28   -27.0000    -300.000 0.1702   0.9839E-03  0.1691E-03 -0.9839E-03  0.0000E+00      -1  -0.394E-04   20.00
  29   -28.0000    -300.000 0.1702   0.9839E-03  0.1691E-03 -0.9839E-03  0.0000E+00      -1  -0.394E-04   20.00
  30   -29.0000    -300.000 0.1702   0.9839E-03  0.1691E-03 -0.9839E-03  0.0000E+00      -1  -0.394E-04   20.00
  31   -30.0000    -300.000 0.1702   0.9839E-03  0.1691E-03 -0.9839E-03  0.0000E+00      -1  -0.394E-04   20.00
  32   -31.0000    -300.000 0.1702   0.9839E-03  0.1691E-03 -0.9839E-03  0.0000E+00      -1  -0.394E-04   20.00
  33   -32.0000    -300.000 0.1702   0.9839E-03  0.1691E-03 -0.9839E-03  0.0000E+00      -1  -0.394E-04   20.00
  34   -33.0000    -300.000 0.1702   0.9839E-03  0.1691E-03 -0.9839E-03  0.0000E+00      -1  -0.394E-04   20.00
  35   -34.0000    -300.000 0.1702   0.9839E-03  0.1691E-03 -0.9839E-03  0.0000E+00      -1  -0.394E-04   20.00
  36   -35.0000    -300.000 0.1702   0.9839E-03  0.1691E-03 -0.9839E-03  0.0000E+00      -1  -0.394E-04   20.00
  37   -36.0000    -300.000 0.1702   0.9839E-03  0.1691E-03 -0.9839E-03  0.0000E+00      -1  -0.394E-04   20.00
  38   -37.0000    -300.000 0.1702   0.9839E-03  0.1691E-03 -0.9839E-03  0.0000E+00      -1  -0.394E-04   20.00
  39   -38.0000    -300.000 0.1702   0.9839E-03  0.1691E-03 -0.9839E-03  0.0000E+00      -1  -0.394E-04   20.00
  40   -39.0000    -300.000 0.1702   0.9839E-03  0.1691E-03 -0.9839E-03  0.0000E+00      -1  -0.394E-04   20.00
  41   -40.0000    -300.000 0.1702   0.9839E-03  0.1691E-03 -0.9839E-03  0.0000E+00      -1  -0.394E-04   20.00
  42   -41.0000    -300.000 0.1702   0.9839E-03  0.1691E-03 -0.9839E-03  0.0000E+00      -1  -0.394E-04   20.00
  43   -42.0000    -300.000 0.1702   0.9839E-03  0.1691E-03 -0.9839E-03  0.0000E+00      -1  -0.394E-04   20.00
  44   -43.0000    -300.000 0.1702   0.9839E-03  0.1691E-03 -0.9839E-03  0.0000E+00      -1  -0.394E-04   20.00
  45   -44.0000    -300.000 0.1702   0.9839E-03  0.1691E-03 -0.9839E-03  0.0000E+00      -1  -0.394E-04   20.00
  46   -45.0000    -300.000 0.1702   0.9839E-03  0.1691E-03 -0.9839E-03  0.0000E+00      -1  -0.394E-04   20.00
  47   -46.0000    -300.000 0.1702   0.9839E-03  0.1691E-03 -0.9839E-03  0.0000E+00      -1  -0.394E-04   20.00
  48   -47.0000    -300.000 0.1702   0.9839E-03  0.1691E-03 -0.9839E-03  0.0000E+00      -1  -0.394E-04   20.00
  49   -48.0000    -300.000 0.1702   0.9839E-03  0.1691E-03 -0.9839E-03  0.0000E+00      -1  -0.394E-04   20.00
  50   -49.0000    -300.000 0.1702   0.9839E-03  0.1691E-03 -0.9839E-03  0.0000E+00      -1  -0.394E-04   20.00
  51   -50.0000    -300.000 0.1702   0.9839E-03  0.1691E-03 -0.9839E-03  0.0000E+00      -1  -0.394E-04   20.00
  52   -51.0000    -300.000 0.1702   0.9839E-03  0.1691E-03 -0.9839E-03  0.0000E+00      -1  -0.394E-04   20.00
  53   -52.0000    -300.000 0.1702   0.9839E-03  0.1691E-03 -0.9839E-03  0.0000E+00      -1  -0.394E-04   20.00
  54   -53.0000    -300.000 0.1702   0.9839E-03  0.1691E-03 -0.9839E-03  0.0000E+00      -1  -0.394E-04   20.00
  55   -54.0000    -300.000 0.1702   0.9839E-03  0.1691E-03 -0.9839E-03  0.0000E+00      -1  -0.394E-04   20.00
  56   -55.0000    -300.000 0.1702   0.9839E-03  0.1691E-03 -0.9839E-03  0.0000E+00      -1  -0.394E-04   20.00
  57   -56.0000    -300.000 0.1702   0.9839E-03  0.1691E-03 -0.9839E-03  0.0000E+00      -1  -0.394E-04   20.00
  58   -57.0000    -300.000 0.1702   0.9839E-03  0.1691E-03 -0.9839E-03  0.0000E+00      -1  -0.394E-04   20.00
  59   -58.0000    -300.000 0.1702   0.9839E-03  0.1691E-03 -0.9839E-03  0.0000E+00      -1  -0.394E-04   20.00
  60   -59.0000    -300.000 0.1702   0.9839E-03  0.1691E-03 -0.9839E-03  0.0000E+00      -1  -0.394E-04   20.00
  61   -60.0000    -300.000 0.1702   0.9839E-03  0.1691E-03 -0.9839E-03  0.0000E+00      -1  -0.394E-04   20.00
  62   -61.0000    -300.000 0.1702   0.9839E-03  0.1691E-03 -0.9839E-03  0.0000E+00      -1  -0.394E-04   20.00
  63   -62.0000    -300.000 0.1702   0.9839E-03  0.1691E-03 -0.9839E-03  0.0000E+00      -1  -0.394E-04   20.00
  64   -63.0000    -300.000 0.1702   0.9839E-03  0.1691E-03 -0.9839E-03  0.0000E+00      -1  -0.394E-04   20.00
  65   -64.0000    -300.000 0.1702   0.9839E-03  0.1691E-03 -0.9839E-03  0.0000E+00      -1  -0.394E-04   20.00
  66   -65.0000    -300.000 0.1702   0.9839E-03  0.1691E-03 -0.9839E-03  0.0000E+00      -1  -0.394E-04   20.00
  67   -66.0000    -300.000 0.1702   0.9839E-03  0.1691E-03 -0.9839E-03  0.0000E+00      -1  -0.394E-04   20.00
  68   -67.0000    -300.000 0.1702   0.9839E-03  0.1691E-03 -0.9839E-03  0.0000E+00      -1  -0.394E-04   20.00
  69   -68.0000    -300.000 0.1702   0.9839E-03  0.1691E-03 -0.9839E-03  0.0000E+00      -1  -0.394E-04   20.00
  70   -69.0000    -300.000 0.1702   0.9839E-03  0.1691E-03 -0.9839E-03  0.0000E+00      -1  -0.394E-04   20.00
  71   -70.0000    -300.000 0.1702   0.9839E-03  0.1691E-03 -0.9839E-03  0.0000E+00      -1  -0.394E-04   20.00
  72   -71.0000    -300.000 0.1702   0.9839E-03  0.1691E-03 -0.9839E-03  0.0000E+00      -1  -0.394E-04   20.00
  73   -72.0000    -300.000 0.1702   0.9839E-03  0.1691E-03 -0.9839E-03  0.0000E+00      -1  -0.394E-04   20.00
  74   -73.0000    -300.000 0.1702   0.9839E-03  0.1691E-03 -0.9839E-03  0.0000E+00      -1  -0.394E-04   20.00
  75   -74.0000    -300.000 0.1702   0.9839E-03  0.1691E-03 -0.9839E-03  0.0000E+00      -1  -0.394E-04   20.00
  76   -75.0000    -300.000 0.1702   0.9839E-03  0.1691E-03 -0.9839E-03  0.0000E+00      -1  -0.394E-04   20.00
  77   -76.0000    -300.000 0.1702   0.9839E-03  0.1691E-03 -0.9839E-03  0.0000E+00      -1  -0.394E-04   20.00
  78   -77.0000    -300.000 0.1702   0.9839E-03  0.1691E-03 -0.9839E-03  0.0000E+00      -1  -0.394E-04   20.00
  79   -78.0000    -300.000 0.1702   0.9839E-03  0.1691E-03 -0.9839E-03  0.0000E+00      -1  -0.394E-04   20.00
  80   -79.0000    -300.000 0.1702   0.9839E-03  0.1691E-03 -0.9839E-03  0.0000E+00      -1  -0.394E-04   20.00
  81   -80.0000    -300.000 0.1702   0.9839E-03  0.1691E-03 -0.9839E-03  0.0000E+00      -1  -0.394E-04   20.00
  82   -81.0000    -300.000 0.1702   0.9839E-03  0.1691E-03 -0.9839E-03  0.0000E+00      -1  -0.394E-04   20.00
  83   -82.0000    -300.000 0.1702   0.9839E-03  0.1691E-03 -0.9839E-03  0.0000E+00      -1  -0.394E-04   20.00
  84   -83.0000    -300.000 0.1702   0.9839E-03  0.1691E-03 -0.9839E-03  0.0000E+00      -1  -0.394E-04   20.00
  85   -84.0000    -300.000 0.1702   0.9839E-03  0.1691E-03 -0.9839E-03  0.0000E+00      -1  -0.394E-04   20.00
  86   -85.0000    -300.000 0.1702   0.9839E-03  0.1691E-03 -0.9839E-03  0.0000E+00      -1  -0.394E-04   20.00
  87   -86.0000    -300.000 0.1702   0.9839E-03  0.1691E-03 -0.9839E-03  0.0000E+00      -1  -0.394E-04   20.00
  88   -87.0000    -300.000 0.1702   0.9839E-03  0.1691E-03 -0.9839E-03  0.0000E+00      -1  -0.394E-04   20.00
  89   -88.0000    -300.000 0.1702   0.9839E-03  0.1691E-03 -0.9839E-03  0.0000E+00      -1  -0.394E-04   20.00
  90   -89.0000    -300.000 0.1702   0.9839E-03  0.1691E-03 -0.9839E-03  0.0000E+00      -1  -0.394E-04   20.00
  91   -90.0000    -300.000 0.1702   0.9839E-03  0.1691E-03 -0.9839E-03  0.0000E+00      -1  -0.394E-04   20.00
  92   -91.0000    -300.000 0.1702   0.9839E-03  0.1691E-03 -0.9839E-03  0.0000E+00      -1  -0.394E-04   20.00
  93   -92.0000    -300.000 0.1702   0.9839E-03  0.1691E-03 -0.9839E-03  0.0000E+00      -1  -0.394E-04   20.00
  94   -93.0000    -300.000 0.1702   0.9839E-03  0.1691E-03 -0.9839E-03  0.0000E+00      -1  -0.394E-04   20.00
  95   -94.0000    -300.000 0.1702   0.9839E-03  0.1691E-03 -0.9839E-03  0.0000E+00      -1  -0.394E-04   20.00
  96   -95.0000    -300.000 0.1702   0.9839E-03  0.1691E-03 -0.9839E-03  0.0000E+00      -1  -0.394E-04   20.00
  97   -96.0000    -300.000 0.1702   0.9839E-03  0.1691E-03 -0.9839E-03  0.0000E+00      -1  -0.394E-04   20.00
  98   -97.0000    -300.000 0.1702   0.9839E-03  0.1691E-03 -0.9839E-03  0.0000E+00      -1  -0.394E-04   20.00
  99   -98.0000    -300.000 0.1702   0.9839E-03  0.1691E-03 -0.9839E-03  0.0000E+00      -1  -0.394E-04   20.00
 100   -99.0000    -300.000 0.1702   0.9839E-03  0.1691E-03 -0.9839E-03  0.0000E+00      -1  -0.394E-04   20.00
 101  -100.0000    -300.000 0.1702   0.9839E-03  0.1691E-03 -0.9839E-03  0.0000E+00      -1  -0.394E-04   20.00
end


 Time:        0.1000


 Node      Depth      Head Moisture       K          C         Flux        Sink         Kappa   v/KsTop   Temp
           [L]        [L]    [-]        [L/T]      [1/L]      [L/T]        [1/T]         [-]      [-]      [C]

   1     0.0000       0.000 0.4300   0.2496E+02  0.0000E+00 -0.2793E+02  0.0000E+00      -1  -0.112E+01   20.00
   2    -1.0000      -0.189 0.4299   0.2200E+02  0.4337E-03 -0.2793E+02  0.0000E+00      -1  -0.112E+01   20.00
   3    -2.0000      -0.524 0.4297   0.1986E+02  0.7645E-03 -0.2792E+02  0.0000E+00      -1  -0.112E+01   20.00
   4    -3.0000      -1.007 0.4293   0.1779E+02  0.1097E-02 -0.2790E+02  0.0000E+00      -1  -0.112E+01   20.00
   5    -4.0000      -1.672 0.4284   0.1571E+02  0.1443E-02 -0.2784E+02  0.0000E+00      -1  -0.112E+01   20.00
   6    -5.0000      -2.570 0.4270   0.1358E+02  0.1807E-02 -0.2774E+02  0.0000E+00      -1  -0.111E+01   20.00
   7    -6.0000      -3.787 0.4245   0.1138E+02  0.2188E-02 -0.2753E+02  0.0000E+00      -1  -0.110E+01   20.00
   8    -7.0000      -5.454 0.4205   0.9165E+01  0.2565E-02 -0.2718E+02  0.0000E+00      -1  -0.109E+01   20.00
   9    -8.0000      -7.808 0.4140   0.6912E+01  0.2916E-02 -0.2657E+02  0.0000E+00      -1  -0.106E+01   20.00
  10    -9.0000     -11.314 0.4032   0.4704E+01  0.3174E-02 -0.2550E+02  0.0000E+00      -1  -0.102E+01   20.00
  11   -10.0000     -17.009 0.3849   0.2711E+01  0.3196E-02 -0.2358E+02  0.0000E+00      -1  -0.945E+00   20.00
  12   -11.0000     -27.691 0.3529   0.1114E+01  0.2769E-02 -0.2002E+02  0.0000E+00      -1  -0.802E+00   20.00
  13   -12.0000     -52.962 0.2979   0.2343E+00  0.1713E-02 -0.1385E+02  0.0000E+00      -1  -0.555E+00   20.00
  14   -13.0000    -132.072 0.2213   0.1522E-01  0.5665E-03 -0.5623E+01  0.0000E+00      -1  -0.225E+00   20.00
  15   -14.0000    -282.739 0.1736   0.1269E-02  0.1876E-03 -0.6353E+00  0.0000E+00      -1  -0.255E-01   20.00
  16   -15.0000    -299.749 0.1703   0.9880E-03  0.1694E-03 -0.1078E-01  0.0000E+00      -1  -0.432E-03   20.00
  17   -16.0000    -299.997 0.1702   0.9840E-03  0.1691E-03 -0.1109E-02  0.0000E+00      -1  -0.444E-04   20.00
  18   -17.0000    -300.000 0.1702   0.9839E-03  0.1691E-03 -0.9855E-03  0.0000E+00      -1  -0.395E-04   20.00
  19   -18.0000    -300.000 0.1702   0.9839E-03  0.1691E-03 -0.9839E-03  0.0000E+00      -1  -0.394E-04   20.00
  20   -19.0000    -300.000 0.1702   0.9839E-03  0.1691E-03 -0.9839E-03  0.0000E+00      -1  -0.394E-04   20.00
  21   -20.0000    -300.000 0.1702   0.9839E-03  0.1691E-03 -0.9839E-03  0.0000E+00      -1  -0.394E-04   20.00
  22   -21.0000    -300.000 0.1702   0.9839E-03  0.1691E-03 -0.9839E-03  0.0000E+00      -1  -0.394E-04   20.00
  23   -22.0000    -300.000 0.1702   0.9839E-03  0.1691E-03 -0.9839E-03  0.0000E+00      -1  -0.394E-04   20.00
  24   -23.0000    -300.000 0.1702   0.9839E-03  0.1691E-03 -0.9839E-03  0.0000E+00      -1  -0.394E-04   20.00
  25   -24.0000    -300.000 0.1702   0.9839E-03  0.1691E-03 -0.9839E-03  0.0000E+00      -1  -0.394E-04   20.00
  26   -25.0000    -300.000 0.1702   0.9839E-03  0.1691E-03 -0.9839E-03  0.0000E+00      -1  -0.394E-04   20.00
  27   -26.0000    -300.000 0.1702   0.9839E-03  0.1691E-03 -0.9839E-03  0.0000E+00      -1  -0.394E-04   20.00
  28   -27.0000    -300.000 0.1702   0.9839E-03  0.1691E-03 -0.9839E-03  0.0000E+00      -1  -0.394E-04   20.00
  29   -28.0000    -300.000 0.1702   0.9839E-03  0.1691E-03 -0.9839E-03  0.0000E+00      -1  -0.394E-04   20.00
  30   -29.0000    -300.000 0.1702   0.9839E-03  0.1691E-03 -0.9839E-03  0.0000E+00      -1  -0.394E-04   20.00
  31   -30.0000    -300.000 0.1702   0.9839E-03  0.1691E-03 -0.9839E-03  0.0000E+00      -1  -0.394E-04   20.00
  32   -31.0000    -300.000 0.1702   0.9839E-03  0.1691E-03 -0.9839E-03  0.0000E+00      -1  -0.394E-04   20.00
  33   -32.0000    -300.000 0.1702   0.9839E-03  0.1691E-03 -0.9839E-03  0.0000E+00      -1  -0.394E-04   20.00
  34   -33.0000    -300.000 0.1702   0.9839E-03  0.1691E-03 -0.9839E-03  0.0000E+00      -1  -0.394E-04   20.00
  35   -34.0000    -300.000 0.1702   0.9839E-03  0.1691E-03 -0.9839E-03  0.0000E+00      -1  -0.394E-04   20.00
  36   -35.0000    -300.000 0.1702   0.9839E-03  0.1691E-03 -0.9839E-03  0.0000E+00      -1  -0.394E-04   20.00
  37   -36.0000    -300.000 0.1702   0.9839E-03  0.1691E-03 -0.9839E-03  0.0000E+00      -1  -0.394E-04   20.00
  38   -37.0000    -300.000 0.1702   0.9839E-03  0.1691E-03 -0.9839E-03  0.0000E+00      -1  -0.394E-04   20.00
  39   -38.0000    -300.000 0.1702   0.9839E-03  0.1691E-03 -0.9839E-03  0.0000E+00      -1  -0.394E-04   20.00
  40   -39.0000    -300.000 0.1702   0.9839E-03  0.1691E-03 -0.9839E-03  0.0000E+00      -1  -0.394E-04   20.00
  41   -40.0000    -300.000 0.1702   0.9839E-03  0.1691E-03 -0.9839E-03  0.0000E+00      -1  -0.394E-04   20.00
  42   -41.0000    -300.000 0.1702   0.9839E-03  0.1691E-03 -0.9839E-03  0.0000E+00      -1  -0.394E-04   20.00
  43   -42.0000    -300.000 0.1702   0.9839E-03  0.1691E-03 -0.9839E-03  0.0000E+00      -1  -0.394E-04   20.00
  44   -43.0000    -300.000 0.1702   0.9839E-03  0.1691E-03 -0.9839E-03  0.0000E+00      -1  -0.394E-04   20.00
  45   -44.0000    -300.000 0.1702   0.9839E-03  0.1691E-03 -0.9839E-03  0.0000E+00      -1  -0.394E-04   20.00
  46   -45.0000    -300.000 0.1702   0.9839E-03  0.1691E-03 -0.9839E-03  0.0000E+00      -1  -0.394E-04   20.00
  47   -46.0000    -300.000 0.1702   0.9839E-03  0.1691E-03 -0.9839E-03  0.0000E+00      -1  -0.394E-04   20.00
  48   -47.0000    -300.000 0.1702   0.9839E-03  0.1691E-03 -0.9839E-03  0.0000E+00      -1  -0.394E-04   20.00
  49   -48.0000    -300.000 0.1702   0.9839E-03  0.1691E-03 -0.9839E-03  0.0000E+00      -1  -0.394E-04   20.00
  50   -49.0000    -300.000 0.1702   0.9839E-03  0.1691E-03 -0.9839E-03  0.0000E+00      -1  -0.394E-04   20.00
  51   -50.0000    -300.000 0.1702   0.9839E-03  0.1691E-03 -0.9839E-03  0.0000E+00      -1  -0.394E-04   20.00
  52   -51.0000    -300.000 0.1702   0.9839E-03  0.1691E-03 -0.9839E-03  0.0000E+00      -1  -0.394E-04   20.00
  53   -52.0000    -300.000 0.1702   0.9839E-03  0.1691E-03 -0.9839E-03  0.0000E+00      -1  -0.394E-04   20.00
  54   -53.0000    -300.000 0.1702   0.9839E-03  0.1691E-03 -0.9839E-03  0.0000E+00      -1  -0.394E-04   20.00
  55   -54.0000    -300.000 0.1702   0.9839E-03  0.1691E-03 -0.9839E-03  0.0000E+00      -1  -0.394E-04   20.00
  56   -55.0000    -300.000 0.1702   0.9839E-03  0.1691E-03 -0.9839E-03  0.0000E+00      -1  -0.394E-04   20.00
  57   -56.0000    -300.000 0.1702   0.9839E-03  0.1691E-03 -0.9839E-03  0.0000E+00      -1  -0.394E-04   20.00
  58   -57.0000    -300.000 0.1702   0.9839E-03  0.1691E-03 -0.9839E-03  0.0000E+00      -1  -0.394E-04   20.00
  59   -58.0000    -300.000 0.1702   0.9839E-03  0.1691E-03 -0.9839E-03  0.0000E+00      -1  -0.394E-04   20.00
  60   -59.0000    -300.000 0.1702   0.9839E-03  0.1691E-03 -0.9839E-03  0.0000E+00      -1  -0.394E-04   20.00
  61   -60.0000    -300.000 0.1702   0.9839E-03  0.1691E-03 -0.9839E-03  0.0000E+00      -1  -0.394E-04   20.00
  62   -61.0000    -300.000 0.1702   0.9839E-03  0.1691E-03 -0.9839E-03  0.0000E+00      -1  -0.394E-04   20.00
  63   -62.0000    -300.000 0.1702   0.9839E-03  0.1691E-03 -0.9839E-03  0.0000E+00      -1  -0.394E-04   20.00
  64   -63.0000    -300.000 0.1702   0.9839E-03  0.1691E-03 -0.9839E-03  0.0000E+00      -1  -0.394E-04   20.00
  65   -64.0000    -300.000 0.1702   0.9839E-03  0.1691E-03 -0.9839E-03  0.0000E+00      -1  -0.394E-04   20.00
  66   -65.0000    -300.000 0.1702   0.9839E-03  0.1691E-03 -0.9839E-03  0.0000E+00      -1  -0.394E-04   20.00
  67   -66.0000    -300.000 0.1702   0.9839E-03  0.1691E-03 -0.9839E-03  0.0000E+00      -1  -0.394E-04   20.00
  68   -67.0000    -300.000 0.1702   0.9839E-03  0.1691E-03 -0.9839E-03  0.0000E+00      -1  -0.394E-04   20.00
  69   -68.0000    -300.000 0.1702   0.9839E-03  0.1691E-03 -0.9839E-03  0.0000E+00      -1  -0.394E-04   20.00
  70   -69.0000    -300.000 0.1702   0.9839E-03  0.1691E-03 -0.9839E-03  0.0000E+00      -1  -0.394E-04   20.00
  71   -70.0000    -300.000 0.1702   0.9839E-03  0.1691E-03 -0.9839E-03  0.0000E+00      -1  -0.394E-04   20.00
  72   -71.0000    -300.000 0.1702   0.9839E-03  0.1691E-03 -0.9839E-03  0.0000E+00      -1  -0.394E-04   20.00
  73   -72.0000    -300.000 0.1702   0.9839E-03  0.1691E-03 -0.9839E-03  0.0000E+00      -1  -0.394E-04   20.00
  74   -73.0000    -300.000 0.1702   0.9839E-03  0.1691E-03 -0.9839E-03  0.0000E+00      -1  -0.394E-04   20.00
  75   -74.0000    -300.000 0.1702   0.9839E-03  0.1691E-03 -0.9839E-03  0.0000E+00      -1  -0.394E-04   20.00
  76   -75.0000    -300.000 0.1702   0.9839E-03  0.1691E-03 -0.9839E-03  0.0000E+00      -1  -0.394E-04   20.00
  77   -76.0000    -300.000 0.1702   0.9839E-03  0.1691E-03 -0.9839E-03  0.0000E+00      -1  -0.394E-04   20.00
  78   -77.0000    -300.000 0.1702   0.9839E-03  0.1691E-03 -0.9839E-03  0.0000E+00      -1  -0.394E-04   20.00
  79   -78.0000    -300.000 0.1702   0.9839E-03  0.1691E-03 -0.9839E-03  0.0000E+00      -1  -0.394E-04   20.00
  80   -79.0000    -300.000 0.1702   0.9839E-03  0.1691E-03 -0.9839E-03  0.0000E+00      -1  -0.394E-04   20.00
  81   -80.0000    -300.000 0.1702   0.9839E-03  0.1691E-03 -0.9839E-03  0.0000E+00      -1  -0.394E-04   20.00
  82   -81.0000    -300.000 0.1702   0.9839E-03  0.1691E-03 -0.9839E-03  0.0000E+00      -1  -0.394E-04   20.00
  83   -82.0000    -300.000 0.1702   0.9839E-03  0.1691E-03 -0.9839E-03  0.0000E+00      -1  -0.394E-04   20.00
  84   -83.0000    -300.000 0.1702   0.9839E-03  0.1691E-03 -0.9839E-03  0.0000E+00      -1  -0.394E-04   20.00
  85   -84.0000    -300.000 0.1702   0.9839E-03  0.1691E-03 -0.9839E-03  0.0000E+00      -1  -0.394E-04   20.00
  86   -85.0000    -300.000 0.1702   0.9839E-03  0.1691E-03 -0.9839E-03  0.0000E+00      -1  -0.394E-04   20.00
  87   -86.0000    -300.000 0.1702   0.9839E-03  0.1691E-03 -0.9839E-03  0.0000E+00      -1  -0.394E-04   20.00
  88   -87.0000    -300.000 0.1702   0.9839E-03  0.1691E-03 -0.9839E-03  0.0000E+00      -1  -0.394E-04   20.00
  89   -88.0000    -300.000 0.1702   0.9839E-03  0.1691E-03 -0.9839E-03  0.0000E+00      -1  -0.394E-04   20.00
  90   -89.0000    -300.000 0.1702   0.9839E-03  0.1691E-03 -0.9839E-03  0.0000E+00      -1  -0.394E-04   20.00
  91   -90.0000    -300.000 0.1702   0.9839E-03  0.1691E-03 -0.9839E-03  0.0000E+00      -1  -0.394E-04   20.00
  92   -91.0000    -300.000 0.1702   0.9839E-03  0.1691E-03 -0.9839E-03  0.0000E+00      -1  -0.394E-04   20.00
  93   -92.0000    -300.000 0.1702   0.9839E-03  0.1691E-03 -0.9839E-03  0.0000E+00      -1  -0.394E-04   20.00
  94   -93.0000    -300.000 0.1702   0.9839E-03  0.1691E-03 -0.9839E-03  0.0000E+00      -1  -0.394E-04   20.00
  95   -94.0000    -300.000 0.1702   0.9839E-03  0.1691E-03 -0.9839E-03  0.0000E+00      -1  -0.394E-04   20.00
  96   -95.0000    -300.000 0.1702   0.9839E-03  0.1691E-03 -0.9839E-03  0.0000E+00      -1  -0.394E-04   20.00
  97   -96.0000    -300.000 0.1702   0.9839E-03  0.1691E-03 -0.9839E-03  0.0000E+00      -1  -0.394E-04   20.00
  98   -97.0000    -300.000 0.1702   0.9839E-03  0.1691E-03 -0.9839E-03  0.0000E+00      -1  -0.394E-04   20.00
  99   -98.0000    -300.000 0.1702   0.9839E-03  0.1691E-03 -0.9839E-03  0.0000E+00      -1  -0.394E-04   20.00
 100   -99.0000    -300.000 0.1702   0.9839E-03  0.1691E-03 -0.9839E-03  0.0000E+00      -1  -0.394E-04   20.00
 101  -100.0000    -300.000 0.1702   0.9839E-03  0.1691E-03 -0.9839E-03  0.0000E+00      -1  -0.394E-04   20.00
end


 Time:        0.1500


 Node      Depth      Head Moisture       K          C         Flux        Sink         Kappa   v/KsTop   Temp
           [L]        [L]    [-]        [L/T]      [1/L]      [L/T]        [1/T]         [-]      [-]      [C]

   1     0.0000       0.000 0.4300   0.2496E+02  0.0000E+00 -0.2501E+02  0.0000E+00      -1  -0.100E+01   20.00
   2    -1.0000      -0.019 0.4300   0.2413E+02  0.1191E-03 -0.2501E+02  0.0000E+00      -1  -0.100E+01   20.00
   3    -2.0000      -0.077 0.4300   0.2316E+02  0.2602E-03 -0.2501E+02  0.0000E+00      -1  -0.100E+01   20.00
   4    -3.0000      -0.182 0.4300   0.2206E+02  0.4239E-03 -0.2501E+02  0.0000E+00      -1  -0.100E+01   20.00
   5    -4.0000      -0.347 0.4299   0.2086E+02  0.6076E-03 -0.2500E+02  0.0000E+00      -1  -0.100E+01   20.00
   6    -5.0000      -0.584 0.4297   0.1955E+02  0.8122E-03 -0.2499E+02  0.0000E+00      -1  -0.100E+01   20.00
   7    -6.0000      -0.909 0.4294   0.1815E+02  0.1038E-02 -0.2496E+02  0.0000E+00      -1  -0.100E+01   20.00
   8    -7.0000      -1.343 0.4289   0.1667E+02  0.1282E-02 -0.2492E+02  0.0000E+00      -1  -0.998E+00   20.00
   9    -8.0000      -1.911 0.4281   0.1508E+02  0.1550E-02 -0.2485E+02  0.0000E+00      -1  -0.996E+00   20.00
  10    -9.0000      -2.652 0.4268   0.1342E+02  0.1835E-02 -0.2474E+02  0.0000E+00      -1  -0.991E+00   20.00
  11   -10.0000      -3.621 0.4249   0.1164E+02  0.2143E-02 -0.2457E+02  0.0000E+00      -1  -0.984E+00   20.00
  12   -11.0000      -4.899 0.4219   0.9831E+01  0.2454E-02 -0.2429E+02  0.0000E+00      -1  -0.973E+00   20.00
  13   -12.0000      -6.610 0.4174   0.7968E+01  0.2758E-02 -0.2388E+02  0.0000E+00      -1  -0.957E+00   20.00
  14   -13.0000      -8.980 0.4105   0.6050E+01  0.3033E-02 -0.2322E+02  0.0000E+00      -1  -0.930E+00   20.00
  15   -14.0000     -12.433 0.3997   0.4200E+01  0.3206E-02 -0.2217E+02  0.0000E+00      -1  -0.888E+00   20.00
  16   -15.0000     -17.864 0.3822   0.2492E+01  0.3179E-02 -0.2046E+02  0.0000E+00      -1  -0.820E+00   20.00
  17   -16.0000     -27.607 0.3531   0.1121E+01  0.2773E-02 -0.1752E+02  0.0000E+00      -1  -0.702E+00   20.00
  18   -17.0000     -48.921 0.3047   0.2794E+00  0.1839E-02 -0.1257E+02  0.0000E+00      -1  -0.504E+00   20.00
  19   -18.0000    -109.995 0.2352   0.2736E-01  0.7265E-03 -0.5846E+01  0.0000E+00      -1  -0.234E+00   20.00
  20   -19.0000    -258.531 0.1783   0.1668E-02  0.2137E-03 -0.1113E+01  0.0000E+00      -1  -0.446E-01   20.00
  21   -20.0000    -299.099 0.1704   0.9987E-03  0.1701E-03 -0.2865E-01  0.0000E+00      -1  -0.115E-02   20.00
  22   -21.0000    -299.986 0.1702   0.9841E-03  0.1691E-03 -0.1434E-02  0.0000E+00      -1  -0.575E-04   20.00
  23   -22.0000    -300.000 0.1702   0.9839E-03  0.1691E-03 -0.9910E-03  0.0000E+00      -1  -0.397E-04   20.00
  24   -23.0000    -300.000 0.1702   0.9839E-03  0.1691E-03 -0.9840E-03  0.0000E+00      -1  -0.394E-04   20.00
  25   -24.0000    -300.000 0.1702   0.9839E-03  0.1691E-03 -0.9839E-03  0.0000E+00      -1  -0.394E-04   20.00
  26   -25.0000    -300.000 0.1702   0.9839E-03  0.1691E-03 -0.9839E-03  0.0000E+00      -1  -0.394E-04   20.00
  27   -26.0000    -300.000 0.1702   0.9839E-03  0.1691E-03 -0.9839E-03  0.0000E+00      -1  -0.394E-04   20.00
  28   -27.0000    -300.000 0.1702   0.9839E-03  0.1691E-03 -0.9839E-03  0.0000E+00      -1  -0.394E-04   20.00
  29   -28.0000    -300.000 0.1702   0.9839E-03  0.1691E-03 -0.9839E-03  0.0000E+00      -1  -0.394E-04   20.00
  30   -29.0000    -300.000 0.1702   0.9839E-03  0.1691E-03 -0.9839E-03  0.0000E+00      -1  -0.394E-04   20.00
  31   -30.0000    -300.000 0.1702   0.9839E-03  0.1691E-03 -0.9839E-03  0.0000E+00      -1  -0.394E-04   20.00
  32   -31.0000    -300.000 0.1702   0.9839E-03  0.1691E-03 -0.9839E-03  0.0000E+00      -1  -0.394E-04   20.00
  33   -32.0000    -300.000 0.1702   0.9839E-03  0.1691E-03 -0.9839E-03  0.0000E+00      -1  -0.394E-04   20.00
  34   -33.0000    -300.000 0.1702   0.9839E-03  0.1691E-03 -0.9839E-03  0.0000E+00      -1  -0.394E-04   20.00
  35   -34.0000    -300.000 0.1702   0.9839E-03  0.1691E-03 -0.9839E-03  0.0000E+00      -1  -0.394E-04   20.00
  36   -35.0000    -300.000 0.1702   0.9839E-03  0.1691E-03 -0.9839E-03  0.0000E+00      -1  -0.394E-04   20.00
  37   -36.0000    -300.000 0.1702   0.9839E-03  0.1691E-03 -0.9839E-03  0.0000E+00      -1  -0.394E-04   20.00
  38   -37.0000    -300.000 0.1702   0.9839E-03  0.1691E-03 -0.9839E-03  0.0000E+00      -1  -0.394E-04   20.00
  39   -38.0000    -300.000 0.1702   0.9839E-03  0.1691E-03 -0.9839E-03  0.0000E+00      -1  -0.394E-04   20.00
  40   -39.0000    -300.000 0.1702   0.9839E-03  0.1691E-03 -0.9839E-03  0.0000E+00      -1  -0.394E-04   20.00
  41   -40.0000    -300.000 0.1702   0.9839E-03  0.1691E-03 -0.9839E-03  0.0000E+00      -1  -0.394E-04   20.00
  42   -41.0000    -300.000 0.1702   0.9839E-03  0.1691E-03 -0.9839E-03  0.0000E+00      -1  -0.394E-04   20.00
  43   -42.0000    -300.000 0.1702   0.9839E-03  0.1691E-03 -0.9839E-03  0.0000E+00      -1  -0.394E-04   20.00
  44   -43.0000    -300.000 0.1702   0.9839E-03  0.1691E-03 -0.9839E-03  0.0000E+00      -1  -0.394E-04   20.00
  45   -44.0000    -300.000 0.1702   0.9839E-03  0.1691E-03 -0.9839E-03  0.0000E+00      -1  -0.394E-04   20.00
  46   -45.0000    -300.000 0.1702   0.9839E-03  0.1691E-03 -0.9839E-03  0.0000E+00      -1  -0.394E-04   20.00
  47   -46.0000    -300.000 0.1702   0.9839E-03  0.1691E-03 -0.9839E-03  0.0000E+00      -1  -0.394E-04   20.00
  48   -47.0000    -300.000 0.1702   0.9839E-03  0.1691E-03 -0.9839E-03  0.0000E+00      -1  -0.394E-04   20.00
  49   -48.0000    -300.000 0.1702   0.9839E-03  0.1691E-03 -0.9839E-03  0.0000E+00      -1  -0.394E-04   20.00
  50   -49.0000    -300.000 0.1702   0.9839E-03  0.1691E-03 -0.9839E-03  0.0000E+00      -1  -0.394E-04   20.00
  51   -50.0000    -300.000 0.1702   0.9839E-03  0.1691E-03 -0.9839E-03  0.0000E+00      -1  -0.394E-04   20.00
  52   -51.0000    -300.000 0.1702   0.9839E-03  0.1691E-03 -0.9839E-03  0.0000E+00      -1  -0.394E-04   20.00
  53   -52.0000    -300.000 0.1702   0.9839E-03  0.1691E-03 -0.9839E-03  0.0000E+00      -1  -0.394E-04   20.00
  54   -53.0000    -300.000 0.1702   0.9839E-03  0.1691E-03 -0.9839E-03  0.0000E+00      -1  -0.394E-04   20.00
  55   -54.0000    -300.000 0.1702   0.9839E-03  0.1691E-03 -0.9839E-03  0.0000E+00      -1  -0.394E-04   20.00
  56   -55.0000    -300.000 0.1702   0.9839E-03  0.1691E-03 -0.9839E-03  0.0000E+00      -1  -0.394E-04   20.00
  57   -56.0000    -300.000 0.1702   0.9839E-03  0.1691E-03 -0.9839E-03  0.0000E+00      -1  -0.394E-04   20.00
  58   -57.0000    -300.000 0.1702   0.9839E-03  0.1691E-03 -0.9839E-03  0.0000E+00      -1  -0.394E-04   20.00
  59   -58.0000    -300.000 0.1702   0.9839E-03  0.1691E-03 -0.9839E-03  0.0000E+00      -1  -0.394E-04   20.00
  60   -59.0000    -300.000 0.1702   0.9839E-03  0.1691E-03 -0.9839E-03  0.0000E+00      -1  -0.394E-04   20.00
  61   -60.0000    -300.000 0.1702   0.9839E-03  0.1691E-03 -0.9839E-03  0.0000E+00      -1  -0.394E-04   20.00
  62   -61.0000    -300.000 0.1702   0.9839E-03  0.1691E-03 -0.9839E-03  0.0000E+00      -1  -0.394E-04   20.00
  63   -62.0000    -300.000 0.1702   0.9839E-03  0.1691E-03 -0.9839E-03  0.0000E+00      -1  -0.394E-04   20.00
  64   -63.0000    -300.000 0.1702   0.9839E-03  0.1691E-03 -0.9839E-03  0.0000E+00      -1  -0.394E-04   20.00
  65   -64.0000    -300.000 0.1702   0.9839E-03  0.1691E-03 -0.9839E-03  0.0000E+00      -1  -0.394E-04   20.00
  66   -65.0000    -300.000 0.1702   0.9839E-03  0.1691E-03 -0.9839E-03  0.0000E+00      -1  -0.394E-04   20.00
  67   -66.0000    -300.000 0.1702   0.9839E-03  0.1691E-03 -0.9839E-03  0.0000E+00      -1  -0.394E-04   20.00
  68   -67.0000    -300.000 0.1702   0.9839E-03  0.1691E-03 -0.9839E-03  0.0000E+00      -1  -0.394E-04   20.00
  69   -68.0000    -300.000 0.1702   0.9839E-03  0.1691E-03 -0.9839E-03  0.0000E+00      -1  -0.394E-04   20.00
  70   -69.0000    -300.000 0.1702   0.9839E-03  0.1691E-03 -0.9839E-03  0.0000E+00      -1  -0.394E-04   20.00
  71   -70.0000    -300.000 0.1702   0.9839E-03  0.1691E-03 -0.9839E-03  0.0000E+00      -1  -0.394E-04   20.00
  72   -71.0000    -300.000 0.1702   0.9839E-03  0.1691E-03 -0.9839E-03  0.0000E+00      -1  -0.394E-04   20.00
  73   -72.0000    -300.000 0.1702   0.9839E-03  0.1691E-03 -0.9839E-03  0.0000E+00      -1  -0.394E-04   20.00
  74   -73.0000    -300.000 0.1702   0.9839E-03  0.1691E-03 -0.9839E-03  0.0000E+00      -1  -0.394E-04   20.00
  75   -74.0000    -300.000 0.1702   0.9839E-03  0.1691E-03 -0.9839E-03  0.0000E+00      -1  -0.394E-04   20.00
  76   -75.0000    -300.000 0.1702   0.9839E-03  0.1691E-03 -0.9839E-03  0.0000E+00      -1  -0.394E-04   20.00
  77   -76.0000    -300.000 0.1702   0.9839E-03  0.1691E-03 -0.9839E-03  0.0000E+00      -1  -0.394E-04   20.00
  78   -77.0000    -300.000 0.1702   0.9839E-03  0.1691E-03 -0.9839E-03  0.0000E+00      -1  -0.394E-04   20.00
  79   -78.0000    -300.000 0.1702   0.9839E-03  0.1691E-03 -0.9839E-03  0.0000E+00      -1  -0.394E-04   20.00
  80   -79.0000    -300.000 0.1702   0.9839E-03  0.1691E-03 -0.9839E-03  0.0000E+00      -1  -0.394E-04   20.00
  81   -80.0000    -300.000 0.1702   0.9839E-03  0.1691E-03 -0.9839E-03  0.0000E+00      -1  -0.394E-04   20.00
  82   -81.0000    -300.000 0.1702   0.9839E-03  0.1691E-03 -0.9839E-03  0.0000E+00      -1  -0.394E-04   20.00
  83   -82.0000    -300.000 0.1702   0.9839E-03  0.1691E-03 -0.9839E-03  0.0000E+00      -1  -0.394E-04   20.00
  84   -83.0000    -300.000 0.1702   0.9839E-03  0.1691E-03 -0.9839E-03  0.0000E+00      -1  -0.394E-04   20.00
  85   -84.0000    -300.000 0.1702   0.9839E-03  0.1691E-03 -0.9839E-03  0.0000E+00      -1  -0.394E-04   20.00
  86   -85.0000    -300.000 0.1702   0.9839E-03  0.1691E-03 -0.9839E-03  0.0000E+00      -1  -0.394E-04   20.00
  87   -86.0000    -300.000 0.1702   0.9839E-03  0.1691E-03 -0.9839E-03  0.0000E+00      -1  -0.394E-04   20.00
  88   -87.0000    -300.000 0.1702   0.9839E-03  0.1691E-03 -0.9839E-03  0.0000E+00      -1  -0.394E-04   20.00
  89   -88.0000    -300.000 0.1702   0.9839E-03  0.1691E-03 -0.9839E-03  0.0000E+00      -1  -0.394E-04   20.00
  90   -89.0000    -300.000 0.1702   0.9839E-03  0.1691E-03 -0.9839E-03  0.0000E+00      -1  -0.394E-04   20.00
  91   -90.0000    -300.000 0.1702   0.9839E-03  0.1691E-03 -0.9839E-03  0.0000E+00      -1  -0.394E-04   20.00
  92   -91.0000    -300.000 0.1702   0.9839E-03  0.1691E-03 -0.9839E-03  0.0000E+00      -1  -0.394E-04   20.00
  93   -92.0000    -300.000 0.1702   0.9839E-03  0.1691E-03 -0.9839E-03  0.0000E+00      -1  -0.394E-04   20.00
  94   -93.0000    -300.000 0.1702   0.9839E-03  0.1691E-03 -0.9839E-03  0.0000E+00      -1  -0.394E-04   20.00
  95   -94.0000    -300.000 0.1702   0.9839E-03  0.1691E-03 -0.9839E-03  0.0000E+00      -1  -0.394E-04   20.00
  96   -95.0000    -300.000 0.1702   0.9839E-03  0.1691E-03 -0.9839E-03  0.0000E+00      -1  -0.394E-04   20.00
  97   -96.0000    -300.000 0.1702   0.9839E-03  0.1691E-03 -0.9839E-03  0.0000E+00      -1  -0.394E-04   20.00
  98   -97.0000    -300.000 0.1702   0.9839E-03  0.1691E-03 -0.9839E-03  0.0000E+00      -1  -0.394E-04   20.00
  99   -98.0000    -300.000 0.1702   0.9839E-03  0.1691E-03 -0.9839E-03  0.0000E+00      -1  -0.394E-04   20.00
 100   -99.0000    -300.000 0.1702   0.9839E-03  0.1691E-03 -0.9839E-03  0.0000E+00      -1  -0.394E-04   20.00
 101  -100.0000    -300.000 0.1702   0.9839E-03  0.1691E-03 -0.9839E-03  0.0000E+00      -1  -0.394E-04   20.00
end


 Time:        0.2000


 Node      Depth      Head Moisture       K          C         Flux        Sink         Kappa   v/KsTop   Temp
           [L]        [L]    [-]        [L/T]      [1/L]      [L/T]        [1/T]         [-]      [-]      [C]

   1     0.0000       0.000 0.4300   0.2496E+02  0.0000E+00 -0.2444E+02  0.0000E+00      -1  -0.979E+00   20.00
   2    -1.0000       0.020 0.4300   0.2490E+02  0.8162E-05 -0.2444E+02  0.0000E+00      -1  -0.979E+00   20.00
   3    -2.0000       0.036 0.4300   0.2477E+02  0.2740E-04 -0.2444E+02  0.0000E+00      -1  -0.979E+00   20.00
   4    -3.0000       0.047 0.4300   0.2465E+02  0.4399E-04 -0.2443E+02  0.0000E+00      -1  -0.979E+00   20.00
   5    -4.0000       0.042 0.4300   0.2399E+02  0.1398E-03 -0.2443E+02  0.0000E+00      -1  -0.979E+00   20.00
   6    -5.0000       0.008 0.4300   0.2326E+02  0.2463E-03 -0.2442E+02  0.0000E+00      -1  -0.978E+00   20.00
   7    -6.0000      -0.057 0.4300   0.2256E+02  0.3502E-03 -0.2440E+02  0.0000E+00      -1  -0.978E+00   20.00
   8    -7.0000      -0.157 0.4300   0.2179E+02  0.4648E-03 -0.2440E+02  0.0000E+00      -1  -0.977E+00   20.00
   9    -8.0000      -0.300 0.4299   0.2091E+02  0.5997E-03 -0.2440E+02  0.0000E+00      -1  -0.977E+00   20.00
  10    -9.0000      -0.496 0.4298   0.1989E+02  0.7597E-03 -0.2441E+02  0.0000E+00      -1  -0.978E+00   20.00
  11   -10.0000      -0.761 0.4295   0.1871E+02  0.9465E-03 -0.2443E+02  0.0000E+00      -1  -0.979E+00   20.00
  12   -11.0000      -1.114 0.4292   0.1740E+02  0.1160E-02 -0.2444E+02  0.0000E+00      -1  -0.979E+00   20.00
  13   -12.0000      -1.579 0.4286   0.1598E+02  0.1397E-02 -0.2445E+02  0.0000E+00      -1  -0.979E+00   20.00
  14   -13.0000      -2.186 0.4276   0.1444E+02  0.1659E-02 -0.2442E+02  0.0000E+00      -1  -0.978E+00   20.00
  15   -14.0000      -2.979 0.4262   0.1278E+02  0.1946E-02 -0.2434E+02  0.0000E+00      -1  -0.975E+00   20.00
  16   -15.0000      -4.016 0.4240   0.1106E+02  0.2243E-02 -0.2417E+02  0.0000E+00      -1  -0.968E+00   20.00
  17   -16.0000      -5.384 0.4207   0.9257E+01  0.2550E-02 -0.2388E+02  0.0000E+00      -1  -0.957E+00   20.00
  18   -17.0000      -7.233 0.4157   0.7375E+01  0.2850E-02 -0.2340E+02  0.0000E+00      -1  -0.938E+00   20.00
  19   -18.0000      -9.815 0.4079   0.5525E+01  0.3093E-02 -0.2263E+02  0.0000E+00      -1  -0.907E+00   20.00
  20   -19.0000     -13.592 0.3959   0.3750E+01  0.3221E-02 -0.2141E+02  0.0000E+00      -1  -0.858E+00   20.00
  21   -20.0000     -19.625 0.3767   0.2125E+01  0.3127E-02 -0.1941E+02  0.0000E+00      -1  -0.778E+00   20.00
  22   -21.0000     -30.749 0.3446   0.8718E+00  0.2620E-02 -0.1621E+02  0.0000E+00      -1  -0.649E+00   20.00
  23   -22.0000     -56.459 0.2920   0.1952E+00  0.1604E-02 -0.1124E+02  0.0000E+00      -1  -0.450E+00   20.00
  24   -23.0000    -133.814 0.2204   0.1469E-01  0.5571E-03 -0.4702E+01  0.0000E+00      -1  -0.188E+00   20.00
  25   -24.0000    -280.583 0.1740   0.1305E-02  0.1900E-03 -0.6023E+00  0.0000E+00      -1  -0.241E-01   20.00
  26   -25.0000    -299.664 0.1703   0.9895E-03  0.1695E-03 -0.1218E-01  0.0000E+00      -1  -0.488E-03   20.00
  27   -26.0000    -299.995 0.1702   0.9840E-03  0.1691E-03 -0.1151E-02  0.0000E+00      -1  -0.461E-04   20.00
  28   -27.0000    -300.000 0.1702   0.9839E-03  0.1691E-03 -0.9864E-03  0.0000E+00      -1  -0.395E-04   20.00
  29   -28.0000    -300.000 0.1702   0.9839E-03  0.1691E-03 -0.9839E-03  0.0000E+00      -1  -0.394E-04   20.00
  30   -29.0000    -300.000 0.1702   0.9839E-03  0.1691E-03 -0.9839E-03  0.0000E+00      -1  -0.394E-04   20.00
  31   -30.0000    -300.000 0.1702   0.9839E-03  0.1691E-03 -0.9839E-03  0.0000E+00      -1  -0.394E-04   20.00
  32   -31.0000    -300.000 0.1702   0.9839E-03  0.1691E-03 -0.9839E-03  0.0000E+00      -1  -0.394E-04   20.00
  33   -32.0000    -300.000 0.1702   0.9839E-03  0.1691E-03 -0.9839E-03  0.0000E+00      -1  -0.394E-04   20.00
  34   -33.0000    -300.000 0.1702   0.9839E-03  0.1691E-03 -0.9839E-03  0.0000E+00      -1  -0.394E-04   20.00
  35   -34.0000    -300.000 0.1702   0.9839E-03  0.1691E-03 -0.9839E-03  0.0000E+00      -1  -0.394E-04   20.00
  36   -35.0000    -300.000 0.1702   0.9839E-03  0.1691E-03 -0.9839E-03  0.0000E+00      -1  -0.394E-04   20.00
  37   -36.0000    -300.000 0.1702   0.9839E-03  0.1691E-03 -0.9839E-03  0.0000E+00      -1  -0.394E-04   20.00
  38   -37.0000    -300.000 0.1702   0.9839E-03  0.1691E-03 -0.9839E-03  0.0000E+00      -1  -0.394E-04   20.00
  39   -38.0000    -300.000 0.1702   0.9839E-03  0.1691E-03 -0.9839E-03  0.0000E+00      -1  -0.394E-04   20.00
  40   -39.0000    -300.000 0.1702   0.9839E-03  0.1691E-03 -0.9839E-03  0.0000E+00      -1  -0.394E-04   20.00
  41   -40.0000    -300.000 0.1702   0.9839E-03  0.1691E-03 -0.9839E-03  0.0000E+00      -1  -0.394E-04   20.00
  42   -41.0000    -300.000 0.1702   0.9839E-03  0.1691E-03 -0.9839E-03  0.0000E+00      -1  -0.394E-04   20.00
  43   -42.0000    -300.000 0.1702   0.9839E-03  0.1691E-03 -0.9839E-03  0.0000E+00      -1  -0.394E-04   20.00
  44   -43.0000    -300.000 0.1702   0.9839E-03  0.1691E-03 -0.9839E-03  0.0000E+00      -1  -0.394E-04   20.00
  45   -44.0000    -300.000 0.1702   0.9839E-03  0.1691E-03 -0.9839E-03  0.0000E+00      -1  -0.394E-04   20.00
  46   -45.0000    -300.000 0.1702   0.9839E-03  0.1691E-03 -0.9839E-03  0.0000E+00      -1  -0.394E-04   20.00
  47   -46.0000    -300.000 0.1702   0.9839E-03  0.1691E-03 -0.9839E-03  0.0000E+00      -1  -0.394E-04   20.00
  48   -47.0000    -300.000 0.1702   0.9839E-03  0.1691E-03 -0.9839E-03  0.0000E+00      -1  -0.394E-04   20.00
  49   -48.0000    -300.000 0.1702   0.9839E-03  0.1691E-03 -0.9839E-03  0.0000E+00      -1  -0.394E-04   20.00
  50   -49.0000    -300.000 0.1702   0.9839E-03  0.1691E-03 -0.9839E-03  0.0000E+00      -1  -0.394E-04   20.00
  51   -50.0000    -300.000 0.1702   0.9839E-03  0.1691E-03 -0.9839E-03  0.0000E+00      -1  -0.394E-04   20.00
  52   -51.0000    -300.000 0.1702   0.9839E-03  0.1691E-03 -0.9839E-03  0.0000E+00      -1  -0.394E-04   20.00
  53   -52.0000    -300.000 0.1702   0.9839E-03  0.1691E-03 -0.9839E-03  0.0000E+00      -1  -0.394E-04   20.00
  54   -53.0000    -300.000 0.1702   0.9839E-03  0.1691E-03 -0.9839E-03  0.0000E+00      -1  -0.394E-04   20.00
  55   -54.0000    -300.000 0.1702   0.9839E-03  0.1691E-03 -0.9839E-03  0.0000E+00      -1  -0.394E-04   20.00
  56   -55.0000    -300.000 0.1702   0.9839E-03  0.1691E-03 -0.9839E-03  0.0000E+00      -1  -0.394E-04   20.00
  57   -56.0000    -300.000 0.1702   0.9839E-03  0.1691E-03 -0.9839E-03  0.0000E+00      -1  -0.394E-04   20.00
  58   -57.0000    -300.000 0.1702   0.9839E-03  0.1691E-03 -0.9839E-03  0.0000E+00      -1  -0.394E-04   20.00
  59   -58.0000    -300.000 0.1702   0.9839E-03  0.1691E-03 -0.9839E-03  0.0000E+00      -1  -0.394E-04   20.00
  60   -59.0000    -300.000 0.1702   0.9839E-03  0.1691E-03 -0.9839E-03  0.0000E+00      -1  -0.394E-04   20.00
  61   -60.0000    -300.000 0.1702   0.9839E-03  0.1691E-03 -0.9839E-03  0.0000E+00      -1  -0.394E-04   20.00
  62   -61.0000    -300.000 0.1702   0.9839E-03  0.1691E-03 -0.9839E-03  0.0000E+00      -1  -0.394E-04   20.00
  63   -62.0000    -300.000 0.1702   0.9839E-03  0.1691E-03 -0.9839E-03  0.0000E+00      -1  -0.394E-04   20.00
  64   -63.0000    -300.000 0.1702   0.9839E-03  0.1691E-03 -0.9839E-03  0.0000E+00      -1  -0.394E-04   20.00
  65   -64.0000    -300.000 0.1702   0.9839E-03  0.1691E-03 -0.9839E-03  0.0000E+00      -1  -0.394E-04   20.00
  66   -65.0000    -300.000 0.1702   0.9839E-03  0.1691E-03 -0.9839E-03  0.0000E+00      -1  -0.394E-04   20.00
  67   -66.0000    -300.000 0.1702   0.9839E-03  0.1691E-03 -0.9839E-03  0.0000E+00      -1  -0.394E-04   20.00
  68   -67.0000    -300.000 0.1702   0.9839E-03  0.1691E-03 -0.9839E-03  0.0000E+00      -1  -0.394E-04   20.00
  69   -68.0000    -300.000 0.1702   0.9839E-03  0.1691E-03 -0.9839E-03  0.0000E+00      -1  -0.394E-04   20.00
  70   -69.0000    -300.000 0.1702   0.9839E-03  0.1691E-03 -0.9839E-03  0.0000E+00      -1  -0.394E-04   20.00
  71   -70.0000    -300.000 0.1702   0.9839E-03  0.1691E-03 -0.9839E-03  0.0000E+00      -1  -0.394E-04   20.00
  72   -71.0000    -300.000 0.1702   0.9839E-03  0.1691E-03 -0.9839E-03  0.0000E+00      -1  -0.394E-04   20.00
  73   -72.0000    -300.000 0.1702   0.9839E-03  0.1691E-03 -0.9839E-03  0.0000E+00      -1  -0.394E-04   20.00
  74   -73.0000    -300.000 0.1702   0.9839E-03  0.1691E-03 -0.9839E-03  0.0000E+00      -1  -0.394E-04   20.00
  75   -74.0000    -300.000 0.1702   0.9839E-03  0.1691E-03 -0.9839E-03  0.0000E+00      -1  -0.394E-04   20.00
  76   -75.0000    -300.000 0.1702   0.9839E-03  0.1691E-03 -0.9839E-03  0.0000E+00      -1  -0.394E-04   20.00
  77   -76.0000    -300.000 0.1702   0.9839E-03  0.1691E-03 -0.9839E-03  0.0000E+00      -1  -0.394E-04   20.00
  78   -77.0000    -300.000 0.1702   0.9839E-03  0.1691E-03 -0.9839E-03  0.0000E+00      -1  -0.394E-04   20.00
  79   -78.0000    -300.000 0.1702   0.9839E-03  0.1691E-03 -0.9839E-03  0.0000E+00      -1  -0.394E-04   20.00
  80   -79.0000    -300.000 0.1702   0.9839E-03  0.1691E-03 -0.9839E-03  0.0000E+00      -1  -0.394E-04   20.00
  81   -80.0000    -300.000 0.1702   0.9839E-03  0.1691E-03 -0.9839E-03  0.0000E+00      -1  -0.394E-04   20.00
  82   -81.0000    -300.000 0.1702   0.9839E-03  0.1691E-03 -0.9839E-03  0.0000E+00      -1  -0.394E-04   20.00
  83   -82.0000    -300.000 0.1702   0.9839E-03  0.1691E-03 -0.9839E-03  0.0000E+00      -1  -0.394E-04   20.00
  84   -83.0000    -300.000 0.1702   0.9839E-03  0.1691E-03 -0.9839E-03  0.0000E+00      -1  -0.394E-04   20.00
  85   -84.0000    -300.000 0.1702   0.9839E-03  0.1691E-03 -0.9839E-03  0.0000E+00      -1  -0.394E-04   20.00
  86   -85.0000    -300.000 0.1702   0.9839E-03  0.1691E-03 -0.9839E-03  0.0000E+00      -1  -0.394E-04   20.00
  87   -86.0000    -300.000 0.1702   0.9839E-03  0.1691E-03 -0.9839E-03  0.0000E+00      -1  -0.394E-04   20.00
  88   -87.0000    -300.000 0.1702   0.9839E-03  0.1691E-03 -0.9839E-03  0.0000E+00      -1  -0.394E-04   20.00
  89   -88.0000    -300.000 0.1702   0.9839E-03  0.1691E-03 -0.9839E-03  0.0000E+00      -1  -0.394E-04   20.00
  90   -89.0000    -300.000 0.1702   0.9839E-03  0.1691E-03 -0.9839E-03  0.0000E+00      -1  -0.394E-04   20.00
  91   -90.0000    -300.000 0.1702   0.9839E-03  0.1691E-03 -0.9839E-03  0.0000E+00      -1  -0.394E-04   20.00
  92   -91.0000    -300.000 0.1702   0.9839E-03  0.1691E-03 -0.9839E-03  0.0000E+00      -1  -0.394E-04   20.00
  93   -92.0000    -300.000 0.1702   0.9839E-03  0.1691E-03 -0.9839E-03  0.0000E+00      -1  -0.394E-04   20.00
  94   -93.0000    -300.000 0.1702   0.9839E-03  0.1691E-03 -0.9839E-03  0.0000E+00      -1  -0.394E-04   20.00
  95   -94.0000    -300.000 0.1702   0.9839E-03  0.1691E-03 -0.9839E-03  0.0000E+00      -1  -0.394E-04   20.00
  96   -95.0000    -300.000 0.1702   0.9839E-03  0.1691E-03 -0.9839E-03  0.0000E+00      -1  -0.394E-04   20.00
  97   -96.0000    -300.000 0.1702   0.9839E-03  0.1691E-03 -0.9839E-03  0.0000E+00      -1  -0.394E-04   20.00
  98   -97.0000    -300.000 0.1702   0.9839E-03  0.1691E-03 -0.9839E-03  0.0000E+00      -1  -0.394E-04   20.00
  99   -98.0000    -300.000 0.1702   0.9839E-03  0.1691E-03 -0.9839E-03  0.0000E+00      -1  -0.394E-04   20.00
 100   -99.0000    -300.000 0.1702   0.9839E-03  0.1691E-03 -0.9839E-03  0.0000E+00      -1  -0.394E-04   20.00
 101  -100.0000    -300.000 0.1702   0.9839E-03  0.1691E-03 -0.9839E-03  0.0000E+00      -1  -0.394E-04   20.00
end


 Time:        0.2500


 Node      Depth      Head Moisture       K          C         Flux        Sink         Kappa   v/KsTop   Temp
           [L]        [L]    [-]        [L/T]      [1/L]      [L/T]        [1/T]         [-]      [-]      [C]

   1     0.0000       0.000 0.4300   0.2496E+02  0.0000E+00 -0.2505E+02  0.0000E+00      -1  -0.100E+01   20.00
   2    -1.0000      -0.003 0.4300   0.2496E+02  0.0000E+00 -0.2505E+02  0.0000E+00      -1  -0.100E+01   20.00
   3    -2.0000      -0.007 0.4300   0.2496E+02  0.0000E+00 -0.2505E+02  0.0000E+00      -1  -0.100E+01   20.00
   4    -3.0000      -0.010 0.4300   0.2496E+02  0.0000E+00 -0.2505E+02  0.0000E+00      -1  -0.100E+01   20.00
   5    -4.0000      -0.014 0.4300   0.2496E+02  0.0000E+00 -0.2505E+02  0.0000E+00      -1  -0.100E+01   20.00
   6    -5.0000      -0.017 0.4300   0.2496E+02  0.0000E+00 -0.2505E+02  0.0000E+00      -1  -0.100E+01   20.00
   7    -6.0000      -0.021 0.4300   0.2496E+02  0.0000E+00 -0.2505E+02  0.0000E+00      -1  -0.100E+01   20.00
   8    -7.0000      -0.024 0.4300   0.2496E+02  0.0000E+00 -0.2505E+02  0.0000E+00      -1  -0.100E+01   20.00
   9    -8.0000      -0.028 0.4300   0.2496E+02  0.0000E+00 -0.2505E+02  0.0000E+00      -1  -0.100E+01   20.00
  10    -9.0000      -0.031 0.4300   0.2496E+02  0.0000E+00 -0.2505E+02  0.0000E+00      -1  -0.100E+01   20.00
  11   -10.0000      -0.035 0.4300   0.2496E+02  0.0000E+00 -0.2505E+02  0.0000E+00      -1  -0.100E+01   20.00
  12   -11.0000      -0.055 0.4300   0.2414E+02  0.1178E-03 -0.2505E+02  0.0000E+00      -1  -0.100E+01   20.00
  13   -12.0000      -0.119 0.4300   0.2295E+02  0.2922E-03 -0.2504E+02  0.0000E+00      -1  -0.100E+01   20.00
  14   -13.0000      -0.242 0.4299   0.2166E+02  0.4851E-03 -0.2504E+02  0.0000E+00      -1  -0.100E+01   20.00
  15   -14.0000      -0.434 0.4298   0.2033E+02  0.6904E-03 -0.2503E+02  0.0000E+00      -1  -0.100E+01   20.00
  16   -15.0000      -0.709 0.4296   0.1893E+02  0.9117E-03 -0.2500E+02  0.0000E+00      -1  -0.100E+01   20.00
  17   -16.0000      -1.082 0.4292   0.1747E+02  0.1149E-02 -0.2497E+02  0.0000E+00      -1  -0.100E+01   20.00
  18   -17.0000      -1.575 0.4286   0.1593E+02  0.1405E-02 -0.2490E+02  0.0000E+00      -1  -0.998E+00   20.00
  19   -18.0000      -2.221 0.4276   0.1430E+02  0.1683E-02 -0.2481E+02  0.0000E+00      -1  -0.994E+00   20.00
  20   -19.0000      -3.061 0.4260   0.1260E+02  0.1978E-02 -0.2465E+02  0.0000E+00      -1  -0.988E+00   20.00
  21   -20.0000      -4.158 0.4237   0.1083E+02  0.2284E-02 -0.2442E+02  0.0000E+00      -1  -0.978E+00   20.00
  22   -21.0000      -5.611 0.4201   0.8968E+01  0.2598E-02 -0.2407E+02  0.0000E+00      -1  -0.964E+00   20.00
  23   -22.0000      -7.585 0.4147   0.7072E+01  0.2894E-02 -0.2352E+02  0.0000E+00      -1  -0.942E+00   20.00
  24   -23.0000     -10.354 0.4062   0.5227E+01  0.3123E-02 -0.2268E+02  0.0000E+00      -1  -0.909E+00   20.00
  25   -24.0000     -14.496 0.3930   0.3400E+01  0.3233E-02 -0.2139E+02  0.0000E+00      -1  -0.857E+00   20.00
  26   -25.0000     -21.344 0.3714   0.1851E+01  0.3058E-02 -0.1928E+02  0.0000E+00      -1  -0.773E+00   20.00
  27   -26.0000     -34.497 0.3353   0.6884E+00  0.2440E-02 -0.1572E+02  0.0000E+00      -1  -0.630E+00   20.00
  28   -27.0000     -66.699 0.2773   0.1231E+00  0.1346E-02 -0.1011E+02  0.0000E+00      -1  -0.405E+00   20.00
  29   -28.0000    -169.637 0.2038   0.6842E-02  0.3987E-03 -0.3623E+01  0.0000E+00      -1  -0.145E+00   20.00
  30   -29.0000    -292.719 0.1716   0.1104E-02  0.1769E-03 -0.2508E+00  0.0000E+00      -1  -0.100E-01   20.00
  31   -30.0000    -299.891 0.1702   0.9857E-03  0.1692E-03 -0.4815E-02  0.0000E+00      -1  -0.193E-03   20.00
  32   -31.0000    -299.999 0.1702   0.9839E-03  0.1691E-03 -0.1038E-02  0.0000E+00      -1  -0.416E-04   20.00
  33   -32.0000    -300.000 0.1702   0.9839E-03  0.1691E-03 -0.9846E-03  0.0000E+00      -1  -0.394E-04   20.00
  34   -33.0000    -300.000 0.1702   0.9839E-03  0.1691E-03 -0.9839E-03  0.0000E+00      -1  -0.394E-04   20.00
  35   -34.0000    -300.000 0.1702   0.9839E-03  0.1691E-03 -0.9839E-03  0.0000E+00      -1  -0.394E-04   20.00
  36   -35.0000    -300.000 0.1702   0.9839E-03  0.1691E-03 -0.9839E-03  0.0000E+00      -1  -0.394E-04   20.00
  37   -36.0000    -300.000 0.1702   0.9839E-03  0.1691E-03 -0.9839E-03  0.0000E+00      -1  -0.394E-04   20.00
  38   -37.0000    -300.000 0.1702   0.9839E-03  0.1691E-03 -0.9839E-03  0.0000E+00      -1  -0.394E-04   20.00
  39   -38.0000    -300.000 0.1702   0.9839E-03  0.1691E-03 -0.9839E-03  0.0000E+00      -1  -0.394E-04   20.00
  40   -39.0000    -300.000 0.1702   0.9839E-03  0.1691E-03 -0.9839E-03  0.0000E+00      -1  -0.394E-04   20.00
  41   -40.0000    -300.000 0.1702   0.9839E-03  0.1691E-03 -0.9839E-03  0.0000E+00      -1  -0.394E-04   20.00
  42   -41.0000    -300.000 0.1702   0.9839E-03  0.1691E-03 -0.9839E-03  0.0000E+00      -1  -0.394E-04   20.00
  43   -42.0000    -300.000 0.1702   0.9839E-03  0.1691E-03 -0.9839E-03  0.0000E+00      -1  -0.394E-04   20.00
  44   -43.0000    -300.000 0.1702   0.9839E-03  0.1691E-03 -0.9839E-03  0.0000E+00      -1  -0.394E-04   20.00
  45   -44.0000    -300.000 0.1702   0.9839E-03  0.1691E-03 -0.9839E-03  0.0000E+00      -1  -0.394E-04   20.00
  46   -45.0000    -300.000 0.1702   0.9839E-03  0.1691E-03 -0.9839E-03  0.0000E+00      -1  -0.394E-04   20.00
  47   -46.0000    -300.000 0.1702   0.9839E-03  0.1691E-03 -0.9839E-03  0.0000E+00      -1  -0.394E-04   20.00
  48   -47.0000    -300.000 0.1702   0.9839E-03  0.1691E-03 -0.9839E-03  0.0000E+00      -1  -0.394E-04   20.00
  49   -48.0000    -300.000 0.1702   0.9839E-03  0.1691E-03 -0.9839E-03  0.0000E+00      -1  -0.394E-04   20.00
  50   -49.0000    -300.000 0.1702   0.9839E-03  0.1691E-03 -0.9839E-03  0.0000E+00      -1  -0.394E-04   20.00
  51   -50.0000    -300.000 0.1702   0.9839E-03  0.1691E-03 -0.9839E-03  0.0000E+00      -1  -0.394E-04   20.00
  52   -51.0000    -300.000 0.1702   0.9839E-03  0.1691E-03 -0.9839E-03  0.0000E+00      -1  -0.394E-04   20.00
  53   -52.0000    -300.000 0.1702   0.9839E-03  0.1691E-03 -0.9839E-03  0.0000E+00      -1  -0.394E-04   20.00
  54   -53.0000    -300.000 0.1702   0.9839E-03  0.1691E-03 -0.9839E-03  0.0000E+00      -1  -0.394E-04   20.00
  55   -54.0000    -300.000 0.1702   0.9839E-03  0.1691E-03 -0.9839E-03  0.0000E+00      -1  -0.394E-04   20.00
  56   -55.0000    -300.000 0.1702   0.9839E-03  0.1691E-03 -0.9839E-03  0.0000E+00      -1  -0.394E-04   20.00
  57   -56.0000    -300.000 0.1702   0.9839E-03  0.1691E-03 -0.9839E-03  0.0000E+00      -1  -0.394E-04   20.00
  58   -57.0000    -300.000 0.1702   0.9839E-03  0.1691E-03 -0.9839E-03  0.0000E+00      -1  -0.394E-04   20.00
  59   -58.0000    -300.000 0.1702   0.9839E-03  0.1691E-03 -0.9839E-03  0.0000E+00      -1  -0.394E-04   20.00
  60   -59.0000    -300.000 0.1702   0.9839E-03  0.1691E-03 -0.9839E-03  0.0000E+00      -1  -0.394E-04   20.00
  61   -60.0000    -300.000 0.1702   0.9839E-03  0.1691E-03 -0.9839E-03  0.0000E+00      -1  -0.394E-04   20.00
  62   -61.0000    -300.000 0.1702   0.9839E-03  0.1691E-03 -0.9839E-03  0.0000E+00      -1  -0.394E-04   20.00
  63   -62.0000    -300.000 0.1702   0.9839E-03  0.1691E-03 -0.9839E-03  0.0000E+00      -1  -0.394E-04   20.00
  64   -63.0000    -300.000 0.1702   0.9839E-03  0.1691E-03 -0.9839E-03  0.0000E+00      -1  -0.394E-04   20.00
  65   -64.0000    -300.000 0.1702   0.9839E-03  0.1691E-03 -0.9839E-03  0.0000E+00      -1  -0.394E-04   20.00
  66   -65.0000    -300.000 0.1702   0.9839E-03  0.1691E-03 -0.9839E-03  0.0000E+00      -1  -0.394E-04   20.00
  67   -66.0000    -300.000 0.1702   0.9839E-03  0.1691E-03 -0.9839E-03  0.0000E+00      -1  -0.394E-04   20.00
  68   -67.0000    -300.000 0.1702   0.9839E-03  0.1691E-03 -0.9839E-03  0.0000E+00      -1  -0.394E-04   20.00
  69   -68.0000    -300.000 0.1702   0.9839E-03  0.1691E-03 -0.9839E-03  0.0000E+00      -1  -0.394E-04   20.00
  70   -69.0000    -300.000 0.1702   0.9839E-03  0.1691E-03 -0.9839E-03  0.0000E+00      -1  -0.394E-04   20.00
  71   -70.0000    -300.000 0.1702   0.9839E-03  0.1691E-03 -0.9839E-03  0.0000E+00      -1  -0.394E-04   20.00
  72   -71.0000    -300.000 0.1702   0.9839E-03  0.1691E-03 -0.9839E-03  0.0000E+00      -1  -0.394E-04   20.00
  73   -72.0000    -300.000 0.1702   0.9839E-03  0.1691E-03 -0.9839E-03  0.0000E+00      -1  -0.394E-04   20.00
  74   -73.0000    -300.000 0.1702   0.9839E-03  0.1691E-03 -0.9839E-03  0.0000E+00      -1  -0.394E-04   20.00
  75   -74.0000    -300.000 0.1702   0.9839E-03  0.1691E-03 -0.9839E-03  0.0000E+00      -1  -0.394E-04   20.00
  76   -75.0000    -300.000 0.1702   0.9839E-03  0.1691E-03 -0.9839E-03  0.0000E+00      -1  -0.394E-04   20.00
  77   -76.0000    -300.000 0.1702   0.9839E-03  0.1691E-03 -0.9839E-03  0.0000E+00      -1  -0.394E-04   20.00
  78   -77.0000    -300.000 0.1702   0.9839E-03  0.1691E-03 -0.9839E-03  0.0000E+00      -1  -0.394E-04   20.00
  79   -78.0000    -300.000 0.1702   0.9839E-03  0.1691E-03 -0.9839E-03  0.0000E+00      -1  -0.394E-04   20.00
  80   -79.0000    -300.000 0.1702   0.9839E-03  0.1691E-03 -0.9839E-03  0.0000E+00      -1  -0.394E-04   20.00
  81   -80.0000    -300.000 0.1702   0.9839E-03  0.1691E-03 -0.9839E-03  0.0000E+00      -1  -0.394E-04   20.00
  82   -81.0000    -300.000 0.1702   0.9839E-03  0.1691E-03 -0.9839E-03  0.0000E+00      -1  -0.394E-04   20.00
  83   -82.0000    -300.000 0.1702   0.9839E-03  0.1691E-03 -0.9839E-03  0.0000E+00      -1  -0.394E-04   20.00
  84   -83.0000    -300.000 0.1702   0.9839E-03  0.1691E-03 -0.9839E-03  0.0000E+00      -1  -0.394E-04   20.00
  85   -84.0000    -300.000 0.1702   0.9839E-03  0.1691E-03 -0.9839E-03  0.0000E+00      -1  -0.394E-04   20.00
  86   -85.0000    -300.000 0.1702   0.9839E-03  0.1691E-03 -0.9839E-03  0.0000E+00      -1  -0.394E-04   20.00
  87   -86.0000    -300.000 0.1702   0.9839E-03  0.1691E-03 -0.9839E-03  0.0000E+00      -1  -0.394E-04   20.00
  88   -87.0000    -300.000 0.1702   0.9839E-03  0.1691E-03 -0.9839E-03  0.0000E+00      -1  -0.394E-04   20.00
  89   -88.0000    -300.000 0.1702   0.9839E-03  0.1691E-03 -0.9839E-03  0.0000E+00      -1  -0.394E-04   20.00
  90   -89.0000    -300.000 0.1702   0.9839E-03  0.1691E-03 -0.9839E-03  0.0000E+00      -1  -0.394E-04   20.00
  91   -90.0000    -300.000 0.1702   0.9839E-03  0.1691E-03 -0.9839E-03  0.0000E+00      -1  -0.394E-04   20.00
  92   -91.0000    -300.000 0.1702   0.9839E-03  0.1691E-03 -0.9839E-03  0.0000E+00      -1  -0.394E-04   20.00
  93   -92.0000    -300.000 0.1702   0.9839E-03  0.1691E-03 -0.9839E-03  0.0000E+00      -1  -0.394E-04   20.00
  94   -93.0000    -300.000 0.1702   0.9839E-03  0.1691E-03 -0.9839E-03  0.0000E+00      -1  -0.394E-04   20.00
  95   -94.0000    -300.000 0.1702   0.9839E-03  0.1691E-03 -0.9839E-03  0.0000E+00      -1  -0.394E-04   20.00
  96   -95.0000    -300.000 0.1702   0.9839E-03  0.1691E-03 -0.9839E-03  0.0000E+00      -1  -0.394E-04   20.00
  97   -96.0000    -300.000 0.1702   0.9839E-03  0.1691E-03 -0.9839E-03  0.0000E+00      -1  -0.394E-04   20.00
  98   -97.0000    -300.000 0.1702   0.9839E-03  0.1691E-03 -0.9839E-03  0.0000E+00      -1  -0.394E-04   20.00
  99   -98.0000    -300.000 0.1702   0.9839E-03  0.1691E-03 -0.9839E-03  0.0000E+00      -1  -0.394E-04   20.00
 100   -99.0000    -300.000 0.1702   0.9839E-03  0.1691E-03 -0.9839E-03  0.0000E+00      -1  -0.394E-04   20.00
 101  -100.0000    -300.000 0.1702   0.9839E-03  0.1691E-03 -0.9839E-03  0.0000E+00      -1  -0.394E-04   20.00
end


 Time:        0.3000


 Node      Depth      Head Moisture       K          C         Flux        Sink         Kappa   v/KsTop   Temp
           [L]        [L]    [-]        [L/T]      [1/L]      [L/T]        [1/T]         [-]      [-]      [C]

   1     0.0000       0.000 0.4300   0.2496E+02  0.0000E+00 -0.2496E+02  0.0000E+00      -1  -0.100E+01   20.00
   2    -1.0000      -0.000 0.4300   0.2496E+02  0.0000E+00 -0.2496E+02  0.0000E+00      -1  -0.100E+01   20.00
   3    -2.0000      -0.000 0.4300   0.2496E+02  0.0000E+00 -0.2496E+02  0.0000E+00      -1  -0.100E+01   20.00
   4    -3.0000      -0.000 0.4300   0.2496E+02  0.0000E+00 -0.2496E+02  0.0000E+00      -1  -0.100E+01   20.00
   5    -4.0000      -0.000 0.4300   0.2496E+02  0.0000E+00 -0.2496E+02  0.0000E+00      -1  -0.100E+01   20.00
   6    -5.0000      -0.000 0.4300   0.2496E+02  0.0000E+00 -0.2496E+02  0.0000E+00      -1  -0.100E+01   20.00
   7    -6.0000      -0.000 0.4300   0.2496E+02  0.0000E+00 -0.2496E+02  0.0000E+00      -1  -0.100E+01   20.00
   8    -7.0000      -0.000 0.4300   0.2496E+02  0.0000E+00 -0.2496E+02  0.0000E+00      -1  -0.100E+01   20.00
   9    -8.0000      -0.000 0.4300   0.2496E+02  0.0000E+00 -0.2496E+02  0.0000E+00      -1  -0.100E+01   20.00
  10    -9.0000      -0.000 0.4300   0.2496E+02  0.0000E+00 -0.2496E+02  0.0000E+00      -1  -0.100E+01   20.00
  11   -10.0000      -0.000 0.4300   0.2496E+02  0.0000E+00 -0.2496E+02  0.0000E+00      -1  -0.100E+01   20.00
  12   -11.0000      -0.000 0.4300   0.2496E+02  0.0000E+00 -0.2496E+02  0.0000E+00      -1  -0.100E+01   20.00
  13   -12.0000      -0.000 0.4300   0.2496E+02  0.0000E+00 -0.2496E+02  0.0000E+00      -1  -0.100E+01   20.00
  14   -13.0000      -0.000 0.4300   0.2496E+02  0.0000E+00 -0.2496E+02  0.0000E+00      -1  -0.100E+01   20.00
  15   -14.0000      -0.000 0.4300   0.2496E+02  0.0000E+00 -0.2496E+02  0.0000E+00      -1  -0.100E+01   20.00
  16   -15.0000      -0.008 0.4300   0.2457E+02  0.5632E-04 -0.2496E+02  0.0000E+00      -1  -0.100E+01   20.00
  17   -16.0000      -0.042 0.4300   0.2374E+02  0.1758E-03 -0.2496E+02  0.0000E+00      -1  -0.100E+01   20.00
  18   -17.0000      -0.125 0.4300   0.2234E+02  0.3822E-03 -0.2495E+02  0.0000E+00      -1  -0.999E+00   20.00
  19   -18.0000      -0.274 0.4299   0.2109E+02  0.5729E-03 -0.2493E+02  0.0000E+00      -1  -0.999E+00   20.00
  20   -19.0000      -0.492 0.4298   0.1981E+02  0.7719E-03 -0.2490E+02  0.0000E+00      -1  -0.998E+00   20.00
  21   -20.0000      -0.793 0.4295   0.1847E+02  0.9861E-03 -0.2487E+02  0.0000E+00      -1  -0.996E+00   20.00
  22   -21.0000      -1.192 0.4291   0.1704E+02  0.1220E-02 -0.2482E+02  0.0000E+00      -1  -0.994E+00   20.00
  23   -22.0000      -1.715 0.4284   0.1552E+02  0.1474E-02 -0.2476E+02  0.0000E+00      -1  -0.992E+00   20.00
  24   -23.0000      -2.395 0.4273   0.1391E+02  0.1750E-02 -0.2465E+02  0.0000E+00      -1  -0.988E+00   20.00
  25   -24.0000      -3.277 0.4256   0.1222E+02  0.2043E-02 -0.2450E+02  0.0000E+00      -1  -0.981E+00   20.00
  26   -25.0000      -4.432 0.4230   0.1043E+02  0.2352E-02 -0.2426E+02  0.0000E+00      -1  -0.972E+00   20.00
  27   -26.0000      -5.970 0.4192   0.8571E+01  0.2663E-02 -0.2388E+02  0.0000E+00      -1  -0.957E+00   20.00
  28   -27.0000      -8.063 0.4132   0.6721E+01  0.2942E-02 -0.2330E+02  0.0000E+00      -1  -0.933E+00   20.00
  29   -28.0000     -11.025 0.4041   0.4860E+01  0.3158E-02 -0.2239E+02  0.0000E+00      -1  -0.897E+00   20.00
  30   -29.0000     -15.514 0.3897   0.3093E+01  0.3224E-02 -0.2091E+02  0.0000E+00      -1  -0.838E+00   20.00
  31   -30.0000     -23.086 0.3660   0.1573E+01  0.2989E-02 -0.1846E+02  0.0000E+00      -1  -0.740E+00   20.00
  32   -31.0000     -38.261 0.3263   0.5194E+00  0.2263E-02 -0.1440E+02  0.0000E+00      -1  -0.577E+00   20.00
  33   -32.0000     -77.103 0.2642   0.7644E-01  0.1127E-02 -0.8471E+01  0.0000E+00      -1  -0.339E+00   20.00
  34   -33.0000    -202.693 0.1923   0.3703E-02  0.3058E-03 -0.2649E+01  0.0000E+00      -1  -0.106E+00   20.00
  35   -34.0000    -296.730 0.1708   0.1038E-02  0.1726E-03 -0.1148E+00  0.0000E+00      -1  -0.460E-02   20.00
  36   -35.0000    -299.953 0.1702   0.9847E-03  0.1691E-03 -0.2651E-02  0.0000E+00      -1  -0.106E-03   20.00
  37   -36.0000    -299.999 0.1702   0.9839E-03  0.1691E-03 -0.1007E-02  0.0000E+00      -1  -0.403E-04   20.00
  38   -37.0000    -300.000 0.1702   0.9839E-03  0.1691E-03 -0.9842E-03  0.0000E+00      -1  -0.394E-04   20.00
  39   -38.0000    -300.000 0.1702   0.9839E-03  0.1691E-03 -0.9839E-03  0.0000E+00      -1  -0.394E-04   20.00
  40   -39.0000    -300.000 0.1702   0.9839E-03  0.1691E-03 -0.9839E-03  0.0000E+00      -1  -0.394E-04   20.00
  41   -40.0000    -300.000 0.1702   0.9839E-03  0.1691E-03 -0.9839E-03  0.0000E+00      -1  -0.394E-04   20.00
  42   -41.0000    -300.000 0.1702   0.9839E-03  0.1691E-03 -0.9839E-03  0.0000E+00      -1  -0.394E-04   20.00
  43   -42.0000    -300.000 0.1702   0.9839E-03  0.1691E-03 -0.9839E-03  0.0000E+00      -1  -0.394E-04   20.00
  44   -43.0000    -300.000 0.1702   0.9839E-03  0.1691E-03 -0.9839E-03  0.0000E+00      -1  -0.394E-04   20.00
  45   -44.0000    -300.000 0.1702   0.9839E-03  0.1691E-03 -0.9839E-03  0.0000E+00      -1  -0.394E-04   20.00
  46   -45.0000    -300.000 0.1702   0.9839E-03  0.1691E-03 -0.9839E-03  0.0000E+00      -1  -0.394E-04   20.00
  47   -46.0000    -300.000 0.1702   0.9839E-03  0.1691E-03 -0.9839E-03  0.0000E+00      -1  -0.394E-04   20.00
  48   -47.0000    -300.000 0.1702   0.9839E-03  0.1691E-03 -0.9839E-03  0.0000E+00      -1  -0.394E-04   20.00
  49   -48.0000    -300.000 0.1702   0.9839E-03  0.1691E-03 -0.9839E-03  0.0000E+00      -1  -0.394E-04   20.00
  50   -49.0000    -300.000 0.1702   0.9839E-03  0.1691E-03 -0.9839E-03  0.0000E+00      -1  -0.394E-04   20.00
  51   -50.0000    -300.000 0.1702   0.9839E-03  0.1691E-03 -0.9839E-03  0.0000E+00      -1  -0.394E-04   20.00
  52   -51.0000    -300.000 0.1702   0.9839E-03  0.1691E-03 -0.9839E-03  0.0000E+00      -1  -0.394E-04   20.00
  53   -52.0000    -300.000 0.1702   0.9839E-03  0.1691E-03 -0.9839E-03  0.0000E+00      -1  -0.394E-04   20.00
  54   -53.0000    -300.000 0.1702   0.9839E-03  0.1691E-03 -0.9839E-03  0.0000E+00      -1  -0.394E-04   20.00
  55   -54.0000    -300.000 0.1702   0.9839E-03  0.1691E-03 -0.9839E-03  0.0000E+00      -1  -0.394E-04   20.00
  56   -55.0000    -300.000 0.1702   0.9839E-03  0.1691E-03 -0.9839E-03  0.0000E+00      -1  -0.394E-04   20.00
  57   -56.0000    -300.000 0.1702   0.9839E-03  0.1691E-03 -0.9839E-03  0.0000E+00      -1  -0.394E-04   20.00
  58   -57.0000    -300.000 0.1702   0.9839E-03  0.1691E-03 -0.9839E-03  0.0000E+00      -1  -0.394E-04   20.00
  59   -58.0000    -300.000 0.1702   0.9839E-03  0.1691E-03 -0.9839E-03  0.0000E+00      -1  -0.394E-04   20.00
  60   -59.0000    -300.000 0.1702   0.9839E-03  0.1691E-03 -0.9839E-03  0.0000E+00      -1  -0.394E-04   20.00
  61   -60.0000    -300.000 0.1702   0.9839E-03  0.1691E-03 -0.9839E-03  0.0000E+00      -1  -0.394E-04   20.00
  62   -61.0000    -300.000 0.1702   0.9839E-03  0.1691E-03 -0.9839E-03  0.0000E+00      -1  -0.394E-04   20.00
  63   -62.0000    -300.000 0.1702   0.9839E-03  0.1691E-03 -0.9839E-03  0.0000E+00      -1  -0.394E-04   20.00
  64   -63.0000    -300.000 0.1702   0.9839E-03  0.1691E-03 -0.9839E-03  0.0000E+00      -1  -0.394E-04   20.00
  65   -64.0000    -300.000 0.1702   0.9839E-03  0.1691E-03 -0.9839E-03  0.0000E+00      -1  -0.394E-04   20.00
  66   -65.0000    -300.000 0.1702   0.9839E-03  0.1691E-03 -0.9839E-03  0.0000E+00      -1  -0.394E-04   20.00
  67   -66.0000    -300.000 0.1702   0.9839E-03  0.1691E-03 -0.9839E-03  0.0000E+00      -1  -0.394E-04   20.00
  68   -67.0000    -300.000 0.1702   0.9839E-03  0.1691E-03 -0.9839E-03  0.0000E+00      -1  -0.394E-04   20.00
  69   -68.0000    -300.000 0.1702   0.9839E-03  0.1691E-03 -0.9839E-03  0.0000E+00      -1  -0.394E-04   20.00
  70   -69.0000    -300.000 0.1702   0.9839E-03  0.1691E-03 -0.9839E-03  0.0000E+00      -1  -0.394E-04   20.00
  71   -70.0000    -300.000 0.1702   0.9839E-03  0.1691E-03 -0.9839E-03  0.0000E+00      -1  -0.394E-04   20.00
  72   -71.0000    -300.000 0.1702   0.9839E-03  0.1691E-03 -0.9839E-03  0.0000E+00      -1  -0.394E-04   20.00
  73   -72.0000    -300.000 0.1702   0.9839E-03  0.1691E-03 -0.9839E-03  0.0000E+00      -1  -0.394E-04   20.00
  74   -73.0000    -300.000 0.1702   0.9839E-03  0.1691E-03 -0.9839E-03  0.0000E+00      -1  -0.394E-04   20.00
  75   -74.0000    -300.000 0.1702   0.9839E-03  0.1691E-03 -0.9839E-03  0.0000E+00      -1  -0.394E-04   20.00
  76   -75.0000    -300.000 0.1702   0.9839E-03  0.1691E-03 -0.9839E-03  0.0000E+00      -1  -0.394E-04   20.00
  77   -76.0000    -300.000 0.1702   0.9839E-03  0.1691E-03 -0.9839E-03  0.0000E+00      -1  -0.394E-04   20.00
  78   -77.0000    -300.000 0.1702   0.9839E-03  0.1691E-03 -0.9839E-03  0.0000E+00      -1  -0.394E-04   20.00
  79   -78.0000    -300.000 0.1702   0.9839E-03  0.1691E-03 -0.9839E-03  0.0000E+00      -1  -0.394E-04   20.00
  80   -79.0000    -300.000 0.1702   0.9839E-03  0.1691E-03 -0.9839E-03  0.0000E+00      -1  -0.394E-04   20.00
  81   -80.0000    -300.000 0.1702   0.9839E-03  0.1691E-03 -0.9839E-03  0.0000E+00      -1  -0.394E-04   20.00
  82   -81.0000    -300.000 0.1702   0.9839E-03  0.1691E-03 -0.9839E-03  0.0000E+00      -1  -0.394E-04   20.00
  83   -82.0000    -300.000 0.1702   0.9839E-03  0.1691E-03 -0.9839E-03  0.0000E+00      -1  -0.394E-04   20.00
  84   -83.0000    -300.000 0.1702   0.9839E-03  0.1691E-03 -0.9839E-03  0.0000E+00      -1  -0.394E-04   20.00
  85   -84.0000    -300.000 0.1702   0.9839E-03  0.1691E-03 -0.9839E-03  0.0000E+00      -1  -0.394E-04   20.00
  86   -85.0000    -300.000 0.1702   0.9839E-03  0.1691E-03 -0.9839E-03  0.0000E+00      -1  -0.394E-04   20.00
  87   -86.0000    -300.000 0.1702   0.9839E-03  0.1691E-03 -0.9839E-03  0.0000E+00      -1  -0.394E-04   20.00
  88   -87.0000    -300.000 0.1702   0.9839E-03  0.1691E-03 -0.9839E-03  0.0000E+00      -1  -0.394E-04   20.00
  89   -88.0000    -300.000 0.1702   0.9839E-03  0.1691E-03 -0.9839E-03  0.0000E+00      -1  -0.394E-04   20.00
  90   -89.0000    -300.000 0.1702   0.9839E-03  0.1691E-03 -0.9839E-03  0.0000E+00      -1  -0.394E-04   20.00
  91   -90.0000    -300.000 0.1702   0.9839E-03  0.1691E-03 -0.9839E-03  0.0000E+00      -1  -0.394E-04   20.00
  92   -91.0000    -300.000 0.1702   0.9839E-03  0.1691E-03 -0.9839E-03  0.0000E+00      -1  -0.394E-04   20.00
  93   -92.0000    -300.000 0.1702   0.9839E-03  0.1691E-03 -0.9839E-03  0.0000E+00      -1  -0.394E-04   20.00
  94   -93.0000    -300.000 0.1702   0.9839E-03  0.1691E-03 -0.9839E-03  0.0000E+00      -1  -0.394E-04   20.00
  95   -94.0000    -300.000 0.1702   0.9839E-03  0.1691E-03 -0.9839E-03  0.0000E+00      -1  -0.394E-04   20.00
  96   -95.0000    -300.000 0.1702   0.9839E-03  0.1691E-03 -0.9839E-03  0.0000E+00      -1  -0.394E-04   20.00
  97   -96.0000    -300.000 0.1702   0.9839E-03  0.1691E-03 -0.9839E-03  0.0000E+00      -1  -0.394E-04   20.00
  98   -97.0000    -300.000 0.1702   0.9839E-03  0.1691E-03 -0.9839E-03  0.0000E+00      -1  -0.394E-04   20.00
  99   -98.0000    -300.000 0.1702   0.9839E-03  0.1691E-03 -0.9839E-03  0.0000E+00      -1  -0.394E-04   20.00
 100   -99.0000    -300.000 0.1702   0.9839E-03  0.1691E-03 -0.9839E-03  0.0000E+00      -1  -0.394E-04   20.00
 101  -100.0000    -300.000 0.1702   0.9839E-03  0.1691E-03 -0.9839E-03  0.0000E+00      -1  -0.394E-04   20.00
end


 Time:        0.3500


 Node      Depth      Head Moisture       K          C         Flux        Sink         Kappa   v/KsTop   Temp
           [L]        [L]    [-]        [L/T]      [1/L]      [L/T]        [1/T]         [-]      [-]      [C]

   1     0.0000       0.000 0.4300   0.2496E+02  0.0000E+00 -0.2499E+02  0.0000E+00      -1  -0.100E+01   20.00
   2    -1.0000      -0.001 0.4300   0.2496E+02  0.0000E+00 -0.2499E+02  0.0000E+00      -1  -0.100E+01   20.00
   3    -2.0000      -0.002 0.4300   0.2496E+02  0.0000E+00 -0.2499E+02  0.0000E+00      -1  -0.100E+01   20.00
   4    -3.0000      -0.003 0.4300   0.2496E+02  0.0000E+00 -0.2499E+02  0.0000E+00      -1  -0.100E+01   20.00
   5    -4.0000      -0.004 0.4300   0.2496E+02  0.0000E+00 -0.2499E+02  0.0000E+00      -1  -0.100E+01   20.00
   6    -5.0000      -0.005 0.4300   0.2496E+02  0.0000E+00 -0.2499E+02  0.0000E+00      -1  -0.100E+01   20.00
   7    -6.0000      -0.006 0.4300   0.2496E+02  0.0000E+00 -0.2499E+02  0.0000E+00      -1  -0.100E+01   20.00
   8    -7.0000      -0.007 0.4300   0.2496E+02  0.0000E+00 -0.2499E+02  0.0000E+00      -1  -0.100E+01   20.00
   9    -8.0000      -0.009 0.4300   0.2496E+02  0.0000E+00 -0.2499E+02  0.0000E+00      -1  -0.100E+01   20.00
  10    -9.0000      -0.010 0.4300   0.2496E+02  0.0000E+00 -0.2499E+02  0.0000E+00      -1  -0.100E+01   20.00
  11   -10.0000      -0.011 0.4300   0.2496E+02  0.0000E+00 -0.2499E+02  0.0000E+00      -1  -0.100E+01   20.00
  12   -11.0000      -0.012 0.4300   0.2496E+02  0.0000E+00 -0.2499E+02  0.0000E+00      -1  -0.100E+01   20.00
  13   -12.0000      -0.013 0.4300   0.2496E+02  0.0000E+00 -0.2499E+02  0.0000E+00      -1  -0.100E+01   20.00
  14   -13.0000      -0.014 0.4300   0.2496E+02  0.0000E+00 -0.2499E+02  0.0000E+00      -1  -0.100E+01   20.00
  15   -14.0000      -0.015 0.4300   0.2496E+02  0.0000E+00 -0.2499E+02  0.0000E+00      -1  -0.100E+01   20.00
  16   -15.0000      -0.016 0.4300   0.2496E+02  0.0000E+00 -0.2499E+02  0.0000E+00      -1  -0.100E+01   20.00
  17   -16.0000      -0.017 0.4300   0.2496E+02  0.0000E+00 -0.2499E+02  0.0000E+00      -1  -0.100E+01   20.00
  18   -17.0000      -0.018 0.4300   0.2496E+02  0.0000E+00 -0.2498E+02  0.0000E+00      -1  -0.100E+01   20.00
  19   -18.0000      -0.019 0.4300   0.2496E+02  0.0000E+00 -0.2498E+02  0.0000E+00      -1  -0.100E+01   20.00
  20   -19.0000      -0.024 0.4300   0.2475E+02  0.2997E-04 -0.2498E+02  0.0000E+00      -1  -0.100E+01   20.00
  21   -20.0000      -0.044 0.4300   0.2425E+02  0.1021E-03 -0.2498E+02  0.0000E+00      -1  -0.100E+01   20.00
  22   -21.0000      -0.093 0.4300   0.2337E+02  0.2292E-03 -0.2497E+02  0.0000E+00      -1  -0.100E+01   20.00
  23   -22.0000      -0.188 0.4299   0.2222E+02  0.4013E-03 -0.2496E+02  0.0000E+00      -1  -0.100E+01   20.00
  24   -23.0000      -0.344 0.4299   0.2095E+02  0.5933E-03 -0.2493E+02  0.0000E+00      -1  -0.999E+00   20.00
  25   -24.0000      -0.572 0.4297   0.1962E+02  0.8019E-03 -0.2490E+02  0.0000E+00      -1  -0.998E+00   20.00
  26   -25.0000      -0.887 0.4294   0.1822E+02  0.1026E-02 -0.2485E+02  0.0000E+00      -1  -0.996E+00   20.00
  27   -26.0000      -1.307 0.4289   0.1676E+02  0.1267E-02 -0.2479E+02  0.0000E+00      -1  -0.993E+00   20.00
  28   -27.0000      -1.856 0.4282   0.1519E+02  0.1531E-02 -0.2470E+02  0.0000E+00      -1  -0.990E+00   20.00
  29   -28.0000      -2.570 0.4269   0.1357E+02  0.1809E-02 -0.2458E+02  0.0000E+00      -1  -0.985E+00   20.00
  30   -29.0000      -3.499 0.4251   0.1184E+02  0.2108E-02 -0.2441E+02  0.0000E+00      -1  -0.978E+00   20.00
  31   -30.0000      -4.721 0.4224   0.1004E+02  0.2419E-02 -0.2414E+02  0.0000E+00      -1  -0.967E+00   20.00
  32   -31.0000      -6.349 0.4181   0.8210E+01  0.2720E-02 -0.2373E+02  0.0000E+00      -1  -0.951E+00   20.00
  33   -32.0000      -8.578 0.4117   0.6342E+01  0.2993E-02 -0.2312E+02  0.0000E+00      -1  -0.926E+00   20.00
  34   -33.0000     -11.795 0.4017   0.4443E+01  0.3198E-02 -0.2214E+02  0.0000E+00      -1  -0.887E+00   20.00
  35   -34.0000     -16.764 0.3857   0.2772E+01  0.3200E-02 -0.2058E+02  0.0000E+00      -1  -0.824E+00   20.00
  36   -35.0000     -25.327 0.3596   0.1330E+01  0.2884E-02 -0.1801E+02  0.0000E+00      -1  -0.722E+00   20.00
  37   -36.0000     -43.339 0.3157   0.3965E+00  0.2055E-02 -0.1370E+02  0.0000E+00      -1  -0.549E+00   20.00
  38   -37.0000     -91.964 0.2494   0.4628E-01  0.9107E-03 -0.7263E+01  0.0000E+00      -1  -0.291E+00   20.00
  39   -38.0000    -237.151 0.1828   0.2161E-02  0.2407E-03 -0.1820E+01  0.0000E+00      -1  -0.729E-01   20.00
  40   -39.0000    -298.630 0.1705   0.1007E-02  0.1706E-03 -0.5064E-01  0.0000E+00      -1  -0.203E-02   20.00
  41   -40.0000    -299.981 0.1702   0.9842E-03  0.1691E-03 -0.1672E-02  0.0000E+00      -1  -0.670E-04   20.00
  42   -41.0000    -300.000 0.1702   0.9839E-03  0.1691E-03 -0.9931E-03  0.0000E+00      -1  -0.398E-04   20.00
  43   -42.0000    -300.000 0.1702   0.9839E-03  0.1691E-03 -0.9839E-03  0.0000E+00      -1  -0.394E-04   20.00
  44   -43.0000    -300.000 0.1702   0.9839E-03  0.1691E-03 -0.9839E-03  0.0000E+00      -1  -0.394E-04   20.00
  45   -44.0000    -300.000 0.1702   0.9839E-03  0.1691E-03 -0.9839E-03  0.0000E+00      -1  -0.394E-04   20.00
  46   -45.0000    -300.000 0.1702   0.9839E-03  0.1691E-03 -0.9839E-03  0.0000E+00      -1  -0.394E-04   20.00
  47   -46.0000    -300.000 0.1702   0.9839E-03  0.1691E-03 -0.9839E-03  0.0000E+00      -1  -0.394E-04   20.00
  48   -47.0000    -300.000 0.1702   0.9839E-03  0.1691E-03 -0.9839E-03  0.0000E+00      -1  -0.394E-04   20.00
  49   -48.0000    -300.000 0.1702   0.9839E-03  0.1691E-03 -0.9839E-03  0.0000E+00      -1  -0.394E-04   20.00
  50   -49.0000    -300.000 0.1702   0.9839E-03  0.1691E-03 -0.9839E-03  0.0000E+00      -1  -0.394E-04   20.00
  51   -50.0000    -300.000 0.1702   0.9839E-03  0.1691E-03 -0.9839E-03  0.0000E+00      -1  -0.394E-04   20.00
  52   -51.0000    -300.000 0.1702   0.9839E-03  0.1691E-03 -0.9839E-03  0.0000E+00      -1  -0.394E-04   20.00
  53   -52.0000    -300.000 0.1702   0.9839E-03  0.1691E-03 -0.9839E-03  0.0000E+00      -1  -0.394E-04   20.00
  54   -53.0000    -300.000 0.1702   0.9839E-03  0.1691E-03 -0.9839E-03  0.0000E+00      -1  -0.394E-04   20.00
  55   -54.0000    -300.000 0.1702   0.9839E-03  0.1691E-03 -0.9839E-03  0.0000E+00      -1  -0.394E-04   20.00
  56   -55.0000    -300.000 0.1702   0.9839E-03  0.1691E-03 -0.9839E-03  0.0000E+00      -1  -0.394E-04   20.00
  57   -56.0000    -300.000 0.1702   0.9839E-03  0.1691E-03 -0.9839E-03  0.0000E+00      -1  -0.394E-04   20.00
  58   -57.0000    -300.000 0.1702   0.9839E-03  0.1691E-03 -0.9839E-03  0.0000E+00      -1  -0.394E-04   20.00
  59   -58.0000    -300.000 0.1702   0.9839E-03  0.1691E-03 -0.9839E-03  0.0000E+00      -1  -0.394E-04   20.00
  60   -59.0000    -300.000 0.1702   0.9839E-03  0.1691E-03 -0.9839E-03  0.0000E+00      -1  -0.394E-04   20.00
  61   -60.0000    -300.000 0.1702   0.9839E-03  0.1691E-03 -0.9839E-03  0.0000E+00      -1  -0.394E-04   20.00
  62   -61.0000    -300.000 0.1702   0.9839E-03  0.1691E-03 -0.9839E-03  0.0000E+00      -1  -0.394E-04   20.00
  63   -62.0000    -300.000 0.1702   0.9839E-03  0.1691E-03 -0.9839E-03  0.0000E+00      -1  -0.394E-04   20.00
  64   -63.0000    -300.000 0.1702   0.9839E-03  0.1691E-03 -0.9839E-03  0.0000E+00      -1  -0.394E-04   20.00
  65   -64.0000    -300.000 0.1702   0.9839E-03  0.1691E-03 -0.9839E-03  0.0000E+00      -1  -0.394E-04   20.00
  66   -65.0000    -300.000 0.1702   0.9839E-03  0.1691E-03 -0.9839E-03  0.0000E+00      -1  -0.394E-04   20.00
  67   -66.0000    -300.000 0.1702   0.9839E-03  0.1691E-03 -0.9839E-03  0.0000E+00      -1  -0.394E-04   20.00
  68   -67.0000    -300.000 0.1702   0.9839E-03  0.1691E-03 -0.9839E-03  0.0000E+00      -1  -0.394E-04   20.00
  69   -68.0000    -300.000 0.1702   0.9839E-03  0.1691E-03 -0.9839E-03  0.0000E+00      -1  -0.394E-04   20.00
  70   -69.0000    -300.000 0.1702   0.9839E-03  0.1691E-03 -0.9839E-03  0.0000E+00      -1  -0.394E-04   20.00
  71   -70.0000    -300.000 0.1702   0.9839E-03  0.1691E-03 -0.9839E-03  0.0000E+00      -1  -0.394E-04   20.00
  72   -71.0000    -300.000 0.1702   0.9839E-03  0.1691E-03 -0.9839E-03  0.0000E+00      -1  -0.394E-04   20.00
  73   -72.0000    -300.000 0.1702   0.9839E-03  0.1691E-03 -0.9839E-03  0.0000E+00      -1  -0.394E-04   20.00
  74   -73.0000    -300.000 0.1702   0.9839E-03  0.1691E-03 -0.9839E-03  0.0000E+00      -1  -0.394E-04   20.00
  75   -74.0000    -300.000 0.1702   0.9839E-03  0.1691E-03 -0.9839E-03  0.0000E+00      -1  -0.394E-04   20.00
  76   -75.0000    -300.000 0.1702   0.9839E-03  0.1691E-03 -0.9839E-03  0.0000E+00      -1  -0.394E-04   20.00
  77   -76.0000    -300.000 0.1702   0.9839E-03  0.1691E-03 -0.9839E-03  0.0000E+00      -1  -0.394E-04   20.00
  78   -77.0000    -300.000 0.1702   0.9839E-03  0.1691E-03 -0.9839E-03  0.0000E+00      -1  -0.394E-04   20.00
  79   -78.0000    -300.000 0.1702   0.9839E-03  0.1691E-03 -0.9839E-03  0.0000E+00      -1  -0.394E-04   20.00
  80   -79.0000    -300.000 0.1702   0.9839E-03  0.1691E-03 -0.9839E-03  0.0000E+00      -1  -0.394E-04   20.00
  81   -80.0000    -300.000 0.1702   0.9839E-03  0.1691E-03 -0.9839E-03  0.0000E+00      -1  -0.394E-04   20.00
  82   -81.0000    -300.000 0.1702   0.9839E-03  0.1691E-03 -0.9839E-03  0.0000E+00      -1  -0.394E-04   20.00
  83   -82.0000    -300.000 0.1702   0.9839E-03  0.1691E-03 -0.9839E-03  0.0000E+00      -1  -0.394E-04   20.00
  84   -83.0000    -300.000 0.1702   0.9839E-03  0.1691E-03 -0.9839E-03  0.0000E+00      -1  -0.394E-04   20.00
  85   -84.0000    -300.000 0.1702   0.9839E-03  0.1691E-03 -0.9839E-03  0.0000E+00      -1  -0.394E-04   20.00
  86   -85.0000    -300.000 0.1702   0.9839E-03  0.1691E-03 -0.9839E-03  0.0000E+00      -1  -0.394E-04   20.00
  87   -86.0000    -300.000 0.1702   0.9839E-03  0.1691E-03 -0.9839E-03  0.0000E+00      -1  -0.394E-04   20.00
  88   -87.0000    -300.000 0.1702   0.9839E-03  0.1691E-03 -0.9839E-03  0.0000E+00      -1  -0.394E-04   20.00
  89   -88.0000    -300.000 0.1702   0.9839E-03  0.1691E-03 -0.9839E-03  0.0000E+00      -1  -0.394E-04   20.00
  90   -89.0000    -300.000 0.1702   0.9839E-03  0.1691E-03 -0.9839E-03  0.0000E+00      -1  -0.394E-04   20.00
  91   -90.0000    -300.000 0.1702   0.9839E-03  0.1691E-03 -0.9839E-03  0.0000E+00      -1  -0.394E-04   20.00
  92   -91.0000    -300.000 0.1702   0.9839E-03  0.1691E-03 -0.9839E-03  0.0000E+00      -1  -0.394E-04   20.00
  93   -92.0000    -300.000 0.1702   0.9839E-03  0.1691E-03 -0.9839E-03  0.0000E+00      -1  -0.394E-04   20.00
  94   -93.0000    -300.000 0.1702   0.9839E-03  0.1691E-03 -0.9839E-03  0.0000E+00      -1  -0.394E-04   20.00
  95   -94.0000    -300.000 0.1702   0.9839E-03  0.1691E-03 -0.9839E-03  0.0000E+00      -1  -0.394E-04   20.00
  96   -95.0000    -300.000 0.1702   0.9839E-03  0.1691E-03 -0.9839E-03  0.0000E+00      -1  -0.394E-04   20.00
  97   -96.0000    -300.000 0.1702   0.9839E-03  0.1691E-03 -0.9839E-03  0.0000E+00      -1  -0.394E-04   20.00
  98   -97.0000    -300.000 0.1702   0.9839E-03  0.1691E-03 -0.9839E-03  0.0000E+00      -1  -0.394E-04   20.00
  99   -98.0000    -300.000 0.1702   0.9839E-03  0.1691E-03 -0.9839E-03  0.0000E+00      -1  -0.394E-04   20.00
 100   -99.0000    -300.000 0.1702   0.9839E-03  0.1691E-03 -0.9839E-03  0.0000E+00      -1  -0.394E-04   20.00
 101  -100.0000    -300.000 0.1702   0.9839E-03  0.1691E-03 -0.9839E-03  0.0000E+00      -1  -0.394E-04   20.00
end


 Time:        0.4000


 Node      Depth      Head Moisture       K          C         Flux        Sink         Kappa   v/KsTop   Temp
           [L]        [L]    [-]        [L/T]      [1/L]      [L/T]        [1/T]         [-]      [-]      [C]

   1     0.0000       0.000 0.4300   0.2496E+02  0.0000E+00 -0.2500E+02  0.0000E+00      -1  -0.100E+01   20.00
   2    -1.0000      -0.002 0.4300   0.2496E+02  0.0000E+00 -0.2500E+02  0.0000E+00      -1  -0.100E+01   20.00
   3    -2.0000      -0.004 0.4300   0.2496E+02  0.0000E+00 -0.2500E+02  0.0000E+00      -1  -0.100E+01   20.00
   4    -3.0000      -0.005 0.4300   0.2496E+02  0.0000E+00 -0.2500E+02  0.0000E+00      -1  -0.100E+01   20.00
   5    -4.0000      -0.007 0.4300   0.2496E+02  0.0000E+00 -0.2500E+02  0.0000E+00      -1  -0.100E+01   20.00
   6    -5.0000      -0.009 0.4300   0.2496E+02  0.0000E+00 -0.2500E+02  0.0000E+00      -1  -0.100E+01   20.00
   7    -6.0000      -0.011 0.4300   0.2496E+02  0.0000E+00 -0.2500E+02  0.0000E+00      -1  -0.100E+01   20.00
   8    -7.0000      -0.012 0.4300   0.2496E+02  0.0000E+00 -0.2500E+02  0.0000E+00      -1  -0.100E+01   20.00
   9    -8.0000      -0.014 0.4300   0.2496E+02  0.0000E+00 -0.2500E+02  0.0000E+00      -1  -0.100E+01   20.00
  10    -9.0000      -0.016 0.4300   0.2496E+02  0.0000E+00 -0.2500E+02  0.0000E+00      -1  -0.100E+01   20.00
  11   -10.0000      -0.018 0.4300   0.2496E+02  0.0000E+00 -0.2500E+02  0.0000E+00      -1  -0.100E+01   20.00
  12   -11.0000      -0.019 0.4300   0.2496E+02  0.0000E+00 -0.2500E+02  0.0000E+00      -1  -0.100E+01   20.00
  13   -12.0000      -0.021 0.4300   0.2496E+02  0.0000E+00 -0.2500E+02  0.0000E+00      -1  -0.100E+01   20.00
  14   -13.0000      -0.023 0.4300   0.2496E+02  0.0000E+00 -0.2500E+02  0.0000E+00      -1  -0.100E+01   20.00
  15   -14.0000      -0.025 0.4300   0.2496E+02  0.0000E+00 -0.2500E+02  0.0000E+00      -1  -0.100E+01   20.00
  16   -15.0000      -0.026 0.4300   0.2496E+02  0.0000E+00 -0.2500E+02  0.0000E+00      -1  -0.100E+01   20.00
  17   -16.0000      -0.028 0.4300   0.2496E+02  0.0000E+00 -0.2500E+02  0.0000E+00      -1  -0.100E+01   20.00
  18   -17.0000      -0.030 0.4300   0.2496E+02  0.0000E+00 -0.2500E+02  0.0000E+00      -1  -0.100E+01   20.00
  19   -18.0000      -0.032 0.4300   0.2496E+02  0.0000E+00 -0.2500E+02  0.0000E+00      -1  -0.100E+01   20.00
  20   -19.0000      -0.033 0.4300   0.2496E+02  0.0000E+00 -0.2500E+02  0.0000E+00      -1  -0.100E+01   20.00
  21   -20.0000      -0.035 0.4300   0.2496E+02  0.0000E+00 -0.2500E+02  0.0000E+00      -1  -0.100E+01   20.00
  22   -21.0000      -0.037 0.4300   0.2496E+02  0.0000E+00 -0.2500E+02  0.0000E+00      -1  -0.100E+01   20.00
  23   -22.0000      -0.039 0.4300   0.2496E+02  0.0000E+00 -0.2500E+02  0.0000E+00      -1  -0.100E+01   20.00
  24   -23.0000      -0.040 0.4300   0.2496E+02  0.0000E+00 -0.2500E+02  0.0000E+00      -1  -0.100E+01   20.00
  25   -24.0000      -0.042 0.4300   0.2496E+02  0.0000E+00 -0.2500E+02  0.0000E+00      -1  -0.100E+01   20.00
  26   -25.0000      -0.057 0.4300   0.2429E+02  0.9652E-04 -0.2500E+02  0.0000E+00      -1  -0.100E+01   20.00
  27   -26.0000      -0.109 0.4300   0.2328E+02  0.2424E-03 -0.2500E+02  0.0000E+00      -1  -0.100E+01   20.00
  28   -27.0000      -0.211 0.4299   0.2205E+02  0.4258E-03 -0.2499E+02  0.0000E+00      -1  -0.100E+01   20.00
  29   -28.0000      -0.379 0.4298   0.2074E+02  0.6264E-03 -0.2497E+02  0.0000E+00      -1  -0.100E+01   20.00
  30   -29.0000      -0.624 0.4297   0.1937E+02  0.8406E-03 -0.2495E+02  0.0000E+00      -1  -0.999E+00   20.00
  31   -30.0000      -0.960 0.4293   0.1794E+02  0.1072E-02 -0.2490E+02  0.0000E+00      -1  -0.998E+00   20.00
  32   -31.0000      -1.408 0.4288   0.1643E+02  0.1322E-02 -0.2483E+02  0.0000E+00      -1  -0.995E+00   20.00
  33   -32.0000      -1.993 0.4279   0.1485E+02  0.1588E-02 -0.2473E+02  0.0000E+00      -1  -0.991E+00   20.00
  34   -33.0000      -2.752 0.4266   0.1319E+02  0.1875E-02 -0.2458E+02  0.0000E+00      -1  -0.985E+00   20.00
  35   -34.0000      -3.741 0.4246   0.1144E+02  0.2179E-02 -0.2436E+02  0.0000E+00      -1  -0.976E+00   20.00
  36   -35.0000      -5.038 0.4216   0.9654E+01  0.2483E-02 -0.2404E+02  0.0000E+00      -1  -0.963E+00   20.00
  37   -36.0000      -6.770 0.4170   0.7807E+01  0.2783E-02 -0.2358E+02  0.0000E+00      -1  -0.945E+00   20.00
  38   -37.0000      -9.169 0.4099   0.5905E+01  0.3052E-02 -0.2288E+02  0.0000E+00      -1  -0.917E+00   20.00
  39   -38.0000     -12.653 0.3989   0.4112E+01  0.3209E-02 -0.2180E+02  0.0000E+00      -1  -0.873E+00   20.00
  40   -39.0000     -18.124 0.3814   0.2423E+01  0.3174E-02 -0.2011E+02  0.0000E+00      -1  -0.806E+00   20.00
  41   -40.0000     -27.996 0.3521   0.1085E+01  0.2754E-02 -0.1723E+02  0.0000E+00      -1  -0.691E+00   20.00
  42   -41.0000     -49.706 0.3034   0.2708E+00  0.1815E-02 -0.1244E+02  0.0000E+00      -1  -0.498E+00   20.00
  43   -42.0000    -112.791 0.2332   0.2511E-01  0.7012E-03 -0.5779E+01  0.0000E+00      -1  -0.232E+00   20.00
  44   -43.0000    -267.636 0.1765   0.1519E-02  0.2039E-03 -0.1058E+01  0.0000E+00      -1  -0.424E-01   20.00
  45   -44.0000    -299.461 0.1703   0.9928E-03  0.1697E-03 -0.2137E-01  0.0000E+00      -1  -0.856E-03   20.00
  46   -45.0000    -299.993 0.1702   0.9840E-03  0.1691E-03 -0.1253E-02  0.0000E+00      -1  -0.502E-04   20.00
  47   -46.0000    -300.000 0.1702   0.9839E-03  0.1691E-03 -0.9873E-03  0.0000E+00      -1  -0.396E-04   20.00
  48   -47.0000    -300.000 0.1702   0.9839E-03  0.1691E-03 -0.9839E-03  0.0000E+00      -1  -0.394E-04   20.00
  49   -48.0000    -300.000 0.1702   0.9839E-03  0.1691E-03 -0.9839E-03  0.0000E+00      -1  -0.394E-04   20.00
  50   -49.0000    -300.000 0.1702   0.9839E-03  0.1691E-03 -0.9839E-03  0.0000E+00      -1  -0.394E-04   20.00
  51   -50.0000    -300.000 0.1702   0.9839E-03  0.1691E-03 -0.9839E-03  0.0000E+00      -1  -0.394E-04   20.00
  52   -51.0000    -300.000 0.1702   0.9839E-03  0.1691E-03 -0.9839E-03  0.0000E+00      -1  -0.394E-04   20.00
  53   -52.0000    -300.000 0.1702   0.9839E-03  0.1691E-03 -0.9839E-03  0.0000E+00      -1  -0.394E-04   20.00
  54   -53.0000    -300.000 0.1702   0.9839E-03  0.1691E-03 -0.9839E-03  0.0000E+00      -1  -0.394E-04   20.00
  55   -54.0000    -300.000 0.1702   0.9839E-03  0.1691E-03 -0.9839E-03  0.0000E+00      -1  -0.394E-04   20.00
  56   -55.0000    -300.000 0.1702   0.9839E-03  0.1691E-03 -0.9839E-03  0.0000E+00      -1  -0.394E-04   20.00
  57   -56.0000    -300.000 0.1702   0.9839E-03  0.1691E-03 -0.9839E-03  0.0000E+00      -1  -0.394E-04   20.00
  58   -57.0000    -300.000 0.1702   0.9839E-03  0.1691E-03 -0.9839E-03  0.0000E+00      -1  -0.394E-04   20.00
  59   -58.0000    -300.000 0.1702   0.9839E-03  0.1691E-03 -0.9839E-03  0.0000E+00      -1  -0.394E-04   20.00
  60   -59.0000    -300.000 0.1702   0.9839E-03  0.1691E-03 -0.9839E-03  0.0000E+00      -1  -0.394E-04   20.00
  61   -60.0000    -300.000 0.1702   0.9839E-03  0.1691E-03 -0.9839E-03  0.0000E+00      -1  -0.394E-04   20.00
  62   -61.0000    -300.000 0.1702   0.9839E-03  0.1691E-03 -0.9839E-03  0.0000E+00      -1  -0.394E-04   20.00
  63   -62.0000    -300.000 0.1702   0.9839E-03  0.1691E-03 -0.9839E-03  0.0000E+00      -1  -0.394E-04   20.00
  64   -63.0000    -300.000 0.1702   0.9839E-03  0.1691E-03 -0.9839E-03  0.0000E+00      -1  -0.394E-04   20.00
  65   -64.0000    -300.000 0.1702   0.9839E-03  0.1691E-03 -0.9839E-03  0.0000E+00      -1  -0.394E-04   20.00
  66   -65.0000    -300.000 0.1702   0.9839E-03  0.1691E-03 -0.9839E-03  0.0000E+00      -1  -0.394E-04   20.00
  67   -66.0000    -300.000 0.1702   0.9839E-03  0.1691E-03 -0.9839E-03  0.0000E+00      -1  -0.394E-04   20.00
  68   -67.0000    -300.000 0.1702   0.9839E-03  0.1691E-03 -0.9839E-03  0.0000E+00      -1  -0.394E-04   20.00
  69   -68.0000    -300.000 0.1702   0.9839E-03  0.1691E-03 -0.9839E-03  0.0000E+00      -1  -0.394E-04   20.00
  70   -69.0000    -300.000 0.1702   0.9839E-03  0.1691E-03 -0.9839E-03  0.0000E+00      -1  -0.394E-04   20.00
  71   -70.0000    -300.000 0.1702   0.9839E-03  0.1691E-03 -0.9839E-03  0.0000E+00      -1  -0.394E-04   20.00
  72   -71.0000    -300.000 0.1702   0.9839E-03  0.1691E-03 -0.9839E-03  0.0000E+00      -1  -0.394E-04   20.00
  73   -72.0000    -300.000 0.1702   0.9839E-03  0.1691E-03 -0.9839E-03  0.0000E+00      -1  -0.394E-04   20.00
  74   -73.0000    -300.000 0.1702   0.9839E-03  0.1691E-03 -0.9839E-03  0.0000E+00      -1  -0.394E-04   20.00
  75   -74.0000    -300.000 0.1702   0.9839E-03  0.1691E-03 -0.9839E-03  0.0000E+00      -1  -0.394E-04   20.00
  76   -75.0000    -300.000 0.1702   0.9839E-03  0.1691E-03 -0.9839E-03  0.0000E+00      -1  -0.394E-04   20.00
  77   -76.0000    -300.000 0.1702   0.9839E-03  0.1691E-03 -0.9839E-03  0.0000E+00      -1  -0.394E-04   20.00
  78   -77.0000    -300.000 0.1702   0.9839E-03  0.1691E-03 -0.9839E-03  0.0000E+00      -1  -0.394E-04   20.00
  79   -78.0000    -300.000 0.1702   0.9839E-03  0.1691E-03 -0.9839E-03  0.0000E+00      -1  -0.394E-04   20.00
  80   -79.0000    -300.000 0.1702   0.9839E-03  0.1691E-03 -0.9839E-03  0.0000E+00      -1  -0.394E-04   20.00
  81   -80.0000    -300.000 0.1702   0.9839E-03  0.1691E-03 -0.9839E-03  0.0000E+00      -1  -0.394E-04   20.00
  82   -81.0000    -300.000 0.1702   0.9839E-03  0.1691E-03 -0.9839E-03  0.0000E+00      -1  -0.394E-04   20.00
  83   -82.0000    -300.000 0.1702   0.9839E-03  0.1691E-03 -0.9839E-03  0.0000E+00      -1  -0.394E-04   20.00
  84   -83.0000    -300.000 0.1702   0.9839E-03  0.1691E-03 -0.9839E-03  0.0000E+00      -1  -0.394E-04   20.00
  85   -84.0000    -300.000 0.1702   0.9839E-03  0.1691E-03 -0.9839E-03  0.0000E+00      -1  -0.394E-04   20.00
  86   -85.0000    -300.000 0.1702   0.9839E-03  0.1691E-03 -0.9839E-03  0.0000E+00      -1  -0.394E-04   20.00
  87   -86.0000    -300.000 0.1702   0.9839E-03  0.1691E-03 -0.9839E-03  0.0000E+00      -1  -0.394E-04   20.00
  88   -87.0000    -300.000 0.1702   0.9839E-03  0.1691E-03 -0.9839E-03  0.0000E+00      -1  -0.394E-04   20.00
  89   -88.0000    -300.000 0.1702   0.9839E-03  0.1691E-03 -0.9839E-03  0.0000E+00      -1  -0.394E-04   20.00
  90   -89.0000    -300.000 0.1702   0.9839E-03  0.1691E-03 -0.9839E-03  0.0000E+00      -1  -0.394E-04   20.00
  91   -90.0000    -300.000 0.1702   0.9839E-03  0.1691E-03 -0.9839E-03  0.0000E+00      -1  -0.394E-04   20.00
  92   -91.0000    -300.000 0.1702   0.9839E-03  0.1691E-03 -0.9839E-03  0.0000E+00      -1  -0.394E-04   20.00
  93   -92.0000    -300.000 0.1702   0.9839E-03  0.1691E-03 -0.9839E-03  0.0000E+00      -1  -0.394E-04   20.00
  94   -93.0000    -300.000 0.1702   0.9839E-03  0.1691E-03 -0.9839E-03  0.0000E+00      -1  -0.394E-04   20.00
  95   -94.0000    -300.000 0.1702   0.9839E-03  0.1691E-03 -0.9839E-03  0.0000E+00      -1  -0.394E-04   20.00
  96   -95.0000    -300.000 0.1702   0.9839E-03  0.1691E-03 -0.9839E-03  0.0000E+00      -1  -0.394E-04   20.00
  97   -96.0000    -300.000 0.1702   0.9839E-03  0.1691E-03 -0.9839E-03  0.0000E+00      -1  -0.394E-04   20.00
  98   -97.0000    -300.000 0.1702   0.9839E-03  0.1691E-03 -0.9839E-03  0.0000E+00      -1  -0.394E-04   20.00
  99   -98.0000    -300.000 0.1702   0.9839E-03  0.1691E-03 -0.9839E-03  0.0000E+00      -1  -0.394E-04   20.00
 100   -99.0000    -300.000 0.1702   0.9839E-03  0.1691E-03 -0.9839E-03  0.0000E+00      -1  -0.394E-04   20.00
 101  -100.0000    -300.000 0.1702   0.9839E-03  0.1691E-03 -0.9839E-03  0.0000E+00      -1  -0.394E-04   20.00
end


 Time:        0.4500


 Node      Depth      Head Moisture       K          C         Flux        Sink         Kappa   v/KsTop   Temp
           [L]        [L]    [-]        [L/T]      [1/L]      [L/T]        [1/T]         [-]      [-]      [C]

   1     0.0000       0.000 0.4300   0.2496E+02  0.0000E+00 -0.2500E+02  0.0000E+00      -1  -0.100E+01   20.00
   2    -1.0000      -0.002 0.4300   0.2496E+02  0.0000E+00 -0.2500E+02  0.0000E+00      -1  -0.100E+01   20.00
   3    -2.0000      -0.004 0.4300   0.2496E+02  0.0000E+00 -0.2500E+02  0.0000E+00      -1  -0.100E+01   20.00
   4    -3.0000      -0.005 0.4300   0.2496E+02  0.0000E+00 -0.2500E+02  0.0000E+00      -1  -0.100E+01   20.00
   5    -4.0000      -0.007 0.4300   0.2496E+02  0.0000E+00 -0.2500E+02  0.0000E+00      -1  -0.100E+01   20.00
   6    -5.0000      -0.009 0.4300   0.2496E+02  0.0000E+00 -0.2500E+02  0.0000E+00      -1  -0.100E+01   20.00
   7    -6.0000      -0.011 0.4300   0.2496E+02  0.0000E+00 -0.2500E+02  0.0000E+00      -1  -0.100E+01   20.00
   8    -7.0000      -0.012 0.4300   0.2496E+02  0.0000E+00 -0.2500E+02  0.0000E+00      -1  -0.100E+01   20.00
   9    -8.0000      -0.014 0.4300   0.2496E+02  0.0000E+00 -0.2500E+02  0.0000E+00      -1  -0.100E+01   20.00
  10    -9.0000      -0.016 0.4300   0.2496E+02  0.0000E+00 -0.2500E+02  0.0000E+00      -1  -0.100E+01   20.00
  11   -10.0000      -0.018 0.4300   0.2496E+02  0.0000E+00 -0.2500E+02  0.0000E+00      -1  -0.100E+01   20.00
  12   -11.0000      -0.019 0.4300   0.2496E+02  0.0000E+00 -0.2500E+02  0.0000E+00      -1  -0.100E+01   20.00
  13   -12.0000      -0.021 0.4300   0.2496E+02  0.0000E+00 -0.2500E+02  0.0000E+00      -1  -0.100E+01   20.00
  14   -13.0000      -0.023 0.4300   0.2496E+02  0.0000E+00 -0.2500E+02  0.0000E+00      -1  -0.100E+01   20.00
  15   -14.0000      -0.025 0.4300   0.2496E+02  0.0000E+00 -0.2500E+02  0.0000E+00      -1  -0.100E+01   20.00
  16   -15.0000      -0.026 0.4300   0.2496E+02  0.0000E+00 -0.2500E+02  0.0000E+00      -1  -0.100E+01   20.00
  17   -16.0000      -0.028 0.4300   0.2496E+02  0.0000E+00 -0.2500E+02  0.0000E+00      -1  -0.100E+01   20.00
  18   -17.0000      -0.030 0.4300   0.2496E+02  0.0000E+00 -0.2500E+02  0.0000E+00      -1  -0.100E+01   20.00
  19   -18.0000      -0.032 0.4300   0.2496E+02  0.0000E+00 -0.2500E+02  0.0000E+00      -1  -0.100E+01   20.00
  20   -19.0000      -0.033 0.4300   0.2496E+02  0.0000E+00 -0.2500E+02  0.0000E+00      -1  -0.100E+01   20.00
  21   -20.0000      -0.035 0.4300   0.2496E+02  0.0000E+00 -0.2500E+02  0.0000E+00      -1  -0.100E+01   20.00
  22   -21.0000      -0.037 0.4300   0.2496E+02  0.0000E+00 -0.2500E+02  0.0000E+00      -1  -0.100E+01   20.00
  23   -22.0000      -0.039 0.4300   0.2496E+02  0.0000E+00 -0.2500E+02  0.0000E+00      -1  -0.100E+01   20.00
  24   -23.0000      -0.040 0.4300   0.2496E+02  0.0000E+00 -0.2500E+02  0.0000E+00      -1  -0.100E+01   20.00
  25   -24.0000      -0.042 0.4300   0.2496E+02  0.0000E+00 -0.2500E+02  0.0000E+00      -1  -0.100E+01   20.00
  26   -25.0000      -0.044 0.4300   0.2496E+02  0.0000E+00 -0.2500E+02  0.0000E+00      -1  -0.100E+01   20.00
  27   -26.0000      -0.046 0.4300   0.2496E+02  0.0000E+00 -0.2500E+02  0.0000E+00      -1  -0.100E+01   20.00
  28   -27.0000      -0.047 0.4300   0.2496E+02  0.0000E+00 -0.2500E+02  0.0000E+00      -1  -0.100E+01   20.00
  29   -28.0000      -0.049 0.4300   0.2496E+02  0.0000E+00 -0.2500E+02  0.0000E+00      -1  -0.100E+01   20.00
  30   -29.0000      -0.051 0.4300   0.2496E+02  0.0000E+00 -0.2500E+02  0.0000E+00      -1  -0.100E+01   20.00
  31   -30.0000      -0.070 0.4300   0.2413E+02  0.1187E-03 -0.2500E+02  0.0000E+00      -1  -0.100E+01   20.00
  32   -31.0000      -0.128 0.4300   0.2311E+02  0.2686E-03 -0.2500E+02  0.0000E+00      -1  -0.100E+01   20.00
  33   -32.0000      -0.240 0.4299   0.2185E+02  0.4568E-03 -0.2499E+02  0.0000E+00      -1  -0.100E+01   20.00
  34   -33.0000      -0.420 0.4298   0.2051E+02  0.6618E-03 -0.2498E+02  0.0000E+00      -1  -0.100E+01   20.00
  35   -34.0000      -0.680 0.4296   0.1912E+02  0.8817E-03 -0.2495E+02  0.0000E+00      -1  -0.100E+01   20.00
  36   -35.0000      -1.036 0.4292   0.1766E+02  0.1117E-02 -0.2491E+02  0.0000E+00      -1  -0.998E+00   20.00
  37   -36.0000      -1.508 0.4287   0.1613E+02  0.1371E-02 -0.2484E+02  0.0000E+00      -1  -0.995E+00   20.00
  38   -37.0000      -2.125 0.4277   0.1453E+02  0.1643E-02 -0.2473E+02  0.0000E+00      -1  -0.991E+00   20.00
  39   -38.0000      -2.928 0.4263   0.1283E+02  0.1937E-02 -0.2457E+02  0.0000E+00      -1  -0.984E+00   20.00
  40   -39.0000      -3.973 0.4241   0.1110E+02  0.2237E-02 -0.2434E+02  0.0000E+00      -1  -0.975E+00   20.00
  41   -40.0000      -5.349 0.4208   0.9282E+01  0.2546E-02 -0.2401E+02  0.0000E+00      -1  -0.962E+00   20.00
  42   -41.0000      -7.206 0.4157   0.7391E+01  0.2848E-02 -0.2352E+02  0.0000E+00      -1  -0.942E+00   20.00
  43   -42.0000      -9.801 0.4080   0.5529E+01  0.3093E-02 -0.2276E+02  0.0000E+00      -1  -0.912E+00   20.00
  44   -43.0000     -13.608 0.3959   0.3743E+01  0.3221E-02 -0.2155E+02  0.0000E+00      -1  -0.863E+00   20.00
  45   -44.0000     -19.720 0.3764   0.2109E+01  0.3123E-02 -0.1956E+02  0.0000E+00      -1  -0.784E+00   20.00
  46   -45.0000     -31.073 0.3438   0.8559E+00  0.2604E-02 -0.1631E+02  0.0000E+00      -1  -0.654E+00   20.00
  47   -46.0000     -57.649 0.2900   0.1819E+00  0.1567E-02 -0.1123E+02  0.0000E+00      -1  -0.450E+00   20.00
  48   -47.0000    -140.522 0.2168   0.1257E-01  0.5199E-03 -0.4580E+01  0.0000E+00      -1  -0.184E+00   20.00
  49   -48.0000    -285.457 0.1730   0.1224E-02  0.1848E-03 -0.5117E+00  0.0000E+00      -1  -0.205E-01   20.00
  50   -49.0000    -299.785 0.1703   0.9875E-03  0.1693E-03 -0.9073E-02  0.0000E+00      -1  -0.364E-03   20.00
  51   -50.0000    -299.997 0.1702   0.9840E-03  0.1691E-03 -0.1091E-02  0.0000E+00      -1  -0.437E-04   20.00
  52   -51.0000    -300.000 0.1702   0.9839E-03  0.1691E-03 -0.9852E-03  0.0000E+00      -1  -0.395E-04   20.00
  53   -52.0000    -300.000 0.1702   0.9839E-03  0.1691E-03 -0.9839E-03  0.0000E+00      -1  -0.394E-04   20.00
  54   -53.0000    -300.000 0.1702   0.9839E-03  0.1691E-03 -0.9839E-03  0.0000E+00      -1  -0.394E-04   20.00
  55   -54.0000    -300.000 0.1702   0.9839E-03  0.1691E-03 -0.9839E-03  0.0000E+00      -1  -0.394E-04   20.00
  56   -55.0000    -300.000 0.1702   0.9839E-03  0.1691E-03 -0.9839E-03  0.0000E+00      -1  -0.394E-04   20.00
  57   -56.0000    -300.000 0.1702   0.9839E-03  0.1691E-03 -0.9839E-03  0.0000E+00      -1  -0.394E-04   20.00
  58   -57.0000    -300.000 0.1702   0.9839E-03  0.1691E-03 -0.9839E-03  0.0000E+00      -1  -0.394E-04   20.00
  59   -58.0000    -300.000 0.1702   0.9839E-03  0.1691E-03 -0.9839E-03  0.0000E+00      -1  -0.394E-04   20.00
  60   -59.0000    -300.000 0.1702   0.9839E-03  0.1691E-03 -0.9839E-03  0.0000E+00      -1  -0.394E-04   20.00
  61   -60.0000    -300.000 0.1702   0.9839E-03  0.1691E-03 -0.9839E-03  0.0000E+00      -1  -0.394E-04   20.00
  62   -61.0000    -300.000 0.1702   0.9839E-03  0.1691E-03 -0.9839E-03  0.0000E+00      -1  -0.394E-04   20.00
  63   -62.0000    -300.000 0.1702   0.9839E-03  0.1691E-03 -0.9839E-03  0.0000E+00      -1  -0.394E-04   20.00
  64   -63.0000    -300.000 0.1702   0.9839E-03  0.1691E-03 -0.9839E-03  0.0000E+00      -1  -0.394E-04   20.00
  65   -64.0000    -300.000 0.1702   0.9839E-03  0.1691E-03 -0.9839E-03  0.0000E+00      -1  -0.394E-04   20.00
  66   -65.0000    -300.000 0.1702   0.9839E-03  0.1691E-03 -0.9839E-03  0.0000E+00      -1  -0.394E-04   20.00
  67   -66.0000    -300.000 0.1702   0.9839E-03  0.1691E-03 -0.9839E-03  0.0000E+00      -1  -0.394E-04   20.00
  68   -67.0000    -300.000 0.1702   0.9839E-03  0.1691E-03 -0.9839E-03  0.0000E+00      -1  -0.394E-04   20.00
  69   -68.0000    -300.000 0.1702   0.9839E-03  0.1691E-03 -0.9839E-03  0.0000E+00      -1  -0.394E-04   20.00
  70   -69.0000    -300.000 0.1702   0.9839E-03  0.1691E-03 -0.9839E-03  0.0000E+00      -1  -0.394E-04   20.00
  71   -70.0000    -300.000 0.1702   0.9839E-03  0.1691E-03 -0.9839E-03  0.0000E+00      -1  -0.394E-04   20.00
  72   -71.0000    -300.000 0.1702   0.9839E-03  0.1691E-03 -0.9839E-03  0.0000E+00      -1  -0.394E-04   20.00
  73   -72.0000    -300.000 0.1702   0.9839E-03  0.1691E-03 -0.9839E-03  0.0000E+00      -1  -0.394E-04   20.00
  74   -73.0000    -300.000 0.1702   0.9839E-03  0.1691E-03 -0.9839E-03  0.0000E+00      -1  -0.394E-04   20.00
  75   -74.0000    -300.000 0.1702   0.9839E-03  0.1691E-03 -0.9839E-03  0.0000E+00      -1  -0.394E-04   20.00
  76   -75.0000    -300.000 0.1702   0.9839E-03  0.1691E-03 -0.9839E-03  0.0000E+00      -1  -0.394E-04   20.00
  77   -76.0000    -300.000 0.1702   0.9839E-03  0.1691E-03 -0.9839E-03  0.0000E+00      -1  -0.394E-04   20.00
  78   -77.0000    -300.000 0.1702   0.9839E-03  0.1691E-03 -0.9839E-03  0.0000E+00      -1  -0.394E-04   20.00
  79   -78.0000    -300.000 0.1702   0.9839E-03  0.1691E-03 -0.9839E-03  0.0000E+00      -1  -0.394E-04   20.00
  80   -79.0000    -300.000 0.1702   0.9839E-03  0.1691E-03 -0.9839E-03  0.0000E+00      -1  -0.394E-04   20.00
  81   -80.0000    -300.000 0.1702   0.9839E-03  0.1691E-03 -0.9839E-03  0.0000E+00      -1  -0.394E-04   20.00
  82   -81.0000    -300.000 0.1702   0.9839E-03  0.1691E-03 -0.9839E-03  0.0000E+00      -1  -0.394E-04   20.00
  83   -82.0000    -300.000 0.1702   0.9839E-03  0.1691E-03 -0.9839E-03  0.0000E+00      -1  -0.394E-04   20.00
  84   -83.0000    -300.000 0.1702   0.9839E-03  0.1691E-03 -0.9839E-03  0.0000E+00      -1  -0.394E-04   20.00
  85   -84.0000    -300.000 0.1702   0.9839E-03  0.1691E-03 -0.9839E-03  0.0000E+00      -1  -0.394E-04   20.00
  86   -85.0000    -300.000 0.1702   0.9839E-03  0.1691E-03 -0.9839E-03  0.0000E+00      -1  -0.394E-04   20.00
  87   -86.0000    -300.000 0.1702   0.9839E-03  0.1691E-03 -0.9839E-03  0.0000E+00      -1  -0.394E-04   20.00
  88   -87.0000    -300.000 0.1702   0.9839E-03  0.1691E-03 -0.9839E-03  0.0000E+00      -1  -0.394E-04   20.00
  89   -88.0000    -300.000 0.1702   0.9839E-03  0.1691E-03 -0.9839E-03  0.0000E+00      -1  -0.394E-04   20.00
  90   -89.0000    -300.000 0.1702   0.9839E-03  0.1691E-03 -0.9839E-03  0.0000E+00      -1  -0.394E-04   20.00
  91   -90.0000    -300.000 0.1702   0.9839E-03  0.1691E-03 -0.9839E-03  0.0000E+00      -1  -0.394E-04   20.00
  92   -91.0000    -300.000 0.1702   0.9839E-03  0.1691E-03 -0.9839E-03  0.0000E+00      -1  -0.394E-04   20.00
  93   -92.0000    -300.000 0.1702   0.9839E-03  0.1691E-03 -0.9839E-03  0.0000E+00      -1  -0.394E-04   20.00
  94   -93.0000    -300.000 0.1702   0.9839E-03  0.1691E-03 -0.9839E-03  0.0000E+00      -1  -0.394E-04   20.00
  95   -94.0000    -300.000 0.1702   0.9839E-03  0.1691E-03 -0.9839E-03  0.0000E+00      -1  -0.394E-04   20.00
  96   -95.0000    -300.000 0.1702   0.9839E-03  0.1691E-03 -0.9839E-03  0.0000E+00      -1  -0.394E-04   20.00
  97   -96.0000    -300.000 0.1702   0.9839E-03  0.1691E-03 -0.9839E-03  0.0000E+00      -1  -0.394E-04   20.00
  98   -97.0000    -300.000 0.1702   0.9839E-03  0.1691E-03 -0.9839E-03  0.0000E+00      -1  -0.394E-04   20.00
  99   -98.0000    -300.000 0.1702   0.9839E-03  0.1691E-03 -0.9839E-03  0.0000E+00      -1  -0.394E-04   20.00
 100   -99.0000    -300.000 0.1702   0.9839E-03  0.1691E-03 -0.9839E-03  0.0000E+00      -1  -0.394E-04   20.00
 101  -100.0000    -300.000 0.1702   0.9839E-03  0.1691E-03 -0.9839E-03  0.0000E+00      -1  -0.394E-04   20.00
end


 Time:        0.5000


 Node      Depth      Head Moisture       K          C         Flux        Sink         Kappa   v/KsTop   Temp
           [L]        [L]    [-]        [L/T]      [1/L]      [L/T]        [1/T]         [-]      [-]      [C]

   1     0.0000       0.000 0.4300   0.2496E+02  0.0000E+00 -0.2499E+02  0.0000E+00      -1  -0.100E+01   20.00
   2    -1.0000      -0.001 0.4300   0.2496E+02  0.0000E+00 -0.2499E+02  0.0000E+00      -1  -0.100E+01   20.00
   3    -2.0000      -0.002 0.4300   0.2496E+02  0.0000E+00 -0.2499E+02  0.0000E+00      -1  -0.100E+01   20.00
   4    -3.0000      -0.004 0.4300   0.2496E+02  0.0000E+00 -0.2499E+02  0.0000E+00      -1  -0.100E+01   20.00
   5    -4.0000      -0.005 0.4300   0.2496E+02  0.0000E+00 -0.2499E+02  0.0000E+00      -1  -0.100E+01   20.00
   6    -5.0000      -0.006 0.4300   0.2496E+02  0.0000E+00 -0.2499E+02  0.0000E+00      -1  -0.100E+01   20.00
   7    -6.0000      -0.007 0.4300   0.2496E+02  0.0000E+00 -0.2499E+02  0.0000E+00      -1  -0.100E+01   20.00
   8    -7.0000      -0.009 0.4300   0.2496E+02  0.0000E+00 -0.2499E+02  0.0000E+00      -1  -0.100E+01   20.00
   9    -8.0000      -0.010 0.4300   0.2496E+02  0.0000E+00 -0.2499E+02  0.0000E+00      -1  -0.100E+01   20.00
  10    -9.0000      -0.011 0.4300   0.2496E+02  0.0000E+00 -0.2499E+02  0.0000E+00      -1  -0.100E+01   20.00
  11   -10.0000      -0.012 0.4300   0.2496E+02  0.0000E+00 -0.2499E+02  0.0000E+00      -1  -0.100E+01   20.00
  12   -11.0000      -0.013 0.4300   0.2496E+02  0.0000E+00 -0.2499E+02  0.0000E+00      -1  -0.100E+01   20.00
  13   -12.0000      -0.015 0.4300   0.2496E+02  0.0000E+00 -0.2499E+02  0.0000E+00      -1  -0.100E+01   20.00
  14   -13.0000      -0.016 0.4300   0.2496E+02  0.0000E+00 -0.2499E+02  0.0000E+00      -1  -0.100E+01   20.00
  15   -14.0000      -0.017 0.4300   0.2496E+02  0.0000E+00 -0.2499E+02  0.0000E+00      -1  -0.100E+01   20.00
  16   -15.0000      -0.018 0.4300   0.2496E+02  0.0000E+00 -0.2499E+02  0.0000E+00      -1  -0.100E+01   20.00
  17   -16.0000      -0.020 0.4300   0.2496E+02  0.0000E+00 -0.2499E+02  0.0000E+00      -1  -0.100E+01   20.00
  18   -17.0000      -0.021 0.4300   0.2496E+02  0.0000E+00 -0.2499E+02  0.0000E+00      -1  -0.100E+01   20.00
  19   -18.0000      -0.022 0.4300   0.2496E+02  0.0000E+00 -0.2499E+02  0.0000E+00      -1  -0.100E+01   20.00
  20   -19.0000      -0.023 0.4300   0.2496E+02  0.0000E+00 -0.2499E+02  0.0000E+00      -1  -0.100E+01   20.00
  21   -20.0000      -0.024 0.4300   0.2496E+02  0.0000E+00 -0.2499E+02  0.0000E+00      -1  -0.100E+01   20.00
  22   -21.0000      -0.026 0.4300   0.2496E+02  0.0000E+00 -0.2499E+02  0.0000E+00      -1  -0.100E+01   20.00
  23   -22.0000      -0.027 0.4300   0.2496E+02  0.0000E+00 -0.2499E+02  0.0000E+00      -1  -0.100E+01   20.00
  24   -23.0000      -0.028 0.4300   0.2496E+02  0.0000E+00 -0.2499E+02  0.0000E+00      -1  -0.100E+01   20.00
  25   -24.0000      -0.029 0.4300   0.2496E+02  0.0000E+00 -0.2499E+02  0.0000E+00      -1  -0.100E+01   20.00
  26   -25.0000      -0.031 0.4300   0.2496E+02  0.0000E+00 -0.2499E+02  0.0000E+00      -1  -0.100E+01   20.00
  27   -26.0000      -0.032 0.4300   0.2496E+02  0.0000E+00 -0.2499E+02  0.0000E+00      -1  -0.100E+01   20.00
  28   -27.0000      -0.033 0.4300   0.2496E+02  0.0000E+00 -0.2499E+02  0.0000E+00      -1  -0.100E+01   20.00
  29   -28.0000      -0.034 0.4300   0.2496E+02  0.0000E+00 -0.2499E+02  0.0000E+00      -1  -0.100E+01   20.00
  30   -29.0000      -0.035 0.4300   0.2496E+02  0.0000E+00 -0.2499E+02  0.0000E+00      -1  -0.100E+01   20.00
  31   -30.0000      -0.037 0.4300   0.2496E+02  0.0000E+00 -0.2499E+02  0.0000E+00      -1  -0.100E+01   20.00
  32   -31.0000      -0.038 0.4300   0.2496E+02  0.0000E+00 -0.2499E+02  0.0000E+00      -1  -0.100E+01   20.00
  33   -32.0000      -0.039 0.4300   0.2496E+02  0.0000E+00 -0.2499E+02  0.0000E+00      -1  -0.100E+01   20.00
  34   -33.0000      -0.040 0.4300   0.2496E+02  0.0000E+00 -0.2499E+02  0.0000E+00      -1  -0.100E+01   20.00
  35   -34.0000      -0.047 0.4300   0.2469E+02  0.3813E-04 -0.2499E+02  0.0000E+00      -1  -0.100E+01   20.00
  36   -35.0000      -0.074 0.4300   0.2396E+02  0.1436E-03 -0.2500E+02  0.0000E+00      -1  -0.100E+01   20.00
  37   -36.0000      -0.142 0.4300   0.2288E+02  0.3022E-03 -0.2500E+02  0.0000E+00      -1  -0.100E+01   20.00
  38   -37.0000      -0.266 0.4299   0.2158E+02  0.4969E-03 -0.2500E+02  0.0000E+00      -1  -0.100E+01   20.00
  39   -38.0000      -0.462 0.4298   0.2023E+02  0.7056E-03 -0.2498E+02  0.0000E+00      -1  -0.100E+01   20.00
  40   -39.0000      -0.740 0.4296   0.1883E+02  0.9273E-03 -0.2495E+02  0.0000E+00      -1  -0.100E+01   20.00
  41   -40.0000      -1.118 0.4292   0.1736E+02  0.1166E-02 -0.2490E+02  0.0000E+00      -1  -0.998E+00   20.00
  42   -41.0000      -1.616 0.4285   0.1584E+02  0.1422E-02 -0.2483E+02  0.0000E+00      -1  -0.995E+00   20.00
  43   -42.0000      -2.267 0.4275   0.1420E+02  0.1700E-02 -0.2472E+02  0.0000E+00      -1  -0.990E+00   20.00
  44   -43.0000      -3.112 0.4259   0.1251E+02  0.1992E-02 -0.2455E+02  0.0000E+00      -1  -0.984E+00   20.00
  45   -44.0000      -4.215 0.4235   0.1075E+02  0.2297E-02 -0.2431E+02  0.0000E+00      -1  -0.974E+00   20.00
  46   -45.0000      -5.675 0.4199   0.8895E+01  0.2610E-02 -0.2395E+02  0.0000E+00      -1  -0.960E+00   20.00
  47   -46.0000      -7.659 0.4144   0.7019E+01  0.2902E-02 -0.2340E+02  0.0000E+00      -1  -0.937E+00   20.00
  48   -47.0000     -10.438 0.4060   0.5181E+01  0.3127E-02 -0.2255E+02  0.0000E+00      -1  -0.904E+00   20.00
  49   -48.0000     -14.601 0.3927   0.3359E+01  0.3234E-02 -0.2126E+02  0.0000E+00      -1  -0.852E+00   20.00
  50   -49.0000     -21.497 0.3709   0.1826E+01  0.3052E-02 -0.1917E+02  0.0000E+00      -1  -0.768E+00   20.00
  51   -50.0000     -34.789 0.3346   0.6741E+00  0.2426E-02 -0.1564E+02  0.0000E+00      -1  -0.627E+00   20.00
  52   -51.0000     -67.618 0.2761   0.1186E+00  0.1325E-02 -0.1006E+02  0.0000E+00      -1  -0.403E+00   20.00
  53   -52.0000    -173.943 0.2021   0.6327E-02  0.3847E-03 -0.3577E+01  0.0000E+00      -1  -0.143E+00   20.00
  54   -53.0000    -293.788 0.1714   0.1087E-02  0.1758E-03 -0.2277E+00  0.0000E+00      -1  -0.912E-02   20.00
  55   -54.0000    -299.914 0.1702   0.9853E-03  0.1692E-03 -0.4225E-02  0.0000E+00      -1  -0.169E-03   20.00
  56   -55.0000    -299.999 0.1702   0.9839E-03  0.1691E-03 -0.1027E-02  0.0000E+00      -1  -0.411E-04   20.00
  57   -56.0000    -300.000 0.1702   0.9839E-03  0.1691E-03 -0.9844E-03  0.0000E+00      -1  -0.394E-04   20.00
  58   -57.0000    -300.000 0.1702   0.9839E-03  0.1691E-03 -0.9839E-03  0.0000E+00      -1  -0.394E-04   20.00
  59   -58.0000    -300.000 0.1702   0.9839E-03  0.1691E-03 -0.9839E-03  0.0000E+00      -1  -0.394E-04   20.00
  60   -59.0000    -300.000 0.1702   0.9839E-03  0.1691E-03 -0.9839E-03  0.0000E+00      -1  -0.394E-04   20.00
  61   -60.0000    -300.000 0.1702   0.9839E-03  0.1691E-03 -0.9839E-03  0.0000E+00      -1  -0.394E-04   20.00
  62   -61.0000    -300.000 0.1702   0.9839E-03  0.1691E-03 -0.9839E-03  0.0000E+00      -1  -0.394E-04   20.00
  63   -62.0000    -300.000 0.1702   0.9839E-03  0.1691E-03 -0.9839E-03  0.0000E+00      -1  -0.394E-04   20.00
  64   -63.0000    -300.000 0.1702   0.9839E-03  0.1691E-03 -0.9839E-03  0.0000E+00      -1  -0.394E-04   20.00
  65   -64.0000    -300.000 0.1702   0.9839E-03  0.1691E-03 -0.9839E-03  0.0000E+00      -1  -0.394E-04   20.00
  66   -65.0000    -300.000 0.1702   0.9839E-03  0.1691E-03 -0.9839E-03  0.0000E+00      -1  -0.394E-04   20.00
  67   -66.0000    -300.000 0.1702   0.9839E-03  0.1691E-03 -0.9839E-03  0.0000E+00      -1  -0.394E-04   20.00
  68   -67.0000    -300.000 0.1702   0.9839E-03  0.1691E-03 -0.9839E-03  0.0000E+00      -1  -0.394E-04   20.00
  69   -68.0000    -300.000 0.1702   0.9839E-03  0.1691E-03 -0.9839E-03  0.0000E+00      -1  -0.394E-04   20.00
  70   -69.0000    -300.000 0.1702   0.9839E-03  0.1691E-03 -0.9839E-03  0.0000E+00      -1  -0.394E-04   20.00
  71   -70.0000    -300.000 0.1702   0.9839E-03  0.1691E-03 -0.9839E-03  0.0000E+00      -1  -0.394E-04   20.00
  72   -71.0000    -300.000 0.1702   0.9839E-03  0.1691E-03 -0.9839E-03  0.0000E+00      -1  -0.394E-04   20.00
  73   -72.0000    -300.000 0.1702   0.9839E-03  0.1691E-03 -0.9839E-03  0.0000E+00      -1  -0.394E-04   20.00
  74   -73.0000    -300.000 0.1702   0.9839E-03  0.1691E-03 -0.9839E-03  0.0000E+00      -1  -0.394E-04   20.00
  75   -74.0000    -300.000 0.1702   0.9839E-03  0.1691E-03 -0.9839E-03  0.0000E+00      -1  -0.394E-04   20.00
  76   -75.0000    -300.000 0.1702   0.9839E-03  0.1691E-03 -0.9839E-03  0.0000E+00      -1  -0.394E-04   20.00
  77   -76.0000    -300.000 0.1702   0.9839E-03  0.1691E-03 -0.9839E-03  0.0000E+00      -1  -0.394E-04   20.00
  78   -77.0000    -300.000 0.1702   0.9839E-03  0.1691E-03 -0.9839E-03  0.0000E+00      -1  -0.394E-04   20.00
  79   -78.0000    -300.000 0.1702   0.9839E-03  0.1691E-03 -0.9839E-03  0.0000E+00      -1  -0.394E-04   20.00
  80   -79.0000    -300.000 0.1702   0.9839E-03  0.1691E-03 -0.9839E-03  0.0000E+00      -1  -0.394E-04   20.00
  81   -80.0000    -300.000 0.1702   0.9839E-03  0.1691E-03 -0.9839E-03  0.0000E+00      -1  -0.394E-04   20.00
  82   -81.0000    -300.000 0.1702   0.9839E-03  0.1691E-03 -0.9839E-03  0.0000E+00      -1  -0.394E-04   20.00
  83   -82.0000    -300.000 0.1702   0.9839E-03  0.1691E-03 -0.9839E-03  0.0000E+00      -1  -0.394E-04   20.00
  84   -83.0000    -300.000 0.1702   0.9839E-03  0.1691E-03 -0.9839E-03  0.0000E+00      -1  -0.394E-04   20.00
  85   -84.0000    -300.000 0.1702   0.9839E-03  0.1691E-03 -0.9839E-03  0.0000E+00      -1  -0.394E-04   20.00
  86   -85.0000    -300.000 0.1702   0.9839E-03  0.1691E-03 -0.9839E-03  0.0000E+00      -1  -0.394E-04   20.00
  87   -86.0000    -300.000 0.1702   0.9839E-03  0.1691E-03 -0.9839E-03  0.0000E+00      -1  -0.394E-04   20.00
  88   -87.0000    -300.000 0.1702   0.9839E-03  0.1691E-03 -0.9839E-03  0.0000E+00      -1  -0.394E-04   20.00
  89   -88.0000    -300.000 0.1702   0.9839E-03  0.1691E-03 -0.9839E-03  0.0000E+00      -1  -0.394E-04   20.00
  90   -89.0000    -300.000 0.1702   0.9839E-03  0.1691E-03 -0.9839E-03  0.0000E+00      -1  -0.394E-04   20.00
  91   -90.0000    -300.000 0.1702   0.9839E-03  0.1691E-03 -0.9839E-03  0.0000E+00      -1  -0.394E-04   20.00
  92   -91.0000    -300.000 0.1702   0.9839E-03  0.1691E-03 -0.9839E-03  0.0000E+00      -1  -0.394E-04   20.00
  93   -92.0000    -300.000 0.1702   0.9839E-03  0.1691E-03 -0.9839E-03  0.0000E+00      -1  -0.394E-04   20.00
  94   -93.0000    -300.000 0.1702   0.9839E-03  0.1691E-03 -0.9839E-03  0.0000E+00      -1  -0.394E-04   20.00
  95   -94.0000    -300.000 0.1702   0.9839E-03  0.1691E-03 -0.9839E-03  0.0000E+00      -1  -0.394E-04   20.00
  96   -95.0000    -300.000 0.1702   0.9839E-03  0.1691E-03 -0.9839E-03  0.0000E+00      -1  -0.394E-04   20.00
  97   -96.0000    -300.000 0.1702   0.9839E-03  0.1691E-03 -0.9839E-03  0.0000E+00      -1  -0.394E-04   20.00
  98   -97.0000    -300.000 0.1702   0.9839E-03  0.1691E-03 -0.9839E-03  0.0000E+00      -1  -0.394E-04   20.00
  99   -98.0000    -300.000 0.1702   0.9839E-03  0.1691E-03 -0.9839E-03  0.0000E+00      -1  -0.394E-04   20.00
 100   -99.0000    -300.000 0.1702   0.9839E-03  0.1691E-03 -0.9839E-03  0.0000E+00      -1  -0.394E-04   20.00
 101  -100.0000    -300.000 0.1702   0.9839E-03  0.1691E-03 -0.9839E-03  0.0000E+00      -1  -0.394E-04   20.00
end


 Time:        0.5500


 Node      Depth      Head Moisture       K          C         Flux        Sink         Kappa   v/KsTop   Temp
           [L]        [L]    [-]        [L/T]      [1/L]      [L/T]        [1/T]         [-]      [-]      [C]

   1     0.0000     -16.146 0.3877   0.2931E+01  0.3212E-02 -0.1490E-06  0.0000E+00      -1  -0.597E-08   20.00
   2    -1.0000     -15.204 0.3907   0.3173E+01  0.3230E-02 -0.3510E+00  0.0000E+00      -1  -0.141E-01   20.00
   3    -2.0000     -14.363 0.3934   0.3452E+01  0.3231E-02 -0.7014E+00  0.0000E+00      -1  -0.281E-01   20.00
   4    -3.0000     -13.606 0.3959   0.3744E+01  0.3221E-02 -0.1050E+01  0.0000E+00      -1  -0.421E-01   20.00
   5    -4.0000     -12.922 0.3981   0.4008E+01  0.3213E-02 -0.1396E+01  0.0000E+00      -1  -0.559E-01   20.00
   6    -5.0000     -12.302 0.4001   0.4248E+01  0.3205E-02 -0.1737E+01  0.0000E+00      -1  -0.696E-01   20.00
   7    -6.0000     -11.740 0.4019   0.4469E+01  0.3196E-02 -0.2069E+01  0.0000E+00      -1  -0.829E-01   20.00
   8    -7.0000     -11.224 0.4035   0.4752E+01  0.3169E-02 -0.2394E+01  0.0000E+00      -1  -0.959E-01   20.00
   9    -8.0000     -10.747 0.4050   0.5013E+01  0.3143E-02 -0.2714E+01  0.0000E+00      -1  -0.109E+00   20.00
  10    -9.0000     -10.307 0.4064   0.5254E+01  0.3120E-02 -0.3030E+01  0.0000E+00      -1  -0.121E+00   20.00
  11   -10.0000      -9.901 0.4077   0.5476E+01  0.3098E-02 -0.3340E+01  0.0000E+00      -1  -0.134E+00   20.00
  12   -11.0000      -9.527 0.4088   0.5681E+01  0.3078E-02 -0.3643E+01  0.0000E+00      -1  -0.146E+00   20.00
  13   -12.0000      -9.182 0.4099   0.5897E+01  0.3053E-02 -0.3933E+01  0.0000E+00      -1  -0.158E+00   20.00
  14   -13.0000      -8.860 0.4109   0.6135E+01  0.3021E-02 -0.4213E+01  0.0000E+00      -1  -0.169E+00   20.00
  15   -14.0000      -8.557 0.4118   0.6358E+01  0.2991E-02 -0.4491E+01  0.0000E+00      -1  -0.180E+00   20.00
  16   -15.0000      -8.273 0.4126   0.6568E+01  0.2963E-02 -0.4765E+01  0.0000E+00      -1  -0.191E+00   20.00
  17   -16.0000      -8.008 0.4134   0.6763E+01  0.2936E-02 -0.5035E+01  0.0000E+00      -1  -0.202E+00   20.00
  18   -17.0000      -7.762 0.4141   0.6944E+01  0.2912E-02 -0.5298E+01  0.0000E+00      -1  -0.212E+00   20.00
  19   -18.0000      -7.535 0.4148   0.7112E+01  0.2889E-02 -0.5555E+01  0.0000E+00      -1  -0.223E+00   20.00
  20   -19.0000      -7.324 0.4154   0.7282E+01  0.2865E-02 -0.5798E+01  0.0000E+00      -1  -0.232E+00   20.00
  21   -20.0000      -7.126 0.4160   0.7471E+01  0.2835E-02 -0.6032E+01  0.0000E+00      -1  -0.242E+00   20.00
  22   -21.0000      -6.939 0.4165   0.7649E+01  0.2807E-02 -0.6265E+01  0.0000E+00      -1  -0.251E+00   20.00
  23   -22.0000      -6.765 0.4170   0.7816E+01  0.2781E-02 -0.6496E+01  0.0000E+00      -1  -0.260E+00   20.00
  24   -23.0000      -6.602 0.4174   0.7971E+01  0.2757E-02 -0.6725E+01  0.0000E+00      -1  -0.269E+00   20.00
  25   -24.0000      -6.453 0.4178   0.8113E+01  0.2735E-02 -0.6950E+01  0.0000E+00      -1  -0.278E+00   20.00
  26   -25.0000      -6.316 0.4182   0.8244E+01  0.2714E-02 -0.7172E+01  0.0000E+00      -1  -0.287E+00   20.00
  27   -26.0000      -6.193 0.4186   0.8361E+01  0.2696E-02 -0.7389E+01  0.0000E+00      -1  -0.296E+00   20.00
  28   -27.0000      -6.084 0.4189   0.8465E+01  0.2680E-02 -0.7601E+01  0.0000E+00      -1  -0.305E+00   20.00
  29   -28.0000      -5.990 0.4191   0.8555E+01  0.2666E-02 -0.7808E+01  0.0000E+00      -1  -0.313E+00   20.00
  30   -29.0000      -5.910 0.4193   0.8631E+01  0.2654E-02 -0.8006E+01  0.0000E+00      -1  -0.321E+00   20.00
  31   -30.0000      -5.845 0.4195   0.8696E+01  0.2644E-02 -0.8196E+01  0.0000E+00      -1  -0.328E+00   20.00
  32   -31.0000      -5.795 0.4196   0.8755E+01  0.2634E-02 -0.8383E+01  0.0000E+00      -1  -0.336E+00   20.00
  33   -32.0000      -5.761 0.4197   0.8796E+01  0.2627E-02 -0.8570E+01  0.0000E+00      -1  -0.343E+00   20.00
  34   -33.0000      -5.745 0.4198   0.8816E+01  0.2624E-02 -0.8758E+01  0.0000E+00      -1  -0.351E+00   20.00
  35   -34.0000      -5.749 0.4198   0.8810E+01  0.2624E-02 -0.8945E+01  0.0000E+00      -1  -0.358E+00   20.00
  36   -35.0000      -5.777 0.4197   0.8777E+01  0.2630E-02 -0.9131E+01  0.0000E+00      -1  -0.366E+00   20.00
  37   -36.0000      -5.832 0.4195   0.8712E+01  0.2641E-02 -0.9316E+01  0.0000E+00      -1  -0.373E+00   20.00
  38   -37.0000      -5.917 0.4193   0.8624E+01  0.2655E-02 -0.9504E+01  0.0000E+00      -1  -0.381E+00   20.00
  39   -38.0000      -6.038 0.4190   0.8509E+01  0.2673E-02 -0.9698E+01  0.0000E+00      -1  -0.389E+00   20.00
  40   -39.0000      -6.200 0.4185   0.8355E+01  0.2697E-02 -0.9891E+01  0.0000E+00      -1  -0.396E+00   20.00
  41   -40.0000      -6.410 0.4180   0.8154E+01  0.2728E-02 -0.1008E+02  0.0000E+00      -1  -0.404E+00   20.00
  42   -41.0000      -6.677 0.4172   0.7899E+01  0.2768E-02 -0.1026E+02  0.0000E+00      -1  -0.411E+00   20.00
  43   -42.0000      -7.015 0.4163   0.7577E+01  0.2819E-02 -0.1044E+02  0.0000E+00      -1  -0.418E+00   20.00
  44   -43.0000      -7.441 0.4151   0.7181E+01  0.2880E-02 -0.1061E+02  0.0000E+00      -1  -0.425E+00   20.00
  45   -44.0000      -7.973 0.4135   0.6789E+01  0.2933E-02 -0.1078E+02  0.0000E+00      -1  -0.432E+00   20.00
  46   -45.0000      -8.633 0.4115   0.6302E+01  0.2998E-02 -0.1094E+02  0.0000E+00      -1  -0.438E+00   20.00
  47   -46.0000      -9.466 0.4090   0.5714E+01  0.3075E-02 -0.1108E+02  0.0000E+00      -1  -0.444E+00   20.00
  48   -47.0000     -10.520 0.4057   0.5137E+01  0.3131E-02 -0.1120E+02  0.0000E+00      -1  -0.449E+00   20.00
  49   -48.0000     -11.875 0.4015   0.4413E+01  0.3199E-02 -0.1127E+02  0.0000E+00      -1  -0.451E+00   20.00
  50   -49.0000     -13.650 0.3957   0.3727E+01  0.3222E-02 -0.1128E+02  0.0000E+00      -1  -0.452E+00   20.00
  51   -50.0000     -16.015 0.3881   0.2964E+01  0.3215E-02 -0.1118E+02  0.0000E+00      -1  -0.448E+00   20.00
  52   -51.0000     -19.340 0.3775   0.2170E+01  0.3138E-02 -0.1092E+02  0.0000E+00      -1  -0.438E+00   20.00
  53   -52.0000     -24.322 0.3624   0.1422E+01  0.2934E-02 -0.1041E+02  0.0000E+00      -1  -0.417E+00   20.00
  54   -53.0000     -32.430 0.3405   0.7895E+00  0.2539E-02 -0.9424E+01  0.0000E+00      -1  -0.378E+00   20.00
  55   -54.0000     -47.630 0.3068   0.2940E+00  0.1880E-02 -0.7716E+01  0.0000E+00      -1  -0.309E+00   20.00
  56   -55.0000     -83.964 0.2573   0.6249E-01  0.1027E-02 -0.5035E+01  0.0000E+00      -1  -0.202E+00   20.00
  57   -56.0000    -184.003 0.1983   0.5118E-02  0.3517E-03 -0.1877E+01  0.0000E+00      -1  -0.752E-01   20.00
  58   -57.0000    -291.198 0.1719   0.1129E-02  0.1786E-03 -0.1740E+00  0.0000E+00      -1  -0.697E-02   20.00
  59   -58.0000    -299.778 0.1703   0.9876E-03  0.1693E-03 -0.5670E-02  0.0000E+00      -1  -0.227E-03   20.00
  60   -59.0000    -299.995 0.1702   0.9840E-03  0.1691E-03 -0.1094E-02  0.0000E+00      -1  -0.438E-04   20.00
  61   -60.0000    -300.000 0.1702   0.9839E-03  0.1691E-03 -0.9864E-03  0.0000E+00      -1  -0.395E-04   20.00
  62   -61.0000    -300.000 0.1702   0.9839E-03  0.1691E-03 -0.9839E-03  0.0000E+00      -1  -0.394E-04   20.00
  63   -62.0000    -300.000 0.1702   0.9839E-03  0.1691E-03 -0.9839E-03  0.0000E+00      -1  -0.394E-04   20.00
  64   -63.0000    -300.000 0.1702   0.9839E-03  0.1691E-03 -0.9839E-03  0.0000E+00      -1  -0.394E-04   20.00
  65   -64.0000    -300.000 0.1702   0.9839E-03  0.1691E-03 -0.9839E-03  0.0000E+00      -1  -0.394E-04   20.00
  66   -65.0000    -300.000 0.1702   0.9839E-03  0.1691E-03 -0.9839E-03  0.0000E+00      -1  -0.394E-04   20.00
  67   -66.0000    -300.000 0.1702   0.9839E-03  0.1691E-03 -0.9839E-03  0.0000E+00      -1  -0.394E-04   20.00
  68   -67.0000    -300.000 0.1702   0.9839E-03  0.1691E-03 -0.9839E-03  0.0000E+00      -1  -0.394E-04   20.00
  69   -68.0000    -300.000 0.1702   0.9839E-03  0.1691E-03 -0.9839E-03  0.0000E+00      -1  -0.394E-04   20.00
  70   -69.0000    -300.000 0.1702   0.9839E-03  0.1691E-03 -0.9839E-03  0.0000E+00      -1  -0.394E-04   20.00
  71   -70.0000    -300.000 0.1702   0.9839E-03  0.1691E-03 -0.9839E-03  0.0000E+00      -1  -0.394E-04   20.00
  72   -71.0000    -300.000 0.1702   0.9839E-03  0.1691E-03 -0.9839E-03  0.0000E+00      -1  -0.394E-04   20.00
  73   -72.0000    -300.000 0.1702   0.9839E-03  0.1691E-03 -0.9839E-03  0.0000E+00      -1  -0.394E-04   20.00
  74   -73.0000    -300.000 0.1702   0.9839E-03  0.1691E-03 -0.9839E-03  0.0000E+00      -1  -0.394E-04   20.00
  75   -74.0000    -300.000 0.1702   0.9839E-03  0.1691E-03 -0.9839E-03  0.0000E+00      -1  -0.394E-04   20.00
  76   -75.0000    -300.000 0.1702   0.9839E-03  0.1691E-03 -0.9839E-03  0.0000E+00      -1  -0.394E-04   20.00
  77   -76.0000    -300.000 0.1702   0.9839E-03  0.1691E-03 -0.9839E-03  0.0000E+00      -1  -0.394E-04   20.00
  78   -77.0000    -300.000 0.1702   0.9839E-03  0.1691E-03 -0.9839E-03  0.0000E+00      -1  -0.394E-04   20.00
  79   -78.0000    -300.000 0.1702   0.9839E-03  0.1691E-03 -0.9839E-03  0.0000E+00      -1  -0.394E-04   20.00
  80   -79.0000    -300.000 0.1702   0.9839E-03  0.1691E-03 -0.9839E-03  0.0000E+00      -1  -0.394E-04   20.00
  81   -80.0000    -300.000 0.1702   0.9839E-03  0.1691E-03 -0.9839E-03  0.0000E+00      -1  -0.394E-04   20.00
  82   -81.0000    -300.000 0.1702   0.9839E-03  0.1691E-03 -0.9839E-03  0.0000E+00      -1  -0.394E-04   20.00
  83   -82.0000    -300.000 0.1702   0.9839E-03  0.1691E-03 -0.9839E-03  0.0000E+00      -1  -0.394E-04   20.00
  84   -83.0000    -300.000 0.1702   0.9839E-03  0.1691E-03 -0.9839E-03  0.0000E+00      -1  -0.394E-04   20.00
  85   -84.0000    -300.000 0.1702   0.9839E-03  0.1691E-03 -0.9839E-03  0.0000E+00      -1  -0.394E-04   20.00
  86   -85.0000    -300.000 0.1702   0.9839E-03  0.1691E-03 -0.9839E-03  0.0000E+00      -1  -0.394E-04   20.00
  87   -86.0000    -300.000 0.1702   0.9839E-03  0.1691E-03 -0.9839E-03  0.0000E+00      -1  -0.394E-04   20.00
  88   -87.0000    -300.000 0.1702   0.9839E-03  0.1691E-03 -0.9839E-03  0.0000E+00      -1  -0.394E-04   20.00
  89   -88.0000    -300.000 0.1702   0.9839E-03  0.1691E-03 -0.9839E-03  0.0000E+00      -1  -0.394E-04   20.00
  90   -89.0000    -300.000 0.1702   0.9839E-03  0.1691E-03 -0.9839E-03  0.0000E+00      -1  -0.394E-04   20.00
  91   -90.0000    -300.000 0.1702   0.9839E-03  0.1691E-03 -0.9839E-03  0.0000E+00      -1  -0.394E-04   20.00
  92   -91.0000    -300.000 0.1702   0.9839E-03  0.1691E-03 -0.9839E-03  0.0000E+00      -1  -0.394E-04   20.00
  93   -92.0000    -300.000 0.1702   0.9839E-03  0.1691E-03 -0.9839E-03  0.0000E+00      -1  -0.394E-04   20.00
  94   -93.0000    -300.000 0.1702   0.9839E-03  0.1691E-03 -0.9839E-03  0.0000E+00      -1  -0.394E-04   20.00
  95   -94.0000    -300.000 0.1702   0.9839E-03  0.1691E-03 -0.9839E-03  0.0000E+00      -1  -0.394E-04   20.00
  96   -95.0000    -300.000 0.1702   0.9839E-03  0.1691E-03 -0.9839E-03  0.0000E+00      -1  -0.394E-04   20.00
  97   -96.0000    -300.000 0.1702   0.9839E-03  0.1691E-03 -0.9839E-03  0.0000E+00      -1  -0.394E-04   20.00
  98   -97.0000    -300.000 0.1702   0.9839E-03  0.1691E-03 -0.9839E-03  0.0000E+00      -1  -0.394E-04   20.00
  99   -98.0000    -300.000 0.1702   0.9839E-03  0.1691E-03 -0.9839E-03  0.0000E+00      -1  -0.394E-04   20.00
 100   -99.0000    -300.000 0.1702   0.9839E-03  0.1691E-03 -0.9839E-03  0.0000E+00      -1  -0.394E-04   20.00
 101  -100.0000    -300.000 0.1702   0.9839E-03  0.1691E-03 -0.9839E-03  0.0000E+00      -1  -0.394E-04   20.00
end


 Time:        0.6000


 Node      Depth      Head Moisture       K          C         Flux        Sink         Kappa   v/KsTop   Temp
           [L]        [L]    [-]        [L/T]      [1/L]      [L/T]        [1/T]         [-]      [-]      [C]

   1     0.0000     -20.301 0.3746   0.2017E+01  0.3100E-02  0.3874E-06  0.0000E+00      -1   0.155E-07   20.00
   2    -1.0000     -19.351 0.3775   0.2168E+01  0.3138E-02 -0.2063E+00  0.0000E+00      -1  -0.827E-02   20.00
   3    -2.0000     -18.488 0.3802   0.2330E+01  0.3167E-02 -0.4164E+00  0.0000E+00      -1  -0.167E-01   20.00
   4    -3.0000     -17.704 0.3827   0.2531E+01  0.3182E-02 -0.6302E+00  0.0000E+00      -1  -0.252E-01   20.00
   5    -4.0000     -16.985 0.3850   0.2716E+01  0.3196E-02 -0.8428E+00  0.0000E+00      -1  -0.338E-01   20.00
   6    -5.0000     -16.323 0.3871   0.2885E+01  0.3209E-02 -0.1054E+01  0.0000E+00      -1  -0.422E-01   20.00
   7    -6.0000     -15.714 0.3891   0.3042E+01  0.3220E-02 -0.1262E+01  0.0000E+00      -1  -0.506E-01   20.00
   8    -7.0000     -15.153 0.3909   0.3186E+01  0.3231E-02 -0.1468E+01  0.0000E+00      -1  -0.588E-01   20.00
   9    -8.0000     -14.634 0.3926   0.3347E+01  0.3234E-02 -0.1672E+01  0.0000E+00      -1  -0.670E-01   20.00
  10    -9.0000     -14.149 0.3941   0.3534E+01  0.3228E-02 -0.1876E+01  0.0000E+00      -1  -0.752E-01   20.00
  11   -10.0000     -13.695 0.3956   0.3709E+01  0.3222E-02 -0.2078E+01  0.0000E+00      -1  -0.833E-01   20.00
  12   -11.0000     -13.270 0.3970   0.3874E+01  0.3217E-02 -0.2278E+01  0.0000E+00      -1  -0.913E-01   20.00
  13   -12.0000     -12.872 0.3982   0.4027E+01  0.3212E-02 -0.2476E+01  0.0000E+00      -1  -0.992E-01   20.00
  14   -13.0000     -12.500 0.3994   0.4171E+01  0.3207E-02 -0.2671E+01  0.0000E+00      -1  -0.107E+00   20.00
  15   -14.0000     -12.153 0.4006   0.4305E+01  0.3203E-02 -0.2863E+01  0.0000E+00      -1  -0.115E+00   20.00
  16   -15.0000     -11.830 0.4016   0.4430E+01  0.3199E-02 -0.3050E+01  0.0000E+00      -1  -0.122E+00   20.00
  17   -16.0000     -11.527 0.4026   0.4586E+01  0.3185E-02 -0.3233E+01  0.0000E+00      -1  -0.130E+00   20.00
  18   -17.0000     -11.240 0.4035   0.4743E+01  0.3170E-02 -0.3415E+01  0.0000E+00      -1  -0.137E+00   20.00
  19   -18.0000     -10.968 0.4043   0.4892E+01  0.3155E-02 -0.3596E+01  0.0000E+00      -1  -0.144E+00   20.00
  20   -19.0000     -10.711 0.4051   0.5033E+01  0.3142E-02 -0.3776E+01  0.0000E+00      -1  -0.151E+00   20.00
  21   -20.0000     -10.469 0.4059   0.5165E+01  0.3129E-02 -0.3954E+01  0.0000E+00      -1  -0.158E+00   20.00
  22   -21.0000     -10.242 0.4066   0.5289E+01  0.3117E-02 -0.4130E+01  0.0000E+00      -1  -0.165E+00   20.00
  23   -22.0000     -10.031 0.4073   0.5405E+01  0.3105E-02 -0.4303E+01  0.0000E+00      -1  -0.172E+00   20.00
  24   -23.0000      -9.835 0.4079   0.5512E+01  0.3095E-02 -0.4473E+01  0.0000E+00      -1  -0.179E+00   20.00
  25   -24.0000      -9.654 0.4084   0.5611E+01  0.3085E-02 -0.4641E+01  0.0000E+00      -1  -0.186E+00   20.00
  26   -25.0000      -9.489 0.4090   0.5701E+01  0.3076E-02 -0.4804E+01  0.0000E+00      -1  -0.192E+00   20.00
  27   -26.0000      -9.340 0.4094   0.5783E+01  0.3068E-02 -0.4962E+01  0.0000E+00      -1  -0.199E+00   20.00
  28   -27.0000      -9.204 0.4098   0.5881E+01  0.3055E-02 -0.5116E+01  0.0000E+00      -1  -0.205E+00   20.00
  29   -28.0000      -9.080 0.4102   0.5972E+01  0.3043E-02 -0.5270E+01  0.0000E+00      -1  -0.211E+00   20.00
  30   -29.0000      -8.969 0.4105   0.6054E+01  0.3032E-02 -0.5424E+01  0.0000E+00      -1  -0.217E+00   20.00
  31   -30.0000      -8.873 0.4108   0.6125E+01  0.3022E-02 -0.5579E+01  0.0000E+00      -1  -0.223E+00   20.00
  32   -31.0000      -8.792 0.4111   0.6185E+01  0.3014E-02 -0.5732E+01  0.0000E+00      -1  -0.230E+00   20.00
  33   -32.0000      -8.727 0.4113   0.6232E+01  0.3008E-02 -0.5884E+01  0.0000E+00      -1  -0.236E+00   20.00
  34   -33.0000      -8.681 0.4114   0.6266E+01  0.3003E-02 -0.6035E+01  0.0000E+00      -1  -0.242E+00   20.00
  35   -34.0000      -8.655 0.4115   0.6286E+01  0.3001E-02 -0.6185E+01  0.0000E+00      -1  -0.248E+00   20.00
  36   -35.0000      -8.650 0.4115   0.6289E+01  0.3000E-02 -0.6332E+01  0.0000E+00      -1  -0.254E+00   20.00
  37   -36.0000      -8.670 0.4114   0.6274E+01  0.3002E-02 -0.6478E+01  0.0000E+00      -1  -0.260E+00   20.00
  38   -37.0000      -8.717 0.4113   0.6240E+01  0.3007E-02 -0.6621E+01  0.0000E+00      -1  -0.265E+00   20.00
  39   -38.0000      -8.794 0.4111   0.6183E+01  0.3015E-02 -0.6762E+01  0.0000E+00      -1  -0.271E+00   20.00
  40   -39.0000      -8.907 0.4107   0.6100E+01  0.3026E-02 -0.6900E+01  0.0000E+00      -1  -0.276E+00   20.00
  41   -40.0000      -9.060 0.4103   0.5987E+01  0.3041E-02 -0.7036E+01  0.0000E+00      -1  -0.282E+00   20.00
  42   -41.0000      -9.261 0.4097   0.5839E+01  0.3061E-02 -0.7170E+01  0.0000E+00      -1  -0.287E+00   20.00
  43   -42.0000      -9.517 0.4089   0.5686E+01  0.3078E-02 -0.7304E+01  0.0000E+00      -1  -0.293E+00   20.00
  44   -43.0000      -9.833 0.4079   0.5513E+01  0.3095E-02 -0.7436E+01  0.0000E+00      -1  -0.298E+00   20.00
  45   -44.0000     -10.220 0.4067   0.5301E+01  0.3115E-02 -0.7560E+01  0.0000E+00      -1  -0.303E+00   20.00
  46   -45.0000     -10.694 0.4052   0.5042E+01  0.3141E-02 -0.7676E+01  0.0000E+00      -1  -0.308E+00   20.00
  47   -46.0000     -11.278 0.4033   0.4722E+01  0.3172E-02 -0.7783E+01  0.0000E+00      -1  -0.312E+00   20.00
  48   -47.0000     -12.002 0.4010   0.4363E+01  0.3201E-02 -0.7879E+01  0.0000E+00      -1  -0.316E+00   20.00
  49   -48.0000     -12.893 0.3982   0.4019E+01  0.3212E-02 -0.7960E+01  0.0000E+00      -1  -0.319E+00   20.00
  50   -49.0000     -13.993 0.3946   0.3595E+01  0.3226E-02 -0.8018E+01  0.0000E+00      -1  -0.321E+00   20.00
  51   -50.0000     -15.386 0.3901   0.3126E+01  0.3227E-02 -0.8046E+01  0.0000E+00      -1  -0.322E+00   20.00
  52   -51.0000     -17.164 0.3844   0.2670E+01  0.3193E-02 -0.8032E+01  0.0000E+00      -1  -0.322E+00   20.00
  53   -52.0000     -19.491 0.3771   0.2146E+01  0.3132E-02 -0.7960E+01  0.0000E+00      -1  -0.319E+00   20.00
  54   -53.0000     -22.668 0.3673   0.1640E+01  0.3006E-02 -0.7796E+01  0.0000E+00      -1  -0.312E+00   20.00
  55   -54.0000     -27.152 0.3544   0.1163E+01  0.2795E-02 -0.7484E+01  0.0000E+00      -1  -0.300E+00   20.00
  56   -55.0000     -33.894 0.3368   0.7182E+00  0.2469E-02 -0.6945E+01  0.0000E+00      -1  -0.278E+00   20.00
  57   -56.0000     -45.269 0.3117   0.3498E+00  0.1976E-02 -0.6039E+01  0.0000E+00      -1  -0.242E+00   20.00
  58   -57.0000     -67.626 0.2761   0.1186E+00  0.1325E-02 -0.4545E+01  0.0000E+00      -1  -0.182E+00   20.00
  59   -58.0000    -118.785 0.2287   0.2023E-01  0.6462E-03 -0.2465E+01  0.0000E+00      -1  -0.988E-01   20.00
  60   -59.0000    -234.216 0.1836   0.2290E-02  0.2462E-03 -0.7079E+00  0.0000E+00      -1  -0.284E-01   20.00
  61   -60.0000    -295.764 0.1710   0.1054E-02  0.1736E-03 -0.5487E-01  0.0000E+00      -1  -0.220E-02   20.00
  62   -61.0000    -299.838 0.1702   0.9866E-03  0.1693E-03 -0.3158E-02  0.0000E+00      -1  -0.127E-03   20.00
  63   -62.0000    -299.994 0.1702   0.9840E-03  0.1691E-03 -0.1064E-02  0.0000E+00      -1  -0.426E-04   20.00
  64   -63.0000    -300.000 0.1702   0.9839E-03  0.1691E-03 -0.9867E-03  0.0000E+00      -1  -0.395E-04   20.00
  65   -64.0000    -300.000 0.1702   0.9839E-03  0.1691E-03 -0.9840E-03  0.0000E+00      -1  -0.394E-04   20.00
  66   -65.0000    -300.000 0.1702   0.9839E-03  0.1691E-03 -0.9839E-03  0.0000E+00      -1  -0.394E-04   20.00
  67   -66.0000    -300.000 0.1702   0.9839E-03  0.1691E-03 -0.9839E-03  0.0000E+00      -1  -0.394E-04   20.00
  68   -67.0000    -300.000 0.1702   0.9839E-03  0.1691E-03 -0.9839E-03  0.0000E+00      -1  -0.394E-04   20.00
  69   -68.0000    -300.000 0.1702   0.9839E-03  0.1691E-03 -0.9839E-03  0.0000E+00      -1  -0.394E-04   20.00
  70   -69.0000    -300.000 0.1702   0.9839E-03  0.1691E-03 -0.9839E-03  0.0000E+00      -1  -0.394E-04   20.00
  71   -70.0000    -300.000 0.1702   0.9839E-03  0.1691E-03 -0.9839E-03  0.0000E+00      -1  -0.394E-04   20.00
  72   -71.0000    -300.000 0.1702   0.9839E-03  0.1691E-03 -0.9839E-03  0.0000E+00      -1  -0.394E-04   20.00
  73   -72.0000    -300.000 0.1702   0.9839E-03  0.1691E-03 -0.9839E-03  0.0000E+00      -1  -0.394E-04   20.00
  74   -73.0000    -300.000 0.1702   0.9839E-03  0.1691E-03 -0.9839E-03  0.0000E+00      -1  -0.394E-04   20.00
  75   -74.0000    -300.000 0.1702   0.9839E-03  0.1691E-03 -0.9839E-03  0.0000E+00      -1  -0.394E-04   20.00
  76   -75.0000    -300.000 0.1702   0.9839E-03  0.1691E-03 -0.9839E-03  0.0000E+00      -1  -0.394E-04   20.00
  77   -76.0000    -300.000 0.1702   0.9839E-03  0.1691E-03 -0.9839E-03  0.0000E+00      -1  -0.394E-04   20.00
  78   -77.0000    -300.000 0.1702   0.9839E-03  0.1691E-03 -0.9839E-03  0.0000E+00      -1  -0.394E-04   20.00
  79   -78.0000    -300.000 0.1702   0.9839E-03  0.1691E-03 -0.9839E-03  0.0000E+00      -1  -0.394E-04   20.00
  80   -79.0000    -300.000 0.1702   0.9839E-03  0.1691E-03 -0.9839E-03  0.0000E+00      -1  -0.394E-04   20.00
  81   -80.0000    -300.000 0.1702   0.9839E-03  0.1691E-03 -0.9839E-03  0.0000E+00      -1  -0.394E-04   20.00
  82   -81.0000    -300.000 0.1702   0.9839E-03  0.1691E-03 -0.9839E-03  0.0000E+00      -1  -0.394E-04   20.00
  83   -82.0000    -300.000 0.1702   0.9839E-03  0.1691E-03 -0.9839E-03  0.0000E+00      -1  -0.394E-04   20.00
  84   -83.0000    -300.000 0.1702   0.9839E-03  0.1691E-03 -0.9839E-03  0.0000E+00      -1  -0.394E-04   20.00
  85   -84.0000    -300.000 0.1702   0.9839E-03  0.1691E-03 -0.9839E-03  0.0000E+00      -1  -0.394E-04   20.00
  86   -85.0000    -300.000 0.1702   0.9839E-03  0.1691E-03 -0.9839E-03  0.0000E+00      -1  -0.394E-04   20.00
  87   -86.0000    -300.000 0.1702   0.9839E-03  0.1691E-03 -0.9839E-03  0.0000E+00      -1  -0.394E-04   20.00
  88   -87.0000    -300.000 0.1702   0.9839E-03  0.1691E-03 -0.9839E-03  0.0000E+00      -1  -0.394E-04   20.00
  89   -88.0000    -300.000 0.1702   0.9839E-03  0.1691E-03 -0.9839E-03  0.0000E+00      -1  -0.394E-04   20.00
  90   -89.0000    -300.000 0.1702   0.9839E-03  0.1691E-03 -0.9839E-03  0.0000E+00      -1  -0.394E-04   20.00
  91   -90.0000    -300.000 0.1702   0.9839E-03  0.1691E-03 -0.9839E-03  0.0000E+00      -1  -0.394E-04   20.00
  92   -91.0000    -300.000 0.1702   0.9839E-03  0.1691E-03 -0.9839E-03  0.0000E+00      -1  -0.394E-04   20.00
  93   -92.0000    -300.000 0.1702   0.9839E-03  0.1691E-03 -0.9839E-03  0.0000E+00      -1  -0.394E-04   20.00
  94   -93.0000    -300.000 0.1702   0.9839E-03  0.1691E-03 -0.9839E-03  0.0000E+00      -1  -0.394E-04   20.00
  95   -94.0000    -300.000 0.1702   0.9839E-03  0.1691E-03 -0.9839E-03  0.0000E+00      -1  -0.394E-04   20.00
  96   -95.0000    -300.000 0.1702   0.9839E-03  0.1691E-03 -0.9839E-03  0.0000E+00      -1  -0.394E-04   20.00
  97   -96.0000    -300.000 0.1702   0.9839E-03  0.1691E-03 -0.9839E-03  0.0000E+00      -1  -0.394E-04   20.00
  98   -97.0000    -300.000 0.1702   0.9839E-03  0.1691E-03 -0.9839E-03  0.0000E+00      -1  -0.394E-04   20.00
  99   -98.0000    -300.000 0.1702   0.9839E-03  0.1691E-03 -0.9839E-03  0.0000E+00      -1  -0.394E-04   20.00
 100   -99.0000    -300.000 0.1702   0.9839E-03  0.1691E-03 -0.9839E-03  0.0000E+00      -1  -0.394E-04   20.00
 101  -100.0000    -300.000 0.1702   0.9839E-03  0.1691E-03 -0.9839E-03  0.0000E+00      -1  -0.394E-04   20.00
end


 Time:        0.6500


 Node      Depth      Head Moisture       K          C         Flux        Sink         Kappa   v/KsTop   Temp
           [L]        [L]    [-]        [L/T]      [1/L]      [L/T]        [1/T]         [-]      [-]      [C]

   1     0.0000     -23.159 0.3658   0.1562E+01  0.2986E-02  0.1281E-05  0.0000E+00      -1   0.513E-07   20.00
   2    -1.0000     -22.206 0.3687   0.1713E+01  0.3024E-02 -0.1536E+00  0.0000E+00      -1  -0.615E-02   20.00
   3    -2.0000     -21.335 0.3714   0.1852E+01  0.3059E-02 -0.3070E+00  0.0000E+00      -1  -0.123E-01   20.00
   4    -3.0000     -20.535 0.3739   0.1979E+01  0.3091E-02 -0.4601E+00  0.0000E+00      -1  -0.184E-01   20.00
   5    -4.0000     -19.798 0.3761   0.2097E+01  0.3120E-02 -0.6125E+00  0.0000E+00      -1  -0.245E-01   20.00
   6    -5.0000     -19.118 0.3782   0.2205E+01  0.3147E-02 -0.7637E+00  0.0000E+00      -1  -0.306E-01   20.00
   7    -6.0000     -18.488 0.3802   0.2330E+01  0.3167E-02 -0.9170E+00  0.0000E+00      -1  -0.367E-01   20.00
   8    -7.0000     -17.902 0.3821   0.2480E+01  0.3179E-02 -0.1073E+01  0.0000E+00      -1  -0.430E-01   20.00
   9    -8.0000     -17.353 0.3838   0.2621E+01  0.3189E-02 -0.1228E+01  0.0000E+00      -1  -0.492E-01   20.00
  10    -9.0000     -16.839 0.3855   0.2753E+01  0.3199E-02 -0.1383E+01  0.0000E+00      -1  -0.554E-01   20.00
  11   -10.0000     -16.358 0.3870   0.2876E+01  0.3208E-02 -0.1535E+01  0.0000E+00      -1  -0.615E-01   20.00
  12   -11.0000     -15.907 0.3885   0.2992E+01  0.3217E-02 -0.1687E+01  0.0000E+00      -1  -0.676E-01   20.00
  13   -12.0000     -15.485 0.3898   0.3100E+01  0.3225E-02 -0.1836E+01  0.0000E+00      -1  -0.735E-01   20.00
  14   -13.0000     -15.091 0.3911   0.3202E+01  0.3232E-02 -0.1982E+01  0.0000E+00      -1  -0.794E-01   20.00
  15   -14.0000     -14.722 0.3923   0.3313E+01  0.3235E-02 -0.2128E+01  0.0000E+00      -1  -0.853E-01   20.00
  16   -15.0000     -14.373 0.3934   0.3448E+01  0.3231E-02 -0.2273E+01  0.0000E+00      -1  -0.911E-01   20.00
  17   -16.0000     -14.042 0.3945   0.3576E+01  0.3227E-02 -0.2419E+01  0.0000E+00      -1  -0.969E-01   20.00
  18   -17.0000     -13.727 0.3955   0.3697E+01  0.3223E-02 -0.2563E+01  0.0000E+00      -1  -0.103E+00   20.00
  19   -18.0000     -13.428 0.3964   0.3813E+01  0.3219E-02 -0.2707E+01  0.0000E+00      -1  -0.108E+00   20.00
  20   -19.0000     -13.147 0.3974   0.3921E+01  0.3215E-02 -0.2850E+01  0.0000E+00      -1  -0.114E+00   20.00
  21   -20.0000     -12.882 0.3982   0.4023E+01  0.3212E-02 -0.2991E+01  0.0000E+00      -1  -0.120E+00   20.00
  22   -21.0000     -12.634 0.3990   0.4119E+01  0.3209E-02 -0.3130E+01  0.0000E+00      -1  -0.125E+00   20.00
  23   -22.0000     -12.402 0.3998   0.4209E+01  0.3206E-02 -0.3267E+01  0.0000E+00      -1  -0.131E+00   20.00
  24   -23.0000     -12.187 0.4004   0.4292E+01  0.3203E-02 -0.3402E+01  0.0000E+00      -1  -0.136E+00   20.00
  25   -24.0000     -11.988 0.4011   0.4369E+01  0.3201E-02 -0.3534E+01  0.0000E+00      -1  -0.142E+00   20.00
  26   -25.0000     -11.805 0.4017   0.4440E+01  0.3198E-02 -0.3663E+01  0.0000E+00      -1  -0.147E+00   20.00
  27   -26.0000     -11.637 0.4022   0.4526E+01  0.3191E-02 -0.3790E+01  0.0000E+00      -1  -0.152E+00   20.00
  28   -27.0000     -11.480 0.4027   0.4611E+01  0.3183E-02 -0.3917E+01  0.0000E+00      -1  -0.157E+00   20.00
  29   -28.0000     -11.336 0.4032   0.4690E+01  0.3175E-02 -0.4045E+01  0.0000E+00      -1  -0.162E+00   20.00
  30   -29.0000     -11.205 0.4036   0.4762E+01  0.3168E-02 -0.4172E+01  0.0000E+00      -1  -0.167E+00   20.00
  31   -30.0000     -11.089 0.4039   0.4826E+01  0.3162E-02 -0.4299E+01  0.0000E+00      -1  -0.172E+00   20.00
  32   -31.0000     -10.988 0.4043   0.4881E+01  0.3156E-02 -0.4426E+01  0.0000E+00      -1  -0.177E+00   20.00
  33   -32.0000     -10.903 0.4045   0.4927E+01  0.3152E-02 -0.4551E+01  0.0000E+00      -1  -0.182E+00   20.00
  34   -33.0000     -10.836 0.4047   0.4964E+01  0.3148E-02 -0.4676E+01  0.0000E+00      -1  -0.187E+00   20.00
  35   -34.0000     -10.788 0.4049   0.4990E+01  0.3146E-02 -0.4799E+01  0.0000E+00      -1  -0.192E+00   20.00
  36   -35.0000     -10.760 0.4050   0.5005E+01  0.3144E-02 -0.4920E+01  0.0000E+00      -1  -0.197E+00   20.00
  37   -36.0000     -10.755 0.4050   0.5008E+01  0.3144E-02 -0.5039E+01  0.0000E+00      -1  -0.202E+00   20.00
  38   -37.0000     -10.774 0.4049   0.4998E+01  0.3145E-02 -0.5157E+01  0.0000E+00      -1  -0.207E+00   20.00
  39   -38.0000     -10.820 0.4048   0.4973E+01  0.3147E-02 -0.5272E+01  0.0000E+00      -1  -0.211E+00   20.00
  40   -39.0000     -10.897 0.4045   0.4931E+01  0.3151E-02 -0.5386E+01  0.0000E+00      -1  -0.216E+00   20.00
  41   -40.0000     -11.007 0.4042   0.4870E+01  0.3157E-02 -0.5496E+01  0.0000E+00      -1  -0.220E+00   20.00
  42   -41.0000     -11.156 0.4037   0.4789E+01  0.3165E-02 -0.5605E+01  0.0000E+00      -1  -0.225E+00   20.00
  43   -42.0000     -11.351 0.4031   0.4682E+01  0.3176E-02 -0.5711E+01  0.0000E+00      -1  -0.229E+00   20.00
  44   -43.0000     -11.600 0.4023   0.4546E+01  0.3189E-02 -0.5814E+01  0.0000E+00      -1  -0.233E+00   20.00
  45   -44.0000     -11.912 0.4013   0.4398E+01  0.3200E-02 -0.5916E+01  0.0000E+00      -1  -0.237E+00   20.00
  46   -45.0000     -12.291 0.4001   0.4252E+01  0.3205E-02 -0.6013E+01  0.0000E+00      -1  -0.241E+00   20.00
  47   -46.0000     -12.747 0.3986   0.4076E+01  0.3210E-02 -0.6104E+01  0.0000E+00      -1  -0.245E+00   20.00
  48   -47.0000     -13.295 0.3969   0.3864E+01  0.3217E-02 -0.6186E+01  0.0000E+00      -1  -0.248E+00   20.00
  49   -48.0000     -13.962 0.3947   0.3607E+01  0.3226E-02 -0.6258E+01  0.0000E+00      -1  -0.251E+00   20.00
  50   -49.0000     -14.787 0.3921   0.3288E+01  0.3236E-02 -0.6319E+01  0.0000E+00      -1  -0.253E+00   20.00
  51   -50.0000     -15.799 0.3888   0.3020E+01  0.3219E-02 -0.6366E+01  0.0000E+00      -1  -0.255E+00   20.00
  52   -51.0000     -17.030 0.3849   0.2704E+01  0.3195E-02 -0.6392E+01  0.0000E+00      -1  -0.256E+00   20.00
  53   -52.0000     -18.584 0.3799   0.2305E+01  0.3165E-02 -0.6389E+01  0.0000E+00      -1  -0.256E+00   20.00
  54   -53.0000     -20.566 0.3738   0.1975E+01  0.3090E-02 -0.6347E+01  0.0000E+00      -1  -0.254E+00   20.00
  55   -54.0000     -23.133 0.3659   0.1566E+01  0.2987E-02 -0.6244E+01  0.0000E+00      -1  -0.250E+00   20.00
  56   -55.0000     -26.573 0.3561   0.1216E+01  0.2824E-02 -0.6050E+01  0.0000E+00      -1  -0.242E+00   20.00
  57   -56.0000     -31.328 0.3432   0.8435E+00  0.2592E-02 -0.5735E+01  0.0000E+00      -1  -0.230E+00   20.00
  58   -57.0000     -38.498 0.3258   0.5138E+00  0.2253E-02 -0.5264E+01  0.0000E+00      -1  -0.211E+00   20.00
  59   -58.0000     -50.313 0.3023   0.2641E+00  0.1797E-02 -0.4566E+01  0.0000E+00      -1  -0.183E+00   20.00
  60   -59.0000     -72.387 0.2699   0.9536E-01  0.1220E-02 -0.3482E+01  0.0000E+00      -1  -0.140E+00   20.00
  61   -60.0000    -120.752 0.2274   0.1879E-01  0.6293E-03 -0.1984E+01  0.0000E+00      -1  -0.795E-01   20.00
  62   -61.0000    -227.335 0.1855   0.2599E-02  0.2592E-03 -0.6373E+00  0.0000E+00      -1  -0.255E-01   20.00
  63   -62.0000    -293.638 0.1714   0.1089E-02  0.1759E-03 -0.6572E-01  0.0000E+00      -1  -0.263E-02   20.00
  64   -63.0000    -299.693 0.1703   0.9890E-03  0.1694E-03 -0.4303E-02  0.0000E+00      -1  -0.172E-03   20.00
  65   -64.0000    -299.986 0.1702   0.9841E-03  0.1691E-03 -0.1137E-02  0.0000E+00      -1  -0.455E-04   20.00
  66   -65.0000    -299.999 0.1702   0.9839E-03  0.1691E-03 -0.9907E-03  0.0000E+00      -1  -0.397E-04   20.00
  67   -66.0000    -300.000 0.1702   0.9839E-03  0.1691E-03 -0.9842E-03  0.0000E+00      -1  -0.394E-04   20.00
  68   -67.0000    -300.000 0.1702   0.9839E-03  0.1691E-03 -0.9839E-03  0.0000E+00      -1  -0.394E-04   20.00
  69   -68.0000    -300.000 0.1702   0.9839E-03  0.1691E-03 -0.9839E-03  0.0000E+00      -1  -0.394E-04   20.00
  70   -69.0000    -300.000 0.1702   0.9839E-03  0.1691E-03 -0.9839E-03  0.0000E+00      -1  -0.394E-04   20.00
  71   -70.0000    -300.000 0.1702   0.9839E-03  0.1691E-03 -0.9839E-03  0.0000E+00      -1  -0.394E-04   20.00
  72   -71.0000    -300.000 0.1702   0.9839E-03  0.1691E-03 -0.9839E-03  0.0000E+00      -1  -0.394E-04   20.00
  73   -72.0000    -300.000 0.1702   0.9839E-03  0.1691E-03 -0.9839E-03  0.0000E+00      -1  -0.394E-04   20.00
  74   -73.0000    -300.000 0.1702   0.9839E-03  0.1691E-03 -0.9839E-03  0.0000E+00      -1  -0.394E-04   20.00
  75   -74.0000    -300.000 0.1702   0.9839E-03  0.1691E-03 -0.9839E-03  0.0000E+00      -1  -0.394E-04   20.00
  76   -75.0000    -300.000 0.1702   0.9839E-03  0.1691E-03 -0.9839E-03  0.0000E+00      -1  -0.394E-04   20.00
  77   -76.0000    -300.000 0.1702   0.9839E-03  0.1691E-03 -0.9839E-03  0.0000E+00      -1  -0.394E-04   20.00
  78   -77.0000    -300.000 0.1702   0.9839E-03  0.1691E-03 -0.9839E-03  0.0000E+00      -1  -0.394E-04   20.00
  79   -78.0000    -300.000 0.1702   0.9839E-03  0.1691E-03 -0.9839E-03  0.0000E+00      -1  -0.394E-04   20.00
  80   -79.0000    -300.000 0.1702   0.9839E-03  0.1691E-03 -0.9839E-03  0.0000E+00      -1  -0.394E-04   20.00
  81   -80.0000    -300.000 0.1702   0.9839E-03  0.1691E-03 -0.9839E-03  0.0000E+00      -1  -0.394E-04   20.00
  82   -81.0000    -300.000 0.1702   0.9839E-03  0.1691E-03 -0.9839E-03  0.0000E+00      -1  -0.394E-04   20.00
  83   -82.0000    -300.000 0.1702   0.9839E-03  0.1691E-03 -0.9839E-03  0.0000E+00      -1  -0.394E-04   20.00
  84   -83.0000    -300.000 0.1702   0.9839E-03  0.1691E-03 -0.9839E-03  0.0000E+00      -1  -0.394E-04   20.00
  85   -84.0000    -300.000 0.1702   0.9839E-03  0.1691E-03 -0.9839E-03  0.0000E+00      -1  -0.394E-04   20.00
  86   -85.0000    -300.000 0.1702   0.9839E-03  0.1691E-03 -0.9839E-03  0.0000E+00      -1  -0.394E-04   20.00
  87   -86.0000    -300.000 0.1702   0.9839E-03  0.1691E-03 -0.9839E-03  0.0000E+00      -1  -0.394E-04   20.00
  88   -87.0000    -300.000 0.1702   0.9839E-03  0.1691E-03 -0.9839E-03  0.0000E+00      -1  -0.394E-04   20.00
  89   -88.0000    -300.000 0.1702   0.9839E-03  0.1691E-03 -0.9839E-03  0.0000E+00      -1  -0.394E-04   20.00
  90   -89.0000    -300.000 0.1702   0.9839E-03  0.1691E-03 -0.9839E-03  0.0000E+00      -1  -0.394E-04   20.00
  91   -90.0000    -300.000 0.1702   0.9839E-03  0.1691E-03 -0.9839E-03  0.0000E+00      -1  -0.394E-04   20.00
  92   -91.0000    -300.000 0.1702   0.9839E-03  0.1691E-03 -0.9839E-03  0.0000E+00      -1  -0.394E-04   20.00
  93   -92.0000    -300.000 0.1702   0.9839E-03  0.1691E-03 -0.9839E-03  0.0000E+00      -1  -0.394E-04   20.00
  94   -93.0000    -300.000 0.1702   0.9839E-03  0.1691E-03 -0.9839E-03  0.0000E+00      -1  -0.394E-04   20.00
  95   -94.0000    -300.000 0.1702   0.9839E-03  0.1691E-03 -0.9839E-03  0.0000E+00      -1  -0.394E-04   20.00
  96   -95.0000    -300.000 0.1702   0.9839E-03  0.1691E-03 -0.9839E-03  0.0000E+00      -1  -0.394E-04   20.00
  97   -96.0000    -300.000 0.1702   0.9839E-03  0.1691E-03 -0.9839E-03  0.0000E+00      -1  -0.394E-04   20.00
  98   -97.0000    -300.000 0.1702   0.9839E-03  0.1691E-03 -0.9839E-03  0.0000E+00      -1  -0.394E-04   20.00
  99   -98.0000    -300.000 0.1702   0.9839E-03  0.1691E-03 -0.9839E-03  0.0000E+00      -1  -0.394E-04   20.00
 100   -99.0000    -300.000 0.1702   0.9839E-03  0.1691E-03 -0.9839E-03  0.0000E+00      -1  -0.394E-04   20.00
 101  -100.0000    -300.000 0.1702   0.9839E-03  0.1691E-03 -0.9839E-03  0.0000E+00      -1  -0.394E-04   20.00
end


 Time:        0.7000


 Node      Depth      Head Moisture       K          C         Flux        Sink         Kappa   v/KsTop   Temp
           [L]        [L]    [-]        [L/T]      [1/L]      [L/T]        [1/T]         [-]      [-]      [C]

   1     0.0000     -25.409 0.3593   0.1322E+01  0.2880E-02 -0.9499E-06  0.0000E+00      -1  -0.381E-07   20.00
   2    -1.0000     -24.452 0.3620   0.1410E+01  0.2927E-02 -0.1152E+00  0.0000E+00      -1  -0.462E-02   20.00
   3    -2.0000     -23.571 0.3645   0.1496E+01  0.2970E-02 -0.2353E+00  0.0000E+00      -1  -0.943E-02   20.00
   4    -3.0000     -22.761 0.3670   0.1625E+01  0.3002E-02 -0.3603E+00  0.0000E+00      -1  -0.144E-01   20.00
   5    -4.0000     -22.012 0.3693   0.1744E+01  0.3032E-02 -0.4849E+00  0.0000E+00      -1  -0.194E-01   20.00
   6    -5.0000     -21.316 0.3715   0.1855E+01  0.3060E-02 -0.6089E+00  0.0000E+00      -1  -0.244E-01   20.00
   7    -6.0000     -20.668 0.3735   0.1958E+01  0.3085E-02 -0.7322E+00  0.0000E+00      -1  -0.293E-01   20.00
   8    -7.0000     -20.064 0.3753   0.2054E+01  0.3110E-02 -0.8545E+00  0.0000E+00      -1  -0.342E-01   20.00
   9    -8.0000     -19.500 0.3770   0.2144E+01  0.3132E-02 -0.9757E+00  0.0000E+00      -1  -0.391E-01   20.00
  10    -9.0000     -18.974 0.3787   0.2228E+01  0.3153E-02 -0.1096E+01  0.0000E+00      -1  -0.439E-01   20.00
  11   -10.0000     -18.481 0.3802   0.2332E+01  0.3167E-02 -0.1217E+01  0.0000E+00      -1  -0.488E-01   20.00
  12   -11.0000     -18.015 0.3817   0.2451E+01  0.3176E-02 -0.1341E+01  0.0000E+00      -1  -0.537E-01   20.00
  13   -12.0000     -17.575 0.3831   0.2564E+01  0.3185E-02 -0.1464E+01  0.0000E+00      -1  -0.587E-01   20.00
  14   -13.0000     -17.158 0.3845   0.2671E+01  0.3193E-02 -0.1587E+01  0.0000E+00      -1  -0.636E-01   20.00
  15   -14.0000     -16.763 0.3857   0.2773E+01  0.3200E-02 -0.1708E+01  0.0000E+00      -1  -0.684E-01   20.00
  16   -15.0000     -16.390 0.3869   0.2868E+01  0.3208E-02 -0.1829E+01  0.0000E+00      -1  -0.733E-01   20.00
  17   -16.0000     -16.039 0.3880   0.2958E+01  0.3214E-02 -0.1948E+01  0.0000E+00      -1  -0.781E-01   20.00
  18   -17.0000     -15.708 0.3891   0.3043E+01  0.3221E-02 -0.2066E+01  0.0000E+00      -1  -0.828E-01   20.00
  19   -18.0000     -15.397 0.3901   0.3123E+01  0.3227E-02 -0.2182E+01  0.0000E+00      -1  -0.874E-01   20.00
  20   -19.0000     -15.106 0.3910   0.3198E+01  0.3232E-02 -0.2296E+01  0.0000E+00      -1  -0.920E-01   20.00
  21   -20.0000     -14.833 0.3919   0.3270E+01  0.3237E-02 -0.2409E+01  0.0000E+00      -1  -0.965E-01   20.00
  22   -21.0000     -14.576 0.3927   0.3369E+01  0.3234E-02 -0.2522E+01  0.0000E+00      -1  -0.101E+00   20.00
  23   -22.0000     -14.331 0.3935   0.3464E+01  0.3230E-02 -0.2636E+01  0.0000E+00      -1  -0.106E+00   20.00
  24   -23.0000     -14.098 0.3943   0.3554E+01  0.3228E-02 -0.2750E+01  0.0000E+00      -1  -0.110E+00   20.00
  25   -24.0000     -13.878 0.3950   0.3639E+01  0.3225E-02 -0.2863E+01  0.0000E+00      -1  -0.115E+00   20.00
  26   -25.0000     -13.672 0.3957   0.3718E+01  0.3222E-02 -0.2977E+01  0.0000E+00      -1  -0.119E+00   20.00
  27   -26.0000     -13.480 0.3963   0.3793E+01  0.3220E-02 -0.3089E+01  0.0000E+00      -1  -0.124E+00   20.00
  28   -27.0000     -13.302 0.3969   0.3861E+01  0.3217E-02 -0.3201E+01  0.0000E+00      -1  -0.128E+00   20.00
  29   -28.0000     -13.138 0.3974   0.3925E+01  0.3215E-02 -0.3312E+01  0.0000E+00      -1  -0.133E+00   20.00
  30   -29.0000     -12.990 0.3979   0.3982E+01  0.3213E-02 -0.3422E+01  0.0000E+00      -1  -0.137E+00   20.00
  31   -30.0000     -12.858 0.3983   0.4033E+01  0.3212E-02 -0.3531E+01  0.0000E+00      -1  -0.141E+00   20.00
  32   -31.0000     -12.742 0.3987   0.4078E+01  0.3210E-02 -0.3639E+01  0.0000E+00      -1  -0.146E+00   20.00
  33   -32.0000     -12.643 0.3990   0.4116E+01  0.3209E-02 -0.3745E+01  0.0000E+00      -1  -0.150E+00   20.00
  34   -33.0000     -12.563 0.3992   0.4147E+01  0.3208E-02 -0.3851E+01  0.0000E+00      -1  -0.154E+00   20.00
  35   -34.0000     -12.501 0.3994   0.4171E+01  0.3207E-02 -0.3954E+01  0.0000E+00      -1  -0.158E+00   20.00
  36   -35.0000     -12.460 0.3996   0.4187E+01  0.3207E-02 -0.4057E+01  0.0000E+00      -1  -0.163E+00   20.00
  37   -36.0000     -12.440 0.3996   0.4194E+01  0.3206E-02 -0.4158E+01  0.0000E+00      -1  -0.167E+00   20.00
  38   -37.0000     -12.443 0.3996   0.4193E+01  0.3207E-02 -0.4257E+01  0.0000E+00      -1  -0.171E+00   20.00
  39   -38.0000     -12.472 0.3995   0.4182E+01  0.3207E-02 -0.4355E+01  0.0000E+00      -1  -0.174E+00   20.00
  40   -39.0000     -12.527 0.3994   0.4161E+01  0.3208E-02 -0.4450E+01  0.0000E+00      -1  -0.178E+00   20.00
  41   -40.0000     -12.613 0.3991   0.4128E+01  0.3209E-02 -0.4544E+01  0.0000E+00      -1  -0.182E+00   20.00
  42   -41.0000     -12.731 0.3987   0.4082E+01  0.3210E-02 -0.4635E+01  0.0000E+00      -1  -0.186E+00   20.00
  43   -42.0000     -12.886 0.3982   0.4022E+01  0.3212E-02 -0.4724E+01  0.0000E+00      -1  -0.189E+00   20.00
  44   -43.0000     -13.083 0.3976   0.3946E+01  0.3215E-02 -0.4810E+01  0.0000E+00      -1  -0.193E+00   20.00
  45   -44.0000     -13.327 0.3968   0.3852E+01  0.3218E-02 -0.4894E+01  0.0000E+00      -1  -0.196E+00   20.00
  46   -45.0000     -13.628 0.3958   0.3735E+01  0.3222E-02 -0.4974E+01  0.0000E+00      -1  -0.199E+00   20.00
  47   -46.0000     -13.996 0.3946   0.3593E+01  0.3226E-02 -0.5050E+01  0.0000E+00      -1  -0.202E+00   20.00
  48   -47.0000     -14.447 0.3932   0.3419E+01  0.3232E-02 -0.5123E+01  0.0000E+00      -1  -0.205E+00   20.00
  49   -48.0000     -15.000 0.3914   0.3225E+01  0.3234E-02 -0.5190E+01  0.0000E+00      -1  -0.208E+00   20.00
  50   -49.0000     -15.663 0.3892   0.3055E+01  0.3221E-02 -0.5249E+01  0.0000E+00      -1  -0.210E+00   20.00
  51   -50.0000     -16.449 0.3867   0.2853E+01  0.3206E-02 -0.5297E+01  0.0000E+00      -1  -0.212E+00   20.00
  52   -51.0000     -17.396 0.3837   0.2610E+01  0.3188E-02 -0.5333E+01  0.0000E+00      -1  -0.214E+00   20.00
  53   -52.0000     -18.570 0.3799   0.2309E+01  0.3166E-02 -0.5352E+01  0.0000E+00      -1  -0.214E+00   20.00
  54   -53.0000     -20.021 0.3754   0.2061E+01  0.3111E-02 -0.5349E+01  0.0000E+00      -1  -0.214E+00   20.00
  55   -54.0000     -21.804 0.3700   0.1777E+01  0.3040E-02 -0.5315E+01  0.0000E+00      -1  -0.213E+00   20.00
  56   -55.0000     -24.088 0.3631   0.1444E+01  0.2945E-02 -0.5244E+01  0.0000E+00      -1  -0.210E+00   20.00
  57   -56.0000     -27.064 0.3547   0.1171E+01  0.2799E-02 -0.5119E+01  0.0000E+00      -1  -0.205E+00   20.00
  58   -57.0000     -31.033 0.3439   0.8580E+00  0.2606E-02 -0.4930E+01  0.0000E+00      -1  -0.198E+00   20.00
  59   -58.0000     -36.742 0.3298   0.5788E+00  0.2332E-02 -0.4643E+01  0.0000E+00      -1  -0.186E+00   20.00
  60   -59.0000     -45.392 0.3115   0.3469E+00  0.1971E-02 -0.4172E+01  0.0000E+00      -1  -0.167E+00   20.00
  61   -60.0000     -59.741 0.2865   0.1585E+00  0.1501E-02 -0.3491E+01  0.0000E+00      -1  -0.140E+00   20.00
  62   -61.0000     -87.845 0.2535   0.5465E-01  0.9707E-03 -0.2538E+01  0.0000E+00      -1  -0.102E+00   20.00
  63   -62.0000    -147.564 0.2130   0.1034E-01  0.4808E-03 -0.1307E+01  0.0000E+00      -1  -0.524E-01   20.00
  64   -63.0000    -252.551 0.1794   0.1768E-02  0.2201E-03 -0.3524E+00  0.0000E+00      -1  -0.141E-01   20.00
  65   -64.0000    -296.258 0.1709   0.1046E-02  0.1731E-03 -0.3375E-01  0.0000E+00      -1  -0.135E-02   20.00
  66   -65.0000    -299.793 0.1703   0.9873E-03  0.1693E-03 -0.2895E-02  0.0000E+00      -1  -0.116E-03   20.00
  67   -66.0000    -299.989 0.1702   0.9841E-03  0.1691E-03 -0.1087E-02  0.0000E+00      -1  -0.435E-04   20.00
  68   -67.0000    -299.999 0.1702   0.9839E-03  0.1691E-03 -0.9892E-03  0.0000E+00      -1  -0.396E-04   20.00
  69   -68.0000    -300.000 0.1702   0.9839E-03  0.1691E-03 -0.9842E-03  0.0000E+00      -1  -0.394E-04   20.00
  70   -69.0000    -300.000 0.1702   0.9839E-03  0.1691E-03 -0.9839E-03  0.0000E+00      -1  -0.394E-04   20.00
  71   -70.0000    -300.000 0.1702   0.9839E-03  0.1691E-03 -0.9839E-03  0.0000E+00      -1  -0.394E-04   20.00
  72   -71.0000    -300.000 0.1702   0.9839E-03  0.1691E-03 -0.9839E-03  0.0000E+00      -1  -0.394E-04   20.00
  73   -72.0000    -300.000 0.1702   0.9839E-03  0.1691E-03 -0.9839E-03  0.0000E+00      -1  -0.394E-04   20.00
  74   -73.0000    -300.000 0.1702   0.9839E-03  0.1691E-03 -0.9839E-03  0.0000E+00      -1  -0.394E-04   20.00
  75   -74.0000    -300.000 0.1702   0.9839E-03  0.1691E-03 -0.9839E-03  0.0000E+00      -1  -0.394E-04   20.00
  76   -75.0000    -300.000 0.1702   0.9839E-03  0.1691E-03 -0.9839E-03  0.0000E+00      -1  -0.394E-04   20.00
  77   -76.0000    -300.000 0.1702   0.9839E-03  0.1691E-03 -0.9839E-03  0.0000E+00      -1  -0.394E-04   20.00
  78   -77.0000    -300.000 0.1702   0.9839E-03  0.1691E-03 -0.9839E-03  0.0000E+00      -1  -0.394E-04   20.00
  79   -78.0000    -300.000 0.1702   0.9839E-03  0.1691E-03 -0.9839E-03  0.0000E+00      -1  -0.394E-04   20.00
  80   -79.0000    -300.000 0.1702   0.9839E-03  0.1691E-03 -0.9839E-03  0.0000E+00      -1  -0.394E-04   20.00
  81   -80.0000    -300.000 0.1702   0.9839E-03  0.1691E-03 -0.9839E-03  0.0000E+00      -1  -0.394E-04   20.00
  82   -81.0000    -300.000 0.1702   0.9839E-03  0.1691E-03 -0.9839E-03  0.0000E+00      -1  -0.394E-04   20.00
  83   -82.0000    -300.000 0.1702   0.9839E-03  0.1691E-03 -0.9839E-03  0.0000E+00      -1  -0.394E-04   20.00
  84   -83.0000    -300.000 0.1702   0.9839E-03  0.1691E-03 -0.9839E-03  0.0000E+00      -1  -0.394E-04   20.00
  85   -84.0000    -300.000 0.1702   0.9839E-03  0.1691E-03 -0.9839E-03  0.0000E+00      -1  -0.394E-04   20.00
  86   -85.0000    -300.000 0.1702   0.9839E-03  0.1691E-03 -0.9839E-03  0.0000E+00      -1  -0.394E-04   20.00
  87   -86.0000    -300.000 0.1702   0.9839E-03  0.1691E-03 -0.9839E-03  0.0000E+00      -1  -0.394E-04   20.00
  88   -87.0000    -300.000 0.1702   0.9839E-03  0.1691E-03 -0.9839E-03  0.0000E+00      -1  -0.394E-04   20.00
  89   -88.0000    -300.000 0.1702   0.9839E-03  0.1691E-03 -0.9839E-03  0.0000E+00      -1  -0.394E-04   20.00
  90   -89.0000    -300.000 0.1702   0.9839E-03  0.1691E-03 -0.9839E-03  0.0000E+00      -1  -0.394E-04   20.00
  91   -90.0000    -300.000 0.1702   0.9839E-03  0.1691E-03 -0.9839E-03  0.0000E+00      -1  -0.394E-04   20.00
  92   -91.0000    -300.000 0.1702   0.9839E-03  0.1691E-03 -0.9839E-03  0.0000E+00      -1  -0.394E-04   20.00
  93   -92.0000    -300.000 0.1702   0.9839E-03  0.1691E-03 -0.9839E-03  0.0000E+00      -1  -0.394E-04   20.00
  94   -93.0000    -300.000 0.1702   0.9839E-03  0.1691E-03 -0.9839E-03  0.0000E+00      -1  -0.394E-04   20.00
  95   -94.0000    -300.000 0.1702   0.9839E-03  0.1691E-03 -0.9839E-03  0.0000E+00      -1  -0.394E-04   20.00
  96   -95.0000    -300.000 0.1702   0.9839E-03  0.1691E-03 -0.9839E-03  0.0000E+00      -1  -0.394E-04   20.00
  97   -96.0000    -300.000 0.1702   0.9839E-03  0.1691E-03 -0.9839E-03  0.0000E+00      -1  -0.394E-04   20.00
  98   -97.0000    -300.000 0.1702   0.9839E-03  0.1691E-03 -0.9839E-03  0.0000E+00      -1  -0.394E-04   20.00
  99   -98.0000    -300.000 0.1702   0.9839E-03  0.1691E-03 -0.9839E-03  0.0000E+00      -1  -0.394E-04   20.00
 100   -99.0000    -300.000 0.1702   0.9839E-03  0.1691E-03 -0.9839E-03  0.0000E+00      -1  -0.394E-04   20.00
 101  -100.0000    -300.000 0.1702   0.9839E-03  0.1691E-03 -0.9839E-03  0.0000E+00      -1  -0.394E-04   20.00
end


 Time:        0.7500


 Node      Depth      Head Moisture       K          C         Flux        Sink         Kappa   v/KsTop   Temp
           [L]        [L]    [-]        [L/T]      [1/L]      [L/T]        [1/T]         [-]      [-]      [C]

   1     0.0000     -27.289 0.3540   0.1150E+01  0.2788E-02 -0.1229E-06  0.0000E+00      -1  -0.493E-08   20.00
   2    -1.0000     -26.330 0.3567   0.1238E+01  0.2835E-02 -0.9859E-01  0.0000E+00      -1  -0.395E-02   20.00
   3    -2.0000     -25.446 0.3592   0.1319E+01  0.2879E-02 -0.1972E+00  0.0000E+00      -1  -0.790E-02   20.00
   4    -3.0000     -24.627 0.3615   0.1394E+01  0.2919E-02 -0.2957E+00  0.0000E+00      -1  -0.118E-01   20.00
   5    -4.0000     -23.869 0.3637   0.1464E+01  0.2956E-02 -0.3944E+00  0.0000E+00      -1  -0.158E-01   20.00
   6    -5.0000     -23.162 0.3658   0.1561E+01  0.2986E-02 -0.4969E+00  0.0000E+00      -1  -0.199E-01   20.00
   7    -6.0000     -22.503 0.3678   0.1666E+01  0.3012E-02 -0.6028E+00  0.0000E+00      -1  -0.241E-01   20.00
   8    -7.0000     -21.885 0.3697   0.1764E+01  0.3037E-02 -0.7080E+00  0.0000E+00      -1  -0.284E-01   20.00
   9    -8.0000     -21.305 0.3715   0.1857E+01  0.3060E-02 -0.8125E+00  0.0000E+00      -1  -0.326E-01   20.00
  10    -9.0000     -20.760 0.3732   0.1944E+01  0.3082E-02 -0.9161E+00  0.0000E+00      -1  -0.367E-01   20.00
  11   -10.0000     -20.248 0.3747   0.2025E+01  0.3102E-02 -0.1019E+01  0.0000E+00      -1  -0.408E-01   20.00
  12   -11.0000     -19.767 0.3762   0.2102E+01  0.3121E-02 -0.1121E+01  0.0000E+00      -1  -0.449E-01   20.00
  13   -12.0000     -19.314 0.3776   0.2174E+01  0.3139E-02 -0.1221E+01  0.0000E+00      -1  -0.489E-01   20.00
  14   -13.0000     -18.890 0.3789   0.2241E+01  0.3156E-02 -0.1321E+01  0.0000E+00      -1  -0.529E-01   20.00
  15   -14.0000     -18.490 0.3802   0.2329E+01  0.3167E-02 -0.1422E+01  0.0000E+00      -1  -0.570E-01   20.00
  16   -15.0000     -18.109 0.3814   0.2427E+01  0.3175E-02 -0.1525E+01  0.0000E+00      -1  -0.611E-01   20.00
  17   -16.0000     -17.747 0.3826   0.2520E+01  0.3181E-02 -0.1627E+01  0.0000E+00      -1  -0.652E-01   20.00
  18   -17.0000     -17.401 0.3837   0.2609E+01  0.3188E-02 -0.1730E+01  0.0000E+00      -1  -0.693E-01   20.00
  19   -18.0000     -17.073 0.3847   0.2693E+01  0.3194E-02 -0.1832E+01  0.0000E+00      -1  -0.734E-01   20.00
  20   -19.0000     -16.762 0.3857   0.2773E+01  0.3200E-02 -0.1933E+01  0.0000E+00      -1  -0.774E-01   20.00
  21   -20.0000     -16.468 0.3867   0.2848E+01  0.3206E-02 -0.2033E+01  0.0000E+00      -1  -0.815E-01   20.00
  22   -21.0000     -16.190 0.3876   0.2920E+01  0.3211E-02 -0.2132E+01  0.0000E+00      -1  -0.854E-01   20.00
  23   -22.0000     -15.928 0.3884   0.2987E+01  0.3216E-02 -0.2230E+01  0.0000E+00      -1  -0.894E-01   20.00
  24   -23.0000     -15.684 0.3892   0.3050E+01  0.3221E-02 -0.2327E+01  0.0000E+00      -1  -0.932E-01   20.00
  25   -24.0000     -15.455 0.3899   0.3108E+01  0.3225E-02 -0.2422E+01  0.0000E+00      -1  -0.970E-01   20.00
  26   -25.0000     -15.243 0.3906   0.3163E+01  0.3230E-02 -0.2516E+01  0.0000E+00      -1  -0.101E+00   20.00
  27   -26.0000     -15.047 0.3912   0.3213E+01  0.3233E-02 -0.2608E+01  0.0000E+00      -1  -0.104E+00   20.00
  28   -27.0000     -14.867 0.3918   0.3259E+01  0.3237E-02 -0.2700E+01  0.0000E+00      -1  -0.108E+00   20.00
  29   -28.0000     -14.701 0.3923   0.3321E+01  0.3235E-02 -0.2791E+01  0.0000E+00      -1  -0.112E+00   20.00
  30   -29.0000     -14.548 0.3928   0.3380E+01  0.3233E-02 -0.2883E+01  0.0000E+00      -1  -0.115E+00   20.00
  31   -30.0000     -14.407 0.3933   0.3435E+01  0.3231E-02 -0.2975E+01  0.0000E+00      -1  -0.119E+00   20.00
  32   -31.0000     -14.280 0.3937   0.3483E+01  0.3230E-02 -0.3067E+01  0.0000E+00      -1  -0.123E+00   20.00
  33   -32.0000     -14.168 0.3941   0.3527E+01  0.3228E-02 -0.3158E+01  0.0000E+00      -1  -0.127E+00   20.00
  34   -33.0000     -14.072 0.3944   0.3564E+01  0.3227E-02 -0.3249E+01  0.0000E+00      -1  -0.130E+00   20.00
  35   -34.0000     -13.993 0.3946   0.3595E+01  0.3226E-02 -0.3340E+01  0.0000E+00      -1  -0.134E+00   20.00
  36   -35.0000     -13.931 0.3948   0.3618E+01  0.3225E-02 -0.3430E+01  0.0000E+00      -1  -0.137E+00   20.00
  37   -36.0000     -13.889 0.3950   0.3635E+01  0.3225E-02 -0.3518E+01  0.0000E+00      -1  -0.141E+00   20.00
  38   -37.0000     -13.868 0.3950   0.3643E+01  0.3225E-02 -0.3606E+01  0.0000E+00      -1  -0.144E+00   20.00
  39   -38.0000     -13.870 0.3950   0.3642E+01  0.3225E-02 -0.3692E+01  0.0000E+00      -1  -0.148E+00   20.00
  40   -39.0000     -13.897 0.3949   0.3632E+01  0.3225E-02 -0.3777E+01  0.0000E+00      -1  -0.151E+00   20.00
  41   -40.0000     -13.952 0.3948   0.3610E+01  0.3226E-02 -0.3860E+01  0.0000E+00      -1  -0.155E+00   20.00
  42   -41.0000     -14.037 0.3945   0.3577E+01  0.3227E-02 -0.3941E+01  0.0000E+00      -1  -0.158E+00   20.00
  43   -42.0000     -14.157 0.3941   0.3531E+01  0.3228E-02 -0.4021E+01  0.0000E+00      -1  -0.161E+00   20.00
  44   -43.0000     -14.317 0.3936   0.3469E+01  0.3230E-02 -0.4099E+01  0.0000E+00      -1  -0.164E+00   20.00
  45   -44.0000     -14.524 0.3929   0.3389E+01  0.3233E-02 -0.4176E+01  0.0000E+00      -1  -0.167E+00   20.00
  46   -45.0000     -14.786 0.3921   0.3288E+01  0.3236E-02 -0.4251E+01  0.0000E+00      -1  -0.170E+00   20.00
  47   -46.0000     -15.109 0.3910   0.3197E+01  0.3232E-02 -0.4324E+01  0.0000E+00      -1  -0.173E+00   20.00
  48   -47.0000     -15.494 0.3898   0.3098E+01  0.3225E-02 -0.4392E+01  0.0000E+00      -1  -0.176E+00   20.00
  49   -48.0000     -15.949 0.3883   0.2981E+01  0.3216E-02 -0.4454E+01  0.0000E+00      -1  -0.178E+00   20.00
  50   -49.0000     -16.489 0.3866   0.2843E+01  0.3206E-02 -0.4511E+01  0.0000E+00      -1  -0.181E+00   20.00
  51   -50.0000     -17.133 0.3845   0.2678E+01  0.3193E-02 -0.4560E+01  0.0000E+00      -1  -0.183E+00   20.00
  52   -51.0000     -17.910 0.3820   0.2478E+01  0.3178E-02 -0.4601E+01  0.0000E+00      -1  -0.184E+00   20.00
  53   -52.0000     -18.866 0.3790   0.2245E+01  0.3157E-02 -0.4631E+01  0.0000E+00      -1  -0.186E+00   20.00
  54   -53.0000     -20.023 0.3754   0.2061E+01  0.3111E-02 -0.4648E+01  0.0000E+00      -1  -0.186E+00   20.00
  55   -54.0000     -21.408 0.3712   0.1841E+01  0.3056E-02 -0.4647E+01  0.0000E+00      -1  -0.186E+00   20.00
  56   -55.0000     -23.133 0.3659   0.1566E+01  0.2987E-02 -0.4622E+01  0.0000E+00      -1  -0.185E+00   20.00
  57   -56.0000     -25.310 0.3596   0.1332E+01  0.2885E-02 -0.4568E+01  0.0000E+00      -1  -0.183E+00   20.00
  58   -57.0000     -28.072 0.3518   0.1078E+01  0.2750E-02 -0.4474E+01  0.0000E+00      -1  -0.179E+00   20.00
  59   -58.0000     -31.712 0.3422   0.8247E+00  0.2574E-02 -0.4333E+01  0.0000E+00      -1  -0.174E+00   20.00
  60   -59.0000     -36.777 0.3297   0.5770E+00  0.2330E-02 -0.4123E+01  0.0000E+00      -1  -0.165E+00   20.00
  61   -60.0000     -44.157 0.3140   0.3767E+00  0.2022E-02 -0.3799E+01  0.0000E+00      -1  -0.152E+00   20.00
  62   -61.0000     -55.524 0.2936   0.2058E+00  0.1633E-02 -0.3288E+01  0.0000E+00      -1  -0.132E+00   20.00
  63   -62.0000     -75.226 0.2662   0.8155E-01  0.1158E-02 -0.2563E+01  0.0000E+00      -1  -0.103E+00   20.00
  64   -63.0000    -115.355 0.2313   0.2304E-01  0.6779E-03 -0.1631E+01  0.0000E+00      -1  -0.654E-01   20.00
  65   -64.0000    -196.692 0.1939   0.3967E-02  0.3169E-03 -0.6690E+00  0.0000E+00      -1  -0.268E-01   20.00
  66   -65.0000    -281.725 0.1738   0.1286E-02  0.1888E-03 -0.1232E+00  0.0000E+00      -1  -0.494E-02   20.00
  67   -66.0000    -298.581 0.1705   0.1007E-02  0.1706E-03 -0.1140E-01  0.0000E+00      -1  -0.457E-03   20.00
  68   -67.0000    -299.907 0.1702   0.9854E-03  0.1692E-03 -0.1694E-02  0.0000E+00      -1  -0.679E-04   20.00
  69   -68.0000    -299.994 0.1702   0.9840E-03  0.1691E-03 -0.1030E-02  0.0000E+00      -1  -0.413E-04   20.00
  70   -69.0000    -300.000 0.1702   0.9839E-03  0.1691E-03 -0.9868E-03  0.0000E+00      -1  -0.395E-04   20.00
  71   -70.0000    -300.000 0.1702   0.9839E-03  0.1691E-03 -0.9841E-03  0.0000E+00      -1  -0.394E-04   20.00
  72   -71.0000    -300.000 0.1702   0.9839E-03  0.1691E-03 -0.9839E-03  0.0000E+00      -1  -0.394E-04   20.00
  73   -72.0000    -300.000 0.1702   0.9839E-03  0.1691E-03 -0.9839E-03  0.0000E+00      -1  -0.394E-04   20.00
  74   -73.0000    -300.000 0.1702   0.9839E-03  0.1691E-03 -0.9839E-03  0.0000E+00      -1  -0.394E-04   20.00
  75   -74.0000    -300.000 0.1702   0.9839E-03  0.1691E-03 -0.9839E-03  0.0000E+00      -1  -0.394E-04   20.00
  76   -75.0000    -300.000 0.1702   0.9839E-03  0.1691E-03 -0.9839E-03  0.0000E+00      -1  -0.394E-04   20.00
  77   -76.0000    -300.000 0.1702   0.9839E-03  0.1691E-03 -0.9839E-03  0.0000E+00      -1  -0.394E-04   20.00
  78   -77.0000    -300.000 0.1702   0.9839E-03  0.1691E-03 -0.9839E-03  0.0000E+00      -1  -0.394E-04   20.00
  79   -78.0000    -300.000 0.1702   0.9839E-03  0.1691E-03 -0.9839E-03  0.0000E+00      -1  -0.394E-04   20.00
  80   -79.0000    -300.000 0.1702   0.9839E-03  0.1691E-03 -0.9839E-03  0.0000E+00      -1  -0.394E-04   20.00
  81   -80.0000    -300.000 0.1702   0.9839E-03  0.1691E-03 -0.9839E-03  0.0000E+00      -1  -0.394E-04   20.00
  82   -81.0000    -300.000 0.1702   0.9839E-03  0.1691E-03 -0.9839E-03  0.0000E+00      -1  -0.394E-04   20.00
  83   -82.0000    -300.000 0.1702   0.9839E-03  0.1691E-03 -0.9839E-03  0.0000E+00      -1  -0.394E-04   20.00
  84   -83.0000    -300.000 0.1702   0.9839E-03  0.1691E-03 -0.9839E-03  0.0000E+00      -1  -0.394E-04   20.00
  85   -84.0000    -300.000 0.1702   0.9839E-03  0.1691E-03 -0.9839E-03  0.0000E+00      -1  -0.394E-04   20.00
  86   -85.0000    -300.000 0.1702   0.9839E-03  0.1691E-03 -0.9839E-03  0.0000E+00      -1  -0.394E-04   20.00
  87   -86.0000    -300.000 0.1702   0.9839E-03  0.1691E-03 -0.9839E-03  0.0000E+00      -1  -0.394E-04   20.00
  88   -87.0000    -300.000 0.1702   0.9839E-03  0.1691E-03 -0.9839E-03  0.0000E+00      -1  -0.394E-04   20.00
  89   -88.0000    -300.000 0.1702   0.9839E-03  0.1691E-03 -0.9839E-03  0.0000E+00      -1  -0.394E-04   20.00
  90   -89.0000    -300.000 0.1702   0.9839E-03  0.1691E-03 -0.9839E-03  0.0000E+00      -1  -0.394E-04   20.00
  91   -90.0000    -300.000 0.1702   0.9839E-03  0.1691E-03 -0.9839E-03  0.0000E+00      -1  -0.394E-04   20.00
  92   -91.0000    -300.000 0.1702   0.9839E-03  0.1691E-03 -0.9839E-03  0.0000E+00      -1  -0.394E-04   20.00
  93   -92.0000    -300.000 0.1702   0.9839E-03  0.1691E-03 -0.9839E-03  0.0000E+00      -1  -0.394E-04   20.00
  94   -93.0000    -300.000 0.1702   0.9839E-03  0.1691E-03 -0.9839E-03  0.0000E+00      -1  -0.394E-04   20.00
  95   -94.0000    -300.000 0.1702   0.9839E-03  0.1691E-03 -0.9839E-03  0.0000E+00      -1  -0.394E-04   20.00
  96   -95.0000    -300.000 0.1702   0.9839E-03  0.1691E-03 -0.9839E-03  0.0000E+00      -1  -0.394E-04   20.00
  97   -96.0000    -300.000 0.1702   0.9839E-03  0.1691E-03 -0.9839E-03  0.0000E+00      -1  -0.394E-04   20.00
  98   -97.0000    -300.000 0.1702   0.9839E-03  0.1691E-03 -0.9839E-03  0.0000E+00      -1  -0.394E-04   20.00
  99   -98.0000    -300.000 0.1702   0.9839E-03  0.1691E-03 -0.9839E-03  0.0000E+00      -1  -0.394E-04   20.00
 100   -99.0000    -300.000 0.1702   0.9839E-03  0.1691E-03 -0.9839E-03  0.0000E+00      -1  -0.394E-04   20.00
 101  -100.0000    -300.000 0.1702   0.9839E-03  0.1691E-03 -0.9839E-03  0.0000E+00      -1  -0.394E-04   20.00
end


 Time:        0.8000


 Node      Depth      Head Moisture       K          C         Flux        Sink         Kappa   v/KsTop   Temp
           [L]        [L]    [-]        [L/T]      [1/L]      [L/T]        [1/T]         [-]      [-]      [C]

   1     0.0000     -28.905 0.3495   0.1002E+01  0.2709E-02  0.1010E-05  0.0000E+00      -1   0.404E-07   20.00
   2    -1.0000     -27.946 0.3522   0.1090E+01  0.2756E-02 -0.8577E-01  0.0000E+00      -1  -0.344E-02   20.00
   3    -2.0000     -27.060 0.3547   0.1171E+01  0.2800E-02 -0.1715E+00  0.0000E+00      -1  -0.687E-02   20.00
   4    -3.0000     -26.237 0.3570   0.1246E+01  0.2840E-02 -0.2572E+00  0.0000E+00      -1  -0.103E-01   20.00
   5    -4.0000     -25.471 0.3592   0.1317E+01  0.2877E-02 -0.3426E+00  0.0000E+00      -1  -0.137E-01   20.00
   6    -5.0000     -24.757 0.3612   0.1382E+01  0.2912E-02 -0.4277E+00  0.0000E+00      -1  -0.171E-01   20.00
   7    -6.0000     -24.089 0.3631   0.1443E+01  0.2945E-02 -0.5122E+00  0.0000E+00      -1  -0.205E-01   20.00
   8    -7.0000     -23.464 0.3649   0.1513E+01  0.2974E-02 -0.5998E+00  0.0000E+00      -1  -0.240E-01   20.00
   9    -8.0000     -22.878 0.3667   0.1606E+01  0.2997E-02 -0.6910E+00  0.0000E+00      -1  -0.277E-01   20.00
  10    -9.0000     -22.325 0.3684   0.1694E+01  0.3019E-02 -0.7819E+00  0.0000E+00      -1  -0.313E-01   20.00
  11   -10.0000     -21.801 0.3700   0.1778E+01  0.3040E-02 -0.8726E+00  0.0000E+00      -1  -0.350E-01   20.00
  12   -11.0000     -21.306 0.3715   0.1857E+01  0.3060E-02 -0.9627E+00  0.0000E+00      -1  -0.386E-01   20.00
  13   -12.0000     -20.838 0.3729   0.1931E+01  0.3079E-02 -0.1052E+01  0.0000E+00      -1  -0.422E-01   20.00
  14   -13.0000     -20.396 0.3743   0.2002E+01  0.3096E-02 -0.1141E+01  0.0000E+00      -1  -0.457E-01   20.00
  15   -14.0000     -19.978 0.3756   0.2068E+01  0.3113E-02 -0.1229E+01  0.0000E+00      -1  -0.492E-01   20.00
  16   -15.0000     -19.584 0.3768   0.2131E+01  0.3129E-02 -0.1315E+01  0.0000E+00      -1  -0.527E-01   20.00
  17   -16.0000     -19.213 0.3779   0.2190E+01  0.3144E-02 -0.1401E+01  0.0000E+00      -1  -0.561E-01   20.00
  18   -17.0000     -18.864 0.3790   0.2246E+01  0.3157E-02 -0.1486E+01  0.0000E+00      -1  -0.595E-01   20.00
  19   -18.0000     -18.534 0.3800   0.2318E+01  0.3166E-02 -0.1573E+01  0.0000E+00      -1  -0.630E-01   20.00
  20   -19.0000     -18.219 0.3810   0.2399E+01  0.3172E-02 -0.1660E+01  0.0000E+00      -1  -0.665E-01   20.00
  21   -20.0000     -17.918 0.3820   0.2476E+01  0.3178E-02 -0.1748E+01  0.0000E+00      -1  -0.700E-01   20.00
  22   -21.0000     -17.632 0.3829   0.2550E+01  0.3184E-02 -0.1836E+01  0.0000E+00      -1  -0.736E-01   20.00
  23   -22.0000     -17.359 0.3838   0.2620E+01  0.3189E-02 -0.1923E+01  0.0000E+00      -1  -0.771E-01   20.00
  24   -23.0000     -17.100 0.3846   0.2686E+01  0.3194E-02 -0.2011E+01  0.0000E+00      -1  -0.805E-01   20.00
  25   -24.0000     -16.856 0.3854   0.2749E+01  0.3199E-02 -0.2097E+01  0.0000E+00      -1  -0.840E-01   20.00
  26   -25.0000     -16.627 0.3862   0.2808E+01  0.3203E-02 -0.2183E+01  0.0000E+00      -1  -0.875E-01   20.00
  27   -26.0000     -16.412 0.3868   0.2863E+01  0.3207E-02 -0.2268E+01  0.0000E+00      -1  -0.909E-01   20.00
  28   -27.0000     -16.212 0.3875   0.2914E+01  0.3211E-02 -0.2352E+01  0.0000E+00      -1  -0.942E-01   20.00
  29   -28.0000     -16.026 0.3881   0.2962E+01  0.3214E-02 -0.2436E+01  0.0000E+00      -1  -0.976E-01   20.00
  30   -29.0000     -15.857 0.3886   0.3005E+01  0.3218E-02 -0.2518E+01  0.0000E+00      -1  -0.101E+00   20.00
  31   -30.0000     -15.703 0.3891   0.3045E+01  0.3221E-02 -0.2599E+01  0.0000E+00      -1  -0.104E+00   20.00
  32   -31.0000     -15.565 0.3896   0.3080E+01  0.3223E-02 -0.2680E+01  0.0000E+00      -1  -0.107E+00   20.00
  33   -32.0000     -15.443 0.3900   0.3111E+01  0.3226E-02 -0.2759E+01  0.0000E+00      -1  -0.111E+00   20.00
  34   -33.0000     -15.339 0.3903   0.3138E+01  0.3228E-02 -0.2838E+01  0.0000E+00      -1  -0.114E+00   20.00
  35   -34.0000     -15.252 0.3906   0.3160E+01  0.3229E-02 -0.2915E+01  0.0000E+00      -1  -0.117E+00   20.00
  36   -35.0000     -15.184 0.3908   0.3178E+01  0.3231E-02 -0.2992E+01  0.0000E+00      -1  -0.120E+00   20.00
  37   -36.0000     -15.136 0.3909   0.3190E+01  0.3232E-02 -0.3068E+01  0.0000E+00      -1  -0.123E+00   20.00
  38   -37.0000     -15.109 0.3910   0.3197E+01  0.3232E-02 -0.3144E+01  0.0000E+00      -1  -0.126E+00   20.00
  39   -38.0000     -15.104 0.3910   0.3198E+01  0.3232E-02 -0.3219E+01  0.0000E+00      -1  -0.129E+00   20.00
  40   -39.0000     -15.123 0.3910   0.3193E+01  0.3232E-02 -0.3294E+01  0.0000E+00      -1  -0.132E+00   20.00
  41   -40.0000     -15.168 0.3908   0.3182E+01  0.3231E-02 -0.3368E+01  0.0000E+00      -1  -0.135E+00   20.00
  42   -41.0000     -15.242 0.3906   0.3163E+01  0.3230E-02 -0.3442E+01  0.0000E+00      -1  -0.138E+00   20.00
  43   -42.0000     -15.346 0.3903   0.3136E+01  0.3228E-02 -0.3514E+01  0.0000E+00      -1  -0.141E+00   20.00
  44   -43.0000     -15.484 0.3898   0.3101E+01  0.3225E-02 -0.3584E+01  0.0000E+00      -1  -0.144E+00   20.00
  45   -44.0000     -15.660 0.3893   0.3056E+01  0.3222E-02 -0.3652E+01  0.0000E+00      -1  -0.146E+00   20.00
  46   -45.0000     -15.877 0.3886   0.3000E+01  0.3217E-02 -0.3718E+01  0.0000E+00      -1  -0.149E+00   20.00
  47   -46.0000     -16.141 0.3877   0.2932E+01  0.3212E-02 -0.3781E+01  0.0000E+00      -1  -0.151E+00   20.00
  48   -47.0000     -16.460 0.3867   0.2850E+01  0.3206E-02 -0.3841E+01  0.0000E+00      -1  -0.154E+00   20.00
  49   -48.0000     -16.842 0.3855   0.2752E+01  0.3199E-02 -0.3898E+01  0.0000E+00      -1  -0.156E+00   20.00
  50   -49.0000     -17.299 0.3840   0.2635E+01  0.3190E-02 -0.3950E+01  0.0000E+00      -1  -0.158E+00   20.00
  51   -50.0000     -17.849 0.3822   0.2494E+01  0.3180E-02 -0.3997E+01  0.0000E+00      -1  -0.160E+00   20.00
  52   -51.0000     -18.518 0.3801   0.2322E+01  0.3167E-02 -0.4040E+01  0.0000E+00      -1  -0.162E+00   20.00
  53   -52.0000     -19.325 0.3776   0.2172E+01  0.3139E-02 -0.4074E+01  0.0000E+00      -1  -0.163E+00   20.00
  54   -53.0000     -20.275 0.3747   0.2021E+01  0.3101E-02 -0.4099E+01  0.0000E+00      -1  -0.164E+00   20.00
  55   -54.0000     -21.402 0.3712   0.1841E+01  0.3056E-02 -0.4111E+01  0.0000E+00      -1  -0.165E+00   20.00
  56   -55.0000     -22.778 0.3670   0.1622E+01  0.3001E-02 -0.4108E+01  0.0000E+00      -1  -0.165E+00   20.00
  57   -56.0000     -24.486 0.3619   0.1407E+01  0.2926E-02 -0.4087E+01  0.0000E+00      -1  -0.164E+00   20.00
  58   -57.0000     -26.593 0.3560   0.1214E+01  0.2823E-02 -0.4042E+01  0.0000E+00      -1  -0.162E+00   20.00
  59   -58.0000     -29.270 0.3485   0.9685E+00  0.2692E-02 -0.3961E+01  0.0000E+00      -1  -0.159E+00   20.00
  60   -59.0000     -32.759 0.3396   0.7736E+00  0.2523E-02 -0.3837E+01  0.0000E+00      -1  -0.154E+00   20.00
  61   -60.0000     -37.476 0.3280   0.5429E+00  0.2297E-02 -0.3667E+01  0.0000E+00      -1  -0.147E+00   20.00
  62   -61.0000     -44.264 0.3138   0.3742E+00  0.2017E-02 -0.3420E+01  0.0000E+00      -1  -0.137E+00   20.00
  63   -62.0000     -54.276 0.2957   0.2197E+00  0.1672E-02 -0.3051E+01  0.0000E+00      -1  -0.122E+00   20.00
  64   -63.0000     -70.824 0.2719   0.1030E+00  0.1255E-02 -0.2506E+01  0.0000E+00      -1  -0.100E+00   20.00
  65   -64.0000    -101.635 0.2414   0.3415E-01  0.8030E-03 -0.1752E+01  0.0000E+00      -1  -0.702E-01   20.00
  66   -65.0000    -164.217 0.2059   0.7489E-02  0.4164E-03 -0.8765E+00  0.0000E+00      -1  -0.351E-01   20.00
  67   -66.0000    -256.638 0.1786   0.1701E-02  0.2158E-03 -0.2421E+00  0.0000E+00      -1  -0.970E-02   20.00
  68   -67.0000    -295.382 0.1711   0.1060E-02  0.1741E-03 -0.3013E-01  0.0000E+00      -1  -0.121E-02   20.00
  69   -68.0000    -299.641 0.1703   0.9898E-03  0.1695E-03 -0.3353E-02  0.0000E+00      -1  -0.134E-03   20.00
  70   -69.0000    -299.974 0.1702   0.9843E-03  0.1691E-03 -0.1162E-02  0.0000E+00      -1  -0.465E-04   20.00
  71   -70.0000    -299.998 0.1702   0.9839E-03  0.1691E-03 -0.9968E-03  0.0000E+00      -1  -0.399E-04   20.00
  72   -71.0000    -300.000 0.1702   0.9839E-03  0.1691E-03 -0.9848E-03  0.0000E+00      -1  -0.395E-04   20.00
  73   -72.0000    -300.000 0.1702   0.9839E-03  0.1691E-03 -0.9839E-03  0.0000E+00      -1  -0.394E-04   20.00
  74   -73.0000    -300.000 0.1702   0.9839E-03  0.1691E-03 -0.9839E-03  0.0000E+00      -1  -0.394E-04   20.00
  75   -74.0000    -300.000 0.1702   0.9839E-03  0.1691E-03 -0.9839E-03  0.0000E+00      -1  -0.394E-04   20.00
  76   -75.0000    -300.000 0.1702   0.9839E-03  0.1691E-03 -0.9839E-03  0.0000E+00      -1  -0.394E-04   20.00
  77   -76.0000    -300.000 0.1702   0.9839E-03  0.1691E-03 -0.9839E-03  0.0000E+00      -1  -0.394E-04   20.00
  78   -77.0000    -300.000 0.1702   0.9839E-03  0.1691E-03 -0.9839E-03  0.0000E+00      -1  -0.394E-04   20.00
  79   -78.0000    -300.000 0.1702   0.9839E-03  0.1691E-03 -0.9839E-03  0.0000E+00      -1  -0.394E-04   20.00
  80   -79.0000    -300.000 0.1702   0.9839E-03  0.1691E-03 -0.9839E-03  0.0000E+00      -1  -0.394E-04   20.00
  81   -80.0000    -300.000 0.1702   0.9839E-03  0.1691E-03 -0.9839E-03  0.0000E+00      -1  -0.394E-04   20.00
  82   -81.0000    -300.000 0.1702   0.9839E-03  0.1691E-03 -0.9839E-03  0.0000E+00      -1  -0.394E-04   20.00
  83   -82.0000    -300.000 0.1702   0.9839E-03  0.1691E-03 -0.9839E-03  0.0000E+00      -1  -0.394E-04   20.00
  84   -83.0000    -300.000 0.1702   0.9839E-03  0.1691E-03 -0.9839E-03  0.0000E+00      -1  -0.394E-04   20.00
  85   -84.0000    -300.000 0.1702   0.9839E-03  0.1691E-03 -0.9839E-03  0.0000E+00      -1  -0.394E-04   20.00
  86   -85.0000    -300.000 0.1702   0.9839E-03  0.1691E-03 -0.9839E-03  0.0000E+00      -1  -0.394E-04   20.00
  87   -86.0000    -300.000 0.1702   0.9839E-03  0.1691E-03 -0.9839E-03  0.0000E+00      -1  -0.394E-04   20.00
  88   -87.0000    -300.000 0.1702   0.9839E-03  0.1691E-03 -0.9839E-03  0.0000E+00      -1  -0.394E-04   20.00
  89   -88.0000    -300.000 0.1702   0.9839E-03  0.1691E-03 -0.9839E-03  0.0000E+00      -1  -0.394E-04   20.00
  90   -89.0000    -300.000 0.1702   0.9839E-03  0.1691E-03 -0.9839E-03  0.0000E+00      -1  -0.394E-04   20.00
  91   -90.0000    -300.000 0.1702   0.9839E-03  0.1691E-03 -0.9839E-03  0.0000E+00      -1  -0.394E-04   20.00
  92   -91.0000    -300.000 0.1702   0.9839E-03  0.1691E-03 -0.9839E-03  0.0000E+00      -1  -0.394E-04   20.00
  93   -92.0000    -300.000 0.1702   0.9839E-03  0.1691E-03 -0.9839E-03  0.0000E+00      -1  -0.394E-04   20.00
  94   -93.0000    -300.000 0.1702   0.9839E-03  0.1691E-03 -0.9839E-03  0.0000E+00      -1  -0.394E-04   20.00
  95   -94.0000    -300.000 0.1702   0.9839E-03  0.1691E-03 -0.9839E-03  0.0000E+00      -1  -0.394E-04   20.00
  96   -95.0000    -300.000 0.1702   0.9839E-03  0.1691E-03 -0.9839E-03  0.0000E+00      -1  -0.394E-04   20.00
  97   -96.0000    -300.000 0.1702   0.9839E-03  0.1691E-03 -0.9839E-03  0.0000E+00      -1  -0.394E-04   20.00
  98   -97.0000    -300.000 0.1702   0.9839E-03  0.1691E-03 -0.9839E-03  0.0000E+00      -1  -0.394E-04   20.00
  99   -98.0000    -300.000 0.1702   0.9839E-03  0.1691E-03 -0.9839E-03  0.0000E+00      -1  -0.394E-04   20.00
 100   -99.0000    -300.000 0.1702   0.9839E-03  0.1691E-03 -0.9839E-03  0.0000E+00      -1  -0.394E-04   20.00
 101  -100.0000    -300.000 0.1702   0.9839E-03  0.1691E-03 -0.9839E-03  0.0000E+00      -1  -0.394E-04   20.00
end


 Time:        0.8500


 Node      Depth      Head Moisture       K          C         Flux        Sink         Kappa   v/KsTop   Temp
           [L]        [L]    [-]        [L/T]      [1/L]      [L/T]        [1/T]         [-]      [-]      [C]

   1     0.0000     -30.337 0.3456   0.8919E+00  0.2640E-02 -0.1043E-05  0.0000E+00      -1  -0.418E-07   20.00
   2    -1.0000     -29.373 0.3482   0.9589E+00  0.2686E-02 -0.7242E-01  0.0000E+00      -1  -0.290E-02   20.00
   3    -2.0000     -28.484 0.3507   0.1040E+01  0.2730E-02 -0.1494E+00  0.0000E+00      -1  -0.598E-02   20.00
   4    -3.0000     -27.658 0.3530   0.1116E+01  0.2770E-02 -0.2261E+00  0.0000E+00      -1  -0.906E-02   20.00
   5    -4.0000     -26.888 0.3552   0.1187E+01  0.2808E-02 -0.3025E+00  0.0000E+00      -1  -0.121E-01   20.00
   6    -5.0000     -26.167 0.3572   0.1253E+01  0.2843E-02 -0.3786E+00  0.0000E+00      -1  -0.152E-01   20.00
   7    -6.0000     -25.492 0.3591   0.1315E+01  0.2876E-02 -0.4543E+00  0.0000E+00      -1  -0.182E-01   20.00
   8    -7.0000     -24.858 0.3609   0.1373E+01  0.2907E-02 -0.5294E+00  0.0000E+00      -1  -0.212E-01   20.00
   9    -8.0000     -24.263 0.3626   0.1428E+01  0.2936E-02 -0.6039E+00  0.0000E+00      -1  -0.242E-01   20.00
  10    -9.0000     -23.704 0.3641   0.1479E+01  0.2964E-02 -0.6802E+00  0.0000E+00      -1  -0.272E-01   20.00
  11   -10.0000     -23.177 0.3657   0.1559E+01  0.2985E-02 -0.7595E+00  0.0000E+00      -1  -0.304E-01   20.00
  12   -11.0000     -22.678 0.3673   0.1638E+01  0.3005E-02 -0.8397E+00  0.0000E+00      -1  -0.336E-01   20.00
  13   -12.0000     -22.202 0.3687   0.1714E+01  0.3024E-02 -0.9198E+00  0.0000E+00      -1  -0.369E-01   20.00
  14   -13.0000     -21.751 0.3701   0.1786E+01  0.3042E-02 -0.9996E+00  0.0000E+00      -1  -0.400E-01   20.00
  15   -14.0000     -21.322 0.3714   0.1854E+01  0.3059E-02 -0.1079E+01  0.0000E+00      -1  -0.432E-01   20.00
  16   -15.0000     -20.915 0.3727   0.1919E+01  0.3076E-02 -0.1158E+01  0.0000E+00      -1  -0.464E-01   20.00
  17   -16.0000     -20.529 0.3739   0.1980E+01  0.3091E-02 -0.1236E+01  0.0000E+00      -1  -0.495E-01   20.00
  18   -17.0000     -20.163 0.3750   0.2039E+01  0.3106E-02 -0.1313E+01  0.0000E+00      -1  -0.526E-01   20.00
  19   -18.0000     -19.818 0.3761   0.2094E+01  0.3119E-02 -0.1390E+01  0.0000E+00      -1  -0.557E-01   20.00
  20   -19.0000     -19.491 0.3771   0.2146E+01  0.3132E-02 -0.1466E+01  0.0000E+00      -1  -0.587E-01   20.00
  21   -20.0000     -19.184 0.3780   0.2195E+01  0.3145E-02 -0.1541E+01  0.0000E+00      -1  -0.617E-01   20.00
  22   -21.0000     -18.896 0.3789   0.2240E+01  0.3156E-02 -0.1615E+01  0.0000E+00      -1  -0.647E-01   20.00
  23   -22.0000     -18.624 0.3797   0.2295E+01  0.3165E-02 -0.1689E+01  0.0000E+00      -1  -0.677E-01   20.00
  24   -23.0000     -18.366 0.3806   0.2361E+01  0.3170E-02 -0.1766E+01  0.0000E+00      -1  -0.708E-01   20.00
  25   -24.0000     -18.120 0.3814   0.2424E+01  0.3174E-02 -0.1843E+01  0.0000E+00      -1  -0.738E-01   20.00
  26   -25.0000     -17.887 0.3821   0.2484E+01  0.3179E-02 -0.1920E+01  0.0000E+00      -1  -0.769E-01   20.00
  27   -26.0000     -17.666 0.3828   0.2541E+01  0.3183E-02 -0.1997E+01  0.0000E+00      -1  -0.800E-01   20.00
  28   -27.0000     -17.459 0.3835   0.2594E+01  0.3187E-02 -0.2074E+01  0.0000E+00      -1  -0.831E-01   20.00
  29   -28.0000     -17.265 0.3841   0.2644E+01  0.3191E-02 -0.2150E+01  0.0000E+00      -1  -0.861E-01   20.00
  30   -29.0000     -17.086 0.3847   0.2690E+01  0.3194E-02 -0.2226E+01  0.0000E+00      -1  -0.892E-01   20.00
  31   -30.0000     -16.921 0.3852   0.2732E+01  0.3197E-02 -0.2302E+01  0.0000E+00      -1  -0.922E-01   20.00
  32   -31.0000     -16.772 0.3857   0.2770E+01  0.3200E-02 -0.2377E+01  0.0000E+00      -1  -0.953E-01   20.00
  33   -32.0000     -16.638 0.3861   0.2805E+01  0.3203E-02 -0.2452E+01  0.0000E+00      -1  -0.982E-01   20.00
  34   -33.0000     -16.521 0.3865   0.2835E+01  0.3205E-02 -0.2526E+01  0.0000E+00      -1  -0.101E+00   20.00
  35   -34.0000     -16.421 0.3868   0.2860E+01  0.3207E-02 -0.2599E+01  0.0000E+00      -1  -0.104E+00   20.00
  36   -35.0000     -16.339 0.3871   0.2881E+01  0.3208E-02 -0.2671E+01  0.0000E+00      -1  -0.107E+00   20.00
  37   -36.0000     -16.276 0.3873   0.2898E+01  0.3210E-02 -0.2742E+01  0.0000E+00      -1  -0.110E+00   20.00
  38   -37.0000     -16.233 0.3874   0.2909E+01  0.3211E-02 -0.2812E+01  0.0000E+00      -1  -0.113E+00   20.00
  39   -38.0000     -16.211 0.3875   0.2914E+01  0.3211E-02 -0.2881E+01  0.0000E+00      -1  -0.115E+00   20.00
  40   -39.0000     -16.211 0.3875   0.2914E+01  0.3211E-02 -0.2949E+01  0.0000E+00      -1  -0.118E+00   20.00
  41   -40.0000     -16.236 0.3874   0.2908E+01  0.3210E-02 -0.3016E+01  0.0000E+00      -1  -0.121E+00   20.00
  42   -41.0000     -16.287 0.3872   0.2895E+01  0.3210E-02 -0.3080E+01  0.0000E+00      -1  -0.123E+00   20.00
  43   -42.0000     -16.366 0.3870   0.2875E+01  0.3208E-02 -0.3144E+01  0.0000E+00      -1  -0.126E+00   20.00
  44   -43.0000     -16.476 0.3866   0.2846E+01  0.3206E-02 -0.3205E+01  0.0000E+00      -1  -0.128E+00   20.00
  45   -44.0000     -16.620 0.3862   0.2809E+01  0.3203E-02 -0.3265E+01  0.0000E+00      -1  -0.131E+00   20.00
  46   -45.0000     -16.803 0.3856   0.2762E+01  0.3200E-02 -0.3323E+01  0.0000E+00      -1  -0.133E+00   20.00
  47   -46.0000     -17.029 0.3849   0.2704E+01  0.3195E-02 -0.3379E+01  0.0000E+00      -1  -0.135E+00   20.00
  48   -47.0000     -17.305 0.3840   0.2633E+01  0.3190E-02 -0.3432E+01  0.0000E+00      -1  -0.138E+00   20.00
  49   -48.0000     -17.640 0.3829   0.2547E+01  0.3184E-02 -0.3483E+01  0.0000E+00      -1  -0.140E+00   20.00
  50   -49.0000     -18.046 0.3816   0.2443E+01  0.3176E-02 -0.3531E+01  0.0000E+00      -1  -0.141E+00   20.00
  51   -50.0000     -18.540 0.3800   0.2317E+01  0.3166E-02 -0.3577E+01  0.0000E+00      -1  -0.143E+00   20.00
  52   -51.0000     -19.132 0.3782   0.2203E+01  0.3147E-02 -0.3617E+01  0.0000E+00      -1  -0.145E+00   20.00
  53   -52.0000     -19.825 0.3760   0.2092E+01  0.3119E-02 -0.3652E+01  0.0000E+00      -1  -0.146E+00   20.00
  54   -53.0000     -20.633 0.3736   0.1964E+01  0.3087E-02 -0.3678E+01  0.0000E+00      -1  -0.147E+00   20.00
  55   -54.0000     -21.588 0.3706   0.1812E+01  0.3049E-02 -0.3697E+01  0.0000E+00      -1  -0.148E+00   20.00
  56   -55.0000     -22.741 0.3671   0.1628E+01  0.3003E-02 -0.3704E+01  0.0000E+00      -1  -0.148E+00   20.00
  57   -56.0000     -24.158 0.3629   0.1437E+01  0.2942E-02 -0.3698E+01  0.0000E+00      -1  -0.148E+00   20.00
  58   -57.0000     -25.876 0.3580   0.1280E+01  0.2858E-02 -0.3676E+01  0.0000E+00      -1  -0.147E+00   20.00
  59   -58.0000     -27.967 0.3521   0.1088E+01  0.2755E-02 -0.3630E+01  0.0000E+00      -1  -0.145E+00   20.00
  60   -59.0000     -30.631 0.3449   0.8776E+00  0.2626E-02 -0.3558E+01  0.0000E+00      -1  -0.143E+00   20.00
  61   -60.0000     -34.060 0.3364   0.7098E+00  0.2461E-02 -0.3451E+01  0.0000E+00      -1  -0.138E+00   20.00
  62   -61.0000     -38.608 0.3256   0.5110E+00  0.2249E-02 -0.3306E+01  0.0000E+00      -1  -0.132E+00   20.00
  63   -62.0000     -45.057 0.3122   0.3549E+00  0.1985E-02 -0.3098E+01  0.0000E+00      -1  -0.124E+00   20.00
  64   -63.0000     -54.428 0.2954   0.2180E+00  0.1667E-02 -0.2784E+01  0.0000E+00      -1  -0.112E+00   20.00
  65   -64.0000     -69.238 0.2740   0.1107E+00  0.1290E-02 -0.2315E+01  0.0000E+00      -1  -0.927E-01   20.00
  66   -65.0000     -95.265 0.2461   0.3960E-01  0.8628E-03 -0.1681E+01  0.0000E+00      -1  -0.673E-01   20.00
  67   -66.0000    -147.496 0.2130   0.1038E-01  0.4814E-03 -0.9447E+00  0.0000E+00      -1  -0.378E-01   20.00
  68   -67.0000    -235.009 0.1834   0.2253E-02  0.2446E-03 -0.3275E+00  0.0000E+00      -1  -0.131E-01   20.00
  69   -68.0000    -290.607 0.1720   0.1139E-02  0.1792E-03 -0.5310E-01  0.0000E+00      -1  -0.213E-02   20.00
  70   -69.0000    -299.150 0.1704   0.9979E-03  0.1700E-03 -0.5981E-02  0.0000E+00      -1  -0.240E-03   20.00
  71   -70.0000    -299.930 0.1702   0.9851E-03  0.1692E-03 -0.1406E-02  0.0000E+00      -1  -0.563E-04   20.00
  72   -71.0000    -299.995 0.1702   0.9840E-03  0.1691E-03 -0.1018E-02  0.0000E+00      -1  -0.408E-04   20.00
  73   -72.0000    -300.000 0.1702   0.9839E-03  0.1691E-03 -0.9866E-03  0.0000E+00      -1  -0.395E-04   20.00
  74   -73.0000    -300.000 0.1702   0.9839E-03  0.1691E-03 -0.9841E-03  0.0000E+00      -1  -0.394E-04   20.00
  75   -74.0000    -300.000 0.1702   0.9839E-03  0.1691E-03 -0.9839E-03  0.0000E+00      -1  -0.394E-04   20.00
  76   -75.0000    -300.000 0.1702   0.9839E-03  0.1691E-03 -0.9839E-03  0.0000E+00      -1  -0.394E-04   20.00
  77   -76.0000    -300.000 0.1702   0.9839E-03  0.1691E-03 -0.9839E-03  0.0000E+00      -1  -0.394E-04   20.00
  78   -77.0000    -300.000 0.1702   0.9839E-03  0.1691E-03 -0.9839E-03  0.0000E+00      -1  -0.394E-04   20.00
  79   -78.0000    -300.000 0.1702   0.9839E-03  0.1691E-03 -0.9839E-03  0.0000E+00      -1  -0.394E-04   20.00
  80   -79.0000    -300.000 0.1702   0.9839E-03  0.1691E-03 -0.9839E-03  0.0000E+00      -1  -0.394E-04   20.00
  81   -80.0000    -300.000 0.1702   0.9839E-03  0.1691E-03 -0.9839E-03  0.0000E+00      -1  -0.394E-04   20.00
  82   -81.0000    -300.000 0.1702   0.9839E-03  0.1691E-03 -0.9839E-03  0.0000E+00      -1  -0.394E-04   20.00
  83   -82.0000    -300.000 0.1702   0.9839E-03  0.1691E-03 -0.9839E-03  0.0000E+00      -1  -0.394E-04   20.00
  84   -83.0000    -300.000 0.1702   0.9839E-03  0.1691E-03 -0.9839E-03  0.0000E+00      -1  -0.394E-04   20.00
  85   -84.0000    -300.000 0.1702   0.9839E-03  0.1691E-03 -0.9839E-03  0.0000E+00      -1  -0.394E-04   20.00
  86   -85.0000    -300.000 0.1702   0.9839E-03  0.1691E-03 -0.9839E-03  0.0000E+00      -1  -0.394E-04   20.00
  87   -86.0000    -300.000 0.1702   0.9839E-03  0.1691E-03 -0.9839E-03  0.0000E+00      -1  -0.394E-04   20.00
  88   -87.0000    -300.000 0.1702   0.9839E-03  0.1691E-03 -0.9839E-03  0.0000E+00      -1  -0.394E-04   20.00
  89   -88.0000    -300.000 0.1702   0.9839E-03  0.1691E-03 -0.9839E-03  0.0000E+00      -1  -0.394E-04   20.00
  90   -89.0000    -300.000 0.1702   0.9839E-03  0.1691E-03 -0.9839E-03  0.0000E+00      -1  -0.394E-04   20.00
  91   -90.0000    -300.000 0.1702   0.9839E-03  0.1691E-03 -0.9839E-03  0.0000E+00      -1  -0.394E-04   20.00
  92   -91.0000    -300.000 0.1702   0.9839E-03  0.1691E-03 -0.9839E-03  0.0000E+00      -1  -0.394E-04   20.00
  93   -92.0000    -300.000 0.1702   0.9839E-03  0.1691E-03 -0.9839E-03  0.0000E+00      -1  -0.394E-04   20.00
  94   -93.0000    -300.000 0.1702   0.9839E-03  0.1691E-03 -0.9839E-03  0.0000E+00      -1  -0.394E-04   20.00
  95   -94.0000    -300.000 0.1702   0.9839E-03  0.1691E-03 -0.9839E-03  0.0000E+00      -1  -0.394E-04   20.00
  96   -95.0000    -300.000 0.1702   0.9839E-03  0.1691E-03 -0.9839E-03  0.0000E+00      -1  -0.394E-04   20.00
  97   -96.0000    -300.000 0.1702   0.9839E-03  0.1691E-03 -0.9839E-03  0.0000E+00      -1  -0.394E-04   20.00
  98   -97.0000    -300.000 0.1702   0.9839E-03  0.1691E-03 -0.9839E-03  0.0000E+00      -1  -0.394E-04   20.00
  99   -98.0000    -300.000 0.1702   0.9839E-03  0.1691E-03 -0.9839E-03  0.0000E+00      -1  -0.394E-04   20.00
 100   -99.0000    -300.000 0.1702   0.9839E-03  0.1691E-03 -0.9839E-03  0.0000E+00      -1  -0.394E-04   20.00
 101  -100.0000    -300.000 0.1702   0.9839E-03  0.1691E-03 -0.9839E-03  0.0000E+00      -1  -0.394E-04   20.00
end


 Time:        0.9000


 Node      Depth      Head Moisture       K          C         Flux        Sink         Kappa   v/KsTop   Temp
           [L]        [L]    [-]        [L/T]      [1/L]      [L/T]        [1/T]         [-]      [-]      [C]

   1     0.0000     -31.640 0.3424   0.8281E+00  0.2577E-02  0.5588E-08  0.0000E+00      -1   0.224E-09   20.00
   2    -1.0000     -30.677 0.3448   0.8753E+00  0.2623E-02 -0.6153E-01  0.0000E+00      -1  -0.246E-02   20.00
   3    -2.0000     -29.779 0.3470   0.9216E+00  0.2667E-02 -0.1272E+00  0.0000E+00      -1  -0.510E-02   20.00
   4    -3.0000     -28.948 0.3494   0.9978E+00  0.2707E-02 -0.1970E+00  0.0000E+00      -1  -0.789E-02   20.00
   5    -4.0000     -28.172 0.3516   0.1069E+01  0.2745E-02 -0.2666E+00  0.0000E+00      -1  -0.107E-01   20.00
   6    -5.0000     -27.446 0.3536   0.1136E+01  0.2781E-02 -0.3360E+00  0.0000E+00      -1  -0.135E-01   20.00
   7    -6.0000     -26.764 0.3555   0.1198E+01  0.2814E-02 -0.4052E+00  0.0000E+00      -1  -0.162E-01   20.00
   8    -7.0000     -26.122 0.3573   0.1257E+01  0.2846E-02 -0.4740E+00  0.0000E+00      -1  -0.190E-01   20.00
   9    -8.0000     -25.517 0.3590   0.1312E+01  0.2875E-02 -0.5423E+00  0.0000E+00      -1  -0.217E-01   20.00
  10    -9.0000     -24.948 0.3606   0.1365E+01  0.2903E-02 -0.6102E+00  0.0000E+00      -1  -0.244E-01   20.00
  11   -10.0000     -24.412 0.3622   0.1414E+01  0.2929E-02 -0.6776E+00  0.0000E+00      -1  -0.271E-01   20.00
  12   -11.0000     -23.906 0.3636   0.1460E+01  0.2954E-02 -0.7445E+00  0.0000E+00      -1  -0.298E-01   20.00
  13   -12.0000     -23.429 0.3650   0.1519E+01  0.2975E-02 -0.8137E+00  0.0000E+00      -1  -0.326E-01   20.00
  14   -13.0000     -22.975 0.3664   0.1591E+01  0.2993E-02 -0.8856E+00  0.0000E+00      -1  -0.355E-01   20.00
  15   -14.0000     -22.542 0.3677   0.1660E+01  0.3011E-02 -0.9575E+00  0.0000E+00      -1  -0.384E-01   20.00
  16   -15.0000     -22.129 0.3690   0.1726E+01  0.3027E-02 -0.1029E+01  0.0000E+00      -1  -0.412E-01   20.00
  17   -16.0000     -21.735 0.3702   0.1788E+01  0.3043E-02 -0.1101E+01  0.0000E+00      -1  -0.441E-01   20.00
  18   -17.0000     -21.360 0.3713   0.1848E+01  0.3058E-02 -0.1172E+01  0.0000E+00      -1  -0.470E-01   20.00
  19   -18.0000     -21.004 0.3724   0.1905E+01  0.3072E-02 -0.1243E+01  0.0000E+00      -1  -0.498E-01   20.00
  20   -19.0000     -20.665 0.3735   0.1959E+01  0.3086E-02 -0.1313E+01  0.0000E+00      -1  -0.526E-01   20.00
  21   -20.0000     -20.344 0.3744   0.2010E+01  0.3098E-02 -0.1382E+01  0.0000E+00      -1  -0.554E-01   20.00
  22   -21.0000     -20.041 0.3754   0.2058E+01  0.3110E-02 -0.1451E+01  0.0000E+00      -1  -0.581E-01   20.00
  23   -22.0000     -19.755 0.3763   0.2104E+01  0.3122E-02 -0.1519E+01  0.0000E+00      -1  -0.609E-01   20.00
  24   -23.0000     -19.485 0.3771   0.2147E+01  0.3133E-02 -0.1586E+01  0.0000E+00      -1  -0.635E-01   20.00
  25   -24.0000     -19.233 0.3779   0.2187E+01  0.3143E-02 -0.1652E+01  0.0000E+00      -1  -0.662E-01   20.00
  26   -25.0000     -18.996 0.3786   0.2224E+01  0.3152E-02 -0.1717E+01  0.0000E+00      -1  -0.688E-01   20.00
  27   -26.0000     -18.777 0.3793   0.2259E+01  0.3161E-02 -0.1782E+01  0.0000E+00      -1  -0.714E-01   20.00
  28   -27.0000     -18.572 0.3799   0.2308E+01  0.3166E-02 -0.1849E+01  0.0000E+00      -1  -0.741E-01   20.00
  29   -28.0000     -18.378 0.3805   0.2358E+01  0.3169E-02 -0.1916E+01  0.0000E+00      -1  -0.768E-01   20.00
  30   -29.0000     -18.197 0.3811   0.2404E+01  0.3173E-02 -0.1984E+01  0.0000E+00      -1  -0.795E-01   20.00
  31   -30.0000     -18.029 0.3817   0.2448E+01  0.3176E-02 -0.2051E+01  0.0000E+00      -1  -0.822E-01   20.00
  32   -31.0000     -17.874 0.3822   0.2487E+01  0.3179E-02 -0.2118E+01  0.0000E+00      -1  -0.849E-01   20.00
  33   -32.0000     -17.733 0.3826   0.2524E+01  0.3182E-02 -0.2186E+01  0.0000E+00      -1  -0.876E-01   20.00
  34   -33.0000     -17.606 0.3830   0.2556E+01  0.3184E-02 -0.2252E+01  0.0000E+00      -1  -0.902E-01   20.00
  35   -34.0000     -17.495 0.3834   0.2585E+01  0.3186E-02 -0.2319E+01  0.0000E+00      -1  -0.929E-01   20.00
  36   -35.0000     -17.401 0.3837   0.2609E+01  0.3188E-02 -0.2384E+01  0.0000E+00      -1  -0.955E-01   20.00
  37   -36.0000     -17.324 0.3839   0.2629E+01  0.3190E-02 -0.2449E+01  0.0000E+00      -1  -0.981E-01   20.00
  38   -37.0000     -17.266 0.3841   0.2644E+01  0.3191E-02 -0.2514E+01  0.0000E+00      -1  -0.101E+00   20.00
  39   -38.0000     -17.227 0.3842   0.2654E+01  0.3191E-02 -0.2577E+01  0.0000E+00      -1  -0.103E+00   20.00
  40   -39.0000     -17.209 0.3843   0.2658E+01  0.3192E-02 -0.2639E+01  0.0000E+00      -1  -0.106E+00   20.00
  41   -40.0000     -17.213 0.3843   0.2657E+01  0.3192E-02 -0.2700E+01  0.0000E+00      -1  -0.108E+00   20.00
  42   -41.0000     -17.243 0.3842   0.2649E+01  0.3191E-02 -0.2760E+01  0.0000E+00      -1  -0.111E+00   20.00
  43   -42.0000     -17.299 0.3840   0.2635E+01  0.3190E-02 -0.2819E+01  0.0000E+00      -1  -0.113E+00   20.00
  44   -43.0000     -17.384 0.3837   0.2613E+01  0.3188E-02 -0.2876E+01  0.0000E+00      -1  -0.115E+00   20.00
  45   -44.0000     -17.502 0.3833   0.2583E+01  0.3186E-02 -0.2932E+01  0.0000E+00      -1  -0.117E+00   20.00
  46   -45.0000     -17.657 0.3828   0.2543E+01  0.3183E-02 -0.2987E+01  0.0000E+00      -1  -0.120E+00   20.00
  47   -46.0000     -17.854 0.3822   0.2493E+01  0.3179E-02 -0.3040E+01  0.0000E+00      -1  -0.122E+00   20.00
  48   -47.0000     -18.099 0.3814   0.2430E+01  0.3175E-02 -0.3091E+01  0.0000E+00      -1  -0.124E+00   20.00
  49   -48.0000     -18.403 0.3805   0.2352E+01  0.3169E-02 -0.3141E+01  0.0000E+00      -1  -0.126E+00   20.00
  50   -49.0000     -18.776 0.3793   0.2260E+01  0.3161E-02 -0.3188E+01  0.0000E+00      -1  -0.128E+00   20.00
  51   -50.0000     -19.220 0.3779   0.2189E+01  0.3143E-02 -0.3232E+01  0.0000E+00      -1  -0.130E+00   20.00
  52   -51.0000     -19.734 0.3763   0.2107E+01  0.3123E-02 -0.3272E+01  0.0000E+00      -1  -0.131E+00   20.00
  53   -52.0000     -20.332 0.3745   0.2012E+01  0.3099E-02 -0.3306E+01  0.0000E+00      -1  -0.132E+00   20.00
  54   -53.0000     -21.030 0.3723   0.1901E+01  0.3071E-02 -0.3335E+01  0.0000E+00      -1  -0.134E+00   20.00
  55   -54.0000     -21.854 0.3698   0.1769E+01  0.3038E-02 -0.3357E+01  0.0000E+00      -1  -0.134E+00   20.00
  56   -55.0000     -22.846 0.3668   0.1612E+01  0.2999E-02 -0.3372E+01  0.0000E+00      -1  -0.135E+00   20.00
  57   -56.0000     -24.054 0.3632   0.1447E+01  0.2947E-02 -0.3376E+01  0.0000E+00      -1  -0.135E+00   20.00
  58   -57.0000     -25.500 0.3591   0.1314E+01  0.2876E-02 -0.3369E+01  0.0000E+00      -1  -0.135E+00   20.00
  59   -58.0000     -27.222 0.3542   0.1156E+01  0.2792E-02 -0.3348E+01  0.0000E+00      -1  -0.134E+00   20.00
  60   -59.0000     -29.373 0.3482   0.9589E+00  0.2686E-02 -0.3304E+01  0.0000E+00      -1  -0.132E+00   20.00
  61   -60.0000     -32.085 0.3413   0.8064E+00  0.2556E-02 -0.3237E+01  0.0000E+00      -1  -0.130E+00   20.00
  62   -61.0000     -35.510 0.3328   0.6389E+00  0.2391E-02 -0.3136E+01  0.0000E+00      -1  -0.126E+00   20.00
  63   -62.0000     -40.023 0.3226   0.4768E+00  0.2191E-02 -0.3000E+01  0.0000E+00      -1  -0.120E+00   20.00
  64   -63.0000     -46.327 0.3095   0.3241E+00  0.1933E-02 -0.2814E+01  0.0000E+00      -1  -0.113E+00   20.00
  65   -64.0000     -55.529 0.2936   0.2057E+00  0.1633E-02 -0.2541E+01  0.0000E+00      -1  -0.102E+00   20.00
  66   -65.0000     -69.669 0.2734   0.1087E+00  0.1280E-02 -0.2142E+01  0.0000E+00      -1  -0.858E-01   20.00
  67   -66.0000     -93.890 0.2475   0.4241E-01  0.8829E-03 -0.1612E+01  0.0000E+00      -1  -0.646E-01   20.00
  68   -67.0000    -141.006 0.2165   0.1242E-01  0.5172E-03 -0.9740E+00  0.0000E+00      -1  -0.390E-01   20.00
  69   -68.0000    -222.672 0.1868   0.2805E-02  0.2679E-03 -0.3791E+00  0.0000E+00      -1  -0.152E-01   20.00
  70   -69.0000    -285.933 0.1729   0.1216E-02  0.1842E-03 -0.7218E-01  0.0000E+00      -1  -0.289E-02   20.00
  71   -70.0000    -298.568 0.1705   0.1008E-02  0.1706E-03 -0.8728E-02  0.0000E+00      -1  -0.350E-03   20.00
  72   -71.0000    -299.872 0.1702   0.9860E-03  0.1692E-03 -0.1698E-02  0.0000E+00      -1  -0.680E-04   20.00
  73   -72.0000    -299.989 0.1702   0.9841E-03  0.1691E-03 -0.1047E-02  0.0000E+00      -1  -0.420E-04   20.00
  74   -73.0000    -299.999 0.1702   0.9839E-03  0.1691E-03 -0.9894E-03  0.0000E+00      -1  -0.396E-04   20.00
  75   -74.0000    -300.000 0.1702   0.9839E-03  0.1691E-03 -0.9844E-03  0.0000E+00      -1  -0.394E-04   20.00
  76   -75.0000    -300.000 0.1702   0.9839E-03  0.1691E-03 -0.9839E-03  0.0000E+00      -1  -0.394E-04   20.00
  77   -76.0000    -300.000 0.1702   0.9839E-03  0.1691E-03 -0.9839E-03  0.0000E+00      -1  -0.394E-04   20.00
  78   -77.0000    -300.000 0.1702   0.9839E-03  0.1691E-03 -0.9839E-03  0.0000E+00      -1  -0.394E-04   20.00
  79   -78.0000    -300.000 0.1702   0.9839E-03  0.1691E-03 -0.9839E-03  0.0000E+00      -1  -0.394E-04   20.00
  80   -79.0000    -300.000 0.1702   0.9839E-03  0.1691E-03 -0.9839E-03  0.0000E+00      -1  -0.394E-04   20.00
  81   -80.0000    -300.000 0.1702   0.9839E-03  0.1691E-03 -0.9839E-03  0.0000E+00      -1  -0.394E-04   20.00
  82   -81.0000    -300.000 0.1702   0.9839E-03  0.1691E-03 -0.9839E-03  0.0000E+00      -1  -0.394E-04   20.00
  83   -82.0000    -300.000 0.1702   0.9839E-03  0.1691E-03 -0.9839E-03  0.0000E+00      -1  -0.394E-04   20.00
  84   -83.0000    -300.000 0.1702   0.9839E-03  0.1691E-03 -0.9839E-03  0.0000E+00      -1  -0.394E-04   20.00
  85   -84.0000    -300.000 0.1702   0.9839E-03  0.1691E-03 -0.9839E-03  0.0000E+00      -1  -0.394E-04   20.00
  86   -85.0000    -300.000 0.1702   0.9839E-03  0.1691E-03 -0.9839E-03  0.0000E+00      -1  -0.394E-04   20.00
  87   -86.0000    -300.000 0.1702   0.9839E-03  0.1691E-03 -0.9839E-03  0.0000E+00      -1  -0.394E-04   20.00
  88   -87.0000    -300.000 0.1702   0.9839E-03  0.1691E-03 -0.9839E-03  0.0000E+00      -1  -0.394E-04   20.00
  89   -88.0000    -300.000 0.1702   0.9839E-03  0.1691E-03 -0.9839E-03  0.0000E+00      -1  -0.394E-04   20.00
  90   -89.0000    -300.000 0.1702   0.9839E-03  0.1691E-03 -0.9839E-03  0.0000E+00      -1  -0.394E-04   20.00
  91   -90.0000    -300.000 0.1702   0.9839E-03  0.1691E-03 -0.9839E-03  0.0000E+00      -1  -0.394E-04   20.00
  92   -91.0000    -300.000 0.1702   0.9839E-03  0.1691E-03 -0.9839E-03  0.0000E+00      -1  -0.394E-04   20.00
  93   -92.0000    -300.000 0.1702   0.9839E-03  0.1691E-03 -0.9839E-03  0.0000E+00      -1  -0.394E-04   20.00
  94   -93.0000    -300.000 0.1702   0.9839E-03  0.1691E-03 -0.9839E-03  0.0000E+00      -1  -0.394E-04   20.00
  95   -94.0000    -300.000 0.1702   0.9839E-03  0.1691E-03 -0.9839E-03  0.0000E+00      -1  -0.394E-04   20.00
  96   -95.0000    -300.000 0.1702   0.9839E-03  0.1691E-03 -0.9839E-03  0.0000E+00      -1  -0.394E-04   20.00
  97   -96.0000    -300.000 0.1702   0.9839E-03  0.1691E-03 -0.9839E-03  0.0000E+00      -1  -0.394E-04   20.00
  98   -97.0000    -300.000 0.1702   0.9839E-03  0.1691E-03 -0.9839E-03  0.0000E+00      -1  -0.394E-04   20.00
  99   -98.0000    -300.000 0.1702   0.9839E-03  0.1691E-03 -0.9839E-03  0.0000E+00      -1  -0.394E-04   20.00
 100   -99.0000    -300.000 0.1702   0.9839E-03  0.1691E-03 -0.9839E-03  0.0000E+00      -1  -0.394E-04   20.00
 101  -100.0000    -300.000 0.1702   0.9839E-03  0.1691E-03 -0.9839E-03  0.0000E+00      -1  -0.394E-04   20.00
end


 Time:        0.9500


 Node      Depth      Head Moisture       K          C         Flux        Sink         Kappa   v/KsTop   Temp
           [L]        [L]    [-]        [L/T]      [1/L]      [L/T]        [1/T]         [-]      [-]      [C]

   1     0.0000     -32.838 0.3394   0.7696E+00  0.2519E-02  0.3055E-06  0.0000E+00      -1   0.122E-07   20.00
   2    -1.0000     -31.874 0.3418   0.8167E+00  0.2566E-02 -0.5727E-01  0.0000E+00      -1  -0.229E-02   20.00
   3    -2.0000     -30.977 0.3441   0.8606E+00  0.2609E-02 -0.1146E+00  0.0000E+00      -1  -0.459E-02   20.00
   4    -3.0000     -30.139 0.3461   0.9016E+00  0.2649E-02 -0.1721E+00  0.0000E+00      -1  -0.689E-02   20.00
   5    -4.0000     -29.355 0.3482   0.9606E+00  0.2687E-02 -0.2332E+00  0.0000E+00      -1  -0.934E-02   20.00
   6    -5.0000     -28.622 0.3503   0.1028E+01  0.2723E-02 -0.2976E+00  0.0000E+00      -1  -0.119E-01   20.00
   7    -6.0000     -27.933 0.3522   0.1091E+01  0.2757E-02 -0.3616E+00  0.0000E+00      -1  -0.145E-01   20.00
   8    -7.0000     -27.284 0.3541   0.1150E+01  0.2789E-02 -0.4253E+00  0.0000E+00      -1  -0.170E-01   20.00
   9    -8.0000     -26.672 0.3558   0.1207E+01  0.2819E-02 -0.4885E+00  0.0000E+00      -1  -0.196E-01   20.00
  10    -9.0000     -26.094 0.3574   0.1260E+01  0.2847E-02 -0.5513E+00  0.0000E+00      -1  -0.221E-01   20.00
  11   -10.0000     -25.547 0.3590   0.1310E+01  0.2874E-02 -0.6136E+00  0.0000E+00      -1  -0.246E-01   20.00
  12   -11.0000     -25.031 0.3604   0.1357E+01  0.2899E-02 -0.6753E+00  0.0000E+00      -1  -0.271E-01   20.00
  13   -12.0000     -24.542 0.3618   0.1402E+01  0.2923E-02 -0.7363E+00  0.0000E+00      -1  -0.295E-01   20.00
  14   -13.0000     -24.081 0.3631   0.1444E+01  0.2945E-02 -0.7965E+00  0.0000E+00      -1  -0.319E-01   20.00
  15   -14.0000     -23.645 0.3643   0.1484E+01  0.2967E-02 -0.8587E+00  0.0000E+00      -1  -0.344E-01   20.00
  16   -15.0000     -23.233 0.3656   0.1550E+01  0.2983E-02 -0.9236E+00  0.0000E+00      -1  -0.370E-01   20.00
  17   -16.0000     -22.838 0.3668   0.1613E+01  0.2999E-02 -0.9887E+00  0.0000E+00      -1  -0.396E-01   20.00
  18   -17.0000     -22.459 0.3680   0.1673E+01  0.3014E-02 -0.1054E+01  0.0000E+00      -1  -0.422E-01   20.00
  19   -18.0000     -22.097 0.3691   0.1731E+01  0.3028E-02 -0.1119E+01  0.0000E+00      -1  -0.448E-01   20.00
  20   -19.0000     -21.752 0.3701   0.1786E+01  0.3042E-02 -0.1183E+01  0.0000E+00      -1  -0.474E-01   20.00
  21   -20.0000     -21.423 0.3711   0.1838E+01  0.3055E-02 -0.1248E+01  0.0000E+00      -1  -0.500E-01   20.00
  22   -21.0000     -21.110 0.3721   0.1888E+01  0.3068E-02 -0.1312E+01  0.0000E+00      -1  -0.526E-01   20.00
  23   -22.0000     -20.813 0.3730   0.1935E+01  0.3080E-02 -0.1375E+01  0.0000E+00      -1  -0.551E-01   20.00
  24   -23.0000     -20.532 0.3739   0.1980E+01  0.3091E-02 -0.1438E+01  0.0000E+00      -1  -0.576E-01   20.00
  25   -24.0000     -20.266 0.3747   0.2022E+01  0.3102E-02 -0.1500E+01  0.0000E+00      -1  -0.601E-01   20.00
  26   -25.0000     -20.016 0.3755   0.2062E+01  0.3112E-02 -0.1562E+01  0.0000E+00      -1  -0.626E-01   20.00
  27   -26.0000     -19.781 0.3762   0.2099E+01  0.3121E-02 -0.1623E+01  0.0000E+00      -1  -0.650E-01   20.00
  28   -27.0000     -19.562 0.3769   0.2134E+01  0.3130E-02 -0.1683E+01  0.0000E+00      -1  -0.674E-01   20.00
  29   -28.0000     -19.358 0.3775   0.2167E+01  0.3138E-02 -0.1742E+01  0.0000E+00      -1  -0.698E-01   20.00
  30   -29.0000     -19.170 0.3781   0.2197E+01  0.3145E-02 -0.1800E+01  0.0000E+00      -1  -0.721E-01   20.00
  31   -30.0000     -18.997 0.3786   0.2224E+01  0.3152E-02 -0.1857E+01  0.0000E+00      -1  -0.744E-01   20.00
  32   -31.0000     -18.839 0.3791   0.2249E+01  0.3158E-02 -0.1913E+01  0.0000E+00      -1  -0.767E-01   20.00
  33   -32.0000     -18.698 0.3795   0.2276E+01  0.3163E-02 -0.1971E+01  0.0000E+00      -1  -0.790E-01   20.00
  34   -33.0000     -18.570 0.3799   0.2309E+01  0.3166E-02 -0.2029E+01  0.0000E+00      -1  -0.813E-01   20.00
  35   -34.0000     -18.456 0.3803   0.2338E+01  0.3168E-02 -0.2087E+01  0.0000E+00      -1  -0.836E-01   20.00
  36   -35.0000     -18.356 0.3806   0.2364E+01  0.3170E-02 -0.2145E+01  0.0000E+00      -1  -0.859E-01   20.00
  37   -36.0000     -18.272 0.3809   0.2385E+01  0.3171E-02 -0.2203E+01  0.0000E+00      -1  -0.883E-01   20.00
  38   -37.0000     -18.204 0.3811   0.2403E+01  0.3173E-02 -0.2261E+01  0.0000E+00      -1  -0.906E-01   20.00
  39   -38.0000     -18.154 0.3813   0.2415E+01  0.3174E-02 -0.2318E+01  0.0000E+00      -1  -0.929E-01   20.00
  40   -39.0000     -18.125 0.3813   0.2423E+01  0.3174E-02 -0.2375E+01  0.0000E+00      -1  -0.952E-01   20.00
  41   -40.0000     -18.116 0.3814   0.2425E+01  0.3174E-02 -0.2432E+01  0.0000E+00      -1  -0.974E-01   20.00
  42   -41.0000     -18.131 0.3813   0.2421E+01  0.3174E-02 -0.2487E+01  0.0000E+00      -1  -0.996E-01   20.00
  43   -42.0000     -18.172 0.3812   0.2411E+01  0.3173E-02 -0.2542E+01  0.0000E+00      -1  -0.102E+00   20.00
  44   -43.0000     -18.242 0.3810   0.2393E+01  0.3172E-02 -0.2597E+01  0.0000E+00      -1  -0.104E+00   20.00
  45   -44.0000     -18.344 0.3806   0.2367E+01  0.3170E-02 -0.2651E+01  0.0000E+00      -1  -0.106E+00   20.00
  46   -45.0000     -18.484 0.3802   0.2331E+01  0.3167E-02 -0.2704E+01  0.0000E+00      -1  -0.108E+00   20.00
  47   -46.0000     -18.668 0.3796   0.2284E+01  0.3164E-02 -0.2757E+01  0.0000E+00      -1  -0.110E+00   20.00
  48   -47.0000     -18.898 0.3789   0.2240E+01  0.3156E-02 -0.2808E+01  0.0000E+00      -1  -0.113E+00   20.00
  49   -48.0000     -19.175 0.3780   0.2196E+01  0.3145E-02 -0.2857E+01  0.0000E+00      -1  -0.114E+00   20.00
  50   -49.0000     -19.503 0.3770   0.2144E+01  0.3132E-02 -0.2902E+01  0.0000E+00      -1  -0.116E+00   20.00
  51   -50.0000     -19.886 0.3759   0.2083E+01  0.3117E-02 -0.2944E+01  0.0000E+00      -1  -0.118E+00   20.00
  52   -51.0000     -20.334 0.3745   0.2011E+01  0.3099E-02 -0.2982E+01  0.0000E+00      -1  -0.119E+00   20.00
  53   -52.0000     -20.857 0.3729   0.1928E+01  0.3078E-02 -0.3017E+01  0.0000E+00      -1  -0.121E+00   20.00
  54   -53.0000     -21.471 0.3710   0.1830E+01  0.3053E-02 -0.3047E+01  0.0000E+00      -1  -0.122E+00   20.00
  55   -54.0000     -22.198 0.3688   0.1715E+01  0.3024E-02 -0.3072E+01  0.0000E+00      -1  -0.123E+00   20.00
  56   -55.0000     -23.072 0.3661   0.1575E+01  0.2990E-02 -0.3091E+01  0.0000E+00      -1  -0.124E+00   20.00
  57   -56.0000     -24.128 0.3630   0.1440E+01  0.2943E-02 -0.3102E+01  0.0000E+00      -1  -0.124E+00   20.00
  58   -57.0000     -25.374 0.3594   0.1326E+01  0.2882E-02 -0.3104E+01  0.0000E+00      -1  -0.124E+00   20.00
  59   -58.0000     -26.838 0.3553   0.1191E+01  0.2811E-02 -0.3093E+01  0.0000E+00      -1  -0.124E+00   20.00
  60   -59.0000     -28.618 0.3503   0.1028E+01  0.2723E-02 -0.3067E+01  0.0000E+00      -1  -0.123E+00   20.00
  61   -60.0000     -30.835 0.3444   0.8676E+00  0.2616E-02 -0.3024E+01  0.0000E+00      -1  -0.121E+00   20.00
  62   -61.0000     -33.581 0.3376   0.7333E+00  0.2484E-02 -0.2960E+01  0.0000E+00      -1  -0.119E+00   20.00
  63   -62.0000     -37.092 0.3289   0.5616E+00  0.2315E-02 -0.2861E+01  0.0000E+00      -1  -0.115E+00   20.00
  64   -63.0000     -41.705 0.3191   0.4361E+00  0.2122E-02 -0.2719E+01  0.0000E+00      -1  -0.109E+00   20.00
  65   -64.0000     -47.965 0.3063   0.2904E+00  0.1870E-02 -0.2543E+01  0.0000E+00      -1  -0.102E+00   20.00
  66   -65.0000     -57.229 0.2907   0.1867E+00  0.1580E-02 -0.2305E+01  0.0000E+00      -1  -0.924E-01   20.00
  67   -66.0000     -71.270 0.2713   0.1008E+00  0.1245E-02 -0.1949E+01  0.0000E+00      -1  -0.781E-01   20.00
  68   -67.0000     -94.821 0.2466   0.4050E-01  0.8693E-03 -0.1480E+01  0.0000E+00      -1  -0.593E-01   20.00
  69   -68.0000    -139.749 0.2172   0.1281E-01  0.5241E-03 -0.9211E+00  0.0000E+00      -1  -0.369E-01   20.00
  70   -69.0000    -216.547 0.1885   0.3079E-02  0.2795E-03 -0.3816E+00  0.0000E+00      -1  -0.153E-01   20.00
  71   -70.0000    -282.248 0.1737   0.1277E-02  0.1882E-03 -0.8222E-01  0.0000E+00      -1  -0.329E-02   20.00
  72   -71.0000    -297.964 0.1706   0.1017E-02  0.1713E-03 -0.1101E-01  0.0000E+00      -1  -0.441E-03   20.00
  73   -72.0000    -299.800 0.1703   0.9872E-03  0.1693E-03 -0.2003E-02  0.0000E+00      -1  -0.803E-04   20.00
  74   -73.0000    -299.981 0.1702   0.9842E-03  0.1691E-03 -0.1083E-02  0.0000E+00      -1  -0.434E-04   20.00
  75   -74.0000    -299.998 0.1702   0.9839E-03  0.1691E-03 -0.9932E-03  0.0000E+00      -1  -0.398E-04   20.00
  76   -75.0000    -300.000 0.1702   0.9839E-03  0.1691E-03 -0.9847E-03  0.0000E+00      -1  -0.395E-04   20.00
  77   -76.0000    -300.000 0.1702   0.9839E-03  0.1691E-03 -0.9839E-03  0.0000E+00      -1  -0.394E-04   20.00
  78   -77.0000    -300.000 0.1702   0.9839E-03  0.1691E-03 -0.9839E-03  0.0000E+00      -1  -0.394E-04   20.00
  79   -78.0000    -300.000 0.1702   0.9839E-03  0.1691E-03 -0.9839E-03  0.0000E+00      -1  -0.394E-04   20.00
  80   -79.0000    -300.000 0.1702   0.9839E-03  0.1691E-03 -0.9839E-03  0.0000E+00      -1  -0.394E-04   20.00
  81   -80.0000    -300.000 0.1702   0.9839E-03  0.1691E-03 -0.9839E-03  0.0000E+00      -1  -0.394E-04   20.00
  82   -81.0000    -300.000 0.1702   0.9839E-03  0.1691E-03 -0.9839E-03  0.0000E+00      -1  -0.394E-04   20.00
  83   -82.0000    -300.000 0.1702   0.9839E-03  0.1691E-03 -0.9839E-03  0.0000E+00      -1  -0.394E-04   20.00
  84   -83.0000    -300.000 0.1702   0.9839E-03  0.1691E-03 -0.9839E-03  0.0000E+00      -1  -0.394E-04   20.00
  85   -84.0000    -300.000 0.1702   0.9839E-03  0.1691E-03 -0.9839E-03  0.0000E+00      -1  -0.394E-04   20.00
  86   -85.0000    -300.000 0.1702   0.9839E-03  0.1691E-03 -0.9839E-03  0.0000E+00      -1  -0.394E-04   20.00
  87   -86.0000    -300.000 0.1702   0.9839E-03  0.1691E-03 -0.9839E-03  0.0000E+00      -1  -0.394E-04   20.00
  88   -87.0000    -300.000 0.1702   0.9839E-03  0.1691E-03 -0.9839E-03  0.0000E+00      -1  -0.394E-04   20.00
  89   -88.0000    -300.000 0.1702   0.9839E-03  0.1691E-03 -0.9839E-03  0.0000E+00      -1  -0.394E-04   20.00
  90   -89.0000    -300.000 0.1702   0.9839E-03  0.1691E-03 -0.9839E-03  0.0000E+00      -1  -0.394E-04   20.00
  91   -90.0000    -300.000 0.1702   0.9839E-03  0.1691E-03 -0.9839E-03  0.0000E+00      -1  -0.394E-04   20.00
  92   -91.0000    -300.000 0.1702   0.9839E-03  0.1691E-03 -0.9839E-03  0.0000E+00      -1  -0.394E-04   20.00
  93   -92.0000    -300.000 0.1702   0.9839E-03  0.1691E-03 -0.9839E-03  0.0000E+00      -1  -0.394E-04   20.00
  94   -93.0000    -300.000 0.1702   0.9839E-03  0.1691E-03 -0.9839E-03  0.0000E+00      -1  -0.394E-04   20.00
  95   -94.0000    -300.000 0.1702   0.9839E-03  0.1691E-03 -0.9839E-03  0.0000E+00      -1  -0.394E-04   20.00
  96   -95.0000    -300.000 0.1702   0.9839E-03  0.1691E-03 -0.9839E-03  0.0000E+00      -1  -0.394E-04   20.00
  97   -96.0000    -300.000 0.1702   0.9839E-03  0.1691E-03 -0.9839E-03  0.0000E+00      -1  -0.394E-04   20.00
  98   -97.0000    -300.000 0.1702   0.9839E-03  0.1691E-03 -0.9839E-03  0.0000E+00      -1  -0.394E-04   20.00
  99   -98.0000    -300.000 0.1702   0.9839E-03  0.1691E-03 -0.9839E-03  0.0000E+00      -1  -0.394E-04   20.00
 100   -99.0000    -300.000 0.1702   0.9839E-03  0.1691E-03 -0.9839E-03  0.0000E+00      -1  -0.394E-04   20.00
 101  -100.0000    -300.000 0.1702   0.9839E-03  0.1691E-03 -0.9839E-03  0.0000E+00      -1  -0.394E-04   20.00
end


 Time:        1.0000


 Node      Depth      Head Moisture       K          C         Flux        Sink         Kappa   v/KsTop   Temp
           [L]        [L]    [-]        [L/T]      [1/L]      [L/T]        [1/T]         [-]      [-]      [C]

   1     0.0000     -33.938 0.3367   0.7157E+00  0.2467E-02  0.3129E-06  0.0000E+00      -1   0.125E-07   20.00
   2    -1.0000     -32.974 0.3391   0.7629E+00  0.2513E-02 -0.5272E-01  0.0000E+00      -1  -0.211E-02   20.00
   3    -2.0000     -32.075 0.3413   0.8069E+00  0.2556E-02 -0.1054E+00  0.0000E+00      -1  -0.422E-02   20.00
   4    -3.0000     -31.234 0.3434   0.8480E+00  0.2597E-02 -0.1579E+00  0.0000E+00      -1  -0.633E-02   20.00
   5    -4.0000     -30.446 0.3454   0.8866E+00  0.2634E-02 -0.2101E+00  0.0000E+00      -1  -0.842E-02   20.00
   6    -5.0000     -29.706 0.3472   0.9283E+00  0.2670E-02 -0.2656E+00  0.0000E+00      -1  -0.106E-01   20.00
   7    -6.0000     -29.014 0.3492   0.9918E+00  0.2704E-02 -0.3246E+00  0.0000E+00      -1  -0.130E-01   20.00
   8    -7.0000     -28.360 0.3510   0.1052E+01  0.2736E-02 -0.3834E+00  0.0000E+00      -1  -0.154E-01   20.00
   9    -8.0000     -27.742 0.3528   0.1108E+01  0.2766E-02 -0.4421E+00  0.0000E+00      -1  -0.177E-01   20.00
  10    -9.0000     -27.158 0.3544   0.1162E+01  0.2795E-02 -0.5005E+00  0.0000E+00      -1  -0.201E-01   20.00
  11   -10.0000     -26.604 0.3560   0.1213E+01  0.2822E-02 -0.5586E+00  0.0000E+00      -1  -0.224E-01   20.00
  12   -11.0000     -26.079 0.3575   0.1261E+01  0.2848E-02 -0.6163E+00  0.0000E+00      -1  -0.247E-01   20.00
  13   -12.0000     -25.581 0.3589   0.1307E+01  0.2872E-02 -0.6735E+00  0.0000E+00      -1  -0.270E-01   20.00
  14   -13.0000     -25.110 0.3602   0.1350E+01  0.2895E-02 -0.7303E+00  0.0000E+00      -1  -0.293E-01   20.00
  15   -14.0000     -24.663 0.3614   0.1391E+01  0.2917E-02 -0.7865E+00  0.0000E+00      -1  -0.315E-01   20.00
  16   -15.0000     -24.241 0.3626   0.1430E+01  0.2938E-02 -0.8423E+00  0.0000E+00      -1  -0.337E-01   20.00
  17   -16.0000     -23.842 0.3638   0.1466E+01  0.2957E-02 -0.8975E+00  0.0000E+00      -1  -0.360E-01   20.00
  18   -17.0000     -23.462 0.3649   0.1513E+01  0.2974E-02 -0.9547E+00  0.0000E+00      -1  -0.383E-01   20.00
  19   -18.0000     -23.101 0.3660   0.1571E+01  0.2988E-02 -0.1014E+01  0.0000E+00      -1  -0.406E-01   20.00
  20   -19.0000     -22.754 0.3670   0.1626E+01  0.3002E-02 -0.1074E+01  0.0000E+00      -1  -0.430E-01   20.00
  21   -20.0000     -22.422 0.3681   0.1679E+01  0.3016E-02 -0.1133E+01  0.0000E+00      -1  -0.454E-01   20.00
  22   -21.0000     -22.104 0.3690   0.1730E+01  0.3028E-02 -0.1193E+01  0.0000E+00      -1  -0.478E-01   20.00
  23   -22.0000     -21.801 0.3700   0.1778E+01  0.3040E-02 -0.1252E+01  0.0000E+00      -1  -0.501E-01   20.00
  24   -23.0000     -21.512 0.3709   0.1824E+01  0.3052E-02 -0.1310E+01  0.0000E+00      -1  -0.525E-01   20.00
  25   -24.0000     -21.238 0.3717   0.1867E+01  0.3063E-02 -0.1369E+01  0.0000E+00      -1  -0.548E-01   20.00
  26   -25.0000     -20.979 0.3725   0.1909E+01  0.3073E-02 -0.1427E+01  0.0000E+00      -1  -0.572E-01   20.00
  27   -26.0000     -20.734 0.3733   0.1948E+01  0.3083E-02 -0.1485E+01  0.0000E+00      -1  -0.595E-01   20.00
  28   -27.0000     -20.503 0.3740   0.1984E+01  0.3092E-02 -0.1542E+01  0.0000E+00      -1  -0.618E-01   20.00
  29   -28.0000     -20.288 0.3746   0.2019E+01  0.3101E-02 -0.1598E+01  0.0000E+00      -1  -0.640E-01   20.00
  30   -29.0000     -20.087 0.3752   0.2051E+01  0.3109E-02 -0.1654E+01  0.0000E+00      -1  -0.663E-01   20.00
  31   -30.0000     -19.901 0.3758   0.2080E+01  0.3116E-02 -0.1709E+01  0.0000E+00      -1  -0.685E-01   20.00
  32   -31.0000     -19.731 0.3763   0.2107E+01  0.3123E-02 -0.1764E+01  0.0000E+00      -1  -0.707E-01   20.00
  33   -32.0000     -19.576 0.3768   0.2132E+01  0.3129E-02 -0.1818E+01  0.0000E+00      -1  -0.728E-01   20.00
  34   -33.0000     -19.437 0.3772   0.2154E+01  0.3135E-02 -0.1872E+01  0.0000E+00      -1  -0.750E-01   20.00
  35   -34.0000     -19.314 0.3776   0.2174E+01  0.3140E-02 -0.1925E+01  0.0000E+00      -1  -0.771E-01   20.00
  36   -35.0000     -19.208 0.3779   0.2191E+01  0.3144E-02 -0.1977E+01  0.0000E+00      -1  -0.792E-01   20.00
  37   -36.0000     -19.120 0.3782   0.2205E+01  0.3147E-02 -0.2029E+01  0.0000E+00      -1  -0.813E-01   20.00
  38   -37.0000     -19.049 0.3784   0.2216E+01  0.3150E-02 -0.2081E+01  0.0000E+00      -1  -0.834E-01   20.00
  39   -38.0000     -18.999 0.3786   0.2224E+01  0.3152E-02 -0.2133E+01  0.0000E+00      -1  -0.855E-01   20.00
  40   -39.0000     -18.968 0.3787   0.2229E+01  0.3153E-02 -0.2184E+01  0.0000E+00      -1  -0.875E-01   20.00
  41   -40.0000     -18.959 0.3787   0.2230E+01  0.3154E-02 -0.2236E+01  0.0000E+00      -1  -0.896E-01   20.00
  42   -41.0000     -18.974 0.3787   0.2228E+01  0.3153E-02 -0.2287E+01  0.0000E+00      -1  -0.916E-01   20.00
  43   -42.0000     -19.014 0.3785   0.2222E+01  0.3151E-02 -0.2338E+01  0.0000E+00      -1  -0.937E-01   20.00
  44   -43.0000     -19.080 0.3783   0.2211E+01  0.3149E-02 -0.2389E+01  0.0000E+00      -1  -0.957E-01   20.00
  45   -44.0000     -19.176 0.3780   0.2196E+01  0.3145E-02 -0.2438E+01  0.0000E+00      -1  -0.977E-01   20.00
  46   -45.0000     -19.302 0.3776   0.2176E+01  0.3140E-02 -0.2487E+01  0.0000E+00      -1  -0.996E-01   20.00
  47   -46.0000     -19.463 0.3772   0.2150E+01  0.3134E-02 -0.2534E+01  0.0000E+00      -1  -0.102E+00   20.00
  48   -47.0000     -19.661 0.3765   0.2119E+01  0.3126E-02 -0.2579E+01  0.0000E+00      -1  -0.103E+00   20.00
  49   -48.0000     -19.900 0.3758   0.2081E+01  0.3116E-02 -0.2623E+01  0.0000E+00      -1  -0.105E+00   20.00
  50   -49.0000     -20.184 0.3749   0.2035E+01  0.3105E-02 -0.2664E+01  0.0000E+00      -1  -0.107E+00   20.00
  51   -50.0000     -20.521 0.3739   0.1982E+01  0.3091E-02 -0.2703E+01  0.0000E+00      -1  -0.108E+00   20.00
  52   -51.0000     -20.916 0.3727   0.1919E+01  0.3076E-02 -0.2739E+01  0.0000E+00      -1  -0.110E+00   20.00
  53   -52.0000     -21.381 0.3713   0.1845E+01  0.3057E-02 -0.2773E+01  0.0000E+00      -1  -0.111E+00   20.00
  54   -53.0000     -21.930 0.3696   0.1757E+01  0.3035E-02 -0.2803E+01  0.0000E+00      -1  -0.112E+00   20.00
  55   -54.0000     -22.581 0.3676   0.1654E+01  0.3009E-02 -0.2829E+01  0.0000E+00      -1  -0.113E+00   20.00
  56   -55.0000     -23.367 0.3652   0.1529E+01  0.2978E-02 -0.2850E+01  0.0000E+00      -1  -0.114E+00   20.00
  57   -56.0000     -24.304 0.3625   0.1424E+01  0.2934E-02 -0.2866E+01  0.0000E+00      -1  -0.115E+00   20.00
  58   -57.0000     -25.395 0.3594   0.1324E+01  0.2881E-02 -0.2874E+01  0.0000E+00      -1  -0.115E+00   20.00
  59   -58.0000     -26.667 0.3558   0.1207E+01  0.2819E-02 -0.2872E+01  0.0000E+00      -1  -0.115E+00   20.00
  60   -59.0000     -28.191 0.3515   0.1067E+01  0.2744E-02 -0.2860E+01  0.0000E+00      -1  -0.115E+00   20.00
  61   -60.0000     -30.082 0.3463   0.9044E+00  0.2652E-02 -0.2835E+01  0.0000E+00      -1  -0.114E+00   20.00
  62   -61.0000     -32.407 0.3405   0.7907E+00  0.2540E-02 -0.2793E+01  0.0000E+00      -1  -0.112E+00   20.00
  63   -62.0000     -35.245 0.3335   0.6519E+00  0.2404E-02 -0.2727E+01  0.0000E+00      -1  -0.109E+00   20.00
  64   -63.0000     -38.892 0.3250   0.5042E+00  0.2237E-02 -0.2634E+01  0.0000E+00      -1  -0.106E+00   20.00
  65   -64.0000     -43.676 0.3150   0.3884E+00  0.2041E-02 -0.2500E+01  0.0000E+00      -1  -0.100E+00   20.00
  66   -65.0000     -50.056 0.3028   0.2670E+00  0.1805E-02 -0.2315E+01  0.0000E+00      -1  -0.928E-01   20.00
  67   -66.0000     -59.344 0.2872   0.1630E+00  0.1514E-02 -0.2079E+01  0.0000E+00      -1  -0.833E-01   20.00
  68   -67.0000     -73.823 0.2680   0.8834E-01  0.1189E-02 -0.1758E+01  0.0000E+00      -1  -0.705E-01   20.00
  69   -68.0000     -97.856 0.2442   0.3723E-01  0.8378E-03 -0.1343E+01  0.0000E+00      -1  -0.538E-01   20.00
  70   -69.0000    -142.030 0.2159   0.1209E-01  0.5115E-03 -0.8426E+00  0.0000E+00      -1  -0.338E-01   20.00
  71   -70.0000    -216.274 0.1885   0.3091E-02  0.2800E-03 -0.3574E+00  0.0000E+00      -1  -0.143E-01   20.00
  72   -71.0000    -280.633 0.1740   0.1304E-02  0.1899E-03 -0.8224E-01  0.0000E+00      -1  -0.329E-02   20.00
  73   -72.0000    -297.547 0.1707   0.1024E-02  0.1717E-03 -0.1203E-01  0.0000E+00      -1  -0.482E-03   20.00
  74   -73.0000    -299.736 0.1703   0.9883E-03  0.1694E-03 -0.2215E-02  0.0000E+00      -1  -0.887E-04   20.00
  75   -74.0000    -299.973 0.1702   0.9844E-03  0.1691E-03 -0.1114E-02  0.0000E+00      -1  -0.446E-04   20.00
  76   -75.0000    -299.997 0.1702   0.9840E-03  0.1691E-03 -0.9972E-03  0.0000E+00      -1  -0.400E-04   20.00
  77   -76.0000    -300.000 0.1702   0.9839E-03  0.1691E-03 -0.9852E-03  0.0000E+00      -1  -0.395E-04   20.00
  78   -77.0000    -300.000 0.1702   0.9839E-03  0.1691E-03 -0.9840E-03  0.0000E+00      -1  -0.394E-04   20.00
  79   -78.0000    -300.000 0.1702   0.9839E-03  0.1691E-03 -0.9839E-03  0.0000E+00      -1  -0.394E-04   20.00
  80   -79.0000    -300.000 0.1702   0.9839E-03  0.1691E-03 -0.9839E-03  0.0000E+00      -1  -0.394E-04   20.00
  81   -80.0000    -300.000 0.1702   0.9839E-03  0.1691E-03 -0.9839E-03  0.0000E+00      -1  -0.394E-04   20.00
  82   -81.0000    -300.000 0.1702   0.9839E-03  0.1691E-03 -0.9839E-03  0.0000E+00      -1  -0.394E-04   20.00
  83   -82.0000    -300.000 0.1702   0.9839E-03  0.1691E-03 -0.9839E-03  0.0000E+00      -1  -0.394E-04   20.00
  84   -83.0000    -300.000 0.1702   0.9839E-03  0.1691E-03 -0.9839E-03  0.0000E+00      -1  -0.394E-04   20.00
  85   -84.0000    -300.000 0.1702   0.9839E-03  0.1691E-03 -0.9839E-03  0.0000E+00      -1  -0.394E-04   20.00
  86   -85.0000    -300.000 0.1702   0.9839E-03  0.1691E-03 -0.9839E-03  0.0000E+00      -1  -0.394E-04   20.00
  87   -86.0000    -300.000 0.1702   0.9839E-03  0.1691E-03 -0.9839E-03  0.0000E+00      -1  -0.394E-04   20.00
  88   -87.0000    -300.000 0.1702   0.9839E-03  0.1691E-03 -0.9839E-03  0.0000E+00      -1  -0.394E-04   20.00
  89   -88.0000    -300.000 0.1702   0.9839E-03  0.1691E-03 -0.9839E-03  0.0000E+00      -1  -0.394E-04   20.00
  90   -89.0000    -300.000 0.1702   0.9839E-03  0.1691E-03 -0.9839E-03  0.0000E+00      -1  -0.394E-04   20.00
  91   -90.0000    -300.000 0.1702   0.9839E-03  0.1691E-03 -0.9839E-03  0.0000E+00      -1  -0.394E-04   20.00
  92   -91.0000    -300.000 0.1702   0.9839E-03  0.1691E-03 -0.9839E-03  0.0000E+00      -1  -0.394E-04   20.00
  93   -92.0000    -300.000 0.1702   0.9839E-03  0.1691E-03 -0.9839E-03  0.0000E+00      -1  -0.394E-04   20.00
  94   -93.0000    -300.000 0.1702   0.9839E-03  0.1691E-03 -0.9839E-03  0.0000E+00      -1  -0.394E-04   20.00
  95   -94.0000    -300.000 0.1702   0.9839E-03  0.1691E-03 -0.9839E-03  0.0000E+00      -1  -0.394E-04   20.00
  96   -95.0000    -300.000 0.1702   0.9839E-03  0.1691E-03 -0.9839E-03  0.0000E+00      -1  -0.394E-04   20.00
  97   -96.0000    -300.000 0.1702   0.9839E-03  0.1691E-03 -0.9839E-03  0.0000E+00      -1  -0.394E-04   20.00
  98   -97.0000    -300.000 0.1702   0.9839E-03  0.1691E-03 -0.9839E-03  0.0000E+00      -1  -0.394E-04   20.00
  99   -98.0000    -300.000 0.1702   0.9839E-03  0.1691E-03 -0.9839E-03  0.0000E+00      -1  -0.394E-04   20.00
 100   -99.0000    -300.000 0.1702   0.9839E-03  0.1691E-03 -0.9839E-03  0.0000E+00      -1  -0.394E-04   20.00
 101  -100.0000    -300.000 0.1702   0.9839E-03  0.1691E-03 -0.9839E-03  0.0000E+00      -1  -0.394E-04   20.00
end
