 ******* Program HYDRUS
 ******* Traceur inerte, loam sableux, q=10 cm/j, dispersivite 0.5 cm            
 Date:   0. 0.    Time: 512:**:**
 Units: L = cm   , T = days , M = g    

       Time          rTop        rRoot        vTop         vRoot        vBot       sum(rTop)   sum(rRoot)    sum(vTop)   sum(vRoot)    sum(vBot)      hTop         hRoot        hBot        RunOff    sum(RunOff)     Volume     sum(Infil)    sum(Evap) TLevel Cum(WTrans)  SnowLayer
        [T]         [L/T]        [L/T]        [L/T]        [L/T]        [L/T]         [L]          [L]          [L]         [L]           [L]         [L]           [L]         [L]          [L/T]         [L]          [L]          [L]          [L]

       0.0010 -0.10000E+02  0.00000E+00 -0.10000E+02  0.00000E+00 -0.10153E+02 -0.10000E-01  0.00000E+00 -0.10000E-01  0.00000E+00 -0.10153E-01 -0.11499E+02  0.00000E+00 -0.11484E+02  0.00000E+00  0.00000E+00  0.19790E+02  0.00000E+00  0.00000E+00      1  0.00000E+00      0.000
       0.0020 -0.10000E+02  0.00000E+00 -0.10000E+02  0.00000E+00 -0.10153E+02 -0.20000E-01  0.00000E+00 -0.20000E-01  0.00000E+00 -0.20306E-01 -0.11504E+02  0.00000E+00 -0.11484E+02  0.00000E+00  0.00000E+00  0.19790E+02  0.00000E+00  0.00000E+00      2  0.00000E+00      0.000
       0.0033 -0.10000E+02  0.00000E+00 -0.10000E+02  0.00000E+00 -0.10153E+02 -0.33000E-01  0.00000E+00 -0.33000E-01  0.00000E+00 -0.33505E-01 -0.11510E+02  0.00000E+00 -0.11484E+02  0.00000E+00  0.00000E+00  0.19790E+02  0.00000E+00  0.00000E+00      3  0.00000E+00      0.000
       0.0050 -0.10000E+02  0.00000E+00 -0.10000E+02  0.00000E+00 -0.10153E+02 -0.49900E-01  0.00000E+00 -0.49900E-01  0.00000E+00 -0.50664E-01 -0.11514E+02  0.00000E+00 -0.11484E+02  0.00000E+00  0.00000E+00  0.19790E+02  0.00000E+00  0.00000E+00      4  0.00000E+00      0.000
       0.0072 -0.10000E+02  0.00000E+00 -0.10000E+02  0.00000E+00 -0.10153E+02 -0.71870E-01  0.00000E+00 -0.71870E-01  0.00000E+00 -0.72971E-01 -0.11519E+02  0.00000E+00 -0.11484E+02  0.00000E+00  0.00000E+00  0.19789E+02  0.00000E+00  0.00000E+00      5  0.00000E+00      0.000
       0.0100 -0.10000E+02  0.00000E+00 -0.10000E+02  0.00000E+00 -0.10153E+02 -0.10043E+00  0.00000E+00 -0.10043E+00  0.00000E+00 -0.10197E+00 -0.11523E+02  0.00000E+00 -0.11484E+02  0.00000E+00  0.00000E+00  0.19789E+02  0.00000E+00  0.00000E+00      6  0.00000E+00      0.000
       0.0138 -0.10000E+02  0.00000E+00 -0.10000E+02  0.00000E+00 -0.10153E+02 -0.13756E+00  0.00000E+00 -0.13756E+00  0.00000E+00 -0.13967E+00 -0.11527E+02  0.00000E+00 -0.11484E+02  0.00000E+00  0.00000E+00  0.19788E+02  0.00000E+00  0.00000E+00      7  0.00000E+00      0.000
       0.0186 -0.10000E+02  0.00000E+00 -0.10000E+02  0.00000E+00 -0.10153E+02 -0.18583E+00  0.00000E+00 -0.18583E+00  0.00000E+00 -0.18867E+00 -0.11531E+02  0.00000E+00 -0.11484E+02  0.00000E+00  0.00000E+00  0.19787E+02  0.00000E+00  0.00000E+00      8  0.00000E+00      0.000
       0.0249 -0.10000E+02  0.00000E+00 -0.10000E+02  0.00000E+00 -0.10153E+02 -0.24858E+00  0.00000E+00 -0.24858E+00  0.00000E+00 -0.25238E+00 -0.11534E+02  0.00000E+00 -0.11484E+02  0.00000E+00  0.00000E+00  0.19786E+02  0.00000E+00  0.00000E+00      9  0.00000E+00      0.000
       0.0330 -0.10000E+02  0.00000E+00 -0.10000E+02  0.00000E+00 -0.10153E+02 -0.33015E+00  0.00000E+00 -0.33015E+00  0.00000E+00 -0.33521E+00 -0.11537E+02  0.00000E+00 -0.11484E+02  0.00000E+00  0.00000E+00  0.19785E+02  0.00000E+00  0.00000E+00     10  0.00000E+00      0.000
       0.0436 -0.10000E+02  0.00000E+00 -0.10000E+02  0.00000E+00 -0.10153E+02 -0.43619E+00  0.00000E+00 -0.43619E+00  0.00000E+00 -0.44287E+00 -0.11540E+02  0.00000E+00 -0.11484E+02  0.00000E+00  0.00000E+00  0.19784E+02  0.00000E+00  0.00000E+00     11  0.00000E+00      0.000
       0.0574 -0.10000E+02  0.00000E+00 -0.10000E+02  0.00000E+00 -0.10153E+02 -0.57405E+00  0.00000E+00 -0.57405E+00  0.00000E+00 -0.58284E+00 -0.11542E+02  0.00000E+00 -0.11485E+02  0.00000E+00  0.00000E+00  0.19781E+02  0.00000E+00  0.00000E+00     12  0.00000E+00      0.000
       0.0736 -0.10000E+02  0.00000E+00 -0.10000E+02  0.00000E+00 -0.10152E+02 -0.73649E+00  0.00000E+00 -0.73649E+00  0.00000E+00 -0.74774E+00 -0.11544E+02  0.00000E+00 -0.11485E+02  0.00000E+00  0.00000E+00  0.19779E+02  0.00000E+00  0.00000E+00     13  0.00000E+00      0.000
       0.0899 -0.10000E+02  0.00000E+00 -0.10000E+02  0.00000E+00 -0.10148E+02 -0.89894E+00  0.00000E+00 -0.89894E+00  0.00000E+00 -0.91260E+00 -0.11545E+02  0.00000E+00 -0.11487E+02  0.00000E+00  0.00000E+00  0.19777E+02  0.00000E+00  0.00000E+00     14  0.00000E+00      0.000
       0.1061 -0.10000E+02  0.00000E+00 -0.10000E+02  0.00000E+00 -0.10143E+02 -0.10614E+01  0.00000E+00 -0.10614E+01  0.00000E+00 -0.10774E+01 -0.11546E+02  0.00000E+00 -0.11489E+02  0.00000E+00  0.00000E+00  0.19774E+02  0.00000E+00  0.00000E+00     15  0.00000E+00      0.000
       0.1224 -0.10000E+02  0.00000E+00 -0.10000E+02  0.00000E+00 -0.10136E+02 -0.12240E+01  0.00000E+00 -0.12240E+01  0.00000E+00 -0.12422E+01 -0.11546E+02  0.00000E+00 -0.11492E+02  0.00000E+00  0.00000E+00  0.19772E+02  0.00000E+00  0.00000E+00     16  0.00000E+00      0.000
       0.1387 -0.10000E+02  0.00000E+00 -0.10000E+02  0.00000E+00 -0.10127E+02 -0.13867E+01  0.00000E+00 -0.13867E+01  0.00000E+00 -0.14070E+01 -0.11546E+02  0.00000E+00 -0.11495E+02  0.00000E+00  0.00000E+00  0.19770E+02  0.00000E+00  0.00000E+00     17  0.00000E+00      0.000
       0.1550 -0.10000E+02  0.00000E+00 -0.10000E+02  0.00000E+00 -0.10116E+02 -0.15495E+01  0.00000E+00 -0.15495E+01  0.00000E+00 -0.15717E+01 -0.11546E+02  0.00000E+00 -0.11499E+02  0.00000E+00  0.00000E+00  0.19768E+02  0.00000E+00  0.00000E+00     18  0.00000E+00      0.000
       0.1712 -0.10000E+02  0.00000E+00 -0.10000E+02  0.00000E+00 -0.10105E+02 -0.17125E+01  0.00000E+00 -0.17125E+01  0.00000E+00 -0.17364E+01 -0.11547E+02  0.00000E+00 -0.11504E+02  0.00000E+00  0.00000E+00  0.19766E+02  0.00000E+00  0.00000E+00     19  0.00000E+00      0.000
       0.1876 -0.10000E+02  0.00000E+00 -0.10000E+02  0.00000E+00 -0.10094E+02 -0.18756E+01  0.00000E+00 -0.18756E+01  0.00000E+00 -0.19010E+01 -0.11547E+02  0.00000E+00 -0.11509E+02  0.00000E+00  0.00000E+00  0.19765E+02  0.00000E+00  0.00000E+00     20  0.00000E+00      0.000
       0.2039 -0.10000E+02  0.00000E+00 -0.10000E+02  0.00000E+00 -0.10082E+02 -0.20389E+01  0.00000E+00 -0.20389E+01  0.00000E+00 -0.20656E+01 -0.11547E+02  0.00000E+00 -0.11513E+02  0.00000E+00  0.00000E+00  0.19764E+02  0.00000E+00  0.00000E+00     21  0.00000E+00      0.000
       0.2202 -0.10000E+02  0.00000E+00 -0.10000E+02  0.00000E+00 -0.10072E+02 -0.22024E+01  0.00000E+00 -0.22024E+01  0.00000E+00 -0.22303E+01 -0.11547E+02  0.00000E+00 -0.11518E+02  0.00000E+00  0.00000E+00  0.19762E+02  0.00000E+00  0.00000E+00     22  0.00000E+00      0.000
       0.2366 -0.10000E+02  0.00000E+00 -0.10000E+02  0.00000E+00 -0.10061E+02 -0.23660E+01  0.00000E+00 -0.23660E+01  0.00000E+00 -0.23949E+01 -0.11547E+02  0.00000E+00 -0.11522E+02  0.00000E+00  0.00000E+00  0.19761E+02  0.00000E+00  0.00000E+00     23  0.00000E+00      0.000
       0.2530 -0.10000E+02  0.00000E+00 -0.10000E+02  0.00000E+00 -0.10052E+02 -0.25297E+01  0.00000E+00 -0.25297E+01  0.00000E+00 -0.25595E+01 -0.11547E+02  0.00000E+00 -0.11525E+02  0.00000E+00  0.00000E+00  0.19761E+02  0.00000E+00  0.00000E+00     24  0.00000E+00      0.000
       0.2694 -0.10000E+02  0.00000E+00 -0.10000E+02  0.00000E+00 -0.10044E+02 -0.26936E+01  0.00000E+00 -0.26936E+01  0.00000E+00 -0.27241E+01 -0.11547E+02  0.00000E+00 -0.11529E+02  0.00000E+00  0.00000E+00  0.19760E+02  0.00000E+00  0.00000E+00     25  0.00000E+00      0.000
       0.2858 -0.10000E+02  0.00000E+00 -0.10000E+02  0.00000E+00 -0.10037E+02 -0.28576E+01  0.00000E+00 -0.28576E+01  0.00000E+00 -0.28887E+01 -0.11547E+02  0.00000E+00 -0.11532E+02  0.00000E+00  0.00000E+00  0.19759E+02  0.00000E+00  0.00000E+00     26  0.00000E+00      0.000
       0.3022 -0.10000E+02  0.00000E+00 -0.10000E+02  0.00000E+00 -0.10030E+02 -0.30217E+01  0.00000E+00 -0.30217E+01  0.00000E+00 -0.30533E+01 -0.11547E+02  0.00000E+00 -0.11534E+02  0.00000E+00  0.00000E+00  0.19759E+02  0.00000E+00  0.00000E+00     27  0.00000E+00      0.000
       0.3186 -0.10000E+02  0.00000E+00 -0.10000E+02  0.00000E+00 -0.10025E+02 -0.31859E+01  0.00000E+00 -0.31859E+01  0.00000E+00 -0.32179E+01 -0.11547E+02  0.00000E+00 -0.11537E+02  0.00000E+00  0.00000E+00  0.19758E+02  0.00000E+00  0.00000E+00     28  0.00000E+00      0.000
       0.3350 -0.10000E+02  0.00000E+00 -0.10000E+02  0.00000E+00 -0.10020E+02 -0.33502E+01  0.00000E+00 -0.33502E+01  0.00000E+00 -0.33825E+01 -0.11547E+02  0.00000E+00 -0.11538E+02  0.00000E+00  0.00000E+00  0.19758E+02  0.00000E+00  0.00000E+00     29  0.00000E+00      0.000
       0.3515 -0.10000E+02  0.00000E+00 -0.10000E+02  0.00000E+00 -0.10016E+02 -0.35146E+01  0.00000E+00 -0.35146E+01  0.00000E+00 -0.35472E+01 -0.11547E+02  0.00000E+00 -0.11540E+02  0.00000E+00  0.00000E+00  0.19758E+02  0.00000E+00  0.00000E+00     30  0.00000E+00      0.000
       0.3679 -0.10000E+02  0.00000E+00 -0.10000E+02  0.00000E+00 -0.10013E+02 -0.36790E+01  0.00000E+00 -0.36790E+01  0.00000E+00 -0.37118E+01 -0.11547E+02  0.00000E+00 -0.11541E+02  0.00000E+00  0.00000E+00  0.19757E+02  0.00000E+00  0.00000E+00     31  0.00000E+00      0.000
       0.3843 -0.10000E+02  0.00000E+00 -0.10000E+02  0.00000E+00 -0.10011E+02 -0.38434E+01  0.00000E+00 -0.38434E+01  0.00000E+00 -0.38764E+01 -0.11547E+02  0.00000E+00 -0.11542E+02  0.00000E+00  0.00000E+00  0.19757E+02  0.00000E+00  0.00000E+00     32  0.00000E+00      0.000
       0.4008 -0.10000E+02  0.00000E+00 -0.10000E+02  0.00000E+00 -0.10008E+02 -0.40079E+01  0.00000E+00 -0.40079E+01  0.00000E+00 -0.40410E+01 -0.11547E+02  0.00000E+00 -0.11543E+02  0.00000E+00  0.00000E+00  0.19757E+02  0.00000E+00  0.00000E+00     33  0.00000E+00      0.000
       0.4172 -0.10000E+02  0.00000E+00 -0.10000E+02  0.00000E+00 -0.10007E+02 -0.41724E+01  0.00000E+00 -0.41724E+01  0.00000E+00 -0.42056E+01 -0.11547E+02  0.00000E+00 -0.11544E+02  0.00000E+00  0.00000E+00  0.19757E+02  0.00000E+00  0.00000E+00     34  0.00000E+00      0.000
       0.4337 -0.10000E+02  0.00000E+00 -0.10000E+02  0.00000E+00 -0.10005E+02 -0.43369E+01  0.00000E+00 -0.43369E+01  0.00000E+00 -0.43703E+01 -0.11547E+02  0.00000E+00 -0.11545E+02  0.00000E+00  0.00000E+00  0.19757E+02  0.00000E+00  0.00000E+00     35  0.00000E+00      0.000
       0.4502 -0.10000E+02  0.00000E+00 -0.10000E+02  0.00000E+00 -0.10004E+02 -0.45015E+01  0.00000E+00 -0.45015E+01  0.00000E+00 -0.45349E+01 -0.11547E+02  0.00000E+00 -0.11545E+02  0.00000E+00  0.00000E+00  0.19757E+02  0.00000E+00  0.00000E+00     36  0.00000E+00      0.000
       0.4666 -0.10000E+02  0.00000E+00 -0.10000E+02  0.00000E+00 -0.10003E+02 -0.46661E+01  0.00000E+00 -0.46661E+01  0.00000E+00 -0.46995E+01 -0.11547E+02  0.00000E+00 -0.11545E+02  0.00000E+00  0.00000E+00  0.19757E+02  0.00000E+00  0.00000E+00     37  0.00000E+00      0.000
       0.4831 -0.10000E+02  0.00000E+00 -0.10000E+02  0.00000E+00 -0.10003E+02 -0.48307E+01  0.00000E+00 -0.48307E+01  0.00000E+00 -0.48642E+01 -0.11547E+02  0.00000E+00 -0.11546E+02  0.00000E+00  0.00000E+00  0.19757E+02  0.00000E+00  0.00000E+00     38  0.00000E+00      0.000
       0.4915 -0.10000E+02  0.00000E+00 -0.10000E+02  0.00000E+00 -0.10002E+02 -0.49153E+01  0.00000E+00 -0.49153E+01  0.00000E+00 -0.49489E+01 -0.11547E+02  0.00000E+00 -0.11546E+02  0.00000E+00  0.00000E+00  0.19757E+02  0.00000E+00  0.00000E+00     39  0.00000E+00      0.000
       0.5000 -0.10000E+02  0.00000E+00 -0.10000E+02  0.00000E+00 -0.10002E+02 -0.50000E+01  0.00000E+00 -0.50000E+01  0.00000E+00 -0.50335E+01 -0.11547E+02  0.00000E+00 -0.11546E+02  0.00000E+00  0.00000E+00  0.19757E+02  0.00000E+00  0.00000E+00     40  0.00000E+00      0.000
       0.5165 -0.10000E+02  0.00000E+00 -0.10000E+02  0.00000E+00 -0.10002E+02 -0.51646E+01  0.00000E+00 -0.51646E+01  0.00000E+00 -0.51982E+01 -0.11547E+02  0.00000E+00 -0.11546E+02  0.00000E+00  0.00000E+00  0.19757E+02  0.00000E+00  0.00000E+00     41  0.00000E+00      0.000
       0.5329 -0.10000E+02  0.00000E+00 -0.10000E+02  0.00000E+00 -0.10001E+02 -0.53292E+01  0.00000E+00 -0.53292E+01  0.00000E+00 -0.53628E+01 -0.11547E+02  0.00000E+00 -0.11546E+02  0.00000E+00  0.00000E+00  0.19757E+02  0.00000E+00  0.00000E+00     42  0.00000E+00      0.000
       0.5494 -0.10000E+02  0.00000E+00 -0.10000E+02  0.00000E+00 -0.10001E+02 -0.54938E+01  0.00000E+00 -0.54938E+01  0.00000E+00 -0.55274E+01 -0.11547E+02  0.00000E+00 -0.11546E+02  0.00000E+00  0.00000E+00  0.19757E+02  0.00000E+00  0.00000E+00     43  0.00000E+00      0.000
       0.5658 -0.10000E+02  0.00000E+00 -0.10000E+02  0.00000E+00 -0.10001E+02 -0.56585E+01  0.00000E+00 -0.56585E+01  0.00000E+00 -0.56921E+01 -0.11547E+02  0.00000E+00 -0.11547E+02  0.00000E+00  0.00000E+00  0.19757E+02  0.00000E+00  0.00000E+00     44  0.00000E+00      0.000
       0.5823 -0.10000E+02  0.00000E+00 -0.10000E+02  0.00000E+00 -0.10001E+02 -0.58231E+01  0.00000E+00 -0.58231E+01  0.00000E+00 -0.58567E+01 -0.11547E+02  0.00000E+00 -0.11547E+02  0.10490E-04  0.17270E-06  0.19757E+02  0.00000E+00  0.00000E+00     45  0.00000E+00      0.000
       0.5988 -0.10000E+02  0.00000E+00 -0.10000E+02  0.00000E+00 -0.10000E+02 -0.59877E+01  0.00000E+00 -0.59877E+01  0.00000E+00 -0.60213E+01 -0.11547E+02  0.00000E+00 -0.11547E+02  0.00000E+00  0.17270E-06  0.19757E+02  0.00000E+00  0.00000E+00     46  0.00000E+00      0.000
       0.6152 -0.10000E+02  0.00000E+00 -0.10000E+02  0.00000E+00 -0.10000E+02 -0.61524E+01  0.00000E+00 -0.61524E+01  0.00000E+00 -0.61860E+01 -0.11547E+02  0.00000E+00 -0.11547E+02  0.00000E+00  0.17270E-06  0.19757E+02  0.00000E+00  0.00000E+00     47  0.00000E+00      0.000
       0.6317 -0.10000E+02  0.00000E+00 -0.10000E+02  0.00000E+00 -0.10000E+02 -0.63170E+01  0.00000E+00 -0.63170E+01  0.00000E+00 -0.63506E+01 -0.11547E+02  0.00000E+00 -0.11547E+02  0.00000E+00  0.17270E-06  0.19757E+02  0.00000E+00  0.00000E+00     48  0.00000E+00      0.000
       0.6482 -0.10000E+02  0.00000E+00 -0.10000E+02  0.00000E+00 -0.10000E+02 -0.64816E+01  0.00000E+00 -0.64816E+01  0.00000E+00 -0.65153E+01 -0.11547E+02  0.00000E+00 -0.11547E+02  0.00000E+00  0.17270E-06  0.19757E+02  0.00000E+00  0.00000E+00     49  0.00000E+00      0.000
       0.6646 -0.10000E+02  0.00000E+00 -0.10000E+02  0.00000E+00 -0.10000E+02 -0.66463E+01  0.00000E+00 -0.66463E+01  0.00000E+00 -0.66799E+01 -0.11547E+02  0.00000E+00 -0.11547E+02  0.00000E+00  0.17270E-06  0.19757E+02  0.00000E+00  0.00000E+00     50  0.00000E+00      0.000
       0.6811 -0.10000E+02  0.00000E+00 -0.10000E+02  0.00000E+00 -0.10000E+02 -0.68109E+01  0.00000E+00 -0.68109E+01  0.00000E+00 -0.68445E+01 -0.11547E+02  0.00000E+00 -0.11547E+02  0.00000E+00  0.17270E-06  0.19757E+02  0.00000E+00  0.00000E+00     51  0.00000E+00      0.000
       0.6976 -0.10000E+02  0.00000E+00 -0.10000E+02  0.00000E+00 -0.10000E+02 -0.69755E+01  0.00000E+00 -0.69755E+01  0.00000E+00 -0.70092E+01 -0.11547E+02  0.00000E+00 -0.11547E+02  0.00000E+00  0.17270E-06  0.19757E+02  0.00000E+00  0.00000E+00     52  0.00000E+00      0.000
       0.7140 -0.10000E+02  0.00000E+00 -0.10000E+02  0.00000E+00 -0.10000E+02 -0.71402E+01  0.00000E+00 -0.71402E+01  0.00000E+00 -0.71738E+01 -0.11547E+02  0.00000E+00 -0.11547E+02  0.00000E+00  0.17270E-06  0.19757E+02  0.00000E+00  0.00000E+00     53  0.00000E+00      0.000
       0.7305 -0.10000E+02  0.00000E+00 -0.10000E+02  0.00000E+00 -0.10000E+02 -0.73048E+01  0.00000E+00 -0.73048E+01  0.00000E+00 -0.73385E+01 -0.11547E+02  0.00000E+00 -0.11547E+02  0.00000E+00  0.17270E-06  0.19757E+02  0.00000E+00  0.00000E+00     54  0.00000E+00      0.000
       0.7469 -0.10000E+02  0.00000E+00 -0.10000E+02  0.00000E+00 -0.10000E+02 -0.74695E+01  0.00000E+00 -0.74695E+01  0.00000E+00 -0.75031E+01 -0.11547E+02  0.00000E+00 -0.11547E+02  0.00000E+00  0.17270E-06  0.19757E+02  0.00000E+00  0.00000E+00     55  0.00000E+00      0.000
       0.7634 -0.10000E+02  0.00000E+00 -0.10000E+02  0.00000E+00 -0.10000E+02 -0.76341E+01  0.00000E+00 -0.76341E+01  0.00000E+00 -0.76677E+01 -0.11547E+02  0.00000E+00 -0.11547E+02  0.00000E+00  0.17270E-06  0.19757E+02  0.00000E+00  0.00000E+00     56  0.00000E+00      0.000
       0.7799 -0.10000E+02  0.00000E+00 -0.10000E+02  0.00000E+00 -0.10000E+02 -0.77987E+01  0.00000E+00 -0.77987E+01  0.00000E+00 -0.78324E+01 -0.11547E+02  0.00000E+00 -0.11547E+02  0.00000E+00  0.17270E-06  0.19757E+02  0.00000E+00  0.00000E+00     57  0.00000E+00      0.000
       0.7963 -0.10000E+02  0.00000E+00 -0.10000E+02  0.00000E+00 -0.10000E+02 -0.79634E+01  0.00000E+00 -0.79634E+01  0.00000E+00 -0.79970E+01 -0.11547E+02  0.00000E+00 -0.11547E+02  0.00000E+00  0.17270E-06  0.19757E+02  0.00000E+00  0.00000E+00     58  0.00000E+00      0.000
       0.8128 -0.10000E+02  0.00000E+00 -0.10000E+02  0.00000E+00 -0.10000E+02 -0.81280E+01  0.00000E+00 -0.81280E+01  0.00000E+00 -0.81616E+01 -0.11547E+02  0.00000E+00 -0.11547E+02  0.00000E+00  0.17270E-06  0.19757E+02  0.00000E+00  0.00000E+00     59  0.00000E+00      0.000
       0.8293 -0.10000E+02  0.00000E+00 -0.10000E+02  0.00000E+00 -0.10000E+02 -0.82926E+01  0.00000E+00 -0.82926E+01  0.00000E+00 -0.83263E+01 -0.11547E+02  0.00000E+00 -0.11547E+02  0.00000E+00  0.17270E-06  0.19757E+02  0.00000E+00  0.00000E+00     60  0.00000E+00      0.000
       0.8457 -0.10000E+02  0.00000E+00 -0.10000E+02  0.00000E+00 -0.10000E+02 -0.84573E+01  0.00000E+00 -0.84573E+01  0.00000E+00 -0.84909E+01 -0.11547E+02  0.00000E+00 -0.11547E+02  0.00000E+00  0.17270E-06  0.19757E+02  0.00000E+00  0.00000E+00     61  0.00000E+00      0.000
       0.8622 -0.10000E+02  0.00000E+00 -0.10000E+02  0.00000E+00 -0.10000E+02 -0.86219E+01  0.00000E+00 -0.86219E+01  0.00000E+00 -0.86556E+01 -0.11547E+02  0.00000E+00 -0.11547E+02  0.00000E+00  0.17270E-06  0.19757E+02  0.00000E+00  0.00000E+00     62  0.00000E+00      0.000
       0.8787 -0.10000E+02  0.00000E+00 -0.10000E+02  0.00000E+00 -0.10000E+02 -0.87866E+01  0.00000E+00 -0.87866E+01  0.00000E+00 -0.88202E+01 -0.11547E+02  0.00000E+00 -0.11547E+02  0.00000E+00  0.17270E-06  0.19757E+02  0.00000E+00  0.00000E+00     63  0.00000E+00      0.000
       0.8951 -0.10000E+02  0.00000E+00 -0.10000E+02  0.00000E+00 -0.99999E+01 -0.89512E+01  0.00000E+00 -0.89512E+01  0.00000E+00 -0.89848E+01 -0.11547E+02  0.00000E+00 -0.11547E+02  0.00000E+00  0.17270E-06  0.19757E+02  0.00000E+00  0.00000E+00     64  0.00000E+00      0.000
       0.9116 -0.10000E+02  0.00000E+00 -0.10000E+02  0.00000E+00 -0.10000E+02 -0.91158E+01  0.00000E+00 -0.91158E+01  0.00000E+00 -0.91495E+01 -0.11547E+02  0.00000E+00 -0.11547E+02  0.00000E+00  0.17270E-06  0.19757E+02  0.00000E+00  0.00000E+00     65  0.00000E+00      0.000
       0.9280 -0.10000E+02  0.00000E+00 -0.10000E+02  0.00000E+00 -0.10000E+02 -0.92805E+01  0.00000E+00 -0.92805E+01  0.00000E+00 -0.93141E+01 -0.11547E+02  0.00000E+00 -0.11547E+02  0.00000E+00  0.17270E-06  0.19757E+02  0.00000E+00  0.00000E+00     66  0.00000E+00      0.000
       0.9445 -0.10000E+02  0.00000E+00 -0.10000E+02  0.00000E+00 -0.99999E+01 -0.94451E+01  0.00000E+00 -0.94451E+01  0.00000E+00 -0.94787E+01 -0.11547E+02  0.00000E+00 -0.11547E+02  0.00000E+00  0.17270E-06  0.19757E+02  0.00000E+00  0.00000E+00     67  0.00000E+00      0.000
       0.9610 -0.10000E+02  0.00000E+00 -0.10000E+02  0.00000E+00 -0.10000E+02 -0.96097E+01  0.00000E+00 -0.96097E+01  0.00000E+00 -0.96434E+01 -0.11547E+02  0.00000E+00 -0.11547E+02  0.00000E+00  0.17270E-06  0.19757E+02  0.00000E+00  0.00000E+00     68  0.00000E+00      0.000
       0.9774 -0.10000E+02  0.00000E+00 -0.10000E+02  0.00000E+00 -0.10000E+02 -0.97744E+01  0.00000E+00 -0.97744E+01  0.00000E+00 -0.98080E+01 -0.11547E+02  0.00000E+00 -0.11547E+02  0.00000E+00  0.17270E-06  0.19757E+02  0.00000E+00  0.00000E+00     69  0.00000E+00      0.000
       0.9887 -0.10000E+02  0.00000E+00 -0.10000E+02  0.00000E+00 -0.10000E+02 -0.98872E+01  0.00000E+00 -0.98872E+01  0.00000E+00 -0.99208E+01 -0.11547E+02  0.00000E+00 -0.11547E+02  0.00000E+00  0.17270E-06  0.19757E+02  0.00000E+00  0.00000E+00     70  0.00000E+00      0.000
       1.0000 -0.10000E+02  0.00000E+00 -0.10000E+02  0.00000E+00 -0.10000E+02 -0.10000E+02  0.00000E+00 -0.10000E+02  0.00000E+00 -0.10034E+02 -0.11547E+02  0.00000E+00 -0.11547E+02  0.00000E+00  0.17270E-06  0.19757E+02  0.00000E+00  0.00000E+00     71  0.00000E+00      0.000
       1.0165 -0.10000E+02  0.00000E+00 -0.10000E+02  0.00000E+00 -0.10000E+02 -0.10165E+02  0.00000E+00 -0.10165E+02  0.00000E+00 -0.10198E+02 -0.11547E+02  0.00000E+00 -0.11547E+02  0.00000E+00  0.17270E-06  0.19757E+02  0.00000E+00  0.00000E+00     72  0.00000E+00      0.000
       1.0329 -0.10000E+02  0.00000E+00 -0.10000E+02  0.00000E+00 -0.10000E+02 -0.10329E+02  0.00000E+00 -0.10329E+02  0.00000E+00 -0.10363E+02 -0.11547E+02  0.00000E+00 -0.11547E+02  0.00000E+00  0.17270E-06  0.19757E+02  0.00000E+00  0.00000E+00     73  0.00000E+00      0.000
       1.0494 -0.10000E+02  0.00000E+00 -0.10000E+02  0.00000E+00 -0.10000E+02 -0.10494E+02  0.00000E+00 -0.10494E+02  0.00000E+00 -0.10528E+02 -0.11547E+02  0.00000E+00 -0.11547E+02  0.00000E+00  0.17270E-06  0.19757E+02  0.00000E+00  0.00000E+00     74  0.00000E+00      0.000
       1.0659 -0.10000E+02  0.00000E+00 -0.10000E+02  0.00000E+00 -0.99999E+01 -0.10659E+02  0.00000E+00 -0.10659E+02  0.00000E+00 -0.10692E+02 -0.11547E+02  0.00000E+00 -0.11547E+02  0.00000E+00  0.17270E-06  0.19757E+02  0.00000E+00  0.00000E+00     75  0.00000E+00      0.000
       1.0823 -0.10000E+02  0.00000E+00 -0.10000E+02  0.00000E+00 -0.10000E+02 -0.10823E+02  0.00000E+00 -0.10823E+02  0.00000E+00 -0.10857E+02 -0.11547E+02  0.00000E+00 -0.11547E+02  0.00000E+00  0.17270E-06  0.19757E+02  0.00000E+00  0.00000E+00     76  0.00000E+00      0.000
       1.0988 -0.10000E+02  0.00000E+00 -0.10000E+02  0.00000E+00 -0.10000E+02 -0.10988E+02  0.00000E+00 -0.10988E+02  0.00000E+00 -0.11021E+02 -0.11547E+02  0.00000E+00 -0.11547E+02  0.00000E+00  0.17270E-06  0.19757E+02  0.00000E+00  0.00000E+00     77  0.00000E+00      0.000
       1.1152 -0.10000E+02  0.00000E+00 -0.10000E+02  0.00000E+00 -0.10000E+02 -0.11152E+02  0.00000E+00 -0.11152E+02  0.00000E+00 -0.11186E+02 -0.11547E+02  0.00000E+00 -0.11547E+02  0.00000E+00  0.17270E-06  0.19757E+02  0.00000E+00  0.00000E+00     78  0.00000E+00      0.000
       1.1317 -0.10000E+02  0.00000E+00 -0.10000E+02  0.00000E+00 -0.10000E+02 -0.11317E+02  0.00000E+00 -0.11317E+02  0.00000E+00 -0.11351E+02 -0.11547E+02  0.00000E+00 -0.11547E+02  0.00000E+00  0.17270E-06  0.19757E+02  0.00000E+00  0.00000E+00     79  0.00000E+00      0.000
       1.1482 -0.10000E+02  0.00000E+00 -0.10000E+02  0.00000E+00 -0.10000E+02 -0.11482E+02  0.00000E+00 -0.11482E+02  0.00000E+00 -0.11515E+02 -0.11547E+02  0.00000E+00 -0.11547E+02  0.00000E+00  0.17270E-06  0.19757E+02  0.00000E+00  0.00000E+00     80  0.00000E+00      0.000
       1.1646 -0.10000E+02  0.00000E+00 -0.10000E+02  0.00000E+00 -0.10000E+02 -0.11646E+02  0.00000E+00 -0.11646E+02  0.00000E+00 -0.11680E+02 -0.11547E+02  0.00000E+00 -0.11547E+02  0.00000E+00  0.17270E-06  0.19757E+02  0.00000E+00  0.00000E+00     81  0.00000E+00      0.000
       1.1811 -0.10000E+02  0.00000E+00 -0.10000E+02  0.00000E+00 -0.10000E+02 -0.11811E+02  0.00000E+00 -0.11811E+02  0.00000E+00 -0.11845E+02 -0.11547E+02  0.00000E+00 -0.11547E+02  0.00000E+00  0.17270E-06  0.19757E+02  0.00000E+00  0.00000E+00     82  0.00000E+00      0.000
       1.1976 -0.10000E+02  0.00000E+00 -0.10000E+02  0.00000E+00 -0.10000E+02 -0.11976E+02  0.00000E+00 -0.11976E+02  0.00000E+00 -0.12009E+02 -0.11547E+02  0.00000E+00 -0.11547E+02  0.00000E+00  0.17270E-06  0.19757E+02  0.00000E+00  0.00000E+00     83  0.00000E+00      0.000
       1.2140 -0.10000E+02  0.00000E+00 -0.10000E+02  0.00000E+00 -0.10000E+02 -0.12140E+02  0.00000E+00 -0.12140E+02  0.00000E+00 -0.12174E+02 -0.11547E+02  0.00000E+00 -0.11547E+02  0.00000E+00  0.17270E-06  0.19757E+02  0.00000E+00  0.00000E+00     84  0.00000E+00      0.000
       1.2305 -0.10000E+02  0.00000E+00 -0.10000E+02  0.00000E+00 -0.10000E+02 -0.12305E+02  0.00000E+00 -0.12305E+02  0.00000E+00 -0.12339E+02 -0.11547E+02  0.00000E+00 -0.11547E+02  0.00000E+00  0.17270E-06  0.19757E+02  0.00000E+00  0.00000E+00     85  0.00000E+00      0.000
       1.2470 -0.10000E+02  0.00000E+00 -0.10000E+02  0.00000E+00 -0.10000E+02 -0.12470E+02  0.00000E+00 -0.12470E+02  0.00000E+00 -0.12503E+02 -0.11547E+02  0.00000E+00 -0.11547E+02  0.00000E+00  0.17270E-06  0.19757E+02  0.00000E+00  0.00000E+00     86  0.00000E+00      0.000
       1.2634 -0.10000E+02  0.00000E+00 -0.10000E+02  0.00000E+00 -0.10000E+02 -0.12634E+02  0.00000E+00 -0.12634E+02  0.00000E+00 -0.12668E+02 -0.11547E+02  0.00000E+00 -0.11547E+02  0.00000E+00  0.17270E-06  0.19757E+02  0.00000E+00  0.00000E+00     87  0.00000E+00      0.000
       1.2799 -0.10000E+02  0.00000E+00 -0.10000E+02  0.00000E+00 -0.10000E+02 -0.12799E+02  0.00000E+00 -0.12799E+02  0.00000E+00 -0.12832E+02 -0.11547E+02  0.00000E+00 -0.11547E+02  0.00000E+00  0.17270E-06  0.19757E+02  0.00000E+00  0.00000E+00     88  0.00000E+00      0.000
       1.2963 -0.10000E+02  0.00000E+00 -0.10000E+02  0.00000E+00 -0.10000E+02 -0.12963E+02  0.00000E+00 -0.12963E+02  0.00000E+00 -0.12997E+02 -0.11547E+02  0.00000E+00 -0.11547E+02  0.00000E+00  0.17270E-06  0.19757E+02  0.00000E+00  0.00000E+00     89  0.00000E+00      0.000
       1.3128 -0.10000E+02  0.00000E+00 -0.10000E+02  0.00000E+00 -0.10000E+02 -0.13128E+02  0.00000E+00 -0.13128E+02  0.00000E+00 -0.13162E+02 -0.11547E+02  0.00000E+00 -0.11547E+02  0.00000E+00  0.17270E-06  0.19757E+02  0.00000E+00  0.00000E+00     90  0.00000E+00      0.000
       1.3293 -0.10000E+02  0.00000E+00 -0.10000E+02  0.00000E+00 -0.10000E+02 -0.13293E+02  0.00000E+00 -0.13293E+02  0.00000E+00 -0.13326E+02 -0.11547E+02  0.00000E+00 -0.11547E+02  0.00000E+00  0.17270E-06  0.19757E+02  0.00000E+00  0.00000E+00     91  0.00000E+00      0.000
       1.3457 -0.10000E+02  0.00000E+00 -0.10000E+02  0.00000E+00 -0.10000E+02 -0.13457E+02  0.00000E+00 -0.13457E+02  0.00000E+00 -0.13491E+02 -0.11547E+02  0.00000E+00 -0.11547E+02  0.00000E+00  0.17270E-06  0.19757E+02  0.00000E+00  0.00000E+00     92  0.00000E+00      0.000
       1.3622 -0.10000E+02  0.00000E+00 -0.10000E+02  0.00000E+00 -0.10000E+02 -0.13622E+02  0.00000E+00 -0.13622E+02  0.00000E+00 -0.13656E+02 -0.11547E+02  0.00000E+00 -0.11547E+02  0.00000E+00  0.17270E-06  0.19757E+02  0.00000E+00  0.00000E+00     93  0.00000E+00      0.000
       1.3787 -0.10000E+02  0.00000E+00 -0.10000E+02  0.00000E+00 -0.10000E+02 -0.13787E+02  0.00000E+00 -0.13787E+02  0.00000E+00 -0.13820E+02 -0.11547E+02  0.00000E+00 -0.11547E+02  0.00000E+00  0.17270E-06  0.19757E+02  0.00000E+00  0.00000E+00     94  0.00000E+00      0.000
       1.3951 -0.10000E+02  0.00000E+00 -0.10000E+02  0.00000E+00 -0.10000E+02 -0.13951E+02  0.00000E+00 -0.13951E+02  0.00000E+00 -0.13985E+02 -0.11547E+02  0.00000E+00 -0.11547E+02  0.00000E+00  0.17270E-06  0.19757E+02  0.00000E+00  0.00000E+00     95  0.00000E+00      0.000
       1.4116 -0.10000E+02  0.00000E+00 -0.10000E+02  0.00000E+00 -0.10000E+02 -0.14116E+02  0.00000E+00 -0.14116E+02  0.00000E+00 -0.14150E+02 -0.11547E+02  0.00000E+00 -0.11547E+02  0.00000E+00  0.17270E-06  0.19757E+02  0.00000E+00  0.00000E+00     96  0.00000E+00      0.000
       1.4281 -0.10000E+02  0.00000E+00 -0.10000E+02  0.00000E+00 -0.10000E+02 -0.14281E+02  0.00000E+00 -0.14281E+02  0.00000E+00 -0.14314E+02 -0.11547E+02  0.00000E+00 -0.11547E+02  0.00000E+00  0.17270E-06  0.19757E+02  0.00000E+00  0.00000E+00     97  0.00000E+00      0.000
       1.4445 -0.10000E+02  0.00000E+00 -0.10000E+02  0.00000E+00 -0.10000E+02 -0.14445E+02  0.00000E+00 -0.14445E+02  0.00000E+00 -0.14479E+02 -0.11547E+02  0.00000E+00 -0.11547E+02  0.00000E+00  0.17270E-06  0.19757E+02  0.00000E+00  0.00000E+00     98  0.00000E+00      0.000
       1.4610 -0.10000E+02  0.00000E+00 -0.10000E+02  0.00000E+00 -0.10000E+02 -0.14610E+02  0.00000E+00 -0.14610E+02  0.00000E+00 -0.14644E+02 -0.11547E+02  0.00000E+00 -0.11547E+02  0.00000E+00  0.17270E-06  0.19757E+02  0.00000E+00  0.00000E+00     99  0.00000E+00      0.000
       1.4774 -0.10000E+02  0.00000E+00 -0.10000E+02  0.00000E+00 -0.10000E+02 -0.14774E+02  0.00000E+00 -0.14774E+02  0.00000E+00 -0.14808E+02 -0.11547E+02  0.00000E+00 -0.11547E+02  0.00000E+00  0.17270E-06  0.19757E+02  0.00000E+00  0.00000E+00    100  0.00000E+00      0.000
       1.4887 -0.10000E+02  0.00000E+00 -0.10000E+02  0.00000E+00 -0.10000E+02 -0.14887E+02  0.00000E+00 -0.14887E+02  0.00000E+00 -0.14921E+02 -0.11547E+02  0.00000E+00 -0.11547E+02  0.00000E+00  0.17270E-06  0.19757E+02  0.00000E+00  0.00000E+00    101  0.00000E+00      0.000
       1.5000 -0.10000E+02  0.00000E+00 -0.10000E+02  0.00000E+00 -0.10000E+02 -0.15000E+02  0.00000E+00 -0.15000E+02  0.00000E+00 -0.15034E+02 -0.11547E+02  0.00000E+00 -0.11547E+02  0.00000E+00  0.17270E-06  0.19757E+02  0.00000E+00  0.00000E+00    102  0.00000E+00      0.000
       1.5165 -0.10000E+02  0.00000E+00 -0.10000E+02  0.00000E+00 -0.10000E+02 -0.15165E+02  0.00000E+00 -0.15165E+02  0.00000E+00 -0.15198E+02 -0.11547E+02  0.00000E+00 -0.11547E+02  0.00000E+00  0.17270E-06  0.19757E+02  0.00000E+00  0.00000E+00    103  0.00000E+00      0.000
       1.5329 -0.10000E+02  0.00000E+00 -0.10000E+02  0.00000E+00 -0.10000E+02 -0.15329E+02  0.00000E+00 -0.15329E+02  0.00000E+00 -0.15363E+02 -0.11547E+02  0.00000E+00 -0.11547E+02  0.00000E+00  0.17270E-06  0.19757E+02  0.00000E+00  0.00000E+00    104  0.00000E+00      0.000
       1.5494 -0.10000E+02  0.00000E+00 -0.10000E+02  0.00000E+00 -0.10000E+02 -0.15494E+02  0.00000E+00 -0.15494E+02  0.00000E+00 -0.15528E+02 -0.11547E+02  0.00000E+00 -0.11547E+02  0.00000E+00  0.17270E-06  0.19757E+02  0.00000E+00  0.00000E+00    105  0.00000E+00      0.000
       1.5659 -0.10000E+02  0.00000E+00 -0.10000E+02  0.00000E+00 -0.10000E+02 -0.15659E+02  0.00000E+00 -0.15659E+02  0.00000E+00 -0.15692E+02 -0.11547E+02  0.00000E+00 -0.11547E+02  0.00000E+00  0.17270E-06  0.19757E+02  0.00000E+00  0.00000E+00    106  0.00000E+00      0.000
       1.5823 -0.10000E+02  0.00000E+00 -0.10000E+02  0.00000E+00 -0.10000E+02 -0.15823E+02  0.00000E+00 -0.15823E+02  0.00000E+00 -0.15857E+02 -0.11547E+02  0.00000E+00 -0.11547E+02  0.00000E+00  0.17270E-06  0.19757E+02  0.00000E+00  0.00000E+00    107  0.00000E+00      0.000
       1.5988 -0.10000E+02  0.00000E+00 -0.10000E+02  0.00000E+00 -0.10000E+02 -0.15988E+02  0.00000E+00 -0.15988E+02  0.00000E+00 -0.16021E+02 -0.11547E+02  0.00000E+00 -0.11547E+02  0.00000E+00  0.17270E-06  0.19757E+02  0.00000E+00  0.00000E+00    108  0.00000E+00      0.000
       1.6152 -0.10000E+02  0.00000E+00 -0.10000E+02  0.00000E+00 -0.10000E+02 -0.16152E+02  0.00000E+00 -0.16152E+02  0.00000E+00 -0.16186E+02 -0.11547E+02  0.00000E+00 -0.11547E+02  0.00000E+00  0.17270E-06  0.19757E+02  0.00000E+00  0.00000E+00    109  0.00000E+00      0.000
       1.6317 -0.10000E+02  0.00000E+00 -0.10000E+02  0.00000E+00 -0.10000E+02 -0.16317E+02  0.00000E+00 -0.16317E+02  0.00000E+00 -0.16351E+02 -0.11547E+02  0.00000E+00 -0.11547E+02  0.00000E+00  0.17270E-06  0.19757E+02  0.00000E+00  0.00000E+00    110  0.00000E+00      0.000
       1.6482 -0.10000E+02  0.00000E+00 -0.10000E+02  0.00000E+00 -0.10000E+02 -0.16482E+02  0.00000E+00 -0.16482E+02  0.00000E+00 -0.16515E+02 -0.11547E+02  0.00000E+00 -0.11547E+02  0.00000E+00  0.17270E-06  0.19757E+02  0.00000E+00  0.00000E+00    111  0.00000E+00      0.000
       1.6646 -0.10000E+02  0.00000E+00 -0.10000E+02  0.00000E+00 -0.10000E+02 -0.16646E+02  0.00000E+00 -0.16646E+02  0.00000E+00 -0.16680E+02 -0.11547E+02  0.00000E+00 -0.11547E+02  0.00000E+00  0.17270E-06  0.19757E+02  0.00000E+00  0.00000E+00    112  0.00000E+00      0.000
       1.6811 -0.10000E+02  0.00000E+00 -0.10000E+02  0.00000E+00 -0.10000E+02 -0.16811E+02  0.00000E+00 -0.16811E+02  0.00000E+00 -0.16845E+02 -0.11547E+02  0.00000E+00 -0.11547E+02  0.00000E+00  0.17270E-06  0.19757E+02  0.00000E+00  0.00000E+00    113  0.00000E+00      0.000
       1.6976 -0.10000E+02  0.00000E+00 -0.10000E+02  0.00000E+00 -0.10000E+02 -0.16976E+02  0.00000E+00 -0.16976E+02  0.00000E+00 -0.17009E+02 -0.11547E+02  0.00000E+00 -0.11547E+02  0.00000E+00  0.17270E-06  0.19757E+02  0.00000E+00  0.00000E+00    114  0.00000E+00      0.000
       1.7140 -0.10000E+02  0.00000E+00 -0.10000E+02  0.00000E+00 -0.10000E+02 -0.17140E+02  0.00000E+00 -0.17140E+02  0.00000E+00 -0.17174E+02 -0.11547E+02  0.00000E+00 -0.11547E+02  0.00000E+00  0.17270E-06  0.19757E+02  0.00000E+00  0.00000E+00    115  0.00000E+00      0.000
       1.7305 -0.10000E+02  0.00000E+00 -0.10000E+02  0.00000E+00 -0.10000E+02 -0.17305E+02  0.00000E+00 -0.17305E+02  0.00000E+00 -0.17339E+02 -0.11547E+02  0.00000E+00 -0.11547E+02  0.00000E+00  0.17270E-06  0.19757E+02  0.00000E+00  0.00000E+00    116  0.00000E+00      0.000
       1.7470 -0.10000E+02  0.00000E+00 -0.10000E+02  0.00000E+00 -0.10000E+02 -0.17470E+02  0.00000E+00 -0.17470E+02  0.00000E+00 -0.17503E+02 -0.11547E+02  0.00000E+00 -0.11547E+02  0.00000E+00  0.17270E-06  0.19757E+02  0.00000E+00  0.00000E+00    117  0.00000E+00      0.000
       1.7634 -0.10000E+02  0.00000E+00 -0.10000E+02  0.00000E+00 -0.10000E+02 -0.17634E+02  0.00000E+00 -0.17634E+02  0.00000E+00 -0.17668E+02 -0.11547E+02  0.00000E+00 -0.11547E+02  0.00000E+00  0.17270E-06  0.19757E+02  0.00000E+00  0.00000E+00    118  0.00000E+00      0.000
       1.7799 -0.10000E+02  0.00000E+00 -0.10000E+02  0.00000E+00 -0.10000E+02 -0.17799E+02  0.00000E+00 -0.17799E+02  0.00000E+00 -0.17833E+02 -0.11547E+02  0.00000E+00 -0.11547E+02  0.00000E+00  0.17270E-06  0.19757E+02  0.00000E+00  0.00000E+00    119  0.00000E+00      0.000
       1.7963 -0.10000E+02  0.00000E+00 -0.10000E+02  0.00000E+00 -0.10000E+02 -0.17963E+02  0.00000E+00 -0.17963E+02  0.00000E+00 -0.17997E+02 -0.11547E+02  0.00000E+00 -0.11547E+02  0.00000E+00  0.17270E-06  0.19757E+02  0.00000E+00  0.00000E+00    120  0.00000E+00      0.000
       1.8128 -0.10000E+02  0.00000E+00 -0.10000E+02  0.00000E+00 -0.10000E+02 -0.18128E+02  0.00000E+00 -0.18128E+02  0.00000E+00 -0.18162E+02 -0.11547E+02  0.00000E+00 -0.11547E+02  0.00000E+00  0.17270E-06  0.19757E+02  0.00000E+00  0.00000E+00    121  0.00000E+00      0.000
       1.8293 -0.10000E+02  0.00000E+00 -0.10000E+02  0.00000E+00 -0.10000E+02 -0.18293E+02  0.00000E+00 -0.18293E+02  0.00000E+00 -0.18326E+02 -0.11547E+02  0.00000E+00 -0.11547E+02  0.00000E+00  0.17270E-06  0.19757E+02  0.00000E+00  0.00000E+00    122  0.00000E+00      0.000
       1.8457 -0.10000E+02  0.00000E+00 -0.10000E+02  0.00000E+00 -0.10000E+02 -0.18457E+02  0.00000E+00 -0.18457E+02  0.00000E+00 -0.18491E+02 -0.11547E+02  0.00000E+00 -0.11547E+02  0.00000E+00  0.17270E-06  0.19757E+02  0.00000E+00  0.00000E+00    123  0.00000E+00      0.000
       1.8622 -0.10000E+02  0.00000E+00 -0.10000E+02  0.00000E+00 -0.10000E+02 -0.18622E+02  0.00000E+00 -0.18622E+02  0.00000E+00 -0.18656E+02 -0.11547E+02  0.00000E+00 -0.11547E+02  0.00000E+00  0.17270E-06  0.19757E+02  0.00000E+00  0.00000E+00    124  0.00000E+00      0.000
       1.8787 -0.10000E+02  0.00000E+00 -0.10000E+02  0.00000E+00 -0.10000E+02 -0.18787E+02  0.00000E+00 -0.18787E+02  0.00000E+00 -0.18820E+02 -0.11547E+02  0.00000E+00 -0.11547E+02  0.00000E+00  0.17270E-06  0.19757E+02  0.00000E+00  0.00000E+00    125  0.00000E+00      0.000
       1.8951 -0.10000E+02  0.00000E+00 -0.10000E+02  0.00000E+00 -0.10000E+02 -0.18951E+02  0.00000E+00 -0.18951E+02  0.00000E+00 -0.18985E+02 -0.11547E+02  0.00000E+00 -0.11547E+02  0.00000E+00  0.17270E-06  0.19757E+02  0.00000E+00  0.00000E+00    126  0.00000E+00      0.000
       1.9116 -0.10000E+02  0.00000E+00 -0.10000E+02  0.00000E+00 -0.10000E+02 -0.19116E+02  0.00000E+00 -0.19116E+02  0.00000E+00 -0.19150E+02 -0.11547E+02  0.00000E+00 -0.11547E+02  0.00000E+00  0.17270E-06  0.19757E+02  0.00000E+00  0.00000E+00    127  0.00000E+00      0.000
       1.9281 -0.10000E+02  0.00000E+00 -0.10000E+02  0.00000E+00 -0.10000E+02 -0.19281E+02  0.00000E+00 -0.19281E+02  0.00000E+00 -0.19314E+02 -0.11547E+02  0.00000E+00 -0.11547E+02  0.00000E+00  0.17270E-06  0.19757E+02  0.00000E+00  0.00000E+00    128  0.00000E+00      0.000
       1.9445 -0.10000E+02  0.00000E+00 -0.10000E+02  0.00000E+00 -0.10000E+02 -0.19445E+02  0.00000E+00 -0.19445E+02  0.00000E+00 -0.19479E+02 -0.11547E+02  0.00000E+00 -0.11547E+02  0.00000E+00  0.17270E-06  0.19757E+02  0.00000E+00  0.00000E+00    129  0.00000E+00      0.000
       1.9610 -0.10000E+02  0.00000E+00 -0.10000E+02  0.00000E+00 -0.10000E+02 -0.19610E+02  0.00000E+00 -0.19610E+02  0.00000E+00 -0.19644E+02 -0.11547E+02  0.00000E+00 -0.11547E+02  0.00000E+00  0.17270E-06  0.19757E+02  0.00000E+00  0.00000E+00    130  0.00000E+00      0.000
       1.9774 -0.10000E+02  0.00000E+00 -0.10000E+02  0.00000E+00 -0.10000E+02 -0.19774E+02  0.00000E+00 -0.19774E+02  0.00000E+00 -0.19808E+02 -0.11547E+02  0.00000E+00 -0.11547E+02  0.00000E+00  0.17270E-06  0.19757E+02  0.00000E+00  0.00000E+00    131  0.00000E+00      0.000
       1.9887 -0.10000E+02  0.00000E+00 -0.10000E+02  0.00000E+00 -0.10000E+02 -0.19887E+02  0.00000E+00 -0.19887E+02  0.00000E+00 -0.19921E+02 -0.11547E+02  0.00000E+00 -0.11547E+02  0.00000E+00  0.17270E-06  0.19757E+02  0.00000E+00  0.00000E+00    132  0.00000E+00      0.000
       2.0000 -0.10000E+02  0.00000E+00 -0.10000E+02  0.00000E+00 -0.10000E+02 -0.20000E+02  0.00000E+00 -0.20000E+02  0.00000E+00 -0.20034E+02 -0.11547E+02  0.00000E+00 -0.11547E+02  0.00000E+00  0.17270E-06  0.19757E+02  0.00000E+00  0.00000E+00    133  0.00000E+00      0.000
       2.0165 -0.10000E+02  0.00000E+00 -0.10000E+02  0.00000E+00 -0.10000E+02 -0.20165E+02  0.00000E+00 -0.20165E+02  0.00000E+00 -0.20198E+02 -0.11547E+02  0.00000E+00 -0.11547E+02  0.00000E+00  0.17270E-06  0.19757E+02  0.00000E+00  0.00000E+00    134  0.00000E+00      0.000
       2.0329 -0.10000E+02  0.00000E+00 -0.10000E+02  0.00000E+00 -0.10000E+02 -0.20329E+02  0.00000E+00 -0.20329E+02  0.00000E+00 -0.20363E+02 -0.11547E+02  0.00000E+00 -0.11547E+02  0.00000E+00  0.17270E-06  0.19757E+02  0.00000E+00  0.00000E+00    135  0.00000E+00      0.000
       2.0494 -0.10000E+02  0.00000E+00 -0.10000E+02  0.00000E+00 -0.10000E+02 -0.20494E+02  0.00000E+00 -0.20494E+02  0.00000E+00 -0.20528E+02 -0.11547E+02  0.00000E+00 -0.11547E+02  0.00000E+00  0.17270E-06  0.19757E+02  0.00000E+00  0.00000E+00    136  0.00000E+00      0.000
       2.0659 -0.10000E+02  0.00000E+00 -0.10000E+02  0.00000E+00 -0.10000E+02 -0.20659E+02  0.00000E+00 -0.20659E+02  0.00000E+00 -0.20692E+02 -0.11547E+02  0.00000E+00 -0.11547E+02  0.00000E+00  0.17270E-06  0.19757E+02  0.00000E+00  0.00000E+00    137  0.00000E+00      0.000
       2.0823 -0.10000E+02  0.00000E+00 -0.10000E+02  0.00000E+00 -0.10000E+02 -0.20823E+02  0.00000E+00 -0.20823E+02  0.00000E+00 -0.20857E+02 -0.11547E+02  0.00000E+00 -0.11547E+02  0.00000E+00  0.17270E-06  0.19757E+02  0.00000E+00  0.00000E+00    138  0.00000E+00      0.000
       2.0988 -0.10000E+02  0.00000E+00 -0.10000E+02  0.00000E+00 -0.99999E+01 -0.20988E+02  0.00000E+00 -0.20988E+02  0.00000E+00 -0.21022E+02 -0.11547E+02  0.00000E+00 -0.11547E+02  0.00000E+00  0.17270E-06  0.19757E+02  0.00000E+00  0.00000E+00    139  0.00000E+00      0.000
       2.1152 -0.10000E+02  0.00000E+00 -0.10000E+02  0.00000E+00 -0.10000E+02 -0.21152E+02  0.00000E+00 -0.21152E+02  0.00000E+00 -0.21186E+02 -0.11547E+02  0.00000E+00 -0.11547E+02  0.00000E+00  0.17270E-06  0.19757E+02  0.00000E+00  0.00000E+00    140  0.00000E+00      0.000
       2.1317 -0.10000E+02  0.00000E+00 -0.10000E+02  0.00000E+00 -0.10000E+02 -0.21317E+02  0.00000E+00 -0.21317E+02  0.00000E+00 -0.21351E+02 -0.11547E+02  0.00000E+00 -0.11547E+02  0.00000E+00  0.17270E-06  0.19757E+02  0.00000E+00  0.00000E+00    141  0.00000E+00      0.000
       2.1482 -0.10000E+02  0.00000E+00 -0.10000E+02  0.00000E+00 -0.10000E+02 -0.21482E+02  0.00000E+00 -0.21482E+02  0.00000E+00 -0.21515E+02 -0.11547E+02  0.00000E+00 -0.11547E+02  0.00000E+00  0.17270E-06  0.19757E+02  0.00000E+00  0.00000E+00    142  0.00000E+00      0.000
       2.1646 -0.10000E+02  0.00000E+00 -0.10000E+02  0.00000E+00 -0.10000E+02 -0.21646E+02  0.00000E+00 -0.21646E+02  0.00000E+00 -0.21680E+02 -0.11547E+02  0.00000E+00 -0.11547E+02  0.00000E+00  0.17270E-06  0.19757E+02  0.00000E+00  0.00000E+00    143  0.00000E+00      0.000
       2.1811 -0.10000E+02  0.00000E+00 -0.10000E+02  0.00000E+00 -0.10000E+02 -0.21811E+02  0.00000E+00 -0.21811E+02  0.00000E+00 -0.21845E+02 -0.11547E+02  0.00000E+00 -0.11547E+02  0.00000E+00  0.17270E-06  0.19757E+02  0.00000E+00  0.00000E+00    144  0.00000E+00      0.000
       2.1976 -0.10000E+02  0.00000E+00 -0.10000E+02  0.00000E+00 -0.10000E+02 -0.21976E+02  0.00000E+00 -0.21976E+02  0.00000E+00 -0.22009E+02 -0.11547E+02  0.00000E+00 -0.11547E+02  0.00000E+00  0.17270E-06  0.19757E+02  0.00000E+00  0.00000E+00    145  0.00000E+00      0.000
       2.2140 -0.10000E+02  0.00000E+00 -0.10000E+02  0.00000E+00 -0.10000E+02 -0.22140E+02  0.00000E+00 -0.22140E+02  0.00000E+00 -0.22174E+02 -0.11547E+02  0.00000E+00 -0.11547E+02  0.00000E+00  0.17270E-06  0.19757E+02  0.00000E+00  0.00000E+00    146  0.00000E+00      0.000
       2.2305 -0.10000E+02  0.00000E+00 -0.10000E+02  0.00000E+00 -0.10000E+02 -0.22305E+02  0.00000E+00 -0.22305E+02  0.00000E+00 -0.22339E+02 -0.11547E+02  0.00000E+00 -0.11547E+02  0.00000E+00  0.17270E-06  0.19757E+02  0.00000E+00  0.00000E+00    147  0.00000E+00      0.000
       2.2470 -0.10000E+02  0.00000E+00 -0.10000E+02  0.00000E+00 -0.99999E+01 -0.22470E+02  0.00000E+00 -0.22470E+02  0.00000E+00 -0.22503E+02 -0.11547E+02  0.00000E+00 -0.11547E+02  0.00000E+00  0.17270E-06  0.19757E+02  0.00000E+00  0.00000E+00    148  0.00000E+00      0.000
       2.2634 -0.10000E+02  0.00000E+00 -0.10000E+02  0.00000E+00 -0.10000E+02 -0.22634E+02  0.00000E+00 -0.22634E+02  0.00000E+00 -0.22668E+02 -0.11547E+02  0.00000E+00 -0.11547E+02  0.00000E+00  0.17270E-06  0.19757E+02  0.00000E+00  0.00000E+00    149  0.00000E+00      0.000
       2.2799 -0.10000E+02  0.00000E+00 -0.10000E+02  0.00000E+00 -0.99999E+01 -0.22799E+02  0.00000E+00 -0.22799E+02  0.00000E+00 -0.22833E+02 -0.11547E+02  0.00000E+00 -0.11547E+02  0.00000E+00  0.17270E-06  0.19757E+02  0.00000E+00  0.00000E+00    150  0.00000E+00      0.000
       2.2963 -0.10000E+02  0.00000E+00 -0.10000E+02  0.00000E+00 -0.10000E+02 -0.22963E+02  0.00000E+00 -0.22963E+02  0.00000E+00 -0.22997E+02 -0.11547E+02  0.00000E+00 -0.11547E+02  0.00000E+00  0.17270E-06  0.19757E+02  0.00000E+00  0.00000E+00    151  0.00000E+00      0.000
       2.3128 -0.10000E+02  0.00000E+00 -0.10000E+02  0.00000E+00 -0.10000E+02 -0.23128E+02  0.00000E+00 -0.23128E+02  0.00000E+00 -0.23162E+02 -0.11547E+02  0.00000E+00 -0.11547E+02  0.00000E+00  0.17270E-06  0.19757E+02  0.00000E+00  0.00000E+00    152  0.00000E+00      0.000
       2.3293 -0.10000E+02  0.00000E+00 -0.10000E+02  0.00000E+00 -0.10000E+02 -0.23293E+02  0.00000E+00 -0.23293E+02  0.00000E+00 -0.23326E+02 -0.11547E+02  0.00000E+00 -0.11547E+02  0.00000E+00  0.17270E-06  0.19757E+02  0.00000E+00  0.00000E+00    153  0.00000E+00      0.000
       2.3457 -0.10000E+02  0.00000E+00 -0.10000E+02  0.00000E+00 -0.10000E+02 -0.23457E+02  0.00000E+00 -0.23457E+02  0.00000E+00 -0.23491E+02 -0.11547E+02  0.00000E+00 -0.11547E+02  0.00000E+00  0.17270E-06  0.19757E+02  0.00000E+00  0.00000E+00    154  0.00000E+00      0.000
       2.3622 -0.10000E+02  0.00000E+00 -0.10000E+02  0.00000E+00 -0.10000E+02 -0.23622E+02  0.00000E+00 -0.23622E+02  0.00000E+00 -0.23656E+02 -0.11547E+02  0.00000E+00 -0.11547E+02  0.00000E+00  0.17270E-06  0.19757E+02  0.00000E+00  0.00000E+00    155  0.00000E+00      0.000
       2.3787 -0.10000E+02  0.00000E+00 -0.10000E+02  0.00000E+00 -0.10000E+02 -0.23787E+02  0.00000E+00 -0.23787E+02  0.00000E+00 -0.23820E+02 -0.11547E+02  0.00000E+00 -0.11547E+02  0.00000E+00  0.17270E-06  0.19757E+02  0.00000E+00  0.00000E+00    156  0.00000E+00      0.000
       2.3951 -0.10000E+02  0.00000E+00 -0.10000E+02  0.00000E+00 -0.10000E+02 -0.23951E+02  0.00000E+00 -0.23951E+02  0.00000E+00 -0.23985E+02 -0.11547E+02  0.00000E+00 -0.11547E+02  0.00000E+00  0.17270E-06  0.19757E+02  0.00000E+00  0.00000E+00    157  0.00000E+00      0.000
       2.4116 -0.10000E+02  0.00000E+00 -0.10000E+02  0.00000E+00 -0.10000E+02 -0.24116E+02  0.00000E+00 -0.24116E+02  0.00000E+00 -0.24150E+02 -0.11547E+02  0.00000E+00 -0.11547E+02  0.00000E+00  0.17270E-06  0.19757E+02  0.00000E+00  0.00000E+00    158  0.00000E+00      0.000
       2.4281 -0.10000E+02  0.00000E+00 -0.10000E+02  0.00000E+00 -0.10000E+02 -0.24281E+02  0.00000E+00 -0.24281E+02  0.00000E+00 -0.24314E+02 -0.11547E+02  0.00000E+00 -0.11547E+02  0.00000E+00  0.17270E-06  0.19757E+02  0.00000E+00  0.00000E+00    159  0.00000E+00      0.000
       2.4445 -0.10000E+02  0.00000E+00 -0.10000E+02  0.00000E+00 -0.10000E+02 -0.24445E+02  0.00000E+00 -0.24445E+02  0.00000E+00 -0.24479E+02 -0.11547E+02  0.00000E+00 -0.11547E+02  0.00000E+00  0.17270E-06  0.19757E+02  0.00000E+00  0.00000E+00    160  0.00000E+00      0.000
       2.4610 -0.10000E+02  0.00000E+00 -0.10000E+02  0.00000E+00 -0.99999E+01 -0.24610E+02  0.00000E+00 -0.24610E+02  0.00000E+00 -0.24644E+02 -0.11547E+02  0.00000E+00 -0.11547E+02  0.00000E+00  0.17270E-06  0.19757E+02  0.00000E+00  0.00000E+00    161  0.00000E+00      0.000
       2.4774 -0.10000E+02  0.00000E+00 -0.10000E+02  0.00000E+00 -0.99999E+01 -0.24774E+02  0.00000E+00 -0.24774E+02  0.00000E+00 -0.24808E+02 -0.11547E+02  0.00000E+00 -0.11547E+02  0.00000E+00  0.17270E-06  0.19757E+02  0.00000E+00  0.00000E+00    162  0.00000E+00      0.000
       2.4887 -0.10000E+02  0.00000E+00 -0.10000E+02  0.00000E+00 -0.10000E+02 -0.24887E+02  0.00000E+00 -0.24887E+02  0.00000E+00 -0.24921E+02 -0.11547E+02  0.00000E+00 -0.11547E+02  0.00000E+00  0.17270E-06  0.19757E+02  0.00000E+00  0.00000E+00    163  0.00000E+00      0.000
       2.5000 -0.10000E+02  0.00000E+00 -0.10000E+02  0.00000E+00 -0.10000E+02 -0.25000E+02  0.00000E+00 -0.25000E+02  0.00000E+00 -0.25034E+02 -0.11547E+02  0.00000E+00 -0.11547E+02  0.00000E+00  0.17270E-06  0.19757E+02  0.00000E+00  0.00000E+00    164  0.00000E+00      0.000
       2.5165 -0.10000E+02  0.00000E+00 -0.10000E+02  0.00000E+00 -0.10000E+02 -0.25165E+02  0.00000E+00 -0.25165E+02  0.00000E+00 -0.25198E+02 -0.11547E+02  0.00000E+00 -0.11547E+02  0.00000E+00  0.17270E-06  0.19757E+02  0.00000E+00  0.00000E+00    165  0.00000E+00      0.000
       2.5329 -0.10000E+02  0.00000E+00 -0.10000E+02  0.00000E+00 -0.10000E+02 -0.25329E+02  0.00000E+00 -0.25329E+02  0.00000E+00 -0.25363E+02 -0.11547E+02  0.00000E+00 -0.11547E+02  0.00000E+00  0.17270E-06  0.19757E+02  0.00000E+00  0.00000E+00    166  0.00000E+00      0.000
       2.5494 -0.10000E+02  0.00000E+00 -0.10000E+02  0.00000E+00 -0.10000E+02 -0.25494E+02  0.00000E+00 -0.25494E+02  0.00000E+00 -0.25528E+02 -0.11547E+02  0.00000E+00 -0.11547E+02  0.00000E+00  0.17270E-06  0.19757E+02  0.00000E+00  0.00000E+00    167  0.00000E+00      0.000
       2.5659 -0.10000E+02  0.00000E+00 -0.10000E+02  0.00000E+00 -0.10000E+02 -0.25659E+02  0.00000E+00 -0.25659E+02  0.00000E+00 -0.25692E+02 -0.11547E+02  0.00000E+00 -0.11547E+02  0.00000E+00  0.17270E-06  0.19757E+02  0.00000E+00  0.00000E+00    168  0.00000E+00      0.000
       2.5823 -0.10000E+02  0.00000E+00 -0.10000E+02  0.00000E+00 -0.10000E+02 -0.25823E+02  0.00000E+00 -0.25823E+02  0.00000E+00 -0.25857E+02 -0.11547E+02  0.00000E+00 -0.11547E+02  0.00000E+00  0.17270E-06  0.19757E+02  0.00000E+00  0.00000E+00    169  0.00000E+00      0.000
       2.5988 -0.10000E+02  0.00000E+00 -0.10000E+02  0.00000E+00 -0.10000E+02 -0.25988E+02  0.00000E+00 -0.25988E+02  0.00000E+00 -0.26022E+02 -0.11547E+02  0.00000E+00 -0.11547E+02  0.00000E+00  0.17270E-06  0.19757E+02  0.00000E+00  0.00000E+00    170  0.00000E+00      0.000
       2.6152 -0.10000E+02  0.00000E+00 -0.10000E+02  0.00000E+00 -0.10000E+02 -0.26152E+02  0.00000E+00 -0.26152E+02  0.00000E+00 -0.26186E+02 -0.11547E+02  0.00000E+00 -0.11547E+02  0.00000E+00  0.17270E-06  0.19757E+02  0.00000E+00  0.00000E+00    171  0.00000E+00      0.000
       2.6317 -0.10000E+02  0.00000E+00 -0.10000E+02  0.00000E+00 -0.10000E+02 -0.26317E+02  0.00000E+00 -0.26317E+02  0.00000E+00 -0.26351E+02 -0.11547E+02  0.00000E+00 -0.11547E+02  0.00000E+00  0.17270E-06  0.19757E+02  0.00000E+00  0.00000E+00    172  0.00000E+00      0.000
       2.6482 -0.10000E+02  0.00000E+00 -0.10000E+02  0.00000E+00 -0.10000E+02 -0.26482E+02  0.00000E+00 -0.26482E+02  0.00000E+00 -0.26515E+02 -0.11547E+02  0.00000E+00 -0.11547E+02  0.00000E+00  0.17270E-06  0.19757E+02  0.00000E+00  0.00000E+00    173  0.00000E+00      0.000
       2.6646 -0.10000E+02  0.00000E+00 -0.10000E+02  0.00000E+00 -0.10000E+02 -0.26646E+02  0.00000E+00 -0.26646E+02  0.00000E+00 -0.26680E+02 -0.11547E+02  0.00000E+00 -0.11547E+02  0.00000E+00  0.17270E-06  0.19757E+02  0.00000E+00  0.00000E+00    174  0.00000E+00      0.000
       2.6811 -0.10000E+02  0.00000E+00 -0.10000E+02  0.00000E+00 -0.10000E+02 -0.26811E+02  0.00000E+00 -0.26811E+02  0.00000E+00 -0.26845E+02 -0.11547E+02  0.00000E+00 -0.11547E+02  0.00000E+00  0.17270E-06  0.19757E+02  0.00000E+00  0.00000E+00    175  0.00000E+00      0.000
       2.6976 -0.10000E+02  0.00000E+00 -0.10000E+02  0.00000E+00 -0.10000E+02 -0.26976E+02  0.00000E+00 -0.26976E+02  0.00000E+00 -0.27009E+02 -0.11547E+02  0.00000E+00 -0.11547E+02  0.00000E+00  0.17270E-06  0.19757E+02  0.00000E+00  0.00000E+00    176  0.00000E+00      0.000
       2.7140 -0.10000E+02  0.00000E+00 -0.10000E+02  0.00000E+00 -0.99999E+01 -0.27140E+02  0.00000E+00 -0.27140E+02  0.00000E+00 -0.27174E+02 -0.11547E+02  0.00000E+00 -0.11547E+02  0.00000E+00  0.17270E-06  0.19757E+02  0.00000E+00  0.00000E+00    177  0.00000E+00      0.000
       2.7305 -0.10000E+02  0.00000E+00 -0.10000E+02  0.00000E+00 -0.10000E+02 -0.27305E+02  0.00000E+00 -0.27305E+02  0.00000E+00 -0.27339E+02 -0.11547E+02  0.00000E+00 -0.11547E+02  0.00000E+00  0.17270E-06  0.19757E+02  0.00000E+00  0.00000E+00    178  0.00000E+00      0.000
       2.7470 -0.10000E+02  0.00000E+00 -0.10000E+02  0.00000E+00 -0.10000E+02 -0.27470E+02  0.00000E+00 -0.27470E+02  0.00000E+00 -0.27503E+02 -0.11547E+02  0.00000E+00 -0.11547E+02  0.00000E+00  0.17270E-06  0.19757E+02  0.00000E+00  0.00000E+00    179  0.00000E+00      0.000
       2.7634 -0.10000E+02  0.00000E+00 -0.10000E+02  0.00000E+00 -0.10000E+02 -0.27634E+02  0.00000E+00 -0.27634E+02  0.00000E+00 -0.27668E+02 -0.11547E+02  0.00000E+00 -0.11547E+02  0.00000E+00  0.17270E-06  0.19757E+02  0.00000E+00  0.00000E+00    180  0.00000E+00      0.000
       2.7799 -0.10000E+02  0.00000E+00 -0.10000E+02  0.00000E+00 -0.10000E+02 -0.27799E+02  0.00000E+00 -0.27799E+02  0.00000E+00 -0.27833E+02 -0.11547E+02  0.00000E+00 -0.11547E+02  0.00000E+00  0.17270E-06  0.19757E+02  0.00000E+00  0.00000E+00    181  0.00000E+00      0.000
       2.7963 -0.10000E+02  0.00000E+00 -0.10000E+02  0.00000E+00 -0.10000E+02 -0.27963E+02  0.00000E+00 -0.27963E+02  0.00000E+00 -0.27997E+02 -0.11547E+02  0.00000E+00 -0.11547E+02  0.00000E+00  0.17270E-06  0.19757E+02  0.00000E+00  0.00000E+00    182  0.00000E+00      0.000
       2.8128 -0.10000E+02  0.00000E+00 -0.10000E+02  0.00000E+00 -0.10000E+02 -0.28128E+02  0.00000E+00 -0.28128E+02  0.00000E+00 -0.28162E+02 -0.11547E+02  0.00000E+00 -0.11547E+02  0.00000E+00  0.17270E-06  0.19757E+02  0.00000E+00  0.00000E+00    183  0.00000E+00      0.000
       2.8293 -0.10000E+02  0.00000E+00 -0.10000E+02  0.00000E+00 -0.10000E+02 -0.28293E+02  0.00000E+00 -0.28293E+02  0.00000E+00 -0.28326E+02 -0.11547E+02  0.00000E+00 -0.11547E+02  0.00000E+00  0.17270E-06  0.19757E+02  0.00000E+00  0.00000E+00    184  0.00000E+00      0.000
       2.8457 -0.10000E+02  0.00000E+00 -0.10000E+02  0.00000E+00 -0.10000E+02 -0.28457E+02  0.00000E+00 -0.28457E+02  0.00000E+00 -0.28491E+02 -0.11547E+02  0.00000E+00 -0.11547E+02  0.00000E+00  0.17270E-06  0.19757E+02  0.00000E+00  0.00000E+00    185  0.00000E+00      0.000
       2.8622 -0.10000E+02  0.00000E+00 -0.10000E+02  0.00000E+00 -0.10000E+02 -0.28622E+02  0.00000E+00 -0.28622E+02  0.00000E+00 -0.28656E+02 -0.11547E+02  0.00000E+00 -0.11547E+02  0.00000E+00  0.17270E-06  0.19757E+02  0.00000E+00  0.00000E+00    186  0.00000E+00      0.000
       2.8787 -0.10000E+02  0.00000E+00 -0.10000E+02  0.00000E+00 -0.10000E+02 -0.28787E+02  0.00000E+00 -0.28787E+02  0.00000E+00 -0.28820E+02 -0.11547E+02  0.00000E+00 -0.11547E+02  0.00000E+00  0.17270E-06  0.19757E+02  0.00000E+00  0.00000E+00    187  0.00000E+00      0.000
       2.8951 -0.10000E+02  0.00000E+00 -0.10000E+02  0.00000E+00 -0.10000E+02 -0.28951E+02  0.00000E+00 -0.28951E+02  0.00000E+00 -0.28985E+02 -0.11547E+02  0.00000E+00 -0.11547E+02  0.00000E+00  0.17270E-06  0.19757E+02  0.00000E+00  0.00000E+00    188  0.00000E+00      0.000
       2.9116 -0.10000E+02  0.00000E+00 -0.10000E+02  0.00000E+00 -0.10000E+02 -0.29116E+02  0.00000E+00 -0.29116E+02  0.00000E+00 -0.29150E+02 -0.11547E+02  0.00000E+00 -0.11547E+02  0.00000E+00  0.17270E-06  0.19757E+02  0.00000E+00  0.00000E+00    189  0.00000E+00      0.000
       2.9281 -0.10000E+02  0.00000E+00 -0.10000E+02  0.00000E+00 -0.10000E+02 -0.29281E+02  0.00000E+00 -0.29281E+02  0.00000E+00 -0.29314E+02 -0.11547E+02  0.00000E+00 -0.11547E+02  0.00000E+00  0.17270E-06  0.19757E+02  0.00000E+00  0.00000E+00    190  0.00000E+00      0.000
       2.9445 -0.10000E+02  0.00000E+00 -0.10000E+02  0.00000E+00 -0.10000E+02 -0.29445E+02  0.00000E+00 -0.29445E+02  0.00000E+00 -0.29479E+02 -0.11547E+02  0.00000E+00 -0.11547E+02  0.00000E+00  0.17270E-06  0.19757E+02  0.00000E+00  0.00000E+00    191  0.00000E+00      0.000
       2.9610 -0.10000E+02  0.00000E+00 -0.10000E+02  0.00000E+00 -0.10000E+02 -0.29610E+02  0.00000E+00 -0.29610E+02  0.00000E+00 -0.29644E+02 -0.11547E+02  0.00000E+00 -0.11547E+02  0.00000E+00  0.17270E-06  0.19757E+02  0.00000E+00  0.00000E+00    192  0.00000E+00      0.000
       2.9774 -0.10000E+02  0.00000E+00 -0.10000E+02  0.00000E+00 -0.10000E+02 -0.29774E+02  0.00000E+00 -0.29774E+02  0.00000E+00 -0.29808E+02 -0.11547E+02  0.00000E+00 -0.11547E+02  0.00000E+00  0.17270E-06  0.19757E+02  0.00000E+00  0.00000E+00    193  0.00000E+00      0.000
       2.9887 -0.10000E+02  0.00000E+00 -0.10000E+02  0.00000E+00 -0.10000E+02 -0.29887E+02  0.00000E+00 -0.29887E+02  0.00000E+00 -0.29921E+02 -0.11547E+02  0.00000E+00 -0.11547E+02  0.00000E+00  0.17270E-06  0.19757E+02  0.00000E+00  0.00000E+00    194  0.00000E+00      0.000
       3.0000 -0.10000E+02  0.00000E+00 -0.10000E+02  0.00000E+00 -0.10000E+02 -0.30000E+02  0.00000E+00 -0.30000E+02  0.00000E+00 -0.30034E+02 -0.11547E+02  0.00000E+00 -0.11547E+02  0.00000E+00  0.17270E-06  0.19757E+02  0.00000E+00  0.00000E+00    195  0.00000E+00      0.000
       3.0165 -0.10000E+02  0.00000E+00 -0.10000E+02  0.00000E+00 -0.10000E+02 -0.30165E+02  0.00000E+00 -0.30165E+02  0.00000E+00 -0.30198E+02 -0.11547E+02  0.00000E+00 -0.11547E+02  0.00000E+00  0.17270E-06  0.19757E+02  0.00000E+00  0.00000E+00    196  0.00000E+00      0.000
       3.0329 -0.10000E+02  0.00000E+00 -0.10000E+02  0.00000E+00 -0.10000E+02 -0.30329E+02  0.00000E+00 -0.30329E+02  0.00000E+00 -0.30363E+02 -0.11547E+02  0.00000E+00 -0.11547E+02  0.00000E+00  0.17270E-06  0.19757E+02  0.00000E+00  0.00000E+00    197  0.00000E+00      0.000
       3.0494 -0.10000E+02  0.00000E+00 -0.10000E+02  0.00000E+00 -0.10000E+02 -0.30494E+02  0.00000E+00 -0.30494E+02  0.00000E+00 -0.30528E+02 -0.11547E+02  0.00000E+00 -0.11547E+02  0.00000E+00  0.17270E-06  0.19757E+02  0.00000E+00  0.00000E+00    198  0.00000E+00      0.000
       3.0659 -0.10000E+02  0.00000E+00 -0.10000E+02  0.00000E+00 -0.10000E+02 -0.30659E+02  0.00000E+00 -0.30659E+02  0.00000E+00 -0.30692E+02 -0.11547E+02  0.00000E+00 -0.11547E+02  0.00000E+00  0.17270E-06  0.19757E+02  0.00000E+00  0.00000E+00    199  0.00000E+00      0.000
       3.0823 -0.10000E+02  0.00000E+00 -0.10000E+02  0.00000E+00 -0.10000E+02 -0.30823E+02  0.00000E+00 -0.30823E+02  0.00000E+00 -0.30857E+02 -0.11547E+02  0.00000E+00 -0.11547E+02  0.00000E+00  0.17270E-06  0.19757E+02  0.00000E+00  0.00000E+00    200  0.00000E+00      0.000
       3.0988 -0.10000E+02  0.00000E+00 -0.10000E+02  0.00000E+00 -0.10000E+02 -0.30988E+02  0.00000E+00 -0.30988E+02  0.00000E+00 -0.31022E+02 -0.11547E+02  0.00000E+00 -0.11547E+02  0.00000E+00  0.17270E-06  0.19757E+02  0.00000E+00  0.00000E+00    201  0.00000E+00      0.000
       3.1152 -0.10000E+02  0.00000E+00 -0.10000E+02  0.00000E+00 -0.10000E+02 -0.31152E+02  0.00000E+00 -0.31152E+02  0.00000E+00 -0.31186E+02 -0.11547E+02  0.00000E+00 -0.11547E+02  0.00000E+00  0.17270E-06  0.19757E+02  0.00000E+00  0.00000E+00    202  0.00000E+00      0.000
       3.1317 -0.10000E+02  0.00000E+00 -0.10000E+02  0.00000E+00 -0.10000E+02 -0.31317E+02  0.00000E+00 -0.31317E+02  0.00000E+00 -0.31351E+02 -0.11547E+02  0.00000E+00 -0.11547E+02  0.00000E+00  0.17270E-06  0.19757E+02  0.00000E+00  0.00000E+00    203  0.00000E+00      0.000
       3.1482 -0.10000E+02  0.00000E+00 -0.10000E+02  0.00000E+00 -0.99999E+01 -0.31482E+02  0.00000E+00 -0.31482E+02  0.00000E+00 -0.31515E+02 -0.11547E+02  0.00000E+00 -0.11547E+02  0.00000E+00  0.17270E-06  0.19757E+02  0.00000E+00  0.00000E+00    204  0.00000E+00      0.000
       3.1646 -0.10000E+02  0.00000E+00 -0.10000E+02  0.00000E+00 -0.99999E+01 -0.31646E+02  0.00000E+00 -0.31646E+02  0.00000E+00 -0.31680E+02 -0.11547E+02  0.00000E+00 -0.11547E+02  0.00000E+00  0.17270E-06  0.19757E+02  0.00000E+00  0.00000E+00    205  0.00000E+00      0.000
       3.1811 -0.10000E+02  0.00000E+00 -0.10000E+02  0.00000E+00 -0.10000E+02 -0.31811E+02  0.00000E+00 -0.31811E+02  0.00000E+00 -0.31845E+02 -0.11547E+02  0.00000E+00 -0.11547E+02  0.00000E+00  0.17270E-06  0.19757E+02  0.00000E+00  0.00000E+00    206  0.00000E+00      0.000
       3.1976 -0.10000E+02  0.00000E+00 -0.10000E+02  0.00000E+00 -0.10000E+02 -0.31976E+02  0.00000E+00 -0.31976E+02  0.00000E+00 -0.32009E+02 -0.11547E+02  0.00000E+00 -0.11547E+02  0.00000E+00  0.17270E-06  0.19757E+02  0.00000E+00  0.00000E+00    207  0.00000E+00      0.000
       3.2140 -0.10000E+02  0.00000E+00 -0.10000E+02  0.00000E+00 -0.10000E+02 -0.32140E+02  0.00000E+00 -0.32140E+02  0.00000E+00 -0.32174E+02 -0.11547E+02  0.00000E+00 -0.11547E+02  0.00000E+00  0.17270E-06  0.19757E+02  0.00000E+00  0.00000E+00    208  0.00000E+00      0.000
       3.2305 -0.10000E+02  0.00000E+00 -0.10000E+02  0.00000E+00 -0.10000E+02 -0.32305E+02  0.00000E+00 -0.32305E+02  0.00000E+00 -0.32339E+02 -0.11547E+02  0.00000E+00 -0.11547E+02  0.00000E+00  0.17270E-06  0.19757E+02  0.00000E+00  0.00000E+00    209  0.00000E+00      0.000
       3.2470 -0.10000E+02  0.00000E+00 -0.10000E+02  0.00000E+00 -0.10000E+02 -0.32470E+02  0.00000E+00 -0.32470E+02  0.00000E+00 -0.32503E+02 -0.11547E+02  0.00000E+00 -0.11547E+02  0.00000E+00  0.17270E-06  0.19757E+02  0.00000E+00  0.00000E+00    210  0.00000E+00      0.000
       3.2634 -0.10000E+02  0.00000E+00 -0.10000E+02  0.00000E+00 -0.10000E+02 -0.32634E+02  0.00000E+00 -0.32634E+02  0.00000E+00 -0.32668E+02 -0.11547E+02  0.00000E+00 -0.11547E+02  0.00000E+00  0.17270E-06  0.19757E+02  0.00000E+00  0.00000E+00    211  0.00000E+00      0.000
       3.2799 -0.10000E+02  0.00000E+00 -0.10000E+02  0.00000E+00 -0.10000E+02 -0.32799E+02  0.00000E+00 -0.32799E+02  0.00000E+00 -0.32833E+02 -0.11547E+02  0.00000E+00 -0.11547E+02  0.00000E+00  0.17270E-06  0.19757E+02  0.00000E+00  0.00000E+00    212  0.00000E+00      0.000
       3.2963 -0.10000E+02  0.00000E+00 -0.10000E+02  0.00000E+00 -0.99999E+01 -0.32963E+02  0.00000E+00 -0.32963E+02  0.00000E+00 -0.32997E+02 -0.11547E+02  0.00000E+00 -0.11547E+02  0.00000E+00  0.17270E-06  0.19757E+02  0.00000E+00  0.00000E+00    213  0.00000E+00      0.000
       3.3128 -0.10000E+02  0.00000E+00 -0.10000E+02  0.00000E+00 -0.10000E+02 -0.33128E+02  0.00000E+00 -0.33128E+02  0.00000E+00 -0.33162E+02 -0.11547E+02  0.00000E+00 -0.11547E+02  0.00000E+00  0.17270E-06  0.19757E+02  0.00000E+00  0.00000E+00    214  0.00000E+00      0.000
       3.3293 -0.10000E+02  0.00000E+00 -0.10000E+02  0.00000E+00 -0.99999E+01 -0.33293E+02  0.00000E+00 -0.33293E+02  0.00000E+00 -0.33326E+02 -0.11547E+02  0.00000E+00 -0.11547E+02  0.00000E+00  0.17270E-06  0.19757E+02  0.00000E+00  0.00000E+00    215  0.00000E+00      0.000
       3.3457 -0.10000E+02  0.00000E+00 -0.10000E+02  0.00000E+00 -0.10000E+02 -0.33457E+02  0.00000E+00 -0.33457E+02  0.00000E+00 -0.33491E+02 -0.11547E+02  0.00000E+00 -0.11547E+02  0.00000E+00  0.17270E-06  0.19757E+02  0.00000E+00  0.00000E+00    216  0.00000E+00      0.000
       3.3622 -0.10000E+02  0.00000E+00 -0.10000E+02  0.00000E+00 -0.10000E+02 -0.33622E+02  0.00000E+00 -0.33622E+02  0.00000E+00 -0.33656E+02 -0.11547E+02  0.00000E+00 -0.11547E+02  0.00000E+00  0.17270E-06  0.19757E+02  0.00000E+00  0.00000E+00    217  0.00000E+00      0.000
       3.3787 -0.10000E+02  0.00000E+00 -0.10000E+02  0.00000E+00 -0.99999E+01 -0.33787E+02  0.00000E+00 -0.33787E+02  0.00000E+00 -0.33820E+02 -0.11547E+02  0.00000E+00 -0.11547E+02  0.00000E+00  0.17270E-06  0.19757E+02  0.00000E+00  0.00000E+00    218  0.00000E+00      0.000
       3.3951 -0.10000E+02  0.00000E+00 -0.10000E+02  0.00000E+00 -0.10000E+02 -0.33951E+02  0.00000E+00 -0.33951E+02  0.00000E+00 -0.33985E+02 -0.11547E+02  0.00000E+00 -0.11547E+02  0.00000E+00  0.17270E-06  0.19757E+02  0.00000E+00  0.00000E+00    219  0.00000E+00      0.000
       3.4116 -0.10000E+02  0.00000E+00 -0.10000E+02  0.00000E+00 -0.99999E+01 -0.34116E+02  0.00000E+00 -0.34116E+02  0.00000E+00 -0.34150E+02 -0.11547E+02  0.00000E+00 -0.11547E+02  0.00000E+00  0.17270E-06  0.19757E+02  0.00000E+00  0.00000E+00    220  0.00000E+00      0.000
       3.4281 -0.10000E+02  0.00000E+00 -0.10000E+02  0.00000E+00 -0.10000E+02 -0.34281E+02  0.00000E+00 -0.34281E+02  0.00000E+00 -0.34314E+02 -0.11547E+02  0.00000E+00 -0.11547E+02  0.00000E+00  0.17270E-06  0.19757E+02  0.00000E+00  0.00000E+00    221  0.00000E+00      0.000
       3.4445 -0.10000E+02  0.00000E+00 -0.10000E+02  0.00000E+00 -0.10000E+02 -0.34445E+02  0.00000E+00 -0.34445E+02  0.00000E+00 -0.34479E+02 -0.11547E+02  0.00000E+00 -0.11547E+02  0.00000E+00  0.17270E-06  0.19757E+02  0.00000E+00  0.00000E+00    222  0.00000E+00      0.000
       3.4610 -0.10000E+02  0.00000E+00 -0.10000E+02  0.00000E+00 -0.10000E+02 -0.34610E+02  0.00000E+00 -0.34610E+02  0.00000E+00 -0.34644E+02 -0.11547E+02  0.00000E+00 -0.11547E+02  0.00000E+00  0.17270E-06  0.19757E+02  0.00000E+00  0.00000E+00    223  0.00000E+00      0.000
       3.4775 -0.10000E+02  0.00000E+00 -0.10000E+02  0.00000E+00 -0.99999E+01 -0.34775E+02  0.00000E+00 -0.34775E+02  0.00000E+00 -0.34808E+02 -0.11547E+02  0.00000E+00 -0.11547E+02  0.00000E+00  0.17270E-06  0.19757E+02  0.00000E+00  0.00000E+00    224  0.00000E+00      0.000
       3.4887 -0.10000E+02  0.00000E+00 -0.10000E+02  0.00000E+00 -0.99999E+01 -0.34887E+02  0.00000E+00 -0.34887E+02  0.00000E+00 -0.34921E+02 -0.11547E+02  0.00000E+00 -0.11547E+02  0.00000E+00  0.17270E-06  0.19757E+02  0.00000E+00  0.00000E+00    225  0.00000E+00      0.000
       3.5000 -0.10000E+02  0.00000E+00 -0.10000E+02  0.00000E+00 -0.99999E+01 -0.35000E+02  0.00000E+00 -0.35000E+02  0.00000E+00 -0.35034E+02 -0.11547E+02  0.00000E+00 -0.11547E+02  0.00000E+00  0.17270E-06  0.19757E+02  0.00000E+00  0.00000E+00    226  0.00000E+00      0.000
       3.5165 -0.10000E+02  0.00000E+00 -0.10000E+02  0.00000E+00 -0.99999E+01 -0.35165E+02  0.00000E+00 -0.35165E+02  0.00000E+00 -0.35198E+02 -0.11547E+02  0.00000E+00 -0.11547E+02  0.00000E+00  0.17270E-06  0.19757E+02  0.00000E+00  0.00000E+00    227  0.00000E+00      0.000
       3.5329 -0.10000E+02  0.00000E+00 -0.10000E+02  0.00000E+00 -0.10000E+02 -0.35329E+02  0.00000E+00 -0.35329E+02  0.00000E+00 -0.35363E+02 -0.11547E+02  0.00000E+00 -0.11547E+02  0.00000E+00  0.17270E-06  0.19757E+02  0.00000E+00  0.00000E+00    228  0.00000E+00      0.000
       3.5494 -0.10000E+02  0.00000E+00 -0.10000E+02  0.00000E+00 -0.10000E+02 -0.35494E+02  0.00000E+00 -0.35494E+02  0.00000E+00 -0.35528E+02 -0.11547E+02  0.00000E+00 -0.11547E+02  0.00000E+00  0.17270E-06  0.19757E+02  0.00000E+00  0.00000E+00    229  0.00000E+00      0.000
       3.5659 -0.10000E+02  0.00000E+00 -0.10000E+02  0.00000E+00 -0.99999E+01 -0.35659E+02  0.00000E+00 -0.35659E+02  0.00000E+00 -0.35692E+02 -0.11547E+02  0.00000E+00 -0.11547E+02  0.00000E+00  0.17270E-06  0.19757E+02  0.00000E+00  0.00000E+00    230  0.00000E+00      0.000
       3.5823 -0.10000E+02  0.00000E+00 -0.10000E+02  0.00000E+00 -0.10000E+02 -0.35823E+02  0.00000E+00 -0.35823E+02  0.00000E+00 -0.35857E+02 -0.11547E+02  0.00000E+00 -0.11547E+02  0.00000E+00  0.17270E-06  0.19757E+02  0.00000E+00  0.00000E+00    231  0.00000E+00      0.000
       3.5988 -0.10000E+02  0.00000E+00 -0.10000E+02  0.00000E+00 -0.10000E+02 -0.35988E+02  0.00000E+00 -0.35988E+02  0.00000E+00 -0.36022E+02 -0.11547E+02  0.00000E+00 -0.11547E+02  0.00000E+00  0.17270E-06  0.19757E+02  0.00000E+00  0.00000E+00    232  0.00000E+00      0.000
       3.6152 -0.10000E+02  0.00000E+00 -0.10000E+02  0.00000E+00 -0.10000E+02 -0.36152E+02  0.00000E+00 -0.36152E+02  0.00000E+00 -0.36186E+02 -0.11547E+02  0.00000E+00 -0.11547E+02  0.00000E+00  0.17270E-06  0.19757E+02  0.00000E+00  0.00000E+00    233  0.00000E+00      0.000
       3.6317 -0.10000E+02  0.00000E+00 -0.10000E+02  0.00000E+00 -0.10000E+02 -0.36317E+02  0.00000E+00 -0.36317E+02  0.00000E+00 -0.36351E+02 -0.11547E+02  0.00000E+00 -0.11547E+02  0.00000E+00  0.17270E-06  0.19757E+02  0.00000E+00  0.00000E+00    234  0.00000E+00      0.000
       3.6482 -0.10000E+02  0.00000E+00 -0.10000E+02  0.00000E+00 -0.10000E+02 -0.36482E+02  0.00000E+00 -0.36482E+02  0.00000E+00 -0.36515E+02 -0.11547E+02  0.00000E+00 -0.11547E+02  0.00000E+00  0.17270E-06  0.19757E+02  0.00000E+00  0.00000E+00    235  0.00000E+00      0.000
       3.6646 -0.10000E+02  0.00000E+00 -0.10000E+02  0.00000E+00 -0.10000E+02 -0.36646E+02  0.00000E+00 -0.36646E+02  0.00000E+00 -0.36680E+02 -0.11547E+02  0.00000E+00 -0.11547E+02  0.00000E+00  0.17270E-06  0.19757E+02  0.00000E+00  0.00000E+00    236  0.00000E+00      0.000
       3.6811 -0.10000E+02  0.00000E+00 -0.10000E+02  0.00000E+00 -0.10000E+02 -0.36811E+02  0.00000E+00 -0.36811E+02  0.00000E+00 -0.36845E+02 -0.11547E+02  0.00000E+00 -0.11547E+02  0.00000E+00  0.17270E-06  0.19757E+02  0.00000E+00  0.00000E+00    237  0.00000E+00      0.000
       3.6976 -0.10000E+02  0.00000E+00 -0.10000E+02  0.00000E+00 -0.10000E+02 -0.36976E+02  0.00000E+00 -0.36976E+02  0.00000E+00 -0.37009E+02 -0.11547E+02  0.00000E+00 -0.11547E+02  0.00000E+00  0.17270E-06  0.19757E+02  0.00000E+00  0.00000E+00    238  0.00000E+00      0.000
       3.7140 -0.10000E+02  0.00000E+00 -0.10000E+02  0.00000E+00 -0.10000E+02 -0.37140E+02  0.00000E+00 -0.37140E+02  0.00000E+00 -0.37174E+02 -0.11547E+02  0.00000E+00 -0.11547E+02  0.00000E+00  0.17270E-06  0.19757E+02  0.00000E+00  0.00000E+00    239  0.00000E+00      0.000
       3.7305 -0.10000E+02  0.00000E+00 -0.10000E+02  0.00000E+00 -0.10000E+02 -0.37305E+02  0.00000E+00 -0.37305E+02  0.00000E+00 -0.37339E+02 -0.11547E+02  0.00000E+00 -0.11547E+02  0.00000E+00  0.17270E-06  0.19757E+02  0.00000E+00  0.00000E+00    240  0.00000E+00      0.000
       3.7470 -0.10000E+02  0.00000E+00 -0.10000E+02  0.00000E+00 -0.10000E+02 -0.37470E+02  0.00000E+00 -0.37470E+02  0.00000E+00 -0.37503E+02 -0.11547E+02  0.00000E+00 -0.11547E+02  0.00000E+00  0.17270E-06  0.19757E+02  0.00000E+00  0.00000E+00    241  0.00000E+00      0.000
       3.7634 -0.10000E+02  0.00000E+00 -0.10000E+02  0.00000E+00 -0.10000E+02 -0.37634E+02  0.00000E+00 -0.37634E+02  0.00000E+00 -0.37668E+02 -0.11547E+02  0.00000E+00 -0.11547E+02  0.00000E+00  0.17270E-06  0.19757E+02  0.00000E+00  0.00000E+00    242  0.00000E+00      0.000
       3.7799 -0.10000E+02  0.00000E+00 -0.10000E+02  0.00000E+00 -0.10000E+02 -0.37799E+02  0.00000E+00 -0.37799E+02  0.00000E+00 -0.37833E+02 -0.11547E+02  0.00000E+00 -0.11547E+02  0.00000E+00  0.17270E-06  0.19757E+02  0.00000E+00  0.00000E+00    243  0.00000E+00      0.000
       3.7963 -0.10000E+02  0.00000E+00 -0.10000E+02  0.00000E+00 -0.10000E+02 -0.37964E+02  0.00000E+00 -0.37964E+02  0.00000E+00 -0.37997E+02 -0.11547E+02  0.00000E+00 -0.11547E+02  0.00000E+00  0.17270E-06  0.19757E+02  0.00000E+00  0.00000E+00    244  0.00000E+00      0.000
       3.8128 -0.10000E+02  0.00000E+00 -0.10000E+02  0.00000E+00 -0.10000E+02 -0.38128E+02  0.00000E+00 -0.38128E+02  0.00000E+00 -0.38162E+02 -0.11547E+02  0.00000E+00 -0.11547E+02  0.00000E+00  0.17270E-06  0.19757E+02  0.00000E+00  0.00000E+00    245  0.00000E+00      0.000
       3.8293 -0.10000E+02  0.00000E+00 -0.10000E+02  0.00000E+00 -0.10000E+02 -0.38293E+02  0.00000E+00 -0.38293E+02  0.00000E+00 -0.38326E+02 -0.11547E+02  0.00000E+00 -0.11547E+02  0.00000E+00  0.17270E-06  0.19757E+02  0.00000E+00  0.00000E+00    246  0.00000E+00      0.000
       3.8457 -0.10000E+02  0.00000E+00 -0.10000E+02  0.00000E+00 -0.10000E+02 -0.38457E+02  0.00000E+00 -0.38457E+02  0.00000E+00 -0.38491E+02 -0.11547E+02  0.00000E+00 -0.11547E+02  0.00000E+00  0.17270E-06  0.19757E+02  0.00000E+00  0.00000E+00    247  0.00000E+00      0.000
       3.8622 -0.10000E+02  0.00000E+00 -0.10000E+02  0.00000E+00 -0.10000E+02 -0.38622E+02  0.00000E+00 -0.38622E+02  0.00000E+00 -0.38656E+02 -0.11547E+02  0.00000E+00 -0.11547E+02  0.00000E+00  0.17270E-06  0.19757E+02  0.00000E+00  0.00000E+00    248  0.00000E+00      0.000
       3.8787 -0.10000E+02  0.00000E+00 -0.10000E+02  0.00000E+00 -0.10000E+02 -0.38787E+02  0.00000E+00 -0.38787E+02  0.00000E+00 -0.38820E+02 -0.11547E+02  0.00000E+00 -0.11547E+02  0.00000E+00  0.17270E-06  0.19757E+02  0.00000E+00  0.00000E+00    249  0.00000E+00      0.000
       3.8951 -0.10000E+02  0.00000E+00 -0.10000E+02  0.00000E+00 -0.10000E+02 -0.38951E+02  0.00000E+00 -0.38951E+02  0.00000E+00 -0.38985E+02 -0.11547E+02  0.00000E+00 -0.11547E+02  0.00000E+00  0.17270E-06  0.19757E+02  0.00000E+00  0.00000E+00    250  0.00000E+00      0.000
       3.9116 -0.10000E+02  0.00000E+00 -0.10000E+02  0.00000E+00 -0.10000E+02 -0.39116E+02  0.00000E+00 -0.39116E+02  0.00000E+00 -0.39150E+02 -0.11547E+02  0.00000E+00 -0.11547E+02  0.00000E+00  0.17270E-06  0.19757E+02  0.00000E+00  0.00000E+00    251  0.00000E+00      0.000
       3.9281 -0.10000E+02  0.00000E+00 -0.10000E+02  0.00000E+00 -0.10000E+02 -0.39281E+02  0.00000E+00 -0.39281E+02  0.00000E+00 -0.39314E+02 -0.11547E+02  0.00000E+00 -0.11547E+02  0.00000E+00  0.17270E-06  0.19757E+02  0.00000E+00  0.00000E+00    252  0.00000E+00      0.000
       3.9445 -0.10000E+02  0.00000E+00 -0.10000E+02  0.00000E+00 -0.10000E+02 -0.39445E+02  0.00000E+00 -0.39445E+02  0.00000E+00 -0.39479E+02 -0.11547E+02  0.00000E+00 -0.11547E+02  0.00000E+00  0.17270E-06  0.19757E+02  0.00000E+00  0.00000E+00    253  0.00000E+00      0.000
       3.9610 -0.10000E+02  0.00000E+00 -0.10000E+02  0.00000E+00 -0.10000E+02 -0.39610E+02  0.00000E+00 -0.39610E+02  0.00000E+00 -0.39644E+02 -0.11547E+02  0.00000E+00 -0.11547E+02  0.00000E+00  0.17270E-06  0.19757E+02  0.00000E+00  0.00000E+00    254  0.00000E+00      0.000
       3.9774 -0.10000E+02  0.00000E+00 -0.10000E+02  0.00000E+00 -0.10000E+02 -0.39775E+02  0.00000E+00 -0.39775E+02  0.00000E+00 -0.39808E+02 -0.11547E+02  0.00000E+00 -0.11547E+02  0.00000E+00  0.17270E-06  0.19757E+02  0.00000E+00  0.00000E+00    255  0.00000E+00      0.000
       3.9887 -0.10000E+02  0.00000E+00 -0.10000E+02  0.00000E+00 -0.10000E+02 -0.39887E+02  0.00000E+00 -0.39887E+02  0.00000E+00 -0.39921E+02 -0.11547E+02  0.00000E+00 -0.11547E+02  0.00000E+00  0.17270E-06  0.19757E+02  0.00000E+00  0.00000E+00    256  0.00000E+00      0.000
       4.0000 -0.10000E+02  0.00000E+00 -0.10000E+02  0.00000E+00 -0.10000E+02 -0.40000E+02  0.00000E+00 -0.40000E+02  0.00000E+00 -0.40034E+02 -0.11547E+02  0.00000E+00 -0.11547E+02  0.00000E+00  0.17270E-06  0.19757E+02  0.00000E+00  0.00000E+00    257  0.00000E+00      0.000
       4.0165 -0.10000E+02  0.00000E+00 -0.10000E+02  0.00000E+00 -0.10000E+02 -0.40165E+02  0.00000E+00 -0.40165E+02  0.00000E+00 -0.40198E+02 -0.11547E+02  0.00000E+00 -0.11547E+02  0.00000E+00  0.17270E-06  0.19757E+02  0.00000E+00  0.00000E+00    258  0.00000E+00      0.000
       4.0329 -0.10000E+02  0.00000E+00 -0.10000E+02  0.00000E+00 -0.10000E+02 -0.40329E+02  0.00000E+00 -0.40329E+02  0.00000E+00 -0.40363E+02 -0.11547E+02  0.00000E+00 -0.11547E+02  0.00000E+00  0.17270E-06  0.19757E+02  0.00000E+00  0.00000E+00    259  0.00000E+00      0.000
       4.0494 -0.10000E+02  0.00000E+00 -0.10000E+02  0.00000E+00 -0.10000E+02 -0.40494E+02  0.00000E+00 -0.40494E+02  0.00000E+00 -0.40528E+02 -0.11547E+02  0.00000E+00 -0.11547E+02  0.00000E+00  0.17270E-06  0.19757E+02  0.00000E+00  0.00000E+00    260  0.00000E+00      0.000
       4.0659 -0.10000E+02  0.00000E+00 -0.10000E+02  0.00000E+00 -0.10000E+02 -0.40659E+02  0.00000E+00 -0.40659E+02  0.00000E+00 -0.40692E+02 -0.11547E+02  0.00000E+00 -0.11547E+02  0.00000E+00  0.17270E-06  0.19757E+02  0.00000E+00  0.00000E+00    261  0.00000E+00      0.000
       4.0823 -0.10000E+02  0.00000E+00 -0.10000E+02  0.00000E+00 -0.10000E+02 -0.40823E+02  0.00000E+00 -0.40823E+02  0.00000E+00 -0.40857E+02 -0.11547E+02  0.00000E+00 -0.11547E+02  0.00000E+00  0.17270E-06  0.19757E+02  0.00000E+00  0.00000E+00    262  0.00000E+00      0.000
       4.0988 -0.10000E+02  0.00000E+00 -0.10000E+02  0.00000E+00 -0.10000E+02 -0.40988E+02  0.00000E+00 -0.40988E+02  0.00000E+00 -0.41022E+02 -0.11547E+02  0.00000E+00 -0.11547E+02  0.00000E+00  0.17270E-06  0.19757E+02  0.00000E+00  0.00000E+00    263  0.00000E+00      0.000
       4.1152 -0.10000E+02  0.00000E+00 -0.10000E+02  0.00000E+00 -0.10000E+02 -0.41153E+02  0.00000E+00 -0.41153E+02  0.00000E+00 -0.41186E+02 -0.11547E+02  0.00000E+00 -0.11547E+02  0.00000E+00  0.17270E-06  0.19757E+02  0.00000E+00  0.00000E+00    264  0.00000E+00      0.000
       4.1317 -0.10000E+02  0.00000E+00 -0.10000E+02  0.00000E+00 -0.10000E+02 -0.41317E+02  0.00000E+00 -0.41317E+02  0.00000E+00 -0.41351E+02 -0.11547E+02  0.00000E+00 -0.11547E+02  0.00000E+00  0.17270E-06  0.19757E+02  0.00000E+00  0.00000E+00    265  0.00000E+00      0.000
       4.1482 -0.10000E+02  0.00000E+00 -0.10000E+02  0.00000E+00 -0.10000E+02 -0.41482E+02  0.00000E+00 -0.41482E+02  0.00000E+00 -0.41515E+02 -0.11547E+02  0.00000E+00 -0.11547E+02  0.00000E+00  0.17270E-06  0.19757E+02  0.00000E+00  0.00000E+00    266  0.00000E+00      0.000
       4.1646 -0.10000E+02  0.00000E+00 -0.10000E+02  0.00000E+00 -0.10000E+02 -0.41646E+02  0.00000E+00 -0.41646E+02  0.00000E+00 -0.41680E+02 -0.11547E+02  0.00000E+00 -0.11547E+02  0.00000E+00  0.17270E-06  0.19757E+02  0.00000E+00  0.00000E+00    267  0.00000E+00      0.000
       4.1811 -0.10000E+02  0.00000E+00 -0.10000E+02  0.00000E+00 -0.10000E+02 -0.41811E+02  0.00000E+00 -0.41811E+02  0.00000E+00 -0.41845E+02 -0.11547E+02  0.00000E+00 -0.11547E+02  0.00000E+00  0.17270E-06  0.19757E+02  0.00000E+00  0.00000E+00    268  0.00000E+00      0.000
       4.1976 -0.10000E+02  0.00000E+00 -0.10000E+02  0.00000E+00 -0.10000E+02 -0.41976E+02  0.00000E+00 -0.41976E+02  0.00000E+00 -0.42009E+02 -0.11547E+02  0.00000E+00 -0.11547E+02  0.00000E+00  0.17270E-06  0.19757E+02  0.00000E+00  0.00000E+00    269  0.00000E+00      0.000
       4.2140 -0.10000E+02  0.00000E+00 -0.10000E+02  0.00000E+00 -0.10000E+02 -0.42140E+02  0.00000E+00 -0.42140E+02  0.00000E+00 -0.42174E+02 -0.11547E+02  0.00000E+00 -0.11547E+02  0.00000E+00  0.17270E-06  0.19757E+02  0.00000E+00  0.00000E+00    270  0.00000E+00      0.000
       4.2305 -0.10000E+02  0.00000E+00 -0.10000E+02  0.00000E+00 -0.10000E+02 -0.42305E+02  0.00000E+00 -0.42305E+02  0.00000E+00 -0.42339E+02 -0.11547E+02  0.00000E+00 -0.11547E+02  0.00000E+00  0.17270E-06  0.19757E+02  0.00000E+00  0.00000E+00    271  0.00000E+00      0.000
       4.2470 -0.10000E+02  0.00000E+00 -0.10000E+02  0.00000E+00 -0.10000E+02 -0.42470E+02  0.00000E+00 -0.42470E+02  0.00000E+00 -0.42503E+02 -0.11547E+02  0.00000E+00 -0.11547E+02  0.00000E+00  0.17270E-06  0.19757E+02  0.00000E+00  0.00000E+00    272  0.00000E+00      0.000
       4.2634 -0.10000E+02  0.00000E+00 -0.10000E+02  0.00000E+00 -0.10000E+02 -0.42634E+02  0.00000E+00 -0.42634E+02  0.00000E+00 -0.42668E+02 -0.11547E+02  0.00000E+00 -0.11547E+02  0.00000E+00  0.17270E-06  0.19757E+02  0.00000E+00  0.00000E+00    273  0.00000E+00      0.000
       4.2799 -0.10000E+02  0.00000E+00 -0.10000E+02  0.00000E+00 -0.10000E+02 -0.42799E+02  0.00000E+00 -0.42799E+02  0.00000E+00 -0.42833E+02 -0.11547E+02  0.00000E+00 -0.11547E+02  0.00000E+00  0.17270E-06  0.19757E+02  0.00000E+00  0.00000E+00    274  0.00000E+00      0.000
       4.2963 -0.10000E+02  0.00000E+00 -0.10000E+02  0.00000E+00 -0.10000E+02 -0.42964E+02  0.00000E+00 -0.42964E+02  0.00000E+00 -0.42997E+02 -0.11547E+02  0.00000E+00 -0.11547E+02  0.00000E+00  0.17270E-06  0.19757E+02  0.00000E+00  0.00000E+00    275  0.00000E+00      0.000
       4.3128 -0.10000E+02  0.00000E+00 -0.10000E+02  0.00000E+00 -0.10000E+02 -0.43128E+02  0.00000E+00 -0.43128E+02  0.00000E+00 -0.43162E+02 -0.11547E+02  0.00000E+00 -0.11547E+02  0.00000E+00  0.17270E-06  0.19757E+02  0.00000E+00  0.00000E+00    276  0.00000E+00      0.000
       4.3293 -0.10000E+02  0.00000E+00 -0.10000E+02  0.00000E+00 -0.10000E+02 -0.43293E+02  0.00000E+00 -0.43293E+02  0.00000E+00 -0.43326E+02 -0.11547E+02  0.00000E+00 -0.11547E+02  0.00000E+00  0.17270E-06  0.19757E+02  0.00000E+00  0.00000E+00    277  0.00000E+00      0.000
       4.3457 -0.10000E+02  0.00000E+00 -0.10000E+02  0.00000E+00 -0.99999E+01 -0.43457E+02  0.00000E+00 -0.43457E+02  0.00000E+00 -0.43491E+02 -0.11547E+02  0.00000E+00 -0.11547E+02  0.00000E+00  0.17270E-06  0.19757E+02  0.00000E+00  0.00000E+00    278  0.00000E+00      0.000
       4.3622 -0.10000E+02  0.00000E+00 -0.10000E+02  0.00000E+00 -0.10000E+02 -0.43622E+02  0.00000E+00 -0.43622E+02  0.00000E+00 -0.43656E+02 -0.11547E+02  0.00000E+00 -0.11547E+02  0.00000E+00  0.17270E-06  0.19757E+02  0.00000E+00  0.00000E+00    279  0.00000E+00      0.000
       4.3787 -0.10000E+02  0.00000E+00 -0.10000E+02  0.00000E+00 -0.10000E+02 -0.43787E+02  0.00000E+00 -0.43787E+02  0.00000E+00 -0.43820E+02 -0.11547E+02  0.00000E+00 -0.11547E+02  0.00000E+00  0.17270E-06  0.19757E+02  0.00000E+00  0.00000E+00    280  0.00000E+00      0.000
       4.3951 -0.10000E+02  0.00000E+00 -0.10000E+02  0.00000E+00 -0.10000E+02 -0.43951E+02  0.00000E+00 -0.43951E+02  0.00000E+00 -0.43985E+02 -0.11547E+02  0.00000E+00 -0.11547E+02  0.00000E+00  0.17270E-06  0.19757E+02  0.00000E+00  0.00000E+00    281  0.00000E+00      0.000
       4.4116 -0.10000E+02  0.00000E+00 -0.10000E+02  0.00000E+00 -0.10000E+02 -0.44116E+02  0.00000E+00 -0.44116E+02  0.00000E+00 -0.44150E+02 -0.11547E+02  0.00000E+00 -0.11547E+02  0.00000E+00  0.17270E-06  0.19757E+02  0.00000E+00  0.00000E+00    282  0.00000E+00      0.000
       4.4281 -0.10000E+02  0.00000E+00 -0.10000E+02  0.00000E+00 -0.10000E+02 -0.44281E+02  0.00000E+00 -0.44281E+02  0.00000E+00 -0.44314E+02 -0.11547E+02  0.00000E+00 -0.11547E+02  0.00000E+00  0.17270E-06  0.19757E+02  0.00000E+00  0.00000E+00    283  0.00000E+00      0.000
       4.4445 -0.10000E+02  0.00000E+00 -0.10000E+02  0.00000E+00 -0.10000E+02 -0.44445E+02  0.00000E+00 -0.44445E+02  0.00000E+00 -0.44479E+02 -0.11547E+02  0.00000E+00 -0.11547E+02  0.00000E+00  0.17270E-06  0.19757E+02  0.00000E+00  0.00000E+00    284  0.00000E+00      0.000
       4.4610 -0.10000E+02  0.00000E+00 -0.10000E+02  0.00000E+00 -0.99999E+01 -0.44610E+02  0.00000E+00 -0.44610E+02  0.00000E+00 -0.44644E+02 -0.11547E+02  0.00000E+00 -0.11547E+02  0.00000E+00  0.17270E-06  0.19757E+02  0.00000E+00  0.00000E+00    285  0.00000E+00      0.000
       4.4774 -0.10000E+02  0.00000E+00 -0.10000E+02  0.00000E+00 -0.99999E+01 -0.44775E+02  0.00000E+00 -0.44775E+02  0.00000E+00 -0.44808E+02 -0.11547E+02  0.00000E+00 -0.11547E+02  0.00000E+00  0.17270E-06  0.19757E+02  0.00000E+00  0.00000E+00    286  0.00000E+00      0.000
       4.4887 -0.10000E+02  0.00000E+00 -0.10000E+02  0.00000E+00 -0.99999E+01 -0.44887E+02  0.00000E+00 -0.44887E+02  0.00000E+00 -0.44921E+02 -0.11547E+02  0.00000E+00 -0.11547E+02  0.00000E+00  0.17270E-06  0.19757E+02  0.00000E+00  0.00000E+00    287  0.00000E+00      0.000
       4.5000 -0.10000E+02  0.00000E+00 -0.10000E+02  0.00000E+00 -0.10000E+02 -0.45000E+02  0.00000E+00 -0.45000E+02  0.00000E+00 -0.45034E+02 -0.11547E+02  0.00000E+00 -0.11547E+02  0.00000E+00  0.17270E-06  0.19757E+02  0.00000E+00  0.00000E+00    288  0.00000E+00      0.000
       4.5165 -0.10000E+02  0.00000E+00 -0.10000E+02  0.00000E+00 -0.10000E+02 -0.45165E+02  0.00000E+00 -0.45165E+02  0.00000E+00 -0.45198E+02 -0.11547E+02  0.00000E+00 -0.11547E+02  0.00000E+00  0.17270E-06  0.19757E+02  0.00000E+00  0.00000E+00    289  0.00000E+00      0.000
       4.5329 -0.10000E+02  0.00000E+00 -0.10000E+02  0.00000E+00 -0.99999E+01 -0.45329E+02  0.00000E+00 -0.45329E+02  0.00000E+00 -0.45363E+02 -0.11547E+02  0.00000E+00 -0.11547E+02  0.00000E+00  0.17270E-06  0.19757E+02  0.00000E+00  0.00000E+00    290  0.00000E+00      0.000
       4.5494 -0.10000E+02  0.00000E+00 -0.10000E+02  0.00000E+00 -0.10000E+02 -0.45494E+02  0.00000E+00 -0.45494E+02  0.00000E+00 -0.45528E+02 -0.11547E+02  0.00000E+00 -0.11547E+02  0.00000E+00  0.17270E-06  0.19757E+02  0.00000E+00  0.00000E+00    291  0.00000E+00      0.000
       4.5659 -0.10000E+02  0.00000E+00 -0.10000E+02  0.00000E+00 -0.99999E+01 -0.45659E+02  0.00000E+00 -0.45659E+02  0.00000E+00 -0.45692E+02 -0.11547E+02  0.00000E+00 -0.11547E+02  0.00000E+00  0.17270E-06  0.19757E+02  0.00000E+00  0.00000E+00    292  0.00000E+00      0.000
       4.5823 -0.10000E+02  0.00000E+00 -0.10000E+02  0.00000E+00 -0.99999E+01 -0.45823E+02  0.00000E+00 -0.45823E+02  0.00000E+00 -0.45857E+02 -0.11547E+02  0.00000E+00 -0.11547E+02  0.00000E+00  0.17270E-06  0.19757E+02  0.00000E+00  0.00000E+00    293  0.00000E+00      0.000
       4.5988 -0.10000E+02  0.00000E+00 -0.10000E+02  0.00000E+00 -0.10000E+02 -0.45988E+02  0.00000E+00 -0.45988E+02  0.00000E+00 -0.46022E+02 -0.11547E+02  0.00000E+00 -0.11547E+02  0.00000E+00  0.17270E-06  0.19757E+02  0.00000E+00  0.00000E+00    294  0.00000E+00      0.000
       4.6152 -0.10000E+02  0.00000E+00 -0.10000E+02  0.00000E+00 -0.99999E+01 -0.46153E+02  0.00000E+00 -0.46153E+02  0.00000E+00 -0.46186E+02 -0.11547E+02  0.00000E+00 -0.11547E+02  0.00000E+00  0.17270E-06  0.19757E+02  0.00000E+00  0.00000E+00    295  0.00000E+00      0.000
       4.6317 -0.10000E+02  0.00000E+00 -0.10000E+02  0.00000E+00 -0.10000E+02 -0.46317E+02  0.00000E+00 -0.46317E+02  0.00000E+00 -0.46351E+02 -0.11547E+02  0.00000E+00 -0.11547E+02  0.00000E+00  0.17270E-06  0.19757E+02  0.00000E+00  0.00000E+00    296  0.00000E+00      0.000
       4.6482 -0.10000E+02  0.00000E+00 -0.10000E+02  0.00000E+00 -0.10000E+02 -0.46482E+02  0.00000E+00 -0.46482E+02  0.00000E+00 -0.46515E+02 -0.11547E+02  0.00000E+00 -0.11547E+02  0.00000E+00  0.17270E-06  0.19757E+02  0.00000E+00  0.00000E+00    297  0.00000E+00      0.000
       4.6646 -0.10000E+02  0.00000E+00 -0.10000E+02  0.00000E+00 -0.99999E+01 -0.46646E+02  0.00000E+00 -0.46646E+02  0.00000E+00 -0.46680E+02 -0.11547E+02  0.00000E+00 -0.11547E+02  0.00000E+00  0.17270E-06  0.19757E+02  0.00000E+00  0.00000E+00    298  0.00000E+00      0.000
       4.6811 -0.10000E+02  0.00000E+00 -0.10000E+02  0.00000E+00 -0.99999E+01 -0.46811E+02  0.00000E+00 -0.46811E+02  0.00000E+00 -0.46845E+02 -0.11547E+02  0.00000E+00 -0.11547E+02  0.00000E+00  0.17270E-06  0.19757E+02  0.00000E+00  0.00000E+00    299  0.00000E+00      0.000
       4.6976 -0.10000E+02  0.00000E+00 -0.10000E+02  0.00000E+00 -0.10000E+02 -0.46976E+02  0.00000E+00 -0.46976E+02  0.00000E+00 -0.47009E+02 -0.11547E+02  0.00000E+00 -0.11547E+02  0.00000E+00  0.17270E-06  0.19757E+02  0.00000E+00  0.00000E+00    300  0.00000E+00      0.000
       4.7140 -0.10000E+02  0.00000E+00 -0.10000E+02  0.00000E+00 -0.10000E+02 -0.47140E+02  0.00000E+00 -0.47140E+02  0.00000E+00 -0.47174E+02 -0.11547E+02  0.00000E+00 -0.11547E+02  0.00000E+00  0.17270E-06  0.19757E+02  0.00000E+00  0.00000E+00    301  0.00000E+00      0.000
       4.7305 -0.10000E+02  0.00000E+00 -0.10000E+02  0.00000E+00 -0.10000E+02 -0.47305E+02  0.00000E+00 -0.47305E+02  0.00000E+00 -0.47339E+02 -0.11547E+02  0.00000E+00 -0.11547E+02  0.00000E+00  0.17270E-06  0.19757E+02  0.00000E+00  0.00000E+00    302  0.00000E+00      0.000
       4.7470 -0.10000E+02  0.00000E+00 -0.10000E+02  0.00000E+00 -0.10000E+02 -0.47470E+02  0.00000E+00 -0.47470E+02  0.00000E+00 -0.47503E+02 -0.11547E+02  0.00000E+00 -0.11547E+02  0.00000E+00  0.17270E-06  0.19757E+02  0.00000E+00  0.00000E+00    303  0.00000E+00      0.000
       4.7634 -0.10000E+02  0.00000E+00 -0.10000E+02  0.00000E+00 -0.10000E+02 -0.47634E+02  0.00000E+00 -0.47634E+02  0.00000E+00 -0.47668E+02 -0.11547E+02  0.00000E+00 -0.11547E+02  0.00000E+00  0.17270E-06  0.19757E+02  0.00000E+00  0.00000E+00    304  0.00000E+00      0.000
       4.7799 -0.10000E+02  0.00000E+00 -0.10000E+02  0.00000E+00 -0.10000E+02 -0.47799E+02  0.00000E+00 -0.47799E+02  0.00000E+00 -0.47833E+02 -0.11547E+02  0.00000E+00 -0.11547E+02  0.00000E+00  0.17270E-06  0.19757E+02  0.00000E+00  0.00000E+00    305  0.00000E+00      0.000
       4.7963 -0.10000E+02  0.00000E+00 -0.10000E+02  0.00000E+00 -0.10000E+02 -0.47964E+02  0.00000E+00 -0.47964E+02  0.00000E+00 -0.47997E+02 -0.11547E+02  0.00000E+00 -0.11547E+02  0.00000E+00  0.17270E-06  0.19757E+02  0.00000E+00  0.00000E+00    306  0.00000E+00      0.000
       4.8128 -0.10000E+02  0.00000E+00 -0.10000E+02  0.00000E+00 -0.10000E+02 -0.48128E+02  0.00000E+00 -0.48128E+02  0.00000E+00 -0.48162E+02 -0.11547E+02  0.00000E+00 -0.11547E+02  0.00000E+00  0.17270E-06  0.19757E+02  0.00000E+00  0.00000E+00    307  0.00000E+00      0.000
       4.8293 -0.10000E+02  0.00000E+00 -0.10000E+02  0.00000E+00 -0.10000E+02 -0.48293E+02  0.00000E+00 -0.48293E+02  0.00000E+00 -0.48327E+02 -0.11547E+02  0.00000E+00 -0.11547E+02  0.00000E+00  0.17270E-06  0.19757E+02  0.00000E+00  0.00000E+00    308  0.00000E+00      0.000
       4.8457 -0.10000E+02  0.00000E+00 -0.10000E+02  0.00000E+00 -0.10000E+02 -0.48457E+02  0.00000E+00 -0.48457E+02  0.00000E+00 -0.48491E+02 -0.11547E+02  0.00000E+00 -0.11547E+02  0.00000E+00  0.17270E-06  0.19757E+02  0.00000E+00  0.00000E+00    309  0.00000E+00      0.000
       4.8622 -0.10000E+02  0.00000E+00 -0.10000E+02  0.00000E+00 -0.10000E+02 -0.48622E+02  0.00000E+00 -0.48622E+02  0.00000E+00 -0.48656E+02 -0.11547E+02  0.00000E+00 -0.11547E+02  0.00000E+00  0.17270E-06  0.19757E+02  0.00000E+00  0.00000E+00    310  0.00000E+00      0.000
       4.8787 -0.10000E+02  0.00000E+00 -0.10000E+02  0.00000E+00 -0.99999E+01 -0.48787E+02  0.00000E+00 -0.48787E+02  0.00000E+00 -0.48820E+02 -0.11547E+02  0.00000E+00 -0.11547E+02  0.00000E+00  0.17270E-06  0.19757E+02  0.00000E+00  0.00000E+00    311  0.00000E+00      0.000
       4.8951 -0.10000E+02  0.00000E+00 -0.10000E+02  0.00000E+00 -0.10000E+02 -0.48951E+02  0.00000E+00 -0.48951E+02  0.00000E+00 -0.48985E+02 -0.11547E+02  0.00000E+00 -0.11547E+02  0.00000E+00  0.17270E-06  0.19757E+02  0.00000E+00  0.00000E+00    312  0.00000E+00      0.000
       4.9116 -0.10000E+02  0.00000E+00 -0.10000E+02  0.00000E+00 -0.99999E+01 -0.49116E+02  0.00000E+00 -0.49116E+02  0.00000E+00 -0.49150E+02 -0.11547E+02  0.00000E+00 -0.11547E+02  0.00000E+00  0.17270E-06  0.19757E+02  0.00000E+00  0.00000E+00    313  0.00000E+00      0.000
       4.9281 -0.10000E+02  0.00000E+00 -0.10000E+02  0.00000E+00 -0.99999E+01 -0.49281E+02  0.00000E+00 -0.49281E+02  0.00000E+00 -0.49314E+02 -0.11547E+02  0.00000E+00 -0.11547E+02  0.00000E+00  0.17270E-06  0.19757E+02  0.00000E+00  0.00000E+00    314  0.00000E+00      0.000
       4.9445 -0.10000E+02  0.00000E+00 -0.10000E+02  0.00000E+00 -0.10000E+02 -0.49445E+02  0.00000E+00 -0.49445E+02  0.00000E+00 -0.49479E+02 -0.11547E+02  0.00000E+00 -0.11547E+02  0.00000E+00  0.17270E-06  0.19757E+02  0.00000E+00  0.00000E+00    315  0.00000E+00      0.000
       4.9610 -0.10000E+02  0.00000E+00 -0.10000E+02  0.00000E+00 -0.10000E+02 -0.49610E+02  0.00000E+00 -0.49610E+02  0.00000E+00 -0.49644E+02 -0.11547E+02  0.00000E+00 -0.11547E+02  0.00000E+00  0.17270E-06  0.19757E+02  0.00000E+00  0.00000E+00    316  0.00000E+00      0.000
       4.9774 -0.10000E+02  0.00000E+00 -0.10000E+02  0.00000E+00 -0.99999E+01 -0.49775E+02  0.00000E+00 -0.49775E+02  0.00000E+00 -0.49808E+02 -0.11547E+02  0.00000E+00 -0.11547E+02  0.00000E+00  0.17270E-06  0.19757E+02  0.00000E+00  0.00000E+00    317  0.00000E+00      0.000
       4.9887 -0.10000E+02  0.00000E+00 -0.10000E+02  0.00000E+00 -0.10000E+02 -0.49887E+02  0.00000E+00 -0.49887E+02  0.00000E+00 -0.49921E+02 -0.11547E+02  0.00000E+00 -0.11547E+02  0.00000E+00  0.17270E-06  0.19757E+02  0.00000E+00  0.00000E+00    318  0.00000E+00      0.000
       5.0000 -0.10000E+02  0.00000E+00 -0.10000E+02  0.00000E+00 -0.10000E+02 -0.50000E+02  0.00000E+00 -0.50000E+02  0.00000E+00 -0.50034E+02 -0.11547E+02  0.00000E+00 -0.11547E+02  0.00000E+00  0.17270E-06  0.19757E+02  0.00000E+00  0.00000E+00    319  0.00000E+00      0.000
       5.0165 -0.10000E+02  0.00000E+00 -0.10000E+02  0.00000E+00 -0.10000E+02 -0.50165E+02  0.00000E+00 -0.50165E+02  0.00000E+00 -0.50198E+02 -0.11547E+02  0.00000E+00 -0.11547E+02  0.00000E+00  0.17270E-06  0.19757E+02  0.00000E+00  0.00000E+00    320  0.00000E+00      0.000
       5.0329 -0.10000E+02  0.00000E+00 -0.10000E+02  0.00000E+00 -0.10000E+02 -0.50329E+02  0.00000E+00 -0.50329E+02  0.00000E+00 -0.50363E+02 -0.11547E+02  0.00000E+00 -0.11547E+02  0.00000E+00  0.17270E-06  0.19757E+02  0.00000E+00  0.00000E+00    321  0.00000E+00      0.000
       5.0494 -0.10000E+02  0.00000E+00 -0.10000E+02  0.00000E+00 -0.10000E+02 -0.50494E+02  0.00000E+00 -0.50494E+02  0.00000E+00 -0.50528E+02 -0.11547E+02  0.00000E+00 -0.11547E+02  0.00000E+00  0.17270E-06  0.19757E+02  0.00000E+00  0.00000E+00    322  0.00000E+00      0.000
       5.0659 -0.10000E+02  0.00000E+00 -0.10000E+02  0.00000E+00 -0.10000E+02 -0.50659E+02  0.00000E+00 -0.50659E+02  0.00000E+00 -0.50692E+02 -0.11547E+02  0.00000E+00 -0.11547E+02  0.00000E+00  0.17270E-06  0.19757E+02  0.00000E+00  0.00000E+00    323  0.00000E+00      0.000
       5.0823 -0.10000E+02  0.00000E+00 -0.10000E+02  0.00000E+00 -0.10000E+02 -0.50823E+02  0.00000E+00 -0.50823E+02  0.00000E+00 -0.50857E+02 -0.11547E+02  0.00000E+00 -0.11547E+02  0.00000E+00  0.17270E-06  0.19757E+02  0.00000E+00  0.00000E+00    324  0.00000E+00      0.000
       5.0988 -0.10000E+02  0.00000E+00 -0.10000E+02  0.00000E+00 -0.10000E+02 -0.50988E+02  0.00000E+00 -0.50988E+02  0.00000E+00 -0.51022E+02 -0.11547E+02  0.00000E+00 -0.11547E+02  0.00000E+00  0.17270E-06  0.19757E+02  0.00000E+00  0.00000E+00    325  0.00000E+00      0.000
       5.1152 -0.10000E+02  0.00000E+00 -0.10000E+02  0.00000E+00 -0.10000E+02 -0.51153E+02  0.00000E+00 -0.51153E+02  0.00000E+00 -0.51186E+02 -0.11547E+02  0.00000E+00 -0.11547E+02  0.00000E+00  0.17270E-06  0.19757E+02  0.00000E+00  0.00000E+00    326  0.00000E+00      0.000
       5.1317 -0.10000E+02  0.00000E+00 -0.10000E+02  0.00000E+00 -0.99999E+01 -0.51317E+02  0.00000E+00 -0.51317E+02  0.00000E+00 -0.51351E+02 -0.11547E+02  0.00000E+00 -0.11547E+02  0.00000E+00  0.17270E-06  0.19757E+02  0.00000E+00  0.00000E+00    327  0.00000E+00      0.000
       5.1482 -0.10000E+02  0.00000E+00 -0.10000E+02  0.00000E+00 -0.10000E+02 -0.51482E+02  0.00000E+00 -0.51482E+02  0.00000E+00 -0.51515E+02 -0.11547E+02  0.00000E+00 -0.11547E+02  0.00000E+00  0.17270E-06  0.19757E+02  0.00000E+00  0.00000E+00    328  0.00000E+00      0.000
       5.1646 -0.10000E+02  0.00000E+00 -0.10000E+02  0.00000E+00 -0.10000E+02 -0.51646E+02  0.00000E+00 -0.51646E+02  0.00000E+00 -0.51680E+02 -0.11547E+02  0.00000E+00 -0.11547E+02  0.00000E+00  0.17270E-06  0.19757E+02  0.00000E+00  0.00000E+00    329  0.00000E+00      0.000
       5.1811 -0.10000E+02  0.00000E+00 -0.10000E+02  0.00000E+00 -0.10000E+02 -0.51811E+02  0.00000E+00 -0.51811E+02  0.00000E+00 -0.51845E+02 -0.11547E+02  0.00000E+00 -0.11547E+02  0.00000E+00  0.17270E-06  0.19757E+02  0.00000E+00  0.00000E+00    330  0.00000E+00      0.000
       5.1976 -0.10000E+02  0.00000E+00 -0.10000E+02  0.00000E+00 -0.10000E+02 -0.51976E+02  0.00000E+00 -0.51976E+02  0.00000E+00 -0.52009E+02 -0.11547E+02  0.00000E+00 -0.11547E+02  0.00000E+00  0.17270E-06  0.19757E+02  0.00000E+00  0.00000E+00    331  0.00000E+00      0.000
       5.2140 -0.10000E+02  0.00000E+00 -0.10000E+02  0.00000E+00 -0.10000E+02 -0.52140E+02  0.00000E+00 -0.52140E+02  0.00000E+00 -0.52174E+02 -0.11547E+02  0.00000E+00 -0.11547E+02  0.00000E+00  0.17270E-06  0.19757E+02  0.00000E+00  0.00000E+00    332  0.00000E+00      0.000
       5.2305 -0.10000E+02  0.00000E+00 -0.10000E+02  0.00000E+00 -0.10000E+02 -0.52305E+02  0.00000E+00 -0.52305E+02  0.00000E+00 -0.52339E+02 -0.11547E+02  0.00000E+00 -0.11547E+02  0.00000E+00  0.17270E-06  0.19757E+02  0.00000E+00  0.00000E+00    333  0.00000E+00      0.000
       5.2470 -0.10000E+02  0.00000E+00 -0.10000E+02  0.00000E+00 -0.10000E+02 -0.52470E+02  0.00000E+00 -0.52470E+02  0.00000E+00 -0.52503E+02 -0.11547E+02  0.00000E+00 -0.11547E+02  0.00000E+00  0.17270E-06  0.19757E+02  0.00000E+00  0.00000E+00    334  0.00000E+00      0.000
       5.2634 -0.10000E+02  0.00000E+00 -0.10000E+02  0.00000E+00 -0.10000E+02 -0.52634E+02  0.00000E+00 -0.52634E+02  0.00000E+00 -0.52668E+02 -0.11547E+02  0.00000E+00 -0.11547E+02  0.00000E+00  0.17270E-06  0.19757E+02  0.00000E+00  0.00000E+00    335  0.00000E+00      0.000
       5.2799 -0.10000E+02  0.00000E+00 -0.10000E+02  0.00000E+00 -0.10000E+02 -0.52799E+02  0.00000E+00 -0.52799E+02  0.00000E+00 -0.52833E+02 -0.11547E+02  0.00000E+00 -0.11547E+02  0.00000E+00  0.17270E-06  0.19757E+02  0.00000E+00  0.00000E+00    336  0.00000E+00      0.000
       5.2963 -0.10000E+02  0.00000E+00 -0.10000E+02  0.00000E+00 -0.10000E+02 -0.52964E+02  0.00000E+00 -0.52964E+02  0.00000E+00 -0.52997E+02 -0.11547E+02  0.00000E+00 -0.11547E+02  0.00000E+00  0.17270E-06  0.19757E+02  0.00000E+00  0.00000E+00    337  0.00000E+00      0.000
       5.3128 -0.10000E+02  0.00000E+00 -0.10000E+02  0.00000E+00 -0.10000E+02 -0.53128E+02  0.00000E+00 -0.53128E+02  0.00000E+00 -0.53162E+02 -0.11547E+02  0.00000E+00 -0.11547E+02  0.00000E+00  0.17270E-06  0.19757E+02  0.00000E+00  0.00000E+00    338  0.00000E+00      0.000
       5.3293 -0.10000E+02  0.00000E+00 -0.10000E+02  0.00000E+00 -0.10000E+02 -0.53293E+02  0.00000E+00 -0.53293E+02  0.00000E+00 -0.53327E+02 -0.11547E+02  0.00000E+00 -0.11547E+02  0.00000E+00  0.17270E-06  0.19757E+02  0.00000E+00  0.00000E+00    339  0.00000E+00      0.000
       5.3457 -0.10000E+02  0.00000E+00 -0.10000E+02  0.00000E+00 -0.10000E+02 -0.53457E+02  0.00000E+00 -0.53457E+02  0.00000E+00 -0.53491E+02 -0.11547E+02  0.00000E+00 -0.11547E+02  0.00000E+00  0.17270E-06  0.19757E+02  0.00000E+00  0.00000E+00    340  0.00000E+00      0.000
       5.3622 -0.10000E+02  0.00000E+00 -0.10000E+02  0.00000E+00 -0.10000E+02 -0.53622E+02  0.00000E+00 -0.53622E+02  0.00000E+00 -0.53656E+02 -0.11547E+02  0.00000E+00 -0.11547E+02  0.00000E+00  0.17270E-06  0.19757E+02  0.00000E+00  0.00000E+00    341  0.00000E+00      0.000
       5.3787 -0.10000E+02  0.00000E+00 -0.10000E+02  0.00000E+00 -0.10000E+02 -0.53787E+02  0.00000E+00 -0.53787E+02  0.00000E+00 -0.53820E+02 -0.11547E+02  0.00000E+00 -0.11547E+02  0.00000E+00  0.17270E-06  0.19757E+02  0.00000E+00  0.00000E+00    342  0.00000E+00      0.000
       5.3951 -0.10000E+02  0.00000E+00 -0.10000E+02  0.00000E+00 -0.10000E+02 -0.53951E+02  0.00000E+00 -0.53951E+02  0.00000E+00 -0.53985E+02 -0.11547E+02  0.00000E+00 -0.11547E+02  0.00000E+00  0.17270E-06  0.19757E+02  0.00000E+00  0.00000E+00    343  0.00000E+00      0.000
       5.4116 -0.10000E+02  0.00000E+00 -0.10000E+02  0.00000E+00 -0.10000E+02 -0.54116E+02  0.00000E+00 -0.54116E+02  0.00000E+00 -0.54150E+02 -0.11547E+02  0.00000E+00 -0.11547E+02  0.00000E+00  0.17270E-06  0.19757E+02  0.00000E+00  0.00000E+00    344  0.00000E+00      0.000
       5.4281 -0.10000E+02  0.00000E+00 -0.10000E+02  0.00000E+00 -0.10000E+02 -0.54281E+02  0.00000E+00 -0.54281E+02  0.00000E+00 -0.54314E+02 -0.11547E+02  0.00000E+00 -0.11547E+02  0.00000E+00  0.17270E-06  0.19757E+02  0.00000E+00  0.00000E+00    345  0.00000E+00      0.000
       5.4445 -0.10000E+02  0.00000E+00 -0.10000E+02  0.00000E+00 -0.10000E+02 -0.54445E+02  0.00000E+00 -0.54445E+02  0.00000E+00 -0.54479E+02 -0.11547E+02  0.00000E+00 -0.11547E+02  0.00000E+00  0.17270E-06  0.19757E+02  0.00000E+00  0.00000E+00    346  0.00000E+00      0.000
       5.4610 -0.10000E+02  0.00000E+00 -0.10000E+02  0.00000E+00 -0.10000E+02 -0.54610E+02  0.00000E+00 -0.54610E+02  0.00000E+00 -0.54644E+02 -0.11547E+02  0.00000E+00 -0.11547E+02  0.00000E+00  0.17270E-06  0.19757E+02  0.00000E+00  0.00000E+00    347  0.00000E+00      0.000
       5.4774 -0.10000E+02  0.00000E+00 -0.10000E+02  0.00000E+00 -0.99999E+01 -0.54775E+02  0.00000E+00 -0.54775E+02  0.00000E+00 -0.54808E+02 -0.11547E+02  0.00000E+00 -0.11547E+02  0.00000E+00  0.17270E-06  0.19757E+02  0.00000E+00  0.00000E+00    348  0.00000E+00      0.000
       5.4887 -0.10000E+02  0.00000E+00 -0.10000E+02  0.00000E+00 -0.10000E+02 -0.54887E+02  0.00000E+00 -0.54887E+02  0.00000E+00 -0.54921E+02 -0.11547E+02  0.00000E+00 -0.11547E+02  0.00000E+00  0.17270E-06  0.19757E+02  0.00000E+00  0.00000E+00    349  0.00000E+00      0.000
       5.5000 -0.10000E+02  0.00000E+00 -0.10000E+02  0.00000E+00 -0.10000E+02 -0.55000E+02  0.00000E+00 -0.55000E+02  0.00000E+00 -0.55034E+02 -0.11547E+02  0.00000E+00 -0.11547E+02  0.00000E+00  0.17270E-06  0.19757E+02  0.00000E+00  0.00000E+00    350  0.00000E+00      0.000
       5.5165 -0.10000E+02  0.00000E+00 -0.10000E+02  0.00000E+00 -0.10000E+02 -0.55165E+02  0.00000E+00 -0.55165E+02  0.00000E+00 -0.55198E+02 -0.11547E+02  0.00000E+00 -0.11547E+02  0.00000E+00  0.17270E-06  0.19757E+02  0.00000E+00  0.00000E+00    351  0.00000E+00      0.000
       5.5329 -0.10000E+02  0.00000E+00 -0.10000E+02  0.00000E+00 -0.10000E+02 -0.55329E+02  0.00000E+00 -0.55329E+02  0.00000E+00 -0.55363E+02 -0.11547E+02  0.00000E+00 -0.11547E+02  0.00000E+00  0.17270E-06  0.19757E+02  0.00000E+00  0.00000E+00    352  0.00000E+00      0.000
       5.5494 -0.10000E+02  0.00000E+00 -0.10000E+02  0.00000E+00 -0.10000E+02 -0.55494E+02  0.00000E+00 -0.55494E+02  0.00000E+00 -0.55528E+02 -0.11547E+02  0.00000E+00 -0.11547E+02  0.00000E+00  0.17270E-06  0.19757E+02  0.00000E+00  0.00000E+00    353  0.00000E+00      0.000
       5.5659 -0.10000E+02  0.00000E+00 -0.10000E+02  0.00000E+00 -0.10000E+02 -0.55659E+02  0.00000E+00 -0.55659E+02  0.00000E+00 -0.55692E+02 -0.11547E+02  0.00000E+00 -0.11547E+02  0.00000E+00  0.17270E-06  0.19757E+02  0.00000E+00  0.00000E+00    354  0.00000E+00      0.000
       5.5823 -0.10000E+02  0.00000E+00 -0.10000E+02  0.00000E+00 -0.10000E+02 -0.55823E+02  0.00000E+00 -0.55823E+02  0.00000E+00 -0.55857E+02 -0.11547E+02  0.00000E+00 -0.11547E+02  0.00000E+00  0.17270E-06  0.19757E+02  0.00000E+00  0.00000E+00    355  0.00000E+00      0.000
       5.5988 -0.10000E+02  0.00000E+00 -0.10000E+02  0.00000E+00 -0.10000E+02 -0.55988E+02  0.00000E+00 -0.55988E+02  0.00000E+00 -0.56022E+02 -0.11547E+02  0.00000E+00 -0.11547E+02  0.00000E+00  0.17270E-06  0.19757E+02  0.00000E+00  0.00000E+00    356  0.00000E+00      0.000
       5.6152 -0.10000E+02  0.00000E+00 -0.10000E+02  0.00000E+00 -0.10000E+02 -0.56153E+02  0.00000E+00 -0.56153E+02  0.00000E+00 -0.56186E+02 -0.11547E+02  0.00000E+00 -0.11547E+02  0.00000E+00  0.17270E-06  0.19757E+02  0.00000E+00  0.00000E+00    357  0.00000E+00      0.000
       5.6317 -0.10000E+02  0.00000E+00 -0.10000E+02  0.00000E+00 -0.10000E+02 -0.56317E+02  0.00000E+00 -0.56317E+02  0.00000E+00 -0.56351E+02 -0.11547E+02  0.00000E+00 -0.11547E+02  0.00000E+00  0.17270E-06  0.19757E+02  0.00000E+00  0.00000E+00    358  0.00000E+00      0.000
       5.6482 -0.10000E+02  0.00000E+00 -0.10000E+02  0.00000E+00 -0.99999E+01 -0.56482E+02  0.00000E+00 -0.56482E+02  0.00000E+00 -0.56516E+02 -0.11547E+02  0.00000E+00 -0.11547E+02  0.00000E+00  0.17270E-06  0.19757E+02  0.00000E+00  0.00000E+00    359  0.00000E+00      0.000
       5.6646 -0.10000E+02  0.00000E+00 -0.10000E+02  0.00000E+00 -0.10000E+02 -0.56647E+02  0.00000E+00 -0.56647E+02  0.00000E+00 -0.56680E+02 -0.11547E+02  0.00000E+00 -0.11547E+02  0.00000E+00  0.17270E-06  0.19757E+02  0.00000E+00  0.00000E+00    360  0.00000E+00      0.000
       5.6811 -0.10000E+02  0.00000E+00 -0.10000E+02  0.00000E+00 -0.10000E+02 -0.56811E+02  0.00000E+00 -0.56811E+02  0.00000E+00 -0.56845E+02 -0.11547E+02  0.00000E+00 -0.11547E+02  0.00000E+00  0.17270E-06  0.19757E+02  0.00000E+00  0.00000E+00    361  0.00000E+00      0.000
       5.6976 -0.10000E+02  0.00000E+00 -0.10000E+02  0.00000E+00 -0.99999E+01 -0.56976E+02  0.00000E+00 -0.56976E+02  0.00000E+00 -0.57009E+02 -0.11547E+02  0.00000E+00 -0.11547E+02  0.00000E+00  0.17270E-06  0.19757E+02  0.00000E+00  0.00000E+00    362  0.00000E+00      0.000
       5.7140 -0.10000E+02  0.00000E+00 -0.10000E+02  0.00000E+00 -0.10000E+02 -0.57140E+02  0.00000E+00 -0.57140E+02  0.00000E+00 -0.57174E+02 -0.11547E+02  0.00000E+00 -0.11547E+02  0.00000E+00  0.17270E-06  0.19757E+02  0.00000E+00  0.00000E+00    363  0.00000E+00      0.000
       5.7305 -0.10000E+02  0.00000E+00 -0.10000E+02  0.00000E+00 -0.10000E+02 -0.57305E+02  0.00000E+00 -0.57305E+02  0.00000E+00 -0.57339E+02 -0.11547E+02  0.00000E+00 -0.11547E+02  0.00000E+00  0.17270E-06  0.19757E+02  0.00000E+00  0.00000E+00    364  0.00000E+00      0.000
       5.7470 -0.10000E+02  0.00000E+00 -0.10000E+02  0.00000E+00 -0.99999E+01 -0.57470E+02  0.00000E+00 -0.57470E+02  0.00000E+00 -0.57503E+02 -0.11547E+02  0.00000E+00 -0.11547E+02  0.00000E+00  0.17270E-06  0.19757E+02  0.00000E+00  0.00000E+00    365  0.00000E+00      0.000
       5.7634 -0.10000E+02  0.00000E+00 -0.10000E+02  0.00000E+00 -0.10000E+02 -0.57634E+02  0.00000E+00 -0.57634E+02  0.00000E+00 -0.57668E+02 -0.11547E+02  0.00000E+00 -0.11547E+02  0.00000E+00  0.17270E-06  0.19757E+02  0.00000E+00  0.00000E+00    366  0.00000E+00      0.000
       5.7799 -0.10000E+02  0.00000E+00 -0.10000E+02  0.00000E+00 -0.10000E+02 -0.57799E+02  0.00000E+00 -0.57799E+02  0.00000E+00 -0.57833E+02 -0.11547E+02  0.00000E+00 -0.11547E+02  0.00000E+00  0.17270E-06  0.19757E+02  0.00000E+00  0.00000E+00    367  0.00000E+00      0.000
       5.7963 -0.10000E+02  0.00000E+00 -0.10000E+02  0.00000E+00 -0.10000E+02 -0.57964E+02  0.00000E+00 -0.57964E+02  0.00000E+00 -0.57997E+02 -0.11547E+02  0.00000E+00 -0.11547E+02  0.00000E+00  0.17270E-06  0.19757E+02  0.00000E+00  0.00000E+00    368  0.00000E+00      0.000
       5.8128 -0.10000E+02  0.00000E+00 -0.10000E+02  0.00000E+00 -0.99999E+01 -0.58128E+02  0.00000E+00 -0.58128E+02  0.00000E+00 -0.58162E+02 -0.11547E+02  0.00000E+00 -0.11547E+02  0.00000E+00  0.17270E-06  0.19757E+02  0.00000E+00  0.00000E+00    369  0.00000E+00      0.000
       5.8293 -0.10000E+02  0.00000E+00 -0.10000E+02  0.00000E+00 -0.10000E+02 -0.58293E+02  0.00000E+00 -0.58293E+02  0.00000E+00 -0.58327E+02 -0.11547E+02  0.00000E+00 -0.11547E+02  0.00000E+00  0.17270E-06  0.19757E+02  0.00000E+00  0.00000E+00    370  0.00000E+00      0.000
       5.8457 -0.10000E+02  0.00000E+00 -0.10000E+02  0.00000E+00 -0.10000E+02 -0.58458E+02  0.00000E+00 -0.58458E+02  0.00000E+00 -0.58491E+02 -0.11547E+02  0.00000E+00 -0.11547E+02  0.00000E+00  0.17270E-06  0.19757E+02  0.00000E+00  0.00000E+00    371  0.00000E+00      0.000
       5.8622 -0.10000E+02  0.00000E+00 -0.10000E+02  0.00000E+00 -0.10000E+02 -0.58622E+02  0.00000E+00 -0.58622E+02  0.00000E+00 -0.58656E+02 -0.11547E+02  0.00000E+00 -0.11547E+02  0.00000E+00  0.17270E-06  0.19757E+02  0.00000E+00  0.00000E+00    372  0.00000E+00      0.000
       5.8787 -0.10000E+02  0.00000E+00 -0.10000E+02  0.00000E+00 -0.99999E+01 -0.58787E+02  0.00000E+00 -0.58787E+02  0.00000E+00 -0.58820E+02 -0.11547E+02  0.00000E+00 -0.11547E+02  0.00000E+00  0.17270E-06  0.19757E+02  0.00000E+00  0.00000E+00    373  0.00000E+00      0.000
       5.8951 -0.10000E+02  0.00000E+00 -0.10000E+02  0.00000E+00 -0.99999E+01 -0.58951E+02  0.00000E+00 -0.58951E+02  0.00000E+00 -0.58985E+02 -0.11547E+02  0.00000E+00 -0.11547E+02  0.00000E+00  0.17270E-06  0.19757E+02  0.00000E+00  0.00000E+00    374  0.00000E+00      0.000
       5.9116 -0.10000E+02  0.00000E+00 -0.10000E+02  0.00000E+00 -0.99999E+01 -0.59116E+02  0.00000E+00 -0.59116E+02  0.00000E+00 -0.59150E+02 -0.11547E+02  0.00000E+00 -0.11547E+02  0.00000E+00  0.17270E-06  0.19757E+02  0.00000E+00  0.00000E+00    375  0.00000E+00      0.000
       5.9281 -0.10000E+02  0.00000E+00 -0.10000E+02  0.00000E+00 -0.99999E+01 -0.59281E+02  0.00000E+00 -0.59281E+02  0.00000E+00 -0.59314E+02 -0.11547E+02  0.00000E+00 -0.11547E+02  0.00000E+00  0.17270E-06  0.19757E+02  0.00000E+00  0.00000E+00    376  0.00000E+00      0.000
       5.9445 -0.10000E+02  0.00000E+00 -0.10000E+02  0.00000E+00 -0.10000E+02 -0.59445E+02  0.00000E+00 -0.59445E+02  0.00000E+00 -0.59479E+02 -0.11547E+02  0.00000E+00 -0.11547E+02  0.00000E+00  0.17270E-06  0.19757E+02  0.00000E+00  0.00000E+00    377  0.00000E+00      0.000
       5.9610 -0.10000E+02  0.00000E+00 -0.10000E+02  0.00000E+00 -0.10000E+02 -0.59610E+02  0.00000E+00 -0.59610E+02  0.00000E+00 -0.59644E+02 -0.11547E+02  0.00000E+00 -0.11547E+02  0.00000E+00  0.17270E-06  0.19757E+02  0.00000E+00  0.00000E+00    378  0.00000E+00      0.000
       5.9774 -0.10000E+02  0.00000E+00 -0.10000E+02  0.00000E+00 -0.10000E+02 -0.59775E+02  0.00000E+00 -0.59775E+02  0.00000E+00 -0.59808E+02 -0.11547E+02  0.00000E+00 -0.11547E+02  0.00000E+00  0.17270E-06  0.19757E+02  0.00000E+00  0.00000E+00    379  0.00000E+00      0.000
       5.9887 -0.10000E+02  0.00000E+00 -0.10000E+02  0.00000E+00 -0.10000E+02 -0.59887E+02  0.00000E+00 -0.59887E+02  0.00000E+00 -0.59921E+02 -0.11547E+02  0.00000E+00 -0.11547E+02  0.00000E+00  0.17270E-06  0.19757E+02  0.00000E+00  0.00000E+00    380  0.00000E+00      0.000
       6.0000 -0.10000E+02  0.00000E+00 -0.10000E+02  0.00000E+00 -0.10000E+02 -0.60000E+02  0.00000E+00 -0.60000E+02  0.00000E+00 -0.60034E+02 -0.11547E+02  0.00000E+00 -0.11547E+02  0.00000E+00  0.17270E-06  0.19757E+02  0.00000E+00  0.00000E+00    381  0.00000E+00      0.000
end
