 ******* Program HYDRUS
 ******* Traceur inerte, loam sableux, q=10 cm/j, dispersivite 2.0 cm            
 Date:   0. 0.    Time: 512:**:**
 Units: L = cm   , T = days , M = g    


 Time:        0.0000


 Node      Depth      Head Moisture       K          C         Flux        Sink         Kappa   v/KsTop   Temp   Conc(1..NS) Sorb(1...NS)
           [L]        [L]    [-]        [L/T]      [1/L]      [L/T]        [1/T]         [-]      [-]      [C]      [M/L*3]

   1     0.0000     -11.484 0.3298   0.1015E+02  0.8799E-02 -0.1015E+02  0.0000E+00      -1  -0.957E-01   20.00  0.0000E+00  0.0000E+00
   2    -0.5000     -11.484 0.3298   0.1015E+02  0.8799E-02 -0.1015E+02  0.0000E+00      -1  -0.957E-01   20.00  0.0000E+00  0.0000E+00
   3    -1.0000     -11.484 0.3298   0.1015E+02  0.8799E-02 -0.1015E+02  0.0000E+00      -1  -0.957E-01   20.00  0.0000E+00  0.0000E+00
   4    -1.5000     -11.484 0.3298   0.1015E+02  0.8799E-02 -0.1015E+02  0.0000E+00      -1  -0.957E-01   20.00  0.0000E+00  0.0000E+00
   5    -2.0000     -11.484 0.3298   0.1015E+02  0.8799E-02 -0.1015E+02  0.0000E+00      -1  -0.957E-01   20.00  0.0000E+00  0.0000E+00
   6    -2.5000     -11.484 0.3298   0.1015E+02  0.8799E-02 -0.1015E+02  0.0000E+00      -1  -0.957E-01   20.00  0.0000E+00  0.0000E+00
   7    -3.0000     -11.484 0.3298   0.1015E+02  0.8799E-02 -0.1015E+02  0.0000E+00      -1  -0.957E-01   20.00  0.0000E+00  0.0000E+00
   8    -3.5000     -11.484 0.3298   0.1015E+02  0.8799E-02 -0.1015E+02  0.0000E+00      -1  -0.957E-01   20.00  0.0000E+00  0.0000E+00
   9    -4.0000     -11.484 0.3298   0.1015E+02  0.8799E-02 -0.1015E+02  0.0000E+00      -1  -0.957E-01   20.00  0.0000E+00  0.0000E+00
  10    -4.5000     -11.484 0.3298   0.1015E+02  0.8799E-02 -0.1015E+02  0.0000E+00      -1  -0.957E-01   20.00  0.0000E+00  0.0000E+00
  11    -5.0000     -11.484 0.3298   0.1015E+02  0.8799E-02 -0.1015E+02  0.0000E+00      -1  -0.957E-01   20.00  0.0000E+00  0.0000E+00
  12    -5.5000     -11.484 0.3298   0.1015E+02  0.8799E-02 -0.1015E+02  0.0000E+00      -1  -0.957E-01   20.00  0.0000E+00  0.0000E+00
  13    -6.0000     -11.484 0.3298   0.1015E+02  0.8799E-02 -0.1015E+02  0.0000E+00      -1  -0.957E-01   20.00  0.0000E+00  0.0000E+00
  14    -6.5000     -11.484 0.3298   0.1015E+02  0.8799E-02 -0.1015E+02  0.0000E+00      -1  -0.957E-01   20.00  0.0000E+00  0.0000E+00
  15    -7.0000     -11.484 0.3298   0.1015E+02  0.8799E-02 -0.1015E+02  0.0000E+00      -1  -0.957E-01   20.00  0.0000E+00  0.0000E+00
  16    -7.5000     -11.484 0.3298   0.1015E+02  0.8799E-02 -0.1015E+02  0.0000E+00      -1  -0.957E-01   20.00  0.0000E+00  0.0000E+00
  17    -8.0000     -11.484 0.3298   0.1015E+02  0.8799E-02 -0.1015E+02  0.0000E+00      -1  -0.957E-01   20.00  0.0000E+00  0.0000E+00
  18    -8.5000     -11.484 0.3298   0.1015E+02  0.8799E-02 -0.1015E+02  0.0000E+00      -1  -0.957E-01   20.00  0.0000E+00  0.0000E+00
  19    -9.0000     -11.484 0.3298   0.1015E+02  0.8799E-02 -0.1015E+02  0.0000E+00      -1  -0.957E-01   20.00  0.0000E+00  0.0000E+00
  20    -9.5000     -11.484 0.3298   0.1015E+02  0.8799E-02 -0.1015E+02  0.0000E+00      -1  -0.957E-01   20.00  0.0000E+00  0.0000E+00
  21   -10.0000     -11.484 0.3298   0.1015E+02  0.8799E-02 -0.1015E+02  0.0000E+00      -1  -0.957E-01   20.00  0.0000E+00  0.0000E+00
  22   -10.5000     -11.484 0.3298   0.1015E+02  0.8799E-02 -0.1015E+02  0.0000E+00      -1  -0.957E-01   20.00  0.0000E+00  0.0000E+00
  23   -11.0000     -11.484 0.3298   0.1015E+02  0.8799E-02 -0.1015E+02  0.0000E+00      -1  -0.957E-01   20.00  0.0000E+00  0.0000E+00
  24   -11.5000     -11.484 0.3298   0.1015E+02  0.8799E-02 -0.1015E+02  0.0000E+00      -1  -0.957E-01   20.00  0.0000E+00  0.0000E+00
  25   -12.0000     -11.484 0.3298   0.1015E+02  0.8799E-02 -0.1015E+02  0.0000E+00      -1  -0.957E-01   20.00  0.0000E+00  0.0000E+00
  26   -12.5000     -11.484 0.3298   0.1015E+02  0.8799E-02 -0.1015E+02  0.0000E+00      -1  -0.957E-01   20.00  0.0000E+00  0.0000E+00
  27   -13.0000     -11.484 0.3298   0.1015E+02  0.8799E-02 -0.1015E+02  0.0000E+00      -1  -0.957E-01   20.00  0.0000E+00  0.0000E+00
  28   -13.5000     -11.484 0.3298   0.1015E+02  0.8799E-02 -0.1015E+02  0.0000E+00      -1  -0.957E-01   20.00  0.0000E+00  0.0000E+00
  29   -14.0000     -11.484 0.3298   0.1015E+02  0.8799E-02 -0.1015E+02  0.0000E+00      -1  -0.957E-01   20.00  0.0000E+00  0.0000E+00
  30   -14.5000     -11.484 0.3298   0.1015E+02  0.8799E-02 -0.1015E+02  0.0000E+00      -1  -0.957E-01   20.00  0.0000E+00  0.0000E+00
  31   -15.0000     -11.484 0.3298   0.1015E+02  0.8799E-02 -0.1015E+02  0.0000E+00      -1  -0.957E-01   20.00  0.0000E+00  0.0000E+00
  32   -15.5000     -11.484 0.3298   0.1015E+02  0.8799E-02 -0.1015E+02  0.0000E+00      -1  -0.957E-01   20.00  0.0000E+00  0.0000E+00
  33   -16.0000     -11.484 0.3298   0.1015E+02  0.8799E-02 -0.1015E+02  0.0000E+00      -1  -0.957E-01   20.00  0.0000E+00  0.0000E+00
  34   -16.5000     -11.484 0.3298   0.1015E+02  0.8799E-02 -0.1015E+02  0.0000E+00      -1  -0.957E-01   20.00  0.0000E+00  0.0000E+00
  35   -17.0000     -11.484 0.3298   0.1015E+02  0.8799E-02 -0.1015E+02  0.0000E+00      -1  -0.957E-01   20.00  0.0000E+00  0.0000E+00
  36   -17.5000     -11.484 0.3298   0.1015E+02  0.8799E-02 -0.1015E+02  0.0000E+00      -1  -0.957E-01   20.00  0.0000E+00  0.0000E+00
  37   -18.0000     -11.484 0.3298   0.1015E+02  0.8799E-02 -0.1015E+02  0.0000E+00      -1  -0.957E-01   20.00  0.0000E+00  0.0000E+00
  38   -18.5000     -11.484 0.3298   0.1015E+02  0.8799E-02 -0.1015E+02  0.0000E+00      -1  -0.957E-01   20.00  0.0000E+00  0.0000E+00
  39   -19.0000     -11.484 0.3298   0.1015E+02  0.8799E-02 -0.1015E+02  0.0000E+00      -1  -0.957E-01   20.00  0.0000E+00  0.0000E+00
  40   -19.5000     -11.484 0.3298   0.1015E+02  0.8799E-02 -0.1015E+02  0.0000E+00      -1  -0.957E-01   20.00  0.0000E+00  0.0000E+00
  41   -20.0000     -11.484 0.3298   0.1015E+02  0.8799E-02 -0.1015E+02  0.0000E+00      -1  -0.957E-01   20.00  0.0000E+00  0.0000E+00
  42   -20.5000     -11.484 0.3298   0.1015E+02  0.8799E-02 -0.1015E+02  0.0000E+00      -1  -0.957E-01   20.00  0.0000E+00  0.0000E+00
  43   -21.0000     -11.484 0.3298   0.1015E+02  0.8799E-02 -0.1015E+02  0.0000E+00      -1  -0.957E-01   20.00  0.0000E+00  0.0000E+00
  44   -21.5000     -11.484 0.3298   0.1015E+02  0.8799E-02 -0.1015E+02  0.0000E+00      -1  -0.957E-01   20.00  0.0000E+00  0.0000E+00
  45   -22.0000     -11.484 0.3298   0.1015E+02  0.8799E-02 -0.1015E+02  0.0000E+00      -1  -0.957E-01   20.00  0.0000E+00  0.0000E+00
  46   -22.5000     -11.484 0.3298   0.1015E+02  0.8799E-02 -0.1015E+02  0.0000E+00      -1  -0.957E-01   20.00  0.0000E+00  0.0000E+00
  47   -23.0000     -11.484 0.3298   0.1015E+02  0.8799E-02 -0.1015E+02  0.0000E+00      -1  -0.957E-01   20.00  0.0000E+00  0.0000E+00
  48   -23.5000     -11.484 0.3298   0.1015E+02  0.8799E-02 -0.1015E+02  0.0000E+00      -1  -0.957E-01   20.00  0.0000E+00  0.0000E+00
  49   -24.0000     -11.484 0.3298   0.1015E+02  0.8799E-02 -0.1015E+02  0.0000E+00      -1  -0.957E-01   20.00  0.0000E+00  0.0000E+00
  50   -24.5000     -11.484 0.3298   0.1015E+02  0.8799E-02 -0.1015E+02  0.0000E+00      -1  -0.957E-01   20.00  0.0000E+00  0.0000E+00
  51   -25.0000     -11.484 0.3298   0.1015E+02  0.8799E-02 -0.1015E+02  0.0000E+00      -1  -0.957E-01   20.00  0.0000E+00  0.0000E+00
  52   -25.5000     -11.484 0.3298   0.1015E+02  0.8799E-02 -0.1015E+02  0.0000E+00      -1  -0.957E-01   20.00  0.0000E+00  0.0000E+00
  53   -26.0000     -11.484 0.3298   0.1015E+02  0.8799E-02 -0.1015E+02  0.0000E+00      -1  -0.957E-01   20.00  0.0000E+00  0.0000E+00
  54   -26.5000     -11.484 0.3298   0.1015E+02  0.8799E-02 -0.1015E+02  0.0000E+00      -1  -0.957E-01   20.00  0.0000E+00  0.0000E+00
  55   -27.0000     -11.484 0.3298   0.1015E+02  0.8799E-02 -0.1015E+02  0.0000E+00      -1  -0.957E-01   20.00  0.0000E+00  0.0000E+00
  56   -27.5000     -11.484 0.3298   0.1015E+02  0.8799E-02 -0.1015E+02  0.0000E+00      -1  -0.957E-01   20.00  0.0000E+00  0.0000E+00
  57   -28.0000     -11.484 0.3298   0.1015E+02  0.8799E-02 -0.1015E+02  0.0000E+00      -1  -0.957E-01   20.00  0.0000E+00  0.0000E+00
  58   -28.5000     -11.484 0.3298   0.1015E+02  0.8799E-02 -0.1015E+02  0.0000E+00      -1  -0.957E-01   20.00  0.0000E+00  0.0000E+00
  59   -29.0000     -11.484 0.3298   0.1015E+02  0.8799E-02 -0.1015E+02  0.0000E+00      -1  -0.957E-01   20.00  0.0000E+00  0.0000E+00
  60   -29.5000     -11.484 0.3298   0.1015E+02  0.8799E-02 -0.1015E+02  0.0000E+00      -1  -0.957E-01   20.00  0.0000E+00  0.0000E+00
  61   -30.0000     -11.484 0.3298   0.1015E+02  0.8799E-02 -0.1015E+02  0.0000E+00      -1  -0.957E-01   20.00  0.0000E+00  0.0000E+00
  62   -30.5000     -11.484 0.3298   0.1015E+02  0.8799E-02 -0.1015E+02  0.0000E+00      -1  -0.957E-01   20.00  0.0000E+00  0.0000E+00
  63   -31.0000     -11.484 0.3298   0.1015E+02  0.8799E-02 -0.1015E+02  0.0000E+00      -1  -0.957E-01   20.00  0.0000E+00  0.0000E+00
  64   -31.5000     -11.484 0.3298   0.1015E+02  0.8799E-02 -0.1015E+02  0.0000E+00      -1  -0.957E-01   20.00  0.0000E+00  0.0000E+00
  65   -32.0000     -11.484 0.3298   0.1015E+02  0.8799E-02 -0.1015E+02  0.0000E+00      -1  -0.957E-01   20.00  0.0000E+00  0.0000E+00
  66   -32.5000     -11.484 0.3298   0.1015E+02  0.8799E-02 -0.1015E+02  0.0000E+00      -1  -0.957E-01   20.00  0.0000E+00  0.0000E+00
  67   -33.0000     -11.484 0.3298   0.1015E+02  0.8799E-02 -0.1015E+02  0.0000E+00      -1  -0.957E-01   20.00  0.0000E+00  0.0000E+00
  68   -33.5000     -11.484 0.3298   0.1015E+02  0.8799E-02 -0.1015E+02  0.0000E+00      -1  -0.957E-01   20.00  0.0000E+00  0.0000E+00
  69   -34.0000     -11.484 0.3298   0.1015E+02  0.8799E-02 -0.1015E+02  0.0000E+00      -1  -0.957E-01   20.00  0.0000E+00  0.0000E+00
  70   -34.5000     -11.484 0.3298   0.1015E+02  0.8799E-02 -0.1015E+02  0.0000E+00      -1  -0.957E-01   20.00  0.0000E+00  0.0000E+00
  71   -35.0000     -11.484 0.3298   0.1015E+02  0.8799E-02 -0.1015E+02  0.0000E+00      -1  -0.957E-01   20.00  0.0000E+00  0.0000E+00
  72   -35.5000     -11.484 0.3298   0.1015E+02  0.8799E-02 -0.1015E+02  0.0000E+00      -1  -0.957E-01   20.00  0.0000E+00  0.0000E+00
  73   -36.0000     -11.484 0.3298   0.1015E+02  0.8799E-02 -0.1015E+02  0.0000E+00      -1  -0.957E-01   20.00  0.0000E+00  0.0000E+00
  74   -36.5000     -11.484 0.3298   0.1015E+02  0.8799E-02 -0.1015E+02  0.0000E+00      -1  -0.957E-01   20.00  0.0000E+00  0.0000E+00
  75   -37.0000     -11.484 0.3298   0.1015E+02  0.8799E-02 -0.1015E+02  0.0000E+00      -1  -0.957E-01   20.00  0.0000E+00  0.0000E+00
  76   -37.5000     -11.484 0.3298   0.1015E+02  0.8799E-02 -0.1015E+02  0.0000E+00      -1  -0.957E-01   20.00  0.0000E+00  0.0000E+00
  77   -38.0000     -11.484 0.3298   0.1015E+02  0.8799E-02 -0.1015E+02  0.0000E+00      -1  -0.957E-01   20.00  0.0000E+00  0.0000E+00
  78   -38.5000     -11.484 0.3298   0.1015E+02  0.8799E-02 -0.1015E+02  0.0000E+00      -1  -0.957E-01   20.00  0.0000E+00  0.0000E+00
  79   -39.0000     -11.484 0.3298   0.1015E+02  0.8799E-02 -0.1015E+02  0.0000E+00      -1  -0.957E-01   20.00  0.0000E+00  0.0000E+00
  80   -39.5000     -11.484 0.3298   0.1015E+02  0.8799E-02 -0.1015E+02  0.0000E+00      -1  -0.957E-01   20.00  0.0000E+00  0.0000E+00
  81   -40.0000     -11.484 0.3298   0.1015E+02  0.8799E-02 -0.1015E+02  0.0000E+00      -1  -0.957E-01   20.00  0.0000E+00  0.0000E+00
  82   -40.5000     -11.484 0.3298   0.1015E+02  0.8799E-02 -0.1015E+02  0.0000E+00      -1  -0.957E-01   20.00  0.0000E+00  0.0000E+00
  83   -41.0000     -11.484 0.3298   0.1015E+02  0.8799E-02 -0.1015E+02  0.0000E+00      -1  -0.957E-01   20.00  0.0000E+00  0.0000E+00
  84   -41.5000     -11.484 0.3298   0.1015E+02  0.8799E-02 -0.1015E+02  0.0000E+00      -1  -0.957E-01   20.00  0.0000E+00  0.0000E+00
  85   -42.0000     -11.484 0.3298   0.1015E+02  0.8799E-02 -0.1015E+02  0.0000E+00      -1  -0.957E-01   20.00  0.0000E+00  0.0000E+00
  86   -42.5000     -11.484 0.3298   0.1015E+02  0.8799E-02 -0.1015E+02  0.0000E+00      -1  -0.957E-01   20.00  0.0000E+00  0.0000E+00
  87   -43.0000     -11.484 0.3298   0.1015E+02  0.8799E-02 -0.1015E+02  0.0000E+00      -1  -0.957E-01   20.00  0.0000E+00  0.0000E+00
  88   -43.5000     -11.484 0.3298   0.1015E+02  0.8799E-02 -0.1015E+02  0.0000E+00      -1  -0.957E-01   20.00  0.0000E+00  0.0000E+00
  89   -44.0000     -11.484 0.3298   0.1015E+02  0.8799E-02 -0.1015E+02  0.0000E+00      -1  -0.957E-01   20.00  0.0000E+00  0.0000E+00
  90   -44.5000     -11.484 0.3298   0.1015E+02  0.8799E-02 -0.1015E+02  0.0000E+00      -1  -0.957E-01   20.00  0.0000E+00  0.0000E+00
  91   -45.0000     -11.484 0.3298   0.1015E+02  0.8799E-02 -0.1015E+02  0.0000E+00      -1  -0.957E-01   20.00  0.0000E+00  0.0000E+00
  92   -45.5000     -11.484 0.3298   0.1015E+02  0.8799E-02 -0.1015E+02  0.0000E+00      -1  -0.957E-01   20.00  0.0000E+00  0.0000E+00
  93   -46.0000     -11.484 0.3298   0.1015E+02  0.8799E-02 -0.1015E+02  0.0000E+00      -1  -0.957E-01   20.00  0.0000E+00  0.0000E+00
  94   -46.5000     -11.484 0.3298   0.1015E+02  0.8799E-02 -0.1015E+02  0.0000E+00      -1  -0.957E-01   20.00  0.0000E+00  0.0000E+00
  95   -47.0000     -11.484 0.3298   0.1015E+02  0.8799E-02 -0.1015E+02  0.0000E+00      -1  -0.957E-01   20.00  0.0000E+00  0.0000E+00
  96   -47.5000     -11.484 0.3298   0.1015E+02  0.8799E-02 -0.1015E+02  0.0000E+00      -1  -0.957E-01   20.00  0.0000E+00  0.0000E+00
  97   -48.0000     -11.484 0.3298   0.1015E+02  0.8799E-02 -0.1015E+02  0.0000E+00      -1  -0.957E-01   20.00  0.0000E+00  0.0000E+00
  98   -48.5000     -11.484 0.3298   0.1015E+02  0.8799E-02 -0.1015E+02  0.0000E+00      -1  -0.957E-01   20.00  0.0000E+00  0.0000E+00
  99   -49.0000     -11.484 0.3298   0.1015E+02  0.8799E-02 -0.1015E+02  0.0000E+00      -1  -0.957E-01   20.00  0.0000E+00  0.0000E+00
 100   -49.5000     -11.484 0.3298   0.1015E+02  0.8799E-02 -0.1015E+02  0.0000E+00      -1  -0.957E-01   20.00  0.0000E+00  0.0000E+00
 101   -50.0000     -11.484 0.3298   0.1015E+02  0.8799E-02 -0.1015E+02  0.0000E+00      -1  -0.957E-01   20.00  0.0000E+00  0.0000E+00
 102   -50.5000     -11.484 0.3298   0.1015E+02  0.8799E-02 -0.1015E+02  0.0000E+00      -1  -0.957E-01   20.00  0.0000E+00  0.0000E+00
 103   -51.0000     -11.484 0.3298   0.1015E+02  0.8799E-02 -0.1015E+02  0.0000E+00      -1  -0.957E-01   20.00  0.0000E+00  0.0000E+00
 104   -51.5000     -11.484 0.3298   0.1015E+02  0.8799E-02 -0.1015E+02  0.0000E+00      -1  -0.957E-01   20.00  0.0000E+00  0.0000E+00
 105   -52.0000     -11.484 0.3298   0.1015E+02  0.8799E-02 -0.1015E+02  0.0000E+00      -1  -0.957E-01   20.00  0.0000E+00  0.0000E+00
 106   -52.5000     -11.484 0.3298   0.1015E+02  0.8799E-02 -0.1015E+02  0.0000E+00      -1  -0.957E-01   20.00  0.0000E+00  0.0000E+00
 107   -53.0000     -11.484 0.3298   0.1015E+02  0.8799E-02 -0.1015E+02  0.0000E+00      -1  -0.957E-01   20.00  0.0000E+00  0.0000E+00
 108   -53.5000     -11.484 0.3298   0.1015E+02  0.8799E-02 -0.1015E+02  0.0000E+00      -1  -0.957E-01   20.00  0.0000E+00  0.0000E+00
 109   -54.0000     -11.484 0.3298   0.1015E+02  0.8799E-02 -0.1015E+02  0.0000E+00      -1  -0.957E-01   20.00  0.0000E+00  0.0000E+00
 110   -54.5000     -11.484 0.3298   0.1015E+02  0.8799E-02 -0.1015E+02  0.0000E+00      -1  -0.957E-01   20.00  0.0000E+00  0.0000E+00
 111   -55.0000     -11.484 0.3298   0.1015E+02  0.8799E-02 -0.1015E+02  0.0000E+00      -1  -0.957E-01   20.00  0.0000E+00  0.0000E+00
 112   -55.5000     -11.484 0.3298   0.1015E+02  0.8799E-02 -0.1015E+02  0.0000E+00      -1  -0.957E-01   20.00  0.0000E+00  0.0000E+00
 113   -56.0000     -11.484 0.3298   0.1015E+02  0.8799E-02 -0.1015E+02  0.0000E+00      -1  -0.957E-01   20.00  0.0000E+00  0.0000E+00
 114   -56.5000     -11.484 0.3298   0.1015E+02  0.8799E-02 -0.1015E+02  0.0000E+00      -1  -0.957E-01   20.00  0.0000E+00  0.0000E+00
 115   -57.0000     -11.484 0.3298   0.1015E+02  0.8799E-02 -0.1015E+02  0.0000E+00      -1  -0.957E-01   20.00  0.0000E+00  0.0000E+00
 116   -57.5000     -11.484 0.3298   0.1015E+02  0.8799E-02 -0.1015E+02  0.0000E+00      -1  -0.957E-01   20.00  0.0000E+00  0.0000E+00
 117   -58.0000     -11.484 0.3298   0.1015E+02  0.8799E-02 -0.1015E+02  0.0000E+00      -1  -0.957E-01   20.00  0.0000E+00  0.0000E+00
 118   -58.5000     -11.484 0.3298   0.1015E+02  0.8799E-02 -0.1015E+02  0.0000E+00      -1  -0.957E-01   20.00  0.0000E+00  0.0000E+00
 119   -59.0000     -11.484 0.3298   0.1015E+02  0.8799E-02 -0.1015E+02  0.0000E+00      -1  -0.957E-01   20.00  0.0000E+00  0.0000E+00
 120   -59.5000     -11.484 0.3298   0.1015E+02  0.8799E-02 -0.1015E+02  0.0000E+00      -1  -0.957E-01   20.00  0.0000E+00  0.0000E+00
 121   -60.0000     -11.484 0.3298   0.1015E+02  0.8799E-02 -0.1015E+02  0.0000E+00      -1  -0.957E-01   20.00  0.0000E+00  0.0000E+00
end


 Time:        0.5000


 Node      Depth      Head Moisture       K          C         Flux        Sink         Kappa   v/KsTop   Temp   Conc(1..NS) Sorb(1...NS)
           [L]        [L]    [-]        [L/T]      [1/L]      [L/T]        [1/T]         [-]      [-]      [C]      [M/L*3]

   1     0.0000     -11.547 0.3293   0.1000E+02  0.8789E-02 -0.1000E+02  0.0000E+00      -1  -0.943E-01   20.00  0.9865E+00  0.0000E+00
   2    -0.5000     -11.547 0.3293   0.1000E+02  0.8789E-02 -0.1000E+02  0.0000E+00      -1  -0.943E-01   20.00  0.9828E+00  0.0000E+00
   3    -1.0000     -11.547 0.3293   0.1000E+02  0.8789E-02 -0.1000E+02  0.0000E+00      -1  -0.943E-01   20.00  0.9786E+00  0.0000E+00
   4    -1.5000     -11.547 0.3293   0.1000E+02  0.8789E-02 -0.1000E+02  0.0000E+00      -1  -0.943E-01   20.00  0.9737E+00  0.0000E+00
   5    -2.0000     -11.547 0.3293   0.1000E+02  0.8789E-02 -0.1000E+02  0.0000E+00      -1  -0.943E-01   20.00  0.9682E+00  0.0000E+00
   6    -2.5000     -11.547 0.3293   0.1000E+02  0.8789E-02 -0.1000E+02  0.0000E+00      -1  -0.943E-01   20.00  0.9619E+00  0.0000E+00
   7    -3.0000     -11.547 0.3293   0.1000E+02  0.8789E-02 -0.1000E+02  0.0000E+00      -1  -0.943E-01   20.00  0.9548E+00  0.0000E+00
   8    -3.5000     -11.547 0.3293   0.1000E+02  0.8789E-02 -0.1000E+02  0.0000E+00      -1  -0.943E-01   20.00  0.9468E+00  0.0000E+00
   9    -4.0000     -11.547 0.3293   0.1000E+02  0.8789E-02 -0.1000E+02  0.0000E+00      -1  -0.943E-01   20.00  0.9379E+00  0.0000E+00
  10    -4.5000     -11.547 0.3293   0.1000E+02  0.8789E-02 -0.1000E+02  0.0000E+00      -1  -0.943E-01   20.00  0.9281E+00  0.0000E+00
  11    -5.0000     -11.547 0.3293   0.1000E+02  0.8789E-02 -0.1000E+02  0.0000E+00      -1  -0.943E-01   20.00  0.9173E+00  0.0000E+00
  12    -5.5000     -11.547 0.3293   0.1000E+02  0.8789E-02 -0.1000E+02  0.0000E+00      -1  -0.943E-01   20.00  0.9054E+00  0.0000E+00
  13    -6.0000     -11.547 0.3293   0.1000E+02  0.8789E-02 -0.1000E+02  0.0000E+00      -1  -0.943E-01   20.00  0.8925E+00  0.0000E+00
  14    -6.5000     -11.547 0.3293   0.1000E+02  0.8789E-02 -0.1000E+02  0.0000E+00      -1  -0.943E-01   20.00  0.8785E+00  0.0000E+00
  15    -7.0000     -11.547 0.3293   0.1000E+02  0.8789E-02 -0.1000E+02  0.0000E+00      -1  -0.943E-01   20.00  0.8634E+00  0.0000E+00
  16    -7.5000     -11.547 0.3293   0.1000E+02  0.8789E-02 -0.1000E+02  0.0000E+00      -1  -0.943E-01   20.00  0.8472E+00  0.0000E+00
  17    -8.0000     -11.547 0.3293   0.1000E+02  0.8789E-02 -0.1000E+02  0.0000E+00      -1  -0.943E-01   20.00  0.8300E+00  0.0000E+00
  18    -8.5000     -11.547 0.3293   0.1000E+02  0.8789E-02 -0.1000E+02  0.0000E+00      -1  -0.943E-01   20.00  0.8116E+00  0.0000E+00
  19    -9.0000     -11.547 0.3293   0.1000E+02  0.8789E-02 -0.1000E+02  0.0000E+00      -1  -0.943E-01   20.00  0.7922E+00  0.0000E+00
  20    -9.5000     -11.547 0.3293   0.1000E+02  0.8789E-02 -0.1000E+02  0.0000E+00      -1  -0.943E-01   20.00  0.7717E+00  0.0000E+00
  21   -10.0000     -11.547 0.3293   0.1000E+02  0.8789E-02 -0.1000E+02  0.0000E+00      -1  -0.942E-01   20.00  0.7503E+00  0.0000E+00
  22   -10.5000     -11.547 0.3293   0.1000E+02  0.8789E-02 -0.1000E+02  0.0000E+00      -1  -0.942E-01   20.00  0.7280E+00  0.0000E+00
  23   -11.0000     -11.547 0.3293   0.1000E+02  0.8789E-02 -0.1000E+02  0.0000E+00      -1  -0.942E-01   20.00  0.7048E+00  0.0000E+00
  24   -11.5000     -11.547 0.3293   0.1000E+02  0.8789E-02 -0.1000E+02  0.0000E+00      -1  -0.942E-01   20.00  0.6809E+00  0.0000E+00
  25   -12.0000     -11.547 0.3293   0.1000E+02  0.8789E-02 -0.1000E+02  0.0000E+00      -1  -0.942E-01   20.00  0.6562E+00  0.0000E+00
  26   -12.5000     -11.547 0.3293   0.1000E+02  0.8789E-02 -0.1000E+02  0.0000E+00      -1  -0.943E-01   20.00  0.6310E+00  0.0000E+00
  27   -13.0000     -11.547 0.3293   0.1000E+02  0.8789E-02 -0.1000E+02  0.0000E+00      -1  -0.943E-01   20.00  0.6053E+00  0.0000E+00
  28   -13.5000     -11.547 0.3293   0.1000E+02  0.8789E-02 -0.1000E+02  0.0000E+00      -1  -0.943E-01   20.00  0.5791E+00  0.0000E+00
  29   -14.0000     -11.547 0.3293   0.1000E+02  0.8789E-02 -0.1000E+02  0.0000E+00      -1  -0.943E-01   20.00  0.5527E+00  0.0000E+00
  30   -14.5000     -11.547 0.3293   0.1000E+02  0.8789E-02 -0.1000E+02  0.0000E+00      -1  -0.943E-01   20.00  0.5261E+00  0.0000E+00
  31   -15.0000     -11.547 0.3293   0.1000E+02  0.8789E-02 -0.1000E+02  0.0000E+00      -1  -0.943E-01   20.00  0.4995E+00  0.0000E+00
  32   -15.5000     -11.547 0.3293   0.1000E+02  0.8789E-02 -0.1000E+02  0.0000E+00      -1  -0.943E-01   20.00  0.4730E+00  0.0000E+00
  33   -16.0000     -11.547 0.3293   0.1000E+02  0.8789E-02 -0.1000E+02  0.0000E+00      -1  -0.943E-01   20.00  0.4466E+00  0.0000E+00
  34   -16.5000     -11.547 0.3293   0.1000E+02  0.8789E-02 -0.1000E+02  0.0000E+00      -1  -0.943E-01   20.00  0.4205E+00  0.0000E+00
  35   -17.0000     -11.547 0.3293   0.1000E+02  0.8789E-02 -0.1000E+02  0.0000E+00      -1  -0.943E-01   20.00  0.3948E+00  0.0000E+00
  36   -17.5000     -11.547 0.3293   0.1000E+02  0.8789E-02 -0.1000E+02  0.0000E+00      -1  -0.943E-01   20.00  0.3696E+00  0.0000E+00
  37   -18.0000     -11.547 0.3293   0.1000E+02  0.8789E-02 -0.1000E+02  0.0000E+00      -1  -0.943E-01   20.00  0.3450E+00  0.0000E+00
  38   -18.5000     -11.547 0.3293   0.1000E+02  0.8789E-02 -0.1000E+02  0.0000E+00      -1  -0.943E-01   20.00  0.3210E+00  0.0000E+00
  39   -19.0000     -11.547 0.3293   0.1000E+02  0.8789E-02 -0.1000E+02  0.0000E+00      -1  -0.943E-01   20.00  0.2978E+00  0.0000E+00
  40   -19.5000     -11.547 0.3293   0.1000E+02  0.8789E-02 -0.1000E+02  0.0000E+00      -1  -0.943E-01   20.00  0.2755E+00  0.0000E+00
  41   -20.0000     -11.547 0.3293   0.1000E+02  0.8789E-02 -0.1000E+02  0.0000E+00      -1  -0.943E-01   20.00  0.2540E+00  0.0000E+00
  42   -20.5000     -11.547 0.3293   0.1000E+02  0.8789E-02 -0.1000E+02  0.0000E+00      -1  -0.943E-01   20.00  0.2335E+00  0.0000E+00
  43   -21.0000     -11.547 0.3293   0.1000E+02  0.8789E-02 -0.1000E+02  0.0000E+00      -1  -0.943E-01   20.00  0.2140E+00  0.0000E+00
  44   -21.5000     -11.547 0.3293   0.1000E+02  0.8789E-02 -0.1000E+02  0.0000E+00      -1  -0.943E-01   20.00  0.1954E+00  0.0000E+00
  45   -22.0000     -11.547 0.3293   0.1000E+02  0.8789E-02 -0.1000E+02  0.0000E+00      -1  -0.943E-01   20.00  0.1779E+00  0.0000E+00
  46   -22.5000     -11.547 0.3293   0.1000E+02  0.8789E-02 -0.1000E+02  0.0000E+00      -1  -0.943E-01   20.00  0.1615E+00  0.0000E+00
  47   -23.0000     -11.547 0.3293   0.1000E+02  0.8789E-02 -0.1000E+02  0.0000E+00      -1  -0.943E-01   20.00  0.1461E+00  0.0000E+00
  48   -23.5000     -11.547 0.3293   0.1000E+02  0.8789E-02 -0.1000E+02  0.0000E+00      -1  -0.943E-01   20.00  0.1317E+00  0.0000E+00
  49   -24.0000     -11.547 0.3293   0.1000E+02  0.8789E-02 -0.1000E+02  0.0000E+00      -1  -0.943E-01   20.00  0.1183E+00  0.0000E+00
  50   -24.5000     -11.547 0.3293   0.1000E+02  0.8789E-02 -0.1000E+02  0.0000E+00      -1  -0.943E-01   20.00  0.1060E+00  0.0000E+00
  51   -25.0000     -11.547 0.3293   0.1000E+02  0.8789E-02 -0.1000E+02  0.0000E+00      -1  -0.943E-01   20.00  0.9461E-01  0.0000E+00
  52   -25.5000     -11.547 0.3293   0.1000E+02  0.8789E-02 -0.1000E+02  0.0000E+00      -1  -0.943E-01   20.00  0.8417E-01  0.0000E+00
  53   -26.0000     -11.547 0.3293   0.1000E+02  0.8789E-02 -0.1000E+02  0.0000E+00      -1  -0.943E-01   20.00  0.7463E-01  0.0000E+00
  54   -26.5000     -11.547 0.3293   0.1000E+02  0.8789E-02 -0.1000E+02  0.0000E+00      -1  -0.943E-01   20.00  0.6594E-01  0.0000E+00
  55   -27.0000     -11.547 0.3293   0.1000E+02  0.8789E-02 -0.1000E+02  0.0000E+00      -1  -0.943E-01   20.00  0.5807E-01  0.0000E+00
  56   -27.5000     -11.547 0.3293   0.1000E+02  0.8789E-02 -0.1000E+02  0.0000E+00      -1  -0.943E-01   20.00  0.5097E-01  0.0000E+00
  57   -28.0000     -11.547 0.3293   0.1000E+02  0.8789E-02 -0.1000E+02  0.0000E+00      -1  -0.943E-01   20.00  0.4458E-01  0.0000E+00
  58   -28.5000     -11.547 0.3293   0.1000E+02  0.8789E-02 -0.1000E+02  0.0000E+00      -1  -0.943E-01   20.00  0.3886E-01  0.0000E+00
  59   -29.0000     -11.547 0.3293   0.1000E+02  0.8789E-02 -0.1000E+02  0.0000E+00      -1  -0.943E-01   20.00  0.3376E-01  0.0000E+00
  60   -29.5000     -11.547 0.3293   0.1000E+02  0.8789E-02 -0.1000E+02  0.0000E+00      -1  -0.943E-01   20.00  0.2923E-01  0.0000E+00
  61   -30.0000     -11.547 0.3293   0.1000E+02  0.8789E-02 -0.1000E+02  0.0000E+00      -1  -0.943E-01   20.00  0.2522E-01  0.0000E+00
  62   -30.5000     -11.547 0.3293   0.1000E+02  0.8789E-02 -0.1000E+02  0.0000E+00      -1  -0.943E-01   20.00  0.2168E-01  0.0000E+00
  63   -31.0000     -11.547 0.3293   0.1000E+02  0.8789E-02 -0.1000E+02  0.0000E+00      -1  -0.943E-01   20.00  0.1858E-01  0.0000E+00
  64   -31.5000     -11.547 0.3293   0.1000E+02  0.8789E-02 -0.1000E+02  0.0000E+00      -1  -0.943E-01   20.00  0.1587E-01  0.0000E+00
  65   -32.0000     -11.547 0.3293   0.1000E+02  0.8789E-02 -0.1000E+02  0.0000E+00      -1  -0.943E-01   20.00  0.1350E-01  0.0000E+00
  66   -32.5000     -11.547 0.3293   0.1000E+02  0.8789E-02 -0.1000E+02  0.0000E+00      -1  -0.943E-01   20.00  0.1145E-01  0.0000E+00
  67   -33.0000     -11.547 0.3293   0.1000E+02  0.8789E-02 -0.1000E+02  0.0000E+00      -1  -0.943E-01   20.00  0.9681E-02  0.0000E+00
  68   -33.5000     -11.547 0.3293   0.1000E+02  0.8789E-02 -0.1000E+02  0.0000E+00      -1  -0.943E-01   20.00  0.8155E-02  0.0000E+00
  69   -34.0000     -11.547 0.3293   0.1000E+02  0.8789E-02 -0.1000E+02  0.0000E+00      -1  -0.943E-01   20.00  0.6847E-02  0.0000E+00
  70   -34.5000     -11.547 0.3293   0.1000E+02  0.8789E-02 -0.1000E+02  0.0000E+00      -1  -0.943E-01   20.00  0.5728E-02  0.0000E+00
  71   -35.0000     -11.547 0.3293   0.1000E+02  0.8789E-02 -0.1000E+02  0.0000E+00      -1  -0.943E-01   20.00  0.4777E-02  0.0000E+00
  72   -35.5000     -11.547 0.3293   0.1000E+02  0.8789E-02 -0.1000E+02  0.0000E+00      -1  -0.943E-01   20.00  0.3969E-02  0.0000E+00
  73   -36.0000     -11.547 0.3293   0.1000E+02  0.8789E-02 -0.1000E+02  0.0000E+00      -1  -0.943E-01   20.00  0.3288E-02  0.0000E+00
  74   -36.5000     -11.547 0.3293   0.1000E+02  0.8789E-02 -0.1000E+02  0.0000E+00      -1  -0.943E-01   20.00  0.2714E-02  0.0000E+00
  75   -37.0000     -11.547 0.3293   0.1000E+02  0.8789E-02 -0.1000E+02  0.0000E+00      -1  -0.943E-01   20.00  0.2233E-02  0.0000E+00
  76   -37.5000     -11.547 0.3293   0.1000E+02  0.8789E-02 -0.1000E+02  0.0000E+00      -1  -0.943E-01   20.00  0.1831E-02  0.0000E+00
  77   -38.0000     -11.547 0.3293   0.1000E+02  0.8789E-02 -0.1000E+02  0.0000E+00      -1  -0.943E-01   20.00  0.1496E-02  0.0000E+00
  78   -38.5000     -11.547 0.3293   0.1000E+02  0.8789E-02 -0.1000E+02  0.0000E+00      -1  -0.943E-01   20.00  0.1219E-02  0.0000E+00
  79   -39.0000     -11.547 0.3293   0.1000E+02  0.8789E-02 -0.1000E+02  0.0000E+00      -1  -0.943E-01   20.00  0.9897E-03  0.0000E+00
  80   -39.5000     -11.547 0.3293   0.1000E+02  0.8789E-02 -0.1000E+02  0.0000E+00      -1  -0.943E-01   20.00  0.8010E-03  0.0000E+00
  81   -40.0000     -11.547 0.3293   0.1000E+02  0.8789E-02 -0.1000E+02  0.0000E+00      -1  -0.943E-01   20.00  0.6462E-03  0.0000E+00
  82   -40.5000     -11.547 0.3293   0.1000E+02  0.8789E-02 -0.1000E+02  0.0000E+00      -1  -0.943E-01   20.00  0.5196E-03  0.0000E+00
  83   -41.0000     -11.547 0.3293   0.1000E+02  0.8789E-02 -0.1000E+02  0.0000E+00      -1  -0.943E-01   20.00  0.4165E-03  0.0000E+00
  84   -41.5000     -11.547 0.3293   0.1000E+02  0.8789E-02 -0.1000E+02  0.0000E+00      -1  -0.943E-01   20.00  0.3327E-03  0.0000E+00
  85   -42.0000     -11.547 0.3293   0.1000E+02  0.8789E-02 -0.1000E+02  0.0000E+00      -1  -0.943E-01   20.00  0.2650E-03  0.0000E+00
  86   -42.5000     -11.547 0.3293   0.1000E+02  0.8789E-02 -0.1000E+02  0.0000E+00      -1  -0.943E-01   20.00  0.2104E-03  0.0000E+00
  87   -43.0000     -11.547 0.3293   0.1000E+02  0.8789E-02 -0.1000E+02  0.0000E+00      -1  -0.943E-01   20.00  0.1666E-03  0.0000E+00
  88   -43.5000     -11.546 0.3293   0.1000E+02  0.8789E-02 -0.1000E+02  0.0000E+00      -1  -0.943E-01   20.00  0.1314E-03  0.0000E+00
  89   -44.0000     -11.546 0.3293   0.1000E+02  0.8789E-02 -0.1000E+02  0.0000E+00      -1  -0.943E-01   20.00  0.1034E-03  0.0000E+00
  90   -44.5000     -11.546 0.3293   0.1000E+02  0.8789E-02 -0.1000E+02  0.0000E+00      -1  -0.943E-01   20.00  0.8109E-04  0.0000E+00
  91   -45.0000     -11.546 0.3293   0.1000E+02  0.8789E-02 -0.1000E+02  0.0000E+00      -1  -0.943E-01   20.00  0.6340E-04  0.0000E+00
  92   -45.5000     -11.546 0.3293   0.1000E+02  0.8789E-02 -0.1000E+02  0.0000E+00      -1  -0.943E-01   20.00  0.4943E-04  0.0000E+00
  93   -46.0000     -11.546 0.3293   0.1000E+02  0.8789E-02 -0.1000E+02  0.0000E+00      -1  -0.943E-01   20.00  0.3842E-04  0.0000E+00
  94   -46.5000     -11.546 0.3293   0.1000E+02  0.8789E-02 -0.1000E+02  0.0000E+00      -1  -0.943E-01   20.00  0.2978E-04  0.0000E+00
  95   -47.0000     -11.546 0.3293   0.1000E+02  0.8789E-02 -0.1000E+02  0.0000E+00      -1  -0.943E-01   20.00  0.2301E-04  0.0000E+00
  96   -47.5000     -11.546 0.3293   0.1000E+02  0.8789E-02 -0.1000E+02  0.0000E+00      -1  -0.943E-01   20.00  0.1773E-04  0.0000E+00
  97   -48.0000     -11.546 0.3293   0.1000E+02  0.8789E-02 -0.1000E+02  0.0000E+00      -1  -0.943E-01   20.00  0.1362E-04  0.0000E+00
  98   -48.5000     -11.546 0.3293   0.1000E+02  0.8789E-02 -0.1000E+02  0.0000E+00      -1  -0.943E-01   20.00  0.1044E-04  0.0000E+00
  99   -49.0000     -11.546 0.3293   0.1000E+02  0.8789E-02 -0.1000E+02  0.0000E+00      -1  -0.943E-01   20.00  0.7973E-05  0.0000E+00
 100   -49.5000     -11.546 0.3293   0.1000E+02  0.8789E-02 -0.1000E+02  0.0000E+00      -1  -0.943E-01   20.00  0.6075E-05  0.0000E+00
 101   -50.0000     -11.546 0.3293   0.1000E+02  0.8789E-02 -0.1000E+02  0.0000E+00      -1  -0.943E-01   20.00  0.4616E-05  0.0000E+00
 102   -50.5000     -11.546 0.3293   0.1000E+02  0.8789E-02 -0.1000E+02  0.0000E+00      -1  -0.943E-01   20.00  0.3498E-05  0.0000E+00
 103   -51.0000     -11.546 0.3293   0.1000E+02  0.8789E-02 -0.1000E+02  0.0000E+00      -1  -0.943E-01   20.00  0.2643E-05  0.0000E+00
 104   -51.5000     -11.546 0.3293   0.1000E+02  0.8789E-02 -0.1000E+02  0.0000E+00      -1  -0.943E-01   20.00  0.1992E-05  0.0000E+00
 105   -52.0000     -11.546 0.3293   0.1000E+02  0.8789E-02 -0.1000E+02  0.0000E+00      -1  -0.943E-01   20.00  0.1497E-05  0.0000E+00
 106   -52.5000     -11.546 0.3293   0.1000E+02  0.8789E-02 -0.1000E+02  0.0000E+00      -1  -0.943E-01   20.00  0.1123E-05  0.0000E+00
 107   -53.0000     -11.546 0.3293   0.1000E+02  0.8789E-02 -0.1000E+02  0.0000E+00      -1  -0.943E-01   20.00  0.8396E-06  0.0000E+00
 108   -53.5000     -11.546 0.3293   0.1000E+02  0.8789E-02 -0.1000E+02  0.0000E+00      -1  -0.943E-01   20.00  0.6263E-06  0.0000E+00
 109   -54.0000     -11.546 0.3293   0.1000E+02  0.8789E-02 -0.1000E+02  0.0000E+00      -1  -0.943E-01   20.00  0.4660E-06  0.0000E+00
 110   -54.5000     -11.546 0.3293   0.1000E+02  0.8789E-02 -0.1000E+02  0.0000E+00      -1  -0.943E-01   20.00  0.3459E-06  0.0000E+00
 111   -55.0000     -11.546 0.3293   0.1000E+02  0.8789E-02 -0.1000E+02  0.0000E+00      -1  -0.943E-01   20.00  0.2561E-06  0.0000E+00
 112   -55.5000     -11.546 0.3293   0.1000E+02  0.8789E-02 -0.1000E+02  0.0000E+00      -1  -0.943E-01   20.00  0.1892E-06  0.0000E+00
 113   -56.0000     -11.546 0.3293   0.1000E+02  0.8789E-02 -0.1000E+02  0.0000E+00      -1  -0.943E-01   20.00  0.1394E-06  0.0000E+00
 114   -56.5000     -11.546 0.3293   0.1000E+02  0.8789E-02 -0.1000E+02  0.0000E+00      -1  -0.943E-01   20.00  0.1026E-06  0.0000E+00
 115   -57.0000     -11.546 0.3293   0.1000E+02  0.8789E-02 -0.1000E+02  0.0000E+00      -1  -0.943E-01   20.00  0.7541E-07  0.0000E+00
 116   -57.5000     -11.546 0.3293   0.1000E+02  0.8789E-02 -0.1000E+02  0.0000E+00      -1  -0.943E-01   20.00  0.5549E-07  0.0000E+00
 117   -58.0000     -11.546 0.3293   0.1000E+02  0.8789E-02 -0.1000E+02  0.0000E+00      -1  -0.943E-01   20.00  0.4108E-07  0.0000E+00
 118   -58.5000     -11.546 0.3293   0.1000E+02  0.8789E-02 -0.1000E+02  0.0000E+00      -1  -0.943E-01   20.00  0.3095E-07  0.0000E+00
 119   -59.0000     -11.546 0.3293   0.1000E+02  0.8789E-02 -0.1000E+02  0.0000E+00      -1  -0.943E-01   20.00  0.2432E-07  0.0000E+00
 120   -59.5000     -11.546 0.3293   0.1000E+02  0.8789E-02 -0.1000E+02  0.0000E+00      -1  -0.943E-01   20.00  0.2090E-07  0.0000E+00
 121   -60.0000     -11.546 0.3293   0.1000E+02  0.8789E-02 -0.1000E+02  0.0000E+00      -1  -0.943E-01   20.00  0.2090E-07  0.0000E+00
end


 Time:        1.0000


 Node      Depth      Head Moisture       K          C         Flux        Sink         Kappa   v/KsTop   Temp   Conc(1..NS) Sorb(1...NS)
           [L]        [L]    [-]        [L/T]      [1/L]      [L/T]        [1/T]         [-]      [-]      [C]      [M/L*3]

   1     0.0000     -11.547 0.3293   0.1000E+02  0.8789E-02 -0.1000E+02  0.0000E+00      -1  -0.943E-01   20.00  0.1236E-01  0.0000E+00
   2    -0.5000     -11.547 0.3293   0.1000E+02  0.8789E-02 -0.1000E+02  0.0000E+00      -1  -0.943E-01   20.00  0.1598E-01  0.0000E+00
   3    -1.0000     -11.547 0.3293   0.1000E+02  0.8789E-02 -0.1000E+02  0.0000E+00      -1  -0.943E-01   20.00  0.1968E-01  0.0000E+00
   4    -1.5000     -11.547 0.3293   0.1000E+02  0.8789E-02 -0.1000E+02  0.0000E+00      -1  -0.943E-01   20.00  0.2431E-01  0.0000E+00
   5    -2.0000     -11.547 0.3293   0.1000E+02  0.8789E-02 -0.1000E+02  0.0000E+00      -1  -0.943E-01   20.00  0.2936E-01  0.0000E+00
   6    -2.5000     -11.547 0.3293   0.1000E+02  0.8789E-02 -0.1000E+02  0.0000E+00      -1  -0.943E-01   20.00  0.3518E-01  0.0000E+00
   7    -3.0000     -11.547 0.3293   0.1000E+02  0.8789E-02 -0.1000E+02  0.0000E+00      -1  -0.943E-01   20.00  0.4170E-01  0.0000E+00
   8    -3.5000     -11.547 0.3293   0.1000E+02  0.8789E-02 -0.1000E+02  0.0000E+00      -1  -0.943E-01   20.00  0.4899E-01  0.0000E+00
   9    -4.0000     -11.547 0.3293   0.1000E+02  0.8789E-02 -0.1000E+02  0.0000E+00      -1  -0.943E-01   20.00  0.5709E-01  0.0000E+00
  10    -4.5000     -11.547 0.3293   0.1000E+02  0.8789E-02 -0.1000E+02  0.0000E+00      -1  -0.943E-01   20.00  0.6604E-01  0.0000E+00
  11    -5.0000     -11.547 0.3293   0.1000E+02  0.8789E-02 -0.1000E+02  0.0000E+00      -1  -0.943E-01   20.00  0.7586E-01  0.0000E+00
  12    -5.5000     -11.547 0.3293   0.1000E+02  0.8789E-02 -0.1000E+02  0.0000E+00      -1  -0.943E-01   20.00  0.8658E-01  0.0000E+00
  13    -6.0000     -11.547 0.3293   0.1000E+02  0.8789E-02 -0.1000E+02  0.0000E+00      -1  -0.943E-01   20.00  0.9822E-01  0.0000E+00
  14    -6.5000     -11.547 0.3293   0.1000E+02  0.8789E-02 -0.1000E+02  0.0000E+00      -1  -0.943E-01   20.00  0.1108E+00  0.0000E+00
  15    -7.0000     -11.547 0.3293   0.1000E+02  0.8789E-02 -0.1000E+02  0.0000E+00      -1  -0.943E-01   20.00  0.1243E+00  0.0000E+00
  16    -7.5000     -11.547 0.3293   0.1000E+02  0.8789E-02 -0.1000E+02  0.0000E+00      -1  -0.943E-01   20.00  0.1387E+00  0.0000E+00
  17    -8.0000     -11.547 0.3293   0.1000E+02  0.8789E-02 -0.1000E+02  0.0000E+00      -1  -0.943E-01   20.00  0.1540E+00  0.0000E+00
  18    -8.5000     -11.547 0.3293   0.1000E+02  0.8789E-02 -0.1000E+02  0.0000E+00      -1  -0.943E-01   20.00  0.1701E+00  0.0000E+00
  19    -9.0000     -11.547 0.3293   0.1000E+02  0.8789E-02 -0.1000E+02  0.0000E+00      -1  -0.943E-01   20.00  0.1871E+00  0.0000E+00
  20    -9.5000     -11.547 0.3293   0.1000E+02  0.8789E-02 -0.1000E+02  0.0000E+00      -1  -0.943E-01   20.00  0.2049E+00  0.0000E+00
  21   -10.0000     -11.547 0.3293   0.1000E+02  0.8789E-02 -0.1000E+02  0.0000E+00      -1  -0.943E-01   20.00  0.2233E+00  0.0000E+00
  22   -10.5000     -11.547 0.3293   0.1000E+02  0.8789E-02 -0.1000E+02  0.0000E+00      -1  -0.943E-01   20.00  0.2424E+00  0.0000E+00
  23   -11.0000     -11.547 0.3293   0.1000E+02  0.8789E-02 -0.1000E+02  0.0000E+00      -1  -0.943E-01   20.00  0.2621E+00  0.0000E+00
  24   -11.5000     -11.547 0.3293   0.1000E+02  0.8789E-02 -0.1000E+02  0.0000E+00      -1  -0.943E-01   20.00  0.2821E+00  0.0000E+00
  25   -12.0000     -11.547 0.3293   0.1000E+02  0.8789E-02 -0.1000E+02  0.0000E+00      -1  -0.943E-01   20.00  0.3026E+00  0.0000E+00
  26   -12.5000     -11.547 0.3293   0.1000E+02  0.8789E-02 -0.1000E+02  0.0000E+00      -1  -0.943E-01   20.00  0.3233E+00  0.0000E+00
  27   -13.0000     -11.547 0.3293   0.1000E+02  0.8789E-02 -0.1000E+02  0.0000E+00      -1  -0.943E-01   20.00  0.3441E+00  0.0000E+00
  28   -13.5000     -11.547 0.3293   0.1000E+02  0.8789E-02 -0.1000E+02  0.0000E+00      -1  -0.943E-01   20.00  0.3648E+00  0.0000E+00
  29   -14.0000     -11.547 0.3293   0.1000E+02  0.8789E-02 -0.1000E+02  0.0000E+00      -1  -0.943E-01   20.00  0.3855E+00  0.0000E+00
  30   -14.5000     -11.547 0.3293   0.1000E+02  0.8789E-02 -0.1000E+02  0.0000E+00      -1  -0.943E-01   20.00  0.4059E+00  0.0000E+00
  31   -15.0000     -11.547 0.3293   0.1000E+02  0.8789E-02 -0.1000E+02  0.0000E+00      -1  -0.943E-01   20.00  0.4259E+00  0.0000E+00
  32   -15.5000     -11.547 0.3293   0.1000E+02  0.8789E-02 -0.1000E+02  0.0000E+00      -1  -0.943E-01   20.00  0.4454E+00  0.0000E+00
  33   -16.0000     -11.547 0.3293   0.1000E+02  0.8789E-02 -0.1000E+02  0.0000E+00      -1  -0.943E-01   20.00  0.4642E+00  0.0000E+00
  34   -16.5000     -11.547 0.3293   0.1000E+02  0.8789E-02 -0.1000E+02  0.0000E+00      -1  -0.943E-01   20.00  0.4822E+00  0.0000E+00
  35   -17.0000     -11.547 0.3293   0.1000E+02  0.8789E-02 -0.1000E+02  0.0000E+00      -1  -0.943E-01   20.00  0.4994E+00  0.0000E+00
  36   -17.5000     -11.547 0.3293   0.1000E+02  0.8789E-02 -0.1000E+02  0.0000E+00      -1  -0.943E-01   20.00  0.5155E+00  0.0000E+00
  37   -18.0000     -11.547 0.3293   0.1000E+02  0.8789E-02 -0.1000E+02  0.0000E+00      -1  -0.943E-01   20.00  0.5306E+00  0.0000E+00
  38   -18.5000     -11.547 0.3293   0.1000E+02  0.8789E-02 -0.1000E+02  0.0000E+00      -1  -0.943E-01   20.00  0.5444E+00  0.0000E+00
  39   -19.0000     -11.547 0.3293   0.1000E+02  0.8789E-02 -0.1000E+02  0.0000E+00      -1  -0.943E-01   20.00  0.5570E+00  0.0000E+00
  40   -19.5000     -11.547 0.3293   0.1000E+02  0.8789E-02 -0.1000E+02  0.0000E+00      -1  -0.943E-01   20.00  0.5682E+00  0.0000E+00
  41   -20.0000     -11.547 0.3293   0.1000E+02  0.8789E-02 -0.1000E+02  0.0000E+00      -1  -0.943E-01   20.00  0.5780E+00  0.0000E+00
  42   -20.5000     -11.547 0.3293   0.1000E+02  0.8789E-02 -0.1000E+02  0.0000E+00      -1  -0.943E-01   20.00  0.5863E+00  0.0000E+00
  43   -21.0000     -11.547 0.3293   0.1000E+02  0.8789E-02 -0.1000E+02  0.0000E+00      -1  -0.943E-01   20.00  0.5931E+00  0.0000E+00
  44   -21.5000     -11.547 0.3293   0.1000E+02  0.8789E-02 -0.1000E+02  0.0000E+00      -1  -0.943E-01   20.00  0.5984E+00  0.0000E+00
  45   -22.0000     -11.547 0.3293   0.1000E+02  0.8789E-02 -0.1000E+02  0.0000E+00      -1  -0.943E-01   20.00  0.6022E+00  0.0000E+00
  46   -22.5000     -11.547 0.3293   0.1000E+02  0.8789E-02 -0.1000E+02  0.0000E+00      -1  -0.943E-01   20.00  0.6044E+00  0.0000E+00
  47   -23.0000     -11.547 0.3293   0.1000E+02  0.8789E-02 -0.1000E+02  0.0000E+00      -1  -0.943E-01   20.00  0.6051E+00  0.0000E+00
  48   -23.5000     -11.547 0.3293   0.1000E+02  0.8789E-02 -0.1000E+02  0.0000E+00      -1  -0.943E-01   20.00  0.6043E+00  0.0000E+00
  49   -24.0000     -11.547 0.3293   0.1000E+02  0.8789E-02 -0.1000E+02  0.0000E+00      -1  -0.943E-01   20.00  0.6020E+00  0.0000E+00
  50   -24.5000     -11.547 0.3293   0.1000E+02  0.8789E-02 -0.1000E+02  0.0000E+00      -1  -0.943E-01   20.00  0.5984E+00  0.0000E+00
  51   -25.0000     -11.547 0.3293   0.1000E+02  0.8789E-02 -0.1000E+02  0.0000E+00      -1  -0.943E-01   20.00  0.5934E+00  0.0000E+00
  52   -25.5000     -11.547 0.3293   0.1000E+02  0.8789E-02 -0.1000E+02  0.0000E+00      -1  -0.943E-01   20.00  0.5870E+00  0.0000E+00
  53   -26.0000     -11.547 0.3293   0.1000E+02  0.8789E-02 -0.1000E+02  0.0000E+00      -1  -0.943E-01   20.00  0.5795E+00  0.0000E+00
  54   -26.5000     -11.547 0.3293   0.1000E+02  0.8789E-02 -0.1000E+02  0.0000E+00      -1  -0.943E-01   20.00  0.5707E+00  0.0000E+00
  55   -27.0000     -11.547 0.3293   0.1000E+02  0.8789E-02 -0.1000E+02  0.0000E+00      -1  -0.943E-01   20.00  0.5609E+00  0.0000E+00
  56   -27.5000     -11.547 0.3293   0.1000E+02  0.8789E-02 -0.1000E+02  0.0000E+00      -1  -0.943E-01   20.00  0.5501E+00  0.0000E+00
  57   -28.0000     -11.547 0.3293   0.1000E+02  0.8789E-02 -0.1000E+02  0.0000E+00      -1  -0.943E-01   20.00  0.5384E+00  0.0000E+00
  58   -28.5000     -11.547 0.3293   0.1000E+02  0.8789E-02 -0.1000E+02  0.0000E+00      -1  -0.943E-01   20.00  0.5259E+00  0.0000E+00
  59   -29.0000     -11.547 0.3293   0.1000E+02  0.8789E-02 -0.1000E+02  0.0000E+00      -1  -0.943E-01   20.00  0.5126E+00  0.0000E+00
  60   -29.5000     -11.547 0.3293   0.1000E+02  0.8789E-02 -0.1000E+02  0.0000E+00      -1  -0.943E-01   20.00  0.4986E+00  0.0000E+00
  61   -30.0000     -11.547 0.3293   0.1000E+02  0.8789E-02 -0.1000E+02  0.0000E+00      -1  -0.943E-01   20.00  0.4841E+00  0.0000E+00
  62   -30.5000     -11.547 0.3293   0.1000E+02  0.8789E-02 -0.1000E+02  0.0000E+00      -1  -0.943E-01   20.00  0.4692E+00  0.0000E+00
  63   -31.0000     -11.547 0.3293   0.1000E+02  0.8789E-02 -0.1000E+02  0.0000E+00      -1  -0.943E-01   20.00  0.4538E+00  0.0000E+00
  64   -31.5000     -11.547 0.3293   0.1000E+02  0.8789E-02 -0.1000E+02  0.0000E+00      -1  -0.943E-01   20.00  0.4381E+00  0.0000E+00
  65   -32.0000     -11.547 0.3293   0.1000E+02  0.8789E-02 -0.1000E+02  0.0000E+00      -1  -0.943E-01   20.00  0.4221E+00  0.0000E+00
  66   -32.5000     -11.547 0.3293   0.1000E+02  0.8789E-02 -0.1000E+02  0.0000E+00      -1  -0.943E-01   20.00  0.4060E+00  0.0000E+00
  67   -33.0000     -11.547 0.3293   0.1000E+02  0.8789E-02 -0.1000E+02  0.0000E+00      -1  -0.943E-01   20.00  0.3899E+00  0.0000E+00
  68   -33.5000     -11.547 0.3293   0.1000E+02  0.8789E-02 -0.1000E+02  0.0000E+00      -1  -0.943E-01   20.00  0.3736E+00  0.0000E+00
  69   -34.0000     -11.547 0.3293   0.1000E+02  0.8789E-02 -0.1000E+02  0.0000E+00      -1  -0.943E-01   20.00  0.3575E+00  0.0000E+00
  70   -34.5000     -11.547 0.3293   0.1000E+02  0.8789E-02 -0.1000E+02  0.0000E+00      -1  -0.943E-01   20.00  0.3414E+00  0.0000E+00
  71   -35.0000     -11.547 0.3293   0.1000E+02  0.8789E-02 -0.1000E+02  0.0000E+00      -1  -0.943E-01   20.00  0.3255E+00  0.0000E+00
  72   -35.5000     -11.547 0.3293   0.1000E+02  0.8789E-02 -0.1000E+02  0.0000E+00      -1  -0.943E-01   20.00  0.3098E+00  0.0000E+00
  73   -36.0000     -11.547 0.3293   0.1000E+02  0.8789E-02 -0.1000E+02  0.0000E+00      -1  -0.943E-01   20.00  0.2943E+00  0.0000E+00
  74   -36.5000     -11.547 0.3293   0.1000E+02  0.8789E-02 -0.1000E+02  0.0000E+00      -1  -0.943E-01   20.00  0.2791E+00  0.0000E+00
  75   -37.0000     -11.547 0.3293   0.1000E+02  0.8789E-02 -0.1000E+02  0.0000E+00      -1  -0.943E-01   20.00  0.2643E+00  0.0000E+00
  76   -37.5000     -11.547 0.3293   0.1000E+02  0.8789E-02 -0.1000E+02  0.0000E+00      -1  -0.943E-01   20.00  0.2498E+00  0.0000E+00
  77   -38.0000     -11.547 0.3293   0.1000E+02  0.8789E-02 -0.1000E+02  0.0000E+00      -1  -0.943E-01   20.00  0.2357E+00  0.0000E+00
  78   -38.5000     -11.547 0.3293   0.1000E+02  0.8789E-02 -0.1000E+02  0.0000E+00      -1  -0.943E-01   20.00  0.2220E+00  0.0000E+00
  79   -39.0000     -11.547 0.3293   0.1000E+02  0.8789E-02 -0.1000E+02  0.0000E+00      -1  -0.943E-01   20.00  0.2088E+00  0.0000E+00
  80   -39.5000     -11.547 0.3293   0.1000E+02  0.8789E-02 -0.1000E+02  0.0000E+00      -1  -0.943E-01   20.00  0.1960E+00  0.0000E+00
  81   -40.0000     -11.547 0.3293   0.1000E+02  0.8789E-02 -0.1000E+02  0.0000E+00      -1  -0.943E-01   20.00  0.1837E+00  0.0000E+00
  82   -40.5000     -11.547 0.3293   0.1000E+02  0.8789E-02 -0.1000E+02  0.0000E+00      -1  -0.943E-01   20.00  0.1719E+00  0.0000E+00
  83   -41.0000     -11.547 0.3293   0.1000E+02  0.8789E-02 -0.1000E+02  0.0000E+00      -1  -0.943E-01   20.00  0.1605E+00  0.0000E+00
  84   -41.5000     -11.547 0.3293   0.1000E+02  0.8789E-02 -0.1000E+02  0.0000E+00      -1  -0.943E-01   20.00  0.1497E+00  0.0000E+00
  85   -42.0000     -11.547 0.3293   0.1000E+02  0.8789E-02 -0.1000E+02  0.0000E+00      -1  -0.943E-01   20.00  0.1393E+00  0.0000E+00
  86   -42.5000     -11.547 0.3293   0.1000E+02  0.8789E-02 -0.1000E+02  0.0000E+00      -1  -0.943E-01   20.00  0.1295E+00  0.0000E+00
  87   -43.0000     -11.547 0.3293   0.1000E+02  0.8789E-02 -0.1000E+02  0.0000E+00      -1  -0.943E-01   20.00  0.1201E+00  0.0000E+00
  88   -43.5000     -11.547 0.3293   0.1000E+02  0.8789E-02 -0.1000E+02  0.0000E+00      -1  -0.943E-01   20.00  0.1112E+00  0.0000E+00
  89   -44.0000     -11.547 0.3293   0.1000E+02  0.8789E-02 -0.1000E+02  0.0000E+00      -1  -0.943E-01   20.00  0.1028E+00  0.0000E+00
  90   -44.5000     -11.547 0.3293   0.1000E+02  0.8789E-02 -0.1000E+02  0.0000E+00      -1  -0.943E-01   20.00  0.9491E-01  0.0000E+00
  91   -45.0000     -11.547 0.3293   0.1000E+02  0.8789E-02 -0.1000E+02  0.0000E+00      -1  -0.943E-01   20.00  0.8744E-01  0.0000E+00
  92   -45.5000     -11.547 0.3293   0.1000E+02  0.8789E-02 -0.1000E+02  0.0000E+00      -1  -0.943E-01   20.00  0.8043E-01  0.0000E+00
  93   -46.0000     -11.547 0.3293   0.1000E+02  0.8789E-02 -0.1000E+02  0.0000E+00      -1  -0.943E-01   20.00  0.7384E-01  0.0000E+00
  94   -46.5000     -11.547 0.3293   0.1000E+02  0.8789E-02 -0.1000E+02  0.0000E+00      -1  -0.943E-01   20.00  0.6768E-01  0.0000E+00
  95   -47.0000     -11.547 0.3293   0.1000E+02  0.8789E-02 -0.1000E+02  0.0000E+00      -1  -0.943E-01   20.00  0.6193E-01  0.0000E+00
  96   -47.5000     -11.547 0.3293   0.1000E+02  0.8789E-02 -0.1000E+02  0.0000E+00      -1  -0.943E-01   20.00  0.5657E-01  0.0000E+00
  97   -48.0000     -11.547 0.3293   0.1000E+02  0.8789E-02 -0.1000E+02  0.0000E+00      -1  -0.943E-01   20.00  0.5158E-01  0.0000E+00
  98   -48.5000     -11.547 0.3293   0.1000E+02  0.8789E-02 -0.1000E+02  0.0000E+00      -1  -0.943E-01   20.00  0.4695E-01  0.0000E+00
  99   -49.0000     -11.547 0.3293   0.1000E+02  0.8789E-02 -0.1000E+02  0.0000E+00      -1  -0.943E-01   20.00  0.4266E-01  0.0000E+00
 100   -49.5000     -11.547 0.3293   0.1000E+02  0.8789E-02 -0.1000E+02  0.0000E+00      -1  -0.943E-01   20.00  0.3869E-01  0.0000E+00
 101   -50.0000     -11.547 0.3293   0.1000E+02  0.8789E-02 -0.1000E+02  0.0000E+00      -1  -0.943E-01   20.00  0.3504E-01  0.0000E+00
 102   -50.5000     -11.547 0.3293   0.1000E+02  0.8789E-02 -0.1000E+02  0.0000E+00      -1  -0.943E-01   20.00  0.3167E-01  0.0000E+00
 103   -51.0000     -11.547 0.3293   0.1000E+02  0.8789E-02 -0.1000E+02  0.0000E+00      -1  -0.943E-01   20.00  0.2857E-01  0.0000E+00
 104   -51.5000     -11.547 0.3293   0.1000E+02  0.8789E-02 -0.1000E+02  0.0000E+00      -1  -0.943E-01   20.00  0.2574E-01  0.0000E+00
 105   -52.0000     -11.547 0.3293   0.1000E+02  0.8789E-02 -0.1000E+02  0.0000E+00      -1  -0.943E-01   20.00  0.2314E-01  0.0000E+00
 106   -52.5000     -11.547 0.3293   0.1000E+02  0.8789E-02 -0.1000E+02  0.0000E+00      -1  -0.943E-01   20.00  0.2077E-01  0.0000E+00
 107   -53.0000     -11.547 0.3293   0.1000E+02  0.8789E-02 -0.1000E+02  0.0000E+00      -1  -0.943E-01   20.00  0.1861E-01  0.0000E+00
 108   -53.5000     -11.547 0.3293   0.1000E+02  0.8789E-02 -0.1000E+02  0.0000E+00      -1  -0.943E-01   20.00  0.1665E-01  0.0000E+00
 109   -54.0000     -11.547 0.3293   0.1000E+02  0.8789E-02 -0.1000E+02  0.0000E+00      -1  -0.943E-01   20.00  0.1487E-01  0.0000E+00
 110   -54.5000     -11.547 0.3293   0.1000E+02  0.8789E-02 -0.1000E+02  0.0000E+00      -1  -0.943E-01   20.00  0.1326E-01  0.0000E+00
 111   -55.0000     -11.547 0.3293   0.1000E+02  0.8789E-02 -0.1000E+02  0.0000E+00      -1  -0.943E-01   20.00  0.1181E-01  0.0000E+00
 112   -55.5000     -11.547 0.3293   0.1000E+02  0.8789E-02 -0.1000E+02  0.0000E+00      -1  -0.943E-01   20.00  0.1051E-01  0.0000E+00
 113   -56.0000     -11.547 0.3293   0.1000E+02  0.8789E-02 -0.1000E+02  0.0000E+00      -1  -0.943E-01   20.00  0.9340E-02  0.0000E+00
 114   -56.5000     -11.547 0.3293   0.1000E+02  0.8789E-02 -0.1000E+02  0.0000E+00      -1  -0.943E-01   20.00  0.8307E-02  0.0000E+00
 115   -57.0000     -11.547 0.3293   0.1000E+02  0.8789E-02 -0.1000E+02  0.0000E+00      -1  -0.943E-01   20.00  0.7399E-02  0.0000E+00
 116   -57.5000     -11.547 0.3293   0.1000E+02  0.8789E-02 -0.1000E+02  0.0000E+00      -1  -0.943E-01   20.00  0.6614E-02  0.0000E+00
 117   -58.0000     -11.547 0.3293   0.1000E+02  0.8789E-02 -0.1000E+02  0.0000E+00      -1  -0.943E-01   20.00  0.5955E-02  0.0000E+00
 118   -58.5000     -11.547 0.3293   0.1000E+02  0.8789E-02 -0.1000E+02  0.0000E+00      -1  -0.943E-01   20.00  0.5427E-02  0.0000E+00
 119   -59.0000     -11.547 0.3293   0.1000E+02  0.8789E-02 -0.1000E+02  0.0000E+00      -1  -0.943E-01   20.00  0.5046E-02  0.0000E+00
 120   -59.5000     -11.547 0.3293   0.1000E+02  0.8789E-02 -0.1000E+02  0.0000E+00      -1  -0.943E-01   20.00  0.4836E-02  0.0000E+00
 121   -60.0000     -11.547 0.3293   0.1000E+02  0.8789E-02 -0.1000E+02  0.0000E+00      -1  -0.943E-01   20.00  0.4836E-02  0.0000E+00
end


 Time:        1.5000


 Node      Depth      Head Moisture       K          C         Flux        Sink         Kappa   v/KsTop   Temp   Conc(1..NS) Sorb(1...NS)
           [L]        [L]    [-]        [L/T]      [1/L]      [L/T]        [1/T]         [-]      [-]      [C]      [M/L*3]

   1     0.0000     -11.547 0.3293   0.1000E+02  0.8789E-02 -0.1000E+02  0.0000E+00      -1  -0.943E-01   20.00  0.9118E-03  0.0000E+00
   2    -0.5000     -11.547 0.3293   0.1000E+02  0.8789E-02 -0.1000E+02  0.0000E+00      -1  -0.943E-01   20.00  0.1159E-02  0.0000E+00
   3    -1.0000     -11.547 0.3293   0.1000E+02  0.8789E-02 -0.1000E+02  0.0000E+00      -1  -0.943E-01   20.00  0.1451E-02  0.0000E+00
   4    -1.5000     -11.547 0.3293   0.1000E+02  0.8789E-02 -0.1000E+02  0.0000E+00      -1  -0.943E-01   20.00  0.1791E-02  0.0000E+00
   5    -2.0000     -11.547 0.3293   0.1000E+02  0.8789E-02 -0.1000E+02  0.0000E+00      -1  -0.943E-01   20.00  0.2188E-02  0.0000E+00
   6    -2.5000     -11.547 0.3293   0.1000E+02  0.8789E-02 -0.1000E+02  0.0000E+00      -1  -0.943E-01   20.00  0.2647E-02  0.0000E+00
   7    -3.0000     -11.547 0.3293   0.1000E+02  0.8789E-02 -0.1000E+02  0.0000E+00      -1  -0.943E-01   20.00  0.3176E-02  0.0000E+00
   8    -3.5000     -11.547 0.3293   0.1000E+02  0.8789E-02 -0.1000E+02  0.0000E+00      -1  -0.943E-01   20.00  0.3782E-02  0.0000E+00
   9    -4.0000     -11.547 0.3293   0.1000E+02  0.8789E-02 -0.1000E+02  0.0000E+00      -1  -0.943E-01   20.00  0.4474E-02  0.0000E+00
  10    -4.5000     -11.547 0.3293   0.1000E+02  0.8789E-02 -0.1000E+02  0.0000E+00      -1  -0.943E-01   20.00  0.5262E-02  0.0000E+00
  11    -5.0000     -11.547 0.3293   0.1000E+02  0.8789E-02 -0.1000E+02  0.0000E+00      -1  -0.943E-01   20.00  0.6156E-02  0.0000E+00
  12    -5.5000     -11.547 0.3293   0.1000E+02  0.8789E-02 -0.1000E+02  0.0000E+00      -1  -0.943E-01   20.00  0.7164E-02  0.0000E+00
  13    -6.0000     -11.547 0.3293   0.1000E+02  0.8789E-02 -0.1000E+02  0.0000E+00      -1  -0.943E-01   20.00  0.8299E-02  0.0000E+00
  14    -6.5000     -11.547 0.3293   0.1000E+02  0.8789E-02 -0.1000E+02  0.0000E+00      -1  -0.943E-01   20.00  0.9572E-02  0.0000E+00
  15    -7.0000     -11.547 0.3293   0.1000E+02  0.8789E-02 -0.1000E+02  0.0000E+00      -1  -0.943E-01   20.00  0.1099E-01  0.0000E+00
  16    -7.5000     -11.547 0.3293   0.1000E+02  0.8789E-02 -0.1000E+02  0.0000E+00      -1  -0.943E-01   20.00  0.1258E-01  0.0000E+00
  17    -8.0000     -11.547 0.3293   0.1000E+02  0.8789E-02 -0.1000E+02  0.0000E+00      -1  -0.943E-01   20.00  0.1434E-01  0.0000E+00
  18    -8.5000     -11.547 0.3293   0.1000E+02  0.8789E-02 -0.1000E+02  0.0000E+00      -1  -0.943E-01   20.00  0.1629E-01  0.0000E+00
  19    -9.0000     -11.547 0.3293   0.1000E+02  0.8789E-02 -0.1000E+02  0.0000E+00      -1  -0.943E-01   20.00  0.1844E-01  0.0000E+00
  20    -9.5000     -11.547 0.3293   0.1000E+02  0.8789E-02 -0.1000E+02  0.0000E+00      -1  -0.943E-01   20.00  0.2081E-01  0.0000E+00
  21   -10.0000     -11.547 0.3293   0.1000E+02  0.8789E-02 -0.1000E+02  0.0000E+00      -1  -0.943E-01   20.00  0.2341E-01  0.0000E+00
  22   -10.5000     -11.547 0.3293   0.1000E+02  0.8789E-02 -0.1000E+02  0.0000E+00      -1  -0.943E-01   20.00  0.2626E-01  0.0000E+00
  23   -11.0000     -11.547 0.3293   0.1000E+02  0.8789E-02 -0.1000E+02  0.0000E+00      -1  -0.943E-01   20.00  0.2936E-01  0.0000E+00
  24   -11.5000     -11.547 0.3293   0.1000E+02  0.8789E-02 -0.1000E+02  0.0000E+00      -1  -0.943E-01   20.00  0.3274E-01  0.0000E+00
  25   -12.0000     -11.547 0.3293   0.1000E+02  0.8789E-02 -0.1000E+02  0.0000E+00      -1  -0.943E-01   20.00  0.3640E-01  0.0000E+00
  26   -12.5000     -11.547 0.3293   0.1000E+02  0.8789E-02 -0.1000E+02  0.0000E+00      -1  -0.943E-01   20.00  0.4037E-01  0.0000E+00
  27   -13.0000     -11.547 0.3293   0.1000E+02  0.8789E-02 -0.1000E+02  0.0000E+00      -1  -0.943E-01   20.00  0.4465E-01  0.0000E+00
  28   -13.5000     -11.547 0.3293   0.1000E+02  0.8789E-02 -0.1000E+02  0.0000E+00      -1  -0.943E-01   20.00  0.4926E-01  0.0000E+00
  29   -14.0000     -11.547 0.3293   0.1000E+02  0.8789E-02 -0.1000E+02  0.0000E+00      -1  -0.943E-01   20.00  0.5421E-01  0.0000E+00
  30   -14.5000     -11.547 0.3293   0.1000E+02  0.8789E-02 -0.1000E+02  0.0000E+00      -1  -0.943E-01   20.00  0.5950E-01  0.0000E+00
  31   -15.0000     -11.547 0.3293   0.1000E+02  0.8789E-02 -0.1000E+02  0.0000E+00      -1  -0.943E-01   20.00  0.6516E-01  0.0000E+00
  32   -15.5000     -11.547 0.3293   0.1000E+02  0.8789E-02 -0.1000E+02  0.0000E+00      -1  -0.943E-01   20.00  0.7118E-01  0.0000E+00
  33   -16.0000     -11.547 0.3293   0.1000E+02  0.8789E-02 -0.1000E+02  0.0000E+00      -1  -0.943E-01   20.00  0.7757E-01  0.0000E+00
  34   -16.5000     -11.547 0.3293   0.1000E+02  0.8789E-02 -0.1000E+02  0.0000E+00      -1  -0.943E-01   20.00  0.8435E-01  0.0000E+00
  35   -17.0000     -11.547 0.3293   0.1000E+02  0.8789E-02 -0.1000E+02  0.0000E+00      -1  -0.943E-01   20.00  0.9151E-01  0.0000E+00
  36   -17.5000     -11.547 0.3293   0.1000E+02  0.8789E-02 -0.1000E+02  0.0000E+00      -1  -0.943E-01   20.00  0.9905E-01  0.0000E+00
  37   -18.0000     -11.547 0.3293   0.1000E+02  0.8789E-02 -0.1000E+02  0.0000E+00      -1  -0.943E-01   20.00  0.1070E+00  0.0000E+00
  38   -18.5000     -11.547 0.3293   0.1000E+02  0.8789E-02 -0.1000E+02  0.0000E+00      -1  -0.943E-01   20.00  0.1153E+00  0.0000E+00
  39   -19.0000     -11.547 0.3293   0.1000E+02  0.8789E-02 -0.1000E+02  0.0000E+00      -1  -0.943E-01   20.00  0.1240E+00  0.0000E+00
  40   -19.5000     -11.547 0.3293   0.1000E+02  0.8789E-02 -0.1000E+02  0.0000E+00      -1  -0.943E-01   20.00  0.1330E+00  0.0000E+00
  41   -20.0000     -11.547 0.3293   0.1000E+02  0.8789E-02 -0.1000E+02  0.0000E+00      -1  -0.943E-01   20.00  0.1425E+00  0.0000E+00
  42   -20.5000     -11.547 0.3293   0.1000E+02  0.8789E-02 -0.1000E+02  0.0000E+00      -1  -0.943E-01   20.00  0.1522E+00  0.0000E+00
  43   -21.0000     -11.547 0.3293   0.1000E+02  0.8789E-02 -0.1000E+02  0.0000E+00      -1  -0.943E-01   20.00  0.1623E+00  0.0000E+00
  44   -21.5000     -11.547 0.3293   0.1000E+02  0.8789E-02 -0.1000E+02  0.0000E+00      -1  -0.943E-01   20.00  0.1728E+00  0.0000E+00
  45   -22.0000     -11.547 0.3293   0.1000E+02  0.8789E-02 -0.1000E+02  0.0000E+00      -1  -0.943E-01   20.00  0.1835E+00  0.0000E+00
  46   -22.5000     -11.547 0.3293   0.1000E+02  0.8789E-02 -0.1000E+02  0.0000E+00      -1  -0.943E-01   20.00  0.1945E+00  0.0000E+00
  47   -23.0000     -11.547 0.3293   0.1000E+02  0.8789E-02 -0.1000E+02  0.0000E+00      -1  -0.943E-01   20.00  0.2057E+00  0.0000E+00
  48   -23.5000     -11.547 0.3293   0.1000E+02  0.8789E-02 -0.1000E+02  0.0000E+00      -1  -0.943E-01   20.00  0.2172E+00  0.0000E+00
  49   -24.0000     -11.547 0.3293   0.1000E+02  0.8789E-02 -0.1000E+02  0.0000E+00      -1  -0.943E-01   20.00  0.2289E+00  0.0000E+00
  50   -24.5000     -11.547 0.3293   0.1000E+02  0.8789E-02 -0.1000E+02  0.0000E+00      -1  -0.943E-01   20.00  0.2407E+00  0.0000E+00
  51   -25.0000     -11.547 0.3293   0.1000E+02  0.8789E-02 -0.1000E+02  0.0000E+00      -1  -0.943E-01   20.00  0.2526E+00  0.0000E+00
  52   -25.5000     -11.547 0.3293   0.1000E+02  0.8789E-02 -0.1000E+02  0.0000E+00      -1  -0.943E-01   20.00  0.2647E+00  0.0000E+00
  53   -26.0000     -11.547 0.3293   0.1000E+02  0.8789E-02 -0.1000E+02  0.0000E+00      -1  -0.943E-01   20.00  0.2768E+00  0.0000E+00
  54   -26.5000     -11.547 0.3293   0.1000E+02  0.8789E-02 -0.1000E+02  0.0000E+00      -1  -0.943E-01   20.00  0.2889E+00  0.0000E+00
  55   -27.0000     -11.547 0.3293   0.1000E+02  0.8789E-02 -0.1000E+02  0.0000E+00      -1  -0.943E-01   20.00  0.3010E+00  0.0000E+00
  56   -27.5000     -11.547 0.3293   0.1000E+02  0.8789E-02 -0.1000E+02  0.0000E+00      -1  -0.943E-01   20.00  0.3130E+00  0.0000E+00
  57   -28.0000     -11.547 0.3293   0.1000E+02  0.8789E-02 -0.1000E+02  0.0000E+00      -1  -0.943E-01   20.00  0.3249E+00  0.0000E+00
  58   -28.5000     -11.547 0.3293   0.1000E+02  0.8789E-02 -0.1000E+02  0.0000E+00      -1  -0.943E-01   20.00  0.3366E+00  0.0000E+00
  59   -29.0000     -11.547 0.3293   0.1000E+02  0.8789E-02 -0.1000E+02  0.0000E+00      -1  -0.943E-01   20.00  0.3481E+00  0.0000E+00
  60   -29.5000     -11.547 0.3293   0.1000E+02  0.8789E-02 -0.1000E+02  0.0000E+00      -1  -0.943E-01   20.00  0.3594E+00  0.0000E+00
  61   -30.0000     -11.547 0.3293   0.1000E+02  0.8789E-02 -0.1000E+02  0.0000E+00      -1  -0.943E-01   20.00  0.3704E+00  0.0000E+00
  62   -30.5000     -11.547 0.3293   0.1000E+02  0.8789E-02 -0.1000E+02  0.0000E+00      -1  -0.943E-01   20.00  0.3811E+00  0.0000E+00
  63   -31.0000     -11.547 0.3293   0.1000E+02  0.8789E-02 -0.1000E+02  0.0000E+00      -1  -0.943E-01   20.00  0.3914E+00  0.0000E+00
  64   -31.5000     -11.547 0.3293   0.1000E+02  0.8789E-02 -0.1000E+02  0.0000E+00      -1  -0.943E-01   20.00  0.4012E+00  0.0000E+00
  65   -32.0000     -11.547 0.3293   0.1000E+02  0.8789E-02 -0.1000E+02  0.0000E+00      -1  -0.943E-01   20.00  0.4107E+00  0.0000E+00
  66   -32.5000     -11.547 0.3293   0.1000E+02  0.8789E-02 -0.1000E+02  0.0000E+00      -1  -0.943E-01   20.00  0.4196E+00  0.0000E+00
  67   -33.0000     -11.547 0.3293   0.1000E+02  0.8789E-02 -0.1000E+02  0.0000E+00      -1  -0.943E-01   20.00  0.4280E+00  0.0000E+00
  68   -33.5000     -11.547 0.3293   0.1000E+02  0.8789E-02 -0.1000E+02  0.0000E+00      -1  -0.943E-01   20.00  0.4358E+00  0.0000E+00
  69   -34.0000     -11.547 0.3293   0.1000E+02  0.8789E-02 -0.1000E+02  0.0000E+00      -1  -0.943E-01   20.00  0.4430E+00  0.0000E+00
  70   -34.5000     -11.547 0.3293   0.1000E+02  0.8789E-02 -0.1000E+02  0.0000E+00      -1  -0.943E-01   20.00  0.4496E+00  0.0000E+00
  71   -35.0000     -11.547 0.3293   0.1000E+02  0.8789E-02 -0.1000E+02  0.0000E+00      -1  -0.943E-01   20.00  0.4555E+00  0.0000E+00
  72   -35.5000     -11.547 0.3293   0.1000E+02  0.8789E-02 -0.1000E+02  0.0000E+00      -1  -0.943E-01   20.00  0.4608E+00  0.0000E+00
  73   -36.0000     -11.547 0.3293   0.1000E+02  0.8789E-02 -0.1000E+02  0.0000E+00      -1  -0.943E-01   20.00  0.4654E+00  0.0000E+00
  74   -36.5000     -11.547 0.3293   0.1000E+02  0.8789E-02 -0.1000E+02  0.0000E+00      -1  -0.943E-01   20.00  0.4692E+00  0.0000E+00
  75   -37.0000     -11.547 0.3293   0.1000E+02  0.8789E-02 -0.1000E+02  0.0000E+00      -1  -0.943E-01   20.00  0.4724E+00  0.0000E+00
  76   -37.5000     -11.547 0.3293   0.1000E+02  0.8789E-02 -0.1000E+02  0.0000E+00      -1  -0.943E-01   20.00  0.4748E+00  0.0000E+00
  77   -38.0000     -11.547 0.3293   0.1000E+02  0.8789E-02 -0.1000E+02  0.0000E+00      -1  -0.943E-01   20.00  0.4764E+00  0.0000E+00
  78   -38.5000     -11.547 0.3293   0.1000E+02  0.8789E-02 -0.1000E+02  0.0000E+00      -1  -0.943E-01   20.00  0.4774E+00  0.0000E+00
  79   -39.0000     -11.547 0.3293   0.1000E+02  0.8789E-02 -0.1000E+02  0.0000E+00      -1  -0.943E-01   20.00  0.4776E+00  0.0000E+00
  80   -39.5000     -11.547 0.3293   0.1000E+02  0.8789E-02 -0.1000E+02  0.0000E+00      -1  -0.943E-01   20.00  0.4770E+00  0.0000E+00
  81   -40.0000     -11.547 0.3293   0.1000E+02  0.8789E-02 -0.1000E+02  0.0000E+00      -1  -0.943E-01   20.00  0.4757E+00  0.0000E+00
  82   -40.5000     -11.547 0.3293   0.1000E+02  0.8789E-02 -0.1000E+02  0.0000E+00      -1  -0.943E-01   20.00  0.4737E+00  0.0000E+00
  83   -41.0000     -11.547 0.3293   0.1000E+02  0.8789E-02 -0.1000E+02  0.0000E+00      -1  -0.943E-01   20.00  0.4710E+00  0.0000E+00
  84   -41.5000     -11.547 0.3293   0.1000E+02  0.8789E-02 -0.1000E+02  0.0000E+00      -1  -0.943E-01   20.00  0.4676E+00  0.0000E+00
  85   -42.0000     -11.547 0.3293   0.1000E+02  0.8789E-02 -0.1000E+02  0.0000E+00      -1  -0.943E-01   20.00  0.4635E+00  0.0000E+00
  86   -42.5000     -11.547 0.3293   0.1000E+02  0.8789E-02 -0.1000E+02  0.0000E+00      -1  -0.943E-01   20.00  0.4588E+00  0.0000E+00
  87   -43.0000     -11.547 0.3293   0.1000E+02  0.8789E-02 -0.1000E+02  0.0000E+00      -1  -0.943E-01   20.00  0.4535E+00  0.0000E+00
  88   -43.5000     -11.547 0.3293   0.1000E+02  0.8789E-02 -0.1000E+02  0.0000E+00      -1  -0.943E-01   20.00  0.4476E+00  0.0000E+00
  89   -44.0000     -11.547 0.3293   0.1000E+02  0.8789E-02 -0.1000E+02  0.0000E+00      -1  -0.943E-01   20.00  0.4411E+00  0.0000E+00
  90   -44.5000     -11.547 0.3293   0.1000E+02  0.8789E-02 -0.1000E+02  0.0000E+00      -1  -0.943E-01   20.00  0.4341E+00  0.0000E+00
  91   -45.0000     -11.547 0.3293   0.1000E+02  0.8789E-02 -0.1000E+02  0.0000E+00      -1  -0.943E-01   20.00  0.4266E+00  0.0000E+00
  92   -45.5000     -11.547 0.3293   0.1000E+02  0.8789E-02 -0.1000E+02  0.0000E+00      -1  -0.943E-01   20.00  0.4186E+00  0.0000E+00
  93   -46.0000     -11.547 0.3293   0.1000E+02  0.8789E-02 -0.1000E+02  0.0000E+00      -1  -0.943E-01   20.00  0.4102E+00  0.0000E+00
  94   -46.5000     -11.547 0.3293   0.1000E+02  0.8789E-02 -0.1000E+02  0.0000E+00      -1  -0.943E-01   20.00  0.4014E+00  0.0000E+00
  95   -47.0000     -11.547 0.3293   0.1000E+02  0.8789E-02 -0.1000E+02  0.0000E+00      -1  -0.943E-01   20.00  0.3922E+00  0.0000E+00
  96   -47.5000     -11.547 0.3293   0.1000E+02  0.8789E-02 -0.1000E+02  0.0000E+00      -1  -0.943E-01   20.00  0.3827E+00  0.0000E+00
  97   -48.0000     -11.547 0.3293   0.1000E+02  0.8789E-02 -0.1000E+02  0.0000E+00      -1  -0.943E-01   20.00  0.3730E+00  0.0000E+00
  98   -48.5000     -11.547 0.3293   0.1000E+02  0.8789E-02 -0.1000E+02  0.0000E+00      -1  -0.943E-01   20.00  0.3630E+00  0.0000E+00
  99   -49.0000     -11.547 0.3293   0.1000E+02  0.8789E-02 -0.1000E+02  0.0000E+00      -1  -0.943E-01   20.00  0.3527E+00  0.0000E+00
 100   -49.5000     -11.547 0.3293   0.1000E+02  0.8789E-02 -0.1000E+02  0.0000E+00      -1  -0.943E-01   20.00  0.3423E+00  0.0000E+00
 101   -50.0000     -11.547 0.3293   0.1000E+02  0.8789E-02 -0.1000E+02  0.0000E+00      -1  -0.943E-01   20.00  0.3318E+00  0.0000E+00
 102   -50.5000     -11.547 0.3293   0.1000E+02  0.8789E-02 -0.1000E+02  0.0000E+00      -1  -0.943E-01   20.00  0.3212E+00  0.0000E+00
 103   -51.0000     -11.547 0.3293   0.1000E+02  0.8789E-02 -0.1000E+02  0.0000E+00      -1  -0.943E-01   20.00  0.3105E+00  0.0000E+00
 104   -51.5000     -11.547 0.3293   0.1000E+02  0.8789E-02 -0.1000E+02  0.0000E+00      -1  -0.943E-01   20.00  0.2998E+00  0.0000E+00
 105   -52.0000     -11.547 0.3293   0.1000E+02  0.8789E-02 -0.1000E+02  0.0000E+00      -1  -0.943E-01   20.00  0.2891E+00  0.0000E+00
 106   -52.5000     -11.547 0.3293   0.1000E+02  0.8789E-02 -0.1000E+02  0.0000E+00      -1  -0.943E-01   20.00  0.2784E+00  0.0000E+00
 107   -53.0000     -11.547 0.3293   0.1000E+02  0.8789E-02 -0.1000E+02  0.0000E+00      -1  -0.943E-01   20.00  0.2678E+00  0.0000E+00
 108   -53.5000     -11.547 0.3293   0.1000E+02  0.8789E-02 -0.1000E+02  0.0000E+00      -1  -0.943E-01   20.00  0.2574E+00  0.0000E+00
 109   -54.0000     -11.547 0.3293   0.1000E+02  0.8789E-02 -0.1000E+02  0.0000E+00      -1  -0.943E-01   20.00  0.2471E+00  0.0000E+00
 110   -54.5000     -11.547 0.3293   0.1000E+02  0.8789E-02 -0.1000E+02  0.0000E+00      -1  -0.943E-01   20.00  0.2370E+00  0.0000E+00
 111   -55.0000     -11.547 0.3293   0.1000E+02  0.8789E-02 -0.1000E+02  0.0000E+00      -1  -0.943E-01   20.00  0.2272E+00  0.0000E+00
 112   -55.5000     -11.547 0.3293   0.1000E+02  0.8789E-02 -0.1000E+02  0.0000E+00      -1  -0.943E-01   20.00  0.2177E+00  0.0000E+00
 113   -56.0000     -11.547 0.3293   0.1000E+02  0.8789E-02 -0.1000E+02  0.0000E+00      -1  -0.943E-01   20.00  0.2086E+00  0.0000E+00
 114   -56.5000     -11.547 0.3293   0.1000E+02  0.8789E-02 -0.1000E+02  0.0000E+00      -1  -0.943E-01   20.00  0.1999E+00  0.0000E+00
 115   -57.0000     -11.547 0.3293   0.1000E+02  0.8789E-02 -0.1000E+02  0.0000E+00      -1  -0.943E-01   20.00  0.1918E+00  0.0000E+00
 116   -57.5000     -11.547 0.3293   0.1000E+02  0.8789E-02 -0.1000E+02  0.0000E+00      -1  -0.943E-01   20.00  0.1845E+00  0.0000E+00
 117   -58.0000     -11.547 0.3293   0.1000E+02  0.8789E-02 -0.1000E+02  0.0000E+00      -1  -0.943E-01   20.00  0.1780E+00  0.0000E+00
 118   -58.5000     -11.547 0.3293   0.1000E+02  0.8789E-02 -0.1000E+02  0.0000E+00      -1  -0.943E-01   20.00  0.1726E+00  0.0000E+00
 119   -59.0000     -11.547 0.3293   0.1000E+02  0.8789E-02 -0.1000E+02  0.0000E+00      -1  -0.943E-01   20.00  0.1686E+00  0.0000E+00
 120   -59.5000     -11.547 0.3293   0.1000E+02  0.8789E-02 -0.1000E+02  0.0000E+00      -1  -0.943E-01   20.00  0.1664E+00  0.0000E+00
 121   -60.0000     -11.547 0.3293   0.1000E+02  0.8789E-02 -0.1000E+02  0.0000E+00      -1  -0.943E-01   20.00  0.1664E+00  0.0000E+00
end


 Time:        2.0000


 Node      Depth      Head Moisture       K          C         Flux        Sink         Kappa   v/KsTop   Temp   Conc(1..NS) Sorb(1...NS)
           [L]        [L]    [-]        [L/T]      [1/L]      [L/T]        [1/T]         [-]      [-]      [C]      [M/L*3]

   1     0.0000     -11.547 0.3293   0.1000E+02  0.8789E-02 -0.1000E+02  0.0000E+00      -1  -0.943E-01   20.00  0.8539E-04  0.0000E+00
   2    -0.5000     -11.547 0.3293   0.1000E+02  0.8789E-02 -0.1000E+02  0.0000E+00      -1  -0.943E-01   20.00  0.1087E-03  0.0000E+00
   3    -1.0000     -11.547 0.3293   0.1000E+02  0.8789E-02 -0.1000E+02  0.0000E+00      -1  -0.943E-01   20.00  0.1362E-03  0.0000E+00
   4    -1.5000     -11.547 0.3293   0.1000E+02  0.8789E-02 -0.1000E+02  0.0000E+00      -1  -0.943E-01   20.00  0.1687E-03  0.0000E+00
   5    -2.0000     -11.547 0.3293   0.1000E+02  0.8789E-02 -0.1000E+02  0.0000E+00      -1  -0.943E-01   20.00  0.2067E-03  0.0000E+00
   6    -2.5000     -11.547 0.3293   0.1000E+02  0.8789E-02 -0.1000E+02  0.0000E+00      -1  -0.943E-01   20.00  0.2511E-03  0.0000E+00
   7    -3.0000     -11.547 0.3293   0.1000E+02  0.8789E-02 -0.1000E+02  0.0000E+00      -1  -0.943E-01   20.00  0.3027E-03  0.0000E+00
   8    -3.5000     -11.547 0.3293   0.1000E+02  0.8789E-02 -0.1000E+02  0.0000E+00      -1  -0.943E-01   20.00  0.3624E-03  0.0000E+00
   9    -4.0000     -11.547 0.3293   0.1000E+02  0.8789E-02 -0.1000E+02  0.0000E+00      -1  -0.943E-01   20.00  0.4314E-03  0.0000E+00
  10    -4.5000     -11.547 0.3293   0.1000E+02  0.8789E-02 -0.1000E+02  0.0000E+00      -1  -0.943E-01   20.00  0.5107E-03  0.0000E+00
  11    -5.0000     -11.547 0.3293   0.1000E+02  0.8789E-02 -0.1000E+02  0.0000E+00      -1  -0.943E-01   20.00  0.6018E-03  0.0000E+00
  12    -5.5000     -11.547 0.3293   0.1000E+02  0.8789E-02 -0.1000E+02  0.0000E+00      -1  -0.943E-01   20.00  0.7058E-03  0.0000E+00
  13    -6.0000     -11.547 0.3293   0.1000E+02  0.8789E-02 -0.1000E+02  0.0000E+00      -1  -0.943E-01   20.00  0.8245E-03  0.0000E+00
  14    -6.5000     -11.547 0.3293   0.1000E+02  0.8789E-02 -0.1000E+02  0.0000E+00      -1  -0.943E-01   20.00  0.9595E-03  0.0000E+00
  15    -7.0000     -11.547 0.3293   0.1000E+02  0.8789E-02 -0.1000E+02  0.0000E+00      -1  -0.943E-01   20.00  0.1113E-02  0.0000E+00
  16    -7.5000     -11.547 0.3293   0.1000E+02  0.8789E-02 -0.1000E+02  0.0000E+00      -1  -0.943E-01   20.00  0.1286E-02  0.0000E+00
  17    -8.0000     -11.547 0.3293   0.1000E+02  0.8789E-02 -0.1000E+02  0.0000E+00      -1  -0.943E-01   20.00  0.1481E-02  0.0000E+00
  18    -8.5000     -11.547 0.3293   0.1000E+02  0.8789E-02 -0.1000E+02  0.0000E+00      -1  -0.943E-01   20.00  0.1701E-02  0.0000E+00
  19    -9.0000     -11.547 0.3293   0.1000E+02  0.8789E-02 -0.1000E+02  0.0000E+00      -1  -0.943E-01   20.00  0.1948E-02  0.0000E+00
  20    -9.5000     -11.547 0.3293   0.1000E+02  0.8789E-02 -0.1000E+02  0.0000E+00      -1  -0.943E-01   20.00  0.2225E-02  0.0000E+00
  21   -10.0000     -11.547 0.3293   0.1000E+02  0.8789E-02 -0.1000E+02  0.0000E+00      -1  -0.943E-01   20.00  0.2535E-02  0.0000E+00
  22   -10.5000     -11.547 0.3293   0.1000E+02  0.8789E-02 -0.1000E+02  0.0000E+00      -1  -0.943E-01   20.00  0.2880E-02  0.0000E+00
  23   -11.0000     -11.547 0.3293   0.1000E+02  0.8789E-02 -0.1000E+02  0.0000E+00      -1  -0.943E-01   20.00  0.3265E-02  0.0000E+00
  24   -11.5000     -11.547 0.3293   0.1000E+02  0.8789E-02 -0.1000E+02  0.0000E+00      -1  -0.943E-01   20.00  0.3693E-02  0.0000E+00
  25   -12.0000     -11.547 0.3293   0.1000E+02  0.8789E-02 -0.1000E+02  0.0000E+00      -1  -0.943E-01   20.00  0.4167E-02  0.0000E+00
  26   -12.5000     -11.547 0.3293   0.1000E+02  0.8789E-02 -0.1000E+02  0.0000E+00      -1  -0.943E-01   20.00  0.4691E-02  0.0000E+00
  27   -13.0000     -11.547 0.3293   0.1000E+02  0.8789E-02 -0.1000E+02  0.0000E+00      -1  -0.943E-01   20.00  0.5270E-02  0.0000E+00
  28   -13.5000     -11.547 0.3293   0.1000E+02  0.8789E-02 -0.1000E+02  0.0000E+00      -1  -0.943E-01   20.00  0.5909E-02  0.0000E+00
  29   -14.0000     -11.547 0.3293   0.1000E+02  0.8789E-02 -0.1000E+02  0.0000E+00      -1  -0.943E-01   20.00  0.6611E-02  0.0000E+00
  30   -14.5000     -11.547 0.3293   0.1000E+02  0.8789E-02 -0.1000E+02  0.0000E+00      -1  -0.943E-01   20.00  0.7383E-02  0.0000E+00
  31   -15.0000     -11.547 0.3293   0.1000E+02  0.8789E-02 -0.1000E+02  0.0000E+00      -1  -0.943E-01   20.00  0.8228E-02  0.0000E+00
  32   -15.5000     -11.547 0.3293   0.1000E+02  0.8789E-02 -0.1000E+02  0.0000E+00      -1  -0.943E-01   20.00  0.9153E-02  0.0000E+00
  33   -16.0000     -11.547 0.3293   0.1000E+02  0.8789E-02 -0.1000E+02  0.0000E+00      -1  -0.943E-01   20.00  0.1016E-01  0.0000E+00
  34   -16.5000     -11.547 0.3293   0.1000E+02  0.8789E-02 -0.1000E+02  0.0000E+00      -1  -0.943E-01   20.00  0.1126E-01  0.0000E+00
  35   -17.0000     -11.547 0.3293   0.1000E+02  0.8789E-02 -0.1000E+02  0.0000E+00      -1  -0.943E-01   20.00  0.1246E-01  0.0000E+00
  36   -17.5000     -11.547 0.3293   0.1000E+02  0.8789E-02 -0.1000E+02  0.0000E+00      -1  -0.943E-01   20.00  0.1376E-01  0.0000E+00
  37   -18.0000     -11.547 0.3293   0.1000E+02  0.8789E-02 -0.1000E+02  0.0000E+00      -1  -0.943E-01   20.00  0.1517E-01  0.0000E+00
  38   -18.5000     -11.547 0.3293   0.1000E+02  0.8789E-02 -0.1000E+02  0.0000E+00      -1  -0.943E-01   20.00  0.1670E-01  0.0000E+00
  39   -19.0000     -11.547 0.3293   0.1000E+02  0.8789E-02 -0.1000E+02  0.0000E+00      -1  -0.943E-01   20.00  0.1834E-01  0.0000E+00
  40   -19.5000     -11.547 0.3293   0.1000E+02  0.8789E-02 -0.1000E+02  0.0000E+00      -1  -0.943E-01   20.00  0.2012E-01  0.0000E+00
  41   -20.0000     -11.547 0.3293   0.1000E+02  0.8789E-02 -0.1000E+02  0.0000E+00      -1  -0.943E-01   20.00  0.2203E-01  0.0000E+00
  42   -20.5000     -11.547 0.3293   0.1000E+02  0.8789E-02 -0.1000E+02  0.0000E+00      -1  -0.943E-01   20.00  0.2409E-01  0.0000E+00
  43   -21.0000     -11.547 0.3293   0.1000E+02  0.8789E-02 -0.1000E+02  0.0000E+00      -1  -0.943E-01   20.00  0.2629E-01  0.0000E+00
  44   -21.5000     -11.547 0.3293   0.1000E+02  0.8789E-02 -0.1000E+02  0.0000E+00      -1  -0.943E-01   20.00  0.2865E-01  0.0000E+00
  45   -22.0000     -11.547 0.3293   0.1000E+02  0.8789E-02 -0.1000E+02  0.0000E+00      -1  -0.943E-01   20.00  0.3118E-01  0.0000E+00
  46   -22.5000     -11.547 0.3293   0.1000E+02  0.8789E-02 -0.1000E+02  0.0000E+00      -1  -0.943E-01   20.00  0.3387E-01  0.0000E+00
  47   -23.0000     -11.547 0.3293   0.1000E+02  0.8789E-02 -0.1000E+02  0.0000E+00      -1  -0.943E-01   20.00  0.3674E-01  0.0000E+00
  48   -23.5000     -11.547 0.3293   0.1000E+02  0.8789E-02 -0.1000E+02  0.0000E+00      -1  -0.943E-01   20.00  0.3979E-01  0.0000E+00
  49   -24.0000     -11.547 0.3293   0.1000E+02  0.8789E-02 -0.1000E+02  0.0000E+00      -1  -0.943E-01   20.00  0.4304E-01  0.0000E+00
  50   -24.5000     -11.547 0.3293   0.1000E+02  0.8789E-02 -0.1000E+02  0.0000E+00      -1  -0.943E-01   20.00  0.4647E-01  0.0000E+00
  51   -25.0000     -11.547 0.3293   0.1000E+02  0.8789E-02 -0.1000E+02  0.0000E+00      -1  -0.943E-01   20.00  0.5011E-01  0.0000E+00
  52   -25.5000     -11.547 0.3293   0.1000E+02  0.8789E-02 -0.1000E+02  0.0000E+00      -1  -0.943E-01   20.00  0.5394E-01  0.0000E+00
  53   -26.0000     -11.547 0.3293   0.1000E+02  0.8789E-02 -0.1000E+02  0.0000E+00      -1  -0.943E-01   20.00  0.5799E-01  0.0000E+00
  54   -26.5000     -11.547 0.3293   0.1000E+02  0.8789E-02 -0.1000E+02  0.0000E+00      -1  -0.943E-01   20.00  0.6226E-01  0.0000E+00
  55   -27.0000     -11.547 0.3293   0.1000E+02  0.8789E-02 -0.1000E+02  0.0000E+00      -1  -0.943E-01   20.00  0.6673E-01  0.0000E+00
  56   -27.5000     -11.547 0.3293   0.1000E+02  0.8789E-02 -0.1000E+02  0.0000E+00      -1  -0.943E-01   20.00  0.7143E-01  0.0000E+00
  57   -28.0000     -11.547 0.3293   0.1000E+02  0.8789E-02 -0.1000E+02  0.0000E+00      -1  -0.943E-01   20.00  0.7635E-01  0.0000E+00
  58   -28.5000     -11.547 0.3293   0.1000E+02  0.8789E-02 -0.1000E+02  0.0000E+00      -1  -0.943E-01   20.00  0.8150E-01  0.0000E+00
  59   -29.0000     -11.547 0.3293   0.1000E+02  0.8789E-02 -0.1000E+02  0.0000E+00      -1  -0.943E-01   20.00  0.8687E-01  0.0000E+00
  60   -29.5000     -11.547 0.3293   0.1000E+02  0.8789E-02 -0.1000E+02  0.0000E+00      -1  -0.943E-01   20.00  0.9246E-01  0.0000E+00
  61   -30.0000     -11.547 0.3293   0.1000E+02  0.8789E-02 -0.1000E+02  0.0000E+00      -1  -0.943E-01   20.00  0.9828E-01  0.0000E+00
  62   -30.5000     -11.547 0.3293   0.1000E+02  0.8789E-02 -0.1000E+02  0.0000E+00      -1  -0.943E-01   20.00  0.1043E+00  0.0000E+00
  63   -31.0000     -11.547 0.3293   0.1000E+02  0.8789E-02 -0.1000E+02  0.0000E+00      -1  -0.943E-01   20.00  0.1106E+00  0.0000E+00
  64   -31.5000     -11.547 0.3293   0.1000E+02  0.8789E-02 -0.1000E+02  0.0000E+00      -1  -0.943E-01   20.00  0.1171E+00  0.0000E+00
  65   -32.0000     -11.547 0.3293   0.1000E+02  0.8789E-02 -0.1000E+02  0.0000E+00      -1  -0.943E-01   20.00  0.1237E+00  0.0000E+00
  66   -32.5000     -11.547 0.3293   0.1000E+02  0.8789E-02 -0.1000E+02  0.0000E+00      -1  -0.943E-01   20.00  0.1306E+00  0.0000E+00
  67   -33.0000     -11.547 0.3293   0.1000E+02  0.8789E-02 -0.1000E+02  0.0000E+00      -1  -0.943E-01   20.00  0.1377E+00  0.0000E+00
  68   -33.5000     -11.547 0.3293   0.1000E+02  0.8789E-02 -0.1000E+02  0.0000E+00      -1  -0.943E-01   20.00  0.1450E+00  0.0000E+00
  69   -34.0000     -11.547 0.3293   0.1000E+02  0.8789E-02 -0.1000E+02  0.0000E+00      -1  -0.943E-01   20.00  0.1525E+00  0.0000E+00
  70   -34.5000     -11.547 0.3293   0.1000E+02  0.8789E-02 -0.1000E+02  0.0000E+00      -1  -0.943E-01   20.00  0.1601E+00  0.0000E+00
  71   -35.0000     -11.547 0.3293   0.1000E+02  0.8789E-02 -0.1000E+02  0.0000E+00      -1  -0.943E-01   20.00  0.1679E+00  0.0000E+00
  72   -35.5000     -11.547 0.3293   0.1000E+02  0.8789E-02 -0.1000E+02  0.0000E+00      -1  -0.943E-01   20.00  0.1759E+00  0.0000E+00
  73   -36.0000     -11.547 0.3293   0.1000E+02  0.8789E-02 -0.1000E+02  0.0000E+00      -1  -0.943E-01   20.00  0.1839E+00  0.0000E+00
  74   -36.5000     -11.547 0.3293   0.1000E+02  0.8789E-02 -0.1000E+02  0.0000E+00      -1  -0.943E-01   20.00  0.1921E+00  0.0000E+00
  75   -37.0000     -11.547 0.3293   0.1000E+02  0.8789E-02 -0.1000E+02  0.0000E+00      -1  -0.943E-01   20.00  0.2005E+00  0.0000E+00
  76   -37.5000     -11.547 0.3293   0.1000E+02  0.8789E-02 -0.1000E+02  0.0000E+00      -1  -0.943E-01   20.00  0.2089E+00  0.0000E+00
  77   -38.0000     -11.547 0.3293   0.1000E+02  0.8789E-02 -0.1000E+02  0.0000E+00      -1  -0.943E-01   20.00  0.2173E+00  0.0000E+00
  78   -38.5000     -11.547 0.3293   0.1000E+02  0.8789E-02 -0.1000E+02  0.0000E+00      -1  -0.943E-01   20.00  0.2259E+00  0.0000E+00
  79   -39.0000     -11.547 0.3293   0.1000E+02  0.8789E-02 -0.1000E+02  0.0000E+00      -1  -0.943E-01   20.00  0.2344E+00  0.0000E+00
  80   -39.5000     -11.547 0.3293   0.1000E+02  0.8789E-02 -0.1000E+02  0.0000E+00      -1  -0.943E-01   20.00  0.2430E+00  0.0000E+00
  81   -40.0000     -11.547 0.3293   0.1000E+02  0.8789E-02 -0.1000E+02  0.0000E+00      -1  -0.943E-01   20.00  0.2516E+00  0.0000E+00
  82   -40.5000     -11.547 0.3293   0.1000E+02  0.8789E-02 -0.1000E+02  0.0000E+00      -1  -0.943E-01   20.00  0.2602E+00  0.0000E+00
  83   -41.0000     -11.547 0.3293   0.1000E+02  0.8789E-02 -0.1000E+02  0.0000E+00      -1  -0.943E-01   20.00  0.2687E+00  0.0000E+00
  84   -41.5000     -11.547 0.3293   0.1000E+02  0.8789E-02 -0.1000E+02  0.0000E+00      -1  -0.943E-01   20.00  0.2771E+00  0.0000E+00
  85   -42.0000     -11.547 0.3293   0.1000E+02  0.8789E-02 -0.1000E+02  0.0000E+00      -1  -0.943E-01   20.00  0.2855E+00  0.0000E+00
  86   -42.5000     -11.547 0.3293   0.1000E+02  0.8789E-02 -0.1000E+02  0.0000E+00      -1  -0.943E-01   20.00  0.2937E+00  0.0000E+00
  87   -43.0000     -11.547 0.3293   0.1000E+02  0.8789E-02 -0.1000E+02  0.0000E+00      -1  -0.943E-01   20.00  0.3019E+00  0.0000E+00
  88   -43.5000     -11.547 0.3293   0.1000E+02  0.8789E-02 -0.1000E+02  0.0000E+00      -1  -0.943E-01   20.00  0.3098E+00  0.0000E+00
  89   -44.0000     -11.547 0.3293   0.1000E+02  0.8789E-02 -0.1000E+02  0.0000E+00      -1  -0.943E-01   20.00  0.3176E+00  0.0000E+00
  90   -44.5000     -11.547 0.3293   0.1000E+02  0.8789E-02 -0.1000E+02  0.0000E+00      -1  -0.943E-01   20.00  0.3252E+00  0.0000E+00
  91   -45.0000     -11.547 0.3293   0.1000E+02  0.8789E-02 -0.1000E+02  0.0000E+00      -1  -0.943E-01   20.00  0.3326E+00  0.0000E+00
  92   -45.5000     -11.547 0.3293   0.1000E+02  0.8789E-02 -0.1000E+02  0.0000E+00      -1  -0.943E-01   20.00  0.3397E+00  0.0000E+00
  93   -46.0000     -11.547 0.3293   0.1000E+02  0.8789E-02 -0.1000E+02  0.0000E+00      -1  -0.943E-01   20.00  0.3466E+00  0.0000E+00
  94   -46.5000     -11.547 0.3293   0.1000E+02  0.8789E-02 -0.1000E+02  0.0000E+00      -1  -0.943E-01   20.00  0.3532E+00  0.0000E+00
  95   -47.0000     -11.547 0.3293   0.1000E+02  0.8789E-02 -0.1000E+02  0.0000E+00      -1  -0.943E-01   20.00  0.3594E+00  0.0000E+00
  96   -47.5000     -11.547 0.3293   0.1000E+02  0.8789E-02 -0.1000E+02  0.0000E+00      -1  -0.943E-01   20.00  0.3654E+00  0.0000E+00
  97   -48.0000     -11.547 0.3293   0.1000E+02  0.8789E-02 -0.1000E+02  0.0000E+00      -1  -0.943E-01   20.00  0.3710E+00  0.0000E+00
  98   -48.5000     -11.547 0.3293   0.1000E+02  0.8789E-02 -0.1000E+02  0.0000E+00      -1  -0.943E-01   20.00  0.3763E+00  0.0000E+00
  99   -49.0000     -11.547 0.3293   0.1000E+02  0.8789E-02 -0.1000E+02  0.0000E+00      -1  -0.943E-01   20.00  0.3812E+00  0.0000E+00
 100   -49.5000     -11.547 0.3293   0.1000E+02  0.8789E-02 -0.1000E+02  0.0000E+00      -1  -0.943E-01   20.00  0.3857E+00  0.0000E+00
 101   -50.0000     -11.547 0.3293   0.1000E+02  0.8789E-02 -0.1000E+02  0.0000E+00      -1  -0.943E-01   20.00  0.3899E+00  0.0000E+00
 102   -50.5000     -11.547 0.3293   0.1000E+02  0.8789E-02 -0.1000E+02  0.0000E+00      -1  -0.943E-01   20.00  0.3936E+00  0.0000E+00
 103   -51.0000     -11.547 0.3293   0.1000E+02  0.8789E-02 -0.1000E+02  0.0000E+00      -1  -0.943E-01   20.00  0.3969E+00  0.0000E+00
 104   -51.5000     -11.547 0.3293   0.1000E+02  0.8789E-02 -0.1000E+02  0.0000E+00      -1  -0.943E-01   20.00  0.3999E+00  0.0000E+00
 105   -52.0000     -11.547 0.3293   0.1000E+02  0.8789E-02 -0.1000E+02  0.0000E+00      -1  -0.943E-01   20.00  0.4024E+00  0.0000E+00
 106   -52.5000     -11.547 0.3293   0.1000E+02  0.8789E-02 -0.1000E+02  0.0000E+00      -1  -0.943E-01   20.00  0.4045E+00  0.0000E+00
 107   -53.0000     -11.547 0.3293   0.1000E+02  0.8789E-02 -0.1000E+02  0.0000E+00      -1  -0.943E-01   20.00  0.4062E+00  0.0000E+00
 108   -53.5000     -11.547 0.3293   0.1000E+02  0.8789E-02 -0.1000E+02  0.0000E+00      -1  -0.943E-01   20.00  0.4075E+00  0.0000E+00
 109   -54.0000     -11.547 0.3293   0.1000E+02  0.8789E-02 -0.1000E+02  0.0000E+00      -1  -0.943E-01   20.00  0.4084E+00  0.0000E+00
 110   -54.5000     -11.547 0.3293   0.1000E+02  0.8789E-02 -0.1000E+02  0.0000E+00      -1  -0.943E-01   20.00  0.4090E+00  0.0000E+00
 111   -55.0000     -11.547 0.3293   0.1000E+02  0.8789E-02 -0.1000E+02  0.0000E+00      -1  -0.943E-01   20.00  0.4093E+00  0.0000E+00
 112   -55.5000     -11.547 0.3293   0.1000E+02  0.8789E-02 -0.1000E+02  0.0000E+00      -1  -0.943E-01   20.00  0.4092E+00  0.0000E+00
 113   -56.0000     -11.547 0.3293   0.1000E+02  0.8789E-02 -0.1000E+02  0.0000E+00      -1  -0.943E-01   20.00  0.4089E+00  0.0000E+00
 114   -56.5000     -11.547 0.3293   0.1000E+02  0.8789E-02 -0.1000E+02  0.0000E+00      -1  -0.943E-01   20.00  0.4083E+00  0.0000E+00
 115   -57.0000     -11.547 0.3293   0.1000E+02  0.8789E-02 -0.1000E+02  0.0000E+00      -1  -0.943E-01   20.00  0.4076E+00  0.0000E+00
 116   -57.5000     -11.547 0.3293   0.1000E+02  0.8789E-02 -0.1000E+02  0.0000E+00      -1  -0.943E-01   20.00  0.4068E+00  0.0000E+00
 117   -58.0000     -11.547 0.3293   0.1000E+02  0.8789E-02 -0.1000E+02  0.0000E+00      -1  -0.943E-01   20.00  0.4059E+00  0.0000E+00
 118   -58.5000     -11.547 0.3293   0.1000E+02  0.8789E-02 -0.1000E+02  0.0000E+00      -1  -0.943E-01   20.00  0.4052E+00  0.0000E+00
 119   -59.0000     -11.547 0.3293   0.1000E+02  0.8789E-02 -0.1000E+02  0.0000E+00      -1  -0.943E-01   20.00  0.4045E+00  0.0000E+00
 120   -59.5000     -11.547 0.3293   0.1000E+02  0.8789E-02 -0.1000E+02  0.0000E+00      -1  -0.943E-01   20.00  0.4042E+00  0.0000E+00
 121   -60.0000     -11.547 0.3293   0.1000E+02  0.8789E-02 -0.1000E+02  0.0000E+00      -1  -0.943E-01   20.00  0.4042E+00  0.0000E+00
end


 Time:        2.5000


 Node      Depth      Head Moisture       K          C         Flux        Sink         Kappa   v/KsTop   Temp   Conc(1..NS) Sorb(1...NS)
           [L]        [L]    [-]        [L/T]      [1/L]      [L/T]        [1/T]         [-]      [-]      [C]      [M/L*3]

   1     0.0000     -11.547 0.3293   0.1000E+02  0.8789E-02 -0.1000E+02  0.0000E+00      -1  -0.943E-01   20.00  0.9006E-05  0.0000E+00
   2    -0.5000     -11.547 0.3293   0.1000E+02  0.8789E-02 -0.1000E+02  0.0000E+00      -1  -0.943E-01   20.00  0.1147E-04  0.0000E+00
   3    -1.0000     -11.547 0.3293   0.1000E+02  0.8789E-02 -0.1000E+02  0.0000E+00      -1  -0.943E-01   20.00  0.1439E-04  0.0000E+00
   4    -1.5000     -11.547 0.3293   0.1000E+02  0.8789E-02 -0.1000E+02  0.0000E+00      -1  -0.943E-01   20.00  0.1784E-04  0.0000E+00
   5    -2.0000     -11.547 0.3293   0.1000E+02  0.8789E-02 -0.1000E+02  0.0000E+00      -1  -0.943E-01   20.00  0.2190E-04  0.0000E+00
   6    -2.5000     -11.547 0.3293   0.1000E+02  0.8789E-02 -0.1000E+02  0.0000E+00      -1  -0.943E-01   20.00  0.2666E-04  0.0000E+00
   7    -3.0000     -11.547 0.3293   0.1000E+02  0.8789E-02 -0.1000E+02  0.0000E+00      -1  -0.943E-01   20.00  0.3223E-04  0.0000E+00
   8    -3.5000     -11.547 0.3293   0.1000E+02  0.8789E-02 -0.1000E+02  0.0000E+00      -1  -0.943E-01   20.00  0.3870E-04  0.0000E+00
   9    -4.0000     -11.547 0.3293   0.1000E+02  0.8789E-02 -0.1000E+02  0.0000E+00      -1  -0.943E-01   20.00  0.4622E-04  0.0000E+00
  10    -4.5000     -11.547 0.3293   0.1000E+02  0.8789E-02 -0.1000E+02  0.0000E+00      -1  -0.943E-01   20.00  0.5492E-04  0.0000E+00
  11    -5.0000     -11.547 0.3293   0.1000E+02  0.8789E-02 -0.1000E+02  0.0000E+00      -1  -0.943E-01   20.00  0.6496E-04  0.0000E+00
  12    -5.5000     -11.547 0.3293   0.1000E+02  0.8789E-02 -0.1000E+02  0.0000E+00      -1  -0.943E-01   20.00  0.7653E-04  0.0000E+00
  13    -6.0000     -11.547 0.3293   0.1000E+02  0.8789E-02 -0.1000E+02  0.0000E+00      -1  -0.943E-01   20.00  0.8980E-04  0.0000E+00
  14    -6.5000     -11.547 0.3293   0.1000E+02  0.8789E-02 -0.1000E+02  0.0000E+00      -1  -0.943E-01   20.00  0.1050E-03  0.0000E+00
  15    -7.0000     -11.547 0.3293   0.1000E+02  0.8789E-02 -0.1000E+02  0.0000E+00      -1  -0.943E-01   20.00  0.1224E-03  0.0000E+00
  16    -7.5000     -11.547 0.3293   0.1000E+02  0.8789E-02 -0.1000E+02  0.0000E+00      -1  -0.943E-01   20.00  0.1422E-03  0.0000E+00
  17    -8.0000     -11.547 0.3293   0.1000E+02  0.8789E-02 -0.1000E+02  0.0000E+00      -1  -0.943E-01   20.00  0.1648E-03  0.0000E+00
  18    -8.5000     -11.547 0.3293   0.1000E+02  0.8789E-02 -0.1000E+02  0.0000E+00      -1  -0.943E-01   20.00  0.1904E-03  0.0000E+00
  19    -9.0000     -11.547 0.3293   0.1000E+02  0.8789E-02 -0.1000E+02  0.0000E+00      -1  -0.943E-01   20.00  0.2194E-03  0.0000E+00
  20    -9.5000     -11.547 0.3293   0.1000E+02  0.8789E-02 -0.1000E+02  0.0000E+00      -1  -0.943E-01   20.00  0.2523E-03  0.0000E+00
  21   -10.0000     -11.547 0.3293   0.1000E+02  0.8789E-02 -0.1000E+02  0.0000E+00      -1  -0.943E-01   20.00  0.2893E-03  0.0000E+00
  22   -10.5000     -11.547 0.3293   0.1000E+02  0.8789E-02 -0.1000E+02  0.0000E+00      -1  -0.943E-01   20.00  0.3311E-03  0.0000E+00
  23   -11.0000     -11.547 0.3293   0.1000E+02  0.8789E-02 -0.1000E+02  0.0000E+00      -1  -0.943E-01   20.00  0.3782E-03  0.0000E+00
  24   -11.5000     -11.547 0.3293   0.1000E+02  0.8789E-02 -0.1000E+02  0.0000E+00      -1  -0.943E-01   20.00  0.4310E-03  0.0000E+00
  25   -12.0000     -11.547 0.3293   0.1000E+02  0.8789E-02 -0.1000E+02  0.0000E+00      -1  -0.943E-01   20.00  0.4902E-03  0.0000E+00
  26   -12.5000     -11.547 0.3293   0.1000E+02  0.8789E-02 -0.1000E+02  0.0000E+00      -1  -0.943E-01   20.00  0.5564E-03  0.0000E+00
  27   -13.0000     -11.547 0.3293   0.1000E+02  0.8789E-02 -0.1000E+02  0.0000E+00      -1  -0.943E-01   20.00  0.6305E-03  0.0000E+00
  28   -13.5000     -11.547 0.3293   0.1000E+02  0.8789E-02 -0.1000E+02  0.0000E+00      -1  -0.943E-01   20.00  0.7131E-03  0.0000E+00
  29   -14.0000     -11.547 0.3293   0.1000E+02  0.8789E-02 -0.1000E+02  0.0000E+00      -1  -0.943E-01   20.00  0.8052E-03  0.0000E+00
  30   -14.5000     -11.547 0.3293   0.1000E+02  0.8789E-02 -0.1000E+02  0.0000E+00      -1  -0.943E-01   20.00  0.9076E-03  0.0000E+00
  31   -15.0000     -11.547 0.3293   0.1000E+02  0.8789E-02 -0.1000E+02  0.0000E+00      -1  -0.943E-01   20.00  0.1021E-02  0.0000E+00
  32   -15.5000     -11.547 0.3293   0.1000E+02  0.8789E-02 -0.1000E+02  0.0000E+00      -1  -0.943E-01   20.00  0.1147E-02  0.0000E+00
  33   -16.0000     -11.547 0.3293   0.1000E+02  0.8789E-02 -0.1000E+02  0.0000E+00      -1  -0.943E-01   20.00  0.1287E-02  0.0000E+00
  34   -16.5000     -11.547 0.3293   0.1000E+02  0.8789E-02 -0.1000E+02  0.0000E+00      -1  -0.943E-01   20.00  0.1441E-02  0.0000E+00
  35   -17.0000     -11.547 0.3293   0.1000E+02  0.8789E-02 -0.1000E+02  0.0000E+00      -1  -0.943E-01   20.00  0.1612E-02  0.0000E+00
  36   -17.5000     -11.547 0.3293   0.1000E+02  0.8789E-02 -0.1000E+02  0.0000E+00      -1  -0.943E-01   20.00  0.1799E-02  0.0000E+00
  37   -18.0000     -11.547 0.3293   0.1000E+02  0.8789E-02 -0.1000E+02  0.0000E+00      -1  -0.943E-01   20.00  0.2006E-02  0.0000E+00
  38   -18.5000     -11.547 0.3293   0.1000E+02  0.8789E-02 -0.1000E+02  0.0000E+00      -1  -0.943E-01   20.00  0.2233E-02  0.0000E+00
  39   -19.0000     -11.547 0.3293   0.1000E+02  0.8789E-02 -0.1000E+02  0.0000E+00      -1  -0.943E-01   20.00  0.2483E-02  0.0000E+00
  40   -19.5000     -11.547 0.3293   0.1000E+02  0.8789E-02 -0.1000E+02  0.0000E+00      -1  -0.943E-01   20.00  0.2756E-02  0.0000E+00
  41   -20.0000     -11.547 0.3293   0.1000E+02  0.8789E-02 -0.1000E+02  0.0000E+00      -1  -0.943E-01   20.00  0.3056E-02  0.0000E+00
  42   -20.5000     -11.547 0.3293   0.1000E+02  0.8789E-02 -0.1000E+02  0.0000E+00      -1  -0.943E-01   20.00  0.3383E-02  0.0000E+00
  43   -21.0000     -11.547 0.3293   0.1000E+02  0.8789E-02 -0.1000E+02  0.0000E+00      -1  -0.943E-01   20.00  0.3740E-02  0.0000E+00
  44   -21.5000     -11.547 0.3293   0.1000E+02  0.8789E-02 -0.1000E+02  0.0000E+00      -1  -0.943E-01   20.00  0.4130E-02  0.0000E+00
  45   -22.0000     -11.547 0.3293   0.1000E+02  0.8789E-02 -0.1000E+02  0.0000E+00      -1  -0.943E-01   20.00  0.4554E-02  0.0000E+00
  46   -22.5000     -11.547 0.3293   0.1000E+02  0.8789E-02 -0.1000E+02  0.0000E+00      -1  -0.943E-01   20.00  0.5015E-02  0.0000E+00
  47   -23.0000     -11.547 0.3293   0.1000E+02  0.8789E-02 -0.1000E+02  0.0000E+00      -1  -0.943E-01   20.00  0.5516E-02  0.0000E+00
  48   -23.5000     -11.547 0.3293   0.1000E+02  0.8789E-02 -0.1000E+02  0.0000E+00      -1  -0.943E-01   20.00  0.6060E-02  0.0000E+00
  49   -24.0000     -11.547 0.3293   0.1000E+02  0.8789E-02 -0.1000E+02  0.0000E+00      -1  -0.943E-01   20.00  0.6648E-02  0.0000E+00
  50   -24.5000     -11.547 0.3293   0.1000E+02  0.8789E-02 -0.1000E+02  0.0000E+00      -1  -0.943E-01   20.00  0.7285E-02  0.0000E+00
  51   -25.0000     -11.547 0.3293   0.1000E+02  0.8789E-02 -0.1000E+02  0.0000E+00      -1  -0.943E-01   20.00  0.7973E-02  0.0000E+00
  52   -25.5000     -11.547 0.3293   0.1000E+02  0.8789E-02 -0.1000E+02  0.0000E+00      -1  -0.943E-01   20.00  0.8715E-02  0.0000E+00
  53   -26.0000     -11.547 0.3293   0.1000E+02  0.8789E-02 -0.1000E+02  0.0000E+00      -1  -0.943E-01   20.00  0.9515E-02  0.0000E+00
  54   -26.5000     -11.547 0.3293   0.1000E+02  0.8789E-02 -0.1000E+02  0.0000E+00      -1  -0.943E-01   20.00  0.1038E-01  0.0000E+00
  55   -27.0000     -11.547 0.3293   0.1000E+02  0.8789E-02 -0.1000E+02  0.0000E+00      -1  -0.943E-01   20.00  0.1130E-01  0.0000E+00
  56   -27.5000     -11.547 0.3293   0.1000E+02  0.8789E-02 -0.1000E+02  0.0000E+00      -1  -0.943E-01   20.00  0.1230E-01  0.0000E+00
  57   -28.0000     -11.547 0.3293   0.1000E+02  0.8789E-02 -0.1000E+02  0.0000E+00      -1  -0.943E-01   20.00  0.1336E-01  0.0000E+00
  58   -28.5000     -11.547 0.3293   0.1000E+02  0.8789E-02 -0.1000E+02  0.0000E+00      -1  -0.943E-01   20.00  0.1450E-01  0.0000E+00
  59   -29.0000     -11.547 0.3293   0.1000E+02  0.8789E-02 -0.1000E+02  0.0000E+00      -1  -0.943E-01   20.00  0.1572E-01  0.0000E+00
  60   -29.5000     -11.547 0.3293   0.1000E+02  0.8789E-02 -0.1000E+02  0.0000E+00      -1  -0.943E-01   20.00  0.1702E-01  0.0000E+00
  61   -30.0000     -11.547 0.3293   0.1000E+02  0.8789E-02 -0.1000E+02  0.0000E+00      -1  -0.943E-01   20.00  0.1841E-01  0.0000E+00
  62   -30.5000     -11.547 0.3293   0.1000E+02  0.8789E-02 -0.1000E+02  0.0000E+00      -1  -0.943E-01   20.00  0.1989E-01  0.0000E+00
  63   -31.0000     -11.547 0.3293   0.1000E+02  0.8789E-02 -0.1000E+02  0.0000E+00      -1  -0.943E-01   20.00  0.2147E-01  0.0000E+00
  64   -31.5000     -11.547 0.3293   0.1000E+02  0.8789E-02 -0.1000E+02  0.0000E+00      -1  -0.943E-01   20.00  0.2315E-01  0.0000E+00
  65   -32.0000     -11.547 0.3293   0.1000E+02  0.8789E-02 -0.1000E+02  0.0000E+00      -1  -0.943E-01   20.00  0.2492E-01  0.0000E+00
  66   -32.5000     -11.547 0.3293   0.1000E+02  0.8789E-02 -0.1000E+02  0.0000E+00      -1  -0.943E-01   20.00  0.2681E-01  0.0000E+00
  67   -33.0000     -11.547 0.3293   0.1000E+02  0.8789E-02 -0.1000E+02  0.0000E+00      -1  -0.943E-01   20.00  0.2880E-01  0.0000E+00
  68   -33.5000     -11.547 0.3293   0.1000E+02  0.8789E-02 -0.1000E+02  0.0000E+00      -1  -0.943E-01   20.00  0.3091E-01  0.0000E+00
  69   -34.0000     -11.547 0.3293   0.1000E+02  0.8789E-02 -0.1000E+02  0.0000E+00      -1  -0.943E-01   20.00  0.3314E-01  0.0000E+00
  70   -34.5000     -11.547 0.3293   0.1000E+02  0.8789E-02 -0.1000E+02  0.0000E+00      -1  -0.943E-01   20.00  0.3549E-01  0.0000E+00
  71   -35.0000     -11.547 0.3293   0.1000E+02  0.8789E-02 -0.1000E+02  0.0000E+00      -1  -0.943E-01   20.00  0.3797E-01  0.0000E+00
  72   -35.5000     -11.547 0.3293   0.1000E+02  0.8789E-02 -0.1000E+02  0.0000E+00      -1  -0.943E-01   20.00  0.4058E-01  0.0000E+00
  73   -36.0000     -11.547 0.3293   0.1000E+02  0.8789E-02 -0.1000E+02  0.0000E+00      -1  -0.943E-01   20.00  0.4332E-01  0.0000E+00
  74   -36.5000     -11.547 0.3293   0.1000E+02  0.8789E-02 -0.1000E+02  0.0000E+00      -1  -0.943E-01   20.00  0.4619E-01  0.0000E+00
  75   -37.0000     -11.547 0.3293   0.1000E+02  0.8789E-02 -0.1000E+02  0.0000E+00      -1  -0.943E-01   20.00  0.4920E-01  0.0000E+00
  76   -37.5000     -11.547 0.3293   0.1000E+02  0.8789E-02 -0.1000E+02  0.0000E+00      -1  -0.943E-01   20.00  0.5236E-01  0.0000E+00
  77   -38.0000     -11.547 0.3293   0.1000E+02  0.8789E-02 -0.1000E+02  0.0000E+00      -1  -0.943E-01   20.00  0.5566E-01  0.0000E+00
  78   -38.5000     -11.547 0.3293   0.1000E+02  0.8789E-02 -0.1000E+02  0.0000E+00      -1  -0.943E-01   20.00  0.5910E-01  0.0000E+00
  79   -39.0000     -11.547 0.3293   0.1000E+02  0.8789E-02 -0.1000E+02  0.0000E+00      -1  -0.943E-01   20.00  0.6269E-01  0.0000E+00
  80   -39.5000     -11.547 0.3293   0.1000E+02  0.8789E-02 -0.1000E+02  0.0000E+00      -1  -0.943E-01   20.00  0.6644E-01  0.0000E+00
  81   -40.0000     -11.547 0.3293   0.1000E+02  0.8789E-02 -0.1000E+02  0.0000E+00      -1  -0.943E-01   20.00  0.7033E-01  0.0000E+00
  82   -40.5000     -11.547 0.3293   0.1000E+02  0.8789E-02 -0.1000E+02  0.0000E+00      -1  -0.943E-01   20.00  0.7437E-01  0.0000E+00
  83   -41.0000     -11.547 0.3293   0.1000E+02  0.8789E-02 -0.1000E+02  0.0000E+00      -1  -0.943E-01   20.00  0.7857E-01  0.0000E+00
  84   -41.5000     -11.547 0.3293   0.1000E+02  0.8789E-02 -0.1000E+02  0.0000E+00      -1  -0.943E-01   20.00  0.8291E-01  0.0000E+00
  85   -42.0000     -11.547 0.3293   0.1000E+02  0.8789E-02 -0.1000E+02  0.0000E+00      -1  -0.943E-01   20.00  0.8741E-01  0.0000E+00
  86   -42.5000     -11.547 0.3293   0.1000E+02  0.8789E-02 -0.1000E+02  0.0000E+00      -1  -0.943E-01   20.00  0.9206E-01  0.0000E+00
  87   -43.0000     -11.547 0.3293   0.1000E+02  0.8789E-02 -0.1000E+02  0.0000E+00      -1  -0.943E-01   20.00  0.9686E-01  0.0000E+00
  88   -43.5000     -11.547 0.3293   0.1000E+02  0.8789E-02 -0.1000E+02  0.0000E+00      -1  -0.943E-01   20.00  0.1018E+00  0.0000E+00
  89   -44.0000     -11.547 0.3293   0.1000E+02  0.8789E-02 -0.1000E+02  0.0000E+00      -1  -0.943E-01   20.00  0.1069E+00  0.0000E+00
  90   -44.5000     -11.547 0.3293   0.1000E+02  0.8789E-02 -0.1000E+02  0.0000E+00      -1  -0.943E-01   20.00  0.1121E+00  0.0000E+00
  91   -45.0000     -11.547 0.3293   0.1000E+02  0.8789E-02 -0.1000E+02  0.0000E+00      -1  -0.943E-01   20.00  0.1175E+00  0.0000E+00
  92   -45.5000     -11.547 0.3293   0.1000E+02  0.8789E-02 -0.1000E+02  0.0000E+00      -1  -0.943E-01   20.00  0.1230E+00  0.0000E+00
  93   -46.0000     -11.547 0.3293   0.1000E+02  0.8789E-02 -0.1000E+02  0.0000E+00      -1  -0.943E-01   20.00  0.1286E+00  0.0000E+00
  94   -46.5000     -11.547 0.3293   0.1000E+02  0.8789E-02 -0.1000E+02  0.0000E+00      -1  -0.943E-01   20.00  0.1344E+00  0.0000E+00
  95   -47.0000     -11.547 0.3293   0.1000E+02  0.8789E-02 -0.1000E+02  0.0000E+00      -1  -0.943E-01   20.00  0.1403E+00  0.0000E+00
  96   -47.5000     -11.547 0.3293   0.1000E+02  0.8789E-02 -0.1000E+02  0.0000E+00      -1  -0.943E-01   20.00  0.1463E+00  0.0000E+00
  97   -48.0000     -11.547 0.3293   0.1000E+02  0.8789E-02 -0.1000E+02  0.0000E+00      -1  -0.943E-01   20.00  0.1524E+00  0.0000E+00
  98   -48.5000     -11.547 0.3293   0.1000E+02  0.8789E-02 -0.1000E+02  0.0000E+00      -1  -0.943E-01   20.00  0.1586E+00  0.0000E+00
  99   -49.0000     -11.547 0.3293   0.1000E+02  0.8789E-02 -0.1000E+02  0.0000E+00      -1  -0.943E-01   20.00  0.1649E+00  0.0000E+00
 100   -49.5000     -11.547 0.3293   0.1000E+02  0.8789E-02 -0.1000E+02  0.0000E+00      -1  -0.943E-01   20.00  0.1712E+00  0.0000E+00
 101   -50.0000     -11.547 0.3293   0.1000E+02  0.8789E-02 -0.1000E+02  0.0000E+00      -1  -0.943E-01   20.00  0.1777E+00  0.0000E+00
 102   -50.5000     -11.547 0.3293   0.1000E+02  0.8789E-02 -0.1000E+02  0.0000E+00      -1  -0.943E-01   20.00  0.1842E+00  0.0000E+00
 103   -51.0000     -11.547 0.3293   0.1000E+02  0.8789E-02 -0.1000E+02  0.0000E+00      -1  -0.943E-01   20.00  0.1907E+00  0.0000E+00
 104   -51.5000     -11.547 0.3293   0.1000E+02  0.8789E-02 -0.1000E+02  0.0000E+00      -1  -0.943E-01   20.00  0.1973E+00  0.0000E+00
 105   -52.0000     -11.547 0.3293   0.1000E+02  0.8789E-02 -0.1000E+02  0.0000E+00      -1  -0.943E-01   20.00  0.2039E+00  0.0000E+00
 106   -52.5000     -11.547 0.3293   0.1000E+02  0.8789E-02 -0.1000E+02  0.0000E+00      -1  -0.943E-01   20.00  0.2106E+00  0.0000E+00
 107   -53.0000     -11.547 0.3293   0.1000E+02  0.8789E-02 -0.1000E+02  0.0000E+00      -1  -0.943E-01   20.00  0.2172E+00  0.0000E+00
 108   -53.5000     -11.547 0.3293   0.1000E+02  0.8789E-02 -0.1000E+02  0.0000E+00      -1  -0.943E-01   20.00  0.2237E+00  0.0000E+00
 109   -54.0000     -11.547 0.3293   0.1000E+02  0.8789E-02 -0.1000E+02  0.0000E+00      -1  -0.943E-01   20.00  0.2303E+00  0.0000E+00
 110   -54.5000     -11.547 0.3293   0.1000E+02  0.8789E-02 -0.1000E+02  0.0000E+00      -1  -0.943E-01   20.00  0.2367E+00  0.0000E+00
 111   -55.0000     -11.547 0.3293   0.1000E+02  0.8789E-02 -0.1000E+02  0.0000E+00      -1  -0.943E-01   20.00  0.2430E+00  0.0000E+00
 112   -55.5000     -11.547 0.3293   0.1000E+02  0.8789E-02 -0.1000E+02  0.0000E+00      -1  -0.943E-01   20.00  0.2492E+00  0.0000E+00
 113   -56.0000     -11.547 0.3293   0.1000E+02  0.8789E-02 -0.1000E+02  0.0000E+00      -1  -0.943E-01   20.00  0.2552E+00  0.0000E+00
 114   -56.5000     -11.547 0.3293   0.1000E+02  0.8789E-02 -0.1000E+02  0.0000E+00      -1  -0.943E-01   20.00  0.2609E+00  0.0000E+00
 115   -57.0000     -11.547 0.3293   0.1000E+02  0.8789E-02 -0.1000E+02  0.0000E+00      -1  -0.943E-01   20.00  0.2662E+00  0.0000E+00
 116   -57.5000     -11.547 0.3293   0.1000E+02  0.8789E-02 -0.1000E+02  0.0000E+00      -1  -0.943E-01   20.00  0.2711E+00  0.0000E+00
 117   -58.0000     -11.547 0.3293   0.1000E+02  0.8789E-02 -0.1000E+02  0.0000E+00      -1  -0.943E-01   20.00  0.2755E+00  0.0000E+00
 118   -58.5000     -11.547 0.3293   0.1000E+02  0.8789E-02 -0.1000E+02  0.0000E+00      -1  -0.943E-01   20.00  0.2791E+00  0.0000E+00
 119   -59.0000     -11.547 0.3293   0.1000E+02  0.8789E-02 -0.1000E+02  0.0000E+00      -1  -0.943E-01   20.00  0.2818E+00  0.0000E+00
 120   -59.5000     -11.547 0.3293   0.1000E+02  0.8789E-02 -0.1000E+02  0.0000E+00      -1  -0.943E-01   20.00  0.2833E+00  0.0000E+00
 121   -60.0000     -11.547 0.3293   0.1000E+02  0.8789E-02 -0.1000E+02  0.0000E+00      -1  -0.943E-01   20.00  0.2833E+00  0.0000E+00
end


 Time:        3.0000


 Node      Depth      Head Moisture       K          C         Flux        Sink         Kappa   v/KsTop   Temp   Conc(1..NS) Sorb(1...NS)
           [L]        [L]    [-]        [L/T]      [1/L]      [L/T]        [1/T]         [-]      [-]      [C]      [M/L*3]

   1     0.0000     -11.547 0.3293   0.1000E+02  0.8789E-02 -0.1000E+02  0.0000E+00      -1  -0.943E-01   20.00  0.1019E-05  0.0000E+00
   2    -0.5000     -11.547 0.3293   0.1000E+02  0.8789E-02 -0.1000E+02  0.0000E+00      -1  -0.943E-01   20.00  0.1298E-05  0.0000E+00
   3    -1.0000     -11.547 0.3293   0.1000E+02  0.8789E-02 -0.1000E+02  0.0000E+00      -1  -0.943E-01   20.00  0.1629E-05  0.0000E+00
   4    -1.5000     -11.547 0.3293   0.1000E+02  0.8789E-02 -0.1000E+02  0.0000E+00      -1  -0.943E-01   20.00  0.2022E-05  0.0000E+00
   5    -2.0000     -11.547 0.3293   0.1000E+02  0.8789E-02 -0.1000E+02  0.0000E+00      -1  -0.943E-01   20.00  0.2485E-05  0.0000E+00
   6    -2.5000     -11.547 0.3293   0.1000E+02  0.8789E-02 -0.1000E+02  0.0000E+00      -1  -0.943E-01   20.00  0.3030E-05  0.0000E+00
   7    -3.0000     -11.547 0.3293   0.1000E+02  0.8789E-02 -0.1000E+02  0.0000E+00      -1  -0.943E-01   20.00  0.3668E-05  0.0000E+00
   8    -3.5000     -11.547 0.3293   0.1000E+02  0.8789E-02 -0.1000E+02  0.0000E+00      -1  -0.943E-01   20.00  0.4414E-05  0.0000E+00
   9    -4.0000     -11.547 0.3293   0.1000E+02  0.8789E-02 -0.1000E+02  0.0000E+00      -1  -0.943E-01   20.00  0.5283E-05  0.0000E+00
  10    -4.5000     -11.547 0.3293   0.1000E+02  0.8789E-02 -0.1000E+02  0.0000E+00      -1  -0.943E-01   20.00  0.6292E-05  0.0000E+00
  11    -5.0000     -11.547 0.3293   0.1000E+02  0.8789E-02 -0.1000E+02  0.0000E+00      -1  -0.943E-01   20.00  0.7461E-05  0.0000E+00
  12    -5.5000     -11.547 0.3293   0.1000E+02  0.8789E-02 -0.1000E+02  0.0000E+00      -1  -0.943E-01   20.00  0.8812E-05  0.0000E+00
  13    -6.0000     -11.547 0.3293   0.1000E+02  0.8789E-02 -0.1000E+02  0.0000E+00      -1  -0.943E-01   20.00  0.1037E-04  0.0000E+00
  14    -6.5000     -11.547 0.3293   0.1000E+02  0.8789E-02 -0.1000E+02  0.0000E+00      -1  -0.943E-01   20.00  0.1216E-04  0.0000E+00
  15    -7.0000     -11.547 0.3293   0.1000E+02  0.8789E-02 -0.1000E+02  0.0000E+00      -1  -0.943E-01   20.00  0.1422E-04  0.0000E+00
  16    -7.5000     -11.547 0.3293   0.1000E+02  0.8789E-02 -0.1000E+02  0.0000E+00      -1  -0.943E-01   20.00  0.1658E-04  0.0000E+00
  17    -8.0000     -11.547 0.3293   0.1000E+02  0.8789E-02 -0.1000E+02  0.0000E+00      -1  -0.943E-01   20.00  0.1928E-04  0.0000E+00
  18    -8.5000     -11.547 0.3293   0.1000E+02  0.8789E-02 -0.1000E+02  0.0000E+00      -1  -0.943E-01   20.00  0.2237E-04  0.0000E+00
  19    -9.0000     -11.547 0.3293   0.1000E+02  0.8789E-02 -0.1000E+02  0.0000E+00      -1  -0.943E-01   20.00  0.2588E-04  0.0000E+00
  20    -9.5000     -11.547 0.3293   0.1000E+02  0.8789E-02 -0.1000E+02  0.0000E+00      -1  -0.943E-01   20.00  0.2988E-04  0.0000E+00
  21   -10.0000     -11.547 0.3293   0.1000E+02  0.8789E-02 -0.1000E+02  0.0000E+00      -1  -0.943E-01   20.00  0.3442E-04  0.0000E+00
  22   -10.5000     -11.547 0.3293   0.1000E+02  0.8789E-02 -0.1000E+02  0.0000E+00      -1  -0.943E-01   20.00  0.3957E-04  0.0000E+00
  23   -11.0000     -11.547 0.3293   0.1000E+02  0.8789E-02 -0.1000E+02  0.0000E+00      -1  -0.943E-01   20.00  0.4540E-04  0.0000E+00
  24   -11.5000     -11.547 0.3293   0.1000E+02  0.8789E-02 -0.1000E+02  0.0000E+00      -1  -0.943E-01   20.00  0.5199E-04  0.0000E+00
  25   -12.0000     -11.547 0.3293   0.1000E+02  0.8789E-02 -0.1000E+02  0.0000E+00      -1  -0.943E-01   20.00  0.5944E-04  0.0000E+00
  26   -12.5000     -11.547 0.3293   0.1000E+02  0.8789E-02 -0.1000E+02  0.0000E+00      -1  -0.943E-01   20.00  0.6782E-04  0.0000E+00
  27   -13.0000     -11.547 0.3293   0.1000E+02  0.8789E-02 -0.1000E+02  0.0000E+00      -1  -0.943E-01   20.00  0.7727E-04  0.0000E+00
  28   -13.5000     -11.547 0.3293   0.1000E+02  0.8789E-02 -0.1000E+02  0.0000E+00      -1  -0.943E-01   20.00  0.8788E-04  0.0000E+00
  29   -14.0000     -11.547 0.3293   0.1000E+02  0.8789E-02 -0.1000E+02  0.0000E+00      -1  -0.943E-01   20.00  0.9979E-04  0.0000E+00
  30   -14.5000     -11.547 0.3293   0.1000E+02  0.8789E-02 -0.1000E+02  0.0000E+00      -1  -0.943E-01   20.00  0.1131E-03  0.0000E+00
  31   -15.0000     -11.547 0.3293   0.1000E+02  0.8789E-02 -0.1000E+02  0.0000E+00      -1  -0.943E-01   20.00  0.1281E-03  0.0000E+00
  32   -15.5000     -11.547 0.3293   0.1000E+02  0.8789E-02 -0.1000E+02  0.0000E+00      -1  -0.943E-01   20.00  0.1448E-03  0.0000E+00
  33   -16.0000     -11.547 0.3293   0.1000E+02  0.8789E-02 -0.1000E+02  0.0000E+00      -1  -0.943E-01   20.00  0.1635E-03  0.0000E+00
  34   -16.5000     -11.547 0.3293   0.1000E+02  0.8789E-02 -0.1000E+02  0.0000E+00      -1  -0.943E-01   20.00  0.1843E-03  0.0000E+00
  35   -17.0000     -11.547 0.3293   0.1000E+02  0.8789E-02 -0.1000E+02  0.0000E+00      -1  -0.943E-01   20.00  0.2075E-03  0.0000E+00
  36   -17.5000     -11.547 0.3293   0.1000E+02  0.8789E-02 -0.1000E+02  0.0000E+00      -1  -0.943E-01   20.00  0.2332E-03  0.0000E+00
  37   -18.0000     -11.547 0.3293   0.1000E+02  0.8789E-02 -0.1000E+02  0.0000E+00      -1  -0.943E-01   20.00  0.2619E-03  0.0000E+00
  38   -18.5000     -11.547 0.3293   0.1000E+02  0.8789E-02 -0.1000E+02  0.0000E+00      -1  -0.943E-01   20.00  0.2937E-03  0.0000E+00
  39   -19.0000     -11.547 0.3293   0.1000E+02  0.8789E-02 -0.1000E+02  0.0000E+00      -1  -0.943E-01   20.00  0.3289E-03  0.0000E+00
  40   -19.5000     -11.547 0.3293   0.1000E+02  0.8789E-02 -0.1000E+02  0.0000E+00      -1  -0.943E-01   20.00  0.3679E-03  0.0000E+00
  41   -20.0000     -11.547 0.3293   0.1000E+02  0.8789E-02 -0.1000E+02  0.0000E+00      -1  -0.943E-01   20.00  0.4111E-03  0.0000E+00
  42   -20.5000     -11.547 0.3293   0.1000E+02  0.8789E-02 -0.1000E+02  0.0000E+00      -1  -0.943E-01   20.00  0.4587E-03  0.0000E+00
  43   -21.0000     -11.547 0.3293   0.1000E+02  0.8789E-02 -0.1000E+02  0.0000E+00      -1  -0.943E-01   20.00  0.5113E-03  0.0000E+00
  44   -21.5000     -11.547 0.3293   0.1000E+02  0.8789E-02 -0.1000E+02  0.0000E+00      -1  -0.943E-01   20.00  0.5693E-03  0.0000E+00
  45   -22.0000     -11.547 0.3293   0.1000E+02  0.8789E-02 -0.1000E+02  0.0000E+00      -1  -0.943E-01   20.00  0.6331E-03  0.0000E+00
  46   -22.5000     -11.547 0.3293   0.1000E+02  0.8789E-02 -0.1000E+02  0.0000E+00      -1  -0.943E-01   20.00  0.7033E-03  0.0000E+00
  47   -23.0000     -11.547 0.3293   0.1000E+02  0.8789E-02 -0.1000E+02  0.0000E+00      -1  -0.943E-01   20.00  0.7803E-03  0.0000E+00
  48   -23.5000     -11.547 0.3293   0.1000E+02  0.8789E-02 -0.1000E+02  0.0000E+00      -1  -0.943E-01   20.00  0.8649E-03  0.0000E+00
  49   -24.0000     -11.547 0.3293   0.1000E+02  0.8789E-02 -0.1000E+02  0.0000E+00      -1  -0.943E-01   20.00  0.9576E-03  0.0000E+00
  50   -24.5000     -11.547 0.3293   0.1000E+02  0.8789E-02 -0.1000E+02  0.0000E+00      -1  -0.943E-01   20.00  0.1059E-02  0.0000E+00
  51   -25.0000     -11.547 0.3293   0.1000E+02  0.8789E-02 -0.1000E+02  0.0000E+00      -1  -0.943E-01   20.00  0.1170E-02  0.0000E+00
  52   -25.5000     -11.547 0.3293   0.1000E+02  0.8789E-02 -0.1000E+02  0.0000E+00      -1  -0.943E-01   20.00  0.1291E-02  0.0000E+00
  53   -26.0000     -11.547 0.3293   0.1000E+02  0.8789E-02 -0.1000E+02  0.0000E+00      -1  -0.943E-01   20.00  0.1424E-02  0.0000E+00
  54   -26.5000     -11.547 0.3293   0.1000E+02  0.8789E-02 -0.1000E+02  0.0000E+00      -1  -0.943E-01   20.00  0.1568E-02  0.0000E+00
  55   -27.0000     -11.547 0.3293   0.1000E+02  0.8789E-02 -0.1000E+02  0.0000E+00      -1  -0.943E-01   20.00  0.1726E-02  0.0000E+00
  56   -27.5000     -11.547 0.3293   0.1000E+02  0.8789E-02 -0.1000E+02  0.0000E+00      -1  -0.943E-01   20.00  0.1897E-02  0.0000E+00
  57   -28.0000     -11.547 0.3293   0.1000E+02  0.8789E-02 -0.1000E+02  0.0000E+00      -1  -0.943E-01   20.00  0.2083E-02  0.0000E+00
  58   -28.5000     -11.547 0.3293   0.1000E+02  0.8789E-02 -0.1000E+02  0.0000E+00      -1  -0.943E-01   20.00  0.2284E-02  0.0000E+00
  59   -29.0000     -11.547 0.3293   0.1000E+02  0.8789E-02 -0.1000E+02  0.0000E+00      -1  -0.943E-01   20.00  0.2504E-02  0.0000E+00
  60   -29.5000     -11.547 0.3293   0.1000E+02  0.8789E-02 -0.1000E+02  0.0000E+00      -1  -0.943E-01   20.00  0.2741E-02  0.0000E+00
  61   -30.0000     -11.547 0.3293   0.1000E+02  0.8789E-02 -0.1000E+02  0.0000E+00      -1  -0.943E-01   20.00  0.2998E-02  0.0000E+00
  62   -30.5000     -11.547 0.3293   0.1000E+02  0.8789E-02 -0.1000E+02  0.0000E+00      -1  -0.943E-01   20.00  0.3276E-02  0.0000E+00
  63   -31.0000     -11.547 0.3293   0.1000E+02  0.8789E-02 -0.1000E+02  0.0000E+00      -1  -0.943E-01   20.00  0.3576E-02  0.0000E+00
  64   -31.5000     -11.547 0.3293   0.1000E+02  0.8789E-02 -0.1000E+02  0.0000E+00      -1  -0.943E-01   20.00  0.3900E-02  0.0000E+00
  65   -32.0000     -11.547 0.3293   0.1000E+02  0.8789E-02 -0.1000E+02  0.0000E+00      -1  -0.943E-01   20.00  0.4249E-02  0.0000E+00
  66   -32.5000     -11.547 0.3293   0.1000E+02  0.8789E-02 -0.1000E+02  0.0000E+00      -1  -0.943E-01   20.00  0.4625E-02  0.0000E+00
  67   -33.0000     -11.547 0.3293   0.1000E+02  0.8789E-02 -0.1000E+02  0.0000E+00      -1  -0.943E-01   20.00  0.5030E-02  0.0000E+00
  68   -33.5000     -11.547 0.3293   0.1000E+02  0.8789E-02 -0.1000E+02  0.0000E+00      -1  -0.943E-01   20.00  0.5465E-02  0.0000E+00
  69   -34.0000     -11.547 0.3293   0.1000E+02  0.8789E-02 -0.1000E+02  0.0000E+00      -1  -0.943E-01   20.00  0.5933E-02  0.0000E+00
  70   -34.5000     -11.547 0.3293   0.1000E+02  0.8789E-02 -0.1000E+02  0.0000E+00      -1  -0.943E-01   20.00  0.6434E-02  0.0000E+00
  71   -35.0000     -11.547 0.3293   0.1000E+02  0.8789E-02 -0.1000E+02  0.0000E+00      -1  -0.943E-01   20.00  0.6971E-02  0.0000E+00
  72   -35.5000     -11.547 0.3293   0.1000E+02  0.8789E-02 -0.1000E+02  0.0000E+00      -1  -0.943E-01   20.00  0.7547E-02  0.0000E+00
  73   -36.0000     -11.547 0.3293   0.1000E+02  0.8789E-02 -0.1000E+02  0.0000E+00      -1  -0.943E-01   20.00  0.8162E-02  0.0000E+00
  74   -36.5000     -11.547 0.3293   0.1000E+02  0.8789E-02 -0.1000E+02  0.0000E+00      -1  -0.943E-01   20.00  0.8820E-02  0.0000E+00
  75   -37.0000     -11.547 0.3293   0.1000E+02  0.8789E-02 -0.1000E+02  0.0000E+00      -1  -0.943E-01   20.00  0.9522E-02  0.0000E+00
  76   -37.5000     -11.547 0.3293   0.1000E+02  0.8789E-02 -0.1000E+02  0.0000E+00      -1  -0.943E-01   20.00  0.1027E-01  0.0000E+00
  77   -38.0000     -11.547 0.3293   0.1000E+02  0.8789E-02 -0.1000E+02  0.0000E+00      -1  -0.943E-01   20.00  0.1107E-01  0.0000E+00
  78   -38.5000     -11.547 0.3293   0.1000E+02  0.8789E-02 -0.1000E+02  0.0000E+00      -1  -0.943E-01   20.00  0.1192E-01  0.0000E+00
  79   -39.0000     -11.547 0.3293   0.1000E+02  0.8789E-02 -0.1000E+02  0.0000E+00      -1  -0.943E-01   20.00  0.1282E-01  0.0000E+00
  80   -39.5000     -11.547 0.3293   0.1000E+02  0.8789E-02 -0.1000E+02  0.0000E+00      -1  -0.943E-01   20.00  0.1378E-01  0.0000E+00
  81   -40.0000     -11.547 0.3293   0.1000E+02  0.8789E-02 -0.1000E+02  0.0000E+00      -1  -0.943E-01   20.00  0.1480E-01  0.0000E+00
  82   -40.5000     -11.547 0.3293   0.1000E+02  0.8789E-02 -0.1000E+02  0.0000E+00      -1  -0.943E-01   20.00  0.1588E-01  0.0000E+00
  83   -41.0000     -11.547 0.3293   0.1000E+02  0.8789E-02 -0.1000E+02  0.0000E+00      -1  -0.943E-01   20.00  0.1702E-01  0.0000E+00
  84   -41.5000     -11.547 0.3293   0.1000E+02  0.8789E-02 -0.1000E+02  0.0000E+00      -1  -0.943E-01   20.00  0.1823E-01  0.0000E+00
  85   -42.0000     -11.547 0.3293   0.1000E+02  0.8789E-02 -0.1000E+02  0.0000E+00      -1  -0.943E-01   20.00  0.1951E-01  0.0000E+00
  86   -42.5000     -11.547 0.3293   0.1000E+02  0.8789E-02 -0.1000E+02  0.0000E+00      -1  -0.943E-01   20.00  0.2086E-01  0.0000E+00
  87   -43.0000     -11.547 0.3293   0.1000E+02  0.8789E-02 -0.1000E+02  0.0000E+00      -1  -0.943E-01   20.00  0.2228E-01  0.0000E+00
  88   -43.5000     -11.547 0.3293   0.1000E+02  0.8789E-02 -0.1000E+02  0.0000E+00      -1  -0.943E-01   20.00  0.2378E-01  0.0000E+00
  89   -44.0000     -11.547 0.3293   0.1000E+02  0.8789E-02 -0.1000E+02  0.0000E+00      -1  -0.943E-01   20.00  0.2536E-01  0.0000E+00
  90   -44.5000     -11.547 0.3293   0.1000E+02  0.8789E-02 -0.1000E+02  0.0000E+00      -1  -0.943E-01   20.00  0.2702E-01  0.0000E+00
  91   -45.0000     -11.547 0.3293   0.1000E+02  0.8789E-02 -0.1000E+02  0.0000E+00      -1  -0.943E-01   20.00  0.2877E-01  0.0000E+00
  92   -45.5000     -11.547 0.3293   0.1000E+02  0.8789E-02 -0.1000E+02  0.0000E+00      -1  -0.943E-01   20.00  0.3060E-01  0.0000E+00
  93   -46.0000     -11.547 0.3293   0.1000E+02  0.8789E-02 -0.1000E+02  0.0000E+00      -1  -0.943E-01   20.00  0.3252E-01  0.0000E+00
  94   -46.5000     -11.547 0.3293   0.1000E+02  0.8789E-02 -0.1000E+02  0.0000E+00      -1  -0.943E-01   20.00  0.3454E-01  0.0000E+00
  95   -47.0000     -11.547 0.3293   0.1000E+02  0.8789E-02 -0.1000E+02  0.0000E+00      -1  -0.943E-01   20.00  0.3664E-01  0.0000E+00
  96   -47.5000     -11.547 0.3293   0.1000E+02  0.8789E-02 -0.1000E+02  0.0000E+00      -1  -0.943E-01   20.00  0.3884E-01  0.0000E+00
  97   -48.0000     -11.547 0.3293   0.1000E+02  0.8789E-02 -0.1000E+02  0.0000E+00      -1  -0.943E-01   20.00  0.4113E-01  0.0000E+00
  98   -48.5000     -11.547 0.3293   0.1000E+02  0.8789E-02 -0.1000E+02  0.0000E+00      -1  -0.943E-01   20.00  0.4353E-01  0.0000E+00
  99   -49.0000     -11.547 0.3293   0.1000E+02  0.8789E-02 -0.1000E+02  0.0000E+00      -1  -0.943E-01   20.00  0.4601E-01  0.0000E+00
 100   -49.5000     -11.547 0.3293   0.1000E+02  0.8789E-02 -0.1000E+02  0.0000E+00      -1  -0.943E-01   20.00  0.4860E-01  0.0000E+00
 101   -50.0000     -11.547 0.3293   0.1000E+02  0.8789E-02 -0.1000E+02  0.0000E+00      -1  -0.943E-01   20.00  0.5129E-01  0.0000E+00
 102   -50.5000     -11.547 0.3293   0.1000E+02  0.8789E-02 -0.1000E+02  0.0000E+00      -1  -0.943E-01   20.00  0.5407E-01  0.0000E+00
 103   -51.0000     -11.547 0.3293   0.1000E+02  0.8789E-02 -0.1000E+02  0.0000E+00      -1  -0.943E-01   20.00  0.5694E-01  0.0000E+00
 104   -51.5000     -11.547 0.3293   0.1000E+02  0.8789E-02 -0.1000E+02  0.0000E+00      -1  -0.943E-01   20.00  0.5991E-01  0.0000E+00
 105   -52.0000     -11.547 0.3293   0.1000E+02  0.8789E-02 -0.1000E+02  0.0000E+00      -1  -0.943E-01   20.00  0.6297E-01  0.0000E+00
 106   -52.5000     -11.547 0.3293   0.1000E+02  0.8789E-02 -0.1000E+02  0.0000E+00      -1  -0.943E-01   20.00  0.6610E-01  0.0000E+00
 107   -53.0000     -11.547 0.3293   0.1000E+02  0.8789E-02 -0.1000E+02  0.0000E+00      -1  -0.943E-01   20.00  0.6932E-01  0.0000E+00
 108   -53.5000     -11.547 0.3293   0.1000E+02  0.8789E-02 -0.1000E+02  0.0000E+00      -1  -0.943E-01   20.00  0.7259E-01  0.0000E+00
 109   -54.0000     -11.547 0.3293   0.1000E+02  0.8789E-02 -0.1000E+02  0.0000E+00      -1  -0.943E-01   20.00  0.7592E-01  0.0000E+00
 110   -54.5000     -11.547 0.3293   0.1000E+02  0.8789E-02 -0.1000E+02  0.0000E+00      -1  -0.943E-01   20.00  0.7929E-01  0.0000E+00
 111   -55.0000     -11.547 0.3293   0.1000E+02  0.8789E-02 -0.1000E+02  0.0000E+00      -1  -0.943E-01   20.00  0.8266E-01  0.0000E+00
 112   -55.5000     -11.547 0.3293   0.1000E+02  0.8789E-02 -0.1000E+02  0.0000E+00      -1  -0.943E-01   20.00  0.8603E-01  0.0000E+00
 113   -56.0000     -11.547 0.3293   0.1000E+02  0.8789E-02 -0.1000E+02  0.0000E+00      -1  -0.943E-01   20.00  0.8934E-01  0.0000E+00
 114   -56.5000     -11.547 0.3293   0.1000E+02  0.8789E-02 -0.1000E+02  0.0000E+00      -1  -0.943E-01   20.00  0.9257E-01  0.0000E+00
 115   -57.0000     -11.547 0.3293   0.1000E+02  0.8789E-02 -0.1000E+02  0.0000E+00      -1  -0.943E-01   20.00  0.9565E-01  0.0000E+00
 116   -57.5000     -11.547 0.3293   0.1000E+02  0.8789E-02 -0.1000E+02  0.0000E+00      -1  -0.943E-01   20.00  0.9851E-01  0.0000E+00
 117   -58.0000     -11.547 0.3293   0.1000E+02  0.8789E-02 -0.1000E+02  0.0000E+00      -1  -0.943E-01   20.00  0.1011E+00  0.0000E+00
 118   -58.5000     -11.547 0.3293   0.1000E+02  0.8789E-02 -0.1000E+02  0.0000E+00      -1  -0.943E-01   20.00  0.1032E+00  0.0000E+00
 119   -59.0000     -11.547 0.3293   0.1000E+02  0.8789E-02 -0.1000E+02  0.0000E+00      -1  -0.943E-01   20.00  0.1049E+00  0.0000E+00
 120   -59.5000     -11.547 0.3293   0.1000E+02  0.8789E-02 -0.1000E+02  0.0000E+00      -1  -0.943E-01   20.00  0.1058E+00  0.0000E+00
 121   -60.0000     -11.547 0.3293   0.1000E+02  0.8789E-02 -0.1000E+02  0.0000E+00      -1  -0.943E-01   20.00  0.1058E+00  0.0000E+00
end


 Time:        3.5000


 Node      Depth      Head Moisture       K          C         Flux        Sink         Kappa   v/KsTop   Temp   Conc(1..NS) Sorb(1...NS)
           [L]        [L]    [-]        [L/T]      [1/L]      [L/T]        [1/T]         [-]      [-]      [C]      [M/L*3]

   1     0.0000     -11.547 0.3293   0.1000E+02  0.8789E-02 -0.1000E+02  0.0000E+00      -1  -0.943E-01   20.00  0.1208E-06  0.0000E+00
   2    -0.5000     -11.547 0.3293   0.1000E+02  0.8789E-02 -0.1000E+02  0.0000E+00      -1  -0.943E-01   20.00  0.1539E-06  0.0000E+00
   3    -1.0000     -11.547 0.3293   0.1000E+02  0.8789E-02 -0.1000E+02  0.0000E+00      -1  -0.943E-01   20.00  0.1933E-06  0.0000E+00
   4    -1.5000     -11.547 0.3293   0.1000E+02  0.8789E-02 -0.1000E+02  0.0000E+00      -1  -0.943E-01   20.00  0.2400E-06  0.0000E+00
   5    -2.0000     -11.547 0.3293   0.1000E+02  0.8789E-02 -0.1000E+02  0.0000E+00      -1  -0.943E-01   20.00  0.2953E-06  0.0000E+00
   6    -2.5000     -11.547 0.3293   0.1000E+02  0.8789E-02 -0.1000E+02  0.0000E+00      -1  -0.943E-01   20.00  0.3604E-06  0.0000E+00
   7    -3.0000     -11.547 0.3293   0.1000E+02  0.8789E-02 -0.1000E+02  0.0000E+00      -1  -0.943E-01   20.00  0.4368E-06  0.0000E+00
   8    -3.5000     -11.547 0.3293   0.1000E+02  0.8789E-02 -0.1000E+02  0.0000E+00      -1  -0.943E-01   20.00  0.5263E-06  0.0000E+00
   9    -4.0000     -11.547 0.3293   0.1000E+02  0.8789E-02 -0.1000E+02  0.0000E+00      -1  -0.943E-01   20.00  0.6308E-06  0.0000E+00
  10    -4.5000     -11.547 0.3293   0.1000E+02  0.8789E-02 -0.1000E+02  0.0000E+00      -1  -0.943E-01   20.00  0.7525E-06  0.0000E+00
  11    -5.0000     -11.547 0.3293   0.1000E+02  0.8789E-02 -0.1000E+02  0.0000E+00      -1  -0.943E-01   20.00  0.8938E-06  0.0000E+00
  12    -5.5000     -11.547 0.3293   0.1000E+02  0.8789E-02 -0.1000E+02  0.0000E+00      -1  -0.943E-01   20.00  0.1058E-05  0.0000E+00
  13    -6.0000     -11.547 0.3293   0.1000E+02  0.8789E-02 -0.1000E+02  0.0000E+00      -1  -0.943E-01   20.00  0.1247E-05  0.0000E+00
  14    -6.5000     -11.547 0.3293   0.1000E+02  0.8789E-02 -0.1000E+02  0.0000E+00      -1  -0.943E-01   20.00  0.1466E-05  0.0000E+00
  15    -7.0000     -11.547 0.3293   0.1000E+02  0.8789E-02 -0.1000E+02  0.0000E+00      -1  -0.943E-01   20.00  0.1718E-05  0.0000E+00
  16    -7.5000     -11.547 0.3293   0.1000E+02  0.8789E-02 -0.1000E+02  0.0000E+00      -1  -0.943E-01   20.00  0.2008E-05  0.0000E+00
  17    -8.0000     -11.547 0.3293   0.1000E+02  0.8789E-02 -0.1000E+02  0.0000E+00      -1  -0.943E-01   20.00  0.2341E-05  0.0000E+00
  18    -8.5000     -11.547 0.3293   0.1000E+02  0.8789E-02 -0.1000E+02  0.0000E+00      -1  -0.943E-01   20.00  0.2722E-05  0.0000E+00
  19    -9.0000     -11.547 0.3293   0.1000E+02  0.8789E-02 -0.1000E+02  0.0000E+00      -1  -0.943E-01   20.00  0.3159E-05  0.0000E+00
  20    -9.5000     -11.547 0.3293   0.1000E+02  0.8789E-02 -0.1000E+02  0.0000E+00      -1  -0.943E-01   20.00  0.3657E-05  0.0000E+00
  21   -10.0000     -11.547 0.3293   0.1000E+02  0.8789E-02 -0.1000E+02  0.0000E+00      -1  -0.943E-01   20.00  0.4226E-05  0.0000E+00
  22   -10.5000     -11.547 0.3293   0.1000E+02  0.8789E-02 -0.1000E+02  0.0000E+00      -1  -0.943E-01   20.00  0.4873E-05  0.0000E+00
  23   -11.0000     -11.547 0.3293   0.1000E+02  0.8789E-02 -0.1000E+02  0.0000E+00      -1  -0.943E-01   20.00  0.5609E-05  0.0000E+00
  24   -11.5000     -11.547 0.3293   0.1000E+02  0.8789E-02 -0.1000E+02  0.0000E+00      -1  -0.943E-01   20.00  0.6445E-05  0.0000E+00
  25   -12.0000     -11.547 0.3293   0.1000E+02  0.8789E-02 -0.1000E+02  0.0000E+00      -1  -0.943E-01   20.00  0.7393E-05  0.0000E+00
  26   -12.5000     -11.547 0.3293   0.1000E+02  0.8789E-02 -0.1000E+02  0.0000E+00      -1  -0.943E-01   20.00  0.8467E-05  0.0000E+00
  27   -13.0000     -11.547 0.3293   0.1000E+02  0.8789E-02 -0.1000E+02  0.0000E+00      -1  -0.943E-01   20.00  0.9682E-05  0.0000E+00
  28   -13.5000     -11.547 0.3293   0.1000E+02  0.8789E-02 -0.1000E+02  0.0000E+00      -1  -0.943E-01   20.00  0.1105E-04  0.0000E+00
  29   -14.0000     -11.547 0.3293   0.1000E+02  0.8789E-02 -0.1000E+02  0.0000E+00      -1  -0.943E-01   20.00  0.1260E-04  0.0000E+00
  30   -14.5000     -11.547 0.3293   0.1000E+02  0.8789E-02 -0.1000E+02  0.0000E+00      -1  -0.943E-01   20.00  0.1435E-04  0.0000E+00
  31   -15.0000     -11.547 0.3293   0.1000E+02  0.8789E-02 -0.1000E+02  0.0000E+00      -1  -0.943E-01   20.00  0.1631E-04  0.0000E+00
  32   -15.5000     -11.547 0.3293   0.1000E+02  0.8789E-02 -0.1000E+02  0.0000E+00      -1  -0.943E-01   20.00  0.1852E-04  0.0000E+00
  33   -16.0000     -11.547 0.3293   0.1000E+02  0.8789E-02 -0.1000E+02  0.0000E+00      -1  -0.943E-01   20.00  0.2100E-04  0.0000E+00
  34   -16.5000     -11.547 0.3293   0.1000E+02  0.8789E-02 -0.1000E+02  0.0000E+00      -1  -0.943E-01   20.00  0.2378E-04  0.0000E+00
  35   -17.0000     -11.547 0.3293   0.1000E+02  0.8789E-02 -0.1000E+02  0.0000E+00      -1  -0.943E-01   20.00  0.2689E-04  0.0000E+00
  36   -17.5000     -11.547 0.3293   0.1000E+02  0.8789E-02 -0.1000E+02  0.0000E+00      -1  -0.943E-01   20.00  0.3038E-04  0.0000E+00
  37   -18.0000     -11.547 0.3293   0.1000E+02  0.8789E-02 -0.1000E+02  0.0000E+00      -1  -0.943E-01   20.00  0.3428E-04  0.0000E+00
  38   -18.5000     -11.547 0.3293   0.1000E+02  0.8789E-02 -0.1000E+02  0.0000E+00      -1  -0.943E-01   20.00  0.3863E-04  0.0000E+00
  39   -19.0000     -11.547 0.3293   0.1000E+02  0.8789E-02 -0.1000E+02  0.0000E+00      -1  -0.943E-01   20.00  0.4349E-04  0.0000E+00
  40   -19.5000     -11.547 0.3293   0.1000E+02  0.8789E-02 -0.1000E+02  0.0000E+00      -1  -0.943E-01   20.00  0.4891E-04  0.0000E+00
  41   -20.0000     -11.547 0.3293   0.1000E+02  0.8789E-02 -0.1000E+02  0.0000E+00      -1  -0.943E-01   20.00  0.5493E-04  0.0000E+00
  42   -20.5000     -11.547 0.3293   0.1000E+02  0.8789E-02 -0.1000E+02  0.0000E+00      -1  -0.943E-01   20.00  0.6164E-04  0.0000E+00
  43   -21.0000     -11.547 0.3293   0.1000E+02  0.8789E-02 -0.1000E+02  0.0000E+00      -1  -0.943E-01   20.00  0.6909E-04  0.0000E+00
  44   -21.5000     -11.547 0.3293   0.1000E+02  0.8789E-02 -0.1000E+02  0.0000E+00      -1  -0.943E-01   20.00  0.7737E-04  0.0000E+00
  45   -22.0000     -11.547 0.3293   0.1000E+02  0.8789E-02 -0.1000E+02  0.0000E+00      -1  -0.943E-01   20.00  0.8654E-04  0.0000E+00
  46   -22.5000     -11.547 0.3293   0.1000E+02  0.8789E-02 -0.1000E+02  0.0000E+00      -1  -0.943E-01   20.00  0.9670E-04  0.0000E+00
  47   -23.0000     -11.547 0.3293   0.1000E+02  0.8789E-02 -0.1000E+02  0.0000E+00      -1  -0.943E-01   20.00  0.1080E-03  0.0000E+00
  48   -23.5000     -11.547 0.3293   0.1000E+02  0.8789E-02 -0.1000E+02  0.0000E+00      -1  -0.943E-01   20.00  0.1204E-03  0.0000E+00
  49   -24.0000     -11.547 0.3293   0.1000E+02  0.8789E-02 -0.1000E+02  0.0000E+00      -1  -0.943E-01   20.00  0.1341E-03  0.0000E+00
  50   -24.5000     -11.547 0.3293   0.1000E+02  0.8789E-02 -0.1000E+02  0.0000E+00      -1  -0.943E-01   20.00  0.1493E-03  0.0000E+00
  51   -25.0000     -11.547 0.3293   0.1000E+02  0.8789E-02 -0.1000E+02  0.0000E+00      -1  -0.943E-01   20.00  0.1661E-03  0.0000E+00
  52   -25.5000     -11.547 0.3293   0.1000E+02  0.8789E-02 -0.1000E+02  0.0000E+00      -1  -0.943E-01   20.00  0.1845E-03  0.0000E+00
  53   -26.0000     -11.547 0.3293   0.1000E+02  0.8789E-02 -0.1000E+02  0.0000E+00      -1  -0.943E-01   20.00  0.2048E-03  0.0000E+00
  54   -26.5000     -11.547 0.3293   0.1000E+02  0.8789E-02 -0.1000E+02  0.0000E+00      -1  -0.943E-01   20.00  0.2271E-03  0.0000E+00
  55   -27.0000     -11.547 0.3293   0.1000E+02  0.8789E-02 -0.1000E+02  0.0000E+00      -1  -0.943E-01   20.00  0.2516E-03  0.0000E+00
  56   -27.5000     -11.547 0.3293   0.1000E+02  0.8789E-02 -0.1000E+02  0.0000E+00      -1  -0.943E-01   20.00  0.2785E-03  0.0000E+00
  57   -28.0000     -11.547 0.3293   0.1000E+02  0.8789E-02 -0.1000E+02  0.0000E+00      -1  -0.943E-01   20.00  0.3081E-03  0.0000E+00
  58   -28.5000     -11.547 0.3293   0.1000E+02  0.8789E-02 -0.1000E+02  0.0000E+00      -1  -0.943E-01   20.00  0.3404E-03  0.0000E+00
  59   -29.0000     -11.547 0.3293   0.1000E+02  0.8789E-02 -0.1000E+02  0.0000E+00      -1  -0.943E-01   20.00  0.3759E-03  0.0000E+00
  60   -29.5000     -11.547 0.3293   0.1000E+02  0.8789E-02 -0.1000E+02  0.0000E+00      -1  -0.943E-01   20.00  0.4146E-03  0.0000E+00
  61   -30.0000     -11.547 0.3293   0.1000E+02  0.8789E-02 -0.1000E+02  0.0000E+00      -1  -0.943E-01   20.00  0.4570E-03  0.0000E+00
  62   -30.5000     -11.547 0.3293   0.1000E+02  0.8789E-02 -0.1000E+02  0.0000E+00      -1  -0.943E-01   20.00  0.5033E-03  0.0000E+00
  63   -31.0000     -11.547 0.3293   0.1000E+02  0.8789E-02 -0.1000E+02  0.0000E+00      -1  -0.943E-01   20.00  0.5538E-03  0.0000E+00
  64   -31.5000     -11.547 0.3293   0.1000E+02  0.8789E-02 -0.1000E+02  0.0000E+00      -1  -0.943E-01   20.00  0.6088E-03  0.0000E+00
  65   -32.0000     -11.547 0.3293   0.1000E+02  0.8789E-02 -0.1000E+02  0.0000E+00      -1  -0.943E-01   20.00  0.6687E-03  0.0000E+00
  66   -32.5000     -11.547 0.3293   0.1000E+02  0.8789E-02 -0.1000E+02  0.0000E+00      -1  -0.943E-01   20.00  0.7340E-03  0.0000E+00
  67   -33.0000     -11.547 0.3293   0.1000E+02  0.8789E-02 -0.1000E+02  0.0000E+00      -1  -0.943E-01   20.00  0.8049E-03  0.0000E+00
  68   -33.5000     -11.547 0.3293   0.1000E+02  0.8789E-02 -0.1000E+02  0.0000E+00      -1  -0.943E-01   20.00  0.8820E-03  0.0000E+00
  69   -34.0000     -11.547 0.3293   0.1000E+02  0.8789E-02 -0.1000E+02  0.0000E+00      -1  -0.943E-01   20.00  0.9657E-03  0.0000E+00
  70   -34.5000     -11.547 0.3293   0.1000E+02  0.8789E-02 -0.1000E+02  0.0000E+00      -1  -0.943E-01   20.00  0.1056E-02  0.0000E+00
  71   -35.0000     -11.547 0.3293   0.1000E+02  0.8789E-02 -0.1000E+02  0.0000E+00      -1  -0.943E-01   20.00  0.1155E-02  0.0000E+00
  72   -35.5000     -11.547 0.3293   0.1000E+02  0.8789E-02 -0.1000E+02  0.0000E+00      -1  -0.943E-01   20.00  0.1261E-02  0.0000E+00
  73   -36.0000     -11.547 0.3293   0.1000E+02  0.8789E-02 -0.1000E+02  0.0000E+00      -1  -0.943E-01   20.00  0.1377E-02  0.0000E+00
  74   -36.5000     -11.547 0.3293   0.1000E+02  0.8789E-02 -0.1000E+02  0.0000E+00      -1  -0.943E-01   20.00  0.1501E-02  0.0000E+00
  75   -37.0000     -11.547 0.3293   0.1000E+02  0.8789E-02 -0.1000E+02  0.0000E+00      -1  -0.943E-01   20.00  0.1636E-02  0.0000E+00
  76   -37.5000     -11.547 0.3293   0.1000E+02  0.8789E-02 -0.1000E+02  0.0000E+00      -1  -0.943E-01   20.00  0.1781E-02  0.0000E+00
  77   -38.0000     -11.547 0.3293   0.1000E+02  0.8789E-02 -0.1000E+02  0.0000E+00      -1  -0.943E-01   20.00  0.1938E-02  0.0000E+00
  78   -38.5000     -11.547 0.3293   0.1000E+02  0.8789E-02 -0.1000E+02  0.0000E+00      -1  -0.943E-01   20.00  0.2106E-02  0.0000E+00
  79   -39.0000     -11.547 0.3293   0.1000E+02  0.8789E-02 -0.1000E+02  0.0000E+00      -1  -0.943E-01   20.00  0.2288E-02  0.0000E+00
  80   -39.5000     -11.547 0.3293   0.1000E+02  0.8789E-02 -0.1000E+02  0.0000E+00      -1  -0.943E-01   20.00  0.2484E-02  0.0000E+00
  81   -40.0000     -11.547 0.3293   0.1000E+02  0.8789E-02 -0.1000E+02  0.0000E+00      -1  -0.943E-01   20.00  0.2694E-02  0.0000E+00
  82   -40.5000     -11.547 0.3293   0.1000E+02  0.8789E-02 -0.1000E+02  0.0000E+00      -1  -0.943E-01   20.00  0.2919E-02  0.0000E+00
  83   -41.0000     -11.547 0.3293   0.1000E+02  0.8789E-02 -0.1000E+02  0.0000E+00      -1  -0.943E-01   20.00  0.3161E-02  0.0000E+00
  84   -41.5000     -11.547 0.3293   0.1000E+02  0.8789E-02 -0.1000E+02  0.0000E+00      -1  -0.943E-01   20.00  0.3421E-02  0.0000E+00
  85   -42.0000     -11.547 0.3293   0.1000E+02  0.8789E-02 -0.1000E+02  0.0000E+00      -1  -0.943E-01   20.00  0.3699E-02  0.0000E+00
  86   -42.5000     -11.547 0.3293   0.1000E+02  0.8789E-02 -0.1000E+02  0.0000E+00      -1  -0.943E-01   20.00  0.3996E-02  0.0000E+00
  87   -43.0000     -11.547 0.3293   0.1000E+02  0.8789E-02 -0.1000E+02  0.0000E+00      -1  -0.943E-01   20.00  0.4314E-02  0.0000E+00
  88   -43.5000     -11.547 0.3293   0.1000E+02  0.8789E-02 -0.1000E+02  0.0000E+00      -1  -0.943E-01   20.00  0.4654E-02  0.0000E+00
  89   -44.0000     -11.547 0.3293   0.1000E+02  0.8789E-02 -0.1000E+02  0.0000E+00      -1  -0.943E-01   20.00  0.5016E-02  0.0000E+00
  90   -44.5000     -11.547 0.3293   0.1000E+02  0.8789E-02 -0.1000E+02  0.0000E+00      -1  -0.943E-01   20.00  0.5403E-02  0.0000E+00
  91   -45.0000     -11.547 0.3293   0.1000E+02  0.8789E-02 -0.1000E+02  0.0000E+00      -1  -0.943E-01   20.00  0.5815E-02  0.0000E+00
  92   -45.5000     -11.547 0.3293   0.1000E+02  0.8789E-02 -0.1000E+02  0.0000E+00      -1  -0.943E-01   20.00  0.6253E-02  0.0000E+00
  93   -46.0000     -11.547 0.3293   0.1000E+02  0.8789E-02 -0.1000E+02  0.0000E+00      -1  -0.943E-01   20.00  0.6719E-02  0.0000E+00
  94   -46.5000     -11.547 0.3293   0.1000E+02  0.8789E-02 -0.1000E+02  0.0000E+00      -1  -0.943E-01   20.00  0.7214E-02  0.0000E+00
  95   -47.0000     -11.547 0.3293   0.1000E+02  0.8789E-02 -0.1000E+02  0.0000E+00      -1  -0.943E-01   20.00  0.7739E-02  0.0000E+00
  96   -47.5000     -11.547 0.3293   0.1000E+02  0.8789E-02 -0.1000E+02  0.0000E+00      -1  -0.943E-01   20.00  0.8295E-02  0.0000E+00
  97   -48.0000     -11.547 0.3293   0.1000E+02  0.8789E-02 -0.1000E+02  0.0000E+00      -1  -0.943E-01   20.00  0.8884E-02  0.0000E+00
  98   -48.5000     -11.547 0.3293   0.1000E+02  0.8789E-02 -0.1000E+02  0.0000E+00      -1  -0.943E-01   20.00  0.9506E-02  0.0000E+00
  99   -49.0000     -11.547 0.3293   0.1000E+02  0.8789E-02 -0.1000E+02  0.0000E+00      -1  -0.943E-01   20.00  0.1016E-01  0.0000E+00
 100   -49.5000     -11.547 0.3293   0.1000E+02  0.8789E-02 -0.1000E+02  0.0000E+00      -1  -0.943E-01   20.00  0.1086E-01  0.0000E+00
 101   -50.0000     -11.547 0.3293   0.1000E+02  0.8789E-02 -0.1000E+02  0.0000E+00      -1  -0.943E-01   20.00  0.1158E-01  0.0000E+00
 102   -50.5000     -11.547 0.3293   0.1000E+02  0.8789E-02 -0.1000E+02  0.0000E+00      -1  -0.943E-01   20.00  0.1235E-01  0.0000E+00
 103   -51.0000     -11.547 0.3293   0.1000E+02  0.8789E-02 -0.1000E+02  0.0000E+00      -1  -0.943E-01   20.00  0.1315E-01  0.0000E+00
 104   -51.5000     -11.547 0.3293   0.1000E+02  0.8789E-02 -0.1000E+02  0.0000E+00      -1  -0.943E-01   20.00  0.1399E-01  0.0000E+00
 105   -52.0000     -11.547 0.3293   0.1000E+02  0.8789E-02 -0.1000E+02  0.0000E+00      -1  -0.943E-01   20.00  0.1486E-01  0.0000E+00
 106   -52.5000     -11.547 0.3293   0.1000E+02  0.8789E-02 -0.1000E+02  0.0000E+00      -1  -0.943E-01   20.00  0.1577E-01  0.0000E+00
 107   -53.0000     -11.547 0.3293   0.1000E+02  0.8789E-02 -0.1000E+02  0.0000E+00      -1  -0.943E-01   20.00  0.1672E-01  0.0000E+00
 108   -53.5000     -11.547 0.3293   0.1000E+02  0.8789E-02 -0.1000E+02  0.0000E+00      -1  -0.943E-01   20.00  0.1769E-01  0.0000E+00
 109   -54.0000     -11.547 0.3293   0.1000E+02  0.8789E-02 -0.1000E+02  0.0000E+00      -1  -0.943E-01   20.00  0.1869E-01  0.0000E+00
 110   -54.5000     -11.547 0.3293   0.1000E+02  0.8789E-02 -0.1000E+02  0.0000E+00      -1  -0.943E-01   20.00  0.1971E-01  0.0000E+00
 111   -55.0000     -11.547 0.3293   0.1000E+02  0.8789E-02 -0.1000E+02  0.0000E+00      -1  -0.943E-01   20.00  0.2074E-01  0.0000E+00
 112   -55.5000     -11.547 0.3293   0.1000E+02  0.8789E-02 -0.1000E+02  0.0000E+00      -1  -0.943E-01   20.00  0.2178E-01  0.0000E+00
 113   -56.0000     -11.547 0.3293   0.1000E+02  0.8789E-02 -0.1000E+02  0.0000E+00      -1  -0.943E-01   20.00  0.2281E-01  0.0000E+00
 114   -56.5000     -11.547 0.3293   0.1000E+02  0.8789E-02 -0.1000E+02  0.0000E+00      -1  -0.943E-01   20.00  0.2383E-01  0.0000E+00
 115   -57.0000     -11.547 0.3293   0.1000E+02  0.8789E-02 -0.1000E+02  0.0000E+00      -1  -0.943E-01   20.00  0.2480E-01  0.0000E+00
 116   -57.5000     -11.547 0.3293   0.1000E+02  0.8789E-02 -0.1000E+02  0.0000E+00      -1  -0.943E-01   20.00  0.2571E-01  0.0000E+00
 117   -58.0000     -11.547 0.3293   0.1000E+02  0.8789E-02 -0.1000E+02  0.0000E+00      -1  -0.943E-01   20.00  0.2653E-01  0.0000E+00
 118   -58.5000     -11.547 0.3293   0.1000E+02  0.8789E-02 -0.1000E+02  0.0000E+00      -1  -0.943E-01   20.00  0.2723E-01  0.0000E+00
 119   -59.0000     -11.547 0.3293   0.1000E+02  0.8789E-02 -0.1000E+02  0.0000E+00      -1  -0.943E-01   20.00  0.2775E-01  0.0000E+00
 120   -59.5000     -11.547 0.3293   0.1000E+02  0.8789E-02 -0.1000E+02  0.0000E+00      -1  -0.943E-01   20.00  0.2804E-01  0.0000E+00
 121   -60.0000     -11.547 0.3293   0.1000E+02  0.8789E-02 -0.1000E+02  0.0000E+00      -1  -0.943E-01   20.00  0.2804E-01  0.0000E+00
end


 Time:        4.0000


 Node      Depth      Head Moisture       K          C         Flux        Sink         Kappa   v/KsTop   Temp   Conc(1..NS) Sorb(1...NS)
           [L]        [L]    [-]        [L/T]      [1/L]      [L/T]        [1/T]         [-]      [-]      [C]      [M/L*3]

   1     0.0000     -11.547 0.3293   0.1000E+02  0.8789E-02 -0.1000E+02  0.0000E+00      -1  -0.943E-01   20.00  0.1482E-07  0.0000E+00
   2    -0.5000     -11.547 0.3293   0.1000E+02  0.8789E-02 -0.1000E+02  0.0000E+00      -1  -0.943E-01   20.00  0.1887E-07  0.0000E+00
   3    -1.0000     -11.547 0.3293   0.1000E+02  0.8789E-02 -0.1000E+02  0.0000E+00      -1  -0.943E-01   20.00  0.2371E-07  0.0000E+00
   4    -1.5000     -11.547 0.3293   0.1000E+02  0.8789E-02 -0.1000E+02  0.0000E+00      -1  -0.943E-01   20.00  0.2946E-07  0.0000E+00
   5    -2.0000     -11.547 0.3293   0.1000E+02  0.8789E-02 -0.1000E+02  0.0000E+00      -1  -0.943E-01   20.00  0.3627E-07  0.0000E+00
   6    -2.5000     -11.547 0.3293   0.1000E+02  0.8789E-02 -0.1000E+02  0.0000E+00      -1  -0.943E-01   20.00  0.4429E-07  0.0000E+00
   7    -3.0000     -11.547 0.3293   0.1000E+02  0.8789E-02 -0.1000E+02  0.0000E+00      -1  -0.943E-01   20.00  0.5373E-07  0.0000E+00
   8    -3.5000     -11.547 0.3293   0.1000E+02  0.8789E-02 -0.1000E+02  0.0000E+00      -1  -0.943E-01   20.00  0.6480E-07  0.0000E+00
   9    -4.0000     -11.547 0.3293   0.1000E+02  0.8789E-02 -0.1000E+02  0.0000E+00      -1  -0.943E-01   20.00  0.7775E-07  0.0000E+00
  10    -4.5000     -11.547 0.3293   0.1000E+02  0.8789E-02 -0.1000E+02  0.0000E+00      -1  -0.943E-01   20.00  0.9285E-07  0.0000E+00
  11    -5.0000     -11.547 0.3293   0.1000E+02  0.8789E-02 -0.1000E+02  0.0000E+00      -1  -0.943E-01   20.00  0.1104E-06  0.0000E+00
  12    -5.5000     -11.547 0.3293   0.1000E+02  0.8789E-02 -0.1000E+02  0.0000E+00      -1  -0.943E-01   20.00  0.1309E-06  0.0000E+00
  13    -6.0000     -11.547 0.3293   0.1000E+02  0.8789E-02 -0.1000E+02  0.0000E+00      -1  -0.943E-01   20.00  0.1545E-06  0.0000E+00
  14    -6.5000     -11.547 0.3293   0.1000E+02  0.8789E-02 -0.1000E+02  0.0000E+00      -1  -0.943E-01   20.00  0.1819E-06  0.0000E+00
  15    -7.0000     -11.547 0.3293   0.1000E+02  0.8789E-02 -0.1000E+02  0.0000E+00      -1  -0.943E-01   20.00  0.2136E-06  0.0000E+00
  16    -7.5000     -11.547 0.3293   0.1000E+02  0.8789E-02 -0.1000E+02  0.0000E+00      -1  -0.943E-01   20.00  0.2501E-06  0.0000E+00
  17    -8.0000     -11.547 0.3293   0.1000E+02  0.8789E-02 -0.1000E+02  0.0000E+00      -1  -0.943E-01   20.00  0.2920E-06  0.0000E+00
  18    -8.5000     -11.547 0.3293   0.1000E+02  0.8789E-02 -0.1000E+02  0.0000E+00      -1  -0.943E-01   20.00  0.3403E-06  0.0000E+00
  19    -9.0000     -11.547 0.3293   0.1000E+02  0.8789E-02 -0.1000E+02  0.0000E+00      -1  -0.943E-01   20.00  0.3956E-06  0.0000E+00
  20    -9.5000     -11.547 0.3293   0.1000E+02  0.8789E-02 -0.1000E+02  0.0000E+00      -1  -0.943E-01   20.00  0.4590E-06  0.0000E+00
  21   -10.0000     -11.547 0.3293   0.1000E+02  0.8789E-02 -0.1000E+02  0.0000E+00      -1  -0.943E-01   20.00  0.5315E-06  0.0000E+00
  22   -10.5000     -11.547 0.3293   0.1000E+02  0.8789E-02 -0.1000E+02  0.0000E+00      -1  -0.943E-01   20.00  0.6144E-06  0.0000E+00
  23   -11.0000     -11.547 0.3293   0.1000E+02  0.8789E-02 -0.1000E+02  0.0000E+00      -1  -0.943E-01   20.00  0.7088E-06  0.0000E+00
  24   -11.5000     -11.547 0.3293   0.1000E+02  0.8789E-02 -0.1000E+02  0.0000E+00      -1  -0.943E-01   20.00  0.8165E-06  0.0000E+00
  25   -12.0000     -11.547 0.3293   0.1000E+02  0.8789E-02 -0.1000E+02  0.0000E+00      -1  -0.943E-01   20.00  0.9390E-06  0.0000E+00
  26   -12.5000     -11.547 0.3293   0.1000E+02  0.8789E-02 -0.1000E+02  0.0000E+00      -1  -0.943E-01   20.00  0.1078E-05  0.0000E+00
  27   -13.0000     -11.547 0.3293   0.1000E+02  0.8789E-02 -0.1000E+02  0.0000E+00      -1  -0.943E-01   20.00  0.1236E-05  0.0000E+00
  28   -13.5000     -11.547 0.3293   0.1000E+02  0.8789E-02 -0.1000E+02  0.0000E+00      -1  -0.943E-01   20.00  0.1415E-05  0.0000E+00
  29   -14.0000     -11.547 0.3293   0.1000E+02  0.8789E-02 -0.1000E+02  0.0000E+00      -1  -0.943E-01   20.00  0.1618E-05  0.0000E+00
  30   -14.5000     -11.547 0.3293   0.1000E+02  0.8789E-02 -0.1000E+02  0.0000E+00      -1  -0.943E-01   20.00  0.1848E-05  0.0000E+00
  31   -15.0000     -11.547 0.3293   0.1000E+02  0.8789E-02 -0.1000E+02  0.0000E+00      -1  -0.943E-01   20.00  0.2107E-05  0.0000E+00
  32   -15.5000     -11.547 0.3293   0.1000E+02  0.8789E-02 -0.1000E+02  0.0000E+00      -1  -0.943E-01   20.00  0.2400E-05  0.0000E+00
  33   -16.0000     -11.547 0.3293   0.1000E+02  0.8789E-02 -0.1000E+02  0.0000E+00      -1  -0.943E-01   20.00  0.2730E-05  0.0000E+00
  34   -16.5000     -11.547 0.3293   0.1000E+02  0.8789E-02 -0.1000E+02  0.0000E+00      -1  -0.943E-01   20.00  0.3102E-05  0.0000E+00
  35   -17.0000     -11.547 0.3293   0.1000E+02  0.8789E-02 -0.1000E+02  0.0000E+00      -1  -0.943E-01   20.00  0.3520E-05  0.0000E+00
  36   -17.5000     -11.547 0.3293   0.1000E+02  0.8789E-02 -0.1000E+02  0.0000E+00      -1  -0.943E-01   20.00  0.3991E-05  0.0000E+00
  37   -18.0000     -11.547 0.3293   0.1000E+02  0.8789E-02 -0.1000E+02  0.0000E+00      -1  -0.943E-01   20.00  0.4519E-05  0.0000E+00
  38   -18.5000     -11.547 0.3293   0.1000E+02  0.8789E-02 -0.1000E+02  0.0000E+00      -1  -0.943E-01   20.00  0.5112E-05  0.0000E+00
  39   -19.0000     -11.547 0.3293   0.1000E+02  0.8789E-02 -0.1000E+02  0.0000E+00      -1  -0.943E-01   20.00  0.5776E-05  0.0000E+00
  40   -19.5000     -11.547 0.3293   0.1000E+02  0.8789E-02 -0.1000E+02  0.0000E+00      -1  -0.943E-01   20.00  0.6520E-05  0.0000E+00
  41   -20.0000     -11.547 0.3293   0.1000E+02  0.8789E-02 -0.1000E+02  0.0000E+00      -1  -0.943E-01   20.00  0.7353E-05  0.0000E+00
  42   -20.5000     -11.547 0.3293   0.1000E+02  0.8789E-02 -0.1000E+02  0.0000E+00      -1  -0.943E-01   20.00  0.8284E-05  0.0000E+00
  43   -21.0000     -11.547 0.3293   0.1000E+02  0.8789E-02 -0.1000E+02  0.0000E+00      -1  -0.943E-01   20.00  0.9323E-05  0.0000E+00
  44   -21.5000     -11.547 0.3293   0.1000E+02  0.8789E-02 -0.1000E+02  0.0000E+00      -1  -0.943E-01   20.00  0.1048E-04  0.0000E+00
  45   -22.0000     -11.547 0.3293   0.1000E+02  0.8789E-02 -0.1000E+02  0.0000E+00      -1  -0.943E-01   20.00  0.1178E-04  0.0000E+00
  46   -22.5000     -11.547 0.3293   0.1000E+02  0.8789E-02 -0.1000E+02  0.0000E+00      -1  -0.943E-01   20.00  0.1322E-04  0.0000E+00
  47   -23.0000     -11.547 0.3293   0.1000E+02  0.8789E-02 -0.1000E+02  0.0000E+00      -1  -0.943E-01   20.00  0.1482E-04  0.0000E+00
  48   -23.5000     -11.547 0.3293   0.1000E+02  0.8789E-02 -0.1000E+02  0.0000E+00      -1  -0.943E-01   20.00  0.1660E-04  0.0000E+00
  49   -24.0000     -11.547 0.3293   0.1000E+02  0.8789E-02 -0.1000E+02  0.0000E+00      -1  -0.943E-01   20.00  0.1859E-04  0.0000E+00
  50   -24.5000     -11.547 0.3293   0.1000E+02  0.8789E-02 -0.1000E+02  0.0000E+00      -1  -0.942E-01   20.00  0.2078E-04  0.0000E+00
  51   -25.0000     -11.547 0.3293   0.1000E+02  0.8789E-02 -0.1000E+02  0.0000E+00      -1  -0.942E-01   20.00  0.2322E-04  0.0000E+00
  52   -25.5000     -11.547 0.3293   0.1000E+02  0.8789E-02 -0.1000E+02  0.0000E+00      -1  -0.942E-01   20.00  0.2593E-04  0.0000E+00
  53   -26.0000     -11.547 0.3293   0.1000E+02  0.8789E-02 -0.1000E+02  0.0000E+00      -1  -0.943E-01   20.00  0.2892E-04  0.0000E+00
  54   -26.5000     -11.547 0.3293   0.1000E+02  0.8789E-02 -0.1000E+02  0.0000E+00      -1  -0.943E-01   20.00  0.3224E-04  0.0000E+00
  55   -27.0000     -11.547 0.3293   0.1000E+02  0.8789E-02 -0.1000E+02  0.0000E+00      -1  -0.943E-01   20.00  0.3590E-04  0.0000E+00
  56   -27.5000     -11.547 0.3293   0.1000E+02  0.8789E-02 -0.1000E+02  0.0000E+00      -1  -0.942E-01   20.00  0.3995E-04  0.0000E+00
  57   -28.0000     -11.547 0.3293   0.1000E+02  0.8789E-02 -0.1000E+02  0.0000E+00      -1  -0.942E-01   20.00  0.4442E-04  0.0000E+00
  58   -28.5000     -11.547 0.3293   0.1000E+02  0.8789E-02 -0.1000E+02  0.0000E+00      -1  -0.943E-01   20.00  0.4935E-04  0.0000E+00
  59   -29.0000     -11.547 0.3293   0.1000E+02  0.8789E-02 -0.1000E+02  0.0000E+00      -1  -0.943E-01   20.00  0.5478E-04  0.0000E+00
  60   -29.5000     -11.547 0.3293   0.1000E+02  0.8789E-02 -0.1000E+02  0.0000E+00      -1  -0.943E-01   20.00  0.6077E-04  0.0000E+00
  61   -30.0000     -11.547 0.3293   0.1000E+02  0.8789E-02 -0.1000E+02  0.0000E+00      -1  -0.943E-01   20.00  0.6736E-04  0.0000E+00
  62   -30.5000     -11.547 0.3293   0.1000E+02  0.8789E-02 -0.1000E+02  0.0000E+00      -1  -0.943E-01   20.00  0.7460E-04  0.0000E+00
  63   -31.0000     -11.547 0.3293   0.1000E+02  0.8789E-02 -0.1000E+02  0.0000E+00      -1  -0.943E-01   20.00  0.8256E-04  0.0000E+00
  64   -31.5000     -11.547 0.3293   0.1000E+02  0.8789E-02 -0.1000E+02  0.0000E+00      -1  -0.943E-01   20.00  0.9130E-04  0.0000E+00
  65   -32.0000     -11.547 0.3293   0.1000E+02  0.8789E-02 -0.1000E+02  0.0000E+00      -1  -0.943E-01   20.00  0.1009E-03  0.0000E+00
  66   -32.5000     -11.547 0.3293   0.1000E+02  0.8789E-02 -0.1000E+02  0.0000E+00      -1  -0.943E-01   20.00  0.1114E-03  0.0000E+00
  67   -33.0000     -11.547 0.3293   0.1000E+02  0.8789E-02 -0.1000E+02  0.0000E+00      -1  -0.943E-01   20.00  0.1229E-03  0.0000E+00
  68   -33.5000     -11.547 0.3293   0.1000E+02  0.8789E-02 -0.1000E+02  0.0000E+00      -1  -0.943E-01   20.00  0.1355E-03  0.0000E+00
  69   -34.0000     -11.547 0.3293   0.1000E+02  0.8789E-02 -0.1000E+02  0.0000E+00      -1  -0.943E-01   20.00  0.1493E-03  0.0000E+00
  70   -34.5000     -11.547 0.3293   0.1000E+02  0.8789E-02 -0.1000E+02  0.0000E+00      -1  -0.943E-01   20.00  0.1644E-03  0.0000E+00
  71   -35.0000     -11.547 0.3293   0.1000E+02  0.8789E-02 -0.1000E+02  0.0000E+00      -1  -0.943E-01   20.00  0.1809E-03  0.0000E+00
  72   -35.5000     -11.547 0.3293   0.1000E+02  0.8789E-02 -0.1000E+02  0.0000E+00      -1  -0.943E-01   20.00  0.1988E-03  0.0000E+00
  73   -36.0000     -11.547 0.3293   0.1000E+02  0.8789E-02 -0.1000E+02  0.0000E+00      -1  -0.943E-01   20.00  0.2184E-03  0.0000E+00
  74   -36.5000     -11.547 0.3293   0.1000E+02  0.8789E-02 -0.1000E+02  0.0000E+00      -1  -0.943E-01   20.00  0.2398E-03  0.0000E+00
  75   -37.0000     -11.547 0.3293   0.1000E+02  0.8789E-02 -0.1000E+02  0.0000E+00      -1  -0.943E-01   20.00  0.2631E-03  0.0000E+00
  76   -37.5000     -11.547 0.3293   0.1000E+02  0.8789E-02 -0.1000E+02  0.0000E+00      -1  -0.943E-01   20.00  0.2884E-03  0.0000E+00
  77   -38.0000     -11.547 0.3293   0.1000E+02  0.8789E-02 -0.1000E+02  0.0000E+00      -1  -0.943E-01   20.00  0.3159E-03  0.0000E+00
  78   -38.5000     -11.547 0.3293   0.1000E+02  0.8789E-02 -0.1000E+02  0.0000E+00      -1  -0.943E-01   20.00  0.3459E-03  0.0000E+00
  79   -39.0000     -11.547 0.3293   0.1000E+02  0.8789E-02 -0.1000E+02  0.0000E+00      -1  -0.943E-01   20.00  0.3784E-03  0.0000E+00
  80   -39.5000     -11.547 0.3293   0.1000E+02  0.8789E-02 -0.1000E+02  0.0000E+00      -1  -0.943E-01   20.00  0.4136E-03  0.0000E+00
  81   -40.0000     -11.547 0.3293   0.1000E+02  0.8789E-02 -0.1000E+02  0.0000E+00      -1  -0.943E-01   20.00  0.4518E-03  0.0000E+00
  82   -40.5000     -11.547 0.3293   0.1000E+02  0.8789E-02 -0.1000E+02  0.0000E+00      -1  -0.943E-01   20.00  0.4932E-03  0.0000E+00
  83   -41.0000     -11.547 0.3293   0.1000E+02  0.8789E-02 -0.1000E+02  0.0000E+00      -1  -0.943E-01   20.00  0.5380E-03  0.0000E+00
  84   -41.5000     -11.547 0.3293   0.1000E+02  0.8789E-02 -0.1000E+02  0.0000E+00      -1  -0.943E-01   20.00  0.5865E-03  0.0000E+00
  85   -42.0000     -11.547 0.3293   0.1000E+02  0.8789E-02 -0.1000E+02  0.0000E+00      -1  -0.943E-01   20.00  0.6389E-03  0.0000E+00
  86   -42.5000     -11.547 0.3293   0.1000E+02  0.8789E-02 -0.1000E+02  0.0000E+00      -1  -0.943E-01   20.00  0.6955E-03  0.0000E+00
  87   -43.0000     -11.547 0.3293   0.1000E+02  0.8789E-02 -0.1000E+02  0.0000E+00      -1  -0.943E-01   20.00  0.7565E-03  0.0000E+00
  88   -43.5000     -11.547 0.3293   0.1000E+02  0.8789E-02 -0.1000E+02  0.0000E+00      -1  -0.943E-01   20.00  0.8223E-03  0.0000E+00
  89   -44.0000     -11.547 0.3293   0.1000E+02  0.8789E-02 -0.1000E+02  0.0000E+00      -1  -0.943E-01   20.00  0.8932E-03  0.0000E+00
  90   -44.5000     -11.547 0.3293   0.1000E+02  0.8789E-02 -0.1000E+02  0.0000E+00      -1  -0.943E-01   20.00  0.9694E-03  0.0000E+00
  91   -45.0000     -11.547 0.3293   0.1000E+02  0.8789E-02 -0.1000E+02  0.0000E+00      -1  -0.943E-01   20.00  0.1051E-02  0.0000E+00
  92   -45.5000     -11.547 0.3293   0.1000E+02  0.8789E-02 -0.1000E+02  0.0000E+00      -1  -0.943E-01   20.00  0.1140E-02  0.0000E+00
  93   -46.0000     -11.547 0.3293   0.1000E+02  0.8789E-02 -0.1000E+02  0.0000E+00      -1  -0.943E-01   20.00  0.1234E-02  0.0000E+00
  94   -46.5000     -11.547 0.3293   0.1000E+02  0.8789E-02 -0.1000E+02  0.0000E+00      -1  -0.943E-01   20.00  0.1335E-02  0.0000E+00
  95   -47.0000     -11.547 0.3293   0.1000E+02  0.8789E-02 -0.1000E+02  0.0000E+00      -1  -0.943E-01   20.00  0.1444E-02  0.0000E+00
  96   -47.5000     -11.547 0.3293   0.1000E+02  0.8789E-02 -0.1000E+02  0.0000E+00      -1  -0.943E-01   20.00  0.1560E-02  0.0000E+00
  97   -48.0000     -11.547 0.3293   0.1000E+02  0.8789E-02 -0.1000E+02  0.0000E+00      -1  -0.943E-01   20.00  0.1683E-02  0.0000E+00
  98   -48.5000     -11.547 0.3293   0.1000E+02  0.8789E-02 -0.1000E+02  0.0000E+00      -1  -0.943E-01   20.00  0.1815E-02  0.0000E+00
  99   -49.0000     -11.547 0.3293   0.1000E+02  0.8789E-02 -0.1000E+02  0.0000E+00      -1  -0.943E-01   20.00  0.1956E-02  0.0000E+00
 100   -49.5000     -11.547 0.3293   0.1000E+02  0.8789E-02 -0.1000E+02  0.0000E+00      -1  -0.943E-01   20.00  0.2105E-02  0.0000E+00
 101   -50.0000     -11.547 0.3293   0.1000E+02  0.8789E-02 -0.1000E+02  0.0000E+00      -1  -0.943E-01   20.00  0.2264E-02  0.0000E+00
 102   -50.5000     -11.547 0.3293   0.1000E+02  0.8789E-02 -0.1000E+02  0.0000E+00      -1  -0.943E-01   20.00  0.2432E-02  0.0000E+00
 103   -51.0000     -11.547 0.3293   0.1000E+02  0.8789E-02 -0.1000E+02  0.0000E+00      -1  -0.943E-01   20.00  0.2609E-02  0.0000E+00
 104   -51.5000     -11.547 0.3293   0.1000E+02  0.8789E-02 -0.1000E+02  0.0000E+00      -1  -0.943E-01   20.00  0.2796E-02  0.0000E+00
 105   -52.0000     -11.547 0.3293   0.1000E+02  0.8789E-02 -0.1000E+02  0.0000E+00      -1  -0.943E-01   20.00  0.2993E-02  0.0000E+00
 106   -52.5000     -11.547 0.3293   0.1000E+02  0.8789E-02 -0.1000E+02  0.0000E+00      -1  -0.943E-01   20.00  0.3199E-02  0.0000E+00
 107   -53.0000     -11.547 0.3293   0.1000E+02  0.8789E-02 -0.1000E+02  0.0000E+00      -1  -0.943E-01   20.00  0.3414E-02  0.0000E+00
 108   -53.5000     -11.547 0.3293   0.1000E+02  0.8789E-02 -0.1000E+02  0.0000E+00      -1  -0.943E-01   20.00  0.3637E-02  0.0000E+00
 109   -54.0000     -11.547 0.3293   0.1000E+02  0.8789E-02 -0.1000E+02  0.0000E+00      -1  -0.943E-01   20.00  0.3868E-02  0.0000E+00
 110   -54.5000     -11.547 0.3293   0.1000E+02  0.8789E-02 -0.1000E+02  0.0000E+00      -1  -0.943E-01   20.00  0.4105E-02  0.0000E+00
 111   -55.0000     -11.547 0.3293   0.1000E+02  0.8789E-02 -0.1000E+02  0.0000E+00      -1  -0.943E-01   20.00  0.4346E-02  0.0000E+00
 112   -55.5000     -11.547 0.3293   0.1000E+02  0.8789E-02 -0.1000E+02  0.0000E+00      -1  -0.943E-01   20.00  0.4591E-02  0.0000E+00
 113   -56.0000     -11.547 0.3293   0.1000E+02  0.8789E-02 -0.1000E+02  0.0000E+00      -1  -0.943E-01   20.00  0.4835E-02  0.0000E+00
 114   -56.5000     -11.547 0.3293   0.1000E+02  0.8789E-02 -0.1000E+02  0.0000E+00      -1  -0.943E-01   20.00  0.5075E-02  0.0000E+00
 115   -57.0000     -11.547 0.3293   0.1000E+02  0.8789E-02 -0.1000E+02  0.0000E+00      -1  -0.943E-01   20.00  0.5306E-02  0.0000E+00
 116   -57.5000     -11.547 0.3293   0.1000E+02  0.8789E-02 -0.1000E+02  0.0000E+00      -1  -0.943E-01   20.00  0.5523E-02  0.0000E+00
 117   -58.0000     -11.547 0.3293   0.1000E+02  0.8789E-02 -0.1000E+02  0.0000E+00      -1  -0.943E-01   20.00  0.5720E-02  0.0000E+00
 118   -58.5000     -11.547 0.3293   0.1000E+02  0.8789E-02 -0.1000E+02  0.0000E+00      -1  -0.943E-01   20.00  0.5886E-02  0.0000E+00
 119   -59.0000     -11.547 0.3293   0.1000E+02  0.8789E-02 -0.1000E+02  0.0000E+00      -1  -0.943E-01   20.00  0.6011E-02  0.0000E+00
 120   -59.5000     -11.547 0.3293   0.1000E+02  0.8789E-02 -0.1000E+02  0.0000E+00      -1  -0.943E-01   20.00  0.6082E-02  0.0000E+00
 121   -60.0000     -11.547 0.3293   0.1000E+02  0.8789E-02 -0.1000E+02  0.0000E+00      -1  -0.943E-01   20.00  0.6082E-02  0.0000E+00
end


 Time:        4.5000


 Node      Depth      Head Moisture       K          C         Flux        Sink         Kappa   v/KsTop   Temp   Conc(1..NS) Sorb(1...NS)
           [L]        [L]    [-]        [L/T]      [1/L]      [L/T]        [1/T]         [-]      [-]      [C]      [M/L*3]

   1     0.0000     -11.547 0.3293   0.1000E+02  0.8789E-02 -0.1000E+02  0.0000E+00      -1  -0.943E-01   20.00  0.1864E-08  0.0000E+00
   2    -0.5000     -11.547 0.3293   0.1000E+02  0.8789E-02 -0.1000E+02  0.0000E+00      -1  -0.943E-01   20.00  0.2374E-08  0.0000E+00
   3    -1.0000     -11.547 0.3293   0.1000E+02  0.8789E-02 -0.1000E+02  0.0000E+00      -1  -0.943E-01   20.00  0.2983E-08  0.0000E+00
   4    -1.5000     -11.547 0.3293   0.1000E+02  0.8789E-02 -0.1000E+02  0.0000E+00      -1  -0.943E-01   20.00  0.3708E-08  0.0000E+00
   5    -2.0000     -11.547 0.3293   0.1000E+02  0.8789E-02 -0.1000E+02  0.0000E+00      -1  -0.943E-01   20.00  0.4566E-08  0.0000E+00
   6    -2.5000     -11.547 0.3293   0.1000E+02  0.8789E-02 -0.1000E+02  0.0000E+00      -1  -0.943E-01   20.00  0.5579E-08  0.0000E+00
   7    -3.0000     -11.547 0.3293   0.1000E+02  0.8789E-02 -0.1000E+02  0.0000E+00      -1  -0.943E-01   20.00  0.6773E-08  0.0000E+00
   8    -3.5000     -11.547 0.3293   0.1000E+02  0.8789E-02 -0.1000E+02  0.0000E+00      -1  -0.943E-01   20.00  0.8174E-08  0.0000E+00
   9    -4.0000     -11.547 0.3293   0.1000E+02  0.8789E-02 -0.1000E+02  0.0000E+00      -1  -0.943E-01   20.00  0.9816E-08  0.0000E+00
  10    -4.5000     -11.547 0.3293   0.1000E+02  0.8789E-02 -0.1000E+02  0.0000E+00      -1  -0.943E-01   20.00  0.1173E-07  0.0000E+00
  11    -5.0000     -11.547 0.3293   0.1000E+02  0.8789E-02 -0.1000E+02  0.0000E+00      -1  -0.943E-01   20.00  0.1397E-07  0.0000E+00
  12    -5.5000     -11.547 0.3293   0.1000E+02  0.8789E-02 -0.1000E+02  0.0000E+00      -1  -0.943E-01   20.00  0.1657E-07  0.0000E+00
  13    -6.0000     -11.547 0.3293   0.1000E+02  0.8789E-02 -0.1000E+02  0.0000E+00      -1  -0.943E-01   20.00  0.1959E-07  0.0000E+00
  14    -6.5000     -11.547 0.3293   0.1000E+02  0.8789E-02 -0.1000E+02  0.0000E+00      -1  -0.943E-01   20.00  0.2309E-07  0.0000E+00
  15    -7.0000     -11.547 0.3293   0.1000E+02  0.8789E-02 -0.1000E+02  0.0000E+00      -1  -0.943E-01   20.00  0.2714E-07  0.0000E+00
  16    -7.5000     -11.547 0.3293   0.1000E+02  0.8789E-02 -0.1000E+02  0.0000E+00      -1  -0.943E-01   20.00  0.3182E-07  0.0000E+00
  17    -8.0000     -11.547 0.3293   0.1000E+02  0.8789E-02 -0.1000E+02  0.0000E+00      -1  -0.943E-01   20.00  0.3721E-07  0.0000E+00
  18    -8.5000     -11.547 0.3293   0.1000E+02  0.8789E-02 -0.1000E+02  0.0000E+00      -1  -0.943E-01   20.00  0.4343E-07  0.0000E+00
  19    -9.0000     -11.547 0.3293   0.1000E+02  0.8789E-02 -0.1000E+02  0.0000E+00      -1  -0.943E-01   20.00  0.5057E-07  0.0000E+00
  20    -9.5000     -11.547 0.3293   0.1000E+02  0.8789E-02 -0.1000E+02  0.0000E+00      -1  -0.943E-01   20.00  0.5876E-07  0.0000E+00
  21   -10.0000     -11.547 0.3293   0.1000E+02  0.8789E-02 -0.1000E+02  0.0000E+00      -1  -0.943E-01   20.00  0.6816E-07  0.0000E+00
  22   -10.5000     -11.547 0.3293   0.1000E+02  0.8789E-02 -0.1000E+02  0.0000E+00      -1  -0.943E-01   20.00  0.7892E-07  0.0000E+00
  23   -11.0000     -11.547 0.3293   0.1000E+02  0.8789E-02 -0.1000E+02  0.0000E+00      -1  -0.943E-01   20.00  0.9122E-07  0.0000E+00
  24   -11.5000     -11.547 0.3293   0.1000E+02  0.8789E-02 -0.1000E+02  0.0000E+00      -1  -0.943E-01   20.00  0.1053E-06  0.0000E+00
  25   -12.0000     -11.547 0.3293   0.1000E+02  0.8789E-02 -0.1000E+02  0.0000E+00      -1  -0.943E-01   20.00  0.1213E-06  0.0000E+00
  26   -12.5000     -11.547 0.3293   0.1000E+02  0.8789E-02 -0.1000E+02  0.0000E+00      -1  -0.943E-01   20.00  0.1396E-06  0.0000E+00
  27   -13.0000     -11.547 0.3293   0.1000E+02  0.8789E-02 -0.1000E+02  0.0000E+00      -1  -0.943E-01   20.00  0.1604E-06  0.0000E+00
  28   -13.5000     -11.547 0.3293   0.1000E+02  0.8789E-02 -0.1000E+02  0.0000E+00      -1  -0.943E-01   20.00  0.1840E-06  0.0000E+00
  29   -14.0000     -11.547 0.3293   0.1000E+02  0.8789E-02 -0.1000E+02  0.0000E+00      -1  -0.943E-01   20.00  0.2108E-06  0.0000E+00
  30   -14.5000     -11.547 0.3293   0.1000E+02  0.8789E-02 -0.1000E+02  0.0000E+00      -1  -0.943E-01   20.00  0.2413E-06  0.0000E+00
  31   -15.0000     -11.547 0.3293   0.1000E+02  0.8789E-02 -0.1000E+02  0.0000E+00      -1  -0.943E-01   20.00  0.2758E-06  0.0000E+00
  32   -15.5000     -11.547 0.3293   0.1000E+02  0.8789E-02 -0.1000E+02  0.0000E+00      -1  -0.943E-01   20.00  0.3149E-06  0.0000E+00
  33   -16.0000     -11.547 0.3293   0.1000E+02  0.8789E-02 -0.1000E+02  0.0000E+00      -1  -0.943E-01   20.00  0.3591E-06  0.0000E+00
  34   -16.5000     -11.547 0.3293   0.1000E+02  0.8789E-02 -0.1000E+02  0.0000E+00      -1  -0.943E-01   20.00  0.4090E-06  0.0000E+00
  35   -17.0000     -11.547 0.3293   0.1000E+02  0.8789E-02 -0.1000E+02  0.0000E+00      -1  -0.943E-01   20.00  0.4654E-06  0.0000E+00
  36   -17.5000     -11.547 0.3293   0.1000E+02  0.8789E-02 -0.1000E+02  0.0000E+00      -1  -0.943E-01   20.00  0.5290E-06  0.0000E+00
  37   -18.0000     -11.547 0.3293   0.1000E+02  0.8789E-02 -0.1000E+02  0.0000E+00      -1  -0.943E-01   20.00  0.6007E-06  0.0000E+00
  38   -18.5000     -11.547 0.3293   0.1000E+02  0.8789E-02 -0.1000E+02  0.0000E+00      -1  -0.943E-01   20.00  0.6814E-06  0.0000E+00
  39   -19.0000     -11.547 0.3293   0.1000E+02  0.8789E-02 -0.1000E+02  0.0000E+00      -1  -0.943E-01   20.00  0.7722E-06  0.0000E+00
  40   -19.5000     -11.547 0.3293   0.1000E+02  0.8789E-02 -0.1000E+02  0.0000E+00      -1  -0.943E-01   20.00  0.8742E-06  0.0000E+00
  41   -20.0000     -11.547 0.3293   0.1000E+02  0.8789E-02 -0.1000E+02  0.0000E+00      -1  -0.943E-01   20.00  0.9888E-06  0.0000E+00
  42   -20.5000     -11.547 0.3293   0.1000E+02  0.8789E-02 -0.1000E+02  0.0000E+00      -1  -0.943E-01   20.00  0.1117E-05  0.0000E+00
  43   -21.0000     -11.547 0.3293   0.1000E+02  0.8789E-02 -0.1000E+02  0.0000E+00      -1  -0.943E-01   20.00  0.1262E-05  0.0000E+00
  44   -21.5000     -11.547 0.3293   0.1000E+02  0.8789E-02 -0.1000E+02  0.0000E+00      -1  -0.943E-01   20.00  0.1423E-05  0.0000E+00
  45   -22.0000     -11.547 0.3293   0.1000E+02  0.8789E-02 -0.1000E+02  0.0000E+00      -1  -0.943E-01   20.00  0.1604E-05  0.0000E+00
  46   -22.5000     -11.547 0.3293   0.1000E+02  0.8789E-02 -0.1000E+02  0.0000E+00      -1  -0.943E-01   20.00  0.1806E-05  0.0000E+00
  47   -23.0000     -11.547 0.3293   0.1000E+02  0.8789E-02 -0.1000E+02  0.0000E+00      -1  -0.943E-01   20.00  0.2032E-05  0.0000E+00
  48   -23.5000     -11.547 0.3293   0.1000E+02  0.8789E-02 -0.1000E+02  0.0000E+00      -1  -0.943E-01   20.00  0.2284E-05  0.0000E+00
  49   -24.0000     -11.547 0.3293   0.1000E+02  0.8789E-02 -0.1000E+02  0.0000E+00      -1  -0.943E-01   20.00  0.2566E-05  0.0000E+00
  50   -24.5000     -11.547 0.3293   0.1000E+02  0.8789E-02 -0.1000E+02  0.0000E+00      -1  -0.943E-01   20.00  0.2880E-05  0.0000E+00
  51   -25.0000     -11.547 0.3293   0.1000E+02  0.8789E-02 -0.1000E+02  0.0000E+00      -1  -0.943E-01   20.00  0.3230E-05  0.0000E+00
  52   -25.5000     -11.547 0.3293   0.1000E+02  0.8789E-02 -0.1000E+02  0.0000E+00      -1  -0.943E-01   20.00  0.3619E-05  0.0000E+00
  53   -26.0000     -11.547 0.3293   0.1000E+02  0.8789E-02 -0.1000E+02  0.0000E+00      -1  -0.943E-01   20.00  0.4052E-05  0.0000E+00
  54   -26.5000     -11.547 0.3293   0.1000E+02  0.8789E-02 -0.1000E+02  0.0000E+00      -1  -0.943E-01   20.00  0.4534E-05  0.0000E+00
  55   -27.0000     -11.547 0.3293   0.1000E+02  0.8789E-02 -0.1000E+02  0.0000E+00      -1  -0.943E-01   20.00  0.5069E-05  0.0000E+00
  56   -27.5000     -11.547 0.3293   0.1000E+02  0.8789E-02 -0.1000E+02  0.0000E+00      -1  -0.943E-01   20.00  0.5663E-05  0.0000E+00
  57   -28.0000     -11.547 0.3293   0.1000E+02  0.8789E-02 -0.1000E+02  0.0000E+00      -1  -0.943E-01   20.00  0.6322E-05  0.0000E+00
  58   -28.5000     -11.547 0.3293   0.1000E+02  0.8789E-02 -0.1000E+02  0.0000E+00      -1  -0.943E-01   20.00  0.7052E-05  0.0000E+00
  59   -29.0000     -11.547 0.3293   0.1000E+02  0.8789E-02 -0.1000E+02  0.0000E+00      -1  -0.943E-01   20.00  0.7861E-05  0.0000E+00
  60   -29.5000     -11.547 0.3293   0.1000E+02  0.8789E-02 -0.1000E+02  0.0000E+00      -1  -0.943E-01   20.00  0.8757E-05  0.0000E+00
  61   -30.0000     -11.547 0.3293   0.1000E+02  0.8789E-02 -0.1000E+02  0.0000E+00      -1  -0.943E-01   20.00  0.9748E-05  0.0000E+00
  62   -30.5000     -11.547 0.3293   0.1000E+02  0.8789E-02 -0.1000E+02  0.0000E+00      -1  -0.943E-01   20.00  0.1084E-04  0.0000E+00
  63   -31.0000     -11.547 0.3293   0.1000E+02  0.8789E-02 -0.1000E+02  0.0000E+00      -1  -0.943E-01   20.00  0.1205E-04  0.0000E+00
  64   -31.5000     -11.547 0.3293   0.1000E+02  0.8789E-02 -0.1000E+02  0.0000E+00      -1  -0.943E-01   20.00  0.1339E-04  0.0000E+00
  65   -32.0000     -11.547 0.3293   0.1000E+02  0.8789E-02 -0.1000E+02  0.0000E+00      -1  -0.943E-01   20.00  0.1486E-04  0.0000E+00
  66   -32.5000     -11.547 0.3293   0.1000E+02  0.8789E-02 -0.1000E+02  0.0000E+00      -1  -0.943E-01   20.00  0.1649E-04  0.0000E+00
  67   -33.0000     -11.547 0.3293   0.1000E+02  0.8789E-02 -0.1000E+02  0.0000E+00      -1  -0.943E-01   20.00  0.1827E-04  0.0000E+00
  68   -33.5000     -11.547 0.3293   0.1000E+02  0.8789E-02 -0.1000E+02  0.0000E+00      -1  -0.943E-01   20.00  0.2024E-04  0.0000E+00
  69   -34.0000     -11.547 0.3293   0.1000E+02  0.8789E-02 -0.1000E+02  0.0000E+00      -1  -0.943E-01   20.00  0.2241E-04  0.0000E+00
  70   -34.5000     -11.547 0.3293   0.1000E+02  0.8789E-02 -0.1000E+02  0.0000E+00      -1  -0.943E-01   20.00  0.2479E-04  0.0000E+00
  71   -35.0000     -11.547 0.3293   0.1000E+02  0.8789E-02 -0.1000E+02  0.0000E+00      -1  -0.943E-01   20.00  0.2741E-04  0.0000E+00
  72   -35.5000     -11.547 0.3293   0.1000E+02  0.8789E-02 -0.1000E+02  0.0000E+00      -1  -0.943E-01   20.00  0.3028E-04  0.0000E+00
  73   -36.0000     -11.547 0.3293   0.1000E+02  0.8789E-02 -0.1000E+02  0.0000E+00      -1  -0.943E-01   20.00  0.3343E-04  0.0000E+00
  74   -36.5000     -11.547 0.3293   0.1000E+02  0.8789E-02 -0.1000E+02  0.0000E+00      -1  -0.943E-01   20.00  0.3689E-04  0.0000E+00
  75   -37.0000     -11.547 0.3293   0.1000E+02  0.8789E-02 -0.1000E+02  0.0000E+00      -1  -0.943E-01   20.00  0.4068E-04  0.0000E+00
  76   -37.5000     -11.547 0.3293   0.1000E+02  0.8789E-02 -0.1000E+02  0.0000E+00      -1  -0.943E-01   20.00  0.4482E-04  0.0000E+00
  77   -38.0000     -11.547 0.3293   0.1000E+02  0.8789E-02 -0.1000E+02  0.0000E+00      -1  -0.943E-01   20.00  0.4936E-04  0.0000E+00
  78   -38.5000     -11.547 0.3293   0.1000E+02  0.8789E-02 -0.1000E+02  0.0000E+00      -1  -0.943E-01   20.00  0.5431E-04  0.0000E+00
  79   -39.0000     -11.547 0.3293   0.1000E+02  0.8789E-02 -0.1000E+02  0.0000E+00      -1  -0.943E-01   20.00  0.5973E-04  0.0000E+00
  80   -39.5000     -11.547 0.3293   0.1000E+02  0.8789E-02 -0.1000E+02  0.0000E+00      -1  -0.943E-01   20.00  0.6564E-04  0.0000E+00
  81   -40.0000     -11.547 0.3293   0.1000E+02  0.8789E-02 -0.1000E+02  0.0000E+00      -1  -0.943E-01   20.00  0.7210E-04  0.0000E+00
  82   -40.5000     -11.547 0.3293   0.1000E+02  0.8789E-02 -0.1000E+02  0.0000E+00      -1  -0.943E-01   20.00  0.7913E-04  0.0000E+00
  83   -41.0000     -11.547 0.3293   0.1000E+02  0.8789E-02 -0.1000E+02  0.0000E+00      -1  -0.943E-01   20.00  0.8679E-04  0.0000E+00
  84   -41.5000     -11.547 0.3293   0.1000E+02  0.8789E-02 -0.1000E+02  0.0000E+00      -1  -0.943E-01   20.00  0.9513E-04  0.0000E+00
  85   -42.0000     -11.547 0.3293   0.1000E+02  0.8789E-02 -0.1000E+02  0.0000E+00      -1  -0.943E-01   20.00  0.1042E-03  0.0000E+00
  86   -42.5000     -11.547 0.3293   0.1000E+02  0.8789E-02 -0.1000E+02  0.0000E+00      -1  -0.943E-01   20.00  0.1141E-03  0.0000E+00
  87   -43.0000     -11.547 0.3293   0.1000E+02  0.8789E-02 -0.1000E+02  0.0000E+00      -1  -0.943E-01   20.00  0.1248E-03  0.0000E+00
  88   -43.5000     -11.547 0.3293   0.1000E+02  0.8789E-02 -0.1000E+02  0.0000E+00      -1  -0.943E-01   20.00  0.1364E-03  0.0000E+00
  89   -44.0000     -11.547 0.3293   0.1000E+02  0.8789E-02 -0.1000E+02  0.0000E+00      -1  -0.943E-01   20.00  0.1490E-03  0.0000E+00
  90   -44.5000     -11.547 0.3293   0.1000E+02  0.8789E-02 -0.1000E+02  0.0000E+00      -1  -0.943E-01   20.00  0.1626E-03  0.0000E+00
  91   -45.0000     -11.547 0.3293   0.1000E+02  0.8789E-02 -0.1000E+02  0.0000E+00      -1  -0.943E-01   20.00  0.1774E-03  0.0000E+00
  92   -45.5000     -11.547 0.3293   0.1000E+02  0.8789E-02 -0.1000E+02  0.0000E+00      -1  -0.943E-01   20.00  0.1933E-03  0.0000E+00
  93   -46.0000     -11.547 0.3293   0.1000E+02  0.8789E-02 -0.1000E+02  0.0000E+00      -1  -0.943E-01   20.00  0.2105E-03  0.0000E+00
  94   -46.5000     -11.547 0.3293   0.1000E+02  0.8789E-02 -0.1000E+02  0.0000E+00      -1  -0.943E-01   20.00  0.2291E-03  0.0000E+00
  95   -47.0000     -11.547 0.3293   0.1000E+02  0.8789E-02 -0.1000E+02  0.0000E+00      -1  -0.943E-01   20.00  0.2491E-03  0.0000E+00
  96   -47.5000     -11.547 0.3293   0.1000E+02  0.8789E-02 -0.1000E+02  0.0000E+00      -1  -0.943E-01   20.00  0.2706E-03  0.0000E+00
  97   -48.0000     -11.547 0.3293   0.1000E+02  0.8789E-02 -0.1000E+02  0.0000E+00      -1  -0.943E-01   20.00  0.2937E-03  0.0000E+00
  98   -48.5000     -11.547 0.3293   0.1000E+02  0.8789E-02 -0.1000E+02  0.0000E+00      -1  -0.943E-01   20.00  0.3185E-03  0.0000E+00
  99   -49.0000     -11.547 0.3293   0.1000E+02  0.8789E-02 -0.1000E+02  0.0000E+00      -1  -0.943E-01   20.00  0.3450E-03  0.0000E+00
 100   -49.5000     -11.547 0.3293   0.1000E+02  0.8789E-02 -0.1000E+02  0.0000E+00      -1  -0.943E-01   20.00  0.3734E-03  0.0000E+00
 101   -50.0000     -11.547 0.3293   0.1000E+02  0.8789E-02 -0.1000E+02  0.0000E+00      -1  -0.943E-01   20.00  0.4037E-03  0.0000E+00
 102   -50.5000     -11.547 0.3293   0.1000E+02  0.8789E-02 -0.1000E+02  0.0000E+00      -1  -0.943E-01   20.00  0.4360E-03  0.0000E+00
 103   -51.0000     -11.547 0.3293   0.1000E+02  0.8789E-02 -0.1000E+02  0.0000E+00      -1  -0.943E-01   20.00  0.4702E-03  0.0000E+00
 104   -51.5000     -11.547 0.3293   0.1000E+02  0.8789E-02 -0.1000E+02  0.0000E+00      -1  -0.943E-01   20.00  0.5065E-03  0.0000E+00
 105   -52.0000     -11.547 0.3293   0.1000E+02  0.8789E-02 -0.1000E+02  0.0000E+00      -1  -0.943E-01   20.00  0.5449E-03  0.0000E+00
 106   -52.5000     -11.547 0.3293   0.1000E+02  0.8789E-02 -0.1000E+02  0.0000E+00      -1  -0.943E-01   20.00  0.5852E-03  0.0000E+00
 107   -53.0000     -11.547 0.3293   0.1000E+02  0.8789E-02 -0.1000E+02  0.0000E+00      -1  -0.943E-01   20.00  0.6275E-03  0.0000E+00
 108   -53.5000     -11.547 0.3293   0.1000E+02  0.8789E-02 -0.1000E+02  0.0000E+00      -1  -0.943E-01   20.00  0.6716E-03  0.0000E+00
 109   -54.0000     -11.547 0.3293   0.1000E+02  0.8789E-02 -0.1000E+02  0.0000E+00      -1  -0.943E-01   20.00  0.7174E-03  0.0000E+00
 110   -54.5000     -11.547 0.3293   0.1000E+02  0.8789E-02 -0.1000E+02  0.0000E+00      -1  -0.943E-01   20.00  0.7646E-03  0.0000E+00
 111   -55.0000     -11.547 0.3293   0.1000E+02  0.8789E-02 -0.1000E+02  0.0000E+00      -1  -0.943E-01   20.00  0.8129E-03  0.0000E+00
 112   -55.5000     -11.547 0.3293   0.1000E+02  0.8789E-02 -0.1000E+02  0.0000E+00      -1  -0.943E-01   20.00  0.8619E-03  0.0000E+00
 113   -56.0000     -11.547 0.3293   0.1000E+02  0.8789E-02 -0.1000E+02  0.0000E+00      -1  -0.943E-01   20.00  0.9109E-03  0.0000E+00
 114   -56.5000     -11.547 0.3293   0.1000E+02  0.8789E-02 -0.1000E+02  0.0000E+00      -1  -0.943E-01   20.00  0.9593E-03  0.0000E+00
 115   -57.0000     -11.547 0.3293   0.1000E+02  0.8789E-02 -0.1000E+02  0.0000E+00      -1  -0.943E-01   20.00  0.1006E-02  0.0000E+00
 116   -57.5000     -11.547 0.3293   0.1000E+02  0.8789E-02 -0.1000E+02  0.0000E+00      -1  -0.943E-01   20.00  0.1050E-02  0.0000E+00
 117   -58.0000     -11.547 0.3293   0.1000E+02  0.8789E-02 -0.1000E+02  0.0000E+00      -1  -0.943E-01   20.00  0.1090E-02  0.0000E+00
 118   -58.5000     -11.547 0.3293   0.1000E+02  0.8789E-02 -0.1000E+02  0.0000E+00      -1  -0.943E-01   20.00  0.1124E-02  0.0000E+00
 119   -59.0000     -11.547 0.3293   0.1000E+02  0.8789E-02 -0.1000E+02  0.0000E+00      -1  -0.943E-01   20.00  0.1149E-02  0.0000E+00
 120   -59.5000     -11.547 0.3293   0.1000E+02  0.8789E-02 -0.1000E+02  0.0000E+00      -1  -0.943E-01   20.00  0.1163E-02  0.0000E+00
 121   -60.0000     -11.547 0.3293   0.1000E+02  0.8789E-02 -0.1000E+02  0.0000E+00      -1  -0.943E-01   20.00  0.1163E-02  0.0000E+00
end


 Time:        5.0000


 Node      Depth      Head Moisture       K          C         Flux        Sink         Kappa   v/KsTop   Temp   Conc(1..NS) Sorb(1...NS)
           [L]        [L]    [-]        [L/T]      [1/L]      [L/T]        [1/T]         [-]      [-]      [C]      [M/L*3]

   1     0.0000     -11.547 0.3293   0.1000E+02  0.8789E-02 -0.1000E+02  0.0000E+00      -1  -0.943E-01   20.00  0.2390E-09  0.0000E+00
   2    -0.5000     -11.547 0.3293   0.1000E+02  0.8789E-02 -0.1000E+02  0.0000E+00      -1  -0.943E-01   20.00  0.3045E-09  0.0000E+00
   3    -1.0000     -11.547 0.3293   0.1000E+02  0.8789E-02 -0.1000E+02  0.0000E+00      -1  -0.943E-01   20.00  0.3827E-09  0.0000E+00
   4    -1.5000     -11.547 0.3293   0.1000E+02  0.8789E-02 -0.1000E+02  0.0000E+00      -1  -0.943E-01   20.00  0.4758E-09  0.0000E+00
   5    -2.0000     -11.547 0.3293   0.1000E+02  0.8789E-02 -0.1000E+02  0.0000E+00      -1  -0.943E-01   20.00  0.5861E-09  0.0000E+00
   6    -2.5000     -11.547 0.3293   0.1000E+02  0.8789E-02 -0.1000E+02  0.0000E+00      -1  -0.943E-01   20.00  0.7166E-09  0.0000E+00
   7    -3.0000     -11.547 0.3293   0.1000E+02  0.8789E-02 -0.1000E+02  0.0000E+00      -1  -0.943E-01   20.00  0.8703E-09  0.0000E+00
   8    -3.5000     -11.547 0.3293   0.1000E+02  0.8789E-02 -0.1000E+02  0.0000E+00      -1  -0.943E-01   20.00  0.1051E-08  0.0000E+00
   9    -4.0000     -11.547 0.3293   0.1000E+02  0.8789E-02 -0.1000E+02  0.0000E+00      -1  -0.943E-01   20.00  0.1263E-08  0.0000E+00
  10    -4.5000     -11.547 0.3293   0.1000E+02  0.8789E-02 -0.1000E+02  0.0000E+00      -1  -0.943E-01   20.00  0.1511E-08  0.0000E+00
  11    -5.0000     -11.547 0.3293   0.1000E+02  0.8789E-02 -0.1000E+02  0.0000E+00      -1  -0.943E-01   20.00  0.1800E-08  0.0000E+00
  12    -5.5000     -11.547 0.3293   0.1000E+02  0.8789E-02 -0.1000E+02  0.0000E+00      -1  -0.943E-01   20.00  0.2137E-08  0.0000E+00
  13    -6.0000     -11.547 0.3293   0.1000E+02  0.8789E-02 -0.1000E+02  0.0000E+00      -1  -0.943E-01   20.00  0.2529E-08  0.0000E+00
  14    -6.5000     -11.547 0.3293   0.1000E+02  0.8789E-02 -0.1000E+02  0.0000E+00      -1  -0.943E-01   20.00  0.2983E-08  0.0000E+00
  15    -7.0000     -11.547 0.3293   0.1000E+02  0.8789E-02 -0.1000E+02  0.0000E+00      -1  -0.943E-01   20.00  0.3510E-08  0.0000E+00
  16    -7.5000     -11.547 0.3293   0.1000E+02  0.8789E-02 -0.1000E+02  0.0000E+00      -1  -0.943E-01   20.00  0.4120E-08  0.0000E+00
  17    -8.0000     -11.547 0.3293   0.1000E+02  0.8789E-02 -0.1000E+02  0.0000E+00      -1  -0.943E-01   20.00  0.4823E-08  0.0000E+00
  18    -8.5000     -11.547 0.3293   0.1000E+02  0.8789E-02 -0.1000E+02  0.0000E+00      -1  -0.943E-01   20.00  0.5635E-08  0.0000E+00
  19    -9.0000     -11.547 0.3293   0.1000E+02  0.8789E-02 -0.1000E+02  0.0000E+00      -1  -0.943E-01   20.00  0.6569E-08  0.0000E+00
  20    -9.5000     -11.547 0.3293   0.1000E+02  0.8789E-02 -0.1000E+02  0.0000E+00      -1  -0.943E-01   20.00  0.7644E-08  0.0000E+00
  21   -10.0000     -11.547 0.3293   0.1000E+02  0.8789E-02 -0.1000E+02  0.0000E+00      -1  -0.943E-01   20.00  0.8878E-08  0.0000E+00
  22   -10.5000     -11.547 0.3293   0.1000E+02  0.8789E-02 -0.1000E+02  0.0000E+00      -1  -0.943E-01   20.00  0.1029E-07  0.0000E+00
  23   -11.0000     -11.547 0.3293   0.1000E+02  0.8789E-02 -0.1000E+02  0.0000E+00      -1  -0.943E-01   20.00  0.1192E-07  0.0000E+00
  24   -11.5000     -11.547 0.3293   0.1000E+02  0.8789E-02 -0.1000E+02  0.0000E+00      -1  -0.943E-01   20.00  0.1377E-07  0.0000E+00
  25   -12.0000     -11.547 0.3293   0.1000E+02  0.8789E-02 -0.1000E+02  0.0000E+00      -1  -0.943E-01   20.00  0.1589E-07  0.0000E+00
  26   -12.5000     -11.547 0.3293   0.1000E+02  0.8789E-02 -0.1000E+02  0.0000E+00      -1  -0.943E-01   20.00  0.1831E-07  0.0000E+00
  27   -13.0000     -11.547 0.3293   0.1000E+02  0.8789E-02 -0.1000E+02  0.0000E+00      -1  -0.943E-01   20.00  0.2108E-07  0.0000E+00
  28   -13.5000     -11.547 0.3293   0.1000E+02  0.8789E-02 -0.1000E+02  0.0000E+00      -1  -0.943E-01   20.00  0.2422E-07  0.0000E+00
  29   -14.0000     -11.547 0.3293   0.1000E+02  0.8789E-02 -0.1000E+02  0.0000E+00      -1  -0.943E-01   20.00  0.2781E-07  0.0000E+00
  30   -14.5000     -11.547 0.3293   0.1000E+02  0.8789E-02 -0.1000E+02  0.0000E+00      -1  -0.943E-01   20.00  0.3188E-07  0.0000E+00
  31   -15.0000     -11.547 0.3293   0.1000E+02  0.8789E-02 -0.1000E+02  0.0000E+00      -1  -0.943E-01   20.00  0.3651E-07  0.0000E+00
  32   -15.5000     -11.547 0.3293   0.1000E+02  0.8789E-02 -0.1000E+02  0.0000E+00      -1  -0.943E-01   20.00  0.4176E-07  0.0000E+00
  33   -16.0000     -11.547 0.3293   0.1000E+02  0.8789E-02 -0.1000E+02  0.0000E+00      -1  -0.943E-01   20.00  0.4771E-07  0.0000E+00
  34   -16.5000     -11.547 0.3293   0.1000E+02  0.8789E-02 -0.1000E+02  0.0000E+00      -1  -0.943E-01   20.00  0.5446E-07  0.0000E+00
  35   -17.0000     -11.547 0.3293   0.1000E+02  0.8789E-02 -0.1000E+02  0.0000E+00      -1  -0.943E-01   20.00  0.6209E-07  0.0000E+00
  36   -17.5000     -11.547 0.3293   0.1000E+02  0.8789E-02 -0.1000E+02  0.0000E+00      -1  -0.943E-01   20.00  0.7073E-07  0.0000E+00
  37   -18.0000     -11.547 0.3293   0.1000E+02  0.8789E-02 -0.1000E+02  0.0000E+00      -1  -0.943E-01   20.00  0.8049E-07  0.0000E+00
  38   -18.5000     -11.547 0.3293   0.1000E+02  0.8789E-02 -0.1000E+02  0.0000E+00      -1  -0.943E-01   20.00  0.9150E-07  0.0000E+00
  39   -19.0000     -11.547 0.3293   0.1000E+02  0.8789E-02 -0.1000E+02  0.0000E+00      -1  -0.943E-01   20.00  0.1039E-06  0.0000E+00
  40   -19.5000     -11.547 0.3293   0.1000E+02  0.8789E-02 -0.1000E+02  0.0000E+00      -1  -0.943E-01   20.00  0.1179E-06  0.0000E+00
  41   -20.0000     -11.547 0.3293   0.1000E+02  0.8789E-02 -0.1000E+02  0.0000E+00      -1  -0.943E-01   20.00  0.1337E-06  0.0000E+00
  42   -20.5000     -11.547 0.3293   0.1000E+02  0.8789E-02 -0.1000E+02  0.0000E+00      -1  -0.943E-01   20.00  0.1515E-06  0.0000E+00
  43   -21.0000     -11.547 0.3293   0.1000E+02  0.8789E-02 -0.1000E+02  0.0000E+00      -1  -0.943E-01   20.00  0.1714E-06  0.0000E+00
  44   -21.5000     -11.547 0.3293   0.1000E+02  0.8789E-02 -0.1000E+02  0.0000E+00      -1  -0.943E-01   20.00  0.1938E-06  0.0000E+00
  45   -22.0000     -11.547 0.3293   0.1000E+02  0.8789E-02 -0.1000E+02  0.0000E+00      -1  -0.943E-01   20.00  0.2190E-06  0.0000E+00
  46   -22.5000     -11.547 0.3293   0.1000E+02  0.8789E-02 -0.1000E+02  0.0000E+00      -1  -0.943E-01   20.00  0.2473E-06  0.0000E+00
  47   -23.0000     -11.547 0.3293   0.1000E+02  0.8789E-02 -0.1000E+02  0.0000E+00      -1  -0.943E-01   20.00  0.2790E-06  0.0000E+00
  48   -23.5000     -11.547 0.3293   0.1000E+02  0.8789E-02 -0.1000E+02  0.0000E+00      -1  -0.943E-01   20.00  0.3145E-06  0.0000E+00
  49   -24.0000     -11.547 0.3293   0.1000E+02  0.8789E-02 -0.1000E+02  0.0000E+00      -1  -0.943E-01   20.00  0.3542E-06  0.0000E+00
  50   -24.5000     -11.547 0.3293   0.1000E+02  0.8789E-02 -0.1000E+02  0.0000E+00      -1  -0.943E-01   20.00  0.3987E-06  0.0000E+00
  51   -25.0000     -11.547 0.3293   0.1000E+02  0.8789E-02 -0.1000E+02  0.0000E+00      -1  -0.943E-01   20.00  0.4484E-06  0.0000E+00
  52   -25.5000     -11.547 0.3293   0.1000E+02  0.8789E-02 -0.1000E+02  0.0000E+00      -1  -0.943E-01   20.00  0.5039E-06  0.0000E+00
  53   -26.0000     -11.547 0.3293   0.1000E+02  0.8789E-02 -0.1000E+02  0.0000E+00      -1  -0.943E-01   20.00  0.5659E-06  0.0000E+00
  54   -26.5000     -11.547 0.3293   0.1000E+02  0.8789E-02 -0.1000E+02  0.0000E+00      -1  -0.943E-01   20.00  0.6351E-06  0.0000E+00
  55   -27.0000     -11.547 0.3293   0.1000E+02  0.8789E-02 -0.1000E+02  0.0000E+00      -1  -0.943E-01   20.00  0.7122E-06  0.0000E+00
  56   -27.5000     -11.547 0.3293   0.1000E+02  0.8789E-02 -0.1000E+02  0.0000E+00      -1  -0.943E-01   20.00  0.7981E-06  0.0000E+00
  57   -28.0000     -11.547 0.3293   0.1000E+02  0.8789E-02 -0.1000E+02  0.0000E+00      -1  -0.943E-01   20.00  0.8938E-06  0.0000E+00
  58   -28.5000     -11.547 0.3293   0.1000E+02  0.8789E-02 -0.1000E+02  0.0000E+00      -1  -0.943E-01   20.00  0.1000E-05  0.0000E+00
  59   -29.0000     -11.547 0.3293   0.1000E+02  0.8789E-02 -0.1000E+02  0.0000E+00      -1  -0.943E-01   20.00  0.1119E-05  0.0000E+00
  60   -29.5000     -11.547 0.3293   0.1000E+02  0.8789E-02 -0.1000E+02  0.0000E+00      -1  -0.943E-01   20.00  0.1250E-05  0.0000E+00
  61   -30.0000     -11.547 0.3293   0.1000E+02  0.8789E-02 -0.1000E+02  0.0000E+00      -1  -0.943E-01   20.00  0.1396E-05  0.0000E+00
  62   -30.5000     -11.547 0.3293   0.1000E+02  0.8789E-02 -0.1000E+02  0.0000E+00      -1  -0.943E-01   20.00  0.1558E-05  0.0000E+00
  63   -31.0000     -11.547 0.3293   0.1000E+02  0.8789E-02 -0.1000E+02  0.0000E+00      -1  -0.943E-01   20.00  0.1738E-05  0.0000E+00
  64   -31.5000     -11.547 0.3293   0.1000E+02  0.8789E-02 -0.1000E+02  0.0000E+00      -1  -0.943E-01   20.00  0.1938E-05  0.0000E+00
  65   -32.0000     -11.547 0.3293   0.1000E+02  0.8789E-02 -0.1000E+02  0.0000E+00      -1  -0.943E-01   20.00  0.2158E-05  0.0000E+00
  66   -32.5000     -11.547 0.3293   0.1000E+02  0.8789E-02 -0.1000E+02  0.0000E+00      -1  -0.943E-01   20.00  0.2403E-05  0.0000E+00
  67   -33.0000     -11.547 0.3293   0.1000E+02  0.8789E-02 -0.1000E+02  0.0000E+00      -1  -0.943E-01   20.00  0.2673E-05  0.0000E+00
  68   -33.5000     -11.547 0.3293   0.1000E+02  0.8789E-02 -0.1000E+02  0.0000E+00      -1  -0.943E-01   20.00  0.2972E-05  0.0000E+00
  69   -34.0000     -11.547 0.3293   0.1000E+02  0.8789E-02 -0.1000E+02  0.0000E+00      -1  -0.943E-01   20.00  0.3302E-05  0.0000E+00
  70   -34.5000     -11.547 0.3293   0.1000E+02  0.8789E-02 -0.1000E+02  0.0000E+00      -1  -0.943E-01   20.00  0.3667E-05  0.0000E+00
  71   -35.0000     -11.547 0.3293   0.1000E+02  0.8789E-02 -0.1000E+02  0.0000E+00      -1  -0.943E-01   20.00  0.4069E-05  0.0000E+00
  72   -35.5000     -11.547 0.3293   0.1000E+02  0.8789E-02 -0.1000E+02  0.0000E+00      -1  -0.943E-01   20.00  0.4513E-05  0.0000E+00
  73   -36.0000     -11.547 0.3293   0.1000E+02  0.8789E-02 -0.1000E+02  0.0000E+00      -1  -0.943E-01   20.00  0.5002E-05  0.0000E+00
  74   -36.5000     -11.547 0.3293   0.1000E+02  0.8789E-02 -0.1000E+02  0.0000E+00      -1  -0.943E-01   20.00  0.5541E-05  0.0000E+00
  75   -37.0000     -11.547 0.3293   0.1000E+02  0.8789E-02 -0.1000E+02  0.0000E+00      -1  -0.943E-01   20.00  0.6133E-05  0.0000E+00
  76   -37.5000     -11.547 0.3293   0.1000E+02  0.8789E-02 -0.1000E+02  0.0000E+00      -1  -0.943E-01   20.00  0.6785E-05  0.0000E+00
  77   -38.0000     -11.547 0.3293   0.1000E+02  0.8789E-02 -0.1000E+02  0.0000E+00      -1  -0.943E-01   20.00  0.7501E-05  0.0000E+00
  78   -38.5000     -11.547 0.3293   0.1000E+02  0.8789E-02 -0.1000E+02  0.0000E+00      -1  -0.943E-01   20.00  0.8288E-05  0.0000E+00
  79   -39.0000     -11.547 0.3293   0.1000E+02  0.8789E-02 -0.1000E+02  0.0000E+00      -1  -0.943E-01   20.00  0.9152E-05  0.0000E+00
  80   -39.5000     -11.547 0.3293   0.1000E+02  0.8789E-02 -0.1000E+02  0.0000E+00      -1  -0.943E-01   20.00  0.1010E-04  0.0000E+00
  81   -40.0000     -11.547 0.3293   0.1000E+02  0.8789E-02 -0.1000E+02  0.0000E+00      -1  -0.943E-01   20.00  0.1114E-04  0.0000E+00
  82   -40.5000     -11.547 0.3293   0.1000E+02  0.8789E-02 -0.1000E+02  0.0000E+00      -1  -0.943E-01   20.00  0.1227E-04  0.0000E+00
  83   -41.0000     -11.547 0.3293   0.1000E+02  0.8789E-02 -0.1000E+02  0.0000E+00      -1  -0.943E-01   20.00  0.1352E-04  0.0000E+00
  84   -41.5000     -11.547 0.3293   0.1000E+02  0.8789E-02 -0.1000E+02  0.0000E+00      -1  -0.943E-01   20.00  0.1488E-04  0.0000E+00
  85   -42.0000     -11.547 0.3293   0.1000E+02  0.8789E-02 -0.1000E+02  0.0000E+00      -1  -0.943E-01   20.00  0.1637E-04  0.0000E+00
  86   -42.5000     -11.547 0.3293   0.1000E+02  0.8789E-02 -0.1000E+02  0.0000E+00      -1  -0.943E-01   20.00  0.1799E-04  0.0000E+00
  87   -43.0000     -11.547 0.3293   0.1000E+02  0.8789E-02 -0.1000E+02  0.0000E+00      -1  -0.943E-01   20.00  0.1976E-04  0.0000E+00
  88   -43.5000     -11.547 0.3293   0.1000E+02  0.8789E-02 -0.1000E+02  0.0000E+00      -1  -0.943E-01   20.00  0.2169E-04  0.0000E+00
  89   -44.0000     -11.547 0.3293   0.1000E+02  0.8789E-02 -0.1000E+02  0.0000E+00      -1  -0.943E-01   20.00  0.2379E-04  0.0000E+00
  90   -44.5000     -11.547 0.3293   0.1000E+02  0.8789E-02 -0.1000E+02  0.0000E+00      -1  -0.943E-01   20.00  0.2608E-04  0.0000E+00
  91   -45.0000     -11.547 0.3293   0.1000E+02  0.8789E-02 -0.1000E+02  0.0000E+00      -1  -0.943E-01   20.00  0.2856E-04  0.0000E+00
  92   -45.5000     -11.547 0.3293   0.1000E+02  0.8789E-02 -0.1000E+02  0.0000E+00      -1  -0.943E-01   20.00  0.3126E-04  0.0000E+00
  93   -46.0000     -11.547 0.3293   0.1000E+02  0.8789E-02 -0.1000E+02  0.0000E+00      -1  -0.943E-01   20.00  0.3419E-04  0.0000E+00
  94   -46.5000     -11.547 0.3293   0.1000E+02  0.8789E-02 -0.1000E+02  0.0000E+00      -1  -0.943E-01   20.00  0.3736E-04  0.0000E+00
  95   -47.0000     -11.547 0.3293   0.1000E+02  0.8789E-02 -0.1000E+02  0.0000E+00      -1  -0.942E-01   20.00  0.4079E-04  0.0000E+00
  96   -47.5000     -11.547 0.3293   0.1000E+02  0.8789E-02 -0.1000E+02  0.0000E+00      -1  -0.942E-01   20.00  0.4449E-04  0.0000E+00
  97   -48.0000     -11.547 0.3293   0.1000E+02  0.8789E-02 -0.1000E+02  0.0000E+00      -1  -0.942E-01   20.00  0.4849E-04  0.0000E+00
  98   -48.5000     -11.547 0.3293   0.1000E+02  0.8789E-02 -0.1000E+02  0.0000E+00      -1  -0.942E-01   20.00  0.5280E-04  0.0000E+00
  99   -49.0000     -11.547 0.3293   0.1000E+02  0.8789E-02 -0.1000E+02  0.0000E+00      -1  -0.942E-01   20.00  0.5743E-04  0.0000E+00
 100   -49.5000     -11.547 0.3293   0.1000E+02  0.8789E-02 -0.1000E+02  0.0000E+00      -1  -0.943E-01   20.00  0.6240E-04  0.0000E+00
 101   -50.0000     -11.547 0.3293   0.1000E+02  0.8789E-02 -0.1000E+02  0.0000E+00      -1  -0.943E-01   20.00  0.6772E-04  0.0000E+00
 102   -50.5000     -11.547 0.3293   0.1000E+02  0.8789E-02 -0.1000E+02  0.0000E+00      -1  -0.943E-01   20.00  0.7341E-04  0.0000E+00
 103   -51.0000     -11.547 0.3293   0.1000E+02  0.8789E-02 -0.1000E+02  0.0000E+00      -1  -0.943E-01   20.00  0.7947E-04  0.0000E+00
 104   -51.5000     -11.547 0.3293   0.1000E+02  0.8789E-02 -0.1000E+02  0.0000E+00      -1  -0.943E-01   20.00  0.8591E-04  0.0000E+00
 105   -52.0000     -11.547 0.3293   0.1000E+02  0.8789E-02 -0.1000E+02  0.0000E+00      -1  -0.943E-01   20.00  0.9274E-04  0.0000E+00
 106   -52.5000     -11.547 0.3293   0.1000E+02  0.8789E-02 -0.1000E+02  0.0000E+00      -1  -0.943E-01   20.00  0.9995E-04  0.0000E+00
 107   -53.0000     -11.547 0.3293   0.1000E+02  0.8789E-02 -0.1000E+02  0.0000E+00      -1  -0.943E-01   20.00  0.1075E-03  0.0000E+00
 108   -53.5000     -11.547 0.3293   0.1000E+02  0.8789E-02 -0.1000E+02  0.0000E+00      -1  -0.943E-01   20.00  0.1155E-03  0.0000E+00
 109   -54.0000     -11.547 0.3293   0.1000E+02  0.8789E-02 -0.1000E+02  0.0000E+00      -1  -0.943E-01   20.00  0.1237E-03  0.0000E+00
 110   -54.5000     -11.547 0.3293   0.1000E+02  0.8789E-02 -0.1000E+02  0.0000E+00      -1  -0.943E-01   20.00  0.1322E-03  0.0000E+00
 111   -55.0000     -11.547 0.3293   0.1000E+02  0.8789E-02 -0.1000E+02  0.0000E+00      -1  -0.943E-01   20.00  0.1410E-03  0.0000E+00
 112   -55.5000     -11.547 0.3293   0.1000E+02  0.8789E-02 -0.1000E+02  0.0000E+00      -1  -0.943E-01   20.00  0.1499E-03  0.0000E+00
 113   -56.0000     -11.547 0.3293   0.1000E+02  0.8789E-02 -0.1000E+02  0.0000E+00      -1  -0.943E-01   20.00  0.1588E-03  0.0000E+00
 114   -56.5000     -11.547 0.3293   0.1000E+02  0.8789E-02 -0.1000E+02  0.0000E+00      -1  -0.943E-01   20.00  0.1676E-03  0.0000E+00
 115   -57.0000     -11.547 0.3293   0.1000E+02  0.8789E-02 -0.1000E+02  0.0000E+00      -1  -0.943E-01   20.00  0.1761E-03  0.0000E+00
 116   -57.5000     -11.547 0.3293   0.1000E+02  0.8789E-02 -0.1000E+02  0.0000E+00      -1  -0.943E-01   20.00  0.1842E-03  0.0000E+00
 117   -58.0000     -11.547 0.3293   0.1000E+02  0.8789E-02 -0.1000E+02  0.0000E+00      -1  -0.943E-01   20.00  0.1914E-03  0.0000E+00
 118   -58.5000     -11.547 0.3293   0.1000E+02  0.8789E-02 -0.1000E+02  0.0000E+00      -1  -0.943E-01   20.00  0.1976E-03  0.0000E+00
 119   -59.0000     -11.547 0.3293   0.1000E+02  0.8789E-02 -0.1000E+02  0.0000E+00      -1  -0.943E-01   20.00  0.2023E-03  0.0000E+00
 120   -59.5000     -11.547 0.3293   0.1000E+02  0.8789E-02 -0.1000E+02  0.0000E+00      -1  -0.943E-01   20.00  0.2049E-03  0.0000E+00
 121   -60.0000     -11.547 0.3293   0.1000E+02  0.8789E-02 -0.1000E+02  0.0000E+00      -1  -0.943E-01   20.00  0.2049E-03  0.0000E+00
end


 Time:        5.5000


 Node      Depth      Head Moisture       K          C         Flux        Sink         Kappa   v/KsTop   Temp   Conc(1..NS) Sorb(1...NS)
           [L]        [L]    [-]        [L/T]      [1/L]      [L/T]        [1/T]         [-]      [-]      [C]      [M/L*3]

   1     0.0000     -11.547 0.3293   0.1000E+02  0.8789E-02 -0.1000E+02  0.0000E+00      -1  -0.943E-01   20.00  0.3115E-10  0.0000E+00
   2    -0.5000     -11.547 0.3293   0.1000E+02  0.8789E-02 -0.1000E+02  0.0000E+00      -1  -0.943E-01   20.00  0.3968E-10  0.0000E+00
   3    -1.0000     -11.547 0.3293   0.1000E+02  0.8789E-02 -0.1000E+02  0.0000E+00      -1  -0.943E-01   20.00  0.4988E-10  0.0000E+00
   4    -1.5000     -11.547 0.3293   0.1000E+02  0.8789E-02 -0.1000E+02  0.0000E+00      -1  -0.943E-01   20.00  0.6202E-10  0.0000E+00
   5    -2.0000     -11.547 0.3293   0.1000E+02  0.8789E-02 -0.1000E+02  0.0000E+00      -1  -0.943E-01   20.00  0.7643E-10  0.0000E+00
   6    -2.5000     -11.547 0.3293   0.1000E+02  0.8789E-02 -0.1000E+02  0.0000E+00      -1  -0.943E-01   20.00  0.9347E-10  0.0000E+00
   7    -3.0000     -11.547 0.3293   0.1000E+02  0.8789E-02 -0.1000E+02  0.0000E+00      -1  -0.943E-01   20.00  0.1136E-09  0.0000E+00
   8    -3.5000     -11.547 0.3293   0.1000E+02  0.8789E-02 -0.1000E+02  0.0000E+00      -1  -0.943E-01   20.00  0.1372E-09  0.0000E+00
   9    -4.0000     -11.547 0.3293   0.1000E+02  0.8789E-02 -0.1000E+02  0.0000E+00      -1  -0.943E-01   20.00  0.1650E-09  0.0000E+00
  10    -4.5000     -11.547 0.3293   0.1000E+02  0.8789E-02 -0.1000E+02  0.0000E+00      -1  -0.943E-01   20.00  0.1975E-09  0.0000E+00
  11    -5.0000     -11.547 0.3293   0.1000E+02  0.8789E-02 -0.1000E+02  0.0000E+00      -1  -0.943E-01   20.00  0.2354E-09  0.0000E+00
  12    -5.5000     -11.547 0.3293   0.1000E+02  0.8789E-02 -0.1000E+02  0.0000E+00      -1  -0.943E-01   20.00  0.2797E-09  0.0000E+00
  13    -6.0000     -11.547 0.3293   0.1000E+02  0.8789E-02 -0.1000E+02  0.0000E+00      -1  -0.943E-01   20.00  0.3312E-09  0.0000E+00
  14    -6.5000     -11.547 0.3293   0.1000E+02  0.8789E-02 -0.1000E+02  0.0000E+00      -1  -0.943E-01   20.00  0.3910E-09  0.0000E+00
  15    -7.0000     -11.547 0.3293   0.1000E+02  0.8789E-02 -0.1000E+02  0.0000E+00      -1  -0.943E-01   20.00  0.4605E-09  0.0000E+00
  16    -7.5000     -11.547 0.3293   0.1000E+02  0.8789E-02 -0.1000E+02  0.0000E+00      -1  -0.943E-01   20.00  0.5408E-09  0.0000E+00
  17    -8.0000     -11.547 0.3293   0.1000E+02  0.8789E-02 -0.1000E+02  0.0000E+00      -1  -0.943E-01   20.00  0.6338E-09  0.0000E+00
  18    -8.5000     -11.547 0.3293   0.1000E+02  0.8789E-02 -0.1000E+02  0.0000E+00      -1  -0.943E-01   20.00  0.7411E-09  0.0000E+00
  19    -9.0000     -11.547 0.3293   0.1000E+02  0.8789E-02 -0.1000E+02  0.0000E+00      -1  -0.943E-01   20.00  0.8649E-09  0.0000E+00
  20    -9.5000     -11.547 0.3293   0.1000E+02  0.8789E-02 -0.1000E+02  0.0000E+00      -1  -0.943E-01   20.00  0.1007E-08  0.0000E+00
  21   -10.0000     -11.547 0.3293   0.1000E+02  0.8789E-02 -0.1000E+02  0.0000E+00      -1  -0.943E-01   20.00  0.1171E-08  0.0000E+00
  22   -10.5000     -11.547 0.3293   0.1000E+02  0.8789E-02 -0.1000E+02  0.0000E+00      -1  -0.943E-01   20.00  0.1360E-08  0.0000E+00
  23   -11.0000     -11.547 0.3293   0.1000E+02  0.8789E-02 -0.1000E+02  0.0000E+00      -1  -0.943E-01   20.00  0.1576E-08  0.0000E+00
  24   -11.5000     -11.547 0.3293   0.1000E+02  0.8789E-02 -0.1000E+02  0.0000E+00      -1  -0.943E-01   20.00  0.1823E-08  0.0000E+00
  25   -12.0000     -11.547 0.3293   0.1000E+02  0.8789E-02 -0.1000E+02  0.0000E+00      -1  -0.943E-01   20.00  0.2107E-08  0.0000E+00
  26   -12.5000     -11.547 0.3293   0.1000E+02  0.8789E-02 -0.1000E+02  0.0000E+00      -1  -0.943E-01   20.00  0.2431E-08  0.0000E+00
  27   -13.0000     -11.547 0.3293   0.1000E+02  0.8789E-02 -0.1000E+02  0.0000E+00      -1  -0.943E-01   20.00  0.2801E-08  0.0000E+00
  28   -13.5000     -11.547 0.3293   0.1000E+02  0.8789E-02 -0.1000E+02  0.0000E+00      -1  -0.943E-01   20.00  0.3224E-08  0.0000E+00
  29   -14.0000     -11.547 0.3293   0.1000E+02  0.8789E-02 -0.1000E+02  0.0000E+00      -1  -0.943E-01   20.00  0.3706E-08  0.0000E+00
  30   -14.5000     -11.547 0.3293   0.1000E+02  0.8789E-02 -0.1000E+02  0.0000E+00      -1  -0.943E-01   20.00  0.4255E-08  0.0000E+00
  31   -15.0000     -11.547 0.3293   0.1000E+02  0.8789E-02 -0.1000E+02  0.0000E+00      -1  -0.943E-01   20.00  0.4880E-08  0.0000E+00
  32   -15.5000     -11.547 0.3293   0.1000E+02  0.8789E-02 -0.1000E+02  0.0000E+00      -1  -0.943E-01   20.00  0.5590E-08  0.0000E+00
  33   -16.0000     -11.547 0.3293   0.1000E+02  0.8789E-02 -0.1000E+02  0.0000E+00      -1  -0.943E-01   20.00  0.6398E-08  0.0000E+00
  34   -16.5000     -11.547 0.3293   0.1000E+02  0.8789E-02 -0.1000E+02  0.0000E+00      -1  -0.943E-01   20.00  0.7314E-08  0.0000E+00
  35   -17.0000     -11.547 0.3293   0.1000E+02  0.8789E-02 -0.1000E+02  0.0000E+00      -1  -0.943E-01   20.00  0.8353E-08  0.0000E+00
  36   -17.5000     -11.547 0.3293   0.1000E+02  0.8789E-02 -0.1000E+02  0.0000E+00      -1  -0.943E-01   20.00  0.9531E-08  0.0000E+00
  37   -18.0000     -11.547 0.3293   0.1000E+02  0.8789E-02 -0.1000E+02  0.0000E+00      -1  -0.943E-01   20.00  0.1086E-07  0.0000E+00
  38   -18.5000     -11.547 0.3293   0.1000E+02  0.8789E-02 -0.1000E+02  0.0000E+00      -1  -0.943E-01   20.00  0.1237E-07  0.0000E+00
  39   -19.0000     -11.547 0.3293   0.1000E+02  0.8789E-02 -0.1000E+02  0.0000E+00      -1  -0.943E-01   20.00  0.1408E-07  0.0000E+00
  40   -19.5000     -11.547 0.3293   0.1000E+02  0.8789E-02 -0.1000E+02  0.0000E+00      -1  -0.943E-01   20.00  0.1601E-07  0.0000E+00
  41   -20.0000     -11.547 0.3293   0.1000E+02  0.8789E-02 -0.1000E+02  0.0000E+00      -1  -0.943E-01   20.00  0.1818E-07  0.0000E+00
  42   -20.5000     -11.547 0.3293   0.1000E+02  0.8789E-02 -0.1000E+02  0.0000E+00      -1  -0.943E-01   20.00  0.2064E-07  0.0000E+00
  43   -21.0000     -11.547 0.3293   0.1000E+02  0.8789E-02 -0.1000E+02  0.0000E+00      -1  -0.943E-01   20.00  0.2340E-07  0.0000E+00
  44   -21.5000     -11.547 0.3293   0.1000E+02  0.8789E-02 -0.1000E+02  0.0000E+00      -1  -0.943E-01   20.00  0.2652E-07  0.0000E+00
  45   -22.0000     -11.547 0.3293   0.1000E+02  0.8789E-02 -0.1000E+02  0.0000E+00      -1  -0.943E-01   20.00  0.3002E-07  0.0000E+00
  46   -22.5000     -11.547 0.3293   0.1000E+02  0.8789E-02 -0.1000E+02  0.0000E+00      -1  -0.943E-01   20.00  0.3397E-07  0.0000E+00
  47   -23.0000     -11.547 0.3293   0.1000E+02  0.8789E-02 -0.1000E+02  0.0000E+00      -1  -0.943E-01   20.00  0.3840E-07  0.0000E+00
  48   -23.5000     -11.547 0.3293   0.1000E+02  0.8789E-02 -0.1000E+02  0.0000E+00      -1  -0.943E-01   20.00  0.4338E-07  0.0000E+00
  49   -24.0000     -11.547 0.3293   0.1000E+02  0.8789E-02 -0.1000E+02  0.0000E+00      -1  -0.943E-01   20.00  0.4897E-07  0.0000E+00
  50   -24.5000     -11.547 0.3293   0.1000E+02  0.8789E-02 -0.1000E+02  0.0000E+00      -1  -0.943E-01   20.00  0.5524E-07  0.0000E+00
  51   -25.0000     -11.547 0.3293   0.1000E+02  0.8789E-02 -0.1000E+02  0.0000E+00      -1  -0.943E-01   20.00  0.6227E-07  0.0000E+00
  52   -25.5000     -11.547 0.3293   0.1000E+02  0.8789E-02 -0.1000E+02  0.0000E+00      -1  -0.943E-01   20.00  0.7015E-07  0.0000E+00
  53   -26.0000     -11.547 0.3293   0.1000E+02  0.8789E-02 -0.1000E+02  0.0000E+00      -1  -0.943E-01   20.00  0.7897E-07  0.0000E+00
  54   -26.5000     -11.547 0.3293   0.1000E+02  0.8789E-02 -0.1000E+02  0.0000E+00      -1  -0.943E-01   20.00  0.8883E-07  0.0000E+00
  55   -27.0000     -11.547 0.3293   0.1000E+02  0.8789E-02 -0.1000E+02  0.0000E+00      -1  -0.943E-01   20.00  0.9987E-07  0.0000E+00
  56   -27.5000     -11.547 0.3293   0.1000E+02  0.8789E-02 -0.1000E+02  0.0000E+00      -1  -0.943E-01   20.00  0.1122E-06  0.0000E+00
  57   -28.0000     -11.547 0.3293   0.1000E+02  0.8789E-02 -0.1000E+02  0.0000E+00      -1  -0.943E-01   20.00  0.1260E-06  0.0000E+00
  58   -28.5000     -11.547 0.3293   0.1000E+02  0.8789E-02 -0.1000E+02  0.0000E+00      -1  -0.943E-01   20.00  0.1413E-06  0.0000E+00
  59   -29.0000     -11.547 0.3293   0.1000E+02  0.8789E-02 -0.1000E+02  0.0000E+00      -1  -0.943E-01   20.00  0.1585E-06  0.0000E+00
  60   -29.5000     -11.547 0.3293   0.1000E+02  0.8789E-02 -0.1000E+02  0.0000E+00      -1  -0.943E-01   20.00  0.1776E-06  0.0000E+00
  61   -30.0000     -11.547 0.3293   0.1000E+02  0.8789E-02 -0.1000E+02  0.0000E+00      -1  -0.943E-01   20.00  0.1988E-06  0.0000E+00
  62   -30.5000     -11.547 0.3293   0.1000E+02  0.8789E-02 -0.1000E+02  0.0000E+00      -1  -0.943E-01   20.00  0.2225E-06  0.0000E+00
  63   -31.0000     -11.547 0.3293   0.1000E+02  0.8789E-02 -0.1000E+02  0.0000E+00      -1  -0.943E-01   20.00  0.2489E-06  0.0000E+00
  64   -31.5000     -11.547 0.3293   0.1000E+02  0.8789E-02 -0.1000E+02  0.0000E+00      -1  -0.943E-01   20.00  0.2782E-06  0.0000E+00
  65   -32.0000     -11.547 0.3293   0.1000E+02  0.8789E-02 -0.1000E+02  0.0000E+00      -1  -0.943E-01   20.00  0.3108E-06  0.0000E+00
  66   -32.5000     -11.547 0.3293   0.1000E+02  0.8789E-02 -0.1000E+02  0.0000E+00      -1  -0.943E-01   20.00  0.3469E-06  0.0000E+00
  67   -33.0000     -11.547 0.3293   0.1000E+02  0.8789E-02 -0.1000E+02  0.0000E+00      -1  -0.943E-01   20.00  0.3871E-06  0.0000E+00
  68   -33.5000     -11.547 0.3293   0.1000E+02  0.8789E-02 -0.1000E+02  0.0000E+00      -1  -0.943E-01   20.00  0.4316E-06  0.0000E+00
  69   -34.0000     -11.547 0.3293   0.1000E+02  0.8789E-02 -0.1000E+02  0.0000E+00      -1  -0.943E-01   20.00  0.4809E-06  0.0000E+00
  70   -34.5000     -11.547 0.3293   0.1000E+02  0.8789E-02 -0.1000E+02  0.0000E+00      -1  -0.943E-01   20.00  0.5356E-06  0.0000E+00
  71   -35.0000     -11.547 0.3293   0.1000E+02  0.8789E-02 -0.1000E+02  0.0000E+00      -1  -0.943E-01   20.00  0.5962E-06  0.0000E+00
  72   -35.5000     -11.547 0.3293   0.1000E+02  0.8789E-02 -0.1000E+02  0.0000E+00      -1  -0.943E-01   20.00  0.6631E-06  0.0000E+00
  73   -36.0000     -11.547 0.3293   0.1000E+02  0.8789E-02 -0.1000E+02  0.0000E+00      -1  -0.943E-01   20.00  0.7372E-06  0.0000E+00
  74   -36.5000     -11.547 0.3293   0.1000E+02  0.8789E-02 -0.1000E+02  0.0000E+00      -1  -0.943E-01   20.00  0.8190E-06  0.0000E+00
  75   -37.0000     -11.547 0.3293   0.1000E+02  0.8789E-02 -0.1000E+02  0.0000E+00      -1  -0.943E-01   20.00  0.9094E-06  0.0000E+00
  76   -37.5000     -11.547 0.3293   0.1000E+02  0.8789E-02 -0.1000E+02  0.0000E+00      -1  -0.943E-01   20.00  0.1009E-05  0.0000E+00
  77   -38.0000     -11.547 0.3293   0.1000E+02  0.8789E-02 -0.1000E+02  0.0000E+00      -1  -0.943E-01   20.00  0.1119E-05  0.0000E+00
  78   -38.5000     -11.547 0.3293   0.1000E+02  0.8789E-02 -0.1000E+02  0.0000E+00      -1  -0.943E-01   20.00  0.1240E-05  0.0000E+00
  79   -39.0000     -11.547 0.3293   0.1000E+02  0.8789E-02 -0.1000E+02  0.0000E+00      -1  -0.943E-01   20.00  0.1374E-05  0.0000E+00
  80   -39.5000     -11.547 0.3293   0.1000E+02  0.8789E-02 -0.1000E+02  0.0000E+00      -1  -0.943E-01   20.00  0.1521E-05  0.0000E+00
  81   -40.0000     -11.547 0.3293   0.1000E+02  0.8789E-02 -0.1000E+02  0.0000E+00      -1  -0.943E-01   20.00  0.1683E-05  0.0000E+00
  82   -40.5000     -11.547 0.3293   0.1000E+02  0.8789E-02 -0.1000E+02  0.0000E+00      -1  -0.943E-01   20.00  0.1860E-05  0.0000E+00
  83   -41.0000     -11.547 0.3293   0.1000E+02  0.8789E-02 -0.1000E+02  0.0000E+00      -1  -0.943E-01   20.00  0.2056E-05  0.0000E+00
  84   -41.5000     -11.547 0.3293   0.1000E+02  0.8789E-02 -0.1000E+02  0.0000E+00      -1  -0.943E-01   20.00  0.2270E-05  0.0000E+00
  85   -42.0000     -11.547 0.3293   0.1000E+02  0.8789E-02 -0.1000E+02  0.0000E+00      -1  -0.943E-01   20.00  0.2504E-05  0.0000E+00
  86   -42.5000     -11.547 0.3293   0.1000E+02  0.8789E-02 -0.1000E+02  0.0000E+00      -1  -0.943E-01   20.00  0.2762E-05  0.0000E+00
  87   -43.0000     -11.547 0.3293   0.1000E+02  0.8789E-02 -0.1000E+02  0.0000E+00      -1  -0.943E-01   20.00  0.3043E-05  0.0000E+00
  88   -43.5000     -11.547 0.3293   0.1000E+02  0.8789E-02 -0.1000E+02  0.0000E+00      -1  -0.943E-01   20.00  0.3351E-05  0.0000E+00
  89   -44.0000     -11.547 0.3293   0.1000E+02  0.8789E-02 -0.1000E+02  0.0000E+00      -1  -0.943E-01   20.00  0.3688E-05  0.0000E+00
  90   -44.5000     -11.547 0.3293   0.1000E+02  0.8789E-02 -0.1000E+02  0.0000E+00      -1  -0.943E-01   20.00  0.4055E-05  0.0000E+00
  91   -45.0000     -11.547 0.3293   0.1000E+02  0.8789E-02 -0.1000E+02  0.0000E+00      -1  -0.943E-01   20.00  0.4456E-05  0.0000E+00
  92   -45.5000     -11.547 0.3293   0.1000E+02  0.8789E-02 -0.1000E+02  0.0000E+00      -1  -0.943E-01   20.00  0.4892E-05  0.0000E+00
  93   -46.0000     -11.547 0.3293   0.1000E+02  0.8789E-02 -0.1000E+02  0.0000E+00      -1  -0.943E-01   20.00  0.5367E-05  0.0000E+00
  94   -46.5000     -11.547 0.3293   0.1000E+02  0.8789E-02 -0.1000E+02  0.0000E+00      -1  -0.943E-01   20.00  0.5882E-05  0.0000E+00
  95   -47.0000     -11.547 0.3293   0.1000E+02  0.8789E-02 -0.1000E+02  0.0000E+00      -1  -0.943E-01   20.00  0.6442E-05  0.0000E+00
  96   -47.5000     -11.547 0.3293   0.1000E+02  0.8789E-02 -0.1000E+02  0.0000E+00      -1  -0.943E-01   20.00  0.7049E-05  0.0000E+00
  97   -48.0000     -11.547 0.3293   0.1000E+02  0.8789E-02 -0.1000E+02  0.0000E+00      -1  -0.943E-01   20.00  0.7705E-05  0.0000E+00
  98   -48.5000     -11.547 0.3293   0.1000E+02  0.8789E-02 -0.1000E+02  0.0000E+00      -1  -0.943E-01   20.00  0.8414E-05  0.0000E+00
  99   -49.0000     -11.547 0.3293   0.1000E+02  0.8789E-02 -0.1000E+02  0.0000E+00      -1  -0.943E-01   20.00  0.9179E-05  0.0000E+00
 100   -49.5000     -11.547 0.3293   0.1000E+02  0.8789E-02 -0.1000E+02  0.0000E+00      -1  -0.943E-01   20.00  0.1000E-04  0.0000E+00
 101   -50.0000     -11.547 0.3293   0.1000E+02  0.8789E-02 -0.1000E+02  0.0000E+00      -1  -0.943E-01   20.00  0.1089E-04  0.0000E+00
 102   -50.5000     -11.547 0.3293   0.1000E+02  0.8789E-02 -0.1000E+02  0.0000E+00      -1  -0.943E-01   20.00  0.1183E-04  0.0000E+00
 103   -51.0000     -11.547 0.3293   0.1000E+02  0.8789E-02 -0.1000E+02  0.0000E+00      -1  -0.943E-01   20.00  0.1284E-04  0.0000E+00
 104   -51.5000     -11.547 0.3293   0.1000E+02  0.8789E-02 -0.1000E+02  0.0000E+00      -1  -0.943E-01   20.00  0.1392E-04  0.0000E+00
 105   -52.0000     -11.547 0.3293   0.1000E+02  0.8789E-02 -0.1000E+02  0.0000E+00      -1  -0.943E-01   20.00  0.1507E-04  0.0000E+00
 106   -52.5000     -11.547 0.3293   0.1000E+02  0.8789E-02 -0.1000E+02  0.0000E+00      -1  -0.943E-01   20.00  0.1628E-04  0.0000E+00
 107   -53.0000     -11.547 0.3293   0.1000E+02  0.8789E-02 -0.1000E+02  0.0000E+00      -1  -0.943E-01   20.00  0.1756E-04  0.0000E+00
 108   -53.5000     -11.547 0.3293   0.1000E+02  0.8789E-02 -0.1000E+02  0.0000E+00      -1  -0.943E-01   20.00  0.1889E-04  0.0000E+00
 109   -54.0000     -11.547 0.3293   0.1000E+02  0.8789E-02 -0.1000E+02  0.0000E+00      -1  -0.943E-01   20.00  0.2029E-04  0.0000E+00
 110   -54.5000     -11.547 0.3293   0.1000E+02  0.8789E-02 -0.1000E+02  0.0000E+00      -1  -0.943E-01   20.00  0.2173E-04  0.0000E+00
 111   -55.0000     -11.547 0.3293   0.1000E+02  0.8789E-02 -0.1000E+02  0.0000E+00      -1  -0.943E-01   20.00  0.2322E-04  0.0000E+00
 112   -55.5000     -11.547 0.3293   0.1000E+02  0.8789E-02 -0.1000E+02  0.0000E+00      -1  -0.943E-01   20.00  0.2473E-04  0.0000E+00
 113   -56.0000     -11.547 0.3293   0.1000E+02  0.8789E-02 -0.1000E+02  0.0000E+00      -1  -0.943E-01   20.00  0.2624E-04  0.0000E+00
 114   -56.5000     -11.547 0.3293   0.1000E+02  0.8789E-02 -0.1000E+02  0.0000E+00      -1  -0.943E-01   20.00  0.2774E-04  0.0000E+00
 115   -57.0000     -11.547 0.3293   0.1000E+02  0.8789E-02 -0.1000E+02  0.0000E+00      -1  -0.943E-01   20.00  0.2920E-04  0.0000E+00
 116   -57.5000     -11.547 0.3293   0.1000E+02  0.8789E-02 -0.1000E+02  0.0000E+00      -1  -0.943E-01   20.00  0.3057E-04  0.0000E+00
 117   -58.0000     -11.547 0.3293   0.1000E+02  0.8789E-02 -0.1000E+02  0.0000E+00      -1  -0.943E-01   20.00  0.3181E-04  0.0000E+00
 118   -58.5000     -11.547 0.3293   0.1000E+02  0.8789E-02 -0.1000E+02  0.0000E+00      -1  -0.943E-01   20.00  0.3286E-04  0.0000E+00
 119   -59.0000     -11.547 0.3293   0.1000E+02  0.8789E-02 -0.1000E+02  0.0000E+00      -1  -0.943E-01   20.00  0.3365E-04  0.0000E+00
 120   -59.5000     -11.547 0.3293   0.1000E+02  0.8789E-02 -0.1000E+02  0.0000E+00      -1  -0.943E-01   20.00  0.3410E-04  0.0000E+00
 121   -60.0000     -11.547 0.3293   0.1000E+02  0.8789E-02 -0.1000E+02  0.0000E+00      -1  -0.943E-01   20.00  0.3410E-04  0.0000E+00
end


 Time:        6.0000


 Node      Depth      Head Moisture       K          C         Flux        Sink         Kappa   v/KsTop   Temp   Conc(1..NS) Sorb(1...NS)
           [L]        [L]    [-]        [L/T]      [1/L]      [L/T]        [1/T]         [-]      [-]      [C]      [M/L*3]

   1     0.0000     -11.547 0.3293   0.1000E+02  0.8789E-02 -0.1000E+02  0.0000E+00      -1  -0.943E-01   20.00  0.4111E-11  0.0000E+00
   2    -0.5000     -11.547 0.3293   0.1000E+02  0.8789E-02 -0.1000E+02  0.0000E+00      -1  -0.943E-01   20.00  0.5238E-11  0.0000E+00
   3    -1.0000     -11.547 0.3293   0.1000E+02  0.8789E-02 -0.1000E+02  0.0000E+00      -1  -0.943E-01   20.00  0.6585E-11  0.0000E+00
   4    -1.5000     -11.547 0.3293   0.1000E+02  0.8789E-02 -0.1000E+02  0.0000E+00      -1  -0.943E-01   20.00  0.8190E-11  0.0000E+00
   5    -2.0000     -11.547 0.3293   0.1000E+02  0.8789E-02 -0.1000E+02  0.0000E+00      -1  -0.943E-01   20.00  0.1009E-10  0.0000E+00
   6    -2.5000     -11.547 0.3293   0.1000E+02  0.8789E-02 -0.1000E+02  0.0000E+00      -1  -0.943E-01   20.00  0.1235E-10  0.0000E+00
   7    -3.0000     -11.547 0.3293   0.1000E+02  0.8789E-02 -0.1000E+02  0.0000E+00      -1  -0.943E-01   20.00  0.1501E-10  0.0000E+00
   8    -3.5000     -11.547 0.3293   0.1000E+02  0.8789E-02 -0.1000E+02  0.0000E+00      -1  -0.943E-01   20.00  0.1814E-10  0.0000E+00
   9    -4.0000     -11.547 0.3293   0.1000E+02  0.8789E-02 -0.1000E+02  0.0000E+00      -1  -0.943E-01   20.00  0.2182E-10  0.0000E+00
  10    -4.5000     -11.547 0.3293   0.1000E+02  0.8789E-02 -0.1000E+02  0.0000E+00      -1  -0.943E-01   20.00  0.2613E-10  0.0000E+00
  11    -5.0000     -11.547 0.3293   0.1000E+02  0.8789E-02 -0.1000E+02  0.0000E+00      -1  -0.943E-01   20.00  0.3117E-10  0.0000E+00
  12    -5.5000     -11.547 0.3293   0.1000E+02  0.8789E-02 -0.1000E+02  0.0000E+00      -1  -0.943E-01   20.00  0.3705E-10  0.0000E+00
  13    -6.0000     -11.547 0.3293   0.1000E+02  0.8789E-02 -0.1000E+02  0.0000E+00      -1  -0.943E-01   20.00  0.4390E-10  0.0000E+00
  14    -6.5000     -11.547 0.3293   0.1000E+02  0.8789E-02 -0.1000E+02  0.0000E+00      -1  -0.943E-01   20.00  0.5187E-10  0.0000E+00
  15    -7.0000     -11.547 0.3293   0.1000E+02  0.8789E-02 -0.1000E+02  0.0000E+00      -1  -0.943E-01   20.00  0.6111E-10  0.0000E+00
  16    -7.5000     -11.547 0.3293   0.1000E+02  0.8789E-02 -0.1000E+02  0.0000E+00      -1  -0.943E-01   20.00  0.7184E-10  0.0000E+00
  17    -8.0000     -11.547 0.3293   0.1000E+02  0.8789E-02 -0.1000E+02  0.0000E+00      -1  -0.943E-01   20.00  0.8424E-10  0.0000E+00
  18    -8.5000     -11.547 0.3293   0.1000E+02  0.8789E-02 -0.1000E+02  0.0000E+00      -1  -0.943E-01   20.00  0.9859E-10  0.0000E+00
  19    -9.0000     -11.547 0.3293   0.1000E+02  0.8789E-02 -0.1000E+02  0.0000E+00      -1  -0.943E-01   20.00  0.1151E-09  0.0000E+00
  20    -9.5000     -11.547 0.3293   0.1000E+02  0.8789E-02 -0.1000E+02  0.0000E+00      -1  -0.943E-01   20.00  0.1342E-09  0.0000E+00
  21   -10.0000     -11.547 0.3293   0.1000E+02  0.8789E-02 -0.1000E+02  0.0000E+00      -1  -0.943E-01   20.00  0.1562E-09  0.0000E+00
  22   -10.5000     -11.547 0.3293   0.1000E+02  0.8789E-02 -0.1000E+02  0.0000E+00      -1  -0.943E-01   20.00  0.1815E-09  0.0000E+00
  23   -11.0000     -11.547 0.3293   0.1000E+02  0.8789E-02 -0.1000E+02  0.0000E+00      -1  -0.943E-01   20.00  0.2105E-09  0.0000E+00
  24   -11.5000     -11.547 0.3293   0.1000E+02  0.8789E-02 -0.1000E+02  0.0000E+00      -1  -0.943E-01   20.00  0.2439E-09  0.0000E+00
  25   -12.0000     -11.547 0.3293   0.1000E+02  0.8789E-02 -0.1000E+02  0.0000E+00      -1  -0.943E-01   20.00  0.2821E-09  0.0000E+00
  26   -12.5000     -11.547 0.3293   0.1000E+02  0.8789E-02 -0.1000E+02  0.0000E+00      -1  -0.943E-01   20.00  0.3258E-09  0.0000E+00
  27   -13.0000     -11.547 0.3293   0.1000E+02  0.8789E-02 -0.1000E+02  0.0000E+00      -1  -0.943E-01   20.00  0.3758E-09  0.0000E+00
  28   -13.5000     -11.547 0.3293   0.1000E+02  0.8789E-02 -0.1000E+02  0.0000E+00      -1  -0.943E-01   20.00  0.4330E-09  0.0000E+00
  29   -14.0000     -11.547 0.3293   0.1000E+02  0.8789E-02 -0.1000E+02  0.0000E+00      -1  -0.943E-01   20.00  0.4984E-09  0.0000E+00
  30   -14.5000     -11.547 0.3293   0.1000E+02  0.8789E-02 -0.1000E+02  0.0000E+00      -1  -0.943E-01   20.00  0.5729E-09  0.0000E+00
  31   -15.0000     -11.547 0.3293   0.1000E+02  0.8789E-02 -0.1000E+02  0.0000E+00      -1  -0.943E-01   20.00  0.6578E-09  0.0000E+00
  32   -15.5000     -11.547 0.3293   0.1000E+02  0.8789E-02 -0.1000E+02  0.0000E+00      -1  -0.943E-01   20.00  0.7545E-09  0.0000E+00
  33   -16.0000     -11.547 0.3293   0.1000E+02  0.8789E-02 -0.1000E+02  0.0000E+00      -1  -0.943E-01   20.00  0.8646E-09  0.0000E+00
  34   -16.5000     -11.547 0.3293   0.1000E+02  0.8789E-02 -0.1000E+02  0.0000E+00      -1  -0.943E-01   20.00  0.9897E-09  0.0000E+00
  35   -17.0000     -11.547 0.3293   0.1000E+02  0.8789E-02 -0.1000E+02  0.0000E+00      -1  -0.943E-01   20.00  0.1132E-08  0.0000E+00
  36   -17.5000     -11.547 0.3293   0.1000E+02  0.8789E-02 -0.1000E+02  0.0000E+00      -1  -0.943E-01   20.00  0.1293E-08  0.0000E+00
  37   -18.0000     -11.547 0.3293   0.1000E+02  0.8789E-02 -0.1000E+02  0.0000E+00      -1  -0.943E-01   20.00  0.1476E-08  0.0000E+00
  38   -18.5000     -11.547 0.3293   0.1000E+02  0.8789E-02 -0.1000E+02  0.0000E+00      -1  -0.943E-01   20.00  0.1684E-08  0.0000E+00
  39   -19.0000     -11.547 0.3293   0.1000E+02  0.8789E-02 -0.1000E+02  0.0000E+00      -1  -0.943E-01   20.00  0.1919E-08  0.0000E+00
  40   -19.5000     -11.547 0.3293   0.1000E+02  0.8789E-02 -0.1000E+02  0.0000E+00      -1  -0.943E-01   20.00  0.2185E-08  0.0000E+00
  41   -20.0000     -11.547 0.3293   0.1000E+02  0.8789E-02 -0.1000E+02  0.0000E+00      -1  -0.943E-01   20.00  0.2485E-08  0.0000E+00
  42   -20.5000     -11.547 0.3293   0.1000E+02  0.8789E-02 -0.1000E+02  0.0000E+00      -1  -0.943E-01   20.00  0.2825E-08  0.0000E+00
  43   -21.0000     -11.547 0.3293   0.1000E+02  0.8789E-02 -0.1000E+02  0.0000E+00      -1  -0.943E-01   20.00  0.3209E-08  0.0000E+00
  44   -21.5000     -11.547 0.3293   0.1000E+02  0.8789E-02 -0.1000E+02  0.0000E+00      -1  -0.943E-01   20.00  0.3643E-08  0.0000E+00
  45   -22.0000     -11.547 0.3293   0.1000E+02  0.8789E-02 -0.1000E+02  0.0000E+00      -1  -0.943E-01   20.00  0.4131E-08  0.0000E+00
  46   -22.5000     -11.547 0.3293   0.1000E+02  0.8789E-02 -0.1000E+02  0.0000E+00      -1  -0.943E-01   20.00  0.4682E-08  0.0000E+00
  47   -23.0000     -11.547 0.3293   0.1000E+02  0.8789E-02 -0.1000E+02  0.0000E+00      -1  -0.943E-01   20.00  0.5302E-08  0.0000E+00
  48   -23.5000     -11.547 0.3293   0.1000E+02  0.8789E-02 -0.1000E+02  0.0000E+00      -1  -0.943E-01   20.00  0.6001E-08  0.0000E+00
  49   -24.0000     -11.547 0.3293   0.1000E+02  0.8789E-02 -0.1000E+02  0.0000E+00      -1  -0.943E-01   20.00  0.6786E-08  0.0000E+00
  50   -24.5000     -11.547 0.3293   0.1000E+02  0.8789E-02 -0.1000E+02  0.0000E+00      -1  -0.943E-01   20.00  0.7669E-08  0.0000E+00
  51   -25.0000     -11.547 0.3293   0.1000E+02  0.8789E-02 -0.1000E+02  0.0000E+00      -1  -0.943E-01   20.00  0.8661E-08  0.0000E+00
  52   -25.5000     -11.547 0.3293   0.1000E+02  0.8789E-02 -0.1000E+02  0.0000E+00      -1  -0.943E-01   20.00  0.9775E-08  0.0000E+00
  53   -26.0000     -11.547 0.3293   0.1000E+02  0.8789E-02 -0.1000E+02  0.0000E+00      -1  -0.943E-01   20.00  0.1103E-07  0.0000E+00
  54   -26.5000     -11.547 0.3293   0.1000E+02  0.8789E-02 -0.1000E+02  0.0000E+00      -1  -0.943E-01   20.00  0.1243E-07  0.0000E+00
  55   -27.0000     -11.547 0.3293   0.1000E+02  0.8789E-02 -0.1000E+02  0.0000E+00      -1  -0.943E-01   20.00  0.1400E-07  0.0000E+00
  56   -27.5000     -11.547 0.3293   0.1000E+02  0.8789E-02 -0.1000E+02  0.0000E+00      -1  -0.943E-01   20.00  0.1576E-07  0.0000E+00
  57   -28.0000     -11.547 0.3293   0.1000E+02  0.8789E-02 -0.1000E+02  0.0000E+00      -1  -0.943E-01   20.00  0.1773E-07  0.0000E+00
  58   -28.5000     -11.547 0.3293   0.1000E+02  0.8789E-02 -0.1000E+02  0.0000E+00      -1  -0.943E-01   20.00  0.1993E-07  0.0000E+00
  59   -29.0000     -11.547 0.3293   0.1000E+02  0.8789E-02 -0.1000E+02  0.0000E+00      -1  -0.943E-01   20.00  0.2239E-07  0.0000E+00
  60   -29.5000     -11.547 0.3293   0.1000E+02  0.8789E-02 -0.1000E+02  0.0000E+00      -1  -0.943E-01   20.00  0.2514E-07  0.0000E+00
  61   -30.0000     -11.547 0.3293   0.1000E+02  0.8789E-02 -0.1000E+02  0.0000E+00      -1  -0.943E-01   20.00  0.2822E-07  0.0000E+00
  62   -30.5000     -11.547 0.3293   0.1000E+02  0.8789E-02 -0.1000E+02  0.0000E+00      -1  -0.943E-01   20.00  0.3165E-07  0.0000E+00
  63   -31.0000     -11.547 0.3293   0.1000E+02  0.8789E-02 -0.1000E+02  0.0000E+00      -1  -0.943E-01   20.00  0.3547E-07  0.0000E+00
  64   -31.5000     -11.547 0.3293   0.1000E+02  0.8789E-02 -0.1000E+02  0.0000E+00      -1  -0.943E-01   20.00  0.3974E-07  0.0000E+00
  65   -32.0000     -11.547 0.3293   0.1000E+02  0.8789E-02 -0.1000E+02  0.0000E+00      -1  -0.943E-01   20.00  0.4449E-07  0.0000E+00
  66   -32.5000     -11.547 0.3293   0.1000E+02  0.8789E-02 -0.1000E+02  0.0000E+00      -1  -0.943E-01   20.00  0.4978E-07  0.0000E+00
  67   -33.0000     -11.547 0.3293   0.1000E+02  0.8789E-02 -0.1000E+02  0.0000E+00      -1  -0.943E-01   20.00  0.5567E-07  0.0000E+00
  68   -33.5000     -11.547 0.3293   0.1000E+02  0.8789E-02 -0.1000E+02  0.0000E+00      -1  -0.943E-01   20.00  0.6221E-07  0.0000E+00
  69   -34.0000     -11.547 0.3293   0.1000E+02  0.8789E-02 -0.1000E+02  0.0000E+00      -1  -0.943E-01   20.00  0.6949E-07  0.0000E+00
  70   -34.5000     -11.547 0.3293   0.1000E+02  0.8789E-02 -0.1000E+02  0.0000E+00      -1  -0.943E-01   20.00  0.7757E-07  0.0000E+00
  71   -35.0000     -11.547 0.3293   0.1000E+02  0.8789E-02 -0.1000E+02  0.0000E+00      -1  -0.943E-01   20.00  0.8654E-07  0.0000E+00
  72   -35.5000     -11.547 0.3293   0.1000E+02  0.8789E-02 -0.1000E+02  0.0000E+00      -1  -0.943E-01   20.00  0.9650E-07  0.0000E+00
  73   -36.0000     -11.547 0.3293   0.1000E+02  0.8789E-02 -0.1000E+02  0.0000E+00      -1  -0.943E-01   20.00  0.1075E-06  0.0000E+00
  74   -36.5000     -11.547 0.3293   0.1000E+02  0.8789E-02 -0.1000E+02  0.0000E+00      -1  -0.943E-01   20.00  0.1198E-06  0.0000E+00
  75   -37.0000     -11.547 0.3293   0.1000E+02  0.8789E-02 -0.1000E+02  0.0000E+00      -1  -0.943E-01   20.00  0.1333E-06  0.0000E+00
  76   -37.5000     -11.547 0.3293   0.1000E+02  0.8789E-02 -0.1000E+02  0.0000E+00      -1  -0.943E-01   20.00  0.1483E-06  0.0000E+00
  77   -38.0000     -11.547 0.3293   0.1000E+02  0.8789E-02 -0.1000E+02  0.0000E+00      -1  -0.943E-01   20.00  0.1648E-06  0.0000E+00
  78   -38.5000     -11.547 0.3293   0.1000E+02  0.8789E-02 -0.1000E+02  0.0000E+00      -1  -0.943E-01   20.00  0.1832E-06  0.0000E+00
  79   -39.0000     -11.547 0.3293   0.1000E+02  0.8789E-02 -0.1000E+02  0.0000E+00      -1  -0.943E-01   20.00  0.2034E-06  0.0000E+00
  80   -39.5000     -11.547 0.3293   0.1000E+02  0.8789E-02 -0.1000E+02  0.0000E+00      -1  -0.943E-01   20.00  0.2257E-06  0.0000E+00
  81   -40.0000     -11.547 0.3293   0.1000E+02  0.8789E-02 -0.1000E+02  0.0000E+00      -1  -0.943E-01   20.00  0.2503E-06  0.0000E+00
  82   -40.5000     -11.547 0.3293   0.1000E+02  0.8789E-02 -0.1000E+02  0.0000E+00      -1  -0.943E-01   20.00  0.2774E-06  0.0000E+00
  83   -41.0000     -11.547 0.3293   0.1000E+02  0.8789E-02 -0.1000E+02  0.0000E+00      -1  -0.943E-01   20.00  0.3073E-06  0.0000E+00
  84   -41.5000     -11.547 0.3293   0.1000E+02  0.8789E-02 -0.1000E+02  0.0000E+00      -1  -0.943E-01   20.00  0.3401E-06  0.0000E+00
  85   -42.0000     -11.547 0.3293   0.1000E+02  0.8789E-02 -0.1000E+02  0.0000E+00      -1  -0.943E-01   20.00  0.3762E-06  0.0000E+00
  86   -42.5000     -11.547 0.3293   0.1000E+02  0.8789E-02 -0.1000E+02  0.0000E+00      -1  -0.943E-01   20.00  0.4159E-06  0.0000E+00
  87   -43.0000     -11.547 0.3293   0.1000E+02  0.8789E-02 -0.1000E+02  0.0000E+00      -1  -0.943E-01   20.00  0.4594E-06  0.0000E+00
  88   -43.5000     -11.547 0.3293   0.1000E+02  0.8789E-02 -0.1000E+02  0.0000E+00      -1  -0.943E-01   20.00  0.5072E-06  0.0000E+00
  89   -44.0000     -11.547 0.3293   0.1000E+02  0.8789E-02 -0.1000E+02  0.0000E+00      -1  -0.943E-01   20.00  0.5594E-06  0.0000E+00
  90   -44.5000     -11.547 0.3293   0.1000E+02  0.8789E-02 -0.1000E+02  0.0000E+00      -1  -0.943E-01   20.00  0.6167E-06  0.0000E+00
  91   -45.0000     -11.547 0.3293   0.1000E+02  0.8789E-02 -0.1000E+02  0.0000E+00      -1  -0.943E-01   20.00  0.6792E-06  0.0000E+00
  92   -45.5000     -11.547 0.3293   0.1000E+02  0.8789E-02 -0.1000E+02  0.0000E+00      -1  -0.943E-01   20.00  0.7475E-06  0.0000E+00
  93   -46.0000     -11.547 0.3293   0.1000E+02  0.8789E-02 -0.1000E+02  0.0000E+00      -1  -0.943E-01   20.00  0.8220E-06  0.0000E+00
  94   -46.5000     -11.547 0.3293   0.1000E+02  0.8789E-02 -0.1000E+02  0.0000E+00      -1  -0.943E-01   20.00  0.9031E-06  0.0000E+00
  95   -47.0000     -11.547 0.3293   0.1000E+02  0.8789E-02 -0.1000E+02  0.0000E+00      -1  -0.943E-01   20.00  0.9913E-06  0.0000E+00
  96   -47.5000     -11.547 0.3293   0.1000E+02  0.8789E-02 -0.1000E+02  0.0000E+00      -1  -0.943E-01   20.00  0.1087E-05  0.0000E+00
  97   -48.0000     -11.547 0.3293   0.1000E+02  0.8789E-02 -0.1000E+02  0.0000E+00      -1  -0.943E-01   20.00  0.1191E-05  0.0000E+00
  98   -48.5000     -11.547 0.3293   0.1000E+02  0.8789E-02 -0.1000E+02  0.0000E+00      -1  -0.943E-01   20.00  0.1304E-05  0.0000E+00
  99   -49.0000     -11.547 0.3293   0.1000E+02  0.8789E-02 -0.1000E+02  0.0000E+00      -1  -0.943E-01   20.00  0.1425E-05  0.0000E+00
 100   -49.5000     -11.547 0.3293   0.1000E+02  0.8789E-02 -0.1000E+02  0.0000E+00      -1  -0.943E-01   20.00  0.1556E-05  0.0000E+00
 101   -50.0000     -11.547 0.3293   0.1000E+02  0.8789E-02 -0.1000E+02  0.0000E+00      -1  -0.943E-01   20.00  0.1697E-05  0.0000E+00
 102   -50.5000     -11.547 0.3293   0.1000E+02  0.8789E-02 -0.1000E+02  0.0000E+00      -1  -0.943E-01   20.00  0.1849E-05  0.0000E+00
 103   -51.0000     -11.547 0.3293   0.1000E+02  0.8789E-02 -0.1000E+02  0.0000E+00      -1  -0.943E-01   20.00  0.2011E-05  0.0000E+00
 104   -51.5000     -11.547 0.3293   0.1000E+02  0.8789E-02 -0.1000E+02  0.0000E+00      -1  -0.943E-01   20.00  0.2184E-05  0.0000E+00
 105   -52.0000     -11.547 0.3293   0.1000E+02  0.8789E-02 -0.1000E+02  0.0000E+00      -1  -0.943E-01   20.00  0.2368E-05  0.0000E+00
 106   -52.5000     -11.547 0.3293   0.1000E+02  0.8789E-02 -0.1000E+02  0.0000E+00      -1  -0.943E-01   20.00  0.2563E-05  0.0000E+00
 107   -53.0000     -11.547 0.3293   0.1000E+02  0.8789E-02 -0.1000E+02  0.0000E+00      -1  -0.943E-01   20.00  0.2769E-05  0.0000E+00
 108   -53.5000     -11.547 0.3293   0.1000E+02  0.8789E-02 -0.1000E+02  0.0000E+00      -1  -0.943E-01   20.00  0.2985E-05  0.0000E+00
 109   -54.0000     -11.547 0.3293   0.1000E+02  0.8789E-02 -0.1000E+02  0.0000E+00      -1  -0.943E-01   20.00  0.3211E-05  0.0000E+00
 110   -54.5000     -11.547 0.3293   0.1000E+02  0.8789E-02 -0.1000E+02  0.0000E+00      -1  -0.943E-01   20.00  0.3444E-05  0.0000E+00
 111   -55.0000     -11.547 0.3293   0.1000E+02  0.8789E-02 -0.1000E+02  0.0000E+00      -1  -0.943E-01   20.00  0.3685E-05  0.0000E+00
 112   -55.5000     -11.547 0.3293   0.1000E+02  0.8789E-02 -0.1000E+02  0.0000E+00      -1  -0.943E-01   20.00  0.3930E-05  0.0000E+00
 113   -56.0000     -11.547 0.3293   0.1000E+02  0.8789E-02 -0.1000E+02  0.0000E+00      -1  -0.943E-01   20.00  0.4176E-05  0.0000E+00
 114   -56.5000     -11.547 0.3293   0.1000E+02  0.8789E-02 -0.1000E+02  0.0000E+00      -1  -0.943E-01   20.00  0.4419E-05  0.0000E+00
 115   -57.0000     -11.547 0.3293   0.1000E+02  0.8789E-02 -0.1000E+02  0.0000E+00      -1  -0.943E-01   20.00  0.4656E-05  0.0000E+00
 116   -57.5000     -11.547 0.3293   0.1000E+02  0.8789E-02 -0.1000E+02  0.0000E+00      -1  -0.943E-01   20.00  0.4879E-05  0.0000E+00
 117   -58.0000     -11.547 0.3293   0.1000E+02  0.8789E-02 -0.1000E+02  0.0000E+00      -1  -0.943E-01   20.00  0.5081E-05  0.0000E+00
 118   -58.5000     -11.547 0.3293   0.1000E+02  0.8789E-02 -0.1000E+02  0.0000E+00      -1  -0.943E-01   20.00  0.5252E-05  0.0000E+00
 119   -59.0000     -11.547 0.3293   0.1000E+02  0.8789E-02 -0.1000E+02  0.0000E+00      -1  -0.943E-01   20.00  0.5382E-05  0.0000E+00
 120   -59.5000     -11.547 0.3293   0.1000E+02  0.8789E-02 -0.1000E+02  0.0000E+00      -1  -0.943E-01   20.00  0.5455E-05  0.0000E+00
 121   -60.0000     -11.547 0.3293   0.1000E+02  0.8789E-02 -0.1000E+02  0.0000E+00      -1  -0.943E-01   20.00  0.5455E-05  0.0000E+00
end
