 ******* Program HYDRUS
 ******* Infiltration submergee (h=0 en surface), loam, h_init=-100 cm           
 Date:   0. 0.    Time: 512:**:**
 Units: L = cm   , T = days , M = g    


 Time:        0.0000


 Node      Depth      Head Moisture       K          C         Flux        Sink         Kappa   v/KsTop   Temp
           [L]        [L]    [-]        [L/T]      [1/L]      [L/T]        [1/T]         [-]      [-]      [C]

   1     0.0000       0.000 0.4300   0.2496E+02  0.0000E+00 -0.1262E+04  0.0000E+00      -1  -0.506E+02   20.00
   2    -1.0000    -100.000 0.2426   0.3550E-01  0.8182E-03 -0.6312E+03  0.0000E+00      -1  -0.253E+02   20.00
   3    -2.0000    -100.000 0.2426   0.3550E-01  0.8182E-03 -0.3550E-01  0.0000E+00      -1  -0.142E-02   20.00
   4    -3.0000    -100.000 0.2426   0.3550E-01  0.8182E-03 -0.3550E-01  0.0000E+00      -1  -0.142E-02   20.00
   5    -4.0000    -100.000 0.2426   0.3550E-01  0.8182E-03 -0.3550E-01  0.0000E+00      -1  -0.142E-02   20.00
   6    -5.0000    -100.000 0.2426   0.3550E-01  0.8182E-03 -0.3550E-01  0.0000E+00      -1  -0.142E-02   20.00
   7    -6.0000    -100.000 0.2426   0.3550E-01  0.8182E-03 -0.3550E-01  0.0000E+00      -1  -0.142E-02   20.00
   8    -7.0000    -100.000 0.2426   0.3550E-01  0.8182E-03 -0.3550E-01  0.0000E+00      -1  -0.142E-02   20.00
   9    -8.0000    -100.000 0.2426   0.3550E-01  0.8182E-03 -0.3550E-01  0.0000E+00      -1  -0.142E-02   20.00
  10    -9.0000    -100.000 0.2426   0.3550E-01  0.8182E-03 -0.3550E-01  0.0000E+00      -1  -0.142E-02   20.00
  11   -10.0000    -100.000 0.2426   0.3550E-01  0.8182E-03 -0.3550E-01  0.0000E+00      -1  -0.142E-02   20.00
  12   -11.0000    -100.000 0.2426   0.3550E-01  0.8182E-03 -0.3550E-01  0.0000E+00      -1  -0.142E-02   20.00
  13   -12.0000    -100.000 0.2426   0.3550E-01  0.8182E-03 -0.3550E-01  0.0000E+00      -1  -0.142E-02   20.00
  14   -13.0000    -100.000 0.2426   0.3550E-01  0.8182E-03 -0.3550E-01  0.0000E+00      -1  -0.142E-02   20.00
  15   -14.0000    -100.000 0.2426   0.3550E-01  0.8182E-03 -0.3550E-01  0.0000E+00      -1  -0.142E-02   20.00
  16   -15.0000    -100.000 0.2426   0.3550E-01  0.8182E-03 -0.3550E-01  0.0000E+00      -1  -0.142E-02   20.00
  17   -16.0000    -100.000 0.2426   0.3550E-01  0.8182E-03 -0.3550E-01  0.0000E+00      -1  -0.142E-02   20.00
  18   -17.0000    -100.000 0.2426   0.3550E-01  0.8182E-03 -0.3550E-01  0.0000E+00      -1  -0.142E-02   20.00
  19   -18.0000    -100.000 0.2426   0.3550E-01  0.8182E-03 -0.3550E-01  0.0000E+00      -1  -0.142E-02   20.00
  20   -19.0000    -100.000 0.2426   0.3550E-01  0.8182E-03 -0.3550E-01  0.0000E+00      -1  -0.142E-02   20.00
  21   -20.0000    -100.000 0.2426   0.3550E-01  0.8182E-03 -0.3550E-01  0.0000E+00      -1  -0.142E-02   20.00
  22   -21.0000    -100.000 0.2426   0.3550E-01  0.8182E-03 -0.3550E-01  0.0000E+00      -1  -0.142E-02   20.00
  23   -22.0000    -100.000 0.2426   0.3550E-01  0.8182E-03 -0.3550E-01  0.0000E+00      -1  -0.142E-02   20.00
  24   -23.0000    -100.000 0.2426   0.3550E-01  0.8182E-03 -0.3550E-01  0.0000E+00      -1  -0.142E-02   20.00
  25   -24.0000    -100.000 0.2426   0.3550E-01  0.8182E-03 -0.3550E-01  0.0000E+00      -1  -0.142E-02   20.00
  26   -25.0000    -100.000 0.2426   0.3550E-01  0.8182E-03 -0.3550E-01  0.0000E+00      -1  -0.142E-02   20.00
  27   -26.0000    -100.000 0.2426   0.3550E-01  0.8182E-03 -0.3550E-01  0.0000E+00      -1  -0.142E-02   20.00
  28   -27.0000    -100.000 0.2426   0.3550E-01  0.8182E-03 -0.3550E-01  0.0000E+00      -1  -0.142E-02   20.00
  29   -28.0000    -100.000 0.2426   0.3550E-01  0.8182E-03 -0.3550E-01  0.0000E+00      -1  -0.142E-02   20.00
  30   -29.0000    -100.000 0.2426   0.3550E-01  0.8182E-03 -0.3550E-01  0.0000E+00      -1  -0.142E-02   20.00
  31   -30.0000    -100.000 0.2426   0.3550E-01  0.8182E-03 -0.3550E-01  0.0000E+00      -1  -0.142E-02   20.00
  32   -31.0000    -100.000 0.2426   0.3550E-01  0.8182E-03 -0.3550E-01  0.0000E+00      -1  -0.142E-02   20.00
  33   -32.0000    -100.000 0.2426   0.3550E-01  0.8182E-03 -0.3550E-01  0.0000E+00      -1  -0.142E-02   20.00
  34   -33.0000    -100.000 0.2426   0.3550E-01  0.8182E-03 -0.3550E-01  0.0000E+00      -1  -0.142E-02   20.00
  35   -34.0000    -100.000 0.2426   0.3550E-01  0.8182E-03 -0.3550E-01  0.0000E+00      -1  -0.142E-02   20.00
  36   -35.0000    -100.000 0.2426   0.3550E-01  0.8182E-03 -0.3550E-01  0.0000E+00      -1  -0.142E-02   20.00
  37   -36.0000    -100.000 0.2426   0.3550E-01  0.8182E-03 -0.3550E-01  0.0000E+00      -1  -0.142E-02   20.00
  38   -37.0000    -100.000 0.2426   0.3550E-01  0.8182E-03 -0.3550E-01  0.0000E+00      -1  -0.142E-02   20.00
  39   -38.0000    -100.000 0.2426   0.3550E-01  0.8182E-03 -0.3550E-01  0.0000E+00      -1  -0.142E-02   20.00
  40   -39.0000    -100.000 0.2426   0.3550E-01  0.8182E-03 -0.3550E-01  0.0000E+00      -1  -0.142E-02   20.00
  41   -40.0000    -100.000 0.2426   0.3550E-01  0.8182E-03 -0.3550E-01  0.0000E+00      -1  -0.142E-02   20.00
  42   -41.0000    -100.000 0.2426   0.3550E-01  0.8182E-03 -0.3550E-01  0.0000E+00      -1  -0.142E-02   20.00
  43   -42.0000    -100.000 0.2426   0.3550E-01  0.8182E-03 -0.3550E-01  0.0000E+00      -1  -0.142E-02   20.00
  44   -43.0000    -100.000 0.2426   0.3550E-01  0.8182E-03 -0.3550E-01  0.0000E+00      -1  -0.142E-02   20.00
  45   -44.0000    -100.000 0.2426   0.3550E-01  0.8182E-03 -0.3550E-01  0.0000E+00      -1  -0.142E-02   20.00
  46   -45.0000    -100.000 0.2426   0.3550E-01  0.8182E-03 -0.3550E-01  0.0000E+00      -1  -0.142E-02   20.00
  47   -46.0000    -100.000 0.2426   0.3550E-01  0.8182E-03 -0.3550E-01  0.0000E+00      -1  -0.142E-02   20.00
  48   -47.0000    -100.000 0.2426   0.3550E-01  0.8182E-03 -0.3550E-01  0.0000E+00      -1  -0.142E-02   20.00
  49   -48.0000    -100.000 0.2426   0.3550E-01  0.8182E-03 -0.3550E-01  0.0000E+00      -1  -0.142E-02   20.00
  50   -49.0000    -100.000 0.2426   0.3550E-01  0.8182E-03 -0.3550E-01  0.0000E+00      -1  -0.142E-02   20.00
  51   -50.0000    -100.000 0.2426   0.3550E-01  0.8182E-03 -0.3550E-01  0.0000E+00      -1  -0.142E-02   20.00
  52   -51.0000    -100.000 0.2426   0.3550E-01  0.8182E-03 -0.3550E-01  0.0000E+00      -1  -0.142E-02   20.00
  53   -52.0000    -100.000 0.2426   0.3550E-01  0.8182E-03 -0.3550E-01  0.0000E+00      -1  -0.142E-02   20.00
  54   -53.0000    -100.000 0.2426   0.3550E-01  0.8182E-03 -0.3550E-01  0.0000E+00      -1  -0.142E-02   20.00
  55   -54.0000    -100.000 0.2426   0.3550E-01  0.8182E-03 -0.3550E-01  0.0000E+00      -1  -0.142E-02   20.00
  56   -55.0000    -100.000 0.2426   0.3550E-01  0.8182E-03 -0.3550E-01  0.0000E+00      -1  -0.142E-02   20.00
  57   -56.0000    -100.000 0.2426   0.3550E-01  0.8182E-03 -0.3550E-01  0.0000E+00      -1  -0.142E-02   20.00
  58   -57.0000    -100.000 0.2426   0.3550E-01  0.8182E-03 -0.3550E-01  0.0000E+00      -1  -0.142E-02   20.00
  59   -58.0000    -100.000 0.2426   0.3550E-01  0.8182E-03 -0.3550E-01  0.0000E+00      -1  -0.142E-02   20.00
  60   -59.0000    -100.000 0.2426   0.3550E-01  0.8182E-03 -0.3550E-01  0.0000E+00      -1  -0.142E-02   20.00
  61   -60.0000    -100.000 0.2426   0.3550E-01  0.8182E-03 -0.3550E-01  0.0000E+00      -1  -0.142E-02   20.00
  62   -61.0000    -100.000 0.2426   0.3550E-01  0.8182E-03 -0.3550E-01  0.0000E+00      -1  -0.142E-02   20.00
  63   -62.0000    -100.000 0.2426   0.3550E-01  0.8182E-03 -0.3550E-01  0.0000E+00      -1  -0.142E-02   20.00
  64   -63.0000    -100.000 0.2426   0.3550E-01  0.8182E-03 -0.3550E-01  0.0000E+00      -1  -0.142E-02   20.00
  65   -64.0000    -100.000 0.2426   0.3550E-01  0.8182E-03 -0.3550E-01  0.0000E+00      -1  -0.142E-02   20.00
  66   -65.0000    -100.000 0.2426   0.3550E-01  0.8182E-03 -0.3550E-01  0.0000E+00      -1  -0.142E-02   20.00
  67   -66.0000    -100.000 0.2426   0.3550E-01  0.8182E-03 -0.3550E-01  0.0000E+00      -1  -0.142E-02   20.00
  68   -67.0000    -100.000 0.2426   0.3550E-01  0.8182E-03 -0.3550E-01  0.0000E+00      -1  -0.142E-02   20.00
  69   -68.0000    -100.000 0.2426   0.3550E-01  0.8182E-03 -0.3550E-01  0.0000E+00      -1  -0.142E-02   20.00
  70   -69.0000    -100.000 0.2426   0.3550E-01  0.8182E-03 -0.3550E-01  0.0000E+00      -1  -0.142E-02   20.00
  71   -70.0000    -100.000 0.2426   0.3550E-01  0.8182E-03 -0.3550E-01  0.0000E+00      -1  -0.142E-02   20.00
  72   -71.0000    -100.000 0.2426   0.3550E-01  0.8182E-03 -0.3550E-01  0.0000E+00      -1  -0.142E-02   20.00
  73   -72.0000    -100.000 0.2426   0.3550E-01  0.8182E-03 -0.3550E-01  0.0000E+00      -1  -0.142E-02   20.00
  74   -73.0000    -100.000 0.2426   0.3550E-01  0.8182E-03 -0.3550E-01  0.0000E+00      -1  -0.142E-02   20.00
  75   -74.0000    -100.000 0.2426   0.3550E-01  0.8182E-03 -0.3550E-01  0.0000E+00      -1  -0.142E-02   20.00
  76   -75.0000    -100.000 0.2426   0.3550E-01  0.8182E-03 -0.3550E-01  0.0000E+00      -1  -0.142E-02   20.00
  77   -76.0000    -100.000 0.2426   0.3550E-01  0.8182E-03 -0.3550E-01  0.0000E+00      -1  -0.142E-02   20.00
  78   -77.0000    -100.000 0.2426   0.3550E-01  0.8182E-03 -0.3550E-01  0.0000E+00      -1  -0.142E-02   20.00
  79   -78.0000    -100.000 0.2426   0.3550E-01  0.8182E-03 -0.3550E-01  0.0000E+00      -1  -0.142E-02   20.00
  80   -79.0000    -100.000 0.2426   0.3550E-01  0.8182E-03 -0.3550E-01  0.0000E+00      -1  -0.142E-02   20.00
  81   -80.0000    -100.000 0.2426   0.3550E-01  0.8182E-03 -0.3550E-01  0.0000E+00      -1  -0.142E-02   20.00
  82   -81.0000    -100.000 0.2426   0.3550E-01  0.8182E-03 -0.3550E-01  0.0000E+00      -1  -0.142E-02   20.00
  83   -82.0000    -100.000 0.2426   0.3550E-01  0.8182E-03 -0.3550E-01  0.0000E+00      -1  -0.142E-02   20.00
  84   -83.0000    -100.000 0.2426   0.3550E-01  0.8182E-03 -0.3550E-01  0.0000E+00      -1  -0.142E-02   20.00
  85   -84.0000    -100.000 0.2426   0.3550E-01  0.8182E-03 -0.3550E-01  0.0000E+00      -1  -0.142E-02   20.00
  86   -85.0000    -100.000 0.2426   0.3550E-01  0.8182E-03 -0.3550E-01  0.0000E+00      -1  -0.142E-02   20.00
  87   -86.0000    -100.000 0.2426   0.3550E-01  0.8182E-03 -0.3550E-01  0.0000E+00      -1  -0.142E-02   20.00
  88   -87.0000    -100.000 0.2426   0.3550E-01  0.8182E-03 -0.3550E-01  0.0000E+00      -1  -0.142E-02   20.00
  89   -88.0000    -100.000 0.2426   0.3550E-01  0.8182E-03 -0.3550E-01  0.0000E+00      -1  -0.142E-02   20.00
  90   -89.0000    -100.000 0.2426   0.3550E-01  0.8182E-03 -0.3550E-01  0.0000E+00      -1  -0.142E-02   20.00
  91   -90.0000    -100.000 0.2426   0.3550E-01  0.8182E-03 -0.3550E-01  0.0000E+00      -1  -0.142E-02   20.00
  92   -91.0000    -100.000 0.2426   0.3550E-01  0.8182E-03 -0.3550E-01  0.0000E+00      -1  -0.142E-02   20.00
  93   -92.0000    -100.000 0.2426   0.3550E-01  0.8182E-03 -0.3550E-01  0.0000E+00      -1  -0.142E-02   20.00
  94   -93.0000    -100.000 0.2426   0.3550E-01  0.8182E-03 -0.3550E-01  0.0000E+00      -1  -0.142E-02   20.00
  95   -94.0000    -100.000 0.2426   0.3550E-01  0.8182E-03 -0.3550E-01  0.0000E+00      -1  -0.142E-02   20.00
  96   -95.0000    -100.000 0.2426   0.3550E-01  0.8182E-03 -0.3550E-01  0.0000E+00      -1  -0.142E-02   20.00
  97   -96.0000    -100.000 0.2426   0.3550E-01  0.8182E-03 -0.3550E-01  0.0000E+00      -1  -0.142E-02   20.00
  98   -97.0000    -100.000 0.2426   0.3550E-01  0.8182E-03 -0.3550E-01  0.0000E+00      -1  -0.142E-02   20.00
  99   -98.0000    -100.000 0.2426   0.3550E-01  0.8182E-03 -0.3550E-01  0.0000E+00      -1  -0.142E-02   20.00
 100   -99.0000    -100.000 0.2426   0.3550E-01  0.8182E-03 -0.3550E-01  0.0000E+00      -1  -0.142E-02   20.00
 101  -100.0000    -100.000 0.2426   0.3550E-01  0.8182E-03 -0.3550E-01  0.0000E+00      -1  -0.142E-02   20.00
end


 Time:        0.0500


 Node      Depth      Head Moisture       K          C         Flux        Sink         Kappa   v/KsTop   Temp
           [L]        [L]    [-]        [L/T]      [1/L]      [L/T]        [1/T]         [-]      [-]      [C]

   1     0.0000       0.000 0.4300   0.2496E+02  0.0000E+00 -0.2715E+02  0.0000E+00      -1  -0.109E+01   20.00
   2    -1.0000      -0.147 0.4300   0.2238E+02  0.3763E-03 -0.2715E+02  0.0000E+00      -1  -0.109E+01   20.00
   3    -2.0000      -0.414 0.4298   0.2045E+02  0.6709E-03 -0.2714E+02  0.0000E+00      -1  -0.109E+01   20.00
   4    -3.0000      -0.805 0.4295   0.1857E+02  0.9696E-03 -0.2712E+02  0.0000E+00      -1  -0.109E+01   20.00
   5    -4.0000      -1.344 0.4289   0.1666E+02  0.1283E-02 -0.2707E+02  0.0000E+00      -1  -0.108E+01   20.00
   6    -5.0000      -2.068 0.4278   0.1470E+02  0.1615E-02 -0.2697E+02  0.0000E+00      -1  -0.108E+01   20.00
   7    -6.0000      -3.035 0.4261   0.1266E+02  0.1966E-02 -0.2678E+02  0.0000E+00      -1  -0.107E+01   20.00
   8    -7.0000      -4.328 0.4233   0.1059E+02  0.2324E-02 -0.2646E+02  0.0000E+00      -1  -0.106E+01   20.00
   9    -8.0000      -6.083 0.4189   0.8468E+01  0.2679E-02 -0.2591E+02  0.0000E+00      -1  -0.104E+01   20.00
  10    -9.0000      -8.526 0.4119   0.6383E+01  0.2988E-02 -0.2499E+02  0.0000E+00      -1  -0.100E+01   20.00
  11   -10.0000     -12.084 0.4008   0.4333E+01  0.3202E-02 -0.2346E+02  0.0000E+00      -1  -0.940E+00   20.00
  12   -11.0000     -17.618 0.3830   0.2554E+01  0.3184E-02 -0.2092E+02  0.0000E+00      -1  -0.838E+00   20.00
  13   -12.0000     -26.987 0.3549   0.1178E+01  0.2803E-02 -0.1674E+02  0.0000E+00      -1  -0.671E+00   20.00
  14   -13.0000     -44.173 0.3140   0.3761E+00  0.2021E-02 -0.1054E+02  0.0000E+00      -1  -0.422E+00   20.00
  15   -14.0000     -72.763 0.2694   0.9340E-01  0.1211E-02 -0.4231E+01  0.0000E+00      -1  -0.170E+00   20.00
  16   -15.0000     -94.178 0.2472   0.4177E-01  0.8783E-03 -0.8742E+00  0.0000E+00      -1  -0.350E-01   20.00
  17   -16.0000     -99.168 0.2432   0.3617E-01  0.8258E-03 -0.1477E+00  0.0000E+00      -1  -0.592E-02   20.00
  18   -17.0000     -99.894 0.2427   0.3558E-01  0.8192E-03 -0.5039E-01  0.0000E+00      -1  -0.202E-02   20.00
  19   -18.0000     -99.987 0.2426   0.3551E-01  0.8183E-03 -0.3737E-01  0.0000E+00      -1  -0.150E-02   20.00
  20   -19.0000     -99.998 0.2426   0.3550E-01  0.8182E-03 -0.3573E-01  0.0000E+00      -1  -0.143E-02   20.00
  21   -20.0000    -100.000 0.2426   0.3550E-01  0.8182E-03 -0.3552E-01  0.0000E+00      -1  -0.142E-02   20.00
  22   -21.0000    -100.000 0.2426   0.3550E-01  0.8182E-03 -0.3550E-01  0.0000E+00      -1  -0.142E-02   20.00
  23   -22.0000    -100.000 0.2426   0.3550E-01  0.8182E-03 -0.3550E-01  0.0000E+00      -1  -0.142E-02   20.00
  24   -23.0000    -100.000 0.2426   0.3550E-01  0.8182E-03 -0.3550E-01  0.0000E+00      -1  -0.142E-02   20.00
  25   -24.0000    -100.000 0.2426   0.3550E-01  0.8182E-03 -0.3550E-01  0.0000E+00      -1  -0.142E-02   20.00
  26   -25.0000    -100.000 0.2426   0.3550E-01  0.8182E-03 -0.3550E-01  0.0000E+00      -1  -0.142E-02   20.00
  27   -26.0000    -100.000 0.2426   0.3550E-01  0.8182E-03 -0.3550E-01  0.0000E+00      -1  -0.142E-02   20.00
  28   -27.0000    -100.000 0.2426   0.3550E-01  0.8182E-03 -0.3550E-01  0.0000E+00      -1  -0.142E-02   20.00
  29   -28.0000    -100.000 0.2426   0.3550E-01  0.8182E-03 -0.3550E-01  0.0000E+00      -1  -0.142E-02   20.00
  30   -29.0000    -100.000 0.2426   0.3550E-01  0.8182E-03 -0.3550E-01  0.0000E+00      -1  -0.142E-02   20.00
  31   -30.0000    -100.000 0.2426   0.3550E-01  0.8182E-03 -0.3550E-01  0.0000E+00      -1  -0.142E-02   20.00
  32   -31.0000    -100.000 0.2426   0.3550E-01  0.8182E-03 -0.3550E-01  0.0000E+00      -1  -0.142E-02   20.00
  33   -32.0000    -100.000 0.2426   0.3550E-01  0.8182E-03 -0.3550E-01  0.0000E+00      -1  -0.142E-02   20.00
  34   -33.0000    -100.000 0.2426   0.3550E-01  0.8182E-03 -0.3550E-01  0.0000E+00      -1  -0.142E-02   20.00
  35   -34.0000    -100.000 0.2426   0.3550E-01  0.8182E-03 -0.3550E-01  0.0000E+00      -1  -0.142E-02   20.00
  36   -35.0000    -100.000 0.2426   0.3550E-01  0.8182E-03 -0.3550E-01  0.0000E+00      -1  -0.142E-02   20.00
  37   -36.0000    -100.000 0.2426   0.3550E-01  0.8182E-03 -0.3550E-01  0.0000E+00      -1  -0.142E-02   20.00
  38   -37.0000    -100.000 0.2426   0.3550E-01  0.8182E-03 -0.3550E-01  0.0000E+00      -1  -0.142E-02   20.00
  39   -38.0000    -100.000 0.2426   0.3550E-01  0.8182E-03 -0.3550E-01  0.0000E+00      -1  -0.142E-02   20.00
  40   -39.0000    -100.000 0.2426   0.3550E-01  0.8182E-03 -0.3550E-01  0.0000E+00      -1  -0.142E-02   20.00
  41   -40.0000    -100.000 0.2426   0.3550E-01  0.8182E-03 -0.3550E-01  0.0000E+00      -1  -0.142E-02   20.00
  42   -41.0000    -100.000 0.2426   0.3550E-01  0.8182E-03 -0.3550E-01  0.0000E+00      -1  -0.142E-02   20.00
  43   -42.0000    -100.000 0.2426   0.3550E-01  0.8182E-03 -0.3550E-01  0.0000E+00      -1  -0.142E-02   20.00
  44   -43.0000    -100.000 0.2426   0.3550E-01  0.8182E-03 -0.3550E-01  0.0000E+00      -1  -0.142E-02   20.00
  45   -44.0000    -100.000 0.2426   0.3550E-01  0.8182E-03 -0.3550E-01  0.0000E+00      -1  -0.142E-02   20.00
  46   -45.0000    -100.000 0.2426   0.3550E-01  0.8182E-03 -0.3550E-01  0.0000E+00      -1  -0.142E-02   20.00
  47   -46.0000    -100.000 0.2426   0.3550E-01  0.8182E-03 -0.3550E-01  0.0000E+00      -1  -0.142E-02   20.00
  48   -47.0000    -100.000 0.2426   0.3550E-01  0.8182E-03 -0.3550E-01  0.0000E+00      -1  -0.142E-02   20.00
  49   -48.0000    -100.000 0.2426   0.3550E-01  0.8182E-03 -0.3550E-01  0.0000E+00      -1  -0.142E-02   20.00
  50   -49.0000    -100.000 0.2426   0.3550E-01  0.8182E-03 -0.3550E-01  0.0000E+00      -1  -0.142E-02   20.00
  51   -50.0000    -100.000 0.2426   0.3550E-01  0.8182E-03 -0.3550E-01  0.0000E+00      -1  -0.142E-02   20.00
  52   -51.0000    -100.000 0.2426   0.3550E-01  0.8182E-03 -0.3550E-01  0.0000E+00      -1  -0.142E-02   20.00
  53   -52.0000    -100.000 0.2426   0.3550E-01  0.8182E-03 -0.3550E-01  0.0000E+00      -1  -0.142E-02   20.00
  54   -53.0000    -100.000 0.2426   0.3550E-01  0.8182E-03 -0.3550E-01  0.0000E+00      -1  -0.142E-02   20.00
  55   -54.0000    -100.000 0.2426   0.3550E-01  0.8182E-03 -0.3550E-01  0.0000E+00      -1  -0.142E-02   20.00
  56   -55.0000    -100.000 0.2426   0.3550E-01  0.8182E-03 -0.3550E-01  0.0000E+00      -1  -0.142E-02   20.00
  57   -56.0000    -100.000 0.2426   0.3550E-01  0.8182E-03 -0.3550E-01  0.0000E+00      -1  -0.142E-02   20.00
  58   -57.0000    -100.000 0.2426   0.3550E-01  0.8182E-03 -0.3550E-01  0.0000E+00      -1  -0.142E-02   20.00
  59   -58.0000    -100.000 0.2426   0.3550E-01  0.8182E-03 -0.3550E-01  0.0000E+00      -1  -0.142E-02   20.00
  60   -59.0000    -100.000 0.2426   0.3550E-01  0.8182E-03 -0.3550E-01  0.0000E+00      -1  -0.142E-02   20.00
  61   -60.0000    -100.000 0.2426   0.3550E-01  0.8182E-03 -0.3550E-01  0.0000E+00      -1  -0.142E-02   20.00
  62   -61.0000    -100.000 0.2426   0.3550E-01  0.8182E-03 -0.3550E-01  0.0000E+00      -1  -0.142E-02   20.00
  63   -62.0000    -100.000 0.2426   0.3550E-01  0.8182E-03 -0.3550E-01  0.0000E+00      -1  -0.142E-02   20.00
  64   -63.0000    -100.000 0.2426   0.3550E-01  0.8182E-03 -0.3550E-01  0.0000E+00      -1  -0.142E-02   20.00
  65   -64.0000    -100.000 0.2426   0.3550E-01  0.8182E-03 -0.3550E-01  0.0000E+00      -1  -0.142E-02   20.00
  66   -65.0000    -100.000 0.2426   0.3550E-01  0.8182E-03 -0.3550E-01  0.0000E+00      -1  -0.142E-02   20.00
  67   -66.0000    -100.000 0.2426   0.3550E-01  0.8182E-03 -0.3550E-01  0.0000E+00      -1  -0.142E-02   20.00
  68   -67.0000    -100.000 0.2426   0.3550E-01  0.8182E-03 -0.3550E-01  0.0000E+00      -1  -0.142E-02   20.00
  69   -68.0000    -100.000 0.2426   0.3550E-01  0.8182E-03 -0.3550E-01  0.0000E+00      -1  -0.142E-02   20.00
  70   -69.0000    -100.000 0.2426   0.3550E-01  0.8182E-03 -0.3550E-01  0.0000E+00      -1  -0.142E-02   20.00
  71   -70.0000    -100.000 0.2426   0.3550E-01  0.8182E-03 -0.3550E-01  0.0000E+00      -1  -0.142E-02   20.00
  72   -71.0000    -100.000 0.2426   0.3550E-01  0.8182E-03 -0.3550E-01  0.0000E+00      -1  -0.142E-02   20.00
  73   -72.0000    -100.000 0.2426   0.3550E-01  0.8182E-03 -0.3550E-01  0.0000E+00      -1  -0.142E-02   20.00
  74   -73.0000    -100.000 0.2426   0.3550E-01  0.8182E-03 -0.3550E-01  0.0000E+00      -1  -0.142E-02   20.00
  75   -74.0000    -100.000 0.2426   0.3550E-01  0.8182E-03 -0.3550E-01  0.0000E+00      -1  -0.142E-02   20.00
  76   -75.0000    -100.000 0.2426   0.3550E-01  0.8182E-03 -0.3550E-01  0.0000E+00      -1  -0.142E-02   20.00
  77   -76.0000    -100.000 0.2426   0.3550E-01  0.8182E-03 -0.3550E-01  0.0000E+00      -1  -0.142E-02   20.00
  78   -77.0000    -100.000 0.2426   0.3550E-01  0.8182E-03 -0.3550E-01  0.0000E+00      -1  -0.142E-02   20.00
  79   -78.0000    -100.000 0.2426   0.3550E-01  0.8182E-03 -0.3550E-01  0.0000E+00      -1  -0.142E-02   20.00
  80   -79.0000    -100.000 0.2426   0.3550E-01  0.8182E-03 -0.3550E-01  0.0000E+00      -1  -0.142E-02   20.00
  81   -80.0000    -100.000 0.2426   0.3550E-01  0.8182E-03 -0.3550E-01  0.0000E+00      -1  -0.142E-02   20.00
  82   -81.0000    -100.000 0.2426   0.3550E-01  0.8182E-03 -0.3550E-01  0.0000E+00      -1  -0.142E-02   20.00
  83   -82.0000    -100.000 0.2426   0.3550E-01  0.8182E-03 -0.3550E-01  0.0000E+00      -1  -0.142E-02   20.00
  84   -83.0000    -100.000 0.2426   0.3550E-01  0.8182E-03 -0.3550E-01  0.0000E+00      -1  -0.142E-02   20.00
  85   -84.0000    -100.000 0.2426   0.3550E-01  0.8182E-03 -0.3550E-01  0.0000E+00      -1  -0.142E-02   20.00
  86   -85.0000    -100.000 0.2426   0.3550E-01  0.8182E-03 -0.3550E-01  0.0000E+00      -1  -0.142E-02   20.00
  87   -86.0000    -100.000 0.2426   0.3550E-01  0.8182E-03 -0.3550E-01  0.0000E+00      -1  -0.142E-02   20.00
  88   -87.0000    -100.000 0.2426   0.3550E-01  0.8182E-03 -0.3550E-01  0.0000E+00      -1  -0.142E-02   20.00
  89   -88.0000    -100.000 0.2426   0.3550E-01  0.8182E-03 -0.3550E-01  0.0000E+00      -1  -0.142E-02   20.00
  90   -89.0000    -100.000 0.2426   0.3550E-01  0.8182E-03 -0.3550E-01  0.0000E+00      -1  -0.142E-02   20.00
  91   -90.0000    -100.000 0.2426   0.3550E-01  0.8182E-03 -0.3550E-01  0.0000E+00      -1  -0.142E-02   20.00
  92   -91.0000    -100.000 0.2426   0.3550E-01  0.8182E-03 -0.3550E-01  0.0000E+00      -1  -0.142E-02   20.00
  93   -92.0000    -100.000 0.2426   0.3550E-01  0.8182E-03 -0.3550E-01  0.0000E+00      -1  -0.142E-02   20.00
  94   -93.0000    -100.000 0.2426   0.3550E-01  0.8182E-03 -0.3550E-01  0.0000E+00      -1  -0.142E-02   20.00
  95   -94.0000    -100.000 0.2426   0.3550E-01  0.8182E-03 -0.3550E-01  0.0000E+00      -1  -0.142E-02   20.00
  96   -95.0000    -100.000 0.2426   0.3550E-01  0.8182E-03 -0.3550E-01  0.0000E+00      -1  -0.142E-02   20.00
  97   -96.0000    -100.000 0.2426   0.3550E-01  0.8182E-03 -0.3550E-01  0.0000E+00      -1  -0.142E-02   20.00
  98   -97.0000    -100.000 0.2426   0.3550E-01  0.8182E-03 -0.3550E-01  0.0000E+00      -1  -0.142E-02   20.00
  99   -98.0000    -100.000 0.2426   0.3550E-01  0.8182E-03 -0.3550E-01  0.0000E+00      -1  -0.142E-02   20.00
 100   -99.0000    -100.000 0.2426   0.3550E-01  0.8182E-03 -0.3550E-01  0.0000E+00      -1  -0.142E-02   20.00
 101  -100.0000    -100.000 0.2426   0.3550E-01  0.8182E-03 -0.3550E-01  0.0000E+00      -1  -0.142E-02   20.00
end


 Time:        0.1000


 Node      Depth      Head Moisture       K          C         Flux        Sink         Kappa   v/KsTop   Temp
           [L]        [L]    [-]        [L/T]      [1/L]      [L/T]        [1/T]         [-]      [-]      [C]

   1     0.0000       0.000 0.4300   0.2496E+02  0.0000E+00 -0.2455E+02  0.0000E+00      -1  -0.984E+00   20.00
   2    -1.0000       0.012 0.4300   0.2474E+02  0.3113E-04 -0.2455E+02  0.0000E+00      -1  -0.984E+00   20.00
   3    -2.0000       0.005 0.4300   0.2402E+02  0.1354E-03 -0.2455E+02  0.0000E+00      -1  -0.984E+00   20.00
   4    -3.0000      -0.032 0.4300   0.2333E+02  0.2363E-03 -0.2455E+02  0.0000E+00      -1  -0.984E+00   20.00
   5    -4.0000      -0.102 0.4300   0.2259E+02  0.3451E-03 -0.2455E+02  0.0000E+00      -1  -0.984E+00   20.00
   6    -5.0000      -0.209 0.4299   0.2174E+02  0.4730E-03 -0.2455E+02  0.0000E+00      -1  -0.983E+00   20.00
   7    -6.0000      -0.364 0.4299   0.2075E+02  0.6249E-03 -0.2454E+02  0.0000E+00      -1  -0.983E+00   20.00
   8    -7.0000      -0.580 0.4297   0.1962E+02  0.8020E-03 -0.2453E+02  0.0000E+00      -1  -0.983E+00   20.00
   9    -8.0000      -0.871 0.4294   0.1837E+02  0.1002E-02 -0.2451E+02  0.0000E+00      -1  -0.982E+00   20.00
  10    -9.0000      -1.257 0.4290   0.1700E+02  0.1227E-02 -0.2447E+02  0.0000E+00      -1  -0.980E+00   20.00
  11   -10.0000      -1.760 0.4283   0.1552E+02  0.1474E-02 -0.2441E+02  0.0000E+00      -1  -0.978E+00   20.00
  12   -11.0000      -2.413 0.4272   0.1395E+02  0.1743E-02 -0.2429E+02  0.0000E+00      -1  -0.973E+00   20.00
  13   -12.0000      -3.258 0.4256   0.1231E+02  0.2028E-02 -0.2411E+02  0.0000E+00      -1  -0.966E+00   20.00
  14   -13.0000      -4.355 0.4232   0.1058E+02  0.2327E-02 -0.2382E+02  0.0000E+00      -1  -0.954E+00   20.00
  15   -14.0000      -5.800 0.4196   0.8767E+01  0.2632E-02 -0.2336E+02  0.0000E+00      -1  -0.936E+00   20.00
  16   -15.0000      -7.731 0.4142   0.6975E+01  0.2907E-02 -0.2264E+02  0.0000E+00      -1  -0.907E+00   20.00
  17   -16.0000     -10.373 0.4062   0.5222E+01  0.3123E-02 -0.2157E+02  0.0000E+00      -1  -0.864E+00   20.00
  18   -17.0000     -14.152 0.3941   0.3535E+01  0.3228E-02 -0.1992E+02  0.0000E+00      -1  -0.798E+00   20.00
  19   -18.0000     -19.882 0.3759   0.2084E+01  0.3117E-02 -0.1735E+02  0.0000E+00      -1  -0.695E+00   20.00
  20   -19.0000     -29.208 0.3486   0.9743E+00  0.2695E-02 -0.1359E+02  0.0000E+00      -1  -0.544E+00   20.00
  21   -20.0000     -45.465 0.3113   0.3451E+00  0.1968E-02 -0.8664E+01  0.0000E+00      -1  -0.347E+00   20.00
  22   -21.0000     -71.077 0.2716   0.1017E+00  0.1249E-02 -0.3790E+01  0.0000E+00      -1  -0.152E+00   20.00
  23   -22.0000     -92.271 0.2491   0.4564E-01  0.9061E-03 -0.9670E+00  0.0000E+00      -1  -0.387E-01   20.00
  24   -23.0000     -98.520 0.2437   0.3670E-01  0.8318E-03 -0.1896E+00  0.0000E+00      -1  -0.760E-02   20.00
  25   -24.0000     -99.751 0.2428   0.3570E-01  0.8205E-03 -0.6190E-01  0.0000E+00      -1  -0.248E-02   20.00
  26   -25.0000     -99.959 0.2426   0.3553E-01  0.8186E-03 -0.3988E-01  0.0000E+00      -1  -0.160E-02   20.00
  27   -26.0000     -99.993 0.2426   0.3550E-01  0.8183E-03 -0.3621E-01  0.0000E+00      -1  -0.145E-02   20.00
  28   -27.0000     -99.999 0.2426   0.3550E-01  0.8182E-03 -0.3561E-01  0.0000E+00      -1  -0.143E-02   20.00
  29   -28.0000    -100.000 0.2426   0.3550E-01  0.8182E-03 -0.3551E-01  0.0000E+00      -1  -0.142E-02   20.00
  30   -29.0000    -100.000 0.2426   0.3550E-01  0.8182E-03 -0.3550E-01  0.0000E+00      -1  -0.142E-02   20.00
  31   -30.0000    -100.000 0.2426   0.3550E-01  0.8182E-03 -0.3550E-01  0.0000E+00      -1  -0.142E-02   20.00
  32   -31.0000    -100.000 0.2426   0.3550E-01  0.8182E-03 -0.3550E-01  0.0000E+00      -1  -0.142E-02   20.00
  33   -32.0000    -100.000 0.2426   0.3550E-01  0.8182E-03 -0.3550E-01  0.0000E+00      -1  -0.142E-02   20.00
  34   -33.0000    -100.000 0.2426   0.3550E-01  0.8182E-03 -0.3550E-01  0.0000E+00      -1  -0.142E-02   20.00
  35   -34.0000    -100.000 0.2426   0.3550E-01  0.8182E-03 -0.3550E-01  0.0000E+00      -1  -0.142E-02   20.00
  36   -35.0000    -100.000 0.2426   0.3550E-01  0.8182E-03 -0.3550E-01  0.0000E+00      -1  -0.142E-02   20.00
  37   -36.0000    -100.000 0.2426   0.3550E-01  0.8182E-03 -0.3550E-01  0.0000E+00      -1  -0.142E-02   20.00
  38   -37.0000    -100.000 0.2426   0.3550E-01  0.8182E-03 -0.3550E-01  0.0000E+00      -1  -0.142E-02   20.00
  39   -38.0000    -100.000 0.2426   0.3550E-01  0.8182E-03 -0.3550E-01  0.0000E+00      -1  -0.142E-02   20.00
  40   -39.0000    -100.000 0.2426   0.3550E-01  0.8182E-03 -0.3550E-01  0.0000E+00      -1  -0.142E-02   20.00
  41   -40.0000    -100.000 0.2426   0.3550E-01  0.8182E-03 -0.3550E-01  0.0000E+00      -1  -0.142E-02   20.00
  42   -41.0000    -100.000 0.2426   0.3550E-01  0.8182E-03 -0.3550E-01  0.0000E+00      -1  -0.142E-02   20.00
  43   -42.0000    -100.000 0.2426   0.3550E-01  0.8182E-03 -0.3550E-01  0.0000E+00      -1  -0.142E-02   20.00
  44   -43.0000    -100.000 0.2426   0.3550E-01  0.8182E-03 -0.3550E-01  0.0000E+00      -1  -0.142E-02   20.00
  45   -44.0000    -100.000 0.2426   0.3550E-01  0.8182E-03 -0.3550E-01  0.0000E+00      -1  -0.142E-02   20.00
  46   -45.0000    -100.000 0.2426   0.3550E-01  0.8182E-03 -0.3550E-01  0.0000E+00      -1  -0.142E-02   20.00
  47   -46.0000    -100.000 0.2426   0.3550E-01  0.8182E-03 -0.3550E-01  0.0000E+00      -1  -0.142E-02   20.00
  48   -47.0000    -100.000 0.2426   0.3550E-01  0.8182E-03 -0.3550E-01  0.0000E+00      -1  -0.142E-02   20.00
  49   -48.0000    -100.000 0.2426   0.3550E-01  0.8182E-03 -0.3550E-01  0.0000E+00      -1  -0.142E-02   20.00
  50   -49.0000    -100.000 0.2426   0.3550E-01  0.8182E-03 -0.3550E-01  0.0000E+00      -1  -0.142E-02   20.00
  51   -50.0000    -100.000 0.2426   0.3550E-01  0.8182E-03 -0.3550E-01  0.0000E+00      -1  -0.142E-02   20.00
  52   -51.0000    -100.000 0.2426   0.3550E-01  0.8182E-03 -0.3550E-01  0.0000E+00      -1  -0.142E-02   20.00
  53   -52.0000    -100.000 0.2426   0.3550E-01  0.8182E-03 -0.3550E-01  0.0000E+00      -1  -0.142E-02   20.00
  54   -53.0000    -100.000 0.2426   0.3550E-01  0.8182E-03 -0.3550E-01  0.0000E+00      -1  -0.142E-02   20.00
  55   -54.0000    -100.000 0.2426   0.3550E-01  0.8182E-03 -0.3550E-01  0.0000E+00      -1  -0.142E-02   20.00
  56   -55.0000    -100.000 0.2426   0.3550E-01  0.8182E-03 -0.3550E-01  0.0000E+00      -1  -0.142E-02   20.00
  57   -56.0000    -100.000 0.2426   0.3550E-01  0.8182E-03 -0.3550E-01  0.0000E+00      -1  -0.142E-02   20.00
  58   -57.0000    -100.000 0.2426   0.3550E-01  0.8182E-03 -0.3550E-01  0.0000E+00      -1  -0.142E-02   20.00
  59   -58.0000    -100.000 0.2426   0.3550E-01  0.8182E-03 -0.3550E-01  0.0000E+00      -1  -0.142E-02   20.00
  60   -59.0000    -100.000 0.2426   0.3550E-01  0.8182E-03 -0.3550E-01  0.0000E+00      -1  -0.142E-02   20.00
  61   -60.0000    -100.000 0.2426   0.3550E-01  0.8182E-03 -0.3550E-01  0.0000E+00      -1  -0.142E-02   20.00
  62   -61.0000    -100.000 0.2426   0.3550E-01  0.8182E-03 -0.3550E-01  0.0000E+00      -1  -0.142E-02   20.00
  63   -62.0000    -100.000 0.2426   0.3550E-01  0.8182E-03 -0.3550E-01  0.0000E+00      -1  -0.142E-02   20.00
  64   -63.0000    -100.000 0.2426   0.3550E-01  0.8182E-03 -0.3550E-01  0.0000E+00      -1  -0.142E-02   20.00
  65   -64.0000    -100.000 0.2426   0.3550E-01  0.8182E-03 -0.3550E-01  0.0000E+00      -1  -0.142E-02   20.00
  66   -65.0000    -100.000 0.2426   0.3550E-01  0.8182E-03 -0.3550E-01  0.0000E+00      -1  -0.142E-02   20.00
  67   -66.0000    -100.000 0.2426   0.3550E-01  0.8182E-03 -0.3550E-01  0.0000E+00      -1  -0.142E-02   20.00
  68   -67.0000    -100.000 0.2426   0.3550E-01  0.8182E-03 -0.3550E-01  0.0000E+00      -1  -0.142E-02   20.00
  69   -68.0000    -100.000 0.2426   0.3550E-01  0.8182E-03 -0.3550E-01  0.0000E+00      -1  -0.142E-02   20.00
  70   -69.0000    -100.000 0.2426   0.3550E-01  0.8182E-03 -0.3550E-01  0.0000E+00      -1  -0.142E-02   20.00
  71   -70.0000    -100.000 0.2426   0.3550E-01  0.8182E-03 -0.3550E-01  0.0000E+00      -1  -0.142E-02   20.00
  72   -71.0000    -100.000 0.2426   0.3550E-01  0.8182E-03 -0.3550E-01  0.0000E+00      -1  -0.142E-02   20.00
  73   -72.0000    -100.000 0.2426   0.3550E-01  0.8182E-03 -0.3550E-01  0.0000E+00      -1  -0.142E-02   20.00
  74   -73.0000    -100.000 0.2426   0.3550E-01  0.8182E-03 -0.3550E-01  0.0000E+00      -1  -0.142E-02   20.00
  75   -74.0000    -100.000 0.2426   0.3550E-01  0.8182E-03 -0.3550E-01  0.0000E+00      -1  -0.142E-02   20.00
  76   -75.0000    -100.000 0.2426   0.3550E-01  0.8182E-03 -0.3550E-01  0.0000E+00      -1  -0.142E-02   20.00
  77   -76.0000    -100.000 0.2426   0.3550E-01  0.8182E-03 -0.3550E-01  0.0000E+00      -1  -0.142E-02   20.00
  78   -77.0000    -100.000 0.2426   0.3550E-01  0.8182E-03 -0.3550E-01  0.0000E+00      -1  -0.142E-02   20.00
  79   -78.0000    -100.000 0.2426   0.3550E-01  0.8182E-03 -0.3550E-01  0.0000E+00      -1  -0.142E-02   20.00
  80   -79.0000    -100.000 0.2426   0.3550E-01  0.8182E-03 -0.3550E-01  0.0000E+00      -1  -0.142E-02   20.00
  81   -80.0000    -100.000 0.2426   0.3550E-01  0.8182E-03 -0.3550E-01  0.0000E+00      -1  -0.142E-02   20.00
  82   -81.0000    -100.000 0.2426   0.3550E-01  0.8182E-03 -0.3550E-01  0.0000E+00      -1  -0.142E-02   20.00
  83   -82.0000    -100.000 0.2426   0.3550E-01  0.8182E-03 -0.3550E-01  0.0000E+00      -1  -0.142E-02   20.00
  84   -83.0000    -100.000 0.2426   0.3550E-01  0.8182E-03 -0.3550E-01  0.0000E+00      -1  -0.142E-02   20.00
  85   -84.0000    -100.000 0.2426   0.3550E-01  0.8182E-03 -0.3550E-01  0.0000E+00      -1  -0.142E-02   20.00
  86   -85.0000    -100.000 0.2426   0.3550E-01  0.8182E-03 -0.3550E-01  0.0000E+00      -1  -0.142E-02   20.00
  87   -86.0000    -100.000 0.2426   0.3550E-01  0.8182E-03 -0.3550E-01  0.0000E+00      -1  -0.142E-02   20.00
  88   -87.0000    -100.000 0.2426   0.3550E-01  0.8182E-03 -0.3550E-01  0.0000E+00      -1  -0.142E-02   20.00
  89   -88.0000    -100.000 0.2426   0.3550E-01  0.8182E-03 -0.3550E-01  0.0000E+00      -1  -0.142E-02   20.00
  90   -89.0000    -100.000 0.2426   0.3550E-01  0.8182E-03 -0.3550E-01  0.0000E+00      -1  -0.142E-02   20.00
  91   -90.0000    -100.000 0.2426   0.3550E-01  0.8182E-03 -0.3550E-01  0.0000E+00      -1  -0.142E-02   20.00
  92   -91.0000    -100.000 0.2426   0.3550E-01  0.8182E-03 -0.3550E-01  0.0000E+00      -1  -0.142E-02   20.00
  93   -92.0000    -100.000 0.2426   0.3550E-01  0.8182E-03 -0.3550E-01  0.0000E+00      -1  -0.142E-02   20.00
  94   -93.0000    -100.000 0.2426   0.3550E-01  0.8182E-03 -0.3550E-01  0.0000E+00      -1  -0.142E-02   20.00
  95   -94.0000    -100.000 0.2426   0.3550E-01  0.8182E-03 -0.3550E-01  0.0000E+00      -1  -0.142E-02   20.00
  96   -95.0000    -100.000 0.2426   0.3550E-01  0.8182E-03 -0.3550E-01  0.0000E+00      -1  -0.142E-02   20.00
  97   -96.0000    -100.000 0.2426   0.3550E-01  0.8182E-03 -0.3550E-01  0.0000E+00      -1  -0.142E-02   20.00
  98   -97.0000    -100.000 0.2426   0.3550E-01  0.8182E-03 -0.3550E-01  0.0000E+00      -1  -0.142E-02   20.00
  99   -98.0000    -100.000 0.2426   0.3550E-01  0.8182E-03 -0.3550E-01  0.0000E+00      -1  -0.142E-02   20.00
 100   -99.0000    -100.000 0.2426   0.3550E-01  0.8182E-03 -0.3550E-01  0.0000E+00      -1  -0.142E-02   20.00
 101  -100.0000    -100.000 0.2426   0.3550E-01  0.8182E-03 -0.3550E-01  0.0000E+00      -1  -0.142E-02   20.00
end


 Time:        0.1500


 Node      Depth      Head Moisture       K          C         Flux        Sink         Kappa   v/KsTop   Temp
           [L]        [L]    [-]        [L/T]      [1/L]      [L/T]        [1/T]         [-]      [-]      [C]

   1     0.0000       0.000 0.4300   0.2496E+02  0.0000E+00 -0.2495E+02  0.0000E+00      -1  -0.100E+01   20.00
   2    -1.0000       0.000 0.4300   0.2496E+02  0.0000E+00 -0.2495E+02  0.0000E+00      -1  -0.100E+01   20.00
   3    -2.0000       0.001 0.4300   0.2496E+02  0.0000E+00 -0.2495E+02  0.0000E+00      -1  -0.100E+01   20.00
   4    -3.0000       0.001 0.4300   0.2496E+02  0.0000E+00 -0.2495E+02  0.0000E+00      -1  -0.100E+01   20.00
   5    -4.0000       0.002 0.4300   0.2496E+02  0.0000E+00 -0.2495E+02  0.0000E+00      -1  -0.100E+01   20.00
   6    -5.0000       0.002 0.4300   0.2496E+02  0.0000E+00 -0.2495E+02  0.0000E+00      -1  -0.100E+01   20.00
   7    -6.0000       0.003 0.4300   0.2496E+02  0.0000E+00 -0.2495E+02  0.0000E+00      -1  -0.100E+01   20.00
   8    -7.0000       0.003 0.4300   0.2496E+02  0.0000E+00 -0.2495E+02  0.0000E+00      -1  -0.100E+01   20.00
   9    -8.0000       0.004 0.4300   0.2496E+02  0.0000E+00 -0.2495E+02  0.0000E+00      -1  -0.100E+01   20.00
  10    -9.0000       0.001 0.4300   0.2482E+02  0.2037E-04 -0.2495E+02  0.0000E+00      -1  -0.999E+00   20.00
  11   -10.0000      -0.011 0.4300   0.2447E+02  0.7017E-04 -0.2495E+02  0.0000E+00      -1  -0.999E+00   20.00
  12   -11.0000      -0.060 0.4300   0.2311E+02  0.2674E-03 -0.2495E+02  0.0000E+00      -1  -0.100E+01   20.00
  13   -12.0000      -0.169 0.4300   0.2186E+02  0.4552E-03 -0.2494E+02  0.0000E+00      -1  -0.999E+00   20.00
  14   -13.0000      -0.343 0.4299   0.2063E+02  0.6441E-03 -0.2492E+02  0.0000E+00      -1  -0.999E+00   20.00
  15   -14.0000      -0.589 0.4297   0.1935E+02  0.8454E-03 -0.2489E+02  0.0000E+00      -1  -0.997E+00   20.00
  16   -15.0000      -0.922 0.4294   0.1798E+02  0.1065E-02 -0.2483E+02  0.0000E+00      -1  -0.995E+00   20.00
  17   -16.0000      -1.358 0.4289   0.1654E+02  0.1304E-02 -0.2474E+02  0.0000E+00      -1  -0.991E+00   20.00
  18   -17.0000      -1.924 0.4280   0.1500E+02  0.1563E-02 -0.2462E+02  0.0000E+00      -1  -0.986E+00   20.00
  19   -18.0000      -2.653 0.4268   0.1339E+02  0.1840E-02 -0.2444E+02  0.0000E+00      -1  -0.979E+00   20.00
  20   -19.0000      -3.595 0.4249   0.1167E+02  0.2137E-02 -0.2418E+02  0.0000E+00      -1  -0.969E+00   20.00
  21   -20.0000      -4.820 0.4221   0.9917E+01  0.2439E-02 -0.2379E+02  0.0000E+00      -1  -0.953E+00   20.00
  22   -21.0000      -6.429 0.4179   0.8134E+01  0.2731E-02 -0.2321E+02  0.0000E+00      -1  -0.930E+00   20.00
  23   -22.0000      -8.590 0.4117   0.6333E+01  0.2994E-02 -0.2236E+02  0.0000E+00      -1  -0.896E+00   20.00
  24   -23.0000     -11.608 0.4023   0.4541E+01  0.3189E-02 -0.2107E+02  0.0000E+00      -1  -0.844E+00   20.00
  25   -24.0000     -16.012 0.3881   0.2965E+01  0.3215E-02 -0.1913E+02  0.0000E+00      -1  -0.766E+00   20.00
  26   -25.0000     -22.870 0.3667   0.1608E+01  0.2998E-02 -0.1626E+02  0.0000E+00      -1  -0.651E+00   20.00
  27   -26.0000     -34.559 0.3352   0.6854E+00  0.2437E-02 -0.1209E+02  0.0000E+00      -1  -0.484E+00   20.00
  28   -27.0000     -55.035 0.2944   0.2111E+00  0.1648E-02 -0.6785E+01  0.0000E+00      -1  -0.272E+00   20.00
  29   -28.0000     -82.549 0.2587   0.6539E-01  0.1048E-02 -0.2355E+01  0.0000E+00      -1  -0.943E-01   20.00
  30   -29.0000     -96.325 0.2453   0.3848E-01  0.8518E-03 -0.4598E+00  0.0000E+00      -1  -0.184E-01   20.00
  31   -30.0000     -99.412 0.2430   0.3597E-01  0.8236E-03 -0.1028E+00  0.0000E+00      -1  -0.412E-02   20.00
  32   -31.0000     -99.908 0.2426   0.3557E-01  0.8191E-03 -0.4590E-01  0.0000E+00      -1  -0.184E-02   20.00
  33   -32.0000     -99.986 0.2426   0.3551E-01  0.8184E-03 -0.3712E-01  0.0000E+00      -1  -0.149E-02   20.00
  34   -33.0000     -99.998 0.2426   0.3550E-01  0.8183E-03 -0.3575E-01  0.0000E+00      -1  -0.143E-02   20.00
  35   -34.0000    -100.000 0.2426   0.3550E-01  0.8182E-03 -0.3554E-01  0.0000E+00      -1  -0.142E-02   20.00
  36   -35.0000    -100.000 0.2426   0.3550E-01  0.8182E-03 -0.3550E-01  0.0000E+00      -1  -0.142E-02   20.00
  37   -36.0000    -100.000 0.2426   0.3550E-01  0.8182E-03 -0.3550E-01  0.0000E+00      -1  -0.142E-02   20.00
  38   -37.0000    -100.000 0.2426   0.3550E-01  0.8182E-03 -0.3550E-01  0.0000E+00      -1  -0.142E-02   20.00
  39   -38.0000    -100.000 0.2426   0.3550E-01  0.8182E-03 -0.3550E-01  0.0000E+00      -1  -0.142E-02   20.00
  40   -39.0000    -100.000 0.2426   0.3550E-01  0.8182E-03 -0.3550E-01  0.0000E+00      -1  -0.142E-02   20.00
  41   -40.0000    -100.000 0.2426   0.3550E-01  0.8182E-03 -0.3550E-01  0.0000E+00      -1  -0.142E-02   20.00
  42   -41.0000    -100.000 0.2426   0.3550E-01  0.8182E-03 -0.3550E-01  0.0000E+00      -1  -0.142E-02   20.00
  43   -42.0000    -100.000 0.2426   0.3550E-01  0.8182E-03 -0.3550E-01  0.0000E+00      -1  -0.142E-02   20.00
  44   -43.0000    -100.000 0.2426   0.3550E-01  0.8182E-03 -0.3550E-01  0.0000E+00      -1  -0.142E-02   20.00
  45   -44.0000    -100.000 0.2426   0.3550E-01  0.8182E-03 -0.3550E-01  0.0000E+00      -1  -0.142E-02   20.00
  46   -45.0000    -100.000 0.2426   0.3550E-01  0.8182E-03 -0.3550E-01  0.0000E+00      -1  -0.142E-02   20.00
  47   -46.0000    -100.000 0.2426   0.3550E-01  0.8182E-03 -0.3550E-01  0.0000E+00      -1  -0.142E-02   20.00
  48   -47.0000    -100.000 0.2426   0.3550E-01  0.8182E-03 -0.3550E-01  0.0000E+00      -1  -0.142E-02   20.00
  49   -48.0000    -100.000 0.2426   0.3550E-01  0.8182E-03 -0.3550E-01  0.0000E+00      -1  -0.142E-02   20.00
  50   -49.0000    -100.000 0.2426   0.3550E-01  0.8182E-03 -0.3550E-01  0.0000E+00      -1  -0.142E-02   20.00
  51   -50.0000    -100.000 0.2426   0.3550E-01  0.8182E-03 -0.3550E-01  0.0000E+00      -1  -0.142E-02   20.00
  52   -51.0000    -100.000 0.2426   0.3550E-01  0.8182E-03 -0.3550E-01  0.0000E+00      -1  -0.142E-02   20.00
  53   -52.0000    -100.000 0.2426   0.3550E-01  0.8182E-03 -0.3550E-01  0.0000E+00      -1  -0.142E-02   20.00
  54   -53.0000    -100.000 0.2426   0.3550E-01  0.8182E-03 -0.3550E-01  0.0000E+00      -1  -0.142E-02   20.00
  55   -54.0000    -100.000 0.2426   0.3550E-01  0.8182E-03 -0.3550E-01  0.0000E+00      -1  -0.142E-02   20.00
  56   -55.0000    -100.000 0.2426   0.3550E-01  0.8182E-03 -0.3550E-01  0.0000E+00      -1  -0.142E-02   20.00
  57   -56.0000    -100.000 0.2426   0.3550E-01  0.8182E-03 -0.3550E-01  0.0000E+00      -1  -0.142E-02   20.00
  58   -57.0000    -100.000 0.2426   0.3550E-01  0.8182E-03 -0.3550E-01  0.0000E+00      -1  -0.142E-02   20.00
  59   -58.0000    -100.000 0.2426   0.3550E-01  0.8182E-03 -0.3550E-01  0.0000E+00      -1  -0.142E-02   20.00
  60   -59.0000    -100.000 0.2426   0.3550E-01  0.8182E-03 -0.3550E-01  0.0000E+00      -1  -0.142E-02   20.00
  61   -60.0000    -100.000 0.2426   0.3550E-01  0.8182E-03 -0.3550E-01  0.0000E+00      -1  -0.142E-02   20.00
  62   -61.0000    -100.000 0.2426   0.3550E-01  0.8182E-03 -0.3550E-01  0.0000E+00      -1  -0.142E-02   20.00
  63   -62.0000    -100.000 0.2426   0.3550E-01  0.8182E-03 -0.3550E-01  0.0000E+00      -1  -0.142E-02   20.00
  64   -63.0000    -100.000 0.2426   0.3550E-01  0.8182E-03 -0.3550E-01  0.0000E+00      -1  -0.142E-02   20.00
  65   -64.0000    -100.000 0.2426   0.3550E-01  0.8182E-03 -0.3550E-01  0.0000E+00      -1  -0.142E-02   20.00
  66   -65.0000    -100.000 0.2426   0.3550E-01  0.8182E-03 -0.3550E-01  0.0000E+00      -1  -0.142E-02   20.00
  67   -66.0000    -100.000 0.2426   0.3550E-01  0.8182E-03 -0.3550E-01  0.0000E+00      -1  -0.142E-02   20.00
  68   -67.0000    -100.000 0.2426   0.3550E-01  0.8182E-03 -0.3550E-01  0.0000E+00      -1  -0.142E-02   20.00
  69   -68.0000    -100.000 0.2426   0.3550E-01  0.8182E-03 -0.3550E-01  0.0000E+00      -1  -0.142E-02   20.00
  70   -69.0000    -100.000 0.2426   0.3550E-01  0.8182E-03 -0.3550E-01  0.0000E+00      -1  -0.142E-02   20.00
  71   -70.0000    -100.000 0.2426   0.3550E-01  0.8182E-03 -0.3550E-01  0.0000E+00      -1  -0.142E-02   20.00
  72   -71.0000    -100.000 0.2426   0.3550E-01  0.8182E-03 -0.3550E-01  0.0000E+00      -1  -0.142E-02   20.00
  73   -72.0000    -100.000 0.2426   0.3550E-01  0.8182E-03 -0.3550E-01  0.0000E+00      -1  -0.142E-02   20.00
  74   -73.0000    -100.000 0.2426   0.3550E-01  0.8182E-03 -0.3550E-01  0.0000E+00      -1  -0.142E-02   20.00
  75   -74.0000    -100.000 0.2426   0.3550E-01  0.8182E-03 -0.3550E-01  0.0000E+00      -1  -0.142E-02   20.00
  76   -75.0000    -100.000 0.2426   0.3550E-01  0.8182E-03 -0.3550E-01  0.0000E+00      -1  -0.142E-02   20.00
  77   -76.0000    -100.000 0.2426   0.3550E-01  0.8182E-03 -0.3550E-01  0.0000E+00      -1  -0.142E-02   20.00
  78   -77.0000    -100.000 0.2426   0.3550E-01  0.8182E-03 -0.3550E-01  0.0000E+00      -1  -0.142E-02   20.00
  79   -78.0000    -100.000 0.2426   0.3550E-01  0.8182E-03 -0.3550E-01  0.0000E+00      -1  -0.142E-02   20.00
  80   -79.0000    -100.000 0.2426   0.3550E-01  0.8182E-03 -0.3550E-01  0.0000E+00      -1  -0.142E-02   20.00
  81   -80.0000    -100.000 0.2426   0.3550E-01  0.8182E-03 -0.3550E-01  0.0000E+00      -1  -0.142E-02   20.00
  82   -81.0000    -100.000 0.2426   0.3550E-01  0.8182E-03 -0.3550E-01  0.0000E+00      -1  -0.142E-02   20.00
  83   -82.0000    -100.000 0.2426   0.3550E-01  0.8182E-03 -0.3550E-01  0.0000E+00      -1  -0.142E-02   20.00
  84   -83.0000    -100.000 0.2426   0.3550E-01  0.8182E-03 -0.3550E-01  0.0000E+00      -1  -0.142E-02   20.00
  85   -84.0000    -100.000 0.2426   0.3550E-01  0.8182E-03 -0.3550E-01  0.0000E+00      -1  -0.142E-02   20.00
  86   -85.0000    -100.000 0.2426   0.3550E-01  0.8182E-03 -0.3550E-01  0.0000E+00      -1  -0.142E-02   20.00
  87   -86.0000    -100.000 0.2426   0.3550E-01  0.8182E-03 -0.3550E-01  0.0000E+00      -1  -0.142E-02   20.00
  88   -87.0000    -100.000 0.2426   0.3550E-01  0.8182E-03 -0.3550E-01  0.0000E+00      -1  -0.142E-02   20.00
  89   -88.0000    -100.000 0.2426   0.3550E-01  0.8182E-03 -0.3550E-01  0.0000E+00      -1  -0.142E-02   20.00
  90   -89.0000    -100.000 0.2426   0.3550E-01  0.8182E-03 -0.3550E-01  0.0000E+00      -1  -0.142E-02   20.00
  91   -90.0000    -100.000 0.2426   0.3550E-01  0.8182E-03 -0.3550E-01  0.0000E+00      -1  -0.142E-02   20.00
  92   -91.0000    -100.000 0.2426   0.3550E-01  0.8182E-03 -0.3550E-01  0.0000E+00      -1  -0.142E-02   20.00
  93   -92.0000    -100.000 0.2426   0.3550E-01  0.8182E-03 -0.3550E-01  0.0000E+00      -1  -0.142E-02   20.00
  94   -93.0000    -100.000 0.2426   0.3550E-01  0.8182E-03 -0.3550E-01  0.0000E+00      -1  -0.142E-02   20.00
  95   -94.0000    -100.000 0.2426   0.3550E-01  0.8182E-03 -0.3550E-01  0.0000E+00      -1  -0.142E-02   20.00
  96   -95.0000    -100.000 0.2426   0.3550E-01  0.8182E-03 -0.3550E-01  0.0000E+00      -1  -0.142E-02   20.00
  97   -96.0000    -100.000 0.2426   0.3550E-01  0.8182E-03 -0.3550E-01  0.0000E+00      -1  -0.142E-02   20.00
  98   -97.0000    -100.000 0.2426   0.3550E-01  0.8182E-03 -0.3550E-01  0.0000E+00      -1  -0.142E-02   20.00
  99   -98.0000    -100.000 0.2426   0.3550E-01  0.8182E-03 -0.3550E-01  0.0000E+00      -1  -0.142E-02   20.00
 100   -99.0000    -100.000 0.2426   0.3550E-01  0.8182E-03 -0.3550E-01  0.0000E+00      -1  -0.142E-02   20.00
 101  -100.0000    -100.000 0.2426   0.3550E-01  0.8182E-03 -0.3550E-01  0.0000E+00      -1  -0.142E-02   20.00
end


 Time:        0.2000


 Node      Depth      Head Moisture       K          C         Flux        Sink         Kappa   v/KsTop   Temp
           [L]        [L]    [-]        [L/T]      [1/L]      [L/T]        [1/T]         [-]      [-]      [C]

   1     0.0000       0.000 0.4300   0.2496E+02  0.0000E+00 -0.2500E+02  0.0000E+00      -1  -0.100E+01   20.00
   2    -1.0000      -0.002 0.4300   0.2496E+02  0.0000E+00 -0.2500E+02  0.0000E+00      -1  -0.100E+01   20.00
   3    -2.0000      -0.004 0.4300   0.2496E+02  0.0000E+00 -0.2500E+02  0.0000E+00      -1  -0.100E+01   20.00
   4    -3.0000      -0.005 0.4300   0.2496E+02  0.0000E+00 -0.2500E+02  0.0000E+00      -1  -0.100E+01   20.00
   5    -4.0000      -0.007 0.4300   0.2496E+02  0.0000E+00 -0.2500E+02  0.0000E+00      -1  -0.100E+01   20.00
   6    -5.0000      -0.009 0.4300   0.2496E+02  0.0000E+00 -0.2500E+02  0.0000E+00      -1  -0.100E+01   20.00
   7    -6.0000      -0.011 0.4300   0.2496E+02  0.0000E+00 -0.2501E+02  0.0000E+00      -1  -0.100E+01   20.00
   8    -7.0000      -0.012 0.4300   0.2496E+02  0.0000E+00 -0.2501E+02  0.0000E+00      -1  -0.100E+01   20.00
   9    -8.0000      -0.014 0.4300   0.2496E+02  0.0000E+00 -0.2501E+02  0.0000E+00      -1  -0.100E+01   20.00
  10    -9.0000      -0.016 0.4300   0.2496E+02  0.0000E+00 -0.2501E+02  0.0000E+00      -1  -0.100E+01   20.00
  11   -10.0000      -0.018 0.4300   0.2496E+02  0.0000E+00 -0.2501E+02  0.0000E+00      -1  -0.100E+01   20.00
  12   -11.0000      -0.020 0.4300   0.2496E+02  0.0000E+00 -0.2501E+02  0.0000E+00      -1  -0.100E+01   20.00
  13   -12.0000      -0.023 0.4300   0.2496E+02  0.0000E+00 -0.2502E+02  0.0000E+00      -1  -0.100E+01   20.00
  14   -13.0000      -0.025 0.4300   0.2496E+02  0.0000E+00 -0.2503E+02  0.0000E+00      -1  -0.100E+01   20.00
  15   -14.0000      -0.029 0.4300   0.2496E+02  0.0000E+00 -0.2505E+02  0.0000E+00      -1  -0.100E+01   20.00
  16   -15.0000      -0.033 0.4300   0.2496E+02  0.0000E+00 -0.2507E+02  0.0000E+00      -1  -0.100E+01   20.00
  17   -16.0000      -0.037 0.4300   0.2496E+02  0.0000E+00 -0.2508E+02  0.0000E+00      -1  -0.100E+01   20.00
  18   -17.0000      -0.051 0.4300   0.2452E+02  0.6310E-04 -0.2508E+02  0.0000E+00      -1  -0.100E+01   20.00
  19   -18.0000      -0.104 0.4300   0.2308E+02  0.2724E-03 -0.2506E+02  0.0000E+00      -1  -0.100E+01   20.00
  20   -19.0000      -0.224 0.4299   0.2166E+02  0.4848E-03 -0.2503E+02  0.0000E+00      -1  -0.100E+01   20.00
  21   -20.0000      -0.415 0.4298   0.2032E+02  0.6911E-03 -0.2497E+02  0.0000E+00      -1  -0.100E+01   20.00
  22   -21.0000      -0.685 0.4296   0.1896E+02  0.9063E-03 -0.2490E+02  0.0000E+00      -1  -0.998E+00   20.00
  23   -22.0000      -1.046 0.4292   0.1756E+02  0.1134E-02 -0.2482E+02  0.0000E+00      -1  -0.994E+00   20.00
  24   -23.0000      -1.519 0.4286   0.1607E+02  0.1381E-02 -0.2471E+02  0.0000E+00      -1  -0.990E+00   20.00
  25   -24.0000      -2.132 0.4277   0.1451E+02  0.1647E-02 -0.2458E+02  0.0000E+00      -1  -0.985E+00   20.00
  26   -25.0000      -2.924 0.4263   0.1284E+02  0.1935E-02 -0.2439E+02  0.0000E+00      -1  -0.977E+00   20.00
  27   -26.0000      -3.949 0.4241   0.1114E+02  0.2230E-02 -0.2411E+02  0.0000E+00      -1  -0.966E+00   20.00
  28   -27.0000      -5.284 0.4209   0.9364E+01  0.2532E-02 -0.2369E+02  0.0000E+00      -1  -0.949E+00   20.00
  29   -28.0000      -7.058 0.4162   0.7536E+01  0.2825E-02 -0.2306E+02  0.0000E+00      -1  -0.924E+00   20.00
  30   -29.0000      -9.484 0.4090   0.5705E+01  0.3076E-02 -0.2207E+02  0.0000E+00      -1  -0.884E+00   20.00
  31   -30.0000     -12.901 0.3981   0.4017E+01  0.3212E-02 -0.2060E+02  0.0000E+00      -1  -0.825E+00   20.00
  32   -31.0000     -17.999 0.3818   0.2456E+01  0.3177E-02 -0.1841E+02  0.0000E+00      -1  -0.738E+00   20.00
  33   -32.0000     -26.222 0.3571   0.1248E+01  0.2841E-02 -0.1505E+02  0.0000E+00      -1  -0.603E+00   20.00
  34   -33.0000     -40.399 0.3218   0.4677E+00  0.2176E-02 -0.1030E+02  0.0000E+00      -1  -0.413E+00   20.00
  35   -34.0000     -64.655 0.2800   0.1331E+00  0.1391E-02 -0.4994E+01  0.0000E+00      -1  -0.200E+00   20.00
  36   -35.0000     -89.802 0.2515   0.5063E-01  0.9419E-03 -0.1405E+01  0.0000E+00      -1  -0.563E-01   20.00
  37   -36.0000     -98.110 0.2440   0.3702E-01  0.8355E-03 -0.2511E+00  0.0000E+00      -1  -0.101E-01   20.00
  38   -37.0000     -99.702 0.2428   0.3574E-01  0.8209E-03 -0.6946E-01  0.0000E+00      -1  -0.278E-02   20.00
  39   -38.0000     -99.954 0.2426   0.3553E-01  0.8186E-03 -0.4075E-01  0.0000E+00      -1  -0.163E-02   20.00
  40   -39.0000     -99.993 0.2426   0.3550E-01  0.8183E-03 -0.3631E-01  0.0000E+00      -1  -0.145E-02   20.00
  41   -40.0000     -99.999 0.2426   0.3550E-01  0.8182E-03 -0.3562E-01  0.0000E+00      -1  -0.143E-02   20.00
  42   -41.0000    -100.000 0.2426   0.3550E-01  0.8182E-03 -0.3551E-01  0.0000E+00      -1  -0.142E-02   20.00
  43   -42.0000    -100.000 0.2426   0.3550E-01  0.8182E-03 -0.3550E-01  0.0000E+00      -1  -0.142E-02   20.00
  44   -43.0000    -100.000 0.2426   0.3550E-01  0.8182E-03 -0.3550E-01  0.0000E+00      -1  -0.142E-02   20.00
  45   -44.0000    -100.000 0.2426   0.3550E-01  0.8182E-03 -0.3550E-01  0.0000E+00      -1  -0.142E-02   20.00
  46   -45.0000    -100.000 0.2426   0.3550E-01  0.8182E-03 -0.3550E-01  0.0000E+00      -1  -0.142E-02   20.00
  47   -46.0000    -100.000 0.2426   0.3550E-01  0.8182E-03 -0.3550E-01  0.0000E+00      -1  -0.142E-02   20.00
  48   -47.0000    -100.000 0.2426   0.3550E-01  0.8182E-03 -0.3550E-01  0.0000E+00      -1  -0.142E-02   20.00
  49   -48.0000    -100.000 0.2426   0.3550E-01  0.8182E-03 -0.3550E-01  0.0000E+00      -1  -0.142E-02   20.00
  50   -49.0000    -100.000 0.2426   0.3550E-01  0.8182E-03 -0.3550E-01  0.0000E+00      -1  -0.142E-02   20.00
  51   -50.0000    -100.000 0.2426   0.3550E-01  0.8182E-03 -0.3550E-01  0.0000E+00      -1  -0.142E-02   20.00
  52   -51.0000    -100.000 0.2426   0.3550E-01  0.8182E-03 -0.3550E-01  0.0000E+00      -1  -0.142E-02   20.00
  53   -52.0000    -100.000 0.2426   0.3550E-01  0.8182E-03 -0.3550E-01  0.0000E+00      -1  -0.142E-02   20.00
  54   -53.0000    -100.000 0.2426   0.3550E-01  0.8182E-03 -0.3550E-01  0.0000E+00      -1  -0.142E-02   20.00
  55   -54.0000    -100.000 0.2426   0.3550E-01  0.8182E-03 -0.3550E-01  0.0000E+00      -1  -0.142E-02   20.00
  56   -55.0000    -100.000 0.2426   0.3550E-01  0.8182E-03 -0.3550E-01  0.0000E+00      -1  -0.142E-02   20.00
  57   -56.0000    -100.000 0.2426   0.3550E-01  0.8182E-03 -0.3550E-01  0.0000E+00      -1  -0.142E-02   20.00
  58   -57.0000    -100.000 0.2426   0.3550E-01  0.8182E-03 -0.3550E-01  0.0000E+00      -1  -0.142E-02   20.00
  59   -58.0000    -100.000 0.2426   0.3550E-01  0.8182E-03 -0.3550E-01  0.0000E+00      -1  -0.142E-02   20.00
  60   -59.0000    -100.000 0.2426   0.3550E-01  0.8182E-03 -0.3550E-01  0.0000E+00      -1  -0.142E-02   20.00
  61   -60.0000    -100.000 0.2426   0.3550E-01  0.8182E-03 -0.3550E-01  0.0000E+00      -1  -0.142E-02   20.00
  62   -61.0000    -100.000 0.2426   0.3550E-01  0.8182E-03 -0.3550E-01  0.0000E+00      -1  -0.142E-02   20.00
  63   -62.0000    -100.000 0.2426   0.3550E-01  0.8182E-03 -0.3550E-01  0.0000E+00      -1  -0.142E-02   20.00
  64   -63.0000    -100.000 0.2426   0.3550E-01  0.8182E-03 -0.3550E-01  0.0000E+00      -1  -0.142E-02   20.00
  65   -64.0000    -100.000 0.2426   0.3550E-01  0.8182E-03 -0.3550E-01  0.0000E+00      -1  -0.142E-02   20.00
  66   -65.0000    -100.000 0.2426   0.3550E-01  0.8182E-03 -0.3550E-01  0.0000E+00      -1  -0.142E-02   20.00
  67   -66.0000    -100.000 0.2426   0.3550E-01  0.8182E-03 -0.3550E-01  0.0000E+00      -1  -0.142E-02   20.00
  68   -67.0000    -100.000 0.2426   0.3550E-01  0.8182E-03 -0.3550E-01  0.0000E+00      -1  -0.142E-02   20.00
  69   -68.0000    -100.000 0.2426   0.3550E-01  0.8182E-03 -0.3550E-01  0.0000E+00      -1  -0.142E-02   20.00
  70   -69.0000    -100.000 0.2426   0.3550E-01  0.8182E-03 -0.3550E-01  0.0000E+00      -1  -0.142E-02   20.00
  71   -70.0000    -100.000 0.2426   0.3550E-01  0.8182E-03 -0.3550E-01  0.0000E+00      -1  -0.142E-02   20.00
  72   -71.0000    -100.000 0.2426   0.3550E-01  0.8182E-03 -0.3550E-01  0.0000E+00      -1  -0.142E-02   20.00
  73   -72.0000    -100.000 0.2426   0.3550E-01  0.8182E-03 -0.3550E-01  0.0000E+00      -1  -0.142E-02   20.00
  74   -73.0000    -100.000 0.2426   0.3550E-01  0.8182E-03 -0.3550E-01  0.0000E+00      -1  -0.142E-02   20.00
  75   -74.0000    -100.000 0.2426   0.3550E-01  0.8182E-03 -0.3550E-01  0.0000E+00      -1  -0.142E-02   20.00
  76   -75.0000    -100.000 0.2426   0.3550E-01  0.8182E-03 -0.3550E-01  0.0000E+00      -1  -0.142E-02   20.00
  77   -76.0000    -100.000 0.2426   0.3550E-01  0.8182E-03 -0.3550E-01  0.0000E+00      -1  -0.142E-02   20.00
  78   -77.0000    -100.000 0.2426   0.3550E-01  0.8182E-03 -0.3550E-01  0.0000E+00      -1  -0.142E-02   20.00
  79   -78.0000    -100.000 0.2426   0.3550E-01  0.8182E-03 -0.3550E-01  0.0000E+00      -1  -0.142E-02   20.00
  80   -79.0000    -100.000 0.2426   0.3550E-01  0.8182E-03 -0.3550E-01  0.0000E+00      -1  -0.142E-02   20.00
  81   -80.0000    -100.000 0.2426   0.3550E-01  0.8182E-03 -0.3550E-01  0.0000E+00      -1  -0.142E-02   20.00
  82   -81.0000    -100.000 0.2426   0.3550E-01  0.8182E-03 -0.3550E-01  0.0000E+00      -1  -0.142E-02   20.00
  83   -82.0000    -100.000 0.2426   0.3550E-01  0.8182E-03 -0.3550E-01  0.0000E+00      -1  -0.142E-02   20.00
  84   -83.0000    -100.000 0.2426   0.3550E-01  0.8182E-03 -0.3550E-01  0.0000E+00      -1  -0.142E-02   20.00
  85   -84.0000    -100.000 0.2426   0.3550E-01  0.8182E-03 -0.3550E-01  0.0000E+00      -1  -0.142E-02   20.00
  86   -85.0000    -100.000 0.2426   0.3550E-01  0.8182E-03 -0.3550E-01  0.0000E+00      -1  -0.142E-02   20.00
  87   -86.0000    -100.000 0.2426   0.3550E-01  0.8182E-03 -0.3550E-01  0.0000E+00      -1  -0.142E-02   20.00
  88   -87.0000    -100.000 0.2426   0.3550E-01  0.8182E-03 -0.3550E-01  0.0000E+00      -1  -0.142E-02   20.00
  89   -88.0000    -100.000 0.2426   0.3550E-01  0.8182E-03 -0.3550E-01  0.0000E+00      -1  -0.142E-02   20.00
  90   -89.0000    -100.000 0.2426   0.3550E-01  0.8182E-03 -0.3550E-01  0.0000E+00      -1  -0.142E-02   20.00
  91   -90.0000    -100.000 0.2426   0.3550E-01  0.8182E-03 -0.3550E-01  0.0000E+00      -1  -0.142E-02   20.00
  92   -91.0000    -100.000 0.2426   0.3550E-01  0.8182E-03 -0.3550E-01  0.0000E+00      -1  -0.142E-02   20.00
  93   -92.0000    -100.000 0.2426   0.3550E-01  0.8182E-03 -0.3550E-01  0.0000E+00      -1  -0.142E-02   20.00
  94   -93.0000    -100.000 0.2426   0.3550E-01  0.8182E-03 -0.3550E-01  0.0000E+00      -1  -0.142E-02   20.00
  95   -94.0000    -100.000 0.2426   0.3550E-01  0.8182E-03 -0.3550E-01  0.0000E+00      -1  -0.142E-02   20.00
  96   -95.0000    -100.000 0.2426   0.3550E-01  0.8182E-03 -0.3550E-01  0.0000E+00      -1  -0.142E-02   20.00
  97   -96.0000    -100.000 0.2426   0.3550E-01  0.8182E-03 -0.3550E-01  0.0000E+00      -1  -0.142E-02   20.00
  98   -97.0000    -100.000 0.2426   0.3550E-01  0.8182E-03 -0.3550E-01  0.0000E+00      -1  -0.142E-02   20.00
  99   -98.0000    -100.000 0.2426   0.3550E-01  0.8182E-03 -0.3550E-01  0.0000E+00      -1  -0.142E-02   20.00
 100   -99.0000    -100.000 0.2426   0.3550E-01  0.8182E-03 -0.3550E-01  0.0000E+00      -1  -0.142E-02   20.00
 101  -100.0000    -100.000 0.2426   0.3550E-01  0.8182E-03 -0.3550E-01  0.0000E+00      -1  -0.142E-02   20.00
end


 Time:        0.2500


 Node      Depth      Head Moisture       K          C         Flux        Sink         Kappa   v/KsTop   Temp
           [L]        [L]    [-]        [L/T]      [1/L]      [L/T]        [1/T]         [-]      [-]      [C]

   1     0.0000       0.000 0.4300   0.2496E+02  0.0000E+00 -0.2472E+02  0.0000E+00      -1  -0.990E+00   20.00
   2    -1.0000       0.009 0.4300   0.2493E+02  0.3999E-05 -0.2472E+02  0.0000E+00      -1  -0.990E+00   20.00
   3    -2.0000       0.017 0.4300   0.2492E+02  0.6338E-05 -0.2472E+02  0.0000E+00      -1  -0.990E+00   20.00
   4    -3.0000       0.025 0.4300   0.2490E+02  0.8973E-05 -0.2472E+02  0.0000E+00      -1  -0.990E+00   20.00
   5    -4.0000       0.032 0.4300   0.2487E+02  0.1222E-04 -0.2472E+02  0.0000E+00      -1  -0.990E+00   20.00
   6    -5.0000       0.037 0.4300   0.2485E+02  0.1607E-04 -0.2472E+02  0.0000E+00      -1  -0.990E+00   20.00
   7    -6.0000       0.042 0.4300   0.2482E+02  0.2047E-04 -0.2472E+02  0.0000E+00      -1  -0.990E+00   20.00
   8    -7.0000       0.045 0.4300   0.2478E+02  0.2537E-04 -0.2472E+02  0.0000E+00      -1  -0.991E+00   20.00
   9    -8.0000       0.046 0.4300   0.2474E+02  0.3073E-04 -0.2472E+02  0.0000E+00      -1  -0.991E+00   20.00
  10    -9.0000       0.046 0.4300   0.2470E+02  0.3635E-04 -0.2472E+02  0.0000E+00      -1  -0.991E+00   20.00
  11   -10.0000       0.045 0.4300   0.2466E+02  0.4219E-04 -0.2472E+02  0.0000E+00      -1  -0.991E+00   20.00
  12   -11.0000       0.041 0.4300   0.2462E+02  0.4818E-04 -0.2472E+02  0.0000E+00      -1  -0.990E+00   20.00
  13   -12.0000       0.037 0.4300   0.2458E+02  0.5423E-04 -0.2472E+02  0.0000E+00      -1  -0.990E+00   20.00
  14   -13.0000       0.030 0.4300   0.2454E+02  0.6025E-04 -0.2472E+02  0.0000E+00      -1  -0.990E+00   20.00
  15   -14.0000       0.022 0.4300   0.2450E+02  0.6601E-04 -0.2472E+02  0.0000E+00      -1  -0.990E+00   20.00
  16   -15.0000       0.012 0.4300   0.2446E+02  0.7148E-04 -0.2471E+02  0.0000E+00      -1  -0.990E+00   20.00
  17   -16.0000       0.001 0.4300   0.2442E+02  0.7667E-04 -0.2471E+02  0.0000E+00      -1  -0.990E+00   20.00
  18   -17.0000      -0.011 0.4300   0.2439E+02  0.8110E-04 -0.2471E+02  0.0000E+00      -1  -0.990E+00   20.00
  19   -18.0000      -0.024 0.4300   0.2437E+02  0.8490E-04 -0.2471E+02  0.0000E+00      -1  -0.990E+00   20.00
  20   -19.0000      -0.039 0.4300   0.2435E+02  0.8786E-04 -0.2470E+02  0.0000E+00      -1  -0.990E+00   20.00
  21   -20.0000      -0.054 0.4300   0.2433E+02  0.8949E-04 -0.2470E+02  0.0000E+00      -1  -0.990E+00   20.00
  22   -21.0000      -0.069 0.4300   0.2433E+02  0.8969E-04 -0.2470E+02  0.0000E+00      -1  -0.990E+00   20.00
  23   -22.0000      -0.084 0.4300   0.2434E+02  0.8807E-04 -0.2470E+02  0.0000E+00      -1  -0.990E+00   20.00
  24   -23.0000      -0.103 0.4300   0.2413E+02  0.1183E-03 -0.2470E+02  0.0000E+00      -1  -0.990E+00   20.00
  25   -24.0000      -0.140 0.4300   0.2346E+02  0.2161E-03 -0.2470E+02  0.0000E+00      -1  -0.989E+00   20.00
  26   -25.0000      -0.218 0.4299   0.2239E+02  0.3750E-03 -0.2470E+02  0.0000E+00      -1  -0.989E+00   20.00
  27   -26.0000      -0.352 0.4299   0.2116E+02  0.5622E-03 -0.2469E+02  0.0000E+00      -1  -0.989E+00   20.00
  28   -27.0000      -0.556 0.4297   0.1985E+02  0.7656E-03 -0.2469E+02  0.0000E+00      -1  -0.989E+00   20.00
  29   -28.0000      -0.844 0.4295   0.1847E+02  0.9851E-03 -0.2467E+02  0.0000E+00      -1  -0.989E+00   20.00
  30   -29.0000      -1.234 0.4290   0.1702E+02  0.1222E-02 -0.2464E+02  0.0000E+00      -1  -0.987E+00   20.00
  31   -30.0000      -1.748 0.4283   0.1550E+02  0.1479E-02 -0.2457E+02  0.0000E+00      -1  -0.985E+00   20.00
  32   -31.0000      -2.417 0.4272   0.1389E+02  0.1753E-02 -0.2445E+02  0.0000E+00      -1  -0.980E+00   20.00
  33   -32.0000      -3.284 0.4256   0.1222E+02  0.2042E-02 -0.2425E+02  0.0000E+00      -1  -0.971E+00   20.00
  34   -33.0000      -4.411 0.4231   0.1047E+02  0.2346E-02 -0.2393E+02  0.0000E+00      -1  -0.959E+00   20.00
  35   -34.0000      -5.895 0.4194   0.8643E+01  0.2652E-02 -0.2343E+02  0.0000E+00      -1  -0.939E+00   20.00
  36   -35.0000      -7.877 0.4138   0.6858E+01  0.2923E-02 -0.2266E+02  0.0000E+00      -1  -0.908E+00   20.00
  37   -36.0000     -10.593 0.4055   0.5096E+01  0.3135E-02 -0.2155E+02  0.0000E+00      -1  -0.863E+00   20.00
  38   -37.0000     -14.513 0.3929   0.3393E+01  0.3233E-02 -0.1985E+02  0.0000E+00      -1  -0.795E+00   20.00
  39   -38.0000     -20.511 0.3739   0.1983E+01  0.3092E-02 -0.1719E+02  0.0000E+00      -1  -0.689E+00   20.00
  40   -39.0000     -30.335 0.3456   0.8920E+00  0.2640E-02 -0.1323E+02  0.0000E+00      -1  -0.530E+00   20.00
  41   -40.0000     -47.734 0.3067   0.2929E+00  0.1877E-02 -0.8102E+01  0.0000E+00      -1  -0.325E+00   20.00
  42   -41.0000     -74.968 0.2665   0.8271E-01  0.1163E-02 -0.3285E+01  0.0000E+00      -1  -0.132E+00   20.00
  43   -42.0000     -94.380 0.2470   0.4137E-01  0.8755E-03 -0.7436E+00  0.0000E+00      -1  -0.298E-01   20.00
  44   -43.0000     -99.075 0.2433   0.3625E-01  0.8267E-03 -0.1426E+00  0.0000E+00      -1  -0.571E-02   20.00
  45   -44.0000     -99.860 0.2427   0.3561E-01  0.8195E-03 -0.5197E-01  0.0000E+00      -1  -0.208E-02   20.00
  46   -45.0000     -99.979 0.2426   0.3551E-01  0.8184E-03 -0.3796E-01  0.0000E+00      -1  -0.152E-02   20.00
  47   -46.0000     -99.997 0.2426   0.3550E-01  0.8183E-03 -0.3586E-01  0.0000E+00      -1  -0.144E-02   20.00
  48   -47.0000    -100.000 0.2426   0.3550E-01  0.8182E-03 -0.3555E-01  0.0000E+00      -1  -0.142E-02   20.00
  49   -48.0000    -100.000 0.2426   0.3550E-01  0.8182E-03 -0.3550E-01  0.0000E+00      -1  -0.142E-02   20.00
  50   -49.0000    -100.000 0.2426   0.3550E-01  0.8182E-03 -0.3550E-01  0.0000E+00      -1  -0.142E-02   20.00
  51   -50.0000    -100.000 0.2426   0.3550E-01  0.8182E-03 -0.3550E-01  0.0000E+00      -1  -0.142E-02   20.00
  52   -51.0000    -100.000 0.2426   0.3550E-01  0.8182E-03 -0.3550E-01  0.0000E+00      -1  -0.142E-02   20.00
  53   -52.0000    -100.000 0.2426   0.3550E-01  0.8182E-03 -0.3550E-01  0.0000E+00      -1  -0.142E-02   20.00
  54   -53.0000    -100.000 0.2426   0.3550E-01  0.8182E-03 -0.3550E-01  0.0000E+00      -1  -0.142E-02   20.00
  55   -54.0000    -100.000 0.2426   0.3550E-01  0.8182E-03 -0.3550E-01  0.0000E+00      -1  -0.142E-02   20.00
  56   -55.0000    -100.000 0.2426   0.3550E-01  0.8182E-03 -0.3550E-01  0.0000E+00      -1  -0.142E-02   20.00
  57   -56.0000    -100.000 0.2426   0.3550E-01  0.8182E-03 -0.3550E-01  0.0000E+00      -1  -0.142E-02   20.00
  58   -57.0000    -100.000 0.2426   0.3550E-01  0.8182E-03 -0.3550E-01  0.0000E+00      -1  -0.142E-02   20.00
  59   -58.0000    -100.000 0.2426   0.3550E-01  0.8182E-03 -0.3550E-01  0.0000E+00      -1  -0.142E-02   20.00
  60   -59.0000    -100.000 0.2426   0.3550E-01  0.8182E-03 -0.3550E-01  0.0000E+00      -1  -0.142E-02   20.00
  61   -60.0000    -100.000 0.2426   0.3550E-01  0.8182E-03 -0.3550E-01  0.0000E+00      -1  -0.142E-02   20.00
  62   -61.0000    -100.000 0.2426   0.3550E-01  0.8182E-03 -0.3550E-01  0.0000E+00      -1  -0.142E-02   20.00
  63   -62.0000    -100.000 0.2426   0.3550E-01  0.8182E-03 -0.3550E-01  0.0000E+00      -1  -0.142E-02   20.00
  64   -63.0000    -100.000 0.2426   0.3550E-01  0.8182E-03 -0.3550E-01  0.0000E+00      -1  -0.142E-02   20.00
  65   -64.0000    -100.000 0.2426   0.3550E-01  0.8182E-03 -0.3550E-01  0.0000E+00      -1  -0.142E-02   20.00
  66   -65.0000    -100.000 0.2426   0.3550E-01  0.8182E-03 -0.3550E-01  0.0000E+00      -1  -0.142E-02   20.00
  67   -66.0000    -100.000 0.2426   0.3550E-01  0.8182E-03 -0.3550E-01  0.0000E+00      -1  -0.142E-02   20.00
  68   -67.0000    -100.000 0.2426   0.3550E-01  0.8182E-03 -0.3550E-01  0.0000E+00      -1  -0.142E-02   20.00
  69   -68.0000    -100.000 0.2426   0.3550E-01  0.8182E-03 -0.3550E-01  0.0000E+00      -1  -0.142E-02   20.00
  70   -69.0000    -100.000 0.2426   0.3550E-01  0.8182E-03 -0.3550E-01  0.0000E+00      -1  -0.142E-02   20.00
  71   -70.0000    -100.000 0.2426   0.3550E-01  0.8182E-03 -0.3550E-01  0.0000E+00      -1  -0.142E-02   20.00
  72   -71.0000    -100.000 0.2426   0.3550E-01  0.8182E-03 -0.3550E-01  0.0000E+00      -1  -0.142E-02   20.00
  73   -72.0000    -100.000 0.2426   0.3550E-01  0.8182E-03 -0.3550E-01  0.0000E+00      -1  -0.142E-02   20.00
  74   -73.0000    -100.000 0.2426   0.3550E-01  0.8182E-03 -0.3550E-01  0.0000E+00      -1  -0.142E-02   20.00
  75   -74.0000    -100.000 0.2426   0.3550E-01  0.8182E-03 -0.3550E-01  0.0000E+00      -1  -0.142E-02   20.00
  76   -75.0000    -100.000 0.2426   0.3550E-01  0.8182E-03 -0.3550E-01  0.0000E+00      -1  -0.142E-02   20.00
  77   -76.0000    -100.000 0.2426   0.3550E-01  0.8182E-03 -0.3550E-01  0.0000E+00      -1  -0.142E-02   20.00
  78   -77.0000    -100.000 0.2426   0.3550E-01  0.8182E-03 -0.3550E-01  0.0000E+00      -1  -0.142E-02   20.00
  79   -78.0000    -100.000 0.2426   0.3550E-01  0.8182E-03 -0.3550E-01  0.0000E+00      -1  -0.142E-02   20.00
  80   -79.0000    -100.000 0.2426   0.3550E-01  0.8182E-03 -0.3550E-01  0.0000E+00      -1  -0.142E-02   20.00
  81   -80.0000    -100.000 0.2426   0.3550E-01  0.8182E-03 -0.3550E-01  0.0000E+00      -1  -0.142E-02   20.00
  82   -81.0000    -100.000 0.2426   0.3550E-01  0.8182E-03 -0.3550E-01  0.0000E+00      -1  -0.142E-02   20.00
  83   -82.0000    -100.000 0.2426   0.3550E-01  0.8182E-03 -0.3550E-01  0.0000E+00      -1  -0.142E-02   20.00
  84   -83.0000    -100.000 0.2426   0.3550E-01  0.8182E-03 -0.3550E-01  0.0000E+00      -1  -0.142E-02   20.00
  85   -84.0000    -100.000 0.2426   0.3550E-01  0.8182E-03 -0.3550E-01  0.0000E+00      -1  -0.142E-02   20.00
  86   -85.0000    -100.000 0.2426   0.3550E-01  0.8182E-03 -0.3550E-01  0.0000E+00      -1  -0.142E-02   20.00
  87   -86.0000    -100.000 0.2426   0.3550E-01  0.8182E-03 -0.3550E-01  0.0000E+00      -1  -0.142E-02   20.00
  88   -87.0000    -100.000 0.2426   0.3550E-01  0.8182E-03 -0.3550E-01  0.0000E+00      -1  -0.142E-02   20.00
  89   -88.0000    -100.000 0.2426   0.3550E-01  0.8182E-03 -0.3550E-01  0.0000E+00      -1  -0.142E-02   20.00
  90   -89.0000    -100.000 0.2426   0.3550E-01  0.8182E-03 -0.3550E-01  0.0000E+00      -1  -0.142E-02   20.00
  91   -90.0000    -100.000 0.2426   0.3550E-01  0.8182E-03 -0.3550E-01  0.0000E+00      -1  -0.142E-02   20.00
  92   -91.0000    -100.000 0.2426   0.3550E-01  0.8182E-03 -0.3550E-01  0.0000E+00      -1  -0.142E-02   20.00
  93   -92.0000    -100.000 0.2426   0.3550E-01  0.8182E-03 -0.3550E-01  0.0000E+00      -1  -0.142E-02   20.00
  94   -93.0000    -100.000 0.2426   0.3550E-01  0.8182E-03 -0.3550E-01  0.0000E+00      -1  -0.142E-02   20.00
  95   -94.0000    -100.000 0.2426   0.3550E-01  0.8182E-03 -0.3550E-01  0.0000E+00      -1  -0.142E-02   20.00
  96   -95.0000    -100.000 0.2426   0.3550E-01  0.8182E-03 -0.3550E-01  0.0000E+00      -1  -0.142E-02   20.00
  97   -96.0000    -100.000 0.2426   0.3550E-01  0.8182E-03 -0.3550E-01  0.0000E+00      -1  -0.142E-02   20.00
  98   -97.0000    -100.000 0.2426   0.3550E-01  0.8182E-03 -0.3550E-01  0.0000E+00      -1  -0.142E-02   20.00
  99   -98.0000    -100.000 0.2426   0.3550E-01  0.8182E-03 -0.3550E-01  0.0000E+00      -1  -0.142E-02   20.00
 100   -99.0000    -100.000 0.2426   0.3550E-01  0.8182E-03 -0.3550E-01  0.0000E+00      -1  -0.142E-02   20.00
 101  -100.0000    -100.000 0.2426   0.3550E-01  0.8182E-03 -0.3550E-01  0.0000E+00      -1  -0.142E-02   20.00
end


 Time:        0.3000


 Node      Depth      Head Moisture       K          C         Flux        Sink         Kappa   v/KsTop   Temp
           [L]        [L]    [-]        [L/T]      [1/L]      [L/T]        [1/T]         [-]      [-]      [C]

   1     0.0000       0.000 0.4300   0.2496E+02  0.0000E+00 -0.2498E+02  0.0000E+00      -1  -0.100E+01   20.00
   2    -1.0000      -0.001 0.4300   0.2496E+02  0.0000E+00 -0.2498E+02  0.0000E+00      -1  -0.100E+01   20.00
   3    -2.0000      -0.001 0.4300   0.2496E+02  0.0000E+00 -0.2498E+02  0.0000E+00      -1  -0.100E+01   20.00
   4    -3.0000      -0.002 0.4300   0.2496E+02  0.0000E+00 -0.2498E+02  0.0000E+00      -1  -0.100E+01   20.00
   5    -4.0000      -0.003 0.4300   0.2496E+02  0.0000E+00 -0.2498E+02  0.0000E+00      -1  -0.100E+01   20.00
   6    -5.0000      -0.004 0.4300   0.2496E+02  0.0000E+00 -0.2498E+02  0.0000E+00      -1  -0.100E+01   20.00
   7    -6.0000      -0.004 0.4300   0.2496E+02  0.0000E+00 -0.2498E+02  0.0000E+00      -1  -0.100E+01   20.00
   8    -7.0000      -0.005 0.4300   0.2496E+02  0.0000E+00 -0.2498E+02  0.0000E+00      -1  -0.100E+01   20.00
   9    -8.0000      -0.006 0.4300   0.2496E+02  0.0000E+00 -0.2498E+02  0.0000E+00      -1  -0.100E+01   20.00
  10    -9.0000      -0.007 0.4300   0.2496E+02  0.0000E+00 -0.2498E+02  0.0000E+00      -1  -0.100E+01   20.00
  11   -10.0000      -0.007 0.4300   0.2496E+02  0.0000E+00 -0.2498E+02  0.0000E+00      -1  -0.100E+01   20.00
  12   -11.0000      -0.008 0.4300   0.2496E+02  0.0000E+00 -0.2498E+02  0.0000E+00      -1  -0.100E+01   20.00
  13   -12.0000      -0.009 0.4300   0.2496E+02  0.0000E+00 -0.2498E+02  0.0000E+00      -1  -0.100E+01   20.00
  14   -13.0000      -0.010 0.4300   0.2496E+02  0.0000E+00 -0.2498E+02  0.0000E+00      -1  -0.100E+01   20.00
  15   -14.0000      -0.010 0.4300   0.2496E+02  0.0000E+00 -0.2498E+02  0.0000E+00      -1  -0.100E+01   20.00
  16   -15.0000      -0.011 0.4300   0.2496E+02  0.0000E+00 -0.2498E+02  0.0000E+00      -1  -0.100E+01   20.00
  17   -16.0000      -0.012 0.4300   0.2496E+02  0.0000E+00 -0.2498E+02  0.0000E+00      -1  -0.100E+01   20.00
  18   -17.0000      -0.013 0.4300   0.2496E+02  0.0000E+00 -0.2498E+02  0.0000E+00      -1  -0.100E+01   20.00
  19   -18.0000      -0.013 0.4300   0.2496E+02  0.0000E+00 -0.2498E+02  0.0000E+00      -1  -0.100E+01   20.00
  20   -19.0000      -0.014 0.4300   0.2496E+02  0.0000E+00 -0.2498E+02  0.0000E+00      -1  -0.100E+01   20.00
  21   -20.0000      -0.015 0.4300   0.2496E+02  0.0000E+00 -0.2498E+02  0.0000E+00      -1  -0.100E+01   20.00
  22   -21.0000      -0.016 0.4300   0.2496E+02  0.0000E+00 -0.2498E+02  0.0000E+00      -1  -0.100E+01   20.00
  23   -22.0000      -0.016 0.4300   0.2496E+02  0.0000E+00 -0.2498E+02  0.0000E+00      -1  -0.100E+01   20.00
  24   -23.0000      -0.017 0.4300   0.2496E+02  0.0000E+00 -0.2498E+02  0.0000E+00      -1  -0.100E+01   20.00
  25   -24.0000      -0.018 0.4300   0.2496E+02  0.0000E+00 -0.2498E+02  0.0000E+00      -1  -0.100E+01   20.00
  26   -25.0000      -0.019 0.4300   0.2496E+02  0.0000E+00 -0.2498E+02  0.0000E+00      -1  -0.100E+01   20.00
  27   -26.0000      -0.019 0.4300   0.2496E+02  0.0000E+00 -0.2498E+02  0.0000E+00      -1  -0.100E+01   20.00
  28   -27.0000      -0.020 0.4300   0.2496E+02  0.0000E+00 -0.2498E+02  0.0000E+00      -1  -0.100E+01   20.00
  29   -28.0000      -0.021 0.4300   0.2496E+02  0.0000E+00 -0.2498E+02  0.0000E+00      -1  -0.100E+01   20.00
  30   -29.0000      -0.028 0.4300   0.2463E+02  0.4725E-04 -0.2498E+02  0.0000E+00      -1  -0.100E+01   20.00
  31   -30.0000      -0.053 0.4300   0.2411E+02  0.1223E-03 -0.2498E+02  0.0000E+00      -1  -0.100E+01   20.00
  32   -31.0000      -0.108 0.4300   0.2329E+02  0.2415E-03 -0.2498E+02  0.0000E+00      -1  -0.100E+01   20.00
  33   -32.0000      -0.208 0.4299   0.2213E+02  0.4136E-03 -0.2498E+02  0.0000E+00      -1  -0.100E+01   20.00
  34   -33.0000      -0.370 0.4298   0.2084E+02  0.6110E-03 -0.2497E+02  0.0000E+00      -1  -0.100E+01   20.00
  35   -34.0000      -0.608 0.4297   0.1948E+02  0.8246E-03 -0.2494E+02  0.0000E+00      -1  -0.999E+00   20.00
  36   -35.0000      -0.937 0.4294   0.1804E+02  0.1055E-02 -0.2490E+02  0.0000E+00      -1  -0.997E+00   20.00
  37   -36.0000      -1.376 0.4288   0.1654E+02  0.1303E-02 -0.2482E+02  0.0000E+00      -1  -0.994E+00   20.00
  38   -37.0000      -1.948 0.4280   0.1497E+02  0.1569E-02 -0.2470E+02  0.0000E+00      -1  -0.989E+00   20.00
  39   -38.0000      -2.688 0.4267   0.1332E+02  0.1852E-02 -0.2451E+02  0.0000E+00      -1  -0.982E+00   20.00
  40   -39.0000      -3.648 0.4248   0.1158E+02  0.2154E-02 -0.2423E+02  0.0000E+00      -1  -0.971E+00   20.00
  41   -40.0000      -4.896 0.4219   0.9824E+01  0.2455E-02 -0.2382E+02  0.0000E+00      -1  -0.954E+00   20.00
  42   -41.0000      -6.538 0.4176   0.8029E+01  0.2748E-02 -0.2323E+02  0.0000E+00      -1  -0.931E+00   20.00
  43   -42.0000      -8.751 0.4112   0.6213E+01  0.3011E-02 -0.2236E+02  0.0000E+00      -1  -0.896E+00   20.00
  44   -43.0000     -11.857 0.4015   0.4419E+01  0.3199E-02 -0.2100E+02  0.0000E+00      -1  -0.842E+00   20.00
  45   -44.0000     -16.397 0.3869   0.2866E+01  0.3207E-02 -0.1895E+02  0.0000E+00      -1  -0.759E+00   20.00
  46   -45.0000     -23.498 0.3648   0.1508E+01  0.2973E-02 -0.1593E+02  0.0000E+00      -1  -0.638E+00   20.00
  47   -46.0000     -35.758 0.3322   0.6268E+00  0.2379E-02 -0.1165E+02  0.0000E+00      -1  -0.467E+00   20.00
  48   -47.0000     -57.274 0.2907   0.1861E+00  0.1578E-02 -0.6340E+01  0.0000E+00      -1  -0.254E+00   20.00
  49   -48.0000     -84.882 0.2564   0.6065E-01  0.1014E-02 -0.2088E+01  0.0000E+00      -1  -0.836E-01   20.00
  50   -49.0000     -97.007 0.2448   0.3793E-01  0.8456E-03 -0.3886E+00  0.0000E+00      -1  -0.156E-01   20.00
  51   -50.0000     -99.538 0.2429   0.3587E-01  0.8225E-03 -0.9001E-01  0.0000E+00      -1  -0.361E-02   20.00
  52   -51.0000     -99.931 0.2426   0.3555E-01  0.8189E-03 -0.4367E-01  0.0000E+00      -1  -0.175E-02   20.00
  53   -52.0000     -99.990 0.2426   0.3550E-01  0.8183E-03 -0.3672E-01  0.0000E+00      -1  -0.147E-02   20.00
  54   -53.0000     -99.999 0.2426   0.3550E-01  0.8182E-03 -0.3568E-01  0.0000E+00      -1  -0.143E-02   20.00
  55   -54.0000    -100.000 0.2426   0.3550E-01  0.8182E-03 -0.3552E-01  0.0000E+00      -1  -0.142E-02   20.00
  56   -55.0000    -100.000 0.2426   0.3550E-01  0.8182E-03 -0.3550E-01  0.0000E+00      -1  -0.142E-02   20.00
  57   -56.0000    -100.000 0.2426   0.3550E-01  0.8182E-03 -0.3550E-01  0.0000E+00      -1  -0.142E-02   20.00
  58   -57.0000    -100.000 0.2426   0.3550E-01  0.8182E-03 -0.3550E-01  0.0000E+00      -1  -0.142E-02   20.00
  59   -58.0000    -100.000 0.2426   0.3550E-01  0.8182E-03 -0.3550E-01  0.0000E+00      -1  -0.142E-02   20.00
  60   -59.0000    -100.000 0.2426   0.3550E-01  0.8182E-03 -0.3550E-01  0.0000E+00      -1  -0.142E-02   20.00
  61   -60.0000    -100.000 0.2426   0.3550E-01  0.8182E-03 -0.3550E-01  0.0000E+00      -1  -0.142E-02   20.00
  62   -61.0000    -100.000 0.2426   0.3550E-01  0.8182E-03 -0.3550E-01  0.0000E+00      -1  -0.142E-02   20.00
  63   -62.0000    -100.000 0.2426   0.3550E-01  0.8182E-03 -0.3550E-01  0.0000E+00      -1  -0.142E-02   20.00
  64   -63.0000    -100.000 0.2426   0.3550E-01  0.8182E-03 -0.3550E-01  0.0000E+00      -1  -0.142E-02   20.00
  65   -64.0000    -100.000 0.2426   0.3550E-01  0.8182E-03 -0.3550E-01  0.0000E+00      -1  -0.142E-02   20.00
  66   -65.0000    -100.000 0.2426   0.3550E-01  0.8182E-03 -0.3550E-01  0.0000E+00      -1  -0.142E-02   20.00
  67   -66.0000    -100.000 0.2426   0.3550E-01  0.8182E-03 -0.3550E-01  0.0000E+00      -1  -0.142E-02   20.00
  68   -67.0000    -100.000 0.2426   0.3550E-01  0.8182E-03 -0.3550E-01  0.0000E+00      -1  -0.142E-02   20.00
  69   -68.0000    -100.000 0.2426   0.3550E-01  0.8182E-03 -0.3550E-01  0.0000E+00      -1  -0.142E-02   20.00
  70   -69.0000    -100.000 0.2426   0.3550E-01  0.8182E-03 -0.3550E-01  0.0000E+00      -1  -0.142E-02   20.00
  71   -70.0000    -100.000 0.2426   0.3550E-01  0.8182E-03 -0.3550E-01  0.0000E+00      -1  -0.142E-02   20.00
  72   -71.0000    -100.000 0.2426   0.3550E-01  0.8182E-03 -0.3550E-01  0.0000E+00      -1  -0.142E-02   20.00
  73   -72.0000    -100.000 0.2426   0.3550E-01  0.8182E-03 -0.3550E-01  0.0000E+00      -1  -0.142E-02   20.00
  74   -73.0000    -100.000 0.2426   0.3550E-01  0.8182E-03 -0.3550E-01  0.0000E+00      -1  -0.142E-02   20.00
  75   -74.0000    -100.000 0.2426   0.3550E-01  0.8182E-03 -0.3550E-01  0.0000E+00      -1  -0.142E-02   20.00
  76   -75.0000    -100.000 0.2426   0.3550E-01  0.8182E-03 -0.3550E-01  0.0000E+00      -1  -0.142E-02   20.00
  77   -76.0000    -100.000 0.2426   0.3550E-01  0.8182E-03 -0.3550E-01  0.0000E+00      -1  -0.142E-02   20.00
  78   -77.0000    -100.000 0.2426   0.3550E-01  0.8182E-03 -0.3550E-01  0.0000E+00      -1  -0.142E-02   20.00
  79   -78.0000    -100.000 0.2426   0.3550E-01  0.8182E-03 -0.3550E-01  0.0000E+00      -1  -0.142E-02   20.00
  80   -79.0000    -100.000 0.2426   0.3550E-01  0.8182E-03 -0.3550E-01  0.0000E+00      -1  -0.142E-02   20.00
  81   -80.0000    -100.000 0.2426   0.3550E-01  0.8182E-03 -0.3550E-01  0.0000E+00      -1  -0.142E-02   20.00
  82   -81.0000    -100.000 0.2426   0.3550E-01  0.8182E-03 -0.3550E-01  0.0000E+00      -1  -0.142E-02   20.00
  83   -82.0000    -100.000 0.2426   0.3550E-01  0.8182E-03 -0.3550E-01  0.0000E+00      -1  -0.142E-02   20.00
  84   -83.0000    -100.000 0.2426   0.3550E-01  0.8182E-03 -0.3550E-01  0.0000E+00      -1  -0.142E-02   20.00
  85   -84.0000    -100.000 0.2426   0.3550E-01  0.8182E-03 -0.3550E-01  0.0000E+00      -1  -0.142E-02   20.00
  86   -85.0000    -100.000 0.2426   0.3550E-01  0.8182E-03 -0.3550E-01  0.0000E+00      -1  -0.142E-02   20.00
  87   -86.0000    -100.000 0.2426   0.3550E-01  0.8182E-03 -0.3550E-01  0.0000E+00      -1  -0.142E-02   20.00
  88   -87.0000    -100.000 0.2426   0.3550E-01  0.8182E-03 -0.3550E-01  0.0000E+00      -1  -0.142E-02   20.00
  89   -88.0000    -100.000 0.2426   0.3550E-01  0.8182E-03 -0.3550E-01  0.0000E+00      -1  -0.142E-02   20.00
  90   -89.0000    -100.000 0.2426   0.3550E-01  0.8182E-03 -0.3550E-01  0.0000E+00      -1  -0.142E-02   20.00
  91   -90.0000    -100.000 0.2426   0.3550E-01  0.8182E-03 -0.3550E-01  0.0000E+00      -1  -0.142E-02   20.00
  92   -91.0000    -100.000 0.2426   0.3550E-01  0.8182E-03 -0.3550E-01  0.0000E+00      -1  -0.142E-02   20.00
  93   -92.0000    -100.000 0.2426   0.3550E-01  0.8182E-03 -0.3550E-01  0.0000E+00      -1  -0.142E-02   20.00
  94   -93.0000    -100.000 0.2426   0.3550E-01  0.8182E-03 -0.3550E-01  0.0000E+00      -1  -0.142E-02   20.00
  95   -94.0000    -100.000 0.2426   0.3550E-01  0.8182E-03 -0.3550E-01  0.0000E+00      -1  -0.142E-02   20.00
  96   -95.0000    -100.000 0.2426   0.3550E-01  0.8182E-03 -0.3550E-01  0.0000E+00      -1  -0.142E-02   20.00
  97   -96.0000    -100.000 0.2426   0.3550E-01  0.8182E-03 -0.3550E-01  0.0000E+00      -1  -0.142E-02   20.00
  98   -97.0000    -100.000 0.2426   0.3550E-01  0.8182E-03 -0.3550E-01  0.0000E+00      -1  -0.142E-02   20.00
  99   -98.0000    -100.000 0.2426   0.3550E-01  0.8182E-03 -0.3550E-01  0.0000E+00      -1  -0.142E-02   20.00
 100   -99.0000    -100.000 0.2426   0.3550E-01  0.8182E-03 -0.3550E-01  0.0000E+00      -1  -0.142E-02   20.00
 101  -100.0000    -100.000 0.2426   0.3550E-01  0.8182E-03 -0.3550E-01  0.0000E+00      -1  -0.142E-02   20.00
end


 Time:        0.3500


 Node      Depth      Head Moisture       K          C         Flux        Sink         Kappa   v/KsTop   Temp
           [L]        [L]    [-]        [L/T]      [1/L]      [L/T]        [1/T]         [-]      [-]      [C]

   1     0.0000       0.000 0.4300   0.2496E+02  0.0000E+00 -0.2498E+02  0.0000E+00      -1  -0.100E+01   20.00
   2    -1.0000      -0.001 0.4300   0.2496E+02  0.0000E+00 -0.2498E+02  0.0000E+00      -1  -0.100E+01   20.00
   3    -2.0000      -0.001 0.4300   0.2496E+02  0.0000E+00 -0.2498E+02  0.0000E+00      -1  -0.100E+01   20.00
   4    -3.0000      -0.002 0.4300   0.2496E+02  0.0000E+00 -0.2498E+02  0.0000E+00      -1  -0.100E+01   20.00
   5    -4.0000      -0.002 0.4300   0.2496E+02  0.0000E+00 -0.2498E+02  0.0000E+00      -1  -0.100E+01   20.00
   6    -5.0000      -0.003 0.4300   0.2496E+02  0.0000E+00 -0.2498E+02  0.0000E+00      -1  -0.100E+01   20.00
   7    -6.0000      -0.004 0.4300   0.2496E+02  0.0000E+00 -0.2498E+02  0.0000E+00      -1  -0.100E+01   20.00
   8    -7.0000      -0.004 0.4300   0.2496E+02  0.0000E+00 -0.2498E+02  0.0000E+00      -1  -0.100E+01   20.00
   9    -8.0000      -0.005 0.4300   0.2496E+02  0.0000E+00 -0.2498E+02  0.0000E+00      -1  -0.100E+01   20.00
  10    -9.0000      -0.006 0.4300   0.2496E+02  0.0000E+00 -0.2498E+02  0.0000E+00      -1  -0.100E+01   20.00
  11   -10.0000      -0.006 0.4300   0.2496E+02  0.0000E+00 -0.2498E+02  0.0000E+00      -1  -0.100E+01   20.00
  12   -11.0000      -0.007 0.4300   0.2496E+02  0.0000E+00 -0.2498E+02  0.0000E+00      -1  -0.100E+01   20.00
  13   -12.0000      -0.008 0.4300   0.2496E+02  0.0000E+00 -0.2498E+02  0.0000E+00      -1  -0.100E+01   20.00
  14   -13.0000      -0.008 0.4300   0.2496E+02  0.0000E+00 -0.2498E+02  0.0000E+00      -1  -0.100E+01   20.00
  15   -14.0000      -0.009 0.4300   0.2496E+02  0.0000E+00 -0.2498E+02  0.0000E+00      -1  -0.100E+01   20.00
  16   -15.0000      -0.010 0.4300   0.2496E+02  0.0000E+00 -0.2498E+02  0.0000E+00      -1  -0.100E+01   20.00
  17   -16.0000      -0.010 0.4300   0.2496E+02  0.0000E+00 -0.2498E+02  0.0000E+00      -1  -0.100E+01   20.00
  18   -17.0000      -0.011 0.4300   0.2496E+02  0.0000E+00 -0.2498E+02  0.0000E+00      -1  -0.100E+01   20.00
  19   -18.0000      -0.012 0.4300   0.2496E+02  0.0000E+00 -0.2498E+02  0.0000E+00      -1  -0.100E+01   20.00
  20   -19.0000      -0.012 0.4300   0.2496E+02  0.0000E+00 -0.2498E+02  0.0000E+00      -1  -0.100E+01   20.00
  21   -20.0000      -0.013 0.4300   0.2496E+02  0.0000E+00 -0.2498E+02  0.0000E+00      -1  -0.100E+01   20.00
  22   -21.0000      -0.014 0.4300   0.2496E+02  0.0000E+00 -0.2498E+02  0.0000E+00      -1  -0.100E+01   20.00
  23   -22.0000      -0.015 0.4300   0.2496E+02  0.0000E+00 -0.2498E+02  0.0000E+00      -1  -0.100E+01   20.00
  24   -23.0000      -0.016 0.4300   0.2496E+02  0.0000E+00 -0.2498E+02  0.0000E+00      -1  -0.100E+01   20.00
  25   -24.0000      -0.017 0.4300   0.2496E+02  0.0000E+00 -0.2498E+02  0.0000E+00      -1  -0.100E+01   20.00
  26   -25.0000      -0.018 0.4300   0.2496E+02  0.0000E+00 -0.2498E+02  0.0000E+00      -1  -0.100E+01   20.00
  27   -26.0000      -0.019 0.4300   0.2496E+02  0.0000E+00 -0.2499E+02  0.0000E+00      -1  -0.100E+01   20.00
  28   -27.0000      -0.020 0.4300   0.2496E+02  0.0000E+00 -0.2499E+02  0.0000E+00      -1  -0.100E+01   20.00
  29   -28.0000      -0.021 0.4300   0.2496E+02  0.0000E+00 -0.2499E+02  0.0000E+00      -1  -0.100E+01   20.00
  30   -29.0000      -0.022 0.4300   0.2496E+02  0.0000E+00 -0.2499E+02  0.0000E+00      -1  -0.100E+01   20.00
  31   -30.0000      -0.023 0.4300   0.2496E+02  0.0000E+00 -0.2499E+02  0.0000E+00      -1  -0.100E+01   20.00
  32   -31.0000      -0.025 0.4300   0.2496E+02  0.0000E+00 -0.2500E+02  0.0000E+00      -1  -0.100E+01   20.00
  33   -32.0000      -0.026 0.4300   0.2496E+02  0.0000E+00 -0.2501E+02  0.0000E+00      -1  -0.100E+01   20.00
  34   -33.0000      -0.028 0.4300   0.2496E+02  0.0000E+00 -0.2502E+02  0.0000E+00      -1  -0.100E+01   20.00
  35   -34.0000      -0.031 0.4300   0.2496E+02  0.0000E+00 -0.2503E+02  0.0000E+00      -1  -0.100E+01   20.00
  36   -35.0000      -0.034 0.4300   0.2496E+02  0.0000E+00 -0.2504E+02  0.0000E+00      -1  -0.100E+01   20.00
  37   -36.0000      -0.037 0.4300   0.2496E+02  0.0000E+00 -0.2504E+02  0.0000E+00      -1  -0.100E+01   20.00
  38   -37.0000      -0.056 0.4300   0.2423E+02  0.1052E-03 -0.2505E+02  0.0000E+00      -1  -0.100E+01   20.00
  39   -38.0000      -0.119 0.4300   0.2286E+02  0.3049E-03 -0.2504E+02  0.0000E+00      -1  -0.100E+01   20.00
  40   -39.0000      -0.246 0.4299   0.2157E+02  0.4992E-03 -0.2501E+02  0.0000E+00      -1  -0.100E+01   20.00
  41   -40.0000      -0.441 0.4298   0.2026E+02  0.7017E-03 -0.2497E+02  0.0000E+00      -1  -0.100E+01   20.00
  42   -41.0000      -0.716 0.4296   0.1890E+02  0.9170E-03 -0.2491E+02  0.0000E+00      -1  -0.998E+00   20.00
  43   -42.0000      -1.084 0.4292   0.1748E+02  0.1148E-02 -0.2484E+02  0.0000E+00      -1  -0.995E+00   20.00
  44   -43.0000      -1.567 0.4286   0.1598E+02  0.1398E-02 -0.2475E+02  0.0000E+00      -1  -0.991E+00   20.00
  45   -44.0000      -2.193 0.4276   0.1438E+02  0.1669E-02 -0.2461E+02  0.0000E+00      -1  -0.986E+00   20.00
  46   -45.0000      -3.004 0.4261   0.1271E+02  0.1958E-02 -0.2441E+02  0.0000E+00      -1  -0.978E+00   20.00
  47   -46.0000      -4.054 0.4239   0.1099E+02  0.2256E-02 -0.2411E+02  0.0000E+00      -1  -0.966E+00   20.00
  48   -47.0000      -5.425 0.4206   0.9198E+01  0.2560E-02 -0.2366E+02  0.0000E+00      -1  -0.948E+00   20.00
  49   -48.0000      -7.252 0.4156   0.7350E+01  0.2854E-02 -0.2299E+02  0.0000E+00      -1  -0.921E+00   20.00
  50   -49.0000      -9.751 0.4081   0.5558E+01  0.3090E-02 -0.2195E+02  0.0000E+00      -1  -0.879E+00   20.00
  51   -50.0000     -13.273 0.3969   0.3873E+01  0.3217E-02 -0.2040E+02  0.0000E+00      -1  -0.817E+00   20.00
  52   -51.0000     -18.573 0.3799   0.2309E+01  0.3166E-02 -0.1810E+02  0.0000E+00      -1  -0.725E+00   20.00
  53   -52.0000     -27.238 0.3542   0.1155E+01  0.2791E-02 -0.1470E+02  0.0000E+00      -1  -0.589E+00   20.00
  54   -53.0000     -42.316 0.3179   0.4213E+00  0.2097E-02 -0.9902E+01  0.0000E+00      -1  -0.397E+00   20.00
  55   -54.0000     -67.783 0.2759   0.1178E+00  0.1322E-02 -0.4588E+01  0.0000E+00      -1  -0.184E+00   20.00
  56   -55.0000     -91.548 0.2498   0.4710E-01  0.9166E-03 -0.1188E+01  0.0000E+00      -1  -0.476E-01   20.00
  57   -56.0000     -98.521 0.2437   0.3669E-01  0.8317E-03 -0.2078E+00  0.0000E+00      -1  -0.833E-02   20.00
  58   -57.0000     -99.775 0.2427   0.3568E-01  0.8203E-03 -0.6198E-01  0.0000E+00      -1  -0.248E-02   20.00
  59   -58.0000     -99.967 0.2426   0.3552E-01  0.8185E-03 -0.3947E-01  0.0000E+00      -1  -0.158E-02   20.00
  60   -59.0000     -99.995 0.2426   0.3550E-01  0.8183E-03 -0.3609E-01  0.0000E+00      -1  -0.145E-02   20.00
  61   -60.0000     -99.999 0.2426   0.3550E-01  0.8182E-03 -0.3558E-01  0.0000E+00      -1  -0.143E-02   20.00
  62   -61.0000    -100.000 0.2426   0.3550E-01  0.8182E-03 -0.3551E-01  0.0000E+00      -1  -0.142E-02   20.00
  63   -62.0000    -100.000 0.2426   0.3550E-01  0.8182E-03 -0.3550E-01  0.0000E+00      -1  -0.142E-02   20.00
  64   -63.0000    -100.000 0.2426   0.3550E-01  0.8182E-03 -0.3550E-01  0.0000E+00      -1  -0.142E-02   20.00
  65   -64.0000    -100.000 0.2426   0.3550E-01  0.8182E-03 -0.3550E-01  0.0000E+00      -1  -0.142E-02   20.00
  66   -65.0000    -100.000 0.2426   0.3550E-01  0.8182E-03 -0.3550E-01  0.0000E+00      -1  -0.142E-02   20.00
  67   -66.0000    -100.000 0.2426   0.3550E-01  0.8182E-03 -0.3550E-01  0.0000E+00      -1  -0.142E-02   20.00
  68   -67.0000    -100.000 0.2426   0.3550E-01  0.8182E-03 -0.3550E-01  0.0000E+00      -1  -0.142E-02   20.00
  69   -68.0000    -100.000 0.2426   0.3550E-01  0.8182E-03 -0.3550E-01  0.0000E+00      -1  -0.142E-02   20.00
  70   -69.0000    -100.000 0.2426   0.3550E-01  0.8182E-03 -0.3550E-01  0.0000E+00      -1  -0.142E-02   20.00
  71   -70.0000    -100.000 0.2426   0.3550E-01  0.8182E-03 -0.3550E-01  0.0000E+00      -1  -0.142E-02   20.00
  72   -71.0000    -100.000 0.2426   0.3550E-01  0.8182E-03 -0.3550E-01  0.0000E+00      -1  -0.142E-02   20.00
  73   -72.0000    -100.000 0.2426   0.3550E-01  0.8182E-03 -0.3550E-01  0.0000E+00      -1  -0.142E-02   20.00
  74   -73.0000    -100.000 0.2426   0.3550E-01  0.8182E-03 -0.3550E-01  0.0000E+00      -1  -0.142E-02   20.00
  75   -74.0000    -100.000 0.2426   0.3550E-01  0.8182E-03 -0.3550E-01  0.0000E+00      -1  -0.142E-02   20.00
  76   -75.0000    -100.000 0.2426   0.3550E-01  0.8182E-03 -0.3550E-01  0.0000E+00      -1  -0.142E-02   20.00
  77   -76.0000    -100.000 0.2426   0.3550E-01  0.8182E-03 -0.3550E-01  0.0000E+00      -1  -0.142E-02   20.00
  78   -77.0000    -100.000 0.2426   0.3550E-01  0.8182E-03 -0.3550E-01  0.0000E+00      -1  -0.142E-02   20.00
  79   -78.0000    -100.000 0.2426   0.3550E-01  0.8182E-03 -0.3550E-01  0.0000E+00      -1  -0.142E-02   20.00
  80   -79.0000    -100.000 0.2426   0.3550E-01  0.8182E-03 -0.3550E-01  0.0000E+00      -1  -0.142E-02   20.00
  81   -80.0000    -100.000 0.2426   0.3550E-01  0.8182E-03 -0.3550E-01  0.0000E+00      -1  -0.142E-02   20.00
  82   -81.0000    -100.000 0.2426   0.3550E-01  0.8182E-03 -0.3550E-01  0.0000E+00      -1  -0.142E-02   20.00
  83   -82.0000    -100.000 0.2426   0.3550E-01  0.8182E-03 -0.3550E-01  0.0000E+00      -1  -0.142E-02   20.00
  84   -83.0000    -100.000 0.2426   0.3550E-01  0.8182E-03 -0.3550E-01  0.0000E+00      -1  -0.142E-02   20.00
  85   -84.0000    -100.000 0.2426   0.3550E-01  0.8182E-03 -0.3550E-01  0.0000E+00      -1  -0.142E-02   20.00
  86   -85.0000    -100.000 0.2426   0.3550E-01  0.8182E-03 -0.3550E-01  0.0000E+00      -1  -0.142E-02   20.00
  87   -86.0000    -100.000 0.2426   0.3550E-01  0.8182E-03 -0.3550E-01  0.0000E+00      -1  -0.142E-02   20.00
  88   -87.0000    -100.000 0.2426   0.3550E-01  0.8182E-03 -0.3550E-01  0.0000E+00      -1  -0.142E-02   20.00
  89   -88.0000    -100.000 0.2426   0.3550E-01  0.8182E-03 -0.3550E-01  0.0000E+00      -1  -0.142E-02   20.00
  90   -89.0000    -100.000 0.2426   0.3550E-01  0.8182E-03 -0.3550E-01  0.0000E+00      -1  -0.142E-02   20.00
  91   -90.0000    -100.000 0.2426   0.3550E-01  0.8182E-03 -0.3550E-01  0.0000E+00      -1  -0.142E-02   20.00
  92   -91.0000    -100.000 0.2426   0.3550E-01  0.8182E-03 -0.3550E-01  0.0000E+00      -1  -0.142E-02   20.00
  93   -92.0000    -100.000 0.2426   0.3550E-01  0.8182E-03 -0.3550E-01  0.0000E+00      -1  -0.142E-02   20.00
  94   -93.0000    -100.000 0.2426   0.3550E-01  0.8182E-03 -0.3550E-01  0.0000E+00      -1  -0.142E-02   20.00
  95   -94.0000    -100.000 0.2426   0.3550E-01  0.8182E-03 -0.3550E-01  0.0000E+00      -1  -0.142E-02   20.00
  96   -95.0000    -100.000 0.2426   0.3550E-01  0.8182E-03 -0.3550E-01  0.0000E+00      -1  -0.142E-02   20.00
  97   -96.0000    -100.000 0.2426   0.3550E-01  0.8182E-03 -0.3550E-01  0.0000E+00      -1  -0.142E-02   20.00
  98   -97.0000    -100.000 0.2426   0.3550E-01  0.8182E-03 -0.3550E-01  0.0000E+00      -1  -0.142E-02   20.00
  99   -98.0000    -100.000 0.2426   0.3550E-01  0.8182E-03 -0.3550E-01  0.0000E+00      -1  -0.142E-02   20.00
 100   -99.0000    -100.000 0.2426   0.3550E-01  0.8182E-03 -0.3550E-01  0.0000E+00      -1  -0.142E-02   20.00
 101  -100.0000    -100.000 0.2426   0.3550E-01  0.8182E-03 -0.3550E-01  0.0000E+00      -1  -0.142E-02   20.00
end


 Time:        0.4000


 Node      Depth      Head Moisture       K          C         Flux        Sink         Kappa   v/KsTop   Temp
           [L]        [L]    [-]        [L/T]      [1/L]      [L/T]        [1/T]         [-]      [-]      [C]

   1     0.0000       0.000 0.4300   0.2496E+02  0.0000E+00 -0.2493E+02  0.0000E+00      -1  -0.999E+00   20.00
   2    -1.0000       0.001 0.4300   0.2496E+02  0.0000E+00 -0.2493E+02  0.0000E+00      -1  -0.999E+00   20.00
   3    -2.0000       0.002 0.4300   0.2496E+02  0.0000E+00 -0.2493E+02  0.0000E+00      -1  -0.999E+00   20.00
   4    -3.0000       0.003 0.4300   0.2496E+02  0.0000E+00 -0.2493E+02  0.0000E+00      -1  -0.999E+00   20.00
   5    -4.0000       0.005 0.4300   0.2496E+02  0.0000E+00 -0.2493E+02  0.0000E+00      -1  -0.999E+00   20.00
   6    -5.0000       0.006 0.4300   0.2496E+02  0.0000E+00 -0.2493E+02  0.0000E+00      -1  -0.999E+00   20.00
   7    -6.0000       0.007 0.4300   0.2496E+02  0.0000E+00 -0.2493E+02  0.0000E+00      -1  -0.999E+00   20.00
   8    -7.0000       0.008 0.4300   0.2496E+02  0.0000E+00 -0.2493E+02  0.0000E+00      -1  -0.999E+00   20.00
   9    -8.0000       0.009 0.4300   0.2496E+02  0.0000E+00 -0.2493E+02  0.0000E+00      -1  -0.999E+00   20.00
  10    -9.0000       0.010 0.4300   0.2496E+02  0.0000E+00 -0.2493E+02  0.0000E+00      -1  -0.999E+00   20.00
  11   -10.0000       0.011 0.4300   0.2496E+02  0.0000E+00 -0.2493E+02  0.0000E+00      -1  -0.999E+00   20.00
  12   -11.0000       0.013 0.4300   0.2496E+02  0.0000E+00 -0.2493E+02  0.0000E+00      -1  -0.999E+00   20.00
  13   -12.0000       0.014 0.4300   0.2496E+02  0.0000E+00 -0.2493E+02  0.0000E+00      -1  -0.999E+00   20.00
  14   -13.0000       0.015 0.4300   0.2496E+02  0.0000E+00 -0.2493E+02  0.0000E+00      -1  -0.999E+00   20.00
  15   -14.0000       0.016 0.4300   0.2496E+02  0.0000E+00 -0.2493E+02  0.0000E+00      -1  -0.999E+00   20.00
  16   -15.0000       0.017 0.4300   0.2496E+02  0.0000E+00 -0.2493E+02  0.0000E+00      -1  -0.999E+00   20.00
  17   -16.0000       0.018 0.4300   0.2496E+02  0.0000E+00 -0.2493E+02  0.0000E+00      -1  -0.999E+00   20.00
  18   -17.0000       0.019 0.4300   0.2496E+02  0.0000E+00 -0.2493E+02  0.0000E+00      -1  -0.999E+00   20.00
  19   -18.0000       0.020 0.4300   0.2496E+02  0.0000E+00 -0.2493E+02  0.0000E+00      -1  -0.999E+00   20.00
  20   -19.0000       0.022 0.4300   0.2496E+02  0.0000E+00 -0.2493E+02  0.0000E+00      -1  -0.999E+00   20.00
  21   -20.0000       0.023 0.4300   0.2496E+02  0.0000E+00 -0.2493E+02  0.0000E+00      -1  -0.999E+00   20.00
  22   -21.0000       0.024 0.4300   0.2496E+02  0.0000E+00 -0.2493E+02  0.0000E+00      -1  -0.999E+00   20.00
  23   -22.0000       0.025 0.4300   0.2496E+02  0.0000E+00 -0.2493E+02  0.0000E+00      -1  -0.999E+00   20.00
  24   -23.0000       0.026 0.4300   0.2496E+02  0.0000E+00 -0.2493E+02  0.0000E+00      -1  -0.999E+00   20.00
  25   -24.0000       0.027 0.4300   0.2496E+02  0.0000E+00 -0.2493E+02  0.0000E+00      -1  -0.999E+00   20.00
  26   -25.0000       0.028 0.4300   0.2496E+02  0.0000E+00 -0.2493E+02  0.0000E+00      -1  -0.999E+00   20.00
  27   -26.0000       0.030 0.4300   0.2496E+02  0.0000E+00 -0.2493E+02  0.0000E+00      -1  -0.999E+00   20.00
  28   -27.0000       0.031 0.4300   0.2496E+02  0.0000E+00 -0.2493E+02  0.0000E+00      -1  -0.999E+00   20.00
  29   -28.0000       0.032 0.4300   0.2496E+02  0.0000E+00 -0.2493E+02  0.0000E+00      -1  -0.999E+00   20.00
  30   -29.0000       0.033 0.4300   0.2496E+02  0.0000E+00 -0.2493E+02  0.0000E+00      -1  -0.999E+00   20.00
  31   -30.0000       0.034 0.4300   0.2496E+02  0.0000E+00 -0.2493E+02  0.0000E+00      -1  -0.999E+00   20.00
  32   -31.0000       0.035 0.4300   0.2496E+02  0.0000E+00 -0.2493E+02  0.0000E+00      -1  -0.999E+00   20.00
  33   -32.0000       0.036 0.4300   0.2496E+02  0.0000E+00 -0.2494E+02  0.0000E+00      -1  -0.999E+00   20.00
  34   -33.0000       0.037 0.4300   0.2496E+02  0.0000E+00 -0.2495E+02  0.0000E+00      -1  -0.100E+01   20.00
  35   -34.0000       0.037 0.4300   0.2496E+02  0.0000E+00 -0.2497E+02  0.0000E+00      -1  -0.100E+01   20.00
  36   -35.0000       0.036 0.4300   0.2496E+02  0.0000E+00 -0.2499E+02  0.0000E+00      -1  -0.100E+01   20.00
  37   -36.0000       0.035 0.4300   0.2496E+02  0.0000E+00 -0.2501E+02  0.0000E+00      -1  -0.100E+01   20.00
  38   -37.0000       0.032 0.4300   0.2496E+02  0.0000E+00 -0.2505E+02  0.0000E+00      -1  -0.100E+01   20.00
  39   -38.0000       0.028 0.4300   0.2496E+02  0.0000E+00 -0.2508E+02  0.0000E+00      -1  -0.100E+01   20.00
  40   -39.0000       0.022 0.4300   0.2496E+02  0.0000E+00 -0.2513E+02  0.0000E+00      -1  -0.101E+01   20.00
  41   -40.0000       0.014 0.4300   0.2496E+02  0.0000E+00 -0.2518E+02  0.0000E+00      -1  -0.101E+01   20.00
  42   -41.0000       0.005 0.4300   0.2496E+02  0.0000E+00 -0.2526E+02  0.0000E+00      -1  -0.101E+01   20.00
  43   -42.0000      -0.010 0.4300   0.2496E+02  0.0000E+00 -0.2536E+02  0.0000E+00      -1  -0.102E+01   20.00
  44   -43.0000      -0.027 0.4300   0.2496E+02  0.0000E+00 -0.2539E+02  0.0000E+00      -1  -0.102E+01   20.00
  45   -44.0000      -0.075 0.4300   0.2349E+02  0.2127E-03 -0.2530E+02  0.0000E+00      -1  -0.101E+01   20.00
  46   -45.0000      -0.182 0.4299   0.2210E+02  0.4189E-03 -0.2513E+02  0.0000E+00      -1  -0.101E+01   20.00
  47   -46.0000      -0.349 0.4299   0.2080E+02  0.6173E-03 -0.2492E+02  0.0000E+00      -1  -0.998E+00   20.00
  48   -47.0000      -0.579 0.4297   0.1952E+02  0.8171E-03 -0.2472E+02  0.0000E+00      -1  -0.991E+00   20.00
  49   -48.0000      -0.886 0.4294   0.1820E+02  0.1029E-02 -0.2459E+02  0.0000E+00      -1  -0.985E+00   20.00
  50   -49.0000      -1.287 0.4290   0.1682E+02  0.1257E-02 -0.2451E+02  0.0000E+00      -1  -0.982E+00   20.00
  51   -50.0000      -1.811 0.4282   0.1531E+02  0.1510E-02 -0.2444E+02  0.0000E+00      -1  -0.979E+00   20.00
  52   -51.0000      -2.491 0.4271   0.1374E+02  0.1779E-02 -0.2434E+02  0.0000E+00      -1  -0.975E+00   20.00
  53   -52.0000      -3.371 0.4254   0.1207E+02  0.2068E-02 -0.2416E+02  0.0000E+00      -1  -0.968E+00   20.00
  54   -53.0000      -4.519 0.4228   0.1031E+02  0.2372E-02 -0.2386E+02  0.0000E+00      -1  -0.956E+00   20.00
  55   -54.0000      -6.035 0.4190   0.8512E+01  0.2672E-02 -0.2336E+02  0.0000E+00      -1  -0.936E+00   20.00
  56   -55.0000      -8.061 0.4132   0.6724E+01  0.2941E-02 -0.2260E+02  0.0000E+00      -1  -0.905E+00   20.00
  57   -56.0000     -10.852 0.4047   0.4955E+01  0.3149E-02 -0.2145E+02  0.0000E+00      -1  -0.859E+00   20.00
  58   -57.0000     -14.911 0.3917   0.3248E+01  0.3236E-02 -0.1969E+02  0.0000E+00      -1  -0.789E+00   20.00
  59   -58.0000     -21.187 0.3719   0.1876E+01  0.3065E-02 -0.1704E+02  0.0000E+00      -1  -0.683E+00   20.00
  60   -59.0000     -31.595 0.3425   0.8304E+00  0.2579E-02 -0.1307E+02  0.0000E+00      -1  -0.524E+00   20.00
  61   -60.0000     -50.121 0.3027   0.2662E+00  0.1802E-02 -0.7812E+01  0.0000E+00      -1  -0.313E+00   20.00
  62   -61.0000     -77.972 0.2633   0.7468E-01  0.1114E-02 -0.2982E+01  0.0000E+00      -1  -0.119E+00   20.00
  63   -62.0000     -95.297 0.2461   0.3951E-01  0.8621E-03 -0.6173E+00  0.0000E+00      -1  -0.247E-01   20.00
  64   -63.0000     -99.281 0.2431   0.3608E-01  0.8248E-03 -0.1231E+00  0.0000E+00      -1  -0.493E-02   20.00
  65   -64.0000     -99.895 0.2427   0.3558E-01  0.8192E-03 -0.4829E-01  0.0000E+00      -1  -0.193E-02   20.00
  66   -65.0000     -99.985 0.2426   0.3551E-01  0.8184E-03 -0.3735E-01  0.0000E+00      -1  -0.150E-02   20.00
  67   -66.0000     -99.998 0.2426   0.3550E-01  0.8182E-03 -0.3577E-01  0.0000E+00      -1  -0.143E-02   20.00
  68   -67.0000    -100.000 0.2426   0.3550E-01  0.8182E-03 -0.3553E-01  0.0000E+00      -1  -0.142E-02   20.00
  69   -68.0000    -100.000 0.2426   0.3550E-01  0.8182E-03 -0.3550E-01  0.0000E+00      -1  -0.142E-02   20.00
  70   -69.0000    -100.000 0.2426   0.3550E-01  0.8182E-03 -0.3550E-01  0.0000E+00      -1  -0.142E-02   20.00
  71   -70.0000    -100.000 0.2426   0.3550E-01  0.8182E-03 -0.3550E-01  0.0000E+00      -1  -0.142E-02   20.00
  72   -71.0000    -100.000 0.2426   0.3550E-01  0.8182E-03 -0.3550E-01  0.0000E+00      -1  -0.142E-02   20.00
  73   -72.0000    -100.000 0.2426   0.3550E-01  0.8182E-03 -0.3550E-01  0.0000E+00      -1  -0.142E-02   20.00
  74   -73.0000    -100.000 0.2426   0.3550E-01  0.8182E-03 -0.3550E-01  0.0000E+00      -1  -0.142E-02   20.00
  75   -74.0000    -100.000 0.2426   0.3550E-01  0.8182E-03 -0.3550E-01  0.0000E+00      -1  -0.142E-02   20.00
  76   -75.0000    -100.000 0.2426   0.3550E-01  0.8182E-03 -0.3550E-01  0.0000E+00      -1  -0.142E-02   20.00
  77   -76.0000    -100.000 0.2426   0.3550E-01  0.8182E-03 -0.3550E-01  0.0000E+00      -1  -0.142E-02   20.00
  78   -77.0000    -100.000 0.2426   0.3550E-01  0.8182E-03 -0.3550E-01  0.0000E+00      -1  -0.142E-02   20.00
  79   -78.0000    -100.000 0.2426   0.3550E-01  0.8182E-03 -0.3550E-01  0.0000E+00      -1  -0.142E-02   20.00
  80   -79.0000    -100.000 0.2426   0.3550E-01  0.8182E-03 -0.3550E-01  0.0000E+00      -1  -0.142E-02   20.00
  81   -80.0000    -100.000 0.2426   0.3550E-01  0.8182E-03 -0.3550E-01  0.0000E+00      -1  -0.142E-02   20.00
  82   -81.0000    -100.000 0.2426   0.3550E-01  0.8182E-03 -0.3550E-01  0.0000E+00      -1  -0.142E-02   20.00
  83   -82.0000    -100.000 0.2426   0.3550E-01  0.8182E-03 -0.3550E-01  0.0000E+00      -1  -0.142E-02   20.00
  84   -83.0000    -100.000 0.2426   0.3550E-01  0.8182E-03 -0.3550E-01  0.0000E+00      -1  -0.142E-02   20.00
  85   -84.0000    -100.000 0.2426   0.3550E-01  0.8182E-03 -0.3550E-01  0.0000E+00      -1  -0.142E-02   20.00
  86   -85.0000    -100.000 0.2426   0.3550E-01  0.8182E-03 -0.3550E-01  0.0000E+00      -1  -0.142E-02   20.00
  87   -86.0000    -100.000 0.2426   0.3550E-01  0.8182E-03 -0.3550E-01  0.0000E+00      -1  -0.142E-02   20.00
  88   -87.0000    -100.000 0.2426   0.3550E-01  0.8182E-03 -0.3550E-01  0.0000E+00      -1  -0.142E-02   20.00
  89   -88.0000    -100.000 0.2426   0.3550E-01  0.8182E-03 -0.3550E-01  0.0000E+00      -1  -0.142E-02   20.00
  90   -89.0000    -100.000 0.2426   0.3550E-01  0.8182E-03 -0.3550E-01  0.0000E+00      -1  -0.142E-02   20.00
  91   -90.0000    -100.000 0.2426   0.3550E-01  0.8182E-03 -0.3550E-01  0.0000E+00      -1  -0.142E-02   20.00
  92   -91.0000    -100.000 0.2426   0.3550E-01  0.8182E-03 -0.3550E-01  0.0000E+00      -1  -0.142E-02   20.00
  93   -92.0000    -100.000 0.2426   0.3550E-01  0.8182E-03 -0.3550E-01  0.0000E+00      -1  -0.142E-02   20.00
  94   -93.0000    -100.000 0.2426   0.3550E-01  0.8182E-03 -0.3550E-01  0.0000E+00      -1  -0.142E-02   20.00
  95   -94.0000    -100.000 0.2426   0.3550E-01  0.8182E-03 -0.3550E-01  0.0000E+00      -1  -0.142E-02   20.00
  96   -95.0000    -100.000 0.2426   0.3550E-01  0.8182E-03 -0.3550E-01  0.0000E+00      -1  -0.142E-02   20.00
  97   -96.0000    -100.000 0.2426   0.3550E-01  0.8182E-03 -0.3550E-01  0.0000E+00      -1  -0.142E-02   20.00
  98   -97.0000    -100.000 0.2426   0.3550E-01  0.8182E-03 -0.3550E-01  0.0000E+00      -1  -0.142E-02   20.00
  99   -98.0000    -100.000 0.2426   0.3550E-01  0.8182E-03 -0.3550E-01  0.0000E+00      -1  -0.142E-02   20.00
 100   -99.0000    -100.000 0.2426   0.3550E-01  0.8182E-03 -0.3550E-01  0.0000E+00      -1  -0.142E-02   20.00
 101  -100.0000    -100.000 0.2426   0.3550E-01  0.8182E-03 -0.3550E-01  0.0000E+00      -1  -0.142E-02   20.00
end


 Time:        0.4500


 Node      Depth      Head Moisture       K          C         Flux        Sink         Kappa   v/KsTop   Temp
           [L]        [L]    [-]        [L/T]      [1/L]      [L/T]        [1/T]         [-]      [-]      [C]

   1     0.0000       0.000 0.4300   0.2496E+02  0.0000E+00 -0.2498E+02  0.0000E+00      -1  -0.100E+01   20.00
   2    -1.0000      -0.001 0.4300   0.2496E+02  0.0000E+00 -0.2498E+02  0.0000E+00      -1  -0.100E+01   20.00
   3    -2.0000      -0.001 0.4300   0.2496E+02  0.0000E+00 -0.2498E+02  0.0000E+00      -1  -0.100E+01   20.00
   4    -3.0000      -0.002 0.4300   0.2496E+02  0.0000E+00 -0.2498E+02  0.0000E+00      -1  -0.100E+01   20.00
   5    -4.0000      -0.003 0.4300   0.2496E+02  0.0000E+00 -0.2498E+02  0.0000E+00      -1  -0.100E+01   20.00
   6    -5.0000      -0.004 0.4300   0.2496E+02  0.0000E+00 -0.2498E+02  0.0000E+00      -1  -0.100E+01   20.00
   7    -6.0000      -0.004 0.4300   0.2496E+02  0.0000E+00 -0.2498E+02  0.0000E+00      -1  -0.100E+01   20.00
   8    -7.0000      -0.005 0.4300   0.2496E+02  0.0000E+00 -0.2498E+02  0.0000E+00      -1  -0.100E+01   20.00
   9    -8.0000      -0.006 0.4300   0.2496E+02  0.0000E+00 -0.2498E+02  0.0000E+00      -1  -0.100E+01   20.00
  10    -9.0000      -0.007 0.4300   0.2496E+02  0.0000E+00 -0.2498E+02  0.0000E+00      -1  -0.100E+01   20.00
  11   -10.0000      -0.007 0.4300   0.2496E+02  0.0000E+00 -0.2498E+02  0.0000E+00      -1  -0.100E+01   20.00
  12   -11.0000      -0.008 0.4300   0.2496E+02  0.0000E+00 -0.2498E+02  0.0000E+00      -1  -0.100E+01   20.00
  13   -12.0000      -0.009 0.4300   0.2496E+02  0.0000E+00 -0.2498E+02  0.0000E+00      -1  -0.100E+01   20.00
  14   -13.0000      -0.009 0.4300   0.2496E+02  0.0000E+00 -0.2498E+02  0.0000E+00      -1  -0.100E+01   20.00
  15   -14.0000      -0.010 0.4300   0.2496E+02  0.0000E+00 -0.2498E+02  0.0000E+00      -1  -0.100E+01   20.00
  16   -15.0000      -0.011 0.4300   0.2496E+02  0.0000E+00 -0.2498E+02  0.0000E+00      -1  -0.100E+01   20.00
  17   -16.0000      -0.012 0.4300   0.2496E+02  0.0000E+00 -0.2498E+02  0.0000E+00      -1  -0.100E+01   20.00
  18   -17.0000      -0.012 0.4300   0.2496E+02  0.0000E+00 -0.2498E+02  0.0000E+00      -1  -0.100E+01   20.00
  19   -18.0000      -0.013 0.4300   0.2496E+02  0.0000E+00 -0.2498E+02  0.0000E+00      -1  -0.100E+01   20.00
  20   -19.0000      -0.014 0.4300   0.2496E+02  0.0000E+00 -0.2498E+02  0.0000E+00      -1  -0.100E+01   20.00
  21   -20.0000      -0.014 0.4300   0.2496E+02  0.0000E+00 -0.2498E+02  0.0000E+00      -1  -0.100E+01   20.00
  22   -21.0000      -0.015 0.4300   0.2496E+02  0.0000E+00 -0.2498E+02  0.0000E+00      -1  -0.100E+01   20.00
  23   -22.0000      -0.016 0.4300   0.2496E+02  0.0000E+00 -0.2498E+02  0.0000E+00      -1  -0.100E+01   20.00
  24   -23.0000      -0.017 0.4300   0.2496E+02  0.0000E+00 -0.2498E+02  0.0000E+00      -1  -0.100E+01   20.00
  25   -24.0000      -0.017 0.4300   0.2496E+02  0.0000E+00 -0.2498E+02  0.0000E+00      -1  -0.100E+01   20.00
  26   -25.0000      -0.018 0.4300   0.2496E+02  0.0000E+00 -0.2498E+02  0.0000E+00      -1  -0.100E+01   20.00
  27   -26.0000      -0.019 0.4300   0.2496E+02  0.0000E+00 -0.2498E+02  0.0000E+00      -1  -0.100E+01   20.00
  28   -27.0000      -0.020 0.4300   0.2496E+02  0.0000E+00 -0.2498E+02  0.0000E+00      -1  -0.100E+01   20.00
  29   -28.0000      -0.020 0.4300   0.2496E+02  0.0000E+00 -0.2498E+02  0.0000E+00      -1  -0.100E+01   20.00
  30   -29.0000      -0.021 0.4300   0.2496E+02  0.0000E+00 -0.2498E+02  0.0000E+00      -1  -0.100E+01   20.00
  31   -30.0000      -0.022 0.4300   0.2496E+02  0.0000E+00 -0.2498E+02  0.0000E+00      -1  -0.100E+01   20.00
  32   -31.0000      -0.022 0.4300   0.2496E+02  0.0000E+00 -0.2498E+02  0.0000E+00      -1  -0.100E+01   20.00
  33   -32.0000      -0.023 0.4300   0.2496E+02  0.0000E+00 -0.2498E+02  0.0000E+00      -1  -0.100E+01   20.00
  34   -33.0000      -0.024 0.4300   0.2496E+02  0.0000E+00 -0.2498E+02  0.0000E+00      -1  -0.100E+01   20.00
  35   -34.0000      -0.025 0.4300   0.2496E+02  0.0000E+00 -0.2498E+02  0.0000E+00      -1  -0.100E+01   20.00
  36   -35.0000      -0.025 0.4300   0.2496E+02  0.0000E+00 -0.2498E+02  0.0000E+00      -1  -0.100E+01   20.00
  37   -36.0000      -0.026 0.4300   0.2496E+02  0.0000E+00 -0.2498E+02  0.0000E+00      -1  -0.100E+01   20.00
  38   -37.0000      -0.027 0.4300   0.2496E+02  0.0000E+00 -0.2498E+02  0.0000E+00      -1  -0.100E+01   20.00
  39   -38.0000      -0.028 0.4300   0.2496E+02  0.0000E+00 -0.2498E+02  0.0000E+00      -1  -0.100E+01   20.00
  40   -39.0000      -0.028 0.4300   0.2496E+02  0.0000E+00 -0.2498E+02  0.0000E+00      -1  -0.100E+01   20.00
  41   -40.0000      -0.029 0.4300   0.2496E+02  0.0000E+00 -0.2498E+02  0.0000E+00      -1  -0.100E+01   20.00
  42   -41.0000      -0.030 0.4300   0.2496E+02  0.0000E+00 -0.2498E+02  0.0000E+00      -1  -0.100E+01   20.00
  43   -42.0000      -0.030 0.4300   0.2496E+02  0.0000E+00 -0.2498E+02  0.0000E+00      -1  -0.100E+01   20.00
  44   -43.0000      -0.031 0.4300   0.2496E+02  0.0000E+00 -0.2498E+02  0.0000E+00      -1  -0.100E+01   20.00
  45   -44.0000      -0.032 0.4300   0.2496E+02  0.0000E+00 -0.2498E+02  0.0000E+00      -1  -0.100E+01   20.00
  46   -45.0000      -0.033 0.4300   0.2496E+02  0.0000E+00 -0.2498E+02  0.0000E+00      -1  -0.100E+01   20.00
  47   -46.0000      -0.033 0.4300   0.2496E+02  0.0000E+00 -0.2498E+02  0.0000E+00      -1  -0.100E+01   20.00
  48   -47.0000      -0.034 0.4300   0.2496E+02  0.0000E+00 -0.2498E+02  0.0000E+00      -1  -0.100E+01   20.00
  49   -48.0000      -0.035 0.4300   0.2496E+02  0.0000E+00 -0.2498E+02  0.0000E+00      -1  -0.100E+01   20.00
  50   -49.0000      -0.035 0.4300   0.2496E+02  0.0000E+00 -0.2498E+02  0.0000E+00      -1  -0.100E+01   20.00
  51   -50.0000      -0.048 0.4300   0.2439E+02  0.8159E-04 -0.2498E+02  0.0000E+00      -1  -0.100E+01   20.00
  52   -51.0000      -0.098 0.4300   0.2318E+02  0.2571E-03 -0.2498E+02  0.0000E+00      -1  -0.100E+01   20.00
  53   -52.0000      -0.205 0.4299   0.2195E+02  0.4417E-03 -0.2497E+02  0.0000E+00      -1  -0.100E+01   20.00
  54   -53.0000      -0.376 0.4298   0.2068E+02  0.6362E-03 -0.2496E+02  0.0000E+00      -1  -0.100E+01   20.00
  55   -54.0000      -0.622 0.4297   0.1935E+02  0.8444E-03 -0.2493E+02  0.0000E+00      -1  -0.999E+00   20.00
  56   -55.0000      -0.958 0.4293   0.1794E+02  0.1071E-02 -0.2488E+02  0.0000E+00      -1  -0.997E+00   20.00
  57   -56.0000      -1.403 0.4288   0.1645E+02  0.1318E-02 -0.2481E+02  0.0000E+00      -1  -0.994E+00   20.00
  58   -57.0000      -1.984 0.4280   0.1489E+02  0.1582E-02 -0.2469E+02  0.0000E+00      -1  -0.989E+00   20.00
  59   -58.0000      -2.734 0.4267   0.1324E+02  0.1866E-02 -0.2451E+02  0.0000E+00      -1  -0.982E+00   20.00
  60   -59.0000      -3.708 0.4247   0.1149E+02  0.2169E-02 -0.2424E+02  0.0000E+00      -1  -0.971E+00   20.00
  61   -60.0000      -4.975 0.4217   0.9735E+01  0.2470E-02 -0.2382E+02  0.0000E+00      -1  -0.954E+00   20.00
  62   -61.0000      -6.644 0.4173   0.7930E+01  0.2763E-02 -0.2323E+02  0.0000E+00      -1  -0.931E+00   20.00
  63   -62.0000      -8.904 0.4107   0.6102E+01  0.3026E-02 -0.2234E+02  0.0000E+00      -1  -0.895E+00   20.00
  64   -63.0000     -12.085 0.4008   0.4332E+01  0.3202E-02 -0.2097E+02  0.0000E+00      -1  -0.840E+00   20.00
  65   -64.0000     -16.752 0.3858   0.2775E+01  0.3201E-02 -0.1887E+02  0.0000E+00      -1  -0.756E+00   20.00
  66   -65.0000     -24.097 0.3630   0.1443E+01  0.2945E-02 -0.1573E+02  0.0000E+00      -1  -0.630E+00   20.00
  67   -66.0000     -36.839 0.3296   0.5739E+00  0.2327E-02 -0.1126E+02  0.0000E+00      -1  -0.451E+00   20.00
  68   -67.0000     -59.366 0.2871   0.1626E+00  0.1513E-02 -0.5906E+01  0.0000E+00      -1  -0.237E+00   20.00
  69   -68.0000     -87.146 0.2542   0.5605E-01  0.9808E-03 -0.1842E+01  0.0000E+00      -1  -0.738E-01   20.00
  70   -69.0000     -97.649 0.2443   0.3740E-01  0.8397E-03 -0.3237E+00  0.0000E+00      -1  -0.130E-01   20.00
  71   -70.0000     -99.652 0.2428   0.3578E-01  0.8214E-03 -0.7808E-01  0.0000E+00      -1  -0.313E-02   20.00
  72   -71.0000     -99.950 0.2426   0.3554E-01  0.8187E-03 -0.4166E-01  0.0000E+00      -1  -0.167E-02   20.00
  73   -72.0000     -99.993 0.2426   0.3550E-01  0.8183E-03 -0.3639E-01  0.0000E+00      -1  -0.146E-02   20.00
  74   -73.0000     -99.999 0.2426   0.3550E-01  0.8182E-03 -0.3563E-01  0.0000E+00      -1  -0.143E-02   20.00
  75   -74.0000    -100.000 0.2426   0.3550E-01  0.8182E-03 -0.3551E-01  0.0000E+00      -1  -0.142E-02   20.00
  76   -75.0000    -100.000 0.2426   0.3550E-01  0.8182E-03 -0.3550E-01  0.0000E+00      -1  -0.142E-02   20.00
  77   -76.0000    -100.000 0.2426   0.3550E-01  0.8182E-03 -0.3550E-01  0.0000E+00      -1  -0.142E-02   20.00
  78   -77.0000    -100.000 0.2426   0.3550E-01  0.8182E-03 -0.3550E-01  0.0000E+00      -1  -0.142E-02   20.00
  79   -78.0000    -100.000 0.2426   0.3550E-01  0.8182E-03 -0.3550E-01  0.0000E+00      -1  -0.142E-02   20.00
  80   -79.0000    -100.000 0.2426   0.3550E-01  0.8182E-03 -0.3550E-01  0.0000E+00      -1  -0.142E-02   20.00
  81   -80.0000    -100.000 0.2426   0.3550E-01  0.8182E-03 -0.3550E-01  0.0000E+00      -1  -0.142E-02   20.00
  82   -81.0000    -100.000 0.2426   0.3550E-01  0.8182E-03 -0.3550E-01  0.0000E+00      -1  -0.142E-02   20.00
  83   -82.0000    -100.000 0.2426   0.3550E-01  0.8182E-03 -0.3550E-01  0.0000E+00      -1  -0.142E-02   20.00
  84   -83.0000    -100.000 0.2426   0.3550E-01  0.8182E-03 -0.3550E-01  0.0000E+00      -1  -0.142E-02   20.00
  85   -84.0000    -100.000 0.2426   0.3550E-01  0.8182E-03 -0.3550E-01  0.0000E+00      -1  -0.142E-02   20.00
  86   -85.0000    -100.000 0.2426   0.3550E-01  0.8182E-03 -0.3550E-01  0.0000E+00      -1  -0.142E-02   20.00
  87   -86.0000    -100.000 0.2426   0.3550E-01  0.8182E-03 -0.3550E-01  0.0000E+00      -1  -0.142E-02   20.00
  88   -87.0000    -100.000 0.2426   0.3550E-01  0.8182E-03 -0.3550E-01  0.0000E+00      -1  -0.142E-02   20.00
  89   -88.0000    -100.000 0.2426   0.3550E-01  0.8182E-03 -0.3550E-01  0.0000E+00      -1  -0.142E-02   20.00
  90   -89.0000    -100.000 0.2426   0.3550E-01  0.8182E-03 -0.3550E-01  0.0000E+00      -1  -0.142E-02   20.00
  91   -90.0000    -100.000 0.2426   0.3550E-01  0.8182E-03 -0.3550E-01  0.0000E+00      -1  -0.142E-02   20.00
  92   -91.0000    -100.000 0.2426   0.3550E-01  0.8182E-03 -0.3550E-01  0.0000E+00      -1  -0.142E-02   20.00
  93   -92.0000    -100.000 0.2426   0.3550E-01  0.8182E-03 -0.3550E-01  0.0000E+00      -1  -0.142E-02   20.00
  94   -93.0000    -100.000 0.2426   0.3550E-01  0.8182E-03 -0.3550E-01  0.0000E+00      -1  -0.142E-02   20.00
  95   -94.0000    -100.000 0.2426   0.3550E-01  0.8182E-03 -0.3550E-01  0.0000E+00      -1  -0.142E-02   20.00
  96   -95.0000    -100.000 0.2426   0.3550E-01  0.8182E-03 -0.3550E-01  0.0000E+00      -1  -0.142E-02   20.00
  97   -96.0000    -100.000 0.2426   0.3550E-01  0.8182E-03 -0.3550E-01  0.0000E+00      -1  -0.142E-02   20.00
  98   -97.0000    -100.000 0.2426   0.3550E-01  0.8182E-03 -0.3550E-01  0.0000E+00      -1  -0.142E-02   20.00
  99   -98.0000    -100.000 0.2426   0.3550E-01  0.8182E-03 -0.3550E-01  0.0000E+00      -1  -0.142E-02   20.00
 100   -99.0000    -100.000 0.2426   0.3550E-01  0.8182E-03 -0.3550E-01  0.0000E+00      -1  -0.142E-02   20.00
 101  -100.0000    -100.000 0.2426   0.3550E-01  0.8182E-03 -0.3550E-01  0.0000E+00      -1  -0.142E-02   20.00
end


 Time:        0.5000


 Node      Depth      Head Moisture       K          C         Flux        Sink         Kappa   v/KsTop   Temp
           [L]        [L]    [-]        [L/T]      [1/L]      [L/T]        [1/T]         [-]      [-]      [C]

   1     0.0000       0.000 0.4300   0.2496E+02  0.0000E+00 -0.2498E+02  0.0000E+00      -1  -0.100E+01   20.00
   2    -1.0000      -0.001 0.4300   0.2496E+02  0.0000E+00 -0.2498E+02  0.0000E+00      -1  -0.100E+01   20.00
   3    -2.0000      -0.001 0.4300   0.2496E+02  0.0000E+00 -0.2498E+02  0.0000E+00      -1  -0.100E+01   20.00
   4    -3.0000      -0.002 0.4300   0.2496E+02  0.0000E+00 -0.2498E+02  0.0000E+00      -1  -0.100E+01   20.00
   5    -4.0000      -0.003 0.4300   0.2496E+02  0.0000E+00 -0.2498E+02  0.0000E+00      -1  -0.100E+01   20.00
   6    -5.0000      -0.004 0.4300   0.2496E+02  0.0000E+00 -0.2498E+02  0.0000E+00      -1  -0.100E+01   20.00
   7    -6.0000      -0.004 0.4300   0.2496E+02  0.0000E+00 -0.2498E+02  0.0000E+00      -1  -0.100E+01   20.00
   8    -7.0000      -0.005 0.4300   0.2496E+02  0.0000E+00 -0.2498E+02  0.0000E+00      -1  -0.100E+01   20.00
   9    -8.0000      -0.006 0.4300   0.2496E+02  0.0000E+00 -0.2498E+02  0.0000E+00      -1  -0.100E+01   20.00
  10    -9.0000      -0.007 0.4300   0.2496E+02  0.0000E+00 -0.2498E+02  0.0000E+00      -1  -0.100E+01   20.00
  11   -10.0000      -0.007 0.4300   0.2496E+02  0.0000E+00 -0.2498E+02  0.0000E+00      -1  -0.100E+01   20.00
  12   -11.0000      -0.008 0.4300   0.2496E+02  0.0000E+00 -0.2498E+02  0.0000E+00      -1  -0.100E+01   20.00
  13   -12.0000      -0.009 0.4300   0.2496E+02  0.0000E+00 -0.2498E+02  0.0000E+00      -1  -0.100E+01   20.00
  14   -13.0000      -0.010 0.4300   0.2496E+02  0.0000E+00 -0.2498E+02  0.0000E+00      -1  -0.100E+01   20.00
  15   -14.0000      -0.010 0.4300   0.2496E+02  0.0000E+00 -0.2498E+02  0.0000E+00      -1  -0.100E+01   20.00
  16   -15.0000      -0.011 0.4300   0.2496E+02  0.0000E+00 -0.2498E+02  0.0000E+00      -1  -0.100E+01   20.00
  17   -16.0000      -0.012 0.4300   0.2496E+02  0.0000E+00 -0.2498E+02  0.0000E+00      -1  -0.100E+01   20.00
  18   -17.0000      -0.013 0.4300   0.2496E+02  0.0000E+00 -0.2498E+02  0.0000E+00      -1  -0.100E+01   20.00
  19   -18.0000      -0.013 0.4300   0.2496E+02  0.0000E+00 -0.2498E+02  0.0000E+00      -1  -0.100E+01   20.00
  20   -19.0000      -0.014 0.4300   0.2496E+02  0.0000E+00 -0.2498E+02  0.0000E+00      -1  -0.100E+01   20.00
  21   -20.0000      -0.015 0.4300   0.2496E+02  0.0000E+00 -0.2498E+02  0.0000E+00      -1  -0.100E+01   20.00
  22   -21.0000      -0.016 0.4300   0.2496E+02  0.0000E+00 -0.2498E+02  0.0000E+00      -1  -0.100E+01   20.00
  23   -22.0000      -0.016 0.4300   0.2496E+02  0.0000E+00 -0.2498E+02  0.0000E+00      -1  -0.100E+01   20.00
  24   -23.0000      -0.017 0.4300   0.2496E+02  0.0000E+00 -0.2498E+02  0.0000E+00      -1  -0.100E+01   20.00
  25   -24.0000      -0.018 0.4300   0.2496E+02  0.0000E+00 -0.2498E+02  0.0000E+00      -1  -0.100E+01   20.00
  26   -25.0000      -0.019 0.4300   0.2496E+02  0.0000E+00 -0.2498E+02  0.0000E+00      -1  -0.100E+01   20.00
  27   -26.0000      -0.019 0.4300   0.2496E+02  0.0000E+00 -0.2498E+02  0.0000E+00      -1  -0.100E+01   20.00
  28   -27.0000      -0.020 0.4300   0.2496E+02  0.0000E+00 -0.2498E+02  0.0000E+00      -1  -0.100E+01   20.00
  29   -28.0000      -0.021 0.4300   0.2496E+02  0.0000E+00 -0.2498E+02  0.0000E+00      -1  -0.100E+01   20.00
  30   -29.0000      -0.022 0.4300   0.2496E+02  0.0000E+00 -0.2498E+02  0.0000E+00      -1  -0.100E+01   20.00
  31   -30.0000      -0.022 0.4300   0.2496E+02  0.0000E+00 -0.2498E+02  0.0000E+00      -1  -0.100E+01   20.00
  32   -31.0000      -0.023 0.4300   0.2496E+02  0.0000E+00 -0.2498E+02  0.0000E+00      -1  -0.100E+01   20.00
  33   -32.0000      -0.024 0.4300   0.2496E+02  0.0000E+00 -0.2498E+02  0.0000E+00      -1  -0.100E+01   20.00
  34   -33.0000      -0.024 0.4300   0.2496E+02  0.0000E+00 -0.2498E+02  0.0000E+00      -1  -0.100E+01   20.00
  35   -34.0000      -0.025 0.4300   0.2496E+02  0.0000E+00 -0.2498E+02  0.0000E+00      -1  -0.100E+01   20.00
  36   -35.0000      -0.026 0.4300   0.2496E+02  0.0000E+00 -0.2498E+02  0.0000E+00      -1  -0.100E+01   20.00
  37   -36.0000      -0.027 0.4300   0.2496E+02  0.0000E+00 -0.2498E+02  0.0000E+00      -1  -0.100E+01   20.00
  38   -37.0000      -0.027 0.4300   0.2496E+02  0.0000E+00 -0.2498E+02  0.0000E+00      -1  -0.100E+01   20.00
  39   -38.0000      -0.028 0.4300   0.2496E+02  0.0000E+00 -0.2498E+02  0.0000E+00      -1  -0.100E+01   20.00
  40   -39.0000      -0.029 0.4300   0.2496E+02  0.0000E+00 -0.2498E+02  0.0000E+00      -1  -0.100E+01   20.00
  41   -40.0000      -0.030 0.4300   0.2496E+02  0.0000E+00 -0.2498E+02  0.0000E+00      -1  -0.100E+01   20.00
  42   -41.0000      -0.030 0.4300   0.2496E+02  0.0000E+00 -0.2498E+02  0.0000E+00      -1  -0.100E+01   20.00
  43   -42.0000      -0.031 0.4300   0.2496E+02  0.0000E+00 -0.2498E+02  0.0000E+00      -1  -0.100E+01   20.00
  44   -43.0000      -0.032 0.4300   0.2496E+02  0.0000E+00 -0.2498E+02  0.0000E+00      -1  -0.100E+01   20.00
  45   -44.0000      -0.033 0.4300   0.2496E+02  0.0000E+00 -0.2498E+02  0.0000E+00      -1  -0.100E+01   20.00
  46   -45.0000      -0.033 0.4300   0.2496E+02  0.0000E+00 -0.2498E+02  0.0000E+00      -1  -0.100E+01   20.00
  47   -46.0000      -0.034 0.4300   0.2496E+02  0.0000E+00 -0.2498E+02  0.0000E+00      -1  -0.100E+01   20.00
  48   -47.0000      -0.035 0.4300   0.2496E+02  0.0000E+00 -0.2498E+02  0.0000E+00      -1  -0.100E+01   20.00
  49   -48.0000      -0.036 0.4300   0.2496E+02  0.0000E+00 -0.2498E+02  0.0000E+00      -1  -0.100E+01   20.00
  50   -49.0000      -0.036 0.4300   0.2496E+02  0.0000E+00 -0.2498E+02  0.0000E+00      -1  -0.100E+01   20.00
  51   -50.0000      -0.037 0.4300   0.2496E+02  0.0000E+00 -0.2498E+02  0.0000E+00      -1  -0.100E+01   20.00
  52   -51.0000      -0.038 0.4300   0.2496E+02  0.0000E+00 -0.2498E+02  0.0000E+00      -1  -0.100E+01   20.00
  53   -52.0000      -0.039 0.4300   0.2496E+02  0.0000E+00 -0.2498E+02  0.0000E+00      -1  -0.100E+01   20.00
  54   -53.0000      -0.039 0.4300   0.2496E+02  0.0000E+00 -0.2498E+02  0.0000E+00      -1  -0.100E+01   20.00
  55   -54.0000      -0.040 0.4300   0.2496E+02  0.0000E+00 -0.2498E+02  0.0000E+00      -1  -0.100E+01   20.00
  56   -55.0000      -0.041 0.4300   0.2496E+02  0.0000E+00 -0.2498E+02  0.0000E+00      -1  -0.100E+01   20.00
  57   -56.0000      -0.042 0.4300   0.2496E+02  0.0000E+00 -0.2498E+02  0.0000E+00      -1  -0.100E+01   20.00
  58   -57.0000      -0.060 0.4300   0.2408E+02  0.1265E-03 -0.2498E+02  0.0000E+00      -1  -0.100E+01   20.00
  59   -58.0000      -0.126 0.4300   0.2280E+02  0.3141E-03 -0.2497E+02  0.0000E+00      -1  -0.100E+01   20.00
  60   -59.0000      -0.252 0.4299   0.2154E+02  0.5028E-03 -0.2497E+02  0.0000E+00      -1  -0.100E+01   20.00
  61   -60.0000      -0.447 0.4298   0.2025E+02  0.7028E-03 -0.2495E+02  0.0000E+00      -1  -0.100E+01   20.00
  62   -61.0000      -0.721 0.4296   0.1889E+02  0.9177E-03 -0.2492E+02  0.0000E+00      -1  -0.998E+00   20.00
  63   -62.0000      -1.091 0.4292   0.1746E+02  0.1150E-02 -0.2487E+02  0.0000E+00      -1  -0.996E+00   20.00
  64   -63.0000      -1.577 0.4286   0.1595E+02  0.1401E-02 -0.2478E+02  0.0000E+00      -1  -0.993E+00   20.00
  65   -64.0000      -2.209 0.4276   0.1435E+02  0.1674E-02 -0.2465E+02  0.0000E+00      -1  -0.988E+00   20.00
  66   -65.0000      -3.028 0.4261   0.1267E+02  0.1965E-02 -0.2445E+02  0.0000E+00      -1  -0.980E+00   20.00
  67   -66.0000      -4.089 0.4238   0.1094E+02  0.2264E-02 -0.2414E+02  0.0000E+00      -1  -0.967E+00   20.00
  68   -67.0000      -5.475 0.4204   0.9137E+01  0.2570E-02 -0.2369E+02  0.0000E+00      -1  -0.949E+00   20.00
  69   -68.0000      -7.328 0.4154   0.7278E+01  0.2865E-02 -0.2300E+02  0.0000E+00      -1  -0.921E+00   20.00
  70   -69.0000      -9.863 0.4078   0.5496E+01  0.3096E-02 -0.2195E+02  0.0000E+00      -1  -0.879E+00   20.00
  71   -70.0000     -13.446 0.3964   0.3806E+01  0.3219E-02 -0.2036E+02  0.0000E+00      -1  -0.816E+00   20.00
  72   -71.0000     -18.861 0.3790   0.2246E+01  0.3158E-02 -0.1802E+02  0.0000E+00      -1  -0.722E+00   20.00
  73   -72.0000     -27.781 0.3527   0.1105E+01  0.2764E-02 -0.1457E+02  0.0000E+00      -1  -0.584E+00   20.00
  74   -73.0000     -43.487 0.3154   0.3928E+00  0.2049E-02 -0.9686E+01  0.0000E+00      -1  -0.388E+00   20.00
  75   -74.0000     -69.928 0.2731   0.1073E+00  0.1274E-02 -0.4336E+01  0.0000E+00      -1  -0.174E+00   20.00
  76   -75.0000     -92.735 0.2486   0.4471E-01  0.8994E-03 -0.1048E+01  0.0000E+00      -1  -0.420E-01   20.00
  77   -76.0000     -98.803 0.2435   0.3647E-01  0.8292E-03 -0.1799E+00  0.0000E+00      -1  -0.721E-02   20.00
  78   -77.0000     -99.826 0.2427   0.3564E-01  0.8198E-03 -0.5691E-01  0.0000E+00      -1  -0.228E-02   20.00
  79   -78.0000     -99.975 0.2426   0.3552E-01  0.8185E-03 -0.3857E-01  0.0000E+00      -1  -0.155E-02   20.00
  80   -79.0000     -99.997 0.2426   0.3550E-01  0.8183E-03 -0.3594E-01  0.0000E+00      -1  -0.144E-02   20.00
  81   -80.0000    -100.000 0.2426   0.3550E-01  0.8182E-03 -0.3556E-01  0.0000E+00      -1  -0.142E-02   20.00
  82   -81.0000    -100.000 0.2426   0.3550E-01  0.8182E-03 -0.3550E-01  0.0000E+00      -1  -0.142E-02   20.00
  83   -82.0000    -100.000 0.2426   0.3550E-01  0.8182E-03 -0.3550E-01  0.0000E+00      -1  -0.142E-02   20.00
  84   -83.0000    -100.000 0.2426   0.3550E-01  0.8182E-03 -0.3550E-01  0.0000E+00      -1  -0.142E-02   20.00
  85   -84.0000    -100.000 0.2426   0.3550E-01  0.8182E-03 -0.3550E-01  0.0000E+00      -1  -0.142E-02   20.00
  86   -85.0000    -100.000 0.2426   0.3550E-01  0.8182E-03 -0.3550E-01  0.0000E+00      -1  -0.142E-02   20.00
  87   -86.0000    -100.000 0.2426   0.3550E-01  0.8182E-03 -0.3550E-01  0.0000E+00      -1  -0.142E-02   20.00
  88   -87.0000    -100.000 0.2426   0.3550E-01  0.8182E-03 -0.3550E-01  0.0000E+00      -1  -0.142E-02   20.00
  89   -88.0000    -100.000 0.2426   0.3550E-01  0.8182E-03 -0.3550E-01  0.0000E+00      -1  -0.142E-02   20.00
  90   -89.0000    -100.000 0.2426   0.3550E-01  0.8182E-03 -0.3550E-01  0.0000E+00      -1  -0.142E-02   20.00
  91   -90.0000    -100.000 0.2426   0.3550E-01  0.8182E-03 -0.3550E-01  0.0000E+00      -1  -0.142E-02   20.00
  92   -91.0000    -100.000 0.2426   0.3550E-01  0.8182E-03 -0.3550E-01  0.0000E+00      -1  -0.142E-02   20.00
  93   -92.0000    -100.000 0.2426   0.3550E-01  0.8182E-03 -0.3550E-01  0.0000E+00      -1  -0.142E-02   20.00
  94   -93.0000    -100.000 0.2426   0.3550E-01  0.8182E-03 -0.3550E-01  0.0000E+00      -1  -0.142E-02   20.00
  95   -94.0000    -100.000 0.2426   0.3550E-01  0.8182E-03 -0.3550E-01  0.0000E+00      -1  -0.142E-02   20.00
  96   -95.0000    -100.000 0.2426   0.3550E-01  0.8182E-03 -0.3550E-01  0.0000E+00      -1  -0.142E-02   20.00
  97   -96.0000    -100.000 0.2426   0.3550E-01  0.8182E-03 -0.3550E-01  0.0000E+00      -1  -0.142E-02   20.00
  98   -97.0000    -100.000 0.2426   0.3550E-01  0.8182E-03 -0.3550E-01  0.0000E+00      -1  -0.142E-02   20.00
  99   -98.0000    -100.000 0.2426   0.3550E-01  0.8182E-03 -0.3550E-01  0.0000E+00      -1  -0.142E-02   20.00
 100   -99.0000    -100.000 0.2426   0.3550E-01  0.8182E-03 -0.3550E-01  0.0000E+00      -1  -0.142E-02   20.00
 101  -100.0000    -100.000 0.2426   0.3550E-01  0.8182E-03 -0.3550E-01  0.0000E+00      -1  -0.142E-02   20.00
end


 Time:        0.5500


 Node      Depth      Head Moisture       K          C         Flux        Sink         Kappa   v/KsTop   Temp
           [L]        [L]    [-]        [L/T]      [1/L]      [L/T]        [1/T]         [-]      [-]      [C]

   1     0.0000       0.000 0.4300   0.2496E+02  0.0000E+00 -0.2451E+02  0.0000E+00      -1  -0.982E+00   20.00
   2    -1.0000       0.015 0.4300   0.2480E+02  0.2311E-04 -0.2451E+02  0.0000E+00      -1  -0.982E+00   20.00
   3    -2.0000       0.025 0.4300   0.2472E+02  0.3407E-04 -0.2451E+02  0.0000E+00      -1  -0.982E+00   20.00
   4    -3.0000       0.032 0.4300   0.2466E+02  0.4274E-04 -0.2450E+02  0.0000E+00      -1  -0.982E+00   20.00
   5    -4.0000       0.038 0.4300   0.2461E+02  0.5022E-04 -0.2449E+02  0.0000E+00      -1  -0.981E+00   20.00
   6    -5.0000       0.042 0.4300   0.2456E+02  0.5690E-04 -0.2448E+02  0.0000E+00      -1  -0.981E+00   20.00
   7    -6.0000       0.044 0.4300   0.2452E+02  0.6301E-04 -0.2447E+02  0.0000E+00      -1  -0.980E+00   20.00
   8    -7.0000       0.046 0.4300   0.2448E+02  0.6876E-04 -0.2445E+02  0.0000E+00      -1  -0.980E+00   20.00
   9    -8.0000       0.047 0.4300   0.2444E+02  0.7404E-04 -0.2443E+02  0.0000E+00      -1  -0.979E+00   20.00
  10    -9.0000       0.047 0.4300   0.2441E+02  0.7912E-04 -0.2441E+02  0.0000E+00      -1  -0.978E+00   20.00
  11   -10.0000       0.046 0.4300   0.2437E+02  0.8388E-04 -0.2439E+02  0.0000E+00      -1  -0.977E+00   20.00
  12   -11.0000       0.045 0.4300   0.2434E+02  0.8860E-04 -0.2437E+02  0.0000E+00      -1  -0.976E+00   20.00
  13   -12.0000       0.044 0.4300   0.2431E+02  0.9290E-04 -0.2434E+02  0.0000E+00      -1  -0.975E+00   20.00
  14   -13.0000       0.043 0.4300   0.2428E+02  0.9719E-04 -0.2432E+02  0.0000E+00      -1  -0.974E+00   20.00
  15   -14.0000       0.041 0.4300   0.2425E+02  0.1014E-03 -0.2430E+02  0.0000E+00      -1  -0.973E+00   20.00
  16   -15.0000       0.039 0.4300   0.2422E+02  0.1053E-03 -0.2427E+02  0.0000E+00      -1  -0.972E+00   20.00
  17   -16.0000       0.037 0.4300   0.2420E+02  0.1091E-03 -0.2424E+02  0.0000E+00      -1  -0.971E+00   20.00
  18   -17.0000       0.035 0.4300   0.2417E+02  0.1130E-03 -0.2422E+02  0.0000E+00      -1  -0.970E+00   20.00
  19   -18.0000       0.033 0.4300   0.2415E+02  0.1167E-03 -0.2419E+02  0.0000E+00      -1  -0.969E+00   20.00
  20   -19.0000       0.031 0.4300   0.2412E+02  0.1202E-03 -0.2417E+02  0.0000E+00      -1  -0.968E+00   20.00
  21   -20.0000       0.029 0.4300   0.2410E+02  0.1237E-03 -0.2414E+02  0.0000E+00      -1  -0.967E+00   20.00
  22   -21.0000       0.027 0.4300   0.2407E+02  0.1272E-03 -0.2412E+02  0.0000E+00      -1  -0.966E+00   20.00
  23   -22.0000       0.025 0.4300   0.2405E+02  0.1306E-03 -0.2410E+02  0.0000E+00      -1  -0.965E+00   20.00
  24   -23.0000       0.023 0.4300   0.2403E+02  0.1338E-03 -0.2407E+02  0.0000E+00      -1  -0.964E+00   20.00
  25   -24.0000       0.022 0.4300   0.2401E+02  0.1370E-03 -0.2405E+02  0.0000E+00      -1  -0.963E+00   20.00
  26   -25.0000       0.020 0.4300   0.2398E+02  0.1401E-03 -0.2402E+02  0.0000E+00      -1  -0.963E+00   20.00
  27   -26.0000       0.018 0.4300   0.2396E+02  0.1433E-03 -0.2400E+02  0.0000E+00      -1  -0.962E+00   20.00
  28   -27.0000       0.017 0.4300   0.2394E+02  0.1464E-03 -0.2398E+02  0.0000E+00      -1  -0.961E+00   20.00
  29   -28.0000       0.015 0.4300   0.2392E+02  0.1495E-03 -0.2396E+02  0.0000E+00      -1  -0.960E+00   20.00
  30   -29.0000       0.014 0.4300   0.2390E+02  0.1523E-03 -0.2394E+02  0.0000E+00      -1  -0.959E+00   20.00
  31   -30.0000       0.012 0.4300   0.2388E+02  0.1552E-03 -0.2391E+02  0.0000E+00      -1  -0.958E+00   20.00
  32   -31.0000       0.011 0.4300   0.2386E+02  0.1580E-03 -0.2389E+02  0.0000E+00      -1  -0.957E+00   20.00
  33   -32.0000       0.009 0.4300   0.2384E+02  0.1609E-03 -0.2387E+02  0.0000E+00      -1  -0.956E+00   20.00
  34   -33.0000       0.008 0.4300   0.2382E+02  0.1638E-03 -0.2385E+02  0.0000E+00      -1  -0.956E+00   20.00
  35   -34.0000       0.007 0.4300   0.2380E+02  0.1666E-03 -0.2383E+02  0.0000E+00      -1  -0.955E+00   20.00
  36   -35.0000       0.005 0.4300   0.2378E+02  0.1694E-03 -0.2381E+02  0.0000E+00      -1  -0.954E+00   20.00
  37   -36.0000       0.004 0.4300   0.2376E+02  0.1720E-03 -0.2379E+02  0.0000E+00      -1  -0.953E+00   20.00
  38   -37.0000       0.003 0.4300   0.2375E+02  0.1746E-03 -0.2378E+02  0.0000E+00      -1  -0.953E+00   20.00
  39   -38.0000       0.002 0.4300   0.2373E+02  0.1771E-03 -0.2376E+02  0.0000E+00      -1  -0.952E+00   20.00
  40   -39.0000       0.001 0.4300   0.2371E+02  0.1797E-03 -0.2374E+02  0.0000E+00      -1  -0.951E+00   20.00
  41   -40.0000      -0.000 0.4300   0.2369E+02  0.1823E-03 -0.2372E+02  0.0000E+00      -1  -0.950E+00   20.00
  42   -41.0000      -0.002 0.4300   0.2368E+02  0.1849E-03 -0.2370E+02  0.0000E+00      -1  -0.950E+00   20.00
  43   -42.0000      -0.003 0.4300   0.2366E+02  0.1875E-03 -0.2369E+02  0.0000E+00      -1  -0.949E+00   20.00
  44   -43.0000      -0.004 0.4300   0.2364E+02  0.1900E-03 -0.2367E+02  0.0000E+00      -1  -0.948E+00   20.00
  45   -44.0000      -0.006 0.4300   0.2362E+02  0.1926E-03 -0.2366E+02  0.0000E+00      -1  -0.948E+00   20.00
  46   -45.0000      -0.007 0.4300   0.2361E+02  0.1949E-03 -0.2364E+02  0.0000E+00      -1  -0.947E+00   20.00
  47   -46.0000      -0.008 0.4300   0.2359E+02  0.1973E-03 -0.2363E+02  0.0000E+00      -1  -0.947E+00   20.00
  48   -47.0000      -0.010 0.4300   0.2358E+02  0.1996E-03 -0.2361E+02  0.0000E+00      -1  -0.946E+00   20.00
  49   -48.0000      -0.012 0.4300   0.2356E+02  0.2019E-03 -0.2360E+02  0.0000E+00      -1  -0.946E+00   20.00
  50   -49.0000      -0.014 0.4300   0.2354E+02  0.2042E-03 -0.2359E+02  0.0000E+00      -1  -0.945E+00   20.00
  51   -50.0000      -0.016 0.4300   0.2353E+02  0.2066E-03 -0.2358E+02  0.0000E+00      -1  -0.945E+00   20.00
  52   -51.0000      -0.018 0.4300   0.2351E+02  0.2089E-03 -0.2358E+02  0.0000E+00      -1  -0.945E+00   20.00
  53   -52.0000      -0.021 0.4300   0.2350E+02  0.2112E-03 -0.2357E+02  0.0000E+00      -1  -0.944E+00   20.00
  54   -53.0000      -0.025 0.4300   0.2348E+02  0.2135E-03 -0.2357E+02  0.0000E+00      -1  -0.944E+00   20.00
  55   -54.0000      -0.029 0.4300   0.2346E+02  0.2159E-03 -0.2357E+02  0.0000E+00      -1  -0.944E+00   20.00
  56   -55.0000      -0.034 0.4300   0.2345E+02  0.2182E-03 -0.2358E+02  0.0000E+00      -1  -0.945E+00   20.00
  57   -56.0000      -0.040 0.4300   0.2343E+02  0.2204E-03 -0.2359E+02  0.0000E+00      -1  -0.945E+00   20.00
  58   -57.0000      -0.048 0.4300   0.2342E+02  0.2225E-03 -0.2361E+02  0.0000E+00      -1  -0.946E+00   20.00
  59   -58.0000      -0.057 0.4300   0.2340E+02  0.2246E-03 -0.2364E+02  0.0000E+00      -1  -0.947E+00   20.00
  60   -59.0000      -0.068 0.4300   0.2339E+02  0.2267E-03 -0.2368E+02  0.0000E+00      -1  -0.949E+00   20.00
  61   -60.0000      -0.082 0.4300   0.2338E+02  0.2288E-03 -0.2374E+02  0.0000E+00      -1  -0.951E+00   20.00
  62   -61.0000      -0.099 0.4300   0.2336E+02  0.2312E-03 -0.2382E+02  0.0000E+00      -1  -0.954E+00   20.00
  63   -62.0000      -0.121 0.4300   0.2334E+02  0.2343E-03 -0.2392E+02  0.0000E+00      -1  -0.958E+00   20.00
  64   -63.0000      -0.149 0.4300   0.2332E+02  0.2373E-03 -0.2404E+02  0.0000E+00      -1  -0.963E+00   20.00
  65   -64.0000      -0.193 0.4300   0.2286E+02  0.3051E-03 -0.2416E+02  0.0000E+00      -1  -0.968E+00   20.00
  66   -65.0000      -0.275 0.4299   0.2190E+02  0.4484E-03 -0.2429E+02  0.0000E+00      -1  -0.973E+00   20.00
  67   -66.0000      -0.417 0.4298   0.2074E+02  0.6256E-03 -0.2440E+02  0.0000E+00      -1  -0.978E+00   20.00
  68   -67.0000      -0.633 0.4297   0.1948E+02  0.8244E-03 -0.2448E+02  0.0000E+00      -1  -0.981E+00   20.00
  69   -68.0000      -0.938 0.4294   0.1811E+02  0.1044E-02 -0.2451E+02  0.0000E+00      -1  -0.982E+00   20.00
  70   -69.0000      -1.347 0.4289   0.1668E+02  0.1280E-02 -0.2450E+02  0.0000E+00      -1  -0.981E+00   20.00
  71   -70.0000      -1.885 0.4281   0.1515E+02  0.1538E-02 -0.2442E+02  0.0000E+00      -1  -0.978E+00   20.00
  72   -71.0000      -2.582 0.4269   0.1356E+02  0.1810E-02 -0.2426E+02  0.0000E+00      -1  -0.972E+00   20.00
  73   -72.0000      -3.482 0.4252   0.1188E+02  0.2101E-02 -0.2403E+02  0.0000E+00      -1  -0.963E+00   20.00
  74   -73.0000      -4.653 0.4225   0.1012E+02  0.2405E-02 -0.2366E+02  0.0000E+00      -1  -0.948E+00   20.00
  75   -74.0000      -6.190 0.4186   0.8364E+01  0.2696E-02 -0.2312E+02  0.0000E+00      -1  -0.926E+00   20.00
  76   -75.0000      -8.240 0.4127   0.6592E+01  0.2959E-02 -0.2235E+02  0.0000E+00      -1  -0.896E+00   20.00
  77   -76.0000     -11.073 0.4040   0.4835E+01  0.3161E-02 -0.2121E+02  0.0000E+00      -1  -0.850E+00   20.00
  78   -77.0000     -15.198 0.3907   0.3174E+01  0.3230E-02 -0.1948E+02  0.0000E+00      -1  -0.780E+00   20.00
  79   -78.0000     -21.595 0.3706   0.1811E+01  0.3048E-02 -0.1685E+02  0.0000E+00      -1  -0.675E+00   20.00
  80   -79.0000     -32.316 0.3407   0.7951E+00  0.2545E-02 -0.1291E+02  0.0000E+00      -1  -0.517E+00   20.00
  81   -80.0000     -51.478 0.3004   0.2510E+00  0.1760E-02 -0.7627E+01  0.0000E+00      -1  -0.306E+00   20.00
  82   -81.0000     -79.708 0.2616   0.7115E-01  0.1089E-02 -0.2825E+01  0.0000E+00      -1  -0.113E+00   20.00
  83   -82.0000     -95.830 0.2456   0.3888E-01  0.8563E-03 -0.5562E+00  0.0000E+00      -1  -0.223E-01   20.00
  84   -83.0000     -99.385 0.2430   0.3599E-01  0.8238E-03 -0.1126E+00  0.0000E+00      -1  -0.451E-02   20.00
  85   -84.0000     -99.912 0.2426   0.3557E-01  0.8190E-03 -0.4642E-01  0.0000E+00      -1  -0.186E-02   20.00
  86   -85.0000     -99.988 0.2426   0.3551E-01  0.8183E-03 -0.3705E-01  0.0000E+00      -1  -0.148E-02   20.00
  87   -86.0000     -99.998 0.2426   0.3550E-01  0.8182E-03 -0.3572E-01  0.0000E+00      -1  -0.143E-02   20.00
  88   -87.0000    -100.000 0.2426   0.3550E-01  0.8182E-03 -0.3553E-01  0.0000E+00      -1  -0.142E-02   20.00
  89   -88.0000    -100.000 0.2426   0.3550E-01  0.8182E-03 -0.3550E-01  0.0000E+00      -1  -0.142E-02   20.00
  90   -89.0000    -100.000 0.2426   0.3550E-01  0.8182E-03 -0.3550E-01  0.0000E+00      -1  -0.142E-02   20.00
  91   -90.0000    -100.000 0.2426   0.3550E-01  0.8182E-03 -0.3550E-01  0.0000E+00      -1  -0.142E-02   20.00
  92   -91.0000    -100.000 0.2426   0.3550E-01  0.8182E-03 -0.3550E-01  0.0000E+00      -1  -0.142E-02   20.00
  93   -92.0000    -100.000 0.2426   0.3550E-01  0.8182E-03 -0.3550E-01  0.0000E+00      -1  -0.142E-02   20.00
  94   -93.0000    -100.000 0.2426   0.3550E-01  0.8182E-03 -0.3550E-01  0.0000E+00      -1  -0.142E-02   20.00
  95   -94.0000    -100.000 0.2426   0.3550E-01  0.8182E-03 -0.3550E-01  0.0000E+00      -1  -0.142E-02   20.00
  96   -95.0000    -100.000 0.2426   0.3550E-01  0.8182E-03 -0.3550E-01  0.0000E+00      -1  -0.142E-02   20.00
  97   -96.0000    -100.000 0.2426   0.3550E-01  0.8182E-03 -0.3550E-01  0.0000E+00      -1  -0.142E-02   20.00
  98   -97.0000    -100.000 0.2426   0.3550E-01  0.8182E-03 -0.3550E-01  0.0000E+00      -1  -0.142E-02   20.00
  99   -98.0000    -100.000 0.2426   0.3550E-01  0.8182E-03 -0.3550E-01  0.0000E+00      -1  -0.142E-02   20.00
 100   -99.0000    -100.000 0.2426   0.3550E-01  0.8182E-03 -0.3550E-01  0.0000E+00      -1  -0.142E-02   20.00
 101  -100.0000    -100.000 0.2426   0.3550E-01  0.8182E-03 -0.3550E-01  0.0000E+00      -1  -0.142E-02   20.00
end


 Time:        0.6000


 Node      Depth      Head Moisture       K          C         Flux        Sink         Kappa   v/KsTop   Temp
           [L]        [L]    [-]        [L/T]      [1/L]      [L/T]        [1/T]         [-]      [-]      [C]

   1     0.0000       0.000 0.4300   0.2496E+02  0.0000E+00 -0.2468E+02  0.0000E+00      -1  -0.989E+00   20.00
   2    -1.0000       0.011 0.4300   0.2496E+02  0.0000E+00 -0.2468E+02  0.0000E+00      -1  -0.989E+00   20.00
   3    -2.0000       0.022 0.4300   0.2496E+02  0.0000E+00 -0.2468E+02  0.0000E+00      -1  -0.989E+00   20.00
   4    -3.0000       0.033 0.4300   0.2496E+02  0.0000E+00 -0.2468E+02  0.0000E+00      -1  -0.989E+00   20.00
   5    -4.0000       0.044 0.4300   0.2496E+02  0.0000E+00 -0.2468E+02  0.0000E+00      -1  -0.989E+00   20.00
   6    -5.0000       0.055 0.4300   0.2496E+02  0.0000E+00 -0.2468E+02  0.0000E+00      -1  -0.989E+00   20.00
   7    -6.0000       0.067 0.4300   0.2496E+02  0.0000E+00 -0.2468E+02  0.0000E+00      -1  -0.989E+00   20.00
   8    -7.0000       0.078 0.4300   0.2496E+02  0.0000E+00 -0.2468E+02  0.0000E+00      -1  -0.989E+00   20.00
   9    -8.0000       0.089 0.4300   0.2496E+02  0.0000E+00 -0.2468E+02  0.0000E+00      -1  -0.989E+00   20.00
  10    -9.0000       0.100 0.4300   0.2496E+02  0.0000E+00 -0.2468E+02  0.0000E+00      -1  -0.989E+00   20.00
  11   -10.0000       0.111 0.4300   0.2496E+02  0.0000E+00 -0.2468E+02  0.0000E+00      -1  -0.989E+00   20.00
  12   -11.0000       0.122 0.4300   0.2496E+02  0.0000E+00 -0.2468E+02  0.0000E+00      -1  -0.989E+00   20.00
  13   -12.0000       0.133 0.4300   0.2496E+02  0.0000E+00 -0.2468E+02  0.0000E+00      -1  -0.989E+00   20.00
  14   -13.0000       0.144 0.4300   0.2496E+02  0.0000E+00 -0.2469E+02  0.0000E+00      -1  -0.989E+00   20.00
  15   -14.0000       0.155 0.4300   0.2496E+02  0.0000E+00 -0.2469E+02  0.0000E+00      -1  -0.989E+00   20.00
  16   -15.0000       0.166 0.4300   0.2496E+02  0.0000E+00 -0.2469E+02  0.0000E+00      -1  -0.989E+00   20.00
  17   -16.0000       0.177 0.4300   0.2496E+02  0.0000E+00 -0.2469E+02  0.0000E+00      -1  -0.989E+00   20.00
  18   -17.0000       0.187 0.4300   0.2496E+02  0.0000E+00 -0.2470E+02  0.0000E+00      -1  -0.989E+00   20.00
  19   -18.0000       0.198 0.4300   0.2496E+02  0.0000E+00 -0.2470E+02  0.0000E+00      -1  -0.990E+00   20.00
  20   -19.0000       0.208 0.4300   0.2496E+02  0.0000E+00 -0.2471E+02  0.0000E+00      -1  -0.990E+00   20.00
  21   -20.0000       0.218 0.4300   0.2496E+02  0.0000E+00 -0.2471E+02  0.0000E+00      -1  -0.990E+00   20.00
  22   -21.0000       0.228 0.4300   0.2496E+02  0.0000E+00 -0.2471E+02  0.0000E+00      -1  -0.990E+00   20.00
  23   -22.0000       0.238 0.4300   0.2496E+02  0.0000E+00 -0.2472E+02  0.0000E+00      -1  -0.990E+00   20.00
  24   -23.0000       0.248 0.4300   0.2496E+02  0.0000E+00 -0.2473E+02  0.0000E+00      -1  -0.991E+00   20.00
  25   -24.0000       0.257 0.4300   0.2496E+02  0.0000E+00 -0.2473E+02  0.0000E+00      -1  -0.991E+00   20.00
  26   -25.0000       0.266 0.4300   0.2496E+02  0.0000E+00 -0.2474E+02  0.0000E+00      -1  -0.991E+00   20.00
  27   -26.0000       0.274 0.4300   0.2496E+02  0.0000E+00 -0.2475E+02  0.0000E+00      -1  -0.991E+00   20.00
  28   -27.0000       0.283 0.4300   0.2496E+02  0.0000E+00 -0.2475E+02  0.0000E+00      -1  -0.992E+00   20.00
  29   -28.0000       0.291 0.4300   0.2496E+02  0.0000E+00 -0.2476E+02  0.0000E+00      -1  -0.992E+00   20.00
  30   -29.0000       0.299 0.4300   0.2496E+02  0.0000E+00 -0.2477E+02  0.0000E+00      -1  -0.992E+00   20.00
  31   -30.0000       0.306 0.4300   0.2496E+02  0.0000E+00 -0.2478E+02  0.0000E+00      -1  -0.993E+00   20.00
  32   -31.0000       0.313 0.4300   0.2496E+02  0.0000E+00 -0.2479E+02  0.0000E+00      -1  -0.993E+00   20.00
  33   -32.0000       0.319 0.4300   0.2496E+02  0.0000E+00 -0.2481E+02  0.0000E+00      -1  -0.994E+00   20.00
  34   -33.0000       0.325 0.4300   0.2496E+02  0.0000E+00 -0.2482E+02  0.0000E+00      -1  -0.994E+00   20.00
  35   -34.0000       0.330 0.4300   0.2496E+02  0.0000E+00 -0.2484E+02  0.0000E+00      -1  -0.995E+00   20.00
  36   -35.0000       0.335 0.4300   0.2496E+02  0.0000E+00 -0.2485E+02  0.0000E+00      -1  -0.996E+00   20.00
  37   -36.0000       0.339 0.4300   0.2496E+02  0.0000E+00 -0.2487E+02  0.0000E+00      -1  -0.996E+00   20.00
  38   -37.0000       0.342 0.4300   0.2496E+02  0.0000E+00 -0.2489E+02  0.0000E+00      -1  -0.997E+00   20.00
  39   -38.0000       0.345 0.4300   0.2496E+02  0.0000E+00 -0.2490E+02  0.0000E+00      -1  -0.998E+00   20.00
  40   -39.0000       0.347 0.4300   0.2496E+02  0.0000E+00 -0.2492E+02  0.0000E+00      -1  -0.998E+00   20.00
  41   -40.0000       0.348 0.4300   0.2496E+02  0.0000E+00 -0.2494E+02  0.0000E+00      -1  -0.999E+00   20.00
  42   -41.0000       0.349 0.4300   0.2496E+02  0.0000E+00 -0.2495E+02  0.0000E+00      -1  -0.100E+01   20.00
  43   -42.0000       0.349 0.4300   0.2496E+02  0.0000E+00 -0.2497E+02  0.0000E+00      -1  -0.100E+01   20.00
  44   -43.0000       0.348 0.4300   0.2496E+02  0.0000E+00 -0.2498E+02  0.0000E+00      -1  -0.100E+01   20.00
  45   -44.0000       0.347 0.4300   0.2496E+02  0.0000E+00 -0.2500E+02  0.0000E+00      -1  -0.100E+01   20.00
  46   -45.0000       0.345 0.4300   0.2496E+02  0.0000E+00 -0.2501E+02  0.0000E+00      -1  -0.100E+01   20.00
  47   -46.0000       0.343 0.4300   0.2496E+02  0.0000E+00 -0.2503E+02  0.0000E+00      -1  -0.100E+01   20.00
  48   -47.0000       0.340 0.4300   0.2496E+02  0.0000E+00 -0.2504E+02  0.0000E+00      -1  -0.100E+01   20.00
  49   -48.0000       0.336 0.4300   0.2496E+02  0.0000E+00 -0.2506E+02  0.0000E+00      -1  -0.100E+01   20.00
  50   -49.0000       0.332 0.4300   0.2496E+02  0.0000E+00 -0.2507E+02  0.0000E+00      -1  -0.100E+01   20.00
  51   -50.0000       0.328 0.4300   0.2496E+02  0.0000E+00 -0.2508E+02  0.0000E+00      -1  -0.100E+01   20.00
  52   -51.0000       0.322 0.4300   0.2496E+02  0.0000E+00 -0.2510E+02  0.0000E+00      -1  -0.101E+01   20.00
  53   -52.0000       0.317 0.4300   0.2496E+02  0.0000E+00 -0.2511E+02  0.0000E+00      -1  -0.101E+01   20.00
  54   -53.0000       0.310 0.4300   0.2496E+02  0.0000E+00 -0.2512E+02  0.0000E+00      -1  -0.101E+01   20.00
  55   -54.0000       0.304 0.4300   0.2496E+02  0.0000E+00 -0.2514E+02  0.0000E+00      -1  -0.101E+01   20.00
  56   -55.0000       0.296 0.4300   0.2496E+02  0.0000E+00 -0.2515E+02  0.0000E+00      -1  -0.101E+01   20.00
  57   -56.0000       0.288 0.4300   0.2496E+02  0.0000E+00 -0.2517E+02  0.0000E+00      -1  -0.101E+01   20.00
  58   -57.0000       0.279 0.4300   0.2496E+02  0.0000E+00 -0.2518E+02  0.0000E+00      -1  -0.101E+01   20.00
  59   -58.0000       0.270 0.4300   0.2496E+02  0.0000E+00 -0.2520E+02  0.0000E+00      -1  -0.101E+01   20.00
  60   -59.0000       0.260 0.4300   0.2496E+02  0.0000E+00 -0.2522E+02  0.0000E+00      -1  -0.101E+01   20.00
  61   -60.0000       0.250 0.4300   0.2496E+02  0.0000E+00 -0.2524E+02  0.0000E+00      -1  -0.101E+01   20.00
  62   -61.0000       0.238 0.4300   0.2496E+02  0.0000E+00 -0.2525E+02  0.0000E+00      -1  -0.101E+01   20.00
  63   -62.0000       0.226 0.4300   0.2496E+02  0.0000E+00 -0.2527E+02  0.0000E+00      -1  -0.101E+01   20.00
  64   -63.0000       0.213 0.4300   0.2496E+02  0.0000E+00 -0.2529E+02  0.0000E+00      -1  -0.101E+01   20.00
  65   -64.0000       0.199 0.4300   0.2496E+02  0.0000E+00 -0.2531E+02  0.0000E+00      -1  -0.101E+01   20.00
  66   -65.0000       0.183 0.4300   0.2488E+02  0.1175E-04 -0.2533E+02  0.0000E+00      -1  -0.101E+01   20.00
  67   -66.0000       0.161 0.4300   0.2471E+02  0.3510E-04 -0.2535E+02  0.0000E+00      -1  -0.102E+01   20.00
  68   -67.0000       0.133 0.4300   0.2461E+02  0.4999E-04 -0.2536E+02  0.0000E+00      -1  -0.102E+01   20.00
  69   -68.0000       0.100 0.4300   0.2452E+02  0.6213E-04 -0.2536E+02  0.0000E+00      -1  -0.102E+01   20.00
  70   -69.0000       0.064 0.4300   0.2443E+02  0.7604E-04 -0.2532E+02  0.0000E+00      -1  -0.101E+01   20.00
  71   -70.0000      -0.001 0.4300   0.2308E+02  0.2725E-03 -0.2523E+02  0.0000E+00      -1  -0.101E+01   20.00
  72   -71.0000      -0.114 0.4300   0.2214E+02  0.4128E-03 -0.2510E+02  0.0000E+00      -1  -0.101E+01   20.00
  73   -72.0000      -0.270 0.4299   0.2114E+02  0.5647E-03 -0.2495E+02  0.0000E+00      -1  -0.100E+01   20.00
  74   -73.0000      -0.480 0.4298   0.2000E+02  0.7410E-03 -0.2481E+02  0.0000E+00      -1  -0.994E+00   20.00
  75   -74.0000      -0.757 0.4295   0.1875E+02  0.9412E-03 -0.2468E+02  0.0000E+00      -1  -0.989E+00   20.00
  76   -75.0000      -1.120 0.4292   0.1738E+02  0.1164E-02 -0.2457E+02  0.0000E+00      -1  -0.984E+00   20.00
  77   -76.0000      -1.592 0.4285   0.1593E+02  0.1405E-02 -0.2445E+02  0.0000E+00      -1  -0.980E+00   20.00
  78   -77.0000      -2.201 0.4276   0.1438E+02  0.1669E-02 -0.2431E+02  0.0000E+00      -1  -0.974E+00   20.00
  79   -78.0000      -2.987 0.4262   0.1275E+02  0.1951E-02 -0.2411E+02  0.0000E+00      -1  -0.966E+00   20.00
  80   -79.0000      -4.001 0.4240   0.1107E+02  0.2242E-02 -0.2381E+02  0.0000E+00      -1  -0.954E+00   20.00
  81   -80.0000      -5.318 0.4208   0.9326E+01  0.2538E-02 -0.2338E+02  0.0000E+00      -1  -0.937E+00   20.00
  82   -81.0000      -7.063 0.4161   0.7531E+01  0.2826E-02 -0.2276E+02  0.0000E+00      -1  -0.912E+00   20.00
  83   -82.0000      -9.439 0.4091   0.5729E+01  0.3074E-02 -0.2180E+02  0.0000E+00      -1  -0.874E+00   20.00
  84   -83.0000     -12.773 0.3986   0.4066E+01  0.3211E-02 -0.2041E+02  0.0000E+00      -1  -0.818E+00   20.00
  85   -84.0000     -17.717 0.3827   0.2528E+01  0.3182E-02 -0.1833E+02  0.0000E+00      -1  -0.735E+00   20.00
  86   -85.0000     -25.633 0.3587   0.1302E+01  0.2869E-02 -0.1511E+02  0.0000E+00      -1  -0.606E+00   20.00
  87   -86.0000     -39.278 0.3242   0.4948E+00  0.2221E-02 -0.1053E+02  0.0000E+00      -1  -0.422E+00   20.00
  88   -87.0000     -63.163 0.2820   0.1404E+00  0.1424E-02 -0.5259E+01  0.0000E+00      -1  -0.211E+00   20.00
  89   -88.0000     -89.412 0.2519   0.5145E-01  0.9478E-03 -0.1522E+01  0.0000E+00      -1  -0.610E-01   20.00
  90   -89.0000     -98.126 0.2440   0.3702E-01  0.8354E-03 -0.2621E+00  0.0000E+00      -1  -0.105E-01   20.00
  91   -90.0000     -99.722 0.2428   0.3572E-01  0.8208E-03 -0.6925E-01  0.0000E+00      -1  -0.277E-02   20.00
  92   -91.0000     -99.960 0.2426   0.3553E-01  0.8186E-03 -0.4042E-01  0.0000E+00      -1  -0.162E-02   20.00
  93   -92.0000     -99.994 0.2426   0.3550E-01  0.8183E-03 -0.3621E-01  0.0000E+00      -1  -0.145E-02   20.00
  94   -93.0000     -99.999 0.2426   0.3550E-01  0.8182E-03 -0.3560E-01  0.0000E+00      -1  -0.143E-02   20.00
  95   -94.0000    -100.000 0.2426   0.3550E-01  0.8182E-03 -0.3551E-01  0.0000E+00      -1  -0.142E-02   20.00
  96   -95.0000    -100.000 0.2426   0.3550E-01  0.8182E-03 -0.3550E-01  0.0000E+00      -1  -0.142E-02   20.00
  97   -96.0000    -100.000 0.2426   0.3550E-01  0.8182E-03 -0.3550E-01  0.0000E+00      -1  -0.142E-02   20.00
  98   -97.0000    -100.000 0.2426   0.3550E-01  0.8182E-03 -0.3550E-01  0.0000E+00      -1  -0.142E-02   20.00
  99   -98.0000    -100.000 0.2426   0.3550E-01  0.8182E-03 -0.3550E-01  0.0000E+00      -1  -0.142E-02   20.00
 100   -99.0000    -100.000 0.2426   0.3550E-01  0.8182E-03 -0.3550E-01  0.0000E+00      -1  -0.142E-02   20.00
 101  -100.0000    -100.000 0.2426   0.3550E-01  0.8182E-03 -0.3550E-01  0.0000E+00      -1  -0.142E-02   20.00
end


 Time:        0.6500


 Node      Depth      Head Moisture       K          C         Flux        Sink         Kappa   v/KsTop   Temp
           [L]        [L]    [-]        [L/T]      [1/L]      [L/T]        [1/T]         [-]      [-]      [C]

   1     0.0000       0.000 0.4300   0.2496E+02  0.0000E+00 -0.2437E+02  0.0000E+00      -1  -0.976E+00   20.00
   2    -1.0000       0.024 0.4300   0.2496E+02  0.0000E+00 -0.2437E+02  0.0000E+00      -1  -0.976E+00   20.00
   3    -2.0000       0.047 0.4300   0.2496E+02  0.0000E+00 -0.2437E+02  0.0000E+00      -1  -0.976E+00   20.00
   4    -3.0000       0.071 0.4300   0.2496E+02  0.0000E+00 -0.2437E+02  0.0000E+00      -1  -0.976E+00   20.00
   5    -4.0000       0.095 0.4300   0.2496E+02  0.0000E+00 -0.2436E+02  0.0000E+00      -1  -0.976E+00   20.00
   6    -5.0000       0.119 0.4300   0.2496E+02  0.0000E+00 -0.2436E+02  0.0000E+00      -1  -0.976E+00   20.00
   7    -6.0000       0.143 0.4300   0.2496E+02  0.0000E+00 -0.2436E+02  0.0000E+00      -1  -0.976E+00   20.00
   8    -7.0000       0.167 0.4300   0.2496E+02  0.0000E+00 -0.2436E+02  0.0000E+00      -1  -0.976E+00   20.00
   9    -8.0000       0.191 0.4300   0.2496E+02  0.0000E+00 -0.2436E+02  0.0000E+00      -1  -0.976E+00   20.00
  10    -9.0000       0.215 0.4300   0.2496E+02  0.0000E+00 -0.2436E+02  0.0000E+00      -1  -0.976E+00   20.00
  11   -10.0000       0.239 0.4300   0.2496E+02  0.0000E+00 -0.2436E+02  0.0000E+00      -1  -0.976E+00   20.00
  12   -11.0000       0.263 0.4300   0.2496E+02  0.0000E+00 -0.2436E+02  0.0000E+00      -1  -0.976E+00   20.00
  13   -12.0000       0.286 0.4300   0.2496E+02  0.0000E+00 -0.2437E+02  0.0000E+00      -1  -0.976E+00   20.00
  14   -13.0000       0.310 0.4300   0.2496E+02  0.0000E+00 -0.2437E+02  0.0000E+00      -1  -0.976E+00   20.00
  15   -14.0000       0.334 0.4300   0.2496E+02  0.0000E+00 -0.2438E+02  0.0000E+00      -1  -0.977E+00   20.00
  16   -15.0000       0.357 0.4300   0.2496E+02  0.0000E+00 -0.2438E+02  0.0000E+00      -1  -0.977E+00   20.00
  17   -16.0000       0.380 0.4300   0.2496E+02  0.0000E+00 -0.2439E+02  0.0000E+00      -1  -0.977E+00   20.00
  18   -17.0000       0.403 0.4300   0.2496E+02  0.0000E+00 -0.2440E+02  0.0000E+00      -1  -0.977E+00   20.00
  19   -18.0000       0.425 0.4300   0.2496E+02  0.0000E+00 -0.2440E+02  0.0000E+00      -1  -0.978E+00   20.00
  20   -19.0000       0.447 0.4300   0.2496E+02  0.0000E+00 -0.2441E+02  0.0000E+00      -1  -0.978E+00   20.00
  21   -20.0000       0.469 0.4300   0.2496E+02  0.0000E+00 -0.2442E+02  0.0000E+00      -1  -0.978E+00   20.00
  22   -21.0000       0.490 0.4300   0.2496E+02  0.0000E+00 -0.2443E+02  0.0000E+00      -1  -0.979E+00   20.00
  23   -22.0000       0.511 0.4300   0.2496E+02  0.0000E+00 -0.2445E+02  0.0000E+00      -1  -0.979E+00   20.00
  24   -23.0000       0.532 0.4300   0.2496E+02  0.0000E+00 -0.2446E+02  0.0000E+00      -1  -0.980E+00   20.00
  25   -24.0000       0.551 0.4300   0.2496E+02  0.0000E+00 -0.2447E+02  0.0000E+00      -1  -0.980E+00   20.00
  26   -25.0000       0.571 0.4300   0.2496E+02  0.0000E+00 -0.2449E+02  0.0000E+00      -1  -0.981E+00   20.00
  27   -26.0000       0.589 0.4300   0.2496E+02  0.0000E+00 -0.2450E+02  0.0000E+00      -1  -0.982E+00   20.00
  28   -27.0000       0.607 0.4300   0.2496E+02  0.0000E+00 -0.2452E+02  0.0000E+00      -1  -0.982E+00   20.00
  29   -28.0000       0.624 0.4300   0.2496E+02  0.0000E+00 -0.2454E+02  0.0000E+00      -1  -0.983E+00   20.00
  30   -29.0000       0.641 0.4300   0.2496E+02  0.0000E+00 -0.2456E+02  0.0000E+00      -1  -0.984E+00   20.00
  31   -30.0000       0.656 0.4300   0.2496E+02  0.0000E+00 -0.2458E+02  0.0000E+00      -1  -0.985E+00   20.00
  32   -31.0000       0.671 0.4300   0.2496E+02  0.0000E+00 -0.2461E+02  0.0000E+00      -1  -0.986E+00   20.00
  33   -32.0000       0.684 0.4300   0.2496E+02  0.0000E+00 -0.2464E+02  0.0000E+00      -1  -0.987E+00   20.00
  34   -33.0000       0.696 0.4300   0.2496E+02  0.0000E+00 -0.2467E+02  0.0000E+00      -1  -0.988E+00   20.00
  35   -34.0000       0.707 0.4300   0.2496E+02  0.0000E+00 -0.2471E+02  0.0000E+00      -1  -0.990E+00   20.00
  36   -35.0000       0.717 0.4300   0.2496E+02  0.0000E+00 -0.2474E+02  0.0000E+00      -1  -0.991E+00   20.00
  37   -36.0000       0.725 0.4300   0.2496E+02  0.0000E+00 -0.2478E+02  0.0000E+00      -1  -0.993E+00   20.00
  38   -37.0000       0.731 0.4300   0.2496E+02  0.0000E+00 -0.2481E+02  0.0000E+00      -1  -0.994E+00   20.00
  39   -38.0000       0.737 0.4300   0.2496E+02  0.0000E+00 -0.2485E+02  0.0000E+00      -1  -0.996E+00   20.00
  40   -39.0000       0.740 0.4300   0.2496E+02  0.0000E+00 -0.2489E+02  0.0000E+00      -1  -0.997E+00   20.00
  41   -40.0000       0.743 0.4300   0.2496E+02  0.0000E+00 -0.2492E+02  0.0000E+00      -1  -0.998E+00   20.00
  42   -41.0000       0.743 0.4300   0.2496E+02  0.0000E+00 -0.2496E+02  0.0000E+00      -1  -0.100E+01   20.00
  43   -42.0000       0.743 0.4300   0.2496E+02  0.0000E+00 -0.2499E+02  0.0000E+00      -1  -0.100E+01   20.00
  44   -43.0000       0.741 0.4300   0.2496E+02  0.0000E+00 -0.2502E+02  0.0000E+00      -1  -0.100E+01   20.00
  45   -44.0000       0.738 0.4300   0.2496E+02  0.0000E+00 -0.2505E+02  0.0000E+00      -1  -0.100E+01   20.00
  46   -45.0000       0.734 0.4300   0.2496E+02  0.0000E+00 -0.2508E+02  0.0000E+00      -1  -0.100E+01   20.00
  47   -46.0000       0.728 0.4300   0.2496E+02  0.0000E+00 -0.2511E+02  0.0000E+00      -1  -0.101E+01   20.00
  48   -47.0000       0.721 0.4300   0.2496E+02  0.0000E+00 -0.2514E+02  0.0000E+00      -1  -0.101E+01   20.00
  49   -48.0000       0.713 0.4300   0.2496E+02  0.0000E+00 -0.2517E+02  0.0000E+00      -1  -0.101E+01   20.00
  50   -49.0000       0.704 0.4300   0.2496E+02  0.0000E+00 -0.2520E+02  0.0000E+00      -1  -0.101E+01   20.00
  51   -50.0000       0.694 0.4300   0.2496E+02  0.0000E+00 -0.2523E+02  0.0000E+00      -1  -0.101E+01   20.00
  52   -51.0000       0.683 0.4300   0.2496E+02  0.0000E+00 -0.2525E+02  0.0000E+00      -1  -0.101E+01   20.00
  53   -52.0000       0.671 0.4300   0.2496E+02  0.0000E+00 -0.2528E+02  0.0000E+00      -1  -0.101E+01   20.00
  54   -53.0000       0.657 0.4300   0.2496E+02  0.0000E+00 -0.2531E+02  0.0000E+00      -1  -0.101E+01   20.00
  55   -54.0000       0.643 0.4300   0.2496E+02  0.0000E+00 -0.2533E+02  0.0000E+00      -1  -0.101E+01   20.00
  56   -55.0000       0.627 0.4300   0.2496E+02  0.0000E+00 -0.2536E+02  0.0000E+00      -1  -0.102E+01   20.00
  57   -56.0000       0.611 0.4300   0.2496E+02  0.0000E+00 -0.2538E+02  0.0000E+00      -1  -0.102E+01   20.00
  58   -57.0000       0.594 0.4300   0.2496E+02  0.0000E+00 -0.2541E+02  0.0000E+00      -1  -0.102E+01   20.00
  59   -58.0000       0.575 0.4300   0.2496E+02  0.0000E+00 -0.2543E+02  0.0000E+00      -1  -0.102E+01   20.00
  60   -59.0000       0.556 0.4300   0.2496E+02  0.0000E+00 -0.2546E+02  0.0000E+00      -1  -0.102E+01   20.00
  61   -60.0000       0.536 0.4300   0.2496E+02  0.0000E+00 -0.2548E+02  0.0000E+00      -1  -0.102E+01   20.00
  62   -61.0000       0.514 0.4300   0.2496E+02  0.0000E+00 -0.2551E+02  0.0000E+00      -1  -0.102E+01   20.00
  63   -62.0000       0.492 0.4300   0.2496E+02  0.0000E+00 -0.2554E+02  0.0000E+00      -1  -0.102E+01   20.00
  64   -63.0000       0.468 0.4300   0.2496E+02  0.0000E+00 -0.2557E+02  0.0000E+00      -1  -0.102E+01   20.00
  65   -64.0000       0.443 0.4300   0.2496E+02  0.0000E+00 -0.2560E+02  0.0000E+00      -1  -0.103E+01   20.00
  66   -65.0000       0.417 0.4300   0.2496E+02  0.0000E+00 -0.2563E+02  0.0000E+00      -1  -0.103E+01   20.00
  67   -66.0000       0.389 0.4300   0.2496E+02  0.0000E+00 -0.2566E+02  0.0000E+00      -1  -0.103E+01   20.00
  68   -67.0000       0.361 0.4300   0.2496E+02  0.0000E+00 -0.2570E+02  0.0000E+00      -1  -0.103E+01   20.00
  69   -68.0000       0.331 0.4300   0.2496E+02  0.0000E+00 -0.2573E+02  0.0000E+00      -1  -0.103E+01   20.00
  70   -69.0000       0.299 0.4300   0.2496E+02  0.0000E+00 -0.2577E+02  0.0000E+00      -1  -0.103E+01   20.00
  71   -70.0000       0.266 0.4300   0.2496E+02  0.0000E+00 -0.2581E+02  0.0000E+00      -1  -0.103E+01   20.00
  72   -71.0000       0.231 0.4300   0.2496E+02  0.0000E+00 -0.2584E+02  0.0000E+00      -1  -0.104E+01   20.00
  73   -72.0000       0.195 0.4300   0.2496E+02  0.0000E+00 -0.2587E+02  0.0000E+00      -1  -0.104E+01   20.00
  74   -73.0000       0.158 0.4300   0.2496E+02  0.0000E+00 -0.2590E+02  0.0000E+00      -1  -0.104E+01   20.00
  75   -74.0000       0.120 0.4300   0.2496E+02  0.0000E+00 -0.2590E+02  0.0000E+00      -1  -0.104E+01   20.00
  76   -75.0000       0.082 0.4300   0.2496E+02  0.0000E+00 -0.2587E+02  0.0000E+00      -1  -0.104E+01   20.00
  77   -76.0000       0.023 0.4300   0.2384E+02  0.1615E-03 -0.2577E+02  0.0000E+00      -1  -0.103E+01   20.00
  78   -77.0000      -0.069 0.4300   0.2321E+02  0.2535E-03 -0.2557E+02  0.0000E+00      -1  -0.102E+01   20.00
  79   -78.0000      -0.192 0.4299   0.2214E+02  0.4129E-03 -0.2533E+02  0.0000E+00      -1  -0.101E+01   20.00
  80   -79.0000      -0.365 0.4299   0.2084E+02  0.6109E-03 -0.2507E+02  0.0000E+00      -1  -0.100E+01   20.00
  81   -80.0000      -0.601 0.4297   0.1951E+02  0.8192E-03 -0.2484E+02  0.0000E+00      -1  -0.995E+00   20.00
  82   -81.0000      -0.915 0.4294   0.1813E+02  0.1040E-02 -0.2464E+02  0.0000E+00      -1  -0.987E+00   20.00
  83   -82.0000      -1.324 0.4289   0.1672E+02  0.1273E-02 -0.2449E+02  0.0000E+00      -1  -0.981E+00   20.00
  84   -83.0000      -1.854 0.4282   0.1521E+02  0.1527E-02 -0.2435E+02  0.0000E+00      -1  -0.975E+00   20.00
  85   -84.0000      -2.536 0.4270   0.1365E+02  0.1795E-02 -0.2418E+02  0.0000E+00      -1  -0.969E+00   20.00
  86   -85.0000      -3.414 0.4253   0.1200E+02  0.2081E-02 -0.2395E+02  0.0000E+00      -1  -0.960E+00   20.00
  87   -86.0000      -4.554 0.4228   0.1026E+02  0.2381E-02 -0.2362E+02  0.0000E+00      -1  -0.946E+00   20.00
  88   -87.0000      -6.051 0.4189   0.8496E+01  0.2675E-02 -0.2311E+02  0.0000E+00      -1  -0.926E+00   20.00
  89   -88.0000      -8.043 0.4133   0.6737E+01  0.2940E-02 -0.2234E+02  0.0000E+00      -1  -0.895E+00   20.00
  90   -89.0000     -10.776 0.4049   0.4997E+01  0.3145E-02 -0.2124E+02  0.0000E+00      -1  -0.851E+00   20.00
  91   -90.0000     -14.730 0.3922   0.3310E+01  0.3236E-02 -0.1956E+02  0.0000E+00      -1  -0.784E+00   20.00
  92   -91.0000     -20.794 0.3731   0.1938E+01  0.3080E-02 -0.1696E+02  0.0000E+00      -1  -0.680E+00   20.00
  93   -92.0000     -30.743 0.3446   0.8721E+00  0.2620E-02 -0.1309E+02  0.0000E+00      -1  -0.525E+00   20.00
  94   -93.0000     -48.406 0.3055   0.2854E+00  0.1856E-02 -0.7994E+01  0.0000E+00      -1  -0.320E+00   20.00
  95   -94.0000     -75.880 0.2654   0.7893E-01  0.1145E-02 -0.3188E+01  0.0000E+00      -1  -0.128E+00   20.00
  96   -95.0000     -94.808 0.2466   0.4050E-01  0.8692E-03 -0.6981E+00  0.0000E+00      -1  -0.280E-01   20.00
  97   -96.0000     -99.187 0.2432   0.3616E-01  0.8257E-03 -0.1335E+00  0.0000E+00      -1  -0.535E-02   20.00
  98   -97.0000     -99.882 0.2427   0.3559E-01  0.8193E-03 -0.4997E-01  0.0000E+00      -1  -0.200E-02   20.00
  99   -98.0000     -99.983 0.2426   0.3551E-01  0.8184E-03 -0.3758E-01  0.0000E+00      -1  -0.151E-02   20.00
 100   -99.0000     -99.998 0.2426   0.3550E-01  0.8183E-03 -0.3579E-01  0.0000E+00      -1  -0.143E-02   20.00
 101  -100.0000     -99.999 0.2426   0.3550E-01  0.8182E-03 -0.3556E-01  0.0000E+00      -1  -0.142E-02   20.00
end


 Time:        0.7000


 Node      Depth      Head Moisture       K          C         Flux        Sink         Kappa   v/KsTop   Temp
           [L]        [L]    [-]        [L/T]      [1/L]      [L/T]        [1/T]         [-]      [-]      [C]

   1     0.0000       0.000 0.4300   0.2496E+02  0.0000E+00 -0.2494E+02  0.0000E+00      -1  -0.999E+00   20.00
   2    -1.0000       0.001 0.4300   0.2496E+02  0.0000E+00 -0.2494E+02  0.0000E+00      -1  -0.999E+00   20.00
   3    -2.0000       0.001 0.4300   0.2496E+02  0.0000E+00 -0.2494E+02  0.0000E+00      -1  -0.999E+00   20.00
   4    -3.0000       0.002 0.4300   0.2496E+02  0.0000E+00 -0.2494E+02  0.0000E+00      -1  -0.999E+00   20.00
   5    -4.0000       0.003 0.4300   0.2496E+02  0.0000E+00 -0.2494E+02  0.0000E+00      -1  -0.999E+00   20.00
   6    -5.0000       0.003 0.4300   0.2496E+02  0.0000E+00 -0.2494E+02  0.0000E+00      -1  -0.999E+00   20.00
   7    -6.0000       0.004 0.4300   0.2496E+02  0.0000E+00 -0.2494E+02  0.0000E+00      -1  -0.999E+00   20.00
   8    -7.0000       0.005 0.4300   0.2496E+02  0.0000E+00 -0.2494E+02  0.0000E+00      -1  -0.999E+00   20.00
   9    -8.0000       0.006 0.4300   0.2496E+02  0.0000E+00 -0.2494E+02  0.0000E+00      -1  -0.999E+00   20.00
  10    -9.0000       0.006 0.4300   0.2496E+02  0.0000E+00 -0.2494E+02  0.0000E+00      -1  -0.999E+00   20.00
  11   -10.0000       0.007 0.4300   0.2496E+02  0.0000E+00 -0.2494E+02  0.0000E+00      -1  -0.999E+00   20.00
  12   -11.0000       0.008 0.4300   0.2496E+02  0.0000E+00 -0.2494E+02  0.0000E+00      -1  -0.999E+00   20.00
  13   -12.0000       0.008 0.4300   0.2496E+02  0.0000E+00 -0.2494E+02  0.0000E+00      -1  -0.999E+00   20.00
  14   -13.0000       0.009 0.4300   0.2496E+02  0.0000E+00 -0.2494E+02  0.0000E+00      -1  -0.999E+00   20.00
  15   -14.0000       0.010 0.4300   0.2496E+02  0.0000E+00 -0.2494E+02  0.0000E+00      -1  -0.999E+00   20.00
  16   -15.0000       0.010 0.4300   0.2496E+02  0.0000E+00 -0.2494E+02  0.0000E+00      -1  -0.999E+00   20.00
  17   -16.0000       0.011 0.4300   0.2496E+02  0.0000E+00 -0.2494E+02  0.0000E+00      -1  -0.999E+00   20.00
  18   -17.0000       0.012 0.4300   0.2496E+02  0.0000E+00 -0.2494E+02  0.0000E+00      -1  -0.999E+00   20.00
  19   -18.0000       0.013 0.4300   0.2496E+02  0.0000E+00 -0.2494E+02  0.0000E+00      -1  -0.999E+00   20.00
  20   -19.0000       0.013 0.4300   0.2496E+02  0.0000E+00 -0.2494E+02  0.0000E+00      -1  -0.999E+00   20.00
  21   -20.0000       0.014 0.4300   0.2496E+02  0.0000E+00 -0.2494E+02  0.0000E+00      -1  -0.999E+00   20.00
  22   -21.0000       0.015 0.4300   0.2496E+02  0.0000E+00 -0.2494E+02  0.0000E+00      -1  -0.999E+00   20.00
  23   -22.0000       0.015 0.4300   0.2496E+02  0.0000E+00 -0.2494E+02  0.0000E+00      -1  -0.999E+00   20.00
  24   -23.0000       0.016 0.4300   0.2496E+02  0.0000E+00 -0.2494E+02  0.0000E+00      -1  -0.999E+00   20.00
  25   -24.0000       0.017 0.4300   0.2496E+02  0.0000E+00 -0.2494E+02  0.0000E+00      -1  -0.999E+00   20.00
  26   -25.0000       0.017 0.4300   0.2496E+02  0.0000E+00 -0.2494E+02  0.0000E+00      -1  -0.999E+00   20.00
  27   -26.0000       0.018 0.4300   0.2496E+02  0.0000E+00 -0.2494E+02  0.0000E+00      -1  -0.999E+00   20.00
  28   -27.0000       0.019 0.4300   0.2496E+02  0.0000E+00 -0.2494E+02  0.0000E+00      -1  -0.999E+00   20.00
  29   -28.0000       0.019 0.4300   0.2496E+02  0.0000E+00 -0.2494E+02  0.0000E+00      -1  -0.999E+00   20.00
  30   -29.0000       0.020 0.4300   0.2496E+02  0.0000E+00 -0.2494E+02  0.0000E+00      -1  -0.999E+00   20.00
  31   -30.0000       0.021 0.4300   0.2496E+02  0.0000E+00 -0.2494E+02  0.0000E+00      -1  -0.999E+00   20.00
  32   -31.0000       0.022 0.4300   0.2496E+02  0.0000E+00 -0.2494E+02  0.0000E+00      -1  -0.999E+00   20.00
  33   -32.0000       0.022 0.4300   0.2496E+02  0.0000E+00 -0.2494E+02  0.0000E+00      -1  -0.999E+00   20.00
  34   -33.0000       0.023 0.4300   0.2496E+02  0.0000E+00 -0.2494E+02  0.0000E+00      -1  -0.999E+00   20.00
  35   -34.0000       0.024 0.4300   0.2496E+02  0.0000E+00 -0.2494E+02  0.0000E+00      -1  -0.999E+00   20.00
  36   -35.0000       0.024 0.4300   0.2496E+02  0.0000E+00 -0.2494E+02  0.0000E+00      -1  -0.999E+00   20.00
  37   -36.0000       0.025 0.4300   0.2496E+02  0.0000E+00 -0.2494E+02  0.0000E+00      -1  -0.999E+00   20.00
  38   -37.0000       0.026 0.4300   0.2496E+02  0.0000E+00 -0.2494E+02  0.0000E+00      -1  -0.999E+00   20.00
  39   -38.0000       0.026 0.4300   0.2496E+02  0.0000E+00 -0.2494E+02  0.0000E+00      -1  -0.999E+00   20.00
  40   -39.0000       0.027 0.4300   0.2496E+02  0.0000E+00 -0.2494E+02  0.0000E+00      -1  -0.999E+00   20.00
  41   -40.0000       0.028 0.4300   0.2496E+02  0.0000E+00 -0.2494E+02  0.0000E+00      -1  -0.999E+00   20.00
  42   -41.0000       0.029 0.4300   0.2496E+02  0.0000E+00 -0.2494E+02  0.0000E+00      -1  -0.999E+00   20.00
  43   -42.0000       0.029 0.4300   0.2496E+02  0.0000E+00 -0.2494E+02  0.0000E+00      -1  -0.999E+00   20.00
  44   -43.0000       0.030 0.4300   0.2496E+02  0.0000E+00 -0.2494E+02  0.0000E+00      -1  -0.999E+00   20.00
  45   -44.0000       0.031 0.4300   0.2496E+02  0.0000E+00 -0.2494E+02  0.0000E+00      -1  -0.999E+00   20.00
  46   -45.0000       0.031 0.4300   0.2496E+02  0.0000E+00 -0.2494E+02  0.0000E+00      -1  -0.999E+00   20.00
  47   -46.0000       0.032 0.4300   0.2496E+02  0.0000E+00 -0.2494E+02  0.0000E+00      -1  -0.999E+00   20.00
  48   -47.0000       0.033 0.4300   0.2496E+02  0.0000E+00 -0.2494E+02  0.0000E+00      -1  -0.999E+00   20.00
  49   -48.0000       0.033 0.4300   0.2496E+02  0.0000E+00 -0.2494E+02  0.0000E+00      -1  -0.999E+00   20.00
  50   -49.0000       0.034 0.4300   0.2496E+02  0.0000E+00 -0.2494E+02  0.0000E+00      -1  -0.999E+00   20.00
  51   -50.0000       0.035 0.4300   0.2496E+02  0.0000E+00 -0.2494E+02  0.0000E+00      -1  -0.999E+00   20.00
  52   -51.0000       0.035 0.4300   0.2496E+02  0.0000E+00 -0.2494E+02  0.0000E+00      -1  -0.999E+00   20.00
  53   -52.0000       0.036 0.4300   0.2496E+02  0.0000E+00 -0.2494E+02  0.0000E+00      -1  -0.999E+00   20.00
  54   -53.0000       0.037 0.4300   0.2496E+02  0.0000E+00 -0.2494E+02  0.0000E+00      -1  -0.999E+00   20.00
  55   -54.0000       0.038 0.4300   0.2496E+02  0.0000E+00 -0.2494E+02  0.0000E+00      -1  -0.999E+00   20.00
  56   -55.0000       0.038 0.4300   0.2496E+02  0.0000E+00 -0.2494E+02  0.0000E+00      -1  -0.999E+00   20.00
  57   -56.0000       0.039 0.4300   0.2496E+02  0.0000E+00 -0.2494E+02  0.0000E+00      -1  -0.999E+00   20.00
  58   -57.0000       0.040 0.4300   0.2496E+02  0.0000E+00 -0.2494E+02  0.0000E+00      -1  -0.999E+00   20.00
  59   -58.0000       0.040 0.4300   0.2496E+02  0.0000E+00 -0.2494E+02  0.0000E+00      -1  -0.999E+00   20.00
  60   -59.0000       0.041 0.4300   0.2496E+02  0.0000E+00 -0.2494E+02  0.0000E+00      -1  -0.999E+00   20.00
  61   -60.0000       0.042 0.4300   0.2496E+02  0.0000E+00 -0.2494E+02  0.0000E+00      -1  -0.999E+00   20.00
  62   -61.0000       0.042 0.4300   0.2496E+02  0.0000E+00 -0.2494E+02  0.0000E+00      -1  -0.999E+00   20.00
  63   -62.0000       0.043 0.4300   0.2496E+02  0.0000E+00 -0.2494E+02  0.0000E+00      -1  -0.999E+00   20.00
  64   -63.0000       0.044 0.4300   0.2496E+02  0.0000E+00 -0.2494E+02  0.0000E+00      -1  -0.999E+00   20.00
  65   -64.0000       0.044 0.4300   0.2496E+02  0.0000E+00 -0.2495E+02  0.0000E+00      -1  -0.999E+00   20.00
  66   -65.0000       0.045 0.4300   0.2496E+02  0.0000E+00 -0.2495E+02  0.0000E+00      -1  -0.100E+01   20.00
  67   -66.0000       0.045 0.4300   0.2496E+02  0.0000E+00 -0.2496E+02  0.0000E+00      -1  -0.100E+01   20.00
  68   -67.0000       0.045 0.4300   0.2496E+02  0.0000E+00 -0.2496E+02  0.0000E+00      -1  -0.100E+01   20.00
  69   -68.0000       0.045 0.4300   0.2496E+02  0.0000E+00 -0.2497E+02  0.0000E+00      -1  -0.100E+01   20.00
  70   -69.0000       0.044 0.4300   0.2496E+02  0.0000E+00 -0.2498E+02  0.0000E+00      -1  -0.100E+01   20.00
  71   -70.0000       0.044 0.4300   0.2496E+02  0.0000E+00 -0.2499E+02  0.0000E+00      -1  -0.100E+01   20.00
  72   -71.0000       0.042 0.4300   0.2496E+02  0.0000E+00 -0.2500E+02  0.0000E+00      -1  -0.100E+01   20.00
  73   -72.0000       0.040 0.4300   0.2496E+02  0.0000E+00 -0.2501E+02  0.0000E+00      -1  -0.100E+01   20.00
  74   -73.0000       0.038 0.4300   0.2496E+02  0.0000E+00 -0.2502E+02  0.0000E+00      -1  -0.100E+01   20.00
  75   -74.0000       0.035 0.4300   0.2496E+02  0.0000E+00 -0.2504E+02  0.0000E+00      -1  -0.100E+01   20.00
  76   -75.0000       0.032 0.4300   0.2496E+02  0.0000E+00 -0.2505E+02  0.0000E+00      -1  -0.100E+01   20.00
  77   -76.0000       0.028 0.4300   0.2496E+02  0.0000E+00 -0.2507E+02  0.0000E+00      -1  -0.100E+01   20.00
  78   -77.0000       0.023 0.4300   0.2496E+02  0.0000E+00 -0.2509E+02  0.0000E+00      -1  -0.101E+01   20.00
  79   -78.0000       0.017 0.4300   0.2496E+02  0.0000E+00 -0.2511E+02  0.0000E+00      -1  -0.101E+01   20.00
  80   -79.0000       0.011 0.4300   0.2496E+02  0.0000E+00 -0.2514E+02  0.0000E+00      -1  -0.101E+01   20.00
  81   -80.0000       0.003 0.4300   0.2496E+02  0.0000E+00 -0.2517E+02  0.0000E+00      -1  -0.101E+01   20.00
  82   -81.0000      -0.006 0.4300   0.2496E+02  0.0000E+00 -0.2524E+02  0.0000E+00      -1  -0.101E+01   20.00
  83   -82.0000      -0.020 0.4300   0.2496E+02  0.0000E+00 -0.2532E+02  0.0000E+00      -1  -0.101E+01   20.00
  84   -83.0000      -0.042 0.4300   0.2464E+02  0.4576E-04 -0.2533E+02  0.0000E+00      -1  -0.101E+01   20.00
  85   -84.0000      -0.107 0.4300   0.2289E+02  0.3006E-03 -0.2525E+02  0.0000E+00      -1  -0.101E+01   20.00
  86   -85.0000      -0.241 0.4299   0.2154E+02  0.5035E-03 -0.2510E+02  0.0000E+00      -1  -0.101E+01   20.00
  87   -86.0000      -0.438 0.4298   0.2025E+02  0.7022E-03 -0.2494E+02  0.0000E+00      -1  -0.999E+00   20.00
  88   -87.0000      -0.706 0.4296   0.1894E+02  0.9096E-03 -0.2479E+02  0.0000E+00      -1  -0.993E+00   20.00
  89   -88.0000      -1.060 0.4292   0.1758E+02  0.1132E-02 -0.2466E+02  0.0000E+00      -1  -0.988E+00   20.00
  90   -89.0000      -1.521 0.4286   0.1611E+02  0.1374E-02 -0.2454E+02  0.0000E+00      -1  -0.983E+00   20.00
  91   -90.0000      -2.116 0.4277   0.1458E+02  0.1635E-02 -0.2438E+02  0.0000E+00      -1  -0.977E+00   20.00
  92   -91.0000      -2.881 0.4264   0.1294E+02  0.1918E-02 -0.2417E+02  0.0000E+00      -1  -0.968E+00   20.00
  93   -92.0000      -3.868 0.4243   0.1126E+02  0.2209E-02 -0.2386E+02  0.0000E+00      -1  -0.956E+00   20.00
  94   -93.0000      -5.145 0.4213   0.9533E+01  0.2504E-02 -0.2341E+02  0.0000E+00      -1  -0.938E+00   20.00
  95   -94.0000      -6.821 0.4168   0.7762E+01  0.2790E-02 -0.2277E+02  0.0000E+00      -1  -0.912E+00   20.00
  96   -95.0000      -9.082 0.4102   0.5971E+01  0.3043E-02 -0.2181E+02  0.0000E+00      -1  -0.874E+00   20.00
  97   -96.0000     -12.226 0.4003   0.4277E+01  0.3204E-02 -0.2033E+02  0.0000E+00      -1  -0.814E+00   20.00
  98   -97.0000     -16.729 0.3858   0.2781E+01  0.3201E-02 -0.1802E+02  0.0000E+00      -1  -0.722E+00   20.00
  99   -98.0000     -23.473 0.3648   0.1512E+01  0.2974E-02 -0.1444E+02  0.0000E+00      -1  -0.579E+00   20.00
 100   -99.0000     -33.338 0.3382   0.7451E+00  0.2495E-02 -0.8778E+01  0.0000E+00      -1  -0.352E+00   20.00
 101  -100.0000     -41.214 0.3201   0.4479E+00  0.2142E-02 -0.5295E+01  0.0000E+00      -1  -0.212E+00   20.00
end


 Time:        0.7500


 Node      Depth      Head Moisture       K          C         Flux        Sink         Kappa   v/KsTop   Temp
           [L]        [L]    [-]        [L/T]      [1/L]      [L/T]        [1/T]         [-]      [-]      [C]

   1     0.0000       0.000 0.4300   0.2496E+02  0.0000E+00 -0.2496E+02  0.0000E+00      -1  -0.100E+01   20.00
   2    -1.0000       0.000 0.4300   0.2496E+02  0.0000E+00 -0.2496E+02  0.0000E+00      -1  -0.100E+01   20.00
   3    -2.0000       0.000 0.4300   0.2496E+02  0.0000E+00 -0.2496E+02  0.0000E+00      -1  -0.100E+01   20.00
   4    -3.0000       0.000 0.4300   0.2496E+02  0.0000E+00 -0.2496E+02  0.0000E+00      -1  -0.100E+01   20.00
   5    -4.0000       0.000 0.4300   0.2496E+02  0.0000E+00 -0.2496E+02  0.0000E+00      -1  -0.100E+01   20.00
   6    -5.0000       0.000 0.4300   0.2496E+02  0.0000E+00 -0.2496E+02  0.0000E+00      -1  -0.100E+01   20.00
   7    -6.0000       0.000 0.4300   0.2496E+02  0.0000E+00 -0.2496E+02  0.0000E+00      -1  -0.100E+01   20.00
   8    -7.0000       0.000 0.4300   0.2496E+02  0.0000E+00 -0.2496E+02  0.0000E+00      -1  -0.100E+01   20.00
   9    -8.0000       0.000 0.4300   0.2496E+02  0.0000E+00 -0.2496E+02  0.0000E+00      -1  -0.100E+01   20.00
  10    -9.0000       0.000 0.4300   0.2496E+02  0.0000E+00 -0.2496E+02  0.0000E+00      -1  -0.100E+01   20.00
  11   -10.0000       0.000 0.4300   0.2496E+02  0.0000E+00 -0.2496E+02  0.0000E+00      -1  -0.100E+01   20.00
  12   -11.0000       0.000 0.4300   0.2496E+02  0.0000E+00 -0.2496E+02  0.0000E+00      -1  -0.100E+01   20.00
  13   -12.0000       0.000 0.4300   0.2496E+02  0.0000E+00 -0.2496E+02  0.0000E+00      -1  -0.100E+01   20.00
  14   -13.0000       0.000 0.4300   0.2496E+02  0.0000E+00 -0.2496E+02  0.0000E+00      -1  -0.100E+01   20.00
  15   -14.0000       0.000 0.4300   0.2496E+02  0.0000E+00 -0.2496E+02  0.0000E+00      -1  -0.100E+01   20.00
  16   -15.0000       0.000 0.4300   0.2496E+02  0.0000E+00 -0.2496E+02  0.0000E+00      -1  -0.100E+01   20.00
  17   -16.0000       0.000 0.4300   0.2496E+02  0.0000E+00 -0.2496E+02  0.0000E+00      -1  -0.100E+01   20.00
  18   -17.0000       0.000 0.4300   0.2496E+02  0.0000E+00 -0.2496E+02  0.0000E+00      -1  -0.100E+01   20.00
  19   -18.0000       0.000 0.4300   0.2496E+02  0.0000E+00 -0.2496E+02  0.0000E+00      -1  -0.100E+01   20.00
  20   -19.0000       0.000 0.4300   0.2496E+02  0.0000E+00 -0.2496E+02  0.0000E+00      -1  -0.100E+01   20.00
  21   -20.0000       0.000 0.4300   0.2496E+02  0.0000E+00 -0.2496E+02  0.0000E+00      -1  -0.100E+01   20.00
  22   -21.0000       0.000 0.4300   0.2496E+02  0.0000E+00 -0.2496E+02  0.0000E+00      -1  -0.100E+01   20.00
  23   -22.0000       0.000 0.4300   0.2496E+02  0.0000E+00 -0.2496E+02  0.0000E+00      -1  -0.100E+01   20.00
  24   -23.0000       0.000 0.4300   0.2496E+02  0.0000E+00 -0.2496E+02  0.0000E+00      -1  -0.100E+01   20.00
  25   -24.0000       0.000 0.4300   0.2496E+02  0.0000E+00 -0.2496E+02  0.0000E+00      -1  -0.100E+01   20.00
  26   -25.0000       0.000 0.4300   0.2496E+02  0.0000E+00 -0.2496E+02  0.0000E+00      -1  -0.100E+01   20.00
  27   -26.0000       0.000 0.4300   0.2496E+02  0.0000E+00 -0.2496E+02  0.0000E+00      -1  -0.100E+01   20.00
  28   -27.0000       0.000 0.4300   0.2496E+02  0.0000E+00 -0.2496E+02  0.0000E+00      -1  -0.100E+01   20.00
  29   -28.0000       0.000 0.4300   0.2496E+02  0.0000E+00 -0.2496E+02  0.0000E+00      -1  -0.100E+01   20.00
  30   -29.0000       0.000 0.4300   0.2496E+02  0.0000E+00 -0.2496E+02  0.0000E+00      -1  -0.100E+01   20.00
  31   -30.0000       0.000 0.4300   0.2496E+02  0.0000E+00 -0.2496E+02  0.0000E+00      -1  -0.100E+01   20.00
  32   -31.0000       0.000 0.4300   0.2496E+02  0.0000E+00 -0.2496E+02  0.0000E+00      -1  -0.100E+01   20.00
  33   -32.0000       0.000 0.4300   0.2496E+02  0.0000E+00 -0.2496E+02  0.0000E+00      -1  -0.100E+01   20.00
  34   -33.0000       0.000 0.4300   0.2496E+02  0.0000E+00 -0.2496E+02  0.0000E+00      -1  -0.100E+01   20.00
  35   -34.0000       0.000 0.4300   0.2496E+02  0.0000E+00 -0.2496E+02  0.0000E+00      -1  -0.100E+01   20.00
  36   -35.0000       0.000 0.4300   0.2496E+02  0.0000E+00 -0.2496E+02  0.0000E+00      -1  -0.100E+01   20.00
  37   -36.0000       0.000 0.4300   0.2496E+02  0.0000E+00 -0.2496E+02  0.0000E+00      -1  -0.100E+01   20.00
  38   -37.0000       0.000 0.4300   0.2496E+02  0.0000E+00 -0.2496E+02  0.0000E+00      -1  -0.100E+01   20.00
  39   -38.0000       0.000 0.4300   0.2496E+02  0.0000E+00 -0.2496E+02  0.0000E+00      -1  -0.100E+01   20.00
  40   -39.0000       0.000 0.4300   0.2496E+02  0.0000E+00 -0.2496E+02  0.0000E+00      -1  -0.100E+01   20.00
  41   -40.0000       0.000 0.4300   0.2496E+02  0.0000E+00 -0.2496E+02  0.0000E+00      -1  -0.100E+01   20.00
  42   -41.0000       0.000 0.4300   0.2496E+02  0.0000E+00 -0.2496E+02  0.0000E+00      -1  -0.100E+01   20.00
  43   -42.0000       0.000 0.4300   0.2496E+02  0.0000E+00 -0.2496E+02  0.0000E+00      -1  -0.100E+01   20.00
  44   -43.0000       0.000 0.4300   0.2496E+02  0.0000E+00 -0.2496E+02  0.0000E+00      -1  -0.100E+01   20.00
  45   -44.0000       0.000 0.4300   0.2496E+02  0.0000E+00 -0.2496E+02  0.0000E+00      -1  -0.100E+01   20.00
  46   -45.0000       0.000 0.4300   0.2496E+02  0.0000E+00 -0.2496E+02  0.0000E+00      -1  -0.100E+01   20.00
  47   -46.0000       0.000 0.4300   0.2496E+02  0.0000E+00 -0.2496E+02  0.0000E+00      -1  -0.100E+01   20.00
  48   -47.0000       0.000 0.4300   0.2496E+02  0.0000E+00 -0.2496E+02  0.0000E+00      -1  -0.100E+01   20.00
  49   -48.0000       0.000 0.4300   0.2496E+02  0.0000E+00 -0.2496E+02  0.0000E+00      -1  -0.100E+01   20.00
  50   -49.0000       0.000 0.4300   0.2496E+02  0.0000E+00 -0.2496E+02  0.0000E+00      -1  -0.100E+01   20.00
  51   -50.0000       0.000 0.4300   0.2496E+02  0.0000E+00 -0.2496E+02  0.0000E+00      -1  -0.100E+01   20.00
  52   -51.0000       0.000 0.4300   0.2496E+02  0.0000E+00 -0.2496E+02  0.0000E+00      -1  -0.100E+01   20.00
  53   -52.0000       0.000 0.4300   0.2496E+02  0.0000E+00 -0.2496E+02  0.0000E+00      -1  -0.100E+01   20.00
  54   -53.0000       0.000 0.4300   0.2496E+02  0.0000E+00 -0.2496E+02  0.0000E+00      -1  -0.100E+01   20.00
  55   -54.0000       0.000 0.4300   0.2496E+02  0.0000E+00 -0.2496E+02  0.0000E+00      -1  -0.100E+01   20.00
  56   -55.0000       0.000 0.4300   0.2496E+02  0.0000E+00 -0.2496E+02  0.0000E+00      -1  -0.100E+01   20.00
  57   -56.0000       0.000 0.4300   0.2496E+02  0.0000E+00 -0.2496E+02  0.0000E+00      -1  -0.100E+01   20.00
  58   -57.0000       0.000 0.4300   0.2496E+02  0.0000E+00 -0.2496E+02  0.0000E+00      -1  -0.100E+01   20.00
  59   -58.0000       0.000 0.4300   0.2496E+02  0.0000E+00 -0.2496E+02  0.0000E+00      -1  -0.100E+01   20.00
  60   -59.0000       0.000 0.4300   0.2496E+02  0.0000E+00 -0.2496E+02  0.0000E+00      -1  -0.100E+01   20.00
  61   -60.0000       0.000 0.4300   0.2496E+02  0.0000E+00 -0.2496E+02  0.0000E+00      -1  -0.100E+01   20.00
  62   -61.0000       0.000 0.4300   0.2496E+02  0.0000E+00 -0.2496E+02  0.0000E+00      -1  -0.100E+01   20.00
  63   -62.0000       0.000 0.4300   0.2496E+02  0.0000E+00 -0.2496E+02  0.0000E+00      -1  -0.100E+01   20.00
  64   -63.0000       0.000 0.4300   0.2496E+02  0.0000E+00 -0.2496E+02  0.0000E+00      -1  -0.100E+01   20.00
  65   -64.0000       0.000 0.4300   0.2496E+02  0.0000E+00 -0.2496E+02  0.0000E+00      -1  -0.100E+01   20.00
  66   -65.0000       0.000 0.4300   0.2496E+02  0.0000E+00 -0.2496E+02  0.0000E+00      -1  -0.100E+01   20.00
  67   -66.0000       0.000 0.4300   0.2496E+02  0.0000E+00 -0.2496E+02  0.0000E+00      -1  -0.100E+01   20.00
  68   -67.0000       0.000 0.4300   0.2496E+02  0.0000E+00 -0.2496E+02  0.0000E+00      -1  -0.100E+01   20.00
  69   -68.0000       0.000 0.4300   0.2496E+02  0.0000E+00 -0.2496E+02  0.0000E+00      -1  -0.100E+01   20.00
  70   -69.0000       0.000 0.4300   0.2496E+02  0.0000E+00 -0.2496E+02  0.0000E+00      -1  -0.100E+01   20.00
  71   -70.0000       0.000 0.4300   0.2496E+02  0.0000E+00 -0.2496E+02  0.0000E+00      -1  -0.100E+01   20.00
  72   -71.0000       0.000 0.4300   0.2496E+02  0.0000E+00 -0.2496E+02  0.0000E+00      -1  -0.100E+01   20.00
  73   -72.0000       0.000 0.4300   0.2496E+02  0.0000E+00 -0.2496E+02  0.0000E+00      -1  -0.100E+01   20.00
  74   -73.0000       0.000 0.4300   0.2496E+02  0.0000E+00 -0.2496E+02  0.0000E+00      -1  -0.100E+01   20.00
  75   -74.0000       0.000 0.4300   0.2496E+02  0.0000E+00 -0.2496E+02  0.0000E+00      -1  -0.100E+01   20.00
  76   -75.0000       0.000 0.4300   0.2496E+02  0.0000E+00 -0.2496E+02  0.0000E+00      -1  -0.100E+01   20.00
  77   -76.0000       0.000 0.4300   0.2496E+02  0.0000E+00 -0.2496E+02  0.0000E+00      -1  -0.100E+01   20.00
  78   -77.0000       0.000 0.4300   0.2496E+02  0.0000E+00 -0.2496E+02  0.0000E+00      -1  -0.100E+01   20.00
  79   -78.0000       0.000 0.4300   0.2496E+02  0.0000E+00 -0.2496E+02  0.0000E+00      -1  -0.100E+01   20.00
  80   -79.0000       0.000 0.4300   0.2496E+02  0.0000E+00 -0.2496E+02  0.0000E+00      -1  -0.100E+01   20.00
  81   -80.0000       0.000 0.4300   0.2496E+02  0.0000E+00 -0.2496E+02  0.0000E+00      -1  -0.100E+01   20.00
  82   -81.0000       0.000 0.4300   0.2496E+02  0.0000E+00 -0.2496E+02  0.0000E+00      -1  -0.100E+01   20.00
  83   -82.0000       0.000 0.4300   0.2496E+02  0.0000E+00 -0.2496E+02  0.0000E+00      -1  -0.100E+01   20.00
  84   -83.0000       0.000 0.4300   0.2496E+02  0.0000E+00 -0.2496E+02  0.0000E+00      -1  -0.100E+01   20.00
  85   -84.0000       0.000 0.4300   0.2496E+02  0.0000E+00 -0.2496E+02  0.0000E+00      -1  -0.100E+01   20.00
  86   -85.0000       0.000 0.4300   0.2496E+02  0.0000E+00 -0.2496E+02  0.0000E+00      -1  -0.100E+01   20.00
  87   -86.0000       0.000 0.4300   0.2496E+02  0.0000E+00 -0.2496E+02  0.0000E+00      -1  -0.100E+01   20.00
  88   -87.0000       0.000 0.4300   0.2496E+02  0.0000E+00 -0.2496E+02  0.0000E+00      -1  -0.100E+01   20.00
  89   -88.0000       0.000 0.4300   0.2496E+02  0.0000E+00 -0.2496E+02  0.0000E+00      -1  -0.100E+01   20.00
  90   -89.0000       0.000 0.4300   0.2496E+02  0.0000E+00 -0.2496E+02  0.0000E+00      -1  -0.100E+01   20.00
  91   -90.0000       0.000 0.4300   0.2496E+02  0.0000E+00 -0.2496E+02  0.0000E+00      -1  -0.100E+01   20.00
  92   -91.0000       0.000 0.4300   0.2496E+02  0.0000E+00 -0.2496E+02  0.0000E+00      -1  -0.100E+01   20.00
  93   -92.0000       0.000 0.4300   0.2496E+02  0.0000E+00 -0.2496E+02  0.0000E+00      -1  -0.100E+01   20.00
  94   -93.0000       0.000 0.4300   0.2496E+02  0.0000E+00 -0.2496E+02  0.0000E+00      -1  -0.100E+01   20.00
  95   -94.0000       0.000 0.4300   0.2496E+02  0.0000E+00 -0.2496E+02  0.0000E+00      -1  -0.100E+01   20.00
  96   -95.0000       0.000 0.4300   0.2496E+02  0.0000E+00 -0.2496E+02  0.0000E+00      -1  -0.100E+01   20.00
  97   -96.0000       0.000 0.4300   0.2496E+02  0.0000E+00 -0.2496E+02  0.0000E+00      -1  -0.100E+01   20.00
  98   -97.0000       0.000 0.4300   0.2496E+02  0.0000E+00 -0.2496E+02  0.0000E+00      -1  -0.100E+01   20.00
  99   -98.0000       0.000 0.4300   0.2496E+02  0.0000E+00 -0.2496E+02  0.0000E+00      -1  -0.100E+01   20.00
 100   -99.0000       0.000 0.4300   0.2496E+02  0.0000E+00 -0.2496E+02  0.0000E+00      -1  -0.100E+01   20.00
 101  -100.0000       0.000 0.4300   0.2496E+02  0.0000E+00 -0.2496E+02  0.0000E+00      -1  -0.100E+01   20.00
end


 Time:        0.8000


 Node      Depth      Head Moisture       K          C         Flux        Sink         Kappa   v/KsTop   Temp
           [L]        [L]    [-]        [L/T]      [1/L]      [L/T]        [1/T]         [-]      [-]      [C]

   1     0.0000       0.000 0.4300   0.2496E+02  0.0000E+00 -0.2496E+02  0.0000E+00      -1  -0.100E+01   20.00
   2    -1.0000       0.000 0.4300   0.2496E+02  0.0000E+00 -0.2496E+02  0.0000E+00      -1  -0.100E+01   20.00
   3    -2.0000       0.000 0.4300   0.2496E+02  0.0000E+00 -0.2496E+02  0.0000E+00      -1  -0.100E+01   20.00
   4    -3.0000       0.000 0.4300   0.2496E+02  0.0000E+00 -0.2496E+02  0.0000E+00      -1  -0.100E+01   20.00
   5    -4.0000       0.000 0.4300   0.2496E+02  0.0000E+00 -0.2496E+02  0.0000E+00      -1  -0.100E+01   20.00
   6    -5.0000       0.000 0.4300   0.2496E+02  0.0000E+00 -0.2496E+02  0.0000E+00      -1  -0.100E+01   20.00
   7    -6.0000       0.000 0.4300   0.2496E+02  0.0000E+00 -0.2496E+02  0.0000E+00      -1  -0.100E+01   20.00
   8    -7.0000       0.000 0.4300   0.2496E+02  0.0000E+00 -0.2496E+02  0.0000E+00      -1  -0.100E+01   20.00
   9    -8.0000       0.000 0.4300   0.2496E+02  0.0000E+00 -0.2496E+02  0.0000E+00      -1  -0.100E+01   20.00
  10    -9.0000       0.000 0.4300   0.2496E+02  0.0000E+00 -0.2496E+02  0.0000E+00      -1  -0.100E+01   20.00
  11   -10.0000       0.000 0.4300   0.2496E+02  0.0000E+00 -0.2496E+02  0.0000E+00      -1  -0.100E+01   20.00
  12   -11.0000       0.000 0.4300   0.2496E+02  0.0000E+00 -0.2496E+02  0.0000E+00      -1  -0.100E+01   20.00
  13   -12.0000       0.000 0.4300   0.2496E+02  0.0000E+00 -0.2496E+02  0.0000E+00      -1  -0.100E+01   20.00
  14   -13.0000       0.000 0.4300   0.2496E+02  0.0000E+00 -0.2496E+02  0.0000E+00      -1  -0.100E+01   20.00
  15   -14.0000       0.000 0.4300   0.2496E+02  0.0000E+00 -0.2496E+02  0.0000E+00      -1  -0.100E+01   20.00
  16   -15.0000       0.000 0.4300   0.2496E+02  0.0000E+00 -0.2496E+02  0.0000E+00      -1  -0.100E+01   20.00
  17   -16.0000       0.000 0.4300   0.2496E+02  0.0000E+00 -0.2496E+02  0.0000E+00      -1  -0.100E+01   20.00
  18   -17.0000       0.000 0.4300   0.2496E+02  0.0000E+00 -0.2496E+02  0.0000E+00      -1  -0.100E+01   20.00
  19   -18.0000       0.000 0.4300   0.2496E+02  0.0000E+00 -0.2496E+02  0.0000E+00      -1  -0.100E+01   20.00
  20   -19.0000       0.000 0.4300   0.2496E+02  0.0000E+00 -0.2496E+02  0.0000E+00      -1  -0.100E+01   20.00
  21   -20.0000       0.000 0.4300   0.2496E+02  0.0000E+00 -0.2496E+02  0.0000E+00      -1  -0.100E+01   20.00
  22   -21.0000       0.000 0.4300   0.2496E+02  0.0000E+00 -0.2496E+02  0.0000E+00      -1  -0.100E+01   20.00
  23   -22.0000       0.000 0.4300   0.2496E+02  0.0000E+00 -0.2496E+02  0.0000E+00      -1  -0.100E+01   20.00
  24   -23.0000       0.000 0.4300   0.2496E+02  0.0000E+00 -0.2496E+02  0.0000E+00      -1  -0.100E+01   20.00
  25   -24.0000       0.000 0.4300   0.2496E+02  0.0000E+00 -0.2496E+02  0.0000E+00      -1  -0.100E+01   20.00
  26   -25.0000       0.000 0.4300   0.2496E+02  0.0000E+00 -0.2496E+02  0.0000E+00      -1  -0.100E+01   20.00
  27   -26.0000       0.000 0.4300   0.2496E+02  0.0000E+00 -0.2496E+02  0.0000E+00      -1  -0.100E+01   20.00
  28   -27.0000       0.000 0.4300   0.2496E+02  0.0000E+00 -0.2496E+02  0.0000E+00      -1  -0.100E+01   20.00
  29   -28.0000       0.000 0.4300   0.2496E+02  0.0000E+00 -0.2496E+02  0.0000E+00      -1  -0.100E+01   20.00
  30   -29.0000       0.000 0.4300   0.2496E+02  0.0000E+00 -0.2496E+02  0.0000E+00      -1  -0.100E+01   20.00
  31   -30.0000       0.000 0.4300   0.2496E+02  0.0000E+00 -0.2496E+02  0.0000E+00      -1  -0.100E+01   20.00
  32   -31.0000       0.000 0.4300   0.2496E+02  0.0000E+00 -0.2496E+02  0.0000E+00      -1  -0.100E+01   20.00
  33   -32.0000       0.000 0.4300   0.2496E+02  0.0000E+00 -0.2496E+02  0.0000E+00      -1  -0.100E+01   20.00
  34   -33.0000       0.000 0.4300   0.2496E+02  0.0000E+00 -0.2496E+02  0.0000E+00      -1  -0.100E+01   20.00
  35   -34.0000       0.000 0.4300   0.2496E+02  0.0000E+00 -0.2496E+02  0.0000E+00      -1  -0.100E+01   20.00
  36   -35.0000       0.000 0.4300   0.2496E+02  0.0000E+00 -0.2496E+02  0.0000E+00      -1  -0.100E+01   20.00
  37   -36.0000       0.000 0.4300   0.2496E+02  0.0000E+00 -0.2496E+02  0.0000E+00      -1  -0.100E+01   20.00
  38   -37.0000       0.000 0.4300   0.2496E+02  0.0000E+00 -0.2496E+02  0.0000E+00      -1  -0.100E+01   20.00
  39   -38.0000       0.000 0.4300   0.2496E+02  0.0000E+00 -0.2496E+02  0.0000E+00      -1  -0.100E+01   20.00
  40   -39.0000       0.000 0.4300   0.2496E+02  0.0000E+00 -0.2496E+02  0.0000E+00      -1  -0.100E+01   20.00
  41   -40.0000       0.000 0.4300   0.2496E+02  0.0000E+00 -0.2496E+02  0.0000E+00      -1  -0.100E+01   20.00
  42   -41.0000       0.000 0.4300   0.2496E+02  0.0000E+00 -0.2496E+02  0.0000E+00      -1  -0.100E+01   20.00
  43   -42.0000       0.000 0.4300   0.2496E+02  0.0000E+00 -0.2496E+02  0.0000E+00      -1  -0.100E+01   20.00
  44   -43.0000       0.000 0.4300   0.2496E+02  0.0000E+00 -0.2496E+02  0.0000E+00      -1  -0.100E+01   20.00
  45   -44.0000       0.000 0.4300   0.2496E+02  0.0000E+00 -0.2496E+02  0.0000E+00      -1  -0.100E+01   20.00
  46   -45.0000       0.000 0.4300   0.2496E+02  0.0000E+00 -0.2496E+02  0.0000E+00      -1  -0.100E+01   20.00
  47   -46.0000       0.000 0.4300   0.2496E+02  0.0000E+00 -0.2496E+02  0.0000E+00      -1  -0.100E+01   20.00
  48   -47.0000       0.000 0.4300   0.2496E+02  0.0000E+00 -0.2496E+02  0.0000E+00      -1  -0.100E+01   20.00
  49   -48.0000       0.000 0.4300   0.2496E+02  0.0000E+00 -0.2496E+02  0.0000E+00      -1  -0.100E+01   20.00
  50   -49.0000       0.000 0.4300   0.2496E+02  0.0000E+00 -0.2496E+02  0.0000E+00      -1  -0.100E+01   20.00
  51   -50.0000       0.000 0.4300   0.2496E+02  0.0000E+00 -0.2496E+02  0.0000E+00      -1  -0.100E+01   20.00
  52   -51.0000       0.000 0.4300   0.2496E+02  0.0000E+00 -0.2496E+02  0.0000E+00      -1  -0.100E+01   20.00
  53   -52.0000       0.000 0.4300   0.2496E+02  0.0000E+00 -0.2496E+02  0.0000E+00      -1  -0.100E+01   20.00
  54   -53.0000       0.000 0.4300   0.2496E+02  0.0000E+00 -0.2496E+02  0.0000E+00      -1  -0.100E+01   20.00
  55   -54.0000       0.000 0.4300   0.2496E+02  0.0000E+00 -0.2496E+02  0.0000E+00      -1  -0.100E+01   20.00
  56   -55.0000       0.000 0.4300   0.2496E+02  0.0000E+00 -0.2496E+02  0.0000E+00      -1  -0.100E+01   20.00
  57   -56.0000       0.000 0.4300   0.2496E+02  0.0000E+00 -0.2496E+02  0.0000E+00      -1  -0.100E+01   20.00
  58   -57.0000       0.000 0.4300   0.2496E+02  0.0000E+00 -0.2496E+02  0.0000E+00      -1  -0.100E+01   20.00
  59   -58.0000       0.000 0.4300   0.2496E+02  0.0000E+00 -0.2496E+02  0.0000E+00      -1  -0.100E+01   20.00
  60   -59.0000       0.000 0.4300   0.2496E+02  0.0000E+00 -0.2496E+02  0.0000E+00      -1  -0.100E+01   20.00
  61   -60.0000       0.000 0.4300   0.2496E+02  0.0000E+00 -0.2496E+02  0.0000E+00      -1  -0.100E+01   20.00
  62   -61.0000       0.000 0.4300   0.2496E+02  0.0000E+00 -0.2496E+02  0.0000E+00      -1  -0.100E+01   20.00
  63   -62.0000       0.000 0.4300   0.2496E+02  0.0000E+00 -0.2496E+02  0.0000E+00      -1  -0.100E+01   20.00
  64   -63.0000       0.000 0.4300   0.2496E+02  0.0000E+00 -0.2496E+02  0.0000E+00      -1  -0.100E+01   20.00
  65   -64.0000       0.000 0.4300   0.2496E+02  0.0000E+00 -0.2496E+02  0.0000E+00      -1  -0.100E+01   20.00
  66   -65.0000       0.000 0.4300   0.2496E+02  0.0000E+00 -0.2496E+02  0.0000E+00      -1  -0.100E+01   20.00
  67   -66.0000       0.000 0.4300   0.2496E+02  0.0000E+00 -0.2496E+02  0.0000E+00      -1  -0.100E+01   20.00
  68   -67.0000       0.000 0.4300   0.2496E+02  0.0000E+00 -0.2496E+02  0.0000E+00      -1  -0.100E+01   20.00
  69   -68.0000       0.000 0.4300   0.2496E+02  0.0000E+00 -0.2496E+02  0.0000E+00      -1  -0.100E+01   20.00
  70   -69.0000       0.000 0.4300   0.2496E+02  0.0000E+00 -0.2496E+02  0.0000E+00      -1  -0.100E+01   20.00
  71   -70.0000       0.000 0.4300   0.2496E+02  0.0000E+00 -0.2496E+02  0.0000E+00      -1  -0.100E+01   20.00
  72   -71.0000       0.000 0.4300   0.2496E+02  0.0000E+00 -0.2496E+02  0.0000E+00      -1  -0.100E+01   20.00
  73   -72.0000       0.000 0.4300   0.2496E+02  0.0000E+00 -0.2496E+02  0.0000E+00      -1  -0.100E+01   20.00
  74   -73.0000       0.000 0.4300   0.2496E+02  0.0000E+00 -0.2496E+02  0.0000E+00      -1  -0.100E+01   20.00
  75   -74.0000       0.000 0.4300   0.2496E+02  0.0000E+00 -0.2496E+02  0.0000E+00      -1  -0.100E+01   20.00
  76   -75.0000       0.000 0.4300   0.2496E+02  0.0000E+00 -0.2496E+02  0.0000E+00      -1  -0.100E+01   20.00
  77   -76.0000       0.000 0.4300   0.2496E+02  0.0000E+00 -0.2496E+02  0.0000E+00      -1  -0.100E+01   20.00
  78   -77.0000       0.000 0.4300   0.2496E+02  0.0000E+00 -0.2496E+02  0.0000E+00      -1  -0.100E+01   20.00
  79   -78.0000       0.000 0.4300   0.2496E+02  0.0000E+00 -0.2496E+02  0.0000E+00      -1  -0.100E+01   20.00
  80   -79.0000       0.000 0.4300   0.2496E+02  0.0000E+00 -0.2496E+02  0.0000E+00      -1  -0.100E+01   20.00
  81   -80.0000       0.000 0.4300   0.2496E+02  0.0000E+00 -0.2496E+02  0.0000E+00      -1  -0.100E+01   20.00
  82   -81.0000       0.000 0.4300   0.2496E+02  0.0000E+00 -0.2496E+02  0.0000E+00      -1  -0.100E+01   20.00
  83   -82.0000       0.000 0.4300   0.2496E+02  0.0000E+00 -0.2496E+02  0.0000E+00      -1  -0.100E+01   20.00
  84   -83.0000       0.000 0.4300   0.2496E+02  0.0000E+00 -0.2496E+02  0.0000E+00      -1  -0.100E+01   20.00
  85   -84.0000       0.000 0.4300   0.2496E+02  0.0000E+00 -0.2496E+02  0.0000E+00      -1  -0.100E+01   20.00
  86   -85.0000       0.000 0.4300   0.2496E+02  0.0000E+00 -0.2496E+02  0.0000E+00      -1  -0.100E+01   20.00
  87   -86.0000       0.000 0.4300   0.2496E+02  0.0000E+00 -0.2496E+02  0.0000E+00      -1  -0.100E+01   20.00
  88   -87.0000       0.000 0.4300   0.2496E+02  0.0000E+00 -0.2496E+02  0.0000E+00      -1  -0.100E+01   20.00
  89   -88.0000       0.000 0.4300   0.2496E+02  0.0000E+00 -0.2496E+02  0.0000E+00      -1  -0.100E+01   20.00
  90   -89.0000       0.000 0.4300   0.2496E+02  0.0000E+00 -0.2496E+02  0.0000E+00      -1  -0.100E+01   20.00
  91   -90.0000       0.000 0.4300   0.2496E+02  0.0000E+00 -0.2496E+02  0.0000E+00      -1  -0.100E+01   20.00
  92   -91.0000       0.000 0.4300   0.2496E+02  0.0000E+00 -0.2496E+02  0.0000E+00      -1  -0.100E+01   20.00
  93   -92.0000       0.000 0.4300   0.2496E+02  0.0000E+00 -0.2496E+02  0.0000E+00      -1  -0.100E+01   20.00
  94   -93.0000       0.000 0.4300   0.2496E+02  0.0000E+00 -0.2496E+02  0.0000E+00      -1  -0.100E+01   20.00
  95   -94.0000       0.000 0.4300   0.2496E+02  0.0000E+00 -0.2496E+02  0.0000E+00      -1  -0.100E+01   20.00
  96   -95.0000       0.000 0.4300   0.2496E+02  0.0000E+00 -0.2496E+02  0.0000E+00      -1  -0.100E+01   20.00
  97   -96.0000       0.000 0.4300   0.2496E+02  0.0000E+00 -0.2496E+02  0.0000E+00      -1  -0.100E+01   20.00
  98   -97.0000       0.000 0.4300   0.2496E+02  0.0000E+00 -0.2496E+02  0.0000E+00      -1  -0.100E+01   20.00
  99   -98.0000       0.000 0.4300   0.2496E+02  0.0000E+00 -0.2496E+02  0.0000E+00      -1  -0.100E+01   20.00
 100   -99.0000       0.000 0.4300   0.2496E+02  0.0000E+00 -0.2496E+02  0.0000E+00      -1  -0.100E+01   20.00
 101  -100.0000       0.000 0.4300   0.2496E+02  0.0000E+00 -0.2496E+02  0.0000E+00      -1  -0.100E+01   20.00
end


 Time:        0.8500


 Node      Depth      Head Moisture       K          C         Flux        Sink         Kappa   v/KsTop   Temp
           [L]        [L]    [-]        [L/T]      [1/L]      [L/T]        [1/T]         [-]      [-]      [C]

   1     0.0000       0.000 0.4300   0.2496E+02  0.0000E+00 -0.2496E+02  0.0000E+00      -1  -0.100E+01   20.00
   2    -1.0000       0.000 0.4300   0.2496E+02  0.0000E+00 -0.2496E+02  0.0000E+00      -1  -0.100E+01   20.00
   3    -2.0000       0.000 0.4300   0.2496E+02  0.0000E+00 -0.2496E+02  0.0000E+00      -1  -0.100E+01   20.00
   4    -3.0000       0.000 0.4300   0.2496E+02  0.0000E+00 -0.2496E+02  0.0000E+00      -1  -0.100E+01   20.00
   5    -4.0000       0.000 0.4300   0.2496E+02  0.0000E+00 -0.2496E+02  0.0000E+00      -1  -0.100E+01   20.00
   6    -5.0000       0.000 0.4300   0.2496E+02  0.0000E+00 -0.2496E+02  0.0000E+00      -1  -0.100E+01   20.00
   7    -6.0000       0.000 0.4300   0.2496E+02  0.0000E+00 -0.2496E+02  0.0000E+00      -1  -0.100E+01   20.00
   8    -7.0000       0.000 0.4300   0.2496E+02  0.0000E+00 -0.2496E+02  0.0000E+00      -1  -0.100E+01   20.00
   9    -8.0000       0.000 0.4300   0.2496E+02  0.0000E+00 -0.2496E+02  0.0000E+00      -1  -0.100E+01   20.00
  10    -9.0000       0.000 0.4300   0.2496E+02  0.0000E+00 -0.2496E+02  0.0000E+00      -1  -0.100E+01   20.00
  11   -10.0000       0.000 0.4300   0.2496E+02  0.0000E+00 -0.2496E+02  0.0000E+00      -1  -0.100E+01   20.00
  12   -11.0000       0.000 0.4300   0.2496E+02  0.0000E+00 -0.2496E+02  0.0000E+00      -1  -0.100E+01   20.00
  13   -12.0000       0.000 0.4300   0.2496E+02  0.0000E+00 -0.2496E+02  0.0000E+00      -1  -0.100E+01   20.00
  14   -13.0000       0.000 0.4300   0.2496E+02  0.0000E+00 -0.2496E+02  0.0000E+00      -1  -0.100E+01   20.00
  15   -14.0000       0.000 0.4300   0.2496E+02  0.0000E+00 -0.2496E+02  0.0000E+00      -1  -0.100E+01   20.00
  16   -15.0000       0.000 0.4300   0.2496E+02  0.0000E+00 -0.2496E+02  0.0000E+00      -1  -0.100E+01   20.00
  17   -16.0000       0.000 0.4300   0.2496E+02  0.0000E+00 -0.2496E+02  0.0000E+00      -1  -0.100E+01   20.00
  18   -17.0000       0.000 0.4300   0.2496E+02  0.0000E+00 -0.2496E+02  0.0000E+00      -1  -0.100E+01   20.00
  19   -18.0000       0.000 0.4300   0.2496E+02  0.0000E+00 -0.2496E+02  0.0000E+00      -1  -0.100E+01   20.00
  20   -19.0000       0.000 0.4300   0.2496E+02  0.0000E+00 -0.2496E+02  0.0000E+00      -1  -0.100E+01   20.00
  21   -20.0000       0.000 0.4300   0.2496E+02  0.0000E+00 -0.2496E+02  0.0000E+00      -1  -0.100E+01   20.00
  22   -21.0000       0.000 0.4300   0.2496E+02  0.0000E+00 -0.2496E+02  0.0000E+00      -1  -0.100E+01   20.00
  23   -22.0000       0.000 0.4300   0.2496E+02  0.0000E+00 -0.2496E+02  0.0000E+00      -1  -0.100E+01   20.00
  24   -23.0000       0.000 0.4300   0.2496E+02  0.0000E+00 -0.2496E+02  0.0000E+00      -1  -0.100E+01   20.00
  25   -24.0000       0.000 0.4300   0.2496E+02  0.0000E+00 -0.2496E+02  0.0000E+00      -1  -0.100E+01   20.00
  26   -25.0000       0.000 0.4300   0.2496E+02  0.0000E+00 -0.2496E+02  0.0000E+00      -1  -0.100E+01   20.00
  27   -26.0000       0.000 0.4300   0.2496E+02  0.0000E+00 -0.2496E+02  0.0000E+00      -1  -0.100E+01   20.00
  28   -27.0000       0.000 0.4300   0.2496E+02  0.0000E+00 -0.2496E+02  0.0000E+00      -1  -0.100E+01   20.00
  29   -28.0000       0.000 0.4300   0.2496E+02  0.0000E+00 -0.2496E+02  0.0000E+00      -1  -0.100E+01   20.00
  30   -29.0000       0.000 0.4300   0.2496E+02  0.0000E+00 -0.2496E+02  0.0000E+00      -1  -0.100E+01   20.00
  31   -30.0000       0.000 0.4300   0.2496E+02  0.0000E+00 -0.2496E+02  0.0000E+00      -1  -0.100E+01   20.00
  32   -31.0000       0.000 0.4300   0.2496E+02  0.0000E+00 -0.2496E+02  0.0000E+00      -1  -0.100E+01   20.00
  33   -32.0000       0.000 0.4300   0.2496E+02  0.0000E+00 -0.2496E+02  0.0000E+00      -1  -0.100E+01   20.00
  34   -33.0000       0.000 0.4300   0.2496E+02  0.0000E+00 -0.2496E+02  0.0000E+00      -1  -0.100E+01   20.00
  35   -34.0000       0.000 0.4300   0.2496E+02  0.0000E+00 -0.2496E+02  0.0000E+00      -1  -0.100E+01   20.00
  36   -35.0000       0.000 0.4300   0.2496E+02  0.0000E+00 -0.2496E+02  0.0000E+00      -1  -0.100E+01   20.00
  37   -36.0000       0.000 0.4300   0.2496E+02  0.0000E+00 -0.2496E+02  0.0000E+00      -1  -0.100E+01   20.00
  38   -37.0000       0.000 0.4300   0.2496E+02  0.0000E+00 -0.2496E+02  0.0000E+00      -1  -0.100E+01   20.00
  39   -38.0000       0.000 0.4300   0.2496E+02  0.0000E+00 -0.2496E+02  0.0000E+00      -1  -0.100E+01   20.00
  40   -39.0000       0.000 0.4300   0.2496E+02  0.0000E+00 -0.2496E+02  0.0000E+00      -1  -0.100E+01   20.00
  41   -40.0000       0.000 0.4300   0.2496E+02  0.0000E+00 -0.2496E+02  0.0000E+00      -1  -0.100E+01   20.00
  42   -41.0000       0.000 0.4300   0.2496E+02  0.0000E+00 -0.2496E+02  0.0000E+00      -1  -0.100E+01   20.00
  43   -42.0000       0.000 0.4300   0.2496E+02  0.0000E+00 -0.2496E+02  0.0000E+00      -1  -0.100E+01   20.00
  44   -43.0000       0.000 0.4300   0.2496E+02  0.0000E+00 -0.2496E+02  0.0000E+00      -1  -0.100E+01   20.00
  45   -44.0000       0.000 0.4300   0.2496E+02  0.0000E+00 -0.2496E+02  0.0000E+00      -1  -0.100E+01   20.00
  46   -45.0000       0.000 0.4300   0.2496E+02  0.0000E+00 -0.2496E+02  0.0000E+00      -1  -0.100E+01   20.00
  47   -46.0000       0.000 0.4300   0.2496E+02  0.0000E+00 -0.2496E+02  0.0000E+00      -1  -0.100E+01   20.00
  48   -47.0000       0.000 0.4300   0.2496E+02  0.0000E+00 -0.2496E+02  0.0000E+00      -1  -0.100E+01   20.00
  49   -48.0000       0.000 0.4300   0.2496E+02  0.0000E+00 -0.2496E+02  0.0000E+00      -1  -0.100E+01   20.00
  50   -49.0000       0.000 0.4300   0.2496E+02  0.0000E+00 -0.2496E+02  0.0000E+00      -1  -0.100E+01   20.00
  51   -50.0000       0.000 0.4300   0.2496E+02  0.0000E+00 -0.2496E+02  0.0000E+00      -1  -0.100E+01   20.00
  52   -51.0000       0.000 0.4300   0.2496E+02  0.0000E+00 -0.2496E+02  0.0000E+00      -1  -0.100E+01   20.00
  53   -52.0000       0.000 0.4300   0.2496E+02  0.0000E+00 -0.2496E+02  0.0000E+00      -1  -0.100E+01   20.00
  54   -53.0000       0.000 0.4300   0.2496E+02  0.0000E+00 -0.2496E+02  0.0000E+00      -1  -0.100E+01   20.00
  55   -54.0000       0.000 0.4300   0.2496E+02  0.0000E+00 -0.2496E+02  0.0000E+00      -1  -0.100E+01   20.00
  56   -55.0000       0.000 0.4300   0.2496E+02  0.0000E+00 -0.2496E+02  0.0000E+00      -1  -0.100E+01   20.00
  57   -56.0000       0.000 0.4300   0.2496E+02  0.0000E+00 -0.2496E+02  0.0000E+00      -1  -0.100E+01   20.00
  58   -57.0000       0.000 0.4300   0.2496E+02  0.0000E+00 -0.2496E+02  0.0000E+00      -1  -0.100E+01   20.00
  59   -58.0000       0.000 0.4300   0.2496E+02  0.0000E+00 -0.2496E+02  0.0000E+00      -1  -0.100E+01   20.00
  60   -59.0000       0.000 0.4300   0.2496E+02  0.0000E+00 -0.2496E+02  0.0000E+00      -1  -0.100E+01   20.00
  61   -60.0000       0.000 0.4300   0.2496E+02  0.0000E+00 -0.2496E+02  0.0000E+00      -1  -0.100E+01   20.00
  62   -61.0000       0.000 0.4300   0.2496E+02  0.0000E+00 -0.2496E+02  0.0000E+00      -1  -0.100E+01   20.00
  63   -62.0000       0.000 0.4300   0.2496E+02  0.0000E+00 -0.2496E+02  0.0000E+00      -1  -0.100E+01   20.00
  64   -63.0000       0.000 0.4300   0.2496E+02  0.0000E+00 -0.2496E+02  0.0000E+00      -1  -0.100E+01   20.00
  65   -64.0000       0.000 0.4300   0.2496E+02  0.0000E+00 -0.2496E+02  0.0000E+00      -1  -0.100E+01   20.00
  66   -65.0000       0.000 0.4300   0.2496E+02  0.0000E+00 -0.2496E+02  0.0000E+00      -1  -0.100E+01   20.00
  67   -66.0000       0.000 0.4300   0.2496E+02  0.0000E+00 -0.2496E+02  0.0000E+00      -1  -0.100E+01   20.00
  68   -67.0000       0.000 0.4300   0.2496E+02  0.0000E+00 -0.2496E+02  0.0000E+00      -1  -0.100E+01   20.00
  69   -68.0000       0.000 0.4300   0.2496E+02  0.0000E+00 -0.2496E+02  0.0000E+00      -1  -0.100E+01   20.00
  70   -69.0000       0.000 0.4300   0.2496E+02  0.0000E+00 -0.2496E+02  0.0000E+00      -1  -0.100E+01   20.00
  71   -70.0000       0.000 0.4300   0.2496E+02  0.0000E+00 -0.2496E+02  0.0000E+00      -1  -0.100E+01   20.00
  72   -71.0000       0.000 0.4300   0.2496E+02  0.0000E+00 -0.2496E+02  0.0000E+00      -1  -0.100E+01   20.00
  73   -72.0000       0.000 0.4300   0.2496E+02  0.0000E+00 -0.2496E+02  0.0000E+00      -1  -0.100E+01   20.00
  74   -73.0000       0.000 0.4300   0.2496E+02  0.0000E+00 -0.2496E+02  0.0000E+00      -1  -0.100E+01   20.00
  75   -74.0000       0.000 0.4300   0.2496E+02  0.0000E+00 -0.2496E+02  0.0000E+00      -1  -0.100E+01   20.00
  76   -75.0000       0.000 0.4300   0.2496E+02  0.0000E+00 -0.2496E+02  0.0000E+00      -1  -0.100E+01   20.00
  77   -76.0000       0.000 0.4300   0.2496E+02  0.0000E+00 -0.2496E+02  0.0000E+00      -1  -0.100E+01   20.00
  78   -77.0000       0.000 0.4300   0.2496E+02  0.0000E+00 -0.2496E+02  0.0000E+00      -1  -0.100E+01   20.00
  79   -78.0000       0.000 0.4300   0.2496E+02  0.0000E+00 -0.2496E+02  0.0000E+00      -1  -0.100E+01   20.00
  80   -79.0000       0.000 0.4300   0.2496E+02  0.0000E+00 -0.2496E+02  0.0000E+00      -1  -0.100E+01   20.00
  81   -80.0000       0.000 0.4300   0.2496E+02  0.0000E+00 -0.2496E+02  0.0000E+00      -1  -0.100E+01   20.00
  82   -81.0000       0.000 0.4300   0.2496E+02  0.0000E+00 -0.2496E+02  0.0000E+00      -1  -0.100E+01   20.00
  83   -82.0000       0.000 0.4300   0.2496E+02  0.0000E+00 -0.2496E+02  0.0000E+00      -1  -0.100E+01   20.00
  84   -83.0000       0.000 0.4300   0.2496E+02  0.0000E+00 -0.2496E+02  0.0000E+00      -1  -0.100E+01   20.00
  85   -84.0000       0.000 0.4300   0.2496E+02  0.0000E+00 -0.2496E+02  0.0000E+00      -1  -0.100E+01   20.00
  86   -85.0000       0.000 0.4300   0.2496E+02  0.0000E+00 -0.2496E+02  0.0000E+00      -1  -0.100E+01   20.00
  87   -86.0000       0.000 0.4300   0.2496E+02  0.0000E+00 -0.2496E+02  0.0000E+00      -1  -0.100E+01   20.00
  88   -87.0000       0.000 0.4300   0.2496E+02  0.0000E+00 -0.2496E+02  0.0000E+00      -1  -0.100E+01   20.00
  89   -88.0000       0.000 0.4300   0.2496E+02  0.0000E+00 -0.2496E+02  0.0000E+00      -1  -0.100E+01   20.00
  90   -89.0000       0.000 0.4300   0.2496E+02  0.0000E+00 -0.2496E+02  0.0000E+00      -1  -0.100E+01   20.00
  91   -90.0000       0.000 0.4300   0.2496E+02  0.0000E+00 -0.2496E+02  0.0000E+00      -1  -0.100E+01   20.00
  92   -91.0000       0.000 0.4300   0.2496E+02  0.0000E+00 -0.2496E+02  0.0000E+00      -1  -0.100E+01   20.00
  93   -92.0000       0.000 0.4300   0.2496E+02  0.0000E+00 -0.2496E+02  0.0000E+00      -1  -0.100E+01   20.00
  94   -93.0000       0.000 0.4300   0.2496E+02  0.0000E+00 -0.2496E+02  0.0000E+00      -1  -0.100E+01   20.00
  95   -94.0000       0.000 0.4300   0.2496E+02  0.0000E+00 -0.2496E+02  0.0000E+00      -1  -0.100E+01   20.00
  96   -95.0000       0.000 0.4300   0.2496E+02  0.0000E+00 -0.2496E+02  0.0000E+00      -1  -0.100E+01   20.00
  97   -96.0000       0.000 0.4300   0.2496E+02  0.0000E+00 -0.2496E+02  0.0000E+00      -1  -0.100E+01   20.00
  98   -97.0000       0.000 0.4300   0.2496E+02  0.0000E+00 -0.2496E+02  0.0000E+00      -1  -0.100E+01   20.00
  99   -98.0000       0.000 0.4300   0.2496E+02  0.0000E+00 -0.2496E+02  0.0000E+00      -1  -0.100E+01   20.00
 100   -99.0000       0.000 0.4300   0.2496E+02  0.0000E+00 -0.2496E+02  0.0000E+00      -1  -0.100E+01   20.00
 101  -100.0000       0.000 0.4300   0.2496E+02  0.0000E+00 -0.2496E+02  0.0000E+00      -1  -0.100E+01   20.00
end


 Time:        0.9000


 Node      Depth      Head Moisture       K          C         Flux        Sink         Kappa   v/KsTop   Temp
           [L]        [L]    [-]        [L/T]      [1/L]      [L/T]        [1/T]         [-]      [-]      [C]

   1     0.0000       0.000 0.4300   0.2496E+02  0.0000E+00 -0.2496E+02  0.0000E+00      -1  -0.100E+01   20.00
   2    -1.0000       0.000 0.4300   0.2496E+02  0.0000E+00 -0.2496E+02  0.0000E+00      -1  -0.100E+01   20.00
   3    -2.0000       0.000 0.4300   0.2496E+02  0.0000E+00 -0.2496E+02  0.0000E+00      -1  -0.100E+01   20.00
   4    -3.0000       0.000 0.4300   0.2496E+02  0.0000E+00 -0.2496E+02  0.0000E+00      -1  -0.100E+01   20.00
   5    -4.0000       0.000 0.4300   0.2496E+02  0.0000E+00 -0.2496E+02  0.0000E+00      -1  -0.100E+01   20.00
   6    -5.0000       0.000 0.4300   0.2496E+02  0.0000E+00 -0.2496E+02  0.0000E+00      -1  -0.100E+01   20.00
   7    -6.0000       0.000 0.4300   0.2496E+02  0.0000E+00 -0.2496E+02  0.0000E+00      -1  -0.100E+01   20.00
   8    -7.0000       0.000 0.4300   0.2496E+02  0.0000E+00 -0.2496E+02  0.0000E+00      -1  -0.100E+01   20.00
   9    -8.0000       0.000 0.4300   0.2496E+02  0.0000E+00 -0.2496E+02  0.0000E+00      -1  -0.100E+01   20.00
  10    -9.0000       0.000 0.4300   0.2496E+02  0.0000E+00 -0.2496E+02  0.0000E+00      -1  -0.100E+01   20.00
  11   -10.0000       0.000 0.4300   0.2496E+02  0.0000E+00 -0.2496E+02  0.0000E+00      -1  -0.100E+01   20.00
  12   -11.0000       0.000 0.4300   0.2496E+02  0.0000E+00 -0.2496E+02  0.0000E+00      -1  -0.100E+01   20.00
  13   -12.0000       0.000 0.4300   0.2496E+02  0.0000E+00 -0.2496E+02  0.0000E+00      -1  -0.100E+01   20.00
  14   -13.0000       0.000 0.4300   0.2496E+02  0.0000E+00 -0.2496E+02  0.0000E+00      -1  -0.100E+01   20.00
  15   -14.0000       0.000 0.4300   0.2496E+02  0.0000E+00 -0.2496E+02  0.0000E+00      -1  -0.100E+01   20.00
  16   -15.0000       0.000 0.4300   0.2496E+02  0.0000E+00 -0.2496E+02  0.0000E+00      -1  -0.100E+01   20.00
  17   -16.0000       0.000 0.4300   0.2496E+02  0.0000E+00 -0.2496E+02  0.0000E+00      -1  -0.100E+01   20.00
  18   -17.0000       0.000 0.4300   0.2496E+02  0.0000E+00 -0.2496E+02  0.0000E+00      -1  -0.100E+01   20.00
  19   -18.0000       0.000 0.4300   0.2496E+02  0.0000E+00 -0.2496E+02  0.0000E+00      -1  -0.100E+01   20.00
  20   -19.0000       0.000 0.4300   0.2496E+02  0.0000E+00 -0.2496E+02  0.0000E+00      -1  -0.100E+01   20.00
  21   -20.0000       0.000 0.4300   0.2496E+02  0.0000E+00 -0.2496E+02  0.0000E+00      -1  -0.100E+01   20.00
  22   -21.0000       0.000 0.4300   0.2496E+02  0.0000E+00 -0.2496E+02  0.0000E+00      -1  -0.100E+01   20.00
  23   -22.0000       0.000 0.4300   0.2496E+02  0.0000E+00 -0.2496E+02  0.0000E+00      -1  -0.100E+01   20.00
  24   -23.0000       0.000 0.4300   0.2496E+02  0.0000E+00 -0.2496E+02  0.0000E+00      -1  -0.100E+01   20.00
  25   -24.0000       0.000 0.4300   0.2496E+02  0.0000E+00 -0.2496E+02  0.0000E+00      -1  -0.100E+01   20.00
  26   -25.0000       0.000 0.4300   0.2496E+02  0.0000E+00 -0.2496E+02  0.0000E+00      -1  -0.100E+01   20.00
  27   -26.0000       0.000 0.4300   0.2496E+02  0.0000E+00 -0.2496E+02  0.0000E+00      -1  -0.100E+01   20.00
  28   -27.0000       0.000 0.4300   0.2496E+02  0.0000E+00 -0.2496E+02  0.0000E+00      -1  -0.100E+01   20.00
  29   -28.0000       0.000 0.4300   0.2496E+02  0.0000E+00 -0.2496E+02  0.0000E+00      -1  -0.100E+01   20.00
  30   -29.0000       0.000 0.4300   0.2496E+02  0.0000E+00 -0.2496E+02  0.0000E+00      -1  -0.100E+01   20.00
  31   -30.0000       0.000 0.4300   0.2496E+02  0.0000E+00 -0.2496E+02  0.0000E+00      -1  -0.100E+01   20.00
  32   -31.0000       0.000 0.4300   0.2496E+02  0.0000E+00 -0.2496E+02  0.0000E+00      -1  -0.100E+01   20.00
  33   -32.0000       0.000 0.4300   0.2496E+02  0.0000E+00 -0.2496E+02  0.0000E+00      -1  -0.100E+01   20.00
  34   -33.0000       0.000 0.4300   0.2496E+02  0.0000E+00 -0.2496E+02  0.0000E+00      -1  -0.100E+01   20.00
  35   -34.0000       0.000 0.4300   0.2496E+02  0.0000E+00 -0.2496E+02  0.0000E+00      -1  -0.100E+01   20.00
  36   -35.0000       0.000 0.4300   0.2496E+02  0.0000E+00 -0.2496E+02  0.0000E+00      -1  -0.100E+01   20.00
  37   -36.0000       0.000 0.4300   0.2496E+02  0.0000E+00 -0.2496E+02  0.0000E+00      -1  -0.100E+01   20.00
  38   -37.0000       0.000 0.4300   0.2496E+02  0.0000E+00 -0.2496E+02  0.0000E+00      -1  -0.100E+01   20.00
  39   -38.0000       0.000 0.4300   0.2496E+02  0.0000E+00 -0.2496E+02  0.0000E+00      -1  -0.100E+01   20.00
  40   -39.0000       0.000 0.4300   0.2496E+02  0.0000E+00 -0.2496E+02  0.0000E+00      -1  -0.100E+01   20.00
  41   -40.0000       0.000 0.4300   0.2496E+02  0.0000E+00 -0.2496E+02  0.0000E+00      -1  -0.100E+01   20.00
  42   -41.0000       0.000 0.4300   0.2496E+02  0.0000E+00 -0.2496E+02  0.0000E+00      -1  -0.100E+01   20.00
  43   -42.0000       0.000 0.4300   0.2496E+02  0.0000E+00 -0.2496E+02  0.0000E+00      -1  -0.100E+01   20.00
  44   -43.0000       0.000 0.4300   0.2496E+02  0.0000E+00 -0.2496E+02  0.0000E+00      -1  -0.100E+01   20.00
  45   -44.0000       0.000 0.4300   0.2496E+02  0.0000E+00 -0.2496E+02  0.0000E+00      -1  -0.100E+01   20.00
  46   -45.0000       0.000 0.4300   0.2496E+02  0.0000E+00 -0.2496E+02  0.0000E+00      -1  -0.100E+01   20.00
  47   -46.0000       0.000 0.4300   0.2496E+02  0.0000E+00 -0.2496E+02  0.0000E+00      -1  -0.100E+01   20.00
  48   -47.0000       0.000 0.4300   0.2496E+02  0.0000E+00 -0.2496E+02  0.0000E+00      -1  -0.100E+01   20.00
  49   -48.0000       0.000 0.4300   0.2496E+02  0.0000E+00 -0.2496E+02  0.0000E+00      -1  -0.100E+01   20.00
  50   -49.0000       0.000 0.4300   0.2496E+02  0.0000E+00 -0.2496E+02  0.0000E+00      -1  -0.100E+01   20.00
  51   -50.0000       0.000 0.4300   0.2496E+02  0.0000E+00 -0.2496E+02  0.0000E+00      -1  -0.100E+01   20.00
  52   -51.0000       0.000 0.4300   0.2496E+02  0.0000E+00 -0.2496E+02  0.0000E+00      -1  -0.100E+01   20.00
  53   -52.0000       0.000 0.4300   0.2496E+02  0.0000E+00 -0.2496E+02  0.0000E+00      -1  -0.100E+01   20.00
  54   -53.0000       0.000 0.4300   0.2496E+02  0.0000E+00 -0.2496E+02  0.0000E+00      -1  -0.100E+01   20.00
  55   -54.0000       0.000 0.4300   0.2496E+02  0.0000E+00 -0.2496E+02  0.0000E+00      -1  -0.100E+01   20.00
  56   -55.0000       0.000 0.4300   0.2496E+02  0.0000E+00 -0.2496E+02  0.0000E+00      -1  -0.100E+01   20.00
  57   -56.0000       0.000 0.4300   0.2496E+02  0.0000E+00 -0.2496E+02  0.0000E+00      -1  -0.100E+01   20.00
  58   -57.0000       0.000 0.4300   0.2496E+02  0.0000E+00 -0.2496E+02  0.0000E+00      -1  -0.100E+01   20.00
  59   -58.0000       0.000 0.4300   0.2496E+02  0.0000E+00 -0.2496E+02  0.0000E+00      -1  -0.100E+01   20.00
  60   -59.0000       0.000 0.4300   0.2496E+02  0.0000E+00 -0.2496E+02  0.0000E+00      -1  -0.100E+01   20.00
  61   -60.0000       0.000 0.4300   0.2496E+02  0.0000E+00 -0.2496E+02  0.0000E+00      -1  -0.100E+01   20.00
  62   -61.0000       0.000 0.4300   0.2496E+02  0.0000E+00 -0.2496E+02  0.0000E+00      -1  -0.100E+01   20.00
  63   -62.0000       0.000 0.4300   0.2496E+02  0.0000E+00 -0.2496E+02  0.0000E+00      -1  -0.100E+01   20.00
  64   -63.0000       0.000 0.4300   0.2496E+02  0.0000E+00 -0.2496E+02  0.0000E+00      -1  -0.100E+01   20.00
  65   -64.0000       0.000 0.4300   0.2496E+02  0.0000E+00 -0.2496E+02  0.0000E+00      -1  -0.100E+01   20.00
  66   -65.0000       0.000 0.4300   0.2496E+02  0.0000E+00 -0.2496E+02  0.0000E+00      -1  -0.100E+01   20.00
  67   -66.0000       0.000 0.4300   0.2496E+02  0.0000E+00 -0.2496E+02  0.0000E+00      -1  -0.100E+01   20.00
  68   -67.0000       0.000 0.4300   0.2496E+02  0.0000E+00 -0.2496E+02  0.0000E+00      -1  -0.100E+01   20.00
  69   -68.0000       0.000 0.4300   0.2496E+02  0.0000E+00 -0.2496E+02  0.0000E+00      -1  -0.100E+01   20.00
  70   -69.0000       0.000 0.4300   0.2496E+02  0.0000E+00 -0.2496E+02  0.0000E+00      -1  -0.100E+01   20.00
  71   -70.0000       0.000 0.4300   0.2496E+02  0.0000E+00 -0.2496E+02  0.0000E+00      -1  -0.100E+01   20.00
  72   -71.0000       0.000 0.4300   0.2496E+02  0.0000E+00 -0.2496E+02  0.0000E+00      -1  -0.100E+01   20.00
  73   -72.0000       0.000 0.4300   0.2496E+02  0.0000E+00 -0.2496E+02  0.0000E+00      -1  -0.100E+01   20.00
  74   -73.0000       0.000 0.4300   0.2496E+02  0.0000E+00 -0.2496E+02  0.0000E+00      -1  -0.100E+01   20.00
  75   -74.0000       0.000 0.4300   0.2496E+02  0.0000E+00 -0.2496E+02  0.0000E+00      -1  -0.100E+01   20.00
  76   -75.0000       0.000 0.4300   0.2496E+02  0.0000E+00 -0.2496E+02  0.0000E+00      -1  -0.100E+01   20.00
  77   -76.0000       0.000 0.4300   0.2496E+02  0.0000E+00 -0.2496E+02  0.0000E+00      -1  -0.100E+01   20.00
  78   -77.0000       0.000 0.4300   0.2496E+02  0.0000E+00 -0.2496E+02  0.0000E+00      -1  -0.100E+01   20.00
  79   -78.0000       0.000 0.4300   0.2496E+02  0.0000E+00 -0.2496E+02  0.0000E+00      -1  -0.100E+01   20.00
  80   -79.0000       0.000 0.4300   0.2496E+02  0.0000E+00 -0.2496E+02  0.0000E+00      -1  -0.100E+01   20.00
  81   -80.0000       0.000 0.4300   0.2496E+02  0.0000E+00 -0.2496E+02  0.0000E+00      -1  -0.100E+01   20.00
  82   -81.0000       0.000 0.4300   0.2496E+02  0.0000E+00 -0.2496E+02  0.0000E+00      -1  -0.100E+01   20.00
  83   -82.0000       0.000 0.4300   0.2496E+02  0.0000E+00 -0.2496E+02  0.0000E+00      -1  -0.100E+01   20.00
  84   -83.0000       0.000 0.4300   0.2496E+02  0.0000E+00 -0.2496E+02  0.0000E+00      -1  -0.100E+01   20.00
  85   -84.0000       0.000 0.4300   0.2496E+02  0.0000E+00 -0.2496E+02  0.0000E+00      -1  -0.100E+01   20.00
  86   -85.0000       0.000 0.4300   0.2496E+02  0.0000E+00 -0.2496E+02  0.0000E+00      -1  -0.100E+01   20.00
  87   -86.0000       0.000 0.4300   0.2496E+02  0.0000E+00 -0.2496E+02  0.0000E+00      -1  -0.100E+01   20.00
  88   -87.0000       0.000 0.4300   0.2496E+02  0.0000E+00 -0.2496E+02  0.0000E+00      -1  -0.100E+01   20.00
  89   -88.0000       0.000 0.4300   0.2496E+02  0.0000E+00 -0.2496E+02  0.0000E+00      -1  -0.100E+01   20.00
  90   -89.0000       0.000 0.4300   0.2496E+02  0.0000E+00 -0.2496E+02  0.0000E+00      -1  -0.100E+01   20.00
  91   -90.0000       0.000 0.4300   0.2496E+02  0.0000E+00 -0.2496E+02  0.0000E+00      -1  -0.100E+01   20.00
  92   -91.0000       0.000 0.4300   0.2496E+02  0.0000E+00 -0.2496E+02  0.0000E+00      -1  -0.100E+01   20.00
  93   -92.0000       0.000 0.4300   0.2496E+02  0.0000E+00 -0.2496E+02  0.0000E+00      -1  -0.100E+01   20.00
  94   -93.0000       0.000 0.4300   0.2496E+02  0.0000E+00 -0.2496E+02  0.0000E+00      -1  -0.100E+01   20.00
  95   -94.0000       0.000 0.4300   0.2496E+02  0.0000E+00 -0.2496E+02  0.0000E+00      -1  -0.100E+01   20.00
  96   -95.0000       0.000 0.4300   0.2496E+02  0.0000E+00 -0.2496E+02  0.0000E+00      -1  -0.100E+01   20.00
  97   -96.0000       0.000 0.4300   0.2496E+02  0.0000E+00 -0.2496E+02  0.0000E+00      -1  -0.100E+01   20.00
  98   -97.0000       0.000 0.4300   0.2496E+02  0.0000E+00 -0.2496E+02  0.0000E+00      -1  -0.100E+01   20.00
  99   -98.0000       0.000 0.4300   0.2496E+02  0.0000E+00 -0.2496E+02  0.0000E+00      -1  -0.100E+01   20.00
 100   -99.0000       0.000 0.4300   0.2496E+02  0.0000E+00 -0.2496E+02  0.0000E+00      -1  -0.100E+01   20.00
 101  -100.0000       0.000 0.4300   0.2496E+02  0.0000E+00 -0.2496E+02  0.0000E+00      -1  -0.100E+01   20.00
end


 Time:        0.9500


 Node      Depth      Head Moisture       K          C         Flux        Sink         Kappa   v/KsTop   Temp
           [L]        [L]    [-]        [L/T]      [1/L]      [L/T]        [1/T]         [-]      [-]      [C]

   1     0.0000       0.000 0.4300   0.2496E+02  0.0000E+00 -0.2496E+02  0.0000E+00      -1  -0.100E+01   20.00
   2    -1.0000       0.000 0.4300   0.2496E+02  0.0000E+00 -0.2496E+02  0.0000E+00      -1  -0.100E+01   20.00
   3    -2.0000       0.000 0.4300   0.2496E+02  0.0000E+00 -0.2496E+02  0.0000E+00      -1  -0.100E+01   20.00
   4    -3.0000       0.000 0.4300   0.2496E+02  0.0000E+00 -0.2496E+02  0.0000E+00      -1  -0.100E+01   20.00
   5    -4.0000       0.000 0.4300   0.2496E+02  0.0000E+00 -0.2496E+02  0.0000E+00      -1  -0.100E+01   20.00
   6    -5.0000       0.000 0.4300   0.2496E+02  0.0000E+00 -0.2496E+02  0.0000E+00      -1  -0.100E+01   20.00
   7    -6.0000       0.000 0.4300   0.2496E+02  0.0000E+00 -0.2496E+02  0.0000E+00      -1  -0.100E+01   20.00
   8    -7.0000       0.000 0.4300   0.2496E+02  0.0000E+00 -0.2496E+02  0.0000E+00      -1  -0.100E+01   20.00
   9    -8.0000       0.000 0.4300   0.2496E+02  0.0000E+00 -0.2496E+02  0.0000E+00      -1  -0.100E+01   20.00
  10    -9.0000       0.000 0.4300   0.2496E+02  0.0000E+00 -0.2496E+02  0.0000E+00      -1  -0.100E+01   20.00
  11   -10.0000       0.000 0.4300   0.2496E+02  0.0000E+00 -0.2496E+02  0.0000E+00      -1  -0.100E+01   20.00
  12   -11.0000       0.000 0.4300   0.2496E+02  0.0000E+00 -0.2496E+02  0.0000E+00      -1  -0.100E+01   20.00
  13   -12.0000       0.000 0.4300   0.2496E+02  0.0000E+00 -0.2496E+02  0.0000E+00      -1  -0.100E+01   20.00
  14   -13.0000       0.000 0.4300   0.2496E+02  0.0000E+00 -0.2496E+02  0.0000E+00      -1  -0.100E+01   20.00
  15   -14.0000       0.000 0.4300   0.2496E+02  0.0000E+00 -0.2496E+02  0.0000E+00      -1  -0.100E+01   20.00
  16   -15.0000       0.000 0.4300   0.2496E+02  0.0000E+00 -0.2496E+02  0.0000E+00      -1  -0.100E+01   20.00
  17   -16.0000       0.000 0.4300   0.2496E+02  0.0000E+00 -0.2496E+02  0.0000E+00      -1  -0.100E+01   20.00
  18   -17.0000       0.000 0.4300   0.2496E+02  0.0000E+00 -0.2496E+02  0.0000E+00      -1  -0.100E+01   20.00
  19   -18.0000       0.000 0.4300   0.2496E+02  0.0000E+00 -0.2496E+02  0.0000E+00      -1  -0.100E+01   20.00
  20   -19.0000       0.000 0.4300   0.2496E+02  0.0000E+00 -0.2496E+02  0.0000E+00      -1  -0.100E+01   20.00
  21   -20.0000       0.000 0.4300   0.2496E+02  0.0000E+00 -0.2496E+02  0.0000E+00      -1  -0.100E+01   20.00
  22   -21.0000       0.000 0.4300   0.2496E+02  0.0000E+00 -0.2496E+02  0.0000E+00      -1  -0.100E+01   20.00
  23   -22.0000       0.000 0.4300   0.2496E+02  0.0000E+00 -0.2496E+02  0.0000E+00      -1  -0.100E+01   20.00
  24   -23.0000       0.000 0.4300   0.2496E+02  0.0000E+00 -0.2496E+02  0.0000E+00      -1  -0.100E+01   20.00
  25   -24.0000       0.000 0.4300   0.2496E+02  0.0000E+00 -0.2496E+02  0.0000E+00      -1  -0.100E+01   20.00
  26   -25.0000       0.000 0.4300   0.2496E+02  0.0000E+00 -0.2496E+02  0.0000E+00      -1  -0.100E+01   20.00
  27   -26.0000       0.000 0.4300   0.2496E+02  0.0000E+00 -0.2496E+02  0.0000E+00      -1  -0.100E+01   20.00
  28   -27.0000       0.000 0.4300   0.2496E+02  0.0000E+00 -0.2496E+02  0.0000E+00      -1  -0.100E+01   20.00
  29   -28.0000       0.000 0.4300   0.2496E+02  0.0000E+00 -0.2496E+02  0.0000E+00      -1  -0.100E+01   20.00
  30   -29.0000       0.000 0.4300   0.2496E+02  0.0000E+00 -0.2496E+02  0.0000E+00      -1  -0.100E+01   20.00
  31   -30.0000       0.000 0.4300   0.2496E+02  0.0000E+00 -0.2496E+02  0.0000E+00      -1  -0.100E+01   20.00
  32   -31.0000       0.000 0.4300   0.2496E+02  0.0000E+00 -0.2496E+02  0.0000E+00      -1  -0.100E+01   20.00
  33   -32.0000       0.000 0.4300   0.2496E+02  0.0000E+00 -0.2496E+02  0.0000E+00      -1  -0.100E+01   20.00
  34   -33.0000       0.000 0.4300   0.2496E+02  0.0000E+00 -0.2496E+02  0.0000E+00      -1  -0.100E+01   20.00
  35   -34.0000       0.000 0.4300   0.2496E+02  0.0000E+00 -0.2496E+02  0.0000E+00      -1  -0.100E+01   20.00
  36   -35.0000       0.000 0.4300   0.2496E+02  0.0000E+00 -0.2496E+02  0.0000E+00      -1  -0.100E+01   20.00
  37   -36.0000       0.000 0.4300   0.2496E+02  0.0000E+00 -0.2496E+02  0.0000E+00      -1  -0.100E+01   20.00
  38   -37.0000       0.000 0.4300   0.2496E+02  0.0000E+00 -0.2496E+02  0.0000E+00      -1  -0.100E+01   20.00
  39   -38.0000       0.000 0.4300   0.2496E+02  0.0000E+00 -0.2496E+02  0.0000E+00      -1  -0.100E+01   20.00
  40   -39.0000       0.000 0.4300   0.2496E+02  0.0000E+00 -0.2496E+02  0.0000E+00      -1  -0.100E+01   20.00
  41   -40.0000       0.000 0.4300   0.2496E+02  0.0000E+00 -0.2496E+02  0.0000E+00      -1  -0.100E+01   20.00
  42   -41.0000       0.000 0.4300   0.2496E+02  0.0000E+00 -0.2496E+02  0.0000E+00      -1  -0.100E+01   20.00
  43   -42.0000       0.000 0.4300   0.2496E+02  0.0000E+00 -0.2496E+02  0.0000E+00      -1  -0.100E+01   20.00
  44   -43.0000       0.000 0.4300   0.2496E+02  0.0000E+00 -0.2496E+02  0.0000E+00      -1  -0.100E+01   20.00
  45   -44.0000       0.000 0.4300   0.2496E+02  0.0000E+00 -0.2496E+02  0.0000E+00      -1  -0.100E+01   20.00
  46   -45.0000       0.000 0.4300   0.2496E+02  0.0000E+00 -0.2496E+02  0.0000E+00      -1  -0.100E+01   20.00
  47   -46.0000       0.000 0.4300   0.2496E+02  0.0000E+00 -0.2496E+02  0.0000E+00      -1  -0.100E+01   20.00
  48   -47.0000       0.000 0.4300   0.2496E+02  0.0000E+00 -0.2496E+02  0.0000E+00      -1  -0.100E+01   20.00
  49   -48.0000       0.000 0.4300   0.2496E+02  0.0000E+00 -0.2496E+02  0.0000E+00      -1  -0.100E+01   20.00
  50   -49.0000       0.000 0.4300   0.2496E+02  0.0000E+00 -0.2496E+02  0.0000E+00      -1  -0.100E+01   20.00
  51   -50.0000       0.000 0.4300   0.2496E+02  0.0000E+00 -0.2496E+02  0.0000E+00      -1  -0.100E+01   20.00
  52   -51.0000       0.000 0.4300   0.2496E+02  0.0000E+00 -0.2496E+02  0.0000E+00      -1  -0.100E+01   20.00
  53   -52.0000       0.000 0.4300   0.2496E+02  0.0000E+00 -0.2496E+02  0.0000E+00      -1  -0.100E+01   20.00
  54   -53.0000       0.000 0.4300   0.2496E+02  0.0000E+00 -0.2496E+02  0.0000E+00      -1  -0.100E+01   20.00
  55   -54.0000       0.000 0.4300   0.2496E+02  0.0000E+00 -0.2496E+02  0.0000E+00      -1  -0.100E+01   20.00
  56   -55.0000       0.000 0.4300   0.2496E+02  0.0000E+00 -0.2496E+02  0.0000E+00      -1  -0.100E+01   20.00
  57   -56.0000       0.000 0.4300   0.2496E+02  0.0000E+00 -0.2496E+02  0.0000E+00      -1  -0.100E+01   20.00
  58   -57.0000       0.000 0.4300   0.2496E+02  0.0000E+00 -0.2496E+02  0.0000E+00      -1  -0.100E+01   20.00
  59   -58.0000       0.000 0.4300   0.2496E+02  0.0000E+00 -0.2496E+02  0.0000E+00      -1  -0.100E+01   20.00
  60   -59.0000       0.000 0.4300   0.2496E+02  0.0000E+00 -0.2496E+02  0.0000E+00      -1  -0.100E+01   20.00
  61   -60.0000       0.000 0.4300   0.2496E+02  0.0000E+00 -0.2496E+02  0.0000E+00      -1  -0.100E+01   20.00
  62   -61.0000       0.000 0.4300   0.2496E+02  0.0000E+00 -0.2496E+02  0.0000E+00      -1  -0.100E+01   20.00
  63   -62.0000       0.000 0.4300   0.2496E+02  0.0000E+00 -0.2496E+02  0.0000E+00      -1  -0.100E+01   20.00
  64   -63.0000       0.000 0.4300   0.2496E+02  0.0000E+00 -0.2496E+02  0.0000E+00      -1  -0.100E+01   20.00
  65   -64.0000       0.000 0.4300   0.2496E+02  0.0000E+00 -0.2496E+02  0.0000E+00      -1  -0.100E+01   20.00
  66   -65.0000       0.000 0.4300   0.2496E+02  0.0000E+00 -0.2496E+02  0.0000E+00      -1  -0.100E+01   20.00
  67   -66.0000       0.000 0.4300   0.2496E+02  0.0000E+00 -0.2496E+02  0.0000E+00      -1  -0.100E+01   20.00
  68   -67.0000       0.000 0.4300   0.2496E+02  0.0000E+00 -0.2496E+02  0.0000E+00      -1  -0.100E+01   20.00
  69   -68.0000       0.000 0.4300   0.2496E+02  0.0000E+00 -0.2496E+02  0.0000E+00      -1  -0.100E+01   20.00
  70   -69.0000       0.000 0.4300   0.2496E+02  0.0000E+00 -0.2496E+02  0.0000E+00      -1  -0.100E+01   20.00
  71   -70.0000       0.000 0.4300   0.2496E+02  0.0000E+00 -0.2496E+02  0.0000E+00      -1  -0.100E+01   20.00
  72   -71.0000       0.000 0.4300   0.2496E+02  0.0000E+00 -0.2496E+02  0.0000E+00      -1  -0.100E+01   20.00
  73   -72.0000       0.000 0.4300   0.2496E+02  0.0000E+00 -0.2496E+02  0.0000E+00      -1  -0.100E+01   20.00
  74   -73.0000       0.000 0.4300   0.2496E+02  0.0000E+00 -0.2496E+02  0.0000E+00      -1  -0.100E+01   20.00
  75   -74.0000       0.000 0.4300   0.2496E+02  0.0000E+00 -0.2496E+02  0.0000E+00      -1  -0.100E+01   20.00
  76   -75.0000       0.000 0.4300   0.2496E+02  0.0000E+00 -0.2496E+02  0.0000E+00      -1  -0.100E+01   20.00
  77   -76.0000       0.000 0.4300   0.2496E+02  0.0000E+00 -0.2496E+02  0.0000E+00      -1  -0.100E+01   20.00
  78   -77.0000       0.000 0.4300   0.2496E+02  0.0000E+00 -0.2496E+02  0.0000E+00      -1  -0.100E+01   20.00
  79   -78.0000       0.000 0.4300   0.2496E+02  0.0000E+00 -0.2496E+02  0.0000E+00      -1  -0.100E+01   20.00
  80   -79.0000       0.000 0.4300   0.2496E+02  0.0000E+00 -0.2496E+02  0.0000E+00      -1  -0.100E+01   20.00
  81   -80.0000       0.000 0.4300   0.2496E+02  0.0000E+00 -0.2496E+02  0.0000E+00      -1  -0.100E+01   20.00
  82   -81.0000       0.000 0.4300   0.2496E+02  0.0000E+00 -0.2496E+02  0.0000E+00      -1  -0.100E+01   20.00
  83   -82.0000       0.000 0.4300   0.2496E+02  0.0000E+00 -0.2496E+02  0.0000E+00      -1  -0.100E+01   20.00
  84   -83.0000       0.000 0.4300   0.2496E+02  0.0000E+00 -0.2496E+02  0.0000E+00      -1  -0.100E+01   20.00
  85   -84.0000       0.000 0.4300   0.2496E+02  0.0000E+00 -0.2496E+02  0.0000E+00      -1  -0.100E+01   20.00
  86   -85.0000       0.000 0.4300   0.2496E+02  0.0000E+00 -0.2496E+02  0.0000E+00      -1  -0.100E+01   20.00
  87   -86.0000       0.000 0.4300   0.2496E+02  0.0000E+00 -0.2496E+02  0.0000E+00      -1  -0.100E+01   20.00
  88   -87.0000       0.000 0.4300   0.2496E+02  0.0000E+00 -0.2496E+02  0.0000E+00      -1  -0.100E+01   20.00
  89   -88.0000       0.000 0.4300   0.2496E+02  0.0000E+00 -0.2496E+02  0.0000E+00      -1  -0.100E+01   20.00
  90   -89.0000       0.000 0.4300   0.2496E+02  0.0000E+00 -0.2496E+02  0.0000E+00      -1  -0.100E+01   20.00
  91   -90.0000       0.000 0.4300   0.2496E+02  0.0000E+00 -0.2496E+02  0.0000E+00      -1  -0.100E+01   20.00
  92   -91.0000       0.000 0.4300   0.2496E+02  0.0000E+00 -0.2496E+02  0.0000E+00      -1  -0.100E+01   20.00
  93   -92.0000       0.000 0.4300   0.2496E+02  0.0000E+00 -0.2496E+02  0.0000E+00      -1  -0.100E+01   20.00
  94   -93.0000       0.000 0.4300   0.2496E+02  0.0000E+00 -0.2496E+02  0.0000E+00      -1  -0.100E+01   20.00
  95   -94.0000       0.000 0.4300   0.2496E+02  0.0000E+00 -0.2496E+02  0.0000E+00      -1  -0.100E+01   20.00
  96   -95.0000       0.000 0.4300   0.2496E+02  0.0000E+00 -0.2496E+02  0.0000E+00      -1  -0.100E+01   20.00
  97   -96.0000       0.000 0.4300   0.2496E+02  0.0000E+00 -0.2496E+02  0.0000E+00      -1  -0.100E+01   20.00
  98   -97.0000       0.000 0.4300   0.2496E+02  0.0000E+00 -0.2496E+02  0.0000E+00      -1  -0.100E+01   20.00
  99   -98.0000       0.000 0.4300   0.2496E+02  0.0000E+00 -0.2496E+02  0.0000E+00      -1  -0.100E+01   20.00
 100   -99.0000       0.000 0.4300   0.2496E+02  0.0000E+00 -0.2496E+02  0.0000E+00      -1  -0.100E+01   20.00
 101  -100.0000       0.000 0.4300   0.2496E+02  0.0000E+00 -0.2496E+02  0.0000E+00      -1  -0.100E+01   20.00
end


 Time:        1.0000


 Node      Depth      Head Moisture       K          C         Flux        Sink         Kappa   v/KsTop   Temp
           [L]        [L]    [-]        [L/T]      [1/L]      [L/T]        [1/T]         [-]      [-]      [C]

   1     0.0000       0.000 0.4300   0.2496E+02  0.0000E+00 -0.2496E+02  0.0000E+00      -1  -0.100E+01   20.00
   2    -1.0000       0.000 0.4300   0.2496E+02  0.0000E+00 -0.2496E+02  0.0000E+00      -1  -0.100E+01   20.00
   3    -2.0000       0.000 0.4300   0.2496E+02  0.0000E+00 -0.2496E+02  0.0000E+00      -1  -0.100E+01   20.00
   4    -3.0000       0.000 0.4300   0.2496E+02  0.0000E+00 -0.2496E+02  0.0000E+00      -1  -0.100E+01   20.00
   5    -4.0000       0.000 0.4300   0.2496E+02  0.0000E+00 -0.2496E+02  0.0000E+00      -1  -0.100E+01   20.00
   6    -5.0000       0.000 0.4300   0.2496E+02  0.0000E+00 -0.2496E+02  0.0000E+00      -1  -0.100E+01   20.00
   7    -6.0000       0.000 0.4300   0.2496E+02  0.0000E+00 -0.2496E+02  0.0000E+00      -1  -0.100E+01   20.00
   8    -7.0000       0.000 0.4300   0.2496E+02  0.0000E+00 -0.2496E+02  0.0000E+00      -1  -0.100E+01   20.00
   9    -8.0000       0.000 0.4300   0.2496E+02  0.0000E+00 -0.2496E+02  0.0000E+00      -1  -0.100E+01   20.00
  10    -9.0000       0.000 0.4300   0.2496E+02  0.0000E+00 -0.2496E+02  0.0000E+00      -1  -0.100E+01   20.00
  11   -10.0000       0.000 0.4300   0.2496E+02  0.0000E+00 -0.2496E+02  0.0000E+00      -1  -0.100E+01   20.00
  12   -11.0000       0.000 0.4300   0.2496E+02  0.0000E+00 -0.2496E+02  0.0000E+00      -1  -0.100E+01   20.00
  13   -12.0000       0.000 0.4300   0.2496E+02  0.0000E+00 -0.2496E+02  0.0000E+00      -1  -0.100E+01   20.00
  14   -13.0000       0.000 0.4300   0.2496E+02  0.0000E+00 -0.2496E+02  0.0000E+00      -1  -0.100E+01   20.00
  15   -14.0000       0.000 0.4300   0.2496E+02  0.0000E+00 -0.2496E+02  0.0000E+00      -1  -0.100E+01   20.00
  16   -15.0000       0.000 0.4300   0.2496E+02  0.0000E+00 -0.2496E+02  0.0000E+00      -1  -0.100E+01   20.00
  17   -16.0000       0.000 0.4300   0.2496E+02  0.0000E+00 -0.2496E+02  0.0000E+00      -1  -0.100E+01   20.00
  18   -17.0000       0.000 0.4300   0.2496E+02  0.0000E+00 -0.2496E+02  0.0000E+00      -1  -0.100E+01   20.00
  19   -18.0000       0.000 0.4300   0.2496E+02  0.0000E+00 -0.2496E+02  0.0000E+00      -1  -0.100E+01   20.00
  20   -19.0000       0.000 0.4300   0.2496E+02  0.0000E+00 -0.2496E+02  0.0000E+00      -1  -0.100E+01   20.00
  21   -20.0000       0.000 0.4300   0.2496E+02  0.0000E+00 -0.2496E+02  0.0000E+00      -1  -0.100E+01   20.00
  22   -21.0000       0.000 0.4300   0.2496E+02  0.0000E+00 -0.2496E+02  0.0000E+00      -1  -0.100E+01   20.00
  23   -22.0000       0.000 0.4300   0.2496E+02  0.0000E+00 -0.2496E+02  0.0000E+00      -1  -0.100E+01   20.00
  24   -23.0000       0.000 0.4300   0.2496E+02  0.0000E+00 -0.2496E+02  0.0000E+00      -1  -0.100E+01   20.00
  25   -24.0000       0.000 0.4300   0.2496E+02  0.0000E+00 -0.2496E+02  0.0000E+00      -1  -0.100E+01   20.00
  26   -25.0000       0.000 0.4300   0.2496E+02  0.0000E+00 -0.2496E+02  0.0000E+00      -1  -0.100E+01   20.00
  27   -26.0000       0.000 0.4300   0.2496E+02  0.0000E+00 -0.2496E+02  0.0000E+00      -1  -0.100E+01   20.00
  28   -27.0000       0.000 0.4300   0.2496E+02  0.0000E+00 -0.2496E+02  0.0000E+00      -1  -0.100E+01   20.00
  29   -28.0000       0.000 0.4300   0.2496E+02  0.0000E+00 -0.2496E+02  0.0000E+00      -1  -0.100E+01   20.00
  30   -29.0000       0.000 0.4300   0.2496E+02  0.0000E+00 -0.2496E+02  0.0000E+00      -1  -0.100E+01   20.00
  31   -30.0000       0.000 0.4300   0.2496E+02  0.0000E+00 -0.2496E+02  0.0000E+00      -1  -0.100E+01   20.00
  32   -31.0000       0.000 0.4300   0.2496E+02  0.0000E+00 -0.2496E+02  0.0000E+00      -1  -0.100E+01   20.00
  33   -32.0000       0.000 0.4300   0.2496E+02  0.0000E+00 -0.2496E+02  0.0000E+00      -1  -0.100E+01   20.00
  34   -33.0000       0.000 0.4300   0.2496E+02  0.0000E+00 -0.2496E+02  0.0000E+00      -1  -0.100E+01   20.00
  35   -34.0000       0.000 0.4300   0.2496E+02  0.0000E+00 -0.2496E+02  0.0000E+00      -1  -0.100E+01   20.00
  36   -35.0000       0.000 0.4300   0.2496E+02  0.0000E+00 -0.2496E+02  0.0000E+00      -1  -0.100E+01   20.00
  37   -36.0000       0.000 0.4300   0.2496E+02  0.0000E+00 -0.2496E+02  0.0000E+00      -1  -0.100E+01   20.00
  38   -37.0000       0.000 0.4300   0.2496E+02  0.0000E+00 -0.2496E+02  0.0000E+00      -1  -0.100E+01   20.00
  39   -38.0000       0.000 0.4300   0.2496E+02  0.0000E+00 -0.2496E+02  0.0000E+00      -1  -0.100E+01   20.00
  40   -39.0000       0.000 0.4300   0.2496E+02  0.0000E+00 -0.2496E+02  0.0000E+00      -1  -0.100E+01   20.00
  41   -40.0000       0.000 0.4300   0.2496E+02  0.0000E+00 -0.2496E+02  0.0000E+00      -1  -0.100E+01   20.00
  42   -41.0000       0.000 0.4300   0.2496E+02  0.0000E+00 -0.2496E+02  0.0000E+00      -1  -0.100E+01   20.00
  43   -42.0000       0.000 0.4300   0.2496E+02  0.0000E+00 -0.2496E+02  0.0000E+00      -1  -0.100E+01   20.00
  44   -43.0000       0.000 0.4300   0.2496E+02  0.0000E+00 -0.2496E+02  0.0000E+00      -1  -0.100E+01   20.00
  45   -44.0000       0.000 0.4300   0.2496E+02  0.0000E+00 -0.2496E+02  0.0000E+00      -1  -0.100E+01   20.00
  46   -45.0000       0.000 0.4300   0.2496E+02  0.0000E+00 -0.2496E+02  0.0000E+00      -1  -0.100E+01   20.00
  47   -46.0000       0.000 0.4300   0.2496E+02  0.0000E+00 -0.2496E+02  0.0000E+00      -1  -0.100E+01   20.00
  48   -47.0000       0.000 0.4300   0.2496E+02  0.0000E+00 -0.2496E+02  0.0000E+00      -1  -0.100E+01   20.00
  49   -48.0000       0.000 0.4300   0.2496E+02  0.0000E+00 -0.2496E+02  0.0000E+00      -1  -0.100E+01   20.00
  50   -49.0000       0.000 0.4300   0.2496E+02  0.0000E+00 -0.2496E+02  0.0000E+00      -1  -0.100E+01   20.00
  51   -50.0000       0.000 0.4300   0.2496E+02  0.0000E+00 -0.2496E+02  0.0000E+00      -1  -0.100E+01   20.00
  52   -51.0000       0.000 0.4300   0.2496E+02  0.0000E+00 -0.2496E+02  0.0000E+00      -1  -0.100E+01   20.00
  53   -52.0000       0.000 0.4300   0.2496E+02  0.0000E+00 -0.2496E+02  0.0000E+00      -1  -0.100E+01   20.00
  54   -53.0000       0.000 0.4300   0.2496E+02  0.0000E+00 -0.2496E+02  0.0000E+00      -1  -0.100E+01   20.00
  55   -54.0000       0.000 0.4300   0.2496E+02  0.0000E+00 -0.2496E+02  0.0000E+00      -1  -0.100E+01   20.00
  56   -55.0000       0.000 0.4300   0.2496E+02  0.0000E+00 -0.2496E+02  0.0000E+00      -1  -0.100E+01   20.00
  57   -56.0000       0.000 0.4300   0.2496E+02  0.0000E+00 -0.2496E+02  0.0000E+00      -1  -0.100E+01   20.00
  58   -57.0000       0.000 0.4300   0.2496E+02  0.0000E+00 -0.2496E+02  0.0000E+00      -1  -0.100E+01   20.00
  59   -58.0000       0.000 0.4300   0.2496E+02  0.0000E+00 -0.2496E+02  0.0000E+00      -1  -0.100E+01   20.00
  60   -59.0000       0.000 0.4300   0.2496E+02  0.0000E+00 -0.2496E+02  0.0000E+00      -1  -0.100E+01   20.00
  61   -60.0000       0.000 0.4300   0.2496E+02  0.0000E+00 -0.2496E+02  0.0000E+00      -1  -0.100E+01   20.00
  62   -61.0000       0.000 0.4300   0.2496E+02  0.0000E+00 -0.2496E+02  0.0000E+00      -1  -0.100E+01   20.00
  63   -62.0000       0.000 0.4300   0.2496E+02  0.0000E+00 -0.2496E+02  0.0000E+00      -1  -0.100E+01   20.00
  64   -63.0000       0.000 0.4300   0.2496E+02  0.0000E+00 -0.2496E+02  0.0000E+00      -1  -0.100E+01   20.00
  65   -64.0000       0.000 0.4300   0.2496E+02  0.0000E+00 -0.2496E+02  0.0000E+00      -1  -0.100E+01   20.00
  66   -65.0000       0.000 0.4300   0.2496E+02  0.0000E+00 -0.2496E+02  0.0000E+00      -1  -0.100E+01   20.00
  67   -66.0000       0.000 0.4300   0.2496E+02  0.0000E+00 -0.2496E+02  0.0000E+00      -1  -0.100E+01   20.00
  68   -67.0000       0.000 0.4300   0.2496E+02  0.0000E+00 -0.2496E+02  0.0000E+00      -1  -0.100E+01   20.00
  69   -68.0000       0.000 0.4300   0.2496E+02  0.0000E+00 -0.2496E+02  0.0000E+00      -1  -0.100E+01   20.00
  70   -69.0000       0.000 0.4300   0.2496E+02  0.0000E+00 -0.2496E+02  0.0000E+00      -1  -0.100E+01   20.00
  71   -70.0000       0.000 0.4300   0.2496E+02  0.0000E+00 -0.2496E+02  0.0000E+00      -1  -0.100E+01   20.00
  72   -71.0000       0.000 0.4300   0.2496E+02  0.0000E+00 -0.2496E+02  0.0000E+00      -1  -0.100E+01   20.00
  73   -72.0000       0.000 0.4300   0.2496E+02  0.0000E+00 -0.2496E+02  0.0000E+00      -1  -0.100E+01   20.00
  74   -73.0000       0.000 0.4300   0.2496E+02  0.0000E+00 -0.2496E+02  0.0000E+00      -1  -0.100E+01   20.00
  75   -74.0000       0.000 0.4300   0.2496E+02  0.0000E+00 -0.2496E+02  0.0000E+00      -1  -0.100E+01   20.00
  76   -75.0000       0.000 0.4300   0.2496E+02  0.0000E+00 -0.2496E+02  0.0000E+00      -1  -0.100E+01   20.00
  77   -76.0000       0.000 0.4300   0.2496E+02  0.0000E+00 -0.2496E+02  0.0000E+00      -1  -0.100E+01   20.00
  78   -77.0000       0.000 0.4300   0.2496E+02  0.0000E+00 -0.2496E+02  0.0000E+00      -1  -0.100E+01   20.00
  79   -78.0000       0.000 0.4300   0.2496E+02  0.0000E+00 -0.2496E+02  0.0000E+00      -1  -0.100E+01   20.00
  80   -79.0000       0.000 0.4300   0.2496E+02  0.0000E+00 -0.2496E+02  0.0000E+00      -1  -0.100E+01   20.00
  81   -80.0000       0.000 0.4300   0.2496E+02  0.0000E+00 -0.2496E+02  0.0000E+00      -1  -0.100E+01   20.00
  82   -81.0000       0.000 0.4300   0.2496E+02  0.0000E+00 -0.2496E+02  0.0000E+00      -1  -0.100E+01   20.00
  83   -82.0000       0.000 0.4300   0.2496E+02  0.0000E+00 -0.2496E+02  0.0000E+00      -1  -0.100E+01   20.00
  84   -83.0000       0.000 0.4300   0.2496E+02  0.0000E+00 -0.2496E+02  0.0000E+00      -1  -0.100E+01   20.00
  85   -84.0000       0.000 0.4300   0.2496E+02  0.0000E+00 -0.2496E+02  0.0000E+00      -1  -0.100E+01   20.00
  86   -85.0000       0.000 0.4300   0.2496E+02  0.0000E+00 -0.2496E+02  0.0000E+00      -1  -0.100E+01   20.00
  87   -86.0000       0.000 0.4300   0.2496E+02  0.0000E+00 -0.2496E+02  0.0000E+00      -1  -0.100E+01   20.00
  88   -87.0000       0.000 0.4300   0.2496E+02  0.0000E+00 -0.2496E+02  0.0000E+00      -1  -0.100E+01   20.00
  89   -88.0000       0.000 0.4300   0.2496E+02  0.0000E+00 -0.2496E+02  0.0000E+00      -1  -0.100E+01   20.00
  90   -89.0000       0.000 0.4300   0.2496E+02  0.0000E+00 -0.2496E+02  0.0000E+00      -1  -0.100E+01   20.00
  91   -90.0000       0.000 0.4300   0.2496E+02  0.0000E+00 -0.2496E+02  0.0000E+00      -1  -0.100E+01   20.00
  92   -91.0000       0.000 0.4300   0.2496E+02  0.0000E+00 -0.2496E+02  0.0000E+00      -1  -0.100E+01   20.00
  93   -92.0000       0.000 0.4300   0.2496E+02  0.0000E+00 -0.2496E+02  0.0000E+00      -1  -0.100E+01   20.00
  94   -93.0000       0.000 0.4300   0.2496E+02  0.0000E+00 -0.2496E+02  0.0000E+00      -1  -0.100E+01   20.00
  95   -94.0000       0.000 0.4300   0.2496E+02  0.0000E+00 -0.2496E+02  0.0000E+00      -1  -0.100E+01   20.00
  96   -95.0000       0.000 0.4300   0.2496E+02  0.0000E+00 -0.2496E+02  0.0000E+00      -1  -0.100E+01   20.00
  97   -96.0000       0.000 0.4300   0.2496E+02  0.0000E+00 -0.2496E+02  0.0000E+00      -1  -0.100E+01   20.00
  98   -97.0000       0.000 0.4300   0.2496E+02  0.0000E+00 -0.2496E+02  0.0000E+00      -1  -0.100E+01   20.00
  99   -98.0000       0.000 0.4300   0.2496E+02  0.0000E+00 -0.2496E+02  0.0000E+00      -1  -0.100E+01   20.00
 100   -99.0000       0.000 0.4300   0.2496E+02  0.0000E+00 -0.2496E+02  0.0000E+00      -1  -0.100E+01   20.00
 101  -100.0000       0.000 0.4300   0.2496E+02  0.0000E+00 -0.2496E+02  0.0000E+00      -1  -0.100E+01   20.00
end
