 ******* Program HYDRUS
 ******* Onde thermique journaliere sans convection, loam h=-100 cm              
 Date:   0. 0.    Time: 512:**:**
 Units: L = cm   , T = days , M = g    

       Time          rTop        rRoot        vTop         vRoot        vBot       sum(rTop)   sum(rRoot)    sum(vTop)   sum(vRoot)    sum(vBot)      hTop         hRoot        hBot        RunOff    sum(RunOff)     Volume     sum(Infil)    sum(Evap) TLevel Cum(WTrans)  SnowLayer
        [T]         [L/T]        [L/T]        [L/T]        [L/T]        [L/T]         [L]          [L]          [L]         [L]           [L]         [L]           [L]         [L]          [L/T]         [L]          [L]          [L]          [L]

       0.0010  0.00000E+00  0.00000E+00  0.17956E-05  0.00000E+00 -0.34720E-05  0.00000E+00  0.00000E+00  0.17956E-08  0.00000E+00 -0.34720E-08 -0.10009E+03  0.00000E+00 -0.99906E+02  0.00000E+00  0.00000E+00  0.24258E+02  0.00000E+00  0.17956E-08      1  0.00000E+00      0.000
       0.0020  0.00000E+00  0.00000E+00  0.38482E-05  0.00000E+00 -0.23600E-05  0.00000E+00  0.00000E+00  0.56438E-08  0.00000E+00 -0.58319E-08 -0.10017E+03  0.00000E+00 -0.99832E+02  0.00000E+00  0.00000E+00  0.24258E+02  0.00000E+00  0.56438E-08      2  0.00000E+00      0.000
       0.0033  0.00000E+00  0.00000E+00  0.17826E-05  0.00000E+00 -0.41164E-06  0.00000E+00  0.00000E+00  0.79611E-08  0.00000E+00 -0.63671E-08 -0.10026E+03  0.00000E+00 -0.99735E+02  0.00000E+00  0.00000E+00  0.24258E+02  0.00000E+00  0.79611E-08      3  0.00000E+00      0.000
       0.0050  0.00000E+00  0.00000E+00  0.21551E-05  0.00000E+00 -0.14771E-05  0.00000E+00  0.00000E+00  0.11603E-07  0.00000E+00 -0.88633E-08 -0.10037E+03  0.00000E+00 -0.99626E+02  0.00000E+00  0.00000E+00  0.24258E+02  0.00000E+00  0.11603E-07      4  0.00000E+00      0.000
       0.0072  0.00000E+00  0.00000E+00 -0.10282E-05  0.00000E+00  0.18105E-05  0.00000E+00  0.00000E+00  0.93443E-08  0.00000E+00 -0.48857E-08 -0.10050E+03  0.00000E+00 -0.99501E+02  0.00000E+00  0.00000E+00  0.24258E+02  0.00000E+00  0.11603E-07      5  0.00000E+00      0.000
       0.0100  0.00000E+00  0.00000E+00  0.11474E-05  0.00000E+00 -0.37439E-06  0.00000E+00  0.00000E+00  0.12621E-07  0.00000E+00 -0.59550E-08 -0.10063E+03  0.00000E+00 -0.99363E+02  0.00000E+00  0.00000E+00  0.24258E+02  0.00000E+00  0.14880E-07      6  0.00000E+00      0.000
       0.0138  0.00000E+00  0.00000E+00  0.43958E-06  0.00000E+00 -0.31292E-06  0.00000E+00  0.00000E+00  0.14254E-07  0.00000E+00 -0.71169E-08 -0.10078E+03  0.00000E+00 -0.99211E+02  0.00000E+00  0.00000E+00  0.24258E+02  0.00000E+00  0.16512E-07      7  0.00000E+00      0.000
       0.0186  0.00000E+00  0.00000E+00 -0.43400E-06  0.00000E+00  0.75344E-06  0.00000E+00  0.00000E+00  0.12159E-07  0.00000E+00 -0.34801E-08 -0.10095E+03  0.00000E+00 -0.99044E+02  0.00000E+00  0.00000E+00  0.24258E+02  0.00000E+00  0.16512E-07      8  0.00000E+00      0.000
       0.0249  0.00000E+00  0.00000E+00  0.40792E-06  0.00000E+00  0.19558E-06  0.00000E+00  0.00000E+00  0.14718E-07  0.00000E+00 -0.22529E-08 -0.10113E+03  0.00000E+00 -0.98863E+02  0.00000E+00  0.00000E+00  0.24258E+02  0.00000E+00  0.19072E-07      9  0.00000E+00      0.000
       0.0330  0.00000E+00  0.00000E+00 -0.14994E-06  0.00000E+00 -0.66869E-06  0.00000E+00  0.00000E+00  0.13495E-07  0.00000E+00 -0.77076E-08 -0.10133E+03  0.00000E+00 -0.98663E+02  0.00000E+00  0.00000E+00  0.24258E+02  0.00000E+00  0.19072E-07     10  0.00000E+00      0.000
       0.0430  0.00000E+00  0.00000E+00 -0.57137E-06  0.00000E+00 -0.15693E-06  0.00000E+00  0.00000E+00  0.77815E-08  0.00000E+00 -0.92769E-08 -0.10153E+03  0.00000E+00 -0.98452E+02  0.00000E+00  0.00000E+00  0.24258E+02  0.00000E+00  0.19072E-07     11  0.00000E+00      0.000
       0.0530  0.00000E+00  0.00000E+00 -0.20349E-06  0.00000E+00 -0.17788E-06  0.00000E+00  0.00000E+00  0.57466E-08  0.00000E+00 -0.11056E-07 -0.10172E+03  0.00000E+00 -0.98265E+02  0.00000E+00  0.00000E+00  0.24258E+02  0.00000E+00  0.19072E-07     12  0.00000E+00      0.000
       0.0630  0.00000E+00  0.00000E+00 -0.39069E-06  0.00000E+00 -0.53691E-06  0.00000E+00  0.00000E+00  0.18397E-08  0.00000E+00 -0.16425E-07 -0.10189E+03  0.00000E+00 -0.98096E+02  0.00000E+00  0.00000E+00  0.24258E+02  0.00000E+00  0.19072E-07     13  0.00000E+00      0.000
       0.0730  0.00000E+00  0.00000E+00 -0.18068E-06  0.00000E+00  0.88476E-08  0.00000E+00  0.00000E+00  0.32927E-10  0.00000E+00 -0.16336E-07 -0.10204E+03  0.00000E+00 -0.97940E+02  0.00000E+00  0.00000E+00  0.24258E+02  0.00000E+00  0.19072E-07     14  0.00000E+00      0.000
       0.0830  0.00000E+00  0.00000E+00  0.34133E-06  0.00000E+00  0.48755E-06  0.00000E+00  0.00000E+00  0.34462E-08  0.00000E+00 -0.11461E-07 -0.10218E+03  0.00000E+00 -0.97795E+02  0.00000E+00  0.00000E+00  0.24258E+02  0.00000E+00  0.22485E-07     15  0.00000E+00      0.000
       0.0930  0.00000E+00  0.00000E+00 -0.65193E-08  0.00000E+00 -0.27055E-06  0.00000E+00  0.00000E+00  0.33810E-08  0.00000E+00 -0.14166E-07 -0.10232E+03  0.00000E+00 -0.97659E+02  0.00000E+00  0.00000E+00  0.24258E+02  0.00000E+00  0.22485E-07     16  0.00000E+00      0.000
       0.1030  0.00000E+00  0.00000E+00 -0.75437E-07  0.00000E+00 -0.33202E-06  0.00000E+00  0.00000E+00  0.26267E-08  0.00000E+00 -0.17487E-07 -0.10244E+03  0.00000E+00 -0.97530E+02  0.00000E+00  0.00000E+00  0.24258E+02  0.00000E+00  0.22485E-07     17  0.00000E+00      0.000
       0.1130  0.00000E+00  0.00000E+00  0.12293E-06  0.00000E+00 -0.37299E-06  0.00000E+00  0.00000E+00  0.38560E-08  0.00000E+00 -0.21216E-07 -0.10256E+03  0.00000E+00 -0.97407E+02  0.00000E+00  0.00000E+00  0.24258E+02  0.00000E+00  0.23715E-07     18  0.00000E+00      0.000
       0.1190  0.00000E+00  0.00000E+00  0.42561E-06  0.00000E+00  0.23656E-06  0.00000E+00  0.00000E+00  0.64065E-08  0.00000E+00 -0.19799E-07 -0.10263E+03  0.00000E+00 -0.97335E+02  0.00000E+00  0.00000E+00  0.24258E+02  0.00000E+00  0.26265E-07     19  0.00000E+00      0.000
       0.1250  0.00000E+00  0.00000E+00  0.53085E-07  0.00000E+00  0.88010E-07  0.00000E+00  0.00000E+00  0.67246E-08  0.00000E+00 -0.19272E-07 -0.10270E+03  0.00000E+00 -0.97266E+02  0.00000E+00  0.00000E+00  0.24258E+02  0.00000E+00  0.26583E-07     20  0.00000E+00      0.000
       0.1350  0.00000E+00  0.00000E+00 -0.54436E-06  0.00000E+00 -0.25984E-06  0.00000E+00  0.00000E+00  0.12810E-08  0.00000E+00 -0.21870E-07 -0.10281E+03  0.00000E+00 -0.97154E+02  0.00000E+00  0.00000E+00  0.24258E+02  0.00000E+00  0.26583E-07     21  0.00000E+00      0.000
       0.1450  0.00000E+00  0.00000E+00 -0.27171E-06  0.00000E+00  0.47497E-07  0.00000E+00  0.00000E+00 -0.14361E-08  0.00000E+00 -0.21395E-07 -0.10291E+03  0.00000E+00 -0.97047E+02  0.00000E+00  0.00000E+00  0.24258E+02  0.00000E+00  0.26583E-07     22  0.00000E+00      0.000
       0.1550  0.00000E+00  0.00000E+00 -0.40070E-06  0.00000E+00 -0.49430E-06  0.00000E+00  0.00000E+00 -0.54431E-08  0.00000E+00 -0.26338E-07 -0.10302E+03  0.00000E+00 -0.96943E+02  0.00000E+00  0.00000E+00  0.24258E+02  0.00000E+00  0.26583E-07     23  0.00000E+00      0.000
       0.1645  0.00000E+00  0.00000E+00 -0.83819E-08  0.00000E+00 -0.58883E-06  0.00000E+00  0.00000E+00 -0.55227E-08  0.00000E+00 -0.31932E-07 -0.10311E+03  0.00000E+00 -0.96847E+02  0.00000E+00  0.00000E+00  0.24258E+02  0.00000E+00  0.26583E-07     24  0.00000E+00      0.000
       0.1740  0.00000E+00  0.00000E+00 -0.13458E-06  0.00000E+00 -0.22934E-06  0.00000E+00  0.00000E+00 -0.68012E-08  0.00000E+00 -0.34110E-07 -0.10320E+03  0.00000E+00 -0.96755E+02  0.00000E+00  0.00000E+00  0.24258E+02  0.00000E+00  0.26583E-07     25  0.00000E+00      0.000
       0.1835  0.00000E+00  0.00000E+00  0.13947E-06  0.00000E+00  0.51409E-06  0.00000E+00  0.00000E+00 -0.54763E-08  0.00000E+00 -0.29227E-07 -0.10329E+03  0.00000E+00 -0.96664E+02  0.00000E+00  0.00000E+00  0.24258E+02  0.00000E+00  0.27908E-07     26  0.00000E+00      0.000
       0.1930  0.00000E+00  0.00000E+00  0.13760E-06  0.00000E+00 -0.83121E-07  0.00000E+00  0.00000E+00 -0.41691E-08  0.00000E+00 -0.30016E-07 -0.10337E+03  0.00000E+00 -0.96576E+02  0.00000E+00  0.00000E+00  0.24258E+02  0.00000E+00  0.29215E-07     27  0.00000E+00      0.000
       0.2025  0.00000E+00  0.00000E+00  0.33015E-06  0.00000E+00 -0.36065E-06  0.00000E+00  0.00000E+00 -0.10326E-08  0.00000E+00 -0.33443E-07 -0.10346E+03  0.00000E+00 -0.96490E+02  0.00000E+00  0.00000E+00  0.24258E+02  0.00000E+00  0.32352E-07     28  0.00000E+00      0.000
       0.2120  0.00000E+00  0.00000E+00 -0.23842E-06  0.00000E+00 -0.88010E-07  0.00000E+00  0.00000E+00 -0.32976E-08  0.00000E+00 -0.34279E-07 -0.10354E+03  0.00000E+00 -0.96407E+02  0.00000E+00  0.00000E+00  0.24258E+02  0.00000E+00  0.32352E-07     29  0.00000E+00      0.000
       0.2215  0.00000E+00  0.00000E+00 -0.22771E-06  0.00000E+00  0.65262E-06  0.00000E+00  0.00000E+00 -0.54608E-08  0.00000E+00 -0.28079E-07 -0.10362E+03  0.00000E+00 -0.96325E+02  0.00000E+00  0.00000E+00  0.24258E+02  0.00000E+00  0.32352E-07     30  0.00000E+00      0.000
       0.2310  0.00000E+00  0.00000E+00 -0.40350E-06  0.00000E+00 -0.39814E-07  0.00000E+00  0.00000E+00 -0.92940E-08  0.00000E+00 -0.28457E-07 -0.10369E+03  0.00000E+00 -0.96244E+02  0.00000E+00  0.00000E+00  0.24258E+02  0.00000E+00  0.32352E-07     31  0.00000E+00      0.000
       0.2405  0.00000E+00  0.00000E+00  0.22352E-07  0.00000E+00  0.26007E-06  0.00000E+00  0.00000E+00 -0.90817E-08  0.00000E+00 -0.25986E-07 -0.10377E+03  0.00000E+00 -0.96166E+02  0.00000E+00  0.00000E+00  0.24258E+02  0.00000E+00  0.32564E-07     32  0.00000E+00      0.000
       0.2500  0.00000E+00  0.00000E+00 -0.16997E-07  0.00000E+00  0.39814E-06  0.00000E+00  0.00000E+00 -0.92431E-08  0.00000E+00 -0.22204E-07 -0.10385E+03  0.00000E+00 -0.96089E+02  0.00000E+00  0.00000E+00  0.24258E+02  0.00000E+00  0.32564E-07     33  0.00000E+00      0.000
       0.2600  0.00000E+00  0.00000E+00 -0.59302E-06  0.00000E+00 -0.28196E-06  0.00000E+00  0.00000E+00 -0.15173E-07  0.00000E+00 -0.25023E-07 -0.10392E+03  0.00000E+00 -0.96009E+02  0.00000E+00  0.00000E+00  0.24258E+02  0.00000E+00  0.32564E-07     34  0.00000E+00      0.000
       0.2700  0.00000E+00  0.00000E+00  0.29360E-06  0.00000E+00  0.35600E-06  0.00000E+00  0.00000E+00 -0.12237E-07  0.00000E+00 -0.21463E-07 -0.10400E+03  0.00000E+00 -0.95931E+02  0.00000E+00  0.00000E+00  0.24258E+02  0.00000E+00  0.35500E-07     35  0.00000E+00      0.000
       0.2800  0.00000E+00  0.00000E+00  0.15600E-06  0.00000E+00 -0.37719E-07  0.00000E+00  0.00000E+00 -0.10677E-07  0.00000E+00 -0.21841E-07 -0.10407E+03  0.00000E+00 -0.95855E+02  0.00000E+00  0.00000E+00  0.24258E+02  0.00000E+00  0.37060E-07     36  0.00000E+00      0.000
       0.2895  0.00000E+00  0.00000E+00  0.49290E-06  0.00000E+00 -0.62236E-06  0.00000E+00  0.00000E+00 -0.59948E-08  0.00000E+00 -0.27753E-07 -0.10414E+03  0.00000E+00 -0.95783E+02  0.00000E+00  0.00000E+00  0.24258E+02  0.00000E+00  0.41743E-07     37  0.00000E+00      0.000
       0.2990  0.00000E+00  0.00000E+00  0.14785E-06  0.00000E+00 -0.50222E-06  0.00000E+00  0.00000E+00 -0.45903E-08  0.00000E+00 -0.32524E-07 -0.10421E+03  0.00000E+00 -0.95713E+02  0.00000E+00  0.00000E+00  0.24258E+02  0.00000E+00  0.43147E-07     38  0.00000E+00      0.000
       0.3085  0.00000E+00  0.00000E+00 -0.60583E-06  0.00000E+00  0.30291E-06  0.00000E+00  0.00000E+00 -0.10346E-07  0.00000E+00 -0.29646E-07 -0.10428E+03  0.00000E+00 -0.95644E+02  0.00000E+00  0.00000E+00  0.24258E+02  0.00000E+00  0.43147E-07     39  0.00000E+00      0.000
       0.3180  0.00000E+00  0.00000E+00 -0.10082E-06  0.00000E+00 -0.76368E-07  0.00000E+00  0.00000E+00 -0.11303E-07  0.00000E+00 -0.30372E-07 -0.10434E+03  0.00000E+00 -0.95576E+02  0.00000E+00  0.00000E+00  0.24258E+02  0.00000E+00  0.43147E-07     40  0.00000E+00      0.000
       0.3275  0.00000E+00  0.00000E+00  0.23283E-07  0.00000E+00 -0.38929E-06  0.00000E+00  0.00000E+00 -0.11082E-07  0.00000E+00 -0.34070E-07 -0.10441E+03  0.00000E+00 -0.95509E+02  0.00000E+00  0.00000E+00  0.24258E+02  0.00000E+00  0.43369E-07     41  0.00000E+00      0.000
       0.3370  0.00000E+00  0.00000E+00  0.35996E-06  0.00000E+00  0.43306E-06  0.00000E+00  0.00000E+00 -0.76626E-08  0.00000E+00 -0.29956E-07 -0.10447E+03  0.00000E+00 -0.95445E+02  0.00000E+00  0.00000E+00  0.24258E+02  0.00000E+00  0.46788E-07     42  0.00000E+00      0.000
       0.3465  0.00000E+00  0.00000E+00  0.91270E-07  0.00000E+00  0.34692E-06  0.00000E+00  0.00000E+00 -0.67955E-08  0.00000E+00 -0.26660E-07 -0.10453E+03  0.00000E+00 -0.95390E+02  0.00000E+00  0.00000E+00  0.24258E+02  0.00000E+00  0.47655E-07     43  0.00000E+00      0.000
       0.3560  0.00000E+00  0.00000E+00  0.25821E-06  0.00000E+00  0.13737E-07  0.00000E+00  0.00000E+00 -0.43425E-08  0.00000E+00 -0.26530E-07 -0.10460E+03  0.00000E+00 -0.95332E+02  0.00000E+00  0.00000E+00  0.24258E+02  0.00000E+00  0.50108E-07     44  0.00000E+00      0.000
       0.3655  0.00000E+00  0.00000E+00  0.37905E-06  0.00000E+00 -0.15367E-06  0.00000E+00  0.00000E+00 -0.74156E-09  0.00000E+00 -0.27990E-07 -0.10466E+03  0.00000E+00 -0.95275E+02  0.00000E+00  0.00000E+00  0.24258E+02  0.00000E+00  0.53709E-07     45  0.00000E+00      0.000
       0.3750  0.00000E+00  0.00000E+00  0.46403E-06  0.00000E+00 -0.20536E-06  0.00000E+00  0.00000E+00  0.36667E-08  0.00000E+00 -0.29941E-07 -0.10472E+03  0.00000E+00 -0.95217E+02  0.00000E+00  0.00000E+00  0.24258E+02  0.00000E+00  0.58117E-07     46  0.00000E+00      0.000
       0.3850  0.00000E+00  0.00000E+00  0.38417E-07  0.00000E+00  0.21444E-06  0.00000E+00  0.00000E+00  0.40509E-08  0.00000E+00 -0.27796E-07 -0.10478E+03  0.00000E+00 -0.95156E+02  0.00000E+00  0.00000E+00  0.24258E+02  0.00000E+00  0.58502E-07     47  0.00000E+00      0.000
       0.3950  0.00000E+00  0.00000E+00  0.14366E-06  0.00000E+00 -0.16065E-07  0.00000E+00  0.00000E+00  0.54875E-08  0.00000E+00 -0.27957E-07 -0.10484E+03  0.00000E+00 -0.95095E+02  0.00000E+00  0.00000E+00  0.24258E+02  0.00000E+00  0.59938E-07     48  0.00000E+00      0.000
       0.4050  0.00000E+00  0.00000E+00 -0.38068E-06  0.00000E+00  0.88476E-07  0.00000E+00  0.00000E+00  0.16807E-08  0.00000E+00 -0.27072E-07 -0.10490E+03  0.00000E+00 -0.95035E+02  0.00000E+00  0.00000E+00  0.24258E+02  0.00000E+00  0.59938E-07     49  0.00000E+00      0.000
       0.4145  0.00000E+00  0.00000E+00  0.24098E-06  0.00000E+00  0.18370E-06  0.00000E+00  0.00000E+00  0.39700E-08  0.00000E+00 -0.25327E-07 -0.10496E+03  0.00000E+00 -0.94978E+02  0.00000E+00  0.00000E+00  0.24258E+02  0.00000E+00  0.62227E-07     50  0.00000E+00      0.000
       0.4240  0.00000E+00  0.00000E+00 -0.43935E-06  0.00000E+00 -0.48964E-06  0.00000E+00  0.00000E+00 -0.20384E-09  0.00000E+00 -0.29979E-07 -0.10502E+03  0.00000E+00 -0.94922E+02  0.00000E+00  0.00000E+00  0.24258E+02  0.00000E+00  0.62227E-07     51  0.00000E+00      0.000
       0.4335  0.00000E+00  0.00000E+00  0.10384E-06  0.00000E+00  0.32131E-07  0.00000E+00  0.00000E+00  0.78266E-09  0.00000E+00 -0.29673E-07 -0.10507E+03  0.00000E+00 -0.94866E+02  0.00000E+00  0.00000E+00  0.24258E+02  0.00000E+00  0.63214E-07     52  0.00000E+00      0.000
       0.4430  0.00000E+00  0.00000E+00  0.42492E-06  0.00000E+00 -0.64028E-07  0.00000E+00  0.00000E+00  0.48194E-08  0.00000E+00 -0.30282E-07 -0.10513E+03  0.00000E+00 -0.94811E+02  0.00000E+00  0.00000E+00  0.24258E+02  0.00000E+00  0.67251E-07     53  0.00000E+00      0.000
       0.4525  0.00000E+00  0.00000E+00  0.11153E-06  0.00000E+00  0.13271E-06  0.00000E+00  0.00000E+00  0.58789E-08  0.00000E+00 -0.29021E-07 -0.10518E+03  0.00000E+00 -0.94756E+02  0.00000E+00  0.00000E+00  0.24258E+02  0.00000E+00  0.68310E-07     54  0.00000E+00      0.000
       0.4620  0.00000E+00  0.00000E+00 -0.47171E-06  0.00000E+00  0.23935E-06  0.00000E+00  0.00000E+00  0.13976E-08  0.00000E+00 -0.26747E-07 -0.10524E+03  0.00000E+00 -0.94701E+02  0.00000E+00  0.00000E+00  0.24258E+02  0.00000E+00  0.68310E-07     55  0.00000E+00      0.000
       0.4715  0.00000E+00  0.00000E+00 -0.54250E-07  0.00000E+00  0.26776E-07  0.00000E+00  0.00000E+00  0.88220E-09  0.00000E+00 -0.26493E-07 -0.10529E+03  0.00000E+00 -0.94647E+02  0.00000E+00  0.00000E+00  0.24258E+02  0.00000E+00  0.68310E-07     56  0.00000E+00      0.000
       0.4810  0.00000E+00  0.00000E+00  0.10384E-06  0.00000E+00 -0.46380E-06  0.00000E+00  0.00000E+00  0.18687E-08  0.00000E+00 -0.30899E-07 -0.10534E+03  0.00000E+00 -0.94593E+02  0.00000E+00  0.00000E+00  0.24258E+02  0.00000E+00  0.69297E-07     57  0.00000E+00      0.000
       0.4905  0.00000E+00  0.00000E+00 -0.53784E-06  0.00000E+00  0.11362E-06  0.00000E+00  0.00000E+00 -0.32408E-08  0.00000E+00 -0.29819E-07 -0.10539E+03  0.00000E+00 -0.94540E+02  0.00000E+00  0.00000E+00  0.24258E+02  0.00000E+00  0.69297E-07     58  0.00000E+00      0.000
       0.5000  0.00000E+00  0.00000E+00 -0.23004E-06  0.00000E+00 -0.23120E-06  0.00000E+00  0.00000E+00 -0.54261E-08  0.00000E+00 -0.32016E-07 -0.10545E+03  0.00000E+00 -0.94491E+02  0.00000E+00  0.00000E+00  0.24258E+02  0.00000E+00  0.69297E-07     59  0.00000E+00      0.000
       0.5100  0.00000E+00  0.00000E+00  0.16298E-07  0.00000E+00 -0.36275E-06  0.00000E+00  0.00000E+00 -0.52631E-08  0.00000E+00 -0.35643E-07 -0.10550E+03  0.00000E+00 -0.94440E+02  0.00000E+00  0.00000E+00  0.24258E+02  0.00000E+00  0.69460E-07     60  0.00000E+00      0.000
       0.5200  0.00000E+00  0.00000E+00  0.10733E-06  0.00000E+00 -0.51898E-06  0.00000E+00  0.00000E+00 -0.41898E-08  0.00000E+00 -0.40833E-07 -0.10555E+03  0.00000E+00 -0.94391E+02  0.00000E+00  0.00000E+00  0.24258E+02  0.00000E+00  0.70533E-07     61  0.00000E+00      0.000
       0.5300  0.00000E+00  0.00000E+00  0.15239E-06  0.00000E+00 -0.46822E-06  0.00000E+00  0.00000E+00 -0.26659E-08  0.00000E+00 -0.45515E-07 -0.10561E+03  0.00000E+00 -0.94343E+02  0.00000E+00  0.00000E+00  0.24258E+02  0.00000E+00  0.72057E-07     62  0.00000E+00      0.000
       0.5395  0.00000E+00  0.00000E+00  0.53539E-06  0.00000E+00 -0.23260E-06  0.00000E+00  0.00000E+00  0.24203E-08  0.00000E+00 -0.47725E-07 -0.10566E+03  0.00000E+00 -0.94297E+02  0.00000E+00  0.00000E+00  0.24258E+02  0.00000E+00  0.77143E-07     63  0.00000E+00      0.000
       0.5490  0.00000E+00  0.00000E+00  0.52503E-06  0.00000E+00  0.13597E-06  0.00000E+00  0.00000E+00  0.74082E-08  0.00000E+00 -0.46433E-07 -0.10571E+03  0.00000E+00 -0.94251E+02  0.00000E+00  0.00000E+00  0.24258E+02  0.00000E+00  0.82131E-07     64  0.00000E+00      0.000
       0.5585  0.00000E+00  0.00000E+00  0.14901E-06  0.00000E+00 -0.38208E-06  0.00000E+00  0.00000E+00  0.88238E-08  0.00000E+00 -0.50063E-07 -0.10576E+03  0.00000E+00 -0.94206E+02  0.00000E+00  0.00000E+00  0.24258E+02  0.00000E+00  0.83547E-07     65  0.00000E+00      0.000
       0.5680  0.00000E+00  0.00000E+00  0.39954E-06  0.00000E+00  0.11036E-06  0.00000E+00  0.00000E+00  0.12619E-07  0.00000E+00 -0.49014E-07 -0.10580E+03  0.00000E+00 -0.94160E+02  0.00000E+00  0.00000E+00  0.24258E+02  0.00000E+00  0.87342E-07     66  0.00000E+00      0.000
       0.5775  0.00000E+00  0.00000E+00  0.52631E-06  0.00000E+00  0.30501E-07  0.00000E+00  0.00000E+00  0.17619E-07  0.00000E+00 -0.48725E-07 -0.10585E+03  0.00000E+00 -0.94115E+02  0.00000E+00  0.00000E+00  0.24258E+02  0.00000E+00  0.92342E-07     67  0.00000E+00      0.000
       0.5870  0.00000E+00  0.00000E+00 -0.11432E-06  0.00000E+00  0.28173E-07  0.00000E+00  0.00000E+00  0.16533E-07  0.00000E+00 -0.48457E-07 -0.10590E+03  0.00000E+00 -0.94069E+02  0.00000E+00  0.00000E+00  0.24258E+02  0.00000E+00  0.92342E-07     68  0.00000E+00      0.000
       0.5965  0.00000E+00  0.00000E+00  0.28790E-06  0.00000E+00 -0.52224E-06  0.00000E+00  0.00000E+00  0.19268E-07  0.00000E+00 -0.53418E-07 -0.10595E+03  0.00000E+00 -0.94024E+02  0.00000E+00  0.00000E+00  0.24258E+02  0.00000E+00  0.95077E-07     69  0.00000E+00      0.000
       0.6060  0.00000E+00  0.00000E+00 -0.38184E-06  0.00000E+00  0.11199E-06  0.00000E+00  0.00000E+00  0.15641E-07  0.00000E+00 -0.52354E-07 -0.10599E+03  0.00000E+00 -0.93979E+02  0.00000E+00  0.00000E+00  0.24258E+02  0.00000E+00  0.95077E-07     70  0.00000E+00      0.000
       0.6155  0.00000E+00  0.00000E+00  0.23143E-06  0.00000E+00 -0.57509E-06  0.00000E+00  0.00000E+00  0.17839E-07  0.00000E+00 -0.57818E-07 -0.10604E+03  0.00000E+00 -0.93935E+02  0.00000E+00  0.00000E+00  0.24258E+02  0.00000E+00  0.97276E-07     71  0.00000E+00      0.000
       0.6250  0.00000E+00  0.00000E+00  0.32515E-06  0.00000E+00  0.39884E-06  0.00000E+00  0.00000E+00  0.20928E-07  0.00000E+00 -0.54029E-07 -0.10609E+03  0.00000E+00 -0.93890E+02  0.00000E+00  0.00000E+00  0.24258E+02  0.00000E+00  0.10036E-06     72  0.00000E+00      0.000
       0.6350  0.00000E+00  0.00000E+00 -0.17951E-06  0.00000E+00 -0.24075E-06  0.00000E+00  0.00000E+00  0.19133E-07  0.00000E+00 -0.56436E-07 -0.10613E+03  0.00000E+00 -0.93843E+02  0.00000E+00  0.00000E+00  0.24258E+02  0.00000E+00  0.10036E-06     73  0.00000E+00      0.000
       0.6450  0.00000E+00  0.00000E+00  0.36205E-06  0.00000E+00 -0.15227E-06  0.00000E+00  0.00000E+00  0.22754E-07  0.00000E+00 -0.57959E-07 -0.10618E+03  0.00000E+00 -0.93797E+02  0.00000E+00  0.00000E+00  0.24258E+02  0.00000E+00  0.10399E-06     74  0.00000E+00      0.000
       0.6550  0.00000E+00  0.00000E+00 -0.85915E-07  0.00000E+00 -0.39116E-06  0.00000E+00  0.00000E+00  0.21895E-07  0.00000E+00 -0.61871E-07 -0.10623E+03  0.00000E+00 -0.93751E+02  0.00000E+00  0.00000E+00  0.24258E+02  0.00000E+00  0.10399E-06     75  0.00000E+00      0.000
       0.6645  0.00000E+00  0.00000E+00  0.10082E-06  0.00000E+00  0.94995E-07  0.00000E+00  0.00000E+00  0.22852E-07  0.00000E+00 -0.60968E-07 -0.10627E+03  0.00000E+00 -0.93707E+02  0.00000E+00  0.00000E+00  0.24258E+02  0.00000E+00  0.10494E-06     76  0.00000E+00      0.000
       0.6740  0.00000E+00  0.00000E+00 -0.18510E-06  0.00000E+00 -0.33830E-06  0.00000E+00  0.00000E+00  0.21094E-07  0.00000E+00 -0.64182E-07 -0.10632E+03  0.00000E+00 -0.93664E+02  0.00000E+00  0.00000E+00  0.24258E+02  0.00000E+00  0.10494E-06     77  0.00000E+00      0.000
       0.6835  0.00000E+00  0.00000E+00  0.35472E-06  0.00000E+00 -0.72410E-07  0.00000E+00  0.00000E+00  0.24464E-07  0.00000E+00 -0.64870E-07 -0.10636E+03  0.00000E+00 -0.93622E+02  0.00000E+00  0.00000E+00  0.24258E+02  0.00000E+00  0.10831E-06     78  0.00000E+00      0.000
       0.6930  0.00000E+00  0.00000E+00  0.53982E-06  0.00000E+00 -0.19232E-06  0.00000E+00  0.00000E+00  0.29592E-07  0.00000E+00 -0.66697E-07 -0.10641E+03  0.00000E+00 -0.93580E+02  0.00000E+00  0.00000E+00  0.24258E+02  0.00000E+00  0.11344E-06     79  0.00000E+00      0.000
       0.7025  0.00000E+00  0.00000E+00 -0.24866E-06  0.00000E+00  0.27195E-06  0.00000E+00  0.00000E+00  0.27230E-07  0.00000E+00 -0.64113E-07 -0.10645E+03  0.00000E+00 -0.93540E+02  0.00000E+00  0.00000E+00  0.24258E+02  0.00000E+00  0.11344E-06     80  0.00000E+00      0.000
       0.7120  0.00000E+00  0.00000E+00 -0.54715E-07  0.00000E+00  0.35693E-06  0.00000E+00  0.00000E+00  0.26710E-07  0.00000E+00 -0.60723E-07 -0.10649E+03  0.00000E+00 -0.93499E+02  0.00000E+00  0.00000E+00  0.24258E+02  0.00000E+00  0.11344E-06     81  0.00000E+00      0.000
       0.7215  0.00000E+00  0.00000E+00 -0.46100E-07  0.00000E+00  0.54482E-06  0.00000E+00  0.00000E+00  0.26272E-07  0.00000E+00 -0.55547E-07 -0.10654E+03  0.00000E+00 -0.93459E+02  0.00000E+00  0.00000E+00  0.24258E+02  0.00000E+00  0.11344E-06     82  0.00000E+00      0.000
       0.7310  0.00000E+00  0.00000E+00  0.77300E-07  0.00000E+00 -0.49849E-06  0.00000E+00  0.00000E+00  0.27006E-07  0.00000E+00 -0.60282E-07 -0.10658E+03  0.00000E+00 -0.93419E+02  0.00000E+00  0.00000E+00  0.24258E+02  0.00000E+00  0.11418E-06     83  0.00000E+00      0.000
       0.7405  0.00000E+00  0.00000E+00  0.25239E-06  0.00000E+00  0.10524E-06  0.00000E+00  0.00000E+00  0.29404E-07  0.00000E+00 -0.59283E-07 -0.10662E+03  0.00000E+00 -0.93380E+02  0.00000E+00  0.00000E+00  0.24258E+02  0.00000E+00  0.11657E-06     84  0.00000E+00      0.000
       0.7500  0.00000E+00  0.00000E+00  0.16147E-06  0.00000E+00 -0.14342E-06  0.00000E+00  0.00000E+00  0.30938E-07  0.00000E+00 -0.60645E-07 -0.10666E+03  0.00000E+00 -0.93341E+02  0.00000E+00  0.00000E+00  0.24258E+02  0.00000E+00  0.11811E-06     85  0.00000E+00      0.000
       0.7600  0.00000E+00  0.00000E+00 -0.18138E-06  0.00000E+00  0.50524E-07  0.00000E+00  0.00000E+00  0.29124E-07  0.00000E+00 -0.60140E-07 -0.10671E+03  0.00000E+00 -0.93300E+02  0.00000E+00  0.00000E+00  0.24258E+02  0.00000E+00  0.11811E-06     86  0.00000E+00      0.000
       0.7700  0.00000E+00  0.00000E+00 -0.48988E-06  0.00000E+00 -0.49709E-06  0.00000E+00  0.00000E+00  0.24225E-07  0.00000E+00 -0.65111E-07 -0.10675E+03  0.00000E+00 -0.93259E+02  0.00000E+00  0.00000E+00  0.24258E+02  0.00000E+00  0.11811E-06     87  0.00000E+00      0.000
       0.7800  0.00000E+00  0.00000E+00  0.11758E-07  0.00000E+00 -0.53551E-07  0.00000E+00  0.00000E+00  0.24343E-07  0.00000E+00 -0.65646E-07 -0.10679E+03  0.00000E+00 -0.93218E+02  0.00000E+00  0.00000E+00  0.24258E+02  0.00000E+00  0.11822E-06     88  0.00000E+00      0.000
       0.7895  0.00000E+00  0.00000E+00  0.16473E-06  0.00000E+00  0.60350E-06  0.00000E+00  0.00000E+00  0.25908E-07  0.00000E+00 -0.59913E-07 -0.10683E+03  0.00000E+00 -0.93179E+02  0.00000E+00  0.00000E+00  0.24258E+02  0.00000E+00  0.11979E-06     89  0.00000E+00      0.000
       0.7990  0.00000E+00  0.00000E+00  0.14703E-06  0.00000E+00  0.34738E-06  0.00000E+00  0.00000E+00  0.27305E-07  0.00000E+00 -0.56613E-07 -0.10688E+03  0.00000E+00 -0.93141E+02  0.00000E+00  0.00000E+00  0.24258E+02  0.00000E+00  0.12119E-06     90  0.00000E+00      0.000
       0.8085  0.00000E+00  0.00000E+00  0.52154E-07  0.00000E+00  0.34249E-06  0.00000E+00  0.00000E+00  0.27800E-07  0.00000E+00 -0.53359E-07 -0.10692E+03  0.00000E+00 -0.93102E+02  0.00000E+00  0.00000E+00  0.24258E+02  0.00000E+00  0.12168E-06     91  0.00000E+00      0.000
       0.8180  0.00000E+00  0.00000E+00  0.39069E-06  0.00000E+00 -0.26589E-06  0.00000E+00  0.00000E+00  0.31512E-07  0.00000E+00 -0.55885E-07 -0.10696E+03  0.00000E+00 -0.93064E+02  0.00000E+00  0.00000E+00  0.24258E+02  0.00000E+00  0.12539E-06     92  0.00000E+00      0.000
       0.8275  0.00000E+00  0.00000E+00 -0.31153E-06  0.00000E+00 -0.35623E-07  0.00000E+00  0.00000E+00  0.28552E-07  0.00000E+00 -0.56224E-07 -0.10700E+03  0.00000E+00 -0.93026E+02  0.00000E+00  0.00000E+00  0.24258E+02  0.00000E+00  0.12539E-06     93  0.00000E+00      0.000
       0.8370  0.00000E+00  0.00000E+00 -0.16321E-06  0.00000E+00  0.36834E-06  0.00000E+00  0.00000E+00  0.27002E-07  0.00000E+00 -0.52724E-07 -0.10704E+03  0.00000E+00 -0.92988E+02  0.00000E+00  0.00000E+00  0.24258E+02  0.00000E+00  0.12539E-06     94  0.00000E+00      0.000
       0.8465  0.00000E+00  0.00000E+00 -0.39814E-07  0.00000E+00 -0.53993E-06  0.00000E+00  0.00000E+00  0.26623E-07  0.00000E+00 -0.57854E-07 -0.10707E+03  0.00000E+00 -0.92950E+02  0.00000E+00  0.00000E+00  0.24258E+02  0.00000E+00  0.12539E-06     95  0.00000E+00      0.000
       0.8560  0.00000E+00  0.00000E+00 -0.26461E-06  0.00000E+00  0.29569E-06  0.00000E+00  0.00000E+00  0.24110E-07  0.00000E+00 -0.55045E-07 -0.10711E+03  0.00000E+00 -0.92912E+02  0.00000E+00  0.00000E+00  0.24258E+02  0.00000E+00  0.12539E-06     96  0.00000E+00      0.000
       0.8655  0.00000E+00  0.00000E+00  0.13539E-06  0.00000E+00  0.38184E-07  0.00000E+00  0.00000E+00  0.25396E-07  0.00000E+00 -0.54682E-07 -0.10715E+03  0.00000E+00 -0.92875E+02  0.00000E+00  0.00000E+00  0.24258E+02  0.00000E+00  0.12668E-06     97  0.00000E+00      0.000
       0.8750  0.00000E+00  0.00000E+00 -0.13818E-06  0.00000E+00  0.56170E-06  0.00000E+00  0.00000E+00  0.24083E-07  0.00000E+00 -0.49346E-07 -0.10719E+03  0.00000E+00 -0.92838E+02  0.00000E+00  0.00000E+00  0.24258E+02  0.00000E+00  0.12668E-06     98  0.00000E+00      0.000
       0.8850  0.00000E+00  0.00000E+00 -0.33702E-06  0.00000E+00 -0.22957E-06  0.00000E+00  0.00000E+00  0.20713E-07  0.00000E+00 -0.51642E-07 -0.10723E+03  0.00000E+00 -0.92799E+02  0.00000E+00  0.00000E+00  0.24258E+02  0.00000E+00  0.12668E-06     99  0.00000E+00      0.000
       0.8950  0.00000E+00  0.00000E+00 -0.33807E-06  0.00000E+00 -0.27020E-06  0.00000E+00  0.00000E+00  0.17332E-07  0.00000E+00 -0.54344E-07 -0.10727E+03  0.00000E+00 -0.92761E+02  0.00000E+00  0.00000E+00  0.24258E+02  0.00000E+00  0.12668E-06    100  0.00000E+00      0.000
       0.9050  0.00000E+00  0.00000E+00 -0.76136E-07  0.00000E+00 -0.27812E-06  0.00000E+00  0.00000E+00  0.16571E-07  0.00000E+00 -0.57125E-07 -0.10731E+03  0.00000E+00 -0.92723E+02  0.00000E+00  0.00000E+00  0.24258E+02  0.00000E+00  0.12668E-06    101  0.00000E+00      0.000
       0.9145  0.00000E+00  0.00000E+00  0.16869E-06  0.00000E+00  0.19895E-06  0.00000E+00  0.00000E+00  0.18173E-07  0.00000E+00 -0.55235E-07 -0.10735E+03  0.00000E+00 -0.92687E+02  0.00000E+00  0.00000E+00  0.24258E+02  0.00000E+00  0.12828E-06    102  0.00000E+00      0.000
       0.9240  0.00000E+00  0.00000E+00 -0.25250E-06  0.00000E+00  0.43865E-06  0.00000E+00  0.00000E+00  0.15775E-07  0.00000E+00 -0.51067E-07 -0.10739E+03  0.00000E+00 -0.92651E+02  0.00000E+00  0.00000E+00  0.24258E+02  0.00000E+00  0.12828E-06    103  0.00000E+00      0.000
       0.9335  0.00000E+00  0.00000E+00 -0.94296E-08  0.00000E+00  0.30827E-06  0.00000E+00  0.00000E+00  0.15685E-07  0.00000E+00 -0.48139E-07 -0.10743E+03  0.00000E+00 -0.92616E+02  0.00000E+00  0.00000E+00  0.24258E+02  0.00000E+00  0.12828E-06    104  0.00000E+00      0.000
       0.9430  0.00000E+00  0.00000E+00  0.21129E-06  0.00000E+00 -0.53900E-06  0.00000E+00  0.00000E+00  0.17692E-07  0.00000E+00 -0.53259E-07 -0.10746E+03  0.00000E+00 -0.92581E+02  0.00000E+00  0.00000E+00  0.24258E+02  0.00000E+00  0.13029E-06    105  0.00000E+00      0.000
       0.9525  0.00000E+00  0.00000E+00 -0.43190E-07  0.00000E+00 -0.32515E-06  0.00000E+00  0.00000E+00  0.17282E-07  0.00000E+00 -0.56348E-07 -0.10750E+03  0.00000E+00 -0.92546E+02  0.00000E+00  0.00000E+00  0.24258E+02  0.00000E+00  0.13029E-06    106  0.00000E+00      0.000
       0.9620  0.00000E+00  0.00000E+00  0.23900E-06  0.00000E+00 -0.28720E-06  0.00000E+00  0.00000E+00  0.19552E-07  0.00000E+00 -0.59077E-07 -0.10754E+03  0.00000E+00 -0.92511E+02  0.00000E+00  0.00000E+00  0.24258E+02  0.00000E+00  0.13256E-06    107  0.00000E+00      0.000
       0.9715  0.00000E+00  0.00000E+00 -0.28184E-06  0.00000E+00 -0.31292E-06  0.00000E+00  0.00000E+00  0.16875E-07  0.00000E+00 -0.62049E-07 -0.10757E+03  0.00000E+00 -0.92477E+02  0.00000E+00  0.00000E+00  0.24258E+02  0.00000E+00  0.13256E-06    108  0.00000E+00      0.000
       0.9810  0.00000E+00  0.00000E+00 -0.26356E-06  0.00000E+00  0.36985E-06  0.00000E+00  0.00000E+00  0.14371E-07  0.00000E+00 -0.58536E-07 -0.10761E+03  0.00000E+00 -0.92442E+02  0.00000E+00  0.00000E+00  0.24258E+02  0.00000E+00  0.13256E-06    109  0.00000E+00      0.000
       0.9905  0.00000E+00  0.00000E+00 -0.48999E-06  0.00000E+00  0.31001E-06  0.00000E+00  0.00000E+00  0.97161E-08  0.00000E+00 -0.55591E-07 -0.10765E+03  0.00000E+00 -0.92408E+02  0.00000E+00  0.00000E+00  0.24258E+02  0.00000E+00  0.13256E-06    110  0.00000E+00      0.000
       1.0000  0.00000E+00  0.00000E+00 -0.55647E-07  0.00000E+00  0.56461E-07  0.00000E+00  0.00000E+00  0.91875E-08  0.00000E+00 -0.55054E-07 -0.10768E+03  0.00000E+00 -0.92374E+02  0.00000E+00  0.00000E+00  0.24258E+02  0.00000E+00  0.13256E-06    111  0.00000E+00      0.000
       1.0100  0.00000E+00  0.00000E+00  0.41106E-06  0.00000E+00 -0.96508E-07  0.00000E+00  0.00000E+00  0.13298E-07  0.00000E+00 -0.56019E-07 -0.10772E+03  0.00000E+00 -0.92338E+02  0.00000E+00  0.00000E+00  0.24258E+02  0.00000E+00  0.13667E-06    112  0.00000E+00      0.000
       1.0200  0.00000E+00  0.00000E+00 -0.25844E-06  0.00000E+00  0.23702E-06  0.00000E+00  0.00000E+00  0.10714E-07  0.00000E+00 -0.53649E-07 -0.10776E+03  0.00000E+00 -0.92302E+02  0.00000E+00  0.00000E+00  0.24258E+02  0.00000E+00  0.13667E-06    113  0.00000E+00      0.000
       1.0300  0.00000E+00  0.00000E+00 -0.13376E-06  0.00000E+00  0.20314E-06  0.00000E+00  0.00000E+00  0.93761E-08  0.00000E+00 -0.51618E-07 -0.10779E+03  0.00000E+00 -0.92266E+02  0.00000E+00  0.00000E+00  0.24258E+02  0.00000E+00  0.13667E-06    114  0.00000E+00      0.000
       1.0395  0.00000E+00  0.00000E+00 -0.98022E-07  0.00000E+00 -0.33330E-06  0.00000E+00  0.00000E+00  0.84449E-08  0.00000E+00 -0.54784E-07 -0.10783E+03  0.00000E+00 -0.92233E+02  0.00000E+00  0.00000E+00  0.24258E+02  0.00000E+00  0.13667E-06    115  0.00000E+00      0.000
       1.0490  0.00000E+00  0.00000E+00  0.57754E-06  0.00000E+00  0.40513E-07  0.00000E+00  0.00000E+00  0.13931E-07  0.00000E+00 -0.54399E-07 -0.10787E+03  0.00000E+00 -0.92199E+02  0.00000E+00  0.00000E+00  0.24258E+02  0.00000E+00  0.14216E-06    116  0.00000E+00      0.000
       1.0585  0.00000E+00  0.00000E+00  0.56205E-06  0.00000E+00 -0.13586E-06  0.00000E+00  0.00000E+00  0.19271E-07  0.00000E+00 -0.55690E-07 -0.10790E+03  0.00000E+00 -0.92166E+02  0.00000E+00  0.00000E+00  0.24258E+02  0.00000E+00  0.14750E-06    117  0.00000E+00      0.000
       1.0680  0.00000E+00  0.00000E+00 -0.28173E-07  0.00000E+00 -0.13656E-06  0.00000E+00  0.00000E+00  0.19003E-07  0.00000E+00 -0.56987E-07 -0.10794E+03  0.00000E+00 -0.92132E+02  0.00000E+00  0.00000E+00  0.24258E+02  0.00000E+00  0.14750E-06    118  0.00000E+00      0.000
       1.0775  0.00000E+00  0.00000E+00  0.26030E-06  0.00000E+00 -0.99069E-07  0.00000E+00  0.00000E+00  0.21476E-07  0.00000E+00 -0.57928E-07 -0.10797E+03  0.00000E+00 -0.92099E+02  0.00000E+00  0.00000E+00  0.24258E+02  0.00000E+00  0.14997E-06    119  0.00000E+00      0.000
       1.0870  0.00000E+00  0.00000E+00 -0.36089E-06  0.00000E+00  0.33877E-07  0.00000E+00  0.00000E+00  0.18048E-07  0.00000E+00 -0.57606E-07 -0.10800E+03  0.00000E+00 -0.92066E+02  0.00000E+00  0.00000E+00  0.24258E+02  0.00000E+00  0.14997E-06    120  0.00000E+00      0.000
       1.0965  0.00000E+00  0.00000E+00  0.34564E-06  0.00000E+00 -0.22480E-06  0.00000E+00  0.00000E+00  0.21331E-07  0.00000E+00 -0.59742E-07 -0.10804E+03  0.00000E+00 -0.92033E+02  0.00000E+00  0.00000E+00  0.24258E+02  0.00000E+00  0.15325E-06    121  0.00000E+00      0.000
       1.1060  0.00000E+00  0.00000E+00 -0.19337E-06  0.00000E+00 -0.18079E-06  0.00000E+00  0.00000E+00  0.19494E-07  0.00000E+00 -0.61460E-07 -0.10807E+03  0.00000E+00 -0.92000E+02  0.00000E+00  0.00000E+00  0.24258E+02  0.00000E+00  0.15325E-06    122  0.00000E+00      0.000
       1.1155  0.00000E+00  0.00000E+00 -0.30047E-06  0.00000E+00 -0.52259E-06  0.00000E+00  0.00000E+00  0.16640E-07  0.00000E+00 -0.66424E-07 -0.10811E+03  0.00000E+00 -0.91967E+02  0.00000E+00  0.00000E+00  0.24258E+02  0.00000E+00  0.15325E-06    123  0.00000E+00      0.000
       1.1250  0.00000E+00  0.00000E+00  0.47707E-06  0.00000E+00 -0.37462E-06  0.00000E+00  0.00000E+00  0.21172E-07  0.00000E+00 -0.69983E-07 -0.10814E+03  0.00000E+00 -0.91935E+02  0.00000E+00  0.00000E+00  0.24258E+02  0.00000E+00  0.15779E-06    124  0.00000E+00      0.000
       1.1350  0.00000E+00  0.00000E+00  0.26124E-06  0.00000E+00  0.21595E-06  0.00000E+00  0.00000E+00  0.23784E-07  0.00000E+00 -0.67824E-07 -0.10818E+03  0.00000E+00 -0.91901E+02  0.00000E+00  0.00000E+00  0.24258E+02  0.00000E+00  0.16040E-06    125  0.00000E+00      0.000
       1.1450  0.00000E+00  0.00000E+00 -0.33178E-07  0.00000E+00  0.10349E-06  0.00000E+00  0.00000E+00  0.23453E-07  0.00000E+00 -0.66789E-07 -0.10821E+03  0.00000E+00 -0.91868E+02  0.00000E+00  0.00000E+00  0.24258E+02  0.00000E+00  0.16040E-06    126  0.00000E+00      0.000
       1.1550  0.00000E+00  0.00000E+00  0.40187E-06  0.00000E+00  0.19430E-06  0.00000E+00  0.00000E+00  0.27471E-07  0.00000E+00 -0.64846E-07 -0.10825E+03  0.00000E+00 -0.91834E+02  0.00000E+00  0.00000E+00  0.24258E+02  0.00000E+00  0.16442E-06    127  0.00000E+00      0.000
       1.1645  0.00000E+00  0.00000E+00  0.15518E-06  0.00000E+00 -0.25623E-06  0.00000E+00  0.00000E+00  0.28946E-07  0.00000E+00 -0.67280E-07 -0.10828E+03  0.00000E+00 -0.91802E+02  0.00000E+00  0.00000E+00  0.24258E+02  0.00000E+00  0.16589E-06    128  0.00000E+00      0.000
       1.1740  0.00000E+00  0.00000E+00 -0.48312E-06  0.00000E+00  0.13004E-06  0.00000E+00  0.00000E+00  0.24356E-07  0.00000E+00 -0.66045E-07 -0.10831E+03  0.00000E+00 -0.91771E+02  0.00000E+00  0.00000E+00  0.24258E+02  0.00000E+00  0.16589E-06    129  0.00000E+00      0.000
       1.1835  0.00000E+00  0.00000E+00 -0.96625E-08  0.00000E+00 -0.40536E-06  0.00000E+00  0.00000E+00  0.24264E-07  0.00000E+00 -0.69895E-07 -0.10835E+03  0.00000E+00 -0.91739E+02  0.00000E+00  0.00000E+00  0.24258E+02  0.00000E+00  0.16589E-06    130  0.00000E+00      0.000
       1.1930  0.00000E+00  0.00000E+00  0.45099E-06  0.00000E+00 -0.29837E-06  0.00000E+00  0.00000E+00  0.28549E-07  0.00000E+00 -0.72730E-07 -0.10838E+03  0.00000E+00 -0.91708E+02  0.00000E+00  0.00000E+00  0.24258E+02  0.00000E+00  0.17017E-06    131  0.00000E+00      0.000
       1.2025  0.00000E+00  0.00000E+00  0.33749E-06  0.00000E+00  0.95577E-07  0.00000E+00  0.00000E+00  0.31755E-07  0.00000E+00 -0.71822E-07 -0.10841E+03  0.00000E+00 -0.91677E+02  0.00000E+00  0.00000E+00  0.24258E+02  0.00000E+00  0.17338E-06    132  0.00000E+00      0.000
       1.2120  0.00000E+00  0.00000E+00 -0.12980E-06  0.00000E+00 -0.83935E-07  0.00000E+00  0.00000E+00  0.30522E-07  0.00000E+00 -0.72619E-07 -0.10845E+03  0.00000E+00 -0.91646E+02  0.00000E+00  0.00000E+00  0.24258E+02  0.00000E+00  0.17338E-06    133  0.00000E+00      0.000
       1.2215  0.00000E+00  0.00000E+00  0.29418E-06  0.00000E+00  0.16880E-07  0.00000E+00  0.00000E+00  0.33316E-07  0.00000E+00 -0.72459E-07 -0.10848E+03  0.00000E+00 -0.91615E+02  0.00000E+00  0.00000E+00  0.24258E+02  0.00000E+00  0.17618E-06    134  0.00000E+00      0.000
       1.2310  0.00000E+00  0.00000E+00  0.43190E-07  0.00000E+00 -0.64075E-06  0.00000E+00  0.00000E+00  0.33727E-07  0.00000E+00 -0.78546E-07 -0.10851E+03  0.00000E+00 -0.91584E+02  0.00000E+00  0.00000E+00  0.24258E+02  0.00000E+00  0.17659E-06    135  0.00000E+00      0.000
       1.2405  0.00000E+00  0.00000E+00 -0.34028E-06  0.00000E+00 -0.21653E-06  0.00000E+00  0.00000E+00  0.30494E-07  0.00000E+00 -0.80603E-07 -0.10854E+03  0.00000E+00 -0.91553E+02  0.00000E+00  0.00000E+00  0.24258E+02  0.00000E+00  0.17659E-06    136  0.00000E+00      0.000
       1.2500  0.00000E+00  0.00000E+00  0.26962E-06  0.00000E+00 -0.31048E-06  0.00000E+00  0.00000E+00  0.33055E-07  0.00000E+00 -0.83553E-07 -0.10857E+03  0.00000E+00 -0.91523E+02  0.00000E+00  0.00000E+00  0.24258E+02  0.00000E+00  0.17915E-06    137  0.00000E+00      0.000
       1.2600  0.00000E+00  0.00000E+00  0.24494E-06  0.00000E+00  0.28929E-06  0.00000E+00  0.00000E+00  0.35505E-07  0.00000E+00 -0.80660E-07 -0.10861E+03  0.00000E+00 -0.91491E+02  0.00000E+00  0.00000E+00  0.24258E+02  0.00000E+00  0.18160E-06    138  0.00000E+00      0.000
       1.2700  0.00000E+00  0.00000E+00 -0.61584E-07  0.00000E+00 -0.10268E-06  0.00000E+00  0.00000E+00  0.34889E-07  0.00000E+00 -0.81687E-07 -0.10864E+03  0.00000E+00 -0.91459E+02  0.00000E+00  0.00000E+00  0.24258E+02  0.00000E+00  0.18160E-06    139  0.00000E+00      0.000
       1.2800  0.00000E+00  0.00000E+00  0.59255E-07  0.00000E+00 -0.76834E-07  0.00000E+00  0.00000E+00  0.35481E-07  0.00000E+00 -0.82455E-07 -0.10868E+03  0.00000E+00 -0.91427E+02  0.00000E+00  0.00000E+00  0.24258E+02  0.00000E+00  0.18219E-06    140  0.00000E+00      0.000
       1.2895  0.00000E+00  0.00000E+00 -0.12491E-06  0.00000E+00  0.31933E-06  0.00000E+00  0.00000E+00  0.34295E-07  0.00000E+00 -0.79421E-07 -0.10871E+03  0.00000E+00 -0.91396E+02  0.00000E+00  0.00000E+00  0.24258E+02  0.00000E+00  0.18219E-06    141  0.00000E+00      0.000
       1.2990  0.00000E+00  0.00000E+00  0.42585E-06  0.00000E+00  0.19453E-06  0.00000E+00  0.00000E+00  0.38340E-07  0.00000E+00 -0.77573E-07 -0.10874E+03  0.00000E+00 -0.91366E+02  0.00000E+00  0.00000E+00  0.24258E+02  0.00000E+00  0.18623E-06    142  0.00000E+00      0.000
       1.3085  0.00000E+00  0.00000E+00  0.43353E-06  0.00000E+00  0.52433E-06  0.00000E+00  0.00000E+00  0.42459E-07  0.00000E+00 -0.72592E-07 -0.10877E+03  0.00000E+00 -0.91336E+02  0.00000E+00  0.00000E+00  0.24258E+02  0.00000E+00  0.19035E-06    143  0.00000E+00      0.000
       1.3180  0.00000E+00  0.00000E+00 -0.39814E-07  0.00000E+00  0.96392E-07  0.00000E+00  0.00000E+00  0.42081E-07  0.00000E+00 -0.71676E-07 -0.10880E+03  0.00000E+00 -0.91306E+02  0.00000E+00  0.00000E+00  0.24258E+02  0.00000E+00  0.19035E-06    144  0.00000E+00      0.000
       1.3275  0.00000E+00  0.00000E+00 -0.52270E-07  0.00000E+00  0.33644E-06  0.00000E+00  0.00000E+00  0.41584E-07  0.00000E+00 -0.68480E-07 -0.10883E+03  0.00000E+00 -0.91276E+02  0.00000E+00  0.00000E+00  0.24258E+02  0.00000E+00  0.19035E-06    145  0.00000E+00      0.000
       1.3370  0.00000E+00  0.00000E+00 -0.10955E-06  0.00000E+00  0.60687E-06  0.00000E+00  0.00000E+00  0.40543E-07  0.00000E+00 -0.62715E-07 -0.10886E+03  0.00000E+00 -0.91246E+02  0.00000E+00  0.00000E+00  0.24258E+02  0.00000E+00  0.19035E-06    146  0.00000E+00      0.000
       1.3465  0.00000E+00  0.00000E+00  0.29698E-06  0.00000E+00  0.19313E-06  0.00000E+00  0.00000E+00  0.43365E-07  0.00000E+00 -0.60880E-07 -0.10889E+03  0.00000E+00 -0.91217E+02  0.00000E+00  0.00000E+00  0.24258E+02  0.00000E+00  0.19317E-06    147  0.00000E+00      0.000
       1.3560  0.00000E+00  0.00000E+00  0.56520E-06  0.00000E+00 -0.32852E-06  0.00000E+00  0.00000E+00  0.48734E-07  0.00000E+00 -0.64001E-07 -0.10892E+03  0.00000E+00 -0.91187E+02  0.00000E+00  0.00000E+00  0.24258E+02  0.00000E+00  0.19854E-06    148  0.00000E+00      0.000
       1.3655  0.00000E+00  0.00000E+00 -0.48790E-06  0.00000E+00 -0.32422E-06  0.00000E+00  0.00000E+00  0.44099E-07  0.00000E+00 -0.67081E-07 -0.10896E+03  0.00000E+00 -0.91158E+02  0.00000E+00  0.00000E+00  0.24258E+02  0.00000E+00  0.19854E-06    149  0.00000E+00      0.000
       1.3750  0.00000E+00  0.00000E+00  0.10827E-06  0.00000E+00 -0.29104E-06  0.00000E+00  0.00000E+00  0.45127E-07  0.00000E+00 -0.69846E-07 -0.10899E+03  0.00000E+00 -0.91129E+02  0.00000E+00  0.00000E+00  0.24258E+02  0.00000E+00  0.19957E-06    150  0.00000E+00      0.000
       1.3850  0.00000E+00  0.00000E+00 -0.24098E-07  0.00000E+00  0.58988E-06  0.00000E+00  0.00000E+00  0.44886E-07  0.00000E+00 -0.63947E-07 -0.10902E+03  0.00000E+00 -0.91098E+02  0.00000E+00  0.00000E+00  0.24258E+02  0.00000E+00  0.19957E-06    151  0.00000E+00      0.000
       1.3950  0.00000E+00  0.00000E+00  0.18277E-06  0.00000E+00  0.53609E-06  0.00000E+00  0.00000E+00  0.46714E-07  0.00000E+00 -0.58586E-07 -0.10905E+03  0.00000E+00 -0.91067E+02  0.00000E+00  0.00000E+00  0.24258E+02  0.00000E+00  0.20140E-06    152  0.00000E+00      0.000
       1.4050  0.00000E+00  0.00000E+00  0.12747E-06  0.00000E+00  0.51223E-06  0.00000E+00  0.00000E+00  0.47989E-07  0.00000E+00 -0.53464E-07 -0.10908E+03  0.00000E+00 -0.91037E+02  0.00000E+00  0.00000E+00  0.24258E+02  0.00000E+00  0.20268E-06    153  0.00000E+00      0.000
       1.4145  0.00000E+00  0.00000E+00 -0.23504E-06  0.00000E+00 -0.53190E-06  0.00000E+00  0.00000E+00  0.45756E-07  0.00000E+00 -0.58517E-07 -0.10911E+03  0.00000E+00 -0.91008E+02  0.00000E+00  0.00000E+00  0.24258E+02  0.00000E+00  0.20268E-06    154  0.00000E+00      0.000
       1.4240  0.00000E+00  0.00000E+00 -0.55658E-06  0.00000E+00  0.61246E-06  0.00000E+00  0.00000E+00  0.40468E-07  0.00000E+00 -0.52699E-07 -0.10914E+03  0.00000E+00 -0.90979E+02  0.00000E+00  0.00000E+00  0.24258E+02  0.00000E+00  0.20268E-06    155  0.00000E+00      0.000
       1.4335  0.00000E+00  0.00000E+00 -0.23516E-06  0.00000E+00 -0.27346E-06  0.00000E+00  0.00000E+00  0.38234E-07  0.00000E+00 -0.55297E-07 -0.10917E+03  0.00000E+00 -0.90951E+02  0.00000E+00  0.00000E+00  0.24258E+02  0.00000E+00  0.20268E-06    156  0.00000E+00      0.000
       1.4430  0.00000E+00  0.00000E+00  0.21176E-06  0.00000E+00  0.43050E-06  0.00000E+00  0.00000E+00  0.40246E-07  0.00000E+00 -0.51207E-07 -0.10920E+03  0.00000E+00 -0.90922E+02  0.00000E+00  0.00000E+00  0.24258E+02  0.00000E+00  0.20469E-06    157  0.00000E+00      0.000
       1.4525  0.00000E+00  0.00000E+00  0.16543E-06  0.00000E+00  0.71945E-07  0.00000E+00  0.00000E+00  0.41818E-07  0.00000E+00 -0.50523E-07 -0.10923E+03  0.00000E+00 -0.90894E+02  0.00000E+00  0.00000E+00  0.24258E+02  0.00000E+00  0.20626E-06    158  0.00000E+00      0.000
       1.4620  0.00000E+00  0.00000E+00  0.28056E-07  0.00000E+00 -0.26636E-06  0.00000E+00  0.00000E+00  0.42084E-07  0.00000E+00 -0.53054E-07 -0.10926E+03  0.00000E+00 -0.90866E+02  0.00000E+00  0.00000E+00  0.24258E+02  0.00000E+00  0.20652E-06    159  0.00000E+00      0.000
       1.4715  0.00000E+00  0.00000E+00  0.44995E-06  0.00000E+00 -0.94739E-06  0.00000E+00  0.00000E+00  0.46359E-07  0.00000E+00 -0.62054E-07 -0.10929E+03  0.00000E+00 -0.90837E+02  0.00000E+00  0.00000E+00  0.24258E+02  0.00000E+00  0.21080E-06    160  0.00000E+00      0.000
       1.4810  0.00000E+00  0.00000E+00 -0.27113E-06  0.00000E+00  0.32247E-06  0.00000E+00  0.00000E+00  0.43783E-07  0.00000E+00 -0.58991E-07 -0.10932E+03  0.00000E+00 -0.90809E+02  0.00000E+00  0.00000E+00  0.24258E+02  0.00000E+00  0.21080E-06    161  0.00000E+00      0.000
       1.4905  0.00000E+00  0.00000E+00 -0.58208E-09  0.00000E+00 -0.68429E-06  0.00000E+00  0.00000E+00  0.43777E-07  0.00000E+00 -0.65491E-07 -0.10935E+03  0.00000E+00 -0.90781E+02  0.00000E+00  0.00000E+00  0.24258E+02  0.00000E+00  0.21080E-06    162  0.00000E+00      0.000
       1.5000  0.00000E+00  0.00000E+00  0.44820E-07  0.00000E+00 -0.83330E-06  0.00000E+00  0.00000E+00  0.44203E-07  0.00000E+00 -0.73408E-07 -0.10938E+03  0.00000E+00 -0.90753E+02  0.00000E+00  0.00000E+00  0.24258E+02  0.00000E+00  0.21123E-06    163  0.00000E+00      0.000
       1.5100  0.00000E+00  0.00000E+00  0.14086E-07  0.00000E+00 -0.80280E-06  0.00000E+00  0.00000E+00  0.44344E-07  0.00000E+00 -0.81436E-07 -0.10941E+03  0.00000E+00 -0.90724E+02  0.00000E+00  0.00000E+00  0.24258E+02  0.00000E+00  0.21137E-06    164  0.00000E+00      0.000
       1.5200  0.00000E+00  0.00000E+00  0.28941E-06  0.00000E+00 -0.12154E-06  0.00000E+00  0.00000E+00  0.47238E-07  0.00000E+00 -0.82651E-07 -0.10944E+03  0.00000E+00 -0.90694E+02  0.00000E+00  0.00000E+00  0.24258E+02  0.00000E+00  0.21426E-06    165  0.00000E+00      0.000
       1.5300  0.00000E+00  0.00000E+00  0.25379E-07  0.00000E+00 -0.18091E-06  0.00000E+00  0.00000E+00  0.47492E-07  0.00000E+00 -0.84460E-07 -0.10947E+03  0.00000E+00 -0.90665E+02  0.00000E+00  0.00000E+00  0.24258E+02  0.00000E+00  0.21451E-06    166  0.00000E+00      0.000
       1.5395  0.00000E+00  0.00000E+00 -0.35251E-06  0.00000E+00 -0.28766E-06  0.00000E+00  0.00000E+00  0.44143E-07  0.00000E+00 -0.87193E-07 -0.10950E+03  0.00000E+00 -0.90637E+02  0.00000E+00  0.00000E+00  0.24258E+02  0.00000E+00  0.21451E-06    167  0.00000E+00      0.000
       1.5490  0.00000E+00  0.00000E+00 -0.20745E-06  0.00000E+00  0.74634E-06  0.00000E+00  0.00000E+00  0.42172E-07  0.00000E+00 -0.80103E-07 -0.10953E+03  0.00000E+00 -0.90610E+02  0.00000E+00  0.00000E+00  0.24258E+02  0.00000E+00  0.21451E-06    168  0.00000E+00      0.000
       1.5585  0.00000E+00  0.00000E+00  0.14575E-06  0.00000E+00  0.23155E-06  0.00000E+00  0.00000E+00  0.43557E-07  0.00000E+00 -0.77903E-07 -0.10956E+03  0.00000E+00 -0.90582E+02  0.00000E+00  0.00000E+00  0.24258E+02  0.00000E+00  0.21590E-06    169  0.00000E+00      0.000
       1.5680  0.00000E+00  0.00000E+00  0.34994E-06  0.00000E+00 -0.26543E-06  0.00000E+00  0.00000E+00  0.46881E-07  0.00000E+00 -0.80424E-07 -0.10958E+03  0.00000E+00 -0.90555E+02  0.00000E+00  0.00000E+00  0.24258E+02  0.00000E+00  0.21922E-06    170  0.00000E+00      0.000
       1.5775  0.00000E+00  0.00000E+00  0.45751E-07  0.00000E+00 -0.37474E-06  0.00000E+00  0.00000E+00  0.47316E-07  0.00000E+00 -0.83985E-07 -0.10961E+03  0.00000E+00 -0.90527E+02  0.00000E+00  0.00000E+00  0.24258E+02  0.00000E+00  0.21966E-06    171  0.00000E+00      0.000
       1.5870  0.00000E+00  0.00000E+00  0.20955E-07  0.00000E+00 -0.96858E-07  0.00000E+00  0.00000E+00  0.47515E-07  0.00000E+00 -0.84905E-07 -0.10964E+03  0.00000E+00 -0.90500E+02  0.00000E+00  0.00000E+00  0.24258E+02  0.00000E+00  0.21986E-06    172  0.00000E+00      0.000
       1.5965  0.00000E+00  0.00000E+00 -0.10943E-07  0.00000E+00 -0.53528E-06  0.00000E+00  0.00000E+00  0.47411E-07  0.00000E+00 -0.89990E-07 -0.10967E+03  0.00000E+00 -0.90473E+02  0.00000E+00  0.00000E+00  0.24258E+02  0.00000E+00  0.21986E-06    173  0.00000E+00      0.000
       1.6060  0.00000E+00  0.00000E+00 -0.33574E-06  0.00000E+00 -0.58557E-06  0.00000E+00  0.00000E+00  0.44222E-07  0.00000E+00 -0.95553E-07 -0.10970E+03  0.00000E+00 -0.90446E+02  0.00000E+00  0.00000E+00  0.24258E+02  0.00000E+00  0.21986E-06    174  0.00000E+00      0.000
       1.6155  0.00000E+00  0.00000E+00  0.18813E-06  0.00000E+00  0.58173E-06  0.00000E+00  0.00000E+00  0.46009E-07  0.00000E+00 -0.90026E-07 -0.10972E+03  0.00000E+00 -0.90419E+02  0.00000E+00  0.00000E+00  0.24258E+02  0.00000E+00  0.22164E-06    175  0.00000E+00      0.000
       1.6250  0.00000E+00  0.00000E+00 -0.50571E-06  0.00000E+00  0.56915E-06  0.00000E+00  0.00000E+00  0.41205E-07  0.00000E+00 -0.84619E-07 -0.10975E+03  0.00000E+00 -0.90392E+02  0.00000E+00  0.00000E+00  0.24258E+02  0.00000E+00  0.22164E-06    176  0.00000E+00      0.000
       1.6350  0.00000E+00  0.00000E+00 -0.19709E-06  0.00000E+00  0.62829E-06  0.00000E+00  0.00000E+00  0.39234E-07  0.00000E+00 -0.78336E-07 -0.10978E+03  0.00000E+00 -0.90363E+02  0.00000E+00  0.00000E+00  0.24258E+02  0.00000E+00  0.22164E-06    177  0.00000E+00      0.000
       1.6450  0.00000E+00  0.00000E+00  0.50873E-06  0.00000E+00  0.60420E-07  0.00000E+00  0.00000E+00  0.44321E-07  0.00000E+00 -0.77732E-07 -0.10981E+03  0.00000E+00 -0.90335E+02  0.00000E+00  0.00000E+00  0.24258E+02  0.00000E+00  0.22673E-06    178  0.00000E+00      0.000
       1.6550  0.00000E+00  0.00000E+00 -0.28382E-06  0.00000E+00  0.10087E-05  0.00000E+00  0.00000E+00  0.41483E-07  0.00000E+00 -0.67645E-07 -0.10984E+03  0.00000E+00 -0.90307E+02  0.00000E+00  0.00000E+00  0.24258E+02  0.00000E+00  0.22673E-06    179  0.00000E+00      0.000
       1.6645  0.00000E+00  0.00000E+00  0.35088E-06  0.00000E+00  0.46706E-06  0.00000E+00  0.00000E+00  0.44816E-07  0.00000E+00 -0.63208E-07 -0.10987E+03  0.00000E+00 -0.90281E+02  0.00000E+00  0.00000E+00  0.24258E+02  0.00000E+00  0.23006E-06    180  0.00000E+00      0.000
       1.6740  0.00000E+00  0.00000E+00  0.26112E-06  0.00000E+00  0.55076E-06  0.00000E+00  0.00000E+00  0.47297E-07  0.00000E+00 -0.57976E-07 -0.10990E+03  0.00000E+00 -0.90254E+02  0.00000E+00  0.00000E+00  0.24258E+02  0.00000E+00  0.23255E-06    181  0.00000E+00      0.000
       1.6835  0.00000E+00  0.00000E+00  0.31141E-06  0.00000E+00 -0.46426E-06  0.00000E+00  0.00000E+00  0.50255E-07  0.00000E+00 -0.62386E-07 -0.10992E+03  0.00000E+00 -0.90228E+02  0.00000E+00  0.00000E+00  0.24258E+02  0.00000E+00  0.23550E-06    182  0.00000E+00      0.000
       1.6930  0.00000E+00  0.00000E+00  0.14307E-06  0.00000E+00  0.47800E-06  0.00000E+00  0.00000E+00  0.51614E-07  0.00000E+00 -0.57845E-07 -0.10995E+03  0.00000E+00 -0.90201E+02  0.00000E+00  0.00000E+00  0.24258E+02  0.00000E+00  0.23686E-06    183  0.00000E+00      0.000
       1.7025  0.00000E+00  0.00000E+00  0.39325E-06  0.00000E+00 -0.87800E-06  0.00000E+00  0.00000E+00  0.55350E-07  0.00000E+00 -0.66186E-07 -0.10998E+03  0.00000E+00 -0.90175E+02  0.00000E+00  0.00000E+00  0.24258E+02  0.00000E+00  0.24060E-06    184  0.00000E+00      0.000
       1.7120  0.00000E+00  0.00000E+00  0.21316E-06  0.00000E+00  0.16880E-06  0.00000E+00  0.00000E+00  0.57375E-07  0.00000E+00 -0.64582E-07 -0.11001E+03  0.00000E+00 -0.90149E+02  0.00000E+00  0.00000E+00  0.24258E+02  0.00000E+00  0.24262E-06    185  0.00000E+00      0.000
       1.7215  0.00000E+00  0.00000E+00  0.26776E-07  0.00000E+00  0.33586E-06  0.00000E+00  0.00000E+00  0.57630E-07  0.00000E+00 -0.61392E-07 -0.11003E+03  0.00000E+00 -0.90122E+02  0.00000E+00  0.00000E+00  0.24258E+02  0.00000E+00  0.24288E-06    186  0.00000E+00      0.000
       1.7310  0.00000E+00  0.00000E+00  0.46333E-07  0.00000E+00 -0.15821E-06  0.00000E+00  0.00000E+00  0.58070E-07  0.00000E+00 -0.62895E-07 -0.11006E+03  0.00000E+00 -0.90096E+02  0.00000E+00  0.00000E+00  0.24258E+02  0.00000E+00  0.24332E-06    187  0.00000E+00      0.000
       1.7405  0.00000E+00  0.00000E+00  0.59837E-07  0.00000E+00  0.11106E-06  0.00000E+00  0.00000E+00  0.58638E-07  0.00000E+00 -0.61840E-07 -0.11009E+03  0.00000E+00 -0.90070E+02  0.00000E+00  0.00000E+00  0.24258E+02  0.00000E+00  0.24389E-06    188  0.00000E+00      0.000
       1.7500  0.00000E+00  0.00000E+00  0.67404E-07  0.00000E+00 -0.79954E-06  0.00000E+00  0.00000E+00  0.59279E-07  0.00000E+00 -0.69435E-07 -0.11011E+03  0.00000E+00 -0.90044E+02  0.00000E+00  0.00000E+00  0.24258E+02  0.00000E+00  0.24453E-06    189  0.00000E+00      0.000
       1.7600  0.00000E+00  0.00000E+00  0.13597E-06  0.00000E+00 -0.46636E-06  0.00000E+00  0.00000E+00  0.60638E-07  0.00000E+00 -0.74099E-07 -0.11014E+03  0.00000E+00 -0.90017E+02  0.00000E+00  0.00000E+00  0.24258E+02  0.00000E+00  0.24589E-06    190  0.00000E+00      0.000
       1.7700  0.00000E+00  0.00000E+00 -0.41409E-06  0.00000E+00 -0.81223E-06  0.00000E+00  0.00000E+00  0.56498E-07  0.00000E+00 -0.82221E-07 -0.11017E+03  0.00000E+00 -0.89990E+02  0.00000E+00  0.00000E+00  0.24258E+02  0.00000E+00  0.24589E-06    191  0.00000E+00      0.000
       1.7800  0.00000E+00  0.00000E+00 -0.11246E-06  0.00000E+00  0.33248E-06  0.00000E+00  0.00000E+00  0.55373E-07  0.00000E+00 -0.78896E-07 -0.11020E+03  0.00000E+00 -0.89963E+02  0.00000E+00  0.00000E+00  0.24258E+02  0.00000E+00  0.24589E-06    192  0.00000E+00      0.000
       1.7895  0.00000E+00  0.00000E+00  0.31723E-06  0.00000E+00 -0.12864E-06  0.00000E+00  0.00000E+00  0.58387E-07  0.00000E+00 -0.80118E-07 -0.11022E+03  0.00000E+00 -0.89937E+02  0.00000E+00  0.00000E+00  0.24258E+02  0.00000E+00  0.24890E-06    193  0.00000E+00      0.000
       1.7990  0.00000E+00  0.00000E+00 -0.12561E-06  0.00000E+00  0.10374E-05  0.00000E+00  0.00000E+00  0.57193E-07  0.00000E+00 -0.70263E-07 -0.11025E+03  0.00000E+00 -0.89911E+02  0.00000E+00  0.00000E+00  0.24258E+02  0.00000E+00  0.24890E-06    194  0.00000E+00      0.000
       1.8085  0.00000E+00  0.00000E+00  0.21071E-06  0.00000E+00  0.21153E-06  0.00000E+00  0.00000E+00  0.59195E-07  0.00000E+00 -0.68254E-07 -0.11028E+03  0.00000E+00 -0.89886E+02  0.00000E+00  0.00000E+00  0.24258E+02  0.00000E+00  0.25090E-06    195  0.00000E+00      0.000
       1.8180  0.00000E+00  0.00000E+00 -0.45227E-06  0.00000E+00 -0.54308E-06  0.00000E+00  0.00000E+00  0.54898E-07  0.00000E+00 -0.73413E-07 -0.11030E+03  0.00000E+00 -0.89860E+02  0.00000E+00  0.00000E+00  0.24258E+02  0.00000E+00  0.25090E-06    196  0.00000E+00      0.000
       1.8275  0.00000E+00  0.00000E+00 -0.71013E-07  0.00000E+00 -0.52981E-06  0.00000E+00  0.00000E+00  0.54224E-07  0.00000E+00 -0.78446E-07 -0.11033E+03  0.00000E+00 -0.89835E+02  0.00000E+00  0.00000E+00  0.24258E+02  0.00000E+00  0.25090E-06    197  0.00000E+00      0.000
       1.8370  0.00000E+00  0.00000E+00  0.39348E-07  0.00000E+00  0.68569E-06  0.00000E+00  0.00000E+00  0.54598E-07  0.00000E+00 -0.71932E-07 -0.11036E+03  0.00000E+00 -0.89809E+02  0.00000E+00  0.00000E+00  0.24258E+02  0.00000E+00  0.25128E-06    198  0.00000E+00      0.000
       1.8465  0.00000E+00  0.00000E+00 -0.10361E-07  0.00000E+00  0.29337E-06  0.00000E+00  0.00000E+00  0.54499E-07  0.00000E+00 -0.69145E-07 -0.11038E+03  0.00000E+00 -0.89784E+02  0.00000E+00  0.00000E+00  0.24258E+02  0.00000E+00  0.25128E-06    199  0.00000E+00      0.000
       1.8560  0.00000E+00  0.00000E+00 -0.48487E-06  0.00000E+00 -0.33528E-07  0.00000E+00  0.00000E+00  0.49893E-07  0.00000E+00 -0.69464E-07 -0.11041E+03  0.00000E+00 -0.89759E+02  0.00000E+00  0.00000E+00  0.24258E+02  0.00000E+00  0.25128E-06    200  0.00000E+00      0.000
       1.8655  0.00000E+00  0.00000E+00 -0.17916E-06  0.00000E+00 -0.15832E-07  0.00000E+00  0.00000E+00  0.48191E-07  0.00000E+00 -0.69614E-07 -0.11043E+03  0.00000E+00 -0.89733E+02  0.00000E+00  0.00000E+00  0.24258E+02  0.00000E+00  0.25128E-06    201  0.00000E+00      0.000
       1.8750  0.00000E+00  0.00000E+00  0.12119E-06  0.00000E+00 -0.69651E-06  0.00000E+00  0.00000E+00  0.49342E-07  0.00000E+00 -0.76231E-07 -0.11046E+03  0.00000E+00 -0.89708E+02  0.00000E+00  0.00000E+00  0.24258E+02  0.00000E+00  0.25243E-06    202  0.00000E+00      0.000
       1.8850  0.00000E+00  0.00000E+00  0.26065E-06  0.00000E+00  0.46892E-06  0.00000E+00  0.00000E+00  0.51949E-07  0.00000E+00 -0.71542E-07 -0.11049E+03  0.00000E+00 -0.89682E+02  0.00000E+00  0.00000E+00  0.24258E+02  0.00000E+00  0.25503E-06    203  0.00000E+00      0.000
       1.8950  0.00000E+00  0.00000E+00  0.52969E-07  0.00000E+00 -0.64727E-07  0.00000E+00  0.00000E+00  0.52478E-07  0.00000E+00 -0.72189E-07 -0.11051E+03  0.00000E+00 -0.89656E+02  0.00000E+00  0.00000E+00  0.24258E+02  0.00000E+00  0.25556E-06    204  0.00000E+00      0.000
       1.9050  0.00000E+00  0.00000E+00 -0.13050E-06  0.00000E+00  0.14354E-06  0.00000E+00  0.00000E+00  0.51173E-07  0.00000E+00 -0.70754E-07 -0.11054E+03  0.00000E+00 -0.89629E+02  0.00000E+00  0.00000E+00  0.24258E+02  0.00000E+00  0.25556E-06    205  0.00000E+00      0.000
       1.9145  0.00000E+00  0.00000E+00  0.44808E-06  0.00000E+00 -0.11467E-06  0.00000E+00  0.00000E+00  0.55430E-07  0.00000E+00 -0.71843E-07 -0.11057E+03  0.00000E+00 -0.89605E+02  0.00000E+00  0.00000E+00  0.24258E+02  0.00000E+00  0.25982E-06    206  0.00000E+00      0.000
       1.9240  0.00000E+00  0.00000E+00 -0.61584E-07  0.00000E+00  0.41432E-06  0.00000E+00  0.00000E+00  0.54845E-07  0.00000E+00 -0.67907E-07 -0.11059E+03  0.00000E+00 -0.89580E+02  0.00000E+00  0.00000E+00  0.24258E+02  0.00000E+00  0.25982E-06    207  0.00000E+00      0.000
       1.9335  0.00000E+00  0.00000E+00  0.20873E-06  0.00000E+00 -0.19174E-06  0.00000E+00  0.00000E+00  0.56828E-07  0.00000E+00 -0.69729E-07 -0.11062E+03  0.00000E+00 -0.89555E+02  0.00000E+00  0.00000E+00  0.24258E+02  0.00000E+00  0.26180E-06    208  0.00000E+00      0.000
       1.9430  0.00000E+00  0.00000E+00  0.58091E-07  0.00000E+00  0.36194E-06  0.00000E+00  0.00000E+00  0.57380E-07  0.00000E+00 -0.66290E-07 -0.11064E+03  0.00000E+00 -0.89530E+02  0.00000E+00  0.00000E+00  0.24258E+02  0.00000E+00  0.26236E-06    209  0.00000E+00      0.000
       1.9525  0.00000E+00  0.00000E+00 -0.25739E-06  0.00000E+00  0.92923E-06  0.00000E+00  0.00000E+00  0.54935E-07  0.00000E+00 -0.57462E-07 -0.11067E+03  0.00000E+00 -0.89506E+02  0.00000E+00  0.00000E+00  0.24258E+02  0.00000E+00  0.26236E-06    210  0.00000E+00      0.000
       1.9620  0.00000E+00  0.00000E+00  0.20571E-06  0.00000E+00 -0.44354E-06  0.00000E+00  0.00000E+00  0.56889E-07  0.00000E+00 -0.61676E-07 -0.11069E+03  0.00000E+00 -0.89481E+02  0.00000E+00  0.00000E+00  0.24258E+02  0.00000E+00  0.26431E-06    211  0.00000E+00      0.000
       1.9715  0.00000E+00  0.00000E+00  0.41444E-07  0.00000E+00  0.56438E-06  0.00000E+00  0.00000E+00  0.57283E-07  0.00000E+00 -0.56315E-07 -0.11072E+03  0.00000E+00 -0.89457E+02  0.00000E+00  0.00000E+00  0.24258E+02  0.00000E+00  0.26470E-06    212  0.00000E+00      0.000
       1.9810  0.00000E+00  0.00000E+00 -0.82073E-07  0.00000E+00  0.14552E-07  0.00000E+00  0.00000E+00  0.56503E-07  0.00000E+00 -0.56176E-07 -0.11074E+03  0.00000E+00 -0.89432E+02  0.00000E+00  0.00000E+00  0.24258E+02  0.00000E+00  0.26470E-06    213  0.00000E+00      0.000
       1.9905  0.00000E+00  0.00000E+00  0.32241E-06  0.00000E+00 -0.14005E-06  0.00000E+00  0.00000E+00  0.59566E-07  0.00000E+00 -0.57507E-07 -0.11077E+03  0.00000E+00 -0.89408E+02  0.00000E+00  0.00000E+00  0.24258E+02  0.00000E+00  0.26777E-06    214  0.00000E+00      0.000
       2.0000  0.00000E+00  0.00000E+00  0.18964E-06  0.00000E+00  0.10175E-06  0.00000E+00  0.00000E+00  0.61367E-07  0.00000E+00 -0.56540E-07 -0.11079E+03  0.00000E+00 -0.89383E+02  0.00000E+00  0.00000E+00  0.24258E+02  0.00000E+00  0.26957E-06    215  0.00000E+00      0.000
       2.0100  0.00000E+00  0.00000E+00  0.41793E-06  0.00000E+00  0.14587E-06  0.00000E+00  0.00000E+00  0.65547E-07  0.00000E+00 -0.55081E-07 -0.11082E+03  0.00000E+00 -0.89358E+02  0.00000E+00  0.00000E+00  0.24258E+02  0.00000E+00  0.27375E-06    216  0.00000E+00      0.000
       2.0200  0.00000E+00  0.00000E+00  0.13766E-06  0.00000E+00  0.11676E-06  0.00000E+00  0.00000E+00  0.66923E-07  0.00000E+00 -0.53914E-07 -0.11085E+03  0.00000E+00 -0.89332E+02  0.00000E+00  0.00000E+00  0.24258E+02  0.00000E+00  0.27512E-06    217  0.00000E+00      0.000
       2.0300  0.00000E+00  0.00000E+00  0.10285E-06  0.00000E+00 -0.28650E-06  0.00000E+00  0.00000E+00  0.67952E-07  0.00000E+00 -0.56779E-07 -0.11087E+03  0.00000E+00 -0.89307E+02  0.00000E+00  0.00000E+00  0.24258E+02  0.00000E+00  0.27615E-06    218  0.00000E+00      0.000
       2.0395  0.00000E+00  0.00000E+00 -0.32363E-07  0.00000E+00  0.24191E-06  0.00000E+00  0.00000E+00  0.67644E-07  0.00000E+00 -0.54481E-07 -0.11090E+03  0.00000E+00 -0.89283E+02  0.00000E+00  0.00000E+00  0.24258E+02  0.00000E+00  0.27615E-06    219  0.00000E+00      0.000
       2.0490  0.00000E+00  0.00000E+00  0.18219E-06  0.00000E+00 -0.62177E-06  0.00000E+00  0.00000E+00  0.69375E-07  0.00000E+00 -0.60387E-07 -0.11092E+03  0.00000E+00 -0.89259E+02  0.00000E+00  0.00000E+00  0.24258E+02  0.00000E+00  0.27788E-06    220  0.00000E+00      0.000
       2.0585  0.00000E+00  0.00000E+00  0.39238E-06  0.00000E+00 -0.69989E-06  0.00000E+00  0.00000E+00  0.73103E-07  0.00000E+00 -0.67036E-07 -0.11095E+03  0.00000E+00 -0.89235E+02  0.00000E+00  0.00000E+00  0.24258E+02  0.00000E+00  0.28161E-06    221  0.00000E+00      0.000
       2.0680  0.00000E+00  0.00000E+00  0.39226E-06  0.00000E+00 -0.36345E-06  0.00000E+00  0.00000E+00  0.76829E-07  0.00000E+00 -0.70489E-07 -0.11097E+03  0.00000E+00 -0.89211E+02  0.00000E+00  0.00000E+00  0.24258E+02  0.00000E+00  0.28534E-06    222  0.00000E+00      0.000
       2.0775  0.00000E+00  0.00000E+00  0.15483E-07  0.00000E+00  0.36892E-06  0.00000E+00  0.00000E+00  0.76976E-07  0.00000E+00 -0.66984E-07 -0.11100E+03  0.00000E+00 -0.89187E+02  0.00000E+00  0.00000E+00  0.24258E+02  0.00000E+00  0.28548E-06    223  0.00000E+00      0.000
       2.0870  0.00000E+00  0.00000E+00 -0.19878E-06  0.00000E+00  0.10970E-05  0.00000E+00  0.00000E+00  0.75088E-07  0.00000E+00 -0.56563E-07 -0.11102E+03  0.00000E+00 -0.89163E+02  0.00000E+00  0.00000E+00  0.24258E+02  0.00000E+00  0.28548E-06    224  0.00000E+00      0.000
       2.0965  0.00000E+00  0.00000E+00 -0.44005E-07  0.00000E+00  0.28161E-06  0.00000E+00  0.00000E+00  0.74670E-07  0.00000E+00 -0.53888E-07 -0.11105E+03  0.00000E+00 -0.89139E+02  0.00000E+00  0.00000E+00  0.24258E+02  0.00000E+00  0.28548E-06    225  0.00000E+00      0.000
       2.1060  0.00000E+00  0.00000E+00  0.14529E-06  0.00000E+00 -0.52538E-06  0.00000E+00  0.00000E+00  0.76050E-07  0.00000E+00 -0.58879E-07 -0.11107E+03  0.00000E+00 -0.89115E+02  0.00000E+00  0.00000E+00  0.24258E+02  0.00000E+00  0.28686E-06    226  0.00000E+00      0.000
       2.1155  0.00000E+00  0.00000E+00  0.12451E-06  0.00000E+00  0.24540E-06  0.00000E+00  0.00000E+00  0.77233E-07  0.00000E+00 -0.56548E-07 -0.11109E+03  0.00000E+00 -0.89092E+02  0.00000E+00  0.00000E+00  0.24258E+02  0.00000E+00  0.28805E-06    227  0.00000E+00      0.000
       2.1250  0.00000E+00  0.00000E+00  0.30536E-06  0.00000E+00 -0.15250E-06  0.00000E+00  0.00000E+00  0.80134E-07  0.00000E+00 -0.57996E-07 -0.11112E+03  0.00000E+00 -0.89068E+02  0.00000E+00  0.00000E+00  0.24258E+02  0.00000E+00  0.29095E-06    228  0.00000E+00      0.000
       2.1350  0.00000E+00  0.00000E+00  0.18644E-06  0.00000E+00 -0.56345E-07  0.00000E+00  0.00000E+00  0.81998E-07  0.00000E+00 -0.58560E-07 -0.11114E+03  0.00000E+00 -0.89043E+02  0.00000E+00  0.00000E+00  0.24258E+02  0.00000E+00  0.29281E-06    229  0.00000E+00      0.000
       2.1450  0.00000E+00  0.00000E+00 -0.23341E-06  0.00000E+00  0.37125E-06  0.00000E+00  0.00000E+00  0.79664E-07  0.00000E+00 -0.54847E-07 -0.11117E+03  0.00000E+00 -0.89018E+02  0.00000E+00  0.00000E+00  0.24258E+02  0.00000E+00  0.29281E-06    230  0.00000E+00      0.000
       2.1550  0.00000E+00  0.00000E+00  0.14377E-07  0.00000E+00  0.49220E-06  0.00000E+00  0.00000E+00  0.79808E-07  0.00000E+00 -0.49925E-07 -0.11119E+03  0.00000E+00 -0.88994E+02  0.00000E+00  0.00000E+00  0.24258E+02  0.00000E+00  0.29296E-06    231  0.00000E+00      0.000
       2.1645  0.00000E+00  0.00000E+00  0.68336E-07  0.00000E+00 -0.64925E-06  0.00000E+00  0.00000E+00  0.80457E-07  0.00000E+00 -0.56093E-07 -0.11122E+03  0.00000E+00 -0.88970E+02  0.00000E+00  0.00000E+00  0.24258E+02  0.00000E+00  0.29361E-06    232  0.00000E+00      0.000
       2.1740  0.00000E+00  0.00000E+00 -0.95461E-08  0.00000E+00  0.57206E-06  0.00000E+00  0.00000E+00  0.80366E-07  0.00000E+00 -0.50659E-07 -0.11124E+03  0.00000E+00 -0.88947E+02  0.00000E+00  0.00000E+00  0.24258E+02  0.00000E+00  0.29361E-06    233  0.00000E+00      0.000
       2.1835  0.00000E+00  0.00000E+00 -0.43353E-06  0.00000E+00 -0.94238E-06  0.00000E+00  0.00000E+00  0.76248E-07  0.00000E+00 -0.59611E-07 -0.11127E+03  0.00000E+00 -0.88923E+02  0.00000E+00  0.00000E+00  0.24258E+02  0.00000E+00  0.29361E-06    234  0.00000E+00      0.000
       2.1930  0.00000E+00  0.00000E+00  0.94005E-07  0.00000E+00  0.69058E-06  0.00000E+00  0.00000E+00  0.77141E-07  0.00000E+00 -0.53051E-07 -0.11129E+03  0.00000E+00 -0.88900E+02  0.00000E+00  0.00000E+00  0.24258E+02  0.00000E+00  0.29450E-06    235  0.00000E+00      0.000
       2.2025  0.00000E+00  0.00000E+00 -0.16601E-06  0.00000E+00  0.76497E-06  0.00000E+00  0.00000E+00  0.75564E-07  0.00000E+00 -0.45784E-07 -0.11131E+03  0.00000E+00 -0.88877E+02  0.00000E+00  0.00000E+00  0.24258E+02  0.00000E+00  0.29450E-06    236  0.00000E+00      0.000
       2.2120  0.00000E+00  0.00000E+00  0.15105E-06  0.00000E+00 -0.33120E-06  0.00000E+00  0.00000E+00  0.76999E-07  0.00000E+00 -0.48930E-07 -0.11134E+03  0.00000E+00 -0.88854E+02  0.00000E+00  0.00000E+00  0.24258E+02  0.00000E+00  0.29593E-06    237  0.00000E+00      0.000
       2.2215  0.00000E+00  0.00000E+00 -0.11548E-06  0.00000E+00 -0.23632E-06  0.00000E+00  0.00000E+00  0.75902E-07  0.00000E+00 -0.51175E-07 -0.11136E+03  0.00000E+00 -0.88830E+02  0.00000E+00  0.00000E+00  0.24258E+02  0.00000E+00  0.29593E-06    238  0.00000E+00      0.000
       2.2310  0.00000E+00  0.00000E+00  0.22392E-06  0.00000E+00  0.25379E-06  0.00000E+00  0.00000E+00  0.78029E-07  0.00000E+00 -0.48764E-07 -0.11139E+03  0.00000E+00 -0.88807E+02  0.00000E+00  0.00000E+00  0.24258E+02  0.00000E+00  0.29806E-06    239  0.00000E+00      0.000
       2.2405  0.00000E+00  0.00000E+00 -0.25408E-06  0.00000E+00  0.36694E-06  0.00000E+00  0.00000E+00  0.75615E-07  0.00000E+00 -0.45278E-07 -0.11141E+03  0.00000E+00 -0.88784E+02  0.00000E+00  0.00000E+00  0.24258E+02  0.00000E+00  0.29806E-06    240  0.00000E+00      0.000
       2.2500  0.00000E+00  0.00000E+00 -0.15344E-06  0.00000E+00 -0.69442E-06  0.00000E+00  0.00000E+00  0.74158E-07  0.00000E+00 -0.51875E-07 -0.11143E+03  0.00000E+00 -0.88761E+02  0.00000E+00  0.00000E+00  0.24258E+02  0.00000E+00  0.29806E-06    241  0.00000E+00      0.000
       2.2600  0.00000E+00  0.00000E+00  0.51223E-08  0.00000E+00  0.16263E-06  0.00000E+00  0.00000E+00  0.74209E-07  0.00000E+00 -0.50249E-07 -0.11146E+03  0.00000E+00 -0.88737E+02  0.00000E+00  0.00000E+00  0.24258E+02  0.00000E+00  0.29811E-06    242  0.00000E+00      0.000
       2.2700  0.00000E+00  0.00000E+00  0.41450E-06  0.00000E+00  0.70932E-06  0.00000E+00  0.00000E+00  0.78354E-07  0.00000E+00 -0.43156E-07 -0.11148E+03  0.00000E+00 -0.88713E+02  0.00000E+00  0.00000E+00  0.24258E+02  0.00000E+00  0.30226E-06    243  0.00000E+00      0.000
       2.2800  0.00000E+00  0.00000E+00 -0.12736E-06  0.00000E+00  0.56496E-06  0.00000E+00  0.00000E+00  0.77080E-07  0.00000E+00 -0.37506E-07 -0.11151E+03  0.00000E+00 -0.88689E+02  0.00000E+00  0.00000E+00  0.24258E+02  0.00000E+00  0.30226E-06    244  0.00000E+00      0.000
       2.2895  0.00000E+00  0.00000E+00  0.19459E-06  0.00000E+00  0.88266E-06  0.00000E+00  0.00000E+00  0.78929E-07  0.00000E+00 -0.29121E-07 -0.11153E+03  0.00000E+00 -0.88666E+02  0.00000E+00  0.00000E+00  0.24258E+02  0.00000E+00  0.30411E-06    245  0.00000E+00      0.000
       2.2990  0.00000E+00  0.00000E+00  0.76368E-07  0.00000E+00  0.10353E-05  0.00000E+00  0.00000E+00  0.79654E-07  0.00000E+00 -0.19286E-07 -0.11155E+03  0.00000E+00 -0.88643E+02  0.00000E+00  0.00000E+00  0.24258E+02  0.00000E+00  0.30483E-06    246  0.00000E+00      0.000
       2.3085  0.00000E+00  0.00000E+00  0.38376E-06  0.00000E+00  0.42003E-06  0.00000E+00  0.00000E+00  0.83300E-07  0.00000E+00 -0.15295E-07 -0.11158E+03  0.00000E+00 -0.88621E+02  0.00000E+00  0.00000E+00  0.24258E+02  0.00000E+00  0.30848E-06    247  0.00000E+00      0.000
       2.3180  0.00000E+00  0.00000E+00 -0.32235E-06  0.00000E+00  0.58615E-06  0.00000E+00  0.00000E+00  0.80238E-07  0.00000E+00 -0.97269E-08 -0.11160E+03  0.00000E+00 -0.88598E+02  0.00000E+00  0.00000E+00  0.24258E+02  0.00000E+00  0.30848E-06    248  0.00000E+00      0.000
       2.3275  0.00000E+00  0.00000E+00  0.53656E-06  0.00000E+00 -0.12456E-07  0.00000E+00  0.00000E+00  0.85335E-07  0.00000E+00 -0.98452E-08 -0.11162E+03  0.00000E+00 -0.88575E+02  0.00000E+00  0.00000E+00  0.24258E+02  0.00000E+00  0.31357E-06    249  0.00000E+00      0.000
       2.3370  0.00000E+00  0.00000E+00 -0.15285E-06  0.00000E+00  0.16869E-06  0.00000E+00  0.00000E+00  0.83883E-07  0.00000E+00 -0.82427E-08 -0.11165E+03  0.00000E+00 -0.88553E+02  0.00000E+00  0.00000E+00  0.24258E+02  0.00000E+00  0.31357E-06    250  0.00000E+00      0.000
       2.3465  0.00000E+00  0.00000E+00 -0.28597E-06  0.00000E+00 -0.41455E-06  0.00000E+00  0.00000E+00  0.81166E-07  0.00000E+00 -0.12181E-07 -0.11167E+03  0.00000E+00 -0.88530E+02  0.00000E+00  0.00000E+00  0.24258E+02  0.00000E+00  0.31357E-06    251  0.00000E+00      0.000
       2.3560  0.00000E+00  0.00000E+00 -0.18335E-07  0.00000E+00 -0.61793E-06  0.00000E+00  0.00000E+00  0.80992E-07  0.00000E+00 -0.18051E-07 -0.11169E+03  0.00000E+00 -0.88508E+02  0.00000E+00  0.00000E+00  0.24258E+02  0.00000E+00  0.31357E-06    252  0.00000E+00      0.000
       2.3655  0.00000E+00  0.00000E+00 -0.13527E-06  0.00000E+00  0.38266E-06  0.00000E+00  0.00000E+00  0.79707E-07  0.00000E+00 -0.14416E-07 -0.11171E+03  0.00000E+00 -0.88485E+02  0.00000E+00  0.00000E+00  0.24258E+02  0.00000E+00  0.31357E-06    253  0.00000E+00      0.000
       2.3750  0.00000E+00  0.00000E+00 -0.75495E-07  0.00000E+00  0.59174E-06  0.00000E+00  0.00000E+00  0.78990E-07  0.00000E+00 -0.87945E-08 -0.11174E+03  0.00000E+00 -0.88463E+02  0.00000E+00  0.00000E+00  0.24258E+02  0.00000E+00  0.31357E-06    254  0.00000E+00      0.000
       2.3850  0.00000E+00  0.00000E+00  0.38213E-06  0.00000E+00  0.39360E-06  0.00000E+00  0.00000E+00  0.82811E-07  0.00000E+00 -0.48585E-08 -0.11176E+03  0.00000E+00 -0.88439E+02  0.00000E+00  0.00000E+00  0.24258E+02  0.00000E+00  0.31740E-06    255  0.00000E+00      0.000
       2.3950  0.00000E+00  0.00000E+00  0.27940E-08  0.00000E+00  0.64308E-06  0.00000E+00  0.00000E+00  0.82839E-07  0.00000E+00  0.15722E-08 -0.11178E+03  0.00000E+00 -0.88416E+02  0.00000E+00  0.00000E+00  0.24258E+02  0.00000E+00  0.31742E-06    256  0.00000E+00      0.000
       2.4050  0.00000E+00  0.00000E+00 -0.37946E-06  0.00000E+00 -0.18987E-06  0.00000E+00  0.00000E+00  0.79044E-07  0.00000E+00 -0.32649E-09 -0.11181E+03  0.00000E+00 -0.88392E+02  0.00000E+00  0.00000E+00  0.24258E+02  0.00000E+00  0.31742E-06    257  0.00000E+00      0.000
       2.4145  0.00000E+00  0.00000E+00 -0.11281E-06  0.00000E+00  0.60606E-06  0.00000E+00  0.00000E+00  0.77973E-07  0.00000E+00  0.54311E-08 -0.11183E+03  0.00000E+00 -0.88370E+02  0.00000E+00  0.00000E+00  0.24258E+02  0.00000E+00  0.31742E-06    258  0.00000E+00      0.000
       2.4240  0.00000E+00  0.00000E+00  0.11455E-06  0.00000E+00 -0.31525E-06  0.00000E+00  0.00000E+00  0.79061E-07  0.00000E+00  0.24362E-08 -0.11185E+03  0.00000E+00 -0.88348E+02  0.00000E+00  0.00000E+00  0.24258E+02  0.00000E+00  0.31851E-06    259  0.00000E+00      0.000
       2.4335  0.00000E+00  0.00000E+00 -0.26135E-07  0.00000E+00  0.33958E-06  0.00000E+00  0.00000E+00  0.78813E-07  0.00000E+00  0.56622E-08 -0.11188E+03  0.00000E+00 -0.88326E+02  0.00000E+00  0.00000E+00  0.24258E+02  0.00000E+00  0.31851E-06    260  0.00000E+00      0.000
       2.4430  0.00000E+00  0.00000E+00 -0.18708E-06  0.00000E+00 -0.16496E-06  0.00000E+00  0.00000E+00  0.77036E-07  0.00000E+00  0.40951E-08 -0.11190E+03  0.00000E+00 -0.88304E+02  0.00000E+00  0.00000E+00  0.24258E+02  0.00000E+00  0.31851E-06    261  0.00000E+00      0.000
       2.4525  0.00000E+00  0.00000E+00  0.45018E-06  0.00000E+00  0.10221E-06  0.00000E+00  0.00000E+00  0.81312E-07  0.00000E+00  0.50661E-08 -0.11192E+03  0.00000E+00 -0.88282E+02  0.00000E+00  0.00000E+00  0.24258E+02  0.00000E+00  0.32279E-06    262  0.00000E+00      0.000
       2.4620  0.00000E+00  0.00000E+00 -0.50000E-06  0.00000E+00  0.37625E-06  0.00000E+00  0.00000E+00  0.76562E-07  0.00000E+00  0.86405E-08 -0.11194E+03  0.00000E+00 -0.88260E+02  0.00000E+00  0.00000E+00  0.24258E+02  0.00000E+00  0.32279E-06    263  0.00000E+00      0.000
       2.4715  0.00000E+00  0.00000E+00 -0.69558E-07  0.00000E+00  0.69977E-06  0.00000E+00  0.00000E+00  0.75901E-07  0.00000E+00  0.15288E-07 -0.11197E+03  0.00000E+00 -0.88238E+02  0.00000E+00  0.00000E+00  0.24258E+02  0.00000E+00  0.32279E-06    264  0.00000E+00      0.000
       2.4810  0.00000E+00  0.00000E+00  0.15856E-06  0.00000E+00  0.18114E-06  0.00000E+00  0.00000E+00  0.77408E-07  0.00000E+00  0.17009E-07 -0.11199E+03  0.00000E+00 -0.88216E+02  0.00000E+00  0.00000E+00  0.24258E+02  0.00000E+00  0.32429E-06    265  0.00000E+00      0.000
       2.4905  0.00000E+00  0.00000E+00 -0.15076E-07  0.00000E+00  0.11851E-06  0.00000E+00  0.00000E+00  0.77264E-07  0.00000E+00  0.18135E-07 -0.11201E+03  0.00000E+00 -0.88194E+02  0.00000E+00  0.00000E+00  0.24258E+02  0.00000E+00  0.32429E-06    266  0.00000E+00      0.000
       2.5000  0.00000E+00  0.00000E+00  0.21362E-07  0.00000E+00  0.16298E-07  0.00000E+00  0.00000E+00  0.77467E-07  0.00000E+00  0.18290E-07 -0.11203E+03  0.00000E+00 -0.88172E+02  0.00000E+00  0.00000E+00  0.24258E+02  0.00000E+00  0.32450E-06    267  0.00000E+00      0.000
       2.5100  0.00000E+00  0.00000E+00 -0.43679E-06  0.00000E+00  0.61223E-06  0.00000E+00  0.00000E+00  0.73099E-07  0.00000E+00  0.24412E-07 -0.11206E+03  0.00000E+00 -0.88149E+02  0.00000E+00  0.00000E+00  0.24258E+02  0.00000E+00  0.32450E-06    268  0.00000E+00      0.000
       2.5200  0.00000E+00  0.00000E+00  0.23626E-06  0.00000E+00 -0.12876E-06  0.00000E+00  0.00000E+00  0.75462E-07  0.00000E+00  0.23125E-07 -0.11208E+03  0.00000E+00 -0.88126E+02  0.00000E+00  0.00000E+00  0.24258E+02  0.00000E+00  0.32686E-06    269  0.00000E+00      0.000
       2.5300  0.00000E+00  0.00000E+00  0.21199E-06  0.00000E+00  0.22247E-06  0.00000E+00  0.00000E+00  0.77582E-07  0.00000E+00  0.25349E-07 -0.11210E+03  0.00000E+00 -0.88103E+02  0.00000E+00  0.00000E+00  0.24258E+02  0.00000E+00  0.32898E-06    270  0.00000E+00      0.000
       2.5395  0.00000E+00  0.00000E+00  0.38865E-06  0.00000E+00 -0.37556E-06  0.00000E+00  0.00000E+00  0.81274E-07  0.00000E+00  0.21782E-07 -0.11213E+03  0.00000E+00 -0.88081E+02  0.00000E+00  0.00000E+00  0.24258E+02  0.00000E+00  0.33267E-06    271  0.00000E+00      0.000
       2.5490  0.00000E+00  0.00000E+00  0.19983E-06  0.00000E+00  0.36613E-06  0.00000E+00  0.00000E+00  0.83173E-07  0.00000E+00  0.25260E-07 -0.11215E+03  0.00000E+00 -0.88060E+02  0.00000E+00  0.00000E+00  0.24258E+02  0.00000E+00  0.33457E-06    272  0.00000E+00      0.000
       2.5585  0.00000E+00  0.00000E+00 -0.19046E-06  0.00000E+00 -0.45320E-06  0.00000E+00  0.00000E+00  0.81363E-07  0.00000E+00  0.20954E-07 -0.11217E+03  0.00000E+00 -0.88038E+02  0.00000E+00  0.00000E+00  0.24258E+02  0.00000E+00  0.33457E-06    273  0.00000E+00      0.000
       2.5680  0.00000E+00  0.00000E+00  0.21362E-07  0.00000E+00  0.65111E-06  0.00000E+00  0.00000E+00  0.81566E-07  0.00000E+00  0.27140E-07 -0.11219E+03  0.00000E+00 -0.88016E+02  0.00000E+00  0.00000E+00  0.24258E+02  0.00000E+00  0.33477E-06    274  0.00000E+00      0.000
       2.5775  0.00000E+00  0.00000E+00  0.21205E-06  0.00000E+00 -0.15588E-06  0.00000E+00  0.00000E+00  0.83581E-07  0.00000E+00  0.25659E-07 -0.11221E+03  0.00000E+00 -0.87995E+02  0.00000E+00  0.00000E+00  0.24258E+02  0.00000E+00  0.33679E-06    275  0.00000E+00      0.000
       2.5870  0.00000E+00  0.00000E+00  0.20897E-07  0.00000E+00 -0.20175E-06  0.00000E+00  0.00000E+00  0.83779E-07  0.00000E+00  0.23742E-07 -0.11223E+03  0.00000E+00 -0.87973E+02  0.00000E+00  0.00000E+00  0.24258E+02  0.00000E+00  0.33699E-06    276  0.00000E+00      0.000
       2.5965  0.00000E+00  0.00000E+00 -0.37847E-06  0.00000E+00  0.57323E-06  0.00000E+00  0.00000E+00  0.80184E-07  0.00000E+00  0.29188E-07 -0.11226E+03  0.00000E+00 -0.87952E+02  0.00000E+00  0.00000E+00  0.24258E+02  0.00000E+00  0.33699E-06    277  0.00000E+00      0.000
       2.6060  0.00000E+00  0.00000E+00 -0.18673E-06  0.00000E+00 -0.21420E-06  0.00000E+00  0.00000E+00  0.78410E-07  0.00000E+00  0.27153E-07 -0.11228E+03  0.00000E+00 -0.87930E+02  0.00000E+00  0.00000E+00  0.24258E+02  0.00000E+00  0.33699E-06    278  0.00000E+00      0.000
       2.6155  0.00000E+00  0.00000E+00 -0.19517E-06  0.00000E+00 -0.24226E-06  0.00000E+00  0.00000E+00  0.76556E-07  0.00000E+00  0.24852E-07 -0.11230E+03  0.00000E+00 -0.87909E+02  0.00000E+00  0.00000E+00  0.24258E+02  0.00000E+00  0.33699E-06    279  0.00000E+00      0.000
       2.6250  0.00000E+00  0.00000E+00  0.18883E-06  0.00000E+00 -0.26461E-06  0.00000E+00  0.00000E+00  0.78350E-07  0.00000E+00  0.22338E-07 -0.11232E+03  0.00000E+00 -0.87888E+02  0.00000E+00  0.00000E+00  0.24258E+02  0.00000E+00  0.33878E-06    280  0.00000E+00      0.000
       2.6350  0.00000E+00  0.00000E+00  0.48196E-07  0.00000E+00  0.53376E-06  0.00000E+00  0.00000E+00  0.78832E-07  0.00000E+00  0.27675E-07 -0.11234E+03  0.00000E+00 -0.87865E+02  0.00000E+00  0.00000E+00  0.24258E+02  0.00000E+00  0.33926E-06    281  0.00000E+00      0.000
       2.6450  0.00000E+00  0.00000E+00  0.33772E-06  0.00000E+00  0.29115E-06  0.00000E+00  0.00000E+00  0.82209E-07  0.00000E+00  0.30587E-07 -0.11237E+03  0.00000E+00 -0.87843E+02  0.00000E+00  0.00000E+00  0.24258E+02  0.00000E+00  0.34264E-06    282  0.00000E+00      0.000
       2.6550  0.00000E+00  0.00000E+00  0.22963E-06  0.00000E+00  0.72725E-06  0.00000E+00  0.00000E+00  0.84505E-07  0.00000E+00  0.37859E-07 -0.11239E+03  0.00000E+00 -0.87820E+02  0.00000E+00  0.00000E+00  0.24258E+02  0.00000E+00  0.34494E-06    283  0.00000E+00      0.000
       2.6645  0.00000E+00  0.00000E+00 -0.37567E-06  0.00000E+00  0.39930E-07  0.00000E+00  0.00000E+00  0.80936E-07  0.00000E+00  0.38239E-07 -0.11241E+03  0.00000E+00 -0.87799E+02  0.00000E+00  0.00000E+00  0.24258E+02  0.00000E+00  0.34494E-06    284  0.00000E+00      0.000
       2.6740  0.00000E+00  0.00000E+00  0.18475E-06  0.00000E+00  0.45984E-07  0.00000E+00  0.00000E+00  0.82691E-07  0.00000E+00  0.38676E-07 -0.11243E+03  0.00000E+00 -0.87778E+02  0.00000E+00  0.00000E+00  0.24258E+02  0.00000E+00  0.34669E-06    285  0.00000E+00      0.000
       2.6835  0.00000E+00  0.00000E+00 -0.42852E-06  0.00000E+00  0.58208E-07  0.00000E+00  0.00000E+00  0.78620E-07  0.00000E+00  0.39229E-07 -0.11245E+03  0.00000E+00 -0.87757E+02  0.00000E+00  0.00000E+00  0.24258E+02  0.00000E+00  0.34669E-06    286  0.00000E+00      0.000
       2.6930  0.00000E+00  0.00000E+00  0.13236E-06  0.00000E+00  0.75786E-07  0.00000E+00  0.00000E+00  0.79878E-07  0.00000E+00  0.39949E-07 -0.11248E+03  0.00000E+00 -0.87736E+02  0.00000E+00  0.00000E+00  0.24258E+02  0.00000E+00  0.34795E-06    287  0.00000E+00      0.000
       2.7025  0.00000E+00  0.00000E+00  0.49238E-06  0.00000E+00  0.50978E-06  0.00000E+00  0.00000E+00  0.84555E-07  0.00000E+00  0.44792E-07 -0.11250E+03  0.00000E+00 -0.87715E+02  0.00000E+00  0.00000E+00  0.24258E+02  0.00000E+00  0.35263E-06    288  0.00000E+00      0.000
       2.7120  0.00000E+00  0.00000E+00 -0.12887E-06  0.00000E+00 -0.61840E-06  0.00000E+00  0.00000E+00  0.83331E-07  0.00000E+00  0.38917E-07 -0.11252E+03  0.00000E+00 -0.87694E+02  0.00000E+00  0.00000E+00  0.24258E+02  0.00000E+00  0.35263E-06    289  0.00000E+00      0.000
       2.7215  0.00000E+00  0.00000E+00  0.31316E-07  0.00000E+00  0.23958E-06  0.00000E+00  0.00000E+00  0.83629E-07  0.00000E+00  0.41193E-07 -0.11254E+03  0.00000E+00 -0.87673E+02  0.00000E+00  0.00000E+00  0.24258E+02  0.00000E+00  0.35292E-06    290  0.00000E+00      0.000
       2.7310  0.00000E+00  0.00000E+00  0.38487E-06  0.00000E+00  0.27963E-06  0.00000E+00  0.00000E+00  0.87285E-07  0.00000E+00  0.43849E-07 -0.11256E+03  0.00000E+00 -0.87652E+02  0.00000E+00  0.00000E+00  0.24258E+02  0.00000E+00  0.35658E-06    291  0.00000E+00      0.000
       2.7405  0.00000E+00  0.00000E+00 -0.44057E-06  0.00000E+00 -0.87777E-07  0.00000E+00  0.00000E+00  0.83099E-07  0.00000E+00  0.43015E-07 -0.11258E+03  0.00000E+00 -0.87631E+02  0.00000E+00  0.00000E+00  0.24258E+02  0.00000E+00  0.35658E-06    292  0.00000E+00      0.000
       2.7500  0.00000E+00  0.00000E+00  0.10600E-06  0.00000E+00  0.37579E-06  0.00000E+00  0.00000E+00  0.84106E-07  0.00000E+00  0.46585E-07 -0.11260E+03  0.00000E+00 -0.87610E+02  0.00000E+00  0.00000E+00  0.24258E+02  0.00000E+00  0.35759E-06    293  0.00000E+00      0.000
       2.7600  0.00000E+00  0.00000E+00  0.48953E-07  0.00000E+00 -0.14075E-06  0.00000E+00  0.00000E+00  0.84596E-07  0.00000E+00  0.45178E-07 -0.11262E+03  0.00000E+00 -0.87588E+02  0.00000E+00  0.00000E+00  0.24258E+02  0.00000E+00  0.35808E-06    294  0.00000E+00      0.000
       2.7700  0.00000E+00  0.00000E+00 -0.87428E-07  0.00000E+00  0.36892E-06  0.00000E+00  0.00000E+00  0.83722E-07  0.00000E+00  0.48867E-07 -0.11265E+03  0.00000E+00 -0.87566E+02  0.00000E+00  0.00000E+00  0.24258E+02  0.00000E+00  0.35808E-06    295  0.00000E+00      0.000
       2.7800  0.00000E+00  0.00000E+00  0.16484E-06  0.00000E+00 -0.19174E-06  0.00000E+00  0.00000E+00  0.85370E-07  0.00000E+00  0.46950E-07 -0.11267E+03  0.00000E+00 -0.87544E+02  0.00000E+00  0.00000E+00  0.24258E+02  0.00000E+00  0.35972E-06    296  0.00000E+00      0.000
       2.7895  0.00000E+00  0.00000E+00 -0.20099E-06  0.00000E+00 -0.23993E-06  0.00000E+00  0.00000E+00  0.83461E-07  0.00000E+00  0.44670E-07 -0.11269E+03  0.00000E+00 -0.87523E+02  0.00000E+00  0.00000E+00  0.24258E+02  0.00000E+00  0.35972E-06    297  0.00000E+00      0.000
       2.7990  0.00000E+00  0.00000E+00 -0.57335E-07  0.00000E+00 -0.48673E-06  0.00000E+00  0.00000E+00  0.82916E-07  0.00000E+00  0.40046E-07 -0.11271E+03  0.00000E+00 -0.87503E+02  0.00000E+00  0.00000E+00  0.24258E+02  0.00000E+00  0.35972E-06    298  0.00000E+00      0.000
       2.8085  0.00000E+00  0.00000E+00 -0.11793E-06  0.00000E+00  0.33656E-06  0.00000E+00  0.00000E+00  0.81796E-07  0.00000E+00  0.43244E-07 -0.11273E+03  0.00000E+00 -0.87482E+02  0.00000E+00  0.00000E+00  0.24258E+02  0.00000E+00  0.35972E-06    299  0.00000E+00      0.000
       2.8180  0.00000E+00  0.00000E+00 -0.17270E-06  0.00000E+00 -0.31211E-06  0.00000E+00  0.00000E+00  0.80155E-07  0.00000E+00  0.40279E-07 -0.11275E+03  0.00000E+00 -0.87461E+02  0.00000E+00  0.00000E+00  0.24258E+02  0.00000E+00  0.35972E-06    300  0.00000E+00      0.000
       2.8275  0.00000E+00  0.00000E+00 -0.23993E-06  0.00000E+00 -0.63202E-06  0.00000E+00  0.00000E+00  0.77876E-07  0.00000E+00  0.34275E-07 -0.11277E+03  0.00000E+00 -0.87441E+02  0.00000E+00  0.00000E+00  0.24258E+02  0.00000E+00  0.35972E-06    301  0.00000E+00      0.000
       2.8370  0.00000E+00  0.00000E+00 -0.29750E-06  0.00000E+00  0.29954E-06  0.00000E+00  0.00000E+00  0.75049E-07  0.00000E+00  0.37120E-07 -0.11279E+03  0.00000E+00 -0.87420E+02  0.00000E+00  0.00000E+00  0.24258E+02  0.00000E+00  0.35972E-06    302  0.00000E+00      0.000
       2.8465  0.00000E+00  0.00000E+00  0.25262E-07  0.00000E+00 -0.42689E-06  0.00000E+00  0.00000E+00  0.75289E-07  0.00000E+00  0.33065E-07 -0.11281E+03  0.00000E+00 -0.87400E+02  0.00000E+00  0.00000E+00  0.24258E+02  0.00000E+00  0.35996E-06    303  0.00000E+00      0.000
       2.8560  0.00000E+00  0.00000E+00  0.15815E-06  0.00000E+00 -0.31653E-06  0.00000E+00  0.00000E+00  0.76792E-07  0.00000E+00  0.30058E-07 -0.11284E+03  0.00000E+00 -0.87379E+02  0.00000E+00  0.00000E+00  0.24258E+02  0.00000E+00  0.36147E-06    304  0.00000E+00      0.000
       2.8655  0.00000E+00  0.00000E+00  0.81141E-07  0.00000E+00  0.21572E-06  0.00000E+00  0.00000E+00  0.77563E-07  0.00000E+00  0.32107E-07 -0.11286E+03  0.00000E+00 -0.87359E+02  0.00000E+00  0.00000E+00  0.24258E+02  0.00000E+00  0.36224E-06    305  0.00000E+00      0.000
       2.8750  0.00000E+00  0.00000E+00  0.40454E-06  0.00000E+00 -0.81141E-07  0.00000E+00  0.00000E+00  0.81406E-07  0.00000E+00  0.31336E-07 -0.11288E+03  0.00000E+00 -0.87338E+02  0.00000E+00  0.00000E+00  0.24258E+02  0.00000E+00  0.36608E-06    306  0.00000E+00      0.000
       2.8850  0.00000E+00  0.00000E+00  0.15920E-06  0.00000E+00 -0.83586E-06  0.00000E+00  0.00000E+00  0.82998E-07  0.00000E+00  0.22977E-07 -0.11290E+03  0.00000E+00 -0.87317E+02  0.00000E+00  0.00000E+00  0.24258E+02  0.00000E+00  0.36767E-06    307  0.00000E+00      0.000
       2.8950  0.00000E+00  0.00000E+00 -0.39354E-06  0.00000E+00 -0.66846E-06  0.00000E+00  0.00000E+00  0.79062E-07  0.00000E+00  0.16293E-07 -0.11292E+03  0.00000E+00 -0.87295E+02  0.00000E+00  0.00000E+00  0.24258E+02  0.00000E+00  0.36767E-06    308  0.00000E+00      0.000
       2.9050  0.00000E+00  0.00000E+00  0.20314E-07  0.00000E+00 -0.49546E-06  0.00000E+00  0.00000E+00  0.79265E-07  0.00000E+00  0.11338E-07 -0.11294E+03  0.00000E+00 -0.87274E+02  0.00000E+00  0.00000E+00  0.24258E+02  0.00000E+00  0.36788E-06    309  0.00000E+00      0.000
       2.9145  0.00000E+00  0.00000E+00 -0.19267E-07  0.00000E+00  0.74296E-06  0.00000E+00  0.00000E+00  0.79082E-07  0.00000E+00  0.18396E-07 -0.11296E+03  0.00000E+00 -0.87253E+02  0.00000E+00  0.00000E+00  0.24258E+02  0.00000E+00  0.36788E-06    310  0.00000E+00      0.000
       2.9240  0.00000E+00  0.00000E+00 -0.92783E-07  0.00000E+00 -0.67893E-06  0.00000E+00  0.00000E+00  0.78201E-07  0.00000E+00  0.11946E-07 -0.11298E+03  0.00000E+00 -0.87233E+02  0.00000E+00  0.00000E+00  0.24258E+02  0.00000E+00  0.36788E-06    311  0.00000E+00      0.000
       2.9335  0.00000E+00  0.00000E+00  0.20862E-06  0.00000E+00 -0.52724E-06  0.00000E+00  0.00000E+00  0.80183E-07  0.00000E+00  0.69377E-08 -0.11300E+03  0.00000E+00 -0.87213E+02  0.00000E+00  0.00000E+00  0.24258E+02  0.00000E+00  0.36986E-06    312  0.00000E+00      0.000
       2.9430  0.00000E+00  0.00000E+00 -0.27643E-06  0.00000E+00  0.77800E-06  0.00000E+00  0.00000E+00  0.77557E-07  0.00000E+00  0.14329E-07 -0.11302E+03  0.00000E+00 -0.87193E+02  0.00000E+00  0.00000E+00  0.24258E+02  0.00000E+00  0.36986E-06    313  0.00000E+00      0.000
       2.9525  0.00000E+00  0.00000E+00  0.43481E-07  0.00000E+00 -0.10497E-05  0.00000E+00  0.00000E+00  0.77970E-07  0.00000E+00  0.43564E-08 -0.11304E+03  0.00000E+00 -0.87172E+02  0.00000E+00  0.00000E+00  0.24258E+02  0.00000E+00  0.37027E-06    314  0.00000E+00      0.000
       2.9620  0.00000E+00  0.00000E+00  0.13254E-06  0.00000E+00 -0.88417E-06  0.00000E+00  0.00000E+00  0.79229E-07  0.00000E+00 -0.40433E-08 -0.11306E+03  0.00000E+00 -0.87152E+02  0.00000E+00  0.00000E+00  0.24258E+02  0.00000E+00  0.37153E-06    315  0.00000E+00      0.000
       2.9715  0.00000E+00  0.00000E+00 -0.14133E-06  0.00000E+00 -0.40594E-06  0.00000E+00  0.00000E+00  0.77886E-07  0.00000E+00 -0.78997E-08 -0.11308E+03  0.00000E+00 -0.87132E+02  0.00000E+00  0.00000E+00  0.24258E+02  0.00000E+00  0.37153E-06    316  0.00000E+00      0.000
       2.9810  0.00000E+00  0.00000E+00  0.14802E-06  0.00000E+00 -0.11793E-06  0.00000E+00  0.00000E+00  0.79293E-07  0.00000E+00 -0.90200E-08 -0.11310E+03  0.00000E+00 -0.87112E+02  0.00000E+00  0.00000E+00  0.24258E+02  0.00000E+00  0.37294E-06    317  0.00000E+00      0.000
       2.9905  0.00000E+00  0.00000E+00 -0.34919E-06  0.00000E+00 -0.35798E-06  0.00000E+00  0.00000E+00  0.75975E-07  0.00000E+00 -0.12421E-07 -0.11312E+03  0.00000E+00 -0.87092E+02  0.00000E+00  0.00000E+00  0.24258E+02  0.00000E+00  0.37294E-06    318  0.00000E+00      0.000
       3.0000  0.00000E+00  0.00000E+00 -0.35448E-07  0.00000E+00 -0.59418E-06  0.00000E+00  0.00000E+00  0.75639E-07  0.00000E+00 -0.18066E-07 -0.11314E+03  0.00000E+00 -0.87072E+02  0.00000E+00  0.00000E+00  0.24258E+02  0.00000E+00  0.37294E-06    319  0.00000E+00      0.000
       3.0100  0.00000E+00  0.00000E+00 -0.15373E-06  0.00000E+00  0.46624E-06  0.00000E+00  0.00000E+00  0.74101E-07  0.00000E+00 -0.13403E-07 -0.11317E+03  0.00000E+00 -0.87051E+02  0.00000E+00  0.00000E+00  0.24258E+02  0.00000E+00  0.37294E-06    320  0.00000E+00      0.000
       3.0200  0.00000E+00  0.00000E+00  0.20803E-06  0.00000E+00 -0.36985E-06  0.00000E+00  0.00000E+00  0.76182E-07  0.00000E+00 -0.17102E-07 -0.11319E+03  0.00000E+00 -0.87030E+02  0.00000E+00  0.00000E+00  0.24258E+02  0.00000E+00  0.37502E-06    321  0.00000E+00      0.000
       3.0300  0.00000E+00  0.00000E+00  0.37777E-07  0.00000E+00  0.91386E-07  0.00000E+00  0.00000E+00  0.76559E-07  0.00000E+00 -0.16188E-07 -0.11321E+03  0.00000E+00 -0.87009E+02  0.00000E+00  0.00000E+00  0.24258E+02  0.00000E+00  0.37539E-06    322  0.00000E+00      0.000
       3.0395  0.00000E+00  0.00000E+00  0.72760E-08  0.00000E+00 -0.35006E-06  0.00000E+00  0.00000E+00  0.76628E-07  0.00000E+00 -0.19513E-07 -0.11323E+03  0.00000E+00 -0.86989E+02  0.00000E+00  0.00000E+00  0.24258E+02  0.00000E+00  0.37546E-06    323  0.00000E+00      0.000
       3.0490  0.00000E+00  0.00000E+00 -0.86264E-07  0.00000E+00 -0.56415E-06  0.00000E+00  0.00000E+00  0.75809E-07  0.00000E+00 -0.24873E-07 -0.11325E+03  0.00000E+00 -0.86969E+02  0.00000E+00  0.00000E+00  0.24258E+02  0.00000E+00  0.37546E-06    324  0.00000E+00      0.000
       3.0585  0.00000E+00  0.00000E+00 -0.66939E-08  0.00000E+00  0.37160E-06  0.00000E+00  0.00000E+00  0.75745E-07  0.00000E+00 -0.21343E-07 -0.11327E+03  0.00000E+00 -0.86949E+02  0.00000E+00  0.00000E+00  0.24258E+02  0.00000E+00  0.37546E-06    325  0.00000E+00      0.000
       3.0680  0.00000E+00  0.00000E+00 -0.12107E-06  0.00000E+00 -0.13225E-06  0.00000E+00  0.00000E+00  0.74595E-07  0.00000E+00 -0.22599E-07 -0.11329E+03  0.00000E+00 -0.86929E+02  0.00000E+00  0.00000E+00  0.24258E+02  0.00000E+00  0.37546E-06    326  0.00000E+00      0.000
       3.0775  0.00000E+00  0.00000E+00 -0.27765E-07  0.00000E+00  0.38836E-06  0.00000E+00  0.00000E+00  0.74331E-07  0.00000E+00 -0.18910E-07 -0.11331E+03  0.00000E+00 -0.86909E+02  0.00000E+00  0.00000E+00  0.24258E+02  0.00000E+00  0.37546E-06    327  0.00000E+00      0.000
       3.0870  0.00000E+00  0.00000E+00  0.44703E-06  0.00000E+00 -0.52922E-06  0.00000E+00  0.00000E+00  0.78578E-07  0.00000E+00 -0.23937E-07 -0.11333E+03  0.00000E+00 -0.86890E+02  0.00000E+00  0.00000E+00  0.24258E+02  0.00000E+00  0.37971E-06    328  0.00000E+00      0.000
       3.0965  0.00000E+00  0.00000E+00  0.11624E-06  0.00000E+00 -0.29709E-06  0.00000E+00  0.00000E+00  0.79683E-07  0.00000E+00 -0.26760E-07 -0.11335E+03  0.00000E+00 -0.86870E+02  0.00000E+00  0.00000E+00  0.24258E+02  0.00000E+00  0.38081E-06    329  0.00000E+00      0.000
       3.1060  0.00000E+00  0.00000E+00  0.20460E-06  0.00000E+00  0.10841E-05  0.00000E+00  0.00000E+00  0.81626E-07  0.00000E+00 -0.16461E-07 -0.11337E+03  0.00000E+00 -0.86850E+02  0.00000E+00  0.00000E+00  0.24258E+02  0.00000E+00  0.38276E-06    330  0.00000E+00      0.000
       3.1155  0.00000E+00  0.00000E+00 -0.11013E-06  0.00000E+00 -0.24342E-06  0.00000E+00  0.00000E+00  0.80580E-07  0.00000E+00 -0.18773E-07 -0.11339E+03  0.00000E+00 -0.86830E+02  0.00000E+00  0.00000E+00  0.24258E+02  0.00000E+00  0.38276E-06    331  0.00000E+00      0.000
       3.1250  0.00000E+00  0.00000E+00 -0.23656E-06  0.00000E+00  0.26776E-08  0.00000E+00  0.00000E+00  0.78333E-07  0.00000E+00 -0.18748E-07 -0.11341E+03  0.00000E+00 -0.86811E+02  0.00000E+00  0.00000E+00  0.24258E+02  0.00000E+00  0.38276E-06    332  0.00000E+00      0.000
       3.1350  0.00000E+00  0.00000E+00 -0.54017E-07  0.00000E+00 -0.19884E-06  0.00000E+00  0.00000E+00  0.77793E-07  0.00000E+00 -0.20736E-07 -0.11343E+03  0.00000E+00 -0.86790E+02  0.00000E+00  0.00000E+00  0.24258E+02  0.00000E+00  0.38276E-06    333  0.00000E+00      0.000
       3.1450  0.00000E+00  0.00000E+00 -0.79803E-07  0.00000E+00 -0.11653E-06  0.00000E+00  0.00000E+00  0.76995E-07  0.00000E+00 -0.21902E-07 -0.11345E+03  0.00000E+00 -0.86769E+02  0.00000E+00  0.00000E+00  0.24258E+02  0.00000E+00  0.38276E-06    334  0.00000E+00      0.000
       3.1550  0.00000E+00  0.00000E+00 -0.12451E-06  0.00000E+00 -0.30617E-07  0.00000E+00  0.00000E+00  0.75749E-07  0.00000E+00 -0.22208E-07 -0.11347E+03  0.00000E+00 -0.86749E+02  0.00000E+00  0.00000E+00  0.24258E+02  0.00000E+00  0.38276E-06    335  0.00000E+00      0.000
       3.1645  0.00000E+00  0.00000E+00  0.12224E-06  0.00000E+00  0.78231E-06  0.00000E+00  0.00000E+00  0.76911E-07  0.00000E+00 -0.14776E-07 -0.11349E+03  0.00000E+00 -0.86729E+02  0.00000E+00  0.00000E+00  0.24258E+02  0.00000E+00  0.38392E-06    336  0.00000E+00      0.000
       3.1740  0.00000E+00  0.00000E+00  0.10536E-07  0.00000E+00  0.19697E-06  0.00000E+00  0.00000E+00  0.77011E-07  0.00000E+00 -0.12905E-07 -0.11351E+03  0.00000E+00 -0.86710E+02  0.00000E+00  0.00000E+00  0.24258E+02  0.00000E+00  0.38402E-06    337  0.00000E+00      0.000
       3.1835  0.00000E+00  0.00000E+00  0.62981E-07  0.00000E+00 -0.67183E-06  0.00000E+00  0.00000E+00  0.77609E-07  0.00000E+00 -0.19287E-07 -0.11353E+03  0.00000E+00 -0.86690E+02  0.00000E+00  0.00000E+00  0.24258E+02  0.00000E+00  0.38462E-06    338  0.00000E+00      0.000
       3.1930  0.00000E+00  0.00000E+00  0.13818E-06  0.00000E+00  0.74762E-06  0.00000E+00  0.00000E+00  0.78922E-07  0.00000E+00 -0.12185E-07 -0.11355E+03  0.00000E+00 -0.86671E+02  0.00000E+00  0.00000E+00  0.24258E+02  0.00000E+00  0.38593E-06    339  0.00000E+00      0.000
       3.2025  0.00000E+00  0.00000E+00 -0.21770E-06  0.00000E+00  0.17381E-06  0.00000E+00  0.00000E+00  0.76854E-07  0.00000E+00 -0.10534E-07 -0.11357E+03  0.00000E+00 -0.86651E+02  0.00000E+00  0.00000E+00  0.24258E+02  0.00000E+00  0.38593E-06    340  0.00000E+00      0.000
       3.2120  0.00000E+00  0.00000E+00  0.44855E-06  0.00000E+00  0.45972E-06  0.00000E+00  0.00000E+00  0.81115E-07  0.00000E+00 -0.61662E-08 -0.11359E+03  0.00000E+00 -0.86632E+02  0.00000E+00  0.00000E+00  0.24258E+02  0.00000E+00  0.39019E-06    341  0.00000E+00      0.000
       3.2215  0.00000E+00  0.00000E+00  0.11415E-06  0.00000E+00 -0.10617E-06  0.00000E+00  0.00000E+00  0.82199E-07  0.00000E+00 -0.71748E-08 -0.11361E+03  0.00000E+00 -0.86613E+02  0.00000E+00  0.00000E+00  0.24258E+02  0.00000E+00  0.39128E-06    342  0.00000E+00      0.000
       3.2310  0.00000E+00  0.00000E+00  0.15681E-06  0.00000E+00  0.18859E-06  0.00000E+00  0.00000E+00  0.83689E-07  0.00000E+00 -0.53832E-08 -0.11362E+03  0.00000E+00 -0.86593E+02  0.00000E+00  0.00000E+00  0.24258E+02  0.00000E+00  0.39277E-06    343  0.00000E+00      0.000
       3.2405  0.00000E+00  0.00000E+00  0.35099E-07  0.00000E+00  0.48790E-06  0.00000E+00  0.00000E+00  0.84023E-07  0.00000E+00 -0.74813E-09 -0.11364E+03  0.00000E+00 -0.86574E+02  0.00000E+00  0.00000E+00  0.24258E+02  0.00000E+00  0.39310E-06    344  0.00000E+00      0.000
       3.2500  0.00000E+00  0.00000E+00  0.74389E-07  0.00000E+00 -0.66822E-07  0.00000E+00  0.00000E+00  0.84729E-07  0.00000E+00 -0.13829E-08 -0.11366E+03  0.00000E+00 -0.86555E+02  0.00000E+00  0.00000E+00  0.24258E+02  0.00000E+00  0.39381E-06    345  0.00000E+00      0.000
       3.2600  0.00000E+00  0.00000E+00  0.46351E-06  0.00000E+00  0.88243E-07  0.00000E+00  0.00000E+00  0.89364E-07  0.00000E+00 -0.50052E-09 -0.11368E+03  0.00000E+00 -0.86534E+02  0.00000E+00  0.00000E+00  0.24258E+02  0.00000E+00  0.39844E-06    346  0.00000E+00      0.000
       3.2700  0.00000E+00  0.00000E+00  0.22334E-06  0.00000E+00  0.12340E-07  0.00000E+00  0.00000E+00  0.91598E-07  0.00000E+00 -0.37712E-09 -0.11370E+03  0.00000E+00 -0.86514E+02  0.00000E+00  0.00000E+00  0.24258E+02  0.00000E+00  0.40067E-06    347  0.00000E+00      0.000
       3.2800  0.00000E+00  0.00000E+00 -0.39639E-06  0.00000E+00 -0.91968E-06  0.00000E+00  0.00000E+00  0.87634E-07  0.00000E+00 -0.95739E-08 -0.11372E+03  0.00000E+00 -0.86494E+02  0.00000E+00  0.00000E+00  0.24258E+02  0.00000E+00  0.40067E-06    348  0.00000E+00      0.000
       3.2895  0.00000E+00  0.00000E+00 -0.36263E-07  0.00000E+00  0.68219E-07  0.00000E+00  0.00000E+00  0.87289E-07  0.00000E+00 -0.89258E-08 -0.11374E+03  0.00000E+00 -0.86475E+02  0.00000E+00  0.00000E+00  0.24258E+02  0.00000E+00  0.40067E-06    349  0.00000E+00      0.000
       3.2990  0.00000E+00  0.00000E+00  0.21129E-06  0.00000E+00  0.39232E-06  0.00000E+00  0.00000E+00  0.89297E-07  0.00000E+00 -0.51988E-08 -0.11376E+03  0.00000E+00 -0.86456E+02  0.00000E+00  0.00000E+00  0.24258E+02  0.00000E+00  0.40268E-06    350  0.00000E+00      0.000
       3.3085  0.00000E+00  0.00000E+00  0.42689E-06  0.00000E+00  0.28999E-06  0.00000E+00  0.00000E+00  0.93352E-07  0.00000E+00 -0.24439E-08 -0.11378E+03  0.00000E+00 -0.86436E+02  0.00000E+00  0.00000E+00  0.24258E+02  0.00000E+00  0.40674E-06    351  0.00000E+00      0.000
       3.3180  0.00000E+00  0.00000E+00 -0.30146E-06  0.00000E+00 -0.23970E-06  0.00000E+00  0.00000E+00  0.90488E-07  0.00000E+00 -0.47210E-08 -0.11380E+03  0.00000E+00 -0.86417E+02  0.00000E+00  0.00000E+00  0.24258E+02  0.00000E+00  0.40674E-06    352  0.00000E+00      0.000
       3.3275  0.00000E+00  0.00000E+00  0.12974E-06  0.00000E+00  0.80210E-06  0.00000E+00  0.00000E+00  0.91721E-07  0.00000E+00  0.28989E-08 -0.11382E+03  0.00000E+00 -0.86398E+02  0.00000E+00  0.00000E+00  0.24258E+02  0.00000E+00  0.40797E-06    353  0.00000E+00      0.000
       3.3370  0.00000E+00  0.00000E+00  0.18271E-06  0.00000E+00  0.62864E-08  0.00000E+00  0.00000E+00  0.93457E-07  0.00000E+00  0.29586E-08 -0.11384E+03  0.00000E+00 -0.86379E+02  0.00000E+00  0.00000E+00  0.24258E+02  0.00000E+00  0.40971E-06    354  0.00000E+00      0.000
       3.3465  0.00000E+00  0.00000E+00 -0.17346E-06  0.00000E+00 -0.51328E-06  0.00000E+00  0.00000E+00  0.91809E-07  0.00000E+00 -0.19175E-08 -0.11386E+03  0.00000E+00 -0.86360E+02  0.00000E+00  0.00000E+00  0.24258E+02  0.00000E+00  0.40971E-06    355  0.00000E+00      0.000
       3.3560  0.00000E+00  0.00000E+00  0.32363E-07  0.00000E+00 -0.75682E-06  0.00000E+00  0.00000E+00  0.92116E-07  0.00000E+00 -0.91072E-08 -0.11388E+03  0.00000E+00 -0.86341E+02  0.00000E+00  0.00000E+00  0.24258E+02  0.00000E+00  0.41001E-06    356  0.00000E+00      0.000
       3.3655  0.00000E+00  0.00000E+00  0.30221E-06  0.00000E+00  0.46089E-06  0.00000E+00  0.00000E+00  0.94987E-07  0.00000E+00 -0.47288E-08 -0.11390E+03  0.00000E+00 -0.86322E+02  0.00000E+00  0.00000E+00  0.24258E+02  0.00000E+00  0.41288E-06    357  0.00000E+00      0.000
       3.3750  0.00000E+00  0.00000E+00  0.31677E-06  0.00000E+00  0.38533E-06  0.00000E+00  0.00000E+00  0.97996E-07  0.00000E+00 -0.10681E-08 -0.11391E+03  0.00000E+00 -0.86303E+02  0.00000E+00  0.00000E+00  0.24258E+02  0.00000E+00  0.41589E-06    358  0.00000E+00      0.000
       3.3850  0.00000E+00  0.00000E+00  0.31351E-06  0.00000E+00 -0.35623E-07  0.00000E+00  0.00000E+00  0.10113E-06  0.00000E+00 -0.14243E-08 -0.11393E+03  0.00000E+00 -0.86283E+02  0.00000E+00  0.00000E+00  0.24258E+02  0.00000E+00  0.41903E-06    359  0.00000E+00      0.000
       3.3950  0.00000E+00  0.00000E+00  0.23446E-06  0.00000E+00 -0.92783E-06  0.00000E+00  0.00000E+00  0.10348E-06  0.00000E+00 -0.10703E-07 -0.11395E+03  0.00000E+00 -0.86263E+02  0.00000E+00  0.00000E+00  0.24258E+02  0.00000E+00  0.42137E-06    360  0.00000E+00      0.000
       3.4050  0.00000E+00  0.00000E+00 -0.21659E-06  0.00000E+00  0.97533E-06  0.00000E+00  0.00000E+00  0.10131E-06  0.00000E+00 -0.94936E-09 -0.11397E+03  0.00000E+00 -0.86243E+02  0.00000E+00  0.00000E+00  0.24258E+02  0.00000E+00  0.42137E-06    361  0.00000E+00      0.000
       3.4145  0.00000E+00  0.00000E+00 -0.25262E-06  0.00000E+00  0.15716E-07  0.00000E+00  0.00000E+00  0.98910E-07  0.00000E+00 -0.80005E-09 -0.11399E+03  0.00000E+00 -0.86225E+02  0.00000E+00  0.00000E+00  0.24258E+02  0.00000E+00  0.42137E-06    362  0.00000E+00      0.000
       3.4240  0.00000E+00  0.00000E+00 -0.24762E-06  0.00000E+00 -0.21083E-06  0.00000E+00  0.00000E+00  0.96558E-07  0.00000E+00 -0.28029E-08 -0.11401E+03  0.00000E+00 -0.86206E+02  0.00000E+00  0.00000E+00  0.24258E+02  0.00000E+00  0.42137E-06    363  0.00000E+00      0.000
       3.4335  0.00000E+00  0.00000E+00 -0.20897E-07  0.00000E+00  0.17055E-06  0.00000E+00  0.00000E+00  0.96359E-07  0.00000E+00 -0.11827E-08 -0.11403E+03  0.00000E+00 -0.86187E+02  0.00000E+00  0.00000E+00  0.24258E+02  0.00000E+00  0.42137E-06    364  0.00000E+00      0.000
       3.4430  0.00000E+00  0.00000E+00 -0.16938E-06  0.00000E+00  0.12084E-06  0.00000E+00  0.00000E+00  0.94750E-07  0.00000E+00 -0.34740E-10 -0.11405E+03  0.00000E+00 -0.86168E+02  0.00000E+00  0.00000E+00  0.24258E+02  0.00000E+00  0.42137E-06    365  0.00000E+00      0.000
       3.4525  0.00000E+00  0.00000E+00  0.20413E-06  0.00000E+00 -0.36065E-06  0.00000E+00  0.00000E+00  0.96690E-07  0.00000E+00 -0.34610E-08 -0.11407E+03  0.00000E+00 -0.86149E+02  0.00000E+00  0.00000E+00  0.24258E+02  0.00000E+00  0.42331E-06    366  0.00000E+00      0.000
       3.4620  0.00000E+00  0.00000E+00  0.46397E-06  0.00000E+00 -0.40373E-06  0.00000E+00  0.00000E+00  0.10110E-06  0.00000E+00 -0.72964E-08 -0.11409E+03  0.00000E+00 -0.86131E+02  0.00000E+00  0.00000E+00  0.24258E+02  0.00000E+00  0.42772E-06    367  0.00000E+00      0.000
       3.4715  0.00000E+00  0.00000E+00  0.46031E-06  0.00000E+00  0.69046E-06  0.00000E+00  0.00000E+00  0.10547E-06  0.00000E+00 -0.73701E-09 -0.11410E+03  0.00000E+00 -0.86112E+02  0.00000E+00  0.00000E+00  0.24258E+02  0.00000E+00  0.43209E-06    368  0.00000E+00      0.000
       3.4810  0.00000E+00  0.00000E+00  0.45460E-06  0.00000E+00 -0.21758E-06  0.00000E+00  0.00000E+00  0.10979E-06  0.00000E+00 -0.28040E-08 -0.11412E+03  0.00000E+00 -0.86093E+02  0.00000E+00  0.00000E+00  0.24258E+02  0.00000E+00  0.43641E-06    369  0.00000E+00      0.000
       3.4905  0.00000E+00  0.00000E+00  0.29948E-06  0.00000E+00  0.62346E-06  0.00000E+00  0.00000E+00  0.11263E-06  0.00000E+00  0.31189E-08 -0.11414E+03  0.00000E+00 -0.86075E+02  0.00000E+00  0.00000E+00  0.24258E+02  0.00000E+00  0.43926E-06    370  0.00000E+00      0.000
       3.5000  0.00000E+00  0.00000E+00  0.29069E-06  0.00000E+00  0.15949E-06  0.00000E+00  0.00000E+00  0.11540E-06  0.00000E+00  0.46340E-08 -0.11416E+03  0.00000E+00 -0.86056E+02  0.00000E+00  0.00000E+00  0.24258E+02  0.00000E+00  0.44202E-06    371  0.00000E+00      0.000
       3.5100  0.00000E+00  0.00000E+00  0.78813E-07  0.00000E+00  0.21269E-06  0.00000E+00  0.00000E+00  0.11618E-06  0.00000E+00  0.67609E-08 -0.11418E+03  0.00000E+00 -0.86036E+02  0.00000E+00  0.00000E+00  0.24258E+02  0.00000E+00  0.44281E-06    372  0.00000E+00      0.000
       3.5200  0.00000E+00  0.00000E+00  0.16927E-06  0.00000E+00 -0.20070E-06  0.00000E+00  0.00000E+00  0.11788E-06  0.00000E+00  0.47539E-08 -0.11420E+03  0.00000E+00 -0.86017E+02  0.00000E+00  0.00000E+00  0.24258E+02  0.00000E+00  0.44450E-06    373  0.00000E+00      0.000
       3.5300  0.00000E+00  0.00000E+00 -0.11583E-06  0.00000E+00  0.26438E-06  0.00000E+00  0.00000E+00  0.11672E-06  0.00000E+00  0.73977E-08 -0.11422E+03  0.00000E+00 -0.85997E+02  0.00000E+00  0.00000E+00  0.24258E+02  0.00000E+00  0.44450E-06    374  0.00000E+00      0.000
       3.5395  0.00000E+00  0.00000E+00  0.14494E-07  0.00000E+00  0.23760E-06  0.00000E+00  0.00000E+00  0.11686E-06  0.00000E+00  0.96549E-08 -0.11424E+03  0.00000E+00 -0.85979E+02  0.00000E+00  0.00000E+00  0.24258E+02  0.00000E+00  0.44464E-06    375  0.00000E+00      0.000
       3.5490  0.00000E+00  0.00000E+00  0.45192E-06  0.00000E+00  0.22777E-06  0.00000E+00  0.00000E+00  0.12115E-06  0.00000E+00  0.11819E-07 -0.11426E+03  0.00000E+00 -0.85960E+02  0.00000E+00  0.00000E+00  0.24258E+02  0.00000E+00  0.44893E-06    376  0.00000E+00      0.000
       3.5585  0.00000E+00  0.00000E+00  0.43190E-06  0.00000E+00  0.22154E-06  0.00000E+00  0.00000E+00  0.12525E-06  0.00000E+00  0.13923E-07 -0.11427E+03  0.00000E+00 -0.85942E+02  0.00000E+00  0.00000E+00  0.24258E+02  0.00000E+00  0.45303E-06    377  0.00000E+00      0.000
       3.5680  0.00000E+00  0.00000E+00  0.83062E-07  0.00000E+00 -0.65955E-06  0.00000E+00  0.00000E+00  0.12604E-06  0.00000E+00  0.76576E-08 -0.11429E+03  0.00000E+00 -0.85923E+02  0.00000E+00  0.00000E+00  0.24258E+02  0.00000E+00  0.45382E-06    378  0.00000E+00      0.000
       3.5775  0.00000E+00  0.00000E+00  0.28877E-06  0.00000E+00 -0.65879E-06  0.00000E+00  0.00000E+00  0.12878E-06  0.00000E+00  0.13991E-08 -0.11431E+03  0.00000E+00 -0.85905E+02  0.00000E+00  0.00000E+00  0.24258E+02  0.00000E+00  0.45657E-06    379  0.00000E+00      0.000
       3.5870  0.00000E+00  0.00000E+00 -0.33516E-06  0.00000E+00 -0.40489E-06  0.00000E+00  0.00000E+00  0.12560E-06  0.00000E+00 -0.24474E-08 -0.11433E+03  0.00000E+00 -0.85886E+02  0.00000E+00  0.00000E+00  0.24258E+02  0.00000E+00  0.45657E-06    380  0.00000E+00      0.000
       3.5965  0.00000E+00  0.00000E+00 -0.88592E-07  0.00000E+00  0.41618E-07  0.00000E+00  0.00000E+00  0.12476E-06  0.00000E+00 -0.20520E-08 -0.11435E+03  0.00000E+00 -0.85868E+02  0.00000E+00  0.00000E+00  0.24258E+02  0.00000E+00  0.45657E-06    381  0.00000E+00      0.000
       3.6060  0.00000E+00  0.00000E+00  0.11316E-06  0.00000E+00  0.52270E-07  0.00000E+00  0.00000E+00  0.12583E-06  0.00000E+00 -0.15555E-08 -0.11437E+03  0.00000E+00 -0.85850E+02  0.00000E+00  0.00000E+00  0.24258E+02  0.00000E+00  0.45764E-06    382  0.00000E+00      0.000
       3.6155  0.00000E+00  0.00000E+00  0.84052E-07  0.00000E+00  0.31403E-06  0.00000E+00  0.00000E+00  0.12663E-06  0.00000E+00  0.14278E-08 -0.11438E+03  0.00000E+00 -0.85831E+02  0.00000E+00  0.00000E+00  0.24258E+02  0.00000E+00  0.45844E-06    383  0.00000E+00      0.000
       3.6250  0.00000E+00  0.00000E+00 -0.27072E-06  0.00000E+00  0.33085E-06  0.00000E+00  0.00000E+00  0.12406E-06  0.00000E+00  0.45709E-08 -0.11440E+03  0.00000E+00 -0.85813E+02  0.00000E+00  0.00000E+00  0.24258E+02  0.00000E+00  0.45844E-06    384  0.00000E+00      0.000
       3.6350  0.00000E+00  0.00000E+00  0.16170E-06  0.00000E+00 -0.27928E-06  0.00000E+00  0.00000E+00  0.12568E-06  0.00000E+00  0.17781E-08 -0.11442E+03  0.00000E+00 -0.85794E+02  0.00000E+00  0.00000E+00  0.24258E+02  0.00000E+00  0.46006E-06    385  0.00000E+00      0.000
       3.6450  0.00000E+00  0.00000E+00 -0.14133E-06  0.00000E+00  0.84017E-06  0.00000E+00  0.00000E+00  0.12426E-06  0.00000E+00  0.10180E-07 -0.11444E+03  0.00000E+00 -0.85774E+02  0.00000E+00  0.00000E+00  0.24258E+02  0.00000E+00  0.46006E-06    386  0.00000E+00      0.000
       3.6550  0.00000E+00  0.00000E+00 -0.43755E-06  0.00000E+00 -0.13516E-06  0.00000E+00  0.00000E+00  0.11989E-06  0.00000E+00  0.88282E-08 -0.11446E+03  0.00000E+00 -0.85755E+02  0.00000E+00  0.00000E+00  0.24258E+02  0.00000E+00  0.46006E-06    387  0.00000E+00      0.000
       3.6645  0.00000E+00  0.00000E+00  0.34820E-06  0.00000E+00  0.13917E-06  0.00000E+00  0.00000E+00  0.12320E-06  0.00000E+00  0.10150E-07 -0.11448E+03  0.00000E+00 -0.85737E+02  0.00000E+00  0.00000E+00  0.24258E+02  0.00000E+00  0.46336E-06    388  0.00000E+00      0.000
       3.6740  0.00000E+00  0.00000E+00 -0.11583E-07  0.00000E+00 -0.26921E-06  0.00000E+00  0.00000E+00  0.12309E-06  0.00000E+00  0.75929E-08 -0.11449E+03  0.00000E+00 -0.85719E+02  0.00000E+00  0.00000E+00  0.24258E+02  0.00000E+00  0.46336E-06    389  0.00000E+00      0.000
       3.6835  0.00000E+00  0.00000E+00 -0.42067E-06  0.00000E+00 -0.23213E-06  0.00000E+00  0.00000E+00  0.11909E-06  0.00000E+00  0.53876E-08 -0.11451E+03  0.00000E+00 -0.85701E+02  0.00000E+00  0.00000E+00  0.24258E+02  0.00000E+00  0.46336E-06    390  0.00000E+00      0.000
       3.6930  0.00000E+00  0.00000E+00 -0.41426E-06  0.00000E+00  0.49220E-06  0.00000E+00  0.00000E+00  0.11515E-06  0.00000E+00  0.10064E-07 -0.11453E+03  0.00000E+00 -0.85682E+02  0.00000E+00  0.00000E+00  0.24258E+02  0.00000E+00  0.46336E-06    391  0.00000E+00      0.000
       3.7025  0.00000E+00  0.00000E+00  0.14185E-06  0.00000E+00 -0.58947E-06  0.00000E+00  0.00000E+00  0.11650E-06  0.00000E+00  0.44636E-08 -0.11455E+03  0.00000E+00 -0.85664E+02  0.00000E+00  0.00000E+00  0.24258E+02  0.00000E+00  0.46471E-06    392  0.00000E+00      0.000
       3.7120  0.00000E+00  0.00000E+00  0.14598E-06  0.00000E+00  0.82183E-06  0.00000E+00  0.00000E+00  0.11789E-06  0.00000E+00  0.12271E-07 -0.11457E+03  0.00000E+00 -0.85646E+02  0.00000E+00  0.00000E+00  0.24258E+02  0.00000E+00  0.46610E-06    393  0.00000E+00      0.000
       3.7215  0.00000E+00  0.00000E+00  0.98138E-07  0.00000E+00 -0.25309E-06  0.00000E+00  0.00000E+00  0.11882E-06  0.00000E+00  0.98667E-08 -0.11458E+03  0.00000E+00 -0.85628E+02  0.00000E+00  0.00000E+00  0.24258E+02  0.00000E+00  0.46703E-06    394  0.00000E+00      0.000
       3.7310  0.00000E+00  0.00000E+00 -0.84110E-07  0.00000E+00  0.48149E-06  0.00000E+00  0.00000E+00  0.11802E-06  0.00000E+00  0.14441E-07 -0.11460E+03  0.00000E+00 -0.85610E+02  0.00000E+00  0.00000E+00  0.24258E+02  0.00000E+00  0.46703E-06    395  0.00000E+00      0.000
       3.7405  0.00000E+00  0.00000E+00 -0.31816E-06  0.00000E+00  0.93132E-07  0.00000E+00  0.00000E+00  0.11500E-06  0.00000E+00  0.15326E-07 -0.11462E+03  0.00000E+00 -0.85592E+02  0.00000E+00  0.00000E+00  0.24258E+02  0.00000E+00  0.46703E-06    396  0.00000E+00      0.000
       3.7500  0.00000E+00  0.00000E+00  0.46549E-06  0.00000E+00 -0.29098E-06  0.00000E+00  0.00000E+00  0.11942E-06  0.00000E+00  0.12561E-07 -0.11464E+03  0.00000E+00 -0.85574E+02  0.00000E+00  0.00000E+00  0.24258E+02  0.00000E+00  0.47145E-06    397  0.00000E+00      0.000
       3.7600  0.00000E+00  0.00000E+00  0.39424E-06  0.00000E+00 -0.52067E-06  0.00000E+00  0.00000E+00  0.12336E-06  0.00000E+00  0.73547E-08 -0.11466E+03  0.00000E+00 -0.85555E+02  0.00000E+00  0.00000E+00  0.24258E+02  0.00000E+00  0.47540E-06    398  0.00000E+00      0.000
       3.7700  0.00000E+00  0.00000E+00 -0.11001E-06  0.00000E+00  0.10832E-05  0.00000E+00  0.00000E+00  0.12226E-06  0.00000E+00  0.18187E-07 -0.11468E+03  0.00000E+00 -0.85536E+02  0.00000E+00  0.00000E+00  0.24258E+02  0.00000E+00  0.47540E-06    399  0.00000E+00      0.000
       3.7800  0.00000E+00  0.00000E+00 -0.23632E-06  0.00000E+00 -0.73510E-06  0.00000E+00  0.00000E+00  0.11990E-06  0.00000E+00  0.10835E-07 -0.11469E+03  0.00000E+00 -0.85517E+02  0.00000E+00  0.00000E+00  0.24258E+02  0.00000E+00  0.47540E-06    400  0.00000E+00      0.000
       3.7895  0.00000E+00  0.00000E+00 -0.84983E-07  0.00000E+00 -0.32305E-06  0.00000E+00  0.00000E+00  0.11909E-06  0.00000E+00  0.77665E-08 -0.11471E+03  0.00000E+00 -0.85499E+02  0.00000E+00  0.00000E+00  0.24258E+02  0.00000E+00  0.47540E-06    401  0.00000E+00      0.000
       3.7990  0.00000E+00  0.00000E+00  0.40274E-06  0.00000E+00 -0.11388E-05  0.00000E+00  0.00000E+00  0.12292E-06  0.00000E+00 -0.30519E-08 -0.11473E+03  0.00000E+00 -0.85481E+02  0.00000E+00  0.00000E+00  0.24258E+02  0.00000E+00  0.47922E-06    402  0.00000E+00      0.000
       3.8085  0.00000E+00  0.00000E+00  0.84285E-07  0.00000E+00 -0.82928E-06  0.00000E+00  0.00000E+00  0.12372E-06  0.00000E+00 -0.10930E-07 -0.11475E+03  0.00000E+00 -0.85463E+02  0.00000E+00  0.00000E+00  0.24258E+02  0.00000E+00  0.48002E-06    403  0.00000E+00      0.000
       3.8180  0.00000E+00  0.00000E+00  0.20361E-06  0.00000E+00  0.37462E-06  0.00000E+00  0.00000E+00  0.12565E-06  0.00000E+00 -0.73711E-08 -0.11477E+03  0.00000E+00 -0.85445E+02  0.00000E+00  0.00000E+00  0.24258E+02  0.00000E+00  0.48196E-06    404  0.00000E+00      0.000
       3.8275  0.00000E+00  0.00000E+00 -0.22602E-06  0.00000E+00  0.90624E-06  0.00000E+00  0.00000E+00  0.12351E-06  0.00000E+00  0.12381E-08 -0.11478E+03  0.00000E+00 -0.85428E+02  0.00000E+00  0.00000E+00  0.24258E+02  0.00000E+00  0.48196E-06    405  0.00000E+00      0.000
       3.8370  0.00000E+00  0.00000E+00  0.36508E-06  0.00000E+00 -0.12678E-06  0.00000E+00  0.00000E+00  0.12698E-06  0.00000E+00  0.33712E-10 -0.11480E+03  0.00000E+00 -0.85410E+02  0.00000E+00  0.00000E+00  0.24258E+02  0.00000E+00  0.48542E-06    406  0.00000E+00      0.000
       3.8465  0.00000E+00  0.00000E+00 -0.24895E-06  0.00000E+00  0.19284E-06  0.00000E+00  0.00000E+00  0.12461E-06  0.00000E+00  0.18657E-08 -0.11482E+03  0.00000E+00 -0.85392E+02  0.00000E+00  0.00000E+00  0.24258E+02  0.00000E+00  0.48542E-06    407  0.00000E+00      0.000
       3.8560  0.00000E+00  0.00000E+00 -0.80036E-07  0.00000E+00 -0.15972E-06  0.00000E+00  0.00000E+00  0.12385E-06  0.00000E+00  0.34835E-09 -0.11484E+03  0.00000E+00 -0.85374E+02  0.00000E+00  0.00000E+00  0.24258E+02  0.00000E+00  0.48542E-06    408  0.00000E+00      0.000
       3.8655  0.00000E+00  0.00000E+00 -0.45780E-06  0.00000E+00  0.61182E-06  0.00000E+00  0.00000E+00  0.11950E-06  0.00000E+00  0.61607E-08 -0.11485E+03  0.00000E+00 -0.85356E+02  0.00000E+00  0.00000E+00  0.24258E+02  0.00000E+00  0.48542E-06    409  0.00000E+00      0.000
       3.8750  0.00000E+00  0.00000E+00 -0.10937E-06  0.00000E+00  0.26450E-06  0.00000E+00  0.00000E+00  0.11846E-06  0.00000E+00  0.86734E-08 -0.11487E+03  0.00000E+00 -0.85339E+02  0.00000E+00  0.00000E+00  0.24258E+02  0.00000E+00  0.48542E-06    410  0.00000E+00      0.000
       3.8850  0.00000E+00  0.00000E+00 -0.13324E-06  0.00000E+00 -0.26630E-06  0.00000E+00  0.00000E+00  0.11713E-06  0.00000E+00  0.60104E-08 -0.11489E+03  0.00000E+00 -0.85320E+02  0.00000E+00  0.00000E+00  0.24258E+02  0.00000E+00  0.48542E-06    411  0.00000E+00      0.000
       3.8950  0.00000E+00  0.00000E+00  0.29232E-06  0.00000E+00 -0.10984E-06  0.00000E+00  0.00000E+00  0.12005E-06  0.00000E+00  0.49120E-08 -0.11491E+03  0.00000E+00 -0.85301E+02  0.00000E+00  0.00000E+00  0.24258E+02  0.00000E+00  0.48835E-06    412  0.00000E+00      0.000
       3.9050  0.00000E+00  0.00000E+00 -0.67637E-07  0.00000E+00 -0.70420E-06  0.00000E+00  0.00000E+00  0.11938E-06  0.00000E+00 -0.21300E-08 -0.11493E+03  0.00000E+00 -0.85283E+02  0.00000E+00  0.00000E+00  0.24258E+02  0.00000E+00  0.48835E-06    413  0.00000E+00      0.000
       3.9145  0.00000E+00  0.00000E+00  0.65251E-07  0.00000E+00 -0.11832E-05  0.00000E+00  0.00000E+00  0.12000E-06  0.00000E+00 -0.13371E-07 -0.11494E+03  0.00000E+00 -0.85265E+02  0.00000E+00  0.00000E+00  0.24258E+02  0.00000E+00  0.48897E-06    414  0.00000E+00      0.000
       3.9240  0.00000E+00  0.00000E+00 -0.19604E-06  0.00000E+00 -0.17590E-06  0.00000E+00  0.00000E+00  0.11813E-06  0.00000E+00 -0.15042E-07 -0.11496E+03  0.00000E+00 -0.85247E+02  0.00000E+00  0.00000E+00  0.24258E+02  0.00000E+00  0.48897E-06    415  0.00000E+00      0.000
       3.9335  0.00000E+00  0.00000E+00 -0.27765E-06  0.00000E+00  0.84279E-06  0.00000E+00  0.00000E+00  0.11550E-06  0.00000E+00 -0.70354E-08 -0.11498E+03  0.00000E+00 -0.85230E+02  0.00000E+00  0.00000E+00  0.24258E+02  0.00000E+00  0.48897E-06    416  0.00000E+00      0.000
       3.9430  0.00000E+00  0.00000E+00 -0.24011E-06  0.00000E+00  0.65367E-07  0.00000E+00  0.00000E+00  0.11322E-06  0.00000E+00 -0.64144E-08 -0.11500E+03  0.00000E+00 -0.85212E+02  0.00000E+00  0.00000E+00  0.24258E+02  0.00000E+00  0.48897E-06    417  0.00000E+00      0.000
       3.9525  0.00000E+00  0.00000E+00 -0.14337E-06  0.00000E+00 -0.25926E-06  0.00000E+00  0.00000E+00  0.11185E-06  0.00000E+00 -0.88774E-08 -0.11501E+03  0.00000E+00 -0.85194E+02  0.00000E+00  0.00000E+00  0.24258E+02  0.00000E+00  0.48897E-06    418  0.00000E+00      0.000
       3.9620  0.00000E+00  0.00000E+00  0.73807E-07  0.00000E+00 -0.36397E-06  0.00000E+00  0.00000E+00  0.11255E-06  0.00000E+00 -0.12335E-07 -0.11503E+03  0.00000E+00 -0.85177E+02  0.00000E+00  0.00000E+00  0.24258E+02  0.00000E+00  0.48967E-06    419  0.00000E+00      0.000
       3.9715  0.00000E+00  0.00000E+00 -0.19447E-06  0.00000E+00 -0.23359E-06  0.00000E+00  0.00000E+00  0.11071E-06  0.00000E+00 -0.14554E-07 -0.11505E+03  0.00000E+00 -0.85159E+02  0.00000E+00  0.00000E+00  0.24258E+02  0.00000E+00  0.48967E-06    420  0.00000E+00      0.000
       3.9810  0.00000E+00  0.00000E+00 -0.40745E-07  0.00000E+00  0.11642E-06  0.00000E+00  0.00000E+00  0.11032E-06  0.00000E+00 -0.13448E-07 -0.11506E+03  0.00000E+00 -0.85142E+02  0.00000E+00  0.00000E+00  0.24258E+02  0.00000E+00  0.48967E-06    421  0.00000E+00      0.000
       3.9905  0.00000E+00  0.00000E+00  0.35489E-06  0.00000E+00  0.25309E-06  0.00000E+00  0.00000E+00  0.11369E-06  0.00000E+00 -0.11044E-07 -0.11508E+03  0.00000E+00 -0.85124E+02  0.00000E+00  0.00000E+00  0.24258E+02  0.00000E+00  0.49304E-06    422  0.00000E+00      0.000
       4.0000  0.00000E+00  0.00000E+00  0.82946E-07  0.00000E+00  0.39366E-06  0.00000E+00  0.00000E+00  0.11448E-06  0.00000E+00 -0.73041E-08 -0.11510E+03  0.00000E+00 -0.85107E+02  0.00000E+00  0.00000E+00  0.24258E+02  0.00000E+00  0.49383E-06    423  0.00000E+00      0.000
       4.0100  0.00000E+00  0.00000E+00 -0.11426E-06  0.00000E+00 -0.29890E-06  0.00000E+00  0.00000E+00  0.11334E-06  0.00000E+00 -0.10293E-07 -0.11512E+03  0.00000E+00 -0.85088E+02  0.00000E+00  0.00000E+00  0.24258E+02  0.00000E+00  0.49383E-06    424  0.00000E+00      0.000
       4.0200  0.00000E+00  0.00000E+00 -0.26595E-06  0.00000E+00 -0.10303E-06  0.00000E+00  0.00000E+00  0.11068E-06  0.00000E+00 -0.11323E-07 -0.11514E+03  0.00000E+00 -0.85070E+02  0.00000E+00  0.00000E+00  0.24258E+02  0.00000E+00  0.49383E-06    425  0.00000E+00      0.000
       4.0300  0.00000E+00  0.00000E+00 -0.57626E-07  0.00000E+00  0.22911E-06  0.00000E+00  0.00000E+00  0.11010E-06  0.00000E+00 -0.90323E-08 -0.11515E+03  0.00000E+00 -0.85052E+02  0.00000E+00  0.00000E+00  0.24258E+02  0.00000E+00  0.49383E-06    426  0.00000E+00      0.000
       4.0395  0.00000E+00  0.00000E+00 -0.44645E-07  0.00000E+00  0.41648E-06  0.00000E+00  0.00000E+00  0.10968E-06  0.00000E+00 -0.50758E-08 -0.11517E+03  0.00000E+00 -0.85034E+02  0.00000E+00  0.00000E+00  0.24258E+02  0.00000E+00  0.49383E-06    427  0.00000E+00      0.000
       4.0490  0.00000E+00  0.00000E+00 -0.79104E-07  0.00000E+00 -0.99774E-06  0.00000E+00  0.00000E+00  0.10893E-06  0.00000E+00 -0.14554E-07 -0.11519E+03  0.00000E+00 -0.85017E+02  0.00000E+00  0.00000E+00  0.24258E+02  0.00000E+00  0.49383E-06    428  0.00000E+00      0.000
       4.0585  0.00000E+00  0.00000E+00  0.31071E-06  0.00000E+00 -0.10836E-05  0.00000E+00  0.00000E+00  0.11188E-06  0.00000E+00 -0.24848E-07 -0.11520E+03  0.00000E+00 -0.85000E+02  0.00000E+00  0.00000E+00  0.24258E+02  0.00000E+00  0.49678E-06    429  0.00000E+00      0.000
       4.0680  0.00000E+00  0.00000E+00  0.29453E-07  0.00000E+00  0.64512E-06  0.00000E+00  0.00000E+00  0.11216E-06  0.00000E+00 -0.18720E-07 -0.11522E+03  0.00000E+00 -0.84982E+02  0.00000E+00  0.00000E+00  0.24258E+02  0.00000E+00  0.49706E-06    430  0.00000E+00      0.000
       4.0775  0.00000E+00  0.00000E+00 -0.25373E-06  0.00000E+00 -0.98837E-07  0.00000E+00  0.00000E+00  0.10975E-06  0.00000E+00 -0.19659E-07 -0.11524E+03  0.00000E+00 -0.84965E+02  0.00000E+00  0.00000E+00  0.24258E+02  0.00000E+00  0.49706E-06    431  0.00000E+00      0.000
       4.0870  0.00000E+00  0.00000E+00  0.13359E-06  0.00000E+00 -0.84093E-06  0.00000E+00  0.00000E+00  0.11102E-06  0.00000E+00 -0.27648E-07 -0.11526E+03  0.00000E+00 -0.84948E+02  0.00000E+00  0.00000E+00  0.24258E+02  0.00000E+00  0.49833E-06    432  0.00000E+00      0.000
       4.0965  0.00000E+00  0.00000E+00 -0.17113E-07  0.00000E+00 -0.11933E-07  0.00000E+00  0.00000E+00  0.11085E-06  0.00000E+00 -0.27761E-07 -0.11527E+03  0.00000E+00 -0.84930E+02  0.00000E+00  0.00000E+00  0.24258E+02  0.00000E+00  0.49833E-06    433  0.00000E+00      0.000
       4.1060  0.00000E+00  0.00000E+00 -0.12806E-07  0.00000E+00 -0.29517E-06  0.00000E+00  0.00000E+00  0.11073E-06  0.00000E+00 -0.30565E-07 -0.11529E+03  0.00000E+00 -0.84913E+02  0.00000E+00  0.00000E+00  0.24258E+02  0.00000E+00  0.49833E-06    434  0.00000E+00      0.000
       4.1155  0.00000E+00  0.00000E+00  0.19313E-06  0.00000E+00  0.53860E-06  0.00000E+00  0.00000E+00  0.11257E-06  0.00000E+00 -0.25448E-07 -0.11531E+03  0.00000E+00 -0.84896E+02  0.00000E+00  0.00000E+00  0.24258E+02  0.00000E+00  0.50016E-06    435  0.00000E+00      0.000
       4.1250  0.00000E+00  0.00000E+00 -0.96159E-07  0.00000E+00  0.26001E-06  0.00000E+00  0.00000E+00  0.11165E-06  0.00000E+00 -0.22978E-07 -0.11532E+03  0.00000E+00 -0.84878E+02  0.00000E+00  0.00000E+00  0.24258E+02  0.00000E+00  0.50016E-06    436  0.00000E+00      0.000
       4.1350  0.00000E+00  0.00000E+00  0.12870E-06  0.00000E+00 -0.35641E-06  0.00000E+00  0.00000E+00  0.11294E-06  0.00000E+00 -0.26542E-07 -0.11534E+03  0.00000E+00 -0.84860E+02  0.00000E+00  0.00000E+00  0.24258E+02  0.00000E+00  0.50145E-06    437  0.00000E+00      0.000
       4.1450  0.00000E+00  0.00000E+00  0.11403E-06  0.00000E+00  0.14552E-08  0.00000E+00  0.00000E+00  0.11408E-06  0.00000E+00 -0.26528E-07 -0.11536E+03  0.00000E+00 -0.84842E+02  0.00000E+00  0.00000E+00  0.24258E+02  0.00000E+00  0.50259E-06    438  0.00000E+00      0.000
       4.1550  0.00000E+00  0.00000E+00 -0.22870E-06  0.00000E+00  0.23824E-06  0.00000E+00  0.00000E+00  0.11179E-06  0.00000E+00 -0.24145E-07 -0.11538E+03  0.00000E+00 -0.84824E+02  0.00000E+00  0.00000E+00  0.24258E+02  0.00000E+00  0.50259E-06    439  0.00000E+00      0.000
       4.1645  0.00000E+00  0.00000E+00  0.39232E-06  0.00000E+00 -0.70600E-06  0.00000E+00  0.00000E+00  0.11552E-06  0.00000E+00 -0.30852E-07 -0.11539E+03  0.00000E+00 -0.84807E+02  0.00000E+00  0.00000E+00  0.24258E+02  0.00000E+00  0.50632E-06    440  0.00000E+00      0.000
       4.1740  0.00000E+00  0.00000E+00  0.34587E-06  0.00000E+00  0.59773E-06  0.00000E+00  0.00000E+00  0.11881E-06  0.00000E+00 -0.25174E-07 -0.11541E+03  0.00000E+00 -0.84790E+02  0.00000E+00  0.00000E+00  0.24258E+02  0.00000E+00  0.50960E-06    441  0.00000E+00      0.000
       4.1835  0.00000E+00  0.00000E+00  0.40536E-06  0.00000E+00  0.33510E-06  0.00000E+00  0.00000E+00  0.12266E-06  0.00000E+00 -0.21990E-07 -0.11543E+03  0.00000E+00 -0.84773E+02  0.00000E+00  0.00000E+00  0.24258E+02  0.00000E+00  0.51345E-06    442  0.00000E+00      0.000
       4.1930  0.00000E+00  0.00000E+00  0.17846E-06  0.00000E+00 -0.83836E-06  0.00000E+00  0.00000E+00  0.12435E-06  0.00000E+00 -0.29955E-07 -0.11544E+03  0.00000E+00 -0.84755E+02  0.00000E+00  0.00000E+00  0.24258E+02  0.00000E+00  0.51515E-06    443  0.00000E+00      0.000
       4.2025  0.00000E+00  0.00000E+00  0.12899E-06  0.00000E+00  0.15134E-07  0.00000E+00  0.00000E+00  0.12558E-06  0.00000E+00 -0.29811E-07 -0.11546E+03  0.00000E+00 -0.84738E+02  0.00000E+00  0.00000E+00  0.24258E+02  0.00000E+00  0.51638E-06    444  0.00000E+00      0.000
       4.2120  0.00000E+00  0.00000E+00  0.78056E-07  0.00000E+00 -0.69715E-06  0.00000E+00  0.00000E+00  0.12632E-06  0.00000E+00 -0.36434E-07 -0.11548E+03  0.00000E+00 -0.84721E+02  0.00000E+00  0.00000E+00  0.24258E+02  0.00000E+00  0.51712E-06    445  0.00000E+00      0.000
       4.2215  0.00000E+00  0.00000E+00  0.26776E-07  0.00000E+00  0.16100E-06  0.00000E+00  0.00000E+00  0.12657E-06  0.00000E+00 -0.34905E-07 -0.11549E+03  0.00000E+00 -0.84704E+02  0.00000E+00  0.00000E+00  0.24258E+02  0.00000E+00  0.51737E-06    446  0.00000E+00      0.000
       4.2310  0.00000E+00  0.00000E+00  0.32969E-06  0.00000E+00  0.36927E-06  0.00000E+00  0.00000E+00  0.12971E-06  0.00000E+00 -0.31397E-07 -0.11551E+03  0.00000E+00 -0.84687E+02  0.00000E+00  0.00000E+00  0.24258E+02  0.00000E+00  0.52050E-06    447  0.00000E+00      0.000
       4.2405  0.00000E+00  0.00000E+00  0.27637E-06  0.00000E+00  0.12224E-06  0.00000E+00  0.00000E+00  0.13233E-06  0.00000E+00 -0.30235E-07 -0.11553E+03  0.00000E+00 -0.84670E+02  0.00000E+00  0.00000E+00  0.24258E+02  0.00000E+00  0.52313E-06    448  0.00000E+00      0.000
       4.2500  0.00000E+00  0.00000E+00 -0.31060E-06  0.00000E+00  0.70024E-07  0.00000E+00  0.00000E+00  0.12938E-06  0.00000E+00 -0.29570E-07 -0.11554E+03  0.00000E+00 -0.84653E+02  0.00000E+00  0.00000E+00  0.24258E+02  0.00000E+00  0.52313E-06    449  0.00000E+00      0.000
       4.2600  0.00000E+00  0.00000E+00  0.34535E-06  0.00000E+00  0.11415E-06  0.00000E+00  0.00000E+00  0.13283E-06  0.00000E+00 -0.28429E-07 -0.11556E+03  0.00000E+00 -0.84635E+02  0.00000E+00  0.00000E+00  0.24258E+02  0.00000E+00  0.52658E-06    450  0.00000E+00      0.000
       4.2700  0.00000E+00  0.00000E+00 -0.36118E-06  0.00000E+00 -0.73866E-07  0.00000E+00  0.00000E+00  0.12922E-06  0.00000E+00 -0.29167E-07 -0.11558E+03  0.00000E+00 -0.84617E+02  0.00000E+00  0.00000E+00  0.24258E+02  0.00000E+00  0.52658E-06    451  0.00000E+00      0.000
       4.2800  0.00000E+00  0.00000E+00  0.17235E-06  0.00000E+00  0.77131E-06  0.00000E+00  0.00000E+00  0.13095E-06  0.00000E+00 -0.21454E-07 -0.11560E+03  0.00000E+00 -0.84600E+02  0.00000E+00  0.00000E+00  0.24258E+02  0.00000E+00  0.52831E-06    452  0.00000E+00      0.000
       4.2895  0.00000E+00  0.00000E+00  0.40903E-06  0.00000E+00  0.14441E-06  0.00000E+00  0.00000E+00  0.13483E-06  0.00000E+00 -0.20082E-07 -0.11561E+03  0.00000E+00 -0.84583E+02  0.00000E+00  0.00000E+00  0.24258E+02  0.00000E+00  0.53219E-06    453  0.00000E+00      0.000
       4.2990  0.00000E+00  0.00000E+00 -0.79977E-07  0.00000E+00  0.10052E-06  0.00000E+00  0.00000E+00  0.13407E-06  0.00000E+00 -0.19127E-07 -0.11563E+03  0.00000E+00 -0.84566E+02  0.00000E+00  0.00000E+00  0.24258E+02  0.00000E+00  0.53219E-06    454  0.00000E+00      0.000
       4.3085  0.00000E+00  0.00000E+00  0.46700E-06  0.00000E+00 -0.12980E-06  0.00000E+00  0.00000E+00  0.13851E-06  0.00000E+00 -0.20360E-07 -0.11565E+03  0.00000E+00 -0.84549E+02  0.00000E+00  0.00000E+00  0.24258E+02  0.00000E+00  0.53663E-06    455  0.00000E+00      0.000
       4.3180  0.00000E+00  0.00000E+00 -0.20111E-06  0.00000E+00  0.28987E-06  0.00000E+00  0.00000E+00  0.13660E-06  0.00000E+00 -0.17607E-07 -0.11566E+03  0.00000E+00 -0.84532E+02  0.00000E+00  0.00000E+00  0.24258E+02  0.00000E+00  0.53663E-06    456  0.00000E+00      0.000
       4.3275  0.00000E+00  0.00000E+00 -0.87311E-08  0.00000E+00  0.63970E-07  0.00000E+00  0.00000E+00  0.13651E-06  0.00000E+00 -0.16999E-07 -0.11568E+03  0.00000E+00 -0.84515E+02  0.00000E+00  0.00000E+00  0.24258E+02  0.00000E+00  0.53663E-06    457  0.00000E+00      0.000
       4.3370  0.00000E+00  0.00000E+00  0.10559E-06  0.00000E+00 -0.15914E-06  0.00000E+00  0.00000E+00  0.13752E-06  0.00000E+00 -0.18511E-07 -0.11570E+03  0.00000E+00 -0.84498E+02  0.00000E+00  0.00000E+00  0.24258E+02  0.00000E+00  0.53763E-06    458  0.00000E+00      0.000
       4.3465  0.00000E+00  0.00000E+00 -0.13429E-06  0.00000E+00  0.26607E-06  0.00000E+00  0.00000E+00  0.13624E-06  0.00000E+00 -0.15983E-07 -0.11571E+03  0.00000E+00 -0.84481E+02  0.00000E+00  0.00000E+00  0.24258E+02  0.00000E+00  0.53763E-06    459  0.00000E+00      0.000
       4.3560  0.00000E+00  0.00000E+00  0.15477E-06  0.00000E+00 -0.41357E-06  0.00000E+00  0.00000E+00  0.13771E-06  0.00000E+00 -0.19912E-07 -0.11573E+03  0.00000E+00 -0.84465E+02  0.00000E+00  0.00000E+00  0.24258E+02  0.00000E+00  0.53910E-06    460  0.00000E+00      0.000
       4.3655  0.00000E+00  0.00000E+00  0.89814E-07  0.00000E+00  0.47713E-06  0.00000E+00  0.00000E+00  0.13857E-06  0.00000E+00 -0.15379E-07 -0.11575E+03  0.00000E+00 -0.84448E+02  0.00000E+00  0.00000E+00  0.24258E+02  0.00000E+00  0.53995E-06    461  0.00000E+00      0.000
       4.3750  0.00000E+00  0.00000E+00  0.20029E-06  0.00000E+00  0.72533E-06  0.00000E+00  0.00000E+00  0.14047E-06  0.00000E+00 -0.84886E-08 -0.11576E+03  0.00000E+00 -0.84431E+02  0.00000E+00  0.00000E+00  0.24258E+02  0.00000E+00  0.54186E-06    462  0.00000E+00      0.000
       4.3850  0.00000E+00  0.00000E+00  0.24965E-06  0.00000E+00  0.96794E-06  0.00000E+00  0.00000E+00  0.14296E-06  0.00000E+00  0.11908E-08 -0.11578E+03  0.00000E+00 -0.84413E+02  0.00000E+00  0.00000E+00  0.24258E+02  0.00000E+00  0.54435E-06    463  0.00000E+00      0.000
       4.3950  0.00000E+00  0.00000E+00 -0.28819E-06  0.00000E+00 -0.11368E-06  0.00000E+00  0.00000E+00  0.14008E-06  0.00000E+00  0.53960E-10 -0.11580E+03  0.00000E+00 -0.84396E+02  0.00000E+00  0.00000E+00  0.24258E+02  0.00000E+00  0.54435E-06    464  0.00000E+00      0.000
       4.4050  0.00000E+00  0.00000E+00 -0.29849E-06  0.00000E+00 -0.26729E-06  0.00000E+00  0.00000E+00  0.13710E-06  0.00000E+00 -0.26189E-08 -0.11581E+03  0.00000E+00 -0.84378E+02  0.00000E+00  0.00000E+00  0.24258E+02  0.00000E+00  0.54435E-06    465  0.00000E+00      0.000
       4.4145  0.00000E+00  0.00000E+00  0.41770E-06  0.00000E+00  0.17864E-06  0.00000E+00  0.00000E+00  0.14107E-06  0.00000E+00 -0.92186E-09 -0.11583E+03  0.00000E+00 -0.84362E+02  0.00000E+00  0.00000E+00  0.24258E+02  0.00000E+00  0.54832E-06    466  0.00000E+00      0.000
       4.4240  0.00000E+00  0.00000E+00  0.44151E-06  0.00000E+00 -0.48697E-06  0.00000E+00  0.00000E+00  0.14526E-06  0.00000E+00 -0.55480E-08 -0.11585E+03  0.00000E+00 -0.84345E+02  0.00000E+00  0.00000E+00  0.24258E+02  0.00000E+00  0.55252E-06    467  0.00000E+00      0.000
       4.4335  0.00000E+00  0.00000E+00 -0.15611E-06  0.00000E+00 -0.11501E-05  0.00000E+00  0.00000E+00  0.14378E-06  0.00000E+00 -0.16474E-07 -0.11586E+03  0.00000E+00 -0.84328E+02  0.00000E+00  0.00000E+00  0.24258E+02  0.00000E+00  0.55252E-06    468  0.00000E+00      0.000
       4.4430  0.00000E+00  0.00000E+00  0.29861E-06  0.00000E+00  0.39785E-06  0.00000E+00  0.00000E+00  0.14661E-06  0.00000E+00 -0.12695E-07 -0.11588E+03  0.00000E+00 -0.84312E+02  0.00000E+00  0.00000E+00  0.24258E+02  0.00000E+00  0.55535E-06    469  0.00000E+00      0.000
       4.4525  0.00000E+00  0.00000E+00  0.22550E-06  0.00000E+00 -0.90251E-06  0.00000E+00  0.00000E+00  0.14876E-06  0.00000E+00 -0.21268E-07 -0.11589E+03  0.00000E+00 -0.84295E+02  0.00000E+00  0.00000E+00  0.24258E+02  0.00000E+00  0.55750E-06    470  0.00000E+00      0.000
       4.4620  0.00000E+00  0.00000E+00 -0.45769E-06  0.00000E+00  0.90804E-08  0.00000E+00  0.00000E+00  0.14441E-06  0.00000E+00 -0.21182E-07 -0.11591E+03  0.00000E+00 -0.84278E+02  0.00000E+00  0.00000E+00  0.24258E+02  0.00000E+00  0.55750E-06    471  0.00000E+00      0.000
       4.4715  0.00000E+00  0.00000E+00 -0.98487E-07  0.00000E+00 -0.11109E-05  0.00000E+00  0.00000E+00  0.14347E-06  0.00000E+00 -0.31736E-07 -0.11593E+03  0.00000E+00 -0.84262E+02  0.00000E+00  0.00000E+00  0.24258E+02  0.00000E+00  0.55750E-06    472  0.00000E+00      0.000
       4.4810  0.00000E+00  0.00000E+00 -0.34895E-06  0.00000E+00 -0.19564E-06  0.00000E+00  0.00000E+00  0.14016E-06  0.00000E+00 -0.33594E-07 -0.11594E+03  0.00000E+00 -0.84245E+02  0.00000E+00  0.00000E+00  0.24258E+02  0.00000E+00  0.55750E-06    473  0.00000E+00      0.000
       4.4905  0.00000E+00  0.00000E+00  0.18376E-06  0.00000E+00 -0.84745E-06  0.00000E+00  0.00000E+00  0.14190E-06  0.00000E+00 -0.41645E-07 -0.11596E+03  0.00000E+00 -0.84229E+02  0.00000E+00  0.00000E+00  0.24258E+02  0.00000E+00  0.55924E-06    474  0.00000E+00      0.000
       4.5000  0.00000E+00  0.00000E+00 -0.15291E-06  0.00000E+00  0.72003E-07  0.00000E+00  0.00000E+00  0.14045E-06  0.00000E+00 -0.40961E-07 -0.11598E+03  0.00000E+00 -0.84212E+02  0.00000E+00  0.00000E+00  0.24258E+02  0.00000E+00  0.55924E-06    475  0.00000E+00      0.000
       4.5100  0.00000E+00  0.00000E+00  0.86904E-07  0.00000E+00 -0.13487E-06  0.00000E+00  0.00000E+00  0.14132E-06  0.00000E+00 -0.42310E-07 -0.11599E+03  0.00000E+00 -0.84195E+02  0.00000E+00  0.00000E+00  0.24258E+02  0.00000E+00  0.56011E-06    476  0.00000E+00      0.000
       4.5200  0.00000E+00  0.00000E+00  0.20023E-07  0.00000E+00 -0.16857E-06  0.00000E+00  0.00000E+00  0.14152E-06  0.00000E+00 -0.43995E-07 -0.11601E+03  0.00000E+00 -0.84177E+02  0.00000E+00  0.00000E+00  0.24258E+02  0.00000E+00  0.56031E-06    477  0.00000E+00      0.000
       4.5300  0.00000E+00  0.00000E+00  0.39442E-06  0.00000E+00  0.17358E-06  0.00000E+00  0.00000E+00  0.14546E-06  0.00000E+00 -0.42260E-07 -0.11603E+03  0.00000E+00 -0.84160E+02  0.00000E+00  0.00000E+00  0.24258E+02  0.00000E+00  0.56425E-06    478  0.00000E+00      0.000
       4.5395  0.00000E+00  0.00000E+00  0.37084E-06  0.00000E+00  0.55647E-06  0.00000E+00  0.00000E+00  0.14899E-06  0.00000E+00 -0.36973E-07 -0.11604E+03  0.00000E+00 -0.84143E+02  0.00000E+00  0.00000E+00  0.24258E+02  0.00000E+00  0.56778E-06    479  0.00000E+00      0.000
       4.5490  0.00000E+00  0.00000E+00  0.28464E-07  0.00000E+00 -0.83237E-07  0.00000E+00  0.00000E+00  0.14926E-06  0.00000E+00 -0.37764E-07 -0.11606E+03  0.00000E+00 -0.84127E+02  0.00000E+00  0.00000E+00  0.24258E+02  0.00000E+00  0.56805E-06    480  0.00000E+00      0.000
       4.5585  0.00000E+00  0.00000E+00  0.38155E-06  0.00000E+00 -0.72032E-06  0.00000E+00  0.00000E+00  0.15288E-06  0.00000E+00 -0.44607E-07 -0.11607E+03  0.00000E+00 -0.84110E+02  0.00000E+00  0.00000E+00  0.24258E+02  0.00000E+00  0.57167E-06    481  0.00000E+00      0.000
       4.5680  0.00000E+00  0.00000E+00 -0.31129E-06  0.00000E+00 -0.25431E-06  0.00000E+00  0.00000E+00  0.14993E-06  0.00000E+00 -0.47023E-07 -0.11609E+03  0.00000E+00 -0.84094E+02  0.00000E+00  0.00000E+00  0.24258E+02  0.00000E+00  0.57167E-06    482  0.00000E+00      0.000
       4.5775  0.00000E+00  0.00000E+00 -0.30769E-06  0.00000E+00  0.68045E-06  0.00000E+00  0.00000E+00  0.14700E-06  0.00000E+00 -0.40559E-07 -0.11611E+03  0.00000E+00 -0.84078E+02  0.00000E+00  0.00000E+00  0.24258E+02  0.00000E+00  0.57167E-06    483  0.00000E+00      0.000
       4.5870  0.00000E+00  0.00000E+00 -0.39191E-06  0.00000E+00  0.48662E-07  0.00000E+00  0.00000E+00  0.14328E-06  0.00000E+00 -0.40096E-07 -0.11612E+03  0.00000E+00 -0.84061E+02  0.00000E+00  0.00000E+00  0.24258E+02  0.00000E+00  0.57167E-06    484  0.00000E+00      0.000
       4.5965  0.00000E+00  0.00000E+00 -0.12934E-06  0.00000E+00  0.35518E-06  0.00000E+00  0.00000E+00  0.14205E-06  0.00000E+00 -0.36722E-07 -0.11614E+03  0.00000E+00 -0.84045E+02  0.00000E+00  0.00000E+00  0.24258E+02  0.00000E+00  0.57167E-06    485  0.00000E+00      0.000
       4.6060  0.00000E+00  0.00000E+00 -0.21543E-06  0.00000E+00  0.35943E-06  0.00000E+00  0.00000E+00  0.14000E-06  0.00000E+00 -0.33307E-07 -0.11615E+03  0.00000E+00 -0.84028E+02  0.00000E+00  0.00000E+00  0.24258E+02  0.00000E+00  0.57167E-06    486  0.00000E+00      0.000
       4.6155  0.00000E+00  0.00000E+00  0.21857E-06  0.00000E+00 -0.26607E-06  0.00000E+00  0.00000E+00  0.14208E-06  0.00000E+00 -0.35835E-07 -0.11617E+03  0.00000E+00 -0.84012E+02  0.00000E+00  0.00000E+00  0.24258E+02  0.00000E+00  0.57375E-06    487  0.00000E+00      0.000
       4.6250  0.00000E+00  0.00000E+00  0.39401E-06  0.00000E+00  0.20972E-06  0.00000E+00  0.00000E+00  0.14582E-06  0.00000E+00 -0.33843E-07 -0.11619E+03  0.00000E+00 -0.83996E+02  0.00000E+00  0.00000E+00  0.24258E+02  0.00000E+00  0.57749E-06    488  0.00000E+00      0.000
       4.6350  0.00000E+00  0.00000E+00  0.21106E-06  0.00000E+00  0.11257E-06  0.00000E+00  0.00000E+00  0.14793E-06  0.00000E+00 -0.32717E-07 -0.11620E+03  0.00000E+00 -0.83978E+02  0.00000E+00  0.00000E+00  0.24258E+02  0.00000E+00  0.57960E-06    489  0.00000E+00      0.000
       4.6450  0.00000E+00  0.00000E+00  0.56694E-07  0.00000E+00  0.10370E-05  0.00000E+00  0.00000E+00  0.14850E-06  0.00000E+00 -0.22347E-07 -0.11622E+03  0.00000E+00 -0.83961E+02  0.00000E+00  0.00000E+00  0.24258E+02  0.00000E+00  0.58017E-06    490  0.00000E+00      0.000
       4.6550  0.00000E+00  0.00000E+00  0.19744E-06  0.00000E+00 -0.78115E-07  0.00000E+00  0.00000E+00  0.15048E-06  0.00000E+00 -0.23128E-07 -0.11624E+03  0.00000E+00 -0.83944E+02  0.00000E+00  0.00000E+00  0.24258E+02  0.00000E+00  0.58214E-06    491  0.00000E+00      0.000
       4.6645  0.00000E+00  0.00000E+00 -0.17486E-06  0.00000E+00 -0.30006E-06  0.00000E+00  0.00000E+00  0.14881E-06  0.00000E+00 -0.25979E-07 -0.11625E+03  0.00000E+00 -0.83928E+02  0.00000E+00  0.00000E+00  0.24258E+02  0.00000E+00  0.58214E-06    492  0.00000E+00      0.000
       4.6740  0.00000E+00  0.00000E+00  0.34441E-06  0.00000E+00 -0.28557E-06  0.00000E+00  0.00000E+00  0.15209E-06  0.00000E+00 -0.28692E-07 -0.11627E+03  0.00000E+00 -0.83912E+02  0.00000E+00  0.00000E+00  0.24258E+02  0.00000E+00  0.58542E-06    493  0.00000E+00      0.000
       4.6835  0.00000E+00  0.00000E+00  0.78580E-07  0.00000E+00  0.20041E-06  0.00000E+00  0.00000E+00  0.15283E-06  0.00000E+00 -0.26788E-07 -0.11628E+03  0.00000E+00 -0.83895E+02  0.00000E+00  0.00000E+00  0.24258E+02  0.00000E+00  0.58616E-06    494  0.00000E+00      0.000
       4.6930  0.00000E+00  0.00000E+00  0.33114E-06  0.00000E+00  0.60420E-07  0.00000E+00  0.00000E+00  0.15598E-06  0.00000E+00 -0.26214E-07 -0.11630E+03  0.00000E+00 -0.83879E+02  0.00000E+00  0.00000E+00  0.24258E+02  0.00000E+00  0.58931E-06    495  0.00000E+00      0.000
       4.7025  0.00000E+00  0.00000E+00  0.40920E-06  0.00000E+00 -0.77474E-07  0.00000E+00  0.00000E+00  0.15987E-06  0.00000E+00 -0.26950E-07 -0.11632E+03  0.00000E+00 -0.83863E+02  0.00000E+00  0.00000E+00  0.24258E+02  0.00000E+00  0.59320E-06    496  0.00000E+00      0.000
       4.7120  0.00000E+00  0.00000E+00 -0.37631E-06  0.00000E+00 -0.57451E-07  0.00000E+00  0.00000E+00  0.15629E-06  0.00000E+00 -0.27496E-07 -0.11633E+03  0.00000E+00 -0.83847E+02  0.00000E+00  0.00000E+00  0.24258E+02  0.00000E+00  0.59320E-06    497  0.00000E+00      0.000
       4.7215  0.00000E+00  0.00000E+00 -0.12689E-06  0.00000E+00 -0.11337E-05  0.00000E+00  0.00000E+00  0.15509E-06  0.00000E+00 -0.38266E-07 -0.11635E+03  0.00000E+00 -0.83831E+02  0.00000E+00  0.00000E+00  0.24258E+02  0.00000E+00  0.59320E-06    498  0.00000E+00      0.000
       4.7310  0.00000E+00  0.00000E+00  0.21554E-06  0.00000E+00 -0.16793E-06  0.00000E+00  0.00000E+00  0.15713E-06  0.00000E+00 -0.39861E-07 -0.11636E+03  0.00000E+00 -0.83814E+02  0.00000E+00  0.00000E+00  0.24258E+02  0.00000E+00  0.59524E-06    499  0.00000E+00      0.000
       4.7405  0.00000E+00  0.00000E+00 -0.49348E-06  0.00000E+00 -0.29715E-06  0.00000E+00  0.00000E+00  0.15244E-06  0.00000E+00 -0.42684E-07 -0.11638E+03  0.00000E+00 -0.83798E+02  0.00000E+00  0.00000E+00  0.24258E+02  0.00000E+00  0.59524E-06    500  0.00000E+00      0.000
       4.7500  0.00000E+00  0.00000E+00  0.20198E-07  0.00000E+00 -0.27189E-06  0.00000E+00  0.00000E+00  0.15264E-06  0.00000E+00 -0.45267E-07 -0.11639E+03  0.00000E+00 -0.83782E+02  0.00000E+00  0.00000E+00  0.24258E+02  0.00000E+00  0.59544E-06    501  0.00000E+00      0.000
       4.7600  0.00000E+00  0.00000E+00  0.34698E-06  0.00000E+00  0.67701E-06  0.00000E+00  0.00000E+00  0.15611E-06  0.00000E+00 -0.38497E-07 -0.11641E+03  0.00000E+00 -0.83765E+02  0.00000E+00  0.00000E+00  0.24258E+02  0.00000E+00  0.59891E-06    502  0.00000E+00      0.000
       4.7700  0.00000E+00  0.00000E+00 -0.96450E-07  0.00000E+00 -0.33551E-06  0.00000E+00  0.00000E+00  0.15514E-06  0.00000E+00 -0.41852E-07 -0.11643E+03  0.00000E+00 -0.83748E+02  0.00000E+00  0.00000E+00  0.24258E+02  0.00000E+00  0.59891E-06    503  0.00000E+00      0.000
       4.7800  0.00000E+00  0.00000E+00  0.89291E-07  0.00000E+00 -0.87428E-06  0.00000E+00  0.00000E+00  0.15603E-06  0.00000E+00 -0.50595E-07 -0.11644E+03  0.00000E+00 -0.83731E+02  0.00000E+00  0.00000E+00  0.24258E+02  0.00000E+00  0.59980E-06    504  0.00000E+00      0.000
       4.7895  0.00000E+00  0.00000E+00 -0.15338E-06  0.00000E+00 -0.56636E-07  0.00000E+00  0.00000E+00  0.15458E-06  0.00000E+00 -0.51133E-07 -0.11646E+03  0.00000E+00 -0.83715E+02  0.00000E+00  0.00000E+00  0.24258E+02  0.00000E+00  0.59980E-06    505  0.00000E+00      0.000
       4.7990  0.00000E+00  0.00000E+00 -0.25559E-06  0.00000E+00 -0.17358E-06  0.00000E+00  0.00000E+00  0.15215E-06  0.00000E+00 -0.52782E-07 -0.11647E+03  0.00000E+00 -0.83699E+02  0.00000E+00  0.00000E+00  0.24258E+02  0.00000E+00  0.59980E-06    506  0.00000E+00      0.000
       4.8085  0.00000E+00  0.00000E+00  0.82480E-07  0.00000E+00 -0.14005E-06  0.00000E+00  0.00000E+00  0.15293E-06  0.00000E+00 -0.54113E-07 -0.11649E+03  0.00000E+00 -0.83683E+02  0.00000E+00  0.00000E+00  0.24258E+02  0.00000E+00  0.60058E-06    507  0.00000E+00      0.000
       4.8180  0.00000E+00  0.00000E+00  0.52911E-07  0.00000E+00  0.36793E-06  0.00000E+00  0.00000E+00  0.15344E-06  0.00000E+00 -0.50617E-07 -0.11651E+03  0.00000E+00 -0.83667E+02  0.00000E+00  0.00000E+00  0.24258E+02  0.00000E+00  0.60108E-06    508  0.00000E+00      0.000
       4.8275  0.00000E+00  0.00000E+00  0.46799E-07  0.00000E+00  0.25699E-06  0.00000E+00  0.00000E+00  0.15388E-06  0.00000E+00 -0.48176E-07 -0.11652E+03  0.00000E+00 -0.83651E+02  0.00000E+00  0.00000E+00  0.24258E+02  0.00000E+00  0.60153E-06    509  0.00000E+00      0.000
       4.8370  0.00000E+00  0.00000E+00 -0.22980E-06  0.00000E+00  0.14849E-06  0.00000E+00  0.00000E+00  0.15170E-06  0.00000E+00 -0.46765E-07 -0.11654E+03  0.00000E+00 -0.83635E+02  0.00000E+00  0.00000E+00  0.24258E+02  0.00000E+00  0.60153E-06    510  0.00000E+00      0.000
       4.8465  0.00000E+00  0.00000E+00 -0.16391E-06  0.00000E+00  0.18714E-06  0.00000E+00  0.00000E+00  0.15014E-06  0.00000E+00 -0.44987E-07 -0.11655E+03  0.00000E+00 -0.83619E+02  0.00000E+00  0.00000E+00  0.24258E+02  0.00000E+00  0.60153E-06    511  0.00000E+00      0.000
       4.8560  0.00000E+00  0.00000E+00 -0.44145E-06  0.00000E+00 -0.86712E-06  0.00000E+00  0.00000E+00  0.14595E-06  0.00000E+00 -0.53225E-07 -0.11657E+03  0.00000E+00 -0.83603E+02  0.00000E+00  0.00000E+00  0.24258E+02  0.00000E+00  0.60153E-06    512  0.00000E+00      0.000
       4.8655  0.00000E+00  0.00000E+00  0.23562E-06  0.00000E+00 -0.35093E-06  0.00000E+00  0.00000E+00  0.14818E-06  0.00000E+00 -0.56559E-07 -0.11658E+03  0.00000E+00 -0.83587E+02  0.00000E+00  0.00000E+00  0.24258E+02  0.00000E+00  0.60377E-06    513  0.00000E+00      0.000
       4.8750  0.00000E+00  0.00000E+00 -0.43132E-07  0.00000E+00 -0.45169E-06  0.00000E+00  0.00000E+00  0.14777E-06  0.00000E+00 -0.60850E-07 -0.11660E+03  0.00000E+00 -0.83571E+02  0.00000E+00  0.00000E+00  0.24258E+02  0.00000E+00  0.60377E-06    514  0.00000E+00      0.000
       4.8850  0.00000E+00  0.00000E+00 -0.21228E-06  0.00000E+00 -0.35256E-06  0.00000E+00  0.00000E+00  0.14565E-06  0.00000E+00 -0.64376E-07 -0.11661E+03  0.00000E+00 -0.83554E+02  0.00000E+00  0.00000E+00  0.24258E+02  0.00000E+00  0.60377E-06    515  0.00000E+00      0.000
       4.8950  0.00000E+00  0.00000E+00 -0.26455E-06  0.00000E+00 -0.39325E-06  0.00000E+00  0.00000E+00  0.14301E-06  0.00000E+00 -0.68308E-07 -0.11663E+03  0.00000E+00 -0.83538E+02  0.00000E+00  0.00000E+00  0.24258E+02  0.00000E+00  0.60377E-06    516  0.00000E+00      0.000
       4.9050  0.00000E+00  0.00000E+00  0.19395E-06  0.00000E+00 -0.36950E-06  0.00000E+00  0.00000E+00  0.14495E-06  0.00000E+00 -0.72003E-07 -0.11665E+03  0.00000E+00 -0.83521E+02  0.00000E+00  0.00000E+00  0.24258E+02  0.00000E+00  0.60571E-06    517  0.00000E+00      0.000
       4.9145  0.00000E+00  0.00000E+00 -0.25838E-06  0.00000E+00 -0.14243E-06  0.00000E+00  0.00000E+00  0.14249E-06  0.00000E+00 -0.73356E-07 -0.11666E+03  0.00000E+00 -0.83505E+02  0.00000E+00  0.00000E+00  0.24258E+02  0.00000E+00  0.60571E-06    518  0.00000E+00      0.000
       4.9240  0.00000E+00  0.00000E+00  0.41473E-06  0.00000E+00 -0.57044E-06  0.00000E+00  0.00000E+00  0.14643E-06  0.00000E+00 -0.78775E-07 -0.11668E+03  0.00000E+00 -0.83489E+02  0.00000E+00  0.00000E+00  0.24258E+02  0.00000E+00  0.60965E-06    519  0.00000E+00      0.000
       4.9335  0.00000E+00  0.00000E+00 -0.31129E-06  0.00000E+00  0.43272E-06  0.00000E+00  0.00000E+00  0.14347E-06  0.00000E+00 -0.74665E-07 -0.11669E+03  0.00000E+00 -0.83473E+02  0.00000E+00  0.00000E+00  0.24258E+02  0.00000E+00  0.60965E-06    520  0.00000E+00      0.000
       4.9430  0.00000E+00  0.00000E+00  0.18941E-06  0.00000E+00 -0.13073E-06  0.00000E+00  0.00000E+00  0.14527E-06  0.00000E+00 -0.75907E-07 -0.11671E+03  0.00000E+00 -0.83457E+02  0.00000E+00  0.00000E+00  0.24258E+02  0.00000E+00  0.61145E-06    521  0.00000E+00      0.000
       4.9525  0.00000E+00  0.00000E+00 -0.94471E-07  0.00000E+00 -0.21496E-06  0.00000E+00  0.00000E+00  0.14438E-06  0.00000E+00 -0.77949E-07 -0.11672E+03  0.00000E+00 -0.83442E+02  0.00000E+00  0.00000E+00  0.24258E+02  0.00000E+00  0.61145E-06    522  0.00000E+00      0.000
       4.9620  0.00000E+00  0.00000E+00 -0.20937E-06  0.00000E+00 -0.63871E-06  0.00000E+00  0.00000E+00  0.14239E-06  0.00000E+00 -0.84016E-07 -0.11674E+03  0.00000E+00 -0.83426E+02  0.00000E+00  0.00000E+00  0.24258E+02  0.00000E+00  0.61145E-06    523  0.00000E+00      0.000
       4.9715  0.00000E+00  0.00000E+00  0.11997E-06  0.00000E+00  0.84913E-06  0.00000E+00  0.00000E+00  0.14353E-06  0.00000E+00 -0.75950E-07 -0.11675E+03  0.00000E+00 -0.83410E+02  0.00000E+00  0.00000E+00  0.24258E+02  0.00000E+00  0.61259E-06    524  0.00000E+00      0.000
       4.9810  0.00000E+00  0.00000E+00  0.34447E-06  0.00000E+00  0.29273E-06  0.00000E+00  0.00000E+00  0.14680E-06  0.00000E+00 -0.73169E-07 -0.11677E+03  0.00000E+00 -0.83394E+02  0.00000E+00  0.00000E+00  0.24258E+02  0.00000E+00  0.61586E-06    525  0.00000E+00      0.000
       4.9905  0.00000E+00  0.00000E+00  0.58033E-07  0.00000E+00  0.82818E-06  0.00000E+00  0.00000E+00  0.14735E-06  0.00000E+00 -0.65301E-07 -0.11678E+03  0.00000E+00 -0.83378E+02  0.00000E+00  0.00000E+00  0.24258E+02  0.00000E+00  0.61641E-06    526  0.00000E+00      0.000
       5.0000  0.00000E+00  0.00000E+00  0.11083E-06  0.00000E+00 -0.20320E-06  0.00000E+00  0.00000E+00  0.14840E-06  0.00000E+00 -0.67231E-07 -0.11680E+03  0.00000E+00 -0.83363E+02  0.00000E+00  0.00000E+00  0.24258E+02  0.00000E+00  0.61746E-06    527  0.00000E+00      0.000
end
