 ******* Program HYDRUS
 ******* Onde thermique journaliere avec infiltration permanente 5 cm/j (convecti
 Date:   0. 0.    Time: 512:**:**
 Units: L = cm   , T = days , M = g    


 Time:        0.0000


 Node      Depth      Head Moisture       K          C         Flux        Sink         Kappa   v/KsTop   Temp
           [L]        [L]    [-]        [L/T]      [1/L]      [L/T]        [1/T]         [-]      [-]      [C]

   1     0.0000     -10.674 0.4052   0.5053E+01  0.3140E-02 -0.5053E+01  0.0000E+00      -1  -0.202E+00   20.00
   2    -1.0000     -10.674 0.4052   0.5053E+01  0.3140E-02 -0.5053E+01  0.0000E+00      -1  -0.202E+00   20.00
   3    -2.0000     -10.674 0.4052   0.5053E+01  0.3140E-02 -0.5053E+01  0.0000E+00      -1  -0.202E+00   20.00
   4    -3.0000     -10.674 0.4052   0.5053E+01  0.3140E-02 -0.5053E+01  0.0000E+00      -1  -0.202E+00   20.00
   5    -4.0000     -10.674 0.4052   0.5053E+01  0.3140E-02 -0.5053E+01  0.0000E+00      -1  -0.202E+00   20.00
   6    -5.0000     -10.674 0.4052   0.5053E+01  0.3140E-02 -0.5053E+01  0.0000E+00      -1  -0.202E+00   20.00
   7    -6.0000     -10.674 0.4052   0.5053E+01  0.3140E-02 -0.5053E+01  0.0000E+00      -1  -0.202E+00   20.00
   8    -7.0000     -10.674 0.4052   0.5053E+01  0.3140E-02 -0.5053E+01  0.0000E+00      -1  -0.202E+00   20.00
   9    -8.0000     -10.674 0.4052   0.5053E+01  0.3140E-02 -0.5053E+01  0.0000E+00      -1  -0.202E+00   20.00
  10    -9.0000     -10.674 0.4052   0.5053E+01  0.3140E-02 -0.5053E+01  0.0000E+00      -1  -0.202E+00   20.00
  11   -10.0000     -10.674 0.4052   0.5053E+01  0.3140E-02 -0.5053E+01  0.0000E+00      -1  -0.202E+00   20.00
  12   -11.0000     -10.674 0.4052   0.5053E+01  0.3140E-02 -0.5053E+01  0.0000E+00      -1  -0.202E+00   20.00
  13   -12.0000     -10.674 0.4052   0.5053E+01  0.3140E-02 -0.5053E+01  0.0000E+00      -1  -0.202E+00   20.00
  14   -13.0000     -10.674 0.4052   0.5053E+01  0.3140E-02 -0.5053E+01  0.0000E+00      -1  -0.202E+00   20.00
  15   -14.0000     -10.674 0.4052   0.5053E+01  0.3140E-02 -0.5053E+01  0.0000E+00      -1  -0.202E+00   20.00
  16   -15.0000     -10.674 0.4052   0.5053E+01  0.3140E-02 -0.5053E+01  0.0000E+00      -1  -0.202E+00   20.00
  17   -16.0000     -10.674 0.4052   0.5053E+01  0.3140E-02 -0.5053E+01  0.0000E+00      -1  -0.202E+00   20.00
  18   -17.0000     -10.674 0.4052   0.5053E+01  0.3140E-02 -0.5053E+01  0.0000E+00      -1  -0.202E+00   20.00
  19   -18.0000     -10.674 0.4052   0.5053E+01  0.3140E-02 -0.5053E+01  0.0000E+00      -1  -0.202E+00   20.00
  20   -19.0000     -10.674 0.4052   0.5053E+01  0.3140E-02 -0.5053E+01  0.0000E+00      -1  -0.202E+00   20.00
  21   -20.0000     -10.674 0.4052   0.5053E+01  0.3140E-02 -0.5053E+01  0.0000E+00      -1  -0.202E+00   20.00
  22   -21.0000     -10.674 0.4052   0.5053E+01  0.3140E-02 -0.5053E+01  0.0000E+00      -1  -0.202E+00   20.00
  23   -22.0000     -10.674 0.4052   0.5053E+01  0.3140E-02 -0.5053E+01  0.0000E+00      -1  -0.202E+00   20.00
  24   -23.0000     -10.674 0.4052   0.5053E+01  0.3140E-02 -0.5053E+01  0.0000E+00      -1  -0.202E+00   20.00
  25   -24.0000     -10.674 0.4052   0.5053E+01  0.3140E-02 -0.5053E+01  0.0000E+00      -1  -0.202E+00   20.00
  26   -25.0000     -10.674 0.4052   0.5053E+01  0.3140E-02 -0.5053E+01  0.0000E+00      -1  -0.202E+00   20.00
  27   -26.0000     -10.674 0.4052   0.5053E+01  0.3140E-02 -0.5053E+01  0.0000E+00      -1  -0.202E+00   20.00
  28   -27.0000     -10.674 0.4052   0.5053E+01  0.3140E-02 -0.5053E+01  0.0000E+00      -1  -0.202E+00   20.00
  29   -28.0000     -10.674 0.4052   0.5053E+01  0.3140E-02 -0.5053E+01  0.0000E+00      -1  -0.202E+00   20.00
  30   -29.0000     -10.674 0.4052   0.5053E+01  0.3140E-02 -0.5053E+01  0.0000E+00      -1  -0.202E+00   20.00
  31   -30.0000     -10.674 0.4052   0.5053E+01  0.3140E-02 -0.5053E+01  0.0000E+00      -1  -0.202E+00   20.00
  32   -31.0000     -10.674 0.4052   0.5053E+01  0.3140E-02 -0.5053E+01  0.0000E+00      -1  -0.202E+00   20.00
  33   -32.0000     -10.674 0.4052   0.5053E+01  0.3140E-02 -0.5053E+01  0.0000E+00      -1  -0.202E+00   20.00
  34   -33.0000     -10.674 0.4052   0.5053E+01  0.3140E-02 -0.5053E+01  0.0000E+00      -1  -0.202E+00   20.00
  35   -34.0000     -10.674 0.4052   0.5053E+01  0.3140E-02 -0.5053E+01  0.0000E+00      -1  -0.202E+00   20.00
  36   -35.0000     -10.674 0.4052   0.5053E+01  0.3140E-02 -0.5053E+01  0.0000E+00      -1  -0.202E+00   20.00
  37   -36.0000     -10.674 0.4052   0.5053E+01  0.3140E-02 -0.5053E+01  0.0000E+00      -1  -0.202E+00   20.00
  38   -37.0000     -10.674 0.4052   0.5053E+01  0.3140E-02 -0.5053E+01  0.0000E+00      -1  -0.202E+00   20.00
  39   -38.0000     -10.674 0.4052   0.5053E+01  0.3140E-02 -0.5053E+01  0.0000E+00      -1  -0.202E+00   20.00
  40   -39.0000     -10.674 0.4052   0.5053E+01  0.3140E-02 -0.5053E+01  0.0000E+00      -1  -0.202E+00   20.00
  41   -40.0000     -10.674 0.4052   0.5053E+01  0.3140E-02 -0.5053E+01  0.0000E+00      -1  -0.202E+00   20.00
  42   -41.0000     -10.674 0.4052   0.5053E+01  0.3140E-02 -0.5053E+01  0.0000E+00      -1  -0.202E+00   20.00
  43   -42.0000     -10.674 0.4052   0.5053E+01  0.3140E-02 -0.5053E+01  0.0000E+00      -1  -0.202E+00   20.00
  44   -43.0000     -10.674 0.4052   0.5053E+01  0.3140E-02 -0.5053E+01  0.0000E+00      -1  -0.202E+00   20.00
  45   -44.0000     -10.674 0.4052   0.5053E+01  0.3140E-02 -0.5053E+01  0.0000E+00      -1  -0.202E+00   20.00
  46   -45.0000     -10.674 0.4052   0.5053E+01  0.3140E-02 -0.5053E+01  0.0000E+00      -1  -0.202E+00   20.00
  47   -46.0000     -10.674 0.4052   0.5053E+01  0.3140E-02 -0.5053E+01  0.0000E+00      -1  -0.202E+00   20.00
  48   -47.0000     -10.674 0.4052   0.5053E+01  0.3140E-02 -0.5053E+01  0.0000E+00      -1  -0.202E+00   20.00
  49   -48.0000     -10.674 0.4052   0.5053E+01  0.3140E-02 -0.5053E+01  0.0000E+00      -1  -0.202E+00   20.00
  50   -49.0000     -10.674 0.4052   0.5053E+01  0.3140E-02 -0.5053E+01  0.0000E+00      -1  -0.202E+00   20.00
  51   -50.0000     -10.674 0.4052   0.5053E+01  0.3140E-02 -0.5053E+01  0.0000E+00      -1  -0.202E+00   20.00
  52   -51.0000     -10.674 0.4052   0.5053E+01  0.3140E-02 -0.5053E+01  0.0000E+00      -1  -0.202E+00   20.00
  53   -52.0000     -10.674 0.4052   0.5053E+01  0.3140E-02 -0.5053E+01  0.0000E+00      -1  -0.202E+00   20.00
  54   -53.0000     -10.674 0.4052   0.5053E+01  0.3140E-02 -0.5053E+01  0.0000E+00      -1  -0.202E+00   20.00
  55   -54.0000     -10.674 0.4052   0.5053E+01  0.3140E-02 -0.5053E+01  0.0000E+00      -1  -0.202E+00   20.00
  56   -55.0000     -10.674 0.4052   0.5053E+01  0.3140E-02 -0.5053E+01  0.0000E+00      -1  -0.202E+00   20.00
  57   -56.0000     -10.674 0.4052   0.5053E+01  0.3140E-02 -0.5053E+01  0.0000E+00      -1  -0.202E+00   20.00
  58   -57.0000     -10.674 0.4052   0.5053E+01  0.3140E-02 -0.5053E+01  0.0000E+00      -1  -0.202E+00   20.00
  59   -58.0000     -10.674 0.4052   0.5053E+01  0.3140E-02 -0.5053E+01  0.0000E+00      -1  -0.202E+00   20.00
  60   -59.0000     -10.674 0.4052   0.5053E+01  0.3140E-02 -0.5053E+01  0.0000E+00      -1  -0.202E+00   20.00
  61   -60.0000     -10.674 0.4052   0.5053E+01  0.3140E-02 -0.5053E+01  0.0000E+00      -1  -0.202E+00   20.00
  62   -61.0000     -10.674 0.4052   0.5053E+01  0.3140E-02 -0.5053E+01  0.0000E+00      -1  -0.202E+00   20.00
  63   -62.0000     -10.674 0.4052   0.5053E+01  0.3140E-02 -0.5053E+01  0.0000E+00      -1  -0.202E+00   20.00
  64   -63.0000     -10.674 0.4052   0.5053E+01  0.3140E-02 -0.5053E+01  0.0000E+00      -1  -0.202E+00   20.00
  65   -64.0000     -10.674 0.4052   0.5053E+01  0.3140E-02 -0.5053E+01  0.0000E+00      -1  -0.202E+00   20.00
  66   -65.0000     -10.674 0.4052   0.5053E+01  0.3140E-02 -0.5053E+01  0.0000E+00      -1  -0.202E+00   20.00
  67   -66.0000     -10.674 0.4052   0.5053E+01  0.3140E-02 -0.5053E+01  0.0000E+00      -1  -0.202E+00   20.00
  68   -67.0000     -10.674 0.4052   0.5053E+01  0.3140E-02 -0.5053E+01  0.0000E+00      -1  -0.202E+00   20.00
  69   -68.0000     -10.674 0.4052   0.5053E+01  0.3140E-02 -0.5053E+01  0.0000E+00      -1  -0.202E+00   20.00
  70   -69.0000     -10.674 0.4052   0.5053E+01  0.3140E-02 -0.5053E+01  0.0000E+00      -1  -0.202E+00   20.00
  71   -70.0000     -10.674 0.4052   0.5053E+01  0.3140E-02 -0.5053E+01  0.0000E+00      -1  -0.202E+00   20.00
  72   -71.0000     -10.674 0.4052   0.5053E+01  0.3140E-02 -0.5053E+01  0.0000E+00      -1  -0.202E+00   20.00
  73   -72.0000     -10.674 0.4052   0.5053E+01  0.3140E-02 -0.5053E+01  0.0000E+00      -1  -0.202E+00   20.00
  74   -73.0000     -10.674 0.4052   0.5053E+01  0.3140E-02 -0.5053E+01  0.0000E+00      -1  -0.202E+00   20.00
  75   -74.0000     -10.674 0.4052   0.5053E+01  0.3140E-02 -0.5053E+01  0.0000E+00      -1  -0.202E+00   20.00
  76   -75.0000     -10.674 0.4052   0.5053E+01  0.3140E-02 -0.5053E+01  0.0000E+00      -1  -0.202E+00   20.00
  77   -76.0000     -10.674 0.4052   0.5053E+01  0.3140E-02 -0.5053E+01  0.0000E+00      -1  -0.202E+00   20.00
  78   -77.0000     -10.674 0.4052   0.5053E+01  0.3140E-02 -0.5053E+01  0.0000E+00      -1  -0.202E+00   20.00
  79   -78.0000     -10.674 0.4052   0.5053E+01  0.3140E-02 -0.5053E+01  0.0000E+00      -1  -0.202E+00   20.00
  80   -79.0000     -10.674 0.4052   0.5053E+01  0.3140E-02 -0.5053E+01  0.0000E+00      -1  -0.202E+00   20.00
  81   -80.0000     -10.674 0.4052   0.5053E+01  0.3140E-02 -0.5053E+01  0.0000E+00      -1  -0.202E+00   20.00
  82   -81.0000     -10.674 0.4052   0.5053E+01  0.3140E-02 -0.5053E+01  0.0000E+00      -1  -0.202E+00   20.00
  83   -82.0000     -10.674 0.4052   0.5053E+01  0.3140E-02 -0.5053E+01  0.0000E+00      -1  -0.202E+00   20.00
  84   -83.0000     -10.674 0.4052   0.5053E+01  0.3140E-02 -0.5053E+01  0.0000E+00      -1  -0.202E+00   20.00
  85   -84.0000     -10.674 0.4052   0.5053E+01  0.3140E-02 -0.5053E+01  0.0000E+00      -1  -0.202E+00   20.00
  86   -85.0000     -10.674 0.4052   0.5053E+01  0.3140E-02 -0.5053E+01  0.0000E+00      -1  -0.202E+00   20.00
  87   -86.0000     -10.674 0.4052   0.5053E+01  0.3140E-02 -0.5053E+01  0.0000E+00      -1  -0.202E+00   20.00
  88   -87.0000     -10.674 0.4052   0.5053E+01  0.3140E-02 -0.5053E+01  0.0000E+00      -1  -0.202E+00   20.00
  89   -88.0000     -10.674 0.4052   0.5053E+01  0.3140E-02 -0.5053E+01  0.0000E+00      -1  -0.202E+00   20.00
  90   -89.0000     -10.674 0.4052   0.5053E+01  0.3140E-02 -0.5053E+01  0.0000E+00      -1  -0.202E+00   20.00
  91   -90.0000     -10.674 0.4052   0.5053E+01  0.3140E-02 -0.5053E+01  0.0000E+00      -1  -0.202E+00   20.00
  92   -91.0000     -10.674 0.4052   0.5053E+01  0.3140E-02 -0.5053E+01  0.0000E+00      -1  -0.202E+00   20.00
  93   -92.0000     -10.674 0.4052   0.5053E+01  0.3140E-02 -0.5053E+01  0.0000E+00      -1  -0.202E+00   20.00
  94   -93.0000     -10.674 0.4052   0.5053E+01  0.3140E-02 -0.5053E+01  0.0000E+00      -1  -0.202E+00   20.00
  95   -94.0000     -10.674 0.4052   0.5053E+01  0.3140E-02 -0.5053E+01  0.0000E+00      -1  -0.202E+00   20.00
  96   -95.0000     -10.674 0.4052   0.5053E+01  0.3140E-02 -0.5053E+01  0.0000E+00      -1  -0.202E+00   20.00
  97   -96.0000     -10.674 0.4052   0.5053E+01  0.3140E-02 -0.5053E+01  0.0000E+00      -1  -0.202E+00   20.00
  98   -97.0000     -10.674 0.4052   0.5053E+01  0.3140E-02 -0.5053E+01  0.0000E+00      -1  -0.202E+00   20.00
  99   -98.0000     -10.674 0.4052   0.5053E+01  0.3140E-02 -0.5053E+01  0.0000E+00      -1  -0.202E+00   20.00
 100   -99.0000     -10.674 0.4052   0.5053E+01  0.3140E-02 -0.5053E+01  0.0000E+00      -1  -0.202E+00   20.00
 101  -100.0000     -10.674 0.4052   0.5053E+01  0.3140E-02 -0.5053E+01  0.0000E+00      -1  -0.202E+00   20.00
end


 Time:        0.1250


 Node      Depth      Head Moisture       K          C         Flux        Sink         Kappa   v/KsTop   Temp
           [L]        [L]    [-]        [L/T]      [1/L]      [L/T]        [1/T]         [-]      [-]      [C]

   1     0.0000     -10.758 0.4050   0.5007E+01  0.3144E-02 -0.5000E+01  0.0000E+00      -1  -0.200E+00   11.34
   2    -1.0000     -10.756 0.4050   0.5008E+01  0.3144E-02 -0.5000E+01  0.0000E+00      -1  -0.200E+00   11.73
   3    -2.0000     -10.755 0.4050   0.5009E+01  0.3144E-02 -0.5001E+01  0.0000E+00      -1  -0.200E+00   12.18
   4    -3.0000     -10.753 0.4050   0.5009E+01  0.3144E-02 -0.5001E+01  0.0000E+00      -1  -0.200E+00   12.66
   5    -4.0000     -10.752 0.4050   0.5010E+01  0.3144E-02 -0.5002E+01  0.0000E+00      -1  -0.200E+00   13.18
   6    -5.0000     -10.750 0.4050   0.5011E+01  0.3144E-02 -0.5003E+01  0.0000E+00      -1  -0.200E+00   13.71
   7    -6.0000     -10.748 0.4050   0.5012E+01  0.3144E-02 -0.5003E+01  0.0000E+00      -1  -0.200E+00   14.25
   8    -7.0000     -10.746 0.4050   0.5013E+01  0.3143E-02 -0.5004E+01  0.0000E+00      -1  -0.200E+00   14.79
   9    -8.0000     -10.745 0.4050   0.5014E+01  0.3143E-02 -0.5005E+01  0.0000E+00      -1  -0.201E+00   15.31
  10    -9.0000     -10.743 0.4050   0.5015E+01  0.3143E-02 -0.5006E+01  0.0000E+00      -1  -0.201E+00   15.81
  11   -10.0000     -10.741 0.4050   0.5016E+01  0.3143E-02 -0.5006E+01  0.0000E+00      -1  -0.201E+00   16.29
  12   -11.0000     -10.739 0.4050   0.5017E+01  0.3143E-02 -0.5007E+01  0.0000E+00      -1  -0.201E+00   16.73
  13   -12.0000     -10.737 0.4050   0.5018E+01  0.3143E-02 -0.5008E+01  0.0000E+00      -1  -0.201E+00   17.15
  14   -13.0000     -10.735 0.4050   0.5019E+01  0.3143E-02 -0.5009E+01  0.0000E+00      -1  -0.201E+00   17.53
  15   -14.0000     -10.733 0.4051   0.5020E+01  0.3143E-02 -0.5010E+01  0.0000E+00      -1  -0.201E+00   17.88
  16   -15.0000     -10.731 0.4051   0.5022E+01  0.3143E-02 -0.5011E+01  0.0000E+00      -1  -0.201E+00   18.19
  17   -16.0000     -10.729 0.4051   0.5023E+01  0.3142E-02 -0.5012E+01  0.0000E+00      -1  -0.201E+00   18.47
  18   -17.0000     -10.727 0.4051   0.5024E+01  0.3142E-02 -0.5014E+01  0.0000E+00      -1  -0.201E+00   18.71
  19   -18.0000     -10.725 0.4051   0.5025E+01  0.3142E-02 -0.5015E+01  0.0000E+00      -1  -0.201E+00   18.92
  20   -19.0000     -10.723 0.4051   0.5026E+01  0.3142E-02 -0.5016E+01  0.0000E+00      -1  -0.201E+00   19.11
  21   -20.0000     -10.721 0.4051   0.5027E+01  0.3142E-02 -0.5017E+01  0.0000E+00      -1  -0.201E+00   19.27
  22   -21.0000     -10.719 0.4051   0.5028E+01  0.3142E-02 -0.5018E+01  0.0000E+00      -1  -0.201E+00   19.40
  23   -22.0000     -10.717 0.4051   0.5029E+01  0.3142E-02 -0.5019E+01  0.0000E+00      -1  -0.201E+00   19.52
  24   -23.0000     -10.715 0.4051   0.5030E+01  0.3142E-02 -0.5021E+01  0.0000E+00      -1  -0.201E+00   19.61
  25   -24.0000     -10.713 0.4051   0.5031E+01  0.3142E-02 -0.5022E+01  0.0000E+00      -1  -0.201E+00   19.69
  26   -25.0000     -10.711 0.4051   0.5032E+01  0.3142E-02 -0.5023E+01  0.0000E+00      -1  -0.201E+00   19.76
  27   -26.0000     -10.709 0.4051   0.5033E+01  0.3141E-02 -0.5024E+01  0.0000E+00      -1  -0.201E+00   19.81
  28   -27.0000     -10.708 0.4051   0.5034E+01  0.3141E-02 -0.5025E+01  0.0000E+00      -1  -0.201E+00   19.85
  29   -28.0000     -10.706 0.4051   0.5035E+01  0.3141E-02 -0.5027E+01  0.0000E+00      -1  -0.201E+00   19.88
  30   -29.0000     -10.704 0.4051   0.5036E+01  0.3141E-02 -0.5028E+01  0.0000E+00      -1  -0.201E+00   19.91
  31   -30.0000     -10.702 0.4051   0.5037E+01  0.3141E-02 -0.5029E+01  0.0000E+00      -1  -0.201E+00   19.93
  32   -31.0000     -10.701 0.4052   0.5038E+01  0.3141E-02 -0.5030E+01  0.0000E+00      -1  -0.202E+00   19.95
  33   -32.0000     -10.699 0.4052   0.5039E+01  0.3141E-02 -0.5031E+01  0.0000E+00      -1  -0.202E+00   19.96
  34   -33.0000     -10.698 0.4052   0.5040E+01  0.3141E-02 -0.5032E+01  0.0000E+00      -1  -0.202E+00   19.97
  35   -34.0000     -10.696 0.4052   0.5040E+01  0.3141E-02 -0.5033E+01  0.0000E+00      -1  -0.202E+00   19.98
  36   -35.0000     -10.695 0.4052   0.5041E+01  0.3141E-02 -0.5034E+01  0.0000E+00      -1  -0.202E+00   19.98
  37   -36.0000     -10.694 0.4052   0.5042E+01  0.3141E-02 -0.5035E+01  0.0000E+00      -1  -0.202E+00   19.99
  38   -37.0000     -10.692 0.4052   0.5043E+01  0.3141E-02 -0.5036E+01  0.0000E+00      -1  -0.202E+00   19.99
  39   -38.0000     -10.691 0.4052   0.5043E+01  0.3140E-02 -0.5037E+01  0.0000E+00      -1  -0.202E+00   19.99
  40   -39.0000     -10.690 0.4052   0.5044E+01  0.3140E-02 -0.5038E+01  0.0000E+00      -1  -0.202E+00   20.00
  41   -40.0000     -10.689 0.4052   0.5044E+01  0.3140E-02 -0.5039E+01  0.0000E+00      -1  -0.202E+00   20.00
  42   -41.0000     -10.688 0.4052   0.5045E+01  0.3140E-02 -0.5040E+01  0.0000E+00      -1  -0.202E+00   20.00
  43   -42.0000     -10.687 0.4052   0.5046E+01  0.3140E-02 -0.5041E+01  0.0000E+00      -1  -0.202E+00   20.00
  44   -43.0000     -10.686 0.4052   0.5046E+01  0.3140E-02 -0.5042E+01  0.0000E+00      -1  -0.202E+00   20.00
  45   -44.0000     -10.685 0.4052   0.5047E+01  0.3140E-02 -0.5042E+01  0.0000E+00      -1  -0.202E+00   20.00
  46   -45.0000     -10.684 0.4052   0.5047E+01  0.3140E-02 -0.5043E+01  0.0000E+00      -1  -0.202E+00   20.00
  47   -46.0000     -10.684 0.4052   0.5047E+01  0.3140E-02 -0.5044E+01  0.0000E+00      -1  -0.202E+00   20.00
  48   -47.0000     -10.683 0.4052   0.5048E+01  0.3140E-02 -0.5044E+01  0.0000E+00      -1  -0.202E+00   20.00
  49   -48.0000     -10.682 0.4052   0.5048E+01  0.3140E-02 -0.5045E+01  0.0000E+00      -1  -0.202E+00   20.00
  50   -49.0000     -10.682 0.4052   0.5049E+01  0.3140E-02 -0.5045E+01  0.0000E+00      -1  -0.202E+00   20.00
  51   -50.0000     -10.681 0.4052   0.5049E+01  0.3140E-02 -0.5046E+01  0.0000E+00      -1  -0.202E+00   20.00
  52   -51.0000     -10.680 0.4052   0.5049E+01  0.3140E-02 -0.5046E+01  0.0000E+00      -1  -0.202E+00   20.00
  53   -52.0000     -10.680 0.4052   0.5050E+01  0.3140E-02 -0.5047E+01  0.0000E+00      -1  -0.202E+00   20.00
  54   -53.0000     -10.679 0.4052   0.5050E+01  0.3140E-02 -0.5047E+01  0.0000E+00      -1  -0.202E+00   20.00
  55   -54.0000     -10.679 0.4052   0.5050E+01  0.3140E-02 -0.5048E+01  0.0000E+00      -1  -0.202E+00   20.00
  56   -55.0000     -10.679 0.4052   0.5050E+01  0.3140E-02 -0.5048E+01  0.0000E+00      -1  -0.202E+00   20.00
  57   -56.0000     -10.678 0.4052   0.5050E+01  0.3140E-02 -0.5049E+01  0.0000E+00      -1  -0.202E+00   20.00
  58   -57.0000     -10.678 0.4052   0.5051E+01  0.3140E-02 -0.5049E+01  0.0000E+00      -1  -0.202E+00   20.00
  59   -58.0000     -10.677 0.4052   0.5051E+01  0.3140E-02 -0.5049E+01  0.0000E+00      -1  -0.202E+00   20.00
  60   -59.0000     -10.677 0.4052   0.5051E+01  0.3140E-02 -0.5050E+01  0.0000E+00      -1  -0.202E+00   20.00
  61   -60.0000     -10.677 0.4052   0.5051E+01  0.3140E-02 -0.5050E+01  0.0000E+00      -1  -0.202E+00   20.00
  62   -61.0000     -10.677 0.4052   0.5051E+01  0.3140E-02 -0.5050E+01  0.0000E+00      -1  -0.202E+00   20.00
  63   -62.0000     -10.676 0.4052   0.5051E+01  0.3140E-02 -0.5050E+01  0.0000E+00      -1  -0.202E+00   20.00
  64   -63.0000     -10.676 0.4052   0.5052E+01  0.3140E-02 -0.5050E+01  0.0000E+00      -1  -0.202E+00   20.00
  65   -64.0000     -10.676 0.4052   0.5052E+01  0.3140E-02 -0.5051E+01  0.0000E+00      -1  -0.202E+00   20.00
  66   -65.0000     -10.676 0.4052   0.5052E+01  0.3140E-02 -0.5051E+01  0.0000E+00      -1  -0.202E+00   20.00
  67   -66.0000     -10.676 0.4052   0.5052E+01  0.3140E-02 -0.5051E+01  0.0000E+00      -1  -0.202E+00   20.00
  68   -67.0000     -10.675 0.4052   0.5052E+01  0.3140E-02 -0.5051E+01  0.0000E+00      -1  -0.202E+00   20.00
  69   -68.0000     -10.675 0.4052   0.5052E+01  0.3140E-02 -0.5051E+01  0.0000E+00      -1  -0.202E+00   20.00
  70   -69.0000     -10.675 0.4052   0.5052E+01  0.3140E-02 -0.5051E+01  0.0000E+00      -1  -0.202E+00   20.00
  71   -70.0000     -10.675 0.4052   0.5052E+01  0.3140E-02 -0.5052E+01  0.0000E+00      -1  -0.202E+00   20.00
  72   -71.0000     -10.675 0.4052   0.5052E+01  0.3140E-02 -0.5052E+01  0.0000E+00      -1  -0.202E+00   20.00
  73   -72.0000     -10.675 0.4052   0.5052E+01  0.3140E-02 -0.5052E+01  0.0000E+00      -1  -0.202E+00   20.00
  74   -73.0000     -10.675 0.4052   0.5052E+01  0.3140E-02 -0.5052E+01  0.0000E+00      -1  -0.202E+00   20.00
  75   -74.0000     -10.675 0.4052   0.5052E+01  0.3140E-02 -0.5052E+01  0.0000E+00      -1  -0.202E+00   20.00
  76   -75.0000     -10.675 0.4052   0.5052E+01  0.3140E-02 -0.5052E+01  0.0000E+00      -1  -0.202E+00   20.00
  77   -76.0000     -10.674 0.4052   0.5052E+01  0.3140E-02 -0.5052E+01  0.0000E+00      -1  -0.202E+00   20.00
  78   -77.0000     -10.674 0.4052   0.5053E+01  0.3140E-02 -0.5052E+01  0.0000E+00      -1  -0.202E+00   20.00
  79   -78.0000     -10.674 0.4052   0.5053E+01  0.3140E-02 -0.5052E+01  0.0000E+00      -1  -0.202E+00   20.00
  80   -79.0000     -10.674 0.4052   0.5053E+01  0.3140E-02 -0.5052E+01  0.0000E+00      -1  -0.202E+00   20.00
  81   -80.0000     -10.674 0.4052   0.5053E+01  0.3140E-02 -0.5052E+01  0.0000E+00      -1  -0.202E+00   20.00
  82   -81.0000     -10.674 0.4052   0.5053E+01  0.3140E-02 -0.5052E+01  0.0000E+00      -1  -0.202E+00   20.00
  83   -82.0000     -10.674 0.4052   0.5053E+01  0.3140E-02 -0.5052E+01  0.0000E+00      -1  -0.202E+00   20.00
  84   -83.0000     -10.674 0.4052   0.5053E+01  0.3140E-02 -0.5052E+01  0.0000E+00      -1  -0.202E+00   20.00
  85   -84.0000     -10.674 0.4052   0.5053E+01  0.3140E-02 -0.5053E+01  0.0000E+00      -1  -0.202E+00   20.00
  86   -85.0000     -10.674 0.4052   0.5053E+01  0.3140E-02 -0.5053E+01  0.0000E+00      -1  -0.202E+00   20.00
  87   -86.0000     -10.674 0.4052   0.5053E+01  0.3140E-02 -0.5053E+01  0.0000E+00      -1  -0.202E+00   20.00
  88   -87.0000     -10.674 0.4052   0.5053E+01  0.3140E-02 -0.5053E+01  0.0000E+00      -1  -0.202E+00   20.00
  89   -88.0000     -10.674 0.4052   0.5053E+01  0.3140E-02 -0.5053E+01  0.0000E+00      -1  -0.202E+00   20.00
  90   -89.0000     -10.674 0.4052   0.5053E+01  0.3140E-02 -0.5053E+01  0.0000E+00      -1  -0.202E+00   20.00
  91   -90.0000     -10.674 0.4052   0.5053E+01  0.3140E-02 -0.5053E+01  0.0000E+00      -1  -0.202E+00   20.00
  92   -91.0000     -10.674 0.4052   0.5053E+01  0.3140E-02 -0.5053E+01  0.0000E+00      -1  -0.202E+00   20.00
  93   -92.0000     -10.674 0.4052   0.5053E+01  0.3140E-02 -0.5053E+01  0.0000E+00      -1  -0.202E+00   20.00
  94   -93.0000     -10.674 0.4052   0.5053E+01  0.3140E-02 -0.5053E+01  0.0000E+00      -1  -0.202E+00   20.00
  95   -94.0000     -10.674 0.4052   0.5053E+01  0.3140E-02 -0.5053E+01  0.0000E+00      -1  -0.202E+00   20.00
  96   -95.0000     -10.674 0.4052   0.5053E+01  0.3140E-02 -0.5053E+01  0.0000E+00      -1  -0.202E+00   20.00
  97   -96.0000     -10.674 0.4052   0.5053E+01  0.3140E-02 -0.5053E+01  0.0000E+00      -1  -0.202E+00   20.00
  98   -97.0000     -10.674 0.4052   0.5053E+01  0.3140E-02 -0.5053E+01  0.0000E+00      -1  -0.202E+00   20.00
  99   -98.0000     -10.674 0.4052   0.5053E+01  0.3140E-02 -0.5053E+01  0.0000E+00      -1  -0.202E+00   20.00
 100   -99.0000     -10.674 0.4052   0.5053E+01  0.3140E-02 -0.5053E+01  0.0000E+00      -1  -0.202E+00   20.00
 101  -100.0000     -10.674 0.4052   0.5053E+01  0.3140E-02 -0.5053E+01  0.0000E+00      -1  -0.202E+00   20.00
end


 Time:        0.2500


 Node      Depth      Head Moisture       K          C         Flux        Sink         Kappa   v/KsTop   Temp
           [L]        [L]    [-]        [L/T]      [1/L]      [L/T]        [1/T]         [-]      [-]      [C]

   1     0.0000     -10.766 0.4049   0.5002E+01  0.3144E-02 -0.5000E+01  0.0000E+00      -1  -0.200E+00   17.41
   2    -1.0000     -10.766 0.4050   0.5003E+01  0.3144E-02 -0.5000E+01  0.0000E+00      -1  -0.200E+00   16.91
   3    -2.0000     -10.765 0.4050   0.5003E+01  0.3144E-02 -0.5000E+01  0.0000E+00      -1  -0.200E+00   16.51
   4    -3.0000     -10.764 0.4050   0.5003E+01  0.3144E-02 -0.5000E+01  0.0000E+00      -1  -0.200E+00   16.22
   5    -4.0000     -10.764 0.4050   0.5003E+01  0.3144E-02 -0.5001E+01  0.0000E+00      -1  -0.200E+00   16.01
   6    -5.0000     -10.763 0.4050   0.5004E+01  0.3144E-02 -0.5001E+01  0.0000E+00      -1  -0.200E+00   15.88
   7    -6.0000     -10.763 0.4050   0.5004E+01  0.3144E-02 -0.5001E+01  0.0000E+00      -1  -0.200E+00   15.82
   8    -7.0000     -10.762 0.4050   0.5005E+01  0.3144E-02 -0.5001E+01  0.0000E+00      -1  -0.200E+00   15.82
   9    -8.0000     -10.761 0.4050   0.5005E+01  0.3144E-02 -0.5001E+01  0.0000E+00      -1  -0.200E+00   15.87
  10    -9.0000     -10.761 0.4050   0.5005E+01  0.3144E-02 -0.5002E+01  0.0000E+00      -1  -0.200E+00   15.96
  11   -10.0000     -10.760 0.4050   0.5006E+01  0.3144E-02 -0.5002E+01  0.0000E+00      -1  -0.200E+00   16.08
  12   -11.0000     -10.759 0.4050   0.5006E+01  0.3144E-02 -0.5002E+01  0.0000E+00      -1  -0.200E+00   16.24
  13   -12.0000     -10.758 0.4050   0.5007E+01  0.3144E-02 -0.5002E+01  0.0000E+00      -1  -0.200E+00   16.41
  14   -13.0000     -10.757 0.4050   0.5007E+01  0.3144E-02 -0.5003E+01  0.0000E+00      -1  -0.200E+00   16.61
  15   -14.0000     -10.756 0.4050   0.5008E+01  0.3144E-02 -0.5003E+01  0.0000E+00      -1  -0.200E+00   16.81
  16   -15.0000     -10.755 0.4050   0.5008E+01  0.3144E-02 -0.5003E+01  0.0000E+00      -1  -0.200E+00   17.02
  17   -16.0000     -10.754 0.4050   0.5009E+01  0.3144E-02 -0.5004E+01  0.0000E+00      -1  -0.200E+00   17.23
  18   -17.0000     -10.753 0.4050   0.5009E+01  0.3144E-02 -0.5004E+01  0.0000E+00      -1  -0.200E+00   17.44
  19   -18.0000     -10.752 0.4050   0.5010E+01  0.3144E-02 -0.5005E+01  0.0000E+00      -1  -0.201E+00   17.65
  20   -19.0000     -10.751 0.4050   0.5010E+01  0.3144E-02 -0.5005E+01  0.0000E+00      -1  -0.201E+00   17.85
  21   -20.0000     -10.750 0.4050   0.5011E+01  0.3144E-02 -0.5005E+01  0.0000E+00      -1  -0.201E+00   18.04
  22   -21.0000     -10.749 0.4050   0.5012E+01  0.3144E-02 -0.5006E+01  0.0000E+00      -1  -0.201E+00   18.23
  23   -22.0000     -10.748 0.4050   0.5012E+01  0.3144E-02 -0.5006E+01  0.0000E+00      -1  -0.201E+00   18.40
  24   -23.0000     -10.747 0.4050   0.5013E+01  0.3143E-02 -0.5007E+01  0.0000E+00      -1  -0.201E+00   18.57
  25   -24.0000     -10.746 0.4050   0.5013E+01  0.3143E-02 -0.5007E+01  0.0000E+00      -1  -0.201E+00   18.72
  26   -25.0000     -10.744 0.4050   0.5014E+01  0.3143E-02 -0.5008E+01  0.0000E+00      -1  -0.201E+00   18.86
  27   -26.0000     -10.743 0.4050   0.5015E+01  0.3143E-02 -0.5009E+01  0.0000E+00      -1  -0.201E+00   18.99
  28   -27.0000     -10.742 0.4050   0.5016E+01  0.3143E-02 -0.5009E+01  0.0000E+00      -1  -0.201E+00   19.11
  29   -28.0000     -10.741 0.4050   0.5016E+01  0.3143E-02 -0.5010E+01  0.0000E+00      -1  -0.201E+00   19.22
  30   -29.0000     -10.739 0.4050   0.5017E+01  0.3143E-02 -0.5010E+01  0.0000E+00      -1  -0.201E+00   19.32
  31   -30.0000     -10.738 0.4050   0.5018E+01  0.3143E-02 -0.5011E+01  0.0000E+00      -1  -0.201E+00   19.41
  32   -31.0000     -10.737 0.4050   0.5018E+01  0.3143E-02 -0.5012E+01  0.0000E+00      -1  -0.201E+00   19.49
  33   -32.0000     -10.735 0.4050   0.5019E+01  0.3143E-02 -0.5012E+01  0.0000E+00      -1  -0.201E+00   19.56
  34   -33.0000     -10.734 0.4050   0.5020E+01  0.3143E-02 -0.5013E+01  0.0000E+00      -1  -0.201E+00   19.62
  35   -34.0000     -10.733 0.4051   0.5021E+01  0.3143E-02 -0.5014E+01  0.0000E+00      -1  -0.201E+00   19.68
  36   -35.0000     -10.731 0.4051   0.5021E+01  0.3143E-02 -0.5014E+01  0.0000E+00      -1  -0.201E+00   19.72
  37   -36.0000     -10.730 0.4051   0.5022E+01  0.3143E-02 -0.5015E+01  0.0000E+00      -1  -0.201E+00   19.77
  38   -37.0000     -10.729 0.4051   0.5023E+01  0.3142E-02 -0.5016E+01  0.0000E+00      -1  -0.201E+00   19.80
  39   -38.0000     -10.727 0.4051   0.5024E+01  0.3142E-02 -0.5017E+01  0.0000E+00      -1  -0.201E+00   19.83
  40   -39.0000     -10.726 0.4051   0.5024E+01  0.3142E-02 -0.5017E+01  0.0000E+00      -1  -0.201E+00   19.86
  41   -40.0000     -10.724 0.4051   0.5025E+01  0.3142E-02 -0.5018E+01  0.0000E+00      -1  -0.201E+00   19.88
  42   -41.0000     -10.723 0.4051   0.5026E+01  0.3142E-02 -0.5019E+01  0.0000E+00      -1  -0.201E+00   19.90
  43   -42.0000     -10.722 0.4051   0.5027E+01  0.3142E-02 -0.5020E+01  0.0000E+00      -1  -0.201E+00   19.92
  44   -43.0000     -10.720 0.4051   0.5027E+01  0.3142E-02 -0.5021E+01  0.0000E+00      -1  -0.201E+00   19.93
  45   -44.0000     -10.719 0.4051   0.5028E+01  0.3142E-02 -0.5021E+01  0.0000E+00      -1  -0.201E+00   19.95
  46   -45.0000     -10.717 0.4051   0.5029E+01  0.3142E-02 -0.5022E+01  0.0000E+00      -1  -0.201E+00   19.96
  47   -46.0000     -10.716 0.4051   0.5030E+01  0.3142E-02 -0.5023E+01  0.0000E+00      -1  -0.201E+00   19.96
  48   -47.0000     -10.715 0.4051   0.5030E+01  0.3142E-02 -0.5024E+01  0.0000E+00      -1  -0.201E+00   19.97
  49   -48.0000     -10.713 0.4051   0.5031E+01  0.3142E-02 -0.5025E+01  0.0000E+00      -1  -0.201E+00   19.98
  50   -49.0000     -10.712 0.4051   0.5032E+01  0.3142E-02 -0.5025E+01  0.0000E+00      -1  -0.201E+00   19.98
  51   -50.0000     -10.711 0.4051   0.5033E+01  0.3142E-02 -0.5026E+01  0.0000E+00      -1  -0.201E+00   19.98
  52   -51.0000     -10.710 0.4051   0.5033E+01  0.3141E-02 -0.5027E+01  0.0000E+00      -1  -0.201E+00   19.99
  53   -52.0000     -10.708 0.4051   0.5034E+01  0.3141E-02 -0.5028E+01  0.0000E+00      -1  -0.201E+00   19.99
  54   -53.0000     -10.707 0.4051   0.5035E+01  0.3141E-02 -0.5028E+01  0.0000E+00      -1  -0.201E+00   19.99
  55   -54.0000     -10.706 0.4051   0.5035E+01  0.3141E-02 -0.5029E+01  0.0000E+00      -1  -0.201E+00   19.99
  56   -55.0000     -10.705 0.4051   0.5036E+01  0.3141E-02 -0.5030E+01  0.0000E+00      -1  -0.202E+00   20.00
  57   -56.0000     -10.703 0.4051   0.5037E+01  0.3141E-02 -0.5031E+01  0.0000E+00      -1  -0.202E+00   20.00
  58   -57.0000     -10.702 0.4051   0.5037E+01  0.3141E-02 -0.5031E+01  0.0000E+00      -1  -0.202E+00   20.00
  59   -58.0000     -10.701 0.4052   0.5038E+01  0.3141E-02 -0.5032E+01  0.0000E+00      -1  -0.202E+00   20.00
  60   -59.0000     -10.700 0.4052   0.5038E+01  0.3141E-02 -0.5033E+01  0.0000E+00      -1  -0.202E+00   20.00
  61   -60.0000     -10.699 0.4052   0.5039E+01  0.3141E-02 -0.5034E+01  0.0000E+00      -1  -0.202E+00   20.00
  62   -61.0000     -10.698 0.4052   0.5040E+01  0.3141E-02 -0.5034E+01  0.0000E+00      -1  -0.202E+00   20.00
  63   -62.0000     -10.697 0.4052   0.5040E+01  0.3141E-02 -0.5035E+01  0.0000E+00      -1  -0.202E+00   20.00
  64   -63.0000     -10.696 0.4052   0.5041E+01  0.3141E-02 -0.5036E+01  0.0000E+00      -1  -0.202E+00   20.00
  65   -64.0000     -10.695 0.4052   0.5041E+01  0.3141E-02 -0.5036E+01  0.0000E+00      -1  -0.202E+00   20.00
  66   -65.0000     -10.694 0.4052   0.5042E+01  0.3141E-02 -0.5037E+01  0.0000E+00      -1  -0.202E+00   20.00
  67   -66.0000     -10.693 0.4052   0.5042E+01  0.3141E-02 -0.5038E+01  0.0000E+00      -1  -0.202E+00   20.00
  68   -67.0000     -10.692 0.4052   0.5043E+01  0.3141E-02 -0.5038E+01  0.0000E+00      -1  -0.202E+00   20.00
  69   -68.0000     -10.691 0.4052   0.5043E+01  0.3140E-02 -0.5039E+01  0.0000E+00      -1  -0.202E+00   20.00
  70   -69.0000     -10.691 0.4052   0.5044E+01  0.3140E-02 -0.5040E+01  0.0000E+00      -1  -0.202E+00   20.00
  71   -70.0000     -10.690 0.4052   0.5044E+01  0.3140E-02 -0.5040E+01  0.0000E+00      -1  -0.202E+00   20.00
  72   -71.0000     -10.689 0.4052   0.5045E+01  0.3140E-02 -0.5041E+01  0.0000E+00      -1  -0.202E+00   20.00
  73   -72.0000     -10.688 0.4052   0.5045E+01  0.3140E-02 -0.5041E+01  0.0000E+00      -1  -0.202E+00   20.00
  74   -73.0000     -10.688 0.4052   0.5045E+01  0.3140E-02 -0.5042E+01  0.0000E+00      -1  -0.202E+00   20.00
  75   -74.0000     -10.687 0.4052   0.5046E+01  0.3140E-02 -0.5042E+01  0.0000E+00      -1  -0.202E+00   20.00
  76   -75.0000     -10.686 0.4052   0.5046E+01  0.3140E-02 -0.5043E+01  0.0000E+00      -1  -0.202E+00   20.00
  77   -76.0000     -10.686 0.4052   0.5046E+01  0.3140E-02 -0.5043E+01  0.0000E+00      -1  -0.202E+00   20.00
  78   -77.0000     -10.685 0.4052   0.5047E+01  0.3140E-02 -0.5044E+01  0.0000E+00      -1  -0.202E+00   20.00
  79   -78.0000     -10.684 0.4052   0.5047E+01  0.3140E-02 -0.5044E+01  0.0000E+00      -1  -0.202E+00   20.00
  80   -79.0000     -10.684 0.4052   0.5047E+01  0.3140E-02 -0.5045E+01  0.0000E+00      -1  -0.202E+00   20.00
  81   -80.0000     -10.683 0.4052   0.5048E+01  0.3140E-02 -0.5045E+01  0.0000E+00      -1  -0.202E+00   20.00
  82   -81.0000     -10.683 0.4052   0.5048E+01  0.3140E-02 -0.5045E+01  0.0000E+00      -1  -0.202E+00   20.00
  83   -82.0000     -10.682 0.4052   0.5048E+01  0.3140E-02 -0.5046E+01  0.0000E+00      -1  -0.202E+00   20.00
  84   -83.0000     -10.682 0.4052   0.5048E+01  0.3140E-02 -0.5046E+01  0.0000E+00      -1  -0.202E+00   20.00
  85   -84.0000     -10.681 0.4052   0.5049E+01  0.3140E-02 -0.5047E+01  0.0000E+00      -1  -0.202E+00   20.00
  86   -85.0000     -10.681 0.4052   0.5049E+01  0.3140E-02 -0.5047E+01  0.0000E+00      -1  -0.202E+00   20.00
  87   -86.0000     -10.681 0.4052   0.5049E+01  0.3140E-02 -0.5047E+01  0.0000E+00      -1  -0.202E+00   20.00
  88   -87.0000     -10.680 0.4052   0.5049E+01  0.3140E-02 -0.5048E+01  0.0000E+00      -1  -0.202E+00   20.00
  89   -88.0000     -10.680 0.4052   0.5050E+01  0.3140E-02 -0.5048E+01  0.0000E+00      -1  -0.202E+00   20.00
  90   -89.0000     -10.680 0.4052   0.5050E+01  0.3140E-02 -0.5048E+01  0.0000E+00      -1  -0.202E+00   20.00
  91   -90.0000     -10.679 0.4052   0.5050E+01  0.3140E-02 -0.5048E+01  0.0000E+00      -1  -0.202E+00   20.00
  92   -91.0000     -10.679 0.4052   0.5050E+01  0.3140E-02 -0.5049E+01  0.0000E+00      -1  -0.202E+00   20.00
  93   -92.0000     -10.679 0.4052   0.5050E+01  0.3140E-02 -0.5049E+01  0.0000E+00      -1  -0.202E+00   20.00
  94   -93.0000     -10.678 0.4052   0.5050E+01  0.3140E-02 -0.5049E+01  0.0000E+00      -1  -0.202E+00   20.00
  95   -94.0000     -10.678 0.4052   0.5050E+01  0.3140E-02 -0.5049E+01  0.0000E+00      -1  -0.202E+00   20.00
  96   -95.0000     -10.678 0.4052   0.5051E+01  0.3140E-02 -0.5050E+01  0.0000E+00      -1  -0.202E+00   20.00
  97   -96.0000     -10.678 0.4052   0.5051E+01  0.3140E-02 -0.5050E+01  0.0000E+00      -1  -0.202E+00   20.00
  98   -97.0000     -10.678 0.4052   0.5051E+01  0.3140E-02 -0.5050E+01  0.0000E+00      -1  -0.202E+00   20.00
  99   -98.0000     -10.678 0.4052   0.5051E+01  0.3140E-02 -0.5050E+01  0.0000E+00      -1  -0.202E+00   20.00
 100   -99.0000     -10.678 0.4052   0.5051E+01  0.3140E-02 -0.5051E+01  0.0000E+00      -1  -0.202E+00   20.00
 101  -100.0000     -10.678 0.4052   0.5051E+01  0.3140E-02 -0.5051E+01  0.0000E+00      -1  -0.202E+00   20.00
end


 Time:        0.3750


 Node      Depth      Head Moisture       K          C         Flux        Sink         Kappa   v/KsTop   Temp
           [L]        [L]    [-]        [L/T]      [1/L]      [L/T]        [1/T]         [-]      [-]      [C]

   1     0.0000     -10.769 0.4049   0.5001E+01  0.3145E-02 -0.5000E+01  0.0000E+00      -1  -0.200E+00   25.00
   2    -1.0000     -10.768 0.4049   0.5001E+01  0.3145E-02 -0.5000E+01  0.0000E+00      -1  -0.200E+00   23.98
   3    -2.0000     -10.768 0.4049   0.5001E+01  0.3145E-02 -0.5000E+01  0.0000E+00      -1  -0.200E+00   23.06
   4    -3.0000     -10.768 0.4049   0.5001E+01  0.3145E-02 -0.5000E+01  0.0000E+00      -1  -0.200E+00   22.23
   5    -4.0000     -10.768 0.4049   0.5001E+01  0.3145E-02 -0.5000E+01  0.0000E+00      -1  -0.200E+00   21.50
   6    -5.0000     -10.768 0.4049   0.5002E+01  0.3145E-02 -0.5000E+01  0.0000E+00      -1  -0.200E+00   20.85
   7    -6.0000     -10.767 0.4049   0.5002E+01  0.3145E-02 -0.5000E+01  0.0000E+00      -1  -0.200E+00   20.28
   8    -7.0000     -10.767 0.4049   0.5002E+01  0.3145E-02 -0.5000E+01  0.0000E+00      -1  -0.200E+00   19.79
   9    -8.0000     -10.767 0.4049   0.5002E+01  0.3145E-02 -0.5000E+01  0.0000E+00      -1  -0.200E+00   19.37
  10    -9.0000     -10.766 0.4049   0.5002E+01  0.3144E-02 -0.5001E+01  0.0000E+00      -1  -0.200E+00   19.02
  11   -10.0000     -10.766 0.4049   0.5002E+01  0.3144E-02 -0.5001E+01  0.0000E+00      -1  -0.200E+00   18.72
  12   -11.0000     -10.766 0.4049   0.5003E+01  0.3144E-02 -0.5001E+01  0.0000E+00      -1  -0.200E+00   18.49
  13   -12.0000     -10.765 0.4050   0.5003E+01  0.3144E-02 -0.5001E+01  0.0000E+00      -1  -0.200E+00   18.30
  14   -13.0000     -10.765 0.4050   0.5003E+01  0.3144E-02 -0.5001E+01  0.0000E+00      -1  -0.200E+00   18.16
  15   -14.0000     -10.765 0.4050   0.5003E+01  0.3144E-02 -0.5001E+01  0.0000E+00      -1  -0.200E+00   18.06
  16   -15.0000     -10.764 0.4050   0.5003E+01  0.3144E-02 -0.5001E+01  0.0000E+00      -1  -0.200E+00   17.99
  17   -16.0000     -10.764 0.4050   0.5004E+01  0.3144E-02 -0.5001E+01  0.0000E+00      -1  -0.200E+00   17.96
  18   -17.0000     -10.763 0.4050   0.5004E+01  0.3144E-02 -0.5002E+01  0.0000E+00      -1  -0.200E+00   17.95
  19   -18.0000     -10.763 0.4050   0.5004E+01  0.3144E-02 -0.5002E+01  0.0000E+00      -1  -0.200E+00   17.97
  20   -19.0000     -10.762 0.4050   0.5004E+01  0.3144E-02 -0.5002E+01  0.0000E+00      -1  -0.200E+00   18.00
  21   -20.0000     -10.762 0.4050   0.5005E+01  0.3144E-02 -0.5002E+01  0.0000E+00      -1  -0.200E+00   18.05
  22   -21.0000     -10.761 0.4050   0.5005E+01  0.3144E-02 -0.5002E+01  0.0000E+00      -1  -0.200E+00   18.12
  23   -22.0000     -10.761 0.4050   0.5005E+01  0.3144E-02 -0.5002E+01  0.0000E+00      -1  -0.200E+00   18.19
  24   -23.0000     -10.760 0.4050   0.5006E+01  0.3144E-02 -0.5003E+01  0.0000E+00      -1  -0.200E+00   18.28
  25   -24.0000     -10.760 0.4050   0.5006E+01  0.3144E-02 -0.5003E+01  0.0000E+00      -1  -0.200E+00   18.36
  26   -25.0000     -10.759 0.4050   0.5006E+01  0.3144E-02 -0.5003E+01  0.0000E+00      -1  -0.200E+00   18.46
  27   -26.0000     -10.758 0.4050   0.5007E+01  0.3144E-02 -0.5003E+01  0.0000E+00      -1  -0.200E+00   18.55
  28   -27.0000     -10.758 0.4050   0.5007E+01  0.3144E-02 -0.5004E+01  0.0000E+00      -1  -0.200E+00   18.65
  29   -28.0000     -10.757 0.4050   0.5007E+01  0.3144E-02 -0.5004E+01  0.0000E+00      -1  -0.200E+00   18.74
  30   -29.0000     -10.756 0.4050   0.5008E+01  0.3144E-02 -0.5004E+01  0.0000E+00      -1  -0.200E+00   18.83
  31   -30.0000     -10.756 0.4050   0.5008E+01  0.3144E-02 -0.5004E+01  0.0000E+00      -1  -0.200E+00   18.92
  32   -31.0000     -10.755 0.4050   0.5009E+01  0.3144E-02 -0.5005E+01  0.0000E+00      -1  -0.201E+00   19.01
  33   -32.0000     -10.754 0.4050   0.5009E+01  0.3144E-02 -0.5005E+01  0.0000E+00      -1  -0.201E+00   19.10
  34   -33.0000     -10.753 0.4050   0.5009E+01  0.3144E-02 -0.5005E+01  0.0000E+00      -1  -0.201E+00   19.18
  35   -34.0000     -10.752 0.4050   0.5010E+01  0.3144E-02 -0.5006E+01  0.0000E+00      -1  -0.201E+00   19.25
  36   -35.0000     -10.752 0.4050   0.5010E+01  0.3144E-02 -0.5006E+01  0.0000E+00      -1  -0.201E+00   19.32
  37   -36.0000     -10.751 0.4050   0.5011E+01  0.3144E-02 -0.5006E+01  0.0000E+00      -1  -0.201E+00   19.39
  38   -37.0000     -10.750 0.4050   0.5011E+01  0.3144E-02 -0.5007E+01  0.0000E+00      -1  -0.201E+00   19.45
  39   -38.0000     -10.749 0.4050   0.5012E+01  0.3144E-02 -0.5007E+01  0.0000E+00      -1  -0.201E+00   19.51
  40   -39.0000     -10.748 0.4050   0.5012E+01  0.3144E-02 -0.5008E+01  0.0000E+00      -1  -0.201E+00   19.56
  41   -40.0000     -10.747 0.4050   0.5013E+01  0.3143E-02 -0.5008E+01  0.0000E+00      -1  -0.201E+00   19.61
  42   -41.0000     -10.746 0.4050   0.5013E+01  0.3143E-02 -0.5008E+01  0.0000E+00      -1  -0.201E+00   19.65
  43   -42.0000     -10.745 0.4050   0.5014E+01  0.3143E-02 -0.5009E+01  0.0000E+00      -1  -0.201E+00   19.69
  44   -43.0000     -10.744 0.4050   0.5014E+01  0.3143E-02 -0.5009E+01  0.0000E+00      -1  -0.201E+00   19.73
  45   -44.0000     -10.743 0.4050   0.5015E+01  0.3143E-02 -0.5010E+01  0.0000E+00      -1  -0.201E+00   19.76
  46   -45.0000     -10.742 0.4050   0.5015E+01  0.3143E-02 -0.5010E+01  0.0000E+00      -1  -0.201E+00   19.79
  47   -46.0000     -10.741 0.4050   0.5016E+01  0.3143E-02 -0.5011E+01  0.0000E+00      -1  -0.201E+00   19.82
  48   -47.0000     -10.740 0.4050   0.5016E+01  0.3143E-02 -0.5011E+01  0.0000E+00      -1  -0.201E+00   19.84
  49   -48.0000     -10.739 0.4050   0.5017E+01  0.3143E-02 -0.5012E+01  0.0000E+00      -1  -0.201E+00   19.86
  50   -49.0000     -10.738 0.4050   0.5018E+01  0.3143E-02 -0.5012E+01  0.0000E+00      -1  -0.201E+00   19.88
  51   -50.0000     -10.737 0.4050   0.5018E+01  0.3143E-02 -0.5013E+01  0.0000E+00      -1  -0.201E+00   19.90
  52   -51.0000     -10.736 0.4050   0.5019E+01  0.3143E-02 -0.5013E+01  0.0000E+00      -1  -0.201E+00   19.91
  53   -52.0000     -10.735 0.4050   0.5019E+01  0.3143E-02 -0.5014E+01  0.0000E+00      -1  -0.201E+00   19.92
  54   -53.0000     -10.734 0.4050   0.5020E+01  0.3143E-02 -0.5014E+01  0.0000E+00      -1  -0.201E+00   19.93
  55   -54.0000     -10.733 0.4051   0.5021E+01  0.3143E-02 -0.5015E+01  0.0000E+00      -1  -0.201E+00   19.94
  56   -55.0000     -10.732 0.4051   0.5021E+01  0.3143E-02 -0.5016E+01  0.0000E+00      -1  -0.201E+00   19.95
  57   -56.0000     -10.731 0.4051   0.5022E+01  0.3143E-02 -0.5016E+01  0.0000E+00      -1  -0.201E+00   19.96
  58   -57.0000     -10.730 0.4051   0.5022E+01  0.3143E-02 -0.5017E+01  0.0000E+00      -1  -0.201E+00   19.97
  59   -58.0000     -10.728 0.4051   0.5023E+01  0.3142E-02 -0.5017E+01  0.0000E+00      -1  -0.201E+00   19.97
  60   -59.0000     -10.727 0.4051   0.5024E+01  0.3142E-02 -0.5018E+01  0.0000E+00      -1  -0.201E+00   19.98
  61   -60.0000     -10.726 0.4051   0.5024E+01  0.3142E-02 -0.5019E+01  0.0000E+00      -1  -0.201E+00   19.98
  62   -61.0000     -10.725 0.4051   0.5025E+01  0.3142E-02 -0.5019E+01  0.0000E+00      -1  -0.201E+00   19.98
  63   -62.0000     -10.724 0.4051   0.5025E+01  0.3142E-02 -0.5020E+01  0.0000E+00      -1  -0.201E+00   19.99
  64   -63.0000     -10.723 0.4051   0.5026E+01  0.3142E-02 -0.5020E+01  0.0000E+00      -1  -0.201E+00   19.99
  65   -64.0000     -10.722 0.4051   0.5027E+01  0.3142E-02 -0.5021E+01  0.0000E+00      -1  -0.201E+00   19.99
  66   -65.0000     -10.721 0.4051   0.5027E+01  0.3142E-02 -0.5022E+01  0.0000E+00      -1  -0.201E+00   19.99
  67   -66.0000     -10.719 0.4051   0.5028E+01  0.3142E-02 -0.5022E+01  0.0000E+00      -1  -0.201E+00   19.99
  68   -67.0000     -10.718 0.4051   0.5028E+01  0.3142E-02 -0.5023E+01  0.0000E+00      -1  -0.201E+00   19.99
  69   -68.0000     -10.717 0.4051   0.5029E+01  0.3142E-02 -0.5024E+01  0.0000E+00      -1  -0.201E+00   20.00
  70   -69.0000     -10.716 0.4051   0.5030E+01  0.3142E-02 -0.5024E+01  0.0000E+00      -1  -0.201E+00   20.00
  71   -70.0000     -10.715 0.4051   0.5030E+01  0.3142E-02 -0.5025E+01  0.0000E+00      -1  -0.201E+00   20.00
  72   -71.0000     -10.714 0.4051   0.5031E+01  0.3142E-02 -0.5025E+01  0.0000E+00      -1  -0.201E+00   20.00
  73   -72.0000     -10.713 0.4051   0.5031E+01  0.3142E-02 -0.5026E+01  0.0000E+00      -1  -0.201E+00   20.00
  74   -73.0000     -10.712 0.4051   0.5032E+01  0.3142E-02 -0.5027E+01  0.0000E+00      -1  -0.201E+00   20.00
  75   -74.0000     -10.711 0.4051   0.5033E+01  0.3142E-02 -0.5027E+01  0.0000E+00      -1  -0.201E+00   20.00
  76   -75.0000     -10.710 0.4051   0.5033E+01  0.3141E-02 -0.5028E+01  0.0000E+00      -1  -0.201E+00   20.00
  77   -76.0000     -10.709 0.4051   0.5034E+01  0.3141E-02 -0.5029E+01  0.0000E+00      -1  -0.201E+00   20.00
  78   -77.0000     -10.708 0.4051   0.5034E+01  0.3141E-02 -0.5029E+01  0.0000E+00      -1  -0.201E+00   20.00
  79   -78.0000     -10.707 0.4051   0.5035E+01  0.3141E-02 -0.5030E+01  0.0000E+00      -1  -0.202E+00   20.00
  80   -79.0000     -10.706 0.4051   0.5035E+01  0.3141E-02 -0.5030E+01  0.0000E+00      -1  -0.202E+00   20.00
  81   -80.0000     -10.705 0.4051   0.5036E+01  0.3141E-02 -0.5031E+01  0.0000E+00      -1  -0.202E+00   20.00
  82   -81.0000     -10.704 0.4051   0.5036E+01  0.3141E-02 -0.5032E+01  0.0000E+00      -1  -0.202E+00   20.00
  83   -82.0000     -10.703 0.4051   0.5037E+01  0.3141E-02 -0.5032E+01  0.0000E+00      -1  -0.202E+00   20.00
  84   -83.0000     -10.702 0.4051   0.5037E+01  0.3141E-02 -0.5033E+01  0.0000E+00      -1  -0.202E+00   20.00
  85   -84.0000     -10.701 0.4052   0.5038E+01  0.3141E-02 -0.5033E+01  0.0000E+00      -1  -0.202E+00   20.00
  86   -85.0000     -10.701 0.4052   0.5038E+01  0.3141E-02 -0.5034E+01  0.0000E+00      -1  -0.202E+00   20.00
  87   -86.0000     -10.700 0.4052   0.5039E+01  0.3141E-02 -0.5035E+01  0.0000E+00      -1  -0.202E+00   20.00
  88   -87.0000     -10.699 0.4052   0.5039E+01  0.3141E-02 -0.5035E+01  0.0000E+00      -1  -0.202E+00   20.00
  89   -88.0000     -10.698 0.4052   0.5039E+01  0.3141E-02 -0.5036E+01  0.0000E+00      -1  -0.202E+00   20.00
  90   -89.0000     -10.698 0.4052   0.5040E+01  0.3141E-02 -0.5036E+01  0.0000E+00      -1  -0.202E+00   20.00
  91   -90.0000     -10.697 0.4052   0.5040E+01  0.3141E-02 -0.5037E+01  0.0000E+00      -1  -0.202E+00   20.00
  92   -91.0000     -10.696 0.4052   0.5040E+01  0.3141E-02 -0.5037E+01  0.0000E+00      -1  -0.202E+00   20.00
  93   -92.0000     -10.696 0.4052   0.5041E+01  0.3141E-02 -0.5038E+01  0.0000E+00      -1  -0.202E+00   20.00
  94   -93.0000     -10.695 0.4052   0.5041E+01  0.3141E-02 -0.5039E+01  0.0000E+00      -1  -0.202E+00   20.00
  95   -94.0000     -10.695 0.4052   0.5041E+01  0.3141E-02 -0.5039E+01  0.0000E+00      -1  -0.202E+00   20.00
  96   -95.0000     -10.694 0.4052   0.5042E+01  0.3141E-02 -0.5040E+01  0.0000E+00      -1  -0.202E+00   20.00
  97   -96.0000     -10.694 0.4052   0.5042E+01  0.3141E-02 -0.5040E+01  0.0000E+00      -1  -0.202E+00   20.00
  98   -97.0000     -10.694 0.4052   0.5042E+01  0.3141E-02 -0.5041E+01  0.0000E+00      -1  -0.202E+00   20.00
  99   -98.0000     -10.693 0.4052   0.5042E+01  0.3141E-02 -0.5041E+01  0.0000E+00      -1  -0.202E+00   20.00
 100   -99.0000     -10.693 0.4052   0.5042E+01  0.3141E-02 -0.5042E+01  0.0000E+00      -1  -0.202E+00   20.00
 101  -100.0000     -10.693 0.4052   0.5042E+01  0.3141E-02 -0.5042E+01  0.0000E+00      -1  -0.202E+00   20.00
end


 Time:        0.5000


 Node      Depth      Head Moisture       K          C         Flux        Sink         Kappa   v/KsTop   Temp
           [L]        [L]    [-]        [L/T]      [1/L]      [L/T]        [1/T]         [-]      [-]      [C]

   1     0.0000     -10.770 0.4049   0.5000E+01  0.3145E-02 -0.5000E+01  0.0000E+00      -1  -0.200E+00   29.66
   2    -1.0000     -10.770 0.4049   0.5000E+01  0.3145E-02 -0.5000E+01  0.0000E+00      -1  -0.200E+00   28.75
   3    -2.0000     -10.769 0.4049   0.5000E+01  0.3145E-02 -0.5000E+01  0.0000E+00      -1  -0.200E+00   27.86
   4    -3.0000     -10.769 0.4049   0.5001E+01  0.3145E-02 -0.5000E+01  0.0000E+00      -1  -0.200E+00   27.01
   5    -4.0000     -10.769 0.4049   0.5001E+01  0.3145E-02 -0.5000E+01  0.0000E+00      -1  -0.200E+00   26.19
   6    -5.0000     -10.769 0.4049   0.5001E+01  0.3145E-02 -0.5000E+01  0.0000E+00      -1  -0.200E+00   25.42
   7    -6.0000     -10.769 0.4049   0.5001E+01  0.3145E-02 -0.5000E+01  0.0000E+00      -1  -0.200E+00   24.70
   8    -7.0000     -10.769 0.4049   0.5001E+01  0.3145E-02 -0.5000E+01  0.0000E+00      -1  -0.200E+00   24.02
   9    -8.0000     -10.769 0.4049   0.5001E+01  0.3145E-02 -0.5000E+01  0.0000E+00      -1  -0.200E+00   23.39
  10    -9.0000     -10.769 0.4049   0.5001E+01  0.3145E-02 -0.5000E+01  0.0000E+00      -1  -0.200E+00   22.81
  11   -10.0000     -10.768 0.4049   0.5001E+01  0.3145E-02 -0.5000E+01  0.0000E+00      -1  -0.200E+00   22.28
  12   -11.0000     -10.768 0.4049   0.5001E+01  0.3145E-02 -0.5000E+01  0.0000E+00      -1  -0.200E+00   21.80
  13   -12.0000     -10.768 0.4049   0.5001E+01  0.3145E-02 -0.5000E+01  0.0000E+00      -1  -0.200E+00   21.36
  14   -13.0000     -10.768 0.4049   0.5001E+01  0.3145E-02 -0.5000E+01  0.0000E+00      -1  -0.200E+00   20.97
  15   -14.0000     -10.768 0.4049   0.5001E+01  0.3145E-02 -0.5000E+01  0.0000E+00      -1  -0.200E+00   20.62
  16   -15.0000     -10.768 0.4049   0.5001E+01  0.3145E-02 -0.5001E+01  0.0000E+00      -1  -0.200E+00   20.31
  17   -16.0000     -10.767 0.4049   0.5002E+01  0.3145E-02 -0.5001E+01  0.0000E+00      -1  -0.200E+00   20.04
  18   -17.0000     -10.767 0.4049   0.5002E+01  0.3145E-02 -0.5001E+01  0.0000E+00      -1  -0.200E+00   19.80
  19   -18.0000     -10.767 0.4049   0.5002E+01  0.3145E-02 -0.5001E+01  0.0000E+00      -1  -0.200E+00   19.60
  20   -19.0000     -10.767 0.4049   0.5002E+01  0.3145E-02 -0.5001E+01  0.0000E+00      -1  -0.200E+00   19.44
  21   -20.0000     -10.767 0.4049   0.5002E+01  0.3144E-02 -0.5001E+01  0.0000E+00      -1  -0.200E+00   19.30
  22   -21.0000     -10.766 0.4049   0.5002E+01  0.3144E-02 -0.5001E+01  0.0000E+00      -1  -0.200E+00   19.18
  23   -22.0000     -10.766 0.4049   0.5002E+01  0.3144E-02 -0.5001E+01  0.0000E+00      -1  -0.200E+00   19.09
  24   -23.0000     -10.766 0.4049   0.5002E+01  0.3144E-02 -0.5001E+01  0.0000E+00      -1  -0.200E+00   19.03
  25   -24.0000     -10.765 0.4050   0.5003E+01  0.3144E-02 -0.5001E+01  0.0000E+00      -1  -0.200E+00   18.98
  26   -25.0000     -10.765 0.4050   0.5003E+01  0.3144E-02 -0.5001E+01  0.0000E+00      -1  -0.200E+00   18.94
  27   -26.0000     -10.765 0.4050   0.5003E+01  0.3144E-02 -0.5001E+01  0.0000E+00      -1  -0.200E+00   18.93
  28   -27.0000     -10.765 0.4050   0.5003E+01  0.3144E-02 -0.5001E+01  0.0000E+00      -1  -0.200E+00   18.92
  29   -28.0000     -10.764 0.4050   0.5003E+01  0.3144E-02 -0.5002E+01  0.0000E+00      -1  -0.200E+00   18.93
  30   -29.0000     -10.764 0.4050   0.5004E+01  0.3144E-02 -0.5002E+01  0.0000E+00      -1  -0.200E+00   18.94
  31   -30.0000     -10.763 0.4050   0.5004E+01  0.3144E-02 -0.5002E+01  0.0000E+00      -1  -0.200E+00   18.97
  32   -31.0000     -10.763 0.4050   0.5004E+01  0.3144E-02 -0.5002E+01  0.0000E+00      -1  -0.200E+00   19.00
  33   -32.0000     -10.763 0.4050   0.5004E+01  0.3144E-02 -0.5002E+01  0.0000E+00      -1  -0.200E+00   19.03
  34   -33.0000     -10.762 0.4050   0.5004E+01  0.3144E-02 -0.5002E+01  0.0000E+00      -1  -0.200E+00   19.07
  35   -34.0000     -10.762 0.4050   0.5005E+01  0.3144E-02 -0.5002E+01  0.0000E+00      -1  -0.200E+00   19.12
  36   -35.0000     -10.761 0.4050   0.5005E+01  0.3144E-02 -0.5003E+01  0.0000E+00      -1  -0.200E+00   19.16
  37   -36.0000     -10.761 0.4050   0.5005E+01  0.3144E-02 -0.5003E+01  0.0000E+00      -1  -0.200E+00   19.21
  38   -37.0000     -10.760 0.4050   0.5005E+01  0.3144E-02 -0.5003E+01  0.0000E+00      -1  -0.200E+00   19.25
  39   -38.0000     -10.760 0.4050   0.5006E+01  0.3144E-02 -0.5003E+01  0.0000E+00      -1  -0.200E+00   19.30
  40   -39.0000     -10.759 0.4050   0.5006E+01  0.3144E-02 -0.5003E+01  0.0000E+00      -1  -0.200E+00   19.35
  41   -40.0000     -10.759 0.4050   0.5006E+01  0.3144E-02 -0.5004E+01  0.0000E+00      -1  -0.200E+00   19.39
  42   -41.0000     -10.758 0.4050   0.5007E+01  0.3144E-02 -0.5004E+01  0.0000E+00      -1  -0.200E+00   19.44
  43   -42.0000     -10.758 0.4050   0.5007E+01  0.3144E-02 -0.5004E+01  0.0000E+00      -1  -0.200E+00   19.48
  44   -43.0000     -10.757 0.4050   0.5007E+01  0.3144E-02 -0.5004E+01  0.0000E+00      -1  -0.200E+00   19.52
  45   -44.0000     -10.757 0.4050   0.5007E+01  0.3144E-02 -0.5004E+01  0.0000E+00      -1  -0.201E+00   19.56
  46   -45.0000     -10.756 0.4050   0.5008E+01  0.3144E-02 -0.5005E+01  0.0000E+00      -1  -0.201E+00   19.60
  47   -46.0000     -10.756 0.4050   0.5008E+01  0.3144E-02 -0.5005E+01  0.0000E+00      -1  -0.201E+00   19.63
  48   -47.0000     -10.755 0.4050   0.5008E+01  0.3144E-02 -0.5005E+01  0.0000E+00      -1  -0.201E+00   19.67
  49   -48.0000     -10.754 0.4050   0.5009E+01  0.3144E-02 -0.5006E+01  0.0000E+00      -1  -0.201E+00   19.70
  50   -49.0000     -10.754 0.4050   0.5009E+01  0.3144E-02 -0.5006E+01  0.0000E+00      -1  -0.201E+00   19.73
  51   -50.0000     -10.753 0.4050   0.5010E+01  0.3144E-02 -0.5006E+01  0.0000E+00      -1  -0.201E+00   19.75
  52   -51.0000     -10.752 0.4050   0.5010E+01  0.3144E-02 -0.5006E+01  0.0000E+00      -1  -0.201E+00   19.78
  53   -52.0000     -10.752 0.4050   0.5010E+01  0.3144E-02 -0.5007E+01  0.0000E+00      -1  -0.201E+00   19.80
  54   -53.0000     -10.751 0.4050   0.5011E+01  0.3144E-02 -0.5007E+01  0.0000E+00      -1  -0.201E+00   19.82
  55   -54.0000     -10.750 0.4050   0.5011E+01  0.3144E-02 -0.5007E+01  0.0000E+00      -1  -0.201E+00   19.84
  56   -55.0000     -10.749 0.4050   0.5011E+01  0.3144E-02 -0.5008E+01  0.0000E+00      -1  -0.201E+00   19.86
  57   -56.0000     -10.749 0.4050   0.5012E+01  0.3144E-02 -0.5008E+01  0.0000E+00      -1  -0.201E+00   19.87
  58   -57.0000     -10.748 0.4050   0.5012E+01  0.3143E-02 -0.5008E+01  0.0000E+00      -1  -0.201E+00   19.89
  59   -58.0000     -10.747 0.4050   0.5013E+01  0.3143E-02 -0.5009E+01  0.0000E+00      -1  -0.201E+00   19.90
  60   -59.0000     -10.746 0.4050   0.5013E+01  0.3143E-02 -0.5009E+01  0.0000E+00      -1  -0.201E+00   19.91
  61   -60.0000     -10.746 0.4050   0.5014E+01  0.3143E-02 -0.5010E+01  0.0000E+00      -1  -0.201E+00   19.92
  62   -61.0000     -10.745 0.4050   0.5014E+01  0.3143E-02 -0.5010E+01  0.0000E+00      -1  -0.201E+00   19.93
  63   -62.0000     -10.744 0.4050   0.5014E+01  0.3143E-02 -0.5010E+01  0.0000E+00      -1  -0.201E+00   19.94
  64   -63.0000     -10.743 0.4050   0.5015E+01  0.3143E-02 -0.5011E+01  0.0000E+00      -1  -0.201E+00   19.95
  65   -64.0000     -10.742 0.4050   0.5015E+01  0.3143E-02 -0.5011E+01  0.0000E+00      -1  -0.201E+00   19.95
  66   -65.0000     -10.741 0.4050   0.5016E+01  0.3143E-02 -0.5012E+01  0.0000E+00      -1  -0.201E+00   19.96
  67   -66.0000     -10.740 0.4050   0.5016E+01  0.3143E-02 -0.5012E+01  0.0000E+00      -1  -0.201E+00   19.97
  68   -67.0000     -10.740 0.4050   0.5017E+01  0.3143E-02 -0.5012E+01  0.0000E+00      -1  -0.201E+00   19.97
  69   -68.0000     -10.739 0.4050   0.5017E+01  0.3143E-02 -0.5013E+01  0.0000E+00      -1  -0.201E+00   19.97
  70   -69.0000     -10.738 0.4050   0.5018E+01  0.3143E-02 -0.5013E+01  0.0000E+00      -1  -0.201E+00   19.98
  71   -70.0000     -10.737 0.4050   0.5018E+01  0.3143E-02 -0.5014E+01  0.0000E+00      -1  -0.201E+00   19.98
  72   -71.0000     -10.736 0.4050   0.5019E+01  0.3143E-02 -0.5014E+01  0.0000E+00      -1  -0.201E+00   19.98
  73   -72.0000     -10.735 0.4050   0.5019E+01  0.3143E-02 -0.5015E+01  0.0000E+00      -1  -0.201E+00   19.99
  74   -73.0000     -10.734 0.4050   0.5020E+01  0.3143E-02 -0.5015E+01  0.0000E+00      -1  -0.201E+00   19.99
  75   -74.0000     -10.733 0.4051   0.5020E+01  0.3143E-02 -0.5016E+01  0.0000E+00      -1  -0.201E+00   19.99
  76   -75.0000     -10.732 0.4051   0.5021E+01  0.3143E-02 -0.5016E+01  0.0000E+00      -1  -0.201E+00   19.99
  77   -76.0000     -10.732 0.4051   0.5021E+01  0.3143E-02 -0.5017E+01  0.0000E+00      -1  -0.201E+00   19.99
  78   -77.0000     -10.731 0.4051   0.5022E+01  0.3143E-02 -0.5017E+01  0.0000E+00      -1  -0.201E+00   19.99
  79   -78.0000     -10.730 0.4051   0.5022E+01  0.3143E-02 -0.5018E+01  0.0000E+00      -1  -0.201E+00   19.99
  80   -79.0000     -10.729 0.4051   0.5023E+01  0.3142E-02 -0.5018E+01  0.0000E+00      -1  -0.201E+00   20.00
  81   -80.0000     -10.728 0.4051   0.5023E+01  0.3142E-02 -0.5019E+01  0.0000E+00      -1  -0.201E+00   20.00
  82   -81.0000     -10.727 0.4051   0.5024E+01  0.3142E-02 -0.5019E+01  0.0000E+00      -1  -0.201E+00   20.00
  83   -82.0000     -10.726 0.4051   0.5024E+01  0.3142E-02 -0.5020E+01  0.0000E+00      -1  -0.201E+00   20.00
  84   -83.0000     -10.725 0.4051   0.5025E+01  0.3142E-02 -0.5020E+01  0.0000E+00      -1  -0.201E+00   20.00
  85   -84.0000     -10.725 0.4051   0.5025E+01  0.3142E-02 -0.5021E+01  0.0000E+00      -1  -0.201E+00   20.00
  86   -85.0000     -10.724 0.4051   0.5026E+01  0.3142E-02 -0.5021E+01  0.0000E+00      -1  -0.201E+00   20.00
  87   -86.0000     -10.723 0.4051   0.5026E+01  0.3142E-02 -0.5022E+01  0.0000E+00      -1  -0.201E+00   20.00
  88   -87.0000     -10.722 0.4051   0.5026E+01  0.3142E-02 -0.5022E+01  0.0000E+00      -1  -0.201E+00   20.00
  89   -88.0000     -10.721 0.4051   0.5027E+01  0.3142E-02 -0.5023E+01  0.0000E+00      -1  -0.201E+00   20.00
  90   -89.0000     -10.721 0.4051   0.5027E+01  0.3142E-02 -0.5024E+01  0.0000E+00      -1  -0.201E+00   20.00
  91   -90.0000     -10.720 0.4051   0.5028E+01  0.3142E-02 -0.5024E+01  0.0000E+00      -1  -0.201E+00   20.00
  92   -91.0000     -10.719 0.4051   0.5028E+01  0.3142E-02 -0.5025E+01  0.0000E+00      -1  -0.201E+00   20.00
  93   -92.0000     -10.719 0.4051   0.5028E+01  0.3142E-02 -0.5025E+01  0.0000E+00      -1  -0.201E+00   20.00
  94   -93.0000     -10.718 0.4051   0.5029E+01  0.3142E-02 -0.5026E+01  0.0000E+00      -1  -0.201E+00   20.00
  95   -94.0000     -10.718 0.4051   0.5029E+01  0.3142E-02 -0.5026E+01  0.0000E+00      -1  -0.201E+00   20.00
  96   -95.0000     -10.717 0.4051   0.5029E+01  0.3142E-02 -0.5027E+01  0.0000E+00      -1  -0.201E+00   20.00
  97   -96.0000     -10.717 0.4051   0.5029E+01  0.3142E-02 -0.5028E+01  0.0000E+00      -1  -0.201E+00   20.00
  98   -97.0000     -10.716 0.4051   0.5030E+01  0.3142E-02 -0.5028E+01  0.0000E+00      -1  -0.201E+00   20.00
  99   -98.0000     -10.716 0.4051   0.5030E+01  0.3142E-02 -0.5029E+01  0.0000E+00      -1  -0.201E+00   20.00
 100   -99.0000     -10.716 0.4051   0.5030E+01  0.3142E-02 -0.5029E+01  0.0000E+00      -1  -0.201E+00   20.00
 101  -100.0000     -10.716 0.4051   0.5030E+01  0.3142E-02 -0.5030E+01  0.0000E+00      -1  -0.202E+00   20.00
end


 Time:        0.6250


 Node      Depth      Head Moisture       K          C         Flux        Sink         Kappa   v/KsTop   Temp
           [L]        [L]    [-]        [L/T]      [1/L]      [L/T]        [1/T]         [-]      [-]      [C]

   1     0.0000     -10.770 0.4049   0.5000E+01  0.3145E-02 -0.5000E+01  0.0000E+00      -1  -0.200E+00   28.66
   2    -1.0000     -10.770 0.4049   0.5000E+01  0.3145E-02 -0.5000E+01  0.0000E+00      -1  -0.200E+00   28.39
   3    -2.0000     -10.770 0.4049   0.5000E+01  0.3145E-02 -0.5000E+01  0.0000E+00      -1  -0.200E+00   28.07
   4    -3.0000     -10.770 0.4049   0.5000E+01  0.3145E-02 -0.5000E+01  0.0000E+00      -1  -0.200E+00   27.70
   5    -4.0000     -10.770 0.4049   0.5000E+01  0.3145E-02 -0.5000E+01  0.0000E+00      -1  -0.200E+00   27.29
   6    -5.0000     -10.770 0.4049   0.5000E+01  0.3145E-02 -0.5000E+01  0.0000E+00      -1  -0.200E+00   26.86
   7    -6.0000     -10.770 0.4049   0.5000E+01  0.3145E-02 -0.5000E+01  0.0000E+00      -1  -0.200E+00   26.41
   8    -7.0000     -10.770 0.4049   0.5000E+01  0.3145E-02 -0.5000E+01  0.0000E+00      -1  -0.200E+00   25.95
   9    -8.0000     -10.770 0.4049   0.5000E+01  0.3145E-02 -0.5000E+01  0.0000E+00      -1  -0.200E+00   25.48
  10    -9.0000     -10.770 0.4049   0.5000E+01  0.3145E-02 -0.5000E+01  0.0000E+00      -1  -0.200E+00   25.02
  11   -10.0000     -10.769 0.4049   0.5000E+01  0.3145E-02 -0.5000E+01  0.0000E+00      -1  -0.200E+00   24.56
  12   -11.0000     -10.769 0.4049   0.5000E+01  0.3145E-02 -0.5000E+01  0.0000E+00      -1  -0.200E+00   24.12
  13   -12.0000     -10.769 0.4049   0.5001E+01  0.3145E-02 -0.5000E+01  0.0000E+00      -1  -0.200E+00   23.69
  14   -13.0000     -10.769 0.4049   0.5001E+01  0.3145E-02 -0.5000E+01  0.0000E+00      -1  -0.200E+00   23.27
  15   -14.0000     -10.769 0.4049   0.5001E+01  0.3145E-02 -0.5000E+01  0.0000E+00      -1  -0.200E+00   22.88
  16   -15.0000     -10.769 0.4049   0.5001E+01  0.3145E-02 -0.5000E+01  0.0000E+00      -1  -0.200E+00   22.51
  17   -16.0000     -10.769 0.4049   0.5001E+01  0.3145E-02 -0.5000E+01  0.0000E+00      -1  -0.200E+00   22.16
  18   -17.0000     -10.769 0.4049   0.5001E+01  0.3145E-02 -0.5000E+01  0.0000E+00      -1  -0.200E+00   21.83
  19   -18.0000     -10.769 0.4049   0.5001E+01  0.3145E-02 -0.5000E+01  0.0000E+00      -1  -0.200E+00   21.53
  20   -19.0000     -10.769 0.4049   0.5001E+01  0.3145E-02 -0.5000E+01  0.0000E+00      -1  -0.200E+00   21.25
  21   -20.0000     -10.769 0.4049   0.5001E+01  0.3145E-02 -0.5000E+01  0.0000E+00      -1  -0.200E+00   20.99
  22   -21.0000     -10.768 0.4049   0.5001E+01  0.3145E-02 -0.5000E+01  0.0000E+00      -1  -0.200E+00   20.76
  23   -22.0000     -10.768 0.4049   0.5001E+01  0.3145E-02 -0.5000E+01  0.0000E+00      -1  -0.200E+00   20.55
  24   -23.0000     -10.768 0.4049   0.5001E+01  0.3145E-02 -0.5000E+01  0.0000E+00      -1  -0.200E+00   20.36
  25   -24.0000     -10.768 0.4049   0.5001E+01  0.3145E-02 -0.5001E+01  0.0000E+00      -1  -0.200E+00   20.20
  26   -25.0000     -10.768 0.4049   0.5001E+01  0.3145E-02 -0.5001E+01  0.0000E+00      -1  -0.200E+00   20.05
  27   -26.0000     -10.768 0.4049   0.5001E+01  0.3145E-02 -0.5001E+01  0.0000E+00      -1  -0.200E+00   19.92
  28   -27.0000     -10.768 0.4049   0.5001E+01  0.3145E-02 -0.5001E+01  0.0000E+00      -1  -0.200E+00   19.81
  29   -28.0000     -10.767 0.4049   0.5002E+01  0.3145E-02 -0.5001E+01  0.0000E+00      -1  -0.200E+00   19.71
  30   -29.0000     -10.767 0.4049   0.5002E+01  0.3145E-02 -0.5001E+01  0.0000E+00      -1  -0.200E+00   19.63
  31   -30.0000     -10.767 0.4049   0.5002E+01  0.3145E-02 -0.5001E+01  0.0000E+00      -1  -0.200E+00   19.57
  32   -31.0000     -10.767 0.4049   0.5002E+01  0.3145E-02 -0.5001E+01  0.0000E+00      -1  -0.200E+00   19.51
  33   -32.0000     -10.767 0.4049   0.5002E+01  0.3145E-02 -0.5001E+01  0.0000E+00      -1  -0.200E+00   19.47
  34   -33.0000     -10.766 0.4049   0.5002E+01  0.3144E-02 -0.5001E+01  0.0000E+00      -1  -0.200E+00   19.44
  35   -34.0000     -10.766 0.4049   0.5002E+01  0.3144E-02 -0.5001E+01  0.0000E+00      -1  -0.200E+00   19.42
  36   -35.0000     -10.766 0.4049   0.5002E+01  0.3144E-02 -0.5001E+01  0.0000E+00      -1  -0.200E+00   19.40
  37   -36.0000     -10.766 0.4049   0.5002E+01  0.3144E-02 -0.5001E+01  0.0000E+00      -1  -0.200E+00   19.40
  38   -37.0000     -10.766 0.4050   0.5003E+01  0.3144E-02 -0.5001E+01  0.0000E+00      -1  -0.200E+00   19.40
  39   -38.0000     -10.765 0.4050   0.5003E+01  0.3144E-02 -0.5001E+01  0.0000E+00      -1  -0.200E+00   19.40
  40   -39.0000     -10.765 0.4050   0.5003E+01  0.3144E-02 -0.5002E+01  0.0000E+00      -1  -0.200E+00   19.41
  41   -40.0000     -10.765 0.4050   0.5003E+01  0.3144E-02 -0.5002E+01  0.0000E+00      -1  -0.200E+00   19.42
  42   -41.0000     -10.764 0.4050   0.5003E+01  0.3144E-02 -0.5002E+01  0.0000E+00      -1  -0.200E+00   19.44
  43   -42.0000     -10.764 0.4050   0.5003E+01  0.3144E-02 -0.5002E+01  0.0000E+00      -1  -0.200E+00   19.46
  44   -43.0000     -10.764 0.4050   0.5004E+01  0.3144E-02 -0.5002E+01  0.0000E+00      -1  -0.200E+00   19.48
  45   -44.0000     -10.764 0.4050   0.5004E+01  0.3144E-02 -0.5002E+01  0.0000E+00      -1  -0.200E+00   19.50
  46   -45.0000     -10.763 0.4050   0.5004E+01  0.3144E-02 -0.5002E+01  0.0000E+00      -1  -0.200E+00   19.52
  47   -46.0000     -10.763 0.4050   0.5004E+01  0.3144E-02 -0.5002E+01  0.0000E+00      -1  -0.200E+00   19.55
  48   -47.0000     -10.763 0.4050   0.5004E+01  0.3144E-02 -0.5002E+01  0.0000E+00      -1  -0.200E+00   19.57
  49   -48.0000     -10.762 0.4050   0.5004E+01  0.3144E-02 -0.5003E+01  0.0000E+00      -1  -0.200E+00   19.60
  50   -49.0000     -10.762 0.4050   0.5005E+01  0.3144E-02 -0.5003E+01  0.0000E+00      -1  -0.200E+00   19.62
  51   -50.0000     -10.761 0.4050   0.5005E+01  0.3144E-02 -0.5003E+01  0.0000E+00      -1  -0.200E+00   19.65
  52   -51.0000     -10.761 0.4050   0.5005E+01  0.3144E-02 -0.5003E+01  0.0000E+00      -1  -0.200E+00   19.67
  53   -52.0000     -10.761 0.4050   0.5005E+01  0.3144E-02 -0.5003E+01  0.0000E+00      -1  -0.200E+00   19.69
  54   -53.0000     -10.760 0.4050   0.5006E+01  0.3144E-02 -0.5003E+01  0.0000E+00      -1  -0.200E+00   19.72
  55   -54.0000     -10.760 0.4050   0.5006E+01  0.3144E-02 -0.5004E+01  0.0000E+00      -1  -0.200E+00   19.74
  56   -55.0000     -10.759 0.4050   0.5006E+01  0.3144E-02 -0.5004E+01  0.0000E+00      -1  -0.200E+00   19.76
  57   -56.0000     -10.759 0.4050   0.5006E+01  0.3144E-02 -0.5004E+01  0.0000E+00      -1  -0.200E+00   19.78
  58   -57.0000     -10.758 0.4050   0.5006E+01  0.3144E-02 -0.5004E+01  0.0000E+00      -1  -0.200E+00   19.80
  59   -58.0000     -10.758 0.4050   0.5007E+01  0.3144E-02 -0.5004E+01  0.0000E+00      -1  -0.200E+00   19.81
  60   -59.0000     -10.758 0.4050   0.5007E+01  0.3144E-02 -0.5005E+01  0.0000E+00      -1  -0.201E+00   19.83
  61   -60.0000     -10.757 0.4050   0.5007E+01  0.3144E-02 -0.5005E+01  0.0000E+00      -1  -0.201E+00   19.85
  62   -61.0000     -10.757 0.4050   0.5008E+01  0.3144E-02 -0.5005E+01  0.0000E+00      -1  -0.201E+00   19.86
  63   -62.0000     -10.756 0.4050   0.5008E+01  0.3144E-02 -0.5005E+01  0.0000E+00      -1  -0.201E+00   19.87
  64   -63.0000     -10.755 0.4050   0.5008E+01  0.3144E-02 -0.5005E+01  0.0000E+00      -1  -0.201E+00   19.89
  65   -64.0000     -10.755 0.4050   0.5008E+01  0.3144E-02 -0.5006E+01  0.0000E+00      -1  -0.201E+00   19.90
  66   -65.0000     -10.754 0.4050   0.5009E+01  0.3144E-02 -0.5006E+01  0.0000E+00      -1  -0.201E+00   19.91
  67   -66.0000     -10.754 0.4050   0.5009E+01  0.3144E-02 -0.5006E+01  0.0000E+00      -1  -0.201E+00   19.92
  68   -67.0000     -10.753 0.4050   0.5009E+01  0.3144E-02 -0.5006E+01  0.0000E+00      -1  -0.201E+00   19.92
  69   -68.0000     -10.753 0.4050   0.5010E+01  0.3144E-02 -0.5007E+01  0.0000E+00      -1  -0.201E+00   19.93
  70   -69.0000     -10.752 0.4050   0.5010E+01  0.3144E-02 -0.5007E+01  0.0000E+00      -1  -0.201E+00   19.94
  71   -70.0000     -10.751 0.4050   0.5010E+01  0.3144E-02 -0.5007E+01  0.0000E+00      -1  -0.201E+00   19.95
  72   -71.0000     -10.751 0.4050   0.5011E+01  0.3144E-02 -0.5008E+01  0.0000E+00      -1  -0.201E+00   19.95
  73   -72.0000     -10.750 0.4050   0.5011E+01  0.3144E-02 -0.5008E+01  0.0000E+00      -1  -0.201E+00   19.96
  74   -73.0000     -10.750 0.4050   0.5011E+01  0.3144E-02 -0.5008E+01  0.0000E+00      -1  -0.201E+00   19.96
  75   -74.0000     -10.749 0.4050   0.5012E+01  0.3144E-02 -0.5009E+01  0.0000E+00      -1  -0.201E+00   19.97
  76   -75.0000     -10.748 0.4050   0.5012E+01  0.3144E-02 -0.5009E+01  0.0000E+00      -1  -0.201E+00   19.97
  77   -76.0000     -10.748 0.4050   0.5012E+01  0.3143E-02 -0.5009E+01  0.0000E+00      -1  -0.201E+00   19.97
  78   -77.0000     -10.747 0.4050   0.5013E+01  0.3143E-02 -0.5009E+01  0.0000E+00      -1  -0.201E+00   19.98
  79   -78.0000     -10.746 0.4050   0.5013E+01  0.3143E-02 -0.5010E+01  0.0000E+00      -1  -0.201E+00   19.98
  80   -79.0000     -10.746 0.4050   0.5013E+01  0.3143E-02 -0.5010E+01  0.0000E+00      -1  -0.201E+00   19.98
  81   -80.0000     -10.745 0.4050   0.5014E+01  0.3143E-02 -0.5011E+01  0.0000E+00      -1  -0.201E+00   19.98
  82   -81.0000     -10.745 0.4050   0.5014E+01  0.3143E-02 -0.5011E+01  0.0000E+00      -1  -0.201E+00   19.99
  83   -82.0000     -10.744 0.4050   0.5014E+01  0.3143E-02 -0.5011E+01  0.0000E+00      -1  -0.201E+00   19.99
  84   -83.0000     -10.743 0.4050   0.5015E+01  0.3143E-02 -0.5012E+01  0.0000E+00      -1  -0.201E+00   19.99
  85   -84.0000     -10.743 0.4050   0.5015E+01  0.3143E-02 -0.5012E+01  0.0000E+00      -1  -0.201E+00   19.99
  86   -85.0000     -10.742 0.4050   0.5015E+01  0.3143E-02 -0.5012E+01  0.0000E+00      -1  -0.201E+00   19.99
  87   -86.0000     -10.741 0.4050   0.5016E+01  0.3143E-02 -0.5013E+01  0.0000E+00      -1  -0.201E+00   19.99
  88   -87.0000     -10.741 0.4050   0.5016E+01  0.3143E-02 -0.5013E+01  0.0000E+00      -1  -0.201E+00   19.99
  89   -88.0000     -10.740 0.4050   0.5016E+01  0.3143E-02 -0.5014E+01  0.0000E+00      -1  -0.201E+00   20.00
  90   -89.0000     -10.740 0.4050   0.5017E+01  0.3143E-02 -0.5014E+01  0.0000E+00      -1  -0.201E+00   20.00
  91   -90.0000     -10.739 0.4050   0.5017E+01  0.3143E-02 -0.5014E+01  0.0000E+00      -1  -0.201E+00   20.00
  92   -91.0000     -10.739 0.4050   0.5017E+01  0.3143E-02 -0.5015E+01  0.0000E+00      -1  -0.201E+00   20.00
  93   -92.0000     -10.738 0.4050   0.5018E+01  0.3143E-02 -0.5015E+01  0.0000E+00      -1  -0.201E+00   20.00
  94   -93.0000     -10.738 0.4050   0.5018E+01  0.3143E-02 -0.5016E+01  0.0000E+00      -1  -0.201E+00   20.00
  95   -94.0000     -10.737 0.4050   0.5018E+01  0.3143E-02 -0.5016E+01  0.0000E+00      -1  -0.201E+00   20.00
  96   -95.0000     -10.737 0.4050   0.5018E+01  0.3143E-02 -0.5017E+01  0.0000E+00      -1  -0.201E+00   20.00
  97   -96.0000     -10.737 0.4050   0.5018E+01  0.3143E-02 -0.5017E+01  0.0000E+00      -1  -0.201E+00   20.00
  98   -97.0000     -10.736 0.4050   0.5019E+01  0.3143E-02 -0.5017E+01  0.0000E+00      -1  -0.201E+00   20.00
  99   -98.0000     -10.736 0.4050   0.5019E+01  0.3143E-02 -0.5018E+01  0.0000E+00      -1  -0.201E+00   20.00
 100   -99.0000     -10.736 0.4050   0.5019E+01  0.3143E-02 -0.5018E+01  0.0000E+00      -1  -0.201E+00   20.00
 101  -100.0000     -10.736 0.4050   0.5019E+01  0.3143E-02 -0.5018E+01  0.0000E+00      -1  -0.201E+00   20.00
end


 Time:        0.7500


 Node      Depth      Head Moisture       K          C         Flux        Sink         Kappa   v/KsTop   Temp
           [L]        [L]    [-]        [L/T]      [1/L]      [L/T]        [1/T]         [-]      [-]      [C]

   1     0.0000     -10.770 0.4049   0.5000E+01  0.3145E-02 -0.5000E+01  0.0000E+00      -1  -0.200E+00   22.59
   2    -1.0000     -10.770 0.4049   0.5000E+01  0.3145E-02 -0.5000E+01  0.0000E+00      -1  -0.200E+00   23.13
   3    -2.0000     -10.770 0.4049   0.5000E+01  0.3145E-02 -0.5000E+01  0.0000E+00      -1  -0.200E+00   23.56
   4    -3.0000     -10.770 0.4049   0.5000E+01  0.3145E-02 -0.5000E+01  0.0000E+00      -1  -0.200E+00   23.89
   5    -4.0000     -10.770 0.4049   0.5000E+01  0.3145E-02 -0.5000E+01  0.0000E+00      -1  -0.200E+00   24.13
   6    -5.0000     -10.770 0.4049   0.5000E+01  0.3145E-02 -0.5000E+01  0.0000E+00      -1  -0.200E+00   24.29
   7    -6.0000     -10.770 0.4049   0.5000E+01  0.3145E-02 -0.5000E+01  0.0000E+00      -1  -0.200E+00   24.38
   8    -7.0000     -10.770 0.4049   0.5000E+01  0.3145E-02 -0.5000E+01  0.0000E+00      -1  -0.200E+00   24.41
   9    -8.0000     -10.770 0.4049   0.5000E+01  0.3145E-02 -0.5000E+01  0.0000E+00      -1  -0.200E+00   24.38
  10    -9.0000     -10.770 0.4049   0.5000E+01  0.3145E-02 -0.5000E+01  0.0000E+00      -1  -0.200E+00   24.31
  11   -10.0000     -10.770 0.4049   0.5000E+01  0.3145E-02 -0.5000E+01  0.0000E+00      -1  -0.200E+00   24.20
  12   -11.0000     -10.770 0.4049   0.5000E+01  0.3145E-02 -0.5000E+01  0.0000E+00      -1  -0.200E+00   24.05
  13   -12.0000     -10.770 0.4049   0.5000E+01  0.3145E-02 -0.5000E+01  0.0000E+00      -1  -0.200E+00   23.88
  14   -13.0000     -10.770 0.4049   0.5000E+01  0.3145E-02 -0.5000E+01  0.0000E+00      -1  -0.200E+00   23.69
  15   -14.0000     -10.770 0.4049   0.5000E+01  0.3145E-02 -0.5000E+01  0.0000E+00      -1  -0.200E+00   23.48
  16   -15.0000     -10.770 0.4049   0.5000E+01  0.3145E-02 -0.5000E+01  0.0000E+00      -1  -0.200E+00   23.26
  17   -16.0000     -10.770 0.4049   0.5000E+01  0.3145E-02 -0.5000E+01  0.0000E+00      -1  -0.200E+00   23.04
  18   -17.0000     -10.770 0.4049   0.5000E+01  0.3145E-02 -0.5000E+01  0.0000E+00      -1  -0.200E+00   22.81
  19   -18.0000     -10.770 0.4049   0.5000E+01  0.3145E-02 -0.5000E+01  0.0000E+00      -1  -0.200E+00   22.58
  20   -19.0000     -10.770 0.4049   0.5000E+01  0.3145E-02 -0.5000E+01  0.0000E+00      -1  -0.200E+00   22.35
  21   -20.0000     -10.769 0.4049   0.5000E+01  0.3145E-02 -0.5000E+01  0.0000E+00      -1  -0.200E+00   22.12
  22   -21.0000     -10.769 0.4049   0.5000E+01  0.3145E-02 -0.5000E+01  0.0000E+00      -1  -0.200E+00   21.90
  23   -22.0000     -10.769 0.4049   0.5001E+01  0.3145E-02 -0.5000E+01  0.0000E+00      -1  -0.200E+00   21.69
  24   -23.0000     -10.769 0.4049   0.5001E+01  0.3145E-02 -0.5000E+01  0.0000E+00      -1  -0.200E+00   21.49
  25   -24.0000     -10.769 0.4049   0.5001E+01  0.3145E-02 -0.5000E+01  0.0000E+00      -1  -0.200E+00   21.30
  26   -25.0000     -10.769 0.4049   0.5001E+01  0.3145E-02 -0.5000E+01  0.0000E+00      -1  -0.200E+00   21.12
  27   -26.0000     -10.769 0.4049   0.5001E+01  0.3145E-02 -0.5000E+01  0.0000E+00      -1  -0.200E+00   20.95
  28   -27.0000     -10.769 0.4049   0.5001E+01  0.3145E-02 -0.5000E+01  0.0000E+00      -1  -0.200E+00   20.79
  29   -28.0000     -10.769 0.4049   0.5001E+01  0.3145E-02 -0.5000E+01  0.0000E+00      -1  -0.200E+00   20.65
  30   -29.0000     -10.769 0.4049   0.5001E+01  0.3145E-02 -0.5000E+01  0.0000E+00      -1  -0.200E+00   20.51
  31   -30.0000     -10.769 0.4049   0.5001E+01  0.3145E-02 -0.5000E+01  0.0000E+00      -1  -0.200E+00   20.39
  32   -31.0000     -10.769 0.4049   0.5001E+01  0.3145E-02 -0.5000E+01  0.0000E+00      -1  -0.200E+00   20.28
  33   -32.0000     -10.769 0.4049   0.5001E+01  0.3145E-02 -0.5000E+01  0.0000E+00      -1  -0.200E+00   20.18
  34   -33.0000     -10.768 0.4049   0.5001E+01  0.3145E-02 -0.5000E+01  0.0000E+00      -1  -0.200E+00   20.09
  35   -34.0000     -10.768 0.4049   0.5001E+01  0.3145E-02 -0.5001E+01  0.0000E+00      -1  -0.200E+00   20.01
  36   -35.0000     -10.768 0.4049   0.5001E+01  0.3145E-02 -0.5001E+01  0.0000E+00      -1  -0.200E+00   19.94
  37   -36.0000     -10.768 0.4049   0.5001E+01  0.3145E-02 -0.5001E+01  0.0000E+00      -1  -0.200E+00   19.88
  38   -37.0000     -10.768 0.4049   0.5001E+01  0.3145E-02 -0.5001E+01  0.0000E+00      -1  -0.200E+00   19.83
  39   -38.0000     -10.768 0.4049   0.5001E+01  0.3145E-02 -0.5001E+01  0.0000E+00      -1  -0.200E+00   19.78
  40   -39.0000     -10.768 0.4049   0.5001E+01  0.3145E-02 -0.5001E+01  0.0000E+00      -1  -0.200E+00   19.74
  41   -40.0000     -10.768 0.4049   0.5001E+01  0.3145E-02 -0.5001E+01  0.0000E+00      -1  -0.200E+00   19.71
  42   -41.0000     -10.767 0.4049   0.5002E+01  0.3145E-02 -0.5001E+01  0.0000E+00      -1  -0.200E+00   19.69
  43   -42.0000     -10.767 0.4049   0.5002E+01  0.3145E-02 -0.5001E+01  0.0000E+00      -1  -0.200E+00   19.67
  44   -43.0000     -10.767 0.4049   0.5002E+01  0.3145E-02 -0.5001E+01  0.0000E+00      -1  -0.200E+00   19.66
  45   -44.0000     -10.767 0.4049   0.5002E+01  0.3145E-02 -0.5001E+01  0.0000E+00      -1  -0.200E+00   19.65
  46   -45.0000     -10.767 0.4049   0.5002E+01  0.3145E-02 -0.5001E+01  0.0000E+00      -1  -0.200E+00   19.64
  47   -46.0000     -10.767 0.4049   0.5002E+01  0.3144E-02 -0.5001E+01  0.0000E+00      -1  -0.200E+00   19.64
  48   -47.0000     -10.766 0.4049   0.5002E+01  0.3144E-02 -0.5001E+01  0.0000E+00      -1  -0.200E+00   19.64
  49   -48.0000     -10.766 0.4049   0.5002E+01  0.3144E-02 -0.5001E+01  0.0000E+00      -1  -0.200E+00   19.65
  50   -49.0000     -10.766 0.4049   0.5002E+01  0.3144E-02 -0.5001E+01  0.0000E+00      -1  -0.200E+00   19.65
  51   -50.0000     -10.766 0.4049   0.5002E+01  0.3144E-02 -0.5001E+01  0.0000E+00      -1  -0.200E+00   19.66
  52   -51.0000     -10.766 0.4049   0.5003E+01  0.3144E-02 -0.5001E+01  0.0000E+00      -1  -0.200E+00   19.67
  53   -52.0000     -10.765 0.4050   0.5003E+01  0.3144E-02 -0.5002E+01  0.0000E+00      -1  -0.200E+00   19.68
  54   -53.0000     -10.765 0.4050   0.5003E+01  0.3144E-02 -0.5002E+01  0.0000E+00      -1  -0.200E+00   19.69
  55   -54.0000     -10.765 0.4050   0.5003E+01  0.3144E-02 -0.5002E+01  0.0000E+00      -1  -0.200E+00   19.71
  56   -55.0000     -10.765 0.4050   0.5003E+01  0.3144E-02 -0.5002E+01  0.0000E+00      -1  -0.200E+00   19.72
  57   -56.0000     -10.764 0.4050   0.5003E+01  0.3144E-02 -0.5002E+01  0.0000E+00      -1  -0.200E+00   19.73
  58   -57.0000     -10.764 0.4050   0.5003E+01  0.3144E-02 -0.5002E+01  0.0000E+00      -1  -0.200E+00   19.75
  59   -58.0000     -10.764 0.4050   0.5004E+01  0.3144E-02 -0.5002E+01  0.0000E+00      -1  -0.200E+00   19.76
  60   -59.0000     -10.764 0.4050   0.5004E+01  0.3144E-02 -0.5002E+01  0.0000E+00      -1  -0.200E+00   19.78
  61   -60.0000     -10.763 0.4050   0.5004E+01  0.3144E-02 -0.5002E+01  0.0000E+00      -1  -0.200E+00   19.79
  62   -61.0000     -10.763 0.4050   0.5004E+01  0.3144E-02 -0.5002E+01  0.0000E+00      -1  -0.200E+00   19.80
  63   -62.0000     -10.763 0.4050   0.5004E+01  0.3144E-02 -0.5003E+01  0.0000E+00      -1  -0.200E+00   19.82
  64   -63.0000     -10.762 0.4050   0.5004E+01  0.3144E-02 -0.5003E+01  0.0000E+00      -1  -0.200E+00   19.83
  65   -64.0000     -10.762 0.4050   0.5004E+01  0.3144E-02 -0.5003E+01  0.0000E+00      -1  -0.200E+00   19.84
  66   -65.0000     -10.762 0.4050   0.5005E+01  0.3144E-02 -0.5003E+01  0.0000E+00      -1  -0.200E+00   19.85
  67   -66.0000     -10.762 0.4050   0.5005E+01  0.3144E-02 -0.5003E+01  0.0000E+00      -1  -0.200E+00   19.86
  68   -67.0000     -10.761 0.4050   0.5005E+01  0.3144E-02 -0.5003E+01  0.0000E+00      -1  -0.200E+00   19.88
  69   -68.0000     -10.761 0.4050   0.5005E+01  0.3144E-02 -0.5003E+01  0.0000E+00      -1  -0.200E+00   19.89
  70   -69.0000     -10.760 0.4050   0.5005E+01  0.3144E-02 -0.5004E+01  0.0000E+00      -1  -0.200E+00   19.89
  71   -70.0000     -10.760 0.4050   0.5006E+01  0.3144E-02 -0.5004E+01  0.0000E+00      -1  -0.200E+00   19.90
  72   -71.0000     -10.760 0.4050   0.5006E+01  0.3144E-02 -0.5004E+01  0.0000E+00      -1  -0.200E+00   19.91
  73   -72.0000     -10.759 0.4050   0.5006E+01  0.3144E-02 -0.5004E+01  0.0000E+00      -1  -0.200E+00   19.92
  74   -73.0000     -10.759 0.4050   0.5006E+01  0.3144E-02 -0.5004E+01  0.0000E+00      -1  -0.200E+00   19.93
  75   -74.0000     -10.759 0.4050   0.5006E+01  0.3144E-02 -0.5004E+01  0.0000E+00      -1  -0.201E+00   19.93
  76   -75.0000     -10.758 0.4050   0.5007E+01  0.3144E-02 -0.5005E+01  0.0000E+00      -1  -0.201E+00   19.94
  77   -76.0000     -10.758 0.4050   0.5007E+01  0.3144E-02 -0.5005E+01  0.0000E+00      -1  -0.201E+00   19.95
  78   -77.0000     -10.757 0.4050   0.5007E+01  0.3144E-02 -0.5005E+01  0.0000E+00      -1  -0.201E+00   19.95
  79   -78.0000     -10.757 0.4050   0.5007E+01  0.3144E-02 -0.5005E+01  0.0000E+00      -1  -0.201E+00   19.96
  80   -79.0000     -10.757 0.4050   0.5007E+01  0.3144E-02 -0.5005E+01  0.0000E+00      -1  -0.201E+00   19.96
  81   -80.0000     -10.756 0.4050   0.5008E+01  0.3144E-02 -0.5006E+01  0.0000E+00      -1  -0.201E+00   19.96
  82   -81.0000     -10.756 0.4050   0.5008E+01  0.3144E-02 -0.5006E+01  0.0000E+00      -1  -0.201E+00   19.97
  83   -82.0000     -10.755 0.4050   0.5008E+01  0.3144E-02 -0.5006E+01  0.0000E+00      -1  -0.201E+00   19.97
  84   -83.0000     -10.755 0.4050   0.5008E+01  0.3144E-02 -0.5006E+01  0.0000E+00      -1  -0.201E+00   19.97
  85   -84.0000     -10.755 0.4050   0.5009E+01  0.3144E-02 -0.5007E+01  0.0000E+00      -1  -0.201E+00   19.98
  86   -85.0000     -10.754 0.4050   0.5009E+01  0.3144E-02 -0.5007E+01  0.0000E+00      -1  -0.201E+00   19.98
  87   -86.0000     -10.754 0.4050   0.5009E+01  0.3144E-02 -0.5007E+01  0.0000E+00      -1  -0.201E+00   19.98
  88   -87.0000     -10.753 0.4050   0.5009E+01  0.3144E-02 -0.5007E+01  0.0000E+00      -1  -0.201E+00   19.98
  89   -88.0000     -10.753 0.4050   0.5009E+01  0.3144E-02 -0.5008E+01  0.0000E+00      -1  -0.201E+00   19.99
  90   -89.0000     -10.753 0.4050   0.5010E+01  0.3144E-02 -0.5008E+01  0.0000E+00      -1  -0.201E+00   19.99
  91   -90.0000     -10.752 0.4050   0.5010E+01  0.3144E-02 -0.5008E+01  0.0000E+00      -1  -0.201E+00   19.99
  92   -91.0000     -10.752 0.4050   0.5010E+01  0.3144E-02 -0.5008E+01  0.0000E+00      -1  -0.201E+00   19.99
  93   -92.0000     -10.752 0.4050   0.5010E+01  0.3144E-02 -0.5009E+01  0.0000E+00      -1  -0.201E+00   19.99
  94   -93.0000     -10.751 0.4050   0.5010E+01  0.3144E-02 -0.5009E+01  0.0000E+00      -1  -0.201E+00   19.99
  95   -94.0000     -10.751 0.4050   0.5010E+01  0.3144E-02 -0.5009E+01  0.0000E+00      -1  -0.201E+00   19.99
  96   -95.0000     -10.751 0.4050   0.5011E+01  0.3144E-02 -0.5009E+01  0.0000E+00      -1  -0.201E+00   19.99
  97   -96.0000     -10.751 0.4050   0.5011E+01  0.3144E-02 -0.5010E+01  0.0000E+00      -1  -0.201E+00   19.99
  98   -97.0000     -10.751 0.4050   0.5011E+01  0.3144E-02 -0.5010E+01  0.0000E+00      -1  -0.201E+00   19.99
  99   -98.0000     -10.750 0.4050   0.5011E+01  0.3144E-02 -0.5010E+01  0.0000E+00      -1  -0.201E+00   19.99
 100   -99.0000     -10.750 0.4050   0.5011E+01  0.3144E-02 -0.5011E+01  0.0000E+00      -1  -0.201E+00   19.99
 101  -100.0000     -10.750 0.4050   0.5011E+01  0.3144E-02 -0.5011E+01  0.0000E+00      -1  -0.201E+00   19.99
end


 Time:        0.8750


 Node      Depth      Head Moisture       K          C         Flux        Sink         Kappa   v/KsTop   Temp
           [L]        [L]    [-]        [L/T]      [1/L]      [L/T]        [1/T]         [-]      [-]      [C]

   1     0.0000     -10.770 0.4049   0.5000E+01  0.3145E-02 -0.5000E+01  0.0000E+00      -1  -0.200E+00   15.00
   2    -1.0000     -10.770 0.4049   0.5000E+01  0.3145E-02 -0.5000E+01  0.0000E+00      -1  -0.200E+00   16.03
   3    -2.0000     -10.770 0.4049   0.5000E+01  0.3145E-02 -0.5000E+01  0.0000E+00      -1  -0.200E+00   16.97
   4    -3.0000     -10.770 0.4049   0.5000E+01  0.3145E-02 -0.5000E+01  0.0000E+00      -1  -0.200E+00   17.81
   5    -4.0000     -10.770 0.4049   0.5000E+01  0.3145E-02 -0.5000E+01  0.0000E+00      -1  -0.200E+00   18.55
   6    -5.0000     -10.770 0.4049   0.5000E+01  0.3145E-02 -0.5000E+01  0.0000E+00      -1  -0.200E+00   19.22
   7    -6.0000     -10.770 0.4049   0.5000E+01  0.3145E-02 -0.5000E+01  0.0000E+00      -1  -0.200E+00   19.79
   8    -7.0000     -10.770 0.4049   0.5000E+01  0.3145E-02 -0.5000E+01  0.0000E+00      -1  -0.200E+00   20.30
   9    -8.0000     -10.770 0.4049   0.5000E+01  0.3145E-02 -0.5000E+01  0.0000E+00      -1  -0.200E+00   20.72
  10    -9.0000     -10.770 0.4049   0.5000E+01  0.3145E-02 -0.5000E+01  0.0000E+00      -1  -0.200E+00   21.08
  11   -10.0000     -10.770 0.4049   0.5000E+01  0.3145E-02 -0.5000E+01  0.0000E+00      -1  -0.200E+00   21.38
  12   -11.0000     -10.770 0.4049   0.5000E+01  0.3145E-02 -0.5000E+01  0.0000E+00      -1  -0.200E+00   21.62
  13   -12.0000     -10.770 0.4049   0.5000E+01  0.3145E-02 -0.5000E+01  0.0000E+00      -1  -0.200E+00   21.81
  14   -13.0000     -10.770 0.4049   0.5000E+01  0.3145E-02 -0.5000E+01  0.0000E+00      -1  -0.200E+00   21.95
  15   -14.0000     -10.770 0.4049   0.5000E+01  0.3145E-02 -0.5000E+01  0.0000E+00      -1  -0.200E+00   22.05
  16   -15.0000     -10.770 0.4049   0.5000E+01  0.3145E-02 -0.5000E+01  0.0000E+00      -1  -0.200E+00   22.11
  17   -16.0000     -10.770 0.4049   0.5000E+01  0.3145E-02 -0.5000E+01  0.0000E+00      -1  -0.200E+00   22.14
  18   -17.0000     -10.770 0.4049   0.5000E+01  0.3145E-02 -0.5000E+01  0.0000E+00      -1  -0.200E+00   22.14
  19   -18.0000     -10.770 0.4049   0.5000E+01  0.3145E-02 -0.5000E+01  0.0000E+00      -1  -0.200E+00   22.12
  20   -19.0000     -10.770 0.4049   0.5000E+01  0.3145E-02 -0.5000E+01  0.0000E+00      -1  -0.200E+00   22.07
  21   -20.0000     -10.770 0.4049   0.5000E+01  0.3145E-02 -0.5000E+01  0.0000E+00      -1  -0.200E+00   22.01
  22   -21.0000     -10.770 0.4049   0.5000E+01  0.3145E-02 -0.5000E+01  0.0000E+00      -1  -0.200E+00   21.93
  23   -22.0000     -10.770 0.4049   0.5000E+01  0.3145E-02 -0.5000E+01  0.0000E+00      -1  -0.200E+00   21.84
  24   -23.0000     -10.770 0.4049   0.5000E+01  0.3145E-02 -0.5000E+01  0.0000E+00      -1  -0.200E+00   21.74
  25   -24.0000     -10.770 0.4049   0.5000E+01  0.3145E-02 -0.5000E+01  0.0000E+00      -1  -0.200E+00   21.63
  26   -25.0000     -10.770 0.4049   0.5000E+01  0.3145E-02 -0.5000E+01  0.0000E+00      -1  -0.200E+00   21.52
  27   -26.0000     -10.770 0.4049   0.5000E+01  0.3145E-02 -0.5000E+01  0.0000E+00      -1  -0.200E+00   21.41
  28   -27.0000     -10.770 0.4049   0.5000E+01  0.3145E-02 -0.5000E+01  0.0000E+00      -1  -0.200E+00   21.29
  29   -28.0000     -10.770 0.4049   0.5000E+01  0.3145E-02 -0.5000E+01  0.0000E+00      -1  -0.200E+00   21.18
  30   -29.0000     -10.770 0.4049   0.5000E+01  0.3145E-02 -0.5000E+01  0.0000E+00      -1  -0.200E+00   21.07
  31   -30.0000     -10.770 0.4049   0.5000E+01  0.3145E-02 -0.5000E+01  0.0000E+00      -1  -0.200E+00   20.96
  32   -31.0000     -10.770 0.4049   0.5000E+01  0.3145E-02 -0.5000E+01  0.0000E+00      -1  -0.200E+00   20.85
  33   -32.0000     -10.769 0.4049   0.5000E+01  0.3145E-02 -0.5000E+01  0.0000E+00      -1  -0.200E+00   20.75
  34   -33.0000     -10.769 0.4049   0.5000E+01  0.3145E-02 -0.5000E+01  0.0000E+00      -1  -0.200E+00   20.65
  35   -34.0000     -10.769 0.4049   0.5001E+01  0.3145E-02 -0.5000E+01  0.0000E+00      -1  -0.200E+00   20.55
  36   -35.0000     -10.769 0.4049   0.5001E+01  0.3145E-02 -0.5000E+01  0.0000E+00      -1  -0.200E+00   20.47
  37   -36.0000     -10.769 0.4049   0.5001E+01  0.3145E-02 -0.5000E+01  0.0000E+00      -1  -0.200E+00   20.38
  38   -37.0000     -10.769 0.4049   0.5001E+01  0.3145E-02 -0.5000E+01  0.0000E+00      -1  -0.200E+00   20.31
  39   -38.0000     -10.769 0.4049   0.5001E+01  0.3145E-02 -0.5000E+01  0.0000E+00      -1  -0.200E+00   20.24
  40   -39.0000     -10.769 0.4049   0.5001E+01  0.3145E-02 -0.5000E+01  0.0000E+00      -1  -0.200E+00   20.17
  41   -40.0000     -10.769 0.4049   0.5001E+01  0.3145E-02 -0.5000E+01  0.0000E+00      -1  -0.200E+00   20.12
  42   -41.0000     -10.769 0.4049   0.5001E+01  0.3145E-02 -0.5000E+01  0.0000E+00      -1  -0.200E+00   20.06
  43   -42.0000     -10.769 0.4049   0.5001E+01  0.3145E-02 -0.5000E+01  0.0000E+00      -1  -0.200E+00   20.01
  44   -43.0000     -10.769 0.4049   0.5001E+01  0.3145E-02 -0.5000E+01  0.0000E+00      -1  -0.200E+00   19.97
  45   -44.0000     -10.769 0.4049   0.5001E+01  0.3145E-02 -0.5000E+01  0.0000E+00      -1  -0.200E+00   19.94
  46   -45.0000     -10.769 0.4049   0.5001E+01  0.3145E-02 -0.5001E+01  0.0000E+00      -1  -0.200E+00   19.90
  47   -46.0000     -10.768 0.4049   0.5001E+01  0.3145E-02 -0.5001E+01  0.0000E+00      -1  -0.200E+00   19.87
  48   -47.0000     -10.768 0.4049   0.5001E+01  0.3145E-02 -0.5001E+01  0.0000E+00      -1  -0.200E+00   19.85
  49   -48.0000     -10.768 0.4049   0.5001E+01  0.3145E-02 -0.5001E+01  0.0000E+00      -1  -0.200E+00   19.83
  50   -49.0000     -10.768 0.4049   0.5001E+01  0.3145E-02 -0.5001E+01  0.0000E+00      -1  -0.200E+00   19.81
  51   -50.0000     -10.768 0.4049   0.5001E+01  0.3145E-02 -0.5001E+01  0.0000E+00      -1  -0.200E+00   19.80
  52   -51.0000     -10.768 0.4049   0.5001E+01  0.3145E-02 -0.5001E+01  0.0000E+00      -1  -0.200E+00   19.79
  53   -52.0000     -10.768 0.4049   0.5001E+01  0.3145E-02 -0.5001E+01  0.0000E+00      -1  -0.200E+00   19.78
  54   -53.0000     -10.768 0.4049   0.5001E+01  0.3145E-02 -0.5001E+01  0.0000E+00      -1  -0.200E+00   19.78
  55   -54.0000     -10.768 0.4049   0.5002E+01  0.3145E-02 -0.5001E+01  0.0000E+00      -1  -0.200E+00   19.78
  56   -55.0000     -10.767 0.4049   0.5002E+01  0.3145E-02 -0.5001E+01  0.0000E+00      -1  -0.200E+00   19.78
  57   -56.0000     -10.767 0.4049   0.5002E+01  0.3145E-02 -0.5001E+01  0.0000E+00      -1  -0.200E+00   19.78
  58   -57.0000     -10.767 0.4049   0.5002E+01  0.3145E-02 -0.5001E+01  0.0000E+00      -1  -0.200E+00   19.78
  59   -58.0000     -10.767 0.4049   0.5002E+01  0.3145E-02 -0.5001E+01  0.0000E+00      -1  -0.200E+00   19.78
  60   -59.0000     -10.767 0.4049   0.5002E+01  0.3145E-02 -0.5001E+01  0.0000E+00      -1  -0.200E+00   19.79
  61   -60.0000     -10.767 0.4049   0.5002E+01  0.3145E-02 -0.5001E+01  0.0000E+00      -1  -0.200E+00   19.79
  62   -61.0000     -10.767 0.4049   0.5002E+01  0.3144E-02 -0.5001E+01  0.0000E+00      -1  -0.200E+00   19.80
  63   -62.0000     -10.766 0.4049   0.5002E+01  0.3144E-02 -0.5001E+01  0.0000E+00      -1  -0.200E+00   19.81
  64   -63.0000     -10.766 0.4049   0.5002E+01  0.3144E-02 -0.5001E+01  0.0000E+00      -1  -0.200E+00   19.82
  65   -64.0000     -10.766 0.4049   0.5002E+01  0.3144E-02 -0.5001E+01  0.0000E+00      -1  -0.200E+00   19.82
  66   -65.0000     -10.766 0.4049   0.5002E+01  0.3144E-02 -0.5002E+01  0.0000E+00      -1  -0.200E+00   19.83
  67   -66.0000     -10.766 0.4049   0.5003E+01  0.3144E-02 -0.5002E+01  0.0000E+00      -1  -0.200E+00   19.84
  68   -67.0000     -10.766 0.4050   0.5003E+01  0.3144E-02 -0.5002E+01  0.0000E+00      -1  -0.200E+00   19.85
  69   -68.0000     -10.765 0.4050   0.5003E+01  0.3144E-02 -0.5002E+01  0.0000E+00      -1  -0.200E+00   19.86
  70   -69.0000     -10.765 0.4050   0.5003E+01  0.3144E-02 -0.5002E+01  0.0000E+00      -1  -0.200E+00   19.86
  71   -70.0000     -10.765 0.4050   0.5003E+01  0.3144E-02 -0.5002E+01  0.0000E+00      -1  -0.200E+00   19.87
  72   -71.0000     -10.765 0.4050   0.5003E+01  0.3144E-02 -0.5002E+01  0.0000E+00      -1  -0.200E+00   19.88
  73   -72.0000     -10.765 0.4050   0.5003E+01  0.3144E-02 -0.5002E+01  0.0000E+00      -1  -0.200E+00   19.89
  74   -73.0000     -10.764 0.4050   0.5003E+01  0.3144E-02 -0.5002E+01  0.0000E+00      -1  -0.200E+00   19.90
  75   -74.0000     -10.764 0.4050   0.5003E+01  0.3144E-02 -0.5002E+01  0.0000E+00      -1  -0.200E+00   19.90
  76   -75.0000     -10.764 0.4050   0.5004E+01  0.3144E-02 -0.5002E+01  0.0000E+00      -1  -0.200E+00   19.91
  77   -76.0000     -10.764 0.4050   0.5004E+01  0.3144E-02 -0.5003E+01  0.0000E+00      -1  -0.200E+00   19.92
  78   -77.0000     -10.763 0.4050   0.5004E+01  0.3144E-02 -0.5003E+01  0.0000E+00      -1  -0.200E+00   19.92
  79   -78.0000     -10.763 0.4050   0.5004E+01  0.3144E-02 -0.5003E+01  0.0000E+00      -1  -0.200E+00   19.93
  80   -79.0000     -10.763 0.4050   0.5004E+01  0.3144E-02 -0.5003E+01  0.0000E+00      -1  -0.200E+00   19.93
  81   -80.0000     -10.763 0.4050   0.5004E+01  0.3144E-02 -0.5003E+01  0.0000E+00      -1  -0.200E+00   19.94
  82   -81.0000     -10.762 0.4050   0.5004E+01  0.3144E-02 -0.5003E+01  0.0000E+00      -1  -0.200E+00   19.94
  83   -82.0000     -10.762 0.4050   0.5004E+01  0.3144E-02 -0.5003E+01  0.0000E+00      -1  -0.200E+00   19.95
  84   -83.0000     -10.762 0.4050   0.5005E+01  0.3144E-02 -0.5003E+01  0.0000E+00      -1  -0.200E+00   19.95
  85   -84.0000     -10.762 0.4050   0.5005E+01  0.3144E-02 -0.5004E+01  0.0000E+00      -1  -0.200E+00   19.96
  86   -85.0000     -10.762 0.4050   0.5005E+01  0.3144E-02 -0.5004E+01  0.0000E+00      -1  -0.200E+00   19.96
  87   -86.0000     -10.761 0.4050   0.5005E+01  0.3144E-02 -0.5004E+01  0.0000E+00      -1  -0.200E+00   19.96
  88   -87.0000     -10.761 0.4050   0.5005E+01  0.3144E-02 -0.5004E+01  0.0000E+00      -1  -0.200E+00   19.97
  89   -88.0000     -10.761 0.4050   0.5005E+01  0.3144E-02 -0.5004E+01  0.0000E+00      -1  -0.200E+00   19.97
  90   -89.0000     -10.761 0.4050   0.5005E+01  0.3144E-02 -0.5004E+01  0.0000E+00      -1  -0.200E+00   19.97
  91   -90.0000     -10.760 0.4050   0.5005E+01  0.3144E-02 -0.5004E+01  0.0000E+00      -1  -0.200E+00   19.97
  92   -91.0000     -10.760 0.4050   0.5006E+01  0.3144E-02 -0.5005E+01  0.0000E+00      -1  -0.201E+00   19.98
  93   -92.0000     -10.760 0.4050   0.5006E+01  0.3144E-02 -0.5005E+01  0.0000E+00      -1  -0.201E+00   19.98
  94   -93.0000     -10.760 0.4050   0.5006E+01  0.3144E-02 -0.5005E+01  0.0000E+00      -1  -0.201E+00   19.98
  95   -94.0000     -10.760 0.4050   0.5006E+01  0.3144E-02 -0.5005E+01  0.0000E+00      -1  -0.201E+00   19.98
  96   -95.0000     -10.760 0.4050   0.5006E+01  0.3144E-02 -0.5005E+01  0.0000E+00      -1  -0.201E+00   19.98
  97   -96.0000     -10.759 0.4050   0.5006E+01  0.3144E-02 -0.5005E+01  0.0000E+00      -1  -0.201E+00   19.98
  98   -97.0000     -10.759 0.4050   0.5006E+01  0.3144E-02 -0.5006E+01  0.0000E+00      -1  -0.201E+00   19.98
  99   -98.0000     -10.759 0.4050   0.5006E+01  0.3144E-02 -0.5006E+01  0.0000E+00      -1  -0.201E+00   19.98
 100   -99.0000     -10.759 0.4050   0.5006E+01  0.3144E-02 -0.5006E+01  0.0000E+00      -1  -0.201E+00   19.98
 101  -100.0000     -10.759 0.4050   0.5006E+01  0.3144E-02 -0.5006E+01  0.0000E+00      -1  -0.201E+00   19.98
end


 Time:        1.0000


 Node      Depth      Head Moisture       K          C         Flux        Sink         Kappa   v/KsTop   Temp
           [L]        [L]    [-]        [L/T]      [1/L]      [L/T]        [1/T]         [-]      [-]      [C]

   1     0.0000     -10.770 0.4049   0.5000E+01  0.3145E-02 -0.5000E+01  0.0000E+00      -1  -0.200E+00   10.34
   2    -1.0000     -10.770 0.4049   0.5000E+01  0.3145E-02 -0.5000E+01  0.0000E+00      -1  -0.200E+00   11.26
   3    -2.0000     -10.770 0.4049   0.5000E+01  0.3145E-02 -0.5000E+01  0.0000E+00      -1  -0.200E+00   12.15
   4    -3.0000     -10.770 0.4049   0.5000E+01  0.3145E-02 -0.5000E+01  0.0000E+00      -1  -0.200E+00   13.01
   5    -4.0000     -10.770 0.4049   0.5000E+01  0.3145E-02 -0.5000E+01  0.0000E+00      -1  -0.200E+00   13.83
   6    -5.0000     -10.770 0.4049   0.5000E+01  0.3145E-02 -0.5000E+01  0.0000E+00      -1  -0.200E+00   14.60
   7    -6.0000     -10.770 0.4049   0.5000E+01  0.3145E-02 -0.5000E+01  0.0000E+00      -1  -0.200E+00   15.33
   8    -7.0000     -10.770 0.4049   0.5000E+01  0.3145E-02 -0.5000E+01  0.0000E+00      -1  -0.200E+00   16.01
   9    -8.0000     -10.770 0.4049   0.5000E+01  0.3145E-02 -0.5000E+01  0.0000E+00      -1  -0.200E+00   16.64
  10    -9.0000     -10.770 0.4049   0.5000E+01  0.3145E-02 -0.5000E+01  0.0000E+00      -1  -0.200E+00   17.22
  11   -10.0000     -10.770 0.4049   0.5000E+01  0.3145E-02 -0.5000E+01  0.0000E+00      -1  -0.200E+00   17.76
  12   -11.0000     -10.770 0.4049   0.5000E+01  0.3145E-02 -0.5000E+01  0.0000E+00      -1  -0.200E+00   18.24
  13   -12.0000     -10.770 0.4049   0.5000E+01  0.3145E-02 -0.5000E+01  0.0000E+00      -1  -0.200E+00   18.68
  14   -13.0000     -10.770 0.4049   0.5000E+01  0.3145E-02 -0.5000E+01  0.0000E+00      -1  -0.200E+00   19.07
  15   -14.0000     -10.770 0.4049   0.5000E+01  0.3145E-02 -0.5000E+01  0.0000E+00      -1  -0.200E+00   19.42
  16   -15.0000     -10.770 0.4049   0.5000E+01  0.3145E-02 -0.5000E+01  0.0000E+00      -1  -0.200E+00   19.73
  17   -16.0000     -10.770 0.4049   0.5000E+01  0.3145E-02 -0.5000E+01  0.0000E+00      -1  -0.200E+00   19.99
  18   -17.0000     -10.770 0.4049   0.5000E+01  0.3145E-02 -0.5000E+01  0.0000E+00      -1  -0.200E+00   20.22
  19   -18.0000     -10.770 0.4049   0.5000E+01  0.3145E-02 -0.5000E+01  0.0000E+00      -1  -0.200E+00   20.41
  20   -19.0000     -10.770 0.4049   0.5000E+01  0.3145E-02 -0.5000E+01  0.0000E+00      -1  -0.200E+00   20.58
  21   -20.0000     -10.770 0.4049   0.5000E+01  0.3145E-02 -0.5000E+01  0.0000E+00      -1  -0.200E+00   20.71
  22   -21.0000     -10.770 0.4049   0.5000E+01  0.3145E-02 -0.5000E+01  0.0000E+00      -1  -0.200E+00   20.81
  23   -22.0000     -10.770 0.4049   0.5000E+01  0.3145E-02 -0.5000E+01  0.0000E+00      -1  -0.200E+00   20.90
  24   -23.0000     -10.770 0.4049   0.5000E+01  0.3145E-02 -0.5000E+01  0.0000E+00      -1  -0.200E+00   20.95
  25   -24.0000     -10.770 0.4049   0.5000E+01  0.3145E-02 -0.5000E+01  0.0000E+00      -1  -0.200E+00   20.99
  26   -25.0000     -10.770 0.4049   0.5000E+01  0.3145E-02 -0.5000E+01  0.0000E+00      -1  -0.200E+00   21.02
  27   -26.0000     -10.770 0.4049   0.5000E+01  0.3145E-02 -0.5000E+01  0.0000E+00      -1  -0.200E+00   21.02
  28   -27.0000     -10.770 0.4049   0.5000E+01  0.3145E-02 -0.5000E+01  0.0000E+00      -1  -0.200E+00   21.02
  29   -28.0000     -10.770 0.4049   0.5000E+01  0.3145E-02 -0.5000E+01  0.0000E+00      -1  -0.200E+00   21.00
  30   -29.0000     -10.770 0.4049   0.5000E+01  0.3145E-02 -0.5000E+01  0.0000E+00      -1  -0.200E+00   20.97
  31   -30.0000     -10.770 0.4049   0.5000E+01  0.3145E-02 -0.5000E+01  0.0000E+00      -1  -0.200E+00   20.93
  32   -31.0000     -10.770 0.4049   0.5000E+01  0.3145E-02 -0.5000E+01  0.0000E+00      -1  -0.200E+00   20.89
  33   -32.0000     -10.770 0.4049   0.5000E+01  0.3145E-02 -0.5000E+01  0.0000E+00      -1  -0.200E+00   20.84
  34   -33.0000     -10.770 0.4049   0.5000E+01  0.3145E-02 -0.5000E+01  0.0000E+00      -1  -0.200E+00   20.79
  35   -34.0000     -10.770 0.4049   0.5000E+01  0.3145E-02 -0.5000E+01  0.0000E+00      -1  -0.200E+00   20.74
  36   -35.0000     -10.770 0.4049   0.5000E+01  0.3145E-02 -0.5000E+01  0.0000E+00      -1  -0.200E+00   20.68
  37   -36.0000     -10.770 0.4049   0.5000E+01  0.3145E-02 -0.5000E+01  0.0000E+00      -1  -0.200E+00   20.62
  38   -37.0000     -10.770 0.4049   0.5000E+01  0.3145E-02 -0.5000E+01  0.0000E+00      -1  -0.200E+00   20.57
  39   -38.0000     -10.770 0.4049   0.5000E+01  0.3145E-02 -0.5000E+01  0.0000E+00      -1  -0.200E+00   20.51
  40   -39.0000     -10.770 0.4049   0.5000E+01  0.3145E-02 -0.5000E+01  0.0000E+00      -1  -0.200E+00   20.45
  41   -40.0000     -10.770 0.4049   0.5000E+01  0.3145E-02 -0.5000E+01  0.0000E+00      -1  -0.200E+00   20.40
  42   -41.0000     -10.770 0.4049   0.5000E+01  0.3145E-02 -0.5000E+01  0.0000E+00      -1  -0.200E+00   20.35
  43   -42.0000     -10.770 0.4049   0.5000E+01  0.3145E-02 -0.5000E+01  0.0000E+00      -1  -0.200E+00   20.30
  44   -43.0000     -10.770 0.4049   0.5000E+01  0.3145E-02 -0.5000E+01  0.0000E+00      -1  -0.200E+00   20.25
  45   -44.0000     -10.770 0.4049   0.5000E+01  0.3145E-02 -0.5000E+01  0.0000E+00      -1  -0.200E+00   20.21
  46   -45.0000     -10.769 0.4049   0.5000E+01  0.3145E-02 -0.5000E+01  0.0000E+00      -1  -0.200E+00   20.16
  47   -46.0000     -10.769 0.4049   0.5000E+01  0.3145E-02 -0.5000E+01  0.0000E+00      -1  -0.200E+00   20.12
  48   -47.0000     -10.769 0.4049   0.5001E+01  0.3145E-02 -0.5000E+01  0.0000E+00      -1  -0.200E+00   20.09
  49   -48.0000     -10.769 0.4049   0.5001E+01  0.3145E-02 -0.5000E+01  0.0000E+00      -1  -0.200E+00   20.06
  50   -49.0000     -10.769 0.4049   0.5001E+01  0.3145E-02 -0.5000E+01  0.0000E+00      -1  -0.200E+00   20.03
  51   -50.0000     -10.769 0.4049   0.5001E+01  0.3145E-02 -0.5000E+01  0.0000E+00      -1  -0.200E+00   20.00
  52   -51.0000     -10.769 0.4049   0.5001E+01  0.3145E-02 -0.5000E+01  0.0000E+00      -1  -0.200E+00   19.97
  53   -52.0000     -10.769 0.4049   0.5001E+01  0.3145E-02 -0.5000E+01  0.0000E+00      -1  -0.200E+00   19.95
  54   -53.0000     -10.769 0.4049   0.5001E+01  0.3145E-02 -0.5000E+01  0.0000E+00      -1  -0.200E+00   19.93
  55   -54.0000     -10.769 0.4049   0.5001E+01  0.3145E-02 -0.5000E+01  0.0000E+00      -1  -0.200E+00   19.92
  56   -55.0000     -10.769 0.4049   0.5001E+01  0.3145E-02 -0.5000E+01  0.0000E+00      -1  -0.200E+00   19.90
  57   -56.0000     -10.769 0.4049   0.5001E+01  0.3145E-02 -0.5000E+01  0.0000E+00      -1  -0.200E+00   19.89
  58   -57.0000     -10.769 0.4049   0.5001E+01  0.3145E-02 -0.5000E+01  0.0000E+00      -1  -0.200E+00   19.88
  59   -58.0000     -10.769 0.4049   0.5001E+01  0.3145E-02 -0.5001E+01  0.0000E+00      -1  -0.200E+00   19.87
  60   -59.0000     -10.769 0.4049   0.5001E+01  0.3145E-02 -0.5001E+01  0.0000E+00      -1  -0.200E+00   19.86
  61   -60.0000     -10.768 0.4049   0.5001E+01  0.3145E-02 -0.5001E+01  0.0000E+00      -1  -0.200E+00   19.86
  62   -61.0000     -10.768 0.4049   0.5001E+01  0.3145E-02 -0.5001E+01  0.0000E+00      -1  -0.200E+00   19.86
  63   -62.0000     -10.768 0.4049   0.5001E+01  0.3145E-02 -0.5001E+01  0.0000E+00      -1  -0.200E+00   19.85
  64   -63.0000     -10.768 0.4049   0.5001E+01  0.3145E-02 -0.5001E+01  0.0000E+00      -1  -0.200E+00   19.85
  65   -64.0000     -10.768 0.4049   0.5001E+01  0.3145E-02 -0.5001E+01  0.0000E+00      -1  -0.200E+00   19.85
  66   -65.0000     -10.768 0.4049   0.5001E+01  0.3145E-02 -0.5001E+01  0.0000E+00      -1  -0.200E+00   19.86
  67   -66.0000     -10.768 0.4049   0.5001E+01  0.3145E-02 -0.5001E+01  0.0000E+00      -1  -0.200E+00   19.86
  68   -67.0000     -10.768 0.4049   0.5001E+01  0.3145E-02 -0.5001E+01  0.0000E+00      -1  -0.200E+00   19.86
  69   -68.0000     -10.768 0.4049   0.5001E+01  0.3145E-02 -0.5001E+01  0.0000E+00      -1  -0.200E+00   19.86
  70   -69.0000     -10.768 0.4049   0.5001E+01  0.3145E-02 -0.5001E+01  0.0000E+00      -1  -0.200E+00   19.87
  71   -70.0000     -10.768 0.4049   0.5002E+01  0.3145E-02 -0.5001E+01  0.0000E+00      -1  -0.200E+00   19.87
  72   -71.0000     -10.767 0.4049   0.5002E+01  0.3145E-02 -0.5001E+01  0.0000E+00      -1  -0.200E+00   19.88
  73   -72.0000     -10.767 0.4049   0.5002E+01  0.3145E-02 -0.5001E+01  0.0000E+00      -1  -0.200E+00   19.88
  74   -73.0000     -10.767 0.4049   0.5002E+01  0.3145E-02 -0.5001E+01  0.0000E+00      -1  -0.200E+00   19.88
  75   -74.0000     -10.767 0.4049   0.5002E+01  0.3145E-02 -0.5001E+01  0.0000E+00      -1  -0.200E+00   19.89
  76   -75.0000     -10.767 0.4049   0.5002E+01  0.3145E-02 -0.5001E+01  0.0000E+00      -1  -0.200E+00   19.89
  77   -76.0000     -10.767 0.4049   0.5002E+01  0.3145E-02 -0.5001E+01  0.0000E+00      -1  -0.200E+00   19.90
  78   -77.0000     -10.767 0.4049   0.5002E+01  0.3145E-02 -0.5001E+01  0.0000E+00      -1  -0.200E+00   19.90
  79   -78.0000     -10.767 0.4049   0.5002E+01  0.3144E-02 -0.5001E+01  0.0000E+00      -1  -0.200E+00   19.91
  80   -79.0000     -10.766 0.4049   0.5002E+01  0.3144E-02 -0.5001E+01  0.0000E+00      -1  -0.200E+00   19.91
  81   -80.0000     -10.766 0.4049   0.5002E+01  0.3144E-02 -0.5002E+01  0.0000E+00      -1  -0.200E+00   19.92
  82   -81.0000     -10.766 0.4049   0.5002E+01  0.3144E-02 -0.5002E+01  0.0000E+00      -1  -0.200E+00   19.92
  83   -82.0000     -10.766 0.4049   0.5002E+01  0.3144E-02 -0.5002E+01  0.0000E+00      -1  -0.200E+00   19.93
  84   -83.0000     -10.766 0.4049   0.5002E+01  0.3144E-02 -0.5002E+01  0.0000E+00      -1  -0.200E+00   19.93
  85   -84.0000     -10.766 0.4049   0.5002E+01  0.3144E-02 -0.5002E+01  0.0000E+00      -1  -0.200E+00   19.94
  86   -85.0000     -10.766 0.4049   0.5003E+01  0.3144E-02 -0.5002E+01  0.0000E+00      -1  -0.200E+00   19.94
  87   -86.0000     -10.766 0.4050   0.5003E+01  0.3144E-02 -0.5002E+01  0.0000E+00      -1  -0.200E+00   19.94
  88   -87.0000     -10.765 0.4050   0.5003E+01  0.3144E-02 -0.5002E+01  0.0000E+00      -1  -0.200E+00   19.95
  89   -88.0000     -10.765 0.4050   0.5003E+01  0.3144E-02 -0.5002E+01  0.0000E+00      -1  -0.200E+00   19.95
  90   -89.0000     -10.765 0.4050   0.5003E+01  0.3144E-02 -0.5002E+01  0.0000E+00      -1  -0.200E+00   19.95
  91   -90.0000     -10.765 0.4050   0.5003E+01  0.3144E-02 -0.5002E+01  0.0000E+00      -1  -0.200E+00   19.96
  92   -91.0000     -10.765 0.4050   0.5003E+01  0.3144E-02 -0.5002E+01  0.0000E+00      -1  -0.200E+00   19.96
  93   -92.0000     -10.765 0.4050   0.5003E+01  0.3144E-02 -0.5003E+01  0.0000E+00      -1  -0.200E+00   19.96
  94   -93.0000     -10.765 0.4050   0.5003E+01  0.3144E-02 -0.5003E+01  0.0000E+00      -1  -0.200E+00   19.96
  95   -94.0000     -10.765 0.4050   0.5003E+01  0.3144E-02 -0.5003E+01  0.0000E+00      -1  -0.200E+00   19.96
  96   -95.0000     -10.765 0.4050   0.5003E+01  0.3144E-02 -0.5003E+01  0.0000E+00      -1  -0.200E+00   19.97
  97   -96.0000     -10.764 0.4050   0.5003E+01  0.3144E-02 -0.5003E+01  0.0000E+00      -1  -0.200E+00   19.97
  98   -97.0000     -10.764 0.4050   0.5003E+01  0.3144E-02 -0.5003E+01  0.0000E+00      -1  -0.200E+00   19.97
  99   -98.0000     -10.764 0.4050   0.5003E+01  0.3144E-02 -0.5003E+01  0.0000E+00      -1  -0.200E+00   19.97
 100   -99.0000     -10.764 0.4050   0.5003E+01  0.3144E-02 -0.5003E+01  0.0000E+00      -1  -0.200E+00   19.97
 101  -100.0000     -10.764 0.4050   0.5003E+01  0.3144E-02 -0.5003E+01  0.0000E+00      -1  -0.200E+00   19.97
end


 Time:        1.1250


 Node      Depth      Head Moisture       K          C         Flux        Sink         Kappa   v/KsTop   Temp
           [L]        [L]    [-]        [L/T]      [1/L]      [L/T]        [1/T]         [-]      [-]      [C]

   1     0.0000     -10.770 0.4049   0.5000E+01  0.3145E-02 -0.5000E+01  0.0000E+00      -1  -0.200E+00   11.34
   2    -1.0000     -10.770 0.4049   0.5000E+01  0.3145E-02 -0.5000E+01  0.0000E+00      -1  -0.200E+00   11.61
   3    -2.0000     -10.770 0.4049   0.5000E+01  0.3145E-02 -0.5000E+01  0.0000E+00      -1  -0.200E+00   11.93
   4    -3.0000     -10.770 0.4049   0.5000E+01  0.3145E-02 -0.5000E+01  0.0000E+00      -1  -0.200E+00   12.30
   5    -4.0000     -10.770 0.4049   0.5000E+01  0.3145E-02 -0.5000E+01  0.0000E+00      -1  -0.200E+00   12.71
   6    -5.0000     -10.770 0.4049   0.5000E+01  0.3145E-02 -0.5000E+01  0.0000E+00      -1  -0.200E+00   13.15
   7    -6.0000     -10.770 0.4049   0.5000E+01  0.3145E-02 -0.5000E+01  0.0000E+00      -1  -0.200E+00   13.60
   8    -7.0000     -10.770 0.4049   0.5000E+01  0.3145E-02 -0.5000E+01  0.0000E+00      -1  -0.200E+00   14.06
   9    -8.0000     -10.770 0.4049   0.5000E+01  0.3145E-02 -0.5000E+01  0.0000E+00      -1  -0.200E+00   14.53
  10    -9.0000     -10.770 0.4049   0.5000E+01  0.3145E-02 -0.5000E+01  0.0000E+00      -1  -0.200E+00   14.99
  11   -10.0000     -10.770 0.4049   0.5000E+01  0.3145E-02 -0.5000E+01  0.0000E+00      -1  -0.200E+00   15.44
  12   -11.0000     -10.770 0.4049   0.5000E+01  0.3145E-02 -0.5000E+01  0.0000E+00      -1  -0.200E+00   15.89
  13   -12.0000     -10.770 0.4049   0.5000E+01  0.3145E-02 -0.5000E+01  0.0000E+00      -1  -0.200E+00   16.32
  14   -13.0000     -10.770 0.4049   0.5000E+01  0.3145E-02 -0.5000E+01  0.0000E+00      -1  -0.200E+00   16.73
  15   -14.0000     -10.770 0.4049   0.5000E+01  0.3145E-02 -0.5000E+01  0.0000E+00      -1  -0.200E+00   17.12
  16   -15.0000     -10.770 0.4049   0.5000E+01  0.3145E-02 -0.5000E+01  0.0000E+00      -1  -0.200E+00   17.49
  17   -16.0000     -10.770 0.4049   0.5000E+01  0.3145E-02 -0.5000E+01  0.0000E+00      -1  -0.200E+00   17.84
  18   -17.0000     -10.770 0.4049   0.5000E+01  0.3145E-02 -0.5000E+01  0.0000E+00      -1  -0.200E+00   18.16
  19   -18.0000     -10.770 0.4049   0.5000E+01  0.3145E-02 -0.5000E+01  0.0000E+00      -1  -0.200E+00   18.46
  20   -19.0000     -10.770 0.4049   0.5000E+01  0.3145E-02 -0.5000E+01  0.0000E+00      -1  -0.200E+00   18.73
  21   -20.0000     -10.770 0.4049   0.5000E+01  0.3145E-02 -0.5000E+01  0.0000E+00      -1  -0.200E+00   18.98
  22   -21.0000     -10.770 0.4049   0.5000E+01  0.3145E-02 -0.5000E+01  0.0000E+00      -1  -0.200E+00   19.21
  23   -22.0000     -10.770 0.4049   0.5000E+01  0.3145E-02 -0.5000E+01  0.0000E+00      -1  -0.200E+00   19.41
  24   -23.0000     -10.770 0.4049   0.5000E+01  0.3145E-02 -0.5000E+01  0.0000E+00      -1  -0.200E+00   19.59
  25   -24.0000     -10.770 0.4049   0.5000E+01  0.3145E-02 -0.5000E+01  0.0000E+00      -1  -0.200E+00   19.76
  26   -25.0000     -10.770 0.4049   0.5000E+01  0.3145E-02 -0.5000E+01  0.0000E+00      -1  -0.200E+00   19.90
  27   -26.0000     -10.770 0.4049   0.5000E+01  0.3145E-02 -0.5000E+01  0.0000E+00      -1  -0.200E+00   20.02
  28   -27.0000     -10.770 0.4049   0.5000E+01  0.3145E-02 -0.5000E+01  0.0000E+00      -1  -0.200E+00   20.12
  29   -28.0000     -10.770 0.4049   0.5000E+01  0.3145E-02 -0.5000E+01  0.0000E+00      -1  -0.200E+00   20.21
  30   -29.0000     -10.770 0.4049   0.5000E+01  0.3145E-02 -0.5000E+01  0.0000E+00      -1  -0.200E+00   20.28
  31   -30.0000     -10.770 0.4049   0.5000E+01  0.3145E-02 -0.5000E+01  0.0000E+00      -1  -0.200E+00   20.34
  32   -31.0000     -10.770 0.4049   0.5000E+01  0.3145E-02 -0.5000E+01  0.0000E+00      -1  -0.200E+00   20.38
  33   -32.0000     -10.770 0.4049   0.5000E+01  0.3145E-02 -0.5000E+01  0.0000E+00      -1  -0.200E+00   20.42
  34   -33.0000     -10.770 0.4049   0.5000E+01  0.3145E-02 -0.5000E+01  0.0000E+00      -1  -0.200E+00   20.44
  35   -34.0000     -10.770 0.4049   0.5000E+01  0.3145E-02 -0.5000E+01  0.0000E+00      -1  -0.200E+00   20.46
  36   -35.0000     -10.770 0.4049   0.5000E+01  0.3145E-02 -0.5000E+01  0.0000E+00      -1  -0.200E+00   20.46
  37   -36.0000     -10.770 0.4049   0.5000E+01  0.3145E-02 -0.5000E+01  0.0000E+00      -1  -0.200E+00   20.46
  38   -37.0000     -10.770 0.4049   0.5000E+01  0.3145E-02 -0.5000E+01  0.0000E+00      -1  -0.200E+00   20.46
  39   -38.0000     -10.770 0.4049   0.5000E+01  0.3145E-02 -0.5000E+01  0.0000E+00      -1  -0.200E+00   20.44
  40   -39.0000     -10.770 0.4049   0.5000E+01  0.3145E-02 -0.5000E+01  0.0000E+00      -1  -0.200E+00   20.43
  41   -40.0000     -10.770 0.4049   0.5000E+01  0.3145E-02 -0.5000E+01  0.0000E+00      -1  -0.200E+00   20.41
  42   -41.0000     -10.770 0.4049   0.5000E+01  0.3145E-02 -0.5000E+01  0.0000E+00      -1  -0.200E+00   20.39
  43   -42.0000     -10.770 0.4049   0.5000E+01  0.3145E-02 -0.5000E+01  0.0000E+00      -1  -0.200E+00   20.36
  44   -43.0000     -10.770 0.4049   0.5000E+01  0.3145E-02 -0.5000E+01  0.0000E+00      -1  -0.200E+00   20.34
  45   -44.0000     -10.770 0.4049   0.5000E+01  0.3145E-02 -0.5000E+01  0.0000E+00      -1  -0.200E+00   20.31
  46   -45.0000     -10.770 0.4049   0.5000E+01  0.3145E-02 -0.5000E+01  0.0000E+00      -1  -0.200E+00   20.28
  47   -46.0000     -10.770 0.4049   0.5000E+01  0.3145E-02 -0.5000E+01  0.0000E+00      -1  -0.200E+00   20.25
  48   -47.0000     -10.770 0.4049   0.5000E+01  0.3145E-02 -0.5000E+01  0.0000E+00      -1  -0.200E+00   20.22
  49   -48.0000     -10.770 0.4049   0.5000E+01  0.3145E-02 -0.5000E+01  0.0000E+00      -1  -0.200E+00   20.20
  50   -49.0000     -10.770 0.4049   0.5000E+01  0.3145E-02 -0.5000E+01  0.0000E+00      -1  -0.200E+00   20.17
  51   -50.0000     -10.770 0.4049   0.5000E+01  0.3145E-02 -0.5000E+01  0.0000E+00      -1  -0.200E+00   20.14
  52   -51.0000     -10.770 0.4049   0.5000E+01  0.3145E-02 -0.5000E+01  0.0000E+00      -1  -0.200E+00   20.12
  53   -52.0000     -10.770 0.4049   0.5000E+01  0.3145E-02 -0.5000E+01  0.0000E+00      -1  -0.200E+00   20.09
  54   -53.0000     -10.770 0.4049   0.5000E+01  0.3145E-02 -0.5000E+01  0.0000E+00      -1  -0.200E+00   20.07
  55   -54.0000     -10.770 0.4049   0.5000E+01  0.3145E-02 -0.5000E+01  0.0000E+00      -1  -0.200E+00   20.05
  56   -55.0000     -10.770 0.4049   0.5000E+01  0.3145E-02 -0.5000E+01  0.0000E+00      -1  -0.200E+00   20.03
  57   -56.0000     -10.770 0.4049   0.5000E+01  0.3145E-02 -0.5000E+01  0.0000E+00      -1  -0.200E+00   20.01
  58   -57.0000     -10.770 0.4049   0.5000E+01  0.3145E-02 -0.5000E+01  0.0000E+00      -1  -0.200E+00   20.00
  59   -58.0000     -10.770 0.4049   0.5000E+01  0.3145E-02 -0.5000E+01  0.0000E+00      -1  -0.200E+00   19.98
  60   -59.0000     -10.769 0.4049   0.5000E+01  0.3145E-02 -0.5000E+01  0.0000E+00      -1  -0.200E+00   19.97
  61   -60.0000     -10.769 0.4049   0.5000E+01  0.3145E-02 -0.5000E+01  0.0000E+00      -1  -0.200E+00   19.95
  62   -61.0000     -10.769 0.4049   0.5001E+01  0.3145E-02 -0.5000E+01  0.0000E+00      -1  -0.200E+00   19.94
  63   -62.0000     -10.769 0.4049   0.5001E+01  0.3145E-02 -0.5000E+01  0.0000E+00      -1  -0.200E+00   19.93
  64   -63.0000     -10.769 0.4049   0.5001E+01  0.3145E-02 -0.5000E+01  0.0000E+00      -1  -0.200E+00   19.93
  65   -64.0000     -10.769 0.4049   0.5001E+01  0.3145E-02 -0.5000E+01  0.0000E+00      -1  -0.200E+00   19.92
  66   -65.0000     -10.769 0.4049   0.5001E+01  0.3145E-02 -0.5000E+01  0.0000E+00      -1  -0.200E+00   19.91
  67   -66.0000     -10.769 0.4049   0.5001E+01  0.3145E-02 -0.5000E+01  0.0000E+00      -1  -0.200E+00   19.91
  68   -67.0000     -10.769 0.4049   0.5001E+01  0.3145E-02 -0.5000E+01  0.0000E+00      -1  -0.200E+00   19.91
  69   -68.0000     -10.769 0.4049   0.5001E+01  0.3145E-02 -0.5000E+01  0.0000E+00      -1  -0.200E+00   19.90
  70   -69.0000     -10.769 0.4049   0.5001E+01  0.3145E-02 -0.5000E+01  0.0000E+00      -1  -0.200E+00   19.90
  71   -70.0000     -10.769 0.4049   0.5001E+01  0.3145E-02 -0.5000E+01  0.0000E+00      -1  -0.200E+00   19.90
  72   -71.0000     -10.769 0.4049   0.5001E+01  0.3145E-02 -0.5000E+01  0.0000E+00      -1  -0.200E+00   19.90
  73   -72.0000     -10.769 0.4049   0.5001E+01  0.3145E-02 -0.5001E+01  0.0000E+00      -1  -0.200E+00   19.90
  74   -73.0000     -10.769 0.4049   0.5001E+01  0.3145E-02 -0.5001E+01  0.0000E+00      -1  -0.200E+00   19.90
  75   -74.0000     -10.769 0.4049   0.5001E+01  0.3145E-02 -0.5001E+01  0.0000E+00      -1  -0.200E+00   19.90
  76   -75.0000     -10.769 0.4049   0.5001E+01  0.3145E-02 -0.5001E+01  0.0000E+00      -1  -0.200E+00   19.90
  77   -76.0000     -10.769 0.4049   0.5001E+01  0.3145E-02 -0.5001E+01  0.0000E+00      -1  -0.200E+00   19.90
  78   -77.0000     -10.768 0.4049   0.5001E+01  0.3145E-02 -0.5001E+01  0.0000E+00      -1  -0.200E+00   19.91
  79   -78.0000     -10.768 0.4049   0.5001E+01  0.3145E-02 -0.5001E+01  0.0000E+00      -1  -0.200E+00   19.91
  80   -79.0000     -10.768 0.4049   0.5001E+01  0.3145E-02 -0.5001E+01  0.0000E+00      -1  -0.200E+00   19.91
  81   -80.0000     -10.768 0.4049   0.5001E+01  0.3145E-02 -0.5001E+01  0.0000E+00      -1  -0.200E+00   19.91
  82   -81.0000     -10.768 0.4049   0.5001E+01  0.3145E-02 -0.5001E+01  0.0000E+00      -1  -0.200E+00   19.92
  83   -82.0000     -10.768 0.4049   0.5001E+01  0.3145E-02 -0.5001E+01  0.0000E+00      -1  -0.200E+00   19.92
  84   -83.0000     -10.768 0.4049   0.5001E+01  0.3145E-02 -0.5001E+01  0.0000E+00      -1  -0.200E+00   19.92
  85   -84.0000     -10.768 0.4049   0.5001E+01  0.3145E-02 -0.5001E+01  0.0000E+00      -1  -0.200E+00   19.93
  86   -85.0000     -10.768 0.4049   0.5001E+01  0.3145E-02 -0.5001E+01  0.0000E+00      -1  -0.200E+00   19.93
  87   -86.0000     -10.768 0.4049   0.5001E+01  0.3145E-02 -0.5001E+01  0.0000E+00      -1  -0.200E+00   19.93
  88   -87.0000     -10.768 0.4049   0.5001E+01  0.3145E-02 -0.5001E+01  0.0000E+00      -1  -0.200E+00   19.93
  89   -88.0000     -10.768 0.4049   0.5001E+01  0.3145E-02 -0.5001E+01  0.0000E+00      -1  -0.200E+00   19.94
  90   -89.0000     -10.768 0.4049   0.5001E+01  0.3145E-02 -0.5001E+01  0.0000E+00      -1  -0.200E+00   19.94
  91   -90.0000     -10.768 0.4049   0.5002E+01  0.3145E-02 -0.5001E+01  0.0000E+00      -1  -0.200E+00   19.94
  92   -91.0000     -10.767 0.4049   0.5002E+01  0.3145E-02 -0.5001E+01  0.0000E+00      -1  -0.200E+00   19.94
  93   -92.0000     -10.767 0.4049   0.5002E+01  0.3145E-02 -0.5001E+01  0.0000E+00      -1  -0.200E+00   19.95
  94   -93.0000     -10.767 0.4049   0.5002E+01  0.3145E-02 -0.5001E+01  0.0000E+00      -1  -0.200E+00   19.95
  95   -94.0000     -10.767 0.4049   0.5002E+01  0.3145E-02 -0.5001E+01  0.0000E+00      -1  -0.200E+00   19.95
  96   -95.0000     -10.767 0.4049   0.5002E+01  0.3145E-02 -0.5001E+01  0.0000E+00      -1  -0.200E+00   19.95
  97   -96.0000     -10.767 0.4049   0.5002E+01  0.3145E-02 -0.5002E+01  0.0000E+00      -1  -0.200E+00   19.95
  98   -97.0000     -10.767 0.4049   0.5002E+01  0.3145E-02 -0.5002E+01  0.0000E+00      -1  -0.200E+00   19.95
  99   -98.0000     -10.767 0.4049   0.5002E+01  0.3145E-02 -0.5002E+01  0.0000E+00      -1  -0.200E+00   19.95
 100   -99.0000     -10.767 0.4049   0.5002E+01  0.3145E-02 -0.5002E+01  0.0000E+00      -1  -0.200E+00   19.95
 101  -100.0000     -10.767 0.4049   0.5002E+01  0.3145E-02 -0.5002E+01  0.0000E+00      -1  -0.200E+00   19.95
end


 Time:        1.2500


 Node      Depth      Head Moisture       K          C         Flux        Sink         Kappa   v/KsTop   Temp
           [L]        [L]    [-]        [L/T]      [1/L]      [L/T]        [1/T]         [-]      [-]      [C]

   1     0.0000     -10.770 0.4049   0.5000E+01  0.3145E-02 -0.5000E+01  0.0000E+00      -1  -0.200E+00   17.41
   2    -1.0000     -10.770 0.4049   0.5000E+01  0.3145E-02 -0.5000E+01  0.0000E+00      -1  -0.200E+00   16.87
   3    -2.0000     -10.770 0.4049   0.5000E+01  0.3145E-02 -0.5000E+01  0.0000E+00      -1  -0.200E+00   16.44
   4    -3.0000     -10.770 0.4049   0.5000E+01  0.3145E-02 -0.5000E+01  0.0000E+00      -1  -0.200E+00   16.11
   5    -4.0000     -10.770 0.4049   0.5000E+01  0.3145E-02 -0.5000E+01  0.0000E+00      -1  -0.200E+00   15.87
   6    -5.0000     -10.770 0.4049   0.5000E+01  0.3145E-02 -0.5000E+01  0.0000E+00      -1  -0.200E+00   15.70
   7    -6.0000     -10.770 0.4049   0.5000E+01  0.3145E-02 -0.5000E+01  0.0000E+00      -1  -0.200E+00   15.61
   8    -7.0000     -10.770 0.4049   0.5000E+01  0.3145E-02 -0.5000E+01  0.0000E+00      -1  -0.200E+00   15.59
   9    -8.0000     -10.770 0.4049   0.5000E+01  0.3145E-02 -0.5000E+01  0.0000E+00      -1  -0.200E+00   15.61
  10    -9.0000     -10.770 0.4049   0.5000E+01  0.3145E-02 -0.5000E+01  0.0000E+00      -1  -0.200E+00   15.68
  11   -10.0000     -10.770 0.4049   0.5000E+01  0.3145E-02 -0.5000E+01  0.0000E+00      -1  -0.200E+00   15.79
  12   -11.0000     -10.770 0.4049   0.5000E+01  0.3145E-02 -0.5000E+01  0.0000E+00      -1  -0.200E+00   15.94
  13   -12.0000     -10.770 0.4049   0.5000E+01  0.3145E-02 -0.5000E+01  0.0000E+00      -1  -0.200E+00   16.11
  14   -13.0000     -10.770 0.4049   0.5000E+01  0.3145E-02 -0.5000E+01  0.0000E+00      -1  -0.200E+00   16.29
  15   -14.0000     -10.770 0.4049   0.5000E+01  0.3145E-02 -0.5000E+01  0.0000E+00      -1  -0.200E+00   16.50
  16   -15.0000     -10.770 0.4049   0.5000E+01  0.3145E-02 -0.5000E+01  0.0000E+00      -1  -0.200E+00   16.72
  17   -16.0000     -10.770 0.4049   0.5000E+01  0.3145E-02 -0.5000E+01  0.0000E+00      -1  -0.200E+00   16.94
  18   -17.0000     -10.770 0.4049   0.5000E+01  0.3145E-02 -0.5000E+01  0.0000E+00      -1  -0.200E+00   17.17
  19   -18.0000     -10.770 0.4049   0.5000E+01  0.3145E-02 -0.5000E+01  0.0000E+00      -1  -0.200E+00   17.39
  20   -19.0000     -10.770 0.4049   0.5000E+01  0.3145E-02 -0.5000E+01  0.0000E+00      -1  -0.200E+00   17.62
  21   -20.0000     -10.770 0.4049   0.5000E+01  0.3145E-02 -0.5000E+01  0.0000E+00      -1  -0.200E+00   17.84
  22   -21.0000     -10.770 0.4049   0.5000E+01  0.3145E-02 -0.5000E+01  0.0000E+00      -1  -0.200E+00   18.05
  23   -22.0000     -10.770 0.4049   0.5000E+01  0.3145E-02 -0.5000E+01  0.0000E+00      -1  -0.200E+00   18.26
  24   -23.0000     -10.770 0.4049   0.5000E+01  0.3145E-02 -0.5000E+01  0.0000E+00      -1  -0.200E+00   18.45
  25   -24.0000     -10.770 0.4049   0.5000E+01  0.3145E-02 -0.5000E+01  0.0000E+00      -1  -0.200E+00   18.64
  26   -25.0000     -10.770 0.4049   0.5000E+01  0.3145E-02 -0.5000E+01  0.0000E+00      -1  -0.200E+00   18.82
  27   -26.0000     -10.770 0.4049   0.5000E+01  0.3145E-02 -0.5000E+01  0.0000E+00      -1  -0.200E+00   18.98
  28   -27.0000     -10.770 0.4049   0.5000E+01  0.3145E-02 -0.5000E+01  0.0000E+00      -1  -0.200E+00   19.13
  29   -28.0000     -10.770 0.4049   0.5000E+01  0.3145E-02 -0.5000E+01  0.0000E+00      -1  -0.200E+00   19.27
  30   -29.0000     -10.770 0.4049   0.5000E+01  0.3145E-02 -0.5000E+01  0.0000E+00      -1  -0.200E+00   19.40
  31   -30.0000     -10.770 0.4049   0.5000E+01  0.3145E-02 -0.5000E+01  0.0000E+00      -1  -0.200E+00   19.52
  32   -31.0000     -10.770 0.4049   0.5000E+01  0.3145E-02 -0.5000E+01  0.0000E+00      -1  -0.200E+00   19.62
  33   -32.0000     -10.770 0.4049   0.5000E+01  0.3145E-02 -0.5000E+01  0.0000E+00      -1  -0.200E+00   19.72
  34   -33.0000     -10.770 0.4049   0.5000E+01  0.3145E-02 -0.5000E+01  0.0000E+00      -1  -0.200E+00   19.80
  35   -34.0000     -10.770 0.4049   0.5000E+01  0.3145E-02 -0.5000E+01  0.0000E+00      -1  -0.200E+00   19.88
  36   -35.0000     -10.770 0.4049   0.5000E+01  0.3145E-02 -0.5000E+01  0.0000E+00      -1  -0.200E+00   19.94
  37   -36.0000     -10.770 0.4049   0.5000E+01  0.3145E-02 -0.5000E+01  0.0000E+00      -1  -0.200E+00   20.00
  38   -37.0000     -10.770 0.4049   0.5000E+01  0.3145E-02 -0.5000E+01  0.0000E+00      -1  -0.200E+00   20.04
  39   -38.0000     -10.770 0.4049   0.5000E+01  0.3145E-02 -0.5000E+01  0.0000E+00      -1  -0.200E+00   20.08
  40   -39.0000     -10.770 0.4049   0.5000E+01  0.3145E-02 -0.5000E+01  0.0000E+00      -1  -0.200E+00   20.11
  41   -40.0000     -10.770 0.4049   0.5000E+01  0.3145E-02 -0.5000E+01  0.0000E+00      -1  -0.200E+00   20.14
  42   -41.0000     -10.770 0.4049   0.5000E+01  0.3145E-02 -0.5000E+01  0.0000E+00      -1  -0.200E+00   20.16
  43   -42.0000     -10.770 0.4049   0.5000E+01  0.3145E-02 -0.5000E+01  0.0000E+00      -1  -0.200E+00   20.17
  44   -43.0000     -10.770 0.4049   0.5000E+01  0.3145E-02 -0.5000E+01  0.0000E+00      -1  -0.200E+00   20.18
  45   -44.0000     -10.770 0.4049   0.5000E+01  0.3145E-02 -0.5000E+01  0.0000E+00      -1  -0.200E+00   20.19
  46   -45.0000     -10.770 0.4049   0.5000E+01  0.3145E-02 -0.5000E+01  0.0000E+00      -1  -0.200E+00   20.19
  47   -46.0000     -10.770 0.4049   0.5000E+01  0.3145E-02 -0.5000E+01  0.0000E+00      -1  -0.200E+00   20.19
  48   -47.0000     -10.770 0.4049   0.5000E+01  0.3145E-02 -0.5000E+01  0.0000E+00      -1  -0.200E+00   20.18
  49   -48.0000     -10.770 0.4049   0.5000E+01  0.3145E-02 -0.5000E+01  0.0000E+00      -1  -0.200E+00   20.18
  50   -49.0000     -10.770 0.4049   0.5000E+01  0.3145E-02 -0.5000E+01  0.0000E+00      -1  -0.200E+00   20.17
  51   -50.0000     -10.770 0.4049   0.5000E+01  0.3145E-02 -0.5000E+01  0.0000E+00      -1  -0.200E+00   20.16
  52   -51.0000     -10.770 0.4049   0.5000E+01  0.3145E-02 -0.5000E+01  0.0000E+00      -1  -0.200E+00   20.14
  53   -52.0000     -10.770 0.4049   0.5000E+01  0.3145E-02 -0.5000E+01  0.0000E+00      -1  -0.200E+00   20.13
  54   -53.0000     -10.770 0.4049   0.5000E+01  0.3145E-02 -0.5000E+01  0.0000E+00      -1  -0.200E+00   20.12
  55   -54.0000     -10.770 0.4049   0.5000E+01  0.3145E-02 -0.5000E+01  0.0000E+00      -1  -0.200E+00   20.11
  56   -55.0000     -10.770 0.4049   0.5000E+01  0.3145E-02 -0.5000E+01  0.0000E+00      -1  -0.200E+00   20.09
  57   -56.0000     -10.770 0.4049   0.5000E+01  0.3145E-02 -0.5000E+01  0.0000E+00      -1  -0.200E+00   20.08
  58   -57.0000     -10.770 0.4049   0.5000E+01  0.3145E-02 -0.5000E+01  0.0000E+00      -1  -0.200E+00   20.07
  59   -58.0000     -10.770 0.4049   0.5000E+01  0.3145E-02 -0.5000E+01  0.0000E+00      -1  -0.200E+00   20.05
  60   -59.0000     -10.770 0.4049   0.5000E+01  0.3145E-02 -0.5000E+01  0.0000E+00      -1  -0.200E+00   20.04
  61   -60.0000     -10.770 0.4049   0.5000E+01  0.3145E-02 -0.5000E+01  0.0000E+00      -1  -0.200E+00   20.03
  62   -61.0000     -10.770 0.4049   0.5000E+01  0.3145E-02 -0.5000E+01  0.0000E+00      -1  -0.200E+00   20.02
  63   -62.0000     -10.770 0.4049   0.5000E+01  0.3145E-02 -0.5000E+01  0.0000E+00      -1  -0.200E+00   20.00
  64   -63.0000     -10.770 0.4049   0.5000E+01  0.3145E-02 -0.5000E+01  0.0000E+00      -1  -0.200E+00   19.99
  65   -64.0000     -10.770 0.4049   0.5000E+01  0.3145E-02 -0.5000E+01  0.0000E+00      -1  -0.200E+00   19.99
  66   -65.0000     -10.770 0.4049   0.5000E+01  0.3145E-02 -0.5000E+01  0.0000E+00      -1  -0.200E+00   19.98
  67   -66.0000     -10.770 0.4049   0.5000E+01  0.3145E-02 -0.5000E+01  0.0000E+00      -1  -0.200E+00   19.97
  68   -67.0000     -10.770 0.4049   0.5000E+01  0.3145E-02 -0.5000E+01  0.0000E+00      -1  -0.200E+00   19.96
  69   -68.0000     -10.770 0.4049   0.5000E+01  0.3145E-02 -0.5000E+01  0.0000E+00      -1  -0.200E+00   19.95
  70   -69.0000     -10.770 0.4049   0.5000E+01  0.3145E-02 -0.5000E+01  0.0000E+00      -1  -0.200E+00   19.95
  71   -70.0000     -10.770 0.4049   0.5000E+01  0.3145E-02 -0.5000E+01  0.0000E+00      -1  -0.200E+00   19.94
  72   -71.0000     -10.770 0.4049   0.5000E+01  0.3145E-02 -0.5000E+01  0.0000E+00      -1  -0.200E+00   19.94
  73   -72.0000     -10.770 0.4049   0.5000E+01  0.3145E-02 -0.5000E+01  0.0000E+00      -1  -0.200E+00   19.94
  74   -73.0000     -10.770 0.4049   0.5000E+01  0.3145E-02 -0.5000E+01  0.0000E+00      -1  -0.200E+00   19.93
  75   -74.0000     -10.769 0.4049   0.5000E+01  0.3145E-02 -0.5000E+01  0.0000E+00      -1  -0.200E+00   19.93
  76   -75.0000     -10.769 0.4049   0.5000E+01  0.3145E-02 -0.5000E+01  0.0000E+00      -1  -0.200E+00   19.93
  77   -76.0000     -10.769 0.4049   0.5000E+01  0.3145E-02 -0.5000E+01  0.0000E+00      -1  -0.200E+00   19.93
  78   -77.0000     -10.769 0.4049   0.5001E+01  0.3145E-02 -0.5000E+01  0.0000E+00      -1  -0.200E+00   19.93
  79   -78.0000     -10.769 0.4049   0.5001E+01  0.3145E-02 -0.5000E+01  0.0000E+00      -1  -0.200E+00   19.92
  80   -79.0000     -10.769 0.4049   0.5001E+01  0.3145E-02 -0.5000E+01  0.0000E+00      -1  -0.200E+00   19.92
  81   -80.0000     -10.769 0.4049   0.5001E+01  0.3145E-02 -0.5000E+01  0.0000E+00      -1  -0.200E+00   19.92
  82   -81.0000     -10.769 0.4049   0.5001E+01  0.3145E-02 -0.5000E+01  0.0000E+00      -1  -0.200E+00   19.92
  83   -82.0000     -10.769 0.4049   0.5001E+01  0.3145E-02 -0.5000E+01  0.0000E+00      -1  -0.200E+00   19.93
  84   -83.0000     -10.769 0.4049   0.5001E+01  0.3145E-02 -0.5000E+01  0.0000E+00      -1  -0.200E+00   19.93
  85   -84.0000     -10.769 0.4049   0.5001E+01  0.3145E-02 -0.5000E+01  0.0000E+00      -1  -0.200E+00   19.93
  86   -85.0000     -10.769 0.4049   0.5001E+01  0.3145E-02 -0.5000E+01  0.0000E+00      -1  -0.200E+00   19.93
  87   -86.0000     -10.769 0.4049   0.5001E+01  0.3145E-02 -0.5001E+01  0.0000E+00      -1  -0.200E+00   19.93
  88   -87.0000     -10.769 0.4049   0.5001E+01  0.3145E-02 -0.5001E+01  0.0000E+00      -1  -0.200E+00   19.93
  89   -88.0000     -10.769 0.4049   0.5001E+01  0.3145E-02 -0.5001E+01  0.0000E+00      -1  -0.200E+00   19.93
  90   -89.0000     -10.769 0.4049   0.5001E+01  0.3145E-02 -0.5001E+01  0.0000E+00      -1  -0.200E+00   19.93
  91   -90.0000     -10.769 0.4049   0.5001E+01  0.3145E-02 -0.5001E+01  0.0000E+00      -1  -0.200E+00   19.93
  92   -91.0000     -10.769 0.4049   0.5001E+01  0.3145E-02 -0.5001E+01  0.0000E+00      -1  -0.200E+00   19.93
  93   -92.0000     -10.769 0.4049   0.5001E+01  0.3145E-02 -0.5001E+01  0.0000E+00      -1  -0.200E+00   19.94
  94   -93.0000     -10.769 0.4049   0.5001E+01  0.3145E-02 -0.5001E+01  0.0000E+00      -1  -0.200E+00   19.94
  95   -94.0000     -10.769 0.4049   0.5001E+01  0.3145E-02 -0.5001E+01  0.0000E+00      -1  -0.200E+00   19.94
  96   -95.0000     -10.769 0.4049   0.5001E+01  0.3145E-02 -0.5001E+01  0.0000E+00      -1  -0.200E+00   19.94
  97   -96.0000     -10.769 0.4049   0.5001E+01  0.3145E-02 -0.5001E+01  0.0000E+00      -1  -0.200E+00   19.94
  98   -97.0000     -10.769 0.4049   0.5001E+01  0.3145E-02 -0.5001E+01  0.0000E+00      -1  -0.200E+00   19.94
  99   -98.0000     -10.769 0.4049   0.5001E+01  0.3145E-02 -0.5001E+01  0.0000E+00      -1  -0.200E+00   19.94
 100   -99.0000     -10.769 0.4049   0.5001E+01  0.3145E-02 -0.5001E+01  0.0000E+00      -1  -0.200E+00   19.94
 101  -100.0000     -10.769 0.4049   0.5001E+01  0.3145E-02 -0.5001E+01  0.0000E+00      -1  -0.200E+00   19.94
end


 Time:        1.3750


 Node      Depth      Head Moisture       K          C         Flux        Sink         Kappa   v/KsTop   Temp
           [L]        [L]    [-]        [L/T]      [1/L]      [L/T]        [1/T]         [-]      [-]      [C]

   1     0.0000     -10.770 0.4049   0.5000E+01  0.3145E-02 -0.5000E+01  0.0000E+00      -1  -0.200E+00   25.00
   2    -1.0000     -10.770 0.4049   0.5000E+01  0.3145E-02 -0.5000E+01  0.0000E+00      -1  -0.200E+00   23.97
   3    -2.0000     -10.770 0.4049   0.5000E+01  0.3145E-02 -0.5000E+01  0.0000E+00      -1  -0.200E+00   23.03
   4    -3.0000     -10.770 0.4049   0.5000E+01  0.3145E-02 -0.5000E+01  0.0000E+00      -1  -0.200E+00   22.19
   5    -4.0000     -10.770 0.4049   0.5000E+01  0.3145E-02 -0.5000E+01  0.0000E+00      -1  -0.200E+00   21.44
   6    -5.0000     -10.770 0.4049   0.5000E+01  0.3145E-02 -0.5000E+01  0.0000E+00      -1  -0.200E+00   20.78
   7    -6.0000     -10.770 0.4049   0.5000E+01  0.3145E-02 -0.5000E+01  0.0000E+00      -1  -0.200E+00   20.20
   8    -7.0000     -10.770 0.4049   0.5000E+01  0.3145E-02 -0.5000E+01  0.0000E+00      -1  -0.200E+00   19.69
   9    -8.0000     -10.770 0.4049   0.5000E+01  0.3145E-02 -0.5000E+01  0.0000E+00      -1  -0.200E+00   19.26
  10    -9.0000     -10.770 0.4049   0.5000E+01  0.3145E-02 -0.5000E+01  0.0000E+00      -1  -0.200E+00   18.90
  11   -10.0000     -10.770 0.4049   0.5000E+01  0.3145E-02 -0.5000E+01  0.0000E+00      -1  -0.200E+00   18.60
  12   -11.0000     -10.770 0.4049   0.5000E+01  0.3145E-02 -0.5000E+01  0.0000E+00      -1  -0.200E+00   18.36
  13   -12.0000     -10.770 0.4049   0.5000E+01  0.3145E-02 -0.5000E+01  0.0000E+00      -1  -0.200E+00   18.17
  14   -13.0000     -10.770 0.4049   0.5000E+01  0.3145E-02 -0.5000E+01  0.0000E+00      -1  -0.200E+00   18.02
  15   -14.0000     -10.770 0.4049   0.5000E+01  0.3145E-02 -0.5000E+01  0.0000E+00      -1  -0.200E+00   17.92
  16   -15.0000     -10.770 0.4049   0.5000E+01  0.3145E-02 -0.5000E+01  0.0000E+00      -1  -0.200E+00   17.86
  17   -16.0000     -10.770 0.4049   0.5000E+01  0.3145E-02 -0.5000E+01  0.0000E+00      -1  -0.200E+00   17.82
  18   -17.0000     -10.770 0.4049   0.5000E+01  0.3145E-02 -0.5000E+01  0.0000E+00      -1  -0.200E+00   17.82
  19   -18.0000     -10.770 0.4049   0.5000E+01  0.3145E-02 -0.5000E+01  0.0000E+00      -1  -0.200E+00   17.84
  20   -19.0000     -10.770 0.4049   0.5000E+01  0.3145E-02 -0.5000E+01  0.0000E+00      -1  -0.200E+00   17.89
  21   -20.0000     -10.770 0.4049   0.5000E+01  0.3145E-02 -0.5000E+01  0.0000E+00      -1  -0.200E+00   17.95
  22   -21.0000     -10.770 0.4049   0.5000E+01  0.3145E-02 -0.5000E+01  0.0000E+00      -1  -0.200E+00   18.02
  23   -22.0000     -10.770 0.4049   0.5000E+01  0.3145E-02 -0.5000E+01  0.0000E+00      -1  -0.200E+00   18.11
  24   -23.0000     -10.770 0.4049   0.5000E+01  0.3145E-02 -0.5000E+01  0.0000E+00      -1  -0.200E+00   18.20
  25   -24.0000     -10.770 0.4049   0.5000E+01  0.3145E-02 -0.5000E+01  0.0000E+00      -1  -0.200E+00   18.30
  26   -25.0000     -10.770 0.4049   0.5000E+01  0.3145E-02 -0.5000E+01  0.0000E+00      -1  -0.200E+00   18.41
  27   -26.0000     -10.770 0.4049   0.5000E+01  0.3145E-02 -0.5000E+01  0.0000E+00      -1  -0.200E+00   18.52
  28   -27.0000     -10.770 0.4049   0.5000E+01  0.3145E-02 -0.5000E+01  0.0000E+00      -1  -0.200E+00   18.63
  29   -28.0000     -10.770 0.4049   0.5000E+01  0.3145E-02 -0.5000E+01  0.0000E+00      -1  -0.200E+00   18.74
  30   -29.0000     -10.770 0.4049   0.5000E+01  0.3145E-02 -0.5000E+01  0.0000E+00      -1  -0.200E+00   18.85
  31   -30.0000     -10.770 0.4049   0.5000E+01  0.3145E-02 -0.5000E+01  0.0000E+00      -1  -0.200E+00   18.96
  32   -31.0000     -10.770 0.4049   0.5000E+01  0.3145E-02 -0.5000E+01  0.0000E+00      -1  -0.200E+00   19.06
  33   -32.0000     -10.770 0.4049   0.5000E+01  0.3145E-02 -0.5000E+01  0.0000E+00      -1  -0.200E+00   19.16
  34   -33.0000     -10.770 0.4049   0.5000E+01  0.3145E-02 -0.5000E+01  0.0000E+00      -1  -0.200E+00   19.25
  35   -34.0000     -10.770 0.4049   0.5000E+01  0.3145E-02 -0.5000E+01  0.0000E+00      -1  -0.200E+00   19.34
  36   -35.0000     -10.770 0.4049   0.5000E+01  0.3145E-02 -0.5000E+01  0.0000E+00      -1  -0.200E+00   19.42
  37   -36.0000     -10.770 0.4049   0.5000E+01  0.3145E-02 -0.5000E+01  0.0000E+00      -1  -0.200E+00   19.50
  38   -37.0000     -10.770 0.4049   0.5000E+01  0.3145E-02 -0.5000E+01  0.0000E+00      -1  -0.200E+00   19.57
  39   -38.0000     -10.770 0.4049   0.5000E+01  0.3145E-02 -0.5000E+01  0.0000E+00      -1  -0.200E+00   19.64
  40   -39.0000     -10.770 0.4049   0.5000E+01  0.3145E-02 -0.5000E+01  0.0000E+00      -1  -0.200E+00   19.70
  41   -40.0000     -10.770 0.4049   0.5000E+01  0.3145E-02 -0.5000E+01  0.0000E+00      -1  -0.200E+00   19.75
  42   -41.0000     -10.770 0.4049   0.5000E+01  0.3145E-02 -0.5000E+01  0.0000E+00      -1  -0.200E+00   19.80
  43   -42.0000     -10.770 0.4049   0.5000E+01  0.3145E-02 -0.5000E+01  0.0000E+00      -1  -0.200E+00   19.85
  44   -43.0000     -10.770 0.4049   0.5000E+01  0.3145E-02 -0.5000E+01  0.0000E+00      -1  -0.200E+00   19.88
  45   -44.0000     -10.770 0.4049   0.5000E+01  0.3145E-02 -0.5000E+01  0.0000E+00      -1  -0.200E+00   19.92
  46   -45.0000     -10.770 0.4049   0.5000E+01  0.3145E-02 -0.5000E+01  0.0000E+00      -1  -0.200E+00   19.95
  47   -46.0000     -10.770 0.4049   0.5000E+01  0.3145E-02 -0.5000E+01  0.0000E+00      -1  -0.200E+00   19.97
  48   -47.0000     -10.770 0.4049   0.5000E+01  0.3145E-02 -0.5000E+01  0.0000E+00      -1  -0.200E+00   19.99
  49   -48.0000     -10.770 0.4049   0.5000E+01  0.3145E-02 -0.5000E+01  0.0000E+00      -1  -0.200E+00   20.01
  50   -49.0000     -10.770 0.4049   0.5000E+01  0.3145E-02 -0.5000E+01  0.0000E+00      -1  -0.200E+00   20.02
  51   -50.0000     -10.770 0.4049   0.5000E+01  0.3145E-02 -0.5000E+01  0.0000E+00      -1  -0.200E+00   20.04
  52   -51.0000     -10.770 0.4049   0.5000E+01  0.3145E-02 -0.5000E+01  0.0000E+00      -1  -0.200E+00   20.04
  53   -52.0000     -10.770 0.4049   0.5000E+01  0.3145E-02 -0.5000E+01  0.0000E+00      -1  -0.200E+00   20.05
  54   -53.0000     -10.770 0.4049   0.5000E+01  0.3145E-02 -0.5000E+01  0.0000E+00      -1  -0.200E+00   20.05
  55   -54.0000     -10.770 0.4049   0.5000E+01  0.3145E-02 -0.5000E+01  0.0000E+00      -1  -0.200E+00   20.06
  56   -55.0000     -10.770 0.4049   0.5000E+01  0.3145E-02 -0.5000E+01  0.0000E+00      -1  -0.200E+00   20.06
  57   -56.0000     -10.770 0.4049   0.5000E+01  0.3145E-02 -0.5000E+01  0.0000E+00      -1  -0.200E+00   20.05
  58   -57.0000     -10.770 0.4049   0.5000E+01  0.3145E-02 -0.5000E+01  0.0000E+00      -1  -0.200E+00   20.05
  59   -58.0000     -10.770 0.4049   0.5000E+01  0.3145E-02 -0.5000E+01  0.0000E+00      -1  -0.200E+00   20.05
  60   -59.0000     -10.770 0.4049   0.5000E+01  0.3145E-02 -0.5000E+01  0.0000E+00      -1  -0.200E+00   20.04
  61   -60.0000     -10.770 0.4049   0.5000E+01  0.3145E-02 -0.5000E+01  0.0000E+00      -1  -0.200E+00   20.04
  62   -61.0000     -10.770 0.4049   0.5000E+01  0.3145E-02 -0.5000E+01  0.0000E+00      -1  -0.200E+00   20.03
  63   -62.0000     -10.770 0.4049   0.5000E+01  0.3145E-02 -0.5000E+01  0.0000E+00      -1  -0.200E+00   20.03
  64   -63.0000     -10.770 0.4049   0.5000E+01  0.3145E-02 -0.5000E+01  0.0000E+00      -1  -0.200E+00   20.02
  65   -64.0000     -10.770 0.4049   0.5000E+01  0.3145E-02 -0.5000E+01  0.0000E+00      -1  -0.200E+00   20.01
  66   -65.0000     -10.770 0.4049   0.5000E+01  0.3145E-02 -0.5000E+01  0.0000E+00      -1  -0.200E+00   20.01
  67   -66.0000     -10.770 0.4049   0.5000E+01  0.3145E-02 -0.5000E+01  0.0000E+00      -1  -0.200E+00   20.00
  68   -67.0000     -10.770 0.4049   0.5000E+01  0.3145E-02 -0.5000E+01  0.0000E+00      -1  -0.200E+00   20.00
  69   -68.0000     -10.770 0.4049   0.5000E+01  0.3145E-02 -0.5000E+01  0.0000E+00      -1  -0.200E+00   19.99
  70   -69.0000     -10.770 0.4049   0.5000E+01  0.3145E-02 -0.5000E+01  0.0000E+00      -1  -0.200E+00   19.98
  71   -70.0000     -10.770 0.4049   0.5000E+01  0.3145E-02 -0.5000E+01  0.0000E+00      -1  -0.200E+00   19.98
  72   -71.0000     -10.770 0.4049   0.5000E+01  0.3145E-02 -0.5000E+01  0.0000E+00      -1  -0.200E+00   19.97
  73   -72.0000     -10.770 0.4049   0.5000E+01  0.3145E-02 -0.5000E+01  0.0000E+00      -1  -0.200E+00   19.97
  74   -73.0000     -10.770 0.4049   0.5000E+01  0.3145E-02 -0.5000E+01  0.0000E+00      -1  -0.200E+00   19.96
  75   -74.0000     -10.770 0.4049   0.5000E+01  0.3145E-02 -0.5000E+01  0.0000E+00      -1  -0.200E+00   19.96
  76   -75.0000     -10.770 0.4049   0.5000E+01  0.3145E-02 -0.5000E+01  0.0000E+00      -1  -0.200E+00   19.96
  77   -76.0000     -10.770 0.4049   0.5000E+01  0.3145E-02 -0.5000E+01  0.0000E+00      -1  -0.200E+00   19.95
  78   -77.0000     -10.770 0.4049   0.5000E+01  0.3145E-02 -0.5000E+01  0.0000E+00      -1  -0.200E+00   19.95
  79   -78.0000     -10.770 0.4049   0.5000E+01  0.3145E-02 -0.5000E+01  0.0000E+00      -1  -0.200E+00   19.95
  80   -79.0000     -10.770 0.4049   0.5000E+01  0.3145E-02 -0.5000E+01  0.0000E+00      -1  -0.200E+00   19.94
  81   -80.0000     -10.770 0.4049   0.5000E+01  0.3145E-02 -0.5000E+01  0.0000E+00      -1  -0.200E+00   19.94
  82   -81.0000     -10.770 0.4049   0.5000E+01  0.3145E-02 -0.5000E+01  0.0000E+00      -1  -0.200E+00   19.94
  83   -82.0000     -10.770 0.4049   0.5000E+01  0.3145E-02 -0.5000E+01  0.0000E+00      -1  -0.200E+00   19.94
  84   -83.0000     -10.770 0.4049   0.5000E+01  0.3145E-02 -0.5000E+01  0.0000E+00      -1  -0.200E+00   19.94
  85   -84.0000     -10.770 0.4049   0.5000E+01  0.3145E-02 -0.5000E+01  0.0000E+00      -1  -0.200E+00   19.94
  86   -85.0000     -10.770 0.4049   0.5000E+01  0.3145E-02 -0.5000E+01  0.0000E+00      -1  -0.200E+00   19.94
  87   -86.0000     -10.770 0.4049   0.5000E+01  0.3145E-02 -0.5000E+01  0.0000E+00      -1  -0.200E+00   19.94
  88   -87.0000     -10.770 0.4049   0.5000E+01  0.3145E-02 -0.5000E+01  0.0000E+00      -1  -0.200E+00   19.94
  89   -88.0000     -10.770 0.4049   0.5000E+01  0.3145E-02 -0.5000E+01  0.0000E+00      -1  -0.200E+00   19.93
  90   -89.0000     -10.770 0.4049   0.5000E+01  0.3145E-02 -0.5000E+01  0.0000E+00      -1  -0.200E+00   19.93
  91   -90.0000     -10.770 0.4049   0.5000E+01  0.3145E-02 -0.5000E+01  0.0000E+00      -1  -0.200E+00   19.93
  92   -91.0000     -10.770 0.4049   0.5000E+01  0.3145E-02 -0.5000E+01  0.0000E+00      -1  -0.200E+00   19.93
  93   -92.0000     -10.770 0.4049   0.5000E+01  0.3145E-02 -0.5000E+01  0.0000E+00      -1  -0.200E+00   19.93
  94   -93.0000     -10.770 0.4049   0.5000E+01  0.3145E-02 -0.5000E+01  0.0000E+00      -1  -0.200E+00   19.93
  95   -94.0000     -10.770 0.4049   0.5000E+01  0.3145E-02 -0.5000E+01  0.0000E+00      -1  -0.200E+00   19.93
  96   -95.0000     -10.770 0.4049   0.5000E+01  0.3145E-02 -0.5000E+01  0.0000E+00      -1  -0.200E+00   19.93
  97   -96.0000     -10.770 0.4049   0.5000E+01  0.3145E-02 -0.5000E+01  0.0000E+00      -1  -0.200E+00   19.93
  98   -97.0000     -10.770 0.4049   0.5000E+01  0.3145E-02 -0.5000E+01  0.0000E+00      -1  -0.200E+00   19.93
  99   -98.0000     -10.770 0.4049   0.5000E+01  0.3145E-02 -0.5000E+01  0.0000E+00      -1  -0.200E+00   19.93
 100   -99.0000     -10.770 0.4049   0.5000E+01  0.3145E-02 -0.5000E+01  0.0000E+00      -1  -0.200E+00   19.93
 101  -100.0000     -10.770 0.4049   0.5000E+01  0.3145E-02 -0.5000E+01  0.0000E+00      -1  -0.200E+00   19.93
end


 Time:        1.5000


 Node      Depth      Head Moisture       K          C         Flux        Sink         Kappa   v/KsTop   Temp
           [L]        [L]    [-]        [L/T]      [1/L]      [L/T]        [1/T]         [-]      [-]      [C]

   1     0.0000     -10.770 0.4049   0.5000E+01  0.3145E-02 -0.5000E+01  0.0000E+00      -1  -0.200E+00   29.66
   2    -1.0000     -10.770 0.4049   0.5000E+01  0.3145E-02 -0.5000E+01  0.0000E+00      -1  -0.200E+00   28.74
   3    -2.0000     -10.770 0.4049   0.5000E+01  0.3145E-02 -0.5000E+01  0.0000E+00      -1  -0.200E+00   27.85
   4    -3.0000     -10.770 0.4049   0.5000E+01  0.3145E-02 -0.5000E+01  0.0000E+00      -1  -0.200E+00   26.99
   5    -4.0000     -10.770 0.4049   0.5000E+01  0.3145E-02 -0.5000E+01  0.0000E+00      -1  -0.200E+00   26.17
   6    -5.0000     -10.770 0.4049   0.5000E+01  0.3145E-02 -0.5000E+01  0.0000E+00      -1  -0.200E+00   25.39
   7    -6.0000     -10.770 0.4049   0.5000E+01  0.3145E-02 -0.5000E+01  0.0000E+00      -1  -0.200E+00   24.66
   8    -7.0000     -10.770 0.4049   0.5000E+01  0.3145E-02 -0.5000E+01  0.0000E+00      -1  -0.200E+00   23.98
   9    -8.0000     -10.770 0.4049   0.5000E+01  0.3145E-02 -0.5000E+01  0.0000E+00      -1  -0.200E+00   23.34
  10    -9.0000     -10.770 0.4049   0.5000E+01  0.3145E-02 -0.5000E+01  0.0000E+00      -1  -0.200E+00   22.76
  11   -10.0000     -10.770 0.4049   0.5000E+01  0.3145E-02 -0.5000E+01  0.0000E+00      -1  -0.200E+00   22.22
  12   -11.0000     -10.770 0.4049   0.5000E+01  0.3145E-02 -0.5000E+01  0.0000E+00      -1  -0.200E+00   21.73
  13   -12.0000     -10.770 0.4049   0.5000E+01  0.3145E-02 -0.5000E+01  0.0000E+00      -1  -0.200E+00   21.29
  14   -13.0000     -10.770 0.4049   0.5000E+01  0.3145E-02 -0.5000E+01  0.0000E+00      -1  -0.200E+00   20.90
  15   -14.0000     -10.770 0.4049   0.5000E+01  0.3145E-02 -0.5000E+01  0.0000E+00      -1  -0.200E+00   20.55
  16   -15.0000     -10.770 0.4049   0.5000E+01  0.3145E-02 -0.5000E+01  0.0000E+00      -1  -0.200E+00   20.24
  17   -16.0000     -10.770 0.4049   0.5000E+01  0.3145E-02 -0.5000E+01  0.0000E+00      -1  -0.200E+00   19.97
  18   -17.0000     -10.770 0.4049   0.5000E+01  0.3145E-02 -0.5000E+01  0.0000E+00      -1  -0.200E+00   19.74
  19   -18.0000     -10.770 0.4049   0.5000E+01  0.3145E-02 -0.5000E+01  0.0000E+00      -1  -0.200E+00   19.54
  20   -19.0000     -10.770 0.4049   0.5000E+01  0.3145E-02 -0.5000E+01  0.0000E+00      -1  -0.200E+00   19.38
  21   -20.0000     -10.770 0.4049   0.5000E+01  0.3145E-02 -0.5000E+01  0.0000E+00      -1  -0.200E+00   19.24
  22   -21.0000     -10.770 0.4049   0.5000E+01  0.3145E-02 -0.5000E+01  0.0000E+00      -1  -0.200E+00   19.13
  23   -22.0000     -10.770 0.4049   0.5000E+01  0.3145E-02 -0.5000E+01  0.0000E+00      -1  -0.200E+00   19.05
  24   -23.0000     -10.770 0.4049   0.5000E+01  0.3145E-02 -0.5000E+01  0.0000E+00      -1  -0.200E+00   18.99
  25   -24.0000     -10.770 0.4049   0.5000E+01  0.3145E-02 -0.5000E+01  0.0000E+00      -1  -0.200E+00   18.94
  26   -25.0000     -10.770 0.4049   0.5000E+01  0.3145E-02 -0.5000E+01  0.0000E+00      -1  -0.200E+00   18.92
  27   -26.0000     -10.770 0.4049   0.5000E+01  0.3145E-02 -0.5000E+01  0.0000E+00      -1  -0.200E+00   18.91
  28   -27.0000     -10.770 0.4049   0.5000E+01  0.3145E-02 -0.5000E+01  0.0000E+00      -1  -0.200E+00   18.91
  29   -28.0000     -10.770 0.4049   0.5000E+01  0.3145E-02 -0.5000E+01  0.0000E+00      -1  -0.200E+00   18.92
  30   -29.0000     -10.770 0.4049   0.5000E+01  0.3145E-02 -0.5000E+01  0.0000E+00      -1  -0.200E+00   18.95
  31   -30.0000     -10.770 0.4049   0.5000E+01  0.3145E-02 -0.5000E+01  0.0000E+00      -1  -0.200E+00   18.98
  32   -31.0000     -10.770 0.4049   0.5000E+01  0.3145E-02 -0.5000E+01  0.0000E+00      -1  -0.200E+00   19.02
  33   -32.0000     -10.770 0.4049   0.5000E+01  0.3145E-02 -0.5000E+01  0.0000E+00      -1  -0.200E+00   19.06
  34   -33.0000     -10.770 0.4049   0.5000E+01  0.3145E-02 -0.5000E+01  0.0000E+00      -1  -0.200E+00   19.11
  35   -34.0000     -10.770 0.4049   0.5000E+01  0.3145E-02 -0.5000E+01  0.0000E+00      -1  -0.200E+00   19.16
  36   -35.0000     -10.770 0.4049   0.5000E+01  0.3145E-02 -0.5000E+01  0.0000E+00      -1  -0.200E+00   19.21
  37   -36.0000     -10.770 0.4049   0.5000E+01  0.3145E-02 -0.5000E+01  0.0000E+00      -1  -0.200E+00   19.27
  38   -37.0000     -10.770 0.4049   0.5000E+01  0.3145E-02 -0.5000E+01  0.0000E+00      -1  -0.200E+00   19.32
  39   -38.0000     -10.770 0.4049   0.5000E+01  0.3145E-02 -0.5000E+01  0.0000E+00      -1  -0.200E+00   19.37
  40   -39.0000     -10.770 0.4049   0.5000E+01  0.3145E-02 -0.5000E+01  0.0000E+00      -1  -0.200E+00   19.43
  41   -40.0000     -10.770 0.4049   0.5000E+01  0.3145E-02 -0.5000E+01  0.0000E+00      -1  -0.200E+00   19.48
  42   -41.0000     -10.770 0.4049   0.5000E+01  0.3145E-02 -0.5000E+01  0.0000E+00      -1  -0.200E+00   19.53
  43   -42.0000     -10.770 0.4049   0.5000E+01  0.3145E-02 -0.5000E+01  0.0000E+00      -1  -0.200E+00   19.57
  44   -43.0000     -10.770 0.4049   0.5000E+01  0.3145E-02 -0.5000E+01  0.0000E+00      -1  -0.200E+00   19.62
  45   -44.0000     -10.770 0.4049   0.5000E+01  0.3145E-02 -0.5000E+01  0.0000E+00      -1  -0.200E+00   19.66
  46   -45.0000     -10.770 0.4049   0.5000E+01  0.3145E-02 -0.5000E+01  0.0000E+00      -1  -0.200E+00   19.70
  47   -46.0000     -10.770 0.4049   0.5000E+01  0.3145E-02 -0.5000E+01  0.0000E+00      -1  -0.200E+00   19.74
  48   -47.0000     -10.770 0.4049   0.5000E+01  0.3145E-02 -0.5000E+01  0.0000E+00      -1  -0.200E+00   19.77
  49   -48.0000     -10.770 0.4049   0.5000E+01  0.3145E-02 -0.5000E+01  0.0000E+00      -1  -0.200E+00   19.80
  50   -49.0000     -10.770 0.4049   0.5000E+01  0.3145E-02 -0.5000E+01  0.0000E+00      -1  -0.200E+00   19.83
  51   -50.0000     -10.770 0.4049   0.5000E+01  0.3145E-02 -0.5000E+01  0.0000E+00      -1  -0.200E+00   19.85
  52   -51.0000     -10.770 0.4049   0.5000E+01  0.3145E-02 -0.5000E+01  0.0000E+00      -1  -0.200E+00   19.88
  53   -52.0000     -10.770 0.4049   0.5000E+01  0.3145E-02 -0.5000E+01  0.0000E+00      -1  -0.200E+00   19.90
  54   -53.0000     -10.770 0.4049   0.5000E+01  0.3145E-02 -0.5000E+01  0.0000E+00      -1  -0.200E+00   19.92
  55   -54.0000     -10.770 0.4049   0.5000E+01  0.3145E-02 -0.5000E+01  0.0000E+00      -1  -0.200E+00   19.93
  56   -55.0000     -10.770 0.4049   0.5000E+01  0.3145E-02 -0.5000E+01  0.0000E+00      -1  -0.200E+00   19.94
  57   -56.0000     -10.770 0.4049   0.5000E+01  0.3145E-02 -0.5000E+01  0.0000E+00      -1  -0.200E+00   19.96
  58   -57.0000     -10.770 0.4049   0.5000E+01  0.3145E-02 -0.5000E+01  0.0000E+00      -1  -0.200E+00   19.97
  59   -58.0000     -10.770 0.4049   0.5000E+01  0.3145E-02 -0.5000E+01  0.0000E+00      -1  -0.200E+00   19.97
  60   -59.0000     -10.770 0.4049   0.5000E+01  0.3145E-02 -0.5000E+01  0.0000E+00      -1  -0.200E+00   19.98
  61   -60.0000     -10.770 0.4049   0.5000E+01  0.3145E-02 -0.5000E+01  0.0000E+00      -1  -0.200E+00   19.98
  62   -61.0000     -10.770 0.4049   0.5000E+01  0.3145E-02 -0.5000E+01  0.0000E+00      -1  -0.200E+00   19.99
  63   -62.0000     -10.770 0.4049   0.5000E+01  0.3145E-02 -0.5000E+01  0.0000E+00      -1  -0.200E+00   19.99
  64   -63.0000     -10.770 0.4049   0.5000E+01  0.3145E-02 -0.5000E+01  0.0000E+00      -1  -0.200E+00   19.99
  65   -64.0000     -10.770 0.4049   0.5000E+01  0.3145E-02 -0.5000E+01  0.0000E+00      -1  -0.200E+00   19.99
  66   -65.0000     -10.770 0.4049   0.5000E+01  0.3145E-02 -0.5000E+01  0.0000E+00      -1  -0.200E+00   19.99
  67   -66.0000     -10.770 0.4049   0.5000E+01  0.3145E-02 -0.5000E+01  0.0000E+00      -1  -0.200E+00   19.99
  68   -67.0000     -10.770 0.4049   0.5000E+01  0.3145E-02 -0.5000E+01  0.0000E+00      -1  -0.200E+00   19.99
  69   -68.0000     -10.770 0.4049   0.5000E+01  0.3145E-02 -0.5000E+01  0.0000E+00      -1  -0.200E+00   19.99
  70   -69.0000     -10.770 0.4049   0.5000E+01  0.3145E-02 -0.5000E+01  0.0000E+00      -1  -0.200E+00   19.99
  71   -70.0000     -10.770 0.4049   0.5000E+01  0.3145E-02 -0.5000E+01  0.0000E+00      -1  -0.200E+00   19.99
  72   -71.0000     -10.770 0.4049   0.5000E+01  0.3145E-02 -0.5000E+01  0.0000E+00      -1  -0.200E+00   19.98
  73   -72.0000     -10.770 0.4049   0.5000E+01  0.3145E-02 -0.5000E+01  0.0000E+00      -1  -0.200E+00   19.98
  74   -73.0000     -10.770 0.4049   0.5000E+01  0.3145E-02 -0.5000E+01  0.0000E+00      -1  -0.200E+00   19.98
  75   -74.0000     -10.770 0.4049   0.5000E+01  0.3145E-02 -0.5000E+01  0.0000E+00      -1  -0.200E+00   19.97
  76   -75.0000     -10.770 0.4049   0.5000E+01  0.3145E-02 -0.5000E+01  0.0000E+00      -1  -0.200E+00   19.97
  77   -76.0000     -10.770 0.4049   0.5000E+01  0.3145E-02 -0.5000E+01  0.0000E+00      -1  -0.200E+00   19.97
  78   -77.0000     -10.770 0.4049   0.5000E+01  0.3145E-02 -0.5000E+01  0.0000E+00      -1  -0.200E+00   19.97
  79   -78.0000     -10.770 0.4049   0.5000E+01  0.3145E-02 -0.5000E+01  0.0000E+00      -1  -0.200E+00   19.96
  80   -79.0000     -10.770 0.4049   0.5000E+01  0.3145E-02 -0.5000E+01  0.0000E+00      -1  -0.200E+00   19.96
  81   -80.0000     -10.770 0.4049   0.5000E+01  0.3145E-02 -0.5000E+01  0.0000E+00      -1  -0.200E+00   19.96
  82   -81.0000     -10.770 0.4049   0.5000E+01  0.3145E-02 -0.5000E+01  0.0000E+00      -1  -0.200E+00   19.96
  83   -82.0000     -10.770 0.4049   0.5000E+01  0.3145E-02 -0.5000E+01  0.0000E+00      -1  -0.200E+00   19.95
  84   -83.0000     -10.770 0.4049   0.5000E+01  0.3145E-02 -0.5000E+01  0.0000E+00      -1  -0.200E+00   19.95
  85   -84.0000     -10.770 0.4049   0.5000E+01  0.3145E-02 -0.5000E+01  0.0000E+00      -1  -0.200E+00   19.95
  86   -85.0000     -10.770 0.4049   0.5000E+01  0.3145E-02 -0.5000E+01  0.0000E+00      -1  -0.200E+00   19.95
  87   -86.0000     -10.770 0.4049   0.5000E+01  0.3145E-02 -0.5000E+01  0.0000E+00      -1  -0.200E+00   19.95
  88   -87.0000     -10.770 0.4049   0.5000E+01  0.3145E-02 -0.5000E+01  0.0000E+00      -1  -0.200E+00   19.94
  89   -88.0000     -10.770 0.4049   0.5000E+01  0.3145E-02 -0.5000E+01  0.0000E+00      -1  -0.200E+00   19.94
  90   -89.0000     -10.770 0.4049   0.5000E+01  0.3145E-02 -0.5000E+01  0.0000E+00      -1  -0.200E+00   19.94
  91   -90.0000     -10.770 0.4049   0.5000E+01  0.3145E-02 -0.5000E+01  0.0000E+00      -1  -0.200E+00   19.94
  92   -91.0000     -10.770 0.4049   0.5000E+01  0.3145E-02 -0.5000E+01  0.0000E+00      -1  -0.200E+00   19.94
  93   -92.0000     -10.770 0.4049   0.5000E+01  0.3145E-02 -0.5000E+01  0.0000E+00      -1  -0.200E+00   19.94
  94   -93.0000     -10.770 0.4049   0.5000E+01  0.3145E-02 -0.5000E+01  0.0000E+00      -1  -0.200E+00   19.94
  95   -94.0000     -10.770 0.4049   0.5000E+01  0.3145E-02 -0.5000E+01  0.0000E+00      -1  -0.200E+00   19.94
  96   -95.0000     -10.770 0.4049   0.5000E+01  0.3145E-02 -0.5000E+01  0.0000E+00      -1  -0.200E+00   19.94
  97   -96.0000     -10.770 0.4049   0.5000E+01  0.3145E-02 -0.5000E+01  0.0000E+00      -1  -0.200E+00   19.94
  98   -97.0000     -10.770 0.4049   0.5000E+01  0.3145E-02 -0.5000E+01  0.0000E+00      -1  -0.200E+00   19.94
  99   -98.0000     -10.770 0.4049   0.5000E+01  0.3145E-02 -0.5000E+01  0.0000E+00      -1  -0.200E+00   19.94
 100   -99.0000     -10.770 0.4049   0.5000E+01  0.3145E-02 -0.5000E+01  0.0000E+00      -1  -0.200E+00   19.94
 101  -100.0000     -10.770 0.4049   0.5000E+01  0.3145E-02 -0.5000E+01  0.0000E+00      -1  -0.200E+00   19.94
end


 Time:        1.6250


 Node      Depth      Head Moisture       K          C         Flux        Sink         Kappa   v/KsTop   Temp
           [L]        [L]    [-]        [L/T]      [1/L]      [L/T]        [1/T]         [-]      [-]      [C]

   1     0.0000     -10.770 0.4049   0.5000E+01  0.3145E-02 -0.5000E+01  0.0000E+00      -1  -0.200E+00   28.66
   2    -1.0000     -10.770 0.4049   0.5000E+01  0.3145E-02 -0.5000E+01  0.0000E+00      -1  -0.200E+00   28.39
   3    -2.0000     -10.770 0.4049   0.5000E+01  0.3145E-02 -0.5000E+01  0.0000E+00      -1  -0.200E+00   28.06
   4    -3.0000     -10.770 0.4049   0.5000E+01  0.3145E-02 -0.5000E+01  0.0000E+00      -1  -0.200E+00   27.69
   5    -4.0000     -10.770 0.4049   0.5000E+01  0.3145E-02 -0.5000E+01  0.0000E+00      -1  -0.200E+00   27.28
   6    -5.0000     -10.770 0.4049   0.5000E+01  0.3145E-02 -0.5000E+01  0.0000E+00      -1  -0.200E+00   26.84
   7    -6.0000     -10.770 0.4049   0.5000E+01  0.3145E-02 -0.5000E+01  0.0000E+00      -1  -0.200E+00   26.39
   8    -7.0000     -10.770 0.4049   0.5000E+01  0.3145E-02 -0.5000E+01  0.0000E+00      -1  -0.200E+00   25.92
   9    -8.0000     -10.770 0.4049   0.5000E+01  0.3145E-02 -0.5000E+01  0.0000E+00      -1  -0.200E+00   25.46
  10    -9.0000     -10.770 0.4049   0.5000E+01  0.3145E-02 -0.5000E+01  0.0000E+00      -1  -0.200E+00   24.99
  11   -10.0000     -10.770 0.4049   0.5000E+01  0.3145E-02 -0.5000E+01  0.0000E+00      -1  -0.200E+00   24.53
  12   -11.0000     -10.770 0.4049   0.5000E+01  0.3145E-02 -0.5000E+01  0.0000E+00      -1  -0.200E+00   24.09
  13   -12.0000     -10.770 0.4049   0.5000E+01  0.3145E-02 -0.5000E+01  0.0000E+00      -1  -0.200E+00   23.65
  14   -13.0000     -10.770 0.4049   0.5000E+01  0.3145E-02 -0.5000E+01  0.0000E+00      -1  -0.200E+00   23.24
  15   -14.0000     -10.770 0.4049   0.5000E+01  0.3145E-02 -0.5000E+01  0.0000E+00      -1  -0.200E+00   22.85
  16   -15.0000     -10.770 0.4049   0.5000E+01  0.3145E-02 -0.5000E+01  0.0000E+00      -1  -0.200E+00   22.47
  17   -16.0000     -10.770 0.4049   0.5000E+01  0.3145E-02 -0.5000E+01  0.0000E+00      -1  -0.200E+00   22.13
  18   -17.0000     -10.770 0.4049   0.5000E+01  0.3145E-02 -0.5000E+01  0.0000E+00      -1  -0.200E+00   21.80
  19   -18.0000     -10.770 0.4049   0.5000E+01  0.3145E-02 -0.5000E+01  0.0000E+00      -1  -0.200E+00   21.50
  20   -19.0000     -10.770 0.4049   0.5000E+01  0.3145E-02 -0.5000E+01  0.0000E+00      -1  -0.200E+00   21.22
  21   -20.0000     -10.770 0.4049   0.5000E+01  0.3145E-02 -0.5000E+01  0.0000E+00      -1  -0.200E+00   20.97
  22   -21.0000     -10.770 0.4049   0.5000E+01  0.3145E-02 -0.5000E+01  0.0000E+00      -1  -0.200E+00   20.74
  23   -22.0000     -10.770 0.4049   0.5000E+01  0.3145E-02 -0.5000E+01  0.0000E+00      -1  -0.200E+00   20.53
  24   -23.0000     -10.770 0.4049   0.5000E+01  0.3145E-02 -0.5000E+01  0.0000E+00      -1  -0.200E+00   20.35
  25   -24.0000     -10.770 0.4049   0.5000E+01  0.3145E-02 -0.5000E+01  0.0000E+00      -1  -0.200E+00   20.18
  26   -25.0000     -10.770 0.4049   0.5000E+01  0.3145E-02 -0.5000E+01  0.0000E+00      -1  -0.200E+00   20.04
  27   -26.0000     -10.770 0.4049   0.5000E+01  0.3145E-02 -0.5000E+01  0.0000E+00      -1  -0.200E+00   19.91
  28   -27.0000     -10.770 0.4049   0.5000E+01  0.3145E-02 -0.5000E+01  0.0000E+00      -1  -0.200E+00   19.81
  29   -28.0000     -10.770 0.4049   0.5000E+01  0.3145E-02 -0.5000E+01  0.0000E+00      -1  -0.200E+00   19.72
  30   -29.0000     -10.770 0.4049   0.5000E+01  0.3145E-02 -0.5000E+01  0.0000E+00      -1  -0.200E+00   19.64
  31   -30.0000     -10.770 0.4049   0.5000E+01  0.3145E-02 -0.5000E+01  0.0000E+00      -1  -0.200E+00   19.58
  32   -31.0000     -10.770 0.4049   0.5000E+01  0.3145E-02 -0.5000E+01  0.0000E+00      -1  -0.200E+00   19.53
  33   -32.0000     -10.770 0.4049   0.5000E+01  0.3145E-02 -0.5000E+01  0.0000E+00      -1  -0.200E+00   19.49
  34   -33.0000     -10.770 0.4049   0.5000E+01  0.3145E-02 -0.5000E+01  0.0000E+00      -1  -0.200E+00   19.47
  35   -34.0000     -10.770 0.4049   0.5000E+01  0.3145E-02 -0.5000E+01  0.0000E+00      -1  -0.200E+00   19.45
  36   -35.0000     -10.770 0.4049   0.5000E+01  0.3145E-02 -0.5000E+01  0.0000E+00      -1  -0.200E+00   19.44
  37   -36.0000     -10.770 0.4049   0.5000E+01  0.3145E-02 -0.5000E+01  0.0000E+00      -1  -0.200E+00   19.44
  38   -37.0000     -10.770 0.4049   0.5000E+01  0.3145E-02 -0.5000E+01  0.0000E+00      -1  -0.200E+00   19.44
  39   -38.0000     -10.770 0.4049   0.5000E+01  0.3145E-02 -0.5000E+01  0.0000E+00      -1  -0.200E+00   19.45
  40   -39.0000     -10.770 0.4049   0.5000E+01  0.3145E-02 -0.5000E+01  0.0000E+00      -1  -0.200E+00   19.46
  41   -40.0000     -10.770 0.4049   0.5000E+01  0.3145E-02 -0.5000E+01  0.0000E+00      -1  -0.200E+00   19.48
  42   -41.0000     -10.770 0.4049   0.5000E+01  0.3145E-02 -0.5000E+01  0.0000E+00      -1  -0.200E+00   19.50
  43   -42.0000     -10.770 0.4049   0.5000E+01  0.3145E-02 -0.5000E+01  0.0000E+00      -1  -0.200E+00   19.52
  44   -43.0000     -10.770 0.4049   0.5000E+01  0.3145E-02 -0.5000E+01  0.0000E+00      -1  -0.200E+00   19.54
  45   -44.0000     -10.770 0.4049   0.5000E+01  0.3145E-02 -0.5000E+01  0.0000E+00      -1  -0.200E+00   19.57
  46   -45.0000     -10.770 0.4049   0.5000E+01  0.3145E-02 -0.5000E+01  0.0000E+00      -1  -0.200E+00   19.59
  47   -46.0000     -10.770 0.4049   0.5000E+01  0.3145E-02 -0.5000E+01  0.0000E+00      -1  -0.200E+00   19.62
  48   -47.0000     -10.770 0.4049   0.5000E+01  0.3145E-02 -0.5000E+01  0.0000E+00      -1  -0.200E+00   19.65
  49   -48.0000     -10.770 0.4049   0.5000E+01  0.3145E-02 -0.5000E+01  0.0000E+00      -1  -0.200E+00   19.67
  50   -49.0000     -10.770 0.4049   0.5000E+01  0.3145E-02 -0.5000E+01  0.0000E+00      -1  -0.200E+00   19.70
  51   -50.0000     -10.770 0.4049   0.5000E+01  0.3145E-02 -0.5000E+01  0.0000E+00      -1  -0.200E+00   19.72
  52   -51.0000     -10.770 0.4049   0.5000E+01  0.3145E-02 -0.5000E+01  0.0000E+00      -1  -0.200E+00   19.74
  53   -52.0000     -10.770 0.4049   0.5000E+01  0.3145E-02 -0.5000E+01  0.0000E+00      -1  -0.200E+00   19.77
  54   -53.0000     -10.770 0.4049   0.5000E+01  0.3145E-02 -0.5000E+01  0.0000E+00      -1  -0.200E+00   19.79
  55   -54.0000     -10.770 0.4049   0.5000E+01  0.3145E-02 -0.5000E+01  0.0000E+00      -1  -0.200E+00   19.81
  56   -55.0000     -10.770 0.4049   0.5000E+01  0.3145E-02 -0.5000E+01  0.0000E+00      -1  -0.200E+00   19.83
  57   -56.0000     -10.770 0.4049   0.5000E+01  0.3145E-02 -0.5000E+01  0.0000E+00      -1  -0.200E+00   19.84
  58   -57.0000     -10.770 0.4049   0.5000E+01  0.3145E-02 -0.5000E+01  0.0000E+00      -1  -0.200E+00   19.86
  59   -58.0000     -10.770 0.4049   0.5000E+01  0.3145E-02 -0.5000E+01  0.0000E+00      -1  -0.200E+00   19.87
  60   -59.0000     -10.770 0.4049   0.5000E+01  0.3145E-02 -0.5000E+01  0.0000E+00      -1  -0.200E+00   19.89
  61   -60.0000     -10.770 0.4049   0.5000E+01  0.3145E-02 -0.5000E+01  0.0000E+00      -1  -0.200E+00   19.90
  62   -61.0000     -10.770 0.4049   0.5000E+01  0.3145E-02 -0.5000E+01  0.0000E+00      -1  -0.200E+00   19.91
  63   -62.0000     -10.770 0.4049   0.5000E+01  0.3145E-02 -0.5000E+01  0.0000E+00      -1  -0.200E+00   19.92
  64   -63.0000     -10.770 0.4049   0.5000E+01  0.3145E-02 -0.5000E+01  0.0000E+00      -1  -0.200E+00   19.93
  65   -64.0000     -10.770 0.4049   0.5000E+01  0.3145E-02 -0.5000E+01  0.0000E+00      -1  -0.200E+00   19.94
  66   -65.0000     -10.770 0.4049   0.5000E+01  0.3145E-02 -0.5000E+01  0.0000E+00      -1  -0.200E+00   19.94
  67   -66.0000     -10.770 0.4049   0.5000E+01  0.3145E-02 -0.5000E+01  0.0000E+00      -1  -0.200E+00   19.95
  68   -67.0000     -10.770 0.4049   0.5000E+01  0.3145E-02 -0.5000E+01  0.0000E+00      -1  -0.200E+00   19.95
  69   -68.0000     -10.770 0.4049   0.5000E+01  0.3145E-02 -0.5000E+01  0.0000E+00      -1  -0.200E+00   19.96
  70   -69.0000     -10.770 0.4049   0.5000E+01  0.3145E-02 -0.5000E+01  0.0000E+00      -1  -0.200E+00   19.96
  71   -70.0000     -10.770 0.4049   0.5000E+01  0.3145E-02 -0.5000E+01  0.0000E+00      -1  -0.200E+00   19.96
  72   -71.0000     -10.770 0.4049   0.5000E+01  0.3145E-02 -0.5000E+01  0.0000E+00      -1  -0.200E+00   19.96
  73   -72.0000     -10.770 0.4049   0.5000E+01  0.3145E-02 -0.5000E+01  0.0000E+00      -1  -0.200E+00   19.96
  74   -73.0000     -10.770 0.4049   0.5000E+01  0.3145E-02 -0.5000E+01  0.0000E+00      -1  -0.200E+00   19.96
  75   -74.0000     -10.770 0.4049   0.5000E+01  0.3145E-02 -0.5000E+01  0.0000E+00      -1  -0.200E+00   19.96
  76   -75.0000     -10.770 0.4049   0.5000E+01  0.3145E-02 -0.5000E+01  0.0000E+00      -1  -0.200E+00   19.96
  77   -76.0000     -10.770 0.4049   0.5000E+01  0.3145E-02 -0.5000E+01  0.0000E+00      -1  -0.200E+00   19.96
  78   -77.0000     -10.770 0.4049   0.5000E+01  0.3145E-02 -0.5000E+01  0.0000E+00      -1  -0.200E+00   19.96
  79   -78.0000     -10.770 0.4049   0.5000E+01  0.3145E-02 -0.5000E+01  0.0000E+00      -1  -0.200E+00   19.96
  80   -79.0000     -10.770 0.4049   0.5000E+01  0.3145E-02 -0.5000E+01  0.0000E+00      -1  -0.200E+00   19.96
  81   -80.0000     -10.770 0.4049   0.5000E+01  0.3145E-02 -0.5000E+01  0.0000E+00      -1  -0.200E+00   19.96
  82   -81.0000     -10.770 0.4049   0.5000E+01  0.3145E-02 -0.5000E+01  0.0000E+00      -1  -0.200E+00   19.96
  83   -82.0000     -10.770 0.4049   0.5000E+01  0.3145E-02 -0.5000E+01  0.0000E+00      -1  -0.200E+00   19.96
  84   -83.0000     -10.770 0.4049   0.5000E+01  0.3145E-02 -0.5000E+01  0.0000E+00      -1  -0.200E+00   19.96
  85   -84.0000     -10.770 0.4049   0.5000E+01  0.3145E-02 -0.5000E+01  0.0000E+00      -1  -0.200E+00   19.96
  86   -85.0000     -10.770 0.4049   0.5000E+01  0.3145E-02 -0.5000E+01  0.0000E+00      -1  -0.200E+00   19.95
  87   -86.0000     -10.770 0.4049   0.5000E+01  0.3145E-02 -0.5000E+01  0.0000E+00      -1  -0.200E+00   19.95
  88   -87.0000     -10.770 0.4049   0.5000E+01  0.3145E-02 -0.5000E+01  0.0000E+00      -1  -0.200E+00   19.95
  89   -88.0000     -10.770 0.4049   0.5000E+01  0.3145E-02 -0.5000E+01  0.0000E+00      -1  -0.200E+00   19.95
  90   -89.0000     -10.770 0.4049   0.5000E+01  0.3145E-02 -0.5000E+01  0.0000E+00      -1  -0.200E+00   19.95
  91   -90.0000     -10.770 0.4049   0.5000E+01  0.3145E-02 -0.5000E+01  0.0000E+00      -1  -0.200E+00   19.95
  92   -91.0000     -10.770 0.4049   0.5000E+01  0.3145E-02 -0.5000E+01  0.0000E+00      -1  -0.200E+00   19.95
  93   -92.0000     -10.770 0.4049   0.5000E+01  0.3145E-02 -0.5000E+01  0.0000E+00      -1  -0.200E+00   19.95
  94   -93.0000     -10.770 0.4049   0.5000E+01  0.3145E-02 -0.5000E+01  0.0000E+00      -1  -0.200E+00   19.95
  95   -94.0000     -10.770 0.4049   0.5000E+01  0.3145E-02 -0.5000E+01  0.0000E+00      -1  -0.200E+00   19.95
  96   -95.0000     -10.770 0.4049   0.5000E+01  0.3145E-02 -0.5000E+01  0.0000E+00      -1  -0.200E+00   19.94
  97   -96.0000     -10.770 0.4049   0.5000E+01  0.3145E-02 -0.5000E+01  0.0000E+00      -1  -0.200E+00   19.94
  98   -97.0000     -10.770 0.4049   0.5000E+01  0.3145E-02 -0.5000E+01  0.0000E+00      -1  -0.200E+00   19.94
  99   -98.0000     -10.770 0.4049   0.5000E+01  0.3145E-02 -0.5000E+01  0.0000E+00      -1  -0.200E+00   19.94
 100   -99.0000     -10.770 0.4049   0.5000E+01  0.3145E-02 -0.5000E+01  0.0000E+00      -1  -0.200E+00   19.94
 101  -100.0000     -10.770 0.4049   0.5000E+01  0.3145E-02 -0.5000E+01  0.0000E+00      -1  -0.200E+00   19.94
end


 Time:        1.7500


 Node      Depth      Head Moisture       K          C         Flux        Sink         Kappa   v/KsTop   Temp
           [L]        [L]    [-]        [L/T]      [1/L]      [L/T]        [1/T]         [-]      [-]      [C]

   1     0.0000     -10.770 0.4049   0.5000E+01  0.3145E-02 -0.5000E+01  0.0000E+00      -1  -0.200E+00   22.59
   2    -1.0000     -10.770 0.4049   0.5000E+01  0.3145E-02 -0.5000E+01  0.0000E+00      -1  -0.200E+00   23.13
   3    -2.0000     -10.770 0.4049   0.5000E+01  0.3145E-02 -0.5000E+01  0.0000E+00      -1  -0.200E+00   23.56
   4    -3.0000     -10.770 0.4049   0.5000E+01  0.3145E-02 -0.5000E+01  0.0000E+00      -1  -0.200E+00   23.89
   5    -4.0000     -10.770 0.4049   0.5000E+01  0.3145E-02 -0.5000E+01  0.0000E+00      -1  -0.200E+00   24.13
   6    -5.0000     -10.770 0.4049   0.5000E+01  0.3145E-02 -0.5000E+01  0.0000E+00      -1  -0.200E+00   24.28
   7    -6.0000     -10.770 0.4049   0.5000E+01  0.3145E-02 -0.5000E+01  0.0000E+00      -1  -0.200E+00   24.37
   8    -7.0000     -10.770 0.4049   0.5000E+01  0.3145E-02 -0.5000E+01  0.0000E+00      -1  -0.200E+00   24.40
   9    -8.0000     -10.770 0.4049   0.5000E+01  0.3145E-02 -0.5000E+01  0.0000E+00      -1  -0.200E+00   24.37
  10    -9.0000     -10.770 0.4049   0.5000E+01  0.3145E-02 -0.5000E+01  0.0000E+00      -1  -0.200E+00   24.30
  11   -10.0000     -10.770 0.4049   0.5000E+01  0.3145E-02 -0.5000E+01  0.0000E+00      -1  -0.200E+00   24.18
  12   -11.0000     -10.770 0.4049   0.5000E+01  0.3145E-02 -0.5000E+01  0.0000E+00      -1  -0.200E+00   24.04
  13   -12.0000     -10.770 0.4049   0.5000E+01  0.3145E-02 -0.5000E+01  0.0000E+00      -1  -0.200E+00   23.87
  14   -13.0000     -10.770 0.4049   0.5000E+01  0.3145E-02 -0.5000E+01  0.0000E+00      -1  -0.200E+00   23.67
  15   -14.0000     -10.770 0.4049   0.5000E+01  0.3145E-02 -0.5000E+01  0.0000E+00      -1  -0.200E+00   23.47
  16   -15.0000     -10.770 0.4049   0.5000E+01  0.3145E-02 -0.5000E+01  0.0000E+00      -1  -0.200E+00   23.25
  17   -16.0000     -10.770 0.4049   0.5000E+01  0.3145E-02 -0.5000E+01  0.0000E+00      -1  -0.200E+00   23.02
  18   -17.0000     -10.770 0.4049   0.5000E+01  0.3145E-02 -0.5000E+01  0.0000E+00      -1  -0.200E+00   22.79
  19   -18.0000     -10.770 0.4049   0.5000E+01  0.3145E-02 -0.5000E+01  0.0000E+00      -1  -0.200E+00   22.56
  20   -19.0000     -10.770 0.4049   0.5000E+01  0.3145E-02 -0.5000E+01  0.0000E+00      -1  -0.200E+00   22.34
  21   -20.0000     -10.770 0.4049   0.5000E+01  0.3145E-02 -0.5000E+01  0.0000E+00      -1  -0.200E+00   22.11
  22   -21.0000     -10.770 0.4049   0.5000E+01  0.3145E-02 -0.5000E+01  0.0000E+00      -1  -0.200E+00   21.90
  23   -22.0000     -10.770 0.4049   0.5000E+01  0.3145E-02 -0.5000E+01  0.0000E+00      -1  -0.200E+00   21.69
  24   -23.0000     -10.770 0.4049   0.5000E+01  0.3145E-02 -0.5000E+01  0.0000E+00      -1  -0.200E+00   21.49
  25   -24.0000     -10.770 0.4049   0.5000E+01  0.3145E-02 -0.5000E+01  0.0000E+00      -1  -0.200E+00   21.30
  26   -25.0000     -10.770 0.4049   0.5000E+01  0.3145E-02 -0.5000E+01  0.0000E+00      -1  -0.200E+00   21.12
  27   -26.0000     -10.770 0.4049   0.5000E+01  0.3145E-02 -0.5000E+01  0.0000E+00      -1  -0.200E+00   20.95
  28   -27.0000     -10.770 0.4049   0.5000E+01  0.3145E-02 -0.5000E+01  0.0000E+00      -1  -0.200E+00   20.80
  29   -28.0000     -10.770 0.4049   0.5000E+01  0.3145E-02 -0.5000E+01  0.0000E+00      -1  -0.200E+00   20.65
  30   -29.0000     -10.770 0.4049   0.5000E+01  0.3145E-02 -0.5000E+01  0.0000E+00      -1  -0.200E+00   20.52
  31   -30.0000     -10.770 0.4049   0.5000E+01  0.3145E-02 -0.5000E+01  0.0000E+00      -1  -0.200E+00   20.40
  32   -31.0000     -10.770 0.4049   0.5000E+01  0.3145E-02 -0.5000E+01  0.0000E+00      -1  -0.200E+00   20.29
  33   -32.0000     -10.770 0.4049   0.5000E+01  0.3145E-02 -0.5000E+01  0.0000E+00      -1  -0.200E+00   20.20
  34   -33.0000     -10.770 0.4049   0.5000E+01  0.3145E-02 -0.5000E+01  0.0000E+00      -1  -0.200E+00   20.11
  35   -34.0000     -10.770 0.4049   0.5000E+01  0.3145E-02 -0.5000E+01  0.0000E+00      -1  -0.200E+00   20.03
  36   -35.0000     -10.770 0.4049   0.5000E+01  0.3145E-02 -0.5000E+01  0.0000E+00      -1  -0.200E+00   19.97
  37   -36.0000     -10.770 0.4049   0.5000E+01  0.3145E-02 -0.5000E+01  0.0000E+00      -1  -0.200E+00   19.91
  38   -37.0000     -10.770 0.4049   0.5000E+01  0.3145E-02 -0.5000E+01  0.0000E+00      -1  -0.200E+00   19.86
  39   -38.0000     -10.770 0.4049   0.5000E+01  0.3145E-02 -0.5000E+01  0.0000E+00      -1  -0.200E+00   19.82
  40   -39.0000     -10.770 0.4049   0.5000E+01  0.3145E-02 -0.5000E+01  0.0000E+00      -1  -0.200E+00   19.78
  41   -40.0000     -10.770 0.4049   0.5000E+01  0.3145E-02 -0.5000E+01  0.0000E+00      -1  -0.200E+00   19.75
  42   -41.0000     -10.770 0.4049   0.5000E+01  0.3145E-02 -0.5000E+01  0.0000E+00      -1  -0.200E+00   19.73
  43   -42.0000     -10.770 0.4049   0.5000E+01  0.3145E-02 -0.5000E+01  0.0000E+00      -1  -0.200E+00   19.72
  44   -43.0000     -10.770 0.4049   0.5000E+01  0.3145E-02 -0.5000E+01  0.0000E+00      -1  -0.200E+00   19.70
  45   -44.0000     -10.770 0.4049   0.5000E+01  0.3145E-02 -0.5000E+01  0.0000E+00      -1  -0.200E+00   19.70
  46   -45.0000     -10.770 0.4049   0.5000E+01  0.3145E-02 -0.5000E+01  0.0000E+00      -1  -0.200E+00   19.69
  47   -46.0000     -10.770 0.4049   0.5000E+01  0.3145E-02 -0.5000E+01  0.0000E+00      -1  -0.200E+00   19.69
  48   -47.0000     -10.770 0.4049   0.5000E+01  0.3145E-02 -0.5000E+01  0.0000E+00      -1  -0.200E+00   19.70
  49   -48.0000     -10.770 0.4049   0.5000E+01  0.3145E-02 -0.5000E+01  0.0000E+00      -1  -0.200E+00   19.70
  50   -49.0000     -10.770 0.4049   0.5000E+01  0.3145E-02 -0.5000E+01  0.0000E+00      -1  -0.200E+00   19.71
  51   -50.0000     -10.770 0.4049   0.5000E+01  0.3145E-02 -0.5000E+01  0.0000E+00      -1  -0.200E+00   19.72
  52   -51.0000     -10.770 0.4049   0.5000E+01  0.3145E-02 -0.5000E+01  0.0000E+00      -1  -0.200E+00   19.73
  53   -52.0000     -10.770 0.4049   0.5000E+01  0.3145E-02 -0.5000E+01  0.0000E+00      -1  -0.200E+00   19.74
  54   -53.0000     -10.770 0.4049   0.5000E+01  0.3145E-02 -0.5000E+01  0.0000E+00      -1  -0.200E+00   19.75
  55   -54.0000     -10.770 0.4049   0.5000E+01  0.3145E-02 -0.5000E+01  0.0000E+00      -1  -0.200E+00   19.76
  56   -55.0000     -10.770 0.4049   0.5000E+01  0.3145E-02 -0.5000E+01  0.0000E+00      -1  -0.200E+00   19.77
  57   -56.0000     -10.770 0.4049   0.5000E+01  0.3145E-02 -0.5000E+01  0.0000E+00      -1  -0.200E+00   19.79
  58   -57.0000     -10.770 0.4049   0.5000E+01  0.3145E-02 -0.5000E+01  0.0000E+00      -1  -0.200E+00   19.80
  59   -58.0000     -10.770 0.4049   0.5000E+01  0.3145E-02 -0.5000E+01  0.0000E+00      -1  -0.200E+00   19.81
  60   -59.0000     -10.770 0.4049   0.5000E+01  0.3145E-02 -0.5000E+01  0.0000E+00      -1  -0.200E+00   19.82
  61   -60.0000     -10.770 0.4049   0.5000E+01  0.3145E-02 -0.5000E+01  0.0000E+00      -1  -0.200E+00   19.84
  62   -61.0000     -10.770 0.4049   0.5000E+01  0.3145E-02 -0.5000E+01  0.0000E+00      -1  -0.200E+00   19.85
  63   -62.0000     -10.770 0.4049   0.5000E+01  0.3145E-02 -0.5000E+01  0.0000E+00      -1  -0.200E+00   19.86
  64   -63.0000     -10.770 0.4049   0.5000E+01  0.3145E-02 -0.5000E+01  0.0000E+00      -1  -0.200E+00   19.87
  65   -64.0000     -10.770 0.4049   0.5000E+01  0.3145E-02 -0.5000E+01  0.0000E+00      -1  -0.200E+00   19.88
  66   -65.0000     -10.770 0.4049   0.5000E+01  0.3145E-02 -0.5000E+01  0.0000E+00      -1  -0.200E+00   19.89
  67   -66.0000     -10.770 0.4049   0.5000E+01  0.3145E-02 -0.5000E+01  0.0000E+00      -1  -0.200E+00   19.89
  68   -67.0000     -10.770 0.4049   0.5000E+01  0.3145E-02 -0.5000E+01  0.0000E+00      -1  -0.200E+00   19.90
  69   -68.0000     -10.770 0.4049   0.5000E+01  0.3145E-02 -0.5000E+01  0.0000E+00      -1  -0.200E+00   19.91
  70   -69.0000     -10.770 0.4049   0.5000E+01  0.3145E-02 -0.5000E+01  0.0000E+00      -1  -0.200E+00   19.91
  71   -70.0000     -10.770 0.4049   0.5000E+01  0.3145E-02 -0.5000E+01  0.0000E+00      -1  -0.200E+00   19.92
  72   -71.0000     -10.770 0.4049   0.5000E+01  0.3145E-02 -0.5000E+01  0.0000E+00      -1  -0.200E+00   19.93
  73   -72.0000     -10.770 0.4049   0.5000E+01  0.3145E-02 -0.5000E+01  0.0000E+00      -1  -0.200E+00   19.93
  74   -73.0000     -10.770 0.4049   0.5000E+01  0.3145E-02 -0.5000E+01  0.0000E+00      -1  -0.200E+00   19.93
  75   -74.0000     -10.770 0.4049   0.5000E+01  0.3145E-02 -0.5000E+01  0.0000E+00      -1  -0.200E+00   19.94
  76   -75.0000     -10.770 0.4049   0.5000E+01  0.3145E-02 -0.5000E+01  0.0000E+00      -1  -0.200E+00   19.94
  77   -76.0000     -10.770 0.4049   0.5000E+01  0.3145E-02 -0.5000E+01  0.0000E+00      -1  -0.200E+00   19.94
  78   -77.0000     -10.770 0.4049   0.5000E+01  0.3145E-02 -0.5000E+01  0.0000E+00      -1  -0.200E+00   19.95
  79   -78.0000     -10.770 0.4049   0.5000E+01  0.3145E-02 -0.5000E+01  0.0000E+00      -1  -0.200E+00   19.95
  80   -79.0000     -10.770 0.4049   0.5000E+01  0.3145E-02 -0.5000E+01  0.0000E+00      -1  -0.200E+00   19.95
  81   -80.0000     -10.770 0.4049   0.5000E+01  0.3145E-02 -0.5000E+01  0.0000E+00      -1  -0.200E+00   19.95
  82   -81.0000     -10.770 0.4049   0.5000E+01  0.3145E-02 -0.5000E+01  0.0000E+00      -1  -0.200E+00   19.95
  83   -82.0000     -10.770 0.4049   0.5000E+01  0.3145E-02 -0.5000E+01  0.0000E+00      -1  -0.200E+00   19.95
  84   -83.0000     -10.770 0.4049   0.5000E+01  0.3145E-02 -0.5000E+01  0.0000E+00      -1  -0.200E+00   19.95
  85   -84.0000     -10.770 0.4049   0.5000E+01  0.3145E-02 -0.5000E+01  0.0000E+00      -1  -0.200E+00   19.95
  86   -85.0000     -10.770 0.4049   0.5000E+01  0.3145E-02 -0.5000E+01  0.0000E+00      -1  -0.200E+00   19.95
  87   -86.0000     -10.770 0.4049   0.5000E+01  0.3145E-02 -0.5000E+01  0.0000E+00      -1  -0.200E+00   19.95
  88   -87.0000     -10.770 0.4049   0.5000E+01  0.3145E-02 -0.5000E+01  0.0000E+00      -1  -0.200E+00   19.95
  89   -88.0000     -10.770 0.4049   0.5000E+01  0.3145E-02 -0.5000E+01  0.0000E+00      -1  -0.200E+00   19.95
  90   -89.0000     -10.770 0.4049   0.5000E+01  0.3145E-02 -0.5000E+01  0.0000E+00      -1  -0.200E+00   19.95
  91   -90.0000     -10.770 0.4049   0.5000E+01  0.3145E-02 -0.5000E+01  0.0000E+00      -1  -0.200E+00   19.95
  92   -91.0000     -10.770 0.4049   0.5000E+01  0.3145E-02 -0.5000E+01  0.0000E+00      -1  -0.200E+00   19.95
  93   -92.0000     -10.770 0.4049   0.5000E+01  0.3145E-02 -0.5000E+01  0.0000E+00      -1  -0.200E+00   19.95
  94   -93.0000     -10.770 0.4049   0.5000E+01  0.3145E-02 -0.5000E+01  0.0000E+00      -1  -0.200E+00   19.95
  95   -94.0000     -10.770 0.4049   0.5000E+01  0.3145E-02 -0.5000E+01  0.0000E+00      -1  -0.200E+00   19.95
  96   -95.0000     -10.770 0.4049   0.5000E+01  0.3145E-02 -0.5000E+01  0.0000E+00      -1  -0.200E+00   19.95
  97   -96.0000     -10.770 0.4049   0.5000E+01  0.3145E-02 -0.5000E+01  0.0000E+00      -1  -0.200E+00   19.95
  98   -97.0000     -10.770 0.4049   0.5000E+01  0.3145E-02 -0.5000E+01  0.0000E+00      -1  -0.200E+00   19.95
  99   -98.0000     -10.770 0.4049   0.5000E+01  0.3145E-02 -0.5000E+01  0.0000E+00      -1  -0.200E+00   19.95
 100   -99.0000     -10.770 0.4049   0.5000E+01  0.3145E-02 -0.5000E+01  0.0000E+00      -1  -0.200E+00   19.95
 101  -100.0000     -10.770 0.4049   0.5000E+01  0.3145E-02 -0.5000E+01  0.0000E+00      -1  -0.200E+00   19.95
end


 Time:        1.8750


 Node      Depth      Head Moisture       K          C         Flux        Sink         Kappa   v/KsTop   Temp
           [L]        [L]    [-]        [L/T]      [1/L]      [L/T]        [1/T]         [-]      [-]      [C]

   1     0.0000     -10.770 0.4049   0.5000E+01  0.3145E-02 -0.5000E+01  0.0000E+00      -1  -0.200E+00   15.00
   2    -1.0000     -10.770 0.4049   0.5000E+01  0.3145E-02 -0.5000E+01  0.0000E+00      -1  -0.200E+00   16.03
   3    -2.0000     -10.770 0.4049   0.5000E+01  0.3145E-02 -0.5000E+01  0.0000E+00      -1  -0.200E+00   16.97
   4    -3.0000     -10.770 0.4049   0.5000E+01  0.3145E-02 -0.5000E+01  0.0000E+00      -1  -0.200E+00   17.80
   5    -4.0000     -10.770 0.4049   0.5000E+01  0.3145E-02 -0.5000E+01  0.0000E+00      -1  -0.200E+00   18.55
   6    -5.0000     -10.770 0.4049   0.5000E+01  0.3145E-02 -0.5000E+01  0.0000E+00      -1  -0.200E+00   19.21
   7    -6.0000     -10.770 0.4049   0.5000E+01  0.3145E-02 -0.5000E+01  0.0000E+00      -1  -0.200E+00   19.79
   8    -7.0000     -10.770 0.4049   0.5000E+01  0.3145E-02 -0.5000E+01  0.0000E+00      -1  -0.200E+00   20.29
   9    -8.0000     -10.770 0.4049   0.5000E+01  0.3145E-02 -0.5000E+01  0.0000E+00      -1  -0.200E+00   20.72
  10    -9.0000     -10.770 0.4049   0.5000E+01  0.3145E-02 -0.5000E+01  0.0000E+00      -1  -0.200E+00   21.08
  11   -10.0000     -10.770 0.4049   0.5000E+01  0.3145E-02 -0.5000E+01  0.0000E+00      -1  -0.200E+00   21.38
  12   -11.0000     -10.770 0.4049   0.5000E+01  0.3145E-02 -0.5000E+01  0.0000E+00      -1  -0.200E+00   21.62
  13   -12.0000     -10.770 0.4049   0.5000E+01  0.3145E-02 -0.5000E+01  0.0000E+00      -1  -0.200E+00   21.81
  14   -13.0000     -10.770 0.4049   0.5000E+01  0.3145E-02 -0.5000E+01  0.0000E+00      -1  -0.200E+00   21.95
  15   -14.0000     -10.770 0.4049   0.5000E+01  0.3145E-02 -0.5000E+01  0.0000E+00      -1  -0.200E+00   22.05
  16   -15.0000     -10.770 0.4049   0.5000E+01  0.3145E-02 -0.5000E+01  0.0000E+00      -1  -0.200E+00   22.11
  17   -16.0000     -10.770 0.4049   0.5000E+01  0.3145E-02 -0.5000E+01  0.0000E+00      -1  -0.200E+00   22.14
  18   -17.0000     -10.770 0.4049   0.5000E+01  0.3145E-02 -0.5000E+01  0.0000E+00      -1  -0.200E+00   22.14
  19   -18.0000     -10.770 0.4049   0.5000E+01  0.3145E-02 -0.5000E+01  0.0000E+00      -1  -0.200E+00   22.11
  20   -19.0000     -10.770 0.4049   0.5000E+01  0.3145E-02 -0.5000E+01  0.0000E+00      -1  -0.200E+00   22.07
  21   -20.0000     -10.770 0.4049   0.5000E+01  0.3145E-02 -0.5000E+01  0.0000E+00      -1  -0.200E+00   22.01
  22   -21.0000     -10.770 0.4049   0.5000E+01  0.3145E-02 -0.5000E+01  0.0000E+00      -1  -0.200E+00   21.93
  23   -22.0000     -10.770 0.4049   0.5000E+01  0.3145E-02 -0.5000E+01  0.0000E+00      -1  -0.200E+00   21.84
  24   -23.0000     -10.770 0.4049   0.5000E+01  0.3145E-02 -0.5000E+01  0.0000E+00      -1  -0.200E+00   21.74
  25   -24.0000     -10.770 0.4049   0.5000E+01  0.3145E-02 -0.5000E+01  0.0000E+00      -1  -0.200E+00   21.64
  26   -25.0000     -10.770 0.4049   0.5000E+01  0.3145E-02 -0.5000E+01  0.0000E+00      -1  -0.200E+00   21.53
  27   -26.0000     -10.770 0.4049   0.5000E+01  0.3145E-02 -0.5000E+01  0.0000E+00      -1  -0.200E+00   21.41
  28   -27.0000     -10.770 0.4049   0.5000E+01  0.3145E-02 -0.5000E+01  0.0000E+00      -1  -0.200E+00   21.30
  29   -28.0000     -10.770 0.4049   0.5000E+01  0.3145E-02 -0.5000E+01  0.0000E+00      -1  -0.200E+00   21.19
  30   -29.0000     -10.770 0.4049   0.5000E+01  0.3145E-02 -0.5000E+01  0.0000E+00      -1  -0.200E+00   21.08
  31   -30.0000     -10.770 0.4049   0.5000E+01  0.3145E-02 -0.5000E+01  0.0000E+00      -1  -0.200E+00   20.97
  32   -31.0000     -10.770 0.4049   0.5000E+01  0.3145E-02 -0.5000E+01  0.0000E+00      -1  -0.200E+00   20.86
  33   -32.0000     -10.770 0.4049   0.5000E+01  0.3145E-02 -0.5000E+01  0.0000E+00      -1  -0.200E+00   20.76
  34   -33.0000     -10.770 0.4049   0.5000E+01  0.3145E-02 -0.5000E+01  0.0000E+00      -1  -0.200E+00   20.67
  35   -34.0000     -10.770 0.4049   0.5000E+01  0.3145E-02 -0.5000E+01  0.0000E+00      -1  -0.200E+00   20.57
  36   -35.0000     -10.770 0.4049   0.5000E+01  0.3145E-02 -0.5000E+01  0.0000E+00      -1  -0.200E+00   20.49
  37   -36.0000     -10.770 0.4049   0.5000E+01  0.3145E-02 -0.5000E+01  0.0000E+00      -1  -0.200E+00   20.41
  38   -37.0000     -10.770 0.4049   0.5000E+01  0.3145E-02 -0.5000E+01  0.0000E+00      -1  -0.200E+00   20.33
  39   -38.0000     -10.770 0.4049   0.5000E+01  0.3145E-02 -0.5000E+01  0.0000E+00      -1  -0.200E+00   20.27
  40   -39.0000     -10.770 0.4049   0.5000E+01  0.3145E-02 -0.5000E+01  0.0000E+00      -1  -0.200E+00   20.20
  41   -40.0000     -10.770 0.4049   0.5000E+01  0.3145E-02 -0.5000E+01  0.0000E+00      -1  -0.200E+00   20.15
  42   -41.0000     -10.770 0.4049   0.5000E+01  0.3145E-02 -0.5000E+01  0.0000E+00      -1  -0.200E+00   20.10
  43   -42.0000     -10.770 0.4049   0.5000E+01  0.3145E-02 -0.5000E+01  0.0000E+00      -1  -0.200E+00   20.05
  44   -43.0000     -10.770 0.4049   0.5000E+01  0.3145E-02 -0.5000E+01  0.0000E+00      -1  -0.200E+00   20.01
  45   -44.0000     -10.770 0.4049   0.5000E+01  0.3145E-02 -0.5000E+01  0.0000E+00      -1  -0.200E+00   19.97
  46   -45.0000     -10.770 0.4049   0.5000E+01  0.3145E-02 -0.5000E+01  0.0000E+00      -1  -0.200E+00   19.94
  47   -46.0000     -10.770 0.4049   0.5000E+01  0.3145E-02 -0.5000E+01  0.0000E+00      -1  -0.200E+00   19.92
  48   -47.0000     -10.770 0.4049   0.5000E+01  0.3145E-02 -0.5000E+01  0.0000E+00      -1  -0.200E+00   19.89
  49   -48.0000     -10.770 0.4049   0.5000E+01  0.3145E-02 -0.5000E+01  0.0000E+00      -1  -0.200E+00   19.87
  50   -49.0000     -10.770 0.4049   0.5000E+01  0.3145E-02 -0.5000E+01  0.0000E+00      -1  -0.200E+00   19.86
  51   -50.0000     -10.770 0.4049   0.5000E+01  0.3145E-02 -0.5000E+01  0.0000E+00      -1  -0.200E+00   19.84
  52   -51.0000     -10.770 0.4049   0.5000E+01  0.3145E-02 -0.5000E+01  0.0000E+00      -1  -0.200E+00   19.83
  53   -52.0000     -10.770 0.4049   0.5000E+01  0.3145E-02 -0.5000E+01  0.0000E+00      -1  -0.200E+00   19.83
  54   -53.0000     -10.770 0.4049   0.5000E+01  0.3145E-02 -0.5000E+01  0.0000E+00      -1  -0.200E+00   19.82
  55   -54.0000     -10.770 0.4049   0.5000E+01  0.3145E-02 -0.5000E+01  0.0000E+00      -1  -0.200E+00   19.82
  56   -55.0000     -10.770 0.4049   0.5000E+01  0.3145E-02 -0.5000E+01  0.0000E+00      -1  -0.200E+00   19.82
  57   -56.0000     -10.770 0.4049   0.5000E+01  0.3145E-02 -0.5000E+01  0.0000E+00      -1  -0.200E+00   19.82
  58   -57.0000     -10.770 0.4049   0.5000E+01  0.3145E-02 -0.5000E+01  0.0000E+00      -1  -0.200E+00   19.82
  59   -58.0000     -10.770 0.4049   0.5000E+01  0.3145E-02 -0.5000E+01  0.0000E+00      -1  -0.200E+00   19.82
  60   -59.0000     -10.770 0.4049   0.5000E+01  0.3145E-02 -0.5000E+01  0.0000E+00      -1  -0.200E+00   19.83
  61   -60.0000     -10.770 0.4049   0.5000E+01  0.3145E-02 -0.5000E+01  0.0000E+00      -1  -0.200E+00   19.83
  62   -61.0000     -10.770 0.4049   0.5000E+01  0.3145E-02 -0.5000E+01  0.0000E+00      -1  -0.200E+00   19.84
  63   -62.0000     -10.770 0.4049   0.5000E+01  0.3145E-02 -0.5000E+01  0.0000E+00      -1  -0.200E+00   19.84
  64   -63.0000     -10.770 0.4049   0.5000E+01  0.3145E-02 -0.5000E+01  0.0000E+00      -1  -0.200E+00   19.85
  65   -64.0000     -10.770 0.4049   0.5000E+01  0.3145E-02 -0.5000E+01  0.0000E+00      -1  -0.200E+00   19.85
  66   -65.0000     -10.770 0.4049   0.5000E+01  0.3145E-02 -0.5000E+01  0.0000E+00      -1  -0.200E+00   19.86
  67   -66.0000     -10.770 0.4049   0.5000E+01  0.3145E-02 -0.5000E+01  0.0000E+00      -1  -0.200E+00   19.87
  68   -67.0000     -10.770 0.4049   0.5000E+01  0.3145E-02 -0.5000E+01  0.0000E+00      -1  -0.200E+00   19.87
  69   -68.0000     -10.770 0.4049   0.5000E+01  0.3145E-02 -0.5000E+01  0.0000E+00      -1  -0.200E+00   19.88
  70   -69.0000     -10.770 0.4049   0.5000E+01  0.3145E-02 -0.5000E+01  0.0000E+00      -1  -0.200E+00   19.88
  71   -70.0000     -10.770 0.4049   0.5000E+01  0.3145E-02 -0.5000E+01  0.0000E+00      -1  -0.200E+00   19.89
  72   -71.0000     -10.770 0.4049   0.5000E+01  0.3145E-02 -0.5000E+01  0.0000E+00      -1  -0.200E+00   19.90
  73   -72.0000     -10.770 0.4049   0.5000E+01  0.3145E-02 -0.5000E+01  0.0000E+00      -1  -0.200E+00   19.90
  74   -73.0000     -10.770 0.4049   0.5000E+01  0.3145E-02 -0.5000E+01  0.0000E+00      -1  -0.200E+00   19.91
  75   -74.0000     -10.770 0.4049   0.5000E+01  0.3145E-02 -0.5000E+01  0.0000E+00      -1  -0.200E+00   19.91
  76   -75.0000     -10.770 0.4049   0.5000E+01  0.3145E-02 -0.5000E+01  0.0000E+00      -1  -0.200E+00   19.91
  77   -76.0000     -10.770 0.4049   0.5000E+01  0.3145E-02 -0.5000E+01  0.0000E+00      -1  -0.200E+00   19.92
  78   -77.0000     -10.770 0.4049   0.5000E+01  0.3145E-02 -0.5000E+01  0.0000E+00      -1  -0.200E+00   19.92
  79   -78.0000     -10.770 0.4049   0.5000E+01  0.3145E-02 -0.5000E+01  0.0000E+00      -1  -0.200E+00   19.93
  80   -79.0000     -10.770 0.4049   0.5000E+01  0.3145E-02 -0.5000E+01  0.0000E+00      -1  -0.200E+00   19.93
  81   -80.0000     -10.770 0.4049   0.5000E+01  0.3145E-02 -0.5000E+01  0.0000E+00      -1  -0.200E+00   19.93
  82   -81.0000     -10.770 0.4049   0.5000E+01  0.3145E-02 -0.5000E+01  0.0000E+00      -1  -0.200E+00   19.93
  83   -82.0000     -10.770 0.4049   0.5000E+01  0.3145E-02 -0.5000E+01  0.0000E+00      -1  -0.200E+00   19.94
  84   -83.0000     -10.770 0.4049   0.5000E+01  0.3145E-02 -0.5000E+01  0.0000E+00      -1  -0.200E+00   19.94
  85   -84.0000     -10.770 0.4049   0.5000E+01  0.3145E-02 -0.5000E+01  0.0000E+00      -1  -0.200E+00   19.94
  86   -85.0000     -10.770 0.4049   0.5000E+01  0.3145E-02 -0.5000E+01  0.0000E+00      -1  -0.200E+00   19.94
  87   -86.0000     -10.770 0.4049   0.5000E+01  0.3145E-02 -0.5000E+01  0.0000E+00      -1  -0.200E+00   19.94
  88   -87.0000     -10.770 0.4049   0.5000E+01  0.3145E-02 -0.5000E+01  0.0000E+00      -1  -0.200E+00   19.94
  89   -88.0000     -10.770 0.4049   0.5000E+01  0.3145E-02 -0.5000E+01  0.0000E+00      -1  -0.200E+00   19.95
  90   -89.0000     -10.770 0.4049   0.5000E+01  0.3145E-02 -0.5000E+01  0.0000E+00      -1  -0.200E+00   19.95
  91   -90.0000     -10.770 0.4049   0.5000E+01  0.3145E-02 -0.5000E+01  0.0000E+00      -1  -0.200E+00   19.95
  92   -91.0000     -10.770 0.4049   0.5000E+01  0.3145E-02 -0.5000E+01  0.0000E+00      -1  -0.200E+00   19.95
  93   -92.0000     -10.770 0.4049   0.5000E+01  0.3145E-02 -0.5000E+01  0.0000E+00      -1  -0.200E+00   19.95
  94   -93.0000     -10.770 0.4049   0.5000E+01  0.3145E-02 -0.5000E+01  0.0000E+00      -1  -0.200E+00   19.95
  95   -94.0000     -10.770 0.4049   0.5000E+01  0.3145E-02 -0.5000E+01  0.0000E+00      -1  -0.200E+00   19.95
  96   -95.0000     -10.770 0.4049   0.5000E+01  0.3145E-02 -0.5000E+01  0.0000E+00      -1  -0.200E+00   19.95
  97   -96.0000     -10.770 0.4049   0.5000E+01  0.3145E-02 -0.5000E+01  0.0000E+00      -1  -0.200E+00   19.95
  98   -97.0000     -10.770 0.4049   0.5000E+01  0.3145E-02 -0.5000E+01  0.0000E+00      -1  -0.200E+00   19.95
  99   -98.0000     -10.770 0.4049   0.5000E+01  0.3145E-02 -0.5000E+01  0.0000E+00      -1  -0.200E+00   19.95
 100   -99.0000     -10.770 0.4049   0.5000E+01  0.3145E-02 -0.5000E+01  0.0000E+00      -1  -0.200E+00   19.95
 101  -100.0000     -10.770 0.4049   0.5000E+01  0.3145E-02 -0.5000E+01  0.0000E+00      -1  -0.200E+00   19.95
end


 Time:        2.0000


 Node      Depth      Head Moisture       K          C         Flux        Sink         Kappa   v/KsTop   Temp
           [L]        [L]    [-]        [L/T]      [1/L]      [L/T]        [1/T]         [-]      [-]      [C]

   1     0.0000     -10.770 0.4049   0.5000E+01  0.3145E-02 -0.5000E+01  0.0000E+00      -1  -0.200E+00   10.34
   2    -1.0000     -10.770 0.4049   0.5000E+01  0.3145E-02 -0.5000E+01  0.0000E+00      -1  -0.200E+00   11.26
   3    -2.0000     -10.770 0.4049   0.5000E+01  0.3145E-02 -0.5000E+01  0.0000E+00      -1  -0.200E+00   12.15
   4    -3.0000     -10.770 0.4049   0.5000E+01  0.3145E-02 -0.5000E+01  0.0000E+00      -1  -0.200E+00   13.01
   5    -4.0000     -10.770 0.4049   0.5000E+01  0.3145E-02 -0.5000E+01  0.0000E+00      -1  -0.200E+00   13.82
   6    -5.0000     -10.770 0.4049   0.5000E+01  0.3145E-02 -0.5000E+01  0.0000E+00      -1  -0.200E+00   14.60
   7    -6.0000     -10.770 0.4049   0.5000E+01  0.3145E-02 -0.5000E+01  0.0000E+00      -1  -0.200E+00   15.33
   8    -7.0000     -10.770 0.4049   0.5000E+01  0.3145E-02 -0.5000E+01  0.0000E+00      -1  -0.200E+00   16.01
   9    -8.0000     -10.770 0.4049   0.5000E+01  0.3145E-02 -0.5000E+01  0.0000E+00      -1  -0.200E+00   16.64
  10    -9.0000     -10.770 0.4049   0.5000E+01  0.3145E-02 -0.5000E+01  0.0000E+00      -1  -0.200E+00   17.22
  11   -10.0000     -10.770 0.4049   0.5000E+01  0.3145E-02 -0.5000E+01  0.0000E+00      -1  -0.200E+00   17.76
  12   -11.0000     -10.770 0.4049   0.5000E+01  0.3145E-02 -0.5000E+01  0.0000E+00      -1  -0.200E+00   18.24
  13   -12.0000     -10.770 0.4049   0.5000E+01  0.3145E-02 -0.5000E+01  0.0000E+00      -1  -0.200E+00   18.68
  14   -13.0000     -10.770 0.4049   0.5000E+01  0.3145E-02 -0.5000E+01  0.0000E+00      -1  -0.200E+00   19.07
  15   -14.0000     -10.770 0.4049   0.5000E+01  0.3145E-02 -0.5000E+01  0.0000E+00      -1  -0.200E+00   19.42
  16   -15.0000     -10.770 0.4049   0.5000E+01  0.3145E-02 -0.5000E+01  0.0000E+00      -1  -0.200E+00   19.73
  17   -16.0000     -10.770 0.4049   0.5000E+01  0.3145E-02 -0.5000E+01  0.0000E+00      -1  -0.200E+00   19.99
  18   -17.0000     -10.770 0.4049   0.5000E+01  0.3145E-02 -0.5000E+01  0.0000E+00      -1  -0.200E+00   20.22
  19   -18.0000     -10.770 0.4049   0.5000E+01  0.3145E-02 -0.5000E+01  0.0000E+00      -1  -0.200E+00   20.42
  20   -19.0000     -10.770 0.4049   0.5000E+01  0.3145E-02 -0.5000E+01  0.0000E+00      -1  -0.200E+00   20.58
  21   -20.0000     -10.770 0.4049   0.5000E+01  0.3145E-02 -0.5000E+01  0.0000E+00      -1  -0.200E+00   20.71
  22   -21.0000     -10.770 0.4049   0.5000E+01  0.3145E-02 -0.5000E+01  0.0000E+00      -1  -0.200E+00   20.82
  23   -22.0000     -10.770 0.4049   0.5000E+01  0.3145E-02 -0.5000E+01  0.0000E+00      -1  -0.200E+00   20.90
  24   -23.0000     -10.770 0.4049   0.5000E+01  0.3145E-02 -0.5000E+01  0.0000E+00      -1  -0.200E+00   20.96
  25   -24.0000     -10.770 0.4049   0.5000E+01  0.3145E-02 -0.5000E+01  0.0000E+00      -1  -0.200E+00   21.00
  26   -25.0000     -10.770 0.4049   0.5000E+01  0.3145E-02 -0.5000E+01  0.0000E+00      -1  -0.200E+00   21.02
  27   -26.0000     -10.770 0.4049   0.5000E+01  0.3145E-02 -0.5000E+01  0.0000E+00      -1  -0.200E+00   21.03
  28   -27.0000     -10.770 0.4049   0.5000E+01  0.3145E-02 -0.5000E+01  0.0000E+00      -1  -0.200E+00   21.03
  29   -28.0000     -10.770 0.4049   0.5000E+01  0.3145E-02 -0.5000E+01  0.0000E+00      -1  -0.200E+00   21.01
  30   -29.0000     -10.770 0.4049   0.5000E+01  0.3145E-02 -0.5000E+01  0.0000E+00      -1  -0.200E+00   20.98
  31   -30.0000     -10.770 0.4049   0.5000E+01  0.3145E-02 -0.5000E+01  0.0000E+00      -1  -0.200E+00   20.95
  32   -31.0000     -10.770 0.4049   0.5000E+01  0.3145E-02 -0.5000E+01  0.0000E+00      -1  -0.200E+00   20.91
  33   -32.0000     -10.770 0.4049   0.5000E+01  0.3145E-02 -0.5000E+01  0.0000E+00      -1  -0.200E+00   20.86
  34   -33.0000     -10.770 0.4049   0.5000E+01  0.3145E-02 -0.5000E+01  0.0000E+00      -1  -0.200E+00   20.81
  35   -34.0000     -10.770 0.4049   0.5000E+01  0.3145E-02 -0.5000E+01  0.0000E+00      -1  -0.200E+00   20.76
  36   -35.0000     -10.770 0.4049   0.5000E+01  0.3145E-02 -0.5000E+01  0.0000E+00      -1  -0.200E+00   20.70
  37   -36.0000     -10.770 0.4049   0.5000E+01  0.3145E-02 -0.5000E+01  0.0000E+00      -1  -0.200E+00   20.65
  38   -37.0000     -10.770 0.4049   0.5000E+01  0.3145E-02 -0.5000E+01  0.0000E+00      -1  -0.200E+00   20.59
  39   -38.0000     -10.770 0.4049   0.5000E+01  0.3145E-02 -0.5000E+01  0.0000E+00      -1  -0.200E+00   20.53
  40   -39.0000     -10.770 0.4049   0.5000E+01  0.3145E-02 -0.5000E+01  0.0000E+00      -1  -0.200E+00   20.48
  41   -40.0000     -10.770 0.4049   0.5000E+01  0.3145E-02 -0.5000E+01  0.0000E+00      -1  -0.200E+00   20.43
  42   -41.0000     -10.770 0.4049   0.5000E+01  0.3145E-02 -0.5000E+01  0.0000E+00      -1  -0.200E+00   20.38
  43   -42.0000     -10.770 0.4049   0.5000E+01  0.3145E-02 -0.5000E+01  0.0000E+00      -1  -0.200E+00   20.33
  44   -43.0000     -10.770 0.4049   0.5000E+01  0.3145E-02 -0.5000E+01  0.0000E+00      -1  -0.200E+00   20.28
  45   -44.0000     -10.770 0.4049   0.5000E+01  0.3145E-02 -0.5000E+01  0.0000E+00      -1  -0.200E+00   20.24
  46   -45.0000     -10.770 0.4049   0.5000E+01  0.3145E-02 -0.5000E+01  0.0000E+00      -1  -0.200E+00   20.20
  47   -46.0000     -10.770 0.4049   0.5000E+01  0.3145E-02 -0.5000E+01  0.0000E+00      -1  -0.200E+00   20.16
  48   -47.0000     -10.770 0.4049   0.5000E+01  0.3145E-02 -0.5000E+01  0.0000E+00      -1  -0.200E+00   20.12
  49   -48.0000     -10.770 0.4049   0.5000E+01  0.3145E-02 -0.5000E+01  0.0000E+00      -1  -0.200E+00   20.09
  50   -49.0000     -10.770 0.4049   0.5000E+01  0.3145E-02 -0.5000E+01  0.0000E+00      -1  -0.200E+00   20.06
  51   -50.0000     -10.770 0.4049   0.5000E+01  0.3145E-02 -0.5000E+01  0.0000E+00      -1  -0.200E+00   20.03
  52   -51.0000     -10.770 0.4049   0.5000E+01  0.3145E-02 -0.5000E+01  0.0000E+00      -1  -0.200E+00   20.01
  53   -52.0000     -10.770 0.4049   0.5000E+01  0.3145E-02 -0.5000E+01  0.0000E+00      -1  -0.200E+00   19.99
  54   -53.0000     -10.770 0.4049   0.5000E+01  0.3145E-02 -0.5000E+01  0.0000E+00      -1  -0.200E+00   19.97
  55   -54.0000     -10.770 0.4049   0.5000E+01  0.3145E-02 -0.5000E+01  0.0000E+00      -1  -0.200E+00   19.95
  56   -55.0000     -10.770 0.4049   0.5000E+01  0.3145E-02 -0.5000E+01  0.0000E+00      -1  -0.200E+00   19.94
  57   -56.0000     -10.770 0.4049   0.5000E+01  0.3145E-02 -0.5000E+01  0.0000E+00      -1  -0.200E+00   19.92
  58   -57.0000     -10.770 0.4049   0.5000E+01  0.3145E-02 -0.5000E+01  0.0000E+00      -1  -0.200E+00   19.91
  59   -58.0000     -10.770 0.4049   0.5000E+01  0.3145E-02 -0.5000E+01  0.0000E+00      -1  -0.200E+00   19.90
  60   -59.0000     -10.770 0.4049   0.5000E+01  0.3145E-02 -0.5000E+01  0.0000E+00      -1  -0.200E+00   19.90
  61   -60.0000     -10.770 0.4049   0.5000E+01  0.3145E-02 -0.5000E+01  0.0000E+00      -1  -0.200E+00   19.89
  62   -61.0000     -10.770 0.4049   0.5000E+01  0.3145E-02 -0.5000E+01  0.0000E+00      -1  -0.200E+00   19.89
  63   -62.0000     -10.770 0.4049   0.5000E+01  0.3145E-02 -0.5000E+01  0.0000E+00      -1  -0.200E+00   19.88
  64   -63.0000     -10.770 0.4049   0.5000E+01  0.3145E-02 -0.5000E+01  0.0000E+00      -1  -0.200E+00   19.88
  65   -64.0000     -10.770 0.4049   0.5000E+01  0.3145E-02 -0.5000E+01  0.0000E+00      -1  -0.200E+00   19.88
  66   -65.0000     -10.770 0.4049   0.5000E+01  0.3145E-02 -0.5000E+01  0.0000E+00      -1  -0.200E+00   19.88
  67   -66.0000     -10.770 0.4049   0.5000E+01  0.3145E-02 -0.5000E+01  0.0000E+00      -1  -0.200E+00   19.88
  68   -67.0000     -10.770 0.4049   0.5000E+01  0.3145E-02 -0.5000E+01  0.0000E+00      -1  -0.200E+00   19.88
  69   -68.0000     -10.770 0.4049   0.5000E+01  0.3145E-02 -0.5000E+01  0.0000E+00      -1  -0.200E+00   19.88
  70   -69.0000     -10.770 0.4049   0.5000E+01  0.3145E-02 -0.5000E+01  0.0000E+00      -1  -0.200E+00   19.88
  71   -70.0000     -10.770 0.4049   0.5000E+01  0.3145E-02 -0.5000E+01  0.0000E+00      -1  -0.200E+00   19.89
  72   -71.0000     -10.770 0.4049   0.5000E+01  0.3145E-02 -0.5000E+01  0.0000E+00      -1  -0.200E+00   19.89
  73   -72.0000     -10.770 0.4049   0.5000E+01  0.3145E-02 -0.5000E+01  0.0000E+00      -1  -0.200E+00   19.89
  74   -73.0000     -10.770 0.4049   0.5000E+01  0.3145E-02 -0.5000E+01  0.0000E+00      -1  -0.200E+00   19.90
  75   -74.0000     -10.770 0.4049   0.5000E+01  0.3145E-02 -0.5000E+01  0.0000E+00      -1  -0.200E+00   19.90
  76   -75.0000     -10.770 0.4049   0.5000E+01  0.3145E-02 -0.5000E+01  0.0000E+00      -1  -0.200E+00   19.90
  77   -76.0000     -10.770 0.4049   0.5000E+01  0.3145E-02 -0.5000E+01  0.0000E+00      -1  -0.200E+00   19.90
  78   -77.0000     -10.770 0.4049   0.5000E+01  0.3145E-02 -0.5000E+01  0.0000E+00      -1  -0.200E+00   19.91
  79   -78.0000     -10.770 0.4049   0.5000E+01  0.3145E-02 -0.5000E+01  0.0000E+00      -1  -0.200E+00   19.91
  80   -79.0000     -10.770 0.4049   0.5000E+01  0.3145E-02 -0.5000E+01  0.0000E+00      -1  -0.200E+00   19.91
  81   -80.0000     -10.770 0.4049   0.5000E+01  0.3145E-02 -0.5000E+01  0.0000E+00      -1  -0.200E+00   19.92
  82   -81.0000     -10.770 0.4049   0.5000E+01  0.3145E-02 -0.5000E+01  0.0000E+00      -1  -0.200E+00   19.92
  83   -82.0000     -10.770 0.4049   0.5000E+01  0.3145E-02 -0.5000E+01  0.0000E+00      -1  -0.200E+00   19.92
  84   -83.0000     -10.770 0.4049   0.5000E+01  0.3145E-02 -0.5000E+01  0.0000E+00      -1  -0.200E+00   19.92
  85   -84.0000     -10.770 0.4049   0.5000E+01  0.3145E-02 -0.5000E+01  0.0000E+00      -1  -0.200E+00   19.93
  86   -85.0000     -10.770 0.4049   0.5000E+01  0.3145E-02 -0.5000E+01  0.0000E+00      -1  -0.200E+00   19.93
  87   -86.0000     -10.770 0.4049   0.5000E+01  0.3145E-02 -0.5000E+01  0.0000E+00      -1  -0.200E+00   19.93
  88   -87.0000     -10.770 0.4049   0.5000E+01  0.3145E-02 -0.5000E+01  0.0000E+00      -1  -0.200E+00   19.93
  89   -88.0000     -10.770 0.4049   0.5000E+01  0.3145E-02 -0.5000E+01  0.0000E+00      -1  -0.200E+00   19.93
  90   -89.0000     -10.770 0.4049   0.5000E+01  0.3145E-02 -0.5000E+01  0.0000E+00      -1  -0.200E+00   19.94
  91   -90.0000     -10.770 0.4049   0.5000E+01  0.3145E-02 -0.5000E+01  0.0000E+00      -1  -0.200E+00   19.94
  92   -91.0000     -10.770 0.4049   0.5000E+01  0.3145E-02 -0.5000E+01  0.0000E+00      -1  -0.200E+00   19.94
  93   -92.0000     -10.770 0.4049   0.5000E+01  0.3145E-02 -0.5000E+01  0.0000E+00      -1  -0.200E+00   19.94
  94   -93.0000     -10.770 0.4049   0.5000E+01  0.3145E-02 -0.5000E+01  0.0000E+00      -1  -0.200E+00   19.94
  95   -94.0000     -10.770 0.4049   0.5000E+01  0.3145E-02 -0.5000E+01  0.0000E+00      -1  -0.200E+00   19.94
  96   -95.0000     -10.770 0.4049   0.5000E+01  0.3145E-02 -0.5000E+01  0.0000E+00      -1  -0.200E+00   19.94
  97   -96.0000     -10.770 0.4049   0.5000E+01  0.3145E-02 -0.5000E+01  0.0000E+00      -1  -0.200E+00   19.94
  98   -97.0000     -10.770 0.4049   0.5000E+01  0.3145E-02 -0.5000E+01  0.0000E+00      -1  -0.200E+00   19.94
  99   -98.0000     -10.770 0.4049   0.5000E+01  0.3145E-02 -0.5000E+01  0.0000E+00      -1  -0.200E+00   19.94
 100   -99.0000     -10.770 0.4049   0.5000E+01  0.3145E-02 -0.5000E+01  0.0000E+00      -1  -0.200E+00   19.94
 101  -100.0000     -10.770 0.4049   0.5000E+01  0.3145E-02 -0.5000E+01  0.0000E+00      -1  -0.200E+00   19.94
end


 Time:        2.1250


 Node      Depth      Head Moisture       K          C         Flux        Sink         Kappa   v/KsTop   Temp
           [L]        [L]    [-]        [L/T]      [1/L]      [L/T]        [1/T]         [-]      [-]      [C]

   1     0.0000     -10.770 0.4049   0.5000E+01  0.3145E-02 -0.5000E+01  0.0000E+00      -1  -0.200E+00   11.34
   2    -1.0000     -10.770 0.4049   0.5000E+01  0.3145E-02 -0.5000E+01  0.0000E+00      -1  -0.200E+00   11.61
   3    -2.0000     -10.770 0.4049   0.5000E+01  0.3145E-02 -0.5000E+01  0.0000E+00      -1  -0.200E+00   11.93
   4    -3.0000     -10.770 0.4049   0.5000E+01  0.3145E-02 -0.5000E+01  0.0000E+00      -1  -0.200E+00   12.30
   5    -4.0000     -10.770 0.4049   0.5000E+01  0.3145E-02 -0.5000E+01  0.0000E+00      -1  -0.200E+00   12.71
   6    -5.0000     -10.770 0.4049   0.5000E+01  0.3145E-02 -0.5000E+01  0.0000E+00      -1  -0.200E+00   13.15
   7    -6.0000     -10.770 0.4049   0.5000E+01  0.3145E-02 -0.5000E+01  0.0000E+00      -1  -0.200E+00   13.60
   8    -7.0000     -10.770 0.4049   0.5000E+01  0.3145E-02 -0.5000E+01  0.0000E+00      -1  -0.200E+00   14.06
   9    -8.0000     -10.770 0.4049   0.5000E+01  0.3145E-02 -0.5000E+01  0.0000E+00      -1  -0.200E+00   14.53
  10    -9.0000     -10.770 0.4049   0.5000E+01  0.3145E-02 -0.5000E+01  0.0000E+00      -1  -0.200E+00   14.99
  11   -10.0000     -10.770 0.4049   0.5000E+01  0.3145E-02 -0.5000E+01  0.0000E+00      -1  -0.200E+00   15.45
  12   -11.0000     -10.770 0.4049   0.5000E+01  0.3145E-02 -0.5000E+01  0.0000E+00      -1  -0.200E+00   15.89
  13   -12.0000     -10.770 0.4049   0.5000E+01  0.3145E-02 -0.5000E+01  0.0000E+00      -1  -0.200E+00   16.32
  14   -13.0000     -10.770 0.4049   0.5000E+01  0.3145E-02 -0.5000E+01  0.0000E+00      -1  -0.200E+00   16.73
  15   -14.0000     -10.770 0.4049   0.5000E+01  0.3145E-02 -0.5000E+01  0.0000E+00      -1  -0.200E+00   17.12
  16   -15.0000     -10.770 0.4049   0.5000E+01  0.3145E-02 -0.5000E+01  0.0000E+00      -1  -0.200E+00   17.49
  17   -16.0000     -10.770 0.4049   0.5000E+01  0.3145E-02 -0.5000E+01  0.0000E+00      -1  -0.200E+00   17.84
  18   -17.0000     -10.770 0.4049   0.5000E+01  0.3145E-02 -0.5000E+01  0.0000E+00      -1  -0.200E+00   18.16
  19   -18.0000     -10.770 0.4049   0.5000E+01  0.3145E-02 -0.5000E+01  0.0000E+00      -1  -0.200E+00   18.46
  20   -19.0000     -10.770 0.4049   0.5000E+01  0.3145E-02 -0.5000E+01  0.0000E+00      -1  -0.200E+00   18.74
  21   -20.0000     -10.770 0.4049   0.5000E+01  0.3145E-02 -0.5000E+01  0.0000E+00      -1  -0.200E+00   18.99
  22   -21.0000     -10.770 0.4049   0.5000E+01  0.3145E-02 -0.5000E+01  0.0000E+00      -1  -0.200E+00   19.22
  23   -22.0000     -10.770 0.4049   0.5000E+01  0.3145E-02 -0.5000E+01  0.0000E+00      -1  -0.200E+00   19.42
  24   -23.0000     -10.770 0.4049   0.5000E+01  0.3145E-02 -0.5000E+01  0.0000E+00      -1  -0.200E+00   19.60
  25   -24.0000     -10.770 0.4049   0.5000E+01  0.3145E-02 -0.5000E+01  0.0000E+00      -1  -0.200E+00   19.76
  26   -25.0000     -10.770 0.4049   0.5000E+01  0.3145E-02 -0.5000E+01  0.0000E+00      -1  -0.200E+00   19.90
  27   -26.0000     -10.770 0.4049   0.5000E+01  0.3145E-02 -0.5000E+01  0.0000E+00      -1  -0.200E+00   20.03
  28   -27.0000     -10.770 0.4049   0.5000E+01  0.3145E-02 -0.5000E+01  0.0000E+00      -1  -0.200E+00   20.13
  29   -28.0000     -10.770 0.4049   0.5000E+01  0.3145E-02 -0.5000E+01  0.0000E+00      -1  -0.200E+00   20.22
  30   -29.0000     -10.770 0.4049   0.5000E+01  0.3145E-02 -0.5000E+01  0.0000E+00      -1  -0.200E+00   20.29
  31   -30.0000     -10.770 0.4049   0.5000E+01  0.3145E-02 -0.5000E+01  0.0000E+00      -1  -0.200E+00   20.35
  32   -31.0000     -10.770 0.4049   0.5000E+01  0.3145E-02 -0.5000E+01  0.0000E+00      -1  -0.200E+00   20.40
  33   -32.0000     -10.770 0.4049   0.5000E+01  0.3145E-02 -0.5000E+01  0.0000E+00      -1  -0.200E+00   20.43
  34   -33.0000     -10.770 0.4049   0.5000E+01  0.3145E-02 -0.5000E+01  0.0000E+00      -1  -0.200E+00   20.46
  35   -34.0000     -10.770 0.4049   0.5000E+01  0.3145E-02 -0.5000E+01  0.0000E+00      -1  -0.200E+00   20.47
  36   -35.0000     -10.770 0.4049   0.5000E+01  0.3145E-02 -0.5000E+01  0.0000E+00      -1  -0.200E+00   20.48
  37   -36.0000     -10.770 0.4049   0.5000E+01  0.3145E-02 -0.5000E+01  0.0000E+00      -1  -0.200E+00   20.48
  38   -37.0000     -10.770 0.4049   0.5000E+01  0.3145E-02 -0.5000E+01  0.0000E+00      -1  -0.200E+00   20.48
  39   -38.0000     -10.770 0.4049   0.5000E+01  0.3145E-02 -0.5000E+01  0.0000E+00      -1  -0.200E+00   20.47
  40   -39.0000     -10.770 0.4049   0.5000E+01  0.3145E-02 -0.5000E+01  0.0000E+00      -1  -0.200E+00   20.45
  41   -40.0000     -10.770 0.4049   0.5000E+01  0.3145E-02 -0.5000E+01  0.0000E+00      -1  -0.200E+00   20.43
  42   -41.0000     -10.770 0.4049   0.5000E+01  0.3145E-02 -0.5000E+01  0.0000E+00      -1  -0.200E+00   20.41
  43   -42.0000     -10.770 0.4049   0.5000E+01  0.3145E-02 -0.5000E+01  0.0000E+00      -1  -0.200E+00   20.39
  44   -43.0000     -10.770 0.4049   0.5000E+01  0.3145E-02 -0.5000E+01  0.0000E+00      -1  -0.200E+00   20.36
  45   -44.0000     -10.770 0.4049   0.5000E+01  0.3145E-02 -0.5000E+01  0.0000E+00      -1  -0.200E+00   20.33
  46   -45.0000     -10.770 0.4049   0.5000E+01  0.3145E-02 -0.5000E+01  0.0000E+00      -1  -0.200E+00   20.31
  47   -46.0000     -10.770 0.4049   0.5000E+01  0.3145E-02 -0.5000E+01  0.0000E+00      -1  -0.200E+00   20.28
  48   -47.0000     -10.770 0.4049   0.5000E+01  0.3145E-02 -0.5000E+01  0.0000E+00      -1  -0.200E+00   20.25
  49   -48.0000     -10.770 0.4049   0.5000E+01  0.3145E-02 -0.5000E+01  0.0000E+00      -1  -0.200E+00   20.22
  50   -49.0000     -10.770 0.4049   0.5000E+01  0.3145E-02 -0.5000E+01  0.0000E+00      -1  -0.200E+00   20.20
  51   -50.0000     -10.770 0.4049   0.5000E+01  0.3145E-02 -0.5000E+01  0.0000E+00      -1  -0.200E+00   20.17
  52   -51.0000     -10.770 0.4049   0.5000E+01  0.3145E-02 -0.5000E+01  0.0000E+00      -1  -0.200E+00   20.15
  53   -52.0000     -10.770 0.4049   0.5000E+01  0.3145E-02 -0.5000E+01  0.0000E+00      -1  -0.200E+00   20.12
  54   -53.0000     -10.770 0.4049   0.5000E+01  0.3145E-02 -0.5000E+01  0.0000E+00      -1  -0.200E+00   20.10
  55   -54.0000     -10.770 0.4049   0.5000E+01  0.3145E-02 -0.5000E+01  0.0000E+00      -1  -0.200E+00   20.08
  56   -55.0000     -10.770 0.4049   0.5000E+01  0.3145E-02 -0.5000E+01  0.0000E+00      -1  -0.200E+00   20.06
  57   -56.0000     -10.770 0.4049   0.5000E+01  0.3145E-02 -0.5000E+01  0.0000E+00      -1  -0.200E+00   20.04
  58   -57.0000     -10.770 0.4049   0.5000E+01  0.3145E-02 -0.5000E+01  0.0000E+00      -1  -0.200E+00   20.02
  59   -58.0000     -10.770 0.4049   0.5000E+01  0.3145E-02 -0.5000E+01  0.0000E+00      -1  -0.200E+00   20.01
  60   -59.0000     -10.770 0.4049   0.5000E+01  0.3145E-02 -0.5000E+01  0.0000E+00      -1  -0.200E+00   19.99
  61   -60.0000     -10.770 0.4049   0.5000E+01  0.3145E-02 -0.5000E+01  0.0000E+00      -1  -0.200E+00   19.98
  62   -61.0000     -10.770 0.4049   0.5000E+01  0.3145E-02 -0.5000E+01  0.0000E+00      -1  -0.200E+00   19.97
  63   -62.0000     -10.770 0.4049   0.5000E+01  0.3145E-02 -0.5000E+01  0.0000E+00      -1  -0.200E+00   19.96
  64   -63.0000     -10.770 0.4049   0.5000E+01  0.3145E-02 -0.5000E+01  0.0000E+00      -1  -0.200E+00   19.95
  65   -64.0000     -10.770 0.4049   0.5000E+01  0.3145E-02 -0.5000E+01  0.0000E+00      -1  -0.200E+00   19.94
  66   -65.0000     -10.770 0.4049   0.5000E+01  0.3145E-02 -0.5000E+01  0.0000E+00      -1  -0.200E+00   19.94
  67   -66.0000     -10.770 0.4049   0.5000E+01  0.3145E-02 -0.5000E+01  0.0000E+00      -1  -0.200E+00   19.93
  68   -67.0000     -10.770 0.4049   0.5000E+01  0.3145E-02 -0.5000E+01  0.0000E+00      -1  -0.200E+00   19.92
  69   -68.0000     -10.770 0.4049   0.5000E+01  0.3145E-02 -0.5000E+01  0.0000E+00      -1  -0.200E+00   19.92
  70   -69.0000     -10.770 0.4049   0.5000E+01  0.3145E-02 -0.5000E+01  0.0000E+00      -1  -0.200E+00   19.92
  71   -70.0000     -10.770 0.4049   0.5000E+01  0.3145E-02 -0.5000E+01  0.0000E+00      -1  -0.200E+00   19.91
  72   -71.0000     -10.770 0.4049   0.5000E+01  0.3145E-02 -0.5000E+01  0.0000E+00      -1  -0.200E+00   19.91
  73   -72.0000     -10.770 0.4049   0.5000E+01  0.3145E-02 -0.5000E+01  0.0000E+00      -1  -0.200E+00   19.91
  74   -73.0000     -10.770 0.4049   0.5000E+01  0.3145E-02 -0.5000E+01  0.0000E+00      -1  -0.200E+00   19.91
  75   -74.0000     -10.770 0.4049   0.5000E+01  0.3145E-02 -0.5000E+01  0.0000E+00      -1  -0.200E+00   19.91
  76   -75.0000     -10.770 0.4049   0.5000E+01  0.3145E-02 -0.5000E+01  0.0000E+00      -1  -0.200E+00   19.91
  77   -76.0000     -10.770 0.4049   0.5000E+01  0.3145E-02 -0.5000E+01  0.0000E+00      -1  -0.200E+00   19.91
  78   -77.0000     -10.770 0.4049   0.5000E+01  0.3145E-02 -0.5000E+01  0.0000E+00      -1  -0.200E+00   19.91
  79   -78.0000     -10.770 0.4049   0.5000E+01  0.3145E-02 -0.5000E+01  0.0000E+00      -1  -0.200E+00   19.91
  80   -79.0000     -10.770 0.4049   0.5000E+01  0.3145E-02 -0.5000E+01  0.0000E+00      -1  -0.200E+00   19.91
  81   -80.0000     -10.770 0.4049   0.5000E+01  0.3145E-02 -0.5000E+01  0.0000E+00      -1  -0.200E+00   19.91
  82   -81.0000     -10.770 0.4049   0.5000E+01  0.3145E-02 -0.5000E+01  0.0000E+00      -1  -0.200E+00   19.92
  83   -82.0000     -10.770 0.4049   0.5000E+01  0.3145E-02 -0.5000E+01  0.0000E+00      -1  -0.200E+00   19.92
  84   -83.0000     -10.770 0.4049   0.5000E+01  0.3145E-02 -0.5000E+01  0.0000E+00      -1  -0.200E+00   19.92
  85   -84.0000     -10.770 0.4049   0.5000E+01  0.3145E-02 -0.5000E+01  0.0000E+00      -1  -0.200E+00   19.92
  86   -85.0000     -10.770 0.4049   0.5000E+01  0.3145E-02 -0.5000E+01  0.0000E+00      -1  -0.200E+00   19.92
  87   -86.0000     -10.770 0.4049   0.5000E+01  0.3145E-02 -0.5000E+01  0.0000E+00      -1  -0.200E+00   19.92
  88   -87.0000     -10.770 0.4049   0.5000E+01  0.3145E-02 -0.5000E+01  0.0000E+00      -1  -0.200E+00   19.92
  89   -88.0000     -10.770 0.4049   0.5000E+01  0.3145E-02 -0.5000E+01  0.0000E+00      -1  -0.200E+00   19.93
  90   -89.0000     -10.770 0.4049   0.5000E+01  0.3145E-02 -0.5000E+01  0.0000E+00      -1  -0.200E+00   19.93
  91   -90.0000     -10.770 0.4049   0.5000E+01  0.3145E-02 -0.5000E+01  0.0000E+00      -1  -0.200E+00   19.93
  92   -91.0000     -10.770 0.4049   0.5000E+01  0.3145E-02 -0.5000E+01  0.0000E+00      -1  -0.200E+00   19.93
  93   -92.0000     -10.770 0.4049   0.5000E+01  0.3145E-02 -0.5000E+01  0.0000E+00      -1  -0.200E+00   19.93
  94   -93.0000     -10.770 0.4049   0.5000E+01  0.3145E-02 -0.5000E+01  0.0000E+00      -1  -0.200E+00   19.93
  95   -94.0000     -10.770 0.4049   0.5000E+01  0.3145E-02 -0.5000E+01  0.0000E+00      -1  -0.200E+00   19.93
  96   -95.0000     -10.770 0.4049   0.5000E+01  0.3145E-02 -0.5000E+01  0.0000E+00      -1  -0.200E+00   19.93
  97   -96.0000     -10.770 0.4049   0.5000E+01  0.3145E-02 -0.5000E+01  0.0000E+00      -1  -0.200E+00   19.93
  98   -97.0000     -10.770 0.4049   0.5000E+01  0.3145E-02 -0.5000E+01  0.0000E+00      -1  -0.200E+00   19.93
  99   -98.0000     -10.770 0.4049   0.5000E+01  0.3145E-02 -0.5000E+01  0.0000E+00      -1  -0.200E+00   19.93
 100   -99.0000     -10.770 0.4049   0.5000E+01  0.3145E-02 -0.5000E+01  0.0000E+00      -1  -0.200E+00   19.93
 101  -100.0000     -10.770 0.4049   0.5000E+01  0.3145E-02 -0.5000E+01  0.0000E+00      -1  -0.200E+00   19.93
end


 Time:        2.2500


 Node      Depth      Head Moisture       K          C         Flux        Sink         Kappa   v/KsTop   Temp
           [L]        [L]    [-]        [L/T]      [1/L]      [L/T]        [1/T]         [-]      [-]      [C]

   1     0.0000     -10.770 0.4049   0.5000E+01  0.3145E-02 -0.5000E+01  0.0000E+00      -1  -0.200E+00   17.41
   2    -1.0000     -10.770 0.4049   0.5000E+01  0.3145E-02 -0.5000E+01  0.0000E+00      -1  -0.200E+00   16.87
   3    -2.0000     -10.770 0.4049   0.5000E+01  0.3145E-02 -0.5000E+01  0.0000E+00      -1  -0.200E+00   16.44
   4    -3.0000     -10.770 0.4049   0.5000E+01  0.3145E-02 -0.5000E+01  0.0000E+00      -1  -0.200E+00   16.11
   5    -4.0000     -10.770 0.4049   0.5000E+01  0.3145E-02 -0.5000E+01  0.0000E+00      -1  -0.200E+00   15.87
   6    -5.0000     -10.770 0.4049   0.5000E+01  0.3145E-02 -0.5000E+01  0.0000E+00      -1  -0.200E+00   15.71
   7    -6.0000     -10.770 0.4049   0.5000E+01  0.3145E-02 -0.5000E+01  0.0000E+00      -1  -0.200E+00   15.62
   8    -7.0000     -10.770 0.4049   0.5000E+01  0.3145E-02 -0.5000E+01  0.0000E+00      -1  -0.200E+00   15.59
   9    -8.0000     -10.770 0.4049   0.5000E+01  0.3145E-02 -0.5000E+01  0.0000E+00      -1  -0.200E+00   15.61
  10    -9.0000     -10.770 0.4049   0.5000E+01  0.3145E-02 -0.5000E+01  0.0000E+00      -1  -0.200E+00   15.69
  11   -10.0000     -10.770 0.4049   0.5000E+01  0.3145E-02 -0.5000E+01  0.0000E+00      -1  -0.200E+00   15.80
  12   -11.0000     -10.770 0.4049   0.5000E+01  0.3145E-02 -0.5000E+01  0.0000E+00      -1  -0.200E+00   15.94
  13   -12.0000     -10.770 0.4049   0.5000E+01  0.3145E-02 -0.5000E+01  0.0000E+00      -1  -0.200E+00   16.11
  14   -13.0000     -10.770 0.4049   0.5000E+01  0.3145E-02 -0.5000E+01  0.0000E+00      -1  -0.200E+00   16.30
  15   -14.0000     -10.770 0.4049   0.5000E+01  0.3145E-02 -0.5000E+01  0.0000E+00      -1  -0.200E+00   16.50
  16   -15.0000     -10.770 0.4049   0.5000E+01  0.3145E-02 -0.5000E+01  0.0000E+00      -1  -0.200E+00   16.72
  17   -16.0000     -10.770 0.4049   0.5000E+01  0.3145E-02 -0.5000E+01  0.0000E+00      -1  -0.200E+00   16.94
  18   -17.0000     -10.770 0.4049   0.5000E+01  0.3145E-02 -0.5000E+01  0.0000E+00      -1  -0.200E+00   17.17
  19   -18.0000     -10.770 0.4049   0.5000E+01  0.3145E-02 -0.5000E+01  0.0000E+00      -1  -0.200E+00   17.40
  20   -19.0000     -10.770 0.4049   0.5000E+01  0.3145E-02 -0.5000E+01  0.0000E+00      -1  -0.200E+00   17.62
  21   -20.0000     -10.770 0.4049   0.5000E+01  0.3145E-02 -0.5000E+01  0.0000E+00      -1  -0.200E+00   17.85
  22   -21.0000     -10.770 0.4049   0.5000E+01  0.3145E-02 -0.5000E+01  0.0000E+00      -1  -0.200E+00   18.06
  23   -22.0000     -10.770 0.4049   0.5000E+01  0.3145E-02 -0.5000E+01  0.0000E+00      -1  -0.200E+00   18.27
  24   -23.0000     -10.770 0.4049   0.5000E+01  0.3145E-02 -0.5000E+01  0.0000E+00      -1  -0.200E+00   18.46
  25   -24.0000     -10.770 0.4049   0.5000E+01  0.3145E-02 -0.5000E+01  0.0000E+00      -1  -0.200E+00   18.65
  26   -25.0000     -10.770 0.4049   0.5000E+01  0.3145E-02 -0.5000E+01  0.0000E+00      -1  -0.200E+00   18.83
  27   -26.0000     -10.770 0.4049   0.5000E+01  0.3145E-02 -0.5000E+01  0.0000E+00      -1  -0.200E+00   18.99
  28   -27.0000     -10.770 0.4049   0.5000E+01  0.3145E-02 -0.5000E+01  0.0000E+00      -1  -0.200E+00   19.14
  29   -28.0000     -10.770 0.4049   0.5000E+01  0.3145E-02 -0.5000E+01  0.0000E+00      -1  -0.200E+00   19.29
  30   -29.0000     -10.770 0.4049   0.5000E+01  0.3145E-02 -0.5000E+01  0.0000E+00      -1  -0.200E+00   19.42
  31   -30.0000     -10.770 0.4049   0.5000E+01  0.3145E-02 -0.5000E+01  0.0000E+00      -1  -0.200E+00   19.53
  32   -31.0000     -10.770 0.4049   0.5000E+01  0.3145E-02 -0.5000E+01  0.0000E+00      -1  -0.200E+00   19.64
  33   -32.0000     -10.770 0.4049   0.5000E+01  0.3145E-02 -0.5000E+01  0.0000E+00      -1  -0.200E+00   19.73
  34   -33.0000     -10.770 0.4049   0.5000E+01  0.3145E-02 -0.5000E+01  0.0000E+00      -1  -0.200E+00   19.82
  35   -34.0000     -10.770 0.4049   0.5000E+01  0.3145E-02 -0.5000E+01  0.0000E+00      -1  -0.200E+00   19.89
  36   -35.0000     -10.770 0.4049   0.5000E+01  0.3145E-02 -0.5000E+01  0.0000E+00      -1  -0.200E+00   19.96
  37   -36.0000     -10.770 0.4049   0.5000E+01  0.3145E-02 -0.5000E+01  0.0000E+00      -1  -0.200E+00   20.01
  38   -37.0000     -10.770 0.4049   0.5000E+01  0.3145E-02 -0.5000E+01  0.0000E+00      -1  -0.200E+00   20.06
  39   -38.0000     -10.770 0.4049   0.5000E+01  0.3145E-02 -0.5000E+01  0.0000E+00      -1  -0.200E+00   20.10
  40   -39.0000     -10.770 0.4049   0.5000E+01  0.3145E-02 -0.5000E+01  0.0000E+00      -1  -0.200E+00   20.13
  41   -40.0000     -10.770 0.4049   0.5000E+01  0.3145E-02 -0.5000E+01  0.0000E+00      -1  -0.200E+00   20.16
  42   -41.0000     -10.770 0.4049   0.5000E+01  0.3145E-02 -0.5000E+01  0.0000E+00      -1  -0.200E+00   20.18
  43   -42.0000     -10.770 0.4049   0.5000E+01  0.3145E-02 -0.5000E+01  0.0000E+00      -1  -0.200E+00   20.19
  44   -43.0000     -10.770 0.4049   0.5000E+01  0.3145E-02 -0.5000E+01  0.0000E+00      -1  -0.200E+00   20.20
  45   -44.0000     -10.770 0.4049   0.5000E+01  0.3145E-02 -0.5000E+01  0.0000E+00      -1  -0.200E+00   20.21
  46   -45.0000     -10.770 0.4049   0.5000E+01  0.3145E-02 -0.5000E+01  0.0000E+00      -1  -0.200E+00   20.21
  47   -46.0000     -10.770 0.4049   0.5000E+01  0.3145E-02 -0.5000E+01  0.0000E+00      -1  -0.200E+00   20.21
  48   -47.0000     -10.770 0.4049   0.5000E+01  0.3145E-02 -0.5000E+01  0.0000E+00      -1  -0.200E+00   20.21
  49   -48.0000     -10.770 0.4049   0.5000E+01  0.3145E-02 -0.5000E+01  0.0000E+00      -1  -0.200E+00   20.20
  50   -49.0000     -10.770 0.4049   0.5000E+01  0.3145E-02 -0.5000E+01  0.0000E+00      -1  -0.200E+00   20.19
  51   -50.0000     -10.770 0.4049   0.5000E+01  0.3145E-02 -0.5000E+01  0.0000E+00      -1  -0.200E+00   20.18
  52   -51.0000     -10.770 0.4049   0.5000E+01  0.3145E-02 -0.5000E+01  0.0000E+00      -1  -0.200E+00   20.17
  53   -52.0000     -10.770 0.4049   0.5000E+01  0.3145E-02 -0.5000E+01  0.0000E+00      -1  -0.200E+00   20.16
  54   -53.0000     -10.770 0.4049   0.5000E+01  0.3145E-02 -0.5000E+01  0.0000E+00      -1  -0.200E+00   20.14
  55   -54.0000     -10.770 0.4049   0.5000E+01  0.3145E-02 -0.5000E+01  0.0000E+00      -1  -0.200E+00   20.13
  56   -55.0000     -10.770 0.4049   0.5000E+01  0.3145E-02 -0.5000E+01  0.0000E+00      -1  -0.200E+00   20.12
  57   -56.0000     -10.770 0.4049   0.5000E+01  0.3145E-02 -0.5000E+01  0.0000E+00      -1  -0.200E+00   20.10
  58   -57.0000     -10.770 0.4049   0.5000E+01  0.3145E-02 -0.5000E+01  0.0000E+00      -1  -0.200E+00   20.09
  59   -58.0000     -10.770 0.4049   0.5000E+01  0.3145E-02 -0.5000E+01  0.0000E+00      -1  -0.200E+00   20.08
  60   -59.0000     -10.770 0.4049   0.5000E+01  0.3145E-02 -0.5000E+01  0.0000E+00      -1  -0.200E+00   20.06
  61   -60.0000     -10.770 0.4049   0.5000E+01  0.3145E-02 -0.5000E+01  0.0000E+00      -1  -0.200E+00   20.05
  62   -61.0000     -10.770 0.4049   0.5000E+01  0.3145E-02 -0.5000E+01  0.0000E+00      -1  -0.200E+00   20.04
  63   -62.0000     -10.770 0.4049   0.5000E+01  0.3145E-02 -0.5000E+01  0.0000E+00      -1  -0.200E+00   20.03
  64   -63.0000     -10.770 0.4049   0.5000E+01  0.3145E-02 -0.5000E+01  0.0000E+00      -1  -0.200E+00   20.01
  65   -64.0000     -10.770 0.4049   0.5000E+01  0.3145E-02 -0.5000E+01  0.0000E+00      -1  -0.200E+00   20.00
  66   -65.0000     -10.770 0.4049   0.5000E+01  0.3145E-02 -0.5000E+01  0.0000E+00      -1  -0.200E+00   19.99
  67   -66.0000     -10.770 0.4049   0.5000E+01  0.3145E-02 -0.5000E+01  0.0000E+00      -1  -0.200E+00   19.99
  68   -67.0000     -10.770 0.4049   0.5000E+01  0.3145E-02 -0.5000E+01  0.0000E+00      -1  -0.200E+00   19.98
  69   -68.0000     -10.770 0.4049   0.5000E+01  0.3145E-02 -0.5000E+01  0.0000E+00      -1  -0.200E+00   19.97
  70   -69.0000     -10.770 0.4049   0.5000E+01  0.3145E-02 -0.5000E+01  0.0000E+00      -1  -0.200E+00   19.96
  71   -70.0000     -10.770 0.4049   0.5000E+01  0.3145E-02 -0.5000E+01  0.0000E+00      -1  -0.200E+00   19.96
  72   -71.0000     -10.770 0.4049   0.5000E+01  0.3145E-02 -0.5000E+01  0.0000E+00      -1  -0.200E+00   19.95
  73   -72.0000     -10.770 0.4049   0.5000E+01  0.3145E-02 -0.5000E+01  0.0000E+00      -1  -0.200E+00   19.95
  74   -73.0000     -10.770 0.4049   0.5000E+01  0.3145E-02 -0.5000E+01  0.0000E+00      -1  -0.200E+00   19.94
  75   -74.0000     -10.770 0.4049   0.5000E+01  0.3145E-02 -0.5000E+01  0.0000E+00      -1  -0.200E+00   19.94
  76   -75.0000     -10.770 0.4049   0.5000E+01  0.3145E-02 -0.5000E+01  0.0000E+00      -1  -0.200E+00   19.94
  77   -76.0000     -10.770 0.4049   0.5000E+01  0.3145E-02 -0.5000E+01  0.0000E+00      -1  -0.200E+00   19.93
  78   -77.0000     -10.770 0.4049   0.5000E+01  0.3145E-02 -0.5000E+01  0.0000E+00      -1  -0.200E+00   19.93
  79   -78.0000     -10.770 0.4049   0.5000E+01  0.3145E-02 -0.5000E+01  0.0000E+00      -1  -0.200E+00   19.93
  80   -79.0000     -10.770 0.4049   0.5000E+01  0.3145E-02 -0.5000E+01  0.0000E+00      -1  -0.200E+00   19.93
  81   -80.0000     -10.770 0.4049   0.5000E+01  0.3145E-02 -0.5000E+01  0.0000E+00      -1  -0.200E+00   19.93
  82   -81.0000     -10.770 0.4049   0.5000E+01  0.3145E-02 -0.5000E+01  0.0000E+00      -1  -0.200E+00   19.93
  83   -82.0000     -10.770 0.4049   0.5000E+01  0.3145E-02 -0.5000E+01  0.0000E+00      -1  -0.200E+00   19.93
  84   -83.0000     -10.770 0.4049   0.5000E+01  0.3145E-02 -0.5000E+01  0.0000E+00      -1  -0.200E+00   19.92
  85   -84.0000     -10.770 0.4049   0.5000E+01  0.3145E-02 -0.5000E+01  0.0000E+00      -1  -0.200E+00   19.92
  86   -85.0000     -10.770 0.4049   0.5000E+01  0.3145E-02 -0.5000E+01  0.0000E+00      -1  -0.200E+00   19.92
  87   -86.0000     -10.770 0.4049   0.5000E+01  0.3145E-02 -0.5000E+01  0.0000E+00      -1  -0.200E+00   19.92
  88   -87.0000     -10.770 0.4049   0.5000E+01  0.3145E-02 -0.5000E+01  0.0000E+00      -1  -0.200E+00   19.92
  89   -88.0000     -10.770 0.4049   0.5000E+01  0.3145E-02 -0.5000E+01  0.0000E+00      -1  -0.200E+00   19.93
  90   -89.0000     -10.770 0.4049   0.5000E+01  0.3145E-02 -0.5000E+01  0.0000E+00      -1  -0.200E+00   19.93
  91   -90.0000     -10.770 0.4049   0.5000E+01  0.3145E-02 -0.5000E+01  0.0000E+00      -1  -0.200E+00   19.93
  92   -91.0000     -10.770 0.4049   0.5000E+01  0.3145E-02 -0.5000E+01  0.0000E+00      -1  -0.200E+00   19.93
  93   -92.0000     -10.770 0.4049   0.5000E+01  0.3145E-02 -0.5000E+01  0.0000E+00      -1  -0.200E+00   19.93
  94   -93.0000     -10.770 0.4049   0.5000E+01  0.3145E-02 -0.5000E+01  0.0000E+00      -1  -0.200E+00   19.93
  95   -94.0000     -10.770 0.4049   0.5000E+01  0.3145E-02 -0.5000E+01  0.0000E+00      -1  -0.200E+00   19.93
  96   -95.0000     -10.770 0.4049   0.5000E+01  0.3145E-02 -0.5000E+01  0.0000E+00      -1  -0.200E+00   19.93
  97   -96.0000     -10.770 0.4049   0.5000E+01  0.3145E-02 -0.5000E+01  0.0000E+00      -1  -0.200E+00   19.93
  98   -97.0000     -10.770 0.4049   0.5000E+01  0.3145E-02 -0.5000E+01  0.0000E+00      -1  -0.200E+00   19.93
  99   -98.0000     -10.770 0.4049   0.5000E+01  0.3145E-02 -0.5000E+01  0.0000E+00      -1  -0.200E+00   19.93
 100   -99.0000     -10.770 0.4049   0.5000E+01  0.3145E-02 -0.5000E+01  0.0000E+00      -1  -0.200E+00   19.93
 101  -100.0000     -10.770 0.4049   0.5000E+01  0.3145E-02 -0.5000E+01  0.0000E+00      -1  -0.200E+00   19.93
end


 Time:        2.3750


 Node      Depth      Head Moisture       K          C         Flux        Sink         Kappa   v/KsTop   Temp
           [L]        [L]    [-]        [L/T]      [1/L]      [L/T]        [1/T]         [-]      [-]      [C]

   1     0.0000     -10.770 0.4049   0.5000E+01  0.3145E-02 -0.5000E+01  0.0000E+00      -1  -0.200E+00   25.00
   2    -1.0000     -10.770 0.4049   0.5000E+01  0.3145E-02 -0.5000E+01  0.0000E+00      -1  -0.200E+00   23.97
   3    -2.0000     -10.770 0.4049   0.5000E+01  0.3145E-02 -0.5000E+01  0.0000E+00      -1  -0.200E+00   23.03
   4    -3.0000     -10.770 0.4049   0.5000E+01  0.3145E-02 -0.5000E+01  0.0000E+00      -1  -0.200E+00   22.19
   5    -4.0000     -10.770 0.4049   0.5000E+01  0.3145E-02 -0.5000E+01  0.0000E+00      -1  -0.200E+00   21.44
   6    -5.0000     -10.770 0.4049   0.5000E+01  0.3145E-02 -0.5000E+01  0.0000E+00      -1  -0.200E+00   20.78
   7    -6.0000     -10.770 0.4049   0.5000E+01  0.3145E-02 -0.5000E+01  0.0000E+00      -1  -0.200E+00   20.20
   8    -7.0000     -10.770 0.4049   0.5000E+01  0.3145E-02 -0.5000E+01  0.0000E+00      -1  -0.200E+00   19.70
   9    -8.0000     -10.770 0.4049   0.5000E+01  0.3145E-02 -0.5000E+01  0.0000E+00      -1  -0.200E+00   19.27
  10    -9.0000     -10.770 0.4049   0.5000E+01  0.3145E-02 -0.5000E+01  0.0000E+00      -1  -0.200E+00   18.90
  11   -10.0000     -10.770 0.4049   0.5000E+01  0.3145E-02 -0.5000E+01  0.0000E+00      -1  -0.200E+00   18.60
  12   -11.0000     -10.770 0.4049   0.5000E+01  0.3145E-02 -0.5000E+01  0.0000E+00      -1  -0.200E+00   18.36
  13   -12.0000     -10.770 0.4049   0.5000E+01  0.3145E-02 -0.5000E+01  0.0000E+00      -1  -0.200E+00   18.17
  14   -13.0000     -10.770 0.4049   0.5000E+01  0.3145E-02 -0.5000E+01  0.0000E+00      -1  -0.200E+00   18.03
  15   -14.0000     -10.770 0.4049   0.5000E+01  0.3145E-02 -0.5000E+01  0.0000E+00      -1  -0.200E+00   17.93
  16   -15.0000     -10.770 0.4049   0.5000E+01  0.3145E-02 -0.5000E+01  0.0000E+00      -1  -0.200E+00   17.86
  17   -16.0000     -10.770 0.4049   0.5000E+01  0.3145E-02 -0.5000E+01  0.0000E+00      -1  -0.200E+00   17.83
  18   -17.0000     -10.770 0.4049   0.5000E+01  0.3145E-02 -0.5000E+01  0.0000E+00      -1  -0.200E+00   17.83
  19   -18.0000     -10.770 0.4049   0.5000E+01  0.3145E-02 -0.5000E+01  0.0000E+00      -1  -0.200E+00   17.85
  20   -19.0000     -10.770 0.4049   0.5000E+01  0.3145E-02 -0.5000E+01  0.0000E+00      -1  -0.200E+00   17.89
  21   -20.0000     -10.770 0.4049   0.5000E+01  0.3145E-02 -0.5000E+01  0.0000E+00      -1  -0.200E+00   17.95
  22   -21.0000     -10.770 0.4049   0.5000E+01  0.3145E-02 -0.5000E+01  0.0000E+00      -1  -0.200E+00   18.03
  23   -22.0000     -10.770 0.4049   0.5000E+01  0.3145E-02 -0.5000E+01  0.0000E+00      -1  -0.200E+00   18.12
  24   -23.0000     -10.770 0.4049   0.5000E+01  0.3145E-02 -0.5000E+01  0.0000E+00      -1  -0.200E+00   18.21
  25   -24.0000     -10.770 0.4049   0.5000E+01  0.3145E-02 -0.5000E+01  0.0000E+00      -1  -0.200E+00   18.31
  26   -25.0000     -10.770 0.4049   0.5000E+01  0.3145E-02 -0.5000E+01  0.0000E+00      -1  -0.200E+00   18.42
  27   -26.0000     -10.770 0.4049   0.5000E+01  0.3145E-02 -0.5000E+01  0.0000E+00      -1  -0.200E+00   18.53
  28   -27.0000     -10.770 0.4049   0.5000E+01  0.3145E-02 -0.5000E+01  0.0000E+00      -1  -0.200E+00   18.64
  29   -28.0000     -10.770 0.4049   0.5000E+01  0.3145E-02 -0.5000E+01  0.0000E+00      -1  -0.200E+00   18.75
  30   -29.0000     -10.770 0.4049   0.5000E+01  0.3145E-02 -0.5000E+01  0.0000E+00      -1  -0.200E+00   18.86
  31   -30.0000     -10.770 0.4049   0.5000E+01  0.3145E-02 -0.5000E+01  0.0000E+00      -1  -0.200E+00   18.97
  32   -31.0000     -10.770 0.4049   0.5000E+01  0.3145E-02 -0.5000E+01  0.0000E+00      -1  -0.200E+00   19.07
  33   -32.0000     -10.770 0.4049   0.5000E+01  0.3145E-02 -0.5000E+01  0.0000E+00      -1  -0.200E+00   19.17
  34   -33.0000     -10.770 0.4049   0.5000E+01  0.3145E-02 -0.5000E+01  0.0000E+00      -1  -0.200E+00   19.27
  35   -34.0000     -10.770 0.4049   0.5000E+01  0.3145E-02 -0.5000E+01  0.0000E+00      -1  -0.200E+00   19.35
  36   -35.0000     -10.770 0.4049   0.5000E+01  0.3145E-02 -0.5000E+01  0.0000E+00      -1  -0.200E+00   19.44
  37   -36.0000     -10.770 0.4049   0.5000E+01  0.3145E-02 -0.5000E+01  0.0000E+00      -1  -0.200E+00   19.52
  38   -37.0000     -10.770 0.4049   0.5000E+01  0.3145E-02 -0.5000E+01  0.0000E+00      -1  -0.200E+00   19.59
  39   -38.0000     -10.770 0.4049   0.5000E+01  0.3145E-02 -0.5000E+01  0.0000E+00      -1  -0.200E+00   19.66
  40   -39.0000     -10.770 0.4049   0.5000E+01  0.3145E-02 -0.5000E+01  0.0000E+00      -1  -0.200E+00   19.72
  41   -40.0000     -10.770 0.4049   0.5000E+01  0.3145E-02 -0.5000E+01  0.0000E+00      -1  -0.200E+00   19.77
  42   -41.0000     -10.770 0.4049   0.5000E+01  0.3145E-02 -0.5000E+01  0.0000E+00      -1  -0.200E+00   19.82
  43   -42.0000     -10.770 0.4049   0.5000E+01  0.3145E-02 -0.5000E+01  0.0000E+00      -1  -0.200E+00   19.86
  44   -43.0000     -10.770 0.4049   0.5000E+01  0.3145E-02 -0.5000E+01  0.0000E+00      -1  -0.200E+00   19.90
  45   -44.0000     -10.770 0.4049   0.5000E+01  0.3145E-02 -0.5000E+01  0.0000E+00      -1  -0.200E+00   19.94
  46   -45.0000     -10.770 0.4049   0.5000E+01  0.3145E-02 -0.5000E+01  0.0000E+00      -1  -0.200E+00   19.97
  47   -46.0000     -10.770 0.4049   0.5000E+01  0.3145E-02 -0.5000E+01  0.0000E+00      -1  -0.200E+00   19.99
  48   -47.0000     -10.770 0.4049   0.5000E+01  0.3145E-02 -0.5000E+01  0.0000E+00      -1  -0.200E+00   20.01
  49   -48.0000     -10.770 0.4049   0.5000E+01  0.3145E-02 -0.5000E+01  0.0000E+00      -1  -0.200E+00   20.03
  50   -49.0000     -10.770 0.4049   0.5000E+01  0.3145E-02 -0.5000E+01  0.0000E+00      -1  -0.200E+00   20.05
  51   -50.0000     -10.770 0.4049   0.5000E+01  0.3145E-02 -0.5000E+01  0.0000E+00      -1  -0.200E+00   20.06
  52   -51.0000     -10.770 0.4049   0.5000E+01  0.3145E-02 -0.5000E+01  0.0000E+00      -1  -0.200E+00   20.06
  53   -52.0000     -10.770 0.4049   0.5000E+01  0.3145E-02 -0.5000E+01  0.0000E+00      -1  -0.200E+00   20.07
  54   -53.0000     -10.770 0.4049   0.5000E+01  0.3145E-02 -0.5000E+01  0.0000E+00      -1  -0.200E+00   20.07
  55   -54.0000     -10.770 0.4049   0.5000E+01  0.3145E-02 -0.5000E+01  0.0000E+00      -1  -0.200E+00   20.08
  56   -55.0000     -10.770 0.4049   0.5000E+01  0.3145E-02 -0.5000E+01  0.0000E+00      -1  -0.200E+00   20.08
  57   -56.0000     -10.770 0.4049   0.5000E+01  0.3145E-02 -0.5000E+01  0.0000E+00      -1  -0.200E+00   20.07
  58   -57.0000     -10.770 0.4049   0.5000E+01  0.3145E-02 -0.5000E+01  0.0000E+00      -1  -0.200E+00   20.07
  59   -58.0000     -10.770 0.4049   0.5000E+01  0.3145E-02 -0.5000E+01  0.0000E+00      -1  -0.200E+00   20.07
  60   -59.0000     -10.770 0.4049   0.5000E+01  0.3145E-02 -0.5000E+01  0.0000E+00      -1  -0.200E+00   20.06
  61   -60.0000     -10.770 0.4049   0.5000E+01  0.3145E-02 -0.5000E+01  0.0000E+00      -1  -0.200E+00   20.06
  62   -61.0000     -10.770 0.4049   0.5000E+01  0.3145E-02 -0.5000E+01  0.0000E+00      -1  -0.200E+00   20.05
  63   -62.0000     -10.770 0.4049   0.5000E+01  0.3145E-02 -0.5000E+01  0.0000E+00      -1  -0.200E+00   20.05
  64   -63.0000     -10.770 0.4049   0.5000E+01  0.3145E-02 -0.5000E+01  0.0000E+00      -1  -0.200E+00   20.04
  65   -64.0000     -10.770 0.4049   0.5000E+01  0.3145E-02 -0.5000E+01  0.0000E+00      -1  -0.200E+00   20.03
  66   -65.0000     -10.770 0.4049   0.5000E+01  0.3145E-02 -0.5000E+01  0.0000E+00      -1  -0.200E+00   20.02
  67   -66.0000     -10.770 0.4049   0.5000E+01  0.3145E-02 -0.5000E+01  0.0000E+00      -1  -0.200E+00   20.02
  68   -67.0000     -10.770 0.4049   0.5000E+01  0.3145E-02 -0.5000E+01  0.0000E+00      -1  -0.200E+00   20.01
  69   -68.0000     -10.770 0.4049   0.5000E+01  0.3145E-02 -0.5000E+01  0.0000E+00      -1  -0.200E+00   20.00
  70   -69.0000     -10.770 0.4049   0.5000E+01  0.3145E-02 -0.5000E+01  0.0000E+00      -1  -0.200E+00   20.00
  71   -70.0000     -10.770 0.4049   0.5000E+01  0.3145E-02 -0.5000E+01  0.0000E+00      -1  -0.200E+00   19.99
  72   -71.0000     -10.770 0.4049   0.5000E+01  0.3145E-02 -0.5000E+01  0.0000E+00      -1  -0.200E+00   19.99
  73   -72.0000     -10.770 0.4049   0.5000E+01  0.3145E-02 -0.5000E+01  0.0000E+00      -1  -0.200E+00   19.98
  74   -73.0000     -10.770 0.4049   0.5000E+01  0.3145E-02 -0.5000E+01  0.0000E+00      -1  -0.200E+00   19.97
  75   -74.0000     -10.770 0.4049   0.5000E+01  0.3145E-02 -0.5000E+01  0.0000E+00      -1  -0.200E+00   19.97
  76   -75.0000     -10.770 0.4049   0.5000E+01  0.3145E-02 -0.5000E+01  0.0000E+00      -1  -0.200E+00   19.97
  77   -76.0000     -10.770 0.4049   0.5000E+01  0.3145E-02 -0.5000E+01  0.0000E+00      -1  -0.200E+00   19.96
  78   -77.0000     -10.770 0.4049   0.5000E+01  0.3145E-02 -0.5000E+01  0.0000E+00      -1  -0.200E+00   19.96
  79   -78.0000     -10.770 0.4049   0.5000E+01  0.3145E-02 -0.5000E+01  0.0000E+00      -1  -0.200E+00   19.95
  80   -79.0000     -10.770 0.4049   0.5000E+01  0.3145E-02 -0.5000E+01  0.0000E+00      -1  -0.200E+00   19.95
  81   -80.0000     -10.770 0.4049   0.5000E+01  0.3145E-02 -0.5000E+01  0.0000E+00      -1  -0.200E+00   19.95
  82   -81.0000     -10.770 0.4049   0.5000E+01  0.3145E-02 -0.5000E+01  0.0000E+00      -1  -0.200E+00   19.94
  83   -82.0000     -10.770 0.4049   0.5000E+01  0.3145E-02 -0.5000E+01  0.0000E+00      -1  -0.200E+00   19.94
  84   -83.0000     -10.770 0.4049   0.5000E+01  0.3145E-02 -0.5000E+01  0.0000E+00      -1  -0.200E+00   19.94
  85   -84.0000     -10.770 0.4049   0.5000E+01  0.3145E-02 -0.5000E+01  0.0000E+00      -1  -0.200E+00   19.94
  86   -85.0000     -10.770 0.4049   0.5000E+01  0.3145E-02 -0.5000E+01  0.0000E+00      -1  -0.200E+00   19.94
  87   -86.0000     -10.770 0.4049   0.5000E+01  0.3145E-02 -0.5000E+01  0.0000E+00      -1  -0.200E+00   19.93
  88   -87.0000     -10.770 0.4049   0.5000E+01  0.3145E-02 -0.5000E+01  0.0000E+00      -1  -0.200E+00   19.93
  89   -88.0000     -10.770 0.4049   0.5000E+01  0.3145E-02 -0.5000E+01  0.0000E+00      -1  -0.200E+00   19.93
  90   -89.0000     -10.770 0.4049   0.5000E+01  0.3145E-02 -0.5000E+01  0.0000E+00      -1  -0.200E+00   19.93
  91   -90.0000     -10.770 0.4049   0.5000E+01  0.3145E-02 -0.5000E+01  0.0000E+00      -1  -0.200E+00   19.93
  92   -91.0000     -10.770 0.4049   0.5000E+01  0.3145E-02 -0.5000E+01  0.0000E+00      -1  -0.200E+00   19.93
  93   -92.0000     -10.770 0.4049   0.5000E+01  0.3145E-02 -0.5000E+01  0.0000E+00      -1  -0.200E+00   19.93
  94   -93.0000     -10.770 0.4049   0.5000E+01  0.3145E-02 -0.5000E+01  0.0000E+00      -1  -0.200E+00   19.93
  95   -94.0000     -10.770 0.4049   0.5000E+01  0.3145E-02 -0.5000E+01  0.0000E+00      -1  -0.200E+00   19.93
  96   -95.0000     -10.770 0.4049   0.5000E+01  0.3145E-02 -0.5000E+01  0.0000E+00      -1  -0.200E+00   19.93
  97   -96.0000     -10.770 0.4049   0.5000E+01  0.3145E-02 -0.5000E+01  0.0000E+00      -1  -0.200E+00   19.93
  98   -97.0000     -10.770 0.4049   0.5000E+01  0.3145E-02 -0.5000E+01  0.0000E+00      -1  -0.200E+00   19.93
  99   -98.0000     -10.770 0.4049   0.5000E+01  0.3145E-02 -0.5000E+01  0.0000E+00      -1  -0.200E+00   19.93
 100   -99.0000     -10.770 0.4049   0.5000E+01  0.3145E-02 -0.5000E+01  0.0000E+00      -1  -0.200E+00   19.93
 101  -100.0000     -10.770 0.4049   0.5000E+01  0.3145E-02 -0.5000E+01  0.0000E+00      -1  -0.200E+00   19.93
end


 Time:        2.5000


 Node      Depth      Head Moisture       K          C         Flux        Sink         Kappa   v/KsTop   Temp
           [L]        [L]    [-]        [L/T]      [1/L]      [L/T]        [1/T]         [-]      [-]      [C]

   1     0.0000     -10.770 0.4049   0.5000E+01  0.3145E-02 -0.5000E+01  0.0000E+00      -1  -0.200E+00   29.66
   2    -1.0000     -10.770 0.4049   0.5000E+01  0.3145E-02 -0.5000E+01  0.0000E+00      -1  -0.200E+00   28.74
   3    -2.0000     -10.770 0.4049   0.5000E+01  0.3145E-02 -0.5000E+01  0.0000E+00      -1  -0.200E+00   27.85
   4    -3.0000     -10.770 0.4049   0.5000E+01  0.3145E-02 -0.5000E+01  0.0000E+00      -1  -0.200E+00   26.99
   5    -4.0000     -10.770 0.4049   0.5000E+01  0.3145E-02 -0.5000E+01  0.0000E+00      -1  -0.200E+00   26.17
   6    -5.0000     -10.770 0.4049   0.5000E+01  0.3145E-02 -0.5000E+01  0.0000E+00      -1  -0.200E+00   25.39
   7    -6.0000     -10.770 0.4049   0.5000E+01  0.3145E-02 -0.5000E+01  0.0000E+00      -1  -0.200E+00   24.66
   8    -7.0000     -10.770 0.4049   0.5000E+01  0.3145E-02 -0.5000E+01  0.0000E+00      -1  -0.200E+00   23.98
   9    -8.0000     -10.770 0.4049   0.5000E+01  0.3145E-02 -0.5000E+01  0.0000E+00      -1  -0.200E+00   23.34
  10    -9.0000     -10.770 0.4049   0.5000E+01  0.3145E-02 -0.5000E+01  0.0000E+00      -1  -0.200E+00   22.76
  11   -10.0000     -10.770 0.4049   0.5000E+01  0.3145E-02 -0.5000E+01  0.0000E+00      -1  -0.200E+00   22.22
  12   -11.0000     -10.770 0.4049   0.5000E+01  0.3145E-02 -0.5000E+01  0.0000E+00      -1  -0.200E+00   21.74
  13   -12.0000     -10.770 0.4049   0.5000E+01  0.3145E-02 -0.5000E+01  0.0000E+00      -1  -0.200E+00   21.30
  14   -13.0000     -10.770 0.4049   0.5000E+01  0.3145E-02 -0.5000E+01  0.0000E+00      -1  -0.200E+00   20.90
  15   -14.0000     -10.770 0.4049   0.5000E+01  0.3145E-02 -0.5000E+01  0.0000E+00      -1  -0.200E+00   20.55
  16   -15.0000     -10.770 0.4049   0.5000E+01  0.3145E-02 -0.5000E+01  0.0000E+00      -1  -0.200E+00   20.25
  17   -16.0000     -10.770 0.4049   0.5000E+01  0.3145E-02 -0.5000E+01  0.0000E+00      -1  -0.200E+00   19.98
  18   -17.0000     -10.770 0.4049   0.5000E+01  0.3145E-02 -0.5000E+01  0.0000E+00      -1  -0.200E+00   19.75
  19   -18.0000     -10.770 0.4049   0.5000E+01  0.3145E-02 -0.5000E+01  0.0000E+00      -1  -0.200E+00   19.55
  20   -19.0000     -10.770 0.4049   0.5000E+01  0.3145E-02 -0.5000E+01  0.0000E+00      -1  -0.200E+00   19.38
  21   -20.0000     -10.770 0.4049   0.5000E+01  0.3145E-02 -0.5000E+01  0.0000E+00      -1  -0.200E+00   19.25
  22   -21.0000     -10.770 0.4049   0.5000E+01  0.3145E-02 -0.5000E+01  0.0000E+00      -1  -0.200E+00   19.14
  23   -22.0000     -10.770 0.4049   0.5000E+01  0.3145E-02 -0.5000E+01  0.0000E+00      -1  -0.200E+00   19.06
  24   -23.0000     -10.770 0.4049   0.5000E+01  0.3145E-02 -0.5000E+01  0.0000E+00      -1  -0.200E+00   18.99
  25   -24.0000     -10.770 0.4049   0.5000E+01  0.3145E-02 -0.5000E+01  0.0000E+00      -1  -0.200E+00   18.95
  26   -25.0000     -10.770 0.4049   0.5000E+01  0.3145E-02 -0.5000E+01  0.0000E+00      -1  -0.200E+00   18.93
  27   -26.0000     -10.770 0.4049   0.5000E+01  0.3145E-02 -0.5000E+01  0.0000E+00      -1  -0.200E+00   18.92
  28   -27.0000     -10.770 0.4049   0.5000E+01  0.3145E-02 -0.5000E+01  0.0000E+00      -1  -0.200E+00   18.92
  29   -28.0000     -10.770 0.4049   0.5000E+01  0.3145E-02 -0.5000E+01  0.0000E+00      -1  -0.200E+00   18.94
  30   -29.0000     -10.770 0.4049   0.5000E+01  0.3145E-02 -0.5000E+01  0.0000E+00      -1  -0.200E+00   18.96
  31   -30.0000     -10.770 0.4049   0.5000E+01  0.3145E-02 -0.5000E+01  0.0000E+00      -1  -0.200E+00   18.99
  32   -31.0000     -10.770 0.4049   0.5000E+01  0.3145E-02 -0.5000E+01  0.0000E+00      -1  -0.200E+00   19.03
  33   -32.0000     -10.770 0.4049   0.5000E+01  0.3145E-02 -0.5000E+01  0.0000E+00      -1  -0.200E+00   19.08
  34   -33.0000     -10.770 0.4049   0.5000E+01  0.3145E-02 -0.5000E+01  0.0000E+00      -1  -0.200E+00   19.12
  35   -34.0000     -10.770 0.4049   0.5000E+01  0.3145E-02 -0.5000E+01  0.0000E+00      -1  -0.200E+00   19.18
  36   -35.0000     -10.770 0.4049   0.5000E+01  0.3145E-02 -0.5000E+01  0.0000E+00      -1  -0.200E+00   19.23
  37   -36.0000     -10.770 0.4049   0.5000E+01  0.3145E-02 -0.5000E+01  0.0000E+00      -1  -0.200E+00   19.28
  38   -37.0000     -10.770 0.4049   0.5000E+01  0.3145E-02 -0.5000E+01  0.0000E+00      -1  -0.200E+00   19.34
  39   -38.0000     -10.770 0.4049   0.5000E+01  0.3145E-02 -0.5000E+01  0.0000E+00      -1  -0.200E+00   19.39
  40   -39.0000     -10.770 0.4049   0.5000E+01  0.3145E-02 -0.5000E+01  0.0000E+00      -1  -0.200E+00   19.44
  41   -40.0000     -10.770 0.4049   0.5000E+01  0.3145E-02 -0.5000E+01  0.0000E+00      -1  -0.200E+00   19.49
  42   -41.0000     -10.770 0.4049   0.5000E+01  0.3145E-02 -0.5000E+01  0.0000E+00      -1  -0.200E+00   19.54
  43   -42.0000     -10.770 0.4049   0.5000E+01  0.3145E-02 -0.5000E+01  0.0000E+00      -1  -0.200E+00   19.59
  44   -43.0000     -10.770 0.4049   0.5000E+01  0.3145E-02 -0.5000E+01  0.0000E+00      -1  -0.200E+00   19.64
  45   -44.0000     -10.770 0.4049   0.5000E+01  0.3145E-02 -0.5000E+01  0.0000E+00      -1  -0.200E+00   19.68
  46   -45.0000     -10.770 0.4049   0.5000E+01  0.3145E-02 -0.5000E+01  0.0000E+00      -1  -0.200E+00   19.72
  47   -46.0000     -10.770 0.4049   0.5000E+01  0.3145E-02 -0.5000E+01  0.0000E+00      -1  -0.200E+00   19.75
  48   -47.0000     -10.770 0.4049   0.5000E+01  0.3145E-02 -0.5000E+01  0.0000E+00      -1  -0.200E+00   19.79
  49   -48.0000     -10.770 0.4049   0.5000E+01  0.3145E-02 -0.5000E+01  0.0000E+00      -1  -0.200E+00   19.82
  50   -49.0000     -10.770 0.4049   0.5000E+01  0.3145E-02 -0.5000E+01  0.0000E+00      -1  -0.200E+00   19.85
  51   -50.0000     -10.770 0.4049   0.5000E+01  0.3145E-02 -0.5000E+01  0.0000E+00      -1  -0.200E+00   19.87
  52   -51.0000     -10.770 0.4049   0.5000E+01  0.3145E-02 -0.5000E+01  0.0000E+00      -1  -0.200E+00   19.90
  53   -52.0000     -10.770 0.4049   0.5000E+01  0.3145E-02 -0.5000E+01  0.0000E+00      -1  -0.200E+00   19.92
  54   -53.0000     -10.770 0.4049   0.5000E+01  0.3145E-02 -0.5000E+01  0.0000E+00      -1  -0.200E+00   19.93
  55   -54.0000     -10.770 0.4049   0.5000E+01  0.3145E-02 -0.5000E+01  0.0000E+00      -1  -0.200E+00   19.95
  56   -55.0000     -10.770 0.4049   0.5000E+01  0.3145E-02 -0.5000E+01  0.0000E+00      -1  -0.200E+00   19.96
  57   -56.0000     -10.770 0.4049   0.5000E+01  0.3145E-02 -0.5000E+01  0.0000E+00      -1  -0.200E+00   19.97
  58   -57.0000     -10.770 0.4049   0.5000E+01  0.3145E-02 -0.5000E+01  0.0000E+00      -1  -0.200E+00   19.98
  59   -58.0000     -10.770 0.4049   0.5000E+01  0.3145E-02 -0.5000E+01  0.0000E+00      -1  -0.200E+00   19.99
  60   -59.0000     -10.770 0.4049   0.5000E+01  0.3145E-02 -0.5000E+01  0.0000E+00      -1  -0.200E+00   20.00
  61   -60.0000     -10.770 0.4049   0.5000E+01  0.3145E-02 -0.5000E+01  0.0000E+00      -1  -0.200E+00   20.00
  62   -61.0000     -10.770 0.4049   0.5000E+01  0.3145E-02 -0.5000E+01  0.0000E+00      -1  -0.200E+00   20.01
  63   -62.0000     -10.770 0.4049   0.5000E+01  0.3145E-02 -0.5000E+01  0.0000E+00      -1  -0.200E+00   20.01
  64   -63.0000     -10.770 0.4049   0.5000E+01  0.3145E-02 -0.5000E+01  0.0000E+00      -1  -0.200E+00   20.01
  65   -64.0000     -10.770 0.4049   0.5000E+01  0.3145E-02 -0.5000E+01  0.0000E+00      -1  -0.200E+00   20.01
  66   -65.0000     -10.770 0.4049   0.5000E+01  0.3145E-02 -0.5000E+01  0.0000E+00      -1  -0.200E+00   20.01
  67   -66.0000     -10.770 0.4049   0.5000E+01  0.3145E-02 -0.5000E+01  0.0000E+00      -1  -0.200E+00   20.01
  68   -67.0000     -10.770 0.4049   0.5000E+01  0.3145E-02 -0.5000E+01  0.0000E+00      -1  -0.200E+00   20.01
  69   -68.0000     -10.770 0.4049   0.5000E+01  0.3145E-02 -0.5000E+01  0.0000E+00      -1  -0.200E+00   20.00
  70   -69.0000     -10.770 0.4049   0.5000E+01  0.3145E-02 -0.5000E+01  0.0000E+00      -1  -0.200E+00   20.00
  71   -70.0000     -10.770 0.4049   0.5000E+01  0.3145E-02 -0.5000E+01  0.0000E+00      -1  -0.200E+00   20.00
  72   -71.0000     -10.770 0.4049   0.5000E+01  0.3145E-02 -0.5000E+01  0.0000E+00      -1  -0.200E+00   19.99
  73   -72.0000     -10.770 0.4049   0.5000E+01  0.3145E-02 -0.5000E+01  0.0000E+00      -1  -0.200E+00   19.99
  74   -73.0000     -10.770 0.4049   0.5000E+01  0.3145E-02 -0.5000E+01  0.0000E+00      -1  -0.200E+00   19.99
  75   -74.0000     -10.770 0.4049   0.5000E+01  0.3145E-02 -0.5000E+01  0.0000E+00      -1  -0.200E+00   19.98
  76   -75.0000     -10.770 0.4049   0.5000E+01  0.3145E-02 -0.5000E+01  0.0000E+00      -1  -0.200E+00   19.98
  77   -76.0000     -10.770 0.4049   0.5000E+01  0.3145E-02 -0.5000E+01  0.0000E+00      -1  -0.200E+00   19.98
  78   -77.0000     -10.770 0.4049   0.5000E+01  0.3145E-02 -0.5000E+01  0.0000E+00      -1  -0.200E+00   19.97
  79   -78.0000     -10.770 0.4049   0.5000E+01  0.3145E-02 -0.5000E+01  0.0000E+00      -1  -0.200E+00   19.97
  80   -79.0000     -10.770 0.4049   0.5000E+01  0.3145E-02 -0.5000E+01  0.0000E+00      -1  -0.200E+00   19.97
  81   -80.0000     -10.770 0.4049   0.5000E+01  0.3145E-02 -0.5000E+01  0.0000E+00      -1  -0.200E+00   19.96
  82   -81.0000     -10.770 0.4049   0.5000E+01  0.3145E-02 -0.5000E+01  0.0000E+00      -1  -0.200E+00   19.96
  83   -82.0000     -10.770 0.4049   0.5000E+01  0.3145E-02 -0.5000E+01  0.0000E+00      -1  -0.200E+00   19.96
  84   -83.0000     -10.770 0.4049   0.5000E+01  0.3145E-02 -0.5000E+01  0.0000E+00      -1  -0.200E+00   19.95
  85   -84.0000     -10.770 0.4049   0.5000E+01  0.3145E-02 -0.5000E+01  0.0000E+00      -1  -0.200E+00   19.95
  86   -85.0000     -10.770 0.4049   0.5000E+01  0.3145E-02 -0.5000E+01  0.0000E+00      -1  -0.200E+00   19.95
  87   -86.0000     -10.770 0.4049   0.5000E+01  0.3145E-02 -0.5000E+01  0.0000E+00      -1  -0.200E+00   19.95
  88   -87.0000     -10.770 0.4049   0.5000E+01  0.3145E-02 -0.5000E+01  0.0000E+00      -1  -0.200E+00   19.95
  89   -88.0000     -10.770 0.4049   0.5000E+01  0.3145E-02 -0.5000E+01  0.0000E+00      -1  -0.200E+00   19.94
  90   -89.0000     -10.770 0.4049   0.5000E+01  0.3145E-02 -0.5000E+01  0.0000E+00      -1  -0.200E+00   19.94
  91   -90.0000     -10.770 0.4049   0.5000E+01  0.3145E-02 -0.5000E+01  0.0000E+00      -1  -0.200E+00   19.94
  92   -91.0000     -10.770 0.4049   0.5000E+01  0.3145E-02 -0.5000E+01  0.0000E+00      -1  -0.200E+00   19.94
  93   -92.0000     -10.770 0.4049   0.5000E+01  0.3145E-02 -0.5000E+01  0.0000E+00      -1  -0.200E+00   19.94
  94   -93.0000     -10.770 0.4049   0.5000E+01  0.3145E-02 -0.5000E+01  0.0000E+00      -1  -0.200E+00   19.94
  95   -94.0000     -10.770 0.4049   0.5000E+01  0.3145E-02 -0.5000E+01  0.0000E+00      -1  -0.200E+00   19.94
  96   -95.0000     -10.770 0.4049   0.5000E+01  0.3145E-02 -0.5000E+01  0.0000E+00      -1  -0.200E+00   19.94
  97   -96.0000     -10.770 0.4049   0.5000E+01  0.3145E-02 -0.5000E+01  0.0000E+00      -1  -0.200E+00   19.93
  98   -97.0000     -10.770 0.4049   0.5000E+01  0.3145E-02 -0.5000E+01  0.0000E+00      -1  -0.200E+00   19.93
  99   -98.0000     -10.770 0.4049   0.5000E+01  0.3145E-02 -0.5000E+01  0.0000E+00      -1  -0.200E+00   19.93
 100   -99.0000     -10.770 0.4049   0.5000E+01  0.3145E-02 -0.5000E+01  0.0000E+00      -1  -0.200E+00   19.93
 101  -100.0000     -10.770 0.4049   0.5000E+01  0.3145E-02 -0.5000E+01  0.0000E+00      -1  -0.200E+00   19.93
end


 Time:        2.6250


 Node      Depth      Head Moisture       K          C         Flux        Sink         Kappa   v/KsTop   Temp
           [L]        [L]    [-]        [L/T]      [1/L]      [L/T]        [1/T]         [-]      [-]      [C]

   1     0.0000     -10.770 0.4049   0.5000E+01  0.3145E-02 -0.5000E+01  0.0000E+00      -1  -0.200E+00   28.66
   2    -1.0000     -10.770 0.4049   0.5000E+01  0.3145E-02 -0.5000E+01  0.0000E+00      -1  -0.200E+00   28.39
   3    -2.0000     -10.770 0.4049   0.5000E+01  0.3145E-02 -0.5000E+01  0.0000E+00      -1  -0.200E+00   28.06
   4    -3.0000     -10.770 0.4049   0.5000E+01  0.3145E-02 -0.5000E+01  0.0000E+00      -1  -0.200E+00   27.69
   5    -4.0000     -10.770 0.4049   0.5000E+01  0.3145E-02 -0.5000E+01  0.0000E+00      -1  -0.200E+00   27.28
   6    -5.0000     -10.770 0.4049   0.5000E+01  0.3145E-02 -0.5000E+01  0.0000E+00      -1  -0.200E+00   26.84
   7    -6.0000     -10.770 0.4049   0.5000E+01  0.3145E-02 -0.5000E+01  0.0000E+00      -1  -0.200E+00   26.39
   8    -7.0000     -10.770 0.4049   0.5000E+01  0.3145E-02 -0.5000E+01  0.0000E+00      -1  -0.200E+00   25.93
   9    -8.0000     -10.770 0.4049   0.5000E+01  0.3145E-02 -0.5000E+01  0.0000E+00      -1  -0.200E+00   25.46
  10    -9.0000     -10.770 0.4049   0.5000E+01  0.3145E-02 -0.5000E+01  0.0000E+00      -1  -0.200E+00   24.99
  11   -10.0000     -10.770 0.4049   0.5000E+01  0.3145E-02 -0.5000E+01  0.0000E+00      -1  -0.200E+00   24.54
  12   -11.0000     -10.770 0.4049   0.5000E+01  0.3145E-02 -0.5000E+01  0.0000E+00      -1  -0.200E+00   24.09
  13   -12.0000     -10.770 0.4049   0.5000E+01  0.3145E-02 -0.5000E+01  0.0000E+00      -1  -0.200E+00   23.66
  14   -13.0000     -10.770 0.4049   0.5000E+01  0.3145E-02 -0.5000E+01  0.0000E+00      -1  -0.200E+00   23.25
  15   -14.0000     -10.770 0.4049   0.5000E+01  0.3145E-02 -0.5000E+01  0.0000E+00      -1  -0.200E+00   22.85
  16   -15.0000     -10.770 0.4049   0.5000E+01  0.3145E-02 -0.5000E+01  0.0000E+00      -1  -0.200E+00   22.48
  17   -16.0000     -10.770 0.4049   0.5000E+01  0.3145E-02 -0.5000E+01  0.0000E+00      -1  -0.200E+00   22.13
  18   -17.0000     -10.770 0.4049   0.5000E+01  0.3145E-02 -0.5000E+01  0.0000E+00      -1  -0.200E+00   21.81
  19   -18.0000     -10.770 0.4049   0.5000E+01  0.3145E-02 -0.5000E+01  0.0000E+00      -1  -0.200E+00   21.50
  20   -19.0000     -10.770 0.4049   0.5000E+01  0.3145E-02 -0.5000E+01  0.0000E+00      -1  -0.200E+00   21.23
  21   -20.0000     -10.770 0.4049   0.5000E+01  0.3145E-02 -0.5000E+01  0.0000E+00      -1  -0.200E+00   20.97
  22   -21.0000     -10.770 0.4049   0.5000E+01  0.3145E-02 -0.5000E+01  0.0000E+00      -1  -0.200E+00   20.75
  23   -22.0000     -10.770 0.4049   0.5000E+01  0.3145E-02 -0.5000E+01  0.0000E+00      -1  -0.200E+00   20.54
  24   -23.0000     -10.770 0.4049   0.5000E+01  0.3145E-02 -0.5000E+01  0.0000E+00      -1  -0.200E+00   20.35
  25   -24.0000     -10.770 0.4049   0.5000E+01  0.3145E-02 -0.5000E+01  0.0000E+00      -1  -0.200E+00   20.19
  26   -25.0000     -10.770 0.4049   0.5000E+01  0.3145E-02 -0.5000E+01  0.0000E+00      -1  -0.200E+00   20.05
  27   -26.0000     -10.770 0.4049   0.5000E+01  0.3145E-02 -0.5000E+01  0.0000E+00      -1  -0.200E+00   19.92
  28   -27.0000     -10.770 0.4049   0.5000E+01  0.3145E-02 -0.5000E+01  0.0000E+00      -1  -0.200E+00   19.82
  29   -28.0000     -10.770 0.4049   0.5000E+01  0.3145E-02 -0.5000E+01  0.0000E+00      -1  -0.200E+00   19.73
  30   -29.0000     -10.770 0.4049   0.5000E+01  0.3145E-02 -0.5000E+01  0.0000E+00      -1  -0.200E+00   19.65
  31   -30.0000     -10.770 0.4049   0.5000E+01  0.3145E-02 -0.5000E+01  0.0000E+00      -1  -0.200E+00   19.59
  32   -31.0000     -10.770 0.4049   0.5000E+01  0.3145E-02 -0.5000E+01  0.0000E+00      -1  -0.200E+00   19.54
  33   -32.0000     -10.770 0.4049   0.5000E+01  0.3145E-02 -0.5000E+01  0.0000E+00      -1  -0.200E+00   19.51
  34   -33.0000     -10.770 0.4049   0.5000E+01  0.3145E-02 -0.5000E+01  0.0000E+00      -1  -0.200E+00   19.48
  35   -34.0000     -10.770 0.4049   0.5000E+01  0.3145E-02 -0.5000E+01  0.0000E+00      -1  -0.200E+00   19.46
  36   -35.0000     -10.770 0.4049   0.5000E+01  0.3145E-02 -0.5000E+01  0.0000E+00      -1  -0.200E+00   19.45
  37   -36.0000     -10.770 0.4049   0.5000E+01  0.3145E-02 -0.5000E+01  0.0000E+00      -1  -0.200E+00   19.45
  38   -37.0000     -10.770 0.4049   0.5000E+01  0.3145E-02 -0.5000E+01  0.0000E+00      -1  -0.200E+00   19.45
  39   -38.0000     -10.770 0.4049   0.5000E+01  0.3145E-02 -0.5000E+01  0.0000E+00      -1  -0.200E+00   19.46
  40   -39.0000     -10.770 0.4049   0.5000E+01  0.3145E-02 -0.5000E+01  0.0000E+00      -1  -0.200E+00   19.48
  41   -40.0000     -10.770 0.4049   0.5000E+01  0.3145E-02 -0.5000E+01  0.0000E+00      -1  -0.200E+00   19.49
  42   -41.0000     -10.770 0.4049   0.5000E+01  0.3145E-02 -0.5000E+01  0.0000E+00      -1  -0.200E+00   19.51
  43   -42.0000     -10.770 0.4049   0.5000E+01  0.3145E-02 -0.5000E+01  0.0000E+00      -1  -0.200E+00   19.54
  44   -43.0000     -10.770 0.4049   0.5000E+01  0.3145E-02 -0.5000E+01  0.0000E+00      -1  -0.200E+00   19.56
  45   -44.0000     -10.770 0.4049   0.5000E+01  0.3145E-02 -0.5000E+01  0.0000E+00      -1  -0.200E+00   19.58
  46   -45.0000     -10.770 0.4049   0.5000E+01  0.3145E-02 -0.5000E+01  0.0000E+00      -1  -0.200E+00   19.61
  47   -46.0000     -10.770 0.4049   0.5000E+01  0.3145E-02 -0.5000E+01  0.0000E+00      -1  -0.200E+00   19.64
  48   -47.0000     -10.770 0.4049   0.5000E+01  0.3145E-02 -0.5000E+01  0.0000E+00      -1  -0.200E+00   19.66
  49   -48.0000     -10.770 0.4049   0.5000E+01  0.3145E-02 -0.5000E+01  0.0000E+00      -1  -0.200E+00   19.69
  50   -49.0000     -10.770 0.4049   0.5000E+01  0.3145E-02 -0.5000E+01  0.0000E+00      -1  -0.200E+00   19.71
  51   -50.0000     -10.770 0.4049   0.5000E+01  0.3145E-02 -0.5000E+01  0.0000E+00      -1  -0.200E+00   19.74
  52   -51.0000     -10.770 0.4049   0.5000E+01  0.3145E-02 -0.5000E+01  0.0000E+00      -1  -0.200E+00   19.76
  53   -52.0000     -10.770 0.4049   0.5000E+01  0.3145E-02 -0.5000E+01  0.0000E+00      -1  -0.200E+00   19.78
  54   -53.0000     -10.770 0.4049   0.5000E+01  0.3145E-02 -0.5000E+01  0.0000E+00      -1  -0.200E+00   19.80
  55   -54.0000     -10.770 0.4049   0.5000E+01  0.3145E-02 -0.5000E+01  0.0000E+00      -1  -0.200E+00   19.82
  56   -55.0000     -10.770 0.4049   0.5000E+01  0.3145E-02 -0.5000E+01  0.0000E+00      -1  -0.200E+00   19.84
  57   -56.0000     -10.770 0.4049   0.5000E+01  0.3145E-02 -0.5000E+01  0.0000E+00      -1  -0.200E+00   19.86
  58   -57.0000     -10.770 0.4049   0.5000E+01  0.3145E-02 -0.5000E+01  0.0000E+00      -1  -0.200E+00   19.88
  59   -58.0000     -10.770 0.4049   0.5000E+01  0.3145E-02 -0.5000E+01  0.0000E+00      -1  -0.200E+00   19.89
  60   -59.0000     -10.770 0.4049   0.5000E+01  0.3145E-02 -0.5000E+01  0.0000E+00      -1  -0.200E+00   19.90
  61   -60.0000     -10.770 0.4049   0.5000E+01  0.3145E-02 -0.5000E+01  0.0000E+00      -1  -0.200E+00   19.92
  62   -61.0000     -10.770 0.4049   0.5000E+01  0.3145E-02 -0.5000E+01  0.0000E+00      -1  -0.200E+00   19.93
  63   -62.0000     -10.770 0.4049   0.5000E+01  0.3145E-02 -0.5000E+01  0.0000E+00      -1  -0.200E+00   19.93
  64   -63.0000     -10.770 0.4049   0.5000E+01  0.3145E-02 -0.5000E+01  0.0000E+00      -1  -0.200E+00   19.94
  65   -64.0000     -10.770 0.4049   0.5000E+01  0.3145E-02 -0.5000E+01  0.0000E+00      -1  -0.200E+00   19.95
  66   -65.0000     -10.770 0.4049   0.5000E+01  0.3145E-02 -0.5000E+01  0.0000E+00      -1  -0.200E+00   19.96
  67   -66.0000     -10.770 0.4049   0.5000E+01  0.3145E-02 -0.5000E+01  0.0000E+00      -1  -0.200E+00   19.96
  68   -67.0000     -10.770 0.4049   0.5000E+01  0.3145E-02 -0.5000E+01  0.0000E+00      -1  -0.200E+00   19.96
  69   -68.0000     -10.770 0.4049   0.5000E+01  0.3145E-02 -0.5000E+01  0.0000E+00      -1  -0.200E+00   19.97
  70   -69.0000     -10.770 0.4049   0.5000E+01  0.3145E-02 -0.5000E+01  0.0000E+00      -1  -0.200E+00   19.97
  71   -70.0000     -10.770 0.4049   0.5000E+01  0.3145E-02 -0.5000E+01  0.0000E+00      -1  -0.200E+00   19.97
  72   -71.0000     -10.770 0.4049   0.5000E+01  0.3145E-02 -0.5000E+01  0.0000E+00      -1  -0.200E+00   19.97
  73   -72.0000     -10.770 0.4049   0.5000E+01  0.3145E-02 -0.5000E+01  0.0000E+00      -1  -0.200E+00   19.97
  74   -73.0000     -10.770 0.4049   0.5000E+01  0.3145E-02 -0.5000E+01  0.0000E+00      -1  -0.200E+00   19.97
  75   -74.0000     -10.770 0.4049   0.5000E+01  0.3145E-02 -0.5000E+01  0.0000E+00      -1  -0.200E+00   19.97
  76   -75.0000     -10.770 0.4049   0.5000E+01  0.3145E-02 -0.5000E+01  0.0000E+00      -1  -0.200E+00   19.97
  77   -76.0000     -10.770 0.4049   0.5000E+01  0.3145E-02 -0.5000E+01  0.0000E+00      -1  -0.200E+00   19.97
  78   -77.0000     -10.770 0.4049   0.5000E+01  0.3145E-02 -0.5000E+01  0.0000E+00      -1  -0.200E+00   19.97
  79   -78.0000     -10.770 0.4049   0.5000E+01  0.3145E-02 -0.5000E+01  0.0000E+00      -1  -0.200E+00   19.97
  80   -79.0000     -10.770 0.4049   0.5000E+01  0.3145E-02 -0.5000E+01  0.0000E+00      -1  -0.200E+00   19.97
  81   -80.0000     -10.770 0.4049   0.5000E+01  0.3145E-02 -0.5000E+01  0.0000E+00      -1  -0.200E+00   19.97
  82   -81.0000     -10.770 0.4049   0.5000E+01  0.3145E-02 -0.5000E+01  0.0000E+00      -1  -0.200E+00   19.97
  83   -82.0000     -10.770 0.4049   0.5000E+01  0.3145E-02 -0.5000E+01  0.0000E+00      -1  -0.200E+00   19.96
  84   -83.0000     -10.770 0.4049   0.5000E+01  0.3145E-02 -0.5000E+01  0.0000E+00      -1  -0.200E+00   19.96
  85   -84.0000     -10.770 0.4049   0.5000E+01  0.3145E-02 -0.5000E+01  0.0000E+00      -1  -0.200E+00   19.96
  86   -85.0000     -10.770 0.4049   0.5000E+01  0.3145E-02 -0.5000E+01  0.0000E+00      -1  -0.200E+00   19.96
  87   -86.0000     -10.770 0.4049   0.5000E+01  0.3145E-02 -0.5000E+01  0.0000E+00      -1  -0.200E+00   19.96
  88   -87.0000     -10.770 0.4049   0.5000E+01  0.3145E-02 -0.5000E+01  0.0000E+00      -1  -0.200E+00   19.95
  89   -88.0000     -10.770 0.4049   0.5000E+01  0.3145E-02 -0.5000E+01  0.0000E+00      -1  -0.200E+00   19.95
  90   -89.0000     -10.770 0.4049   0.5000E+01  0.3145E-02 -0.5000E+01  0.0000E+00      -1  -0.200E+00   19.95
  91   -90.0000     -10.770 0.4049   0.5000E+01  0.3145E-02 -0.5000E+01  0.0000E+00      -1  -0.200E+00   19.95
  92   -91.0000     -10.770 0.4049   0.5000E+01  0.3145E-02 -0.5000E+01  0.0000E+00      -1  -0.200E+00   19.95
  93   -92.0000     -10.770 0.4049   0.5000E+01  0.3145E-02 -0.5000E+01  0.0000E+00      -1  -0.200E+00   19.95
  94   -93.0000     -10.770 0.4049   0.5000E+01  0.3145E-02 -0.5000E+01  0.0000E+00      -1  -0.200E+00   19.95
  95   -94.0000     -10.770 0.4049   0.5000E+01  0.3145E-02 -0.5000E+01  0.0000E+00      -1  -0.200E+00   19.95
  96   -95.0000     -10.770 0.4049   0.5000E+01  0.3145E-02 -0.5000E+01  0.0000E+00      -1  -0.200E+00   19.94
  97   -96.0000     -10.770 0.4049   0.5000E+01  0.3145E-02 -0.5000E+01  0.0000E+00      -1  -0.200E+00   19.94
  98   -97.0000     -10.770 0.4049   0.5000E+01  0.3145E-02 -0.5000E+01  0.0000E+00      -1  -0.200E+00   19.94
  99   -98.0000     -10.770 0.4049   0.5000E+01  0.3145E-02 -0.5000E+01  0.0000E+00      -1  -0.200E+00   19.94
 100   -99.0000     -10.770 0.4049   0.5000E+01  0.3145E-02 -0.5000E+01  0.0000E+00      -1  -0.200E+00   19.94
 101  -100.0000     -10.770 0.4049   0.5000E+01  0.3145E-02 -0.5000E+01  0.0000E+00      -1  -0.200E+00   19.94
end


 Time:        2.7500


 Node      Depth      Head Moisture       K          C         Flux        Sink         Kappa   v/KsTop   Temp
           [L]        [L]    [-]        [L/T]      [1/L]      [L/T]        [1/T]         [-]      [-]      [C]

   1     0.0000     -10.770 0.4049   0.5000E+01  0.3145E-02 -0.5000E+01  0.0000E+00      -1  -0.200E+00   22.59
   2    -1.0000     -10.770 0.4049   0.5000E+01  0.3145E-02 -0.5000E+01  0.0000E+00      -1  -0.200E+00   23.13
   3    -2.0000     -10.770 0.4049   0.5000E+01  0.3145E-02 -0.5000E+01  0.0000E+00      -1  -0.200E+00   23.56
   4    -3.0000     -10.770 0.4049   0.5000E+01  0.3145E-02 -0.5000E+01  0.0000E+00      -1  -0.200E+00   23.89
   5    -4.0000     -10.770 0.4049   0.5000E+01  0.3145E-02 -0.5000E+01  0.0000E+00      -1  -0.200E+00   24.13
   6    -5.0000     -10.770 0.4049   0.5000E+01  0.3145E-02 -0.5000E+01  0.0000E+00      -1  -0.200E+00   24.29
   7    -6.0000     -10.770 0.4049   0.5000E+01  0.3145E-02 -0.5000E+01  0.0000E+00      -1  -0.200E+00   24.37
   8    -7.0000     -10.770 0.4049   0.5000E+01  0.3145E-02 -0.5000E+01  0.0000E+00      -1  -0.200E+00   24.40
   9    -8.0000     -10.770 0.4049   0.5000E+01  0.3145E-02 -0.5000E+01  0.0000E+00      -1  -0.200E+00   24.37
  10    -9.0000     -10.770 0.4049   0.5000E+01  0.3145E-02 -0.5000E+01  0.0000E+00      -1  -0.200E+00   24.30
  11   -10.0000     -10.770 0.4049   0.5000E+01  0.3145E-02 -0.5000E+01  0.0000E+00      -1  -0.200E+00   24.19
  12   -11.0000     -10.770 0.4049   0.5000E+01  0.3145E-02 -0.5000E+01  0.0000E+00      -1  -0.200E+00   24.04
  13   -12.0000     -10.770 0.4049   0.5000E+01  0.3145E-02 -0.5000E+01  0.0000E+00      -1  -0.200E+00   23.87
  14   -13.0000     -10.770 0.4049   0.5000E+01  0.3145E-02 -0.5000E+01  0.0000E+00      -1  -0.200E+00   23.68
  15   -14.0000     -10.770 0.4049   0.5000E+01  0.3145E-02 -0.5000E+01  0.0000E+00      -1  -0.200E+00   23.47
  16   -15.0000     -10.770 0.4049   0.5000E+01  0.3145E-02 -0.5000E+01  0.0000E+00      -1  -0.200E+00   23.25
  17   -16.0000     -10.770 0.4049   0.5000E+01  0.3145E-02 -0.5000E+01  0.0000E+00      -1  -0.200E+00   23.03
  18   -17.0000     -10.770 0.4049   0.5000E+01  0.3145E-02 -0.5000E+01  0.0000E+00      -1  -0.200E+00   22.80
  19   -18.0000     -10.770 0.4049   0.5000E+01  0.3145E-02 -0.5000E+01  0.0000E+00      -1  -0.200E+00   22.57
  20   -19.0000     -10.770 0.4049   0.5000E+01  0.3145E-02 -0.5000E+01  0.0000E+00      -1  -0.200E+00   22.34
  21   -20.0000     -10.770 0.4049   0.5000E+01  0.3145E-02 -0.5000E+01  0.0000E+00      -1  -0.200E+00   22.12
  22   -21.0000     -10.770 0.4049   0.5000E+01  0.3145E-02 -0.5000E+01  0.0000E+00      -1  -0.200E+00   21.90
  23   -22.0000     -10.770 0.4049   0.5000E+01  0.3145E-02 -0.5000E+01  0.0000E+00      -1  -0.200E+00   21.69
  24   -23.0000     -10.770 0.4049   0.5000E+01  0.3145E-02 -0.5000E+01  0.0000E+00      -1  -0.200E+00   21.50
  25   -24.0000     -10.770 0.4049   0.5000E+01  0.3145E-02 -0.5000E+01  0.0000E+00      -1  -0.200E+00   21.31
  26   -25.0000     -10.770 0.4049   0.5000E+01  0.3145E-02 -0.5000E+01  0.0000E+00      -1  -0.200E+00   21.13
  27   -26.0000     -10.770 0.4049   0.5000E+01  0.3145E-02 -0.5000E+01  0.0000E+00      -1  -0.200E+00   20.96
  28   -27.0000     -10.770 0.4049   0.5000E+01  0.3145E-02 -0.5000E+01  0.0000E+00      -1  -0.200E+00   20.81
  29   -28.0000     -10.770 0.4049   0.5000E+01  0.3145E-02 -0.5000E+01  0.0000E+00      -1  -0.200E+00   20.66
  30   -29.0000     -10.770 0.4049   0.5000E+01  0.3145E-02 -0.5000E+01  0.0000E+00      -1  -0.200E+00   20.53
  31   -30.0000     -10.770 0.4049   0.5000E+01  0.3145E-02 -0.5000E+01  0.0000E+00      -1  -0.200E+00   20.41
  32   -31.0000     -10.770 0.4049   0.5000E+01  0.3145E-02 -0.5000E+01  0.0000E+00      -1  -0.200E+00   20.30
  33   -32.0000     -10.770 0.4049   0.5000E+01  0.3145E-02 -0.5000E+01  0.0000E+00      -1  -0.200E+00   20.21
  34   -33.0000     -10.770 0.4049   0.5000E+01  0.3145E-02 -0.5000E+01  0.0000E+00      -1  -0.200E+00   20.12
  35   -34.0000     -10.770 0.4049   0.5000E+01  0.3145E-02 -0.5000E+01  0.0000E+00      -1  -0.200E+00   20.05
  36   -35.0000     -10.770 0.4049   0.5000E+01  0.3145E-02 -0.5000E+01  0.0000E+00      -1  -0.200E+00   19.98
  37   -36.0000     -10.770 0.4049   0.5000E+01  0.3145E-02 -0.5000E+01  0.0000E+00      -1  -0.200E+00   19.92
  38   -37.0000     -10.770 0.4049   0.5000E+01  0.3145E-02 -0.5000E+01  0.0000E+00      -1  -0.200E+00   19.87
  39   -38.0000     -10.770 0.4049   0.5000E+01  0.3145E-02 -0.5000E+01  0.0000E+00      -1  -0.200E+00   19.83
  40   -39.0000     -10.770 0.4049   0.5000E+01  0.3145E-02 -0.5000E+01  0.0000E+00      -1  -0.200E+00   19.80
  41   -40.0000     -10.770 0.4049   0.5000E+01  0.3145E-02 -0.5000E+01  0.0000E+00      -1  -0.200E+00   19.77
  42   -41.0000     -10.770 0.4049   0.5000E+01  0.3145E-02 -0.5000E+01  0.0000E+00      -1  -0.200E+00   19.75
  43   -42.0000     -10.770 0.4049   0.5000E+01  0.3145E-02 -0.5000E+01  0.0000E+00      -1  -0.200E+00   19.73
  44   -43.0000     -10.770 0.4049   0.5000E+01  0.3145E-02 -0.5000E+01  0.0000E+00      -1  -0.200E+00   19.72
  45   -44.0000     -10.770 0.4049   0.5000E+01  0.3145E-02 -0.5000E+01  0.0000E+00      -1  -0.200E+00   19.71
  46   -45.0000     -10.770 0.4049   0.5000E+01  0.3145E-02 -0.5000E+01  0.0000E+00      -1  -0.200E+00   19.71
  47   -46.0000     -10.770 0.4049   0.5000E+01  0.3145E-02 -0.5000E+01  0.0000E+00      -1  -0.200E+00   19.71
  48   -47.0000     -10.770 0.4049   0.5000E+01  0.3145E-02 -0.5000E+01  0.0000E+00      -1  -0.200E+00   19.71
  49   -48.0000     -10.770 0.4049   0.5000E+01  0.3145E-02 -0.5000E+01  0.0000E+00      -1  -0.200E+00   19.72
  50   -49.0000     -10.770 0.4049   0.5000E+01  0.3145E-02 -0.5000E+01  0.0000E+00      -1  -0.200E+00   19.72
  51   -50.0000     -10.770 0.4049   0.5000E+01  0.3145E-02 -0.5000E+01  0.0000E+00      -1  -0.200E+00   19.73
  52   -51.0000     -10.770 0.4049   0.5000E+01  0.3145E-02 -0.5000E+01  0.0000E+00      -1  -0.200E+00   19.74
  53   -52.0000     -10.770 0.4049   0.5000E+01  0.3145E-02 -0.5000E+01  0.0000E+00      -1  -0.200E+00   19.75
  54   -53.0000     -10.770 0.4049   0.5000E+01  0.3145E-02 -0.5000E+01  0.0000E+00      -1  -0.200E+00   19.76
  55   -54.0000     -10.770 0.4049   0.5000E+01  0.3145E-02 -0.5000E+01  0.0000E+00      -1  -0.200E+00   19.78
  56   -55.0000     -10.770 0.4049   0.5000E+01  0.3145E-02 -0.5000E+01  0.0000E+00      -1  -0.200E+00   19.79
  57   -56.0000     -10.770 0.4049   0.5000E+01  0.3145E-02 -0.5000E+01  0.0000E+00      -1  -0.200E+00   19.80
  58   -57.0000     -10.770 0.4049   0.5000E+01  0.3145E-02 -0.5000E+01  0.0000E+00      -1  -0.200E+00   19.81
  59   -58.0000     -10.770 0.4049   0.5000E+01  0.3145E-02 -0.5000E+01  0.0000E+00      -1  -0.200E+00   19.83
  60   -59.0000     -10.770 0.4049   0.5000E+01  0.3145E-02 -0.5000E+01  0.0000E+00      -1  -0.200E+00   19.84
  61   -60.0000     -10.770 0.4049   0.5000E+01  0.3145E-02 -0.5000E+01  0.0000E+00      -1  -0.200E+00   19.85
  62   -61.0000     -10.770 0.4049   0.5000E+01  0.3145E-02 -0.5000E+01  0.0000E+00      -1  -0.200E+00   19.86
  63   -62.0000     -10.770 0.4049   0.5000E+01  0.3145E-02 -0.5000E+01  0.0000E+00      -1  -0.200E+00   19.87
  64   -63.0000     -10.770 0.4049   0.5000E+01  0.3145E-02 -0.5000E+01  0.0000E+00      -1  -0.200E+00   19.88
  65   -64.0000     -10.770 0.4049   0.5000E+01  0.3145E-02 -0.5000E+01  0.0000E+00      -1  -0.200E+00   19.89
  66   -65.0000     -10.770 0.4049   0.5000E+01  0.3145E-02 -0.5000E+01  0.0000E+00      -1  -0.200E+00   19.90
  67   -66.0000     -10.770 0.4049   0.5000E+01  0.3145E-02 -0.5000E+01  0.0000E+00      -1  -0.200E+00   19.91
  68   -67.0000     -10.770 0.4049   0.5000E+01  0.3145E-02 -0.5000E+01  0.0000E+00      -1  -0.200E+00   19.91
  69   -68.0000     -10.770 0.4049   0.5000E+01  0.3145E-02 -0.5000E+01  0.0000E+00      -1  -0.200E+00   19.92
  70   -69.0000     -10.770 0.4049   0.5000E+01  0.3145E-02 -0.5000E+01  0.0000E+00      -1  -0.200E+00   19.93
  71   -70.0000     -10.770 0.4049   0.5000E+01  0.3145E-02 -0.5000E+01  0.0000E+00      -1  -0.200E+00   19.93
  72   -71.0000     -10.770 0.4049   0.5000E+01  0.3145E-02 -0.5000E+01  0.0000E+00      -1  -0.200E+00   19.94
  73   -72.0000     -10.770 0.4049   0.5000E+01  0.3145E-02 -0.5000E+01  0.0000E+00      -1  -0.200E+00   19.94
  74   -73.0000     -10.770 0.4049   0.5000E+01  0.3145E-02 -0.5000E+01  0.0000E+00      -1  -0.200E+00   19.94
  75   -74.0000     -10.770 0.4049   0.5000E+01  0.3145E-02 -0.5000E+01  0.0000E+00      -1  -0.200E+00   19.95
  76   -75.0000     -10.770 0.4049   0.5000E+01  0.3145E-02 -0.5000E+01  0.0000E+00      -1  -0.200E+00   19.95
  77   -76.0000     -10.770 0.4049   0.5000E+01  0.3145E-02 -0.5000E+01  0.0000E+00      -1  -0.200E+00   19.95
  78   -77.0000     -10.770 0.4049   0.5000E+01  0.3145E-02 -0.5000E+01  0.0000E+00      -1  -0.200E+00   19.95
  79   -78.0000     -10.770 0.4049   0.5000E+01  0.3145E-02 -0.5000E+01  0.0000E+00      -1  -0.200E+00   19.95
  80   -79.0000     -10.770 0.4049   0.5000E+01  0.3145E-02 -0.5000E+01  0.0000E+00      -1  -0.200E+00   19.96
  81   -80.0000     -10.770 0.4049   0.5000E+01  0.3145E-02 -0.5000E+01  0.0000E+00      -1  -0.200E+00   19.96
  82   -81.0000     -10.770 0.4049   0.5000E+01  0.3145E-02 -0.5000E+01  0.0000E+00      -1  -0.200E+00   19.96
  83   -82.0000     -10.770 0.4049   0.5000E+01  0.3145E-02 -0.5000E+01  0.0000E+00      -1  -0.200E+00   19.96
  84   -83.0000     -10.770 0.4049   0.5000E+01  0.3145E-02 -0.5000E+01  0.0000E+00      -1  -0.200E+00   19.96
  85   -84.0000     -10.770 0.4049   0.5000E+01  0.3145E-02 -0.5000E+01  0.0000E+00      -1  -0.200E+00   19.96
  86   -85.0000     -10.770 0.4049   0.5000E+01  0.3145E-02 -0.5000E+01  0.0000E+00      -1  -0.200E+00   19.96
  87   -86.0000     -10.770 0.4049   0.5000E+01  0.3145E-02 -0.5000E+01  0.0000E+00      -1  -0.200E+00   19.96
  88   -87.0000     -10.770 0.4049   0.5000E+01  0.3145E-02 -0.5000E+01  0.0000E+00      -1  -0.200E+00   19.96
  89   -88.0000     -10.770 0.4049   0.5000E+01  0.3145E-02 -0.5000E+01  0.0000E+00      -1  -0.200E+00   19.96
  90   -89.0000     -10.770 0.4049   0.5000E+01  0.3145E-02 -0.5000E+01  0.0000E+00      -1  -0.200E+00   19.96
  91   -90.0000     -10.770 0.4049   0.5000E+01  0.3145E-02 -0.5000E+01  0.0000E+00      -1  -0.200E+00   19.95
  92   -91.0000     -10.770 0.4049   0.5000E+01  0.3145E-02 -0.5000E+01  0.0000E+00      -1  -0.200E+00   19.95
  93   -92.0000     -10.770 0.4049   0.5000E+01  0.3145E-02 -0.5000E+01  0.0000E+00      -1  -0.200E+00   19.95
  94   -93.0000     -10.770 0.4049   0.5000E+01  0.3145E-02 -0.5000E+01  0.0000E+00      -1  -0.200E+00   19.95
  95   -94.0000     -10.770 0.4049   0.5000E+01  0.3145E-02 -0.5000E+01  0.0000E+00      -1  -0.200E+00   19.95
  96   -95.0000     -10.770 0.4049   0.5000E+01  0.3145E-02 -0.5000E+01  0.0000E+00      -1  -0.200E+00   19.95
  97   -96.0000     -10.770 0.4049   0.5000E+01  0.3145E-02 -0.5000E+01  0.0000E+00      -1  -0.200E+00   19.95
  98   -97.0000     -10.770 0.4049   0.5000E+01  0.3145E-02 -0.5000E+01  0.0000E+00      -1  -0.200E+00   19.95
  99   -98.0000     -10.770 0.4049   0.5000E+01  0.3145E-02 -0.5000E+01  0.0000E+00      -1  -0.200E+00   19.95
 100   -99.0000     -10.770 0.4049   0.5000E+01  0.3145E-02 -0.5000E+01  0.0000E+00      -1  -0.200E+00   19.95
 101  -100.0000     -10.770 0.4049   0.5000E+01  0.3145E-02 -0.5000E+01  0.0000E+00      -1  -0.200E+00   19.95
end


 Time:        2.8750


 Node      Depth      Head Moisture       K          C         Flux        Sink         Kappa   v/KsTop   Temp
           [L]        [L]    [-]        [L/T]      [1/L]      [L/T]        [1/T]         [-]      [-]      [C]

   1     0.0000     -10.770 0.4049   0.5000E+01  0.3145E-02 -0.5000E+01  0.0000E+00      -1  -0.200E+00   15.00
   2    -1.0000     -10.770 0.4049   0.5000E+01  0.3145E-02 -0.5000E+01  0.0000E+00      -1  -0.200E+00   16.03
   3    -2.0000     -10.770 0.4049   0.5000E+01  0.3145E-02 -0.5000E+01  0.0000E+00      -1  -0.200E+00   16.97
   4    -3.0000     -10.770 0.4049   0.5000E+01  0.3145E-02 -0.5000E+01  0.0000E+00      -1  -0.200E+00   17.81
   5    -4.0000     -10.770 0.4049   0.5000E+01  0.3145E-02 -0.5000E+01  0.0000E+00      -1  -0.200E+00   18.55
   6    -5.0000     -10.770 0.4049   0.5000E+01  0.3145E-02 -0.5000E+01  0.0000E+00      -1  -0.200E+00   19.21
   7    -6.0000     -10.770 0.4049   0.5000E+01  0.3145E-02 -0.5000E+01  0.0000E+00      -1  -0.200E+00   19.79
   8    -7.0000     -10.770 0.4049   0.5000E+01  0.3145E-02 -0.5000E+01  0.0000E+00      -1  -0.200E+00   20.29
   9    -8.0000     -10.770 0.4049   0.5000E+01  0.3145E-02 -0.5000E+01  0.0000E+00      -1  -0.200E+00   20.72
  10    -9.0000     -10.770 0.4049   0.5000E+01  0.3145E-02 -0.5000E+01  0.0000E+00      -1  -0.200E+00   21.08
  11   -10.0000     -10.770 0.4049   0.5000E+01  0.3145E-02 -0.5000E+01  0.0000E+00      -1  -0.200E+00   21.38
  12   -11.0000     -10.770 0.4049   0.5000E+01  0.3145E-02 -0.5000E+01  0.0000E+00      -1  -0.200E+00   21.62
  13   -12.0000     -10.770 0.4049   0.5000E+01  0.3145E-02 -0.5000E+01  0.0000E+00      -1  -0.200E+00   21.81
  14   -13.0000     -10.770 0.4049   0.5000E+01  0.3145E-02 -0.5000E+01  0.0000E+00      -1  -0.200E+00   21.95
  15   -14.0000     -10.770 0.4049   0.5000E+01  0.3145E-02 -0.5000E+01  0.0000E+00      -1  -0.200E+00   22.05
  16   -15.0000     -10.770 0.4049   0.5000E+01  0.3145E-02 -0.5000E+01  0.0000E+00      -1  -0.200E+00   22.11
  17   -16.0000     -10.770 0.4049   0.5000E+01  0.3145E-02 -0.5000E+01  0.0000E+00      -1  -0.200E+00   22.14
  18   -17.0000     -10.770 0.4049   0.5000E+01  0.3145E-02 -0.5000E+01  0.0000E+00      -1  -0.200E+00   22.14
  19   -18.0000     -10.770 0.4049   0.5000E+01  0.3145E-02 -0.5000E+01  0.0000E+00      -1  -0.200E+00   22.12
  20   -19.0000     -10.770 0.4049   0.5000E+01  0.3145E-02 -0.5000E+01  0.0000E+00      -1  -0.200E+00   22.08
  21   -20.0000     -10.770 0.4049   0.5000E+01  0.3145E-02 -0.5000E+01  0.0000E+00      -1  -0.200E+00   22.01
  22   -21.0000     -10.770 0.4049   0.5000E+01  0.3145E-02 -0.5000E+01  0.0000E+00      -1  -0.200E+00   21.94
  23   -22.0000     -10.770 0.4049   0.5000E+01  0.3145E-02 -0.5000E+01  0.0000E+00      -1  -0.200E+00   21.85
  24   -23.0000     -10.770 0.4049   0.5000E+01  0.3145E-02 -0.5000E+01  0.0000E+00      -1  -0.200E+00   21.75
  25   -24.0000     -10.770 0.4049   0.5000E+01  0.3145E-02 -0.5000E+01  0.0000E+00      -1  -0.200E+00   21.64
  26   -25.0000     -10.770 0.4049   0.5000E+01  0.3145E-02 -0.5000E+01  0.0000E+00      -1  -0.200E+00   21.54
  27   -26.0000     -10.770 0.4049   0.5000E+01  0.3145E-02 -0.5000E+01  0.0000E+00      -1  -0.200E+00   21.42
  28   -27.0000     -10.770 0.4049   0.5000E+01  0.3145E-02 -0.5000E+01  0.0000E+00      -1  -0.200E+00   21.31
  29   -28.0000     -10.770 0.4049   0.5000E+01  0.3145E-02 -0.5000E+01  0.0000E+00      -1  -0.200E+00   21.20
  30   -29.0000     -10.770 0.4049   0.5000E+01  0.3145E-02 -0.5000E+01  0.0000E+00      -1  -0.200E+00   21.09
  31   -30.0000     -10.770 0.4049   0.5000E+01  0.3145E-02 -0.5000E+01  0.0000E+00      -1  -0.200E+00   20.98
  32   -31.0000     -10.770 0.4049   0.5000E+01  0.3145E-02 -0.5000E+01  0.0000E+00      -1  -0.200E+00   20.87
  33   -32.0000     -10.770 0.4049   0.5000E+01  0.3145E-02 -0.5000E+01  0.0000E+00      -1  -0.200E+00   20.77
  34   -33.0000     -10.770 0.4049   0.5000E+01  0.3145E-02 -0.5000E+01  0.0000E+00      -1  -0.200E+00   20.68
  35   -34.0000     -10.770 0.4049   0.5000E+01  0.3145E-02 -0.5000E+01  0.0000E+00      -1  -0.200E+00   20.59
  36   -35.0000     -10.770 0.4049   0.5000E+01  0.3145E-02 -0.5000E+01  0.0000E+00      -1  -0.200E+00   20.50
  37   -36.0000     -10.770 0.4049   0.5000E+01  0.3145E-02 -0.5000E+01  0.0000E+00      -1  -0.200E+00   20.42
  38   -37.0000     -10.770 0.4049   0.5000E+01  0.3145E-02 -0.5000E+01  0.0000E+00      -1  -0.200E+00   20.35
  39   -38.0000     -10.770 0.4049   0.5000E+01  0.3145E-02 -0.5000E+01  0.0000E+00      -1  -0.200E+00   20.28
  40   -39.0000     -10.770 0.4049   0.5000E+01  0.3145E-02 -0.5000E+01  0.0000E+00      -1  -0.200E+00   20.22
  41   -40.0000     -10.770 0.4049   0.5000E+01  0.3145E-02 -0.5000E+01  0.0000E+00      -1  -0.200E+00   20.16
  42   -41.0000     -10.770 0.4049   0.5000E+01  0.3145E-02 -0.5000E+01  0.0000E+00      -1  -0.200E+00   20.11
  43   -42.0000     -10.770 0.4049   0.5000E+01  0.3145E-02 -0.5000E+01  0.0000E+00      -1  -0.200E+00   20.06
  44   -43.0000     -10.770 0.4049   0.5000E+01  0.3145E-02 -0.5000E+01  0.0000E+00      -1  -0.200E+00   20.02
  45   -44.0000     -10.770 0.4049   0.5000E+01  0.3145E-02 -0.5000E+01  0.0000E+00      -1  -0.200E+00   19.99
  46   -45.0000     -10.770 0.4049   0.5000E+01  0.3145E-02 -0.5000E+01  0.0000E+00      -1  -0.200E+00   19.96
  47   -46.0000     -10.770 0.4049   0.5000E+01  0.3145E-02 -0.5000E+01  0.0000E+00      -1  -0.200E+00   19.93
  48   -47.0000     -10.770 0.4049   0.5000E+01  0.3145E-02 -0.5000E+01  0.0000E+00      -1  -0.200E+00   19.91
  49   -48.0000     -10.770 0.4049   0.5000E+01  0.3145E-02 -0.5000E+01  0.0000E+00      -1  -0.200E+00   19.89
  50   -49.0000     -10.770 0.4049   0.5000E+01  0.3145E-02 -0.5000E+01  0.0000E+00      -1  -0.200E+00   19.87
  51   -50.0000     -10.770 0.4049   0.5000E+01  0.3145E-02 -0.5000E+01  0.0000E+00      -1  -0.200E+00   19.86
  52   -51.0000     -10.770 0.4049   0.5000E+01  0.3145E-02 -0.5000E+01  0.0000E+00      -1  -0.200E+00   19.85
  53   -52.0000     -10.770 0.4049   0.5000E+01  0.3145E-02 -0.5000E+01  0.0000E+00      -1  -0.200E+00   19.84
  54   -53.0000     -10.770 0.4049   0.5000E+01  0.3145E-02 -0.5000E+01  0.0000E+00      -1  -0.200E+00   19.84
  55   -54.0000     -10.770 0.4049   0.5000E+01  0.3145E-02 -0.5000E+01  0.0000E+00      -1  -0.200E+00   19.83
  56   -55.0000     -10.770 0.4049   0.5000E+01  0.3145E-02 -0.5000E+01  0.0000E+00      -1  -0.200E+00   19.83
  57   -56.0000     -10.770 0.4049   0.5000E+01  0.3145E-02 -0.5000E+01  0.0000E+00      -1  -0.200E+00   19.83
  58   -57.0000     -10.770 0.4049   0.5000E+01  0.3145E-02 -0.5000E+01  0.0000E+00      -1  -0.200E+00   19.83
  59   -58.0000     -10.770 0.4049   0.5000E+01  0.3145E-02 -0.5000E+01  0.0000E+00      -1  -0.200E+00   19.84
  60   -59.0000     -10.770 0.4049   0.5000E+01  0.3145E-02 -0.5000E+01  0.0000E+00      -1  -0.200E+00   19.84
  61   -60.0000     -10.770 0.4049   0.5000E+01  0.3145E-02 -0.5000E+01  0.0000E+00      -1  -0.200E+00   19.84
  62   -61.0000     -10.770 0.4049   0.5000E+01  0.3145E-02 -0.5000E+01  0.0000E+00      -1  -0.200E+00   19.85
  63   -62.0000     -10.770 0.4049   0.5000E+01  0.3145E-02 -0.5000E+01  0.0000E+00      -1  -0.200E+00   19.85
  64   -63.0000     -10.770 0.4049   0.5000E+01  0.3145E-02 -0.5000E+01  0.0000E+00      -1  -0.200E+00   19.86
  65   -64.0000     -10.770 0.4049   0.5000E+01  0.3145E-02 -0.5000E+01  0.0000E+00      -1  -0.200E+00   19.87
  66   -65.0000     -10.770 0.4049   0.5000E+01  0.3145E-02 -0.5000E+01  0.0000E+00      -1  -0.200E+00   19.87
  67   -66.0000     -10.770 0.4049   0.5000E+01  0.3145E-02 -0.5000E+01  0.0000E+00      -1  -0.200E+00   19.88
  68   -67.0000     -10.770 0.4049   0.5000E+01  0.3145E-02 -0.5000E+01  0.0000E+00      -1  -0.200E+00   19.88
  69   -68.0000     -10.770 0.4049   0.5000E+01  0.3145E-02 -0.5000E+01  0.0000E+00      -1  -0.200E+00   19.89
  70   -69.0000     -10.770 0.4049   0.5000E+01  0.3145E-02 -0.5000E+01  0.0000E+00      -1  -0.200E+00   19.90
  71   -70.0000     -10.770 0.4049   0.5000E+01  0.3145E-02 -0.5000E+01  0.0000E+00      -1  -0.200E+00   19.90
  72   -71.0000     -10.770 0.4049   0.5000E+01  0.3145E-02 -0.5000E+01  0.0000E+00      -1  -0.200E+00   19.91
  73   -72.0000     -10.770 0.4049   0.5000E+01  0.3145E-02 -0.5000E+01  0.0000E+00      -1  -0.200E+00   19.91
  74   -73.0000     -10.770 0.4049   0.5000E+01  0.3145E-02 -0.5000E+01  0.0000E+00      -1  -0.200E+00   19.92
  75   -74.0000     -10.770 0.4049   0.5000E+01  0.3145E-02 -0.5000E+01  0.0000E+00      -1  -0.200E+00   19.92
  76   -75.0000     -10.770 0.4049   0.5000E+01  0.3145E-02 -0.5000E+01  0.0000E+00      -1  -0.200E+00   19.92
  77   -76.0000     -10.770 0.4049   0.5000E+01  0.3145E-02 -0.5000E+01  0.0000E+00      -1  -0.200E+00   19.93
  78   -77.0000     -10.770 0.4049   0.5000E+01  0.3145E-02 -0.5000E+01  0.0000E+00      -1  -0.200E+00   19.93
  79   -78.0000     -10.770 0.4049   0.5000E+01  0.3145E-02 -0.5000E+01  0.0000E+00      -1  -0.200E+00   19.93
  80   -79.0000     -10.770 0.4049   0.5000E+01  0.3145E-02 -0.5000E+01  0.0000E+00      -1  -0.200E+00   19.94
  81   -80.0000     -10.770 0.4049   0.5000E+01  0.3145E-02 -0.5000E+01  0.0000E+00      -1  -0.200E+00   19.94
  82   -81.0000     -10.770 0.4049   0.5000E+01  0.3145E-02 -0.5000E+01  0.0000E+00      -1  -0.200E+00   19.94
  83   -82.0000     -10.770 0.4049   0.5000E+01  0.3145E-02 -0.5000E+01  0.0000E+00      -1  -0.200E+00   19.94
  84   -83.0000     -10.770 0.4049   0.5000E+01  0.3145E-02 -0.5000E+01  0.0000E+00      -1  -0.200E+00   19.94
  85   -84.0000     -10.770 0.4049   0.5000E+01  0.3145E-02 -0.5000E+01  0.0000E+00      -1  -0.200E+00   19.95
  86   -85.0000     -10.770 0.4049   0.5000E+01  0.3145E-02 -0.5000E+01  0.0000E+00      -1  -0.200E+00   19.95
  87   -86.0000     -10.770 0.4049   0.5000E+01  0.3145E-02 -0.5000E+01  0.0000E+00      -1  -0.200E+00   19.95
  88   -87.0000     -10.770 0.4049   0.5000E+01  0.3145E-02 -0.5000E+01  0.0000E+00      -1  -0.200E+00   19.95
  89   -88.0000     -10.770 0.4049   0.5000E+01  0.3145E-02 -0.5000E+01  0.0000E+00      -1  -0.200E+00   19.95
  90   -89.0000     -10.770 0.4049   0.5000E+01  0.3145E-02 -0.5000E+01  0.0000E+00      -1  -0.200E+00   19.95
  91   -90.0000     -10.770 0.4049   0.5000E+01  0.3145E-02 -0.5000E+01  0.0000E+00      -1  -0.200E+00   19.95
  92   -91.0000     -10.770 0.4049   0.5000E+01  0.3145E-02 -0.5000E+01  0.0000E+00      -1  -0.200E+00   19.95
  93   -92.0000     -10.770 0.4049   0.5000E+01  0.3145E-02 -0.5000E+01  0.0000E+00      -1  -0.200E+00   19.95
  94   -93.0000     -10.770 0.4049   0.5000E+01  0.3145E-02 -0.5000E+01  0.0000E+00      -1  -0.200E+00   19.95
  95   -94.0000     -10.770 0.4049   0.5000E+01  0.3145E-02 -0.5000E+01  0.0000E+00      -1  -0.200E+00   19.95
  96   -95.0000     -10.770 0.4049   0.5000E+01  0.3145E-02 -0.5000E+01  0.0000E+00      -1  -0.200E+00   19.95
  97   -96.0000     -10.770 0.4049   0.5000E+01  0.3145E-02 -0.5000E+01  0.0000E+00      -1  -0.200E+00   19.95
  98   -97.0000     -10.770 0.4049   0.5000E+01  0.3145E-02 -0.5000E+01  0.0000E+00      -1  -0.200E+00   19.95
  99   -98.0000     -10.770 0.4049   0.5000E+01  0.3145E-02 -0.5000E+01  0.0000E+00      -1  -0.200E+00   19.95
 100   -99.0000     -10.770 0.4049   0.5000E+01  0.3145E-02 -0.5000E+01  0.0000E+00      -1  -0.200E+00   19.95
 101  -100.0000     -10.770 0.4049   0.5000E+01  0.3145E-02 -0.5000E+01  0.0000E+00      -1  -0.200E+00   19.95
end


 Time:        3.0000


 Node      Depth      Head Moisture       K          C         Flux        Sink         Kappa   v/KsTop   Temp
           [L]        [L]    [-]        [L/T]      [1/L]      [L/T]        [1/T]         [-]      [-]      [C]

   1     0.0000     -10.770 0.4049   0.5000E+01  0.3145E-02 -0.5000E+01  0.0000E+00      -1  -0.200E+00   10.34
   2    -1.0000     -10.770 0.4049   0.5000E+01  0.3145E-02 -0.5000E+01  0.0000E+00      -1  -0.200E+00   11.26
   3    -2.0000     -10.770 0.4049   0.5000E+01  0.3145E-02 -0.5000E+01  0.0000E+00      -1  -0.200E+00   12.15
   4    -3.0000     -10.770 0.4049   0.5000E+01  0.3145E-02 -0.5000E+01  0.0000E+00      -1  -0.200E+00   13.01
   5    -4.0000     -10.770 0.4049   0.5000E+01  0.3145E-02 -0.5000E+01  0.0000E+00      -1  -0.200E+00   13.83
   6    -5.0000     -10.770 0.4049   0.5000E+01  0.3145E-02 -0.5000E+01  0.0000E+00      -1  -0.200E+00   14.60
   7    -6.0000     -10.770 0.4049   0.5000E+01  0.3145E-02 -0.5000E+01  0.0000E+00      -1  -0.200E+00   15.33
   8    -7.0000     -10.770 0.4049   0.5000E+01  0.3145E-02 -0.5000E+01  0.0000E+00      -1  -0.200E+00   16.01
   9    -8.0000     -10.770 0.4049   0.5000E+01  0.3145E-02 -0.5000E+01  0.0000E+00      -1  -0.200E+00   16.64
  10    -9.0000     -10.770 0.4049   0.5000E+01  0.3145E-02 -0.5000E+01  0.0000E+00      -1  -0.200E+00   17.23
  11   -10.0000     -10.770 0.4049   0.5000E+01  0.3145E-02 -0.5000E+01  0.0000E+00      -1  -0.200E+00   17.76
  12   -11.0000     -10.770 0.4049   0.5000E+01  0.3145E-02 -0.5000E+01  0.0000E+00      -1  -0.200E+00   18.25
  13   -12.0000     -10.770 0.4049   0.5000E+01  0.3145E-02 -0.5000E+01  0.0000E+00      -1  -0.200E+00   18.68
  14   -13.0000     -10.770 0.4049   0.5000E+01  0.3145E-02 -0.5000E+01  0.0000E+00      -1  -0.200E+00   19.08
  15   -14.0000     -10.770 0.4049   0.5000E+01  0.3145E-02 -0.5000E+01  0.0000E+00      -1  -0.200E+00   19.42
  16   -15.0000     -10.770 0.4049   0.5000E+01  0.3145E-02 -0.5000E+01  0.0000E+00      -1  -0.200E+00   19.73
  17   -16.0000     -10.770 0.4049   0.5000E+01  0.3145E-02 -0.5000E+01  0.0000E+00      -1  -0.200E+00   20.00
  18   -17.0000     -10.770 0.4049   0.5000E+01  0.3145E-02 -0.5000E+01  0.0000E+00      -1  -0.200E+00   20.23
  19   -18.0000     -10.770 0.4049   0.5000E+01  0.3145E-02 -0.5000E+01  0.0000E+00      -1  -0.200E+00   20.42
  20   -19.0000     -10.770 0.4049   0.5000E+01  0.3145E-02 -0.5000E+01  0.0000E+00      -1  -0.200E+00   20.58
  21   -20.0000     -10.770 0.4049   0.5000E+01  0.3145E-02 -0.5000E+01  0.0000E+00      -1  -0.200E+00   20.72
  22   -21.0000     -10.770 0.4049   0.5000E+01  0.3145E-02 -0.5000E+01  0.0000E+00      -1  -0.200E+00   20.82
  23   -22.0000     -10.770 0.4049   0.5000E+01  0.3145E-02 -0.5000E+01  0.0000E+00      -1  -0.200E+00   20.91
  24   -23.0000     -10.770 0.4049   0.5000E+01  0.3145E-02 -0.5000E+01  0.0000E+00      -1  -0.200E+00   20.97
  25   -24.0000     -10.770 0.4049   0.5000E+01  0.3145E-02 -0.5000E+01  0.0000E+00      -1  -0.200E+00   21.01
  26   -25.0000     -10.770 0.4049   0.5000E+01  0.3145E-02 -0.5000E+01  0.0000E+00      -1  -0.200E+00   21.03
  27   -26.0000     -10.770 0.4049   0.5000E+01  0.3145E-02 -0.5000E+01  0.0000E+00      -1  -0.200E+00   21.04
  28   -27.0000     -10.770 0.4049   0.5000E+01  0.3145E-02 -0.5000E+01  0.0000E+00      -1  -0.200E+00   21.03
  29   -28.0000     -10.770 0.4049   0.5000E+01  0.3145E-02 -0.5000E+01  0.0000E+00      -1  -0.200E+00   21.02
  30   -29.0000     -10.770 0.4049   0.5000E+01  0.3145E-02 -0.5000E+01  0.0000E+00      -1  -0.200E+00   20.99
  31   -30.0000     -10.770 0.4049   0.5000E+01  0.3145E-02 -0.5000E+01  0.0000E+00      -1  -0.200E+00   20.96
  32   -31.0000     -10.770 0.4049   0.5000E+01  0.3145E-02 -0.5000E+01  0.0000E+00      -1  -0.200E+00   20.92
  33   -32.0000     -10.770 0.4049   0.5000E+01  0.3145E-02 -0.5000E+01  0.0000E+00      -1  -0.200E+00   20.87
  34   -33.0000     -10.770 0.4049   0.5000E+01  0.3145E-02 -0.5000E+01  0.0000E+00      -1  -0.200E+00   20.82
  35   -34.0000     -10.770 0.4049   0.5000E+01  0.3145E-02 -0.5000E+01  0.0000E+00      -1  -0.200E+00   20.77
  36   -35.0000     -10.770 0.4049   0.5000E+01  0.3145E-02 -0.5000E+01  0.0000E+00      -1  -0.200E+00   20.71
  37   -36.0000     -10.770 0.4049   0.5000E+01  0.3145E-02 -0.5000E+01  0.0000E+00      -1  -0.200E+00   20.66
  38   -37.0000     -10.770 0.4049   0.5000E+01  0.3145E-02 -0.5000E+01  0.0000E+00      -1  -0.200E+00   20.60
  39   -38.0000     -10.770 0.4049   0.5000E+01  0.3145E-02 -0.5000E+01  0.0000E+00      -1  -0.200E+00   20.55
  40   -39.0000     -10.770 0.4049   0.5000E+01  0.3145E-02 -0.5000E+01  0.0000E+00      -1  -0.200E+00   20.49
  41   -40.0000     -10.770 0.4049   0.5000E+01  0.3145E-02 -0.5000E+01  0.0000E+00      -1  -0.200E+00   20.44
  42   -41.0000     -10.770 0.4049   0.5000E+01  0.3145E-02 -0.5000E+01  0.0000E+00      -1  -0.200E+00   20.39
  43   -42.0000     -10.770 0.4049   0.5000E+01  0.3145E-02 -0.5000E+01  0.0000E+00      -1  -0.200E+00   20.34
  44   -43.0000     -10.770 0.4049   0.5000E+01  0.3145E-02 -0.5000E+01  0.0000E+00      -1  -0.200E+00   20.29
  45   -44.0000     -10.770 0.4049   0.5000E+01  0.3145E-02 -0.5000E+01  0.0000E+00      -1  -0.200E+00   20.25
  46   -45.0000     -10.770 0.4049   0.5000E+01  0.3145E-02 -0.5000E+01  0.0000E+00      -1  -0.200E+00   20.21
  47   -46.0000     -10.770 0.4049   0.5000E+01  0.3145E-02 -0.5000E+01  0.0000E+00      -1  -0.200E+00   20.17
  48   -47.0000     -10.770 0.4049   0.5000E+01  0.3145E-02 -0.5000E+01  0.0000E+00      -1  -0.200E+00   20.13
  49   -48.0000     -10.770 0.4049   0.5000E+01  0.3145E-02 -0.5000E+01  0.0000E+00      -1  -0.200E+00   20.10
  50   -49.0000     -10.770 0.4049   0.5000E+01  0.3145E-02 -0.5000E+01  0.0000E+00      -1  -0.200E+00   20.07
  51   -50.0000     -10.770 0.4049   0.5000E+01  0.3145E-02 -0.5000E+01  0.0000E+00      -1  -0.200E+00   20.04
  52   -51.0000     -10.770 0.4049   0.5000E+01  0.3145E-02 -0.5000E+01  0.0000E+00      -1  -0.200E+00   20.02
  53   -52.0000     -10.770 0.4049   0.5000E+01  0.3145E-02 -0.5000E+01  0.0000E+00      -1  -0.200E+00   20.00
  54   -53.0000     -10.770 0.4049   0.5000E+01  0.3145E-02 -0.5000E+01  0.0000E+00      -1  -0.200E+00   19.98
  55   -54.0000     -10.770 0.4049   0.5000E+01  0.3145E-02 -0.5000E+01  0.0000E+00      -1  -0.200E+00   19.96
  56   -55.0000     -10.770 0.4049   0.5000E+01  0.3145E-02 -0.5000E+01  0.0000E+00      -1  -0.200E+00   19.95
  57   -56.0000     -10.770 0.4049   0.5000E+01  0.3145E-02 -0.5000E+01  0.0000E+00      -1  -0.200E+00   19.94
  58   -57.0000     -10.770 0.4049   0.5000E+01  0.3145E-02 -0.5000E+01  0.0000E+00      -1  -0.200E+00   19.93
  59   -58.0000     -10.770 0.4049   0.5000E+01  0.3145E-02 -0.5000E+01  0.0000E+00      -1  -0.200E+00   19.92
  60   -59.0000     -10.770 0.4049   0.5000E+01  0.3145E-02 -0.5000E+01  0.0000E+00      -1  -0.200E+00   19.91
  61   -60.0000     -10.770 0.4049   0.5000E+01  0.3145E-02 -0.5000E+01  0.0000E+00      -1  -0.200E+00   19.90
  62   -61.0000     -10.770 0.4049   0.5000E+01  0.3145E-02 -0.5000E+01  0.0000E+00      -1  -0.200E+00   19.90
  63   -62.0000     -10.770 0.4049   0.5000E+01  0.3145E-02 -0.5000E+01  0.0000E+00      -1  -0.200E+00   19.90
  64   -63.0000     -10.770 0.4049   0.5000E+01  0.3145E-02 -0.5000E+01  0.0000E+00      -1  -0.200E+00   19.89
  65   -64.0000     -10.770 0.4049   0.5000E+01  0.3145E-02 -0.5000E+01  0.0000E+00      -1  -0.200E+00   19.89
  66   -65.0000     -10.770 0.4049   0.5000E+01  0.3145E-02 -0.5000E+01  0.0000E+00      -1  -0.200E+00   19.89
  67   -66.0000     -10.770 0.4049   0.5000E+01  0.3145E-02 -0.5000E+01  0.0000E+00      -1  -0.200E+00   19.89
  68   -67.0000     -10.770 0.4049   0.5000E+01  0.3145E-02 -0.5000E+01  0.0000E+00      -1  -0.200E+00   19.89
  69   -68.0000     -10.770 0.4049   0.5000E+01  0.3145E-02 -0.5000E+01  0.0000E+00      -1  -0.200E+00   19.89
  70   -69.0000     -10.770 0.4049   0.5000E+01  0.3145E-02 -0.5000E+01  0.0000E+00      -1  -0.200E+00   19.90
  71   -70.0000     -10.770 0.4049   0.5000E+01  0.3145E-02 -0.5000E+01  0.0000E+00      -1  -0.200E+00   19.90
  72   -71.0000     -10.770 0.4049   0.5000E+01  0.3145E-02 -0.5000E+01  0.0000E+00      -1  -0.200E+00   19.90
  73   -72.0000     -10.770 0.4049   0.5000E+01  0.3145E-02 -0.5000E+01  0.0000E+00      -1  -0.200E+00   19.90
  74   -73.0000     -10.770 0.4049   0.5000E+01  0.3145E-02 -0.5000E+01  0.0000E+00      -1  -0.200E+00   19.91
  75   -74.0000     -10.770 0.4049   0.5000E+01  0.3145E-02 -0.5000E+01  0.0000E+00      -1  -0.200E+00   19.91
  76   -75.0000     -10.770 0.4049   0.5000E+01  0.3145E-02 -0.5000E+01  0.0000E+00      -1  -0.200E+00   19.91
  77   -76.0000     -10.770 0.4049   0.5000E+01  0.3145E-02 -0.5000E+01  0.0000E+00      -1  -0.200E+00   19.91
  78   -77.0000     -10.770 0.4049   0.5000E+01  0.3145E-02 -0.5000E+01  0.0000E+00      -1  -0.200E+00   19.92
  79   -78.0000     -10.770 0.4049   0.5000E+01  0.3145E-02 -0.5000E+01  0.0000E+00      -1  -0.200E+00   19.92
  80   -79.0000     -10.770 0.4049   0.5000E+01  0.3145E-02 -0.5000E+01  0.0000E+00      -1  -0.200E+00   19.92
  81   -80.0000     -10.770 0.4049   0.5000E+01  0.3145E-02 -0.5000E+01  0.0000E+00      -1  -0.200E+00   19.92
  82   -81.0000     -10.770 0.4049   0.5000E+01  0.3145E-02 -0.5000E+01  0.0000E+00      -1  -0.200E+00   19.93
  83   -82.0000     -10.770 0.4049   0.5000E+01  0.3145E-02 -0.5000E+01  0.0000E+00      -1  -0.200E+00   19.93
  84   -83.0000     -10.770 0.4049   0.5000E+01  0.3145E-02 -0.5000E+01  0.0000E+00      -1  -0.200E+00   19.93
  85   -84.0000     -10.770 0.4049   0.5000E+01  0.3145E-02 -0.5000E+01  0.0000E+00      -1  -0.200E+00   19.93
  86   -85.0000     -10.770 0.4049   0.5000E+01  0.3145E-02 -0.5000E+01  0.0000E+00      -1  -0.200E+00   19.94
  87   -86.0000     -10.770 0.4049   0.5000E+01  0.3145E-02 -0.5000E+01  0.0000E+00      -1  -0.200E+00   19.94
  88   -87.0000     -10.770 0.4049   0.5000E+01  0.3145E-02 -0.5000E+01  0.0000E+00      -1  -0.200E+00   19.94
  89   -88.0000     -10.770 0.4049   0.5000E+01  0.3145E-02 -0.5000E+01  0.0000E+00      -1  -0.200E+00   19.94
  90   -89.0000     -10.770 0.4049   0.5000E+01  0.3145E-02 -0.5000E+01  0.0000E+00      -1  -0.200E+00   19.94
  91   -90.0000     -10.770 0.4049   0.5000E+01  0.3145E-02 -0.5000E+01  0.0000E+00      -1  -0.200E+00   19.94
  92   -91.0000     -10.770 0.4049   0.5000E+01  0.3145E-02 -0.5000E+01  0.0000E+00      -1  -0.200E+00   19.94
  93   -92.0000     -10.770 0.4049   0.5000E+01  0.3145E-02 -0.5000E+01  0.0000E+00      -1  -0.200E+00   19.95
  94   -93.0000     -10.770 0.4049   0.5000E+01  0.3145E-02 -0.5000E+01  0.0000E+00      -1  -0.200E+00   19.95
  95   -94.0000     -10.770 0.4049   0.5000E+01  0.3145E-02 -0.5000E+01  0.0000E+00      -1  -0.200E+00   19.95
  96   -95.0000     -10.770 0.4049   0.5000E+01  0.3145E-02 -0.5000E+01  0.0000E+00      -1  -0.200E+00   19.95
  97   -96.0000     -10.770 0.4049   0.5000E+01  0.3145E-02 -0.5000E+01  0.0000E+00      -1  -0.200E+00   19.95
  98   -97.0000     -10.770 0.4049   0.5000E+01  0.3145E-02 -0.5000E+01  0.0000E+00      -1  -0.200E+00   19.95
  99   -98.0000     -10.770 0.4049   0.5000E+01  0.3145E-02 -0.5000E+01  0.0000E+00      -1  -0.200E+00   19.95
 100   -99.0000     -10.770 0.4049   0.5000E+01  0.3145E-02 -0.5000E+01  0.0000E+00      -1  -0.200E+00   19.95
 101  -100.0000     -10.770 0.4049   0.5000E+01  0.3145E-02 -0.5000E+01  0.0000E+00      -1  -0.200E+00   19.95
end


 Time:        3.1250


 Node      Depth      Head Moisture       K          C         Flux        Sink         Kappa   v/KsTop   Temp
           [L]        [L]    [-]        [L/T]      [1/L]      [L/T]        [1/T]         [-]      [-]      [C]

   1     0.0000     -10.770 0.4049   0.5000E+01  0.3145E-02 -0.5000E+01  0.0000E+00      -1  -0.200E+00   11.34
   2    -1.0000     -10.770 0.4049   0.5000E+01  0.3145E-02 -0.5000E+01  0.0000E+00      -1  -0.200E+00   11.61
   3    -2.0000     -10.770 0.4049   0.5000E+01  0.3145E-02 -0.5000E+01  0.0000E+00      -1  -0.200E+00   11.93
   4    -3.0000     -10.770 0.4049   0.5000E+01  0.3145E-02 -0.5000E+01  0.0000E+00      -1  -0.200E+00   12.30
   5    -4.0000     -10.770 0.4049   0.5000E+01  0.3145E-02 -0.5000E+01  0.0000E+00      -1  -0.200E+00   12.71
   6    -5.0000     -10.770 0.4049   0.5000E+01  0.3145E-02 -0.5000E+01  0.0000E+00      -1  -0.200E+00   13.15
   7    -6.0000     -10.770 0.4049   0.5000E+01  0.3145E-02 -0.5000E+01  0.0000E+00      -1  -0.200E+00   13.60
   8    -7.0000     -10.770 0.4049   0.5000E+01  0.3145E-02 -0.5000E+01  0.0000E+00      -1  -0.200E+00   14.06
   9    -8.0000     -10.770 0.4049   0.5000E+01  0.3145E-02 -0.5000E+01  0.0000E+00      -1  -0.200E+00   14.53
  10    -9.0000     -10.770 0.4049   0.5000E+01  0.3145E-02 -0.5000E+01  0.0000E+00      -1  -0.200E+00   14.99
  11   -10.0000     -10.770 0.4049   0.5000E+01  0.3145E-02 -0.5000E+01  0.0000E+00      -1  -0.200E+00   15.45
  12   -11.0000     -10.770 0.4049   0.5000E+01  0.3145E-02 -0.5000E+01  0.0000E+00      -1  -0.200E+00   15.89
  13   -12.0000     -10.770 0.4049   0.5000E+01  0.3145E-02 -0.5000E+01  0.0000E+00      -1  -0.200E+00   16.32
  14   -13.0000     -10.770 0.4049   0.5000E+01  0.3145E-02 -0.5000E+01  0.0000E+00      -1  -0.200E+00   16.73
  15   -14.0000     -10.770 0.4049   0.5000E+01  0.3145E-02 -0.5000E+01  0.0000E+00      -1  -0.200E+00   17.13
  16   -15.0000     -10.770 0.4049   0.5000E+01  0.3145E-02 -0.5000E+01  0.0000E+00      -1  -0.200E+00   17.50
  17   -16.0000     -10.770 0.4049   0.5000E+01  0.3145E-02 -0.5000E+01  0.0000E+00      -1  -0.200E+00   17.84
  18   -17.0000     -10.770 0.4049   0.5000E+01  0.3145E-02 -0.5000E+01  0.0000E+00      -1  -0.200E+00   18.17
  19   -18.0000     -10.770 0.4049   0.5000E+01  0.3145E-02 -0.5000E+01  0.0000E+00      -1  -0.200E+00   18.47
  20   -19.0000     -10.770 0.4049   0.5000E+01  0.3145E-02 -0.5000E+01  0.0000E+00      -1  -0.200E+00   18.74
  21   -20.0000     -10.770 0.4049   0.5000E+01  0.3145E-02 -0.5000E+01  0.0000E+00      -1  -0.200E+00   18.99
  22   -21.0000     -10.770 0.4049   0.5000E+01  0.3145E-02 -0.5000E+01  0.0000E+00      -1  -0.200E+00   19.22
  23   -22.0000     -10.770 0.4049   0.5000E+01  0.3145E-02 -0.5000E+01  0.0000E+00      -1  -0.200E+00   19.43
  24   -23.0000     -10.770 0.4049   0.5000E+01  0.3145E-02 -0.5000E+01  0.0000E+00      -1  -0.200E+00   19.61
  25   -24.0000     -10.770 0.4049   0.5000E+01  0.3145E-02 -0.5000E+01  0.0000E+00      -1  -0.200E+00   19.77
  26   -25.0000     -10.770 0.4049   0.5000E+01  0.3145E-02 -0.5000E+01  0.0000E+00      -1  -0.200E+00   19.91
  27   -26.0000     -10.770 0.4049   0.5000E+01  0.3145E-02 -0.5000E+01  0.0000E+00      -1  -0.200E+00   20.03
  28   -27.0000     -10.770 0.4049   0.5000E+01  0.3145E-02 -0.5000E+01  0.0000E+00      -1  -0.200E+00   20.14
  29   -28.0000     -10.770 0.4049   0.5000E+01  0.3145E-02 -0.5000E+01  0.0000E+00      -1  -0.200E+00   20.23
  30   -29.0000     -10.770 0.4049   0.5000E+01  0.3145E-02 -0.5000E+01  0.0000E+00      -1  -0.200E+00   20.30
  31   -30.0000     -10.770 0.4049   0.5000E+01  0.3145E-02 -0.5000E+01  0.0000E+00      -1  -0.200E+00   20.36
  32   -31.0000     -10.770 0.4049   0.5000E+01  0.3145E-02 -0.5000E+01  0.0000E+00      -1  -0.200E+00   20.41
  33   -32.0000     -10.770 0.4049   0.5000E+01  0.3145E-02 -0.5000E+01  0.0000E+00      -1  -0.200E+00   20.44
  34   -33.0000     -10.770 0.4049   0.5000E+01  0.3145E-02 -0.5000E+01  0.0000E+00      -1  -0.200E+00   20.47
  35   -34.0000     -10.770 0.4049   0.5000E+01  0.3145E-02 -0.5000E+01  0.0000E+00      -1  -0.200E+00   20.48
  36   -35.0000     -10.770 0.4049   0.5000E+01  0.3145E-02 -0.5000E+01  0.0000E+00      -1  -0.200E+00   20.49
  37   -36.0000     -10.770 0.4049   0.5000E+01  0.3145E-02 -0.5000E+01  0.0000E+00      -1  -0.200E+00   20.49
  38   -37.0000     -10.770 0.4049   0.5000E+01  0.3145E-02 -0.5000E+01  0.0000E+00      -1  -0.200E+00   20.49
  39   -38.0000     -10.770 0.4049   0.5000E+01  0.3145E-02 -0.5000E+01  0.0000E+00      -1  -0.200E+00   20.48
  40   -39.0000     -10.770 0.4049   0.5000E+01  0.3145E-02 -0.5000E+01  0.0000E+00      -1  -0.200E+00   20.46
  41   -40.0000     -10.770 0.4049   0.5000E+01  0.3145E-02 -0.5000E+01  0.0000E+00      -1  -0.200E+00   20.44
  42   -41.0000     -10.770 0.4049   0.5000E+01  0.3145E-02 -0.5000E+01  0.0000E+00      -1  -0.200E+00   20.42
  43   -42.0000     -10.770 0.4049   0.5000E+01  0.3145E-02 -0.5000E+01  0.0000E+00      -1  -0.200E+00   20.40
  44   -43.0000     -10.770 0.4049   0.5000E+01  0.3145E-02 -0.5000E+01  0.0000E+00      -1  -0.200E+00   20.37
  45   -44.0000     -10.770 0.4049   0.5000E+01  0.3145E-02 -0.5000E+01  0.0000E+00      -1  -0.200E+00   20.34
  46   -45.0000     -10.770 0.4049   0.5000E+01  0.3145E-02 -0.5000E+01  0.0000E+00      -1  -0.200E+00   20.32
  47   -46.0000     -10.770 0.4049   0.5000E+01  0.3145E-02 -0.5000E+01  0.0000E+00      -1  -0.200E+00   20.29
  48   -47.0000     -10.770 0.4049   0.5000E+01  0.3145E-02 -0.5000E+01  0.0000E+00      -1  -0.200E+00   20.26
  49   -48.0000     -10.770 0.4049   0.5000E+01  0.3145E-02 -0.5000E+01  0.0000E+00      -1  -0.200E+00   20.24
  50   -49.0000     -10.770 0.4049   0.5000E+01  0.3145E-02 -0.5000E+01  0.0000E+00      -1  -0.200E+00   20.21
  51   -50.0000     -10.770 0.4049   0.5000E+01  0.3145E-02 -0.5000E+01  0.0000E+00      -1  -0.200E+00   20.18
  52   -51.0000     -10.770 0.4049   0.5000E+01  0.3145E-02 -0.5000E+01  0.0000E+00      -1  -0.200E+00   20.16
  53   -52.0000     -10.770 0.4049   0.5000E+01  0.3145E-02 -0.5000E+01  0.0000E+00      -1  -0.200E+00   20.13
  54   -53.0000     -10.770 0.4049   0.5000E+01  0.3145E-02 -0.5000E+01  0.0000E+00      -1  -0.200E+00   20.11
  55   -54.0000     -10.770 0.4049   0.5000E+01  0.3145E-02 -0.5000E+01  0.0000E+00      -1  -0.200E+00   20.09
  56   -55.0000     -10.770 0.4049   0.5000E+01  0.3145E-02 -0.5000E+01  0.0000E+00      -1  -0.200E+00   20.07
  57   -56.0000     -10.770 0.4049   0.5000E+01  0.3145E-02 -0.5000E+01  0.0000E+00      -1  -0.200E+00   20.05
  58   -57.0000     -10.770 0.4049   0.5000E+01  0.3145E-02 -0.5000E+01  0.0000E+00      -1  -0.200E+00   20.03
  59   -58.0000     -10.770 0.4049   0.5000E+01  0.3145E-02 -0.5000E+01  0.0000E+00      -1  -0.200E+00   20.02
  60   -59.0000     -10.770 0.4049   0.5000E+01  0.3145E-02 -0.5000E+01  0.0000E+00      -1  -0.200E+00   20.01
  61   -60.0000     -10.770 0.4049   0.5000E+01  0.3145E-02 -0.5000E+01  0.0000E+00      -1  -0.200E+00   19.99
  62   -61.0000     -10.770 0.4049   0.5000E+01  0.3145E-02 -0.5000E+01  0.0000E+00      -1  -0.200E+00   19.98
  63   -62.0000     -10.770 0.4049   0.5000E+01  0.3145E-02 -0.5000E+01  0.0000E+00      -1  -0.200E+00   19.97
  64   -63.0000     -10.770 0.4049   0.5000E+01  0.3145E-02 -0.5000E+01  0.0000E+00      -1  -0.200E+00   19.96
  65   -64.0000     -10.770 0.4049   0.5000E+01  0.3145E-02 -0.5000E+01  0.0000E+00      -1  -0.200E+00   19.95
  66   -65.0000     -10.770 0.4049   0.5000E+01  0.3145E-02 -0.5000E+01  0.0000E+00      -1  -0.200E+00   19.95
  67   -66.0000     -10.770 0.4049   0.5000E+01  0.3145E-02 -0.5000E+01  0.0000E+00      -1  -0.200E+00   19.94
  68   -67.0000     -10.770 0.4049   0.5000E+01  0.3145E-02 -0.5000E+01  0.0000E+00      -1  -0.200E+00   19.94
  69   -68.0000     -10.770 0.4049   0.5000E+01  0.3145E-02 -0.5000E+01  0.0000E+00      -1  -0.200E+00   19.93
  70   -69.0000     -10.770 0.4049   0.5000E+01  0.3145E-02 -0.5000E+01  0.0000E+00      -1  -0.200E+00   19.93
  71   -70.0000     -10.770 0.4049   0.5000E+01  0.3145E-02 -0.5000E+01  0.0000E+00      -1  -0.200E+00   19.93
  72   -71.0000     -10.770 0.4049   0.5000E+01  0.3145E-02 -0.5000E+01  0.0000E+00      -1  -0.200E+00   19.92
  73   -72.0000     -10.770 0.4049   0.5000E+01  0.3145E-02 -0.5000E+01  0.0000E+00      -1  -0.200E+00   19.92
  74   -73.0000     -10.770 0.4049   0.5000E+01  0.3145E-02 -0.5000E+01  0.0000E+00      -1  -0.200E+00   19.92
  75   -74.0000     -10.770 0.4049   0.5000E+01  0.3145E-02 -0.5000E+01  0.0000E+00      -1  -0.200E+00   19.92
  76   -75.0000     -10.770 0.4049   0.5000E+01  0.3145E-02 -0.5000E+01  0.0000E+00      -1  -0.200E+00   19.92
  77   -76.0000     -10.770 0.4049   0.5000E+01  0.3145E-02 -0.5000E+01  0.0000E+00      -1  -0.200E+00   19.92
  78   -77.0000     -10.770 0.4049   0.5000E+01  0.3145E-02 -0.5000E+01  0.0000E+00      -1  -0.200E+00   19.92
  79   -78.0000     -10.770 0.4049   0.5000E+01  0.3145E-02 -0.5000E+01  0.0000E+00      -1  -0.200E+00   19.92
  80   -79.0000     -10.770 0.4049   0.5000E+01  0.3145E-02 -0.5000E+01  0.0000E+00      -1  -0.200E+00   19.92
  81   -80.0000     -10.770 0.4049   0.5000E+01  0.3145E-02 -0.5000E+01  0.0000E+00      -1  -0.200E+00   19.92
  82   -81.0000     -10.770 0.4049   0.5000E+01  0.3145E-02 -0.5000E+01  0.0000E+00      -1  -0.200E+00   19.92
  83   -82.0000     -10.770 0.4049   0.5000E+01  0.3145E-02 -0.5000E+01  0.0000E+00      -1  -0.200E+00   19.93
  84   -83.0000     -10.770 0.4049   0.5000E+01  0.3145E-02 -0.5000E+01  0.0000E+00      -1  -0.200E+00   19.93
  85   -84.0000     -10.770 0.4049   0.5000E+01  0.3145E-02 -0.5000E+01  0.0000E+00      -1  -0.200E+00   19.93
  86   -85.0000     -10.770 0.4049   0.5000E+01  0.3145E-02 -0.5000E+01  0.0000E+00      -1  -0.200E+00   19.93
  87   -86.0000     -10.770 0.4049   0.5000E+01  0.3145E-02 -0.5000E+01  0.0000E+00      -1  -0.200E+00   19.93
  88   -87.0000     -10.770 0.4049   0.5000E+01  0.3145E-02 -0.5000E+01  0.0000E+00      -1  -0.200E+00   19.93
  89   -88.0000     -10.770 0.4049   0.5000E+01  0.3145E-02 -0.5000E+01  0.0000E+00      -1  -0.200E+00   19.93
  90   -89.0000     -10.770 0.4049   0.5000E+01  0.3145E-02 -0.5000E+01  0.0000E+00      -1  -0.200E+00   19.93
  91   -90.0000     -10.770 0.4049   0.5000E+01  0.3145E-02 -0.5000E+01  0.0000E+00      -1  -0.200E+00   19.94
  92   -91.0000     -10.770 0.4049   0.5000E+01  0.3145E-02 -0.5000E+01  0.0000E+00      -1  -0.200E+00   19.94
  93   -92.0000     -10.770 0.4049   0.5000E+01  0.3145E-02 -0.5000E+01  0.0000E+00      -1  -0.200E+00   19.94
  94   -93.0000     -10.770 0.4049   0.5000E+01  0.3145E-02 -0.5000E+01  0.0000E+00      -1  -0.200E+00   19.94
  95   -94.0000     -10.770 0.4049   0.5000E+01  0.3145E-02 -0.5000E+01  0.0000E+00      -1  -0.200E+00   19.94
  96   -95.0000     -10.770 0.4049   0.5000E+01  0.3145E-02 -0.5000E+01  0.0000E+00      -1  -0.200E+00   19.94
  97   -96.0000     -10.770 0.4049   0.5000E+01  0.3145E-02 -0.5000E+01  0.0000E+00      -1  -0.200E+00   19.94
  98   -97.0000     -10.770 0.4049   0.5000E+01  0.3145E-02 -0.5000E+01  0.0000E+00      -1  -0.200E+00   19.94
  99   -98.0000     -10.770 0.4049   0.5000E+01  0.3145E-02 -0.5000E+01  0.0000E+00      -1  -0.200E+00   19.94
 100   -99.0000     -10.770 0.4049   0.5000E+01  0.3145E-02 -0.5000E+01  0.0000E+00      -1  -0.200E+00   19.94
 101  -100.0000     -10.770 0.4049   0.5000E+01  0.3145E-02 -0.5000E+01  0.0000E+00      -1  -0.200E+00   19.94
end


 Time:        3.2500


 Node      Depth      Head Moisture       K          C         Flux        Sink         Kappa   v/KsTop   Temp
           [L]        [L]    [-]        [L/T]      [1/L]      [L/T]        [1/T]         [-]      [-]      [C]

   1     0.0000     -10.770 0.4049   0.5000E+01  0.3145E-02 -0.5000E+01  0.0000E+00      -1  -0.200E+00   17.41
   2    -1.0000     -10.770 0.4049   0.5000E+01  0.3145E-02 -0.5000E+01  0.0000E+00      -1  -0.200E+00   16.87
   3    -2.0000     -10.770 0.4049   0.5000E+01  0.3145E-02 -0.5000E+01  0.0000E+00      -1  -0.200E+00   16.44
   4    -3.0000     -10.770 0.4049   0.5000E+01  0.3145E-02 -0.5000E+01  0.0000E+00      -1  -0.200E+00   16.11
   5    -4.0000     -10.770 0.4049   0.5000E+01  0.3145E-02 -0.5000E+01  0.0000E+00      -1  -0.200E+00   15.87
   6    -5.0000     -10.770 0.4049   0.5000E+01  0.3145E-02 -0.5000E+01  0.0000E+00      -1  -0.200E+00   15.71
   7    -6.0000     -10.770 0.4049   0.5000E+01  0.3145E-02 -0.5000E+01  0.0000E+00      -1  -0.200E+00   15.62
   8    -7.0000     -10.770 0.4049   0.5000E+01  0.3145E-02 -0.5000E+01  0.0000E+00      -1  -0.200E+00   15.59
   9    -8.0000     -10.770 0.4049   0.5000E+01  0.3145E-02 -0.5000E+01  0.0000E+00      -1  -0.200E+00   15.62
  10    -9.0000     -10.770 0.4049   0.5000E+01  0.3145E-02 -0.5000E+01  0.0000E+00      -1  -0.200E+00   15.69
  11   -10.0000     -10.770 0.4049   0.5000E+01  0.3145E-02 -0.5000E+01  0.0000E+00      -1  -0.200E+00   15.80
  12   -11.0000     -10.770 0.4049   0.5000E+01  0.3145E-02 -0.5000E+01  0.0000E+00      -1  -0.200E+00   15.94
  13   -12.0000     -10.770 0.4049   0.5000E+01  0.3145E-02 -0.5000E+01  0.0000E+00      -1  -0.200E+00   16.11
  14   -13.0000     -10.770 0.4049   0.5000E+01  0.3145E-02 -0.5000E+01  0.0000E+00      -1  -0.200E+00   16.30
  15   -14.0000     -10.770 0.4049   0.5000E+01  0.3145E-02 -0.5000E+01  0.0000E+00      -1  -0.200E+00   16.51
  16   -15.0000     -10.770 0.4049   0.5000E+01  0.3145E-02 -0.5000E+01  0.0000E+00      -1  -0.200E+00   16.72
  17   -16.0000     -10.770 0.4049   0.5000E+01  0.3145E-02 -0.5000E+01  0.0000E+00      -1  -0.200E+00   16.95
  18   -17.0000     -10.770 0.4049   0.5000E+01  0.3145E-02 -0.5000E+01  0.0000E+00      -1  -0.200E+00   17.18
  19   -18.0000     -10.770 0.4049   0.5000E+01  0.3145E-02 -0.5000E+01  0.0000E+00      -1  -0.200E+00   17.40
  20   -19.0000     -10.770 0.4049   0.5000E+01  0.3145E-02 -0.5000E+01  0.0000E+00      -1  -0.200E+00   17.63
  21   -20.0000     -10.770 0.4049   0.5000E+01  0.3145E-02 -0.5000E+01  0.0000E+00      -1  -0.200E+00   17.85
  22   -21.0000     -10.770 0.4049   0.5000E+01  0.3145E-02 -0.5000E+01  0.0000E+00      -1  -0.200E+00   18.07
  23   -22.0000     -10.770 0.4049   0.5000E+01  0.3145E-02 -0.5000E+01  0.0000E+00      -1  -0.200E+00   18.27
  24   -23.0000     -10.770 0.4049   0.5000E+01  0.3145E-02 -0.5000E+01  0.0000E+00      -1  -0.200E+00   18.47
  25   -24.0000     -10.770 0.4049   0.5000E+01  0.3145E-02 -0.5000E+01  0.0000E+00      -1  -0.200E+00   18.66
  26   -25.0000     -10.770 0.4049   0.5000E+01  0.3145E-02 -0.5000E+01  0.0000E+00      -1  -0.200E+00   18.83
  27   -26.0000     -10.770 0.4049   0.5000E+01  0.3145E-02 -0.5000E+01  0.0000E+00      -1  -0.200E+00   19.00
  28   -27.0000     -10.770 0.4049   0.5000E+01  0.3145E-02 -0.5000E+01  0.0000E+00      -1  -0.200E+00   19.15
  29   -28.0000     -10.770 0.4049   0.5000E+01  0.3145E-02 -0.5000E+01  0.0000E+00      -1  -0.200E+00   19.29
  30   -29.0000     -10.770 0.4049   0.5000E+01  0.3145E-02 -0.5000E+01  0.0000E+00      -1  -0.200E+00   19.42
  31   -30.0000     -10.770 0.4049   0.5000E+01  0.3145E-02 -0.5000E+01  0.0000E+00      -1  -0.200E+00   19.54
  32   -31.0000     -10.770 0.4049   0.5000E+01  0.3145E-02 -0.5000E+01  0.0000E+00      -1  -0.200E+00   19.65
  33   -32.0000     -10.770 0.4049   0.5000E+01  0.3145E-02 -0.5000E+01  0.0000E+00      -1  -0.200E+00   19.74
  34   -33.0000     -10.770 0.4049   0.5000E+01  0.3145E-02 -0.5000E+01  0.0000E+00      -1  -0.200E+00   19.83
  35   -34.0000     -10.770 0.4049   0.5000E+01  0.3145E-02 -0.5000E+01  0.0000E+00      -1  -0.200E+00   19.90
  36   -35.0000     -10.770 0.4049   0.5000E+01  0.3145E-02 -0.5000E+01  0.0000E+00      -1  -0.200E+00   19.97
  37   -36.0000     -10.770 0.4049   0.5000E+01  0.3145E-02 -0.5000E+01  0.0000E+00      -1  -0.200E+00   20.02
  38   -37.0000     -10.770 0.4049   0.5000E+01  0.3145E-02 -0.5000E+01  0.0000E+00      -1  -0.200E+00   20.07
  39   -38.0000     -10.770 0.4049   0.5000E+01  0.3145E-02 -0.5000E+01  0.0000E+00      -1  -0.200E+00   20.11
  40   -39.0000     -10.770 0.4049   0.5000E+01  0.3145E-02 -0.5000E+01  0.0000E+00      -1  -0.200E+00   20.14
  41   -40.0000     -10.770 0.4049   0.5000E+01  0.3145E-02 -0.5000E+01  0.0000E+00      -1  -0.200E+00   20.17
  42   -41.0000     -10.770 0.4049   0.5000E+01  0.3145E-02 -0.5000E+01  0.0000E+00      -1  -0.200E+00   20.19
  43   -42.0000     -10.770 0.4049   0.5000E+01  0.3145E-02 -0.5000E+01  0.0000E+00      -1  -0.200E+00   20.20
  44   -43.0000     -10.770 0.4049   0.5000E+01  0.3145E-02 -0.5000E+01  0.0000E+00      -1  -0.200E+00   20.21
  45   -44.0000     -10.770 0.4049   0.5000E+01  0.3145E-02 -0.5000E+01  0.0000E+00      -1  -0.200E+00   20.22
  46   -45.0000     -10.770 0.4049   0.5000E+01  0.3145E-02 -0.5000E+01  0.0000E+00      -1  -0.200E+00   20.22
  47   -46.0000     -10.770 0.4049   0.5000E+01  0.3145E-02 -0.5000E+01  0.0000E+00      -1  -0.200E+00   20.22
  48   -47.0000     -10.770 0.4049   0.5000E+01  0.3145E-02 -0.5000E+01  0.0000E+00      -1  -0.200E+00   20.22
  49   -48.0000     -10.770 0.4049   0.5000E+01  0.3145E-02 -0.5000E+01  0.0000E+00      -1  -0.200E+00   20.21
  50   -49.0000     -10.770 0.4049   0.5000E+01  0.3145E-02 -0.5000E+01  0.0000E+00      -1  -0.200E+00   20.20
  51   -50.0000     -10.770 0.4049   0.5000E+01  0.3145E-02 -0.5000E+01  0.0000E+00      -1  -0.200E+00   20.19
  52   -51.0000     -10.770 0.4049   0.5000E+01  0.3145E-02 -0.5000E+01  0.0000E+00      -1  -0.200E+00   20.18
  53   -52.0000     -10.770 0.4049   0.5000E+01  0.3145E-02 -0.5000E+01  0.0000E+00      -1  -0.200E+00   20.17
  54   -53.0000     -10.770 0.4049   0.5000E+01  0.3145E-02 -0.5000E+01  0.0000E+00      -1  -0.200E+00   20.15
  55   -54.0000     -10.770 0.4049   0.5000E+01  0.3145E-02 -0.5000E+01  0.0000E+00      -1  -0.200E+00   20.14
  56   -55.0000     -10.770 0.4049   0.5000E+01  0.3145E-02 -0.5000E+01  0.0000E+00      -1  -0.200E+00   20.13
  57   -56.0000     -10.770 0.4049   0.5000E+01  0.3145E-02 -0.5000E+01  0.0000E+00      -1  -0.200E+00   20.11
  58   -57.0000     -10.770 0.4049   0.5000E+01  0.3145E-02 -0.5000E+01  0.0000E+00      -1  -0.200E+00   20.10
  59   -58.0000     -10.770 0.4049   0.5000E+01  0.3145E-02 -0.5000E+01  0.0000E+00      -1  -0.200E+00   20.09
  60   -59.0000     -10.770 0.4049   0.5000E+01  0.3145E-02 -0.5000E+01  0.0000E+00      -1  -0.200E+00   20.07
  61   -60.0000     -10.770 0.4049   0.5000E+01  0.3145E-02 -0.5000E+01  0.0000E+00      -1  -0.200E+00   20.06
  62   -61.0000     -10.770 0.4049   0.5000E+01  0.3145E-02 -0.5000E+01  0.0000E+00      -1  -0.200E+00   20.05
  63   -62.0000     -10.770 0.4049   0.5000E+01  0.3145E-02 -0.5000E+01  0.0000E+00      -1  -0.200E+00   20.04
  64   -63.0000     -10.770 0.4049   0.5000E+01  0.3145E-02 -0.5000E+01  0.0000E+00      -1  -0.200E+00   20.03
  65   -64.0000     -10.770 0.4049   0.5000E+01  0.3145E-02 -0.5000E+01  0.0000E+00      -1  -0.200E+00   20.02
  66   -65.0000     -10.770 0.4049   0.5000E+01  0.3145E-02 -0.5000E+01  0.0000E+00      -1  -0.200E+00   20.01
  67   -66.0000     -10.770 0.4049   0.5000E+01  0.3145E-02 -0.5000E+01  0.0000E+00      -1  -0.200E+00   20.00
  68   -67.0000     -10.770 0.4049   0.5000E+01  0.3145E-02 -0.5000E+01  0.0000E+00      -1  -0.200E+00   19.99
  69   -68.0000     -10.770 0.4049   0.5000E+01  0.3145E-02 -0.5000E+01  0.0000E+00      -1  -0.200E+00   19.98
  70   -69.0000     -10.770 0.4049   0.5000E+01  0.3145E-02 -0.5000E+01  0.0000E+00      -1  -0.200E+00   19.97
  71   -70.0000     -10.770 0.4049   0.5000E+01  0.3145E-02 -0.5000E+01  0.0000E+00      -1  -0.200E+00   19.97
  72   -71.0000     -10.770 0.4049   0.5000E+01  0.3145E-02 -0.5000E+01  0.0000E+00      -1  -0.200E+00   19.96
  73   -72.0000     -10.770 0.4049   0.5000E+01  0.3145E-02 -0.5000E+01  0.0000E+00      -1  -0.200E+00   19.96
  74   -73.0000     -10.770 0.4049   0.5000E+01  0.3145E-02 -0.5000E+01  0.0000E+00      -1  -0.200E+00   19.95
  75   -74.0000     -10.770 0.4049   0.5000E+01  0.3145E-02 -0.5000E+01  0.0000E+00      -1  -0.200E+00   19.95
  76   -75.0000     -10.770 0.4049   0.5000E+01  0.3145E-02 -0.5000E+01  0.0000E+00      -1  -0.200E+00   19.95
  77   -76.0000     -10.770 0.4049   0.5000E+01  0.3145E-02 -0.5000E+01  0.0000E+00      -1  -0.200E+00   19.94
  78   -77.0000     -10.770 0.4049   0.5000E+01  0.3145E-02 -0.5000E+01  0.0000E+00      -1  -0.200E+00   19.94
  79   -78.0000     -10.770 0.4049   0.5000E+01  0.3145E-02 -0.5000E+01  0.0000E+00      -1  -0.200E+00   19.94
  80   -79.0000     -10.770 0.4049   0.5000E+01  0.3145E-02 -0.5000E+01  0.0000E+00      -1  -0.200E+00   19.94
  81   -80.0000     -10.770 0.4049   0.5000E+01  0.3145E-02 -0.5000E+01  0.0000E+00      -1  -0.200E+00   19.94
  82   -81.0000     -10.770 0.4049   0.5000E+01  0.3145E-02 -0.5000E+01  0.0000E+00      -1  -0.200E+00   19.93
  83   -82.0000     -10.770 0.4049   0.5000E+01  0.3145E-02 -0.5000E+01  0.0000E+00      -1  -0.200E+00   19.93
  84   -83.0000     -10.770 0.4049   0.5000E+01  0.3145E-02 -0.5000E+01  0.0000E+00      -1  -0.200E+00   19.93
  85   -84.0000     -10.770 0.4049   0.5000E+01  0.3145E-02 -0.5000E+01  0.0000E+00      -1  -0.200E+00   19.93
  86   -85.0000     -10.770 0.4049   0.5000E+01  0.3145E-02 -0.5000E+01  0.0000E+00      -1  -0.200E+00   19.93
  87   -86.0000     -10.770 0.4049   0.5000E+01  0.3145E-02 -0.5000E+01  0.0000E+00      -1  -0.200E+00   19.93
  88   -87.0000     -10.770 0.4049   0.5000E+01  0.3145E-02 -0.5000E+01  0.0000E+00      -1  -0.200E+00   19.93
  89   -88.0000     -10.770 0.4049   0.5000E+01  0.3145E-02 -0.5000E+01  0.0000E+00      -1  -0.200E+00   19.93
  90   -89.0000     -10.770 0.4049   0.5000E+01  0.3145E-02 -0.5000E+01  0.0000E+00      -1  -0.200E+00   19.93
  91   -90.0000     -10.770 0.4049   0.5000E+01  0.3145E-02 -0.5000E+01  0.0000E+00      -1  -0.200E+00   19.93
  92   -91.0000     -10.770 0.4049   0.5000E+01  0.3145E-02 -0.5000E+01  0.0000E+00      -1  -0.200E+00   19.93
  93   -92.0000     -10.770 0.4049   0.5000E+01  0.3145E-02 -0.5000E+01  0.0000E+00      -1  -0.200E+00   19.93
  94   -93.0000     -10.770 0.4049   0.5000E+01  0.3145E-02 -0.5000E+01  0.0000E+00      -1  -0.200E+00   19.93
  95   -94.0000     -10.770 0.4049   0.5000E+01  0.3145E-02 -0.5000E+01  0.0000E+00      -1  -0.200E+00   19.93
  96   -95.0000     -10.770 0.4049   0.5000E+01  0.3145E-02 -0.5000E+01  0.0000E+00      -1  -0.200E+00   19.93
  97   -96.0000     -10.770 0.4049   0.5000E+01  0.3145E-02 -0.5000E+01  0.0000E+00      -1  -0.200E+00   19.93
  98   -97.0000     -10.770 0.4049   0.5000E+01  0.3145E-02 -0.5000E+01  0.0000E+00      -1  -0.200E+00   19.93
  99   -98.0000     -10.770 0.4049   0.5000E+01  0.3145E-02 -0.5000E+01  0.0000E+00      -1  -0.200E+00   19.94
 100   -99.0000     -10.770 0.4049   0.5000E+01  0.3145E-02 -0.5000E+01  0.0000E+00      -1  -0.200E+00   19.94
 101  -100.0000     -10.770 0.4049   0.5000E+01  0.3145E-02 -0.5000E+01  0.0000E+00      -1  -0.200E+00   19.94
end


 Time:        3.3750


 Node      Depth      Head Moisture       K          C         Flux        Sink         Kappa   v/KsTop   Temp
           [L]        [L]    [-]        [L/T]      [1/L]      [L/T]        [1/T]         [-]      [-]      [C]

   1     0.0000     -10.770 0.4049   0.5000E+01  0.3145E-02 -0.5000E+01  0.0000E+00      -1  -0.200E+00   25.00
   2    -1.0000     -10.770 0.4049   0.5000E+01  0.3145E-02 -0.5000E+01  0.0000E+00      -1  -0.200E+00   23.97
   3    -2.0000     -10.770 0.4049   0.5000E+01  0.3145E-02 -0.5000E+01  0.0000E+00      -1  -0.200E+00   23.03
   4    -3.0000     -10.770 0.4049   0.5000E+01  0.3145E-02 -0.5000E+01  0.0000E+00      -1  -0.200E+00   22.19
   5    -4.0000     -10.770 0.4049   0.5000E+01  0.3145E-02 -0.5000E+01  0.0000E+00      -1  -0.200E+00   21.44
   6    -5.0000     -10.770 0.4049   0.5000E+01  0.3145E-02 -0.5000E+01  0.0000E+00      -1  -0.200E+00   20.78
   7    -6.0000     -10.770 0.4049   0.5000E+01  0.3145E-02 -0.5000E+01  0.0000E+00      -1  -0.200E+00   20.20
   8    -7.0000     -10.770 0.4049   0.5000E+01  0.3145E-02 -0.5000E+01  0.0000E+00      -1  -0.200E+00   19.70
   9    -8.0000     -10.770 0.4049   0.5000E+01  0.3145E-02 -0.5000E+01  0.0000E+00      -1  -0.200E+00   19.27
  10    -9.0000     -10.770 0.4049   0.5000E+01  0.3145E-02 -0.5000E+01  0.0000E+00      -1  -0.200E+00   18.91
  11   -10.0000     -10.770 0.4049   0.5000E+01  0.3145E-02 -0.5000E+01  0.0000E+00      -1  -0.200E+00   18.61
  12   -11.0000     -10.770 0.4049   0.5000E+01  0.3145E-02 -0.5000E+01  0.0000E+00      -1  -0.200E+00   18.36
  13   -12.0000     -10.770 0.4049   0.5000E+01  0.3145E-02 -0.5000E+01  0.0000E+00      -1  -0.200E+00   18.17
  14   -13.0000     -10.770 0.4049   0.5000E+01  0.3145E-02 -0.5000E+01  0.0000E+00      -1  -0.200E+00   18.03
  15   -14.0000     -10.770 0.4049   0.5000E+01  0.3145E-02 -0.5000E+01  0.0000E+00      -1  -0.200E+00   17.93
  16   -15.0000     -10.770 0.4049   0.5000E+01  0.3145E-02 -0.5000E+01  0.0000E+00      -1  -0.200E+00   17.86
  17   -16.0000     -10.770 0.4049   0.5000E+01  0.3145E-02 -0.5000E+01  0.0000E+00      -1  -0.200E+00   17.83
  18   -17.0000     -10.770 0.4049   0.5000E+01  0.3145E-02 -0.5000E+01  0.0000E+00      -1  -0.200E+00   17.83
  19   -18.0000     -10.770 0.4049   0.5000E+01  0.3145E-02 -0.5000E+01  0.0000E+00      -1  -0.200E+00   17.85
  20   -19.0000     -10.770 0.4049   0.5000E+01  0.3145E-02 -0.5000E+01  0.0000E+00      -1  -0.200E+00   17.90
  21   -20.0000     -10.770 0.4049   0.5000E+01  0.3145E-02 -0.5000E+01  0.0000E+00      -1  -0.200E+00   17.96
  22   -21.0000     -10.770 0.4049   0.5000E+01  0.3145E-02 -0.5000E+01  0.0000E+00      -1  -0.200E+00   18.03
  23   -22.0000     -10.770 0.4049   0.5000E+01  0.3145E-02 -0.5000E+01  0.0000E+00      -1  -0.200E+00   18.12
  24   -23.0000     -10.770 0.4049   0.5000E+01  0.3145E-02 -0.5000E+01  0.0000E+00      -1  -0.200E+00   18.22
  25   -24.0000     -10.770 0.4049   0.5000E+01  0.3145E-02 -0.5000E+01  0.0000E+00      -1  -0.200E+00   18.32
  26   -25.0000     -10.770 0.4049   0.5000E+01  0.3145E-02 -0.5000E+01  0.0000E+00      -1  -0.200E+00   18.43
  27   -26.0000     -10.770 0.4049   0.5000E+01  0.3145E-02 -0.5000E+01  0.0000E+00      -1  -0.200E+00   18.54
  28   -27.0000     -10.770 0.4049   0.5000E+01  0.3145E-02 -0.5000E+01  0.0000E+00      -1  -0.200E+00   18.65
  29   -28.0000     -10.770 0.4049   0.5000E+01  0.3145E-02 -0.5000E+01  0.0000E+00      -1  -0.200E+00   18.76
  30   -29.0000     -10.770 0.4049   0.5000E+01  0.3145E-02 -0.5000E+01  0.0000E+00      -1  -0.200E+00   18.87
  31   -30.0000     -10.770 0.4049   0.5000E+01  0.3145E-02 -0.5000E+01  0.0000E+00      -1  -0.200E+00   18.98
  32   -31.0000     -10.770 0.4049   0.5000E+01  0.3145E-02 -0.5000E+01  0.0000E+00      -1  -0.200E+00   19.08
  33   -32.0000     -10.770 0.4049   0.5000E+01  0.3145E-02 -0.5000E+01  0.0000E+00      -1  -0.200E+00   19.18
  34   -33.0000     -10.770 0.4049   0.5000E+01  0.3145E-02 -0.5000E+01  0.0000E+00      -1  -0.200E+00   19.27
  35   -34.0000     -10.770 0.4049   0.5000E+01  0.3145E-02 -0.5000E+01  0.0000E+00      -1  -0.200E+00   19.36
  36   -35.0000     -10.770 0.4049   0.5000E+01  0.3145E-02 -0.5000E+01  0.0000E+00      -1  -0.200E+00   19.45
  37   -36.0000     -10.770 0.4049   0.5000E+01  0.3145E-02 -0.5000E+01  0.0000E+00      -1  -0.200E+00   19.53
  38   -37.0000     -10.770 0.4049   0.5000E+01  0.3145E-02 -0.5000E+01  0.0000E+00      -1  -0.200E+00   19.60
  39   -38.0000     -10.770 0.4049   0.5000E+01  0.3145E-02 -0.5000E+01  0.0000E+00      -1  -0.200E+00   19.66
  40   -39.0000     -10.770 0.4049   0.5000E+01  0.3145E-02 -0.5000E+01  0.0000E+00      -1  -0.200E+00   19.72
  41   -40.0000     -10.770 0.4049   0.5000E+01  0.3145E-02 -0.5000E+01  0.0000E+00      -1  -0.200E+00   19.78
  42   -41.0000     -10.770 0.4049   0.5000E+01  0.3145E-02 -0.5000E+01  0.0000E+00      -1  -0.200E+00   19.83
  43   -42.0000     -10.770 0.4049   0.5000E+01  0.3145E-02 -0.5000E+01  0.0000E+00      -1  -0.200E+00   19.87
  44   -43.0000     -10.770 0.4049   0.5000E+01  0.3145E-02 -0.5000E+01  0.0000E+00      -1  -0.200E+00   19.91
  45   -44.0000     -10.770 0.4049   0.5000E+01  0.3145E-02 -0.5000E+01  0.0000E+00      -1  -0.200E+00   19.95
  46   -45.0000     -10.770 0.4049   0.5000E+01  0.3145E-02 -0.5000E+01  0.0000E+00      -1  -0.200E+00   19.98
  47   -46.0000     -10.770 0.4049   0.5000E+01  0.3145E-02 -0.5000E+01  0.0000E+00      -1  -0.200E+00   20.00
  48   -47.0000     -10.770 0.4049   0.5000E+01  0.3145E-02 -0.5000E+01  0.0000E+00      -1  -0.200E+00   20.02
  49   -48.0000     -10.770 0.4049   0.5000E+01  0.3145E-02 -0.5000E+01  0.0000E+00      -1  -0.200E+00   20.04
  50   -49.0000     -10.770 0.4049   0.5000E+01  0.3145E-02 -0.5000E+01  0.0000E+00      -1  -0.200E+00   20.06
  51   -50.0000     -10.770 0.4049   0.5000E+01  0.3145E-02 -0.5000E+01  0.0000E+00      -1  -0.200E+00   20.07
  52   -51.0000     -10.770 0.4049   0.5000E+01  0.3145E-02 -0.5000E+01  0.0000E+00      -1  -0.200E+00   20.08
  53   -52.0000     -10.770 0.4049   0.5000E+01  0.3145E-02 -0.5000E+01  0.0000E+00      -1  -0.200E+00   20.08
  54   -53.0000     -10.770 0.4049   0.5000E+01  0.3145E-02 -0.5000E+01  0.0000E+00      -1  -0.200E+00   20.08
  55   -54.0000     -10.770 0.4049   0.5000E+01  0.3145E-02 -0.5000E+01  0.0000E+00      -1  -0.200E+00   20.09
  56   -55.0000     -10.770 0.4049   0.5000E+01  0.3145E-02 -0.5000E+01  0.0000E+00      -1  -0.200E+00   20.09
  57   -56.0000     -10.770 0.4049   0.5000E+01  0.3145E-02 -0.5000E+01  0.0000E+00      -1  -0.200E+00   20.09
  58   -57.0000     -10.770 0.4049   0.5000E+01  0.3145E-02 -0.5000E+01  0.0000E+00      -1  -0.200E+00   20.08
  59   -58.0000     -10.770 0.4049   0.5000E+01  0.3145E-02 -0.5000E+01  0.0000E+00      -1  -0.200E+00   20.08
  60   -59.0000     -10.770 0.4049   0.5000E+01  0.3145E-02 -0.5000E+01  0.0000E+00      -1  -0.200E+00   20.07
  61   -60.0000     -10.770 0.4049   0.5000E+01  0.3145E-02 -0.5000E+01  0.0000E+00      -1  -0.200E+00   20.07
  62   -61.0000     -10.770 0.4049   0.5000E+01  0.3145E-02 -0.5000E+01  0.0000E+00      -1  -0.200E+00   20.06
  63   -62.0000     -10.770 0.4049   0.5000E+01  0.3145E-02 -0.5000E+01  0.0000E+00      -1  -0.200E+00   20.06
  64   -63.0000     -10.770 0.4049   0.5000E+01  0.3145E-02 -0.5000E+01  0.0000E+00      -1  -0.200E+00   20.05
  65   -64.0000     -10.770 0.4049   0.5000E+01  0.3145E-02 -0.5000E+01  0.0000E+00      -1  -0.200E+00   20.04
  66   -65.0000     -10.770 0.4049   0.5000E+01  0.3145E-02 -0.5000E+01  0.0000E+00      -1  -0.200E+00   20.04
  67   -66.0000     -10.770 0.4049   0.5000E+01  0.3145E-02 -0.5000E+01  0.0000E+00      -1  -0.200E+00   20.03
  68   -67.0000     -10.770 0.4049   0.5000E+01  0.3145E-02 -0.5000E+01  0.0000E+00      -1  -0.200E+00   20.02
  69   -68.0000     -10.770 0.4049   0.5000E+01  0.3145E-02 -0.5000E+01  0.0000E+00      -1  -0.200E+00   20.01
  70   -69.0000     -10.770 0.4049   0.5000E+01  0.3145E-02 -0.5000E+01  0.0000E+00      -1  -0.200E+00   20.01
  71   -70.0000     -10.770 0.4049   0.5000E+01  0.3145E-02 -0.5000E+01  0.0000E+00      -1  -0.200E+00   20.00
  72   -71.0000     -10.770 0.4049   0.5000E+01  0.3145E-02 -0.5000E+01  0.0000E+00      -1  -0.200E+00   20.00
  73   -72.0000     -10.770 0.4049   0.5000E+01  0.3145E-02 -0.5000E+01  0.0000E+00      -1  -0.200E+00   19.99
  74   -73.0000     -10.770 0.4049   0.5000E+01  0.3145E-02 -0.5000E+01  0.0000E+00      -1  -0.200E+00   19.98
  75   -74.0000     -10.770 0.4049   0.5000E+01  0.3145E-02 -0.5000E+01  0.0000E+00      -1  -0.200E+00   19.98
  76   -75.0000     -10.770 0.4049   0.5000E+01  0.3145E-02 -0.5000E+01  0.0000E+00      -1  -0.200E+00   19.97
  77   -76.0000     -10.770 0.4049   0.5000E+01  0.3145E-02 -0.5000E+01  0.0000E+00      -1  -0.200E+00   19.97
  78   -77.0000     -10.770 0.4049   0.5000E+01  0.3145E-02 -0.5000E+01  0.0000E+00      -1  -0.200E+00   19.97
  79   -78.0000     -10.770 0.4049   0.5000E+01  0.3145E-02 -0.5000E+01  0.0000E+00      -1  -0.200E+00   19.96
  80   -79.0000     -10.770 0.4049   0.5000E+01  0.3145E-02 -0.5000E+01  0.0000E+00      -1  -0.200E+00   19.96
  81   -80.0000     -10.770 0.4049   0.5000E+01  0.3145E-02 -0.5000E+01  0.0000E+00      -1  -0.200E+00   19.96
  82   -81.0000     -10.770 0.4049   0.5000E+01  0.3145E-02 -0.5000E+01  0.0000E+00      -1  -0.200E+00   19.95
  83   -82.0000     -10.770 0.4049   0.5000E+01  0.3145E-02 -0.5000E+01  0.0000E+00      -1  -0.200E+00   19.95
  84   -83.0000     -10.770 0.4049   0.5000E+01  0.3145E-02 -0.5000E+01  0.0000E+00      -1  -0.200E+00   19.95
  85   -84.0000     -10.770 0.4049   0.5000E+01  0.3145E-02 -0.5000E+01  0.0000E+00      -1  -0.200E+00   19.95
  86   -85.0000     -10.770 0.4049   0.5000E+01  0.3145E-02 -0.5000E+01  0.0000E+00      -1  -0.200E+00   19.94
  87   -86.0000     -10.770 0.4049   0.5000E+01  0.3145E-02 -0.5000E+01  0.0000E+00      -1  -0.200E+00   19.94
  88   -87.0000     -10.770 0.4049   0.5000E+01  0.3145E-02 -0.5000E+01  0.0000E+00      -1  -0.200E+00   19.94
  89   -88.0000     -10.770 0.4049   0.5000E+01  0.3145E-02 -0.5000E+01  0.0000E+00      -1  -0.200E+00   19.94
  90   -89.0000     -10.770 0.4049   0.5000E+01  0.3145E-02 -0.5000E+01  0.0000E+00      -1  -0.200E+00   19.94
  91   -90.0000     -10.770 0.4049   0.5000E+01  0.3145E-02 -0.5000E+01  0.0000E+00      -1  -0.200E+00   19.94
  92   -91.0000     -10.770 0.4049   0.5000E+01  0.3145E-02 -0.5000E+01  0.0000E+00      -1  -0.200E+00   19.94
  93   -92.0000     -10.770 0.4049   0.5000E+01  0.3145E-02 -0.5000E+01  0.0000E+00      -1  -0.200E+00   19.94
  94   -93.0000     -10.770 0.4049   0.5000E+01  0.3145E-02 -0.5000E+01  0.0000E+00      -1  -0.200E+00   19.94
  95   -94.0000     -10.770 0.4049   0.5000E+01  0.3145E-02 -0.5000E+01  0.0000E+00      -1  -0.200E+00   19.94
  96   -95.0000     -10.770 0.4049   0.5000E+01  0.3145E-02 -0.5000E+01  0.0000E+00      -1  -0.200E+00   19.94
  97   -96.0000     -10.770 0.4049   0.5000E+01  0.3145E-02 -0.5000E+01  0.0000E+00      -1  -0.200E+00   19.94
  98   -97.0000     -10.770 0.4049   0.5000E+01  0.3145E-02 -0.5000E+01  0.0000E+00      -1  -0.200E+00   19.94
  99   -98.0000     -10.770 0.4049   0.5000E+01  0.3145E-02 -0.5000E+01  0.0000E+00      -1  -0.200E+00   19.94
 100   -99.0000     -10.770 0.4049   0.5000E+01  0.3145E-02 -0.5000E+01  0.0000E+00      -1  -0.200E+00   19.94
 101  -100.0000     -10.770 0.4049   0.5000E+01  0.3145E-02 -0.5000E+01  0.0000E+00      -1  -0.200E+00   19.94
end


 Time:        3.5000


 Node      Depth      Head Moisture       K          C         Flux        Sink         Kappa   v/KsTop   Temp
           [L]        [L]    [-]        [L/T]      [1/L]      [L/T]        [1/T]         [-]      [-]      [C]

   1     0.0000     -10.770 0.4049   0.5000E+01  0.3145E-02 -0.5000E+01  0.0000E+00      -1  -0.200E+00   29.66
   2    -1.0000     -10.770 0.4049   0.5000E+01  0.3145E-02 -0.5000E+01  0.0000E+00      -1  -0.200E+00   28.74
   3    -2.0000     -10.770 0.4049   0.5000E+01  0.3145E-02 -0.5000E+01  0.0000E+00      -1  -0.200E+00   27.85
   4    -3.0000     -10.770 0.4049   0.5000E+01  0.3145E-02 -0.5000E+01  0.0000E+00      -1  -0.200E+00   26.99
   5    -4.0000     -10.770 0.4049   0.5000E+01  0.3145E-02 -0.5000E+01  0.0000E+00      -1  -0.200E+00   26.17
   6    -5.0000     -10.770 0.4049   0.5000E+01  0.3145E-02 -0.5000E+01  0.0000E+00      -1  -0.200E+00   25.39
   7    -6.0000     -10.770 0.4049   0.5000E+01  0.3145E-02 -0.5000E+01  0.0000E+00      -1  -0.200E+00   24.66
   8    -7.0000     -10.770 0.4049   0.5000E+01  0.3145E-02 -0.5000E+01  0.0000E+00      -1  -0.200E+00   23.98
   9    -8.0000     -10.770 0.4049   0.5000E+01  0.3145E-02 -0.5000E+01  0.0000E+00      -1  -0.200E+00   23.35
  10    -9.0000     -10.770 0.4049   0.5000E+01  0.3145E-02 -0.5000E+01  0.0000E+00      -1  -0.200E+00   22.76
  11   -10.0000     -10.770 0.4049   0.5000E+01  0.3145E-02 -0.5000E+01  0.0000E+00      -1  -0.200E+00   22.23
  12   -11.0000     -10.770 0.4049   0.5000E+01  0.3145E-02 -0.5000E+01  0.0000E+00      -1  -0.200E+00   21.74
  13   -12.0000     -10.770 0.4049   0.5000E+01  0.3145E-02 -0.5000E+01  0.0000E+00      -1  -0.200E+00   21.30
  14   -13.0000     -10.770 0.4049   0.5000E+01  0.3145E-02 -0.5000E+01  0.0000E+00      -1  -0.200E+00   20.91
  15   -14.0000     -10.770 0.4049   0.5000E+01  0.3145E-02 -0.5000E+01  0.0000E+00      -1  -0.200E+00   20.56
  16   -15.0000     -10.770 0.4049   0.5000E+01  0.3145E-02 -0.5000E+01  0.0000E+00      -1  -0.200E+00   20.25
  17   -16.0000     -10.770 0.4049   0.5000E+01  0.3145E-02 -0.5000E+01  0.0000E+00      -1  -0.200E+00   19.98
  18   -17.0000     -10.770 0.4049   0.5000E+01  0.3145E-02 -0.5000E+01  0.0000E+00      -1  -0.200E+00   19.75
  19   -18.0000     -10.770 0.4049   0.5000E+01  0.3145E-02 -0.5000E+01  0.0000E+00      -1  -0.200E+00   19.55
  20   -19.0000     -10.770 0.4049   0.5000E+01  0.3145E-02 -0.5000E+01  0.0000E+00      -1  -0.200E+00   19.39
  21   -20.0000     -10.770 0.4049   0.5000E+01  0.3145E-02 -0.5000E+01  0.0000E+00      -1  -0.200E+00   19.25
  22   -21.0000     -10.770 0.4049   0.5000E+01  0.3145E-02 -0.5000E+01  0.0000E+00      -1  -0.200E+00   19.15
  23   -22.0000     -10.770 0.4049   0.5000E+01  0.3145E-02 -0.5000E+01  0.0000E+00      -1  -0.200E+00   19.06
  24   -23.0000     -10.770 0.4049   0.5000E+01  0.3145E-02 -0.5000E+01  0.0000E+00      -1  -0.200E+00   19.00
  25   -24.0000     -10.770 0.4049   0.5000E+01  0.3145E-02 -0.5000E+01  0.0000E+00      -1  -0.200E+00   18.96
  26   -25.0000     -10.770 0.4049   0.5000E+01  0.3145E-02 -0.5000E+01  0.0000E+00      -1  -0.200E+00   18.93
  27   -26.0000     -10.770 0.4049   0.5000E+01  0.3145E-02 -0.5000E+01  0.0000E+00      -1  -0.200E+00   18.92
  28   -27.0000     -10.770 0.4049   0.5000E+01  0.3145E-02 -0.5000E+01  0.0000E+00      -1  -0.200E+00   18.93
  29   -28.0000     -10.770 0.4049   0.5000E+01  0.3145E-02 -0.5000E+01  0.0000E+00      -1  -0.200E+00   18.94
  30   -29.0000     -10.770 0.4049   0.5000E+01  0.3145E-02 -0.5000E+01  0.0000E+00      -1  -0.200E+00   18.97
  31   -30.0000     -10.770 0.4049   0.5000E+01  0.3145E-02 -0.5000E+01  0.0000E+00      -1  -0.200E+00   19.00
  32   -31.0000     -10.770 0.4049   0.5000E+01  0.3145E-02 -0.5000E+01  0.0000E+00      -1  -0.200E+00   19.04
  33   -32.0000     -10.770 0.4049   0.5000E+01  0.3145E-02 -0.5000E+01  0.0000E+00      -1  -0.200E+00   19.08
  34   -33.0000     -10.770 0.4049   0.5000E+01  0.3145E-02 -0.5000E+01  0.0000E+00      -1  -0.200E+00   19.13
  35   -34.0000     -10.770 0.4049   0.5000E+01  0.3145E-02 -0.5000E+01  0.0000E+00      -1  -0.200E+00   19.18
  36   -35.0000     -10.770 0.4049   0.5000E+01  0.3145E-02 -0.5000E+01  0.0000E+00      -1  -0.200E+00   19.24
  37   -36.0000     -10.770 0.4049   0.5000E+01  0.3145E-02 -0.5000E+01  0.0000E+00      -1  -0.200E+00   19.29
  38   -37.0000     -10.770 0.4049   0.5000E+01  0.3145E-02 -0.5000E+01  0.0000E+00      -1  -0.200E+00   19.35
  39   -38.0000     -10.770 0.4049   0.5000E+01  0.3145E-02 -0.5000E+01  0.0000E+00      -1  -0.200E+00   19.40
  40   -39.0000     -10.770 0.4049   0.5000E+01  0.3145E-02 -0.5000E+01  0.0000E+00      -1  -0.200E+00   19.45
  41   -40.0000     -10.770 0.4049   0.5000E+01  0.3145E-02 -0.5000E+01  0.0000E+00      -1  -0.200E+00   19.50
  42   -41.0000     -10.770 0.4049   0.5000E+01  0.3145E-02 -0.5000E+01  0.0000E+00      -1  -0.200E+00   19.55
  43   -42.0000     -10.770 0.4049   0.5000E+01  0.3145E-02 -0.5000E+01  0.0000E+00      -1  -0.200E+00   19.60
  44   -43.0000     -10.770 0.4049   0.5000E+01  0.3145E-02 -0.5000E+01  0.0000E+00      -1  -0.200E+00   19.64
  45   -44.0000     -10.770 0.4049   0.5000E+01  0.3145E-02 -0.5000E+01  0.0000E+00      -1  -0.200E+00   19.69
  46   -45.0000     -10.770 0.4049   0.5000E+01  0.3145E-02 -0.5000E+01  0.0000E+00      -1  -0.200E+00   19.73
  47   -46.0000     -10.770 0.4049   0.5000E+01  0.3145E-02 -0.5000E+01  0.0000E+00      -1  -0.200E+00   19.76
  48   -47.0000     -10.770 0.4049   0.5000E+01  0.3145E-02 -0.5000E+01  0.0000E+00      -1  -0.200E+00   19.80
  49   -48.0000     -10.770 0.4049   0.5000E+01  0.3145E-02 -0.5000E+01  0.0000E+00      -1  -0.200E+00   19.83
  50   -49.0000     -10.770 0.4049   0.5000E+01  0.3145E-02 -0.5000E+01  0.0000E+00      -1  -0.200E+00   19.86
  51   -50.0000     -10.770 0.4049   0.5000E+01  0.3145E-02 -0.5000E+01  0.0000E+00      -1  -0.200E+00   19.88
  52   -51.0000     -10.770 0.4049   0.5000E+01  0.3145E-02 -0.5000E+01  0.0000E+00      -1  -0.200E+00   19.91
  53   -52.0000     -10.770 0.4049   0.5000E+01  0.3145E-02 -0.5000E+01  0.0000E+00      -1  -0.200E+00   19.93
  54   -53.0000     -10.770 0.4049   0.5000E+01  0.3145E-02 -0.5000E+01  0.0000E+00      -1  -0.200E+00   19.94
  55   -54.0000     -10.770 0.4049   0.5000E+01  0.3145E-02 -0.5000E+01  0.0000E+00      -1  -0.200E+00   19.96
  56   -55.0000     -10.770 0.4049   0.5000E+01  0.3145E-02 -0.5000E+01  0.0000E+00      -1  -0.200E+00   19.97
  57   -56.0000     -10.770 0.4049   0.5000E+01  0.3145E-02 -0.5000E+01  0.0000E+00      -1  -0.200E+00   19.98
  58   -57.0000     -10.770 0.4049   0.5000E+01  0.3145E-02 -0.5000E+01  0.0000E+00      -1  -0.200E+00   19.99
  59   -58.0000     -10.770 0.4049   0.5000E+01  0.3145E-02 -0.5000E+01  0.0000E+00      -1  -0.200E+00   20.00
  60   -59.0000     -10.770 0.4049   0.5000E+01  0.3145E-02 -0.5000E+01  0.0000E+00      -1  -0.200E+00   20.01
  61   -60.0000     -10.770 0.4049   0.5000E+01  0.3145E-02 -0.5000E+01  0.0000E+00      -1  -0.200E+00   20.01
  62   -61.0000     -10.770 0.4049   0.5000E+01  0.3145E-02 -0.5000E+01  0.0000E+00      -1  -0.200E+00   20.02
  63   -62.0000     -10.770 0.4049   0.5000E+01  0.3145E-02 -0.5000E+01  0.0000E+00      -1  -0.200E+00   20.02
  64   -63.0000     -10.770 0.4049   0.5000E+01  0.3145E-02 -0.5000E+01  0.0000E+00      -1  -0.200E+00   20.02
  65   -64.0000     -10.770 0.4049   0.5000E+01  0.3145E-02 -0.5000E+01  0.0000E+00      -1  -0.200E+00   20.02
  66   -65.0000     -10.770 0.4049   0.5000E+01  0.3145E-02 -0.5000E+01  0.0000E+00      -1  -0.200E+00   20.02
  67   -66.0000     -10.770 0.4049   0.5000E+01  0.3145E-02 -0.5000E+01  0.0000E+00      -1  -0.200E+00   20.02
  68   -67.0000     -10.770 0.4049   0.5000E+01  0.3145E-02 -0.5000E+01  0.0000E+00      -1  -0.200E+00   20.02
  69   -68.0000     -10.770 0.4049   0.5000E+01  0.3145E-02 -0.5000E+01  0.0000E+00      -1  -0.200E+00   20.01
  70   -69.0000     -10.770 0.4049   0.5000E+01  0.3145E-02 -0.5000E+01  0.0000E+00      -1  -0.200E+00   20.01
  71   -70.0000     -10.770 0.4049   0.5000E+01  0.3145E-02 -0.5000E+01  0.0000E+00      -1  -0.200E+00   20.01
  72   -71.0000     -10.770 0.4049   0.5000E+01  0.3145E-02 -0.5000E+01  0.0000E+00      -1  -0.200E+00   20.00
  73   -72.0000     -10.770 0.4049   0.5000E+01  0.3145E-02 -0.5000E+01  0.0000E+00      -1  -0.200E+00   20.00
  74   -73.0000     -10.770 0.4049   0.5000E+01  0.3145E-02 -0.5000E+01  0.0000E+00      -1  -0.200E+00   20.00
  75   -74.0000     -10.770 0.4049   0.5000E+01  0.3145E-02 -0.5000E+01  0.0000E+00      -1  -0.200E+00   19.99
  76   -75.0000     -10.770 0.4049   0.5000E+01  0.3145E-02 -0.5000E+01  0.0000E+00      -1  -0.200E+00   19.99
  77   -76.0000     -10.770 0.4049   0.5000E+01  0.3145E-02 -0.5000E+01  0.0000E+00      -1  -0.200E+00   19.99
  78   -77.0000     -10.770 0.4049   0.5000E+01  0.3145E-02 -0.5000E+01  0.0000E+00      -1  -0.200E+00   19.98
  79   -78.0000     -10.770 0.4049   0.5000E+01  0.3145E-02 -0.5000E+01  0.0000E+00      -1  -0.200E+00   19.98
  80   -79.0000     -10.770 0.4049   0.5000E+01  0.3145E-02 -0.5000E+01  0.0000E+00      -1  -0.200E+00   19.98
  81   -80.0000     -10.770 0.4049   0.5000E+01  0.3145E-02 -0.5000E+01  0.0000E+00      -1  -0.200E+00   19.97
  82   -81.0000     -10.770 0.4049   0.5000E+01  0.3145E-02 -0.5000E+01  0.0000E+00      -1  -0.200E+00   19.97
  83   -82.0000     -10.770 0.4049   0.5000E+01  0.3145E-02 -0.5000E+01  0.0000E+00      -1  -0.200E+00   19.97
  84   -83.0000     -10.770 0.4049   0.5000E+01  0.3145E-02 -0.5000E+01  0.0000E+00      -1  -0.200E+00   19.96
  85   -84.0000     -10.770 0.4049   0.5000E+01  0.3145E-02 -0.5000E+01  0.0000E+00      -1  -0.200E+00   19.96
  86   -85.0000     -10.770 0.4049   0.5000E+01  0.3145E-02 -0.5000E+01  0.0000E+00      -1  -0.200E+00   19.96
  87   -86.0000     -10.770 0.4049   0.5000E+01  0.3145E-02 -0.5000E+01  0.0000E+00      -1  -0.200E+00   19.96
  88   -87.0000     -10.770 0.4049   0.5000E+01  0.3145E-02 -0.5000E+01  0.0000E+00      -1  -0.200E+00   19.95
  89   -88.0000     -10.770 0.4049   0.5000E+01  0.3145E-02 -0.5000E+01  0.0000E+00      -1  -0.200E+00   19.95
  90   -89.0000     -10.770 0.4049   0.5000E+01  0.3145E-02 -0.5000E+01  0.0000E+00      -1  -0.200E+00   19.95
  91   -90.0000     -10.770 0.4049   0.5000E+01  0.3145E-02 -0.5000E+01  0.0000E+00      -1  -0.200E+00   19.95
  92   -91.0000     -10.770 0.4049   0.5000E+01  0.3145E-02 -0.5000E+01  0.0000E+00      -1  -0.200E+00   19.95
  93   -92.0000     -10.770 0.4049   0.5000E+01  0.3145E-02 -0.5000E+01  0.0000E+00      -1  -0.200E+00   19.95
  94   -93.0000     -10.770 0.4049   0.5000E+01  0.3145E-02 -0.5000E+01  0.0000E+00      -1  -0.200E+00   19.94
  95   -94.0000     -10.770 0.4049   0.5000E+01  0.3145E-02 -0.5000E+01  0.0000E+00      -1  -0.200E+00   19.94
  96   -95.0000     -10.770 0.4049   0.5000E+01  0.3145E-02 -0.5000E+01  0.0000E+00      -1  -0.200E+00   19.94
  97   -96.0000     -10.770 0.4049   0.5000E+01  0.3145E-02 -0.5000E+01  0.0000E+00      -1  -0.200E+00   19.94
  98   -97.0000     -10.770 0.4049   0.5000E+01  0.3145E-02 -0.5000E+01  0.0000E+00      -1  -0.200E+00   19.94
  99   -98.0000     -10.770 0.4049   0.5000E+01  0.3145E-02 -0.5000E+01  0.0000E+00      -1  -0.200E+00   19.94
 100   -99.0000     -10.770 0.4049   0.5000E+01  0.3145E-02 -0.5000E+01  0.0000E+00      -1  -0.200E+00   19.94
 101  -100.0000     -10.770 0.4049   0.5000E+01  0.3145E-02 -0.5000E+01  0.0000E+00      -1  -0.200E+00   19.94
end


 Time:        3.6250


 Node      Depth      Head Moisture       K          C         Flux        Sink         Kappa   v/KsTop   Temp
           [L]        [L]    [-]        [L/T]      [1/L]      [L/T]        [1/T]         [-]      [-]      [C]

   1     0.0000     -10.770 0.4049   0.5000E+01  0.3145E-02 -0.5000E+01  0.0000E+00      -1  -0.200E+00   28.66
   2    -1.0000     -10.770 0.4049   0.5000E+01  0.3145E-02 -0.5000E+01  0.0000E+00      -1  -0.200E+00   28.39
   3    -2.0000     -10.770 0.4049   0.5000E+01  0.3145E-02 -0.5000E+01  0.0000E+00      -1  -0.200E+00   28.06
   4    -3.0000     -10.770 0.4049   0.5000E+01  0.3145E-02 -0.5000E+01  0.0000E+00      -1  -0.200E+00   27.69
   5    -4.0000     -10.770 0.4049   0.5000E+01  0.3145E-02 -0.5000E+01  0.0000E+00      -1  -0.200E+00   27.28
   6    -5.0000     -10.770 0.4049   0.5000E+01  0.3145E-02 -0.5000E+01  0.0000E+00      -1  -0.200E+00   26.85
   7    -6.0000     -10.770 0.4049   0.5000E+01  0.3145E-02 -0.5000E+01  0.0000E+00      -1  -0.200E+00   26.39
   8    -7.0000     -10.770 0.4049   0.5000E+01  0.3145E-02 -0.5000E+01  0.0000E+00      -1  -0.200E+00   25.93
   9    -8.0000     -10.770 0.4049   0.5000E+01  0.3145E-02 -0.5000E+01  0.0000E+00      -1  -0.200E+00   25.46
  10    -9.0000     -10.770 0.4049   0.5000E+01  0.3145E-02 -0.5000E+01  0.0000E+00      -1  -0.200E+00   25.00
  11   -10.0000     -10.770 0.4049   0.5000E+01  0.3145E-02 -0.5000E+01  0.0000E+00      -1  -0.200E+00   24.54
  12   -11.0000     -10.770 0.4049   0.5000E+01  0.3145E-02 -0.5000E+01  0.0000E+00      -1  -0.200E+00   24.09
  13   -12.0000     -10.770 0.4049   0.5000E+01  0.3145E-02 -0.5000E+01  0.0000E+00      -1  -0.200E+00   23.66
  14   -13.0000     -10.770 0.4049   0.5000E+01  0.3145E-02 -0.5000E+01  0.0000E+00      -1  -0.200E+00   23.25
  15   -14.0000     -10.770 0.4049   0.5000E+01  0.3145E-02 -0.5000E+01  0.0000E+00      -1  -0.200E+00   22.85
  16   -15.0000     -10.770 0.4049   0.5000E+01  0.3145E-02 -0.5000E+01  0.0000E+00      -1  -0.200E+00   22.48
  17   -16.0000     -10.770 0.4049   0.5000E+01  0.3145E-02 -0.5000E+01  0.0000E+00      -1  -0.200E+00   22.13
  18   -17.0000     -10.770 0.4049   0.5000E+01  0.3145E-02 -0.5000E+01  0.0000E+00      -1  -0.200E+00   21.81
  19   -18.0000     -10.770 0.4049   0.5000E+01  0.3145E-02 -0.5000E+01  0.0000E+00      -1  -0.200E+00   21.51
  20   -19.0000     -10.770 0.4049   0.5000E+01  0.3145E-02 -0.5000E+01  0.0000E+00      -1  -0.200E+00   21.23
  21   -20.0000     -10.770 0.4049   0.5000E+01  0.3145E-02 -0.5000E+01  0.0000E+00      -1  -0.200E+00   20.98
  22   -21.0000     -10.770 0.4049   0.5000E+01  0.3145E-02 -0.5000E+01  0.0000E+00      -1  -0.200E+00   20.75
  23   -22.0000     -10.770 0.4049   0.5000E+01  0.3145E-02 -0.5000E+01  0.0000E+00      -1  -0.200E+00   20.54
  24   -23.0000     -10.770 0.4049   0.5000E+01  0.3145E-02 -0.5000E+01  0.0000E+00      -1  -0.200E+00   20.36
  25   -24.0000     -10.770 0.4049   0.5000E+01  0.3145E-02 -0.5000E+01  0.0000E+00      -1  -0.200E+00   20.20
  26   -25.0000     -10.770 0.4049   0.5000E+01  0.3145E-02 -0.5000E+01  0.0000E+00      -1  -0.200E+00   20.05
  27   -26.0000     -10.770 0.4049   0.5000E+01  0.3145E-02 -0.5000E+01  0.0000E+00      -1  -0.200E+00   19.93
  28   -27.0000     -10.770 0.4049   0.5000E+01  0.3145E-02 -0.5000E+01  0.0000E+00      -1  -0.200E+00   19.82
  29   -28.0000     -10.770 0.4049   0.5000E+01  0.3145E-02 -0.5000E+01  0.0000E+00      -1  -0.200E+00   19.73
  30   -29.0000     -10.770 0.4049   0.5000E+01  0.3145E-02 -0.5000E+01  0.0000E+00      -1  -0.200E+00   19.66
  31   -30.0000     -10.770 0.4049   0.5000E+01  0.3145E-02 -0.5000E+01  0.0000E+00      -1  -0.200E+00   19.60
  32   -31.0000     -10.770 0.4049   0.5000E+01  0.3145E-02 -0.5000E+01  0.0000E+00      -1  -0.200E+00   19.55
  33   -32.0000     -10.770 0.4049   0.5000E+01  0.3145E-02 -0.5000E+01  0.0000E+00      -1  -0.200E+00   19.51
  34   -33.0000     -10.770 0.4049   0.5000E+01  0.3145E-02 -0.5000E+01  0.0000E+00      -1  -0.200E+00   19.49
  35   -34.0000     -10.770 0.4049   0.5000E+01  0.3145E-02 -0.5000E+01  0.0000E+00      -1  -0.200E+00   19.47
  36   -35.0000     -10.770 0.4049   0.5000E+01  0.3145E-02 -0.5000E+01  0.0000E+00      -1  -0.200E+00   19.46
  37   -36.0000     -10.770 0.4049   0.5000E+01  0.3145E-02 -0.5000E+01  0.0000E+00      -1  -0.200E+00   19.46
  38   -37.0000     -10.770 0.4049   0.5000E+01  0.3145E-02 -0.5000E+01  0.0000E+00      -1  -0.200E+00   19.46
  39   -38.0000     -10.770 0.4049   0.5000E+01  0.3145E-02 -0.5000E+01  0.0000E+00      -1  -0.200E+00   19.47
  40   -39.0000     -10.770 0.4049   0.5000E+01  0.3145E-02 -0.5000E+01  0.0000E+00      -1  -0.200E+00   19.48
  41   -40.0000     -10.770 0.4049   0.5000E+01  0.3145E-02 -0.5000E+01  0.0000E+00      -1  -0.200E+00   19.50
  42   -41.0000     -10.770 0.4049   0.5000E+01  0.3145E-02 -0.5000E+01  0.0000E+00      -1  -0.200E+00   19.52
  43   -42.0000     -10.770 0.4049   0.5000E+01  0.3145E-02 -0.5000E+01  0.0000E+00      -1  -0.200E+00   19.54
  44   -43.0000     -10.770 0.4049   0.5000E+01  0.3145E-02 -0.5000E+01  0.0000E+00      -1  -0.200E+00   19.57
  45   -44.0000     -10.770 0.4049   0.5000E+01  0.3145E-02 -0.5000E+01  0.0000E+00      -1  -0.200E+00   19.59
  46   -45.0000     -10.770 0.4049   0.5000E+01  0.3145E-02 -0.5000E+01  0.0000E+00      -1  -0.200E+00   19.62
  47   -46.0000     -10.770 0.4049   0.5000E+01  0.3145E-02 -0.5000E+01  0.0000E+00      -1  -0.200E+00   19.65
  48   -47.0000     -10.770 0.4049   0.5000E+01  0.3145E-02 -0.5000E+01  0.0000E+00      -1  -0.200E+00   19.67
  49   -48.0000     -10.770 0.4049   0.5000E+01  0.3145E-02 -0.5000E+01  0.0000E+00      -1  -0.200E+00   19.70
  50   -49.0000     -10.770 0.4049   0.5000E+01  0.3145E-02 -0.5000E+01  0.0000E+00      -1  -0.200E+00   19.72
  51   -50.0000     -10.770 0.4049   0.5000E+01  0.3145E-02 -0.5000E+01  0.0000E+00      -1  -0.200E+00   19.75
  52   -51.0000     -10.770 0.4049   0.5000E+01  0.3145E-02 -0.5000E+01  0.0000E+00      -1  -0.200E+00   19.77
  53   -52.0000     -10.770 0.4049   0.5000E+01  0.3145E-02 -0.5000E+01  0.0000E+00      -1  -0.200E+00   19.79
  54   -53.0000     -10.770 0.4049   0.5000E+01  0.3145E-02 -0.5000E+01  0.0000E+00      -1  -0.200E+00   19.81
  55   -54.0000     -10.770 0.4049   0.5000E+01  0.3145E-02 -0.5000E+01  0.0000E+00      -1  -0.200E+00   19.83
  56   -55.0000     -10.770 0.4049   0.5000E+01  0.3145E-02 -0.5000E+01  0.0000E+00      -1  -0.200E+00   19.85
  57   -56.0000     -10.770 0.4049   0.5000E+01  0.3145E-02 -0.5000E+01  0.0000E+00      -1  -0.200E+00   19.87
  58   -57.0000     -10.770 0.4049   0.5000E+01  0.3145E-02 -0.5000E+01  0.0000E+00      -1  -0.200E+00   19.89
  59   -58.0000     -10.770 0.4049   0.5000E+01  0.3145E-02 -0.5000E+01  0.0000E+00      -1  -0.200E+00   19.90
  60   -59.0000     -10.770 0.4049   0.5000E+01  0.3145E-02 -0.5000E+01  0.0000E+00      -1  -0.200E+00   19.91
  61   -60.0000     -10.770 0.4049   0.5000E+01  0.3145E-02 -0.5000E+01  0.0000E+00      -1  -0.200E+00   19.92
  62   -61.0000     -10.770 0.4049   0.5000E+01  0.3145E-02 -0.5000E+01  0.0000E+00      -1  -0.200E+00   19.94
  63   -62.0000     -10.770 0.4049   0.5000E+01  0.3145E-02 -0.5000E+01  0.0000E+00      -1  -0.200E+00   19.94
  64   -63.0000     -10.770 0.4049   0.5000E+01  0.3145E-02 -0.5000E+01  0.0000E+00      -1  -0.200E+00   19.95
  65   -64.0000     -10.770 0.4049   0.5000E+01  0.3145E-02 -0.5000E+01  0.0000E+00      -1  -0.200E+00   19.96
  66   -65.0000     -10.770 0.4049   0.5000E+01  0.3145E-02 -0.5000E+01  0.0000E+00      -1  -0.200E+00   19.97
  67   -66.0000     -10.770 0.4049   0.5000E+01  0.3145E-02 -0.5000E+01  0.0000E+00      -1  -0.200E+00   19.97
  68   -67.0000     -10.770 0.4049   0.5000E+01  0.3145E-02 -0.5000E+01  0.0000E+00      -1  -0.200E+00   19.97
  69   -68.0000     -10.770 0.4049   0.5000E+01  0.3145E-02 -0.5000E+01  0.0000E+00      -1  -0.200E+00   19.98
  70   -69.0000     -10.770 0.4049   0.5000E+01  0.3145E-02 -0.5000E+01  0.0000E+00      -1  -0.200E+00   19.98
  71   -70.0000     -10.770 0.4049   0.5000E+01  0.3145E-02 -0.5000E+01  0.0000E+00      -1  -0.200E+00   19.98
  72   -71.0000     -10.770 0.4049   0.5000E+01  0.3145E-02 -0.5000E+01  0.0000E+00      -1  -0.200E+00   19.98
  73   -72.0000     -10.770 0.4049   0.5000E+01  0.3145E-02 -0.5000E+01  0.0000E+00      -1  -0.200E+00   19.98
  74   -73.0000     -10.770 0.4049   0.5000E+01  0.3145E-02 -0.5000E+01  0.0000E+00      -1  -0.200E+00   19.98
  75   -74.0000     -10.770 0.4049   0.5000E+01  0.3145E-02 -0.5000E+01  0.0000E+00      -1  -0.200E+00   19.98
  76   -75.0000     -10.770 0.4049   0.5000E+01  0.3145E-02 -0.5000E+01  0.0000E+00      -1  -0.200E+00   19.98
  77   -76.0000     -10.770 0.4049   0.5000E+01  0.3145E-02 -0.5000E+01  0.0000E+00      -1  -0.200E+00   19.98
  78   -77.0000     -10.770 0.4049   0.5000E+01  0.3145E-02 -0.5000E+01  0.0000E+00      -1  -0.200E+00   19.98
  79   -78.0000     -10.770 0.4049   0.5000E+01  0.3145E-02 -0.5000E+01  0.0000E+00      -1  -0.200E+00   19.98
  80   -79.0000     -10.770 0.4049   0.5000E+01  0.3145E-02 -0.5000E+01  0.0000E+00      -1  -0.200E+00   19.98
  81   -80.0000     -10.770 0.4049   0.5000E+01  0.3145E-02 -0.5000E+01  0.0000E+00      -1  -0.200E+00   19.98
  82   -81.0000     -10.770 0.4049   0.5000E+01  0.3145E-02 -0.5000E+01  0.0000E+00      -1  -0.200E+00   19.97
  83   -82.0000     -10.770 0.4049   0.5000E+01  0.3145E-02 -0.5000E+01  0.0000E+00      -1  -0.200E+00   19.97
  84   -83.0000     -10.770 0.4049   0.5000E+01  0.3145E-02 -0.5000E+01  0.0000E+00      -1  -0.200E+00   19.97
  85   -84.0000     -10.770 0.4049   0.5000E+01  0.3145E-02 -0.5000E+01  0.0000E+00      -1  -0.200E+00   19.97
  86   -85.0000     -10.770 0.4049   0.5000E+01  0.3145E-02 -0.5000E+01  0.0000E+00      -1  -0.200E+00   19.97
  87   -86.0000     -10.770 0.4049   0.5000E+01  0.3145E-02 -0.5000E+01  0.0000E+00      -1  -0.200E+00   19.97
  88   -87.0000     -10.770 0.4049   0.5000E+01  0.3145E-02 -0.5000E+01  0.0000E+00      -1  -0.200E+00   19.96
  89   -88.0000     -10.770 0.4049   0.5000E+01  0.3145E-02 -0.5000E+01  0.0000E+00      -1  -0.200E+00   19.96
  90   -89.0000     -10.770 0.4049   0.5000E+01  0.3145E-02 -0.5000E+01  0.0000E+00      -1  -0.200E+00   19.96
  91   -90.0000     -10.770 0.4049   0.5000E+01  0.3145E-02 -0.5000E+01  0.0000E+00      -1  -0.200E+00   19.96
  92   -91.0000     -10.770 0.4049   0.5000E+01  0.3145E-02 -0.5000E+01  0.0000E+00      -1  -0.200E+00   19.96
  93   -92.0000     -10.770 0.4049   0.5000E+01  0.3145E-02 -0.5000E+01  0.0000E+00      -1  -0.200E+00   19.96
  94   -93.0000     -10.770 0.4049   0.5000E+01  0.3145E-02 -0.5000E+01  0.0000E+00      -1  -0.200E+00   19.95
  95   -94.0000     -10.770 0.4049   0.5000E+01  0.3145E-02 -0.5000E+01  0.0000E+00      -1  -0.200E+00   19.95
  96   -95.0000     -10.770 0.4049   0.5000E+01  0.3145E-02 -0.5000E+01  0.0000E+00      -1  -0.200E+00   19.95
  97   -96.0000     -10.770 0.4049   0.5000E+01  0.3145E-02 -0.5000E+01  0.0000E+00      -1  -0.200E+00   19.95
  98   -97.0000     -10.770 0.4049   0.5000E+01  0.3145E-02 -0.5000E+01  0.0000E+00      -1  -0.200E+00   19.95
  99   -98.0000     -10.770 0.4049   0.5000E+01  0.3145E-02 -0.5000E+01  0.0000E+00      -1  -0.200E+00   19.95
 100   -99.0000     -10.770 0.4049   0.5000E+01  0.3145E-02 -0.5000E+01  0.0000E+00      -1  -0.200E+00   19.95
 101  -100.0000     -10.770 0.4049   0.5000E+01  0.3145E-02 -0.5000E+01  0.0000E+00      -1  -0.200E+00   19.95
end


 Time:        3.7500


 Node      Depth      Head Moisture       K          C         Flux        Sink         Kappa   v/KsTop   Temp
           [L]        [L]    [-]        [L/T]      [1/L]      [L/T]        [1/T]         [-]      [-]      [C]

   1     0.0000     -10.770 0.4049   0.5000E+01  0.3145E-02 -0.5000E+01  0.0000E+00      -1  -0.200E+00   22.59
   2    -1.0000     -10.770 0.4049   0.5000E+01  0.3145E-02 -0.5000E+01  0.0000E+00      -1  -0.200E+00   23.13
   3    -2.0000     -10.770 0.4049   0.5000E+01  0.3145E-02 -0.5000E+01  0.0000E+00      -1  -0.200E+00   23.56
   4    -3.0000     -10.770 0.4049   0.5000E+01  0.3145E-02 -0.5000E+01  0.0000E+00      -1  -0.200E+00   23.89
   5    -4.0000     -10.770 0.4049   0.5000E+01  0.3145E-02 -0.5000E+01  0.0000E+00      -1  -0.200E+00   24.13
   6    -5.0000     -10.770 0.4049   0.5000E+01  0.3145E-02 -0.5000E+01  0.0000E+00      -1  -0.200E+00   24.29
   7    -6.0000     -10.770 0.4049   0.5000E+01  0.3145E-02 -0.5000E+01  0.0000E+00      -1  -0.200E+00   24.38
   8    -7.0000     -10.770 0.4049   0.5000E+01  0.3145E-02 -0.5000E+01  0.0000E+00      -1  -0.200E+00   24.40
   9    -8.0000     -10.770 0.4049   0.5000E+01  0.3145E-02 -0.5000E+01  0.0000E+00      -1  -0.200E+00   24.37
  10    -9.0000     -10.770 0.4049   0.5000E+01  0.3145E-02 -0.5000E+01  0.0000E+00      -1  -0.200E+00   24.30
  11   -10.0000     -10.770 0.4049   0.5000E+01  0.3145E-02 -0.5000E+01  0.0000E+00      -1  -0.200E+00   24.19
  12   -11.0000     -10.770 0.4049   0.5000E+01  0.3145E-02 -0.5000E+01  0.0000E+00      -1  -0.200E+00   24.04
  13   -12.0000     -10.770 0.4049   0.5000E+01  0.3145E-02 -0.5000E+01  0.0000E+00      -1  -0.200E+00   23.87
  14   -13.0000     -10.770 0.4049   0.5000E+01  0.3145E-02 -0.5000E+01  0.0000E+00      -1  -0.200E+00   23.68
  15   -14.0000     -10.770 0.4049   0.5000E+01  0.3145E-02 -0.5000E+01  0.0000E+00      -1  -0.200E+00   23.47
  16   -15.0000     -10.770 0.4049   0.5000E+01  0.3145E-02 -0.5000E+01  0.0000E+00      -1  -0.200E+00   23.26
  17   -16.0000     -10.770 0.4049   0.5000E+01  0.3145E-02 -0.5000E+01  0.0000E+00      -1  -0.200E+00   23.03
  18   -17.0000     -10.770 0.4049   0.5000E+01  0.3145E-02 -0.5000E+01  0.0000E+00      -1  -0.200E+00   22.80
  19   -18.0000     -10.770 0.4049   0.5000E+01  0.3145E-02 -0.5000E+01  0.0000E+00      -1  -0.200E+00   22.57
  20   -19.0000     -10.770 0.4049   0.5000E+01  0.3145E-02 -0.5000E+01  0.0000E+00      -1  -0.200E+00   22.35
  21   -20.0000     -10.770 0.4049   0.5000E+01  0.3145E-02 -0.5000E+01  0.0000E+00      -1  -0.200E+00   22.12
  22   -21.0000     -10.770 0.4049   0.5000E+01  0.3145E-02 -0.5000E+01  0.0000E+00      -1  -0.200E+00   21.91
  23   -22.0000     -10.770 0.4049   0.5000E+01  0.3145E-02 -0.5000E+01  0.0000E+00      -1  -0.200E+00   21.70
  24   -23.0000     -10.770 0.4049   0.5000E+01  0.3145E-02 -0.5000E+01  0.0000E+00      -1  -0.200E+00   21.50
  25   -24.0000     -10.770 0.4049   0.5000E+01  0.3145E-02 -0.5000E+01  0.0000E+00      -1  -0.200E+00   21.31
  26   -25.0000     -10.770 0.4049   0.5000E+01  0.3145E-02 -0.5000E+01  0.0000E+00      -1  -0.200E+00   21.13
  27   -26.0000     -10.770 0.4049   0.5000E+01  0.3145E-02 -0.5000E+01  0.0000E+00      -1  -0.200E+00   20.97
  28   -27.0000     -10.770 0.4049   0.5000E+01  0.3145E-02 -0.5000E+01  0.0000E+00      -1  -0.200E+00   20.81
  29   -28.0000     -10.770 0.4049   0.5000E+01  0.3145E-02 -0.5000E+01  0.0000E+00      -1  -0.200E+00   20.67
  30   -29.0000     -10.770 0.4049   0.5000E+01  0.3145E-02 -0.5000E+01  0.0000E+00      -1  -0.200E+00   20.54
  31   -30.0000     -10.770 0.4049   0.5000E+01  0.3145E-02 -0.5000E+01  0.0000E+00      -1  -0.200E+00   20.42
  32   -31.0000     -10.770 0.4049   0.5000E+01  0.3145E-02 -0.5000E+01  0.0000E+00      -1  -0.200E+00   20.31
  33   -32.0000     -10.770 0.4049   0.5000E+01  0.3145E-02 -0.5000E+01  0.0000E+00      -1  -0.200E+00   20.21
  34   -33.0000     -10.770 0.4049   0.5000E+01  0.3145E-02 -0.5000E+01  0.0000E+00      -1  -0.200E+00   20.13
  35   -34.0000     -10.770 0.4049   0.5000E+01  0.3145E-02 -0.5000E+01  0.0000E+00      -1  -0.200E+00   20.05
  36   -35.0000     -10.770 0.4049   0.5000E+01  0.3145E-02 -0.5000E+01  0.0000E+00      -1  -0.200E+00   19.99
  37   -36.0000     -10.770 0.4049   0.5000E+01  0.3145E-02 -0.5000E+01  0.0000E+00      -1  -0.200E+00   19.93
  38   -37.0000     -10.770 0.4049   0.5000E+01  0.3145E-02 -0.5000E+01  0.0000E+00      -1  -0.200E+00   19.88
  39   -38.0000     -10.770 0.4049   0.5000E+01  0.3145E-02 -0.5000E+01  0.0000E+00      -1  -0.200E+00   19.84
  40   -39.0000     -10.770 0.4049   0.5000E+01  0.3145E-02 -0.5000E+01  0.0000E+00      -1  -0.200E+00   19.80
  41   -40.0000     -10.770 0.4049   0.5000E+01  0.3145E-02 -0.5000E+01  0.0000E+00      -1  -0.200E+00   19.78
  42   -41.0000     -10.770 0.4049   0.5000E+01  0.3145E-02 -0.5000E+01  0.0000E+00      -1  -0.200E+00   19.75
  43   -42.0000     -10.770 0.4049   0.5000E+01  0.3145E-02 -0.5000E+01  0.0000E+00      -1  -0.200E+00   19.74
  44   -43.0000     -10.770 0.4049   0.5000E+01  0.3145E-02 -0.5000E+01  0.0000E+00      -1  -0.200E+00   19.73
  45   -44.0000     -10.770 0.4049   0.5000E+01  0.3145E-02 -0.5000E+01  0.0000E+00      -1  -0.200E+00   19.72
  46   -45.0000     -10.770 0.4049   0.5000E+01  0.3145E-02 -0.5000E+01  0.0000E+00      -1  -0.200E+00   19.72
  47   -46.0000     -10.770 0.4049   0.5000E+01  0.3145E-02 -0.5000E+01  0.0000E+00      -1  -0.200E+00   19.72
  48   -47.0000     -10.770 0.4049   0.5000E+01  0.3145E-02 -0.5000E+01  0.0000E+00      -1  -0.200E+00   19.72
  49   -48.0000     -10.770 0.4049   0.5000E+01  0.3145E-02 -0.5000E+01  0.0000E+00      -1  -0.200E+00   19.72
  50   -49.0000     -10.770 0.4049   0.5000E+01  0.3145E-02 -0.5000E+01  0.0000E+00      -1  -0.200E+00   19.73
  51   -50.0000     -10.770 0.4049   0.5000E+01  0.3145E-02 -0.5000E+01  0.0000E+00      -1  -0.200E+00   19.74
  52   -51.0000     -10.770 0.4049   0.5000E+01  0.3145E-02 -0.5000E+01  0.0000E+00      -1  -0.200E+00   19.75
  53   -52.0000     -10.770 0.4049   0.5000E+01  0.3145E-02 -0.5000E+01  0.0000E+00      -1  -0.200E+00   19.76
  54   -53.0000     -10.770 0.4049   0.5000E+01  0.3145E-02 -0.5000E+01  0.0000E+00      -1  -0.200E+00   19.77
  55   -54.0000     -10.770 0.4049   0.5000E+01  0.3145E-02 -0.5000E+01  0.0000E+00      -1  -0.200E+00   19.79
  56   -55.0000     -10.770 0.4049   0.5000E+01  0.3145E-02 -0.5000E+01  0.0000E+00      -1  -0.200E+00   19.80
  57   -56.0000     -10.770 0.4049   0.5000E+01  0.3145E-02 -0.5000E+01  0.0000E+00      -1  -0.200E+00   19.81
  58   -57.0000     -10.770 0.4049   0.5000E+01  0.3145E-02 -0.5000E+01  0.0000E+00      -1  -0.200E+00   19.82
  59   -58.0000     -10.770 0.4049   0.5000E+01  0.3145E-02 -0.5000E+01  0.0000E+00      -1  -0.200E+00   19.84
  60   -59.0000     -10.770 0.4049   0.5000E+01  0.3145E-02 -0.5000E+01  0.0000E+00      -1  -0.200E+00   19.85
  61   -60.0000     -10.770 0.4049   0.5000E+01  0.3145E-02 -0.5000E+01  0.0000E+00      -1  -0.200E+00   19.86
  62   -61.0000     -10.770 0.4049   0.5000E+01  0.3145E-02 -0.5000E+01  0.0000E+00      -1  -0.200E+00   19.87
  63   -62.0000     -10.770 0.4049   0.5000E+01  0.3145E-02 -0.5000E+01  0.0000E+00      -1  -0.200E+00   19.88
  64   -63.0000     -10.770 0.4049   0.5000E+01  0.3145E-02 -0.5000E+01  0.0000E+00      -1  -0.200E+00   19.89
  65   -64.0000     -10.770 0.4049   0.5000E+01  0.3145E-02 -0.5000E+01  0.0000E+00      -1  -0.200E+00   19.90
  66   -65.0000     -10.770 0.4049   0.5000E+01  0.3145E-02 -0.5000E+01  0.0000E+00      -1  -0.200E+00   19.91
  67   -66.0000     -10.770 0.4049   0.5000E+01  0.3145E-02 -0.5000E+01  0.0000E+00      -1  -0.200E+00   19.92
  68   -67.0000     -10.770 0.4049   0.5000E+01  0.3145E-02 -0.5000E+01  0.0000E+00      -1  -0.200E+00   19.92
  69   -68.0000     -10.770 0.4049   0.5000E+01  0.3145E-02 -0.5000E+01  0.0000E+00      -1  -0.200E+00   19.93
  70   -69.0000     -10.770 0.4049   0.5000E+01  0.3145E-02 -0.5000E+01  0.0000E+00      -1  -0.200E+00   19.94
  71   -70.0000     -10.770 0.4049   0.5000E+01  0.3145E-02 -0.5000E+01  0.0000E+00      -1  -0.200E+00   19.94
  72   -71.0000     -10.770 0.4049   0.5000E+01  0.3145E-02 -0.5000E+01  0.0000E+00      -1  -0.200E+00   19.95
  73   -72.0000     -10.770 0.4049   0.5000E+01  0.3145E-02 -0.5000E+01  0.0000E+00      -1  -0.200E+00   19.95
  74   -73.0000     -10.770 0.4049   0.5000E+01  0.3145E-02 -0.5000E+01  0.0000E+00      -1  -0.200E+00   19.95
  75   -74.0000     -10.770 0.4049   0.5000E+01  0.3145E-02 -0.5000E+01  0.0000E+00      -1  -0.200E+00   19.96
  76   -75.0000     -10.770 0.4049   0.5000E+01  0.3145E-02 -0.5000E+01  0.0000E+00      -1  -0.200E+00   19.96
  77   -76.0000     -10.770 0.4049   0.5000E+01  0.3145E-02 -0.5000E+01  0.0000E+00      -1  -0.200E+00   19.96
  78   -77.0000     -10.770 0.4049   0.5000E+01  0.3145E-02 -0.5000E+01  0.0000E+00      -1  -0.200E+00   19.96
  79   -78.0000     -10.770 0.4049   0.5000E+01  0.3145E-02 -0.5000E+01  0.0000E+00      -1  -0.200E+00   19.96
  80   -79.0000     -10.770 0.4049   0.5000E+01  0.3145E-02 -0.5000E+01  0.0000E+00      -1  -0.200E+00   19.97
  81   -80.0000     -10.770 0.4049   0.5000E+01  0.3145E-02 -0.5000E+01  0.0000E+00      -1  -0.200E+00   19.97
  82   -81.0000     -10.770 0.4049   0.5000E+01  0.3145E-02 -0.5000E+01  0.0000E+00      -1  -0.200E+00   19.97
  83   -82.0000     -10.770 0.4049   0.5000E+01  0.3145E-02 -0.5000E+01  0.0000E+00      -1  -0.200E+00   19.97
  84   -83.0000     -10.770 0.4049   0.5000E+01  0.3145E-02 -0.5000E+01  0.0000E+00      -1  -0.200E+00   19.97
  85   -84.0000     -10.770 0.4049   0.5000E+01  0.3145E-02 -0.5000E+01  0.0000E+00      -1  -0.200E+00   19.97
  86   -85.0000     -10.770 0.4049   0.5000E+01  0.3145E-02 -0.5000E+01  0.0000E+00      -1  -0.200E+00   19.97
  87   -86.0000     -10.770 0.4049   0.5000E+01  0.3145E-02 -0.5000E+01  0.0000E+00      -1  -0.200E+00   19.97
  88   -87.0000     -10.770 0.4049   0.5000E+01  0.3145E-02 -0.5000E+01  0.0000E+00      -1  -0.200E+00   19.97
  89   -88.0000     -10.770 0.4049   0.5000E+01  0.3145E-02 -0.5000E+01  0.0000E+00      -1  -0.200E+00   19.96
  90   -89.0000     -10.770 0.4049   0.5000E+01  0.3145E-02 -0.5000E+01  0.0000E+00      -1  -0.200E+00   19.96
  91   -90.0000     -10.770 0.4049   0.5000E+01  0.3145E-02 -0.5000E+01  0.0000E+00      -1  -0.200E+00   19.96
  92   -91.0000     -10.770 0.4049   0.5000E+01  0.3145E-02 -0.5000E+01  0.0000E+00      -1  -0.200E+00   19.96
  93   -92.0000     -10.770 0.4049   0.5000E+01  0.3145E-02 -0.5000E+01  0.0000E+00      -1  -0.200E+00   19.96
  94   -93.0000     -10.770 0.4049   0.5000E+01  0.3145E-02 -0.5000E+01  0.0000E+00      -1  -0.200E+00   19.96
  95   -94.0000     -10.770 0.4049   0.5000E+01  0.3145E-02 -0.5000E+01  0.0000E+00      -1  -0.200E+00   19.96
  96   -95.0000     -10.770 0.4049   0.5000E+01  0.3145E-02 -0.5000E+01  0.0000E+00      -1  -0.200E+00   19.96
  97   -96.0000     -10.770 0.4049   0.5000E+01  0.3145E-02 -0.5000E+01  0.0000E+00      -1  -0.200E+00   19.96
  98   -97.0000     -10.770 0.4049   0.5000E+01  0.3145E-02 -0.5000E+01  0.0000E+00      -1  -0.200E+00   19.96
  99   -98.0000     -10.770 0.4049   0.5000E+01  0.3145E-02 -0.5000E+01  0.0000E+00      -1  -0.200E+00   19.96
 100   -99.0000     -10.770 0.4049   0.5000E+01  0.3145E-02 -0.5000E+01  0.0000E+00      -1  -0.200E+00   19.96
 101  -100.0000     -10.770 0.4049   0.5000E+01  0.3145E-02 -0.5000E+01  0.0000E+00      -1  -0.200E+00   19.96
end


 Time:        3.8750


 Node      Depth      Head Moisture       K          C         Flux        Sink         Kappa   v/KsTop   Temp
           [L]        [L]    [-]        [L/T]      [1/L]      [L/T]        [1/T]         [-]      [-]      [C]

   1     0.0000     -10.770 0.4049   0.5000E+01  0.3145E-02 -0.5000E+01  0.0000E+00      -1  -0.200E+00   15.00
   2    -1.0000     -10.770 0.4049   0.5000E+01  0.3145E-02 -0.5000E+01  0.0000E+00      -1  -0.200E+00   16.03
   3    -2.0000     -10.770 0.4049   0.5000E+01  0.3145E-02 -0.5000E+01  0.0000E+00      -1  -0.200E+00   16.97
   4    -3.0000     -10.770 0.4049   0.5000E+01  0.3145E-02 -0.5000E+01  0.0000E+00      -1  -0.200E+00   17.81
   5    -4.0000     -10.770 0.4049   0.5000E+01  0.3145E-02 -0.5000E+01  0.0000E+00      -1  -0.200E+00   18.55
   6    -5.0000     -10.770 0.4049   0.5000E+01  0.3145E-02 -0.5000E+01  0.0000E+00      -1  -0.200E+00   19.22
   7    -6.0000     -10.770 0.4049   0.5000E+01  0.3145E-02 -0.5000E+01  0.0000E+00      -1  -0.200E+00   19.79
   8    -7.0000     -10.770 0.4049   0.5000E+01  0.3145E-02 -0.5000E+01  0.0000E+00      -1  -0.200E+00   20.29
   9    -8.0000     -10.770 0.4049   0.5000E+01  0.3145E-02 -0.5000E+01  0.0000E+00      -1  -0.200E+00   20.72
  10    -9.0000     -10.770 0.4049   0.5000E+01  0.3145E-02 -0.5000E+01  0.0000E+00      -1  -0.200E+00   21.08
  11   -10.0000     -10.770 0.4049   0.5000E+01  0.3145E-02 -0.5000E+01  0.0000E+00      -1  -0.200E+00   21.38
  12   -11.0000     -10.770 0.4049   0.5000E+01  0.3145E-02 -0.5000E+01  0.0000E+00      -1  -0.200E+00   21.62
  13   -12.0000     -10.770 0.4049   0.5000E+01  0.3145E-02 -0.5000E+01  0.0000E+00      -1  -0.200E+00   21.81
  14   -13.0000     -10.770 0.4049   0.5000E+01  0.3145E-02 -0.5000E+01  0.0000E+00      -1  -0.200E+00   21.95
  15   -14.0000     -10.770 0.4049   0.5000E+01  0.3145E-02 -0.5000E+01  0.0000E+00      -1  -0.200E+00   22.05
  16   -15.0000     -10.770 0.4049   0.5000E+01  0.3145E-02 -0.5000E+01  0.0000E+00      -1  -0.200E+00   22.12
  17   -16.0000     -10.770 0.4049   0.5000E+01  0.3145E-02 -0.5000E+01  0.0000E+00      -1  -0.200E+00   22.15
  18   -17.0000     -10.770 0.4049   0.5000E+01  0.3145E-02 -0.5000E+01  0.0000E+00      -1  -0.200E+00   22.15
  19   -18.0000     -10.770 0.4049   0.5000E+01  0.3145E-02 -0.5000E+01  0.0000E+00      -1  -0.200E+00   22.12
  20   -19.0000     -10.770 0.4049   0.5000E+01  0.3145E-02 -0.5000E+01  0.0000E+00      -1  -0.200E+00   22.08
  21   -20.0000     -10.770 0.4049   0.5000E+01  0.3145E-02 -0.5000E+01  0.0000E+00      -1  -0.200E+00   22.02
  22   -21.0000     -10.770 0.4049   0.5000E+01  0.3145E-02 -0.5000E+01  0.0000E+00      -1  -0.200E+00   21.94
  23   -22.0000     -10.770 0.4049   0.5000E+01  0.3145E-02 -0.5000E+01  0.0000E+00      -1  -0.200E+00   21.85
  24   -23.0000     -10.770 0.4049   0.5000E+01  0.3145E-02 -0.5000E+01  0.0000E+00      -1  -0.200E+00   21.75
  25   -24.0000     -10.770 0.4049   0.5000E+01  0.3145E-02 -0.5000E+01  0.0000E+00      -1  -0.200E+00   21.65
  26   -25.0000     -10.770 0.4049   0.5000E+01  0.3145E-02 -0.5000E+01  0.0000E+00      -1  -0.200E+00   21.54
  27   -26.0000     -10.770 0.4049   0.5000E+01  0.3145E-02 -0.5000E+01  0.0000E+00      -1  -0.200E+00   21.43
  28   -27.0000     -10.770 0.4049   0.5000E+01  0.3145E-02 -0.5000E+01  0.0000E+00      -1  -0.200E+00   21.32
  29   -28.0000     -10.770 0.4049   0.5000E+01  0.3145E-02 -0.5000E+01  0.0000E+00      -1  -0.200E+00   21.20
  30   -29.0000     -10.770 0.4049   0.5000E+01  0.3145E-02 -0.5000E+01  0.0000E+00      -1  -0.200E+00   21.09
  31   -30.0000     -10.770 0.4049   0.5000E+01  0.3145E-02 -0.5000E+01  0.0000E+00      -1  -0.200E+00   20.98
  32   -31.0000     -10.770 0.4049   0.5000E+01  0.3145E-02 -0.5000E+01  0.0000E+00      -1  -0.200E+00   20.88
  33   -32.0000     -10.770 0.4049   0.5000E+01  0.3145E-02 -0.5000E+01  0.0000E+00      -1  -0.200E+00   20.78
  34   -33.0000     -10.770 0.4049   0.5000E+01  0.3145E-02 -0.5000E+01  0.0000E+00      -1  -0.200E+00   20.68
  35   -34.0000     -10.770 0.4049   0.5000E+01  0.3145E-02 -0.5000E+01  0.0000E+00      -1  -0.200E+00   20.59
  36   -35.0000     -10.770 0.4049   0.5000E+01  0.3145E-02 -0.5000E+01  0.0000E+00      -1  -0.200E+00   20.51
  37   -36.0000     -10.770 0.4049   0.5000E+01  0.3145E-02 -0.5000E+01  0.0000E+00      -1  -0.200E+00   20.43
  38   -37.0000     -10.770 0.4049   0.5000E+01  0.3145E-02 -0.5000E+01  0.0000E+00      -1  -0.200E+00   20.35
  39   -38.0000     -10.770 0.4049   0.5000E+01  0.3145E-02 -0.5000E+01  0.0000E+00      -1  -0.200E+00   20.29
  40   -39.0000     -10.770 0.4049   0.5000E+01  0.3145E-02 -0.5000E+01  0.0000E+00      -1  -0.200E+00   20.22
  41   -40.0000     -10.770 0.4049   0.5000E+01  0.3145E-02 -0.5000E+01  0.0000E+00      -1  -0.200E+00   20.17
  42   -41.0000     -10.770 0.4049   0.5000E+01  0.3145E-02 -0.5000E+01  0.0000E+00      -1  -0.200E+00   20.12
  43   -42.0000     -10.770 0.4049   0.5000E+01  0.3145E-02 -0.5000E+01  0.0000E+00      -1  -0.200E+00   20.07
  44   -43.0000     -10.770 0.4049   0.5000E+01  0.3145E-02 -0.5000E+01  0.0000E+00      -1  -0.200E+00   20.03
  45   -44.0000     -10.770 0.4049   0.5000E+01  0.3145E-02 -0.5000E+01  0.0000E+00      -1  -0.200E+00   19.99
  46   -45.0000     -10.770 0.4049   0.5000E+01  0.3145E-02 -0.5000E+01  0.0000E+00      -1  -0.200E+00   19.96
  47   -46.0000     -10.770 0.4049   0.5000E+01  0.3145E-02 -0.5000E+01  0.0000E+00      -1  -0.200E+00   19.94
  48   -47.0000     -10.770 0.4049   0.5000E+01  0.3145E-02 -0.5000E+01  0.0000E+00      -1  -0.200E+00   19.91
  49   -48.0000     -10.770 0.4049   0.5000E+01  0.3145E-02 -0.5000E+01  0.0000E+00      -1  -0.200E+00   19.90
  50   -49.0000     -10.770 0.4049   0.5000E+01  0.3145E-02 -0.5000E+01  0.0000E+00      -1  -0.200E+00   19.88
  51   -50.0000     -10.770 0.4049   0.5000E+01  0.3145E-02 -0.5000E+01  0.0000E+00      -1  -0.200E+00   19.87
  52   -51.0000     -10.770 0.4049   0.5000E+01  0.3145E-02 -0.5000E+01  0.0000E+00      -1  -0.200E+00   19.86
  53   -52.0000     -10.770 0.4049   0.5000E+01  0.3145E-02 -0.5000E+01  0.0000E+00      -1  -0.200E+00   19.85
  54   -53.0000     -10.770 0.4049   0.5000E+01  0.3145E-02 -0.5000E+01  0.0000E+00      -1  -0.200E+00   19.85
  55   -54.0000     -10.770 0.4049   0.5000E+01  0.3145E-02 -0.5000E+01  0.0000E+00      -1  -0.200E+00   19.84
  56   -55.0000     -10.770 0.4049   0.5000E+01  0.3145E-02 -0.5000E+01  0.0000E+00      -1  -0.200E+00   19.84
  57   -56.0000     -10.770 0.4049   0.5000E+01  0.3145E-02 -0.5000E+01  0.0000E+00      -1  -0.200E+00   19.84
  58   -57.0000     -10.770 0.4049   0.5000E+01  0.3145E-02 -0.5000E+01  0.0000E+00      -1  -0.200E+00   19.84
  59   -58.0000     -10.770 0.4049   0.5000E+01  0.3145E-02 -0.5000E+01  0.0000E+00      -1  -0.200E+00   19.85
  60   -59.0000     -10.770 0.4049   0.5000E+01  0.3145E-02 -0.5000E+01  0.0000E+00      -1  -0.200E+00   19.85
  61   -60.0000     -10.770 0.4049   0.5000E+01  0.3145E-02 -0.5000E+01  0.0000E+00      -1  -0.200E+00   19.85
  62   -61.0000     -10.770 0.4049   0.5000E+01  0.3145E-02 -0.5000E+01  0.0000E+00      -1  -0.200E+00   19.86
  63   -62.0000     -10.770 0.4049   0.5000E+01  0.3145E-02 -0.5000E+01  0.0000E+00      -1  -0.200E+00   19.86
  64   -63.0000     -10.770 0.4049   0.5000E+01  0.3145E-02 -0.5000E+01  0.0000E+00      -1  -0.200E+00   19.87
  65   -64.0000     -10.770 0.4049   0.5000E+01  0.3145E-02 -0.5000E+01  0.0000E+00      -1  -0.200E+00   19.88
  66   -65.0000     -10.770 0.4049   0.5000E+01  0.3145E-02 -0.5000E+01  0.0000E+00      -1  -0.200E+00   19.88
  67   -66.0000     -10.770 0.4049   0.5000E+01  0.3145E-02 -0.5000E+01  0.0000E+00      -1  -0.200E+00   19.89
  68   -67.0000     -10.770 0.4049   0.5000E+01  0.3145E-02 -0.5000E+01  0.0000E+00      -1  -0.200E+00   19.89
  69   -68.0000     -10.770 0.4049   0.5000E+01  0.3145E-02 -0.5000E+01  0.0000E+00      -1  -0.200E+00   19.90
  70   -69.0000     -10.770 0.4049   0.5000E+01  0.3145E-02 -0.5000E+01  0.0000E+00      -1  -0.200E+00   19.90
  71   -70.0000     -10.770 0.4049   0.5000E+01  0.3145E-02 -0.5000E+01  0.0000E+00      -1  -0.200E+00   19.91
  72   -71.0000     -10.770 0.4049   0.5000E+01  0.3145E-02 -0.5000E+01  0.0000E+00      -1  -0.200E+00   19.92
  73   -72.0000     -10.770 0.4049   0.5000E+01  0.3145E-02 -0.5000E+01  0.0000E+00      -1  -0.200E+00   19.92
  74   -73.0000     -10.770 0.4049   0.5000E+01  0.3145E-02 -0.5000E+01  0.0000E+00      -1  -0.200E+00   19.92
  75   -74.0000     -10.770 0.4049   0.5000E+01  0.3145E-02 -0.5000E+01  0.0000E+00      -1  -0.200E+00   19.93
  76   -75.0000     -10.770 0.4049   0.5000E+01  0.3145E-02 -0.5000E+01  0.0000E+00      -1  -0.200E+00   19.93
  77   -76.0000     -10.770 0.4049   0.5000E+01  0.3145E-02 -0.5000E+01  0.0000E+00      -1  -0.200E+00   19.94
  78   -77.0000     -10.770 0.4049   0.5000E+01  0.3145E-02 -0.5000E+01  0.0000E+00      -1  -0.200E+00   19.94
  79   -78.0000     -10.770 0.4049   0.5000E+01  0.3145E-02 -0.5000E+01  0.0000E+00      -1  -0.200E+00   19.94
  80   -79.0000     -10.770 0.4049   0.5000E+01  0.3145E-02 -0.5000E+01  0.0000E+00      -1  -0.200E+00   19.95
  81   -80.0000     -10.770 0.4049   0.5000E+01  0.3145E-02 -0.5000E+01  0.0000E+00      -1  -0.200E+00   19.95
  82   -81.0000     -10.770 0.4049   0.5000E+01  0.3145E-02 -0.5000E+01  0.0000E+00      -1  -0.200E+00   19.95
  83   -82.0000     -10.770 0.4049   0.5000E+01  0.3145E-02 -0.5000E+01  0.0000E+00      -1  -0.200E+00   19.95
  84   -83.0000     -10.770 0.4049   0.5000E+01  0.3145E-02 -0.5000E+01  0.0000E+00      -1  -0.200E+00   19.95
  85   -84.0000     -10.770 0.4049   0.5000E+01  0.3145E-02 -0.5000E+01  0.0000E+00      -1  -0.200E+00   19.96
  86   -85.0000     -10.770 0.4049   0.5000E+01  0.3145E-02 -0.5000E+01  0.0000E+00      -1  -0.200E+00   19.96
  87   -86.0000     -10.770 0.4049   0.5000E+01  0.3145E-02 -0.5000E+01  0.0000E+00      -1  -0.200E+00   19.96
  88   -87.0000     -10.770 0.4049   0.5000E+01  0.3145E-02 -0.5000E+01  0.0000E+00      -1  -0.200E+00   19.96
  89   -88.0000     -10.770 0.4049   0.5000E+01  0.3145E-02 -0.5000E+01  0.0000E+00      -1  -0.200E+00   19.96
  90   -89.0000     -10.770 0.4049   0.5000E+01  0.3145E-02 -0.5000E+01  0.0000E+00      -1  -0.200E+00   19.96
  91   -90.0000     -10.770 0.4049   0.5000E+01  0.3145E-02 -0.5000E+01  0.0000E+00      -1  -0.200E+00   19.96
  92   -91.0000     -10.770 0.4049   0.5000E+01  0.3145E-02 -0.5000E+01  0.0000E+00      -1  -0.200E+00   19.96
  93   -92.0000     -10.770 0.4049   0.5000E+01  0.3145E-02 -0.5000E+01  0.0000E+00      -1  -0.200E+00   19.96
  94   -93.0000     -10.770 0.4049   0.5000E+01  0.3145E-02 -0.5000E+01  0.0000E+00      -1  -0.200E+00   19.96
  95   -94.0000     -10.770 0.4049   0.5000E+01  0.3145E-02 -0.5000E+01  0.0000E+00      -1  -0.200E+00   19.96
  96   -95.0000     -10.770 0.4049   0.5000E+01  0.3145E-02 -0.5000E+01  0.0000E+00      -1  -0.200E+00   19.96
  97   -96.0000     -10.770 0.4049   0.5000E+01  0.3145E-02 -0.5000E+01  0.0000E+00      -1  -0.200E+00   19.96
  98   -97.0000     -10.770 0.4049   0.5000E+01  0.3145E-02 -0.5000E+01  0.0000E+00      -1  -0.200E+00   19.96
  99   -98.0000     -10.770 0.4049   0.5000E+01  0.3145E-02 -0.5000E+01  0.0000E+00      -1  -0.200E+00   19.96
 100   -99.0000     -10.770 0.4049   0.5000E+01  0.3145E-02 -0.5000E+01  0.0000E+00      -1  -0.200E+00   19.96
 101  -100.0000     -10.770 0.4049   0.5000E+01  0.3145E-02 -0.5000E+01  0.0000E+00      -1  -0.200E+00   19.96
end


 Time:        4.0000


 Node      Depth      Head Moisture       K          C         Flux        Sink         Kappa   v/KsTop   Temp
           [L]        [L]    [-]        [L/T]      [1/L]      [L/T]        [1/T]         [-]      [-]      [C]

   1     0.0000     -10.770 0.4049   0.5000E+01  0.3145E-02 -0.5000E+01  0.0000E+00      -1  -0.200E+00   10.34
   2    -1.0000     -10.770 0.4049   0.5000E+01  0.3145E-02 -0.5000E+01  0.0000E+00      -1  -0.200E+00   11.26
   3    -2.0000     -10.770 0.4049   0.5000E+01  0.3145E-02 -0.5000E+01  0.0000E+00      -1  -0.200E+00   12.15
   4    -3.0000     -10.770 0.4049   0.5000E+01  0.3145E-02 -0.5000E+01  0.0000E+00      -1  -0.200E+00   13.01
   5    -4.0000     -10.770 0.4049   0.5000E+01  0.3145E-02 -0.5000E+01  0.0000E+00      -1  -0.200E+00   13.83
   6    -5.0000     -10.770 0.4049   0.5000E+01  0.3145E-02 -0.5000E+01  0.0000E+00      -1  -0.200E+00   14.60
   7    -6.0000     -10.770 0.4049   0.5000E+01  0.3145E-02 -0.5000E+01  0.0000E+00      -1  -0.200E+00   15.33
   8    -7.0000     -10.770 0.4049   0.5000E+01  0.3145E-02 -0.5000E+01  0.0000E+00      -1  -0.200E+00   16.01
   9    -8.0000     -10.770 0.4049   0.5000E+01  0.3145E-02 -0.5000E+01  0.0000E+00      -1  -0.200E+00   16.64
  10    -9.0000     -10.770 0.4049   0.5000E+01  0.3145E-02 -0.5000E+01  0.0000E+00      -1  -0.200E+00   17.23
  11   -10.0000     -10.770 0.4049   0.5000E+01  0.3145E-02 -0.5000E+01  0.0000E+00      -1  -0.200E+00   17.76
  12   -11.0000     -10.770 0.4049   0.5000E+01  0.3145E-02 -0.5000E+01  0.0000E+00      -1  -0.200E+00   18.25
  13   -12.0000     -10.770 0.4049   0.5000E+01  0.3145E-02 -0.5000E+01  0.0000E+00      -1  -0.200E+00   18.69
  14   -13.0000     -10.770 0.4049   0.5000E+01  0.3145E-02 -0.5000E+01  0.0000E+00      -1  -0.200E+00   19.08
  15   -14.0000     -10.770 0.4049   0.5000E+01  0.3145E-02 -0.5000E+01  0.0000E+00      -1  -0.200E+00   19.43
  16   -15.0000     -10.770 0.4049   0.5000E+01  0.3145E-02 -0.5000E+01  0.0000E+00      -1  -0.200E+00   19.73
  17   -16.0000     -10.770 0.4049   0.5000E+01  0.3145E-02 -0.5000E+01  0.0000E+00      -1  -0.200E+00   20.00
  18   -17.0000     -10.770 0.4049   0.5000E+01  0.3145E-02 -0.5000E+01  0.0000E+00      -1  -0.200E+00   20.23
  19   -18.0000     -10.770 0.4049   0.5000E+01  0.3145E-02 -0.5000E+01  0.0000E+00      -1  -0.200E+00   20.42
  20   -19.0000     -10.770 0.4049   0.5000E+01  0.3145E-02 -0.5000E+01  0.0000E+00      -1  -0.200E+00   20.59
  21   -20.0000     -10.770 0.4049   0.5000E+01  0.3145E-02 -0.5000E+01  0.0000E+00      -1  -0.200E+00   20.72
  22   -21.0000     -10.770 0.4049   0.5000E+01  0.3145E-02 -0.5000E+01  0.0000E+00      -1  -0.200E+00   20.83
  23   -22.0000     -10.770 0.4049   0.5000E+01  0.3145E-02 -0.5000E+01  0.0000E+00      -1  -0.200E+00   20.91
  24   -23.0000     -10.770 0.4049   0.5000E+01  0.3145E-02 -0.5000E+01  0.0000E+00      -1  -0.200E+00   20.97
  25   -24.0000     -10.770 0.4049   0.5000E+01  0.3145E-02 -0.5000E+01  0.0000E+00      -1  -0.200E+00   21.01
  26   -25.0000     -10.770 0.4049   0.5000E+01  0.3145E-02 -0.5000E+01  0.0000E+00      -1  -0.200E+00   21.04
  27   -26.0000     -10.770 0.4049   0.5000E+01  0.3145E-02 -0.5000E+01  0.0000E+00      -1  -0.200E+00   21.04
  28   -27.0000     -10.770 0.4049   0.5000E+01  0.3145E-02 -0.5000E+01  0.0000E+00      -1  -0.200E+00   21.04
  29   -28.0000     -10.770 0.4049   0.5000E+01  0.3145E-02 -0.5000E+01  0.0000E+00      -1  -0.200E+00   21.02
  30   -29.0000     -10.770 0.4049   0.5000E+01  0.3145E-02 -0.5000E+01  0.0000E+00      -1  -0.200E+00   21.00
  31   -30.0000     -10.770 0.4049   0.5000E+01  0.3145E-02 -0.5000E+01  0.0000E+00      -1  -0.200E+00   20.96
  32   -31.0000     -10.770 0.4049   0.5000E+01  0.3145E-02 -0.5000E+01  0.0000E+00      -1  -0.200E+00   20.92
  33   -32.0000     -10.770 0.4049   0.5000E+01  0.3145E-02 -0.5000E+01  0.0000E+00      -1  -0.200E+00   20.88
  34   -33.0000     -10.770 0.4049   0.5000E+01  0.3145E-02 -0.5000E+01  0.0000E+00      -1  -0.200E+00   20.83
  35   -34.0000     -10.770 0.4049   0.5000E+01  0.3145E-02 -0.5000E+01  0.0000E+00      -1  -0.200E+00   20.77
  36   -35.0000     -10.770 0.4049   0.5000E+01  0.3145E-02 -0.5000E+01  0.0000E+00      -1  -0.200E+00   20.72
  37   -36.0000     -10.770 0.4049   0.5000E+01  0.3145E-02 -0.5000E+01  0.0000E+00      -1  -0.200E+00   20.66
  38   -37.0000     -10.770 0.4049   0.5000E+01  0.3145E-02 -0.5000E+01  0.0000E+00      -1  -0.200E+00   20.61
  39   -38.0000     -10.770 0.4049   0.5000E+01  0.3145E-02 -0.5000E+01  0.0000E+00      -1  -0.200E+00   20.55
  40   -39.0000     -10.770 0.4049   0.5000E+01  0.3145E-02 -0.5000E+01  0.0000E+00      -1  -0.200E+00   20.50
  41   -40.0000     -10.770 0.4049   0.5000E+01  0.3145E-02 -0.5000E+01  0.0000E+00      -1  -0.200E+00   20.45
  42   -41.0000     -10.770 0.4049   0.5000E+01  0.3145E-02 -0.5000E+01  0.0000E+00      -1  -0.200E+00   20.39
  43   -42.0000     -10.770 0.4049   0.5000E+01  0.3145E-02 -0.5000E+01  0.0000E+00      -1  -0.200E+00   20.35
  44   -43.0000     -10.770 0.4049   0.5000E+01  0.3145E-02 -0.5000E+01  0.0000E+00      -1  -0.200E+00   20.30
  45   -44.0000     -10.770 0.4049   0.5000E+01  0.3145E-02 -0.5000E+01  0.0000E+00      -1  -0.200E+00   20.26
  46   -45.0000     -10.770 0.4049   0.5000E+01  0.3145E-02 -0.5000E+01  0.0000E+00      -1  -0.200E+00   20.22
  47   -46.0000     -10.770 0.4049   0.5000E+01  0.3145E-02 -0.5000E+01  0.0000E+00      -1  -0.200E+00   20.18
  48   -47.0000     -10.770 0.4049   0.5000E+01  0.3145E-02 -0.5000E+01  0.0000E+00      -1  -0.200E+00   20.14
  49   -48.0000     -10.770 0.4049   0.5000E+01  0.3145E-02 -0.5000E+01  0.0000E+00      -1  -0.200E+00   20.11
  50   -49.0000     -10.770 0.4049   0.5000E+01  0.3145E-02 -0.5000E+01  0.0000E+00      -1  -0.200E+00   20.08
  51   -50.0000     -10.770 0.4049   0.5000E+01  0.3145E-02 -0.5000E+01  0.0000E+00      -1  -0.200E+00   20.05
  52   -51.0000     -10.770 0.4049   0.5000E+01  0.3145E-02 -0.5000E+01  0.0000E+00      -1  -0.200E+00   20.03
  53   -52.0000     -10.770 0.4049   0.5000E+01  0.3145E-02 -0.5000E+01  0.0000E+00      -1  -0.200E+00   20.01
  54   -53.0000     -10.770 0.4049   0.5000E+01  0.3145E-02 -0.5000E+01  0.0000E+00      -1  -0.200E+00   19.99
  55   -54.0000     -10.770 0.4049   0.5000E+01  0.3145E-02 -0.5000E+01  0.0000E+00      -1  -0.200E+00   19.97
  56   -55.0000     -10.770 0.4049   0.5000E+01  0.3145E-02 -0.5000E+01  0.0000E+00      -1  -0.200E+00   19.96
  57   -56.0000     -10.770 0.4049   0.5000E+01  0.3145E-02 -0.5000E+01  0.0000E+00      -1  -0.200E+00   19.94
  58   -57.0000     -10.770 0.4049   0.5000E+01  0.3145E-02 -0.5000E+01  0.0000E+00      -1  -0.200E+00   19.93
  59   -58.0000     -10.770 0.4049   0.5000E+01  0.3145E-02 -0.5000E+01  0.0000E+00      -1  -0.200E+00   19.92
  60   -59.0000     -10.770 0.4049   0.5000E+01  0.3145E-02 -0.5000E+01  0.0000E+00      -1  -0.200E+00   19.92
  61   -60.0000     -10.770 0.4049   0.5000E+01  0.3145E-02 -0.5000E+01  0.0000E+00      -1  -0.200E+00   19.91
  62   -61.0000     -10.770 0.4049   0.5000E+01  0.3145E-02 -0.5000E+01  0.0000E+00      -1  -0.200E+00   19.91
  63   -62.0000     -10.770 0.4049   0.5000E+01  0.3145E-02 -0.5000E+01  0.0000E+00      -1  -0.200E+00   19.90
  64   -63.0000     -10.770 0.4049   0.5000E+01  0.3145E-02 -0.5000E+01  0.0000E+00      -1  -0.200E+00   19.90
  65   -64.0000     -10.770 0.4049   0.5000E+01  0.3145E-02 -0.5000E+01  0.0000E+00      -1  -0.200E+00   19.90
  66   -65.0000     -10.770 0.4049   0.5000E+01  0.3145E-02 -0.5000E+01  0.0000E+00      -1  -0.200E+00   19.90
  67   -66.0000     -10.770 0.4049   0.5000E+01  0.3145E-02 -0.5000E+01  0.0000E+00      -1  -0.200E+00   19.90
  68   -67.0000     -10.770 0.4049   0.5000E+01  0.3145E-02 -0.5000E+01  0.0000E+00      -1  -0.200E+00   19.90
  69   -68.0000     -10.770 0.4049   0.5000E+01  0.3145E-02 -0.5000E+01  0.0000E+00      -1  -0.200E+00   19.90
  70   -69.0000     -10.770 0.4049   0.5000E+01  0.3145E-02 -0.5000E+01  0.0000E+00      -1  -0.200E+00   19.90
  71   -70.0000     -10.770 0.4049   0.5000E+01  0.3145E-02 -0.5000E+01  0.0000E+00      -1  -0.200E+00   19.91
  72   -71.0000     -10.770 0.4049   0.5000E+01  0.3145E-02 -0.5000E+01  0.0000E+00      -1  -0.200E+00   19.91
  73   -72.0000     -10.770 0.4049   0.5000E+01  0.3145E-02 -0.5000E+01  0.0000E+00      -1  -0.200E+00   19.91
  74   -73.0000     -10.770 0.4049   0.5000E+01  0.3145E-02 -0.5000E+01  0.0000E+00      -1  -0.200E+00   19.91
  75   -74.0000     -10.770 0.4049   0.5000E+01  0.3145E-02 -0.5000E+01  0.0000E+00      -1  -0.200E+00   19.92
  76   -75.0000     -10.770 0.4049   0.5000E+01  0.3145E-02 -0.5000E+01  0.0000E+00      -1  -0.200E+00   19.92
  77   -76.0000     -10.770 0.4049   0.5000E+01  0.3145E-02 -0.5000E+01  0.0000E+00      -1  -0.200E+00   19.92
  78   -77.0000     -10.770 0.4049   0.5000E+01  0.3145E-02 -0.5000E+01  0.0000E+00      -1  -0.200E+00   19.93
  79   -78.0000     -10.770 0.4049   0.5000E+01  0.3145E-02 -0.5000E+01  0.0000E+00      -1  -0.200E+00   19.93
  80   -79.0000     -10.770 0.4049   0.5000E+01  0.3145E-02 -0.5000E+01  0.0000E+00      -1  -0.200E+00   19.93
  81   -80.0000     -10.770 0.4049   0.5000E+01  0.3145E-02 -0.5000E+01  0.0000E+00      -1  -0.200E+00   19.93
  82   -81.0000     -10.770 0.4049   0.5000E+01  0.3145E-02 -0.5000E+01  0.0000E+00      -1  -0.200E+00   19.94
  83   -82.0000     -10.770 0.4049   0.5000E+01  0.3145E-02 -0.5000E+01  0.0000E+00      -1  -0.200E+00   19.94
  84   -83.0000     -10.770 0.4049   0.5000E+01  0.3145E-02 -0.5000E+01  0.0000E+00      -1  -0.200E+00   19.94
  85   -84.0000     -10.770 0.4049   0.5000E+01  0.3145E-02 -0.5000E+01  0.0000E+00      -1  -0.200E+00   19.94
  86   -85.0000     -10.770 0.4049   0.5000E+01  0.3145E-02 -0.5000E+01  0.0000E+00      -1  -0.200E+00   19.94
  87   -86.0000     -10.770 0.4049   0.5000E+01  0.3145E-02 -0.5000E+01  0.0000E+00      -1  -0.200E+00   19.95
  88   -87.0000     -10.770 0.4049   0.5000E+01  0.3145E-02 -0.5000E+01  0.0000E+00      -1  -0.200E+00   19.95
  89   -88.0000     -10.770 0.4049   0.5000E+01  0.3145E-02 -0.5000E+01  0.0000E+00      -1  -0.200E+00   19.95
  90   -89.0000     -10.770 0.4049   0.5000E+01  0.3145E-02 -0.5000E+01  0.0000E+00      -1  -0.200E+00   19.95
  91   -90.0000     -10.770 0.4049   0.5000E+01  0.3145E-02 -0.5000E+01  0.0000E+00      -1  -0.200E+00   19.95
  92   -91.0000     -10.770 0.4049   0.5000E+01  0.3145E-02 -0.5000E+01  0.0000E+00      -1  -0.200E+00   19.95
  93   -92.0000     -10.770 0.4049   0.5000E+01  0.3145E-02 -0.5000E+01  0.0000E+00      -1  -0.200E+00   19.95
  94   -93.0000     -10.770 0.4049   0.5000E+01  0.3145E-02 -0.5000E+01  0.0000E+00      -1  -0.200E+00   19.96
  95   -94.0000     -10.770 0.4049   0.5000E+01  0.3145E-02 -0.5000E+01  0.0000E+00      -1  -0.200E+00   19.96
  96   -95.0000     -10.770 0.4049   0.5000E+01  0.3145E-02 -0.5000E+01  0.0000E+00      -1  -0.200E+00   19.96
  97   -96.0000     -10.770 0.4049   0.5000E+01  0.3145E-02 -0.5000E+01  0.0000E+00      -1  -0.200E+00   19.96
  98   -97.0000     -10.770 0.4049   0.5000E+01  0.3145E-02 -0.5000E+01  0.0000E+00      -1  -0.200E+00   19.96
  99   -98.0000     -10.770 0.4049   0.5000E+01  0.3145E-02 -0.5000E+01  0.0000E+00      -1  -0.200E+00   19.96
 100   -99.0000     -10.770 0.4049   0.5000E+01  0.3145E-02 -0.5000E+01  0.0000E+00      -1  -0.200E+00   19.96
 101  -100.0000     -10.770 0.4049   0.5000E+01  0.3145E-02 -0.5000E+01  0.0000E+00      -1  -0.200E+00   19.96
end


 Time:        4.1250


 Node      Depth      Head Moisture       K          C         Flux        Sink         Kappa   v/KsTop   Temp
           [L]        [L]    [-]        [L/T]      [1/L]      [L/T]        [1/T]         [-]      [-]      [C]

   1     0.0000     -10.770 0.4049   0.5000E+01  0.3145E-02 -0.5000E+01  0.0000E+00      -1  -0.200E+00   11.34
   2    -1.0000     -10.770 0.4049   0.5000E+01  0.3145E-02 -0.5000E+01  0.0000E+00      -1  -0.200E+00   11.61
   3    -2.0000     -10.770 0.4049   0.5000E+01  0.3145E-02 -0.5000E+01  0.0000E+00      -1  -0.200E+00   11.93
   4    -3.0000     -10.770 0.4049   0.5000E+01  0.3145E-02 -0.5000E+01  0.0000E+00      -1  -0.200E+00   12.31
   5    -4.0000     -10.770 0.4049   0.5000E+01  0.3145E-02 -0.5000E+01  0.0000E+00      -1  -0.200E+00   12.71
   6    -5.0000     -10.770 0.4049   0.5000E+01  0.3145E-02 -0.5000E+01  0.0000E+00      -1  -0.200E+00   13.15
   7    -6.0000     -10.770 0.4049   0.5000E+01  0.3145E-02 -0.5000E+01  0.0000E+00      -1  -0.200E+00   13.60
   8    -7.0000     -10.770 0.4049   0.5000E+01  0.3145E-02 -0.5000E+01  0.0000E+00      -1  -0.200E+00   14.06
   9    -8.0000     -10.770 0.4049   0.5000E+01  0.3145E-02 -0.5000E+01  0.0000E+00      -1  -0.200E+00   14.53
  10    -9.0000     -10.770 0.4049   0.5000E+01  0.3145E-02 -0.5000E+01  0.0000E+00      -1  -0.200E+00   14.99
  11   -10.0000     -10.770 0.4049   0.5000E+01  0.3145E-02 -0.5000E+01  0.0000E+00      -1  -0.200E+00   15.45
  12   -11.0000     -10.770 0.4049   0.5000E+01  0.3145E-02 -0.5000E+01  0.0000E+00      -1  -0.200E+00   15.89
  13   -12.0000     -10.770 0.4049   0.5000E+01  0.3145E-02 -0.5000E+01  0.0000E+00      -1  -0.200E+00   16.32
  14   -13.0000     -10.770 0.4049   0.5000E+01  0.3145E-02 -0.5000E+01  0.0000E+00      -1  -0.200E+00   16.74
  15   -14.0000     -10.770 0.4049   0.5000E+01  0.3145E-02 -0.5000E+01  0.0000E+00      -1  -0.200E+00   17.13
  16   -15.0000     -10.770 0.4049   0.5000E+01  0.3145E-02 -0.5000E+01  0.0000E+00      -1  -0.200E+00   17.50
  17   -16.0000     -10.770 0.4049   0.5000E+01  0.3145E-02 -0.5000E+01  0.0000E+00      -1  -0.200E+00   17.85
  18   -17.0000     -10.770 0.4049   0.5000E+01  0.3145E-02 -0.5000E+01  0.0000E+00      -1  -0.200E+00   18.17
  19   -18.0000     -10.770 0.4049   0.5000E+01  0.3145E-02 -0.5000E+01  0.0000E+00      -1  -0.200E+00   18.47
  20   -19.0000     -10.770 0.4049   0.5000E+01  0.3145E-02 -0.5000E+01  0.0000E+00      -1  -0.200E+00   18.75
  21   -20.0000     -10.770 0.4049   0.5000E+01  0.3145E-02 -0.5000E+01  0.0000E+00      -1  -0.200E+00   19.00
  22   -21.0000     -10.770 0.4049   0.5000E+01  0.3145E-02 -0.5000E+01  0.0000E+00      -1  -0.200E+00   19.23
  23   -22.0000     -10.770 0.4049   0.5000E+01  0.3145E-02 -0.5000E+01  0.0000E+00      -1  -0.200E+00   19.43
  24   -23.0000     -10.770 0.4049   0.5000E+01  0.3145E-02 -0.5000E+01  0.0000E+00      -1  -0.200E+00   19.61
  25   -24.0000     -10.770 0.4049   0.5000E+01  0.3145E-02 -0.5000E+01  0.0000E+00      -1  -0.200E+00   19.77
  26   -25.0000     -10.770 0.4049   0.5000E+01  0.3145E-02 -0.5000E+01  0.0000E+00      -1  -0.200E+00   19.92
  27   -26.0000     -10.770 0.4049   0.5000E+01  0.3145E-02 -0.5000E+01  0.0000E+00      -1  -0.200E+00   20.04
  28   -27.0000     -10.770 0.4049   0.5000E+01  0.3145E-02 -0.5000E+01  0.0000E+00      -1  -0.200E+00   20.14
  29   -28.0000     -10.770 0.4049   0.5000E+01  0.3145E-02 -0.5000E+01  0.0000E+00      -1  -0.200E+00   20.23
  30   -29.0000     -10.770 0.4049   0.5000E+01  0.3145E-02 -0.5000E+01  0.0000E+00      -1  -0.200E+00   20.31
  31   -30.0000     -10.770 0.4049   0.5000E+01  0.3145E-02 -0.5000E+01  0.0000E+00      -1  -0.200E+00   20.37
  32   -31.0000     -10.770 0.4049   0.5000E+01  0.3145E-02 -0.5000E+01  0.0000E+00      -1  -0.200E+00   20.41
  33   -32.0000     -10.770 0.4049   0.5000E+01  0.3145E-02 -0.5000E+01  0.0000E+00      -1  -0.200E+00   20.45
  34   -33.0000     -10.770 0.4049   0.5000E+01  0.3145E-02 -0.5000E+01  0.0000E+00      -1  -0.200E+00   20.47
  35   -34.0000     -10.770 0.4049   0.5000E+01  0.3145E-02 -0.5000E+01  0.0000E+00      -1  -0.200E+00   20.49
  36   -35.0000     -10.770 0.4049   0.5000E+01  0.3145E-02 -0.5000E+01  0.0000E+00      -1  -0.200E+00   20.50
  37   -36.0000     -10.770 0.4049   0.5000E+01  0.3145E-02 -0.5000E+01  0.0000E+00      -1  -0.200E+00   20.50
  38   -37.0000     -10.770 0.4049   0.5000E+01  0.3145E-02 -0.5000E+01  0.0000E+00      -1  -0.200E+00   20.49
  39   -38.0000     -10.770 0.4049   0.5000E+01  0.3145E-02 -0.5000E+01  0.0000E+00      -1  -0.200E+00   20.48
  40   -39.0000     -10.770 0.4049   0.5000E+01  0.3145E-02 -0.5000E+01  0.0000E+00      -1  -0.200E+00   20.47
  41   -40.0000     -10.770 0.4049   0.5000E+01  0.3145E-02 -0.5000E+01  0.0000E+00      -1  -0.200E+00   20.45
  42   -41.0000     -10.770 0.4049   0.5000E+01  0.3145E-02 -0.5000E+01  0.0000E+00      -1  -0.200E+00   20.43
  43   -42.0000     -10.770 0.4049   0.5000E+01  0.3145E-02 -0.5000E+01  0.0000E+00      -1  -0.200E+00   20.40
  44   -43.0000     -10.770 0.4049   0.5000E+01  0.3145E-02 -0.5000E+01  0.0000E+00      -1  -0.200E+00   20.38
  45   -44.0000     -10.770 0.4049   0.5000E+01  0.3145E-02 -0.5000E+01  0.0000E+00      -1  -0.200E+00   20.35
  46   -45.0000     -10.770 0.4049   0.5000E+01  0.3145E-02 -0.5000E+01  0.0000E+00      -1  -0.200E+00   20.32
  47   -46.0000     -10.770 0.4049   0.5000E+01  0.3145E-02 -0.5000E+01  0.0000E+00      -1  -0.200E+00   20.30
  48   -47.0000     -10.770 0.4049   0.5000E+01  0.3145E-02 -0.5000E+01  0.0000E+00      -1  -0.200E+00   20.27
  49   -48.0000     -10.770 0.4049   0.5000E+01  0.3145E-02 -0.5000E+01  0.0000E+00      -1  -0.200E+00   20.24
  50   -49.0000     -10.770 0.4049   0.5000E+01  0.3145E-02 -0.5000E+01  0.0000E+00      -1  -0.200E+00   20.22
  51   -50.0000     -10.770 0.4049   0.5000E+01  0.3145E-02 -0.5000E+01  0.0000E+00      -1  -0.200E+00   20.19
  52   -51.0000     -10.770 0.4049   0.5000E+01  0.3145E-02 -0.5000E+01  0.0000E+00      -1  -0.200E+00   20.17
  53   -52.0000     -10.770 0.4049   0.5000E+01  0.3145E-02 -0.5000E+01  0.0000E+00      -1  -0.200E+00   20.14
  54   -53.0000     -10.770 0.4049   0.5000E+01  0.3145E-02 -0.5000E+01  0.0000E+00      -1  -0.200E+00   20.12
  55   -54.0000     -10.770 0.4049   0.5000E+01  0.3145E-02 -0.5000E+01  0.0000E+00      -1  -0.200E+00   20.10
  56   -55.0000     -10.770 0.4049   0.5000E+01  0.3145E-02 -0.5000E+01  0.0000E+00      -1  -0.200E+00   20.08
  57   -56.0000     -10.770 0.4049   0.5000E+01  0.3145E-02 -0.5000E+01  0.0000E+00      -1  -0.200E+00   20.06
  58   -57.0000     -10.770 0.4049   0.5000E+01  0.3145E-02 -0.5000E+01  0.0000E+00      -1  -0.200E+00   20.04
  59   -58.0000     -10.770 0.4049   0.5000E+01  0.3145E-02 -0.5000E+01  0.0000E+00      -1  -0.200E+00   20.03
  60   -59.0000     -10.770 0.4049   0.5000E+01  0.3145E-02 -0.5000E+01  0.0000E+00      -1  -0.200E+00   20.01
  61   -60.0000     -10.770 0.4049   0.5000E+01  0.3145E-02 -0.5000E+01  0.0000E+00      -1  -0.200E+00   20.00
  62   -61.0000     -10.770 0.4049   0.5000E+01  0.3145E-02 -0.5000E+01  0.0000E+00      -1  -0.200E+00   19.99
  63   -62.0000     -10.770 0.4049   0.5000E+01  0.3145E-02 -0.5000E+01  0.0000E+00      -1  -0.200E+00   19.98
  64   -63.0000     -10.770 0.4049   0.5000E+01  0.3145E-02 -0.5000E+01  0.0000E+00      -1  -0.200E+00   19.97
  65   -64.0000     -10.770 0.4049   0.5000E+01  0.3145E-02 -0.5000E+01  0.0000E+00      -1  -0.200E+00   19.96
  66   -65.0000     -10.770 0.4049   0.5000E+01  0.3145E-02 -0.5000E+01  0.0000E+00      -1  -0.200E+00   19.96
  67   -66.0000     -10.770 0.4049   0.5000E+01  0.3145E-02 -0.5000E+01  0.0000E+00      -1  -0.200E+00   19.95
  68   -67.0000     -10.770 0.4049   0.5000E+01  0.3145E-02 -0.5000E+01  0.0000E+00      -1  -0.200E+00   19.94
  69   -68.0000     -10.770 0.4049   0.5000E+01  0.3145E-02 -0.5000E+01  0.0000E+00      -1  -0.200E+00   19.94
  70   -69.0000     -10.770 0.4049   0.5000E+01  0.3145E-02 -0.5000E+01  0.0000E+00      -1  -0.200E+00   19.94
  71   -70.0000     -10.770 0.4049   0.5000E+01  0.3145E-02 -0.5000E+01  0.0000E+00      -1  -0.200E+00   19.93
  72   -71.0000     -10.770 0.4049   0.5000E+01  0.3145E-02 -0.5000E+01  0.0000E+00      -1  -0.200E+00   19.93
  73   -72.0000     -10.770 0.4049   0.5000E+01  0.3145E-02 -0.5000E+01  0.0000E+00      -1  -0.200E+00   19.93
  74   -73.0000     -10.770 0.4049   0.5000E+01  0.3145E-02 -0.5000E+01  0.0000E+00      -1  -0.200E+00   19.93
  75   -74.0000     -10.770 0.4049   0.5000E+01  0.3145E-02 -0.5000E+01  0.0000E+00      -1  -0.200E+00   19.93
  76   -75.0000     -10.770 0.4049   0.5000E+01  0.3145E-02 -0.5000E+01  0.0000E+00      -1  -0.200E+00   19.93
  77   -76.0000     -10.770 0.4049   0.5000E+01  0.3145E-02 -0.5000E+01  0.0000E+00      -1  -0.200E+00   19.93
  78   -77.0000     -10.770 0.4049   0.5000E+01  0.3145E-02 -0.5000E+01  0.0000E+00      -1  -0.200E+00   19.93
  79   -78.0000     -10.770 0.4049   0.5000E+01  0.3145E-02 -0.5000E+01  0.0000E+00      -1  -0.200E+00   19.93
  80   -79.0000     -10.770 0.4049   0.5000E+01  0.3145E-02 -0.5000E+01  0.0000E+00      -1  -0.200E+00   19.93
  81   -80.0000     -10.770 0.4049   0.5000E+01  0.3145E-02 -0.5000E+01  0.0000E+00      -1  -0.200E+00   19.93
  82   -81.0000     -10.770 0.4049   0.5000E+01  0.3145E-02 -0.5000E+01  0.0000E+00      -1  -0.200E+00   19.93
  83   -82.0000     -10.770 0.4049   0.5000E+01  0.3145E-02 -0.5000E+01  0.0000E+00      -1  -0.200E+00   19.93
  84   -83.0000     -10.770 0.4049   0.5000E+01  0.3145E-02 -0.5000E+01  0.0000E+00      -1  -0.200E+00   19.94
  85   -84.0000     -10.770 0.4049   0.5000E+01  0.3145E-02 -0.5000E+01  0.0000E+00      -1  -0.200E+00   19.94
  86   -85.0000     -10.770 0.4049   0.5000E+01  0.3145E-02 -0.5000E+01  0.0000E+00      -1  -0.200E+00   19.94
  87   -86.0000     -10.770 0.4049   0.5000E+01  0.3145E-02 -0.5000E+01  0.0000E+00      -1  -0.200E+00   19.94
  88   -87.0000     -10.770 0.4049   0.5000E+01  0.3145E-02 -0.5000E+01  0.0000E+00      -1  -0.200E+00   19.94
  89   -88.0000     -10.770 0.4049   0.5000E+01  0.3145E-02 -0.5000E+01  0.0000E+00      -1  -0.200E+00   19.94
  90   -89.0000     -10.770 0.4049   0.5000E+01  0.3145E-02 -0.5000E+01  0.0000E+00      -1  -0.200E+00   19.94
  91   -90.0000     -10.770 0.4049   0.5000E+01  0.3145E-02 -0.5000E+01  0.0000E+00      -1  -0.200E+00   19.94
  92   -91.0000     -10.770 0.4049   0.5000E+01  0.3145E-02 -0.5000E+01  0.0000E+00      -1  -0.200E+00   19.95
  93   -92.0000     -10.770 0.4049   0.5000E+01  0.3145E-02 -0.5000E+01  0.0000E+00      -1  -0.200E+00   19.95
  94   -93.0000     -10.770 0.4049   0.5000E+01  0.3145E-02 -0.5000E+01  0.0000E+00      -1  -0.200E+00   19.95
  95   -94.0000     -10.770 0.4049   0.5000E+01  0.3145E-02 -0.5000E+01  0.0000E+00      -1  -0.200E+00   19.95
  96   -95.0000     -10.770 0.4049   0.5000E+01  0.3145E-02 -0.5000E+01  0.0000E+00      -1  -0.200E+00   19.95
  97   -96.0000     -10.770 0.4049   0.5000E+01  0.3145E-02 -0.5000E+01  0.0000E+00      -1  -0.200E+00   19.95
  98   -97.0000     -10.770 0.4049   0.5000E+01  0.3145E-02 -0.5000E+01  0.0000E+00      -1  -0.200E+00   19.95
  99   -98.0000     -10.770 0.4049   0.5000E+01  0.3145E-02 -0.5000E+01  0.0000E+00      -1  -0.200E+00   19.95
 100   -99.0000     -10.770 0.4049   0.5000E+01  0.3145E-02 -0.5000E+01  0.0000E+00      -1  -0.200E+00   19.95
 101  -100.0000     -10.770 0.4049   0.5000E+01  0.3145E-02 -0.5000E+01  0.0000E+00      -1  -0.200E+00   19.95
end


 Time:        4.2500


 Node      Depth      Head Moisture       K          C         Flux        Sink         Kappa   v/KsTop   Temp
           [L]        [L]    [-]        [L/T]      [1/L]      [L/T]        [1/T]         [-]      [-]      [C]

   1     0.0000     -10.770 0.4049   0.5000E+01  0.3145E-02 -0.5000E+01  0.0000E+00      -1  -0.200E+00   17.41
   2    -1.0000     -10.770 0.4049   0.5000E+01  0.3145E-02 -0.5000E+01  0.0000E+00      -1  -0.200E+00   16.87
   3    -2.0000     -10.770 0.4049   0.5000E+01  0.3145E-02 -0.5000E+01  0.0000E+00      -1  -0.200E+00   16.44
   4    -3.0000     -10.770 0.4049   0.5000E+01  0.3145E-02 -0.5000E+01  0.0000E+00      -1  -0.200E+00   16.11
   5    -4.0000     -10.770 0.4049   0.5000E+01  0.3145E-02 -0.5000E+01  0.0000E+00      -1  -0.200E+00   15.87
   6    -5.0000     -10.770 0.4049   0.5000E+01  0.3145E-02 -0.5000E+01  0.0000E+00      -1  -0.200E+00   15.71
   7    -6.0000     -10.770 0.4049   0.5000E+01  0.3145E-02 -0.5000E+01  0.0000E+00      -1  -0.200E+00   15.62
   8    -7.0000     -10.770 0.4049   0.5000E+01  0.3145E-02 -0.5000E+01  0.0000E+00      -1  -0.200E+00   15.59
   9    -8.0000     -10.770 0.4049   0.5000E+01  0.3145E-02 -0.5000E+01  0.0000E+00      -1  -0.200E+00   15.62
  10    -9.0000     -10.770 0.4049   0.5000E+01  0.3145E-02 -0.5000E+01  0.0000E+00      -1  -0.200E+00   15.69
  11   -10.0000     -10.770 0.4049   0.5000E+01  0.3145E-02 -0.5000E+01  0.0000E+00      -1  -0.200E+00   15.80
  12   -11.0000     -10.770 0.4049   0.5000E+01  0.3145E-02 -0.5000E+01  0.0000E+00      -1  -0.200E+00   15.94
  13   -12.0000     -10.770 0.4049   0.5000E+01  0.3145E-02 -0.5000E+01  0.0000E+00      -1  -0.200E+00   16.11
  14   -13.0000     -10.770 0.4049   0.5000E+01  0.3145E-02 -0.5000E+01  0.0000E+00      -1  -0.200E+00   16.30
  15   -14.0000     -10.770 0.4049   0.5000E+01  0.3145E-02 -0.5000E+01  0.0000E+00      -1  -0.200E+00   16.51
  16   -15.0000     -10.770 0.4049   0.5000E+01  0.3145E-02 -0.5000E+01  0.0000E+00      -1  -0.200E+00   16.73
  17   -16.0000     -10.770 0.4049   0.5000E+01  0.3145E-02 -0.5000E+01  0.0000E+00      -1  -0.200E+00   16.95
  18   -17.0000     -10.770 0.4049   0.5000E+01  0.3145E-02 -0.5000E+01  0.0000E+00      -1  -0.200E+00   17.18
  19   -18.0000     -10.770 0.4049   0.5000E+01  0.3145E-02 -0.5000E+01  0.0000E+00      -1  -0.200E+00   17.41
  20   -19.0000     -10.770 0.4049   0.5000E+01  0.3145E-02 -0.5000E+01  0.0000E+00      -1  -0.200E+00   17.63
  21   -20.0000     -10.770 0.4049   0.5000E+01  0.3145E-02 -0.5000E+01  0.0000E+00      -1  -0.200E+00   17.85
  22   -21.0000     -10.770 0.4049   0.5000E+01  0.3145E-02 -0.5000E+01  0.0000E+00      -1  -0.200E+00   18.07
  23   -22.0000     -10.770 0.4049   0.5000E+01  0.3145E-02 -0.5000E+01  0.0000E+00      -1  -0.200E+00   18.28
  24   -23.0000     -10.770 0.4049   0.5000E+01  0.3145E-02 -0.5000E+01  0.0000E+00      -1  -0.200E+00   18.47
  25   -24.0000     -10.770 0.4049   0.5000E+01  0.3145E-02 -0.5000E+01  0.0000E+00      -1  -0.200E+00   18.66
  26   -25.0000     -10.770 0.4049   0.5000E+01  0.3145E-02 -0.5000E+01  0.0000E+00      -1  -0.200E+00   18.84
  27   -26.0000     -10.770 0.4049   0.5000E+01  0.3145E-02 -0.5000E+01  0.0000E+00      -1  -0.200E+00   19.00
  28   -27.0000     -10.770 0.4049   0.5000E+01  0.3145E-02 -0.5000E+01  0.0000E+00      -1  -0.200E+00   19.16
  29   -28.0000     -10.770 0.4049   0.5000E+01  0.3145E-02 -0.5000E+01  0.0000E+00      -1  -0.200E+00   19.30
  30   -29.0000     -10.770 0.4049   0.5000E+01  0.3145E-02 -0.5000E+01  0.0000E+00      -1  -0.200E+00   19.43
  31   -30.0000     -10.770 0.4049   0.5000E+01  0.3145E-02 -0.5000E+01  0.0000E+00      -1  -0.200E+00   19.55
  32   -31.0000     -10.770 0.4049   0.5000E+01  0.3145E-02 -0.5000E+01  0.0000E+00      -1  -0.200E+00   19.65
  33   -32.0000     -10.770 0.4049   0.5000E+01  0.3145E-02 -0.5000E+01  0.0000E+00      -1  -0.200E+00   19.75
  34   -33.0000     -10.770 0.4049   0.5000E+01  0.3145E-02 -0.5000E+01  0.0000E+00      -1  -0.200E+00   19.83
  35   -34.0000     -10.770 0.4049   0.5000E+01  0.3145E-02 -0.5000E+01  0.0000E+00      -1  -0.200E+00   19.91
  36   -35.0000     -10.770 0.4049   0.5000E+01  0.3145E-02 -0.5000E+01  0.0000E+00      -1  -0.200E+00   19.97
  37   -36.0000     -10.770 0.4049   0.5000E+01  0.3145E-02 -0.5000E+01  0.0000E+00      -1  -0.200E+00   20.03
  38   -37.0000     -10.770 0.4049   0.5000E+01  0.3145E-02 -0.5000E+01  0.0000E+00      -1  -0.200E+00   20.08
  39   -38.0000     -10.770 0.4049   0.5000E+01  0.3145E-02 -0.5000E+01  0.0000E+00      -1  -0.200E+00   20.12
  40   -39.0000     -10.770 0.4049   0.5000E+01  0.3145E-02 -0.5000E+01  0.0000E+00      -1  -0.200E+00   20.15
  41   -40.0000     -10.770 0.4049   0.5000E+01  0.3145E-02 -0.5000E+01  0.0000E+00      -1  -0.200E+00   20.18
  42   -41.0000     -10.770 0.4049   0.5000E+01  0.3145E-02 -0.5000E+01  0.0000E+00      -1  -0.200E+00   20.20
  43   -42.0000     -10.770 0.4049   0.5000E+01  0.3145E-02 -0.5000E+01  0.0000E+00      -1  -0.200E+00   20.21
  44   -43.0000     -10.770 0.4049   0.5000E+01  0.3145E-02 -0.5000E+01  0.0000E+00      -1  -0.200E+00   20.22
  45   -44.0000     -10.770 0.4049   0.5000E+01  0.3145E-02 -0.5000E+01  0.0000E+00      -1  -0.200E+00   20.23
  46   -45.0000     -10.770 0.4049   0.5000E+01  0.3145E-02 -0.5000E+01  0.0000E+00      -1  -0.200E+00   20.23
  47   -46.0000     -10.770 0.4049   0.5000E+01  0.3145E-02 -0.5000E+01  0.0000E+00      -1  -0.200E+00   20.23
  48   -47.0000     -10.770 0.4049   0.5000E+01  0.3145E-02 -0.5000E+01  0.0000E+00      -1  -0.200E+00   20.22
  49   -48.0000     -10.770 0.4049   0.5000E+01  0.3145E-02 -0.5000E+01  0.0000E+00      -1  -0.200E+00   20.22
  50   -49.0000     -10.770 0.4049   0.5000E+01  0.3145E-02 -0.5000E+01  0.0000E+00      -1  -0.200E+00   20.21
  51   -50.0000     -10.770 0.4049   0.5000E+01  0.3145E-02 -0.5000E+01  0.0000E+00      -1  -0.200E+00   20.20
  52   -51.0000     -10.770 0.4049   0.5000E+01  0.3145E-02 -0.5000E+01  0.0000E+00      -1  -0.200E+00   20.19
  53   -52.0000     -10.770 0.4049   0.5000E+01  0.3145E-02 -0.5000E+01  0.0000E+00      -1  -0.200E+00   20.18
  54   -53.0000     -10.770 0.4049   0.5000E+01  0.3145E-02 -0.5000E+01  0.0000E+00      -1  -0.200E+00   20.16
  55   -54.0000     -10.770 0.4049   0.5000E+01  0.3145E-02 -0.5000E+01  0.0000E+00      -1  -0.200E+00   20.15
  56   -55.0000     -10.770 0.4049   0.5000E+01  0.3145E-02 -0.5000E+01  0.0000E+00      -1  -0.200E+00   20.14
  57   -56.0000     -10.770 0.4049   0.5000E+01  0.3145E-02 -0.5000E+01  0.0000E+00      -1  -0.200E+00   20.12
  58   -57.0000     -10.770 0.4049   0.5000E+01  0.3145E-02 -0.5000E+01  0.0000E+00      -1  -0.200E+00   20.11
  59   -58.0000     -10.770 0.4049   0.5000E+01  0.3145E-02 -0.5000E+01  0.0000E+00      -1  -0.200E+00   20.09
  60   -59.0000     -10.770 0.4049   0.5000E+01  0.3145E-02 -0.5000E+01  0.0000E+00      -1  -0.200E+00   20.08
  61   -60.0000     -10.770 0.4049   0.5000E+01  0.3145E-02 -0.5000E+01  0.0000E+00      -1  -0.200E+00   20.07
  62   -61.0000     -10.770 0.4049   0.5000E+01  0.3145E-02 -0.5000E+01  0.0000E+00      -1  -0.200E+00   20.06
  63   -62.0000     -10.770 0.4049   0.5000E+01  0.3145E-02 -0.5000E+01  0.0000E+00      -1  -0.200E+00   20.05
  64   -63.0000     -10.770 0.4049   0.5000E+01  0.3145E-02 -0.5000E+01  0.0000E+00      -1  -0.200E+00   20.03
  65   -64.0000     -10.770 0.4049   0.5000E+01  0.3145E-02 -0.5000E+01  0.0000E+00      -1  -0.200E+00   20.02
  66   -65.0000     -10.770 0.4049   0.5000E+01  0.3145E-02 -0.5000E+01  0.0000E+00      -1  -0.200E+00   20.01
  67   -66.0000     -10.770 0.4049   0.5000E+01  0.3145E-02 -0.5000E+01  0.0000E+00      -1  -0.200E+00   20.01
  68   -67.0000     -10.770 0.4049   0.5000E+01  0.3145E-02 -0.5000E+01  0.0000E+00      -1  -0.200E+00   20.00
  69   -68.0000     -10.770 0.4049   0.5000E+01  0.3145E-02 -0.5000E+01  0.0000E+00      -1  -0.200E+00   19.99
  70   -69.0000     -10.770 0.4049   0.5000E+01  0.3145E-02 -0.5000E+01  0.0000E+00      -1  -0.200E+00   19.98
  71   -70.0000     -10.770 0.4049   0.5000E+01  0.3145E-02 -0.5000E+01  0.0000E+00      -1  -0.200E+00   19.98
  72   -71.0000     -10.770 0.4049   0.5000E+01  0.3145E-02 -0.5000E+01  0.0000E+00      -1  -0.200E+00   19.97
  73   -72.0000     -10.770 0.4049   0.5000E+01  0.3145E-02 -0.5000E+01  0.0000E+00      -1  -0.200E+00   19.97
  74   -73.0000     -10.770 0.4049   0.5000E+01  0.3145E-02 -0.5000E+01  0.0000E+00      -1  -0.200E+00   19.96
  75   -74.0000     -10.770 0.4049   0.5000E+01  0.3145E-02 -0.5000E+01  0.0000E+00      -1  -0.200E+00   19.96
  76   -75.0000     -10.770 0.4049   0.5000E+01  0.3145E-02 -0.5000E+01  0.0000E+00      -1  -0.200E+00   19.95
  77   -76.0000     -10.770 0.4049   0.5000E+01  0.3145E-02 -0.5000E+01  0.0000E+00      -1  -0.200E+00   19.95
  78   -77.0000     -10.770 0.4049   0.5000E+01  0.3145E-02 -0.5000E+01  0.0000E+00      -1  -0.200E+00   19.95
  79   -78.0000     -10.770 0.4049   0.5000E+01  0.3145E-02 -0.5000E+01  0.0000E+00      -1  -0.200E+00   19.95
  80   -79.0000     -10.770 0.4049   0.5000E+01  0.3145E-02 -0.5000E+01  0.0000E+00      -1  -0.200E+00   19.95
  81   -80.0000     -10.770 0.4049   0.5000E+01  0.3145E-02 -0.5000E+01  0.0000E+00      -1  -0.200E+00   19.94
  82   -81.0000     -10.770 0.4049   0.5000E+01  0.3145E-02 -0.5000E+01  0.0000E+00      -1  -0.200E+00   19.94
  83   -82.0000     -10.770 0.4049   0.5000E+01  0.3145E-02 -0.5000E+01  0.0000E+00      -1  -0.200E+00   19.94
  84   -83.0000     -10.770 0.4049   0.5000E+01  0.3145E-02 -0.5000E+01  0.0000E+00      -1  -0.200E+00   19.94
  85   -84.0000     -10.770 0.4049   0.5000E+01  0.3145E-02 -0.5000E+01  0.0000E+00      -1  -0.200E+00   19.94
  86   -85.0000     -10.770 0.4049   0.5000E+01  0.3145E-02 -0.5000E+01  0.0000E+00      -1  -0.200E+00   19.94
  87   -86.0000     -10.770 0.4049   0.5000E+01  0.3145E-02 -0.5000E+01  0.0000E+00      -1  -0.200E+00   19.94
  88   -87.0000     -10.770 0.4049   0.5000E+01  0.3145E-02 -0.5000E+01  0.0000E+00      -1  -0.200E+00   19.94
  89   -88.0000     -10.770 0.4049   0.5000E+01  0.3145E-02 -0.5000E+01  0.0000E+00      -1  -0.200E+00   19.94
  90   -89.0000     -10.770 0.4049   0.5000E+01  0.3145E-02 -0.5000E+01  0.0000E+00      -1  -0.200E+00   19.94
  91   -90.0000     -10.770 0.4049   0.5000E+01  0.3145E-02 -0.5000E+01  0.0000E+00      -1  -0.200E+00   19.94
  92   -91.0000     -10.770 0.4049   0.5000E+01  0.3145E-02 -0.5000E+01  0.0000E+00      -1  -0.200E+00   19.94
  93   -92.0000     -10.770 0.4049   0.5000E+01  0.3145E-02 -0.5000E+01  0.0000E+00      -1  -0.200E+00   19.94
  94   -93.0000     -10.770 0.4049   0.5000E+01  0.3145E-02 -0.5000E+01  0.0000E+00      -1  -0.200E+00   19.94
  95   -94.0000     -10.770 0.4049   0.5000E+01  0.3145E-02 -0.5000E+01  0.0000E+00      -1  -0.200E+00   19.94
  96   -95.0000     -10.770 0.4049   0.5000E+01  0.3145E-02 -0.5000E+01  0.0000E+00      -1  -0.200E+00   19.94
  97   -96.0000     -10.770 0.4049   0.5000E+01  0.3145E-02 -0.5000E+01  0.0000E+00      -1  -0.200E+00   19.94
  98   -97.0000     -10.770 0.4049   0.5000E+01  0.3145E-02 -0.5000E+01  0.0000E+00      -1  -0.200E+00   19.94
  99   -98.0000     -10.770 0.4049   0.5000E+01  0.3145E-02 -0.5000E+01  0.0000E+00      -1  -0.200E+00   19.94
 100   -99.0000     -10.770 0.4049   0.5000E+01  0.3145E-02 -0.5000E+01  0.0000E+00      -1  -0.200E+00   19.94
 101  -100.0000     -10.770 0.4049   0.5000E+01  0.3145E-02 -0.5000E+01  0.0000E+00      -1  -0.200E+00   19.94
end


 Time:        4.3750


 Node      Depth      Head Moisture       K          C         Flux        Sink         Kappa   v/KsTop   Temp
           [L]        [L]    [-]        [L/T]      [1/L]      [L/T]        [1/T]         [-]      [-]      [C]

   1     0.0000     -10.770 0.4049   0.5000E+01  0.3145E-02 -0.5000E+01  0.0000E+00      -1  -0.200E+00   25.00
   2    -1.0000     -10.770 0.4049   0.5000E+01  0.3145E-02 -0.5000E+01  0.0000E+00      -1  -0.200E+00   23.97
   3    -2.0000     -10.770 0.4049   0.5000E+01  0.3145E-02 -0.5000E+01  0.0000E+00      -1  -0.200E+00   23.03
   4    -3.0000     -10.770 0.4049   0.5000E+01  0.3145E-02 -0.5000E+01  0.0000E+00      -1  -0.200E+00   22.19
   5    -4.0000     -10.770 0.4049   0.5000E+01  0.3145E-02 -0.5000E+01  0.0000E+00      -1  -0.200E+00   21.44
   6    -5.0000     -10.770 0.4049   0.5000E+01  0.3145E-02 -0.5000E+01  0.0000E+00      -1  -0.200E+00   20.78
   7    -6.0000     -10.770 0.4049   0.5000E+01  0.3145E-02 -0.5000E+01  0.0000E+00      -1  -0.200E+00   20.20
   8    -7.0000     -10.770 0.4049   0.5000E+01  0.3145E-02 -0.5000E+01  0.0000E+00      -1  -0.200E+00   19.70
   9    -8.0000     -10.770 0.4049   0.5000E+01  0.3145E-02 -0.5000E+01  0.0000E+00      -1  -0.200E+00   19.27
  10    -9.0000     -10.770 0.4049   0.5000E+01  0.3145E-02 -0.5000E+01  0.0000E+00      -1  -0.200E+00   18.91
  11   -10.0000     -10.770 0.4049   0.5000E+01  0.3145E-02 -0.5000E+01  0.0000E+00      -1  -0.200E+00   18.61
  12   -11.0000     -10.770 0.4049   0.5000E+01  0.3145E-02 -0.5000E+01  0.0000E+00      -1  -0.200E+00   18.37
  13   -12.0000     -10.770 0.4049   0.5000E+01  0.3145E-02 -0.5000E+01  0.0000E+00      -1  -0.200E+00   18.18
  14   -13.0000     -10.770 0.4049   0.5000E+01  0.3145E-02 -0.5000E+01  0.0000E+00      -1  -0.200E+00   18.03
  15   -14.0000     -10.770 0.4049   0.5000E+01  0.3145E-02 -0.5000E+01  0.0000E+00      -1  -0.200E+00   17.93
  16   -15.0000     -10.770 0.4049   0.5000E+01  0.3145E-02 -0.5000E+01  0.0000E+00      -1  -0.200E+00   17.87
  17   -16.0000     -10.770 0.4049   0.5000E+01  0.3145E-02 -0.5000E+01  0.0000E+00      -1  -0.200E+00   17.84
  18   -17.0000     -10.770 0.4049   0.5000E+01  0.3145E-02 -0.5000E+01  0.0000E+00      -1  -0.200E+00   17.83
  19   -18.0000     -10.770 0.4049   0.5000E+01  0.3145E-02 -0.5000E+01  0.0000E+00      -1  -0.200E+00   17.86
  20   -19.0000     -10.770 0.4049   0.5000E+01  0.3145E-02 -0.5000E+01  0.0000E+00      -1  -0.200E+00   17.90
  21   -20.0000     -10.770 0.4049   0.5000E+01  0.3145E-02 -0.5000E+01  0.0000E+00      -1  -0.200E+00   17.96
  22   -21.0000     -10.770 0.4049   0.5000E+01  0.3145E-02 -0.5000E+01  0.0000E+00      -1  -0.200E+00   18.04
  23   -22.0000     -10.770 0.4049   0.5000E+01  0.3145E-02 -0.5000E+01  0.0000E+00      -1  -0.200E+00   18.12
  24   -23.0000     -10.770 0.4049   0.5000E+01  0.3145E-02 -0.5000E+01  0.0000E+00      -1  -0.200E+00   18.22
  25   -24.0000     -10.770 0.4049   0.5000E+01  0.3145E-02 -0.5000E+01  0.0000E+00      -1  -0.200E+00   18.32
  26   -25.0000     -10.770 0.4049   0.5000E+01  0.3145E-02 -0.5000E+01  0.0000E+00      -1  -0.200E+00   18.43
  27   -26.0000     -10.770 0.4049   0.5000E+01  0.3145E-02 -0.5000E+01  0.0000E+00      -1  -0.200E+00   18.54
  28   -27.0000     -10.770 0.4049   0.5000E+01  0.3145E-02 -0.5000E+01  0.0000E+00      -1  -0.200E+00   18.65
  29   -28.0000     -10.770 0.4049   0.5000E+01  0.3145E-02 -0.5000E+01  0.0000E+00      -1  -0.200E+00   18.77
  30   -29.0000     -10.770 0.4049   0.5000E+01  0.3145E-02 -0.5000E+01  0.0000E+00      -1  -0.200E+00   18.87
  31   -30.0000     -10.770 0.4049   0.5000E+01  0.3145E-02 -0.5000E+01  0.0000E+00      -1  -0.200E+00   18.98
  32   -31.0000     -10.770 0.4049   0.5000E+01  0.3145E-02 -0.5000E+01  0.0000E+00      -1  -0.200E+00   19.09
  33   -32.0000     -10.770 0.4049   0.5000E+01  0.3145E-02 -0.5000E+01  0.0000E+00      -1  -0.200E+00   19.18
  34   -33.0000     -10.770 0.4049   0.5000E+01  0.3145E-02 -0.5000E+01  0.0000E+00      -1  -0.200E+00   19.28
  35   -34.0000     -10.770 0.4049   0.5000E+01  0.3145E-02 -0.5000E+01  0.0000E+00      -1  -0.200E+00   19.37
  36   -35.0000     -10.770 0.4049   0.5000E+01  0.3145E-02 -0.5000E+01  0.0000E+00      -1  -0.200E+00   19.45
  37   -36.0000     -10.770 0.4049   0.5000E+01  0.3145E-02 -0.5000E+01  0.0000E+00      -1  -0.200E+00   19.53
  38   -37.0000     -10.770 0.4049   0.5000E+01  0.3145E-02 -0.5000E+01  0.0000E+00      -1  -0.200E+00   19.60
  39   -38.0000     -10.770 0.4049   0.5000E+01  0.3145E-02 -0.5000E+01  0.0000E+00      -1  -0.200E+00   19.67
  40   -39.0000     -10.770 0.4049   0.5000E+01  0.3145E-02 -0.5000E+01  0.0000E+00      -1  -0.200E+00   19.73
  41   -40.0000     -10.770 0.4049   0.5000E+01  0.3145E-02 -0.5000E+01  0.0000E+00      -1  -0.200E+00   19.79
  42   -41.0000     -10.770 0.4049   0.5000E+01  0.3145E-02 -0.5000E+01  0.0000E+00      -1  -0.200E+00   19.84
  43   -42.0000     -10.770 0.4049   0.5000E+01  0.3145E-02 -0.5000E+01  0.0000E+00      -1  -0.200E+00   19.88
  44   -43.0000     -10.770 0.4049   0.5000E+01  0.3145E-02 -0.5000E+01  0.0000E+00      -1  -0.200E+00   19.92
  45   -44.0000     -10.770 0.4049   0.5000E+01  0.3145E-02 -0.5000E+01  0.0000E+00      -1  -0.200E+00   19.95
  46   -45.0000     -10.770 0.4049   0.5000E+01  0.3145E-02 -0.5000E+01  0.0000E+00      -1  -0.200E+00   19.98
  47   -46.0000     -10.770 0.4049   0.5000E+01  0.3145E-02 -0.5000E+01  0.0000E+00      -1  -0.200E+00   20.01
  48   -47.0000     -10.770 0.4049   0.5000E+01  0.3145E-02 -0.5000E+01  0.0000E+00      -1  -0.200E+00   20.03
  49   -48.0000     -10.770 0.4049   0.5000E+01  0.3145E-02 -0.5000E+01  0.0000E+00      -1  -0.200E+00   20.05
  50   -49.0000     -10.770 0.4049   0.5000E+01  0.3145E-02 -0.5000E+01  0.0000E+00      -1  -0.200E+00   20.06
  51   -50.0000     -10.770 0.4049   0.5000E+01  0.3145E-02 -0.5000E+01  0.0000E+00      -1  -0.200E+00   20.07
  52   -51.0000     -10.770 0.4049   0.5000E+01  0.3145E-02 -0.5000E+01  0.0000E+00      -1  -0.200E+00   20.08
  53   -52.0000     -10.770 0.4049   0.5000E+01  0.3145E-02 -0.5000E+01  0.0000E+00      -1  -0.200E+00   20.09
  54   -53.0000     -10.770 0.4049   0.5000E+01  0.3145E-02 -0.5000E+01  0.0000E+00      -1  -0.200E+00   20.09
  55   -54.0000     -10.770 0.4049   0.5000E+01  0.3145E-02 -0.5000E+01  0.0000E+00      -1  -0.200E+00   20.09
  56   -55.0000     -10.770 0.4049   0.5000E+01  0.3145E-02 -0.5000E+01  0.0000E+00      -1  -0.200E+00   20.09
  57   -56.0000     -10.770 0.4049   0.5000E+01  0.3145E-02 -0.5000E+01  0.0000E+00      -1  -0.200E+00   20.09
  58   -57.0000     -10.770 0.4049   0.5000E+01  0.3145E-02 -0.5000E+01  0.0000E+00      -1  -0.200E+00   20.09
  59   -58.0000     -10.770 0.4049   0.5000E+01  0.3145E-02 -0.5000E+01  0.0000E+00      -1  -0.200E+00   20.09
  60   -59.0000     -10.770 0.4049   0.5000E+01  0.3145E-02 -0.5000E+01  0.0000E+00      -1  -0.200E+00   20.08
  61   -60.0000     -10.770 0.4049   0.5000E+01  0.3145E-02 -0.5000E+01  0.0000E+00      -1  -0.200E+00   20.08
  62   -61.0000     -10.770 0.4049   0.5000E+01  0.3145E-02 -0.5000E+01  0.0000E+00      -1  -0.200E+00   20.07
  63   -62.0000     -10.770 0.4049   0.5000E+01  0.3145E-02 -0.5000E+01  0.0000E+00      -1  -0.200E+00   20.06
  64   -63.0000     -10.770 0.4049   0.5000E+01  0.3145E-02 -0.5000E+01  0.0000E+00      -1  -0.200E+00   20.06
  65   -64.0000     -10.770 0.4049   0.5000E+01  0.3145E-02 -0.5000E+01  0.0000E+00      -1  -0.200E+00   20.05
  66   -65.0000     -10.770 0.4049   0.5000E+01  0.3145E-02 -0.5000E+01  0.0000E+00      -1  -0.200E+00   20.04
  67   -66.0000     -10.770 0.4049   0.5000E+01  0.3145E-02 -0.5000E+01  0.0000E+00      -1  -0.200E+00   20.04
  68   -67.0000     -10.770 0.4049   0.5000E+01  0.3145E-02 -0.5000E+01  0.0000E+00      -1  -0.200E+00   20.03
  69   -68.0000     -10.770 0.4049   0.5000E+01  0.3145E-02 -0.5000E+01  0.0000E+00      -1  -0.200E+00   20.02
  70   -69.0000     -10.770 0.4049   0.5000E+01  0.3145E-02 -0.5000E+01  0.0000E+00      -1  -0.200E+00   20.02
  71   -70.0000     -10.770 0.4049   0.5000E+01  0.3145E-02 -0.5000E+01  0.0000E+00      -1  -0.200E+00   20.01
  72   -71.0000     -10.770 0.4049   0.5000E+01  0.3145E-02 -0.5000E+01  0.0000E+00      -1  -0.200E+00   20.00
  73   -72.0000     -10.770 0.4049   0.5000E+01  0.3145E-02 -0.5000E+01  0.0000E+00      -1  -0.200E+00   20.00
  74   -73.0000     -10.770 0.4049   0.5000E+01  0.3145E-02 -0.5000E+01  0.0000E+00      -1  -0.200E+00   19.99
  75   -74.0000     -10.770 0.4049   0.5000E+01  0.3145E-02 -0.5000E+01  0.0000E+00      -1  -0.200E+00   19.99
  76   -75.0000     -10.770 0.4049   0.5000E+01  0.3145E-02 -0.5000E+01  0.0000E+00      -1  -0.200E+00   19.98
  77   -76.0000     -10.770 0.4049   0.5000E+01  0.3145E-02 -0.5000E+01  0.0000E+00      -1  -0.200E+00   19.98
  78   -77.0000     -10.770 0.4049   0.5000E+01  0.3145E-02 -0.5000E+01  0.0000E+00      -1  -0.200E+00   19.97
  79   -78.0000     -10.770 0.4049   0.5000E+01  0.3145E-02 -0.5000E+01  0.0000E+00      -1  -0.200E+00   19.97
  80   -79.0000     -10.770 0.4049   0.5000E+01  0.3145E-02 -0.5000E+01  0.0000E+00      -1  -0.200E+00   19.97
  81   -80.0000     -10.770 0.4049   0.5000E+01  0.3145E-02 -0.5000E+01  0.0000E+00      -1  -0.200E+00   19.96
  82   -81.0000     -10.770 0.4049   0.5000E+01  0.3145E-02 -0.5000E+01  0.0000E+00      -1  -0.200E+00   19.96
  83   -82.0000     -10.770 0.4049   0.5000E+01  0.3145E-02 -0.5000E+01  0.0000E+00      -1  -0.200E+00   19.96
  84   -83.0000     -10.770 0.4049   0.5000E+01  0.3145E-02 -0.5000E+01  0.0000E+00      -1  -0.200E+00   19.96
  85   -84.0000     -10.770 0.4049   0.5000E+01  0.3145E-02 -0.5000E+01  0.0000E+00      -1  -0.200E+00   19.95
  86   -85.0000     -10.770 0.4049   0.5000E+01  0.3145E-02 -0.5000E+01  0.0000E+00      -1  -0.200E+00   19.95
  87   -86.0000     -10.770 0.4049   0.5000E+01  0.3145E-02 -0.5000E+01  0.0000E+00      -1  -0.200E+00   19.95
  88   -87.0000     -10.770 0.4049   0.5000E+01  0.3145E-02 -0.5000E+01  0.0000E+00      -1  -0.200E+00   19.95
  89   -88.0000     -10.770 0.4049   0.5000E+01  0.3145E-02 -0.5000E+01  0.0000E+00      -1  -0.200E+00   19.95
  90   -89.0000     -10.770 0.4049   0.5000E+01  0.3145E-02 -0.5000E+01  0.0000E+00      -1  -0.200E+00   19.95
  91   -90.0000     -10.770 0.4049   0.5000E+01  0.3145E-02 -0.5000E+01  0.0000E+00      -1  -0.200E+00   19.95
  92   -91.0000     -10.770 0.4049   0.5000E+01  0.3145E-02 -0.5000E+01  0.0000E+00      -1  -0.200E+00   19.95
  93   -92.0000     -10.770 0.4049   0.5000E+01  0.3145E-02 -0.5000E+01  0.0000E+00      -1  -0.200E+00   19.95
  94   -93.0000     -10.770 0.4049   0.5000E+01  0.3145E-02 -0.5000E+01  0.0000E+00      -1  -0.200E+00   19.95
  95   -94.0000     -10.770 0.4049   0.5000E+01  0.3145E-02 -0.5000E+01  0.0000E+00      -1  -0.200E+00   19.94
  96   -95.0000     -10.770 0.4049   0.5000E+01  0.3145E-02 -0.5000E+01  0.0000E+00      -1  -0.200E+00   19.94
  97   -96.0000     -10.770 0.4049   0.5000E+01  0.3145E-02 -0.5000E+01  0.0000E+00      -1  -0.200E+00   19.94
  98   -97.0000     -10.770 0.4049   0.5000E+01  0.3145E-02 -0.5000E+01  0.0000E+00      -1  -0.200E+00   19.94
  99   -98.0000     -10.770 0.4049   0.5000E+01  0.3145E-02 -0.5000E+01  0.0000E+00      -1  -0.200E+00   19.94
 100   -99.0000     -10.770 0.4049   0.5000E+01  0.3145E-02 -0.5000E+01  0.0000E+00      -1  -0.200E+00   19.94
 101  -100.0000     -10.770 0.4049   0.5000E+01  0.3145E-02 -0.5000E+01  0.0000E+00      -1  -0.200E+00   19.94
end


 Time:        4.5000


 Node      Depth      Head Moisture       K          C         Flux        Sink         Kappa   v/KsTop   Temp
           [L]        [L]    [-]        [L/T]      [1/L]      [L/T]        [1/T]         [-]      [-]      [C]

   1     0.0000     -10.770 0.4049   0.5000E+01  0.3145E-02 -0.5000E+01  0.0000E+00      -1  -0.200E+00   29.66
   2    -1.0000     -10.770 0.4049   0.5000E+01  0.3145E-02 -0.5000E+01  0.0000E+00      -1  -0.200E+00   28.74
   3    -2.0000     -10.770 0.4049   0.5000E+01  0.3145E-02 -0.5000E+01  0.0000E+00      -1  -0.200E+00   27.85
   4    -3.0000     -10.770 0.4049   0.5000E+01  0.3145E-02 -0.5000E+01  0.0000E+00      -1  -0.200E+00   26.99
   5    -4.0000     -10.770 0.4049   0.5000E+01  0.3145E-02 -0.5000E+01  0.0000E+00      -1  -0.200E+00   26.17
   6    -5.0000     -10.770 0.4049   0.5000E+01  0.3145E-02 -0.5000E+01  0.0000E+00      -1  -0.200E+00   25.39
   7    -6.0000     -10.770 0.4049   0.5000E+01  0.3145E-02 -0.5000E+01  0.0000E+00      -1  -0.200E+00   24.66
   8    -7.0000     -10.770 0.4049   0.5000E+01  0.3145E-02 -0.5000E+01  0.0000E+00      -1  -0.200E+00   23.98
   9    -8.0000     -10.770 0.4049   0.5000E+01  0.3145E-02 -0.5000E+01  0.0000E+00      -1  -0.200E+00   23.35
  10    -9.0000     -10.770 0.4049   0.5000E+01  0.3145E-02 -0.5000E+01  0.0000E+00      -1  -0.200E+00   22.76
  11   -10.0000     -10.770 0.4049   0.5000E+01  0.3145E-02 -0.5000E+01  0.0000E+00      -1  -0.200E+00   22.23
  12   -11.0000     -10.770 0.4049   0.5000E+01  0.3145E-02 -0.5000E+01  0.0000E+00      -1  -0.200E+00   21.74
  13   -12.0000     -10.770 0.4049   0.5000E+01  0.3145E-02 -0.5000E+01  0.0000E+00      -1  -0.200E+00   21.30
  14   -13.0000     -10.770 0.4049   0.5000E+01  0.3145E-02 -0.5000E+01  0.0000E+00      -1  -0.200E+00   20.91
  15   -14.0000     -10.770 0.4049   0.5000E+01  0.3145E-02 -0.5000E+01  0.0000E+00      -1  -0.200E+00   20.56
  16   -15.0000     -10.770 0.4049   0.5000E+01  0.3145E-02 -0.5000E+01  0.0000E+00      -1  -0.200E+00   20.25
  17   -16.0000     -10.770 0.4049   0.5000E+01  0.3145E-02 -0.5000E+01  0.0000E+00      -1  -0.200E+00   19.98
  18   -17.0000     -10.770 0.4049   0.5000E+01  0.3145E-02 -0.5000E+01  0.0000E+00      -1  -0.200E+00   19.75
  19   -18.0000     -10.770 0.4049   0.5000E+01  0.3145E-02 -0.5000E+01  0.0000E+00      -1  -0.200E+00   19.56
  20   -19.0000     -10.770 0.4049   0.5000E+01  0.3145E-02 -0.5000E+01  0.0000E+00      -1  -0.200E+00   19.39
  21   -20.0000     -10.770 0.4049   0.5000E+01  0.3145E-02 -0.5000E+01  0.0000E+00      -1  -0.200E+00   19.26
  22   -21.0000     -10.770 0.4049   0.5000E+01  0.3145E-02 -0.5000E+01  0.0000E+00      -1  -0.200E+00   19.15
  23   -22.0000     -10.770 0.4049   0.5000E+01  0.3145E-02 -0.5000E+01  0.0000E+00      -1  -0.200E+00   19.07
  24   -23.0000     -10.770 0.4049   0.5000E+01  0.3145E-02 -0.5000E+01  0.0000E+00      -1  -0.200E+00   19.00
  25   -24.0000     -10.770 0.4049   0.5000E+01  0.3145E-02 -0.5000E+01  0.0000E+00      -1  -0.200E+00   18.96
  26   -25.0000     -10.770 0.4049   0.5000E+01  0.3145E-02 -0.5000E+01  0.0000E+00      -1  -0.200E+00   18.94
  27   -26.0000     -10.770 0.4049   0.5000E+01  0.3145E-02 -0.5000E+01  0.0000E+00      -1  -0.200E+00   18.93
  28   -27.0000     -10.770 0.4049   0.5000E+01  0.3145E-02 -0.5000E+01  0.0000E+00      -1  -0.200E+00   18.93
  29   -28.0000     -10.770 0.4049   0.5000E+01  0.3145E-02 -0.5000E+01  0.0000E+00      -1  -0.200E+00   18.95
  30   -29.0000     -10.770 0.4049   0.5000E+01  0.3145E-02 -0.5000E+01  0.0000E+00      -1  -0.200E+00   18.97
  31   -30.0000     -10.770 0.4049   0.5000E+01  0.3145E-02 -0.5000E+01  0.0000E+00      -1  -0.200E+00   19.00
  32   -31.0000     -10.770 0.4049   0.5000E+01  0.3145E-02 -0.5000E+01  0.0000E+00      -1  -0.200E+00   19.04
  33   -32.0000     -10.770 0.4049   0.5000E+01  0.3145E-02 -0.5000E+01  0.0000E+00      -1  -0.200E+00   19.09
  34   -33.0000     -10.770 0.4049   0.5000E+01  0.3145E-02 -0.5000E+01  0.0000E+00      -1  -0.200E+00   19.14
  35   -34.0000     -10.770 0.4049   0.5000E+01  0.3145E-02 -0.5000E+01  0.0000E+00      -1  -0.200E+00   19.19
  36   -35.0000     -10.770 0.4049   0.5000E+01  0.3145E-02 -0.5000E+01  0.0000E+00      -1  -0.200E+00   19.24
  37   -36.0000     -10.770 0.4049   0.5000E+01  0.3145E-02 -0.5000E+01  0.0000E+00      -1  -0.200E+00   19.30
  38   -37.0000     -10.770 0.4049   0.5000E+01  0.3145E-02 -0.5000E+01  0.0000E+00      -1  -0.200E+00   19.35
  39   -38.0000     -10.770 0.4049   0.5000E+01  0.3145E-02 -0.5000E+01  0.0000E+00      -1  -0.200E+00   19.40
  40   -39.0000     -10.770 0.4049   0.5000E+01  0.3145E-02 -0.5000E+01  0.0000E+00      -1  -0.200E+00   19.46
  41   -40.0000     -10.770 0.4049   0.5000E+01  0.3145E-02 -0.5000E+01  0.0000E+00      -1  -0.200E+00   19.51
  42   -41.0000     -10.770 0.4049   0.5000E+01  0.3145E-02 -0.5000E+01  0.0000E+00      -1  -0.200E+00   19.56
  43   -42.0000     -10.770 0.4049   0.5000E+01  0.3145E-02 -0.5000E+01  0.0000E+00      -1  -0.200E+00   19.61
  44   -43.0000     -10.770 0.4049   0.5000E+01  0.3145E-02 -0.5000E+01  0.0000E+00      -1  -0.200E+00   19.65
  45   -44.0000     -10.770 0.4049   0.5000E+01  0.3145E-02 -0.5000E+01  0.0000E+00      -1  -0.200E+00   19.69
  46   -45.0000     -10.770 0.4049   0.5000E+01  0.3145E-02 -0.5000E+01  0.0000E+00      -1  -0.200E+00   19.73
  47   -46.0000     -10.770 0.4049   0.5000E+01  0.3145E-02 -0.5000E+01  0.0000E+00      -1  -0.200E+00   19.77
  48   -47.0000     -10.770 0.4049   0.5000E+01  0.3145E-02 -0.5000E+01  0.0000E+00      -1  -0.200E+00   19.80
  49   -48.0000     -10.770 0.4049   0.5000E+01  0.3145E-02 -0.5000E+01  0.0000E+00      -1  -0.200E+00   19.84
  50   -49.0000     -10.770 0.4049   0.5000E+01  0.3145E-02 -0.5000E+01  0.0000E+00      -1  -0.200E+00   19.86
  51   -50.0000     -10.770 0.4049   0.5000E+01  0.3145E-02 -0.5000E+01  0.0000E+00      -1  -0.200E+00   19.89
  52   -51.0000     -10.770 0.4049   0.5000E+01  0.3145E-02 -0.5000E+01  0.0000E+00      -1  -0.200E+00   19.91
  53   -52.0000     -10.770 0.4049   0.5000E+01  0.3145E-02 -0.5000E+01  0.0000E+00      -1  -0.200E+00   19.93
  54   -53.0000     -10.770 0.4049   0.5000E+01  0.3145E-02 -0.5000E+01  0.0000E+00      -1  -0.200E+00   19.95
  55   -54.0000     -10.770 0.4049   0.5000E+01  0.3145E-02 -0.5000E+01  0.0000E+00      -1  -0.200E+00   19.97
  56   -55.0000     -10.770 0.4049   0.5000E+01  0.3145E-02 -0.5000E+01  0.0000E+00      -1  -0.200E+00   19.98
  57   -56.0000     -10.770 0.4049   0.5000E+01  0.3145E-02 -0.5000E+01  0.0000E+00      -1  -0.200E+00   19.99
  58   -57.0000     -10.770 0.4049   0.5000E+01  0.3145E-02 -0.5000E+01  0.0000E+00      -1  -0.200E+00   20.00
  59   -58.0000     -10.770 0.4049   0.5000E+01  0.3145E-02 -0.5000E+01  0.0000E+00      -1  -0.200E+00   20.01
  60   -59.0000     -10.770 0.4049   0.5000E+01  0.3145E-02 -0.5000E+01  0.0000E+00      -1  -0.200E+00   20.01
  61   -60.0000     -10.770 0.4049   0.5000E+01  0.3145E-02 -0.5000E+01  0.0000E+00      -1  -0.200E+00   20.02
  62   -61.0000     -10.770 0.4049   0.5000E+01  0.3145E-02 -0.5000E+01  0.0000E+00      -1  -0.200E+00   20.02
  63   -62.0000     -10.770 0.4049   0.5000E+01  0.3145E-02 -0.5000E+01  0.0000E+00      -1  -0.200E+00   20.03
  64   -63.0000     -10.770 0.4049   0.5000E+01  0.3145E-02 -0.5000E+01  0.0000E+00      -1  -0.200E+00   20.03
  65   -64.0000     -10.770 0.4049   0.5000E+01  0.3145E-02 -0.5000E+01  0.0000E+00      -1  -0.200E+00   20.03
  66   -65.0000     -10.770 0.4049   0.5000E+01  0.3145E-02 -0.5000E+01  0.0000E+00      -1  -0.200E+00   20.03
  67   -66.0000     -10.770 0.4049   0.5000E+01  0.3145E-02 -0.5000E+01  0.0000E+00      -1  -0.200E+00   20.03
  68   -67.0000     -10.770 0.4049   0.5000E+01  0.3145E-02 -0.5000E+01  0.0000E+00      -1  -0.200E+00   20.02
  69   -68.0000     -10.770 0.4049   0.5000E+01  0.3145E-02 -0.5000E+01  0.0000E+00      -1  -0.200E+00   20.02
  70   -69.0000     -10.770 0.4049   0.5000E+01  0.3145E-02 -0.5000E+01  0.0000E+00      -1  -0.200E+00   20.02
  71   -70.0000     -10.770 0.4049   0.5000E+01  0.3145E-02 -0.5000E+01  0.0000E+00      -1  -0.200E+00   20.02
  72   -71.0000     -10.770 0.4049   0.5000E+01  0.3145E-02 -0.5000E+01  0.0000E+00      -1  -0.200E+00   20.01
  73   -72.0000     -10.770 0.4049   0.5000E+01  0.3145E-02 -0.5000E+01  0.0000E+00      -1  -0.200E+00   20.01
  74   -73.0000     -10.770 0.4049   0.5000E+01  0.3145E-02 -0.5000E+01  0.0000E+00      -1  -0.200E+00   20.01
  75   -74.0000     -10.770 0.4049   0.5000E+01  0.3145E-02 -0.5000E+01  0.0000E+00      -1  -0.200E+00   20.00
  76   -75.0000     -10.770 0.4049   0.5000E+01  0.3145E-02 -0.5000E+01  0.0000E+00      -1  -0.200E+00   20.00
  77   -76.0000     -10.770 0.4049   0.5000E+01  0.3145E-02 -0.5000E+01  0.0000E+00      -1  -0.200E+00   19.99
  78   -77.0000     -10.770 0.4049   0.5000E+01  0.3145E-02 -0.5000E+01  0.0000E+00      -1  -0.200E+00   19.99
  79   -78.0000     -10.770 0.4049   0.5000E+01  0.3145E-02 -0.5000E+01  0.0000E+00      -1  -0.200E+00   19.99
  80   -79.0000     -10.770 0.4049   0.5000E+01  0.3145E-02 -0.5000E+01  0.0000E+00      -1  -0.200E+00   19.98
  81   -80.0000     -10.770 0.4049   0.5000E+01  0.3145E-02 -0.5000E+01  0.0000E+00      -1  -0.200E+00   19.98
  82   -81.0000     -10.770 0.4049   0.5000E+01  0.3145E-02 -0.5000E+01  0.0000E+00      -1  -0.200E+00   19.98
  83   -82.0000     -10.770 0.4049   0.5000E+01  0.3145E-02 -0.5000E+01  0.0000E+00      -1  -0.200E+00   19.97
  84   -83.0000     -10.770 0.4049   0.5000E+01  0.3145E-02 -0.5000E+01  0.0000E+00      -1  -0.200E+00   19.97
  85   -84.0000     -10.770 0.4049   0.5000E+01  0.3145E-02 -0.5000E+01  0.0000E+00      -1  -0.200E+00   19.97
  86   -85.0000     -10.770 0.4049   0.5000E+01  0.3145E-02 -0.5000E+01  0.0000E+00      -1  -0.200E+00   19.97
  87   -86.0000     -10.770 0.4049   0.5000E+01  0.3145E-02 -0.5000E+01  0.0000E+00      -1  -0.200E+00   19.96
  88   -87.0000     -10.770 0.4049   0.5000E+01  0.3145E-02 -0.5000E+01  0.0000E+00      -1  -0.200E+00   19.96
  89   -88.0000     -10.770 0.4049   0.5000E+01  0.3145E-02 -0.5000E+01  0.0000E+00      -1  -0.200E+00   19.96
  90   -89.0000     -10.770 0.4049   0.5000E+01  0.3145E-02 -0.5000E+01  0.0000E+00      -1  -0.200E+00   19.96
  91   -90.0000     -10.770 0.4049   0.5000E+01  0.3145E-02 -0.5000E+01  0.0000E+00      -1  -0.200E+00   19.96
  92   -91.0000     -10.770 0.4049   0.5000E+01  0.3145E-02 -0.5000E+01  0.0000E+00      -1  -0.200E+00   19.96
  93   -92.0000     -10.770 0.4049   0.5000E+01  0.3145E-02 -0.5000E+01  0.0000E+00      -1  -0.200E+00   19.95
  94   -93.0000     -10.770 0.4049   0.5000E+01  0.3145E-02 -0.5000E+01  0.0000E+00      -1  -0.200E+00   19.95
  95   -94.0000     -10.770 0.4049   0.5000E+01  0.3145E-02 -0.5000E+01  0.0000E+00      -1  -0.200E+00   19.95
  96   -95.0000     -10.770 0.4049   0.5000E+01  0.3145E-02 -0.5000E+01  0.0000E+00      -1  -0.200E+00   19.95
  97   -96.0000     -10.770 0.4049   0.5000E+01  0.3145E-02 -0.5000E+01  0.0000E+00      -1  -0.200E+00   19.95
  98   -97.0000     -10.770 0.4049   0.5000E+01  0.3145E-02 -0.5000E+01  0.0000E+00      -1  -0.200E+00   19.95
  99   -98.0000     -10.770 0.4049   0.5000E+01  0.3145E-02 -0.5000E+01  0.0000E+00      -1  -0.200E+00   19.95
 100   -99.0000     -10.770 0.4049   0.5000E+01  0.3145E-02 -0.5000E+01  0.0000E+00      -1  -0.200E+00   19.95
 101  -100.0000     -10.770 0.4049   0.5000E+01  0.3145E-02 -0.5000E+01  0.0000E+00      -1  -0.200E+00   19.95
end


 Time:        4.6250


 Node      Depth      Head Moisture       K          C         Flux        Sink         Kappa   v/KsTop   Temp
           [L]        [L]    [-]        [L/T]      [1/L]      [L/T]        [1/T]         [-]      [-]      [C]

   1     0.0000     -10.770 0.4049   0.5000E+01  0.3145E-02 -0.5000E+01  0.0000E+00      -1  -0.200E+00   28.66
   2    -1.0000     -10.770 0.4049   0.5000E+01  0.3145E-02 -0.5000E+01  0.0000E+00      -1  -0.200E+00   28.39
   3    -2.0000     -10.770 0.4049   0.5000E+01  0.3145E-02 -0.5000E+01  0.0000E+00      -1  -0.200E+00   28.07
   4    -3.0000     -10.770 0.4049   0.5000E+01  0.3145E-02 -0.5000E+01  0.0000E+00      -1  -0.200E+00   27.69
   5    -4.0000     -10.770 0.4049   0.5000E+01  0.3145E-02 -0.5000E+01  0.0000E+00      -1  -0.200E+00   27.28
   6    -5.0000     -10.770 0.4049   0.5000E+01  0.3145E-02 -0.5000E+01  0.0000E+00      -1  -0.200E+00   26.85
   7    -6.0000     -10.770 0.4049   0.5000E+01  0.3145E-02 -0.5000E+01  0.0000E+00      -1  -0.200E+00   26.39
   8    -7.0000     -10.770 0.4049   0.5000E+01  0.3145E-02 -0.5000E+01  0.0000E+00      -1  -0.200E+00   25.93
   9    -8.0000     -10.770 0.4049   0.5000E+01  0.3145E-02 -0.5000E+01  0.0000E+00      -1  -0.200E+00   25.46
  10    -9.0000     -10.770 0.4049   0.5000E+01  0.3145E-02 -0.5000E+01  0.0000E+00      -1  -0.200E+00   25.00
  11   -10.0000     -10.770 0.4049   0.5000E+01  0.3145E-02 -0.5000E+01  0.0000E+00      -1  -0.200E+00   24.54
  12   -11.0000     -10.770 0.4049   0.5000E+01  0.3145E-02 -0.5000E+01  0.0000E+00      -1  -0.200E+00   24.09
  13   -12.0000     -10.770 0.4049   0.5000E+01  0.3145E-02 -0.5000E+01  0.0000E+00      -1  -0.200E+00   23.66
  14   -13.0000     -10.770 0.4049   0.5000E+01  0.3145E-02 -0.5000E+01  0.0000E+00      -1  -0.200E+00   23.25
  15   -14.0000     -10.770 0.4049   0.5000E+01  0.3145E-02 -0.5000E+01  0.0000E+00      -1  -0.200E+00   22.86
  16   -15.0000     -10.770 0.4049   0.5000E+01  0.3145E-02 -0.5000E+01  0.0000E+00      -1  -0.200E+00   22.49
  17   -16.0000     -10.770 0.4049   0.5000E+01  0.3145E-02 -0.5000E+01  0.0000E+00      -1  -0.200E+00   22.14
  18   -17.0000     -10.770 0.4049   0.5000E+01  0.3145E-02 -0.5000E+01  0.0000E+00      -1  -0.200E+00   21.81
  19   -18.0000     -10.770 0.4049   0.5000E+01  0.3145E-02 -0.5000E+01  0.0000E+00      -1  -0.200E+00   21.51
  20   -19.0000     -10.770 0.4049   0.5000E+01  0.3145E-02 -0.5000E+01  0.0000E+00      -1  -0.200E+00   21.23
  21   -20.0000     -10.770 0.4049   0.5000E+01  0.3145E-02 -0.5000E+01  0.0000E+00      -1  -0.200E+00   20.98
  22   -21.0000     -10.770 0.4049   0.5000E+01  0.3145E-02 -0.5000E+01  0.0000E+00      -1  -0.200E+00   20.75
  23   -22.0000     -10.770 0.4049   0.5000E+01  0.3145E-02 -0.5000E+01  0.0000E+00      -1  -0.200E+00   20.55
  24   -23.0000     -10.770 0.4049   0.5000E+01  0.3145E-02 -0.5000E+01  0.0000E+00      -1  -0.200E+00   20.36
  25   -24.0000     -10.770 0.4049   0.5000E+01  0.3145E-02 -0.5000E+01  0.0000E+00      -1  -0.200E+00   20.20
  26   -25.0000     -10.770 0.4049   0.5000E+01  0.3145E-02 -0.5000E+01  0.0000E+00      -1  -0.200E+00   20.06
  27   -26.0000     -10.770 0.4049   0.5000E+01  0.3145E-02 -0.5000E+01  0.0000E+00      -1  -0.200E+00   19.93
  28   -27.0000     -10.770 0.4049   0.5000E+01  0.3145E-02 -0.5000E+01  0.0000E+00      -1  -0.200E+00   19.83
  29   -28.0000     -10.770 0.4049   0.5000E+01  0.3145E-02 -0.5000E+01  0.0000E+00      -1  -0.200E+00   19.74
  30   -29.0000     -10.770 0.4049   0.5000E+01  0.3145E-02 -0.5000E+01  0.0000E+00      -1  -0.200E+00   19.66
  31   -30.0000     -10.770 0.4049   0.5000E+01  0.3145E-02 -0.5000E+01  0.0000E+00      -1  -0.200E+00   19.60
  32   -31.0000     -10.770 0.4049   0.5000E+01  0.3145E-02 -0.5000E+01  0.0000E+00      -1  -0.200E+00   19.55
  33   -32.0000     -10.770 0.4049   0.5000E+01  0.3145E-02 -0.5000E+01  0.0000E+00      -1  -0.200E+00   19.52
  34   -33.0000     -10.770 0.4049   0.5000E+01  0.3145E-02 -0.5000E+01  0.0000E+00      -1  -0.200E+00   19.49
  35   -34.0000     -10.770 0.4049   0.5000E+01  0.3145E-02 -0.5000E+01  0.0000E+00      -1  -0.200E+00   19.47
  36   -35.0000     -10.770 0.4049   0.5000E+01  0.3145E-02 -0.5000E+01  0.0000E+00      -1  -0.200E+00   19.46
  37   -36.0000     -10.770 0.4049   0.5000E+01  0.3145E-02 -0.5000E+01  0.0000E+00      -1  -0.200E+00   19.46
  38   -37.0000     -10.770 0.4049   0.5000E+01  0.3145E-02 -0.5000E+01  0.0000E+00      -1  -0.200E+00   19.47
  39   -38.0000     -10.770 0.4049   0.5000E+01  0.3145E-02 -0.5000E+01  0.0000E+00      -1  -0.200E+00   19.48
  40   -39.0000     -10.770 0.4049   0.5000E+01  0.3145E-02 -0.5000E+01  0.0000E+00      -1  -0.200E+00   19.49
  41   -40.0000     -10.770 0.4049   0.5000E+01  0.3145E-02 -0.5000E+01  0.0000E+00      -1  -0.200E+00   19.51
  42   -41.0000     -10.770 0.4049   0.5000E+01  0.3145E-02 -0.5000E+01  0.0000E+00      -1  -0.200E+00   19.53
  43   -42.0000     -10.770 0.4049   0.5000E+01  0.3145E-02 -0.5000E+01  0.0000E+00      -1  -0.200E+00   19.55
  44   -43.0000     -10.770 0.4049   0.5000E+01  0.3145E-02 -0.5000E+01  0.0000E+00      -1  -0.200E+00   19.57
  45   -44.0000     -10.770 0.4049   0.5000E+01  0.3145E-02 -0.5000E+01  0.0000E+00      -1  -0.200E+00   19.60
  46   -45.0000     -10.770 0.4049   0.5000E+01  0.3145E-02 -0.5000E+01  0.0000E+00      -1  -0.200E+00   19.63
  47   -46.0000     -10.770 0.4049   0.5000E+01  0.3145E-02 -0.5000E+01  0.0000E+00      -1  -0.200E+00   19.65
  48   -47.0000     -10.770 0.4049   0.5000E+01  0.3145E-02 -0.5000E+01  0.0000E+00      -1  -0.200E+00   19.68
  49   -48.0000     -10.770 0.4049   0.5000E+01  0.3145E-02 -0.5000E+01  0.0000E+00      -1  -0.200E+00   19.70
  50   -49.0000     -10.770 0.4049   0.5000E+01  0.3145E-02 -0.5000E+01  0.0000E+00      -1  -0.200E+00   19.73
  51   -50.0000     -10.770 0.4049   0.5000E+01  0.3145E-02 -0.5000E+01  0.0000E+00      -1  -0.200E+00   19.75
  52   -51.0000     -10.770 0.4049   0.5000E+01  0.3145E-02 -0.5000E+01  0.0000E+00      -1  -0.200E+00   19.78
  53   -52.0000     -10.770 0.4049   0.5000E+01  0.3145E-02 -0.5000E+01  0.0000E+00      -1  -0.200E+00   19.80
  54   -53.0000     -10.770 0.4049   0.5000E+01  0.3145E-02 -0.5000E+01  0.0000E+00      -1  -0.200E+00   19.82
  55   -54.0000     -10.770 0.4049   0.5000E+01  0.3145E-02 -0.5000E+01  0.0000E+00      -1  -0.200E+00   19.84
  56   -55.0000     -10.770 0.4049   0.5000E+01  0.3145E-02 -0.5000E+01  0.0000E+00      -1  -0.200E+00   19.86
  57   -56.0000     -10.770 0.4049   0.5000E+01  0.3145E-02 -0.5000E+01  0.0000E+00      -1  -0.200E+00   19.88
  58   -57.0000     -10.770 0.4049   0.5000E+01  0.3145E-02 -0.5000E+01  0.0000E+00      -1  -0.200E+00   19.89
  59   -58.0000     -10.770 0.4049   0.5000E+01  0.3145E-02 -0.5000E+01  0.0000E+00      -1  -0.200E+00   19.91
  60   -59.0000     -10.770 0.4049   0.5000E+01  0.3145E-02 -0.5000E+01  0.0000E+00      -1  -0.200E+00   19.92
  61   -60.0000     -10.770 0.4049   0.5000E+01  0.3145E-02 -0.5000E+01  0.0000E+00      -1  -0.200E+00   19.93
  62   -61.0000     -10.770 0.4049   0.5000E+01  0.3145E-02 -0.5000E+01  0.0000E+00      -1  -0.200E+00   19.94
  63   -62.0000     -10.770 0.4049   0.5000E+01  0.3145E-02 -0.5000E+01  0.0000E+00      -1  -0.200E+00   19.95
  64   -63.0000     -10.770 0.4049   0.5000E+01  0.3145E-02 -0.5000E+01  0.0000E+00      -1  -0.200E+00   19.96
  65   -64.0000     -10.770 0.4049   0.5000E+01  0.3145E-02 -0.5000E+01  0.0000E+00      -1  -0.200E+00   19.97
  66   -65.0000     -10.770 0.4049   0.5000E+01  0.3145E-02 -0.5000E+01  0.0000E+00      -1  -0.200E+00   19.97
  67   -66.0000     -10.770 0.4049   0.5000E+01  0.3145E-02 -0.5000E+01  0.0000E+00      -1  -0.200E+00   19.98
  68   -67.0000     -10.770 0.4049   0.5000E+01  0.3145E-02 -0.5000E+01  0.0000E+00      -1  -0.200E+00   19.98
  69   -68.0000     -10.770 0.4049   0.5000E+01  0.3145E-02 -0.5000E+01  0.0000E+00      -1  -0.200E+00   19.99
  70   -69.0000     -10.770 0.4049   0.5000E+01  0.3145E-02 -0.5000E+01  0.0000E+00      -1  -0.200E+00   19.99
  71   -70.0000     -10.770 0.4049   0.5000E+01  0.3145E-02 -0.5000E+01  0.0000E+00      -1  -0.200E+00   19.99
  72   -71.0000     -10.770 0.4049   0.5000E+01  0.3145E-02 -0.5000E+01  0.0000E+00      -1  -0.200E+00   19.99
  73   -72.0000     -10.770 0.4049   0.5000E+01  0.3145E-02 -0.5000E+01  0.0000E+00      -1  -0.200E+00   19.99
  74   -73.0000     -10.770 0.4049   0.5000E+01  0.3145E-02 -0.5000E+01  0.0000E+00      -1  -0.200E+00   19.99
  75   -74.0000     -10.770 0.4049   0.5000E+01  0.3145E-02 -0.5000E+01  0.0000E+00      -1  -0.200E+00   19.99
  76   -75.0000     -10.770 0.4049   0.5000E+01  0.3145E-02 -0.5000E+01  0.0000E+00      -1  -0.200E+00   19.99
  77   -76.0000     -10.770 0.4049   0.5000E+01  0.3145E-02 -0.5000E+01  0.0000E+00      -1  -0.200E+00   19.99
  78   -77.0000     -10.770 0.4049   0.5000E+01  0.3145E-02 -0.5000E+01  0.0000E+00      -1  -0.200E+00   19.99
  79   -78.0000     -10.770 0.4049   0.5000E+01  0.3145E-02 -0.5000E+01  0.0000E+00      -1  -0.200E+00   19.99
  80   -79.0000     -10.770 0.4049   0.5000E+01  0.3145E-02 -0.5000E+01  0.0000E+00      -1  -0.200E+00   19.99
  81   -80.0000     -10.770 0.4049   0.5000E+01  0.3145E-02 -0.5000E+01  0.0000E+00      -1  -0.200E+00   19.98
  82   -81.0000     -10.770 0.4049   0.5000E+01  0.3145E-02 -0.5000E+01  0.0000E+00      -1  -0.200E+00   19.98
  83   -82.0000     -10.770 0.4049   0.5000E+01  0.3145E-02 -0.5000E+01  0.0000E+00      -1  -0.200E+00   19.98
  84   -83.0000     -10.770 0.4049   0.5000E+01  0.3145E-02 -0.5000E+01  0.0000E+00      -1  -0.200E+00   19.98
  85   -84.0000     -10.770 0.4049   0.5000E+01  0.3145E-02 -0.5000E+01  0.0000E+00      -1  -0.200E+00   19.98
  86   -85.0000     -10.770 0.4049   0.5000E+01  0.3145E-02 -0.5000E+01  0.0000E+00      -1  -0.200E+00   19.98
  87   -86.0000     -10.770 0.4049   0.5000E+01  0.3145E-02 -0.5000E+01  0.0000E+00      -1  -0.200E+00   19.97
  88   -87.0000     -10.770 0.4049   0.5000E+01  0.3145E-02 -0.5000E+01  0.0000E+00      -1  -0.200E+00   19.97
  89   -88.0000     -10.770 0.4049   0.5000E+01  0.3145E-02 -0.5000E+01  0.0000E+00      -1  -0.200E+00   19.97
  90   -89.0000     -10.770 0.4049   0.5000E+01  0.3145E-02 -0.5000E+01  0.0000E+00      -1  -0.200E+00   19.97
  91   -90.0000     -10.770 0.4049   0.5000E+01  0.3145E-02 -0.5000E+01  0.0000E+00      -1  -0.200E+00   19.97
  92   -91.0000     -10.770 0.4049   0.5000E+01  0.3145E-02 -0.5000E+01  0.0000E+00      -1  -0.200E+00   19.97
  93   -92.0000     -10.770 0.4049   0.5000E+01  0.3145E-02 -0.5000E+01  0.0000E+00      -1  -0.200E+00   19.96
  94   -93.0000     -10.770 0.4049   0.5000E+01  0.3145E-02 -0.5000E+01  0.0000E+00      -1  -0.200E+00   19.96
  95   -94.0000     -10.770 0.4049   0.5000E+01  0.3145E-02 -0.5000E+01  0.0000E+00      -1  -0.200E+00   19.96
  96   -95.0000     -10.770 0.4049   0.5000E+01  0.3145E-02 -0.5000E+01  0.0000E+00      -1  -0.200E+00   19.96
  97   -96.0000     -10.770 0.4049   0.5000E+01  0.3145E-02 -0.5000E+01  0.0000E+00      -1  -0.200E+00   19.96
  98   -97.0000     -10.770 0.4049   0.5000E+01  0.3145E-02 -0.5000E+01  0.0000E+00      -1  -0.200E+00   19.96
  99   -98.0000     -10.770 0.4049   0.5000E+01  0.3145E-02 -0.5000E+01  0.0000E+00      -1  -0.200E+00   19.96
 100   -99.0000     -10.770 0.4049   0.5000E+01  0.3145E-02 -0.5000E+01  0.0000E+00      -1  -0.200E+00   19.96
 101  -100.0000     -10.770 0.4049   0.5000E+01  0.3145E-02 -0.5000E+01  0.0000E+00      -1  -0.200E+00   19.96
end


 Time:        4.7500


 Node      Depth      Head Moisture       K          C         Flux        Sink         Kappa   v/KsTop   Temp
           [L]        [L]    [-]        [L/T]      [1/L]      [L/T]        [1/T]         [-]      [-]      [C]

   1     0.0000     -10.770 0.4049   0.5000E+01  0.3145E-02 -0.5000E+01  0.0000E+00      -1  -0.200E+00   22.59
   2    -1.0000     -10.770 0.4049   0.5000E+01  0.3145E-02 -0.5000E+01  0.0000E+00      -1  -0.200E+00   23.13
   3    -2.0000     -10.770 0.4049   0.5000E+01  0.3145E-02 -0.5000E+01  0.0000E+00      -1  -0.200E+00   23.56
   4    -3.0000     -10.770 0.4049   0.5000E+01  0.3145E-02 -0.5000E+01  0.0000E+00      -1  -0.200E+00   23.89
   5    -4.0000     -10.770 0.4049   0.5000E+01  0.3145E-02 -0.5000E+01  0.0000E+00      -1  -0.200E+00   24.13
   6    -5.0000     -10.770 0.4049   0.5000E+01  0.3145E-02 -0.5000E+01  0.0000E+00      -1  -0.200E+00   24.29
   7    -6.0000     -10.770 0.4049   0.5000E+01  0.3145E-02 -0.5000E+01  0.0000E+00      -1  -0.200E+00   24.38
   8    -7.0000     -10.770 0.4049   0.5000E+01  0.3145E-02 -0.5000E+01  0.0000E+00      -1  -0.200E+00   24.40
   9    -8.0000     -10.770 0.4049   0.5000E+01  0.3145E-02 -0.5000E+01  0.0000E+00      -1  -0.200E+00   24.38
  10    -9.0000     -10.770 0.4049   0.5000E+01  0.3145E-02 -0.5000E+01  0.0000E+00      -1  -0.200E+00   24.30
  11   -10.0000     -10.770 0.4049   0.5000E+01  0.3145E-02 -0.5000E+01  0.0000E+00      -1  -0.200E+00   24.19
  12   -11.0000     -10.770 0.4049   0.5000E+01  0.3145E-02 -0.5000E+01  0.0000E+00      -1  -0.200E+00   24.05
  13   -12.0000     -10.770 0.4049   0.5000E+01  0.3145E-02 -0.5000E+01  0.0000E+00      -1  -0.200E+00   23.87
  14   -13.0000     -10.770 0.4049   0.5000E+01  0.3145E-02 -0.5000E+01  0.0000E+00      -1  -0.200E+00   23.68
  15   -14.0000     -10.770 0.4049   0.5000E+01  0.3145E-02 -0.5000E+01  0.0000E+00      -1  -0.200E+00   23.48
  16   -15.0000     -10.770 0.4049   0.5000E+01  0.3145E-02 -0.5000E+01  0.0000E+00      -1  -0.200E+00   23.26
  17   -16.0000     -10.770 0.4049   0.5000E+01  0.3145E-02 -0.5000E+01  0.0000E+00      -1  -0.200E+00   23.03
  18   -17.0000     -10.770 0.4049   0.5000E+01  0.3145E-02 -0.5000E+01  0.0000E+00      -1  -0.200E+00   22.80
  19   -18.0000     -10.770 0.4049   0.5000E+01  0.3145E-02 -0.5000E+01  0.0000E+00      -1  -0.200E+00   22.58
  20   -19.0000     -10.770 0.4049   0.5000E+01  0.3145E-02 -0.5000E+01  0.0000E+00      -1  -0.200E+00   22.35
  21   -20.0000     -10.770 0.4049   0.5000E+01  0.3145E-02 -0.5000E+01  0.0000E+00      -1  -0.200E+00   22.13
  22   -21.0000     -10.770 0.4049   0.5000E+01  0.3145E-02 -0.5000E+01  0.0000E+00      -1  -0.200E+00   21.91
  23   -22.0000     -10.770 0.4049   0.5000E+01  0.3145E-02 -0.5000E+01  0.0000E+00      -1  -0.200E+00   21.70
  24   -23.0000     -10.770 0.4049   0.5000E+01  0.3145E-02 -0.5000E+01  0.0000E+00      -1  -0.200E+00   21.50
  25   -24.0000     -10.770 0.4049   0.5000E+01  0.3145E-02 -0.5000E+01  0.0000E+00      -1  -0.200E+00   21.31
  26   -25.0000     -10.770 0.4049   0.5000E+01  0.3145E-02 -0.5000E+01  0.0000E+00      -1  -0.200E+00   21.14
  27   -26.0000     -10.770 0.4049   0.5000E+01  0.3145E-02 -0.5000E+01  0.0000E+00      -1  -0.200E+00   20.97
  28   -27.0000     -10.770 0.4049   0.5000E+01  0.3145E-02 -0.5000E+01  0.0000E+00      -1  -0.200E+00   20.82
  29   -28.0000     -10.770 0.4049   0.5000E+01  0.3145E-02 -0.5000E+01  0.0000E+00      -1  -0.200E+00   20.67
  30   -29.0000     -10.770 0.4049   0.5000E+01  0.3145E-02 -0.5000E+01  0.0000E+00      -1  -0.200E+00   20.54
  31   -30.0000     -10.770 0.4049   0.5000E+01  0.3145E-02 -0.5000E+01  0.0000E+00      -1  -0.200E+00   20.42
  32   -31.0000     -10.770 0.4049   0.5000E+01  0.3145E-02 -0.5000E+01  0.0000E+00      -1  -0.200E+00   20.32
  33   -32.0000     -10.770 0.4049   0.5000E+01  0.3145E-02 -0.5000E+01  0.0000E+00      -1  -0.200E+00   20.22
  34   -33.0000     -10.770 0.4049   0.5000E+01  0.3145E-02 -0.5000E+01  0.0000E+00      -1  -0.200E+00   20.13
  35   -34.0000     -10.770 0.4049   0.5000E+01  0.3145E-02 -0.5000E+01  0.0000E+00      -1  -0.200E+00   20.06
  36   -35.0000     -10.770 0.4049   0.5000E+01  0.3145E-02 -0.5000E+01  0.0000E+00      -1  -0.200E+00   19.99
  37   -36.0000     -10.770 0.4049   0.5000E+01  0.3145E-02 -0.5000E+01  0.0000E+00      -1  -0.200E+00   19.93
  38   -37.0000     -10.770 0.4049   0.5000E+01  0.3145E-02 -0.5000E+01  0.0000E+00      -1  -0.200E+00   19.88
  39   -38.0000     -10.770 0.4049   0.5000E+01  0.3145E-02 -0.5000E+01  0.0000E+00      -1  -0.200E+00   19.84
  40   -39.0000     -10.770 0.4049   0.5000E+01  0.3145E-02 -0.5000E+01  0.0000E+00      -1  -0.200E+00   19.81
  41   -40.0000     -10.770 0.4049   0.5000E+01  0.3145E-02 -0.5000E+01  0.0000E+00      -1  -0.200E+00   19.78
  42   -41.0000     -10.770 0.4049   0.5000E+01  0.3145E-02 -0.5000E+01  0.0000E+00      -1  -0.200E+00   19.76
  43   -42.0000     -10.770 0.4049   0.5000E+01  0.3145E-02 -0.5000E+01  0.0000E+00      -1  -0.200E+00   19.74
  44   -43.0000     -10.770 0.4049   0.5000E+01  0.3145E-02 -0.5000E+01  0.0000E+00      -1  -0.200E+00   19.73
  45   -44.0000     -10.770 0.4049   0.5000E+01  0.3145E-02 -0.5000E+01  0.0000E+00      -1  -0.200E+00   19.73
  46   -45.0000     -10.770 0.4049   0.5000E+01  0.3145E-02 -0.5000E+01  0.0000E+00      -1  -0.200E+00   19.72
  47   -46.0000     -10.770 0.4049   0.5000E+01  0.3145E-02 -0.5000E+01  0.0000E+00      -1  -0.200E+00   19.72
  48   -47.0000     -10.770 0.4049   0.5000E+01  0.3145E-02 -0.5000E+01  0.0000E+00      -1  -0.200E+00   19.73
  49   -48.0000     -10.770 0.4049   0.5000E+01  0.3145E-02 -0.5000E+01  0.0000E+00      -1  -0.200E+00   19.73
  50   -49.0000     -10.770 0.4049   0.5000E+01  0.3145E-02 -0.5000E+01  0.0000E+00      -1  -0.200E+00   19.74
  51   -50.0000     -10.770 0.4049   0.5000E+01  0.3145E-02 -0.5000E+01  0.0000E+00      -1  -0.200E+00   19.75
  52   -51.0000     -10.770 0.4049   0.5000E+01  0.3145E-02 -0.5000E+01  0.0000E+00      -1  -0.200E+00   19.76
  53   -52.0000     -10.770 0.4049   0.5000E+01  0.3145E-02 -0.5000E+01  0.0000E+00      -1  -0.200E+00   19.77
  54   -53.0000     -10.770 0.4049   0.5000E+01  0.3145E-02 -0.5000E+01  0.0000E+00      -1  -0.200E+00   19.78
  55   -54.0000     -10.770 0.4049   0.5000E+01  0.3145E-02 -0.5000E+01  0.0000E+00      -1  -0.200E+00   19.79
  56   -55.0000     -10.770 0.4049   0.5000E+01  0.3145E-02 -0.5000E+01  0.0000E+00      -1  -0.200E+00   19.80
  57   -56.0000     -10.770 0.4049   0.5000E+01  0.3145E-02 -0.5000E+01  0.0000E+00      -1  -0.200E+00   19.82
  58   -57.0000     -10.770 0.4049   0.5000E+01  0.3145E-02 -0.5000E+01  0.0000E+00      -1  -0.200E+00   19.83
  59   -58.0000     -10.770 0.4049   0.5000E+01  0.3145E-02 -0.5000E+01  0.0000E+00      -1  -0.200E+00   19.84
  60   -59.0000     -10.770 0.4049   0.5000E+01  0.3145E-02 -0.5000E+01  0.0000E+00      -1  -0.200E+00   19.85
  61   -60.0000     -10.770 0.4049   0.5000E+01  0.3145E-02 -0.5000E+01  0.0000E+00      -1  -0.200E+00   19.87
  62   -61.0000     -10.770 0.4049   0.5000E+01  0.3145E-02 -0.5000E+01  0.0000E+00      -1  -0.200E+00   19.88
  63   -62.0000     -10.770 0.4049   0.5000E+01  0.3145E-02 -0.5000E+01  0.0000E+00      -1  -0.200E+00   19.89
  64   -63.0000     -10.770 0.4049   0.5000E+01  0.3145E-02 -0.5000E+01  0.0000E+00      -1  -0.200E+00   19.90
  65   -64.0000     -10.770 0.4049   0.5000E+01  0.3145E-02 -0.5000E+01  0.0000E+00      -1  -0.200E+00   19.91
  66   -65.0000     -10.770 0.4049   0.5000E+01  0.3145E-02 -0.5000E+01  0.0000E+00      -1  -0.200E+00   19.92
  67   -66.0000     -10.770 0.4049   0.5000E+01  0.3145E-02 -0.5000E+01  0.0000E+00      -1  -0.200E+00   19.92
  68   -67.0000     -10.770 0.4049   0.5000E+01  0.3145E-02 -0.5000E+01  0.0000E+00      -1  -0.200E+00   19.93
  69   -68.0000     -10.770 0.4049   0.5000E+01  0.3145E-02 -0.5000E+01  0.0000E+00      -1  -0.200E+00   19.94
  70   -69.0000     -10.770 0.4049   0.5000E+01  0.3145E-02 -0.5000E+01  0.0000E+00      -1  -0.200E+00   19.94
  71   -70.0000     -10.770 0.4049   0.5000E+01  0.3145E-02 -0.5000E+01  0.0000E+00      -1  -0.200E+00   19.95
  72   -71.0000     -10.770 0.4049   0.5000E+01  0.3145E-02 -0.5000E+01  0.0000E+00      -1  -0.200E+00   19.95
  73   -72.0000     -10.770 0.4049   0.5000E+01  0.3145E-02 -0.5000E+01  0.0000E+00      -1  -0.200E+00   19.96
  74   -73.0000     -10.770 0.4049   0.5000E+01  0.3145E-02 -0.5000E+01  0.0000E+00      -1  -0.200E+00   19.96
  75   -74.0000     -10.770 0.4049   0.5000E+01  0.3145E-02 -0.5000E+01  0.0000E+00      -1  -0.200E+00   19.96
  76   -75.0000     -10.770 0.4049   0.5000E+01  0.3145E-02 -0.5000E+01  0.0000E+00      -1  -0.200E+00   19.97
  77   -76.0000     -10.770 0.4049   0.5000E+01  0.3145E-02 -0.5000E+01  0.0000E+00      -1  -0.200E+00   19.97
  78   -77.0000     -10.770 0.4049   0.5000E+01  0.3145E-02 -0.5000E+01  0.0000E+00      -1  -0.200E+00   19.97
  79   -78.0000     -10.770 0.4049   0.5000E+01  0.3145E-02 -0.5000E+01  0.0000E+00      -1  -0.200E+00   19.97
  80   -79.0000     -10.770 0.4049   0.5000E+01  0.3145E-02 -0.5000E+01  0.0000E+00      -1  -0.200E+00   19.97
  81   -80.0000     -10.770 0.4049   0.5000E+01  0.3145E-02 -0.5000E+01  0.0000E+00      -1  -0.200E+00   19.97
  82   -81.0000     -10.770 0.4049   0.5000E+01  0.3145E-02 -0.5000E+01  0.0000E+00      -1  -0.200E+00   19.97
  83   -82.0000     -10.770 0.4049   0.5000E+01  0.3145E-02 -0.5000E+01  0.0000E+00      -1  -0.200E+00   19.97
  84   -83.0000     -10.770 0.4049   0.5000E+01  0.3145E-02 -0.5000E+01  0.0000E+00      -1  -0.200E+00   19.97
  85   -84.0000     -10.770 0.4049   0.5000E+01  0.3145E-02 -0.5000E+01  0.0000E+00      -1  -0.200E+00   19.97
  86   -85.0000     -10.770 0.4049   0.5000E+01  0.3145E-02 -0.5000E+01  0.0000E+00      -1  -0.200E+00   19.97
  87   -86.0000     -10.770 0.4049   0.5000E+01  0.3145E-02 -0.5000E+01  0.0000E+00      -1  -0.200E+00   19.97
  88   -87.0000     -10.770 0.4049   0.5000E+01  0.3145E-02 -0.5000E+01  0.0000E+00      -1  -0.200E+00   19.97
  89   -88.0000     -10.770 0.4049   0.5000E+01  0.3145E-02 -0.5000E+01  0.0000E+00      -1  -0.200E+00   19.97
  90   -89.0000     -10.770 0.4049   0.5000E+01  0.3145E-02 -0.5000E+01  0.0000E+00      -1  -0.200E+00   19.97
  91   -90.0000     -10.770 0.4049   0.5000E+01  0.3145E-02 -0.5000E+01  0.0000E+00      -1  -0.200E+00   19.97
  92   -91.0000     -10.770 0.4049   0.5000E+01  0.3145E-02 -0.5000E+01  0.0000E+00      -1  -0.200E+00   19.97
  93   -92.0000     -10.770 0.4049   0.5000E+01  0.3145E-02 -0.5000E+01  0.0000E+00      -1  -0.200E+00   19.97
  94   -93.0000     -10.770 0.4049   0.5000E+01  0.3145E-02 -0.5000E+01  0.0000E+00      -1  -0.200E+00   19.97
  95   -94.0000     -10.770 0.4049   0.5000E+01  0.3145E-02 -0.5000E+01  0.0000E+00      -1  -0.200E+00   19.97
  96   -95.0000     -10.770 0.4049   0.5000E+01  0.3145E-02 -0.5000E+01  0.0000E+00      -1  -0.200E+00   19.97
  97   -96.0000     -10.770 0.4049   0.5000E+01  0.3145E-02 -0.5000E+01  0.0000E+00      -1  -0.200E+00   19.97
  98   -97.0000     -10.770 0.4049   0.5000E+01  0.3145E-02 -0.5000E+01  0.0000E+00      -1  -0.200E+00   19.97
  99   -98.0000     -10.770 0.4049   0.5000E+01  0.3145E-02 -0.5000E+01  0.0000E+00      -1  -0.200E+00   19.97
 100   -99.0000     -10.770 0.4049   0.5000E+01  0.3145E-02 -0.5000E+01  0.0000E+00      -1  -0.200E+00   19.97
 101  -100.0000     -10.770 0.4049   0.5000E+01  0.3145E-02 -0.5000E+01  0.0000E+00      -1  -0.200E+00   19.97
end


 Time:        4.8750


 Node      Depth      Head Moisture       K          C         Flux        Sink         Kappa   v/KsTop   Temp
           [L]        [L]    [-]        [L/T]      [1/L]      [L/T]        [1/T]         [-]      [-]      [C]

   1     0.0000     -10.770 0.4049   0.5000E+01  0.3145E-02 -0.5000E+01  0.0000E+00      -1  -0.200E+00   15.00
   2    -1.0000     -10.770 0.4049   0.5000E+01  0.3145E-02 -0.5000E+01  0.0000E+00      -1  -0.200E+00   16.03
   3    -2.0000     -10.770 0.4049   0.5000E+01  0.3145E-02 -0.5000E+01  0.0000E+00      -1  -0.200E+00   16.97
   4    -3.0000     -10.770 0.4049   0.5000E+01  0.3145E-02 -0.5000E+01  0.0000E+00      -1  -0.200E+00   17.81
   5    -4.0000     -10.770 0.4049   0.5000E+01  0.3145E-02 -0.5000E+01  0.0000E+00      -1  -0.200E+00   18.55
   6    -5.0000     -10.770 0.4049   0.5000E+01  0.3145E-02 -0.5000E+01  0.0000E+00      -1  -0.200E+00   19.22
   7    -6.0000     -10.770 0.4049   0.5000E+01  0.3145E-02 -0.5000E+01  0.0000E+00      -1  -0.200E+00   19.79
   8    -7.0000     -10.770 0.4049   0.5000E+01  0.3145E-02 -0.5000E+01  0.0000E+00      -1  -0.200E+00   20.30
   9    -8.0000     -10.770 0.4049   0.5000E+01  0.3145E-02 -0.5000E+01  0.0000E+00      -1  -0.200E+00   20.72
  10    -9.0000     -10.770 0.4049   0.5000E+01  0.3145E-02 -0.5000E+01  0.0000E+00      -1  -0.200E+00   21.08
  11   -10.0000     -10.770 0.4049   0.5000E+01  0.3145E-02 -0.5000E+01  0.0000E+00      -1  -0.200E+00   21.38
  12   -11.0000     -10.770 0.4049   0.5000E+01  0.3145E-02 -0.5000E+01  0.0000E+00      -1  -0.200E+00   21.62
  13   -12.0000     -10.770 0.4049   0.5000E+01  0.3145E-02 -0.5000E+01  0.0000E+00      -1  -0.200E+00   21.81
  14   -13.0000     -10.770 0.4049   0.5000E+01  0.3145E-02 -0.5000E+01  0.0000E+00      -1  -0.200E+00   21.96
  15   -14.0000     -10.770 0.4049   0.5000E+01  0.3145E-02 -0.5000E+01  0.0000E+00      -1  -0.200E+00   22.06
  16   -15.0000     -10.770 0.4049   0.5000E+01  0.3145E-02 -0.5000E+01  0.0000E+00      -1  -0.200E+00   22.12
  17   -16.0000     -10.770 0.4049   0.5000E+01  0.3145E-02 -0.5000E+01  0.0000E+00      -1  -0.200E+00   22.15
  18   -17.0000     -10.770 0.4049   0.5000E+01  0.3145E-02 -0.5000E+01  0.0000E+00      -1  -0.200E+00   22.15
  19   -18.0000     -10.770 0.4049   0.5000E+01  0.3145E-02 -0.5000E+01  0.0000E+00      -1  -0.200E+00   22.13
  20   -19.0000     -10.770 0.4049   0.5000E+01  0.3145E-02 -0.5000E+01  0.0000E+00      -1  -0.200E+00   22.08
  21   -20.0000     -10.770 0.4049   0.5000E+01  0.3145E-02 -0.5000E+01  0.0000E+00      -1  -0.200E+00   22.02
  22   -21.0000     -10.770 0.4049   0.5000E+01  0.3145E-02 -0.5000E+01  0.0000E+00      -1  -0.200E+00   21.94
  23   -22.0000     -10.770 0.4049   0.5000E+01  0.3145E-02 -0.5000E+01  0.0000E+00      -1  -0.200E+00   21.85
  24   -23.0000     -10.770 0.4049   0.5000E+01  0.3145E-02 -0.5000E+01  0.0000E+00      -1  -0.200E+00   21.76
  25   -24.0000     -10.770 0.4049   0.5000E+01  0.3145E-02 -0.5000E+01  0.0000E+00      -1  -0.200E+00   21.65
  26   -25.0000     -10.770 0.4049   0.5000E+01  0.3145E-02 -0.5000E+01  0.0000E+00      -1  -0.200E+00   21.54
  27   -26.0000     -10.770 0.4049   0.5000E+01  0.3145E-02 -0.5000E+01  0.0000E+00      -1  -0.200E+00   21.43
  28   -27.0000     -10.770 0.4049   0.5000E+01  0.3145E-02 -0.5000E+01  0.0000E+00      -1  -0.200E+00   21.32
  29   -28.0000     -10.770 0.4049   0.5000E+01  0.3145E-02 -0.5000E+01  0.0000E+00      -1  -0.200E+00   21.21
  30   -29.0000     -10.770 0.4049   0.5000E+01  0.3145E-02 -0.5000E+01  0.0000E+00      -1  -0.200E+00   21.10
  31   -30.0000     -10.770 0.4049   0.5000E+01  0.3145E-02 -0.5000E+01  0.0000E+00      -1  -0.200E+00   20.99
  32   -31.0000     -10.770 0.4049   0.5000E+01  0.3145E-02 -0.5000E+01  0.0000E+00      -1  -0.200E+00   20.88
  33   -32.0000     -10.770 0.4049   0.5000E+01  0.3145E-02 -0.5000E+01  0.0000E+00      -1  -0.200E+00   20.78
  34   -33.0000     -10.770 0.4049   0.5000E+01  0.3145E-02 -0.5000E+01  0.0000E+00      -1  -0.200E+00   20.69
  35   -34.0000     -10.770 0.4049   0.5000E+01  0.3145E-02 -0.5000E+01  0.0000E+00      -1  -0.200E+00   20.60
  36   -35.0000     -10.770 0.4049   0.5000E+01  0.3145E-02 -0.5000E+01  0.0000E+00      -1  -0.200E+00   20.51
  37   -36.0000     -10.770 0.4049   0.5000E+01  0.3145E-02 -0.5000E+01  0.0000E+00      -1  -0.200E+00   20.43
  38   -37.0000     -10.770 0.4049   0.5000E+01  0.3145E-02 -0.5000E+01  0.0000E+00      -1  -0.200E+00   20.36
  39   -38.0000     -10.770 0.4049   0.5000E+01  0.3145E-02 -0.5000E+01  0.0000E+00      -1  -0.200E+00   20.29
  40   -39.0000     -10.770 0.4049   0.5000E+01  0.3145E-02 -0.5000E+01  0.0000E+00      -1  -0.200E+00   20.23
  41   -40.0000     -10.770 0.4049   0.5000E+01  0.3145E-02 -0.5000E+01  0.0000E+00      -1  -0.200E+00   20.17
  42   -41.0000     -10.770 0.4049   0.5000E+01  0.3145E-02 -0.5000E+01  0.0000E+00      -1  -0.200E+00   20.12
  43   -42.0000     -10.770 0.4049   0.5000E+01  0.3145E-02 -0.5000E+01  0.0000E+00      -1  -0.200E+00   20.08
  44   -43.0000     -10.770 0.4049   0.5000E+01  0.3145E-02 -0.5000E+01  0.0000E+00      -1  -0.200E+00   20.04
  45   -44.0000     -10.770 0.4049   0.5000E+01  0.3145E-02 -0.5000E+01  0.0000E+00      -1  -0.200E+00   20.00
  46   -45.0000     -10.770 0.4049   0.5000E+01  0.3145E-02 -0.5000E+01  0.0000E+00      -1  -0.200E+00   19.97
  47   -46.0000     -10.770 0.4049   0.5000E+01  0.3145E-02 -0.5000E+01  0.0000E+00      -1  -0.200E+00   19.94
  48   -47.0000     -10.770 0.4049   0.5000E+01  0.3145E-02 -0.5000E+01  0.0000E+00      -1  -0.200E+00   19.92
  49   -48.0000     -10.770 0.4049   0.5000E+01  0.3145E-02 -0.5000E+01  0.0000E+00      -1  -0.200E+00   19.90
  50   -49.0000     -10.770 0.4049   0.5000E+01  0.3145E-02 -0.5000E+01  0.0000E+00      -1  -0.200E+00   19.89
  51   -50.0000     -10.770 0.4049   0.5000E+01  0.3145E-02 -0.5000E+01  0.0000E+00      -1  -0.200E+00   19.87
  52   -51.0000     -10.770 0.4049   0.5000E+01  0.3145E-02 -0.5000E+01  0.0000E+00      -1  -0.200E+00   19.86
  53   -52.0000     -10.770 0.4049   0.5000E+01  0.3145E-02 -0.5000E+01  0.0000E+00      -1  -0.200E+00   19.86
  54   -53.0000     -10.770 0.4049   0.5000E+01  0.3145E-02 -0.5000E+01  0.0000E+00      -1  -0.200E+00   19.85
  55   -54.0000     -10.770 0.4049   0.5000E+01  0.3145E-02 -0.5000E+01  0.0000E+00      -1  -0.200E+00   19.85
  56   -55.0000     -10.770 0.4049   0.5000E+01  0.3145E-02 -0.5000E+01  0.0000E+00      -1  -0.200E+00   19.85
  57   -56.0000     -10.770 0.4049   0.5000E+01  0.3145E-02 -0.5000E+01  0.0000E+00      -1  -0.200E+00   19.85
  58   -57.0000     -10.770 0.4049   0.5000E+01  0.3145E-02 -0.5000E+01  0.0000E+00      -1  -0.200E+00   19.85
  59   -58.0000     -10.770 0.4049   0.5000E+01  0.3145E-02 -0.5000E+01  0.0000E+00      -1  -0.200E+00   19.85
  60   -59.0000     -10.770 0.4049   0.5000E+01  0.3145E-02 -0.5000E+01  0.0000E+00      -1  -0.200E+00   19.86
  61   -60.0000     -10.770 0.4049   0.5000E+01  0.3145E-02 -0.5000E+01  0.0000E+00      -1  -0.200E+00   19.86
  62   -61.0000     -10.770 0.4049   0.5000E+01  0.3145E-02 -0.5000E+01  0.0000E+00      -1  -0.200E+00   19.87
  63   -62.0000     -10.770 0.4049   0.5000E+01  0.3145E-02 -0.5000E+01  0.0000E+00      -1  -0.200E+00   19.87
  64   -63.0000     -10.770 0.4049   0.5000E+01  0.3145E-02 -0.5000E+01  0.0000E+00      -1  -0.200E+00   19.88
  65   -64.0000     -10.770 0.4049   0.5000E+01  0.3145E-02 -0.5000E+01  0.0000E+00      -1  -0.200E+00   19.88
  66   -65.0000     -10.770 0.4049   0.5000E+01  0.3145E-02 -0.5000E+01  0.0000E+00      -1  -0.200E+00   19.89
  67   -66.0000     -10.770 0.4049   0.5000E+01  0.3145E-02 -0.5000E+01  0.0000E+00      -1  -0.200E+00   19.89
  68   -67.0000     -10.770 0.4049   0.5000E+01  0.3145E-02 -0.5000E+01  0.0000E+00      -1  -0.200E+00   19.90
  69   -68.0000     -10.770 0.4049   0.5000E+01  0.3145E-02 -0.5000E+01  0.0000E+00      -1  -0.200E+00   19.91
  70   -69.0000     -10.770 0.4049   0.5000E+01  0.3145E-02 -0.5000E+01  0.0000E+00      -1  -0.200E+00   19.91
  71   -70.0000     -10.770 0.4049   0.5000E+01  0.3145E-02 -0.5000E+01  0.0000E+00      -1  -0.200E+00   19.92
  72   -71.0000     -10.770 0.4049   0.5000E+01  0.3145E-02 -0.5000E+01  0.0000E+00      -1  -0.200E+00   19.92
  73   -72.0000     -10.770 0.4049   0.5000E+01  0.3145E-02 -0.5000E+01  0.0000E+00      -1  -0.200E+00   19.93
  74   -73.0000     -10.770 0.4049   0.5000E+01  0.3145E-02 -0.5000E+01  0.0000E+00      -1  -0.200E+00   19.93
  75   -74.0000     -10.770 0.4049   0.5000E+01  0.3145E-02 -0.5000E+01  0.0000E+00      -1  -0.200E+00   19.94
  76   -75.0000     -10.770 0.4049   0.5000E+01  0.3145E-02 -0.5000E+01  0.0000E+00      -1  -0.200E+00   19.94
  77   -76.0000     -10.770 0.4049   0.5000E+01  0.3145E-02 -0.5000E+01  0.0000E+00      -1  -0.200E+00   19.94
  78   -77.0000     -10.770 0.4049   0.5000E+01  0.3145E-02 -0.5000E+01  0.0000E+00      -1  -0.200E+00   19.95
  79   -78.0000     -10.770 0.4049   0.5000E+01  0.3145E-02 -0.5000E+01  0.0000E+00      -1  -0.200E+00   19.95
  80   -79.0000     -10.770 0.4049   0.5000E+01  0.3145E-02 -0.5000E+01  0.0000E+00      -1  -0.200E+00   19.95
  81   -80.0000     -10.770 0.4049   0.5000E+01  0.3145E-02 -0.5000E+01  0.0000E+00      -1  -0.200E+00   19.96
  82   -81.0000     -10.770 0.4049   0.5000E+01  0.3145E-02 -0.5000E+01  0.0000E+00      -1  -0.200E+00   19.96
  83   -82.0000     -10.770 0.4049   0.5000E+01  0.3145E-02 -0.5000E+01  0.0000E+00      -1  -0.200E+00   19.96
  84   -83.0000     -10.770 0.4049   0.5000E+01  0.3145E-02 -0.5000E+01  0.0000E+00      -1  -0.200E+00   19.96
  85   -84.0000     -10.770 0.4049   0.5000E+01  0.3145E-02 -0.5000E+01  0.0000E+00      -1  -0.200E+00   19.96
  86   -85.0000     -10.770 0.4049   0.5000E+01  0.3145E-02 -0.5000E+01  0.0000E+00      -1  -0.200E+00   19.96
  87   -86.0000     -10.770 0.4049   0.5000E+01  0.3145E-02 -0.5000E+01  0.0000E+00      -1  -0.200E+00   19.97
  88   -87.0000     -10.770 0.4049   0.5000E+01  0.3145E-02 -0.5000E+01  0.0000E+00      -1  -0.200E+00   19.97
  89   -88.0000     -10.770 0.4049   0.5000E+01  0.3145E-02 -0.5000E+01  0.0000E+00      -1  -0.200E+00   19.97
  90   -89.0000     -10.770 0.4049   0.5000E+01  0.3145E-02 -0.5000E+01  0.0000E+00      -1  -0.200E+00   19.97
  91   -90.0000     -10.770 0.4049   0.5000E+01  0.3145E-02 -0.5000E+01  0.0000E+00      -1  -0.200E+00   19.97
  92   -91.0000     -10.770 0.4049   0.5000E+01  0.3145E-02 -0.5000E+01  0.0000E+00      -1  -0.200E+00   19.97
  93   -92.0000     -10.770 0.4049   0.5000E+01  0.3145E-02 -0.5000E+01  0.0000E+00      -1  -0.200E+00   19.97
  94   -93.0000     -10.770 0.4049   0.5000E+01  0.3145E-02 -0.5000E+01  0.0000E+00      -1  -0.200E+00   19.97
  95   -94.0000     -10.770 0.4049   0.5000E+01  0.3145E-02 -0.5000E+01  0.0000E+00      -1  -0.200E+00   19.97
  96   -95.0000     -10.770 0.4049   0.5000E+01  0.3145E-02 -0.5000E+01  0.0000E+00      -1  -0.200E+00   19.97
  97   -96.0000     -10.770 0.4049   0.5000E+01  0.3145E-02 -0.5000E+01  0.0000E+00      -1  -0.200E+00   19.97
  98   -97.0000     -10.770 0.4049   0.5000E+01  0.3145E-02 -0.5000E+01  0.0000E+00      -1  -0.200E+00   19.97
  99   -98.0000     -10.770 0.4049   0.5000E+01  0.3145E-02 -0.5000E+01  0.0000E+00      -1  -0.200E+00   19.97
 100   -99.0000     -10.770 0.4049   0.5000E+01  0.3145E-02 -0.5000E+01  0.0000E+00      -1  -0.200E+00   19.97
 101  -100.0000     -10.770 0.4049   0.5000E+01  0.3145E-02 -0.5000E+01  0.0000E+00      -1  -0.200E+00   19.97
end


 Time:        5.0000


 Node      Depth      Head Moisture       K          C         Flux        Sink         Kappa   v/KsTop   Temp
           [L]        [L]    [-]        [L/T]      [1/L]      [L/T]        [1/T]         [-]      [-]      [C]

   1     0.0000     -10.770 0.4049   0.5000E+01  0.3145E-02 -0.5000E+01  0.0000E+00      -1  -0.200E+00   10.34
   2    -1.0000     -10.770 0.4049   0.5000E+01  0.3145E-02 -0.5000E+01  0.0000E+00      -1  -0.200E+00   11.26
   3    -2.0000     -10.770 0.4049   0.5000E+01  0.3145E-02 -0.5000E+01  0.0000E+00      -1  -0.200E+00   12.15
   4    -3.0000     -10.770 0.4049   0.5000E+01  0.3145E-02 -0.5000E+01  0.0000E+00      -1  -0.200E+00   13.01
   5    -4.0000     -10.770 0.4049   0.5000E+01  0.3145E-02 -0.5000E+01  0.0000E+00      -1  -0.200E+00   13.83
   6    -5.0000     -10.770 0.4049   0.5000E+01  0.3145E-02 -0.5000E+01  0.0000E+00      -1  -0.200E+00   14.60
   7    -6.0000     -10.770 0.4049   0.5000E+01  0.3145E-02 -0.5000E+01  0.0000E+00      -1  -0.200E+00   15.33
   8    -7.0000     -10.770 0.4049   0.5000E+01  0.3145E-02 -0.5000E+01  0.0000E+00      -1  -0.200E+00   16.01
   9    -8.0000     -10.770 0.4049   0.5000E+01  0.3145E-02 -0.5000E+01  0.0000E+00      -1  -0.200E+00   16.65
  10    -9.0000     -10.770 0.4049   0.5000E+01  0.3145E-02 -0.5000E+01  0.0000E+00      -1  -0.200E+00   17.23
  11   -10.0000     -10.770 0.4049   0.5000E+01  0.3145E-02 -0.5000E+01  0.0000E+00      -1  -0.200E+00   17.76
  12   -11.0000     -10.770 0.4049   0.5000E+01  0.3145E-02 -0.5000E+01  0.0000E+00      -1  -0.200E+00   18.25
  13   -12.0000     -10.770 0.4049   0.5000E+01  0.3145E-02 -0.5000E+01  0.0000E+00      -1  -0.200E+00   18.69
  14   -13.0000     -10.770 0.4049   0.5000E+01  0.3145E-02 -0.5000E+01  0.0000E+00      -1  -0.200E+00   19.08
  15   -14.0000     -10.770 0.4049   0.5000E+01  0.3145E-02 -0.5000E+01  0.0000E+00      -1  -0.200E+00   19.43
  16   -15.0000     -10.770 0.4049   0.5000E+01  0.3145E-02 -0.5000E+01  0.0000E+00      -1  -0.200E+00   19.73
  17   -16.0000     -10.770 0.4049   0.5000E+01  0.3145E-02 -0.5000E+01  0.0000E+00      -1  -0.200E+00   20.00
  18   -17.0000     -10.770 0.4049   0.5000E+01  0.3145E-02 -0.5000E+01  0.0000E+00      -1  -0.200E+00   20.23
  19   -18.0000     -10.770 0.4049   0.5000E+01  0.3145E-02 -0.5000E+01  0.0000E+00      -1  -0.200E+00   20.43
  20   -19.0000     -10.770 0.4049   0.5000E+01  0.3145E-02 -0.5000E+01  0.0000E+00      -1  -0.200E+00   20.59
  21   -20.0000     -10.770 0.4049   0.5000E+01  0.3145E-02 -0.5000E+01  0.0000E+00      -1  -0.200E+00   20.72
  22   -21.0000     -10.770 0.4049   0.5000E+01  0.3145E-02 -0.5000E+01  0.0000E+00      -1  -0.200E+00   20.83
  23   -22.0000     -10.770 0.4049   0.5000E+01  0.3145E-02 -0.5000E+01  0.0000E+00      -1  -0.200E+00   20.91
  24   -23.0000     -10.770 0.4049   0.5000E+01  0.3145E-02 -0.5000E+01  0.0000E+00      -1  -0.200E+00   20.97
  25   -24.0000     -10.770 0.4049   0.5000E+01  0.3145E-02 -0.5000E+01  0.0000E+00      -1  -0.200E+00   21.02
  26   -25.0000     -10.770 0.4049   0.5000E+01  0.3145E-02 -0.5000E+01  0.0000E+00      -1  -0.200E+00   21.04
  27   -26.0000     -10.770 0.4049   0.5000E+01  0.3145E-02 -0.5000E+01  0.0000E+00      -1  -0.200E+00   21.05
  28   -27.0000     -10.770 0.4049   0.5000E+01  0.3145E-02 -0.5000E+01  0.0000E+00      -1  -0.200E+00   21.04
  29   -28.0000     -10.770 0.4049   0.5000E+01  0.3145E-02 -0.5000E+01  0.0000E+00      -1  -0.200E+00   21.03
  30   -29.0000     -10.770 0.4049   0.5000E+01  0.3145E-02 -0.5000E+01  0.0000E+00      -1  -0.200E+00   21.00
  31   -30.0000     -10.770 0.4049   0.5000E+01  0.3145E-02 -0.5000E+01  0.0000E+00      -1  -0.200E+00   20.97
  32   -31.0000     -10.770 0.4049   0.5000E+01  0.3145E-02 -0.5000E+01  0.0000E+00      -1  -0.200E+00   20.93
  33   -32.0000     -10.770 0.4049   0.5000E+01  0.3145E-02 -0.5000E+01  0.0000E+00      -1  -0.200E+00   20.88
  34   -33.0000     -10.770 0.4049   0.5000E+01  0.3145E-02 -0.5000E+01  0.0000E+00      -1  -0.200E+00   20.83
  35   -34.0000     -10.770 0.4049   0.5000E+01  0.3145E-02 -0.5000E+01  0.0000E+00      -1  -0.200E+00   20.78
  36   -35.0000     -10.770 0.4049   0.5000E+01  0.3145E-02 -0.5000E+01  0.0000E+00      -1  -0.200E+00   20.72
  37   -36.0000     -10.770 0.4049   0.5000E+01  0.3145E-02 -0.5000E+01  0.0000E+00      -1  -0.200E+00   20.67
  38   -37.0000     -10.770 0.4049   0.5000E+01  0.3145E-02 -0.5000E+01  0.0000E+00      -1  -0.200E+00   20.61
  39   -38.0000     -10.770 0.4049   0.5000E+01  0.3145E-02 -0.5000E+01  0.0000E+00      -1  -0.200E+00   20.56
  40   -39.0000     -10.770 0.4049   0.5000E+01  0.3145E-02 -0.5000E+01  0.0000E+00      -1  -0.200E+00   20.50
  41   -40.0000     -10.770 0.4049   0.5000E+01  0.3145E-02 -0.5000E+01  0.0000E+00      -1  -0.200E+00   20.45
  42   -41.0000     -10.770 0.4049   0.5000E+01  0.3145E-02 -0.5000E+01  0.0000E+00      -1  -0.200E+00   20.40
  43   -42.0000     -10.770 0.4049   0.5000E+01  0.3145E-02 -0.5000E+01  0.0000E+00      -1  -0.200E+00   20.35
  44   -43.0000     -10.770 0.4049   0.5000E+01  0.3145E-02 -0.5000E+01  0.0000E+00      -1  -0.200E+00   20.31
  45   -44.0000     -10.770 0.4049   0.5000E+01  0.3145E-02 -0.5000E+01  0.0000E+00      -1  -0.200E+00   20.26
  46   -45.0000     -10.770 0.4049   0.5000E+01  0.3145E-02 -0.5000E+01  0.0000E+00      -1  -0.200E+00   20.22
  47   -46.0000     -10.770 0.4049   0.5000E+01  0.3145E-02 -0.5000E+01  0.0000E+00      -1  -0.200E+00   20.18
  48   -47.0000     -10.770 0.4049   0.5000E+01  0.3145E-02 -0.5000E+01  0.0000E+00      -1  -0.200E+00   20.15
  49   -48.0000     -10.770 0.4049   0.5000E+01  0.3145E-02 -0.5000E+01  0.0000E+00      -1  -0.200E+00   20.12
  50   -49.0000     -10.770 0.4049   0.5000E+01  0.3145E-02 -0.5000E+01  0.0000E+00      -1  -0.200E+00   20.09
  51   -50.0000     -10.770 0.4049   0.5000E+01  0.3145E-02 -0.5000E+01  0.0000E+00      -1  -0.200E+00   20.06
  52   -51.0000     -10.770 0.4049   0.5000E+01  0.3145E-02 -0.5000E+01  0.0000E+00      -1  -0.200E+00   20.04
  53   -52.0000     -10.770 0.4049   0.5000E+01  0.3145E-02 -0.5000E+01  0.0000E+00      -1  -0.200E+00   20.01
  54   -53.0000     -10.770 0.4049   0.5000E+01  0.3145E-02 -0.5000E+01  0.0000E+00      -1  -0.200E+00   19.99
  55   -54.0000     -10.770 0.4049   0.5000E+01  0.3145E-02 -0.5000E+01  0.0000E+00      -1  -0.200E+00   19.98
  56   -55.0000     -10.770 0.4049   0.5000E+01  0.3145E-02 -0.5000E+01  0.0000E+00      -1  -0.200E+00   19.96
  57   -56.0000     -10.770 0.4049   0.5000E+01  0.3145E-02 -0.5000E+01  0.0000E+00      -1  -0.200E+00   19.95
  58   -57.0000     -10.770 0.4049   0.5000E+01  0.3145E-02 -0.5000E+01  0.0000E+00      -1  -0.200E+00   19.94
  59   -58.0000     -10.770 0.4049   0.5000E+01  0.3145E-02 -0.5000E+01  0.0000E+00      -1  -0.200E+00   19.93
  60   -59.0000     -10.770 0.4049   0.5000E+01  0.3145E-02 -0.5000E+01  0.0000E+00      -1  -0.200E+00   19.92
  61   -60.0000     -10.770 0.4049   0.5000E+01  0.3145E-02 -0.5000E+01  0.0000E+00      -1  -0.200E+00   19.92
  62   -61.0000     -10.770 0.4049   0.5000E+01  0.3145E-02 -0.5000E+01  0.0000E+00      -1  -0.200E+00   19.91
  63   -62.0000     -10.770 0.4049   0.5000E+01  0.3145E-02 -0.5000E+01  0.0000E+00      -1  -0.200E+00   19.91
  64   -63.0000     -10.770 0.4049   0.5000E+01  0.3145E-02 -0.5000E+01  0.0000E+00      -1  -0.200E+00   19.91
  65   -64.0000     -10.770 0.4049   0.5000E+01  0.3145E-02 -0.5000E+01  0.0000E+00      -1  -0.200E+00   19.91
  66   -65.0000     -10.770 0.4049   0.5000E+01  0.3145E-02 -0.5000E+01  0.0000E+00      -1  -0.200E+00   19.91
  67   -66.0000     -10.770 0.4049   0.5000E+01  0.3145E-02 -0.5000E+01  0.0000E+00      -1  -0.200E+00   19.91
  68   -67.0000     -10.770 0.4049   0.5000E+01  0.3145E-02 -0.5000E+01  0.0000E+00      -1  -0.200E+00   19.91
  69   -68.0000     -10.770 0.4049   0.5000E+01  0.3145E-02 -0.5000E+01  0.0000E+00      -1  -0.200E+00   19.91
  70   -69.0000     -10.770 0.4049   0.5000E+01  0.3145E-02 -0.5000E+01  0.0000E+00      -1  -0.200E+00   19.91
  71   -70.0000     -10.770 0.4049   0.5000E+01  0.3145E-02 -0.5000E+01  0.0000E+00      -1  -0.200E+00   19.91
  72   -71.0000     -10.770 0.4049   0.5000E+01  0.3145E-02 -0.5000E+01  0.0000E+00      -1  -0.200E+00   19.92
  73   -72.0000     -10.770 0.4049   0.5000E+01  0.3145E-02 -0.5000E+01  0.0000E+00      -1  -0.200E+00   19.92
  74   -73.0000     -10.770 0.4049   0.5000E+01  0.3145E-02 -0.5000E+01  0.0000E+00      -1  -0.200E+00   19.92
  75   -74.0000     -10.770 0.4049   0.5000E+01  0.3145E-02 -0.5000E+01  0.0000E+00      -1  -0.200E+00   19.92
  76   -75.0000     -10.770 0.4049   0.5000E+01  0.3145E-02 -0.5000E+01  0.0000E+00      -1  -0.200E+00   19.93
  77   -76.0000     -10.770 0.4049   0.5000E+01  0.3145E-02 -0.5000E+01  0.0000E+00      -1  -0.200E+00   19.93
  78   -77.0000     -10.770 0.4049   0.5000E+01  0.3145E-02 -0.5000E+01  0.0000E+00      -1  -0.200E+00   19.93
  79   -78.0000     -10.770 0.4049   0.5000E+01  0.3145E-02 -0.5000E+01  0.0000E+00      -1  -0.200E+00   19.94
  80   -79.0000     -10.770 0.4049   0.5000E+01  0.3145E-02 -0.5000E+01  0.0000E+00      -1  -0.200E+00   19.94
  81   -80.0000     -10.770 0.4049   0.5000E+01  0.3145E-02 -0.5000E+01  0.0000E+00      -1  -0.200E+00   19.94
  82   -81.0000     -10.770 0.4049   0.5000E+01  0.3145E-02 -0.5000E+01  0.0000E+00      -1  -0.200E+00   19.94
  83   -82.0000     -10.770 0.4049   0.5000E+01  0.3145E-02 -0.5000E+01  0.0000E+00      -1  -0.200E+00   19.95
  84   -83.0000     -10.770 0.4049   0.5000E+01  0.3145E-02 -0.5000E+01  0.0000E+00      -1  -0.200E+00   19.95
  85   -84.0000     -10.770 0.4049   0.5000E+01  0.3145E-02 -0.5000E+01  0.0000E+00      -1  -0.200E+00   19.95
  86   -85.0000     -10.770 0.4049   0.5000E+01  0.3145E-02 -0.5000E+01  0.0000E+00      -1  -0.200E+00   19.95
  87   -86.0000     -10.770 0.4049   0.5000E+01  0.3145E-02 -0.5000E+01  0.0000E+00      -1  -0.200E+00   19.95
  88   -87.0000     -10.770 0.4049   0.5000E+01  0.3145E-02 -0.5000E+01  0.0000E+00      -1  -0.200E+00   19.96
  89   -88.0000     -10.770 0.4049   0.5000E+01  0.3145E-02 -0.5000E+01  0.0000E+00      -1  -0.200E+00   19.96
  90   -89.0000     -10.770 0.4049   0.5000E+01  0.3145E-02 -0.5000E+01  0.0000E+00      -1  -0.200E+00   19.96
  91   -90.0000     -10.770 0.4049   0.5000E+01  0.3145E-02 -0.5000E+01  0.0000E+00      -1  -0.200E+00   19.96
  92   -91.0000     -10.770 0.4049   0.5000E+01  0.3145E-02 -0.5000E+01  0.0000E+00      -1  -0.200E+00   19.96
  93   -92.0000     -10.770 0.4049   0.5000E+01  0.3145E-02 -0.5000E+01  0.0000E+00      -1  -0.200E+00   19.96
  94   -93.0000     -10.770 0.4049   0.5000E+01  0.3145E-02 -0.5000E+01  0.0000E+00      -1  -0.200E+00   19.96
  95   -94.0000     -10.770 0.4049   0.5000E+01  0.3145E-02 -0.5000E+01  0.0000E+00      -1  -0.200E+00   19.96
  96   -95.0000     -10.770 0.4049   0.5000E+01  0.3145E-02 -0.5000E+01  0.0000E+00      -1  -0.200E+00   19.96
  97   -96.0000     -10.770 0.4049   0.5000E+01  0.3145E-02 -0.5000E+01  0.0000E+00      -1  -0.200E+00   19.97
  98   -97.0000     -10.770 0.4049   0.5000E+01  0.3145E-02 -0.5000E+01  0.0000E+00      -1  -0.200E+00   19.97
  99   -98.0000     -10.770 0.4049   0.5000E+01  0.3145E-02 -0.5000E+01  0.0000E+00      -1  -0.200E+00   19.97
 100   -99.0000     -10.770 0.4049   0.5000E+01  0.3145E-02 -0.5000E+01  0.0000E+00      -1  -0.200E+00   19.97
 101  -100.0000     -10.770 0.4049   0.5000E+01  0.3145E-02 -0.5000E+01  0.0000E+00      -1  -0.200E+00   19.97
end
