 ******* Program HYDRUS
 ******* Onde thermique journaliere avec infiltration permanente 5 cm/j (convecti
 Date:   0. 0.    Time: 512:**:**
 Units: L = cm   , T = days , M = g    

       Time          rTop        rRoot        vTop         vRoot        vBot       sum(rTop)   sum(rRoot)    sum(vTop)   sum(vRoot)    sum(vBot)      hTop         hRoot        hBot        RunOff    sum(RunOff)     Volume     sum(Infil)    sum(Evap) TLevel Cum(WTrans)  SnowLayer
        [T]         [L/T]        [L/T]        [L/T]        [L/T]        [L/T]         [L]          [L]          [L]         [L]           [L]         [L]           [L]         [L]          [L/T]         [L]          [L]          [L]          [L]

       0.0010 -0.50000E+01  0.00000E+00 -0.50000E+01  0.00000E+00 -0.50528E+01 -0.50000E-02  0.00000E+00 -0.50000E-02  0.00000E+00 -0.50528E-02 -0.10686E+02  0.00000E+00 -0.10674E+02  0.00000E+00  0.00000E+00  0.40524E+02  0.00000E+00  0.00000E+00      1  0.00000E+00      0.000
       0.0020 -0.50000E+01  0.00000E+00 -0.50000E+01  0.00000E+00 -0.50528E+01 -0.10000E-01  0.00000E+00 -0.10000E-01  0.00000E+00 -0.10106E-01 -0.10691E+02  0.00000E+00 -0.10674E+02  0.00000E+00  0.00000E+00  0.40524E+02  0.00000E+00  0.00000E+00      2  0.00000E+00      0.000
       0.0033 -0.50000E+01  0.00000E+00 -0.50000E+01  0.00000E+00 -0.50528E+01 -0.16500E-01  0.00000E+00 -0.16500E-01  0.00000E+00 -0.16674E-01 -0.10697E+02  0.00000E+00 -0.10674E+02  0.00000E+00  0.00000E+00  0.40524E+02  0.00000E+00  0.00000E+00      3  0.00000E+00      0.000
       0.0050 -0.50000E+01  0.00000E+00 -0.50000E+01  0.00000E+00 -0.50528E+01 -0.24950E-01  0.00000E+00 -0.24950E-01  0.00000E+00 -0.25213E-01 -0.10702E+02  0.00000E+00 -0.10674E+02  0.00000E+00  0.00000E+00  0.40524E+02  0.00000E+00  0.00000E+00      4  0.00000E+00      0.000
       0.0072 -0.50000E+01  0.00000E+00 -0.50000E+01  0.00000E+00 -0.50528E+01 -0.35935E-01  0.00000E+00 -0.35935E-01  0.00000E+00 -0.36314E-01 -0.10707E+02  0.00000E+00 -0.10674E+02  0.00000E+00  0.00000E+00  0.40523E+02  0.00000E+00  0.00000E+00      5  0.00000E+00      0.000
       0.0100 -0.50000E+01  0.00000E+00 -0.50000E+01  0.00000E+00 -0.50528E+01 -0.50215E-01  0.00000E+00 -0.50216E-01  0.00000E+00 -0.50746E-01 -0.10712E+02  0.00000E+00 -0.10674E+02  0.00000E+00  0.00000E+00  0.40523E+02  0.00000E+00  0.00000E+00      6  0.00000E+00      0.000
       0.0138 -0.50000E+01  0.00000E+00 -0.50000E+01  0.00000E+00 -0.50528E+01 -0.68780E-01  0.00000E+00 -0.68780E-01  0.00000E+00 -0.69506E-01 -0.10717E+02  0.00000E+00 -0.10674E+02  0.00000E+00  0.00000E+00  0.40523E+02  0.00000E+00  0.00000E+00      7  0.00000E+00      0.000
       0.0186 -0.50000E+01  0.00000E+00 -0.50000E+01  0.00000E+00 -0.50528E+01 -0.92914E-01  0.00000E+00 -0.92914E-01  0.00000E+00 -0.93895E-01 -0.10722E+02  0.00000E+00 -0.10674E+02  0.00000E+00  0.00000E+00  0.40523E+02  0.00000E+00  0.00000E+00      8  0.00000E+00      0.000
       0.0249 -0.50000E+01  0.00000E+00 -0.50000E+01  0.00000E+00 -0.50528E+01 -0.12429E+00  0.00000E+00 -0.12429E+00  0.00000E+00 -0.12560E+00 -0.10727E+02  0.00000E+00 -0.10674E+02  0.00000E+00  0.00000E+00  0.40523E+02  0.00000E+00  0.00000E+00      9  0.00000E+00      0.000
       0.0330 -0.50000E+01  0.00000E+00 -0.50000E+01  0.00000E+00 -0.50528E+01 -0.16507E+00  0.00000E+00 -0.16507E+00  0.00000E+00 -0.16682E+00 -0.10733E+02  0.00000E+00 -0.10674E+02  0.00000E+00  0.00000E+00  0.40522E+02  0.00000E+00  0.00000E+00     10  0.00000E+00      0.000
       0.0430 -0.50000E+01  0.00000E+00 -0.50000E+01  0.00000E+00 -0.50528E+01 -0.21507E+00  0.00000E+00 -0.21507E+00  0.00000E+00 -0.21735E+00 -0.10738E+02  0.00000E+00 -0.10674E+02  0.00000E+00  0.00000E+00  0.40522E+02  0.00000E+00  0.00000E+00     11  0.00000E+00      0.000
       0.0530 -0.50000E+01  0.00000E+00 -0.50000E+01  0.00000E+00 -0.50528E+01 -0.26507E+00  0.00000E+00 -0.26507E+00  0.00000E+00 -0.26787E+00 -0.10742E+02  0.00000E+00 -0.10674E+02  0.00000E+00  0.00000E+00  0.40521E+02  0.00000E+00  0.00000E+00     12  0.00000E+00      0.000
       0.0630 -0.50000E+01  0.00000E+00 -0.50000E+01  0.00000E+00 -0.50528E+01 -0.31507E+00  0.00000E+00 -0.31507E+00  0.00000E+00 -0.31840E+00 -0.10745E+02  0.00000E+00 -0.10674E+02  0.00000E+00  0.00000E+00  0.40521E+02  0.00000E+00  0.00000E+00     13  0.00000E+00      0.000
       0.0730 -0.50000E+01  0.00000E+00 -0.50000E+01  0.00000E+00 -0.50528E+01 -0.36507E+00  0.00000E+00 -0.36507E+00  0.00000E+00 -0.36893E+00 -0.10748E+02  0.00000E+00 -0.10674E+02  0.00000E+00  0.00000E+00  0.40520E+02  0.00000E+00  0.00000E+00     14  0.00000E+00      0.000
       0.0830 -0.50000E+01  0.00000E+00 -0.50000E+01  0.00000E+00 -0.50528E+01 -0.41508E+00  0.00000E+00 -0.41507E+00  0.00000E+00 -0.41946E+00 -0.10751E+02  0.00000E+00 -0.10674E+02  0.00000E+00  0.00000E+00  0.40519E+02  0.00000E+00  0.00000E+00     15  0.00000E+00      0.000
       0.0930 -0.50000E+01  0.00000E+00 -0.50000E+01  0.00000E+00 -0.50528E+01 -0.46508E+00  0.00000E+00 -0.46507E+00  0.00000E+00 -0.46998E+00 -0.10753E+02  0.00000E+00 -0.10674E+02  0.00000E+00  0.00000E+00  0.40519E+02  0.00000E+00  0.00000E+00     16  0.00000E+00      0.000
       0.1030 -0.50000E+01  0.00000E+00 -0.50000E+01  0.00000E+00 -0.50528E+01 -0.51508E+00  0.00000E+00 -0.51507E+00  0.00000E+00 -0.52051E+00 -0.10754E+02  0.00000E+00 -0.10674E+02  0.00000E+00  0.00000E+00  0.40518E+02  0.00000E+00  0.00000E+00     17  0.00000E+00      0.000
       0.1130 -0.50000E+01  0.00000E+00 -0.50000E+01  0.00000E+00 -0.50528E+01 -0.56508E+00  0.00000E+00 -0.56507E+00  0.00000E+00 -0.57104E+00 -0.10756E+02  0.00000E+00 -0.10674E+02  0.00000E+00  0.00000E+00  0.40518E+02  0.00000E+00  0.00000E+00     18  0.00000E+00      0.000
       0.1190 -0.50000E+01  0.00000E+00 -0.50000E+01  0.00000E+00 -0.50528E+01 -0.59504E+00  0.00000E+00 -0.59504E+00  0.00000E+00 -0.60132E+00 -0.10757E+02  0.00000E+00 -0.10674E+02  0.00000E+00  0.00000E+00  0.40518E+02  0.00000E+00  0.00000E+00     19  0.00000E+00      0.000
       0.1250 -0.50000E+01  0.00000E+00 -0.50000E+01  0.00000E+00 -0.50528E+01 -0.62500E+00  0.00000E+00 -0.62500E+00  0.00000E+00 -0.63160E+00 -0.10758E+02  0.00000E+00 -0.10674E+02  0.00000E+00  0.00000E+00  0.40517E+02  0.00000E+00  0.00000E+00     20  0.00000E+00      0.000
       0.1350 -0.50000E+01  0.00000E+00 -0.50000E+01  0.00000E+00 -0.50527E+01 -0.67500E+00  0.00000E+00 -0.67500E+00  0.00000E+00 -0.68213E+00 -0.10759E+02  0.00000E+00 -0.10674E+02  0.00000E+00  0.00000E+00  0.40517E+02  0.00000E+00  0.00000E+00     21  0.00000E+00      0.000
       0.1450 -0.50000E+01  0.00000E+00 -0.50000E+01  0.00000E+00 -0.50527E+01 -0.72500E+00  0.00000E+00 -0.72500E+00  0.00000E+00 -0.73265E+00 -0.10760E+02  0.00000E+00 -0.10674E+02  0.00000E+00  0.00000E+00  0.40516E+02  0.00000E+00  0.00000E+00     22  0.00000E+00      0.000
       0.1550 -0.50000E+01  0.00000E+00 -0.50000E+01  0.00000E+00 -0.50527E+01 -0.77500E+00  0.00000E+00 -0.77500E+00  0.00000E+00 -0.78318E+00 -0.10761E+02  0.00000E+00 -0.10674E+02  0.00000E+00  0.00000E+00  0.40516E+02  0.00000E+00  0.00000E+00     23  0.00000E+00      0.000
       0.1645 -0.50000E+01  0.00000E+00 -0.50000E+01  0.00000E+00 -0.50526E+01 -0.82250E+00  0.00000E+00 -0.82250E+00  0.00000E+00 -0.83118E+00 -0.10762E+02  0.00000E+00 -0.10674E+02  0.00000E+00  0.00000E+00  0.40515E+02  0.00000E+00  0.00000E+00     24  0.00000E+00      0.000
       0.1740 -0.50000E+01  0.00000E+00 -0.50000E+01  0.00000E+00 -0.50525E+01 -0.87000E+00  0.00000E+00 -0.87000E+00  0.00000E+00 -0.87918E+00 -0.10762E+02  0.00000E+00 -0.10674E+02  0.00000E+00  0.00000E+00  0.40515E+02  0.00000E+00  0.00000E+00     25  0.00000E+00      0.000
       0.1835 -0.50000E+01  0.00000E+00 -0.50000E+01  0.00000E+00 -0.50524E+01 -0.91750E+00  0.00000E+00 -0.91750E+00  0.00000E+00 -0.92718E+00 -0.10763E+02  0.00000E+00 -0.10675E+02  0.00000E+00  0.00000E+00  0.40514E+02  0.00000E+00  0.00000E+00     26  0.00000E+00      0.000
       0.1930 -0.50000E+01  0.00000E+00 -0.50000E+01  0.00000E+00 -0.50523E+01 -0.96500E+00  0.00000E+00 -0.96500E+00  0.00000E+00 -0.97517E+00 -0.10763E+02  0.00000E+00 -0.10675E+02  0.00000E+00  0.00000E+00  0.40514E+02  0.00000E+00  0.00000E+00     27  0.00000E+00      0.000
       0.2025 -0.50000E+01  0.00000E+00 -0.50000E+01  0.00000E+00 -0.50521E+01 -0.10125E+01  0.00000E+00 -0.10125E+01  0.00000E+00 -0.10232E+01 -0.10764E+02  0.00000E+00 -0.10675E+02  0.00000E+00  0.00000E+00  0.40513E+02  0.00000E+00  0.00000E+00     28  0.00000E+00      0.000
       0.2120 -0.50000E+01  0.00000E+00 -0.50000E+01  0.00000E+00 -0.50519E+01 -0.10600E+01  0.00000E+00 -0.10600E+01  0.00000E+00 -0.10712E+01 -0.10765E+02  0.00000E+00 -0.10675E+02  0.00000E+00  0.00000E+00  0.40513E+02  0.00000E+00  0.00000E+00     29  0.00000E+00      0.000
       0.2215 -0.50000E+01  0.00000E+00 -0.50000E+01  0.00000E+00 -0.50517E+01 -0.11075E+01  0.00000E+00 -0.11075E+01  0.00000E+00 -0.11192E+01 -0.10765E+02  0.00000E+00 -0.10676E+02  0.00000E+00  0.00000E+00  0.40512E+02  0.00000E+00  0.00000E+00     30  0.00000E+00      0.000
       0.2310 -0.50000E+01  0.00000E+00 -0.50000E+01  0.00000E+00 -0.50514E+01 -0.11550E+01  0.00000E+00 -0.11550E+01  0.00000E+00 -0.11671E+01 -0.10765E+02  0.00000E+00 -0.10676E+02  0.00000E+00  0.00000E+00  0.40512E+02  0.00000E+00  0.00000E+00     31  0.00000E+00      0.000
       0.2405 -0.50000E+01  0.00000E+00 -0.50000E+01  0.00000E+00 -0.50511E+01 -0.12025E+01  0.00000E+00 -0.12025E+01  0.00000E+00 -0.12151E+01 -0.10766E+02  0.00000E+00 -0.10677E+02  0.00000E+00  0.00000E+00  0.40511E+02  0.00000E+00  0.00000E+00     32  0.00000E+00      0.000
       0.2500 -0.50000E+01  0.00000E+00 -0.50000E+01  0.00000E+00 -0.50508E+01 -0.12500E+01  0.00000E+00 -0.12500E+01  0.00000E+00 -0.12631E+01 -0.10766E+02  0.00000E+00 -0.10678E+02  0.00000E+00  0.00000E+00  0.40511E+02  0.00000E+00  0.00000E+00     33  0.00000E+00      0.000
       0.2600 -0.50000E+01  0.00000E+00 -0.50000E+01  0.00000E+00 -0.50503E+01 -0.13000E+01  0.00000E+00 -0.13000E+01  0.00000E+00 -0.13136E+01 -0.10766E+02  0.00000E+00 -0.10678E+02  0.00000E+00  0.00000E+00  0.40510E+02  0.00000E+00  0.00000E+00     34  0.00000E+00      0.000
       0.2700 -0.50000E+01  0.00000E+00 -0.50000E+01  0.00000E+00 -0.50499E+01 -0.13500E+01  0.00000E+00 -0.13500E+01  0.00000E+00 -0.13641E+01 -0.10767E+02  0.00000E+00 -0.10679E+02  0.00000E+00  0.00000E+00  0.40510E+02  0.00000E+00  0.00000E+00     35  0.00000E+00      0.000
       0.2800 -0.50000E+01  0.00000E+00 -0.50000E+01  0.00000E+00 -0.50493E+01 -0.14000E+01  0.00000E+00 -0.14000E+01  0.00000E+00 -0.14146E+01 -0.10767E+02  0.00000E+00 -0.10680E+02  0.00000E+00  0.00000E+00  0.40509E+02  0.00000E+00  0.00000E+00     36  0.00000E+00      0.000
       0.2895 -0.50000E+01  0.00000E+00 -0.50000E+01  0.00000E+00 -0.50488E+01 -0.14475E+01  0.00000E+00 -0.14475E+01  0.00000E+00 -0.14626E+01 -0.10767E+02  0.00000E+00 -0.10681E+02  0.00000E+00  0.00000E+00  0.40509E+02  0.00000E+00  0.00000E+00     37  0.00000E+00      0.000
       0.2990 -0.50000E+01  0.00000E+00 -0.50000E+01  0.00000E+00 -0.50482E+01 -0.14950E+01  0.00000E+00 -0.14950E+01  0.00000E+00 -0.15105E+01 -0.10767E+02  0.00000E+00 -0.10682E+02  0.00000E+00  0.00000E+00  0.40508E+02  0.00000E+00  0.00000E+00     38  0.00000E+00      0.000
       0.3085 -0.50000E+01  0.00000E+00 -0.50000E+01  0.00000E+00 -0.50476E+01 -0.15425E+01  0.00000E+00 -0.15425E+01  0.00000E+00 -0.15585E+01 -0.10768E+02  0.00000E+00 -0.10683E+02  0.00000E+00  0.00000E+00  0.40508E+02  0.00000E+00  0.00000E+00     39  0.00000E+00      0.000
       0.3180 -0.50000E+01  0.00000E+00 -0.50000E+01  0.00000E+00 -0.50469E+01 -0.15900E+01  0.00000E+00 -0.15900E+01  0.00000E+00 -0.16064E+01 -0.10768E+02  0.00000E+00 -0.10685E+02  0.00000E+00  0.00000E+00  0.40507E+02  0.00000E+00  0.00000E+00     40  0.00000E+00      0.000
       0.3275 -0.50000E+01  0.00000E+00 -0.50000E+01  0.00000E+00 -0.50462E+01 -0.16375E+01  0.00000E+00 -0.16375E+01  0.00000E+00 -0.16544E+01 -0.10768E+02  0.00000E+00 -0.10686E+02  0.00000E+00  0.00000E+00  0.40507E+02  0.00000E+00  0.00000E+00     41  0.00000E+00      0.000
       0.3370 -0.50000E+01  0.00000E+00 -0.50000E+01  0.00000E+00 -0.50455E+01 -0.16850E+01  0.00000E+00 -0.16850E+01  0.00000E+00 -0.17023E+01 -0.10768E+02  0.00000E+00 -0.10687E+02  0.00000E+00  0.00000E+00  0.40507E+02  0.00000E+00  0.00000E+00     42  0.00000E+00      0.000
       0.3465 -0.50000E+01  0.00000E+00 -0.50000E+01  0.00000E+00 -0.50447E+01 -0.17325E+01  0.00000E+00 -0.17325E+01  0.00000E+00 -0.17502E+01 -0.10768E+02  0.00000E+00 -0.10689E+02  0.00000E+00  0.00000E+00  0.40506E+02  0.00000E+00  0.00000E+00     43  0.00000E+00      0.000
       0.3560 -0.50000E+01  0.00000E+00 -0.50000E+01  0.00000E+00 -0.50439E+01 -0.17800E+01  0.00000E+00 -0.17800E+01  0.00000E+00 -0.17981E+01 -0.10768E+02  0.00000E+00 -0.10690E+02  0.00000E+00  0.00000E+00  0.40506E+02  0.00000E+00  0.00000E+00     44  0.00000E+00      0.000
       0.3655 -0.50000E+01  0.00000E+00 -0.50000E+01  0.00000E+00 -0.50431E+01 -0.18275E+01  0.00000E+00 -0.18275E+01  0.00000E+00 -0.18460E+01 -0.10769E+02  0.00000E+00 -0.10692E+02  0.00000E+00  0.00000E+00  0.40505E+02  0.00000E+00  0.00000E+00     45  0.00000E+00      0.000
       0.3750 -0.50000E+01  0.00000E+00 -0.50000E+01  0.00000E+00 -0.50422E+01 -0.18750E+01  0.00000E+00 -0.18750E+01  0.00000E+00 -0.18939E+01 -0.10769E+02  0.00000E+00 -0.10693E+02  0.00000E+00  0.00000E+00  0.40505E+02  0.00000E+00  0.00000E+00     46  0.00000E+00      0.000
       0.3850 -0.50000E+01  0.00000E+00 -0.50000E+01  0.00000E+00 -0.50413E+01 -0.19250E+01  0.00000E+00 -0.19250E+01  0.00000E+00 -0.19444E+01 -0.10769E+02  0.00000E+00 -0.10695E+02  0.00000E+00  0.00000E+00  0.40504E+02  0.00000E+00  0.00000E+00     47  0.00000E+00      0.000
       0.3950 -0.50000E+01  0.00000E+00 -0.50000E+01  0.00000E+00 -0.50403E+01 -0.19750E+01  0.00000E+00 -0.19750E+01  0.00000E+00 -0.19948E+01 -0.10769E+02  0.00000E+00 -0.10697E+02  0.00000E+00  0.00000E+00  0.40504E+02  0.00000E+00  0.00000E+00     48  0.00000E+00      0.000
       0.4050 -0.50000E+01  0.00000E+00 -0.50000E+01  0.00000E+00 -0.50393E+01 -0.20250E+01  0.00000E+00 -0.20250E+01  0.00000E+00 -0.20452E+01 -0.10769E+02  0.00000E+00 -0.10698E+02  0.00000E+00  0.00000E+00  0.40504E+02  0.00000E+00  0.00000E+00     49  0.00000E+00      0.000
       0.4145 -0.50000E+01  0.00000E+00 -0.50000E+01  0.00000E+00 -0.50384E+01 -0.20725E+01  0.00000E+00 -0.20725E+01  0.00000E+00 -0.20930E+01 -0.10769E+02  0.00000E+00 -0.10700E+02  0.00000E+00  0.00000E+00  0.40503E+02  0.00000E+00  0.00000E+00     50  0.00000E+00      0.000
       0.4240 -0.50000E+01  0.00000E+00 -0.50000E+01  0.00000E+00 -0.50375E+01 -0.21200E+01  0.00000E+00 -0.21200E+01  0.00000E+00 -0.21409E+01 -0.10769E+02  0.00000E+00 -0.10702E+02  0.00000E+00  0.00000E+00  0.40503E+02  0.00000E+00  0.00000E+00     51  0.00000E+00      0.000
       0.4335 -0.50000E+01  0.00000E+00 -0.50000E+01  0.00000E+00 -0.50365E+01 -0.21675E+01  0.00000E+00 -0.21675E+01  0.00000E+00 -0.21887E+01 -0.10769E+02  0.00000E+00 -0.10704E+02  0.00000E+00  0.00000E+00  0.40503E+02  0.00000E+00  0.00000E+00     52  0.00000E+00      0.000
       0.4430 -0.50000E+01  0.00000E+00 -0.50000E+01  0.00000E+00 -0.50355E+01 -0.22150E+01  0.00000E+00 -0.22150E+01  0.00000E+00 -0.22366E+01 -0.10769E+02  0.00000E+00 -0.10705E+02  0.00000E+00  0.00000E+00  0.40502E+02  0.00000E+00  0.00000E+00     53  0.00000E+00      0.000
       0.4525 -0.50000E+01  0.00000E+00 -0.50000E+01  0.00000E+00 -0.50346E+01 -0.22625E+01  0.00000E+00 -0.22625E+01  0.00000E+00 -0.22844E+01 -0.10769E+02  0.00000E+00 -0.10707E+02  0.00000E+00  0.00000E+00  0.40502E+02  0.00000E+00  0.00000E+00     54  0.00000E+00      0.000
       0.4620 -0.50000E+01  0.00000E+00 -0.50000E+01  0.00000E+00 -0.50336E+01 -0.23100E+01  0.00000E+00 -0.23100E+01  0.00000E+00 -0.23322E+01 -0.10769E+02  0.00000E+00 -0.10709E+02  0.00000E+00  0.00000E+00  0.40502E+02  0.00000E+00  0.00000E+00     55  0.00000E+00      0.000
       0.4715 -0.50000E+01  0.00000E+00 -0.50000E+01  0.00000E+00 -0.50327E+01 -0.23575E+01  0.00000E+00 -0.23575E+01  0.00000E+00 -0.23800E+01 -0.10769E+02  0.00000E+00 -0.10711E+02  0.00000E+00  0.00000E+00  0.40501E+02  0.00000E+00  0.00000E+00     56  0.00000E+00      0.000
       0.4810 -0.50000E+01  0.00000E+00 -0.50000E+01  0.00000E+00 -0.50317E+01 -0.24050E+01  0.00000E+00 -0.24050E+01  0.00000E+00 -0.24278E+01 -0.10770E+02  0.00000E+00 -0.10712E+02  0.00000E+00  0.00000E+00  0.40501E+02  0.00000E+00  0.00000E+00     57  0.00000E+00      0.000
       0.4905 -0.50000E+01  0.00000E+00 -0.50000E+01  0.00000E+00 -0.50307E+01 -0.24525E+01  0.00000E+00 -0.24525E+01  0.00000E+00 -0.24756E+01 -0.10770E+02  0.00000E+00 -0.10714E+02  0.00000E+00  0.00000E+00  0.40501E+02  0.00000E+00  0.00000E+00     58  0.00000E+00      0.000
       0.5000 -0.50000E+01  0.00000E+00 -0.50000E+01  0.00000E+00 -0.50298E+01 -0.25000E+01  0.00000E+00 -0.25000E+01  0.00000E+00 -0.25234E+01 -0.10770E+02  0.00000E+00 -0.10716E+02  0.00000E+00  0.00000E+00  0.40500E+02  0.00000E+00  0.00000E+00     59  0.00000E+00      0.000
       0.5100 -0.50000E+01  0.00000E+00 -0.50000E+01  0.00000E+00 -0.50288E+01 -0.25500E+01  0.00000E+00 -0.25500E+01  0.00000E+00 -0.25737E+01 -0.10770E+02  0.00000E+00 -0.10718E+02  0.00000E+00  0.00000E+00  0.40500E+02  0.00000E+00  0.00000E+00     60  0.00000E+00      0.000
       0.5200 -0.50000E+01  0.00000E+00 -0.50000E+01  0.00000E+00 -0.50278E+01 -0.26000E+01  0.00000E+00 -0.26000E+01  0.00000E+00 -0.26240E+01 -0.10770E+02  0.00000E+00 -0.10719E+02  0.00000E+00  0.00000E+00  0.40500E+02  0.00000E+00  0.00000E+00     61  0.00000E+00      0.000
       0.5300 -0.50000E+01  0.00000E+00 -0.50000E+01  0.00000E+00 -0.50269E+01 -0.26500E+01  0.00000E+00 -0.26500E+01  0.00000E+00 -0.26742E+01 -0.10770E+02  0.00000E+00 -0.10721E+02  0.00000E+00  0.00000E+00  0.40500E+02  0.00000E+00  0.00000E+00     62  0.00000E+00      0.000
       0.5395 -0.50000E+01  0.00000E+00 -0.50000E+01  0.00000E+00 -0.50260E+01 -0.26975E+01  0.00000E+00 -0.26975E+01  0.00000E+00 -0.27220E+01 -0.10770E+02  0.00000E+00 -0.10723E+02  0.00000E+00  0.00000E+00  0.40499E+02  0.00000E+00  0.00000E+00     63  0.00000E+00      0.000
       0.5490 -0.50000E+01  0.00000E+00 -0.50000E+01  0.00000E+00 -0.50251E+01 -0.27450E+01  0.00000E+00 -0.27450E+01  0.00000E+00 -0.27697E+01 -0.10770E+02  0.00000E+00 -0.10724E+02  0.00000E+00  0.00000E+00  0.40499E+02  0.00000E+00  0.00000E+00     64  0.00000E+00      0.000
       0.5585 -0.50000E+01  0.00000E+00 -0.50000E+01  0.00000E+00 -0.50243E+01 -0.27925E+01  0.00000E+00 -0.27925E+01  0.00000E+00 -0.28174E+01 -0.10770E+02  0.00000E+00 -0.10726E+02  0.00000E+00  0.00000E+00  0.40499E+02  0.00000E+00  0.00000E+00     65  0.00000E+00      0.000
       0.5680 -0.50000E+01  0.00000E+00 -0.50000E+01  0.00000E+00 -0.50234E+01 -0.28400E+01  0.00000E+00 -0.28400E+01  0.00000E+00 -0.28652E+01 -0.10770E+02  0.00000E+00 -0.10728E+02  0.00000E+00  0.00000E+00  0.40499E+02  0.00000E+00  0.00000E+00     66  0.00000E+00      0.000
       0.5775 -0.50000E+01  0.00000E+00 -0.50000E+01  0.00000E+00 -0.50226E+01 -0.28875E+01  0.00000E+00 -0.28875E+01  0.00000E+00 -0.29129E+01 -0.10770E+02  0.00000E+00 -0.10729E+02  0.00000E+00  0.00000E+00  0.40498E+02  0.00000E+00  0.00000E+00     67  0.00000E+00      0.000
       0.5870 -0.50000E+01  0.00000E+00 -0.50000E+01  0.00000E+00 -0.50218E+01 -0.29350E+01  0.00000E+00 -0.29350E+01  0.00000E+00 -0.29606E+01 -0.10770E+02  0.00000E+00 -0.10731E+02  0.00000E+00  0.00000E+00  0.40498E+02  0.00000E+00  0.00000E+00     68  0.00000E+00      0.000
       0.5965 -0.50000E+01  0.00000E+00 -0.50000E+01  0.00000E+00 -0.50210E+01 -0.29825E+01  0.00000E+00 -0.29825E+01  0.00000E+00 -0.30083E+01 -0.10770E+02  0.00000E+00 -0.10732E+02  0.00000E+00  0.00000E+00  0.40498E+02  0.00000E+00  0.00000E+00     69  0.00000E+00      0.000
       0.6060 -0.50000E+01  0.00000E+00 -0.50000E+01  0.00000E+00 -0.50202E+01 -0.30300E+01  0.00000E+00 -0.30300E+01  0.00000E+00 -0.30560E+01 -0.10770E+02  0.00000E+00 -0.10733E+02  0.00000E+00  0.00000E+00  0.40498E+02  0.00000E+00  0.00000E+00     70  0.00000E+00      0.000
       0.6155 -0.50000E+01  0.00000E+00 -0.50000E+01  0.00000E+00 -0.50195E+01 -0.30775E+01  0.00000E+00 -0.30775E+01  0.00000E+00 -0.31037E+01 -0.10770E+02  0.00000E+00 -0.10735E+02  0.00000E+00  0.00000E+00  0.40498E+02  0.00000E+00  0.00000E+00     71  0.00000E+00      0.000
       0.6250 -0.50000E+01  0.00000E+00 -0.50000E+01  0.00000E+00 -0.50187E+01 -0.31250E+01  0.00000E+00 -0.31250E+01  0.00000E+00 -0.31513E+01 -0.10770E+02  0.00000E+00 -0.10736E+02  0.00000E+00  0.00000E+00  0.40497E+02  0.00000E+00  0.00000E+00     72  0.00000E+00      0.000
       0.6350 -0.50000E+01  0.00000E+00 -0.50000E+01  0.00000E+00 -0.50180E+01 -0.31750E+01  0.00000E+00 -0.31750E+01  0.00000E+00 -0.32015E+01 -0.10770E+02  0.00000E+00 -0.10737E+02  0.00000E+00  0.00000E+00  0.40497E+02  0.00000E+00  0.00000E+00     73  0.00000E+00      0.000
       0.6450 -0.50000E+01  0.00000E+00 -0.50000E+01  0.00000E+00 -0.50172E+01 -0.32250E+01  0.00000E+00 -0.32250E+01  0.00000E+00 -0.32517E+01 -0.10770E+02  0.00000E+00 -0.10739E+02  0.00000E+00  0.00000E+00  0.40497E+02  0.00000E+00  0.00000E+00     74  0.00000E+00      0.000
       0.6550 -0.50000E+01  0.00000E+00 -0.50000E+01  0.00000E+00 -0.50165E+01 -0.32750E+01  0.00000E+00 -0.32750E+01  0.00000E+00 -0.33019E+01 -0.10770E+02  0.00000E+00 -0.10740E+02  0.00000E+00  0.00000E+00  0.40497E+02  0.00000E+00  0.00000E+00     75  0.00000E+00      0.000
       0.6645 -0.50000E+01  0.00000E+00 -0.50000E+01  0.00000E+00 -0.50159E+01 -0.33225E+01  0.00000E+00 -0.33225E+01  0.00000E+00 -0.33495E+01 -0.10770E+02  0.00000E+00 -0.10741E+02  0.00000E+00  0.00000E+00  0.40497E+02  0.00000E+00  0.00000E+00     76  0.00000E+00      0.000
       0.6740 -0.50000E+01  0.00000E+00 -0.50000E+01  0.00000E+00 -0.50153E+01 -0.33700E+01  0.00000E+00 -0.33700E+01  0.00000E+00 -0.33972E+01 -0.10770E+02  0.00000E+00 -0.10742E+02  0.00000E+00  0.00000E+00  0.40497E+02  0.00000E+00  0.00000E+00     77  0.00000E+00      0.000
       0.6835 -0.50000E+01  0.00000E+00 -0.50000E+01  0.00000E+00 -0.50147E+01 -0.34175E+01  0.00000E+00 -0.34175E+01  0.00000E+00 -0.34448E+01 -0.10770E+02  0.00000E+00 -0.10744E+02  0.00000E+00  0.00000E+00  0.40497E+02  0.00000E+00  0.00000E+00     78  0.00000E+00      0.000
       0.6930 -0.50000E+01  0.00000E+00 -0.50000E+01  0.00000E+00 -0.50141E+01 -0.34650E+01  0.00000E+00 -0.34650E+01  0.00000E+00 -0.34924E+01 -0.10770E+02  0.00000E+00 -0.10745E+02  0.00000E+00  0.00000E+00  0.40496E+02  0.00000E+00  0.00000E+00     79  0.00000E+00      0.000
       0.7025 -0.50000E+01  0.00000E+00 -0.50000E+01  0.00000E+00 -0.50135E+01 -0.35125E+01  0.00000E+00 -0.35125E+01  0.00000E+00 -0.35401E+01 -0.10770E+02  0.00000E+00 -0.10746E+02  0.00000E+00  0.00000E+00  0.40496E+02  0.00000E+00  0.00000E+00     80  0.00000E+00      0.000
       0.7120 -0.50000E+01  0.00000E+00 -0.50000E+01  0.00000E+00 -0.50129E+01 -0.35600E+01  0.00000E+00 -0.35600E+01  0.00000E+00 -0.35877E+01 -0.10770E+02  0.00000E+00 -0.10747E+02  0.00000E+00  0.00000E+00  0.40496E+02  0.00000E+00  0.00000E+00     81  0.00000E+00      0.000
       0.7215 -0.50000E+01  0.00000E+00 -0.50000E+01  0.00000E+00 -0.50124E+01 -0.36075E+01  0.00000E+00 -0.36075E+01  0.00000E+00 -0.36353E+01 -0.10770E+02  0.00000E+00 -0.10748E+02  0.00000E+00  0.00000E+00  0.40496E+02  0.00000E+00  0.00000E+00     82  0.00000E+00      0.000
       0.7310 -0.50000E+01  0.00000E+00 -0.50000E+01  0.00000E+00 -0.50119E+01 -0.36550E+01  0.00000E+00 -0.36550E+01  0.00000E+00 -0.36829E+01 -0.10770E+02  0.00000E+00 -0.10749E+02  0.00000E+00  0.00000E+00  0.40496E+02  0.00000E+00  0.00000E+00     83  0.00000E+00      0.000
       0.7405 -0.50000E+01  0.00000E+00 -0.50000E+01  0.00000E+00 -0.50114E+01 -0.37025E+01  0.00000E+00 -0.37025E+01  0.00000E+00 -0.37305E+01 -0.10770E+02  0.00000E+00 -0.10749E+02  0.00000E+00  0.00000E+00  0.40496E+02  0.00000E+00  0.00000E+00     84  0.00000E+00      0.000
       0.7500 -0.50000E+01  0.00000E+00 -0.50000E+01  0.00000E+00 -0.50109E+01 -0.37500E+01  0.00000E+00 -0.37500E+01  0.00000E+00 -0.37781E+01 -0.10770E+02  0.00000E+00 -0.10750E+02  0.00000E+00  0.00000E+00  0.40496E+02  0.00000E+00  0.00000E+00     85  0.00000E+00      0.000
       0.7600 -0.50000E+01  0.00000E+00 -0.50000E+01  0.00000E+00 -0.50104E+01 -0.38000E+01  0.00000E+00 -0.38000E+01  0.00000E+00 -0.38282E+01 -0.10770E+02  0.00000E+00 -0.10751E+02  0.00000E+00  0.00000E+00  0.40496E+02  0.00000E+00  0.00000E+00     86  0.00000E+00      0.000
       0.7700 -0.50000E+01  0.00000E+00 -0.50000E+01  0.00000E+00 -0.50100E+01 -0.38500E+01  0.00000E+00 -0.38500E+01  0.00000E+00 -0.38783E+01 -0.10770E+02  0.00000E+00 -0.10752E+02  0.00000E+00  0.00000E+00  0.40495E+02  0.00000E+00  0.00000E+00     87  0.00000E+00      0.000
       0.7800 -0.50000E+01  0.00000E+00 -0.50000E+01  0.00000E+00 -0.50095E+01 -0.39000E+01  0.00000E+00 -0.39000E+01  0.00000E+00 -0.39284E+01 -0.10770E+02  0.00000E+00 -0.10753E+02  0.00000E+00  0.00000E+00  0.40495E+02  0.00000E+00  0.00000E+00     88  0.00000E+00      0.000
       0.7895 -0.50000E+01  0.00000E+00 -0.50000E+01  0.00000E+00 -0.50091E+01 -0.39475E+01  0.00000E+00 -0.39475E+01  0.00000E+00 -0.39760E+01 -0.10770E+02  0.00000E+00 -0.10754E+02  0.00000E+00  0.00000E+00  0.40495E+02  0.00000E+00  0.00000E+00     89  0.00000E+00      0.000
       0.7990 -0.50000E+01  0.00000E+00 -0.50000E+01  0.00000E+00 -0.50087E+01 -0.39950E+01  0.00000E+00 -0.39950E+01  0.00000E+00 -0.40236E+01 -0.10770E+02  0.00000E+00 -0.10754E+02  0.00000E+00  0.00000E+00  0.40495E+02  0.00000E+00  0.00000E+00     90  0.00000E+00      0.000
       0.8085 -0.50000E+01  0.00000E+00 -0.50000E+01  0.00000E+00 -0.50083E+01 -0.40425E+01  0.00000E+00 -0.40425E+01  0.00000E+00 -0.40712E+01 -0.10770E+02  0.00000E+00 -0.10755E+02  0.00000E+00  0.00000E+00  0.40495E+02  0.00000E+00  0.00000E+00     91  0.00000E+00      0.000
       0.8180 -0.50000E+01  0.00000E+00 -0.50000E+01  0.00000E+00 -0.50080E+01 -0.40900E+01  0.00000E+00 -0.40900E+01  0.00000E+00 -0.41187E+01 -0.10770E+02  0.00000E+00 -0.10756E+02  0.00000E+00  0.00000E+00  0.40495E+02  0.00000E+00  0.00000E+00     92  0.00000E+00      0.000
       0.8275 -0.50000E+01  0.00000E+00 -0.50000E+01  0.00000E+00 -0.50076E+01 -0.41375E+01  0.00000E+00 -0.41375E+01  0.00000E+00 -0.41663E+01 -0.10770E+02  0.00000E+00 -0.10756E+02  0.00000E+00  0.00000E+00  0.40495E+02  0.00000E+00  0.00000E+00     93  0.00000E+00      0.000
       0.8370 -0.50000E+01  0.00000E+00 -0.50000E+01  0.00000E+00 -0.50073E+01 -0.41850E+01  0.00000E+00 -0.41850E+01  0.00000E+00 -0.42139E+01 -0.10770E+02  0.00000E+00 -0.10757E+02  0.00000E+00  0.00000E+00  0.40495E+02  0.00000E+00  0.00000E+00     94  0.00000E+00      0.000
       0.8465 -0.50000E+01  0.00000E+00 -0.50000E+01  0.00000E+00 -0.50070E+01 -0.42325E+01  0.00000E+00 -0.42325E+01  0.00000E+00 -0.42615E+01 -0.10770E+02  0.00000E+00 -0.10758E+02  0.00000E+00  0.00000E+00  0.40495E+02  0.00000E+00  0.00000E+00     95  0.00000E+00      0.000
       0.8560 -0.50000E+01  0.00000E+00 -0.50000E+01  0.00000E+00 -0.50066E+01 -0.42800E+01  0.00000E+00 -0.42800E+01  0.00000E+00 -0.43090E+01 -0.10770E+02  0.00000E+00 -0.10758E+02  0.00000E+00  0.00000E+00  0.40495E+02  0.00000E+00  0.00000E+00     96  0.00000E+00      0.000
       0.8655 -0.50000E+01  0.00000E+00 -0.50000E+01  0.00000E+00 -0.50063E+01 -0.43275E+01  0.00000E+00 -0.43275E+01  0.00000E+00 -0.43566E+01 -0.10770E+02  0.00000E+00 -0.10759E+02  0.00000E+00  0.00000E+00  0.40495E+02  0.00000E+00  0.00000E+00     97  0.00000E+00      0.000
       0.8750 -0.50000E+01  0.00000E+00 -0.50000E+01  0.00000E+00 -0.50061E+01 -0.43750E+01  0.00000E+00 -0.43750E+01  0.00000E+00 -0.44041E+01 -0.10770E+02  0.00000E+00 -0.10759E+02  0.00000E+00  0.00000E+00  0.40495E+02  0.00000E+00  0.00000E+00     98  0.00000E+00      0.000
       0.8850 -0.50000E+01  0.00000E+00 -0.50000E+01  0.00000E+00 -0.50058E+01 -0.44250E+01  0.00000E+00 -0.44250E+01  0.00000E+00 -0.44542E+01 -0.10770E+02  0.00000E+00 -0.10760E+02  0.00000E+00  0.00000E+00  0.40495E+02  0.00000E+00  0.00000E+00     99  0.00000E+00      0.000
       0.8950 -0.50000E+01  0.00000E+00 -0.50000E+01  0.00000E+00 -0.50055E+01 -0.44750E+01  0.00000E+00 -0.44750E+01  0.00000E+00 -0.45042E+01 -0.10770E+02  0.00000E+00 -0.10760E+02  0.00000E+00  0.00000E+00  0.40495E+02  0.00000E+00  0.00000E+00    100  0.00000E+00      0.000
       0.9050 -0.50000E+01  0.00000E+00 -0.50000E+01  0.00000E+00 -0.50052E+01 -0.45250E+01  0.00000E+00 -0.45250E+01  0.00000E+00 -0.45543E+01 -0.10770E+02  0.00000E+00 -0.10761E+02  0.00000E+00  0.00000E+00  0.40495E+02  0.00000E+00  0.00000E+00    101  0.00000E+00      0.000
       0.9145 -0.50000E+01  0.00000E+00 -0.50000E+01  0.00000E+00 -0.50050E+01 -0.45725E+01  0.00000E+00 -0.45725E+01  0.00000E+00 -0.46018E+01 -0.10770E+02  0.00000E+00 -0.10761E+02  0.00000E+00  0.00000E+00  0.40494E+02  0.00000E+00  0.00000E+00    102  0.00000E+00      0.000
       0.9240 -0.50000E+01  0.00000E+00 -0.50000E+01  0.00000E+00 -0.50048E+01 -0.46200E+01  0.00000E+00 -0.46200E+01  0.00000E+00 -0.46494E+01 -0.10770E+02  0.00000E+00 -0.10762E+02  0.00000E+00  0.00000E+00  0.40494E+02  0.00000E+00  0.00000E+00    103  0.00000E+00      0.000
       0.9335 -0.50000E+01  0.00000E+00 -0.50000E+01  0.00000E+00 -0.50045E+01 -0.46675E+01  0.00000E+00 -0.46675E+01  0.00000E+00 -0.46969E+01 -0.10770E+02  0.00000E+00 -0.10762E+02  0.00000E+00  0.00000E+00  0.40494E+02  0.00000E+00  0.00000E+00    104  0.00000E+00      0.000
       0.9430 -0.50000E+01  0.00000E+00 -0.50000E+01  0.00000E+00 -0.50043E+01 -0.47150E+01  0.00000E+00 -0.47150E+01  0.00000E+00 -0.47445E+01 -0.10770E+02  0.00000E+00 -0.10762E+02  0.00000E+00  0.00000E+00  0.40494E+02  0.00000E+00  0.00000E+00    105  0.00000E+00      0.000
       0.9525 -0.50000E+01  0.00000E+00 -0.50000E+01  0.00000E+00 -0.50041E+01 -0.47625E+01  0.00000E+00 -0.47625E+01  0.00000E+00 -0.47920E+01 -0.10770E+02  0.00000E+00 -0.10763E+02  0.00000E+00  0.00000E+00  0.40494E+02  0.00000E+00  0.00000E+00    106  0.00000E+00      0.000
       0.9620 -0.50000E+01  0.00000E+00 -0.50000E+01  0.00000E+00 -0.50039E+01 -0.48100E+01  0.00000E+00 -0.48100E+01  0.00000E+00 -0.48396E+01 -0.10770E+02  0.00000E+00 -0.10763E+02  0.00000E+00  0.00000E+00  0.40494E+02  0.00000E+00  0.00000E+00    107  0.00000E+00      0.000
       0.9715 -0.50000E+01  0.00000E+00 -0.50000E+01  0.00000E+00 -0.50038E+01 -0.48575E+01  0.00000E+00 -0.48575E+01  0.00000E+00 -0.48871E+01 -0.10770E+02  0.00000E+00 -0.10763E+02  0.00000E+00  0.00000E+00  0.40494E+02  0.00000E+00  0.00000E+00    108  0.00000E+00      0.000
       0.9810 -0.50000E+01  0.00000E+00 -0.50000E+01  0.00000E+00 -0.50036E+01 -0.49050E+01  0.00000E+00 -0.49050E+01  0.00000E+00 -0.49346E+01 -0.10770E+02  0.00000E+00 -0.10764E+02  0.00000E+00  0.00000E+00  0.40494E+02  0.00000E+00  0.00000E+00    109  0.00000E+00      0.000
       0.9905 -0.50000E+01  0.00000E+00 -0.50000E+01  0.00000E+00 -0.50034E+01 -0.49525E+01  0.00000E+00 -0.49525E+01  0.00000E+00 -0.49822E+01 -0.10770E+02  0.00000E+00 -0.10764E+02  0.00000E+00  0.00000E+00  0.40494E+02  0.00000E+00  0.00000E+00    110  0.00000E+00      0.000
       1.0000 -0.50000E+01  0.00000E+00 -0.50000E+01  0.00000E+00 -0.50033E+01 -0.50000E+01  0.00000E+00 -0.50000E+01  0.00000E+00 -0.50297E+01 -0.10770E+02  0.00000E+00 -0.10764E+02  0.00000E+00  0.00000E+00  0.40494E+02  0.00000E+00  0.00000E+00    111  0.00000E+00      0.000
       1.0100 -0.50000E+01  0.00000E+00 -0.50000E+01  0.00000E+00 -0.50031E+01 -0.50500E+01  0.00000E+00 -0.50500E+01  0.00000E+00 -0.50797E+01 -0.10770E+02  0.00000E+00 -0.10765E+02  0.00000E+00  0.00000E+00  0.40494E+02  0.00000E+00  0.00000E+00    112  0.00000E+00      0.000
       1.0200 -0.50000E+01  0.00000E+00 -0.50000E+01  0.00000E+00 -0.50030E+01 -0.51000E+01  0.00000E+00 -0.51000E+01  0.00000E+00 -0.51297E+01 -0.10770E+02  0.00000E+00 -0.10765E+02  0.00000E+00  0.00000E+00  0.40494E+02  0.00000E+00  0.00000E+00    113  0.00000E+00      0.000
       1.0300 -0.50000E+01  0.00000E+00 -0.50000E+01  0.00000E+00 -0.50028E+01 -0.51500E+01  0.00000E+00 -0.51500E+01  0.00000E+00 -0.51798E+01 -0.10770E+02  0.00000E+00 -0.10765E+02  0.00000E+00  0.00000E+00  0.40494E+02  0.00000E+00  0.00000E+00    114  0.00000E+00      0.000
       1.0395 -0.50000E+01  0.00000E+00 -0.50000E+01  0.00000E+00 -0.50027E+01 -0.51975E+01  0.00000E+00 -0.51975E+01  0.00000E+00 -0.52273E+01 -0.10770E+02  0.00000E+00 -0.10765E+02  0.00000E+00  0.00000E+00  0.40494E+02  0.00000E+00  0.00000E+00    115  0.00000E+00      0.000
       1.0490 -0.50000E+01  0.00000E+00 -0.50000E+01  0.00000E+00 -0.50025E+01 -0.52450E+01  0.00000E+00 -0.52450E+01  0.00000E+00 -0.52748E+01 -0.10770E+02  0.00000E+00 -0.10766E+02  0.00000E+00  0.00000E+00  0.40494E+02  0.00000E+00  0.00000E+00    116  0.00000E+00      0.000
       1.0585 -0.50000E+01  0.00000E+00 -0.50000E+01  0.00000E+00 -0.50024E+01 -0.52925E+01  0.00000E+00 -0.52925E+01  0.00000E+00 -0.53224E+01 -0.10770E+02  0.00000E+00 -0.10766E+02  0.00000E+00  0.00000E+00  0.40494E+02  0.00000E+00  0.00000E+00    117  0.00000E+00      0.000
       1.0680 -0.50000E+01  0.00000E+00 -0.50000E+01  0.00000E+00 -0.50023E+01 -0.53400E+01  0.00000E+00 -0.53400E+01  0.00000E+00 -0.53699E+01 -0.10770E+02  0.00000E+00 -0.10766E+02  0.00000E+00  0.00000E+00  0.40494E+02  0.00000E+00  0.00000E+00    118  0.00000E+00      0.000
       1.0775 -0.50000E+01  0.00000E+00 -0.50000E+01  0.00000E+00 -0.50022E+01 -0.53875E+01  0.00000E+00 -0.53875E+01  0.00000E+00 -0.54174E+01 -0.10770E+02  0.00000E+00 -0.10766E+02  0.00000E+00  0.00000E+00  0.40494E+02  0.00000E+00  0.00000E+00    119  0.00000E+00      0.000
       1.0870 -0.50000E+01  0.00000E+00 -0.50000E+01  0.00000E+00 -0.50021E+01 -0.54350E+01  0.00000E+00 -0.54350E+01  0.00000E+00 -0.54649E+01 -0.10770E+02  0.00000E+00 -0.10767E+02  0.00000E+00  0.00000E+00  0.40494E+02  0.00000E+00  0.00000E+00    120  0.00000E+00      0.000
       1.0965 -0.50000E+01  0.00000E+00 -0.50000E+01  0.00000E+00 -0.50020E+01 -0.54825E+01  0.00000E+00 -0.54825E+01  0.00000E+00 -0.55124E+01 -0.10770E+02  0.00000E+00 -0.10767E+02  0.00000E+00  0.00000E+00  0.40494E+02  0.00000E+00  0.00000E+00    121  0.00000E+00      0.000
       1.1060 -0.50000E+01  0.00000E+00 -0.50000E+01  0.00000E+00 -0.50019E+01 -0.55300E+01  0.00000E+00 -0.55300E+01  0.00000E+00 -0.55599E+01 -0.10770E+02  0.00000E+00 -0.10767E+02  0.00000E+00  0.00000E+00  0.40494E+02  0.00000E+00  0.00000E+00    122  0.00000E+00      0.000
       1.1155 -0.50000E+01  0.00000E+00 -0.50000E+01  0.00000E+00 -0.50018E+01 -0.55775E+01  0.00000E+00 -0.55775E+01  0.00000E+00 -0.56075E+01 -0.10770E+02  0.00000E+00 -0.10767E+02  0.00000E+00  0.00000E+00  0.40494E+02  0.00000E+00  0.00000E+00    123  0.00000E+00      0.000
       1.1250 -0.50000E+01  0.00000E+00 -0.50000E+01  0.00000E+00 -0.50017E+01 -0.56250E+01  0.00000E+00 -0.56250E+01  0.00000E+00 -0.56550E+01 -0.10770E+02  0.00000E+00 -0.10767E+02  0.00000E+00  0.00000E+00  0.40494E+02  0.00000E+00  0.00000E+00    124  0.00000E+00      0.000
       1.1350 -0.50000E+01  0.00000E+00 -0.50000E+01  0.00000E+00 -0.50016E+01 -0.56750E+01  0.00000E+00 -0.56750E+01  0.00000E+00 -0.57050E+01 -0.10770E+02  0.00000E+00 -0.10767E+02  0.00000E+00  0.00000E+00  0.40494E+02  0.00000E+00  0.00000E+00    125  0.00000E+00      0.000
       1.1450 -0.50000E+01  0.00000E+00 -0.50000E+01  0.00000E+00 -0.50015E+01 -0.57250E+01  0.00000E+00 -0.57250E+01  0.00000E+00 -0.57550E+01 -0.10770E+02  0.00000E+00 -0.10767E+02  0.00000E+00  0.00000E+00  0.40494E+02  0.00000E+00  0.00000E+00    126  0.00000E+00      0.000
       1.1550 -0.50000E+01  0.00000E+00 -0.50000E+01  0.00000E+00 -0.50015E+01 -0.57750E+01  0.00000E+00 -0.57750E+01  0.00000E+00 -0.58050E+01 -0.10770E+02  0.00000E+00 -0.10768E+02  0.00000E+00  0.00000E+00  0.40494E+02  0.00000E+00  0.00000E+00    127  0.00000E+00      0.000
       1.1645 -0.50000E+01  0.00000E+00 -0.50000E+01  0.00000E+00 -0.50014E+01 -0.58225E+01  0.00000E+00 -0.58225E+01  0.00000E+00 -0.58525E+01 -0.10770E+02  0.00000E+00 -0.10768E+02  0.00000E+00  0.00000E+00  0.40494E+02  0.00000E+00  0.00000E+00    128  0.00000E+00      0.000
       1.1740 -0.50000E+01  0.00000E+00 -0.50000E+01  0.00000E+00 -0.50013E+01 -0.58700E+01  0.00000E+00 -0.58700E+01  0.00000E+00 -0.59001E+01 -0.10770E+02  0.00000E+00 -0.10768E+02  0.00000E+00  0.00000E+00  0.40494E+02  0.00000E+00  0.00000E+00    129  0.00000E+00      0.000
       1.1835 -0.50000E+01  0.00000E+00 -0.50000E+01  0.00000E+00 -0.50013E+01 -0.59175E+01  0.00000E+00 -0.59175E+01  0.00000E+00 -0.59476E+01 -0.10770E+02  0.00000E+00 -0.10768E+02  0.00000E+00  0.00000E+00  0.40494E+02  0.00000E+00  0.00000E+00    130  0.00000E+00      0.000
       1.1930 -0.50000E+01  0.00000E+00 -0.50000E+01  0.00000E+00 -0.50012E+01 -0.59650E+01  0.00000E+00 -0.59650E+01  0.00000E+00 -0.59951E+01 -0.10770E+02  0.00000E+00 -0.10768E+02  0.00000E+00  0.00000E+00  0.40494E+02  0.00000E+00  0.00000E+00    131  0.00000E+00      0.000
       1.2025 -0.50000E+01  0.00000E+00 -0.50000E+01  0.00000E+00 -0.50011E+01 -0.60125E+01  0.00000E+00 -0.60125E+01  0.00000E+00 -0.60426E+01 -0.10770E+02  0.00000E+00 -0.10768E+02  0.00000E+00  0.00000E+00  0.40494E+02  0.00000E+00  0.00000E+00    132  0.00000E+00      0.000
       1.2120 -0.50000E+01  0.00000E+00 -0.50000E+01  0.00000E+00 -0.50011E+01 -0.60600E+01  0.00000E+00 -0.60600E+01  0.00000E+00 -0.60901E+01 -0.10770E+02  0.00000E+00 -0.10768E+02  0.00000E+00  0.00000E+00  0.40494E+02  0.00000E+00  0.00000E+00    133  0.00000E+00      0.000
       1.2215 -0.50000E+01  0.00000E+00 -0.50000E+01  0.00000E+00 -0.50010E+01 -0.61075E+01  0.00000E+00 -0.61075E+01  0.00000E+00 -0.61376E+01 -0.10770E+02  0.00000E+00 -0.10768E+02  0.00000E+00  0.00000E+00  0.40494E+02  0.00000E+00  0.00000E+00    134  0.00000E+00      0.000
       1.2310 -0.50000E+01  0.00000E+00 -0.50000E+01  0.00000E+00 -0.50010E+01 -0.61550E+01  0.00000E+00 -0.61550E+01  0.00000E+00 -0.61851E+01 -0.10770E+02  0.00000E+00 -0.10769E+02  0.00000E+00  0.00000E+00  0.40494E+02  0.00000E+00  0.00000E+00    135  0.00000E+00      0.000
       1.2405 -0.50000E+01  0.00000E+00 -0.50000E+01  0.00000E+00 -0.50009E+01 -0.62025E+01  0.00000E+00 -0.62025E+01  0.00000E+00 -0.62326E+01 -0.10770E+02  0.00000E+00 -0.10769E+02  0.00000E+00  0.00000E+00  0.40494E+02  0.00000E+00  0.00000E+00    136  0.00000E+00      0.000
       1.2500 -0.50000E+01  0.00000E+00 -0.50000E+01  0.00000E+00 -0.50009E+01 -0.62500E+01  0.00000E+00 -0.62500E+01  0.00000E+00 -0.62801E+01 -0.10770E+02  0.00000E+00 -0.10769E+02  0.00000E+00  0.00000E+00  0.40494E+02  0.00000E+00  0.00000E+00    137  0.00000E+00      0.000
       1.2600 -0.50000E+01  0.00000E+00 -0.50000E+01  0.00000E+00 -0.50008E+01 -0.63000E+01  0.00000E+00 -0.63000E+01  0.00000E+00 -0.63301E+01 -0.10770E+02  0.00000E+00 -0.10769E+02  0.00000E+00  0.00000E+00  0.40494E+02  0.00000E+00  0.00000E+00    138  0.00000E+00      0.000
       1.2700 -0.50000E+01  0.00000E+00 -0.50000E+01  0.00000E+00 -0.50008E+01 -0.63500E+01  0.00000E+00 -0.63500E+01  0.00000E+00 -0.63802E+01 -0.10770E+02  0.00000E+00 -0.10769E+02  0.00000E+00  0.00000E+00  0.40494E+02  0.00000E+00  0.00000E+00    139  0.00000E+00      0.000
       1.2800 -0.50000E+01  0.00000E+00 -0.50000E+01  0.00000E+00 -0.50007E+01 -0.64000E+01  0.00000E+00 -0.64000E+01  0.00000E+00 -0.64302E+01 -0.10770E+02  0.00000E+00 -0.10769E+02  0.00000E+00  0.00000E+00  0.40494E+02  0.00000E+00  0.00000E+00    140  0.00000E+00      0.000
       1.2895 -0.50000E+01  0.00000E+00 -0.50000E+01  0.00000E+00 -0.50007E+01 -0.64475E+01  0.00000E+00 -0.64475E+01  0.00000E+00 -0.64777E+01 -0.10770E+02  0.00000E+00 -0.10769E+02  0.00000E+00  0.00000E+00  0.40494E+02  0.00000E+00  0.00000E+00    141  0.00000E+00      0.000
       1.2990 -0.50000E+01  0.00000E+00 -0.50000E+01  0.00000E+00 -0.50007E+01 -0.64950E+01  0.00000E+00 -0.64950E+01  0.00000E+00 -0.65252E+01 -0.10770E+02  0.00000E+00 -0.10769E+02  0.00000E+00  0.00000E+00  0.40494E+02  0.00000E+00  0.00000E+00    142  0.00000E+00      0.000
       1.3085 -0.50000E+01  0.00000E+00 -0.50000E+01  0.00000E+00 -0.50006E+01 -0.65425E+01  0.00000E+00 -0.65425E+01  0.00000E+00 -0.65727E+01 -0.10770E+02  0.00000E+00 -0.10769E+02  0.00000E+00  0.00000E+00  0.40494E+02  0.00000E+00  0.00000E+00    143  0.00000E+00      0.000
       1.3180 -0.50000E+01  0.00000E+00 -0.50000E+01  0.00000E+00 -0.50006E+01 -0.65900E+01  0.00000E+00 -0.65900E+01  0.00000E+00 -0.66202E+01 -0.10770E+02  0.00000E+00 -0.10769E+02  0.00000E+00  0.00000E+00  0.40494E+02  0.00000E+00  0.00000E+00    144  0.00000E+00      0.000
       1.3275 -0.50000E+01  0.00000E+00 -0.50000E+01  0.00000E+00 -0.50006E+01 -0.66375E+01  0.00000E+00 -0.66375E+01  0.00000E+00 -0.66677E+01 -0.10770E+02  0.00000E+00 -0.10769E+02  0.00000E+00  0.00000E+00  0.40494E+02  0.00000E+00  0.00000E+00    145  0.00000E+00      0.000
       1.3370 -0.50000E+01  0.00000E+00 -0.50000E+01  0.00000E+00 -0.50005E+01 -0.66850E+01  0.00000E+00 -0.66850E+01  0.00000E+00 -0.67152E+01 -0.10770E+02  0.00000E+00 -0.10769E+02  0.00000E+00  0.00000E+00  0.40494E+02  0.00000E+00  0.00000E+00    146  0.00000E+00      0.000
       1.3465 -0.50000E+01  0.00000E+00 -0.50000E+01  0.00000E+00 -0.50005E+01 -0.67325E+01  0.00000E+00 -0.67325E+01  0.00000E+00 -0.67627E+01 -0.10770E+02  0.00000E+00 -0.10769E+02  0.00000E+00  0.00000E+00  0.40494E+02  0.00000E+00  0.00000E+00    147  0.00000E+00      0.000
       1.3560 -0.50000E+01  0.00000E+00 -0.50000E+01  0.00000E+00 -0.50005E+01 -0.67800E+01  0.00000E+00 -0.67800E+01  0.00000E+00 -0.68102E+01 -0.10770E+02  0.00000E+00 -0.10769E+02  0.00000E+00  0.00000E+00  0.40494E+02  0.00000E+00  0.00000E+00    148  0.00000E+00      0.000
       1.3655 -0.50000E+01  0.00000E+00 -0.50000E+01  0.00000E+00 -0.50005E+01 -0.68275E+01  0.00000E+00 -0.68275E+01  0.00000E+00 -0.68577E+01 -0.10770E+02  0.00000E+00 -0.10769E+02  0.00000E+00  0.00000E+00  0.40494E+02  0.00000E+00  0.00000E+00    149  0.00000E+00      0.000
       1.3750 -0.50000E+01  0.00000E+00 -0.50000E+01  0.00000E+00 -0.50004E+01 -0.68750E+01  0.00000E+00 -0.68750E+01  0.00000E+00 -0.69052E+01 -0.10770E+02  0.00000E+00 -0.10770E+02  0.00000E+00  0.00000E+00  0.40494E+02  0.00000E+00  0.00000E+00    150  0.00000E+00      0.000
       1.3850 -0.50000E+01  0.00000E+00 -0.50000E+01  0.00000E+00 -0.50004E+01 -0.69250E+01  0.00000E+00 -0.69250E+01  0.00000E+00 -0.69552E+01 -0.10770E+02  0.00000E+00 -0.10770E+02  0.00000E+00  0.00000E+00  0.40494E+02  0.00000E+00  0.00000E+00    151  0.00000E+00      0.000
       1.3950 -0.50000E+01  0.00000E+00 -0.50000E+01  0.00000E+00 -0.50004E+01 -0.69750E+01  0.00000E+00 -0.69750E+01  0.00000E+00 -0.70052E+01 -0.10770E+02  0.00000E+00 -0.10770E+02  0.00000E+00  0.00000E+00  0.40494E+02  0.00000E+00  0.00000E+00    152  0.00000E+00      0.000
       1.4050 -0.50000E+01  0.00000E+00 -0.50000E+01  0.00000E+00 -0.50004E+01 -0.70250E+01  0.00000E+00 -0.70250E+01  0.00000E+00 -0.70552E+01 -0.10770E+02  0.00000E+00 -0.10770E+02  0.00000E+00  0.00000E+00  0.40494E+02  0.00000E+00  0.00000E+00    153  0.00000E+00      0.000
       1.4145 -0.50000E+01  0.00000E+00 -0.50000E+01  0.00000E+00 -0.50004E+01 -0.70725E+01  0.00000E+00 -0.70725E+01  0.00000E+00 -0.71027E+01 -0.10770E+02  0.00000E+00 -0.10770E+02  0.00000E+00  0.00000E+00  0.40494E+02  0.00000E+00  0.00000E+00    154  0.00000E+00      0.000
       1.4240 -0.50000E+01  0.00000E+00 -0.50000E+01  0.00000E+00 -0.50003E+01 -0.71200E+01  0.00000E+00 -0.71200E+01  0.00000E+00 -0.71502E+01 -0.10770E+02  0.00000E+00 -0.10770E+02  0.00000E+00  0.00000E+00  0.40494E+02  0.00000E+00  0.00000E+00    155  0.00000E+00      0.000
       1.4335 -0.50000E+01  0.00000E+00 -0.50000E+01  0.00000E+00 -0.50003E+01 -0.71675E+01  0.00000E+00 -0.71675E+01  0.00000E+00 -0.71977E+01 -0.10770E+02  0.00000E+00 -0.10770E+02  0.00000E+00  0.00000E+00  0.40494E+02  0.00000E+00  0.00000E+00    156  0.00000E+00      0.000
       1.4430 -0.50000E+01  0.00000E+00 -0.50000E+01  0.00000E+00 -0.50003E+01 -0.72150E+01  0.00000E+00 -0.72150E+01  0.00000E+00 -0.72452E+01 -0.10770E+02  0.00000E+00 -0.10770E+02  0.00000E+00  0.00000E+00  0.40494E+02  0.00000E+00  0.00000E+00    157  0.00000E+00      0.000
       1.4525 -0.50000E+01  0.00000E+00 -0.50000E+01  0.00000E+00 -0.50003E+01 -0.72625E+01  0.00000E+00 -0.72625E+01  0.00000E+00 -0.72927E+01 -0.10770E+02  0.00000E+00 -0.10770E+02  0.00000E+00  0.00000E+00  0.40494E+02  0.00000E+00  0.00000E+00    158  0.00000E+00      0.000
       1.4620 -0.50000E+01  0.00000E+00 -0.50000E+01  0.00000E+00 -0.50003E+01 -0.73100E+01  0.00000E+00 -0.73100E+01  0.00000E+00 -0.73402E+01 -0.10770E+02  0.00000E+00 -0.10770E+02  0.00000E+00  0.00000E+00  0.40494E+02  0.00000E+00  0.00000E+00    159  0.00000E+00      0.000
       1.4715 -0.50000E+01  0.00000E+00 -0.50000E+01  0.00000E+00 -0.50003E+01 -0.73575E+01  0.00000E+00 -0.73575E+01  0.00000E+00 -0.73877E+01 -0.10770E+02  0.00000E+00 -0.10770E+02  0.00000E+00  0.00000E+00  0.40494E+02  0.00000E+00  0.00000E+00    160  0.00000E+00      0.000
       1.4810 -0.50000E+01  0.00000E+00 -0.50000E+01  0.00000E+00 -0.50002E+01 -0.74050E+01  0.00000E+00 -0.74050E+01  0.00000E+00 -0.74352E+01 -0.10770E+02  0.00000E+00 -0.10770E+02  0.00000E+00  0.00000E+00  0.40494E+02  0.00000E+00  0.00000E+00    161  0.00000E+00      0.000
       1.4905 -0.50000E+01  0.00000E+00 -0.50000E+01  0.00000E+00 -0.50002E+01 -0.74525E+01  0.00000E+00 -0.74525E+01  0.00000E+00 -0.74827E+01 -0.10770E+02  0.00000E+00 -0.10770E+02  0.00000E+00  0.00000E+00  0.40494E+02  0.00000E+00  0.00000E+00    162  0.00000E+00      0.000
       1.5000 -0.50000E+01  0.00000E+00 -0.50000E+01  0.00000E+00 -0.50002E+01 -0.75000E+01  0.00000E+00 -0.75000E+01  0.00000E+00 -0.75303E+01 -0.10770E+02  0.00000E+00 -0.10770E+02  0.00000E+00  0.00000E+00  0.40494E+02  0.00000E+00  0.00000E+00    163  0.00000E+00      0.000
       1.5100 -0.50000E+01  0.00000E+00 -0.50000E+01  0.00000E+00 -0.50002E+01 -0.75500E+01  0.00000E+00 -0.75500E+01  0.00000E+00 -0.75803E+01 -0.10770E+02  0.00000E+00 -0.10770E+02  0.00000E+00  0.00000E+00  0.40494E+02  0.00000E+00  0.00000E+00    164  0.00000E+00      0.000
       1.5200 -0.50000E+01  0.00000E+00 -0.50000E+01  0.00000E+00 -0.50002E+01 -0.76000E+01  0.00000E+00 -0.76000E+01  0.00000E+00 -0.76303E+01 -0.10770E+02  0.00000E+00 -0.10770E+02  0.00000E+00  0.00000E+00  0.40494E+02  0.00000E+00  0.00000E+00    165  0.00000E+00      0.000
       1.5300 -0.50000E+01  0.00000E+00 -0.50000E+01  0.00000E+00 -0.50002E+01 -0.76500E+01  0.00000E+00 -0.76500E+01  0.00000E+00 -0.76803E+01 -0.10770E+02  0.00000E+00 -0.10770E+02  0.00000E+00  0.00000E+00  0.40494E+02  0.00000E+00  0.00000E+00    166  0.00000E+00      0.000
       1.5395 -0.50000E+01  0.00000E+00 -0.50000E+01  0.00000E+00 -0.50002E+01 -0.76975E+01  0.00000E+00 -0.76975E+01  0.00000E+00 -0.77278E+01 -0.10770E+02  0.00000E+00 -0.10770E+02  0.00000E+00  0.00000E+00  0.40494E+02  0.00000E+00  0.00000E+00    167  0.00000E+00      0.000
       1.5490 -0.50000E+01  0.00000E+00 -0.50000E+01  0.00000E+00 -0.50002E+01 -0.77450E+01  0.00000E+00 -0.77450E+01  0.00000E+00 -0.77753E+01 -0.10770E+02  0.00000E+00 -0.10770E+02  0.00000E+00  0.00000E+00  0.40494E+02  0.00000E+00  0.00000E+00    168  0.00000E+00      0.000
       1.5585 -0.50000E+01  0.00000E+00 -0.50000E+01  0.00000E+00 -0.50002E+01 -0.77925E+01  0.00000E+00 -0.77925E+01  0.00000E+00 -0.78228E+01 -0.10770E+02  0.00000E+00 -0.10770E+02  0.00000E+00  0.00000E+00  0.40494E+02  0.00000E+00  0.00000E+00    169  0.00000E+00      0.000
       1.5680 -0.50000E+01  0.00000E+00 -0.50000E+01  0.00000E+00 -0.50002E+01 -0.78400E+01  0.00000E+00 -0.78400E+01  0.00000E+00 -0.78703E+01 -0.10770E+02  0.00000E+00 -0.10770E+02  0.00000E+00  0.00000E+00  0.40494E+02  0.00000E+00  0.00000E+00    170  0.00000E+00      0.000
       1.5775 -0.50000E+01  0.00000E+00 -0.50000E+01  0.00000E+00 -0.50002E+01 -0.78875E+01  0.00000E+00 -0.78875E+01  0.00000E+00 -0.79178E+01 -0.10770E+02  0.00000E+00 -0.10770E+02  0.00000E+00  0.00000E+00  0.40494E+02  0.00000E+00  0.00000E+00    171  0.00000E+00      0.000
       1.5870 -0.50000E+01  0.00000E+00 -0.50000E+01  0.00000E+00 -0.50001E+01 -0.79350E+01  0.00000E+00 -0.79350E+01  0.00000E+00 -0.79653E+01 -0.10770E+02  0.00000E+00 -0.10770E+02  0.00000E+00  0.00000E+00  0.40494E+02  0.00000E+00  0.00000E+00    172  0.00000E+00      0.000
       1.5965 -0.50000E+01  0.00000E+00 -0.50000E+01  0.00000E+00 -0.50001E+01 -0.79825E+01  0.00000E+00 -0.79825E+01  0.00000E+00 -0.80128E+01 -0.10770E+02  0.00000E+00 -0.10770E+02  0.00000E+00  0.00000E+00  0.40494E+02  0.00000E+00  0.00000E+00    173  0.00000E+00      0.000
       1.6060 -0.50000E+01  0.00000E+00 -0.50000E+01  0.00000E+00 -0.50001E+01 -0.80300E+01  0.00000E+00 -0.80300E+01  0.00000E+00 -0.80603E+01 -0.10770E+02  0.00000E+00 -0.10770E+02  0.00000E+00  0.00000E+00  0.40494E+02  0.00000E+00  0.00000E+00    174  0.00000E+00      0.000
       1.6155 -0.50000E+01  0.00000E+00 -0.50000E+01  0.00000E+00 -0.50001E+01 -0.80775E+01  0.00000E+00 -0.80775E+01  0.00000E+00 -0.81078E+01 -0.10770E+02  0.00000E+00 -0.10770E+02  0.00000E+00  0.00000E+00  0.40494E+02  0.00000E+00  0.00000E+00    175  0.00000E+00      0.000
       1.6250 -0.50000E+01  0.00000E+00 -0.50000E+01  0.00000E+00 -0.50001E+01 -0.81250E+01  0.00000E+00 -0.81250E+01  0.00000E+00 -0.81553E+01 -0.10770E+02  0.00000E+00 -0.10770E+02  0.00000E+00  0.00000E+00  0.40494E+02  0.00000E+00  0.00000E+00    176  0.00000E+00      0.000
       1.6350 -0.50000E+01  0.00000E+00 -0.50000E+01  0.00000E+00 -0.50001E+01 -0.81750E+01  0.00000E+00 -0.81750E+01  0.00000E+00 -0.82053E+01 -0.10770E+02  0.00000E+00 -0.10770E+02  0.00000E+00  0.00000E+00  0.40494E+02  0.00000E+00  0.00000E+00    177  0.00000E+00      0.000
       1.6450 -0.50000E+01  0.00000E+00 -0.50000E+01  0.00000E+00 -0.50001E+01 -0.82250E+01  0.00000E+00 -0.82250E+01  0.00000E+00 -0.82553E+01 -0.10770E+02  0.00000E+00 -0.10770E+02  0.00000E+00  0.00000E+00  0.40494E+02  0.00000E+00  0.00000E+00    178  0.00000E+00      0.000
       1.6550 -0.50000E+01  0.00000E+00 -0.50000E+01  0.00000E+00 -0.50001E+01 -0.82750E+01  0.00000E+00 -0.82750E+01  0.00000E+00 -0.83053E+01 -0.10770E+02  0.00000E+00 -0.10770E+02  0.00000E+00  0.00000E+00  0.40494E+02  0.00000E+00  0.00000E+00    179  0.00000E+00      0.000
       1.6645 -0.50000E+01  0.00000E+00 -0.50000E+01  0.00000E+00 -0.50001E+01 -0.83225E+01  0.00000E+00 -0.83225E+01  0.00000E+00 -0.83528E+01 -0.10770E+02  0.00000E+00 -0.10770E+02  0.00000E+00  0.00000E+00  0.40494E+02  0.00000E+00  0.00000E+00    180  0.00000E+00      0.000
       1.6740 -0.50000E+01  0.00000E+00 -0.50000E+01  0.00000E+00 -0.50001E+01 -0.83700E+01  0.00000E+00 -0.83700E+01  0.00000E+00 -0.84003E+01 -0.10770E+02  0.00000E+00 -0.10770E+02  0.00000E+00  0.00000E+00  0.40494E+02  0.00000E+00  0.00000E+00    181  0.00000E+00      0.000
       1.6835 -0.50000E+01  0.00000E+00 -0.50000E+01  0.00000E+00 -0.50001E+01 -0.84175E+01  0.00000E+00 -0.84175E+01  0.00000E+00 -0.84478E+01 -0.10770E+02  0.00000E+00 -0.10770E+02  0.00000E+00  0.00000E+00  0.40494E+02  0.00000E+00  0.00000E+00    182  0.00000E+00      0.000
       1.6930 -0.50000E+01  0.00000E+00 -0.50000E+01  0.00000E+00 -0.50001E+01 -0.84650E+01  0.00000E+00 -0.84650E+01  0.00000E+00 -0.84953E+01 -0.10770E+02  0.00000E+00 -0.10770E+02  0.00000E+00  0.00000E+00  0.40494E+02  0.00000E+00  0.00000E+00    183  0.00000E+00      0.000
       1.7025 -0.50000E+01  0.00000E+00 -0.50000E+01  0.00000E+00 -0.50001E+01 -0.85125E+01  0.00000E+00 -0.85125E+01  0.00000E+00 -0.85428E+01 -0.10770E+02  0.00000E+00 -0.10770E+02  0.00000E+00  0.00000E+00  0.40494E+02  0.00000E+00  0.00000E+00    184  0.00000E+00      0.000
       1.7120 -0.50000E+01  0.00000E+00 -0.50000E+01  0.00000E+00 -0.50001E+01 -0.85600E+01  0.00000E+00 -0.85600E+01  0.00000E+00 -0.85903E+01 -0.10770E+02  0.00000E+00 -0.10770E+02  0.00000E+00  0.00000E+00  0.40494E+02  0.00000E+00  0.00000E+00    185  0.00000E+00      0.000
       1.7215 -0.50000E+01  0.00000E+00 -0.50000E+01  0.00000E+00 -0.50001E+01 -0.86075E+01  0.00000E+00 -0.86075E+01  0.00000E+00 -0.86378E+01 -0.10770E+02  0.00000E+00 -0.10770E+02  0.00000E+00  0.00000E+00  0.40494E+02  0.00000E+00  0.00000E+00    186  0.00000E+00      0.000
       1.7310 -0.50000E+01  0.00000E+00 -0.50000E+01  0.00000E+00 -0.50001E+01 -0.86550E+01  0.00000E+00 -0.86550E+01  0.00000E+00 -0.86853E+01 -0.10770E+02  0.00000E+00 -0.10770E+02  0.00000E+00  0.00000E+00  0.40494E+02  0.00000E+00  0.00000E+00    187  0.00000E+00      0.000
       1.7405 -0.50000E+01  0.00000E+00 -0.50000E+01  0.00000E+00 -0.50001E+01 -0.87025E+01  0.00000E+00 -0.87025E+01  0.00000E+00 -0.87328E+01 -0.10770E+02  0.00000E+00 -0.10770E+02  0.00000E+00  0.00000E+00  0.40494E+02  0.00000E+00  0.00000E+00    188  0.00000E+00      0.000
       1.7500 -0.50000E+01  0.00000E+00 -0.50000E+01  0.00000E+00 -0.50000E+01 -0.87500E+01  0.00000E+00 -0.87500E+01  0.00000E+00 -0.87803E+01 -0.10770E+02  0.00000E+00 -0.10770E+02  0.00000E+00  0.00000E+00  0.40494E+02  0.00000E+00  0.00000E+00    189  0.00000E+00      0.000
       1.7600 -0.50000E+01  0.00000E+00 -0.50000E+01  0.00000E+00 -0.50000E+01 -0.88000E+01  0.00000E+00 -0.88000E+01  0.00000E+00 -0.88303E+01 -0.10770E+02  0.00000E+00 -0.10770E+02  0.00000E+00  0.00000E+00  0.40494E+02  0.00000E+00  0.00000E+00    190  0.00000E+00      0.000
       1.7700 -0.50000E+01  0.00000E+00 -0.50000E+01  0.00000E+00 -0.50000E+01 -0.88500E+01  0.00000E+00 -0.88500E+01  0.00000E+00 -0.88803E+01 -0.10770E+02  0.00000E+00 -0.10770E+02  0.00000E+00  0.00000E+00  0.40494E+02  0.00000E+00  0.00000E+00    191  0.00000E+00      0.000
       1.7800 -0.50000E+01  0.00000E+00 -0.50000E+01  0.00000E+00 -0.50000E+01 -0.89000E+01  0.00000E+00 -0.89000E+01  0.00000E+00 -0.89303E+01 -0.10770E+02  0.00000E+00 -0.10770E+02  0.00000E+00  0.00000E+00  0.40494E+02  0.00000E+00  0.00000E+00    192  0.00000E+00      0.000
       1.7895 -0.50000E+01  0.00000E+00 -0.50000E+01  0.00000E+00 -0.50000E+01 -0.89475E+01  0.00000E+00 -0.89475E+01  0.00000E+00 -0.89778E+01 -0.10770E+02  0.00000E+00 -0.10770E+02  0.00000E+00  0.00000E+00  0.40494E+02  0.00000E+00  0.00000E+00    193  0.00000E+00      0.000
       1.7990 -0.50000E+01  0.00000E+00 -0.50000E+01  0.00000E+00 -0.50000E+01 -0.89950E+01  0.00000E+00 -0.89950E+01  0.00000E+00 -0.90253E+01 -0.10770E+02  0.00000E+00 -0.10770E+02  0.00000E+00  0.00000E+00  0.40494E+02  0.00000E+00  0.00000E+00    194  0.00000E+00      0.000
       1.8085 -0.50000E+01  0.00000E+00 -0.50000E+01  0.00000E+00 -0.50000E+01 -0.90425E+01  0.00000E+00 -0.90425E+01  0.00000E+00 -0.90728E+01 -0.10770E+02  0.00000E+00 -0.10770E+02  0.00000E+00  0.00000E+00  0.40494E+02  0.00000E+00  0.00000E+00    195  0.00000E+00      0.000
       1.8180 -0.50000E+01  0.00000E+00 -0.50000E+01  0.00000E+00 -0.50000E+01 -0.90900E+01  0.00000E+00 -0.90900E+01  0.00000E+00 -0.91203E+01 -0.10770E+02  0.00000E+00 -0.10770E+02  0.00000E+00  0.00000E+00  0.40494E+02  0.00000E+00  0.00000E+00    196  0.00000E+00      0.000
       1.8275 -0.50000E+01  0.00000E+00 -0.50000E+01  0.00000E+00 -0.50000E+01 -0.91375E+01  0.00000E+00 -0.91375E+01  0.00000E+00 -0.91678E+01 -0.10770E+02  0.00000E+00 -0.10770E+02  0.00000E+00  0.00000E+00  0.40494E+02  0.00000E+00  0.00000E+00    197  0.00000E+00      0.000
       1.8370 -0.50000E+01  0.00000E+00 -0.50000E+01  0.00000E+00 -0.50000E+01 -0.91850E+01  0.00000E+00 -0.91850E+01  0.00000E+00 -0.92153E+01 -0.10770E+02  0.00000E+00 -0.10770E+02  0.00000E+00  0.00000E+00  0.40494E+02  0.00000E+00  0.00000E+00    198  0.00000E+00      0.000
       1.8465 -0.50000E+01  0.00000E+00 -0.50000E+01  0.00000E+00 -0.50000E+01 -0.92325E+01  0.00000E+00 -0.92325E+01  0.00000E+00 -0.92628E+01 -0.10770E+02  0.00000E+00 -0.10770E+02  0.00000E+00  0.00000E+00  0.40494E+02  0.00000E+00  0.00000E+00    199  0.00000E+00      0.000
       1.8560 -0.50000E+01  0.00000E+00 -0.50000E+01  0.00000E+00 -0.50000E+01 -0.92800E+01  0.00000E+00 -0.92800E+01  0.00000E+00 -0.93103E+01 -0.10770E+02  0.00000E+00 -0.10770E+02  0.00000E+00  0.00000E+00  0.40494E+02  0.00000E+00  0.00000E+00    200  0.00000E+00      0.000
       1.8655 -0.50000E+01  0.00000E+00 -0.50000E+01  0.00000E+00 -0.50000E+01 -0.93275E+01  0.00000E+00 -0.93275E+01  0.00000E+00 -0.93578E+01 -0.10770E+02  0.00000E+00 -0.10770E+02  0.00000E+00  0.00000E+00  0.40494E+02  0.00000E+00  0.00000E+00    201  0.00000E+00      0.000
       1.8750 -0.50000E+01  0.00000E+00 -0.50000E+01  0.00000E+00 -0.50000E+01 -0.93750E+01  0.00000E+00 -0.93750E+01  0.00000E+00 -0.94053E+01 -0.10770E+02  0.00000E+00 -0.10770E+02  0.00000E+00  0.00000E+00  0.40494E+02  0.00000E+00  0.00000E+00    202  0.00000E+00      0.000
       1.8850 -0.50000E+01  0.00000E+00 -0.50000E+01  0.00000E+00 -0.50000E+01 -0.94250E+01  0.00000E+00 -0.94250E+01  0.00000E+00 -0.94553E+01 -0.10770E+02  0.00000E+00 -0.10770E+02  0.00000E+00  0.00000E+00  0.40494E+02  0.00000E+00  0.00000E+00    203  0.00000E+00      0.000
       1.8950 -0.50000E+01  0.00000E+00 -0.50000E+01  0.00000E+00 -0.50000E+01 -0.94750E+01  0.00000E+00 -0.94750E+01  0.00000E+00 -0.95053E+01 -0.10770E+02  0.00000E+00 -0.10770E+02  0.00000E+00  0.00000E+00  0.40494E+02  0.00000E+00  0.00000E+00    204  0.00000E+00      0.000
       1.9050 -0.50000E+01  0.00000E+00 -0.50000E+01  0.00000E+00 -0.50000E+01 -0.95250E+01  0.00000E+00 -0.95250E+01  0.00000E+00 -0.95553E+01 -0.10770E+02  0.00000E+00 -0.10770E+02  0.00000E+00  0.00000E+00  0.40494E+02  0.00000E+00  0.00000E+00    205  0.00000E+00      0.000
       1.9145 -0.50000E+01  0.00000E+00 -0.50000E+01  0.00000E+00 -0.50000E+01 -0.95725E+01  0.00000E+00 -0.95725E+01  0.00000E+00 -0.96028E+01 -0.10770E+02  0.00000E+00 -0.10770E+02  0.00000E+00  0.00000E+00  0.40494E+02  0.00000E+00  0.00000E+00    206  0.00000E+00      0.000
       1.9240 -0.50000E+01  0.00000E+00 -0.50000E+01  0.00000E+00 -0.50000E+01 -0.96200E+01  0.00000E+00 -0.96200E+01  0.00000E+00 -0.96503E+01 -0.10770E+02  0.00000E+00 -0.10770E+02  0.00000E+00  0.00000E+00  0.40494E+02  0.00000E+00  0.00000E+00    207  0.00000E+00      0.000
       1.9335 -0.50000E+01  0.00000E+00 -0.50000E+01  0.00000E+00 -0.50000E+01 -0.96675E+01  0.00000E+00 -0.96675E+01  0.00000E+00 -0.96978E+01 -0.10770E+02  0.00000E+00 -0.10770E+02  0.00000E+00  0.00000E+00  0.40494E+02  0.00000E+00  0.00000E+00    208  0.00000E+00      0.000
       1.9430 -0.50000E+01  0.00000E+00 -0.50000E+01  0.00000E+00 -0.50000E+01 -0.97150E+01  0.00000E+00 -0.97150E+01  0.00000E+00 -0.97453E+01 -0.10770E+02  0.00000E+00 -0.10770E+02  0.00000E+00  0.00000E+00  0.40494E+02  0.00000E+00  0.00000E+00    209  0.00000E+00      0.000
       1.9525 -0.50000E+01  0.00000E+00 -0.50000E+01  0.00000E+00 -0.50000E+01 -0.97625E+01  0.00000E+00 -0.97625E+01  0.00000E+00 -0.97928E+01 -0.10770E+02  0.00000E+00 -0.10770E+02  0.00000E+00  0.00000E+00  0.40494E+02  0.00000E+00  0.00000E+00    210  0.00000E+00      0.000
       1.9620 -0.50000E+01  0.00000E+00 -0.50000E+01  0.00000E+00 -0.50000E+01 -0.98100E+01  0.00000E+00 -0.98100E+01  0.00000E+00 -0.98403E+01 -0.10770E+02  0.00000E+00 -0.10770E+02  0.00000E+00  0.00000E+00  0.40494E+02  0.00000E+00  0.00000E+00    211  0.00000E+00      0.000
       1.9715 -0.50000E+01  0.00000E+00 -0.50000E+01  0.00000E+00 -0.50000E+01 -0.98575E+01  0.00000E+00 -0.98575E+01  0.00000E+00 -0.98878E+01 -0.10770E+02  0.00000E+00 -0.10770E+02  0.00000E+00  0.00000E+00  0.40494E+02  0.00000E+00  0.00000E+00    212  0.00000E+00      0.000
       1.9810 -0.50000E+01  0.00000E+00 -0.50000E+01  0.00000E+00 -0.50000E+01 -0.99050E+01  0.00000E+00 -0.99050E+01  0.00000E+00 -0.99353E+01 -0.10770E+02  0.00000E+00 -0.10770E+02  0.00000E+00  0.00000E+00  0.40494E+02  0.00000E+00  0.00000E+00    213  0.00000E+00      0.000
       1.9905 -0.50000E+01  0.00000E+00 -0.50000E+01  0.00000E+00 -0.50000E+01 -0.99525E+01  0.00000E+00 -0.99525E+01  0.00000E+00 -0.99828E+01 -0.10770E+02  0.00000E+00 -0.10770E+02  0.00000E+00  0.00000E+00  0.40494E+02  0.00000E+00  0.00000E+00    214  0.00000E+00      0.000
       2.0000 -0.50000E+01  0.00000E+00 -0.50000E+01  0.00000E+00 -0.50000E+01 -0.10000E+02  0.00000E+00 -0.10000E+02  0.00000E+00 -0.10030E+02 -0.10770E+02  0.00000E+00 -0.10770E+02  0.00000E+00  0.00000E+00  0.40494E+02  0.00000E+00  0.00000E+00    215  0.00000E+00      0.000
       2.0100 -0.50000E+01  0.00000E+00 -0.50000E+01  0.00000E+00 -0.50000E+01 -0.10050E+02  0.00000E+00 -0.10050E+02  0.00000E+00 -0.10080E+02 -0.10770E+02  0.00000E+00 -0.10770E+02  0.00000E+00  0.00000E+00  0.40494E+02  0.00000E+00  0.00000E+00    216  0.00000E+00      0.000
       2.0200 -0.50000E+01  0.00000E+00 -0.50000E+01  0.00000E+00 -0.50000E+01 -0.10100E+02  0.00000E+00 -0.10100E+02  0.00000E+00 -0.10130E+02 -0.10770E+02  0.00000E+00 -0.10770E+02  0.00000E+00  0.00000E+00  0.40494E+02  0.00000E+00  0.00000E+00    217  0.00000E+00      0.000
       2.0300 -0.50000E+01  0.00000E+00 -0.50000E+01  0.00000E+00 -0.50000E+01 -0.10150E+02  0.00000E+00 -0.10150E+02  0.00000E+00 -0.10180E+02 -0.10770E+02  0.00000E+00 -0.10770E+02  0.00000E+00  0.00000E+00  0.40494E+02  0.00000E+00  0.00000E+00    218  0.00000E+00      0.000
       2.0395 -0.50000E+01  0.00000E+00 -0.50000E+01  0.00000E+00 -0.50000E+01 -0.10197E+02  0.00000E+00 -0.10198E+02  0.00000E+00 -0.10228E+02 -0.10770E+02  0.00000E+00 -0.10770E+02  0.00000E+00  0.00000E+00  0.40494E+02  0.00000E+00  0.00000E+00    219  0.00000E+00      0.000
       2.0490 -0.50000E+01  0.00000E+00 -0.50000E+01  0.00000E+00 -0.50000E+01 -0.10245E+02  0.00000E+00 -0.10245E+02  0.00000E+00 -0.10275E+02 -0.10770E+02  0.00000E+00 -0.10770E+02  0.00000E+00  0.00000E+00  0.40494E+02  0.00000E+00  0.00000E+00    220  0.00000E+00      0.000
       2.0585 -0.50000E+01  0.00000E+00 -0.50000E+01  0.00000E+00 -0.50000E+01 -0.10292E+02  0.00000E+00 -0.10292E+02  0.00000E+00 -0.10323E+02 -0.10770E+02  0.00000E+00 -0.10770E+02  0.00000E+00  0.00000E+00  0.40494E+02  0.00000E+00  0.00000E+00    221  0.00000E+00      0.000
       2.0680 -0.50000E+01  0.00000E+00 -0.50000E+01  0.00000E+00 -0.50000E+01 -0.10340E+02  0.00000E+00 -0.10340E+02  0.00000E+00 -0.10370E+02 -0.10770E+02  0.00000E+00 -0.10770E+02  0.00000E+00  0.00000E+00  0.40494E+02  0.00000E+00  0.00000E+00    222  0.00000E+00      0.000
       2.0775 -0.50000E+01  0.00000E+00 -0.50000E+01  0.00000E+00 -0.50000E+01 -0.10387E+02  0.00000E+00 -0.10387E+02  0.00000E+00 -0.10418E+02 -0.10770E+02  0.00000E+00 -0.10770E+02  0.00000E+00  0.00000E+00  0.40494E+02  0.00000E+00  0.00000E+00    223  0.00000E+00      0.000
       2.0870 -0.50000E+01  0.00000E+00 -0.50000E+01  0.00000E+00 -0.50000E+01 -0.10435E+02  0.00000E+00 -0.10435E+02  0.00000E+00 -0.10465E+02 -0.10770E+02  0.00000E+00 -0.10770E+02  0.00000E+00  0.00000E+00  0.40494E+02  0.00000E+00  0.00000E+00    224  0.00000E+00      0.000
       2.0965 -0.50000E+01  0.00000E+00 -0.50000E+01  0.00000E+00 -0.50000E+01 -0.10482E+02  0.00000E+00 -0.10482E+02  0.00000E+00 -0.10513E+02 -0.10770E+02  0.00000E+00 -0.10770E+02  0.00000E+00  0.00000E+00  0.40494E+02  0.00000E+00  0.00000E+00    225  0.00000E+00      0.000
       2.1060 -0.50000E+01  0.00000E+00 -0.50000E+01  0.00000E+00 -0.50000E+01 -0.10530E+02  0.00000E+00 -0.10530E+02  0.00000E+00 -0.10560E+02 -0.10770E+02  0.00000E+00 -0.10770E+02  0.00000E+00  0.00000E+00  0.40494E+02  0.00000E+00  0.00000E+00    226  0.00000E+00      0.000
       2.1155 -0.50000E+01  0.00000E+00 -0.50000E+01  0.00000E+00 -0.50000E+01 -0.10577E+02  0.00000E+00 -0.10577E+02  0.00000E+00 -0.10608E+02 -0.10770E+02  0.00000E+00 -0.10770E+02  0.00000E+00  0.00000E+00  0.40494E+02  0.00000E+00  0.00000E+00    227  0.00000E+00      0.000
       2.1250 -0.50000E+01  0.00000E+00 -0.50000E+01  0.00000E+00 -0.50000E+01 -0.10625E+02  0.00000E+00 -0.10625E+02  0.00000E+00 -0.10655E+02 -0.10770E+02  0.00000E+00 -0.10770E+02  0.00000E+00  0.00000E+00  0.40494E+02  0.00000E+00  0.00000E+00    228  0.00000E+00      0.000
       2.1350 -0.50000E+01  0.00000E+00 -0.50000E+01  0.00000E+00 -0.50000E+01 -0.10675E+02  0.00000E+00 -0.10675E+02  0.00000E+00 -0.10705E+02 -0.10770E+02  0.00000E+00 -0.10770E+02  0.00000E+00  0.00000E+00  0.40494E+02  0.00000E+00  0.00000E+00    229  0.00000E+00      0.000
       2.1450 -0.50000E+01  0.00000E+00 -0.50000E+01  0.00000E+00 -0.50000E+01 -0.10725E+02  0.00000E+00 -0.10725E+02  0.00000E+00 -0.10755E+02 -0.10770E+02  0.00000E+00 -0.10770E+02  0.00000E+00  0.00000E+00  0.40494E+02  0.00000E+00  0.00000E+00    230  0.00000E+00      0.000
       2.1550 -0.50000E+01  0.00000E+00 -0.50000E+01  0.00000E+00 -0.50000E+01 -0.10775E+02  0.00000E+00 -0.10775E+02  0.00000E+00 -0.10805E+02 -0.10770E+02  0.00000E+00 -0.10770E+02  0.00000E+00  0.00000E+00  0.40494E+02  0.00000E+00  0.00000E+00    231  0.00000E+00      0.000
       2.1645 -0.50000E+01  0.00000E+00 -0.50000E+01  0.00000E+00 -0.50000E+01 -0.10822E+02  0.00000E+00 -0.10822E+02  0.00000E+00 -0.10853E+02 -0.10770E+02  0.00000E+00 -0.10770E+02  0.00000E+00  0.00000E+00  0.40494E+02  0.00000E+00  0.00000E+00    232  0.00000E+00      0.000
       2.1740 -0.50000E+01  0.00000E+00 -0.50000E+01  0.00000E+00 -0.50000E+01 -0.10870E+02  0.00000E+00 -0.10870E+02  0.00000E+00 -0.10900E+02 -0.10770E+02  0.00000E+00 -0.10770E+02  0.00000E+00  0.00000E+00  0.40494E+02  0.00000E+00  0.00000E+00    233  0.00000E+00      0.000
       2.1835 -0.50000E+01  0.00000E+00 -0.50000E+01  0.00000E+00 -0.50000E+01 -0.10917E+02  0.00000E+00 -0.10917E+02  0.00000E+00 -0.10948E+02 -0.10770E+02  0.00000E+00 -0.10770E+02  0.00000E+00  0.00000E+00  0.40494E+02  0.00000E+00  0.00000E+00    234  0.00000E+00      0.000
       2.1930 -0.50000E+01  0.00000E+00 -0.50000E+01  0.00000E+00 -0.50000E+01 -0.10965E+02  0.00000E+00 -0.10965E+02  0.00000E+00 -0.10995E+02 -0.10770E+02  0.00000E+00 -0.10770E+02  0.00000E+00  0.00000E+00  0.40494E+02  0.00000E+00  0.00000E+00    235  0.00000E+00      0.000
       2.2025 -0.50000E+01  0.00000E+00 -0.50000E+01  0.00000E+00 -0.50000E+01 -0.11012E+02  0.00000E+00 -0.11012E+02  0.00000E+00 -0.11043E+02 -0.10770E+02  0.00000E+00 -0.10770E+02  0.00000E+00  0.00000E+00  0.40494E+02  0.00000E+00  0.00000E+00    236  0.00000E+00      0.000
       2.2120 -0.50000E+01  0.00000E+00 -0.50000E+01  0.00000E+00 -0.50000E+01 -0.11060E+02  0.00000E+00 -0.11060E+02  0.00000E+00 -0.11090E+02 -0.10770E+02  0.00000E+00 -0.10770E+02  0.00000E+00  0.00000E+00  0.40494E+02  0.00000E+00  0.00000E+00    237  0.00000E+00      0.000
       2.2215 -0.50000E+01  0.00000E+00 -0.50000E+01  0.00000E+00 -0.50000E+01 -0.11107E+02  0.00000E+00 -0.11107E+02  0.00000E+00 -0.11138E+02 -0.10770E+02  0.00000E+00 -0.10770E+02  0.00000E+00  0.00000E+00  0.40494E+02  0.00000E+00  0.00000E+00    238  0.00000E+00      0.000
       2.2310 -0.50000E+01  0.00000E+00 -0.50000E+01  0.00000E+00 -0.50000E+01 -0.11155E+02  0.00000E+00 -0.11155E+02  0.00000E+00 -0.11185E+02 -0.10770E+02  0.00000E+00 -0.10770E+02  0.00000E+00  0.00000E+00  0.40494E+02  0.00000E+00  0.00000E+00    239  0.00000E+00      0.000
       2.2405 -0.50000E+01  0.00000E+00 -0.50000E+01  0.00000E+00 -0.50000E+01 -0.11202E+02  0.00000E+00 -0.11202E+02  0.00000E+00 -0.11233E+02 -0.10770E+02  0.00000E+00 -0.10770E+02  0.00000E+00  0.00000E+00  0.40494E+02  0.00000E+00  0.00000E+00    240  0.00000E+00      0.000
       2.2500 -0.50000E+01  0.00000E+00 -0.50000E+01  0.00000E+00 -0.50000E+01 -0.11250E+02  0.00000E+00 -0.11250E+02  0.00000E+00 -0.11280E+02 -0.10770E+02  0.00000E+00 -0.10770E+02  0.00000E+00  0.00000E+00  0.40494E+02  0.00000E+00  0.00000E+00    241  0.00000E+00      0.000
       2.2600 -0.50000E+01  0.00000E+00 -0.50000E+01  0.00000E+00 -0.50000E+01 -0.11300E+02  0.00000E+00 -0.11300E+02  0.00000E+00 -0.11330E+02 -0.10770E+02  0.00000E+00 -0.10770E+02  0.00000E+00  0.00000E+00  0.40494E+02  0.00000E+00  0.00000E+00    242  0.00000E+00      0.000
       2.2700 -0.50000E+01  0.00000E+00 -0.50000E+01  0.00000E+00 -0.50000E+01 -0.11350E+02  0.00000E+00 -0.11350E+02  0.00000E+00 -0.11380E+02 -0.10770E+02  0.00000E+00 -0.10770E+02  0.00000E+00  0.00000E+00  0.40494E+02  0.00000E+00  0.00000E+00    243  0.00000E+00      0.000
       2.2800 -0.50000E+01  0.00000E+00 -0.50000E+01  0.00000E+00 -0.50000E+01 -0.11400E+02  0.00000E+00 -0.11400E+02  0.00000E+00 -0.11430E+02 -0.10770E+02  0.00000E+00 -0.10770E+02  0.00000E+00  0.00000E+00  0.40494E+02  0.00000E+00  0.00000E+00    244  0.00000E+00      0.000
       2.2895 -0.50000E+01  0.00000E+00 -0.50000E+01  0.00000E+00 -0.50000E+01 -0.11447E+02  0.00000E+00 -0.11447E+02  0.00000E+00 -0.11478E+02 -0.10770E+02  0.00000E+00 -0.10770E+02  0.00000E+00  0.00000E+00  0.40494E+02  0.00000E+00  0.00000E+00    245  0.00000E+00      0.000
       2.2990 -0.50000E+01  0.00000E+00 -0.50000E+01  0.00000E+00 -0.50000E+01 -0.11495E+02  0.00000E+00 -0.11495E+02  0.00000E+00 -0.11525E+02 -0.10770E+02  0.00000E+00 -0.10770E+02  0.00000E+00  0.00000E+00  0.40494E+02  0.00000E+00  0.00000E+00    246  0.00000E+00      0.000
       2.3085 -0.50000E+01  0.00000E+00 -0.50000E+01  0.00000E+00 -0.50000E+01 -0.11542E+02  0.00000E+00 -0.11542E+02  0.00000E+00 -0.11573E+02 -0.10770E+02  0.00000E+00 -0.10770E+02  0.00000E+00  0.00000E+00  0.40494E+02  0.00000E+00  0.00000E+00    247  0.00000E+00      0.000
       2.3180 -0.50000E+01  0.00000E+00 -0.50000E+01  0.00000E+00 -0.50000E+01 -0.11590E+02  0.00000E+00 -0.11590E+02  0.00000E+00 -0.11620E+02 -0.10770E+02  0.00000E+00 -0.10770E+02  0.00000E+00  0.00000E+00  0.40494E+02  0.00000E+00  0.00000E+00    248  0.00000E+00      0.000
       2.3275 -0.50000E+01  0.00000E+00 -0.50000E+01  0.00000E+00 -0.50000E+01 -0.11637E+02  0.00000E+00 -0.11637E+02  0.00000E+00 -0.11668E+02 -0.10770E+02  0.00000E+00 -0.10770E+02  0.00000E+00  0.00000E+00  0.40494E+02  0.00000E+00  0.00000E+00    249  0.00000E+00      0.000
       2.3370 -0.50000E+01  0.00000E+00 -0.50000E+01  0.00000E+00 -0.50000E+01 -0.11685E+02  0.00000E+00 -0.11685E+02  0.00000E+00 -0.11715E+02 -0.10770E+02  0.00000E+00 -0.10770E+02  0.00000E+00  0.00000E+00  0.40494E+02  0.00000E+00  0.00000E+00    250  0.00000E+00      0.000
       2.3465 -0.50000E+01  0.00000E+00 -0.50000E+01  0.00000E+00 -0.50000E+01 -0.11732E+02  0.00000E+00 -0.11732E+02  0.00000E+00 -0.11763E+02 -0.10770E+02  0.00000E+00 -0.10770E+02  0.00000E+00  0.00000E+00  0.40494E+02  0.00000E+00  0.00000E+00    251  0.00000E+00      0.000
       2.3560 -0.50000E+01  0.00000E+00 -0.50000E+01  0.00000E+00 -0.50000E+01 -0.11780E+02  0.00000E+00 -0.11780E+02  0.00000E+00 -0.11810E+02 -0.10770E+02  0.00000E+00 -0.10770E+02  0.00000E+00  0.00000E+00  0.40494E+02  0.00000E+00  0.00000E+00    252  0.00000E+00      0.000
       2.3655 -0.50000E+01  0.00000E+00 -0.50000E+01  0.00000E+00 -0.50000E+01 -0.11827E+02  0.00000E+00 -0.11827E+02  0.00000E+00 -0.11858E+02 -0.10770E+02  0.00000E+00 -0.10770E+02  0.00000E+00  0.00000E+00  0.40494E+02  0.00000E+00  0.00000E+00    253  0.00000E+00      0.000
       2.3750 -0.50000E+01  0.00000E+00 -0.50000E+01  0.00000E+00 -0.50000E+01 -0.11875E+02  0.00000E+00 -0.11875E+02  0.00000E+00 -0.11905E+02 -0.10770E+02  0.00000E+00 -0.10770E+02  0.00000E+00  0.00000E+00  0.40494E+02  0.00000E+00  0.00000E+00    254  0.00000E+00      0.000
       2.3850 -0.50000E+01  0.00000E+00 -0.50000E+01  0.00000E+00 -0.50000E+01 -0.11925E+02  0.00000E+00 -0.11925E+02  0.00000E+00 -0.11955E+02 -0.10770E+02  0.00000E+00 -0.10770E+02  0.00000E+00  0.00000E+00  0.40494E+02  0.00000E+00  0.00000E+00    255  0.00000E+00      0.000
       2.3950 -0.50000E+01  0.00000E+00 -0.50000E+01  0.00000E+00 -0.50000E+01 -0.11975E+02  0.00000E+00 -0.11975E+02  0.00000E+00 -0.12005E+02 -0.10770E+02  0.00000E+00 -0.10770E+02  0.00000E+00  0.00000E+00  0.40494E+02  0.00000E+00  0.00000E+00    256  0.00000E+00      0.000
       2.4050 -0.50000E+01  0.00000E+00 -0.50000E+01  0.00000E+00 -0.50000E+01 -0.12025E+02  0.00000E+00 -0.12025E+02  0.00000E+00 -0.12055E+02 -0.10770E+02  0.00000E+00 -0.10770E+02  0.00000E+00  0.00000E+00  0.40494E+02  0.00000E+00  0.00000E+00    257  0.00000E+00      0.000
       2.4145 -0.50000E+01  0.00000E+00 -0.50000E+01  0.00000E+00 -0.50000E+01 -0.12072E+02  0.00000E+00 -0.12072E+02  0.00000E+00 -0.12103E+02 -0.10770E+02  0.00000E+00 -0.10770E+02  0.00000E+00  0.00000E+00  0.40494E+02  0.00000E+00  0.00000E+00    258  0.00000E+00      0.000
       2.4240 -0.50000E+01  0.00000E+00 -0.50000E+01  0.00000E+00 -0.50000E+01 -0.12120E+02  0.00000E+00 -0.12120E+02  0.00000E+00 -0.12150E+02 -0.10770E+02  0.00000E+00 -0.10770E+02  0.00000E+00  0.00000E+00  0.40494E+02  0.00000E+00  0.00000E+00    259  0.00000E+00      0.000
       2.4335 -0.50000E+01  0.00000E+00 -0.50000E+01  0.00000E+00 -0.50000E+01 -0.12167E+02  0.00000E+00 -0.12167E+02  0.00000E+00 -0.12198E+02 -0.10770E+02  0.00000E+00 -0.10770E+02  0.00000E+00  0.00000E+00  0.40494E+02  0.00000E+00  0.00000E+00    260  0.00000E+00      0.000
       2.4430 -0.50000E+01  0.00000E+00 -0.50000E+01  0.00000E+00 -0.50000E+01 -0.12215E+02  0.00000E+00 -0.12215E+02  0.00000E+00 -0.12245E+02 -0.10770E+02  0.00000E+00 -0.10770E+02  0.00000E+00  0.00000E+00  0.40494E+02  0.00000E+00  0.00000E+00    261  0.00000E+00      0.000
       2.4525 -0.50000E+01  0.00000E+00 -0.50000E+01  0.00000E+00 -0.50000E+01 -0.12262E+02  0.00000E+00 -0.12262E+02  0.00000E+00 -0.12293E+02 -0.10770E+02  0.00000E+00 -0.10770E+02  0.00000E+00  0.00000E+00  0.40494E+02  0.00000E+00  0.00000E+00    262  0.00000E+00      0.000
       2.4620 -0.50000E+01  0.00000E+00 -0.50000E+01  0.00000E+00 -0.50000E+01 -0.12310E+02  0.00000E+00 -0.12310E+02  0.00000E+00 -0.12340E+02 -0.10770E+02  0.00000E+00 -0.10770E+02  0.00000E+00  0.00000E+00  0.40494E+02  0.00000E+00  0.00000E+00    263  0.00000E+00      0.000
       2.4715 -0.50000E+01  0.00000E+00 -0.50000E+01  0.00000E+00 -0.50000E+01 -0.12357E+02  0.00000E+00 -0.12357E+02  0.00000E+00 -0.12388E+02 -0.10770E+02  0.00000E+00 -0.10770E+02  0.00000E+00  0.00000E+00  0.40494E+02  0.00000E+00  0.00000E+00    264  0.00000E+00      0.000
       2.4810 -0.50000E+01  0.00000E+00 -0.50000E+01  0.00000E+00 -0.50000E+01 -0.12405E+02  0.00000E+00 -0.12405E+02  0.00000E+00 -0.12435E+02 -0.10770E+02  0.00000E+00 -0.10770E+02  0.00000E+00  0.00000E+00  0.40494E+02  0.00000E+00  0.00000E+00    265  0.00000E+00      0.000
       2.4905 -0.50000E+01  0.00000E+00 -0.50000E+01  0.00000E+00 -0.50000E+01 -0.12452E+02  0.00000E+00 -0.12452E+02  0.00000E+00 -0.12483E+02 -0.10770E+02  0.00000E+00 -0.10770E+02  0.00000E+00  0.00000E+00  0.40494E+02  0.00000E+00  0.00000E+00    266  0.00000E+00      0.000
       2.5000 -0.50000E+01  0.00000E+00 -0.50000E+01  0.00000E+00 -0.50000E+01 -0.12500E+02  0.00000E+00 -0.12500E+02  0.00000E+00 -0.12530E+02 -0.10770E+02  0.00000E+00 -0.10770E+02  0.00000E+00  0.00000E+00  0.40494E+02  0.00000E+00  0.00000E+00    267  0.00000E+00      0.000
       2.5100 -0.50000E+01  0.00000E+00 -0.50000E+01  0.00000E+00 -0.50000E+01 -0.12550E+02  0.00000E+00 -0.12550E+02  0.00000E+00 -0.12580E+02 -0.10770E+02  0.00000E+00 -0.10770E+02  0.00000E+00  0.00000E+00  0.40494E+02  0.00000E+00  0.00000E+00    268  0.00000E+00      0.000
       2.5200 -0.50000E+01  0.00000E+00 -0.50000E+01  0.00000E+00 -0.50000E+01 -0.12600E+02  0.00000E+00 -0.12600E+02  0.00000E+00 -0.12630E+02 -0.10770E+02  0.00000E+00 -0.10770E+02  0.00000E+00  0.00000E+00  0.40494E+02  0.00000E+00  0.00000E+00    269  0.00000E+00      0.000
       2.5300 -0.50000E+01  0.00000E+00 -0.50000E+01  0.00000E+00 -0.50000E+01 -0.12650E+02  0.00000E+00 -0.12650E+02  0.00000E+00 -0.12680E+02 -0.10770E+02  0.00000E+00 -0.10770E+02  0.00000E+00  0.00000E+00  0.40494E+02  0.00000E+00  0.00000E+00    270  0.00000E+00      0.000
       2.5395 -0.50000E+01  0.00000E+00 -0.50000E+01  0.00000E+00 -0.50000E+01 -0.12697E+02  0.00000E+00 -0.12697E+02  0.00000E+00 -0.12728E+02 -0.10770E+02  0.00000E+00 -0.10770E+02  0.00000E+00  0.00000E+00  0.40494E+02  0.00000E+00  0.00000E+00    271  0.00000E+00      0.000
       2.5490 -0.50000E+01  0.00000E+00 -0.50000E+01  0.00000E+00 -0.50000E+01 -0.12745E+02  0.00000E+00 -0.12745E+02  0.00000E+00 -0.12775E+02 -0.10770E+02  0.00000E+00 -0.10770E+02  0.00000E+00  0.00000E+00  0.40494E+02  0.00000E+00  0.00000E+00    272  0.00000E+00      0.000
       2.5585 -0.50000E+01  0.00000E+00 -0.50000E+01  0.00000E+00 -0.50000E+01 -0.12792E+02  0.00000E+00 -0.12792E+02  0.00000E+00 -0.12823E+02 -0.10770E+02  0.00000E+00 -0.10770E+02  0.00000E+00  0.00000E+00  0.40494E+02  0.00000E+00  0.00000E+00    273  0.00000E+00      0.000
       2.5680 -0.50000E+01  0.00000E+00 -0.50000E+01  0.00000E+00 -0.50000E+01 -0.12840E+02  0.00000E+00 -0.12840E+02  0.00000E+00 -0.12870E+02 -0.10770E+02  0.00000E+00 -0.10770E+02  0.00000E+00  0.00000E+00  0.40494E+02  0.00000E+00  0.00000E+00    274  0.00000E+00      0.000
       2.5775 -0.50000E+01  0.00000E+00 -0.50000E+01  0.00000E+00 -0.50000E+01 -0.12887E+02  0.00000E+00 -0.12887E+02  0.00000E+00 -0.12918E+02 -0.10770E+02  0.00000E+00 -0.10770E+02  0.00000E+00  0.00000E+00  0.40494E+02  0.00000E+00  0.00000E+00    275  0.00000E+00      0.000
       2.5870 -0.50000E+01  0.00000E+00 -0.50000E+01  0.00000E+00 -0.50000E+01 -0.12935E+02  0.00000E+00 -0.12935E+02  0.00000E+00 -0.12965E+02 -0.10770E+02  0.00000E+00 -0.10770E+02  0.00000E+00  0.00000E+00  0.40494E+02  0.00000E+00  0.00000E+00    276  0.00000E+00      0.000
       2.5965 -0.50000E+01  0.00000E+00 -0.50000E+01  0.00000E+00 -0.50000E+01 -0.12982E+02  0.00000E+00 -0.12982E+02  0.00000E+00 -0.13013E+02 -0.10770E+02  0.00000E+00 -0.10770E+02  0.00000E+00  0.00000E+00  0.40494E+02  0.00000E+00  0.00000E+00    277  0.00000E+00      0.000
       2.6060 -0.50000E+01  0.00000E+00 -0.50000E+01  0.00000E+00 -0.50000E+01 -0.13030E+02  0.00000E+00 -0.13030E+02  0.00000E+00 -0.13060E+02 -0.10770E+02  0.00000E+00 -0.10770E+02  0.00000E+00  0.00000E+00  0.40494E+02  0.00000E+00  0.00000E+00    278  0.00000E+00      0.000
       2.6155 -0.50000E+01  0.00000E+00 -0.50000E+01  0.00000E+00 -0.50000E+01 -0.13077E+02  0.00000E+00 -0.13077E+02  0.00000E+00 -0.13108E+02 -0.10770E+02  0.00000E+00 -0.10770E+02  0.00000E+00  0.00000E+00  0.40494E+02  0.00000E+00  0.00000E+00    279  0.00000E+00      0.000
       2.6250 -0.50000E+01  0.00000E+00 -0.50000E+01  0.00000E+00 -0.50000E+01 -0.13125E+02  0.00000E+00 -0.13125E+02  0.00000E+00 -0.13155E+02 -0.10770E+02  0.00000E+00 -0.10770E+02  0.00000E+00  0.00000E+00  0.40494E+02  0.00000E+00  0.00000E+00    280  0.00000E+00      0.000
       2.6350 -0.50000E+01  0.00000E+00 -0.50000E+01  0.00000E+00 -0.50000E+01 -0.13175E+02  0.00000E+00 -0.13175E+02  0.00000E+00 -0.13205E+02 -0.10770E+02  0.00000E+00 -0.10770E+02  0.00000E+00  0.00000E+00  0.40494E+02  0.00000E+00  0.00000E+00    281  0.00000E+00      0.000
       2.6450 -0.50000E+01  0.00000E+00 -0.50000E+01  0.00000E+00 -0.50000E+01 -0.13225E+02  0.00000E+00 -0.13225E+02  0.00000E+00 -0.13255E+02 -0.10770E+02  0.00000E+00 -0.10770E+02  0.00000E+00  0.00000E+00  0.40494E+02  0.00000E+00  0.00000E+00    282  0.00000E+00      0.000
       2.6550 -0.50000E+01  0.00000E+00 -0.50000E+01  0.00000E+00 -0.50000E+01 -0.13275E+02  0.00000E+00 -0.13275E+02  0.00000E+00 -0.13305E+02 -0.10770E+02  0.00000E+00 -0.10770E+02  0.00000E+00  0.00000E+00  0.40494E+02  0.00000E+00  0.00000E+00    283  0.00000E+00      0.000
       2.6645 -0.50000E+01  0.00000E+00 -0.50000E+01  0.00000E+00 -0.50000E+01 -0.13322E+02  0.00000E+00 -0.13322E+02  0.00000E+00 -0.13353E+02 -0.10770E+02  0.00000E+00 -0.10770E+02  0.00000E+00  0.00000E+00  0.40494E+02  0.00000E+00  0.00000E+00    284  0.00000E+00      0.000
       2.6740 -0.50000E+01  0.00000E+00 -0.50000E+01  0.00000E+00 -0.50000E+01 -0.13370E+02  0.00000E+00 -0.13370E+02  0.00000E+00 -0.13400E+02 -0.10770E+02  0.00000E+00 -0.10770E+02  0.00000E+00  0.00000E+00  0.40494E+02  0.00000E+00  0.00000E+00    285  0.00000E+00      0.000
       2.6835 -0.50000E+01  0.00000E+00 -0.50000E+01  0.00000E+00 -0.50000E+01 -0.13417E+02  0.00000E+00 -0.13417E+02  0.00000E+00 -0.13448E+02 -0.10770E+02  0.00000E+00 -0.10770E+02  0.00000E+00  0.00000E+00  0.40494E+02  0.00000E+00  0.00000E+00    286  0.00000E+00      0.000
       2.6930 -0.50000E+01  0.00000E+00 -0.50000E+01  0.00000E+00 -0.50000E+01 -0.13465E+02  0.00000E+00 -0.13465E+02  0.00000E+00 -0.13495E+02 -0.10770E+02  0.00000E+00 -0.10770E+02  0.00000E+00  0.00000E+00  0.40494E+02  0.00000E+00  0.00000E+00    287  0.00000E+00      0.000
       2.7025 -0.50000E+01  0.00000E+00 -0.50000E+01  0.00000E+00 -0.50000E+01 -0.13512E+02  0.00000E+00 -0.13512E+02  0.00000E+00 -0.13543E+02 -0.10770E+02  0.00000E+00 -0.10770E+02  0.00000E+00  0.00000E+00  0.40494E+02  0.00000E+00  0.00000E+00    288  0.00000E+00      0.000
       2.7120 -0.50000E+01  0.00000E+00 -0.50000E+01  0.00000E+00 -0.50000E+01 -0.13560E+02  0.00000E+00 -0.13560E+02  0.00000E+00 -0.13590E+02 -0.10770E+02  0.00000E+00 -0.10770E+02  0.00000E+00  0.00000E+00  0.40494E+02  0.00000E+00  0.00000E+00    289  0.00000E+00      0.000
       2.7215 -0.50000E+01  0.00000E+00 -0.50000E+01  0.00000E+00 -0.50000E+01 -0.13607E+02  0.00000E+00 -0.13607E+02  0.00000E+00 -0.13638E+02 -0.10770E+02  0.00000E+00 -0.10770E+02  0.00000E+00  0.00000E+00  0.40494E+02  0.00000E+00  0.00000E+00    290  0.00000E+00      0.000
       2.7310 -0.50000E+01  0.00000E+00 -0.50000E+01  0.00000E+00 -0.50000E+01 -0.13655E+02  0.00000E+00 -0.13655E+02  0.00000E+00 -0.13685E+02 -0.10770E+02  0.00000E+00 -0.10770E+02  0.00000E+00  0.00000E+00  0.40494E+02  0.00000E+00  0.00000E+00    291  0.00000E+00      0.000
       2.7405 -0.50000E+01  0.00000E+00 -0.50000E+01  0.00000E+00 -0.50000E+01 -0.13702E+02  0.00000E+00 -0.13702E+02  0.00000E+00 -0.13733E+02 -0.10770E+02  0.00000E+00 -0.10770E+02  0.00000E+00  0.00000E+00  0.40494E+02  0.00000E+00  0.00000E+00    292  0.00000E+00      0.000
       2.7500 -0.50000E+01  0.00000E+00 -0.50000E+01  0.00000E+00 -0.50000E+01 -0.13750E+02  0.00000E+00 -0.13750E+02  0.00000E+00 -0.13780E+02 -0.10770E+02  0.00000E+00 -0.10770E+02  0.00000E+00  0.00000E+00  0.40494E+02  0.00000E+00  0.00000E+00    293  0.00000E+00      0.000
       2.7600 -0.50000E+01  0.00000E+00 -0.50000E+01  0.00000E+00 -0.50000E+01 -0.13800E+02  0.00000E+00 -0.13800E+02  0.00000E+00 -0.13830E+02 -0.10770E+02  0.00000E+00 -0.10770E+02  0.00000E+00  0.00000E+00  0.40494E+02  0.00000E+00  0.00000E+00    294  0.00000E+00      0.000
       2.7700 -0.50000E+01  0.00000E+00 -0.50000E+01  0.00000E+00 -0.50000E+01 -0.13850E+02  0.00000E+00 -0.13850E+02  0.00000E+00 -0.13880E+02 -0.10770E+02  0.00000E+00 -0.10770E+02  0.00000E+00  0.00000E+00  0.40494E+02  0.00000E+00  0.00000E+00    295  0.00000E+00      0.000
       2.7800 -0.50000E+01  0.00000E+00 -0.50000E+01  0.00000E+00 -0.50000E+01 -0.13900E+02  0.00000E+00 -0.13900E+02  0.00000E+00 -0.13930E+02 -0.10770E+02  0.00000E+00 -0.10770E+02  0.00000E+00  0.00000E+00  0.40494E+02  0.00000E+00  0.00000E+00    296  0.00000E+00      0.000
       2.7895 -0.50000E+01  0.00000E+00 -0.50000E+01  0.00000E+00 -0.50000E+01 -0.13947E+02  0.00000E+00 -0.13947E+02  0.00000E+00 -0.13978E+02 -0.10770E+02  0.00000E+00 -0.10770E+02  0.00000E+00  0.00000E+00  0.40494E+02  0.00000E+00  0.00000E+00    297  0.00000E+00      0.000
       2.7990 -0.50000E+01  0.00000E+00 -0.50000E+01  0.00000E+00 -0.50000E+01 -0.13995E+02  0.00000E+00 -0.13995E+02  0.00000E+00 -0.14025E+02 -0.10770E+02  0.00000E+00 -0.10770E+02  0.00000E+00  0.00000E+00  0.40494E+02  0.00000E+00  0.00000E+00    298  0.00000E+00      0.000
       2.8085 -0.50000E+01  0.00000E+00 -0.50000E+01  0.00000E+00 -0.50000E+01 -0.14042E+02  0.00000E+00 -0.14042E+02  0.00000E+00 -0.14073E+02 -0.10770E+02  0.00000E+00 -0.10770E+02  0.00000E+00  0.00000E+00  0.40494E+02  0.00000E+00  0.00000E+00    299  0.00000E+00      0.000
       2.8180 -0.50000E+01  0.00000E+00 -0.50000E+01  0.00000E+00 -0.50000E+01 -0.14090E+02  0.00000E+00 -0.14090E+02  0.00000E+00 -0.14120E+02 -0.10770E+02  0.00000E+00 -0.10770E+02  0.00000E+00  0.00000E+00  0.40494E+02  0.00000E+00  0.00000E+00    300  0.00000E+00      0.000
       2.8275 -0.50000E+01  0.00000E+00 -0.50000E+01  0.00000E+00 -0.50000E+01 -0.14137E+02  0.00000E+00 -0.14137E+02  0.00000E+00 -0.14168E+02 -0.10770E+02  0.00000E+00 -0.10770E+02  0.00000E+00  0.00000E+00  0.40494E+02  0.00000E+00  0.00000E+00    301  0.00000E+00      0.000
       2.8370 -0.50000E+01  0.00000E+00 -0.50000E+01  0.00000E+00 -0.50000E+01 -0.14185E+02  0.00000E+00 -0.14185E+02  0.00000E+00 -0.14215E+02 -0.10770E+02  0.00000E+00 -0.10770E+02  0.00000E+00  0.00000E+00  0.40494E+02  0.00000E+00  0.00000E+00    302  0.00000E+00      0.000
       2.8465 -0.50000E+01  0.00000E+00 -0.50000E+01  0.00000E+00 -0.50000E+01 -0.14232E+02  0.00000E+00 -0.14232E+02  0.00000E+00 -0.14263E+02 -0.10770E+02  0.00000E+00 -0.10770E+02  0.00000E+00  0.00000E+00  0.40494E+02  0.00000E+00  0.00000E+00    303  0.00000E+00      0.000
       2.8560 -0.50000E+01  0.00000E+00 -0.50000E+01  0.00000E+00 -0.50000E+01 -0.14280E+02  0.00000E+00 -0.14280E+02  0.00000E+00 -0.14310E+02 -0.10770E+02  0.00000E+00 -0.10770E+02  0.00000E+00  0.00000E+00  0.40494E+02  0.00000E+00  0.00000E+00    304  0.00000E+00      0.000
       2.8655 -0.50000E+01  0.00000E+00 -0.50000E+01  0.00000E+00 -0.50000E+01 -0.14327E+02  0.00000E+00 -0.14327E+02  0.00000E+00 -0.14358E+02 -0.10770E+02  0.00000E+00 -0.10770E+02  0.00000E+00  0.00000E+00  0.40494E+02  0.00000E+00  0.00000E+00    305  0.00000E+00      0.000
       2.8750 -0.50000E+01  0.00000E+00 -0.50000E+01  0.00000E+00 -0.50000E+01 -0.14375E+02  0.00000E+00 -0.14375E+02  0.00000E+00 -0.14405E+02 -0.10770E+02  0.00000E+00 -0.10770E+02  0.00000E+00  0.00000E+00  0.40494E+02  0.00000E+00  0.00000E+00    306  0.00000E+00      0.000
       2.8850 -0.50000E+01  0.00000E+00 -0.50000E+01  0.00000E+00 -0.50000E+01 -0.14425E+02  0.00000E+00 -0.14425E+02  0.00000E+00 -0.14455E+02 -0.10770E+02  0.00000E+00 -0.10770E+02  0.00000E+00  0.00000E+00  0.40494E+02  0.00000E+00  0.00000E+00    307  0.00000E+00      0.000
       2.8950 -0.50000E+01  0.00000E+00 -0.50000E+01  0.00000E+00 -0.50000E+01 -0.14475E+02  0.00000E+00 -0.14475E+02  0.00000E+00 -0.14505E+02 -0.10770E+02  0.00000E+00 -0.10770E+02  0.00000E+00  0.00000E+00  0.40494E+02  0.00000E+00  0.00000E+00    308  0.00000E+00      0.000
       2.9050 -0.50000E+01  0.00000E+00 -0.50000E+01  0.00000E+00 -0.50000E+01 -0.14525E+02  0.00000E+00 -0.14525E+02  0.00000E+00 -0.14555E+02 -0.10770E+02  0.00000E+00 -0.10770E+02  0.00000E+00  0.00000E+00  0.40494E+02  0.00000E+00  0.00000E+00    309  0.00000E+00      0.000
       2.9145 -0.50000E+01  0.00000E+00 -0.50000E+01  0.00000E+00 -0.50000E+01 -0.14572E+02  0.00000E+00 -0.14572E+02  0.00000E+00 -0.14603E+02 -0.10770E+02  0.00000E+00 -0.10770E+02  0.00000E+00  0.00000E+00  0.40494E+02  0.00000E+00  0.00000E+00    310  0.00000E+00      0.000
       2.9240 -0.50000E+01  0.00000E+00 -0.50000E+01  0.00000E+00 -0.50000E+01 -0.14620E+02  0.00000E+00 -0.14620E+02  0.00000E+00 -0.14650E+02 -0.10770E+02  0.00000E+00 -0.10770E+02  0.00000E+00  0.00000E+00  0.40494E+02  0.00000E+00  0.00000E+00    311  0.00000E+00      0.000
       2.9335 -0.50000E+01  0.00000E+00 -0.50000E+01  0.00000E+00 -0.50000E+01 -0.14667E+02  0.00000E+00 -0.14667E+02  0.00000E+00 -0.14698E+02 -0.10770E+02  0.00000E+00 -0.10770E+02  0.00000E+00  0.00000E+00  0.40494E+02  0.00000E+00  0.00000E+00    312  0.00000E+00      0.000
       2.9430 -0.50000E+01  0.00000E+00 -0.50000E+01  0.00000E+00 -0.50000E+01 -0.14715E+02  0.00000E+00 -0.14715E+02  0.00000E+00 -0.14745E+02 -0.10770E+02  0.00000E+00 -0.10770E+02  0.00000E+00  0.00000E+00  0.40494E+02  0.00000E+00  0.00000E+00    313  0.00000E+00      0.000
       2.9525 -0.50000E+01  0.00000E+00 -0.50000E+01  0.00000E+00 -0.50000E+01 -0.14762E+02  0.00000E+00 -0.14762E+02  0.00000E+00 -0.14793E+02 -0.10770E+02  0.00000E+00 -0.10770E+02  0.00000E+00  0.00000E+00  0.40494E+02  0.00000E+00  0.00000E+00    314  0.00000E+00      0.000
       2.9620 -0.50000E+01  0.00000E+00 -0.50000E+01  0.00000E+00 -0.50000E+01 -0.14810E+02  0.00000E+00 -0.14810E+02  0.00000E+00 -0.14840E+02 -0.10770E+02  0.00000E+00 -0.10770E+02  0.00000E+00  0.00000E+00  0.40494E+02  0.00000E+00  0.00000E+00    315  0.00000E+00      0.000
       2.9715 -0.50000E+01  0.00000E+00 -0.50000E+01  0.00000E+00 -0.50000E+01 -0.14857E+02  0.00000E+00 -0.14857E+02  0.00000E+00 -0.14888E+02 -0.10770E+02  0.00000E+00 -0.10770E+02  0.00000E+00  0.00000E+00  0.40494E+02  0.00000E+00  0.00000E+00    316  0.00000E+00      0.000
       2.9810 -0.50000E+01  0.00000E+00 -0.50000E+01  0.00000E+00 -0.50000E+01 -0.14905E+02  0.00000E+00 -0.14905E+02  0.00000E+00 -0.14935E+02 -0.10770E+02  0.00000E+00 -0.10770E+02  0.00000E+00  0.00000E+00  0.40494E+02  0.00000E+00  0.00000E+00    317  0.00000E+00      0.000
       2.9905 -0.50000E+01  0.00000E+00 -0.50000E+01  0.00000E+00 -0.50000E+01 -0.14952E+02  0.00000E+00 -0.14952E+02  0.00000E+00 -0.14983E+02 -0.10770E+02  0.00000E+00 -0.10770E+02  0.00000E+00  0.00000E+00  0.40494E+02  0.00000E+00  0.00000E+00    318  0.00000E+00      0.000
       3.0000 -0.50000E+01  0.00000E+00 -0.50000E+01  0.00000E+00 -0.50000E+01 -0.15000E+02  0.00000E+00 -0.15000E+02  0.00000E+00 -0.15030E+02 -0.10770E+02  0.00000E+00 -0.10770E+02  0.00000E+00  0.00000E+00  0.40494E+02  0.00000E+00  0.00000E+00    319  0.00000E+00      0.000
       3.0100 -0.50000E+01  0.00000E+00 -0.50000E+01  0.00000E+00 -0.50000E+01 -0.15050E+02  0.00000E+00 -0.15050E+02  0.00000E+00 -0.15080E+02 -0.10770E+02  0.00000E+00 -0.10770E+02  0.00000E+00  0.00000E+00  0.40494E+02  0.00000E+00  0.00000E+00    320  0.00000E+00      0.000
       3.0200 -0.50000E+01  0.00000E+00 -0.50000E+01  0.00000E+00 -0.50000E+01 -0.15100E+02  0.00000E+00 -0.15100E+02  0.00000E+00 -0.15130E+02 -0.10770E+02  0.00000E+00 -0.10770E+02  0.00000E+00  0.00000E+00  0.40494E+02  0.00000E+00  0.00000E+00    321  0.00000E+00      0.000
       3.0300 -0.50000E+01  0.00000E+00 -0.50000E+01  0.00000E+00 -0.50000E+01 -0.15150E+02  0.00000E+00 -0.15150E+02  0.00000E+00 -0.15180E+02 -0.10770E+02  0.00000E+00 -0.10770E+02  0.00000E+00  0.00000E+00  0.40494E+02  0.00000E+00  0.00000E+00    322  0.00000E+00      0.000
       3.0395 -0.50000E+01  0.00000E+00 -0.50000E+01  0.00000E+00 -0.50000E+01 -0.15197E+02  0.00000E+00 -0.15197E+02  0.00000E+00 -0.15228E+02 -0.10770E+02  0.00000E+00 -0.10770E+02  0.00000E+00  0.00000E+00  0.40494E+02  0.00000E+00  0.00000E+00    323  0.00000E+00      0.000
       3.0490 -0.50000E+01  0.00000E+00 -0.50000E+01  0.00000E+00 -0.50000E+01 -0.15245E+02  0.00000E+00 -0.15245E+02  0.00000E+00 -0.15275E+02 -0.10770E+02  0.00000E+00 -0.10770E+02  0.00000E+00  0.00000E+00  0.40494E+02  0.00000E+00  0.00000E+00    324  0.00000E+00      0.000
       3.0585 -0.50000E+01  0.00000E+00 -0.50000E+01  0.00000E+00 -0.50000E+01 -0.15292E+02  0.00000E+00 -0.15292E+02  0.00000E+00 -0.15323E+02 -0.10770E+02  0.00000E+00 -0.10770E+02  0.00000E+00  0.00000E+00  0.40494E+02  0.00000E+00  0.00000E+00    325  0.00000E+00      0.000
       3.0680 -0.50000E+01  0.00000E+00 -0.50000E+01  0.00000E+00 -0.50000E+01 -0.15340E+02  0.00000E+00 -0.15340E+02  0.00000E+00 -0.15370E+02 -0.10770E+02  0.00000E+00 -0.10770E+02  0.00000E+00  0.00000E+00  0.40494E+02  0.00000E+00  0.00000E+00    326  0.00000E+00      0.000
       3.0775 -0.50000E+01  0.00000E+00 -0.50000E+01  0.00000E+00 -0.50000E+01 -0.15387E+02  0.00000E+00 -0.15387E+02  0.00000E+00 -0.15418E+02 -0.10770E+02  0.00000E+00 -0.10770E+02  0.00000E+00  0.00000E+00  0.40494E+02  0.00000E+00  0.00000E+00    327  0.00000E+00      0.000
       3.0870 -0.50000E+01  0.00000E+00 -0.50000E+01  0.00000E+00 -0.50000E+01 -0.15435E+02  0.00000E+00 -0.15435E+02  0.00000E+00 -0.15465E+02 -0.10770E+02  0.00000E+00 -0.10770E+02  0.00000E+00  0.00000E+00  0.40494E+02  0.00000E+00  0.00000E+00    328  0.00000E+00      0.000
       3.0965 -0.50000E+01  0.00000E+00 -0.50000E+01  0.00000E+00 -0.50000E+01 -0.15482E+02  0.00000E+00 -0.15482E+02  0.00000E+00 -0.15513E+02 -0.10770E+02  0.00000E+00 -0.10770E+02  0.00000E+00  0.00000E+00  0.40494E+02  0.00000E+00  0.00000E+00    329  0.00000E+00      0.000
       3.1060 -0.50000E+01  0.00000E+00 -0.50000E+01  0.00000E+00 -0.50000E+01 -0.15530E+02  0.00000E+00 -0.15530E+02  0.00000E+00 -0.15560E+02 -0.10770E+02  0.00000E+00 -0.10770E+02  0.00000E+00  0.00000E+00  0.40494E+02  0.00000E+00  0.00000E+00    330  0.00000E+00      0.000
       3.1155 -0.50000E+01  0.00000E+00 -0.50000E+01  0.00000E+00 -0.50000E+01 -0.15577E+02  0.00000E+00 -0.15577E+02  0.00000E+00 -0.15608E+02 -0.10770E+02  0.00000E+00 -0.10770E+02  0.00000E+00  0.00000E+00  0.40494E+02  0.00000E+00  0.00000E+00    331  0.00000E+00      0.000
       3.1250 -0.50000E+01  0.00000E+00 -0.50000E+01  0.00000E+00 -0.50000E+01 -0.15625E+02  0.00000E+00 -0.15625E+02  0.00000E+00 -0.15655E+02 -0.10770E+02  0.00000E+00 -0.10770E+02  0.00000E+00  0.00000E+00  0.40494E+02  0.00000E+00  0.00000E+00    332  0.00000E+00      0.000
       3.1350 -0.50000E+01  0.00000E+00 -0.50000E+01  0.00000E+00 -0.50000E+01 -0.15675E+02  0.00000E+00 -0.15675E+02  0.00000E+00 -0.15705E+02 -0.10770E+02  0.00000E+00 -0.10770E+02  0.00000E+00  0.00000E+00  0.40494E+02  0.00000E+00  0.00000E+00    333  0.00000E+00      0.000
       3.1450 -0.50000E+01  0.00000E+00 -0.50000E+01  0.00000E+00 -0.50000E+01 -0.15725E+02  0.00000E+00 -0.15725E+02  0.00000E+00 -0.15755E+02 -0.10770E+02  0.00000E+00 -0.10770E+02  0.00000E+00  0.00000E+00  0.40494E+02  0.00000E+00  0.00000E+00    334  0.00000E+00      0.000
       3.1550 -0.50000E+01  0.00000E+00 -0.50000E+01  0.00000E+00 -0.50000E+01 -0.15775E+02  0.00000E+00 -0.15775E+02  0.00000E+00 -0.15805E+02 -0.10770E+02  0.00000E+00 -0.10770E+02  0.00000E+00  0.00000E+00  0.40494E+02  0.00000E+00  0.00000E+00    335  0.00000E+00      0.000
       3.1645 -0.50000E+01  0.00000E+00 -0.50000E+01  0.00000E+00 -0.50000E+01 -0.15822E+02  0.00000E+00 -0.15822E+02  0.00000E+00 -0.15853E+02 -0.10770E+02  0.00000E+00 -0.10770E+02  0.00000E+00  0.00000E+00  0.40494E+02  0.00000E+00  0.00000E+00    336  0.00000E+00      0.000
       3.1740 -0.50000E+01  0.00000E+00 -0.50000E+01  0.00000E+00 -0.50000E+01 -0.15870E+02  0.00000E+00 -0.15870E+02  0.00000E+00 -0.15900E+02 -0.10770E+02  0.00000E+00 -0.10770E+02  0.00000E+00  0.00000E+00  0.40494E+02  0.00000E+00  0.00000E+00    337  0.00000E+00      0.000
       3.1835 -0.50000E+01  0.00000E+00 -0.50000E+01  0.00000E+00 -0.50000E+01 -0.15917E+02  0.00000E+00 -0.15917E+02  0.00000E+00 -0.15948E+02 -0.10770E+02  0.00000E+00 -0.10770E+02  0.00000E+00  0.00000E+00  0.40494E+02  0.00000E+00  0.00000E+00    338  0.00000E+00      0.000
       3.1930 -0.50000E+01  0.00000E+00 -0.50000E+01  0.00000E+00 -0.50000E+01 -0.15965E+02  0.00000E+00 -0.15965E+02  0.00000E+00 -0.15995E+02 -0.10770E+02  0.00000E+00 -0.10770E+02  0.00000E+00  0.00000E+00  0.40494E+02  0.00000E+00  0.00000E+00    339  0.00000E+00      0.000
       3.2025 -0.50000E+01  0.00000E+00 -0.50000E+01  0.00000E+00 -0.50000E+01 -0.16012E+02  0.00000E+00 -0.16012E+02  0.00000E+00 -0.16043E+02 -0.10770E+02  0.00000E+00 -0.10770E+02  0.00000E+00  0.00000E+00  0.40494E+02  0.00000E+00  0.00000E+00    340  0.00000E+00      0.000
       3.2120 -0.50000E+01  0.00000E+00 -0.50000E+01  0.00000E+00 -0.50000E+01 -0.16060E+02  0.00000E+00 -0.16060E+02  0.00000E+00 -0.16090E+02 -0.10770E+02  0.00000E+00 -0.10770E+02  0.00000E+00  0.00000E+00  0.40494E+02  0.00000E+00  0.00000E+00    341  0.00000E+00      0.000
       3.2215 -0.50000E+01  0.00000E+00 -0.50000E+01  0.00000E+00 -0.50000E+01 -0.16107E+02  0.00000E+00 -0.16107E+02  0.00000E+00 -0.16138E+02 -0.10770E+02  0.00000E+00 -0.10770E+02  0.00000E+00  0.00000E+00  0.40494E+02  0.00000E+00  0.00000E+00    342  0.00000E+00      0.000
       3.2310 -0.50000E+01  0.00000E+00 -0.50000E+01  0.00000E+00 -0.50000E+01 -0.16155E+02  0.00000E+00 -0.16155E+02  0.00000E+00 -0.16185E+02 -0.10770E+02  0.00000E+00 -0.10770E+02  0.00000E+00  0.00000E+00  0.40494E+02  0.00000E+00  0.00000E+00    343  0.00000E+00      0.000
       3.2405 -0.50000E+01  0.00000E+00 -0.50000E+01  0.00000E+00 -0.50000E+01 -0.16202E+02  0.00000E+00 -0.16202E+02  0.00000E+00 -0.16233E+02 -0.10770E+02  0.00000E+00 -0.10770E+02  0.00000E+00  0.00000E+00  0.40494E+02  0.00000E+00  0.00000E+00    344  0.00000E+00      0.000
       3.2500 -0.50000E+01  0.00000E+00 -0.50000E+01  0.00000E+00 -0.50000E+01 -0.16250E+02  0.00000E+00 -0.16250E+02  0.00000E+00 -0.16280E+02 -0.10770E+02  0.00000E+00 -0.10770E+02  0.00000E+00  0.00000E+00  0.40494E+02  0.00000E+00  0.00000E+00    345  0.00000E+00      0.000
       3.2600 -0.50000E+01  0.00000E+00 -0.50000E+01  0.00000E+00 -0.50000E+01 -0.16300E+02  0.00000E+00 -0.16300E+02  0.00000E+00 -0.16330E+02 -0.10770E+02  0.00000E+00 -0.10770E+02  0.00000E+00  0.00000E+00  0.40494E+02  0.00000E+00  0.00000E+00    346  0.00000E+00      0.000
       3.2700 -0.50000E+01  0.00000E+00 -0.50000E+01  0.00000E+00 -0.50000E+01 -0.16350E+02  0.00000E+00 -0.16350E+02  0.00000E+00 -0.16380E+02 -0.10770E+02  0.00000E+00 -0.10770E+02  0.00000E+00  0.00000E+00  0.40494E+02  0.00000E+00  0.00000E+00    347  0.00000E+00      0.000
       3.2800 -0.50000E+01  0.00000E+00 -0.50000E+01  0.00000E+00 -0.50000E+01 -0.16400E+02  0.00000E+00 -0.16400E+02  0.00000E+00 -0.16430E+02 -0.10770E+02  0.00000E+00 -0.10770E+02  0.00000E+00  0.00000E+00  0.40494E+02  0.00000E+00  0.00000E+00    348  0.00000E+00      0.000
       3.2895 -0.50000E+01  0.00000E+00 -0.50000E+01  0.00000E+00 -0.50000E+01 -0.16447E+02  0.00000E+00 -0.16447E+02  0.00000E+00 -0.16478E+02 -0.10770E+02  0.00000E+00 -0.10770E+02  0.00000E+00  0.00000E+00  0.40494E+02  0.00000E+00  0.00000E+00    349  0.00000E+00      0.000
       3.2990 -0.50000E+01  0.00000E+00 -0.50000E+01  0.00000E+00 -0.50000E+01 -0.16495E+02  0.00000E+00 -0.16495E+02  0.00000E+00 -0.16525E+02 -0.10770E+02  0.00000E+00 -0.10770E+02  0.00000E+00  0.00000E+00  0.40494E+02  0.00000E+00  0.00000E+00    350  0.00000E+00      0.000
       3.3085 -0.50000E+01  0.00000E+00 -0.50000E+01  0.00000E+00 -0.50000E+01 -0.16542E+02  0.00000E+00 -0.16542E+02  0.00000E+00 -0.16573E+02 -0.10770E+02  0.00000E+00 -0.10770E+02  0.00000E+00  0.00000E+00  0.40494E+02  0.00000E+00  0.00000E+00    351  0.00000E+00      0.000
       3.3180 -0.50000E+01  0.00000E+00 -0.50000E+01  0.00000E+00 -0.50000E+01 -0.16590E+02  0.00000E+00 -0.16590E+02  0.00000E+00 -0.16620E+02 -0.10770E+02  0.00000E+00 -0.10770E+02  0.00000E+00  0.00000E+00  0.40494E+02  0.00000E+00  0.00000E+00    352  0.00000E+00      0.000
       3.3275 -0.50000E+01  0.00000E+00 -0.50000E+01  0.00000E+00 -0.50000E+01 -0.16637E+02  0.00000E+00 -0.16637E+02  0.00000E+00 -0.16668E+02 -0.10770E+02  0.00000E+00 -0.10770E+02  0.00000E+00  0.00000E+00  0.40494E+02  0.00000E+00  0.00000E+00    353  0.00000E+00      0.000
       3.3370 -0.50000E+01  0.00000E+00 -0.50000E+01  0.00000E+00 -0.50000E+01 -0.16685E+02  0.00000E+00 -0.16685E+02  0.00000E+00 -0.16715E+02 -0.10770E+02  0.00000E+00 -0.10770E+02  0.00000E+00  0.00000E+00  0.40494E+02  0.00000E+00  0.00000E+00    354  0.00000E+00      0.000
       3.3465 -0.50000E+01  0.00000E+00 -0.50000E+01  0.00000E+00 -0.50000E+01 -0.16732E+02  0.00000E+00 -0.16732E+02  0.00000E+00 -0.16763E+02 -0.10770E+02  0.00000E+00 -0.10770E+02  0.00000E+00  0.00000E+00  0.40494E+02  0.00000E+00  0.00000E+00    355  0.00000E+00      0.000
       3.3560 -0.50000E+01  0.00000E+00 -0.50000E+01  0.00000E+00 -0.50000E+01 -0.16780E+02  0.00000E+00 -0.16780E+02  0.00000E+00 -0.16810E+02 -0.10770E+02  0.00000E+00 -0.10770E+02  0.00000E+00  0.00000E+00  0.40494E+02  0.00000E+00  0.00000E+00    356  0.00000E+00      0.000
       3.3655 -0.50000E+01  0.00000E+00 -0.50000E+01  0.00000E+00 -0.50000E+01 -0.16827E+02  0.00000E+00 -0.16827E+02  0.00000E+00 -0.16858E+02 -0.10770E+02  0.00000E+00 -0.10770E+02  0.00000E+00  0.00000E+00  0.40494E+02  0.00000E+00  0.00000E+00    357  0.00000E+00      0.000
       3.3750 -0.50000E+01  0.00000E+00 -0.50000E+01  0.00000E+00 -0.50000E+01 -0.16875E+02  0.00000E+00 -0.16875E+02  0.00000E+00 -0.16905E+02 -0.10770E+02  0.00000E+00 -0.10770E+02  0.00000E+00  0.00000E+00  0.40494E+02  0.00000E+00  0.00000E+00    358  0.00000E+00      0.000
       3.3850 -0.50000E+01  0.00000E+00 -0.50000E+01  0.00000E+00 -0.50000E+01 -0.16925E+02  0.00000E+00 -0.16925E+02  0.00000E+00 -0.16955E+02 -0.10770E+02  0.00000E+00 -0.10770E+02  0.00000E+00  0.00000E+00  0.40494E+02  0.00000E+00  0.00000E+00    359  0.00000E+00      0.000
       3.3950 -0.50000E+01  0.00000E+00 -0.50000E+01  0.00000E+00 -0.50000E+01 -0.16975E+02  0.00000E+00 -0.16975E+02  0.00000E+00 -0.17005E+02 -0.10770E+02  0.00000E+00 -0.10770E+02  0.00000E+00  0.00000E+00  0.40494E+02  0.00000E+00  0.00000E+00    360  0.00000E+00      0.000
       3.4050 -0.50000E+01  0.00000E+00 -0.50000E+01  0.00000E+00 -0.50000E+01 -0.17025E+02  0.00000E+00 -0.17025E+02  0.00000E+00 -0.17055E+02 -0.10770E+02  0.00000E+00 -0.10770E+02  0.00000E+00  0.00000E+00  0.40494E+02  0.00000E+00  0.00000E+00    361  0.00000E+00      0.000
       3.4145 -0.50000E+01  0.00000E+00 -0.50000E+01  0.00000E+00 -0.50000E+01 -0.17072E+02  0.00000E+00 -0.17072E+02  0.00000E+00 -0.17103E+02 -0.10770E+02  0.00000E+00 -0.10770E+02  0.00000E+00  0.00000E+00  0.40494E+02  0.00000E+00  0.00000E+00    362  0.00000E+00      0.000
       3.4240 -0.50000E+01  0.00000E+00 -0.50000E+01  0.00000E+00 -0.50000E+01 -0.17120E+02  0.00000E+00 -0.17120E+02  0.00000E+00 -0.17150E+02 -0.10770E+02  0.00000E+00 -0.10770E+02  0.00000E+00  0.00000E+00  0.40494E+02  0.00000E+00  0.00000E+00    363  0.00000E+00      0.000
       3.4335 -0.50000E+01  0.00000E+00 -0.50000E+01  0.00000E+00 -0.50000E+01 -0.17167E+02  0.00000E+00 -0.17167E+02  0.00000E+00 -0.17198E+02 -0.10770E+02  0.00000E+00 -0.10770E+02  0.00000E+00  0.00000E+00  0.40494E+02  0.00000E+00  0.00000E+00    364  0.00000E+00      0.000
       3.4430 -0.50000E+01  0.00000E+00 -0.50000E+01  0.00000E+00 -0.50000E+01 -0.17215E+02  0.00000E+00 -0.17215E+02  0.00000E+00 -0.17245E+02 -0.10770E+02  0.00000E+00 -0.10770E+02  0.00000E+00  0.00000E+00  0.40494E+02  0.00000E+00  0.00000E+00    365  0.00000E+00      0.000
       3.4525 -0.50000E+01  0.00000E+00 -0.50000E+01  0.00000E+00 -0.50000E+01 -0.17262E+02  0.00000E+00 -0.17262E+02  0.00000E+00 -0.17293E+02 -0.10770E+02  0.00000E+00 -0.10770E+02  0.00000E+00  0.00000E+00  0.40494E+02  0.00000E+00  0.00000E+00    366  0.00000E+00      0.000
       3.4620 -0.50000E+01  0.00000E+00 -0.50000E+01  0.00000E+00 -0.50000E+01 -0.17310E+02  0.00000E+00 -0.17310E+02  0.00000E+00 -0.17340E+02 -0.10770E+02  0.00000E+00 -0.10770E+02  0.00000E+00  0.00000E+00  0.40494E+02  0.00000E+00  0.00000E+00    367  0.00000E+00      0.000
       3.4715 -0.50000E+01  0.00000E+00 -0.50000E+01  0.00000E+00 -0.50000E+01 -0.17357E+02  0.00000E+00 -0.17357E+02  0.00000E+00 -0.17388E+02 -0.10770E+02  0.00000E+00 -0.10770E+02  0.00000E+00  0.00000E+00  0.40494E+02  0.00000E+00  0.00000E+00    368  0.00000E+00      0.000
       3.4810 -0.50000E+01  0.00000E+00 -0.50000E+01  0.00000E+00 -0.50000E+01 -0.17405E+02  0.00000E+00 -0.17405E+02  0.00000E+00 -0.17435E+02 -0.10770E+02  0.00000E+00 -0.10770E+02  0.00000E+00  0.00000E+00  0.40494E+02  0.00000E+00  0.00000E+00    369  0.00000E+00      0.000
       3.4905 -0.50000E+01  0.00000E+00 -0.50000E+01  0.00000E+00 -0.50000E+01 -0.17452E+02  0.00000E+00 -0.17452E+02  0.00000E+00 -0.17483E+02 -0.10770E+02  0.00000E+00 -0.10770E+02  0.00000E+00  0.00000E+00  0.40494E+02  0.00000E+00  0.00000E+00    370  0.00000E+00      0.000
       3.5000 -0.50000E+01  0.00000E+00 -0.50000E+01  0.00000E+00 -0.50000E+01 -0.17500E+02  0.00000E+00 -0.17500E+02  0.00000E+00 -0.17530E+02 -0.10770E+02  0.00000E+00 -0.10770E+02  0.00000E+00  0.00000E+00  0.40494E+02  0.00000E+00  0.00000E+00    371  0.00000E+00      0.000
       3.5100 -0.50000E+01  0.00000E+00 -0.50000E+01  0.00000E+00 -0.50000E+01 -0.17550E+02  0.00000E+00 -0.17550E+02  0.00000E+00 -0.17580E+02 -0.10770E+02  0.00000E+00 -0.10770E+02  0.00000E+00  0.00000E+00  0.40494E+02  0.00000E+00  0.00000E+00    372  0.00000E+00      0.000
       3.5200 -0.50000E+01  0.00000E+00 -0.50000E+01  0.00000E+00 -0.50000E+01 -0.17600E+02  0.00000E+00 -0.17600E+02  0.00000E+00 -0.17630E+02 -0.10770E+02  0.00000E+00 -0.10770E+02  0.00000E+00  0.00000E+00  0.40494E+02  0.00000E+00  0.00000E+00    373  0.00000E+00      0.000
       3.5300 -0.50000E+01  0.00000E+00 -0.50000E+01  0.00000E+00 -0.50000E+01 -0.17650E+02  0.00000E+00 -0.17650E+02  0.00000E+00 -0.17680E+02 -0.10770E+02  0.00000E+00 -0.10770E+02  0.00000E+00  0.00000E+00  0.40494E+02  0.00000E+00  0.00000E+00    374  0.00000E+00      0.000
       3.5395 -0.50000E+01  0.00000E+00 -0.50000E+01  0.00000E+00 -0.50000E+01 -0.17697E+02  0.00000E+00 -0.17697E+02  0.00000E+00 -0.17728E+02 -0.10770E+02  0.00000E+00 -0.10770E+02  0.00000E+00  0.00000E+00  0.40494E+02  0.00000E+00  0.00000E+00    375  0.00000E+00      0.000
       3.5490 -0.50000E+01  0.00000E+00 -0.50000E+01  0.00000E+00 -0.50000E+01 -0.17745E+02  0.00000E+00 -0.17745E+02  0.00000E+00 -0.17775E+02 -0.10770E+02  0.00000E+00 -0.10770E+02  0.00000E+00  0.00000E+00  0.40494E+02  0.00000E+00  0.00000E+00    376  0.00000E+00      0.000
       3.5585 -0.50000E+01  0.00000E+00 -0.50000E+01  0.00000E+00 -0.50000E+01 -0.17792E+02  0.00000E+00 -0.17792E+02  0.00000E+00 -0.17823E+02 -0.10770E+02  0.00000E+00 -0.10770E+02  0.00000E+00  0.00000E+00  0.40494E+02  0.00000E+00  0.00000E+00    377  0.00000E+00      0.000
       3.5680 -0.50000E+01  0.00000E+00 -0.50000E+01  0.00000E+00 -0.50000E+01 -0.17840E+02  0.00000E+00 -0.17840E+02  0.00000E+00 -0.17870E+02 -0.10770E+02  0.00000E+00 -0.10770E+02  0.00000E+00  0.00000E+00  0.40494E+02  0.00000E+00  0.00000E+00    378  0.00000E+00      0.000
       3.5775 -0.50000E+01  0.00000E+00 -0.50000E+01  0.00000E+00 -0.50000E+01 -0.17887E+02  0.00000E+00 -0.17887E+02  0.00000E+00 -0.17918E+02 -0.10770E+02  0.00000E+00 -0.10770E+02  0.00000E+00  0.00000E+00  0.40494E+02  0.00000E+00  0.00000E+00    379  0.00000E+00      0.000
       3.5870 -0.50000E+01  0.00000E+00 -0.50000E+01  0.00000E+00 -0.50000E+01 -0.17935E+02  0.00000E+00 -0.17935E+02  0.00000E+00 -0.17965E+02 -0.10770E+02  0.00000E+00 -0.10770E+02  0.00000E+00  0.00000E+00  0.40494E+02  0.00000E+00  0.00000E+00    380  0.00000E+00      0.000
       3.5965 -0.50000E+01  0.00000E+00 -0.50000E+01  0.00000E+00 -0.50000E+01 -0.17982E+02  0.00000E+00 -0.17982E+02  0.00000E+00 -0.18013E+02 -0.10770E+02  0.00000E+00 -0.10770E+02  0.00000E+00  0.00000E+00  0.40494E+02  0.00000E+00  0.00000E+00    381  0.00000E+00      0.000
       3.6060 -0.50000E+01  0.00000E+00 -0.50000E+01  0.00000E+00 -0.50000E+01 -0.18030E+02  0.00000E+00 -0.18030E+02  0.00000E+00 -0.18060E+02 -0.10770E+02  0.00000E+00 -0.10770E+02  0.00000E+00  0.00000E+00  0.40494E+02  0.00000E+00  0.00000E+00    382  0.00000E+00      0.000
       3.6155 -0.50000E+01  0.00000E+00 -0.50000E+01  0.00000E+00 -0.50000E+01 -0.18077E+02  0.00000E+00 -0.18077E+02  0.00000E+00 -0.18108E+02 -0.10770E+02  0.00000E+00 -0.10770E+02  0.00000E+00  0.00000E+00  0.40494E+02  0.00000E+00  0.00000E+00    383  0.00000E+00      0.000
       3.6250 -0.50000E+01  0.00000E+00 -0.50000E+01  0.00000E+00 -0.50000E+01 -0.18125E+02  0.00000E+00 -0.18125E+02  0.00000E+00 -0.18155E+02 -0.10770E+02  0.00000E+00 -0.10770E+02  0.00000E+00  0.00000E+00  0.40494E+02  0.00000E+00  0.00000E+00    384  0.00000E+00      0.000
       3.6350 -0.50000E+01  0.00000E+00 -0.50000E+01  0.00000E+00 -0.50000E+01 -0.18175E+02  0.00000E+00 -0.18175E+02  0.00000E+00 -0.18205E+02 -0.10770E+02  0.00000E+00 -0.10770E+02  0.00000E+00  0.00000E+00  0.40494E+02  0.00000E+00  0.00000E+00    385  0.00000E+00      0.000
       3.6450 -0.50000E+01  0.00000E+00 -0.50000E+01  0.00000E+00 -0.50000E+01 -0.18225E+02  0.00000E+00 -0.18225E+02  0.00000E+00 -0.18255E+02 -0.10770E+02  0.00000E+00 -0.10770E+02  0.00000E+00  0.00000E+00  0.40494E+02  0.00000E+00  0.00000E+00    386  0.00000E+00      0.000
       3.6550 -0.50000E+01  0.00000E+00 -0.50000E+01  0.00000E+00 -0.50000E+01 -0.18275E+02  0.00000E+00 -0.18275E+02  0.00000E+00 -0.18305E+02 -0.10770E+02  0.00000E+00 -0.10770E+02  0.00000E+00  0.00000E+00  0.40494E+02  0.00000E+00  0.00000E+00    387  0.00000E+00      0.000
       3.6645 -0.50000E+01  0.00000E+00 -0.50000E+01  0.00000E+00 -0.50000E+01 -0.18322E+02  0.00000E+00 -0.18322E+02  0.00000E+00 -0.18353E+02 -0.10770E+02  0.00000E+00 -0.10770E+02  0.00000E+00  0.00000E+00  0.40494E+02  0.00000E+00  0.00000E+00    388  0.00000E+00      0.000
       3.6740 -0.50000E+01  0.00000E+00 -0.50000E+01  0.00000E+00 -0.50000E+01 -0.18370E+02  0.00000E+00 -0.18370E+02  0.00000E+00 -0.18400E+02 -0.10770E+02  0.00000E+00 -0.10770E+02  0.00000E+00  0.00000E+00  0.40494E+02  0.00000E+00  0.00000E+00    389  0.00000E+00      0.000
       3.6835 -0.50000E+01  0.00000E+00 -0.50000E+01  0.00000E+00 -0.50000E+01 -0.18417E+02  0.00000E+00 -0.18417E+02  0.00000E+00 -0.18448E+02 -0.10770E+02  0.00000E+00 -0.10770E+02  0.00000E+00  0.00000E+00  0.40494E+02  0.00000E+00  0.00000E+00    390  0.00000E+00      0.000
       3.6930 -0.50000E+01  0.00000E+00 -0.50000E+01  0.00000E+00 -0.50000E+01 -0.18465E+02  0.00000E+00 -0.18465E+02  0.00000E+00 -0.18495E+02 -0.10770E+02  0.00000E+00 -0.10770E+02  0.00000E+00  0.00000E+00  0.40494E+02  0.00000E+00  0.00000E+00    391  0.00000E+00      0.000
       3.7025 -0.50000E+01  0.00000E+00 -0.50000E+01  0.00000E+00 -0.50000E+01 -0.18512E+02  0.00000E+00 -0.18512E+02  0.00000E+00 -0.18543E+02 -0.10770E+02  0.00000E+00 -0.10770E+02  0.00000E+00  0.00000E+00  0.40494E+02  0.00000E+00  0.00000E+00    392  0.00000E+00      0.000
       3.7120 -0.50000E+01  0.00000E+00 -0.50000E+01  0.00000E+00 -0.50000E+01 -0.18560E+02  0.00000E+00 -0.18560E+02  0.00000E+00 -0.18590E+02 -0.10770E+02  0.00000E+00 -0.10770E+02  0.00000E+00  0.00000E+00  0.40494E+02  0.00000E+00  0.00000E+00    393  0.00000E+00      0.000
       3.7215 -0.50000E+01  0.00000E+00 -0.50000E+01  0.00000E+00 -0.50000E+01 -0.18607E+02  0.00000E+00 -0.18607E+02  0.00000E+00 -0.18638E+02 -0.10770E+02  0.00000E+00 -0.10770E+02  0.00000E+00  0.00000E+00  0.40494E+02  0.00000E+00  0.00000E+00    394  0.00000E+00      0.000
       3.7310 -0.50000E+01  0.00000E+00 -0.50000E+01  0.00000E+00 -0.50000E+01 -0.18655E+02  0.00000E+00 -0.18655E+02  0.00000E+00 -0.18685E+02 -0.10770E+02  0.00000E+00 -0.10770E+02  0.00000E+00  0.00000E+00  0.40494E+02  0.00000E+00  0.00000E+00    395  0.00000E+00      0.000
       3.7405 -0.50000E+01  0.00000E+00 -0.50000E+01  0.00000E+00 -0.50000E+01 -0.18702E+02  0.00000E+00 -0.18702E+02  0.00000E+00 -0.18733E+02 -0.10770E+02  0.00000E+00 -0.10770E+02  0.00000E+00  0.00000E+00  0.40494E+02  0.00000E+00  0.00000E+00    396  0.00000E+00      0.000
       3.7500 -0.50000E+01  0.00000E+00 -0.50000E+01  0.00000E+00 -0.50000E+01 -0.18750E+02  0.00000E+00 -0.18750E+02  0.00000E+00 -0.18780E+02 -0.10770E+02  0.00000E+00 -0.10770E+02  0.00000E+00  0.00000E+00  0.40494E+02  0.00000E+00  0.00000E+00    397  0.00000E+00      0.000
       3.7600 -0.50000E+01  0.00000E+00 -0.50000E+01  0.00000E+00 -0.50000E+01 -0.18800E+02  0.00000E+00 -0.18800E+02  0.00000E+00 -0.18830E+02 -0.10770E+02  0.00000E+00 -0.10770E+02  0.00000E+00  0.00000E+00  0.40494E+02  0.00000E+00  0.00000E+00    398  0.00000E+00      0.000
       3.7700 -0.50000E+01  0.00000E+00 -0.50000E+01  0.00000E+00 -0.50000E+01 -0.18850E+02  0.00000E+00 -0.18850E+02  0.00000E+00 -0.18880E+02 -0.10770E+02  0.00000E+00 -0.10770E+02  0.00000E+00  0.00000E+00  0.40494E+02  0.00000E+00  0.00000E+00    399  0.00000E+00      0.000
       3.7800 -0.50000E+01  0.00000E+00 -0.50000E+01  0.00000E+00 -0.50000E+01 -0.18900E+02  0.00000E+00 -0.18900E+02  0.00000E+00 -0.18930E+02 -0.10770E+02  0.00000E+00 -0.10770E+02  0.00000E+00  0.00000E+00  0.40494E+02  0.00000E+00  0.00000E+00    400  0.00000E+00      0.000
       3.7895 -0.50000E+01  0.00000E+00 -0.50000E+01  0.00000E+00 -0.50000E+01 -0.18947E+02  0.00000E+00 -0.18947E+02  0.00000E+00 -0.18978E+02 -0.10770E+02  0.00000E+00 -0.10770E+02  0.00000E+00  0.00000E+00  0.40494E+02  0.00000E+00  0.00000E+00    401  0.00000E+00      0.000
       3.7990 -0.50000E+01  0.00000E+00 -0.50000E+01  0.00000E+00 -0.50000E+01 -0.18995E+02  0.00000E+00 -0.18995E+02  0.00000E+00 -0.19025E+02 -0.10770E+02  0.00000E+00 -0.10770E+02  0.00000E+00  0.00000E+00  0.40494E+02  0.00000E+00  0.00000E+00    402  0.00000E+00      0.000
       3.8085 -0.50000E+01  0.00000E+00 -0.50000E+01  0.00000E+00 -0.50000E+01 -0.19042E+02  0.00000E+00 -0.19042E+02  0.00000E+00 -0.19073E+02 -0.10770E+02  0.00000E+00 -0.10770E+02  0.00000E+00  0.00000E+00  0.40494E+02  0.00000E+00  0.00000E+00    403  0.00000E+00      0.000
       3.8180 -0.50000E+01  0.00000E+00 -0.50000E+01  0.00000E+00 -0.50000E+01 -0.19090E+02  0.00000E+00 -0.19090E+02  0.00000E+00 -0.19120E+02 -0.10770E+02  0.00000E+00 -0.10770E+02  0.00000E+00  0.00000E+00  0.40494E+02  0.00000E+00  0.00000E+00    404  0.00000E+00      0.000
       3.8275 -0.50000E+01  0.00000E+00 -0.50000E+01  0.00000E+00 -0.50000E+01 -0.19137E+02  0.00000E+00 -0.19137E+02  0.00000E+00 -0.19168E+02 -0.10770E+02  0.00000E+00 -0.10770E+02  0.00000E+00  0.00000E+00  0.40494E+02  0.00000E+00  0.00000E+00    405  0.00000E+00      0.000
       3.8370 -0.50000E+01  0.00000E+00 -0.50000E+01  0.00000E+00 -0.50000E+01 -0.19185E+02  0.00000E+00 -0.19185E+02  0.00000E+00 -0.19215E+02 -0.10770E+02  0.00000E+00 -0.10770E+02  0.00000E+00  0.00000E+00  0.40494E+02  0.00000E+00  0.00000E+00    406  0.00000E+00      0.000
       3.8465 -0.50000E+01  0.00000E+00 -0.50000E+01  0.00000E+00 -0.50000E+01 -0.19232E+02  0.00000E+00 -0.19232E+02  0.00000E+00 -0.19263E+02 -0.10770E+02  0.00000E+00 -0.10770E+02  0.00000E+00  0.00000E+00  0.40494E+02  0.00000E+00  0.00000E+00    407  0.00000E+00      0.000
       3.8560 -0.50000E+01  0.00000E+00 -0.50000E+01  0.00000E+00 -0.50000E+01 -0.19280E+02  0.00000E+00 -0.19280E+02  0.00000E+00 -0.19310E+02 -0.10770E+02  0.00000E+00 -0.10770E+02  0.00000E+00  0.00000E+00  0.40494E+02  0.00000E+00  0.00000E+00    408  0.00000E+00      0.000
       3.8655 -0.50000E+01  0.00000E+00 -0.50000E+01  0.00000E+00 -0.50000E+01 -0.19327E+02  0.00000E+00 -0.19327E+02  0.00000E+00 -0.19358E+02 -0.10770E+02  0.00000E+00 -0.10770E+02  0.00000E+00  0.00000E+00  0.40494E+02  0.00000E+00  0.00000E+00    409  0.00000E+00      0.000
       3.8750 -0.50000E+01  0.00000E+00 -0.50000E+01  0.00000E+00 -0.50000E+01 -0.19375E+02  0.00000E+00 -0.19375E+02  0.00000E+00 -0.19405E+02 -0.10770E+02  0.00000E+00 -0.10770E+02  0.00000E+00  0.00000E+00  0.40494E+02  0.00000E+00  0.00000E+00    410  0.00000E+00      0.000
       3.8850 -0.50000E+01  0.00000E+00 -0.50000E+01  0.00000E+00 -0.50000E+01 -0.19425E+02  0.00000E+00 -0.19425E+02  0.00000E+00 -0.19455E+02 -0.10770E+02  0.00000E+00 -0.10770E+02  0.00000E+00  0.00000E+00  0.40494E+02  0.00000E+00  0.00000E+00    411  0.00000E+00      0.000
       3.8950 -0.50000E+01  0.00000E+00 -0.50000E+01  0.00000E+00 -0.50000E+01 -0.19475E+02  0.00000E+00 -0.19475E+02  0.00000E+00 -0.19505E+02 -0.10770E+02  0.00000E+00 -0.10770E+02  0.00000E+00  0.00000E+00  0.40494E+02  0.00000E+00  0.00000E+00    412  0.00000E+00      0.000
       3.9050 -0.50000E+01  0.00000E+00 -0.50000E+01  0.00000E+00 -0.50000E+01 -0.19525E+02  0.00000E+00 -0.19525E+02  0.00000E+00 -0.19555E+02 -0.10770E+02  0.00000E+00 -0.10770E+02  0.00000E+00  0.00000E+00  0.40494E+02  0.00000E+00  0.00000E+00    413  0.00000E+00      0.000
       3.9145 -0.50000E+01  0.00000E+00 -0.50000E+01  0.00000E+00 -0.50000E+01 -0.19572E+02  0.00000E+00 -0.19572E+02  0.00000E+00 -0.19603E+02 -0.10770E+02  0.00000E+00 -0.10770E+02  0.00000E+00  0.00000E+00  0.40494E+02  0.00000E+00  0.00000E+00    414  0.00000E+00      0.000
       3.9240 -0.50000E+01  0.00000E+00 -0.50000E+01  0.00000E+00 -0.50000E+01 -0.19620E+02  0.00000E+00 -0.19620E+02  0.00000E+00 -0.19650E+02 -0.10770E+02  0.00000E+00 -0.10770E+02  0.00000E+00  0.00000E+00  0.40494E+02  0.00000E+00  0.00000E+00    415  0.00000E+00      0.000
       3.9335 -0.50000E+01  0.00000E+00 -0.50000E+01  0.00000E+00 -0.50000E+01 -0.19667E+02  0.00000E+00 -0.19667E+02  0.00000E+00 -0.19698E+02 -0.10770E+02  0.00000E+00 -0.10770E+02  0.00000E+00  0.00000E+00  0.40494E+02  0.00000E+00  0.00000E+00    416  0.00000E+00      0.000
       3.9430 -0.50000E+01  0.00000E+00 -0.50000E+01  0.00000E+00 -0.50000E+01 -0.19715E+02  0.00000E+00 -0.19715E+02  0.00000E+00 -0.19745E+02 -0.10770E+02  0.00000E+00 -0.10770E+02  0.00000E+00  0.00000E+00  0.40494E+02  0.00000E+00  0.00000E+00    417  0.00000E+00      0.000
       3.9525 -0.50000E+01  0.00000E+00 -0.50000E+01  0.00000E+00 -0.50000E+01 -0.19762E+02  0.00000E+00 -0.19762E+02  0.00000E+00 -0.19793E+02 -0.10770E+02  0.00000E+00 -0.10770E+02  0.00000E+00  0.00000E+00  0.40494E+02  0.00000E+00  0.00000E+00    418  0.00000E+00      0.000
       3.9620 -0.50000E+01  0.00000E+00 -0.50000E+01  0.00000E+00 -0.50000E+01 -0.19810E+02  0.00000E+00 -0.19810E+02  0.00000E+00 -0.19840E+02 -0.10770E+02  0.00000E+00 -0.10770E+02  0.00000E+00  0.00000E+00  0.40494E+02  0.00000E+00  0.00000E+00    419  0.00000E+00      0.000
       3.9715 -0.50000E+01  0.00000E+00 -0.50000E+01  0.00000E+00 -0.50000E+01 -0.19857E+02  0.00000E+00 -0.19857E+02  0.00000E+00 -0.19888E+02 -0.10770E+02  0.00000E+00 -0.10770E+02  0.00000E+00  0.00000E+00  0.40494E+02  0.00000E+00  0.00000E+00    420  0.00000E+00      0.000
       3.9810 -0.50000E+01  0.00000E+00 -0.50000E+01  0.00000E+00 -0.50000E+01 -0.19905E+02  0.00000E+00 -0.19905E+02  0.00000E+00 -0.19935E+02 -0.10770E+02  0.00000E+00 -0.10770E+02  0.00000E+00  0.00000E+00  0.40494E+02  0.00000E+00  0.00000E+00    421  0.00000E+00      0.000
       3.9905 -0.50000E+01  0.00000E+00 -0.50000E+01  0.00000E+00 -0.50000E+01 -0.19952E+02  0.00000E+00 -0.19952E+02  0.00000E+00 -0.19983E+02 -0.10770E+02  0.00000E+00 -0.10770E+02  0.00000E+00  0.00000E+00  0.40494E+02  0.00000E+00  0.00000E+00    422  0.00000E+00      0.000
       4.0000 -0.50000E+01  0.00000E+00 -0.50000E+01  0.00000E+00 -0.50000E+01 -0.20000E+02  0.00000E+00 -0.20000E+02  0.00000E+00 -0.20030E+02 -0.10770E+02  0.00000E+00 -0.10770E+02  0.00000E+00  0.00000E+00  0.40494E+02  0.00000E+00  0.00000E+00    423  0.00000E+00      0.000
       4.0100 -0.50000E+01  0.00000E+00 -0.50000E+01  0.00000E+00 -0.50000E+01 -0.20050E+02  0.00000E+00 -0.20050E+02  0.00000E+00 -0.20080E+02 -0.10770E+02  0.00000E+00 -0.10770E+02  0.00000E+00  0.00000E+00  0.40494E+02  0.00000E+00  0.00000E+00    424  0.00000E+00      0.000
       4.0200 -0.50000E+01  0.00000E+00 -0.50000E+01  0.00000E+00 -0.50000E+01 -0.20100E+02  0.00000E+00 -0.20100E+02  0.00000E+00 -0.20130E+02 -0.10770E+02  0.00000E+00 -0.10770E+02  0.00000E+00  0.00000E+00  0.40494E+02  0.00000E+00  0.00000E+00    425  0.00000E+00      0.000
       4.0300 -0.50000E+01  0.00000E+00 -0.50000E+01  0.00000E+00 -0.50000E+01 -0.20150E+02  0.00000E+00 -0.20150E+02  0.00000E+00 -0.20180E+02 -0.10770E+02  0.00000E+00 -0.10770E+02  0.00000E+00  0.00000E+00  0.40494E+02  0.00000E+00  0.00000E+00    426  0.00000E+00      0.000
       4.0395 -0.50000E+01  0.00000E+00 -0.50000E+01  0.00000E+00 -0.50000E+01 -0.20197E+02  0.00000E+00 -0.20197E+02  0.00000E+00 -0.20228E+02 -0.10770E+02  0.00000E+00 -0.10770E+02  0.00000E+00  0.00000E+00  0.40494E+02  0.00000E+00  0.00000E+00    427  0.00000E+00      0.000
       4.0490 -0.50000E+01  0.00000E+00 -0.50000E+01  0.00000E+00 -0.50000E+01 -0.20245E+02  0.00000E+00 -0.20245E+02  0.00000E+00 -0.20275E+02 -0.10770E+02  0.00000E+00 -0.10770E+02  0.00000E+00  0.00000E+00  0.40494E+02  0.00000E+00  0.00000E+00    428  0.00000E+00      0.000
       4.0585 -0.50000E+01  0.00000E+00 -0.50000E+01  0.00000E+00 -0.50000E+01 -0.20292E+02  0.00000E+00 -0.20292E+02  0.00000E+00 -0.20323E+02 -0.10770E+02  0.00000E+00 -0.10770E+02  0.00000E+00  0.00000E+00  0.40494E+02  0.00000E+00  0.00000E+00    429  0.00000E+00      0.000
       4.0680 -0.50000E+01  0.00000E+00 -0.50000E+01  0.00000E+00 -0.50000E+01 -0.20340E+02  0.00000E+00 -0.20340E+02  0.00000E+00 -0.20370E+02 -0.10770E+02  0.00000E+00 -0.10770E+02  0.00000E+00  0.00000E+00  0.40494E+02  0.00000E+00  0.00000E+00    430  0.00000E+00      0.000
       4.0775 -0.50000E+01  0.00000E+00 -0.50000E+01  0.00000E+00 -0.50000E+01 -0.20387E+02  0.00000E+00 -0.20388E+02  0.00000E+00 -0.20418E+02 -0.10770E+02  0.00000E+00 -0.10770E+02  0.00000E+00  0.00000E+00  0.40494E+02  0.00000E+00  0.00000E+00    431  0.00000E+00      0.000
       4.0870 -0.50000E+01  0.00000E+00 -0.50000E+01  0.00000E+00 -0.50000E+01 -0.20435E+02  0.00000E+00 -0.20435E+02  0.00000E+00 -0.20465E+02 -0.10770E+02  0.00000E+00 -0.10770E+02  0.00000E+00  0.00000E+00  0.40494E+02  0.00000E+00  0.00000E+00    432  0.00000E+00      0.000
       4.0965 -0.50000E+01  0.00000E+00 -0.50000E+01  0.00000E+00 -0.50000E+01 -0.20483E+02  0.00000E+00 -0.20483E+02  0.00000E+00 -0.20513E+02 -0.10770E+02  0.00000E+00 -0.10770E+02  0.00000E+00  0.00000E+00  0.40494E+02  0.00000E+00  0.00000E+00    433  0.00000E+00      0.000
       4.1060 -0.50000E+01  0.00000E+00 -0.50000E+01  0.00000E+00 -0.50000E+01 -0.20530E+02  0.00000E+00 -0.20530E+02  0.00000E+00 -0.20560E+02 -0.10770E+02  0.00000E+00 -0.10770E+02  0.00000E+00  0.00000E+00  0.40494E+02  0.00000E+00  0.00000E+00    434  0.00000E+00      0.000
       4.1155 -0.50000E+01  0.00000E+00 -0.50000E+01  0.00000E+00 -0.50000E+01 -0.20578E+02  0.00000E+00 -0.20578E+02  0.00000E+00 -0.20608E+02 -0.10770E+02  0.00000E+00 -0.10770E+02  0.00000E+00  0.00000E+00  0.40494E+02  0.00000E+00  0.00000E+00    435  0.00000E+00      0.000
       4.1250 -0.50000E+01  0.00000E+00 -0.50000E+01  0.00000E+00 -0.50000E+01 -0.20625E+02  0.00000E+00 -0.20625E+02  0.00000E+00 -0.20655E+02 -0.10770E+02  0.00000E+00 -0.10770E+02  0.00000E+00  0.00000E+00  0.40494E+02  0.00000E+00  0.00000E+00    436  0.00000E+00      0.000
       4.1350 -0.50000E+01  0.00000E+00 -0.50000E+01  0.00000E+00 -0.50000E+01 -0.20675E+02  0.00000E+00 -0.20675E+02  0.00000E+00 -0.20705E+02 -0.10770E+02  0.00000E+00 -0.10770E+02  0.00000E+00  0.00000E+00  0.40494E+02  0.00000E+00  0.00000E+00    437  0.00000E+00      0.000
       4.1450 -0.50000E+01  0.00000E+00 -0.50000E+01  0.00000E+00 -0.50000E+01 -0.20725E+02  0.00000E+00 -0.20725E+02  0.00000E+00 -0.20755E+02 -0.10770E+02  0.00000E+00 -0.10770E+02  0.00000E+00  0.00000E+00  0.40494E+02  0.00000E+00  0.00000E+00    438  0.00000E+00      0.000
       4.1550 -0.50000E+01  0.00000E+00 -0.50000E+01  0.00000E+00 -0.50000E+01 -0.20775E+02  0.00000E+00 -0.20775E+02  0.00000E+00 -0.20805E+02 -0.10770E+02  0.00000E+00 -0.10770E+02  0.00000E+00  0.00000E+00  0.40494E+02  0.00000E+00  0.00000E+00    439  0.00000E+00      0.000
       4.1645 -0.50000E+01  0.00000E+00 -0.50000E+01  0.00000E+00 -0.50000E+01 -0.20823E+02  0.00000E+00 -0.20823E+02  0.00000E+00 -0.20853E+02 -0.10770E+02  0.00000E+00 -0.10770E+02  0.00000E+00  0.00000E+00  0.40494E+02  0.00000E+00  0.00000E+00    440  0.00000E+00      0.000
       4.1740 -0.50000E+01  0.00000E+00 -0.50000E+01  0.00000E+00 -0.50000E+01 -0.20870E+02  0.00000E+00 -0.20870E+02  0.00000E+00 -0.20900E+02 -0.10770E+02  0.00000E+00 -0.10770E+02  0.00000E+00  0.00000E+00  0.40494E+02  0.00000E+00  0.00000E+00    441  0.00000E+00      0.000
       4.1835 -0.50000E+01  0.00000E+00 -0.50000E+01  0.00000E+00 -0.50000E+01 -0.20918E+02  0.00000E+00 -0.20918E+02  0.00000E+00 -0.20948E+02 -0.10770E+02  0.00000E+00 -0.10770E+02  0.00000E+00  0.00000E+00  0.40494E+02  0.00000E+00  0.00000E+00    442  0.00000E+00      0.000
       4.1930 -0.50000E+01  0.00000E+00 -0.50000E+01  0.00000E+00 -0.50000E+01 -0.20965E+02  0.00000E+00 -0.20965E+02  0.00000E+00 -0.20995E+02 -0.10770E+02  0.00000E+00 -0.10770E+02  0.00000E+00  0.00000E+00  0.40494E+02  0.00000E+00  0.00000E+00    443  0.00000E+00      0.000
       4.2025 -0.50000E+01  0.00000E+00 -0.50000E+01  0.00000E+00 -0.50000E+01 -0.21013E+02  0.00000E+00 -0.21013E+02  0.00000E+00 -0.21043E+02 -0.10770E+02  0.00000E+00 -0.10770E+02  0.00000E+00  0.00000E+00  0.40494E+02  0.00000E+00  0.00000E+00    444  0.00000E+00      0.000
       4.2120 -0.50000E+01  0.00000E+00 -0.50000E+01  0.00000E+00 -0.50000E+01 -0.21060E+02  0.00000E+00 -0.21060E+02  0.00000E+00 -0.21090E+02 -0.10770E+02  0.00000E+00 -0.10770E+02  0.00000E+00  0.00000E+00  0.40494E+02  0.00000E+00  0.00000E+00    445  0.00000E+00      0.000
       4.2215 -0.50000E+01  0.00000E+00 -0.50000E+01  0.00000E+00 -0.50000E+01 -0.21108E+02  0.00000E+00 -0.21108E+02  0.00000E+00 -0.21138E+02 -0.10770E+02  0.00000E+00 -0.10770E+02  0.00000E+00  0.00000E+00  0.40494E+02  0.00000E+00  0.00000E+00    446  0.00000E+00      0.000
       4.2310 -0.50000E+01  0.00000E+00 -0.50000E+01  0.00000E+00 -0.50000E+01 -0.21155E+02  0.00000E+00 -0.21155E+02  0.00000E+00 -0.21185E+02 -0.10770E+02  0.00000E+00 -0.10770E+02  0.00000E+00  0.00000E+00  0.40494E+02  0.00000E+00  0.00000E+00    447  0.00000E+00      0.000
       4.2405 -0.50000E+01  0.00000E+00 -0.50000E+01  0.00000E+00 -0.50000E+01 -0.21203E+02  0.00000E+00 -0.21203E+02  0.00000E+00 -0.21233E+02 -0.10770E+02  0.00000E+00 -0.10770E+02  0.00000E+00  0.00000E+00  0.40494E+02  0.00000E+00  0.00000E+00    448  0.00000E+00      0.000
       4.2500 -0.50000E+01  0.00000E+00 -0.50000E+01  0.00000E+00 -0.50000E+01 -0.21250E+02  0.00000E+00 -0.21250E+02  0.00000E+00 -0.21280E+02 -0.10770E+02  0.00000E+00 -0.10770E+02  0.00000E+00  0.00000E+00  0.40494E+02  0.00000E+00  0.00000E+00    449  0.00000E+00      0.000
       4.2600 -0.50000E+01  0.00000E+00 -0.50000E+01  0.00000E+00 -0.50000E+01 -0.21300E+02  0.00000E+00 -0.21300E+02  0.00000E+00 -0.21330E+02 -0.10770E+02  0.00000E+00 -0.10770E+02  0.00000E+00  0.00000E+00  0.40494E+02  0.00000E+00  0.00000E+00    450  0.00000E+00      0.000
       4.2700 -0.50000E+01  0.00000E+00 -0.50000E+01  0.00000E+00 -0.50000E+01 -0.21350E+02  0.00000E+00 -0.21350E+02  0.00000E+00 -0.21380E+02 -0.10770E+02  0.00000E+00 -0.10770E+02  0.00000E+00  0.00000E+00  0.40494E+02  0.00000E+00  0.00000E+00    451  0.00000E+00      0.000
       4.2800 -0.50000E+01  0.00000E+00 -0.50000E+01  0.00000E+00 -0.50000E+01 -0.21400E+02  0.00000E+00 -0.21400E+02  0.00000E+00 -0.21430E+02 -0.10770E+02  0.00000E+00 -0.10770E+02  0.00000E+00  0.00000E+00  0.40494E+02  0.00000E+00  0.00000E+00    452  0.00000E+00      0.000
       4.2895 -0.50000E+01  0.00000E+00 -0.50000E+01  0.00000E+00 -0.50000E+01 -0.21448E+02  0.00000E+00 -0.21448E+02  0.00000E+00 -0.21478E+02 -0.10770E+02  0.00000E+00 -0.10770E+02  0.00000E+00  0.00000E+00  0.40494E+02  0.00000E+00  0.00000E+00    453  0.00000E+00      0.000
       4.2990 -0.50000E+01  0.00000E+00 -0.50000E+01  0.00000E+00 -0.50000E+01 -0.21495E+02  0.00000E+00 -0.21495E+02  0.00000E+00 -0.21525E+02 -0.10770E+02  0.00000E+00 -0.10770E+02  0.00000E+00  0.00000E+00  0.40494E+02  0.00000E+00  0.00000E+00    454  0.00000E+00      0.000
       4.3085 -0.50000E+01  0.00000E+00 -0.50000E+01  0.00000E+00 -0.50000E+01 -0.21543E+02  0.00000E+00 -0.21543E+02  0.00000E+00 -0.21573E+02 -0.10770E+02  0.00000E+00 -0.10770E+02  0.00000E+00  0.00000E+00  0.40494E+02  0.00000E+00  0.00000E+00    455  0.00000E+00      0.000
       4.3180 -0.50000E+01  0.00000E+00 -0.50000E+01  0.00000E+00 -0.50000E+01 -0.21590E+02  0.00000E+00 -0.21590E+02  0.00000E+00 -0.21620E+02 -0.10770E+02  0.00000E+00 -0.10770E+02  0.00000E+00  0.00000E+00  0.40494E+02  0.00000E+00  0.00000E+00    456  0.00000E+00      0.000
       4.3275 -0.50000E+01  0.00000E+00 -0.50000E+01  0.00000E+00 -0.50000E+01 -0.21638E+02  0.00000E+00 -0.21638E+02  0.00000E+00 -0.21668E+02 -0.10770E+02  0.00000E+00 -0.10770E+02  0.00000E+00  0.00000E+00  0.40494E+02  0.00000E+00  0.00000E+00    457  0.00000E+00      0.000
       4.3370 -0.50000E+01  0.00000E+00 -0.50000E+01  0.00000E+00 -0.50000E+01 -0.21685E+02  0.00000E+00 -0.21685E+02  0.00000E+00 -0.21715E+02 -0.10770E+02  0.00000E+00 -0.10770E+02  0.00000E+00  0.00000E+00  0.40494E+02  0.00000E+00  0.00000E+00    458  0.00000E+00      0.000
       4.3465 -0.50000E+01  0.00000E+00 -0.50000E+01  0.00000E+00 -0.50000E+01 -0.21733E+02  0.00000E+00 -0.21733E+02  0.00000E+00 -0.21763E+02 -0.10770E+02  0.00000E+00 -0.10770E+02  0.00000E+00  0.00000E+00  0.40494E+02  0.00000E+00  0.00000E+00    459  0.00000E+00      0.000
       4.3560 -0.50000E+01  0.00000E+00 -0.50000E+01  0.00000E+00 -0.50000E+01 -0.21780E+02  0.00000E+00 -0.21780E+02  0.00000E+00 -0.21810E+02 -0.10770E+02  0.00000E+00 -0.10770E+02  0.00000E+00  0.00000E+00  0.40494E+02  0.00000E+00  0.00000E+00    460  0.00000E+00      0.000
       4.3655 -0.50000E+01  0.00000E+00 -0.50000E+01  0.00000E+00 -0.50000E+01 -0.21828E+02  0.00000E+00 -0.21828E+02  0.00000E+00 -0.21858E+02 -0.10770E+02  0.00000E+00 -0.10770E+02  0.00000E+00  0.00000E+00  0.40494E+02  0.00000E+00  0.00000E+00    461  0.00000E+00      0.000
       4.3750 -0.50000E+01  0.00000E+00 -0.50000E+01  0.00000E+00 -0.50000E+01 -0.21875E+02  0.00000E+00 -0.21875E+02  0.00000E+00 -0.21905E+02 -0.10770E+02  0.00000E+00 -0.10770E+02  0.00000E+00  0.00000E+00  0.40494E+02  0.00000E+00  0.00000E+00    462  0.00000E+00      0.000
       4.3850 -0.50000E+01  0.00000E+00 -0.50000E+01  0.00000E+00 -0.50000E+01 -0.21925E+02  0.00000E+00 -0.21925E+02  0.00000E+00 -0.21955E+02 -0.10770E+02  0.00000E+00 -0.10770E+02  0.00000E+00  0.00000E+00  0.40494E+02  0.00000E+00  0.00000E+00    463  0.00000E+00      0.000
       4.3950 -0.50000E+01  0.00000E+00 -0.50000E+01  0.00000E+00 -0.50000E+01 -0.21975E+02  0.00000E+00 -0.21975E+02  0.00000E+00 -0.22005E+02 -0.10770E+02  0.00000E+00 -0.10770E+02  0.00000E+00  0.00000E+00  0.40494E+02  0.00000E+00  0.00000E+00    464  0.00000E+00      0.000
       4.4050 -0.50000E+01  0.00000E+00 -0.50000E+01  0.00000E+00 -0.50000E+01 -0.22025E+02  0.00000E+00 -0.22025E+02  0.00000E+00 -0.22055E+02 -0.10770E+02  0.00000E+00 -0.10770E+02  0.00000E+00  0.00000E+00  0.40494E+02  0.00000E+00  0.00000E+00    465  0.00000E+00      0.000
       4.4145 -0.50000E+01  0.00000E+00 -0.50000E+01  0.00000E+00 -0.50000E+01 -0.22073E+02  0.00000E+00 -0.22073E+02  0.00000E+00 -0.22103E+02 -0.10770E+02  0.00000E+00 -0.10770E+02  0.00000E+00  0.00000E+00  0.40494E+02  0.00000E+00  0.00000E+00    466  0.00000E+00      0.000
       4.4240 -0.50000E+01  0.00000E+00 -0.50000E+01  0.00000E+00 -0.50000E+01 -0.22120E+02  0.00000E+00 -0.22120E+02  0.00000E+00 -0.22150E+02 -0.10770E+02  0.00000E+00 -0.10770E+02  0.00000E+00  0.00000E+00  0.40494E+02  0.00000E+00  0.00000E+00    467  0.00000E+00      0.000
       4.4335 -0.50000E+01  0.00000E+00 -0.50000E+01  0.00000E+00 -0.50000E+01 -0.22168E+02  0.00000E+00 -0.22168E+02  0.00000E+00 -0.22198E+02 -0.10770E+02  0.00000E+00 -0.10770E+02  0.00000E+00  0.00000E+00  0.40494E+02  0.00000E+00  0.00000E+00    468  0.00000E+00      0.000
       4.4430 -0.50000E+01  0.00000E+00 -0.50000E+01  0.00000E+00 -0.50000E+01 -0.22215E+02  0.00000E+00 -0.22215E+02  0.00000E+00 -0.22245E+02 -0.10770E+02  0.00000E+00 -0.10770E+02  0.00000E+00  0.00000E+00  0.40494E+02  0.00000E+00  0.00000E+00    469  0.00000E+00      0.000
       4.4525 -0.50000E+01  0.00000E+00 -0.50000E+01  0.00000E+00 -0.50000E+01 -0.22263E+02  0.00000E+00 -0.22263E+02  0.00000E+00 -0.22293E+02 -0.10770E+02  0.00000E+00 -0.10770E+02  0.00000E+00  0.00000E+00  0.40494E+02  0.00000E+00  0.00000E+00    470  0.00000E+00      0.000
       4.4620 -0.50000E+01  0.00000E+00 -0.50000E+01  0.00000E+00 -0.50000E+01 -0.22310E+02  0.00000E+00 -0.22310E+02  0.00000E+00 -0.22340E+02 -0.10770E+02  0.00000E+00 -0.10770E+02  0.00000E+00  0.00000E+00  0.40494E+02  0.00000E+00  0.00000E+00    471  0.00000E+00      0.000
       4.4715 -0.50000E+01  0.00000E+00 -0.50000E+01  0.00000E+00 -0.50000E+01 -0.22358E+02  0.00000E+00 -0.22358E+02  0.00000E+00 -0.22388E+02 -0.10770E+02  0.00000E+00 -0.10770E+02  0.00000E+00  0.00000E+00  0.40494E+02  0.00000E+00  0.00000E+00    472  0.00000E+00      0.000
       4.4810 -0.50000E+01  0.00000E+00 -0.50000E+01  0.00000E+00 -0.50000E+01 -0.22405E+02  0.00000E+00 -0.22405E+02  0.00000E+00 -0.22435E+02 -0.10770E+02  0.00000E+00 -0.10770E+02  0.00000E+00  0.00000E+00  0.40494E+02  0.00000E+00  0.00000E+00    473  0.00000E+00      0.000
       4.4905 -0.50000E+01  0.00000E+00 -0.50000E+01  0.00000E+00 -0.50000E+01 -0.22453E+02  0.00000E+00 -0.22453E+02  0.00000E+00 -0.22483E+02 -0.10770E+02  0.00000E+00 -0.10770E+02  0.00000E+00  0.00000E+00  0.40494E+02  0.00000E+00  0.00000E+00    474  0.00000E+00      0.000
       4.5000 -0.50000E+01  0.00000E+00 -0.50000E+01  0.00000E+00 -0.50000E+01 -0.22500E+02  0.00000E+00 -0.22500E+02  0.00000E+00 -0.22530E+02 -0.10770E+02  0.00000E+00 -0.10770E+02  0.00000E+00  0.00000E+00  0.40494E+02  0.00000E+00  0.00000E+00    475  0.00000E+00      0.000
       4.5100 -0.50000E+01  0.00000E+00 -0.50000E+01  0.00000E+00 -0.50000E+01 -0.22550E+02  0.00000E+00 -0.22550E+02  0.00000E+00 -0.22580E+02 -0.10770E+02  0.00000E+00 -0.10770E+02  0.00000E+00  0.00000E+00  0.40494E+02  0.00000E+00  0.00000E+00    476  0.00000E+00      0.000
       4.5200 -0.50000E+01  0.00000E+00 -0.50000E+01  0.00000E+00 -0.50000E+01 -0.22600E+02  0.00000E+00 -0.22600E+02  0.00000E+00 -0.22630E+02 -0.10770E+02  0.00000E+00 -0.10770E+02  0.00000E+00  0.00000E+00  0.40494E+02  0.00000E+00  0.00000E+00    477  0.00000E+00      0.000
       4.5300 -0.50000E+01  0.00000E+00 -0.50000E+01  0.00000E+00 -0.50000E+01 -0.22650E+02  0.00000E+00 -0.22650E+02  0.00000E+00 -0.22680E+02 -0.10770E+02  0.00000E+00 -0.10770E+02  0.00000E+00  0.00000E+00  0.40494E+02  0.00000E+00  0.00000E+00    478  0.00000E+00      0.000
       4.5395 -0.50000E+01  0.00000E+00 -0.50000E+01  0.00000E+00 -0.50000E+01 -0.22698E+02  0.00000E+00 -0.22698E+02  0.00000E+00 -0.22728E+02 -0.10770E+02  0.00000E+00 -0.10770E+02  0.00000E+00  0.00000E+00  0.40494E+02  0.00000E+00  0.00000E+00    479  0.00000E+00      0.000
       4.5490 -0.50000E+01  0.00000E+00 -0.50000E+01  0.00000E+00 -0.50000E+01 -0.22745E+02  0.00000E+00 -0.22745E+02  0.00000E+00 -0.22775E+02 -0.10770E+02  0.00000E+00 -0.10770E+02  0.00000E+00  0.00000E+00  0.40494E+02  0.00000E+00  0.00000E+00    480  0.00000E+00      0.000
       4.5585 -0.50000E+01  0.00000E+00 -0.50000E+01  0.00000E+00 -0.50000E+01 -0.22793E+02  0.00000E+00 -0.22793E+02  0.00000E+00 -0.22823E+02 -0.10770E+02  0.00000E+00 -0.10770E+02  0.00000E+00  0.00000E+00  0.40494E+02  0.00000E+00  0.00000E+00    481  0.00000E+00      0.000
       4.5680 -0.50000E+01  0.00000E+00 -0.50000E+01  0.00000E+00 -0.50000E+01 -0.22840E+02  0.00000E+00 -0.22840E+02  0.00000E+00 -0.22870E+02 -0.10770E+02  0.00000E+00 -0.10770E+02  0.00000E+00  0.00000E+00  0.40494E+02  0.00000E+00  0.00000E+00    482  0.00000E+00      0.000
       4.5775 -0.50000E+01  0.00000E+00 -0.50000E+01  0.00000E+00 -0.50000E+01 -0.22888E+02  0.00000E+00 -0.22888E+02  0.00000E+00 -0.22918E+02 -0.10770E+02  0.00000E+00 -0.10770E+02  0.00000E+00  0.00000E+00  0.40494E+02  0.00000E+00  0.00000E+00    483  0.00000E+00      0.000
       4.5870 -0.50000E+01  0.00000E+00 -0.50000E+01  0.00000E+00 -0.50000E+01 -0.22935E+02  0.00000E+00 -0.22935E+02  0.00000E+00 -0.22965E+02 -0.10770E+02  0.00000E+00 -0.10770E+02  0.00000E+00  0.00000E+00  0.40494E+02  0.00000E+00  0.00000E+00    484  0.00000E+00      0.000
       4.5965 -0.50000E+01  0.00000E+00 -0.50000E+01  0.00000E+00 -0.50000E+01 -0.22983E+02  0.00000E+00 -0.22983E+02  0.00000E+00 -0.23013E+02 -0.10770E+02  0.00000E+00 -0.10770E+02  0.00000E+00  0.00000E+00  0.40494E+02  0.00000E+00  0.00000E+00    485  0.00000E+00      0.000
       4.6060 -0.50000E+01  0.00000E+00 -0.50000E+01  0.00000E+00 -0.50000E+01 -0.23030E+02  0.00000E+00 -0.23030E+02  0.00000E+00 -0.23060E+02 -0.10770E+02  0.00000E+00 -0.10770E+02  0.00000E+00  0.00000E+00  0.40494E+02  0.00000E+00  0.00000E+00    486  0.00000E+00      0.000
       4.6155 -0.50000E+01  0.00000E+00 -0.50000E+01  0.00000E+00 -0.50000E+01 -0.23078E+02  0.00000E+00 -0.23078E+02  0.00000E+00 -0.23108E+02 -0.10770E+02  0.00000E+00 -0.10770E+02  0.00000E+00  0.00000E+00  0.40494E+02  0.00000E+00  0.00000E+00    487  0.00000E+00      0.000
       4.6250 -0.50000E+01  0.00000E+00 -0.50000E+01  0.00000E+00 -0.50000E+01 -0.23125E+02  0.00000E+00 -0.23125E+02  0.00000E+00 -0.23155E+02 -0.10770E+02  0.00000E+00 -0.10770E+02  0.00000E+00  0.00000E+00  0.40494E+02  0.00000E+00  0.00000E+00    488  0.00000E+00      0.000
       4.6350 -0.50000E+01  0.00000E+00 -0.50000E+01  0.00000E+00 -0.50000E+01 -0.23175E+02  0.00000E+00 -0.23175E+02  0.00000E+00 -0.23205E+02 -0.10770E+02  0.00000E+00 -0.10770E+02  0.00000E+00  0.00000E+00  0.40494E+02  0.00000E+00  0.00000E+00    489  0.00000E+00      0.000
       4.6450 -0.50000E+01  0.00000E+00 -0.50000E+01  0.00000E+00 -0.50000E+01 -0.23225E+02  0.00000E+00 -0.23225E+02  0.00000E+00 -0.23255E+02 -0.10770E+02  0.00000E+00 -0.10770E+02  0.00000E+00  0.00000E+00  0.40494E+02  0.00000E+00  0.00000E+00    490  0.00000E+00      0.000
       4.6550 -0.50000E+01  0.00000E+00 -0.50000E+01  0.00000E+00 -0.50000E+01 -0.23275E+02  0.00000E+00 -0.23275E+02  0.00000E+00 -0.23305E+02 -0.10770E+02  0.00000E+00 -0.10770E+02  0.00000E+00  0.00000E+00  0.40494E+02  0.00000E+00  0.00000E+00    491  0.00000E+00      0.000
       4.6645 -0.50000E+01  0.00000E+00 -0.50000E+01  0.00000E+00 -0.50000E+01 -0.23323E+02  0.00000E+00 -0.23323E+02  0.00000E+00 -0.23353E+02 -0.10770E+02  0.00000E+00 -0.10770E+02  0.00000E+00  0.00000E+00  0.40494E+02  0.00000E+00  0.00000E+00    492  0.00000E+00      0.000
       4.6740 -0.50000E+01  0.00000E+00 -0.50000E+01  0.00000E+00 -0.50000E+01 -0.23370E+02  0.00000E+00 -0.23370E+02  0.00000E+00 -0.23400E+02 -0.10770E+02  0.00000E+00 -0.10770E+02  0.00000E+00  0.00000E+00  0.40494E+02  0.00000E+00  0.00000E+00    493  0.00000E+00      0.000
       4.6835 -0.50000E+01  0.00000E+00 -0.50000E+01  0.00000E+00 -0.50000E+01 -0.23418E+02  0.00000E+00 -0.23418E+02  0.00000E+00 -0.23448E+02 -0.10770E+02  0.00000E+00 -0.10770E+02  0.00000E+00  0.00000E+00  0.40494E+02  0.00000E+00  0.00000E+00    494  0.00000E+00      0.000
       4.6930 -0.50000E+01  0.00000E+00 -0.50000E+01  0.00000E+00 -0.50000E+01 -0.23465E+02  0.00000E+00 -0.23465E+02  0.00000E+00 -0.23495E+02 -0.10770E+02  0.00000E+00 -0.10770E+02  0.00000E+00  0.00000E+00  0.40494E+02  0.00000E+00  0.00000E+00    495  0.00000E+00      0.000
       4.7025 -0.50000E+01  0.00000E+00 -0.50000E+01  0.00000E+00 -0.50000E+01 -0.23513E+02  0.00000E+00 -0.23513E+02  0.00000E+00 -0.23543E+02 -0.10770E+02  0.00000E+00 -0.10770E+02  0.00000E+00  0.00000E+00  0.40494E+02  0.00000E+00  0.00000E+00    496  0.00000E+00      0.000
       4.7120 -0.50000E+01  0.00000E+00 -0.50000E+01  0.00000E+00 -0.50000E+01 -0.23560E+02  0.00000E+00 -0.23560E+02  0.00000E+00 -0.23590E+02 -0.10770E+02  0.00000E+00 -0.10770E+02  0.00000E+00  0.00000E+00  0.40494E+02  0.00000E+00  0.00000E+00    497  0.00000E+00      0.000
       4.7215 -0.50000E+01  0.00000E+00 -0.50000E+01  0.00000E+00 -0.50000E+01 -0.23608E+02  0.00000E+00 -0.23608E+02  0.00000E+00 -0.23638E+02 -0.10770E+02  0.00000E+00 -0.10770E+02  0.00000E+00  0.00000E+00  0.40494E+02  0.00000E+00  0.00000E+00    498  0.00000E+00      0.000
       4.7310 -0.50000E+01  0.00000E+00 -0.50000E+01  0.00000E+00 -0.50000E+01 -0.23655E+02  0.00000E+00 -0.23655E+02  0.00000E+00 -0.23685E+02 -0.10770E+02  0.00000E+00 -0.10770E+02  0.00000E+00  0.00000E+00  0.40494E+02  0.00000E+00  0.00000E+00    499  0.00000E+00      0.000
       4.7405 -0.50000E+01  0.00000E+00 -0.50000E+01  0.00000E+00 -0.50000E+01 -0.23703E+02  0.00000E+00 -0.23703E+02  0.00000E+00 -0.23733E+02 -0.10770E+02  0.00000E+00 -0.10770E+02  0.00000E+00  0.00000E+00  0.40494E+02  0.00000E+00  0.00000E+00    500  0.00000E+00      0.000
       4.7500 -0.50000E+01  0.00000E+00 -0.50000E+01  0.00000E+00 -0.50000E+01 -0.23750E+02  0.00000E+00 -0.23750E+02  0.00000E+00 -0.23780E+02 -0.10770E+02  0.00000E+00 -0.10770E+02  0.00000E+00  0.00000E+00  0.40494E+02  0.00000E+00  0.00000E+00    501  0.00000E+00      0.000
       4.7600 -0.50000E+01  0.00000E+00 -0.50000E+01  0.00000E+00 -0.50000E+01 -0.23800E+02  0.00000E+00 -0.23800E+02  0.00000E+00 -0.23830E+02 -0.10770E+02  0.00000E+00 -0.10770E+02  0.00000E+00  0.00000E+00  0.40494E+02  0.00000E+00  0.00000E+00    502  0.00000E+00      0.000
       4.7700 -0.50000E+01  0.00000E+00 -0.50000E+01  0.00000E+00 -0.50000E+01 -0.23850E+02  0.00000E+00 -0.23850E+02  0.00000E+00 -0.23880E+02 -0.10770E+02  0.00000E+00 -0.10770E+02  0.00000E+00  0.00000E+00  0.40494E+02  0.00000E+00  0.00000E+00    503  0.00000E+00      0.000
       4.7800 -0.50000E+01  0.00000E+00 -0.50000E+01  0.00000E+00 -0.50000E+01 -0.23900E+02  0.00000E+00 -0.23900E+02  0.00000E+00 -0.23930E+02 -0.10770E+02  0.00000E+00 -0.10770E+02  0.00000E+00  0.00000E+00  0.40494E+02  0.00000E+00  0.00000E+00    504  0.00000E+00      0.000
       4.7895 -0.50000E+01  0.00000E+00 -0.50000E+01  0.00000E+00 -0.50000E+01 -0.23948E+02  0.00000E+00 -0.23948E+02  0.00000E+00 -0.23978E+02 -0.10770E+02  0.00000E+00 -0.10770E+02  0.00000E+00  0.00000E+00  0.40494E+02  0.00000E+00  0.00000E+00    505  0.00000E+00      0.000
       4.7990 -0.50000E+01  0.00000E+00 -0.50000E+01  0.00000E+00 -0.50000E+01 -0.23995E+02  0.00000E+00 -0.23995E+02  0.00000E+00 -0.24025E+02 -0.10770E+02  0.00000E+00 -0.10770E+02  0.00000E+00  0.00000E+00  0.40494E+02  0.00000E+00  0.00000E+00    506  0.00000E+00      0.000
       4.8085 -0.50000E+01  0.00000E+00 -0.50000E+01  0.00000E+00 -0.50000E+01 -0.24043E+02  0.00000E+00 -0.24043E+02  0.00000E+00 -0.24073E+02 -0.10770E+02  0.00000E+00 -0.10770E+02  0.00000E+00  0.00000E+00  0.40494E+02  0.00000E+00  0.00000E+00    507  0.00000E+00      0.000
       4.8180 -0.50000E+01  0.00000E+00 -0.50000E+01  0.00000E+00 -0.50000E+01 -0.24090E+02  0.00000E+00 -0.24090E+02  0.00000E+00 -0.24120E+02 -0.10770E+02  0.00000E+00 -0.10770E+02  0.00000E+00  0.00000E+00  0.40494E+02  0.00000E+00  0.00000E+00    508  0.00000E+00      0.000
       4.8275 -0.50000E+01  0.00000E+00 -0.50000E+01  0.00000E+00 -0.50000E+01 -0.24138E+02  0.00000E+00 -0.24138E+02  0.00000E+00 -0.24168E+02 -0.10770E+02  0.00000E+00 -0.10770E+02  0.00000E+00  0.00000E+00  0.40494E+02  0.00000E+00  0.00000E+00    509  0.00000E+00      0.000
       4.8370 -0.50000E+01  0.00000E+00 -0.50000E+01  0.00000E+00 -0.50000E+01 -0.24185E+02  0.00000E+00 -0.24185E+02  0.00000E+00 -0.24215E+02 -0.10770E+02  0.00000E+00 -0.10770E+02  0.00000E+00  0.00000E+00  0.40494E+02  0.00000E+00  0.00000E+00    510  0.00000E+00      0.000
       4.8465 -0.50000E+01  0.00000E+00 -0.50000E+01  0.00000E+00 -0.50000E+01 -0.24233E+02  0.00000E+00 -0.24233E+02  0.00000E+00 -0.24263E+02 -0.10770E+02  0.00000E+00 -0.10770E+02  0.00000E+00  0.00000E+00  0.40494E+02  0.00000E+00  0.00000E+00    511  0.00000E+00      0.000
       4.8560 -0.50000E+01  0.00000E+00 -0.50000E+01  0.00000E+00 -0.50000E+01 -0.24280E+02  0.00000E+00 -0.24280E+02  0.00000E+00 -0.24310E+02 -0.10770E+02  0.00000E+00 -0.10770E+02  0.00000E+00  0.00000E+00  0.40494E+02  0.00000E+00  0.00000E+00    512  0.00000E+00      0.000
       4.8655 -0.50000E+01  0.00000E+00 -0.50000E+01  0.00000E+00 -0.50000E+01 -0.24328E+02  0.00000E+00 -0.24328E+02  0.00000E+00 -0.24358E+02 -0.10770E+02  0.00000E+00 -0.10770E+02  0.00000E+00  0.00000E+00  0.40494E+02  0.00000E+00  0.00000E+00    513  0.00000E+00      0.000
       4.8750 -0.50000E+01  0.00000E+00 -0.50000E+01  0.00000E+00 -0.50000E+01 -0.24375E+02  0.00000E+00 -0.24375E+02  0.00000E+00 -0.24405E+02 -0.10770E+02  0.00000E+00 -0.10770E+02  0.00000E+00  0.00000E+00  0.40494E+02  0.00000E+00  0.00000E+00    514  0.00000E+00      0.000
       4.8850 -0.50000E+01  0.00000E+00 -0.50000E+01  0.00000E+00 -0.50000E+01 -0.24425E+02  0.00000E+00 -0.24425E+02  0.00000E+00 -0.24455E+02 -0.10770E+02  0.00000E+00 -0.10770E+02  0.00000E+00  0.00000E+00  0.40494E+02  0.00000E+00  0.00000E+00    515  0.00000E+00      0.000
       4.8950 -0.50000E+01  0.00000E+00 -0.50000E+01  0.00000E+00 -0.50000E+01 -0.24475E+02  0.00000E+00 -0.24475E+02  0.00000E+00 -0.24505E+02 -0.10770E+02  0.00000E+00 -0.10770E+02  0.00000E+00  0.00000E+00  0.40494E+02  0.00000E+00  0.00000E+00    516  0.00000E+00      0.000
       4.9050 -0.50000E+01  0.00000E+00 -0.50000E+01  0.00000E+00 -0.50000E+01 -0.24525E+02  0.00000E+00 -0.24525E+02  0.00000E+00 -0.24555E+02 -0.10770E+02  0.00000E+00 -0.10770E+02  0.00000E+00  0.00000E+00  0.40494E+02  0.00000E+00  0.00000E+00    517  0.00000E+00      0.000
       4.9145 -0.50000E+01  0.00000E+00 -0.50000E+01  0.00000E+00 -0.50000E+01 -0.24573E+02  0.00000E+00 -0.24573E+02  0.00000E+00 -0.24603E+02 -0.10770E+02  0.00000E+00 -0.10770E+02  0.00000E+00  0.00000E+00  0.40494E+02  0.00000E+00  0.00000E+00    518  0.00000E+00      0.000
       4.9240 -0.50000E+01  0.00000E+00 -0.50000E+01  0.00000E+00 -0.50000E+01 -0.24620E+02  0.00000E+00 -0.24620E+02  0.00000E+00 -0.24650E+02 -0.10770E+02  0.00000E+00 -0.10770E+02  0.00000E+00  0.00000E+00  0.40494E+02  0.00000E+00  0.00000E+00    519  0.00000E+00      0.000
       4.9335 -0.50000E+01  0.00000E+00 -0.50000E+01  0.00000E+00 -0.50000E+01 -0.24668E+02  0.00000E+00 -0.24668E+02  0.00000E+00 -0.24698E+02 -0.10770E+02  0.00000E+00 -0.10770E+02  0.00000E+00  0.00000E+00  0.40494E+02  0.00000E+00  0.00000E+00    520  0.00000E+00      0.000
       4.9430 -0.50000E+01  0.00000E+00 -0.50000E+01  0.00000E+00 -0.50000E+01 -0.24715E+02  0.00000E+00 -0.24715E+02  0.00000E+00 -0.24745E+02 -0.10770E+02  0.00000E+00 -0.10770E+02  0.00000E+00  0.00000E+00  0.40494E+02  0.00000E+00  0.00000E+00    521  0.00000E+00      0.000
       4.9525 -0.50000E+01  0.00000E+00 -0.50000E+01  0.00000E+00 -0.50000E+01 -0.24763E+02  0.00000E+00 -0.24763E+02  0.00000E+00 -0.24793E+02 -0.10770E+02  0.00000E+00 -0.10770E+02  0.00000E+00  0.00000E+00  0.40494E+02  0.00000E+00  0.00000E+00    522  0.00000E+00      0.000
       4.9620 -0.50000E+01  0.00000E+00 -0.50000E+01  0.00000E+00 -0.50000E+01 -0.24810E+02  0.00000E+00 -0.24810E+02  0.00000E+00 -0.24840E+02 -0.10770E+02  0.00000E+00 -0.10770E+02  0.00000E+00  0.00000E+00  0.40494E+02  0.00000E+00  0.00000E+00    523  0.00000E+00      0.000
       4.9715 -0.50000E+01  0.00000E+00 -0.50000E+01  0.00000E+00 -0.50000E+01 -0.24858E+02  0.00000E+00 -0.24858E+02  0.00000E+00 -0.24888E+02 -0.10770E+02  0.00000E+00 -0.10770E+02  0.00000E+00  0.00000E+00  0.40494E+02  0.00000E+00  0.00000E+00    524  0.00000E+00      0.000
       4.9810 -0.50000E+01  0.00000E+00 -0.50000E+01  0.00000E+00 -0.50000E+01 -0.24905E+02  0.00000E+00 -0.24905E+02  0.00000E+00 -0.24935E+02 -0.10770E+02  0.00000E+00 -0.10770E+02  0.00000E+00  0.00000E+00  0.40494E+02  0.00000E+00  0.00000E+00    525  0.00000E+00      0.000
       4.9905 -0.50000E+01  0.00000E+00 -0.50000E+01  0.00000E+00 -0.50000E+01 -0.24953E+02  0.00000E+00 -0.24953E+02  0.00000E+00 -0.24983E+02 -0.10770E+02  0.00000E+00 -0.10770E+02  0.00000E+00  0.00000E+00  0.40494E+02  0.00000E+00  0.00000E+00    526  0.00000E+00      0.000
       5.0000 -0.50000E+01  0.00000E+00 -0.50000E+01  0.00000E+00 -0.50000E+01 -0.25000E+02  0.00000E+00 -0.25000E+02  0.00000E+00 -0.25030E+02 -0.10770E+02  0.00000E+00 -0.10770E+02  0.00000E+00  0.00000E+00  0.40494E+02  0.00000E+00  0.00000E+00    527  0.00000E+00      0.000
end
