 ******* Program HYDRUS
 ******* Infiltration submergee, sable 0-30 cm sur loam 30-100 cm                
 Date:   0. 0.    Time: 512:**:**
 Units: L = cm   , T = days , M = g    


 Time:        0.0000


 Node      Depth      Head Moisture       K          C         Flux        Sink         Kappa   v/KsTop   Temp
           [L]        [L]    [-]        [L/T]      [1/L]      [L/T]        [1/T]         [-]      [-]      [C]

   1     0.0000       0.000 0.4300   0.7128E+03  0.0000E+00 -0.7164E+05  0.0000E+00      -1  -0.100E+03   20.00
   2    -1.0000    -200.000 0.0464   0.2725E-06  0.1168E-04 -0.3582E+05  0.0000E+00      -1  -0.502E+02   20.00
   3    -2.0000    -200.000 0.0464   0.2725E-06  0.1168E-04 -0.2725E-06  0.0000E+00      -1  -0.382E-09   20.00
   4    -3.0000    -200.000 0.0464   0.2725E-06  0.1168E-04 -0.2725E-06  0.0000E+00      -1  -0.382E-09   20.00
   5    -4.0000    -200.000 0.0464   0.2725E-06  0.1168E-04 -0.2725E-06  0.0000E+00      -1  -0.382E-09   20.00
   6    -5.0000    -200.000 0.0464   0.2725E-06  0.1168E-04 -0.2725E-06  0.0000E+00      -1  -0.382E-09   20.00
   7    -6.0000    -200.000 0.0464   0.2725E-06  0.1168E-04 -0.2725E-06  0.0000E+00      -1  -0.382E-09   20.00
   8    -7.0000    -200.000 0.0464   0.2725E-06  0.1168E-04 -0.2725E-06  0.0000E+00      -1  -0.382E-09   20.00
   9    -8.0000    -200.000 0.0464   0.2725E-06  0.1168E-04 -0.2725E-06  0.0000E+00      -1  -0.382E-09   20.00
  10    -9.0000    -200.000 0.0464   0.2725E-06  0.1168E-04 -0.2725E-06  0.0000E+00      -1  -0.382E-09   20.00
  11   -10.0000    -200.000 0.0464   0.2725E-06  0.1168E-04 -0.2725E-06  0.0000E+00      -1  -0.382E-09   20.00
  12   -11.0000    -200.000 0.0464   0.2725E-06  0.1168E-04 -0.2725E-06  0.0000E+00      -1  -0.382E-09   20.00
  13   -12.0000    -200.000 0.0464   0.2725E-06  0.1168E-04 -0.2725E-06  0.0000E+00      -1  -0.382E-09   20.00
  14   -13.0000    -200.000 0.0464   0.2725E-06  0.1168E-04 -0.2725E-06  0.0000E+00      -1  -0.382E-09   20.00
  15   -14.0000    -200.000 0.0464   0.2725E-06  0.1168E-04 -0.2725E-06  0.0000E+00      -1  -0.382E-09   20.00
  16   -15.0000    -200.000 0.0464   0.2725E-06  0.1168E-04 -0.2725E-06  0.0000E+00      -1  -0.382E-09   20.00
  17   -16.0000    -200.000 0.0464   0.2725E-06  0.1168E-04 -0.2725E-06  0.0000E+00      -1  -0.382E-09   20.00
  18   -17.0000    -200.000 0.0464   0.2725E-06  0.1168E-04 -0.2725E-06  0.0000E+00      -1  -0.382E-09   20.00
  19   -18.0000    -200.000 0.0464   0.2725E-06  0.1168E-04 -0.2725E-06  0.0000E+00      -1  -0.382E-09   20.00
  20   -19.0000    -200.000 0.0464   0.2725E-06  0.1168E-04 -0.2725E-06  0.0000E+00      -1  -0.382E-09   20.00
  21   -20.0000    -200.000 0.0464   0.2725E-06  0.1168E-04 -0.2725E-06  0.0000E+00      -1  -0.382E-09   20.00
  22   -21.0000    -200.000 0.0464   0.2725E-06  0.1168E-04 -0.2725E-06  0.0000E+00      -1  -0.382E-09   20.00
  23   -22.0000    -200.000 0.0464   0.2725E-06  0.1168E-04 -0.2725E-06  0.0000E+00      -1  -0.382E-09   20.00
  24   -23.0000    -200.000 0.0464   0.2725E-06  0.1168E-04 -0.2725E-06  0.0000E+00      -1  -0.382E-09   20.00
  25   -24.0000    -200.000 0.0464   0.2725E-06  0.1168E-04 -0.2725E-06  0.0000E+00      -1  -0.382E-09   20.00
  26   -25.0000    -200.000 0.0464   0.2725E-06  0.1168E-04 -0.2725E-06  0.0000E+00      -1  -0.382E-09   20.00
  27   -26.0000    -200.000 0.0464   0.2725E-06  0.1168E-04 -0.2725E-06  0.0000E+00      -1  -0.382E-09   20.00
  28   -27.0000    -200.000 0.0464   0.2725E-06  0.1168E-04 -0.2725E-06  0.0000E+00      -1  -0.382E-09   20.00
  29   -28.0000    -200.000 0.0464   0.2725E-06  0.1168E-04 -0.2725E-06  0.0000E+00      -1  -0.382E-09   20.00
  30   -29.0000    -200.000 0.0464   0.2725E-06  0.1168E-04 -0.2725E-06  0.0000E+00      -1  -0.382E-09   20.00
  31   -30.0000    -200.000 0.0464   0.2725E-06  0.1168E-04 -0.9559E-03  0.0000E+00      -1  -0.134E-05   20.00
  32   -31.0000    -200.000 0.1930   0.3823E-02  0.3109E-03 -0.2867E-02  0.0000E+00      -1  -0.402E-05   20.00
  33   -32.0000    -200.000 0.1930   0.3823E-02  0.3109E-03 -0.3823E-02  0.0000E+00      -1  -0.536E-05   20.00
  34   -33.0000    -200.000 0.1930   0.3823E-02  0.3109E-03 -0.3823E-02  0.0000E+00      -1  -0.536E-05   20.00
  35   -34.0000    -200.000 0.1930   0.3823E-02  0.3109E-03 -0.3823E-02  0.0000E+00      -1  -0.536E-05   20.00
  36   -35.0000    -200.000 0.1930   0.3823E-02  0.3109E-03 -0.3823E-02  0.0000E+00      -1  -0.536E-05   20.00
  37   -36.0000    -200.000 0.1930   0.3823E-02  0.3109E-03 -0.3823E-02  0.0000E+00      -1  -0.536E-05   20.00
  38   -37.0000    -200.000 0.1930   0.3823E-02  0.3109E-03 -0.3823E-02  0.0000E+00      -1  -0.536E-05   20.00
  39   -38.0000    -200.000 0.1930   0.3823E-02  0.3109E-03 -0.3823E-02  0.0000E+00      -1  -0.536E-05   20.00
  40   -39.0000    -200.000 0.1930   0.3823E-02  0.3109E-03 -0.3823E-02  0.0000E+00      -1  -0.536E-05   20.00
  41   -40.0000    -200.000 0.1930   0.3823E-02  0.3109E-03 -0.3823E-02  0.0000E+00      -1  -0.536E-05   20.00
  42   -41.0000    -200.000 0.1930   0.3823E-02  0.3109E-03 -0.3823E-02  0.0000E+00      -1  -0.536E-05   20.00
  43   -42.0000    -200.000 0.1930   0.3823E-02  0.3109E-03 -0.3823E-02  0.0000E+00      -1  -0.536E-05   20.00
  44   -43.0000    -200.000 0.1930   0.3823E-02  0.3109E-03 -0.3823E-02  0.0000E+00      -1  -0.536E-05   20.00
  45   -44.0000    -200.000 0.1930   0.3823E-02  0.3109E-03 -0.3823E-02  0.0000E+00      -1  -0.536E-05   20.00
  46   -45.0000    -200.000 0.1930   0.3823E-02  0.3109E-03 -0.3823E-02  0.0000E+00      -1  -0.536E-05   20.00
  47   -46.0000    -200.000 0.1930   0.3823E-02  0.3109E-03 -0.3823E-02  0.0000E+00      -1  -0.536E-05   20.00
  48   -47.0000    -200.000 0.1930   0.3823E-02  0.3109E-03 -0.3823E-02  0.0000E+00      -1  -0.536E-05   20.00
  49   -48.0000    -200.000 0.1930   0.3823E-02  0.3109E-03 -0.3823E-02  0.0000E+00      -1  -0.536E-05   20.00
  50   -49.0000    -200.000 0.1930   0.3823E-02  0.3109E-03 -0.3823E-02  0.0000E+00      -1  -0.536E-05   20.00
  51   -50.0000    -200.000 0.1930   0.3823E-02  0.3109E-03 -0.3823E-02  0.0000E+00      -1  -0.536E-05   20.00
  52   -51.0000    -200.000 0.1930   0.3823E-02  0.3109E-03 -0.3823E-02  0.0000E+00      -1  -0.536E-05   20.00
  53   -52.0000    -200.000 0.1930   0.3823E-02  0.3109E-03 -0.3823E-02  0.0000E+00      -1  -0.536E-05   20.00
  54   -53.0000    -200.000 0.1930   0.3823E-02  0.3109E-03 -0.3823E-02  0.0000E+00      -1  -0.536E-05   20.00
  55   -54.0000    -200.000 0.1930   0.3823E-02  0.3109E-03 -0.3823E-02  0.0000E+00      -1  -0.536E-05   20.00
  56   -55.0000    -200.000 0.1930   0.3823E-02  0.3109E-03 -0.3823E-02  0.0000E+00      -1  -0.536E-05   20.00
  57   -56.0000    -200.000 0.1930   0.3823E-02  0.3109E-03 -0.3823E-02  0.0000E+00      -1  -0.536E-05   20.00
  58   -57.0000    -200.000 0.1930   0.3823E-02  0.3109E-03 -0.3823E-02  0.0000E+00      -1  -0.536E-05   20.00
  59   -58.0000    -200.000 0.1930   0.3823E-02  0.3109E-03 -0.3823E-02  0.0000E+00      -1  -0.536E-05   20.00
  60   -59.0000    -200.000 0.1930   0.3823E-02  0.3109E-03 -0.3823E-02  0.0000E+00      -1  -0.536E-05   20.00
  61   -60.0000    -200.000 0.1930   0.3823E-02  0.3109E-03 -0.3823E-02  0.0000E+00      -1  -0.536E-05   20.00
  62   -61.0000    -200.000 0.1930   0.3823E-02  0.3109E-03 -0.3823E-02  0.0000E+00      -1  -0.536E-05   20.00
  63   -62.0000    -200.000 0.1930   0.3823E-02  0.3109E-03 -0.3823E-02  0.0000E+00      -1  -0.536E-05   20.00
  64   -63.0000    -200.000 0.1930   0.3823E-02  0.3109E-03 -0.3823E-02  0.0000E+00      -1  -0.536E-05   20.00
  65   -64.0000    -200.000 0.1930   0.3823E-02  0.3109E-03 -0.3823E-02  0.0000E+00      -1  -0.536E-05   20.00
  66   -65.0000    -200.000 0.1930   0.3823E-02  0.3109E-03 -0.3823E-02  0.0000E+00      -1  -0.536E-05   20.00
  67   -66.0000    -200.000 0.1930   0.3823E-02  0.3109E-03 -0.3823E-02  0.0000E+00      -1  -0.536E-05   20.00
  68   -67.0000    -200.000 0.1930   0.3823E-02  0.3109E-03 -0.3823E-02  0.0000E+00      -1  -0.536E-05   20.00
  69   -68.0000    -200.000 0.1930   0.3823E-02  0.3109E-03 -0.3823E-02  0.0000E+00      -1  -0.536E-05   20.00
  70   -69.0000    -200.000 0.1930   0.3823E-02  0.3109E-03 -0.3823E-02  0.0000E+00      -1  -0.536E-05   20.00
  71   -70.0000    -200.000 0.1930   0.3823E-02  0.3109E-03 -0.3823E-02  0.0000E+00      -1  -0.536E-05   20.00
  72   -71.0000    -200.000 0.1930   0.3823E-02  0.3109E-03 -0.3823E-02  0.0000E+00      -1  -0.536E-05   20.00
  73   -72.0000    -200.000 0.1930   0.3823E-02  0.3109E-03 -0.3823E-02  0.0000E+00      -1  -0.536E-05   20.00
  74   -73.0000    -200.000 0.1930   0.3823E-02  0.3109E-03 -0.3823E-02  0.0000E+00      -1  -0.536E-05   20.00
  75   -74.0000    -200.000 0.1930   0.3823E-02  0.3109E-03 -0.3823E-02  0.0000E+00      -1  -0.536E-05   20.00
  76   -75.0000    -200.000 0.1930   0.3823E-02  0.3109E-03 -0.3823E-02  0.0000E+00      -1  -0.536E-05   20.00
  77   -76.0000    -200.000 0.1930   0.3823E-02  0.3109E-03 -0.3823E-02  0.0000E+00      -1  -0.536E-05   20.00
  78   -77.0000    -200.000 0.1930   0.3823E-02  0.3109E-03 -0.3823E-02  0.0000E+00      -1  -0.536E-05   20.00
  79   -78.0000    -200.000 0.1930   0.3823E-02  0.3109E-03 -0.3823E-02  0.0000E+00      -1  -0.536E-05   20.00
  80   -79.0000    -200.000 0.1930   0.3823E-02  0.3109E-03 -0.3823E-02  0.0000E+00      -1  -0.536E-05   20.00
  81   -80.0000    -200.000 0.1930   0.3823E-02  0.3109E-03 -0.3823E-02  0.0000E+00      -1  -0.536E-05   20.00
  82   -81.0000    -200.000 0.1930   0.3823E-02  0.3109E-03 -0.3823E-02  0.0000E+00      -1  -0.536E-05   20.00
  83   -82.0000    -200.000 0.1930   0.3823E-02  0.3109E-03 -0.3823E-02  0.0000E+00      -1  -0.536E-05   20.00
  84   -83.0000    -200.000 0.1930   0.3823E-02  0.3109E-03 -0.3823E-02  0.0000E+00      -1  -0.536E-05   20.00
  85   -84.0000    -200.000 0.1930   0.3823E-02  0.3109E-03 -0.3823E-02  0.0000E+00      -1  -0.536E-05   20.00
  86   -85.0000    -200.000 0.1930   0.3823E-02  0.3109E-03 -0.3823E-02  0.0000E+00      -1  -0.536E-05   20.00
  87   -86.0000    -200.000 0.1930   0.3823E-02  0.3109E-03 -0.3823E-02  0.0000E+00      -1  -0.536E-05   20.00
  88   -87.0000    -200.000 0.1930   0.3823E-02  0.3109E-03 -0.3823E-02  0.0000E+00      -1  -0.536E-05   20.00
  89   -88.0000    -200.000 0.1930   0.3823E-02  0.3109E-03 -0.3823E-02  0.0000E+00      -1  -0.536E-05   20.00
  90   -89.0000    -200.000 0.1930   0.3823E-02  0.3109E-03 -0.3823E-02  0.0000E+00      -1  -0.536E-05   20.00
  91   -90.0000    -200.000 0.1930   0.3823E-02  0.3109E-03 -0.3823E-02  0.0000E+00      -1  -0.536E-05   20.00
  92   -91.0000    -200.000 0.1930   0.3823E-02  0.3109E-03 -0.3823E-02  0.0000E+00      -1  -0.536E-05   20.00
  93   -92.0000    -200.000 0.1930   0.3823E-02  0.3109E-03 -0.3823E-02  0.0000E+00      -1  -0.536E-05   20.00
  94   -93.0000    -200.000 0.1930   0.3823E-02  0.3109E-03 -0.3823E-02  0.0000E+00      -1  -0.536E-05   20.00
  95   -94.0000    -200.000 0.1930   0.3823E-02  0.3109E-03 -0.3823E-02  0.0000E+00      -1  -0.536E-05   20.00
  96   -95.0000    -200.000 0.1930   0.3823E-02  0.3109E-03 -0.3823E-02  0.0000E+00      -1  -0.536E-05   20.00
  97   -96.0000    -200.000 0.1930   0.3823E-02  0.3109E-03 -0.3823E-02  0.0000E+00      -1  -0.536E-05   20.00
  98   -97.0000    -200.000 0.1930   0.3823E-02  0.3109E-03 -0.3823E-02  0.0000E+00      -1  -0.536E-05   20.00
  99   -98.0000    -200.000 0.1930   0.3823E-02  0.3109E-03 -0.3823E-02  0.0000E+00      -1  -0.536E-05   20.00
 100   -99.0000    -200.000 0.1930   0.3823E-02  0.3109E-03 -0.3823E-02  0.0000E+00      -1  -0.536E-05   20.00
 101  -100.0000    -200.000 0.1930   0.3823E-02  0.3109E-03 -0.3823E-02  0.0000E+00      -1  -0.536E-05   20.00
end


 Time:        0.0500


 Node      Depth      Head Moisture       K          C         Flux        Sink         Kappa   v/KsTop   Temp
           [L]        [L]    [-]        [L/T]      [1/L]      [L/T]        [1/T]         [-]      [-]      [C]

   1     0.0000       0.000 0.4300   0.7128E+03  0.0000E+00 -0.7082E+02  0.0000E+00      -1  -0.994E-01   20.00
   2    -1.0000       0.901 0.4300   0.7128E+03  0.0000E+00 -0.7082E+02  0.0000E+00      -1  -0.994E-01   20.00
   3    -2.0000       1.801 0.4300   0.7128E+03  0.0000E+00 -0.7082E+02  0.0000E+00      -1  -0.994E-01   20.00
   4    -3.0000       2.702 0.4300   0.7128E+03  0.0000E+00 -0.7082E+02  0.0000E+00      -1  -0.994E-01   20.00
   5    -4.0000       3.603 0.4300   0.7128E+03  0.0000E+00 -0.7082E+02  0.0000E+00      -1  -0.994E-01   20.00
   6    -5.0000       4.503 0.4300   0.7128E+03  0.0000E+00 -0.7082E+02  0.0000E+00      -1  -0.994E-01   20.00
   7    -6.0000       5.404 0.4300   0.7128E+03  0.0000E+00 -0.7082E+02  0.0000E+00      -1  -0.994E-01   20.00
   8    -7.0000       6.305 0.4300   0.7128E+03  0.0000E+00 -0.7082E+02  0.0000E+00      -1  -0.994E-01   20.00
   9    -8.0000       7.205 0.4300   0.7128E+03  0.0000E+00 -0.7082E+02  0.0000E+00      -1  -0.994E-01   20.00
  10    -9.0000       8.106 0.4300   0.7128E+03  0.0000E+00 -0.7082E+02  0.0000E+00      -1  -0.994E-01   20.00
  11   -10.0000       9.006 0.4300   0.7128E+03  0.0000E+00 -0.7082E+02  0.0000E+00      -1  -0.994E-01   20.00
  12   -11.0000       9.907 0.4300   0.7128E+03  0.0000E+00 -0.7082E+02  0.0000E+00      -1  -0.994E-01   20.00
  13   -12.0000      10.808 0.4300   0.7128E+03  0.0000E+00 -0.7082E+02  0.0000E+00      -1  -0.994E-01   20.00
  14   -13.0000      11.708 0.4300   0.7128E+03  0.0000E+00 -0.7082E+02  0.0000E+00      -1  -0.994E-01   20.00
  15   -14.0000      12.609 0.4300   0.7128E+03  0.0000E+00 -0.7082E+02  0.0000E+00      -1  -0.994E-01   20.00
  16   -15.0000      13.510 0.4300   0.7128E+03  0.0000E+00 -0.7082E+02  0.0000E+00      -1  -0.994E-01   20.00
  17   -16.0000      14.410 0.4300   0.7128E+03  0.0000E+00 -0.7082E+02  0.0000E+00      -1  -0.994E-01   20.00
  18   -17.0000      15.311 0.4300   0.7128E+03  0.0000E+00 -0.7082E+02  0.0000E+00      -1  -0.994E-01   20.00
  19   -18.0000      16.212 0.4300   0.7128E+03  0.0000E+00 -0.7082E+02  0.0000E+00      -1  -0.994E-01   20.00
  20   -19.0000      17.112 0.4300   0.7128E+03  0.0000E+00 -0.7082E+02  0.0000E+00      -1  -0.994E-01   20.00
  21   -20.0000      18.013 0.4300   0.7128E+03  0.0000E+00 -0.7082E+02  0.0000E+00      -1  -0.994E-01   20.00
  22   -21.0000      18.914 0.4300   0.7128E+03  0.0000E+00 -0.7082E+02  0.0000E+00      -1  -0.994E-01   20.00
  23   -22.0000      19.814 0.4300   0.7128E+03  0.0000E+00 -0.7082E+02  0.0000E+00      -1  -0.994E-01   20.00
  24   -23.0000      20.715 0.4300   0.7128E+03  0.0000E+00 -0.7082E+02  0.0000E+00      -1  -0.994E-01   20.00
  25   -24.0000      21.616 0.4300   0.7128E+03  0.0000E+00 -0.7082E+02  0.0000E+00      -1  -0.994E-01   20.00
  26   -25.0000      22.516 0.4300   0.7128E+03  0.0000E+00 -0.7082E+02  0.0000E+00      -1  -0.994E-01   20.00
  27   -26.0000      23.417 0.4300   0.7128E+03  0.0000E+00 -0.7082E+02  0.0000E+00      -1  -0.994E-01   20.00
  28   -27.0000      24.317 0.4300   0.7128E+03  0.0000E+00 -0.7082E+02  0.0000E+00      -1  -0.994E-01   20.00
  29   -28.0000      25.218 0.4300   0.7128E+03  0.0000E+00 -0.7082E+02  0.0000E+00      -1  -0.994E-01   20.00
  30   -29.0000      26.119 0.4300   0.7128E+03  0.0000E+00 -0.7082E+02  0.0000E+00      -1  -0.994E-01   20.00
  31   -30.0000      27.019 0.4300   0.7128E+03  0.0000E+00 -0.7082E+02  0.0000E+00      -1  -0.994E-01   20.00
  32   -31.0000      27.827 0.4300   0.2496E+02  0.0000E+00 -0.7082E+02  0.0000E+00      -1  -0.994E-01   20.00
  33   -32.0000      25.990 0.4300   0.2496E+02  0.0000E+00 -0.7082E+02  0.0000E+00      -1  -0.994E-01   20.00
  34   -33.0000      24.153 0.4300   0.2496E+02  0.0000E+00 -0.7082E+02  0.0000E+00      -1  -0.994E-01   20.00
  35   -34.0000      22.315 0.4300   0.2496E+02  0.0000E+00 -0.7082E+02  0.0000E+00      -1  -0.994E-01   20.00
  36   -35.0000      20.478 0.4300   0.2496E+02  0.0000E+00 -0.7082E+02  0.0000E+00      -1  -0.994E-01   20.00
  37   -36.0000      18.641 0.4300   0.2496E+02  0.0000E+00 -0.7082E+02  0.0000E+00      -1  -0.994E-01   20.00
  38   -37.0000      16.803 0.4300   0.2496E+02  0.0000E+00 -0.7082E+02  0.0000E+00      -1  -0.994E-01   20.00
  39   -38.0000      14.966 0.4300   0.2496E+02  0.0000E+00 -0.7082E+02  0.0000E+00      -1  -0.994E-01   20.00
  40   -39.0000      13.128 0.4300   0.2496E+02  0.0000E+00 -0.7082E+02  0.0000E+00      -1  -0.994E-01   20.00
  41   -40.0000      11.291 0.4300   0.2496E+02  0.0000E+00 -0.7082E+02  0.0000E+00      -1  -0.994E-01   20.00
  42   -41.0000       9.454 0.4300   0.2496E+02  0.0000E+00 -0.7082E+02  0.0000E+00      -1  -0.994E-01   20.00
  43   -42.0000       7.616 0.4300   0.2496E+02  0.0000E+00 -0.7082E+02  0.0000E+00      -1  -0.994E-01   20.00
  44   -43.0000       5.779 0.4300   0.2496E+02  0.0000E+00 -0.7082E+02  0.0000E+00      -1  -0.994E-01   20.00
  45   -44.0000       3.942 0.4300   0.2496E+02  0.0000E+00 -0.7082E+02  0.0000E+00      -1  -0.994E-01   20.00
  46   -45.0000       2.104 0.4300   0.2496E+02  0.0000E+00 -0.7082E+02  0.0000E+00      -1  -0.994E-01   20.00
  47   -46.0000       0.267 0.4300   0.2496E+02  0.0000E+00 -0.7082E+02  0.0000E+00      -1  -0.994E-01   20.00
  48   -47.0000      -2.369 0.4273   0.1400E+02  0.1735E-02 -0.6984E+02  0.0000E+00      -1  -0.980E-01   20.00
  49   -48.0000      -8.000 0.4134   0.6774E+01  0.2935E-02 -0.6532E+02  0.0000E+00      -1  -0.916E-01   20.00
  50   -49.0000     -21.316 0.3715   0.1856E+01  0.3060E-02 -0.5177E+02  0.0000E+00      -1  -0.726E-01   20.00
  51   -50.0000     -62.041 0.2834   0.1458E+00  0.1448E-02 -0.2522E+02  0.0000E+00      -1  -0.354E-01   20.00
  52   -51.0000    -175.323 0.2016   0.6158E-02  0.3801E-03 -0.4404E+01  0.0000E+00      -1  -0.618E-02   20.00
  53   -52.0000    -199.595 0.1931   0.3841E-02  0.3116E-03 -0.6586E-01  0.0000E+00      -1  -0.924E-04   20.00
  54   -53.0000    -199.995 0.1930   0.3823E-02  0.3109E-03 -0.4603E-02  0.0000E+00      -1  -0.646E-05   20.00
  55   -54.0000    -200.000 0.1930   0.3823E-02  0.3109E-03 -0.3832E-02  0.0000E+00      -1  -0.538E-05   20.00
  56   -55.0000    -200.000 0.1930   0.3823E-02  0.3109E-03 -0.3823E-02  0.0000E+00      -1  -0.536E-05   20.00
  57   -56.0000    -200.000 0.1930   0.3823E-02  0.3109E-03 -0.3823E-02  0.0000E+00      -1  -0.536E-05   20.00
  58   -57.0000    -200.000 0.1930   0.3823E-02  0.3109E-03 -0.3823E-02  0.0000E+00      -1  -0.536E-05   20.00
  59   -58.0000    -200.000 0.1930   0.3823E-02  0.3109E-03 -0.3823E-02  0.0000E+00      -1  -0.536E-05   20.00
  60   -59.0000    -200.000 0.1930   0.3823E-02  0.3109E-03 -0.3823E-02  0.0000E+00      -1  -0.536E-05   20.00
  61   -60.0000    -200.000 0.1930   0.3823E-02  0.3109E-03 -0.3823E-02  0.0000E+00      -1  -0.536E-05   20.00
  62   -61.0000    -200.000 0.1930   0.3823E-02  0.3109E-03 -0.3823E-02  0.0000E+00      -1  -0.536E-05   20.00
  63   -62.0000    -200.000 0.1930   0.3823E-02  0.3109E-03 -0.3823E-02  0.0000E+00      -1  -0.536E-05   20.00
  64   -63.0000    -200.000 0.1930   0.3823E-02  0.3109E-03 -0.3823E-02  0.0000E+00      -1  -0.536E-05   20.00
  65   -64.0000    -200.000 0.1930   0.3823E-02  0.3109E-03 -0.3823E-02  0.0000E+00      -1  -0.536E-05   20.00
  66   -65.0000    -200.000 0.1930   0.3823E-02  0.3109E-03 -0.3823E-02  0.0000E+00      -1  -0.536E-05   20.00
  67   -66.0000    -200.000 0.1930   0.3823E-02  0.3109E-03 -0.3823E-02  0.0000E+00      -1  -0.536E-05   20.00
  68   -67.0000    -200.000 0.1930   0.3823E-02  0.3109E-03 -0.3823E-02  0.0000E+00      -1  -0.536E-05   20.00
  69   -68.0000    -200.000 0.1930   0.3823E-02  0.3109E-03 -0.3823E-02  0.0000E+00      -1  -0.536E-05   20.00
  70   -69.0000    -200.000 0.1930   0.3823E-02  0.3109E-03 -0.3823E-02  0.0000E+00      -1  -0.536E-05   20.00
  71   -70.0000    -200.000 0.1930   0.3823E-02  0.3109E-03 -0.3823E-02  0.0000E+00      -1  -0.536E-05   20.00
  72   -71.0000    -200.000 0.1930   0.3823E-02  0.3109E-03 -0.3823E-02  0.0000E+00      -1  -0.536E-05   20.00
  73   -72.0000    -200.000 0.1930   0.3823E-02  0.3109E-03 -0.3823E-02  0.0000E+00      -1  -0.536E-05   20.00
  74   -73.0000    -200.000 0.1930   0.3823E-02  0.3109E-03 -0.3823E-02  0.0000E+00      -1  -0.536E-05   20.00
  75   -74.0000    -200.000 0.1930   0.3823E-02  0.3109E-03 -0.3823E-02  0.0000E+00      -1  -0.536E-05   20.00
  76   -75.0000    -200.000 0.1930   0.3823E-02  0.3109E-03 -0.3823E-02  0.0000E+00      -1  -0.536E-05   20.00
  77   -76.0000    -200.000 0.1930   0.3823E-02  0.3109E-03 -0.3823E-02  0.0000E+00      -1  -0.536E-05   20.00
  78   -77.0000    -200.000 0.1930   0.3823E-02  0.3109E-03 -0.3823E-02  0.0000E+00      -1  -0.536E-05   20.00
  79   -78.0000    -200.000 0.1930   0.3823E-02  0.3109E-03 -0.3823E-02  0.0000E+00      -1  -0.536E-05   20.00
  80   -79.0000    -200.000 0.1930   0.3823E-02  0.3109E-03 -0.3823E-02  0.0000E+00      -1  -0.536E-05   20.00
  81   -80.0000    -200.000 0.1930   0.3823E-02  0.3109E-03 -0.3823E-02  0.0000E+00      -1  -0.536E-05   20.00
  82   -81.0000    -200.000 0.1930   0.3823E-02  0.3109E-03 -0.3823E-02  0.0000E+00      -1  -0.536E-05   20.00
  83   -82.0000    -200.000 0.1930   0.3823E-02  0.3109E-03 -0.3823E-02  0.0000E+00      -1  -0.536E-05   20.00
  84   -83.0000    -200.000 0.1930   0.3823E-02  0.3109E-03 -0.3823E-02  0.0000E+00      -1  -0.536E-05   20.00
  85   -84.0000    -200.000 0.1930   0.3823E-02  0.3109E-03 -0.3823E-02  0.0000E+00      -1  -0.536E-05   20.00
  86   -85.0000    -200.000 0.1930   0.3823E-02  0.3109E-03 -0.3823E-02  0.0000E+00      -1  -0.536E-05   20.00
  87   -86.0000    -200.000 0.1930   0.3823E-02  0.3109E-03 -0.3823E-02  0.0000E+00      -1  -0.536E-05   20.00
  88   -87.0000    -200.000 0.1930   0.3823E-02  0.3109E-03 -0.3823E-02  0.0000E+00      -1  -0.536E-05   20.00
  89   -88.0000    -200.000 0.1930   0.3823E-02  0.3109E-03 -0.3823E-02  0.0000E+00      -1  -0.536E-05   20.00
  90   -89.0000    -200.000 0.1930   0.3823E-02  0.3109E-03 -0.3823E-02  0.0000E+00      -1  -0.536E-05   20.00
  91   -90.0000    -200.000 0.1930   0.3823E-02  0.3109E-03 -0.3823E-02  0.0000E+00      -1  -0.536E-05   20.00
  92   -91.0000    -200.000 0.1930   0.3823E-02  0.3109E-03 -0.3823E-02  0.0000E+00      -1  -0.536E-05   20.00
  93   -92.0000    -200.000 0.1930   0.3823E-02  0.3109E-03 -0.3823E-02  0.0000E+00      -1  -0.536E-05   20.00
  94   -93.0000    -200.000 0.1930   0.3823E-02  0.3109E-03 -0.3823E-02  0.0000E+00      -1  -0.536E-05   20.00
  95   -94.0000    -200.000 0.1930   0.3823E-02  0.3109E-03 -0.3823E-02  0.0000E+00      -1  -0.536E-05   20.00
  96   -95.0000    -200.000 0.1930   0.3823E-02  0.3109E-03 -0.3823E-02  0.0000E+00      -1  -0.536E-05   20.00
  97   -96.0000    -200.000 0.1930   0.3823E-02  0.3109E-03 -0.3823E-02  0.0000E+00      -1  -0.536E-05   20.00
  98   -97.0000    -200.000 0.1930   0.3823E-02  0.3109E-03 -0.3823E-02  0.0000E+00      -1  -0.536E-05   20.00
  99   -98.0000    -200.000 0.1930   0.3823E-02  0.3109E-03 -0.3823E-02  0.0000E+00      -1  -0.536E-05   20.00
 100   -99.0000    -200.000 0.1930   0.3823E-02  0.3109E-03 -0.3823E-02  0.0000E+00      -1  -0.536E-05   20.00
 101  -100.0000    -200.000 0.1930   0.3823E-02  0.3109E-03 -0.3823E-02  0.0000E+00      -1  -0.536E-05   20.00
end


 Time:        0.1000


 Node      Depth      Head Moisture       K          C         Flux        Sink         Kappa   v/KsTop   Temp
           [L]        [L]    [-]        [L/T]      [1/L]      [L/T]        [1/T]         [-]      [-]      [C]

   1     0.0000       0.000 0.4300   0.7128E+03  0.0000E+00 -0.5198E+02  0.0000E+00      -1  -0.729E-01   20.00
   2    -1.0000       0.927 0.4300   0.7128E+03  0.0000E+00 -0.5198E+02  0.0000E+00      -1  -0.729E-01   20.00
   3    -2.0000       1.854 0.4300   0.7128E+03  0.0000E+00 -0.5198E+02  0.0000E+00      -1  -0.729E-01   20.00
   4    -3.0000       2.781 0.4300   0.7128E+03  0.0000E+00 -0.5198E+02  0.0000E+00      -1  -0.729E-01   20.00
   5    -4.0000       3.708 0.4300   0.7128E+03  0.0000E+00 -0.5198E+02  0.0000E+00      -1  -0.729E-01   20.00
   6    -5.0000       4.635 0.4300   0.7128E+03  0.0000E+00 -0.5198E+02  0.0000E+00      -1  -0.729E-01   20.00
   7    -6.0000       5.562 0.4300   0.7128E+03  0.0000E+00 -0.5198E+02  0.0000E+00      -1  -0.729E-01   20.00
   8    -7.0000       6.490 0.4300   0.7128E+03  0.0000E+00 -0.5198E+02  0.0000E+00      -1  -0.729E-01   20.00
   9    -8.0000       7.417 0.4300   0.7128E+03  0.0000E+00 -0.5198E+02  0.0000E+00      -1  -0.729E-01   20.00
  10    -9.0000       8.344 0.4300   0.7128E+03  0.0000E+00 -0.5198E+02  0.0000E+00      -1  -0.729E-01   20.00
  11   -10.0000       9.271 0.4300   0.7128E+03  0.0000E+00 -0.5198E+02  0.0000E+00      -1  -0.729E-01   20.00
  12   -11.0000      10.198 0.4300   0.7128E+03  0.0000E+00 -0.5198E+02  0.0000E+00      -1  -0.729E-01   20.00
  13   -12.0000      11.125 0.4300   0.7128E+03  0.0000E+00 -0.5198E+02  0.0000E+00      -1  -0.729E-01   20.00
  14   -13.0000      12.052 0.4300   0.7128E+03  0.0000E+00 -0.5198E+02  0.0000E+00      -1  -0.729E-01   20.00
  15   -14.0000      12.979 0.4300   0.7128E+03  0.0000E+00 -0.5198E+02  0.0000E+00      -1  -0.729E-01   20.00
  16   -15.0000      13.906 0.4300   0.7128E+03  0.0000E+00 -0.5198E+02  0.0000E+00      -1  -0.729E-01   20.00
  17   -16.0000      14.833 0.4300   0.7128E+03  0.0000E+00 -0.5198E+02  0.0000E+00      -1  -0.729E-01   20.00
  18   -17.0000      15.760 0.4300   0.7128E+03  0.0000E+00 -0.5198E+02  0.0000E+00      -1  -0.729E-01   20.00
  19   -18.0000      16.687 0.4300   0.7128E+03  0.0000E+00 -0.5198E+02  0.0000E+00      -1  -0.729E-01   20.00
  20   -19.0000      17.614 0.4300   0.7128E+03  0.0000E+00 -0.5198E+02  0.0000E+00      -1  -0.729E-01   20.00
  21   -20.0000      18.541 0.4300   0.7128E+03  0.0000E+00 -0.5198E+02  0.0000E+00      -1  -0.729E-01   20.00
  22   -21.0000      19.469 0.4300   0.7128E+03  0.0000E+00 -0.5198E+02  0.0000E+00      -1  -0.729E-01   20.00
  23   -22.0000      20.396 0.4300   0.7128E+03  0.0000E+00 -0.5198E+02  0.0000E+00      -1  -0.729E-01   20.00
  24   -23.0000      21.323 0.4300   0.7128E+03  0.0000E+00 -0.5198E+02  0.0000E+00      -1  -0.729E-01   20.00
  25   -24.0000      22.250 0.4300   0.7128E+03  0.0000E+00 -0.5198E+02  0.0000E+00      -1  -0.729E-01   20.00
  26   -25.0000      23.177 0.4300   0.7128E+03  0.0000E+00 -0.5198E+02  0.0000E+00      -1  -0.729E-01   20.00
  27   -26.0000      24.104 0.4300   0.7128E+03  0.0000E+00 -0.5198E+02  0.0000E+00      -1  -0.729E-01   20.00
  28   -27.0000      25.031 0.4300   0.7128E+03  0.0000E+00 -0.5198E+02  0.0000E+00      -1  -0.729E-01   20.00
  29   -28.0000      25.958 0.4300   0.7128E+03  0.0000E+00 -0.5198E+02  0.0000E+00      -1  -0.729E-01   20.00
  30   -29.0000      26.885 0.4300   0.7128E+03  0.0000E+00 -0.5198E+02  0.0000E+00      -1  -0.729E-01   20.00
  31   -30.0000      27.812 0.4300   0.7128E+03  0.0000E+00 -0.5198E+02  0.0000E+00      -1  -0.729E-01   20.00
  32   -31.0000      28.671 0.4300   0.2496E+02  0.0000E+00 -0.5198E+02  0.0000E+00      -1  -0.729E-01   20.00
  33   -32.0000      27.589 0.4300   0.2496E+02  0.0000E+00 -0.5198E+02  0.0000E+00      -1  -0.729E-01   20.00
  34   -33.0000      26.506 0.4300   0.2496E+02  0.0000E+00 -0.5198E+02  0.0000E+00      -1  -0.729E-01   20.00
  35   -34.0000      25.423 0.4300   0.2496E+02  0.0000E+00 -0.5198E+02  0.0000E+00      -1  -0.729E-01   20.00
  36   -35.0000      24.340 0.4300   0.2496E+02  0.0000E+00 -0.5198E+02  0.0000E+00      -1  -0.729E-01   20.00
  37   -36.0000      23.258 0.4300   0.2496E+02  0.0000E+00 -0.5198E+02  0.0000E+00      -1  -0.729E-01   20.00
  38   -37.0000      22.175 0.4300   0.2496E+02  0.0000E+00 -0.5198E+02  0.0000E+00      -1  -0.729E-01   20.00
  39   -38.0000      21.092 0.4300   0.2496E+02  0.0000E+00 -0.5198E+02  0.0000E+00      -1  -0.729E-01   20.00
  40   -39.0000      20.009 0.4300   0.2496E+02  0.0000E+00 -0.5198E+02  0.0000E+00      -1  -0.729E-01   20.00
  41   -40.0000      18.927 0.4300   0.2496E+02  0.0000E+00 -0.5198E+02  0.0000E+00      -1  -0.729E-01   20.00
  42   -41.0000      17.844 0.4300   0.2496E+02  0.0000E+00 -0.5198E+02  0.0000E+00      -1  -0.729E-01   20.00
  43   -42.0000      16.761 0.4300   0.2496E+02  0.0000E+00 -0.5198E+02  0.0000E+00      -1  -0.729E-01   20.00
  44   -43.0000      15.679 0.4300   0.2496E+02  0.0000E+00 -0.5198E+02  0.0000E+00      -1  -0.729E-01   20.00
  45   -44.0000      14.596 0.4300   0.2496E+02  0.0000E+00 -0.5198E+02  0.0000E+00      -1  -0.729E-01   20.00
  46   -45.0000      13.513 0.4300   0.2496E+02  0.0000E+00 -0.5198E+02  0.0000E+00      -1  -0.729E-01   20.00
  47   -46.0000      12.430 0.4300   0.2496E+02  0.0000E+00 -0.5198E+02  0.0000E+00      -1  -0.729E-01   20.00
  48   -47.0000      11.348 0.4300   0.2496E+02  0.0000E+00 -0.5198E+02  0.0000E+00      -1  -0.729E-01   20.00
  49   -48.0000      10.265 0.4300   0.2496E+02  0.0000E+00 -0.5198E+02  0.0000E+00      -1  -0.729E-01   20.00
  50   -49.0000       9.182 0.4300   0.2496E+02  0.0000E+00 -0.5198E+02  0.0000E+00      -1  -0.729E-01   20.00
  51   -50.0000       8.100 0.4300   0.2496E+02  0.0000E+00 -0.5198E+02  0.0000E+00      -1  -0.729E-01   20.00
  52   -51.0000       7.017 0.4300   0.2496E+02  0.0000E+00 -0.5198E+02  0.0000E+00      -1  -0.729E-01   20.00
  53   -52.0000       5.934 0.4300   0.2496E+02  0.0000E+00 -0.5198E+02  0.0000E+00      -1  -0.729E-01   20.00
  54   -53.0000       4.851 0.4300   0.2496E+02  0.0000E+00 -0.5198E+02  0.0000E+00      -1  -0.729E-01   20.00
  55   -54.0000       3.769 0.4300   0.2496E+02  0.0000E+00 -0.5198E+02  0.0000E+00      -1  -0.729E-01   20.00
  56   -55.0000       2.686 0.4300   0.2496E+02  0.0000E+00 -0.5198E+02  0.0000E+00      -1  -0.729E-01   20.00
  57   -56.0000       1.603 0.4300   0.2496E+02  0.0000E+00 -0.5198E+02  0.0000E+00      -1  -0.729E-01   20.00
  58   -57.0000       0.520 0.4300   0.2496E+02  0.0000E+00 -0.5198E+02  0.0000E+00      -1  -0.729E-01   20.00
  59   -58.0000      -0.887 0.4294   0.1823E+02  0.1025E-02 -0.5178E+02  0.0000E+00      -1  -0.726E-01   20.00
  60   -59.0000      -3.271 0.4256   0.1225E+02  0.2037E-02 -0.5090E+02  0.0000E+00      -1  -0.714E-01   20.00
  61   -60.0000      -7.437 0.4151   0.7188E+01  0.2879E-02 -0.4839E+02  0.0000E+00      -1  -0.679E-01   20.00
  62   -61.0000     -15.491 0.3898   0.3100E+01  0.3225E-02 -0.4246E+02  0.0000E+00      -1  -0.596E-01   20.00
  63   -62.0000     -34.812 0.3346   0.6732E+00  0.2425E-02 -0.3005E+02  0.0000E+00      -1  -0.422E-01   20.00
  64   -63.0000     -94.783 0.2466   0.4048E-01  0.8691E-03 -0.1196E+02  0.0000E+00      -1  -0.168E-01   20.00
  65   -64.0000    -190.105 0.1959   0.4390E-02  0.3318E-03 -0.1102E+01  0.0000E+00      -1  -0.155E-02   20.00
  66   -65.0000    -199.804 0.1931   0.3832E-02  0.3112E-03 -0.2427E-01  0.0000E+00      -1  -0.341E-04   20.00
  67   -66.0000    -199.997 0.1930   0.3823E-02  0.3109E-03 -0.4199E-02  0.0000E+00      -1  -0.589E-05   20.00
  68   -67.0000    -200.000 0.1930   0.3823E-02  0.3109E-03 -0.3829E-02  0.0000E+00      -1  -0.537E-05   20.00
  69   -68.0000    -200.000 0.1930   0.3823E-02  0.3109E-03 -0.3823E-02  0.0000E+00      -1  -0.536E-05   20.00
  70   -69.0000    -200.000 0.1930   0.3823E-02  0.3109E-03 -0.3823E-02  0.0000E+00      -1  -0.536E-05   20.00
  71   -70.0000    -200.000 0.1930   0.3823E-02  0.3109E-03 -0.3823E-02  0.0000E+00      -1  -0.536E-05   20.00
  72   -71.0000    -200.000 0.1930   0.3823E-02  0.3109E-03 -0.3823E-02  0.0000E+00      -1  -0.536E-05   20.00
  73   -72.0000    -200.000 0.1930   0.3823E-02  0.3109E-03 -0.3823E-02  0.0000E+00      -1  -0.536E-05   20.00
  74   -73.0000    -200.000 0.1930   0.3823E-02  0.3109E-03 -0.3823E-02  0.0000E+00      -1  -0.536E-05   20.00
  75   -74.0000    -200.000 0.1930   0.3823E-02  0.3109E-03 -0.3823E-02  0.0000E+00      -1  -0.536E-05   20.00
  76   -75.0000    -200.000 0.1930   0.3823E-02  0.3109E-03 -0.3823E-02  0.0000E+00      -1  -0.536E-05   20.00
  77   -76.0000    -200.000 0.1930   0.3823E-02  0.3109E-03 -0.3823E-02  0.0000E+00      -1  -0.536E-05   20.00
  78   -77.0000    -200.000 0.1930   0.3823E-02  0.3109E-03 -0.3823E-02  0.0000E+00      -1  -0.536E-05   20.00
  79   -78.0000    -200.000 0.1930   0.3823E-02  0.3109E-03 -0.3823E-02  0.0000E+00      -1  -0.536E-05   20.00
  80   -79.0000    -200.000 0.1930   0.3823E-02  0.3109E-03 -0.3823E-02  0.0000E+00      -1  -0.536E-05   20.00
  81   -80.0000    -200.000 0.1930   0.3823E-02  0.3109E-03 -0.3823E-02  0.0000E+00      -1  -0.536E-05   20.00
  82   -81.0000    -200.000 0.1930   0.3823E-02  0.3109E-03 -0.3823E-02  0.0000E+00      -1  -0.536E-05   20.00
  83   -82.0000    -200.000 0.1930   0.3823E-02  0.3109E-03 -0.3823E-02  0.0000E+00      -1  -0.536E-05   20.00
  84   -83.0000    -200.000 0.1930   0.3823E-02  0.3109E-03 -0.3823E-02  0.0000E+00      -1  -0.536E-05   20.00
  85   -84.0000    -200.000 0.1930   0.3823E-02  0.3109E-03 -0.3823E-02  0.0000E+00      -1  -0.536E-05   20.00
  86   -85.0000    -200.000 0.1930   0.3823E-02  0.3109E-03 -0.3823E-02  0.0000E+00      -1  -0.536E-05   20.00
  87   -86.0000    -200.000 0.1930   0.3823E-02  0.3109E-03 -0.3823E-02  0.0000E+00      -1  -0.536E-05   20.00
  88   -87.0000    -200.000 0.1930   0.3823E-02  0.3109E-03 -0.3823E-02  0.0000E+00      -1  -0.536E-05   20.00
  89   -88.0000    -200.000 0.1930   0.3823E-02  0.3109E-03 -0.3823E-02  0.0000E+00      -1  -0.536E-05   20.00
  90   -89.0000    -200.000 0.1930   0.3823E-02  0.3109E-03 -0.3823E-02  0.0000E+00      -1  -0.536E-05   20.00
  91   -90.0000    -200.000 0.1930   0.3823E-02  0.3109E-03 -0.3823E-02  0.0000E+00      -1  -0.536E-05   20.00
  92   -91.0000    -200.000 0.1930   0.3823E-02  0.3109E-03 -0.3823E-02  0.0000E+00      -1  -0.536E-05   20.00
  93   -92.0000    -200.000 0.1930   0.3823E-02  0.3109E-03 -0.3823E-02  0.0000E+00      -1  -0.536E-05   20.00
  94   -93.0000    -200.000 0.1930   0.3823E-02  0.3109E-03 -0.3823E-02  0.0000E+00      -1  -0.536E-05   20.00
  95   -94.0000    -200.000 0.1930   0.3823E-02  0.3109E-03 -0.3823E-02  0.0000E+00      -1  -0.536E-05   20.00
  96   -95.0000    -200.000 0.1930   0.3823E-02  0.3109E-03 -0.3823E-02  0.0000E+00      -1  -0.536E-05   20.00
  97   -96.0000    -200.000 0.1930   0.3823E-02  0.3109E-03 -0.3823E-02  0.0000E+00      -1  -0.536E-05   20.00
  98   -97.0000    -200.000 0.1930   0.3823E-02  0.3109E-03 -0.3823E-02  0.0000E+00      -1  -0.536E-05   20.00
  99   -98.0000    -200.000 0.1930   0.3823E-02  0.3109E-03 -0.3823E-02  0.0000E+00      -1  -0.536E-05   20.00
 100   -99.0000    -200.000 0.1930   0.3823E-02  0.3109E-03 -0.3823E-02  0.0000E+00      -1  -0.536E-05   20.00
 101  -100.0000    -200.000 0.1930   0.3823E-02  0.3109E-03 -0.3823E-02  0.0000E+00      -1  -0.536E-05   20.00
end


 Time:        0.1500


 Node      Depth      Head Moisture       K          C         Flux        Sink         Kappa   v/KsTop   Temp
           [L]        [L]    [-]        [L/T]      [1/L]      [L/T]        [1/T]         [-]      [-]      [C]

   1     0.0000       0.000 0.4300   0.7128E+03  0.0000E+00 -0.4514E+02  0.0000E+00      -1  -0.633E-01   20.00
   2    -1.0000       0.937 0.4300   0.7128E+03  0.0000E+00 -0.4514E+02  0.0000E+00      -1  -0.633E-01   20.00
   3    -2.0000       1.873 0.4300   0.7128E+03  0.0000E+00 -0.4514E+02  0.0000E+00      -1  -0.633E-01   20.00
   4    -3.0000       2.810 0.4300   0.7128E+03  0.0000E+00 -0.4514E+02  0.0000E+00      -1  -0.633E-01   20.00
   5    -4.0000       3.747 0.4300   0.7128E+03  0.0000E+00 -0.4514E+02  0.0000E+00      -1  -0.633E-01   20.00
   6    -5.0000       4.683 0.4300   0.7128E+03  0.0000E+00 -0.4514E+02  0.0000E+00      -1  -0.633E-01   20.00
   7    -6.0000       5.620 0.4300   0.7128E+03  0.0000E+00 -0.4514E+02  0.0000E+00      -1  -0.633E-01   20.00
   8    -7.0000       6.557 0.4300   0.7128E+03  0.0000E+00 -0.4514E+02  0.0000E+00      -1  -0.633E-01   20.00
   9    -8.0000       7.493 0.4300   0.7128E+03  0.0000E+00 -0.4514E+02  0.0000E+00      -1  -0.633E-01   20.00
  10    -9.0000       8.430 0.4300   0.7128E+03  0.0000E+00 -0.4514E+02  0.0000E+00      -1  -0.633E-01   20.00
  11   -10.0000       9.367 0.4300   0.7128E+03  0.0000E+00 -0.4514E+02  0.0000E+00      -1  -0.633E-01   20.00
  12   -11.0000      10.303 0.4300   0.7128E+03  0.0000E+00 -0.4514E+02  0.0000E+00      -1  -0.633E-01   20.00
  13   -12.0000      11.240 0.4300   0.7128E+03  0.0000E+00 -0.4514E+02  0.0000E+00      -1  -0.633E-01   20.00
  14   -13.0000      12.177 0.4300   0.7128E+03  0.0000E+00 -0.4514E+02  0.0000E+00      -1  -0.633E-01   20.00
  15   -14.0000      13.113 0.4300   0.7128E+03  0.0000E+00 -0.4514E+02  0.0000E+00      -1  -0.633E-01   20.00
  16   -15.0000      14.050 0.4300   0.7128E+03  0.0000E+00 -0.4514E+02  0.0000E+00      -1  -0.633E-01   20.00
  17   -16.0000      14.987 0.4300   0.7128E+03  0.0000E+00 -0.4514E+02  0.0000E+00      -1  -0.633E-01   20.00
  18   -17.0000      15.923 0.4300   0.7128E+03  0.0000E+00 -0.4514E+02  0.0000E+00      -1  -0.633E-01   20.00
  19   -18.0000      16.860 0.4300   0.7128E+03  0.0000E+00 -0.4514E+02  0.0000E+00      -1  -0.633E-01   20.00
  20   -19.0000      17.797 0.4300   0.7128E+03  0.0000E+00 -0.4514E+02  0.0000E+00      -1  -0.633E-01   20.00
  21   -20.0000      18.733 0.4300   0.7128E+03  0.0000E+00 -0.4514E+02  0.0000E+00      -1  -0.633E-01   20.00
  22   -21.0000      19.670 0.4300   0.7128E+03  0.0000E+00 -0.4514E+02  0.0000E+00      -1  -0.633E-01   20.00
  23   -22.0000      20.607 0.4300   0.7128E+03  0.0000E+00 -0.4514E+02  0.0000E+00      -1  -0.633E-01   20.00
  24   -23.0000      21.543 0.4300   0.7128E+03  0.0000E+00 -0.4514E+02  0.0000E+00      -1  -0.633E-01   20.00
  25   -24.0000      22.480 0.4300   0.7128E+03  0.0000E+00 -0.4514E+02  0.0000E+00      -1  -0.633E-01   20.00
  26   -25.0000      23.417 0.4300   0.7128E+03  0.0000E+00 -0.4514E+02  0.0000E+00      -1  -0.633E-01   20.00
  27   -26.0000      24.353 0.4300   0.7128E+03  0.0000E+00 -0.4514E+02  0.0000E+00      -1  -0.633E-01   20.00
  28   -27.0000      25.290 0.4300   0.7128E+03  0.0000E+00 -0.4514E+02  0.0000E+00      -1  -0.633E-01   20.00
  29   -28.0000      26.227 0.4300   0.7128E+03  0.0000E+00 -0.4514E+02  0.0000E+00      -1  -0.633E-01   20.00
  30   -29.0000      27.163 0.4300   0.7128E+03  0.0000E+00 -0.4514E+02  0.0000E+00      -1  -0.633E-01   20.00
  31   -30.0000      28.100 0.4300   0.7128E+03  0.0000E+00 -0.4514E+02  0.0000E+00      -1  -0.633E-01   20.00
  32   -31.0000      28.978 0.4300   0.2496E+02  0.0000E+00 -0.4514E+02  0.0000E+00      -1  -0.633E-01   20.00
  33   -32.0000      28.169 0.4300   0.2496E+02  0.0000E+00 -0.4514E+02  0.0000E+00      -1  -0.633E-01   20.00
  34   -33.0000      27.360 0.4300   0.2496E+02  0.0000E+00 -0.4514E+02  0.0000E+00      -1  -0.633E-01   20.00
  35   -34.0000      26.552 0.4300   0.2496E+02  0.0000E+00 -0.4514E+02  0.0000E+00      -1  -0.633E-01   20.00
  36   -35.0000      25.743 0.4300   0.2496E+02  0.0000E+00 -0.4514E+02  0.0000E+00      -1  -0.633E-01   20.00
  37   -36.0000      24.934 0.4300   0.2496E+02  0.0000E+00 -0.4514E+02  0.0000E+00      -1  -0.633E-01   20.00
  38   -37.0000      24.126 0.4300   0.2496E+02  0.0000E+00 -0.4514E+02  0.0000E+00      -1  -0.633E-01   20.00
  39   -38.0000      23.317 0.4300   0.2496E+02  0.0000E+00 -0.4514E+02  0.0000E+00      -1  -0.633E-01   20.00
  40   -39.0000      22.508 0.4300   0.2496E+02  0.0000E+00 -0.4514E+02  0.0000E+00      -1  -0.633E-01   20.00
  41   -40.0000      21.700 0.4300   0.2496E+02  0.0000E+00 -0.4514E+02  0.0000E+00      -1  -0.633E-01   20.00
  42   -41.0000      20.891 0.4300   0.2496E+02  0.0000E+00 -0.4514E+02  0.0000E+00      -1  -0.633E-01   20.00
  43   -42.0000      20.082 0.4300   0.2496E+02  0.0000E+00 -0.4514E+02  0.0000E+00      -1  -0.633E-01   20.00
  44   -43.0000      19.274 0.4300   0.2496E+02  0.0000E+00 -0.4514E+02  0.0000E+00      -1  -0.633E-01   20.00
  45   -44.0000      18.465 0.4300   0.2496E+02  0.0000E+00 -0.4514E+02  0.0000E+00      -1  -0.633E-01   20.00
  46   -45.0000      17.656 0.4300   0.2496E+02  0.0000E+00 -0.4514E+02  0.0000E+00      -1  -0.633E-01   20.00
  47   -46.0000      16.848 0.4300   0.2496E+02  0.0000E+00 -0.4514E+02  0.0000E+00      -1  -0.633E-01   20.00
  48   -47.0000      16.039 0.4300   0.2496E+02  0.0000E+00 -0.4514E+02  0.0000E+00      -1  -0.633E-01   20.00
  49   -48.0000      15.230 0.4300   0.2496E+02  0.0000E+00 -0.4514E+02  0.0000E+00      -1  -0.633E-01   20.00
  50   -49.0000      14.422 0.4300   0.2496E+02  0.0000E+00 -0.4514E+02  0.0000E+00      -1  -0.633E-01   20.00
  51   -50.0000      13.613 0.4300   0.2496E+02  0.0000E+00 -0.4514E+02  0.0000E+00      -1  -0.633E-01   20.00
  52   -51.0000      12.804 0.4300   0.2496E+02  0.0000E+00 -0.4514E+02  0.0000E+00      -1  -0.633E-01   20.00
  53   -52.0000      11.996 0.4300   0.2496E+02  0.0000E+00 -0.4514E+02  0.0000E+00      -1  -0.633E-01   20.00
  54   -53.0000      11.187 0.4300   0.2496E+02  0.0000E+00 -0.4514E+02  0.0000E+00      -1  -0.633E-01   20.00
  55   -54.0000      10.378 0.4300   0.2496E+02  0.0000E+00 -0.4514E+02  0.0000E+00      -1  -0.633E-01   20.00
  56   -55.0000       9.570 0.4300   0.2496E+02  0.0000E+00 -0.4514E+02  0.0000E+00      -1  -0.633E-01   20.00
  57   -56.0000       8.761 0.4300   0.2496E+02  0.0000E+00 -0.4514E+02  0.0000E+00      -1  -0.633E-01   20.00
  58   -57.0000       7.952 0.4300   0.2496E+02  0.0000E+00 -0.4514E+02  0.0000E+00      -1  -0.633E-01   20.00
  59   -58.0000       7.144 0.4300   0.2496E+02  0.0000E+00 -0.4514E+02  0.0000E+00      -1  -0.633E-01   20.00
  60   -59.0000       6.335 0.4300   0.2496E+02  0.0000E+00 -0.4514E+02  0.0000E+00      -1  -0.633E-01   20.00
  61   -60.0000       5.526 0.4300   0.2496E+02  0.0000E+00 -0.4514E+02  0.0000E+00      -1  -0.633E-01   20.00
  62   -61.0000       4.718 0.4300   0.2496E+02  0.0000E+00 -0.4514E+02  0.0000E+00      -1  -0.633E-01   20.00
  63   -62.0000       3.909 0.4300   0.2496E+02  0.0000E+00 -0.4514E+02  0.0000E+00      -1  -0.633E-01   20.00
  64   -63.0000       3.100 0.4300   0.2496E+02  0.0000E+00 -0.4514E+02  0.0000E+00      -1  -0.633E-01   20.00
  65   -64.0000       2.292 0.4300   0.2496E+02  0.0000E+00 -0.4514E+02  0.0000E+00      -1  -0.633E-01   20.00
  66   -65.0000       1.483 0.4300   0.2496E+02  0.0000E+00 -0.4514E+02  0.0000E+00      -1  -0.633E-01   20.00
  67   -66.0000       0.674 0.4300   0.2496E+02  0.0000E+00 -0.4514E+02  0.0000E+00      -1  -0.633E-01   20.00
  68   -67.0000      -0.275 0.4299   0.2136E+02  0.5310E-03 -0.4509E+02  0.0000E+00      -1  -0.633E-01   20.00
  69   -68.0000      -1.712 0.4284   0.1560E+02  0.1461E-02 -0.4477E+02  0.0000E+00      -1  -0.628E-01   20.00
  70   -69.0000      -4.061 0.4239   0.1098E+02  0.2257E-02 -0.4387E+02  0.0000E+00      -1  -0.615E-01   20.00
  71   -70.0000      -7.913 0.4137   0.6833E+01  0.2927E-02 -0.4174E+02  0.0000E+00      -1  -0.586E-01   20.00
  72   -71.0000     -14.897 0.3917   0.3251E+01  0.3236E-02 -0.3706E+02  0.0000E+00      -1  -0.520E-01   20.00
  73   -72.0000     -30.227 0.3459   0.8970E+00  0.2645E-02 -0.2778E+02  0.0000E+00      -1  -0.390E-01   20.00
  74   -73.0000     -73.127 0.2689   0.9161E-01  0.1203E-02 -0.1336E+02  0.0000E+00      -1  -0.187E-01   20.00
  75   -74.0000    -174.693 0.2019   0.6239E-02  0.3823E-03 -0.2574E+01  0.0000E+00      -1  -0.361E-02   20.00
  76   -75.0000    -199.252 0.1932   0.3857E-02  0.3123E-03 -0.6783E-01  0.0000E+00      -1  -0.952E-04   20.00
  77   -76.0000    -199.983 0.1930   0.3824E-02  0.3109E-03 -0.5267E-02  0.0000E+00      -1  -0.739E-05   20.00
  78   -77.0000    -200.000 0.1930   0.3823E-02  0.3109E-03 -0.3855E-02  0.0000E+00      -1  -0.541E-05   20.00
  79   -78.0000    -200.000 0.1930   0.3823E-02  0.3109E-03 -0.3824E-02  0.0000E+00      -1  -0.536E-05   20.00
  80   -79.0000    -200.000 0.1930   0.3823E-02  0.3109E-03 -0.3823E-02  0.0000E+00      -1  -0.536E-05   20.00
  81   -80.0000    -200.000 0.1930   0.3823E-02  0.3109E-03 -0.3823E-02  0.0000E+00      -1  -0.536E-05   20.00
  82   -81.0000    -200.000 0.1930   0.3823E-02  0.3109E-03 -0.3823E-02  0.0000E+00      -1  -0.536E-05   20.00
  83   -82.0000    -200.000 0.1930   0.3823E-02  0.3109E-03 -0.3823E-02  0.0000E+00      -1  -0.536E-05   20.00
  84   -83.0000    -200.000 0.1930   0.3823E-02  0.3109E-03 -0.3823E-02  0.0000E+00      -1  -0.536E-05   20.00
  85   -84.0000    -200.000 0.1930   0.3823E-02  0.3109E-03 -0.3823E-02  0.0000E+00      -1  -0.536E-05   20.00
  86   -85.0000    -200.000 0.1930   0.3823E-02  0.3109E-03 -0.3823E-02  0.0000E+00      -1  -0.536E-05   20.00
  87   -86.0000    -200.000 0.1930   0.3823E-02  0.3109E-03 -0.3823E-02  0.0000E+00      -1  -0.536E-05   20.00
  88   -87.0000    -200.000 0.1930   0.3823E-02  0.3109E-03 -0.3823E-02  0.0000E+00      -1  -0.536E-05   20.00
  89   -88.0000    -200.000 0.1930   0.3823E-02  0.3109E-03 -0.3823E-02  0.0000E+00      -1  -0.536E-05   20.00
  90   -89.0000    -200.000 0.1930   0.3823E-02  0.3109E-03 -0.3823E-02  0.0000E+00      -1  -0.536E-05   20.00
  91   -90.0000    -200.000 0.1930   0.3823E-02  0.3109E-03 -0.3823E-02  0.0000E+00      -1  -0.536E-05   20.00
  92   -91.0000    -200.000 0.1930   0.3823E-02  0.3109E-03 -0.3823E-02  0.0000E+00      -1  -0.536E-05   20.00
  93   -92.0000    -200.000 0.1930   0.3823E-02  0.3109E-03 -0.3823E-02  0.0000E+00      -1  -0.536E-05   20.00
  94   -93.0000    -200.000 0.1930   0.3823E-02  0.3109E-03 -0.3823E-02  0.0000E+00      -1  -0.536E-05   20.00
  95   -94.0000    -200.000 0.1930   0.3823E-02  0.3109E-03 -0.3823E-02  0.0000E+00      -1  -0.536E-05   20.00
  96   -95.0000    -200.000 0.1930   0.3823E-02  0.3109E-03 -0.3823E-02  0.0000E+00      -1  -0.536E-05   20.00
  97   -96.0000    -200.000 0.1930   0.3823E-02  0.3109E-03 -0.3823E-02  0.0000E+00      -1  -0.536E-05   20.00
  98   -97.0000    -200.000 0.1930   0.3823E-02  0.3109E-03 -0.3823E-02  0.0000E+00      -1  -0.536E-05   20.00
  99   -98.0000    -200.000 0.1930   0.3823E-02  0.3109E-03 -0.3823E-02  0.0000E+00      -1  -0.536E-05   20.00
 100   -99.0000    -200.000 0.1930   0.3823E-02  0.3109E-03 -0.3823E-02  0.0000E+00      -1  -0.536E-05   20.00
 101  -100.0000    -200.000 0.1930   0.3823E-02  0.3109E-03 -0.3823E-02  0.0000E+00      -1  -0.536E-05   20.00
end


 Time:        0.2000


 Node      Depth      Head Moisture       K          C         Flux        Sink         Kappa   v/KsTop   Temp
           [L]        [L]    [-]        [L/T]      [1/L]      [L/T]        [1/T]         [-]      [-]      [C]

   1     0.0000       0.000 0.4300   0.7128E+03  0.0000E+00 -0.4142E+02  0.0000E+00      -1  -0.581E-01   20.00
   2    -1.0000       0.942 0.4300   0.7128E+03  0.0000E+00 -0.4142E+02  0.0000E+00      -1  -0.581E-01   20.00
   3    -2.0000       1.884 0.4300   0.7128E+03  0.0000E+00 -0.4142E+02  0.0000E+00      -1  -0.581E-01   20.00
   4    -3.0000       2.826 0.4300   0.7128E+03  0.0000E+00 -0.4142E+02  0.0000E+00      -1  -0.581E-01   20.00
   5    -4.0000       3.768 0.4300   0.7128E+03  0.0000E+00 -0.4142E+02  0.0000E+00      -1  -0.581E-01   20.00
   6    -5.0000       4.709 0.4300   0.7128E+03  0.0000E+00 -0.4142E+02  0.0000E+00      -1  -0.581E-01   20.00
   7    -6.0000       5.651 0.4300   0.7128E+03  0.0000E+00 -0.4142E+02  0.0000E+00      -1  -0.581E-01   20.00
   8    -7.0000       6.593 0.4300   0.7128E+03  0.0000E+00 -0.4142E+02  0.0000E+00      -1  -0.581E-01   20.00
   9    -8.0000       7.535 0.4300   0.7128E+03  0.0000E+00 -0.4142E+02  0.0000E+00      -1  -0.581E-01   20.00
  10    -9.0000       8.477 0.4300   0.7128E+03  0.0000E+00 -0.4142E+02  0.0000E+00      -1  -0.581E-01   20.00
  11   -10.0000       9.419 0.4300   0.7128E+03  0.0000E+00 -0.4142E+02  0.0000E+00      -1  -0.581E-01   20.00
  12   -11.0000      10.361 0.4300   0.7128E+03  0.0000E+00 -0.4142E+02  0.0000E+00      -1  -0.581E-01   20.00
  13   -12.0000      11.303 0.4300   0.7128E+03  0.0000E+00 -0.4142E+02  0.0000E+00      -1  -0.581E-01   20.00
  14   -13.0000      12.245 0.4300   0.7128E+03  0.0000E+00 -0.4142E+02  0.0000E+00      -1  -0.581E-01   20.00
  15   -14.0000      13.187 0.4300   0.7128E+03  0.0000E+00 -0.4142E+02  0.0000E+00      -1  -0.581E-01   20.00
  16   -15.0000      14.128 0.4300   0.7128E+03  0.0000E+00 -0.4142E+02  0.0000E+00      -1  -0.581E-01   20.00
  17   -16.0000      15.070 0.4300   0.7128E+03  0.0000E+00 -0.4142E+02  0.0000E+00      -1  -0.581E-01   20.00
  18   -17.0000      16.012 0.4300   0.7128E+03  0.0000E+00 -0.4142E+02  0.0000E+00      -1  -0.581E-01   20.00
  19   -18.0000      16.954 0.4300   0.7128E+03  0.0000E+00 -0.4142E+02  0.0000E+00      -1  -0.581E-01   20.00
  20   -19.0000      17.896 0.4300   0.7128E+03  0.0000E+00 -0.4142E+02  0.0000E+00      -1  -0.581E-01   20.00
  21   -20.0000      18.838 0.4300   0.7128E+03  0.0000E+00 -0.4142E+02  0.0000E+00      -1  -0.581E-01   20.00
  22   -21.0000      19.780 0.4300   0.7128E+03  0.0000E+00 -0.4142E+02  0.0000E+00      -1  -0.581E-01   20.00
  23   -22.0000      20.722 0.4300   0.7128E+03  0.0000E+00 -0.4142E+02  0.0000E+00      -1  -0.581E-01   20.00
  24   -23.0000      21.664 0.4300   0.7128E+03  0.0000E+00 -0.4142E+02  0.0000E+00      -1  -0.581E-01   20.00
  25   -24.0000      22.606 0.4300   0.7128E+03  0.0000E+00 -0.4142E+02  0.0000E+00      -1  -0.581E-01   20.00
  26   -25.0000      23.547 0.4300   0.7128E+03  0.0000E+00 -0.4142E+02  0.0000E+00      -1  -0.581E-01   20.00
  27   -26.0000      24.489 0.4300   0.7128E+03  0.0000E+00 -0.4142E+02  0.0000E+00      -1  -0.581E-01   20.00
  28   -27.0000      25.431 0.4300   0.7128E+03  0.0000E+00 -0.4142E+02  0.0000E+00      -1  -0.581E-01   20.00
  29   -28.0000      26.373 0.4300   0.7128E+03  0.0000E+00 -0.4142E+02  0.0000E+00      -1  -0.581E-01   20.00
  30   -29.0000      27.315 0.4300   0.7128E+03  0.0000E+00 -0.4142E+02  0.0000E+00      -1  -0.581E-01   20.00
  31   -30.0000      28.257 0.4300   0.7128E+03  0.0000E+00 -0.4142E+02  0.0000E+00      -1  -0.581E-01   20.00
  32   -31.0000      29.145 0.4300   0.2496E+02  0.0000E+00 -0.4142E+02  0.0000E+00      -1  -0.581E-01   20.00
  33   -32.0000      28.485 0.4300   0.2496E+02  0.0000E+00 -0.4142E+02  0.0000E+00      -1  -0.581E-01   20.00
  34   -33.0000      27.826 0.4300   0.2496E+02  0.0000E+00 -0.4142E+02  0.0000E+00      -1  -0.581E-01   20.00
  35   -34.0000      27.167 0.4300   0.2496E+02  0.0000E+00 -0.4142E+02  0.0000E+00      -1  -0.581E-01   20.00
  36   -35.0000      26.507 0.4300   0.2496E+02  0.0000E+00 -0.4142E+02  0.0000E+00      -1  -0.581E-01   20.00
  37   -36.0000      25.848 0.4300   0.2496E+02  0.0000E+00 -0.4142E+02  0.0000E+00      -1  -0.581E-01   20.00
  38   -37.0000      25.188 0.4300   0.2496E+02  0.0000E+00 -0.4142E+02  0.0000E+00      -1  -0.581E-01   20.00
  39   -38.0000      24.529 0.4300   0.2496E+02  0.0000E+00 -0.4142E+02  0.0000E+00      -1  -0.581E-01   20.00
  40   -39.0000      23.870 0.4300   0.2496E+02  0.0000E+00 -0.4142E+02  0.0000E+00      -1  -0.581E-01   20.00
  41   -40.0000      23.210 0.4300   0.2496E+02  0.0000E+00 -0.4142E+02  0.0000E+00      -1  -0.581E-01   20.00
  42   -41.0000      22.551 0.4300   0.2496E+02  0.0000E+00 -0.4142E+02  0.0000E+00      -1  -0.581E-01   20.00
  43   -42.0000      21.892 0.4300   0.2496E+02  0.0000E+00 -0.4142E+02  0.0000E+00      -1  -0.581E-01   20.00
  44   -43.0000      21.232 0.4300   0.2496E+02  0.0000E+00 -0.4142E+02  0.0000E+00      -1  -0.581E-01   20.00
  45   -44.0000      20.573 0.4300   0.2496E+02  0.0000E+00 -0.4142E+02  0.0000E+00      -1  -0.581E-01   20.00
  46   -45.0000      19.913 0.4300   0.2496E+02  0.0000E+00 -0.4142E+02  0.0000E+00      -1  -0.581E-01   20.00
  47   -46.0000      19.254 0.4300   0.2496E+02  0.0000E+00 -0.4142E+02  0.0000E+00      -1  -0.581E-01   20.00
  48   -47.0000      18.595 0.4300   0.2496E+02  0.0000E+00 -0.4142E+02  0.0000E+00      -1  -0.581E-01   20.00
  49   -48.0000      17.935 0.4300   0.2496E+02  0.0000E+00 -0.4142E+02  0.0000E+00      -1  -0.581E-01   20.00
  50   -49.0000      17.276 0.4300   0.2496E+02  0.0000E+00 -0.4142E+02  0.0000E+00      -1  -0.581E-01   20.00
  51   -50.0000      16.617 0.4300   0.2496E+02  0.0000E+00 -0.4142E+02  0.0000E+00      -1  -0.581E-01   20.00
  52   -51.0000      15.957 0.4300   0.2496E+02  0.0000E+00 -0.4142E+02  0.0000E+00      -1  -0.581E-01   20.00
  53   -52.0000      15.298 0.4300   0.2496E+02  0.0000E+00 -0.4142E+02  0.0000E+00      -1  -0.581E-01   20.00
  54   -53.0000      14.639 0.4300   0.2496E+02  0.0000E+00 -0.4142E+02  0.0000E+00      -1  -0.581E-01   20.00
  55   -54.0000      13.979 0.4300   0.2496E+02  0.0000E+00 -0.4142E+02  0.0000E+00      -1  -0.581E-01   20.00
  56   -55.0000      13.320 0.4300   0.2496E+02  0.0000E+00 -0.4142E+02  0.0000E+00      -1  -0.581E-01   20.00
  57   -56.0000      12.660 0.4300   0.2496E+02  0.0000E+00 -0.4142E+02  0.0000E+00      -1  -0.581E-01   20.00
  58   -57.0000      12.001 0.4300   0.2496E+02  0.0000E+00 -0.4142E+02  0.0000E+00      -1  -0.581E-01   20.00
  59   -58.0000      11.342 0.4300   0.2496E+02  0.0000E+00 -0.4142E+02  0.0000E+00      -1  -0.581E-01   20.00
  60   -59.0000      10.682 0.4300   0.2496E+02  0.0000E+00 -0.4142E+02  0.0000E+00      -1  -0.581E-01   20.00
  61   -60.0000      10.023 0.4300   0.2496E+02  0.0000E+00 -0.4142E+02  0.0000E+00      -1  -0.581E-01   20.00
  62   -61.0000       9.364 0.4300   0.2496E+02  0.0000E+00 -0.4142E+02  0.0000E+00      -1  -0.581E-01   20.00
  63   -62.0000       8.704 0.4300   0.2496E+02  0.0000E+00 -0.4142E+02  0.0000E+00      -1  -0.581E-01   20.00
  64   -63.0000       8.045 0.4300   0.2496E+02  0.0000E+00 -0.4142E+02  0.0000E+00      -1  -0.581E-01   20.00
  65   -64.0000       7.385 0.4300   0.2496E+02  0.0000E+00 -0.4142E+02  0.0000E+00      -1  -0.581E-01   20.00
  66   -65.0000       6.726 0.4300   0.2496E+02  0.0000E+00 -0.4142E+02  0.0000E+00      -1  -0.581E-01   20.00
  67   -66.0000       6.067 0.4300   0.2496E+02  0.0000E+00 -0.4142E+02  0.0000E+00      -1  -0.581E-01   20.00
  68   -67.0000       5.407 0.4300   0.2496E+02  0.0000E+00 -0.4142E+02  0.0000E+00      -1  -0.581E-01   20.00
  69   -68.0000       4.748 0.4300   0.2496E+02  0.0000E+00 -0.4142E+02  0.0000E+00      -1  -0.581E-01   20.00
  70   -69.0000       4.089 0.4300   0.2496E+02  0.0000E+00 -0.4142E+02  0.0000E+00      -1  -0.581E-01   20.00
  71   -70.0000       3.429 0.4300   0.2496E+02  0.0000E+00 -0.4142E+02  0.0000E+00      -1  -0.581E-01   20.00
  72   -71.0000       2.770 0.4300   0.2496E+02  0.0000E+00 -0.4142E+02  0.0000E+00      -1  -0.581E-01   20.00
  73   -72.0000       2.110 0.4300   0.2496E+02  0.0000E+00 -0.4142E+02  0.0000E+00      -1  -0.581E-01   20.00
  74   -73.0000       1.451 0.4300   0.2496E+02  0.0000E+00 -0.4142E+02  0.0000E+00      -1  -0.581E-01   20.00
  75   -74.0000       0.792 0.4300   0.2496E+02  0.0000E+00 -0.4142E+02  0.0000E+00      -1  -0.581E-01   20.00
  76   -75.0000       0.132 0.4300   0.2496E+02  0.0000E+00 -0.4142E+02  0.0000E+00      -1  -0.581E-01   20.00
  77   -76.0000      -0.764 0.4295   0.1873E+02  0.9445E-03 -0.4132E+02  0.0000E+00      -1  -0.580E-01   20.00
  78   -77.0000      -2.265 0.4275   0.1423E+02  0.1696E-02 -0.4093E+02  0.0000E+00      -1  -0.574E-01   20.00
  79   -78.0000      -4.591 0.4227   0.1021E+02  0.2389E-02 -0.4001E+02  0.0000E+00      -1  -0.561E-01   20.00
  80   -79.0000      -8.287 0.4126   0.6562E+01  0.2963E-02 -0.3811E+02  0.0000E+00      -1  -0.535E-01   20.00
  81   -80.0000     -14.757 0.3922   0.3302E+01  0.3236E-02 -0.3423E+02  0.0000E+00      -1  -0.480E-01   20.00
  82   -81.0000     -28.248 0.3513   0.1062E+01  0.2742E-02 -0.2666E+02  0.0000E+00      -1  -0.374E-01   20.00
  83   -82.0000     -63.367 0.2817   0.1393E+00  0.1419E-02 -0.1434E+02  0.0000E+00      -1  -0.201E-01   20.00
  84   -83.0000    -156.798 0.2088   0.8378E-02  0.4406E-03 -0.3616E+01  0.0000E+00      -1  -0.507E-02   20.00
  85   -84.0000    -198.249 0.1935   0.3901E-02  0.3142E-03 -0.1355E+00  0.0000E+00      -1  -0.190E-03   20.00
  86   -85.0000    -199.955 0.1930   0.3825E-02  0.3110E-03 -0.7223E-02  0.0000E+00      -1  -0.101E-04   20.00
  87   -86.0000    -199.999 0.1930   0.3823E-02  0.3109E-03 -0.3910E-02  0.0000E+00      -1  -0.549E-05   20.00
  88   -87.0000    -200.000 0.1930   0.3823E-02  0.3109E-03 -0.3825E-02  0.0000E+00      -1  -0.537E-05   20.00
  89   -88.0000    -200.000 0.1930   0.3823E-02  0.3109E-03 -0.3823E-02  0.0000E+00      -1  -0.536E-05   20.00
  90   -89.0000    -200.000 0.1930   0.3823E-02  0.3109E-03 -0.3823E-02  0.0000E+00      -1  -0.536E-05   20.00
  91   -90.0000    -200.000 0.1930   0.3823E-02  0.3109E-03 -0.3823E-02  0.0000E+00      -1  -0.536E-05   20.00
  92   -91.0000    -200.000 0.1930   0.3823E-02  0.3109E-03 -0.3823E-02  0.0000E+00      -1  -0.536E-05   20.00
  93   -92.0000    -200.000 0.1930   0.3823E-02  0.3109E-03 -0.3823E-02  0.0000E+00      -1  -0.536E-05   20.00
  94   -93.0000    -200.000 0.1930   0.3823E-02  0.3109E-03 -0.3823E-02  0.0000E+00      -1  -0.536E-05   20.00
  95   -94.0000    -200.000 0.1930   0.3823E-02  0.3109E-03 -0.3823E-02  0.0000E+00      -1  -0.536E-05   20.00
  96   -95.0000    -200.000 0.1930   0.3823E-02  0.3109E-03 -0.3823E-02  0.0000E+00      -1  -0.536E-05   20.00
  97   -96.0000    -200.000 0.1930   0.3823E-02  0.3109E-03 -0.3823E-02  0.0000E+00      -1  -0.536E-05   20.00
  98   -97.0000    -200.000 0.1930   0.3823E-02  0.3109E-03 -0.3823E-02  0.0000E+00      -1  -0.536E-05   20.00
  99   -98.0000    -200.000 0.1930   0.3823E-02  0.3109E-03 -0.3823E-02  0.0000E+00      -1  -0.536E-05   20.00
 100   -99.0000    -200.000 0.1930   0.3823E-02  0.3109E-03 -0.3823E-02  0.0000E+00      -1  -0.536E-05   20.00
 101  -100.0000    -200.000 0.1930   0.3823E-02  0.3109E-03 -0.3823E-02  0.0000E+00      -1  -0.536E-05   20.00
end


 Time:        0.2500


 Node      Depth      Head Moisture       K          C         Flux        Sink         Kappa   v/KsTop   Temp
           [L]        [L]    [-]        [L/T]      [1/L]      [L/T]        [1/T]         [-]      [-]      [C]

   1     0.0000       0.000 0.4300   0.7128E+03  0.0000E+00 -0.3897E+02  0.0000E+00      -1  -0.547E-01   20.00
   2    -1.0000       0.945 0.4300   0.7128E+03  0.0000E+00 -0.3897E+02  0.0000E+00      -1  -0.547E-01   20.00
   3    -2.0000       1.891 0.4300   0.7128E+03  0.0000E+00 -0.3897E+02  0.0000E+00      -1  -0.547E-01   20.00
   4    -3.0000       2.836 0.4300   0.7128E+03  0.0000E+00 -0.3897E+02  0.0000E+00      -1  -0.547E-01   20.00
   5    -4.0000       3.781 0.4300   0.7128E+03  0.0000E+00 -0.3897E+02  0.0000E+00      -1  -0.547E-01   20.00
   6    -5.0000       4.727 0.4300   0.7128E+03  0.0000E+00 -0.3897E+02  0.0000E+00      -1  -0.547E-01   20.00
   7    -6.0000       5.672 0.4300   0.7128E+03  0.0000E+00 -0.3897E+02  0.0000E+00      -1  -0.547E-01   20.00
   8    -7.0000       6.617 0.4300   0.7128E+03  0.0000E+00 -0.3897E+02  0.0000E+00      -1  -0.547E-01   20.00
   9    -8.0000       7.563 0.4300   0.7128E+03  0.0000E+00 -0.3897E+02  0.0000E+00      -1  -0.547E-01   20.00
  10    -9.0000       8.508 0.4300   0.7128E+03  0.0000E+00 -0.3897E+02  0.0000E+00      -1  -0.547E-01   20.00
  11   -10.0000       9.453 0.4300   0.7128E+03  0.0000E+00 -0.3897E+02  0.0000E+00      -1  -0.547E-01   20.00
  12   -11.0000      10.399 0.4300   0.7128E+03  0.0000E+00 -0.3897E+02  0.0000E+00      -1  -0.547E-01   20.00
  13   -12.0000      11.344 0.4300   0.7128E+03  0.0000E+00 -0.3897E+02  0.0000E+00      -1  -0.547E-01   20.00
  14   -13.0000      12.289 0.4300   0.7128E+03  0.0000E+00 -0.3897E+02  0.0000E+00      -1  -0.547E-01   20.00
  15   -14.0000      13.235 0.4300   0.7128E+03  0.0000E+00 -0.3897E+02  0.0000E+00      -1  -0.547E-01   20.00
  16   -15.0000      14.180 0.4300   0.7128E+03  0.0000E+00 -0.3897E+02  0.0000E+00      -1  -0.547E-01   20.00
  17   -16.0000      15.125 0.4300   0.7128E+03  0.0000E+00 -0.3897E+02  0.0000E+00      -1  -0.547E-01   20.00
  18   -17.0000      16.071 0.4300   0.7128E+03  0.0000E+00 -0.3897E+02  0.0000E+00      -1  -0.547E-01   20.00
  19   -18.0000      17.016 0.4300   0.7128E+03  0.0000E+00 -0.3897E+02  0.0000E+00      -1  -0.547E-01   20.00
  20   -19.0000      17.961 0.4300   0.7128E+03  0.0000E+00 -0.3897E+02  0.0000E+00      -1  -0.547E-01   20.00
  21   -20.0000      18.907 0.4300   0.7128E+03  0.0000E+00 -0.3897E+02  0.0000E+00      -1  -0.547E-01   20.00
  22   -21.0000      19.852 0.4300   0.7128E+03  0.0000E+00 -0.3897E+02  0.0000E+00      -1  -0.547E-01   20.00
  23   -22.0000      20.797 0.4300   0.7128E+03  0.0000E+00 -0.3897E+02  0.0000E+00      -1  -0.547E-01   20.00
  24   -23.0000      21.743 0.4300   0.7128E+03  0.0000E+00 -0.3897E+02  0.0000E+00      -1  -0.547E-01   20.00
  25   -24.0000      22.688 0.4300   0.7128E+03  0.0000E+00 -0.3897E+02  0.0000E+00      -1  -0.547E-01   20.00
  26   -25.0000      23.633 0.4300   0.7128E+03  0.0000E+00 -0.3897E+02  0.0000E+00      -1  -0.547E-01   20.00
  27   -26.0000      24.579 0.4300   0.7128E+03  0.0000E+00 -0.3897E+02  0.0000E+00      -1  -0.547E-01   20.00
  28   -27.0000      25.524 0.4300   0.7128E+03  0.0000E+00 -0.3897E+02  0.0000E+00      -1  -0.547E-01   20.00
  29   -28.0000      26.469 0.4300   0.7128E+03  0.0000E+00 -0.3897E+02  0.0000E+00      -1  -0.547E-01   20.00
  30   -29.0000      27.415 0.4300   0.7128E+03  0.0000E+00 -0.3897E+02  0.0000E+00      -1  -0.547E-01   20.00
  31   -30.0000      28.360 0.4300   0.7128E+03  0.0000E+00 -0.3897E+02  0.0000E+00      -1  -0.547E-01   20.00
  32   -31.0000      29.254 0.4300   0.2496E+02  0.0000E+00 -0.3897E+02  0.0000E+00      -1  -0.547E-01   20.00
  33   -32.0000      28.693 0.4300   0.2496E+02  0.0000E+00 -0.3897E+02  0.0000E+00      -1  -0.547E-01   20.00
  34   -33.0000      28.132 0.4300   0.2496E+02  0.0000E+00 -0.3897E+02  0.0000E+00      -1  -0.547E-01   20.00
  35   -34.0000      27.571 0.4300   0.2496E+02  0.0000E+00 -0.3897E+02  0.0000E+00      -1  -0.547E-01   20.00
  36   -35.0000      27.009 0.4300   0.2496E+02  0.0000E+00 -0.3897E+02  0.0000E+00      -1  -0.547E-01   20.00
  37   -36.0000      26.448 0.4300   0.2496E+02  0.0000E+00 -0.3897E+02  0.0000E+00      -1  -0.547E-01   20.00
  38   -37.0000      25.887 0.4300   0.2496E+02  0.0000E+00 -0.3897E+02  0.0000E+00      -1  -0.547E-01   20.00
  39   -38.0000      25.326 0.4300   0.2496E+02  0.0000E+00 -0.3897E+02  0.0000E+00      -1  -0.547E-01   20.00
  40   -39.0000      24.764 0.4300   0.2496E+02  0.0000E+00 -0.3897E+02  0.0000E+00      -1  -0.547E-01   20.00
  41   -40.0000      24.203 0.4300   0.2496E+02  0.0000E+00 -0.3897E+02  0.0000E+00      -1  -0.547E-01   20.00
  42   -41.0000      23.642 0.4300   0.2496E+02  0.0000E+00 -0.3897E+02  0.0000E+00      -1  -0.547E-01   20.00
  43   -42.0000      23.081 0.4300   0.2496E+02  0.0000E+00 -0.3897E+02  0.0000E+00      -1  -0.547E-01   20.00
  44   -43.0000      22.520 0.4300   0.2496E+02  0.0000E+00 -0.3897E+02  0.0000E+00      -1  -0.547E-01   20.00
  45   -44.0000      21.958 0.4300   0.2496E+02  0.0000E+00 -0.3897E+02  0.0000E+00      -1  -0.547E-01   20.00
  46   -45.0000      21.397 0.4300   0.2496E+02  0.0000E+00 -0.3897E+02  0.0000E+00      -1  -0.547E-01   20.00
  47   -46.0000      20.836 0.4300   0.2496E+02  0.0000E+00 -0.3897E+02  0.0000E+00      -1  -0.547E-01   20.00
  48   -47.0000      20.275 0.4300   0.2496E+02  0.0000E+00 -0.3897E+02  0.0000E+00      -1  -0.547E-01   20.00
  49   -48.0000      19.713 0.4300   0.2496E+02  0.0000E+00 -0.3897E+02  0.0000E+00      -1  -0.547E-01   20.00
  50   -49.0000      19.152 0.4300   0.2496E+02  0.0000E+00 -0.3897E+02  0.0000E+00      -1  -0.547E-01   20.00
  51   -50.0000      18.591 0.4300   0.2496E+02  0.0000E+00 -0.3897E+02  0.0000E+00      -1  -0.547E-01   20.00
  52   -51.0000      18.030 0.4300   0.2496E+02  0.0000E+00 -0.3897E+02  0.0000E+00      -1  -0.547E-01   20.00
  53   -52.0000      17.468 0.4300   0.2496E+02  0.0000E+00 -0.3897E+02  0.0000E+00      -1  -0.547E-01   20.00
  54   -53.0000      16.907 0.4300   0.2496E+02  0.0000E+00 -0.3897E+02  0.0000E+00      -1  -0.547E-01   20.00
  55   -54.0000      16.346 0.4300   0.2496E+02  0.0000E+00 -0.3897E+02  0.0000E+00      -1  -0.547E-01   20.00
  56   -55.0000      15.785 0.4300   0.2496E+02  0.0000E+00 -0.3897E+02  0.0000E+00      -1  -0.547E-01   20.00
  57   -56.0000      15.223 0.4300   0.2496E+02  0.0000E+00 -0.3897E+02  0.0000E+00      -1  -0.547E-01   20.00
  58   -57.0000      14.662 0.4300   0.2496E+02  0.0000E+00 -0.3897E+02  0.0000E+00      -1  -0.547E-01   20.00
  59   -58.0000      14.101 0.4300   0.2496E+02  0.0000E+00 -0.3897E+02  0.0000E+00      -1  -0.547E-01   20.00
  60   -59.0000      13.540 0.4300   0.2496E+02  0.0000E+00 -0.3897E+02  0.0000E+00      -1  -0.547E-01   20.00
  61   -60.0000      12.979 0.4300   0.2496E+02  0.0000E+00 -0.3897E+02  0.0000E+00      -1  -0.547E-01   20.00
  62   -61.0000      12.417 0.4300   0.2496E+02  0.0000E+00 -0.3897E+02  0.0000E+00      -1  -0.547E-01   20.00
  63   -62.0000      11.856 0.4300   0.2496E+02  0.0000E+00 -0.3897E+02  0.0000E+00      -1  -0.547E-01   20.00
  64   -63.0000      11.295 0.4300   0.2496E+02  0.0000E+00 -0.3897E+02  0.0000E+00      -1  -0.547E-01   20.00
  65   -64.0000      10.734 0.4300   0.2496E+02  0.0000E+00 -0.3897E+02  0.0000E+00      -1  -0.547E-01   20.00
  66   -65.0000      10.172 0.4300   0.2496E+02  0.0000E+00 -0.3897E+02  0.0000E+00      -1  -0.547E-01   20.00
  67   -66.0000       9.611 0.4300   0.2496E+02  0.0000E+00 -0.3897E+02  0.0000E+00      -1  -0.547E-01   20.00
  68   -67.0000       9.050 0.4300   0.2496E+02  0.0000E+00 -0.3897E+02  0.0000E+00      -1  -0.547E-01   20.00
  69   -68.0000       8.489 0.4300   0.2496E+02  0.0000E+00 -0.3897E+02  0.0000E+00      -1  -0.547E-01   20.00
  70   -69.0000       7.927 0.4300   0.2496E+02  0.0000E+00 -0.3897E+02  0.0000E+00      -1  -0.547E-01   20.00
  71   -70.0000       7.366 0.4300   0.2496E+02  0.0000E+00 -0.3897E+02  0.0000E+00      -1  -0.547E-01   20.00
  72   -71.0000       6.805 0.4300   0.2496E+02  0.0000E+00 -0.3897E+02  0.0000E+00      -1  -0.547E-01   20.00
  73   -72.0000       6.244 0.4300   0.2496E+02  0.0000E+00 -0.3897E+02  0.0000E+00      -1  -0.547E-01   20.00
  74   -73.0000       5.682 0.4300   0.2496E+02  0.0000E+00 -0.3897E+02  0.0000E+00      -1  -0.547E-01   20.00
  75   -74.0000       5.121 0.4300   0.2496E+02  0.0000E+00 -0.3897E+02  0.0000E+00      -1  -0.547E-01   20.00
  76   -75.0000       4.560 0.4300   0.2496E+02  0.0000E+00 -0.3897E+02  0.0000E+00      -1  -0.547E-01   20.00
  77   -76.0000       3.999 0.4300   0.2496E+02  0.0000E+00 -0.3897E+02  0.0000E+00      -1  -0.547E-01   20.00
  78   -77.0000       3.438 0.4300   0.2496E+02  0.0000E+00 -0.3897E+02  0.0000E+00      -1  -0.547E-01   20.00
  79   -78.0000       2.876 0.4300   0.2496E+02  0.0000E+00 -0.3897E+02  0.0000E+00      -1  -0.547E-01   20.00
  80   -79.0000       2.315 0.4300   0.2496E+02  0.0000E+00 -0.3897E+02  0.0000E+00      -1  -0.547E-01   20.00
  81   -80.0000       1.754 0.4300   0.2496E+02  0.0000E+00 -0.3897E+02  0.0000E+00      -1  -0.547E-01   20.00
  82   -81.0000       1.193 0.4300   0.2496E+02  0.0000E+00 -0.3897E+02  0.0000E+00      -1  -0.547E-01   20.00
  83   -82.0000       0.631 0.4300   0.2496E+02  0.0000E+00 -0.3897E+02  0.0000E+00      -1  -0.547E-01   20.00
  84   -83.0000       0.070 0.4300   0.2496E+02  0.0000E+00 -0.3897E+02  0.0000E+00      -1  -0.547E-01   20.00
  85   -84.0000      -0.703 0.4296   0.1899E+02  0.9019E-03 -0.3889E+02  0.0000E+00      -1  -0.546E-01   20.00
  86   -85.0000      -1.995 0.4279   0.1487E+02  0.1585E-02 -0.3860E+02  0.0000E+00      -1  -0.541E-01   20.00
  87   -86.0000      -3.945 0.4241   0.1115E+02  0.2227E-02 -0.3793E+02  0.0000E+00      -1  -0.532E-01   20.00
  88   -87.0000      -6.930 0.4165   0.7661E+01  0.2805E-02 -0.3660E+02  0.0000E+00      -1  -0.514E-01   20.00
  89   -88.0000     -11.840 0.4016   0.4427E+01  0.3199E-02 -0.3398E+02  0.0000E+00      -1  -0.477E-01   20.00
  90   -89.0000     -21.025 0.3724   0.1902E+01  0.3071E-02 -0.2895E+02  0.0000E+00      -1  -0.406E-01   20.00
  91   -90.0000     -42.066 0.3184   0.4273E+00  0.2107E-02 -0.1991E+02  0.0000E+00      -1  -0.279E-01   20.00
  92   -91.0000    -102.537 0.2407   0.3341E-01  0.7947E-03 -0.7910E+01  0.0000E+00      -1  -0.111E-01   20.00
  93   -92.0000    -189.108 0.1963   0.4510E-02  0.3351E-03 -0.8543E+00  0.0000E+00      -1  -0.120E-02   20.00
  94   -93.0000    -199.672 0.1931   0.3838E-02  0.3115E-03 -0.2666E-01  0.0000E+00      -1  -0.374E-04   20.00
  95   -94.0000    -199.991 0.1930   0.3823E-02  0.3109E-03 -0.4455E-02  0.0000E+00      -1  -0.625E-05   20.00
  96   -95.0000    -200.000 0.1930   0.3823E-02  0.3109E-03 -0.3840E-02  0.0000E+00      -1  -0.539E-05   20.00
  97   -96.0000    -200.000 0.1930   0.3823E-02  0.3109E-03 -0.3823E-02  0.0000E+00      -1  -0.536E-05   20.00
  98   -97.0000    -200.000 0.1930   0.3823E-02  0.3109E-03 -0.3823E-02  0.0000E+00      -1  -0.536E-05   20.00
  99   -98.0000    -200.000 0.1930   0.3823E-02  0.3109E-03 -0.3823E-02  0.0000E+00      -1  -0.536E-05   20.00
 100   -99.0000    -200.000 0.1930   0.3823E-02  0.3109E-03 -0.3823E-02  0.0000E+00      -1  -0.536E-05   20.00
 101  -100.0000    -200.000 0.1930   0.3823E-02  0.3109E-03 -0.3823E-02  0.0000E+00      -1  -0.536E-05   20.00
end


 Time:        0.3000


 Node      Depth      Head Moisture       K          C         Flux        Sink         Kappa   v/KsTop   Temp
           [L]        [L]    [-]        [L/T]      [1/L]      [L/T]        [1/T]         [-]      [-]      [C]

   1     0.0000       0.000 0.4300   0.7128E+03  0.0000E+00 -0.3719E+02  0.0000E+00      -1  -0.522E-01   20.00
   2    -1.0000       0.948 0.4300   0.7128E+03  0.0000E+00 -0.3719E+02  0.0000E+00      -1  -0.522E-01   20.00
   3    -2.0000       1.896 0.4300   0.7128E+03  0.0000E+00 -0.3719E+02  0.0000E+00      -1  -0.522E-01   20.00
   4    -3.0000       2.843 0.4300   0.7128E+03  0.0000E+00 -0.3719E+02  0.0000E+00      -1  -0.522E-01   20.00
   5    -4.0000       3.791 0.4300   0.7128E+03  0.0000E+00 -0.3719E+02  0.0000E+00      -1  -0.522E-01   20.00
   6    -5.0000       4.739 0.4300   0.7128E+03  0.0000E+00 -0.3719E+02  0.0000E+00      -1  -0.522E-01   20.00
   7    -6.0000       5.687 0.4300   0.7128E+03  0.0000E+00 -0.3719E+02  0.0000E+00      -1  -0.522E-01   20.00
   8    -7.0000       6.635 0.4300   0.7128E+03  0.0000E+00 -0.3719E+02  0.0000E+00      -1  -0.522E-01   20.00
   9    -8.0000       7.583 0.4300   0.7128E+03  0.0000E+00 -0.3719E+02  0.0000E+00      -1  -0.522E-01   20.00
  10    -9.0000       8.530 0.4300   0.7128E+03  0.0000E+00 -0.3719E+02  0.0000E+00      -1  -0.522E-01   20.00
  11   -10.0000       9.478 0.4300   0.7128E+03  0.0000E+00 -0.3719E+02  0.0000E+00      -1  -0.522E-01   20.00
  12   -11.0000      10.426 0.4300   0.7128E+03  0.0000E+00 -0.3719E+02  0.0000E+00      -1  -0.522E-01   20.00
  13   -12.0000      11.374 0.4300   0.7128E+03  0.0000E+00 -0.3719E+02  0.0000E+00      -1  -0.522E-01   20.00
  14   -13.0000      12.322 0.4300   0.7128E+03  0.0000E+00 -0.3719E+02  0.0000E+00      -1  -0.522E-01   20.00
  15   -14.0000      13.269 0.4300   0.7128E+03  0.0000E+00 -0.3719E+02  0.0000E+00      -1  -0.522E-01   20.00
  16   -15.0000      14.217 0.4300   0.7128E+03  0.0000E+00 -0.3719E+02  0.0000E+00      -1  -0.522E-01   20.00
  17   -16.0000      15.165 0.4300   0.7128E+03  0.0000E+00 -0.3719E+02  0.0000E+00      -1  -0.522E-01   20.00
  18   -17.0000      16.113 0.4300   0.7128E+03  0.0000E+00 -0.3719E+02  0.0000E+00      -1  -0.522E-01   20.00
  19   -18.0000      17.061 0.4300   0.7128E+03  0.0000E+00 -0.3719E+02  0.0000E+00      -1  -0.522E-01   20.00
  20   -19.0000      18.009 0.4300   0.7128E+03  0.0000E+00 -0.3719E+02  0.0000E+00      -1  -0.522E-01   20.00
  21   -20.0000      18.956 0.4300   0.7128E+03  0.0000E+00 -0.3719E+02  0.0000E+00      -1  -0.522E-01   20.00
  22   -21.0000      19.904 0.4300   0.7128E+03  0.0000E+00 -0.3719E+02  0.0000E+00      -1  -0.522E-01   20.00
  23   -22.0000      20.852 0.4300   0.7128E+03  0.0000E+00 -0.3719E+02  0.0000E+00      -1  -0.522E-01   20.00
  24   -23.0000      21.800 0.4300   0.7128E+03  0.0000E+00 -0.3719E+02  0.0000E+00      -1  -0.522E-01   20.00
  25   -24.0000      22.748 0.4300   0.7128E+03  0.0000E+00 -0.3719E+02  0.0000E+00      -1  -0.522E-01   20.00
  26   -25.0000      23.695 0.4300   0.7128E+03  0.0000E+00 -0.3719E+02  0.0000E+00      -1  -0.522E-01   20.00
  27   -26.0000      24.643 0.4300   0.7128E+03  0.0000E+00 -0.3719E+02  0.0000E+00      -1  -0.522E-01   20.00
  28   -27.0000      25.591 0.4300   0.7128E+03  0.0000E+00 -0.3719E+02  0.0000E+00      -1  -0.522E-01   20.00
  29   -28.0000      26.539 0.4300   0.7128E+03  0.0000E+00 -0.3719E+02  0.0000E+00      -1  -0.522E-01   20.00
  30   -29.0000      27.487 0.4300   0.7128E+03  0.0000E+00 -0.3719E+02  0.0000E+00      -1  -0.522E-01   20.00
  31   -30.0000      28.435 0.4300   0.7128E+03  0.0000E+00 -0.3720E+02  0.0000E+00      -1  -0.522E-01   20.00
  32   -31.0000      29.334 0.4300   0.2496E+02  0.0000E+00 -0.3720E+02  0.0000E+00      -1  -0.522E-01   20.00
  33   -32.0000      28.844 0.4300   0.2496E+02  0.0000E+00 -0.3720E+02  0.0000E+00      -1  -0.522E-01   20.00
  34   -33.0000      28.353 0.4300   0.2496E+02  0.0000E+00 -0.3720E+02  0.0000E+00      -1  -0.522E-01   20.00
  35   -34.0000      27.863 0.4300   0.2496E+02  0.0000E+00 -0.3720E+02  0.0000E+00      -1  -0.522E-01   20.00
  36   -35.0000      27.373 0.4300   0.2496E+02  0.0000E+00 -0.3720E+02  0.0000E+00      -1  -0.522E-01   20.00
  37   -36.0000      26.883 0.4300   0.2496E+02  0.0000E+00 -0.3720E+02  0.0000E+00      -1  -0.522E-01   20.00
  38   -37.0000      26.392 0.4300   0.2496E+02  0.0000E+00 -0.3720E+02  0.0000E+00      -1  -0.522E-01   20.00
  39   -38.0000      25.902 0.4300   0.2496E+02  0.0000E+00 -0.3720E+02  0.0000E+00      -1  -0.522E-01   20.00
  40   -39.0000      25.412 0.4300   0.2496E+02  0.0000E+00 -0.3720E+02  0.0000E+00      -1  -0.522E-01   20.00
  41   -40.0000      24.922 0.4300   0.2496E+02  0.0000E+00 -0.3720E+02  0.0000E+00      -1  -0.522E-01   20.00
  42   -41.0000      24.431 0.4300   0.2496E+02  0.0000E+00 -0.3720E+02  0.0000E+00      -1  -0.522E-01   20.00
  43   -42.0000      23.941 0.4300   0.2496E+02  0.0000E+00 -0.3720E+02  0.0000E+00      -1  -0.522E-01   20.00
  44   -43.0000      23.451 0.4300   0.2496E+02  0.0000E+00 -0.3720E+02  0.0000E+00      -1  -0.522E-01   20.00
  45   -44.0000      22.961 0.4300   0.2496E+02  0.0000E+00 -0.3720E+02  0.0000E+00      -1  -0.522E-01   20.00
  46   -45.0000      22.471 0.4300   0.2496E+02  0.0000E+00 -0.3720E+02  0.0000E+00      -1  -0.522E-01   20.00
  47   -46.0000      21.980 0.4300   0.2496E+02  0.0000E+00 -0.3720E+02  0.0000E+00      -1  -0.522E-01   20.00
  48   -47.0000      21.490 0.4300   0.2496E+02  0.0000E+00 -0.3720E+02  0.0000E+00      -1  -0.522E-01   20.00
  49   -48.0000      21.000 0.4300   0.2496E+02  0.0000E+00 -0.3720E+02  0.0000E+00      -1  -0.522E-01   20.00
  50   -49.0000      20.510 0.4300   0.2496E+02  0.0000E+00 -0.3720E+02  0.0000E+00      -1  -0.522E-01   20.00
  51   -50.0000      20.019 0.4300   0.2496E+02  0.0000E+00 -0.3720E+02  0.0000E+00      -1  -0.522E-01   20.00
  52   -51.0000      19.529 0.4300   0.2496E+02  0.0000E+00 -0.3720E+02  0.0000E+00      -1  -0.522E-01   20.00
  53   -52.0000      19.039 0.4300   0.2496E+02  0.0000E+00 -0.3720E+02  0.0000E+00      -1  -0.522E-01   20.00
  54   -53.0000      18.549 0.4300   0.2496E+02  0.0000E+00 -0.3720E+02  0.0000E+00      -1  -0.522E-01   20.00
  55   -54.0000      18.058 0.4300   0.2496E+02  0.0000E+00 -0.3720E+02  0.0000E+00      -1  -0.522E-01   20.00
  56   -55.0000      17.568 0.4300   0.2496E+02  0.0000E+00 -0.3720E+02  0.0000E+00      -1  -0.522E-01   20.00
  57   -56.0000      17.078 0.4300   0.2496E+02  0.0000E+00 -0.3720E+02  0.0000E+00      -1  -0.522E-01   20.00
  58   -57.0000      16.588 0.4300   0.2496E+02  0.0000E+00 -0.3720E+02  0.0000E+00      -1  -0.522E-01   20.00
  59   -58.0000      16.098 0.4300   0.2496E+02  0.0000E+00 -0.3720E+02  0.0000E+00      -1  -0.522E-01   20.00
  60   -59.0000      15.607 0.4300   0.2496E+02  0.0000E+00 -0.3720E+02  0.0000E+00      -1  -0.522E-01   20.00
  61   -60.0000      15.117 0.4300   0.2496E+02  0.0000E+00 -0.3720E+02  0.0000E+00      -1  -0.522E-01   20.00
  62   -61.0000      14.627 0.4300   0.2496E+02  0.0000E+00 -0.3720E+02  0.0000E+00      -1  -0.522E-01   20.00
  63   -62.0000      14.137 0.4300   0.2496E+02  0.0000E+00 -0.3720E+02  0.0000E+00      -1  -0.522E-01   20.00
  64   -63.0000      13.646 0.4300   0.2496E+02  0.0000E+00 -0.3720E+02  0.0000E+00      -1  -0.522E-01   20.00
  65   -64.0000      13.156 0.4300   0.2496E+02  0.0000E+00 -0.3720E+02  0.0000E+00      -1  -0.522E-01   20.00
  66   -65.0000      12.666 0.4300   0.2496E+02  0.0000E+00 -0.3720E+02  0.0000E+00      -1  -0.522E-01   20.00
  67   -66.0000      12.176 0.4300   0.2496E+02  0.0000E+00 -0.3720E+02  0.0000E+00      -1  -0.522E-01   20.00
  68   -67.0000      11.685 0.4300   0.2496E+02  0.0000E+00 -0.3720E+02  0.0000E+00      -1  -0.522E-01   20.00
  69   -68.0000      11.195 0.4300   0.2496E+02  0.0000E+00 -0.3720E+02  0.0000E+00      -1  -0.522E-01   20.00
  70   -69.0000      10.705 0.4300   0.2496E+02  0.0000E+00 -0.3720E+02  0.0000E+00      -1  -0.522E-01   20.00
  71   -70.0000      10.215 0.4300   0.2496E+02  0.0000E+00 -0.3720E+02  0.0000E+00      -1  -0.522E-01   20.00
  72   -71.0000       9.725 0.4300   0.2496E+02  0.0000E+00 -0.3720E+02  0.0000E+00      -1  -0.522E-01   20.00
  73   -72.0000       9.234 0.4300   0.2496E+02  0.0000E+00 -0.3720E+02  0.0000E+00      -1  -0.522E-01   20.00
  74   -73.0000       8.744 0.4300   0.2496E+02  0.0000E+00 -0.3720E+02  0.0000E+00      -1  -0.522E-01   20.00
  75   -74.0000       8.254 0.4300   0.2496E+02  0.0000E+00 -0.3720E+02  0.0000E+00      -1  -0.522E-01   20.00
  76   -75.0000       7.764 0.4300   0.2496E+02  0.0000E+00 -0.3720E+02  0.0000E+00      -1  -0.522E-01   20.00
  77   -76.0000       7.273 0.4300   0.2496E+02  0.0000E+00 -0.3720E+02  0.0000E+00      -1  -0.522E-01   20.00
  78   -77.0000       6.783 0.4300   0.2496E+02  0.0000E+00 -0.3720E+02  0.0000E+00      -1  -0.522E-01   20.00
  79   -78.0000       6.293 0.4300   0.2496E+02  0.0000E+00 -0.3720E+02  0.0000E+00      -1  -0.522E-01   20.00
  80   -79.0000       5.803 0.4300   0.2496E+02  0.0000E+00 -0.3720E+02  0.0000E+00      -1  -0.522E-01   20.00
  81   -80.0000       5.312 0.4300   0.2496E+02  0.0000E+00 -0.3720E+02  0.0000E+00      -1  -0.522E-01   20.00
  82   -81.0000       4.822 0.4300   0.2496E+02  0.0000E+00 -0.3720E+02  0.0000E+00      -1  -0.522E-01   20.00
  83   -82.0000       4.332 0.4300   0.2496E+02  0.0000E+00 -0.3720E+02  0.0000E+00      -1  -0.522E-01   20.00
  84   -83.0000       3.842 0.4300   0.2496E+02  0.0000E+00 -0.3720E+02  0.0000E+00      -1  -0.522E-01   20.00
  85   -84.0000       3.352 0.4300   0.2496E+02  0.0000E+00 -0.3720E+02  0.0000E+00      -1  -0.522E-01   20.00
  86   -85.0000       2.861 0.4300   0.2496E+02  0.0000E+00 -0.3720E+02  0.0000E+00      -1  -0.522E-01   20.00
  87   -86.0000       2.371 0.4300   0.2496E+02  0.0000E+00 -0.3720E+02  0.0000E+00      -1  -0.522E-01   20.00
  88   -87.0000       1.881 0.4300   0.2496E+02  0.0000E+00 -0.3720E+02  0.0000E+00      -1  -0.522E-01   20.00
  89   -88.0000       1.391 0.4300   0.2496E+02  0.0000E+00 -0.3720E+02  0.0000E+00      -1  -0.522E-01   20.00
  90   -89.0000       0.900 0.4300   0.2496E+02  0.0000E+00 -0.3720E+02  0.0000E+00      -1  -0.522E-01   20.00
  91   -90.0000       0.410 0.4300   0.2496E+02  0.0000E+00 -0.3720E+02  0.0000E+00      -1  -0.522E-01   20.00
  92   -91.0000      -0.168 0.4300   0.2217E+02  0.4085E-03 -0.3717E+02  0.0000E+00      -1  -0.521E-01   20.00
  93   -92.0000      -1.033 0.4293   0.1768E+02  0.1115E-02 -0.3705E+02  0.0000E+00      -1  -0.520E-01   20.00
  94   -93.0000      -2.367 0.4273   0.1399E+02  0.1736E-02 -0.3672E+02  0.0000E+00      -1  -0.515E-01   20.00
  95   -94.0000      -4.338 0.4233   0.1057E+02  0.2327E-02 -0.3605E+02  0.0000E+00      -1  -0.506E-01   20.00
  96   -95.0000      -7.326 0.4154   0.7280E+01  0.2865E-02 -0.3473E+02  0.0000E+00      -1  -0.487E-01   20.00
  97   -96.0000     -12.172 0.4005   0.4299E+01  0.3203E-02 -0.3224E+02  0.0000E+00      -1  -0.452E-01   20.00
  98   -97.0000     -21.059 0.3723   0.1897E+01  0.3070E-02 -0.2756E+02  0.0000E+00      -1  -0.387E-01   20.00
  99   -98.0000     -40.876 0.3208   0.4563E+00  0.2156E-02 -0.1911E+02  0.0000E+00      -1  -0.268E-01   20.00
 100   -99.0000     -95.255 0.2461   0.3959E-01  0.8627E-03 -0.7786E+01  0.0000E+00      -1  -0.109E-01   20.00
 101  -100.0000    -174.665 0.2019   0.6236E-02  0.3822E-03 -0.1843E+01  0.0000E+00      -1  -0.258E-02   20.00
end


 Time:        0.3500


 Node      Depth      Head Moisture       K          C         Flux        Sink         Kappa   v/KsTop   Temp
           [L]        [L]    [-]        [L/T]      [1/L]      [L/T]        [1/T]         [-]      [-]      [C]

   1     0.0000       0.000 0.4300   0.7128E+03  0.0000E+00 -0.2496E+02  0.0000E+00      -1  -0.350E-01   20.00
   2    -1.0000       0.965 0.4300   0.7128E+03  0.0000E+00 -0.2496E+02  0.0000E+00      -1  -0.350E-01   20.00
   3    -2.0000       1.930 0.4300   0.7128E+03  0.0000E+00 -0.2496E+02  0.0000E+00      -1  -0.350E-01   20.00
   4    -3.0000       2.895 0.4300   0.7128E+03  0.0000E+00 -0.2496E+02  0.0000E+00      -1  -0.350E-01   20.00
   5    -4.0000       3.860 0.4300   0.7128E+03  0.0000E+00 -0.2496E+02  0.0000E+00      -1  -0.350E-01   20.00
   6    -5.0000       4.825 0.4300   0.7128E+03  0.0000E+00 -0.2496E+02  0.0000E+00      -1  -0.350E-01   20.00
   7    -6.0000       5.790 0.4300   0.7128E+03  0.0000E+00 -0.2496E+02  0.0000E+00      -1  -0.350E-01   20.00
   8    -7.0000       6.755 0.4300   0.7128E+03  0.0000E+00 -0.2496E+02  0.0000E+00      -1  -0.350E-01   20.00
   9    -8.0000       7.720 0.4300   0.7128E+03  0.0000E+00 -0.2496E+02  0.0000E+00      -1  -0.350E-01   20.00
  10    -9.0000       8.685 0.4300   0.7128E+03  0.0000E+00 -0.2496E+02  0.0000E+00      -1  -0.350E-01   20.00
  11   -10.0000       9.650 0.4300   0.7128E+03  0.0000E+00 -0.2496E+02  0.0000E+00      -1  -0.350E-01   20.00
  12   -11.0000      10.615 0.4300   0.7128E+03  0.0000E+00 -0.2496E+02  0.0000E+00      -1  -0.350E-01   20.00
  13   -12.0000      11.580 0.4300   0.7128E+03  0.0000E+00 -0.2496E+02  0.0000E+00      -1  -0.350E-01   20.00
  14   -13.0000      12.545 0.4300   0.7128E+03  0.0000E+00 -0.2496E+02  0.0000E+00      -1  -0.350E-01   20.00
  15   -14.0000      13.510 0.4300   0.7128E+03  0.0000E+00 -0.2496E+02  0.0000E+00      -1  -0.350E-01   20.00
  16   -15.0000      14.475 0.4300   0.7128E+03  0.0000E+00 -0.2496E+02  0.0000E+00      -1  -0.350E-01   20.00
  17   -16.0000      15.440 0.4300   0.7128E+03  0.0000E+00 -0.2496E+02  0.0000E+00      -1  -0.350E-01   20.00
  18   -17.0000      16.405 0.4300   0.7128E+03  0.0000E+00 -0.2496E+02  0.0000E+00      -1  -0.350E-01   20.00
  19   -18.0000      17.370 0.4300   0.7128E+03  0.0000E+00 -0.2496E+02  0.0000E+00      -1  -0.350E-01   20.00
  20   -19.0000      18.335 0.4300   0.7128E+03  0.0000E+00 -0.2496E+02  0.0000E+00      -1  -0.350E-01   20.00
  21   -20.0000      19.300 0.4300   0.7128E+03  0.0000E+00 -0.2496E+02  0.0000E+00      -1  -0.350E-01   20.00
  22   -21.0000      20.265 0.4300   0.7128E+03  0.0000E+00 -0.2496E+02  0.0000E+00      -1  -0.350E-01   20.00
  23   -22.0000      21.230 0.4300   0.7128E+03  0.0000E+00 -0.2496E+02  0.0000E+00      -1  -0.350E-01   20.00
  24   -23.0000      22.195 0.4300   0.7128E+03  0.0000E+00 -0.2496E+02  0.0000E+00      -1  -0.350E-01   20.00
  25   -24.0000      23.160 0.4300   0.7128E+03  0.0000E+00 -0.2496E+02  0.0000E+00      -1  -0.350E-01   20.00
  26   -25.0000      24.125 0.4300   0.7128E+03  0.0000E+00 -0.2496E+02  0.0000E+00      -1  -0.350E-01   20.00
  27   -26.0000      25.090 0.4300   0.7128E+03  0.0000E+00 -0.2496E+02  0.0000E+00      -1  -0.350E-01   20.00
  28   -27.0000      26.055 0.4300   0.7128E+03  0.0000E+00 -0.2496E+02  0.0000E+00      -1  -0.350E-01   20.00
  29   -28.0000      27.020 0.4300   0.7128E+03  0.0000E+00 -0.2496E+02  0.0000E+00      -1  -0.350E-01   20.00
  30   -29.0000      27.985 0.4300   0.7128E+03  0.0000E+00 -0.2496E+02  0.0000E+00      -1  -0.350E-01   20.00
  31   -30.0000      28.950 0.4300   0.7128E+03  0.0000E+00 -0.2496E+02  0.0000E+00      -1  -0.350E-01   20.00
  32   -31.0000      29.882 0.4300   0.2496E+02  0.0000E+00 -0.2496E+02  0.0000E+00      -1  -0.350E-01   20.00
  33   -32.0000      29.882 0.4300   0.2496E+02  0.0000E+00 -0.2496E+02  0.0000E+00      -1  -0.350E-01   20.00
  34   -33.0000      29.882 0.4300   0.2496E+02  0.0000E+00 -0.2496E+02  0.0000E+00      -1  -0.350E-01   20.00
  35   -34.0000      29.882 0.4300   0.2496E+02  0.0000E+00 -0.2496E+02  0.0000E+00      -1  -0.350E-01   20.00
  36   -35.0000      29.882 0.4300   0.2496E+02  0.0000E+00 -0.2496E+02  0.0000E+00      -1  -0.350E-01   20.00
  37   -36.0000      29.882 0.4300   0.2496E+02  0.0000E+00 -0.2496E+02  0.0000E+00      -1  -0.350E-01   20.00
  38   -37.0000      29.882 0.4300   0.2496E+02  0.0000E+00 -0.2496E+02  0.0000E+00      -1  -0.350E-01   20.00
  39   -38.0000      29.882 0.4300   0.2496E+02  0.0000E+00 -0.2496E+02  0.0000E+00      -1  -0.350E-01   20.00
  40   -39.0000      29.882 0.4300   0.2496E+02  0.0000E+00 -0.2496E+02  0.0000E+00      -1  -0.350E-01   20.00
  41   -40.0000      29.882 0.4300   0.2496E+02  0.0000E+00 -0.2496E+02  0.0000E+00      -1  -0.350E-01   20.00
  42   -41.0000      29.882 0.4300   0.2496E+02  0.0000E+00 -0.2496E+02  0.0000E+00      -1  -0.350E-01   20.00
  43   -42.0000      29.882 0.4300   0.2496E+02  0.0000E+00 -0.2496E+02  0.0000E+00      -1  -0.350E-01   20.00
  44   -43.0000      29.882 0.4300   0.2496E+02  0.0000E+00 -0.2496E+02  0.0000E+00      -1  -0.350E-01   20.00
  45   -44.0000      29.882 0.4300   0.2496E+02  0.0000E+00 -0.2496E+02  0.0000E+00      -1  -0.350E-01   20.00
  46   -45.0000      29.882 0.4300   0.2496E+02  0.0000E+00 -0.2496E+02  0.0000E+00      -1  -0.350E-01   20.00
  47   -46.0000      29.882 0.4300   0.2496E+02  0.0000E+00 -0.2496E+02  0.0000E+00      -1  -0.350E-01   20.00
  48   -47.0000      29.882 0.4300   0.2496E+02  0.0000E+00 -0.2496E+02  0.0000E+00      -1  -0.350E-01   20.00
  49   -48.0000      29.882 0.4300   0.2496E+02  0.0000E+00 -0.2496E+02  0.0000E+00      -1  -0.350E-01   20.00
  50   -49.0000      29.882 0.4300   0.2496E+02  0.0000E+00 -0.2496E+02  0.0000E+00      -1  -0.350E-01   20.00
  51   -50.0000      29.882 0.4300   0.2496E+02  0.0000E+00 -0.2496E+02  0.0000E+00      -1  -0.350E-01   20.00
  52   -51.0000      29.882 0.4300   0.2496E+02  0.0000E+00 -0.2496E+02  0.0000E+00      -1  -0.350E-01   20.00
  53   -52.0000      29.882 0.4300   0.2496E+02  0.0000E+00 -0.2496E+02  0.0000E+00      -1  -0.350E-01   20.00
  54   -53.0000      29.882 0.4300   0.2496E+02  0.0000E+00 -0.2496E+02  0.0000E+00      -1  -0.350E-01   20.00
  55   -54.0000      29.882 0.4300   0.2496E+02  0.0000E+00 -0.2496E+02  0.0000E+00      -1  -0.350E-01   20.00
  56   -55.0000      29.882 0.4300   0.2496E+02  0.0000E+00 -0.2496E+02  0.0000E+00      -1  -0.350E-01   20.00
  57   -56.0000      29.882 0.4300   0.2496E+02  0.0000E+00 -0.2496E+02  0.0000E+00      -1  -0.350E-01   20.00
  58   -57.0000      29.882 0.4300   0.2496E+02  0.0000E+00 -0.2496E+02  0.0000E+00      -1  -0.350E-01   20.00
  59   -58.0000      29.882 0.4300   0.2496E+02  0.0000E+00 -0.2496E+02  0.0000E+00      -1  -0.350E-01   20.00
  60   -59.0000      29.882 0.4300   0.2496E+02  0.0000E+00 -0.2496E+02  0.0000E+00      -1  -0.350E-01   20.00
  61   -60.0000      29.882 0.4300   0.2496E+02  0.0000E+00 -0.2496E+02  0.0000E+00      -1  -0.350E-01   20.00
  62   -61.0000      29.882 0.4300   0.2496E+02  0.0000E+00 -0.2496E+02  0.0000E+00      -1  -0.350E-01   20.00
  63   -62.0000      29.882 0.4300   0.2496E+02  0.0000E+00 -0.2496E+02  0.0000E+00      -1  -0.350E-01   20.00
  64   -63.0000      29.882 0.4300   0.2496E+02  0.0000E+00 -0.2496E+02  0.0000E+00      -1  -0.350E-01   20.00
  65   -64.0000      29.882 0.4300   0.2496E+02  0.0000E+00 -0.2496E+02  0.0000E+00      -1  -0.350E-01   20.00
  66   -65.0000      29.882 0.4300   0.2496E+02  0.0000E+00 -0.2496E+02  0.0000E+00      -1  -0.350E-01   20.00
  67   -66.0000      29.882 0.4300   0.2496E+02  0.0000E+00 -0.2496E+02  0.0000E+00      -1  -0.350E-01   20.00
  68   -67.0000      29.882 0.4300   0.2496E+02  0.0000E+00 -0.2496E+02  0.0000E+00      -1  -0.350E-01   20.00
  69   -68.0000      29.882 0.4300   0.2496E+02  0.0000E+00 -0.2496E+02  0.0000E+00      -1  -0.350E-01   20.00
  70   -69.0000      29.882 0.4300   0.2496E+02  0.0000E+00 -0.2496E+02  0.0000E+00      -1  -0.350E-01   20.00
  71   -70.0000      29.882 0.4300   0.2496E+02  0.0000E+00 -0.2496E+02  0.0000E+00      -1  -0.350E-01   20.00
  72   -71.0000      29.882 0.4300   0.2496E+02  0.0000E+00 -0.2496E+02  0.0000E+00      -1  -0.350E-01   20.00
  73   -72.0000      29.882 0.4300   0.2496E+02  0.0000E+00 -0.2496E+02  0.0000E+00      -1  -0.350E-01   20.00
  74   -73.0000      29.882 0.4300   0.2496E+02  0.0000E+00 -0.2496E+02  0.0000E+00      -1  -0.350E-01   20.00
  75   -74.0000      29.882 0.4300   0.2496E+02  0.0000E+00 -0.2496E+02  0.0000E+00      -1  -0.350E-01   20.00
  76   -75.0000      29.882 0.4300   0.2496E+02  0.0000E+00 -0.2496E+02  0.0000E+00      -1  -0.350E-01   20.00
  77   -76.0000      29.882 0.4300   0.2496E+02  0.0000E+00 -0.2496E+02  0.0000E+00      -1  -0.350E-01   20.00
  78   -77.0000      29.882 0.4300   0.2496E+02  0.0000E+00 -0.2496E+02  0.0000E+00      -1  -0.350E-01   20.00
  79   -78.0000      29.882 0.4300   0.2496E+02  0.0000E+00 -0.2496E+02  0.0000E+00      -1  -0.350E-01   20.00
  80   -79.0000      29.882 0.4300   0.2496E+02  0.0000E+00 -0.2496E+02  0.0000E+00      -1  -0.350E-01   20.00
  81   -80.0000      29.882 0.4300   0.2496E+02  0.0000E+00 -0.2496E+02  0.0000E+00      -1  -0.350E-01   20.00
  82   -81.0000      29.882 0.4300   0.2496E+02  0.0000E+00 -0.2496E+02  0.0000E+00      -1  -0.350E-01   20.00
  83   -82.0000      29.882 0.4300   0.2496E+02  0.0000E+00 -0.2496E+02  0.0000E+00      -1  -0.350E-01   20.00
  84   -83.0000      29.882 0.4300   0.2496E+02  0.0000E+00 -0.2496E+02  0.0000E+00      -1  -0.350E-01   20.00
  85   -84.0000      29.882 0.4300   0.2496E+02  0.0000E+00 -0.2496E+02  0.0000E+00      -1  -0.350E-01   20.00
  86   -85.0000      29.882 0.4300   0.2496E+02  0.0000E+00 -0.2496E+02  0.0000E+00      -1  -0.350E-01   20.00
  87   -86.0000      29.882 0.4300   0.2496E+02  0.0000E+00 -0.2496E+02  0.0000E+00      -1  -0.350E-01   20.00
  88   -87.0000      29.882 0.4300   0.2496E+02  0.0000E+00 -0.2496E+02  0.0000E+00      -1  -0.350E-01   20.00
  89   -88.0000      29.882 0.4300   0.2496E+02  0.0000E+00 -0.2496E+02  0.0000E+00      -1  -0.350E-01   20.00
  90   -89.0000      29.882 0.4300   0.2496E+02  0.0000E+00 -0.2496E+02  0.0000E+00      -1  -0.350E-01   20.00
  91   -90.0000      29.882 0.4300   0.2496E+02  0.0000E+00 -0.2496E+02  0.0000E+00      -1  -0.350E-01   20.00
  92   -91.0000      29.882 0.4300   0.2496E+02  0.0000E+00 -0.2496E+02  0.0000E+00      -1  -0.350E-01   20.00
  93   -92.0000      29.882 0.4300   0.2496E+02  0.0000E+00 -0.2496E+02  0.0000E+00      -1  -0.350E-01   20.00
  94   -93.0000      29.882 0.4300   0.2496E+02  0.0000E+00 -0.2496E+02  0.0000E+00      -1  -0.350E-01   20.00
  95   -94.0000      29.882 0.4300   0.2496E+02  0.0000E+00 -0.2496E+02  0.0000E+00      -1  -0.350E-01   20.00
  96   -95.0000      29.882 0.4300   0.2496E+02  0.0000E+00 -0.2496E+02  0.0000E+00      -1  -0.350E-01   20.00
  97   -96.0000      29.882 0.4300   0.2496E+02  0.0000E+00 -0.2496E+02  0.0000E+00      -1  -0.350E-01   20.00
  98   -97.0000      29.882 0.4300   0.2496E+02  0.0000E+00 -0.2496E+02  0.0000E+00      -1  -0.350E-01   20.00
  99   -98.0000      29.882 0.4300   0.2496E+02  0.0000E+00 -0.2496E+02  0.0000E+00      -1  -0.350E-01   20.00
 100   -99.0000      29.882 0.4300   0.2496E+02  0.0000E+00 -0.2496E+02  0.0000E+00      -1  -0.350E-01   20.00
 101  -100.0000      29.882 0.4300   0.2496E+02  0.0000E+00 -0.2496E+02  0.0000E+00      -1  -0.350E-01   20.00
end


 Time:        0.4000


 Node      Depth      Head Moisture       K          C         Flux        Sink         Kappa   v/KsTop   Temp
           [L]        [L]    [-]        [L/T]      [1/L]      [L/T]        [1/T]         [-]      [-]      [C]

   1     0.0000       0.000 0.4300   0.7128E+03  0.0000E+00 -0.2496E+02  0.0000E+00      -1  -0.350E-01   20.00
   2    -1.0000       0.965 0.4300   0.7128E+03  0.0000E+00 -0.2496E+02  0.0000E+00      -1  -0.350E-01   20.00
   3    -2.0000       1.930 0.4300   0.7128E+03  0.0000E+00 -0.2496E+02  0.0000E+00      -1  -0.350E-01   20.00
   4    -3.0000       2.895 0.4300   0.7128E+03  0.0000E+00 -0.2496E+02  0.0000E+00      -1  -0.350E-01   20.00
   5    -4.0000       3.860 0.4300   0.7128E+03  0.0000E+00 -0.2496E+02  0.0000E+00      -1  -0.350E-01   20.00
   6    -5.0000       4.825 0.4300   0.7128E+03  0.0000E+00 -0.2496E+02  0.0000E+00      -1  -0.350E-01   20.00
   7    -6.0000       5.790 0.4300   0.7128E+03  0.0000E+00 -0.2496E+02  0.0000E+00      -1  -0.350E-01   20.00
   8    -7.0000       6.755 0.4300   0.7128E+03  0.0000E+00 -0.2496E+02  0.0000E+00      -1  -0.350E-01   20.00
   9    -8.0000       7.720 0.4300   0.7128E+03  0.0000E+00 -0.2496E+02  0.0000E+00      -1  -0.350E-01   20.00
  10    -9.0000       8.685 0.4300   0.7128E+03  0.0000E+00 -0.2496E+02  0.0000E+00      -1  -0.350E-01   20.00
  11   -10.0000       9.650 0.4300   0.7128E+03  0.0000E+00 -0.2496E+02  0.0000E+00      -1  -0.350E-01   20.00
  12   -11.0000      10.615 0.4300   0.7128E+03  0.0000E+00 -0.2496E+02  0.0000E+00      -1  -0.350E-01   20.00
  13   -12.0000      11.580 0.4300   0.7128E+03  0.0000E+00 -0.2496E+02  0.0000E+00      -1  -0.350E-01   20.00
  14   -13.0000      12.545 0.4300   0.7128E+03  0.0000E+00 -0.2496E+02  0.0000E+00      -1  -0.350E-01   20.00
  15   -14.0000      13.510 0.4300   0.7128E+03  0.0000E+00 -0.2496E+02  0.0000E+00      -1  -0.350E-01   20.00
  16   -15.0000      14.475 0.4300   0.7128E+03  0.0000E+00 -0.2496E+02  0.0000E+00      -1  -0.350E-01   20.00
  17   -16.0000      15.440 0.4300   0.7128E+03  0.0000E+00 -0.2496E+02  0.0000E+00      -1  -0.350E-01   20.00
  18   -17.0000      16.405 0.4300   0.7128E+03  0.0000E+00 -0.2496E+02  0.0000E+00      -1  -0.350E-01   20.00
  19   -18.0000      17.370 0.4300   0.7128E+03  0.0000E+00 -0.2496E+02  0.0000E+00      -1  -0.350E-01   20.00
  20   -19.0000      18.335 0.4300   0.7128E+03  0.0000E+00 -0.2496E+02  0.0000E+00      -1  -0.350E-01   20.00
  21   -20.0000      19.300 0.4300   0.7128E+03  0.0000E+00 -0.2496E+02  0.0000E+00      -1  -0.350E-01   20.00
  22   -21.0000      20.265 0.4300   0.7128E+03  0.0000E+00 -0.2496E+02  0.0000E+00      -1  -0.350E-01   20.00
  23   -22.0000      21.230 0.4300   0.7128E+03  0.0000E+00 -0.2496E+02  0.0000E+00      -1  -0.350E-01   20.00
  24   -23.0000      22.195 0.4300   0.7128E+03  0.0000E+00 -0.2496E+02  0.0000E+00      -1  -0.350E-01   20.00
  25   -24.0000      23.160 0.4300   0.7128E+03  0.0000E+00 -0.2496E+02  0.0000E+00      -1  -0.350E-01   20.00
  26   -25.0000      24.125 0.4300   0.7128E+03  0.0000E+00 -0.2496E+02  0.0000E+00      -1  -0.350E-01   20.00
  27   -26.0000      25.090 0.4300   0.7128E+03  0.0000E+00 -0.2496E+02  0.0000E+00      -1  -0.350E-01   20.00
  28   -27.0000      26.055 0.4300   0.7128E+03  0.0000E+00 -0.2496E+02  0.0000E+00      -1  -0.350E-01   20.00
  29   -28.0000      27.020 0.4300   0.7128E+03  0.0000E+00 -0.2496E+02  0.0000E+00      -1  -0.350E-01   20.00
  30   -29.0000      27.985 0.4300   0.7128E+03  0.0000E+00 -0.2496E+02  0.0000E+00      -1  -0.350E-01   20.00
  31   -30.0000      28.950 0.4300   0.7128E+03  0.0000E+00 -0.2496E+02  0.0000E+00      -1  -0.350E-01   20.00
  32   -31.0000      29.882 0.4300   0.2496E+02  0.0000E+00 -0.2496E+02  0.0000E+00      -1  -0.350E-01   20.00
  33   -32.0000      29.882 0.4300   0.2496E+02  0.0000E+00 -0.2496E+02  0.0000E+00      -1  -0.350E-01   20.00
  34   -33.0000      29.882 0.4300   0.2496E+02  0.0000E+00 -0.2496E+02  0.0000E+00      -1  -0.350E-01   20.00
  35   -34.0000      29.882 0.4300   0.2496E+02  0.0000E+00 -0.2496E+02  0.0000E+00      -1  -0.350E-01   20.00
  36   -35.0000      29.882 0.4300   0.2496E+02  0.0000E+00 -0.2496E+02  0.0000E+00      -1  -0.350E-01   20.00
  37   -36.0000      29.882 0.4300   0.2496E+02  0.0000E+00 -0.2496E+02  0.0000E+00      -1  -0.350E-01   20.00
  38   -37.0000      29.882 0.4300   0.2496E+02  0.0000E+00 -0.2496E+02  0.0000E+00      -1  -0.350E-01   20.00
  39   -38.0000      29.882 0.4300   0.2496E+02  0.0000E+00 -0.2496E+02  0.0000E+00      -1  -0.350E-01   20.00
  40   -39.0000      29.882 0.4300   0.2496E+02  0.0000E+00 -0.2496E+02  0.0000E+00      -1  -0.350E-01   20.00
  41   -40.0000      29.882 0.4300   0.2496E+02  0.0000E+00 -0.2496E+02  0.0000E+00      -1  -0.350E-01   20.00
  42   -41.0000      29.882 0.4300   0.2496E+02  0.0000E+00 -0.2496E+02  0.0000E+00      -1  -0.350E-01   20.00
  43   -42.0000      29.882 0.4300   0.2496E+02  0.0000E+00 -0.2496E+02  0.0000E+00      -1  -0.350E-01   20.00
  44   -43.0000      29.882 0.4300   0.2496E+02  0.0000E+00 -0.2496E+02  0.0000E+00      -1  -0.350E-01   20.00
  45   -44.0000      29.882 0.4300   0.2496E+02  0.0000E+00 -0.2496E+02  0.0000E+00      -1  -0.350E-01   20.00
  46   -45.0000      29.882 0.4300   0.2496E+02  0.0000E+00 -0.2496E+02  0.0000E+00      -1  -0.350E-01   20.00
  47   -46.0000      29.882 0.4300   0.2496E+02  0.0000E+00 -0.2496E+02  0.0000E+00      -1  -0.350E-01   20.00
  48   -47.0000      29.882 0.4300   0.2496E+02  0.0000E+00 -0.2496E+02  0.0000E+00      -1  -0.350E-01   20.00
  49   -48.0000      29.882 0.4300   0.2496E+02  0.0000E+00 -0.2496E+02  0.0000E+00      -1  -0.350E-01   20.00
  50   -49.0000      29.882 0.4300   0.2496E+02  0.0000E+00 -0.2496E+02  0.0000E+00      -1  -0.350E-01   20.00
  51   -50.0000      29.882 0.4300   0.2496E+02  0.0000E+00 -0.2496E+02  0.0000E+00      -1  -0.350E-01   20.00
  52   -51.0000      29.882 0.4300   0.2496E+02  0.0000E+00 -0.2496E+02  0.0000E+00      -1  -0.350E-01   20.00
  53   -52.0000      29.882 0.4300   0.2496E+02  0.0000E+00 -0.2496E+02  0.0000E+00      -1  -0.350E-01   20.00
  54   -53.0000      29.882 0.4300   0.2496E+02  0.0000E+00 -0.2496E+02  0.0000E+00      -1  -0.350E-01   20.00
  55   -54.0000      29.882 0.4300   0.2496E+02  0.0000E+00 -0.2496E+02  0.0000E+00      -1  -0.350E-01   20.00
  56   -55.0000      29.882 0.4300   0.2496E+02  0.0000E+00 -0.2496E+02  0.0000E+00      -1  -0.350E-01   20.00
  57   -56.0000      29.882 0.4300   0.2496E+02  0.0000E+00 -0.2496E+02  0.0000E+00      -1  -0.350E-01   20.00
  58   -57.0000      29.882 0.4300   0.2496E+02  0.0000E+00 -0.2496E+02  0.0000E+00      -1  -0.350E-01   20.00
  59   -58.0000      29.882 0.4300   0.2496E+02  0.0000E+00 -0.2496E+02  0.0000E+00      -1  -0.350E-01   20.00
  60   -59.0000      29.882 0.4300   0.2496E+02  0.0000E+00 -0.2496E+02  0.0000E+00      -1  -0.350E-01   20.00
  61   -60.0000      29.882 0.4300   0.2496E+02  0.0000E+00 -0.2496E+02  0.0000E+00      -1  -0.350E-01   20.00
  62   -61.0000      29.882 0.4300   0.2496E+02  0.0000E+00 -0.2496E+02  0.0000E+00      -1  -0.350E-01   20.00
  63   -62.0000      29.882 0.4300   0.2496E+02  0.0000E+00 -0.2496E+02  0.0000E+00      -1  -0.350E-01   20.00
  64   -63.0000      29.882 0.4300   0.2496E+02  0.0000E+00 -0.2496E+02  0.0000E+00      -1  -0.350E-01   20.00
  65   -64.0000      29.882 0.4300   0.2496E+02  0.0000E+00 -0.2496E+02  0.0000E+00      -1  -0.350E-01   20.00
  66   -65.0000      29.882 0.4300   0.2496E+02  0.0000E+00 -0.2496E+02  0.0000E+00      -1  -0.350E-01   20.00
  67   -66.0000      29.882 0.4300   0.2496E+02  0.0000E+00 -0.2496E+02  0.0000E+00      -1  -0.350E-01   20.00
  68   -67.0000      29.882 0.4300   0.2496E+02  0.0000E+00 -0.2496E+02  0.0000E+00      -1  -0.350E-01   20.00
  69   -68.0000      29.882 0.4300   0.2496E+02  0.0000E+00 -0.2496E+02  0.0000E+00      -1  -0.350E-01   20.00
  70   -69.0000      29.882 0.4300   0.2496E+02  0.0000E+00 -0.2496E+02  0.0000E+00      -1  -0.350E-01   20.00
  71   -70.0000      29.882 0.4300   0.2496E+02  0.0000E+00 -0.2496E+02  0.0000E+00      -1  -0.350E-01   20.00
  72   -71.0000      29.882 0.4300   0.2496E+02  0.0000E+00 -0.2496E+02  0.0000E+00      -1  -0.350E-01   20.00
  73   -72.0000      29.882 0.4300   0.2496E+02  0.0000E+00 -0.2496E+02  0.0000E+00      -1  -0.350E-01   20.00
  74   -73.0000      29.882 0.4300   0.2496E+02  0.0000E+00 -0.2496E+02  0.0000E+00      -1  -0.350E-01   20.00
  75   -74.0000      29.882 0.4300   0.2496E+02  0.0000E+00 -0.2496E+02  0.0000E+00      -1  -0.350E-01   20.00
  76   -75.0000      29.882 0.4300   0.2496E+02  0.0000E+00 -0.2496E+02  0.0000E+00      -1  -0.350E-01   20.00
  77   -76.0000      29.882 0.4300   0.2496E+02  0.0000E+00 -0.2496E+02  0.0000E+00      -1  -0.350E-01   20.00
  78   -77.0000      29.882 0.4300   0.2496E+02  0.0000E+00 -0.2496E+02  0.0000E+00      -1  -0.350E-01   20.00
  79   -78.0000      29.882 0.4300   0.2496E+02  0.0000E+00 -0.2496E+02  0.0000E+00      -1  -0.350E-01   20.00
  80   -79.0000      29.882 0.4300   0.2496E+02  0.0000E+00 -0.2496E+02  0.0000E+00      -1  -0.350E-01   20.00
  81   -80.0000      29.882 0.4300   0.2496E+02  0.0000E+00 -0.2496E+02  0.0000E+00      -1  -0.350E-01   20.00
  82   -81.0000      29.882 0.4300   0.2496E+02  0.0000E+00 -0.2496E+02  0.0000E+00      -1  -0.350E-01   20.00
  83   -82.0000      29.882 0.4300   0.2496E+02  0.0000E+00 -0.2496E+02  0.0000E+00      -1  -0.350E-01   20.00
  84   -83.0000      29.882 0.4300   0.2496E+02  0.0000E+00 -0.2496E+02  0.0000E+00      -1  -0.350E-01   20.00
  85   -84.0000      29.882 0.4300   0.2496E+02  0.0000E+00 -0.2496E+02  0.0000E+00      -1  -0.350E-01   20.00
  86   -85.0000      29.882 0.4300   0.2496E+02  0.0000E+00 -0.2496E+02  0.0000E+00      -1  -0.350E-01   20.00
  87   -86.0000      29.882 0.4300   0.2496E+02  0.0000E+00 -0.2496E+02  0.0000E+00      -1  -0.350E-01   20.00
  88   -87.0000      29.882 0.4300   0.2496E+02  0.0000E+00 -0.2496E+02  0.0000E+00      -1  -0.350E-01   20.00
  89   -88.0000      29.882 0.4300   0.2496E+02  0.0000E+00 -0.2496E+02  0.0000E+00      -1  -0.350E-01   20.00
  90   -89.0000      29.882 0.4300   0.2496E+02  0.0000E+00 -0.2496E+02  0.0000E+00      -1  -0.350E-01   20.00
  91   -90.0000      29.882 0.4300   0.2496E+02  0.0000E+00 -0.2496E+02  0.0000E+00      -1  -0.350E-01   20.00
  92   -91.0000      29.882 0.4300   0.2496E+02  0.0000E+00 -0.2496E+02  0.0000E+00      -1  -0.350E-01   20.00
  93   -92.0000      29.882 0.4300   0.2496E+02  0.0000E+00 -0.2496E+02  0.0000E+00      -1  -0.350E-01   20.00
  94   -93.0000      29.882 0.4300   0.2496E+02  0.0000E+00 -0.2496E+02  0.0000E+00      -1  -0.350E-01   20.00
  95   -94.0000      29.882 0.4300   0.2496E+02  0.0000E+00 -0.2496E+02  0.0000E+00      -1  -0.350E-01   20.00
  96   -95.0000      29.882 0.4300   0.2496E+02  0.0000E+00 -0.2496E+02  0.0000E+00      -1  -0.350E-01   20.00
  97   -96.0000      29.882 0.4300   0.2496E+02  0.0000E+00 -0.2496E+02  0.0000E+00      -1  -0.350E-01   20.00
  98   -97.0000      29.882 0.4300   0.2496E+02  0.0000E+00 -0.2496E+02  0.0000E+00      -1  -0.350E-01   20.00
  99   -98.0000      29.882 0.4300   0.2496E+02  0.0000E+00 -0.2496E+02  0.0000E+00      -1  -0.350E-01   20.00
 100   -99.0000      29.882 0.4300   0.2496E+02  0.0000E+00 -0.2496E+02  0.0000E+00      -1  -0.350E-01   20.00
 101  -100.0000      29.882 0.4300   0.2496E+02  0.0000E+00 -0.2496E+02  0.0000E+00      -1  -0.350E-01   20.00
end


 Time:        0.4500


 Node      Depth      Head Moisture       K          C         Flux        Sink         Kappa   v/KsTop   Temp
           [L]        [L]    [-]        [L/T]      [1/L]      [L/T]        [1/T]         [-]      [-]      [C]

   1     0.0000       0.000 0.4300   0.7128E+03  0.0000E+00 -0.2496E+02  0.0000E+00      -1  -0.350E-01   20.00
   2    -1.0000       0.965 0.4300   0.7128E+03  0.0000E+00 -0.2496E+02  0.0000E+00      -1  -0.350E-01   20.00
   3    -2.0000       1.930 0.4300   0.7128E+03  0.0000E+00 -0.2496E+02  0.0000E+00      -1  -0.350E-01   20.00
   4    -3.0000       2.895 0.4300   0.7128E+03  0.0000E+00 -0.2496E+02  0.0000E+00      -1  -0.350E-01   20.00
   5    -4.0000       3.860 0.4300   0.7128E+03  0.0000E+00 -0.2496E+02  0.0000E+00      -1  -0.350E-01   20.00
   6    -5.0000       4.825 0.4300   0.7128E+03  0.0000E+00 -0.2496E+02  0.0000E+00      -1  -0.350E-01   20.00
   7    -6.0000       5.790 0.4300   0.7128E+03  0.0000E+00 -0.2496E+02  0.0000E+00      -1  -0.350E-01   20.00
   8    -7.0000       6.755 0.4300   0.7128E+03  0.0000E+00 -0.2496E+02  0.0000E+00      -1  -0.350E-01   20.00
   9    -8.0000       7.720 0.4300   0.7128E+03  0.0000E+00 -0.2496E+02  0.0000E+00      -1  -0.350E-01   20.00
  10    -9.0000       8.685 0.4300   0.7128E+03  0.0000E+00 -0.2496E+02  0.0000E+00      -1  -0.350E-01   20.00
  11   -10.0000       9.650 0.4300   0.7128E+03  0.0000E+00 -0.2496E+02  0.0000E+00      -1  -0.350E-01   20.00
  12   -11.0000      10.615 0.4300   0.7128E+03  0.0000E+00 -0.2496E+02  0.0000E+00      -1  -0.350E-01   20.00
  13   -12.0000      11.580 0.4300   0.7128E+03  0.0000E+00 -0.2496E+02  0.0000E+00      -1  -0.350E-01   20.00
  14   -13.0000      12.545 0.4300   0.7128E+03  0.0000E+00 -0.2496E+02  0.0000E+00      -1  -0.350E-01   20.00
  15   -14.0000      13.510 0.4300   0.7128E+03  0.0000E+00 -0.2496E+02  0.0000E+00      -1  -0.350E-01   20.00
  16   -15.0000      14.475 0.4300   0.7128E+03  0.0000E+00 -0.2496E+02  0.0000E+00      -1  -0.350E-01   20.00
  17   -16.0000      15.440 0.4300   0.7128E+03  0.0000E+00 -0.2496E+02  0.0000E+00      -1  -0.350E-01   20.00
  18   -17.0000      16.405 0.4300   0.7128E+03  0.0000E+00 -0.2496E+02  0.0000E+00      -1  -0.350E-01   20.00
  19   -18.0000      17.370 0.4300   0.7128E+03  0.0000E+00 -0.2496E+02  0.0000E+00      -1  -0.350E-01   20.00
  20   -19.0000      18.335 0.4300   0.7128E+03  0.0000E+00 -0.2496E+02  0.0000E+00      -1  -0.350E-01   20.00
  21   -20.0000      19.300 0.4300   0.7128E+03  0.0000E+00 -0.2496E+02  0.0000E+00      -1  -0.350E-01   20.00
  22   -21.0000      20.265 0.4300   0.7128E+03  0.0000E+00 -0.2496E+02  0.0000E+00      -1  -0.350E-01   20.00
  23   -22.0000      21.230 0.4300   0.7128E+03  0.0000E+00 -0.2496E+02  0.0000E+00      -1  -0.350E-01   20.00
  24   -23.0000      22.195 0.4300   0.7128E+03  0.0000E+00 -0.2496E+02  0.0000E+00      -1  -0.350E-01   20.00
  25   -24.0000      23.160 0.4300   0.7128E+03  0.0000E+00 -0.2496E+02  0.0000E+00      -1  -0.350E-01   20.00
  26   -25.0000      24.125 0.4300   0.7128E+03  0.0000E+00 -0.2496E+02  0.0000E+00      -1  -0.350E-01   20.00
  27   -26.0000      25.090 0.4300   0.7128E+03  0.0000E+00 -0.2496E+02  0.0000E+00      -1  -0.350E-01   20.00
  28   -27.0000      26.055 0.4300   0.7128E+03  0.0000E+00 -0.2496E+02  0.0000E+00      -1  -0.350E-01   20.00
  29   -28.0000      27.020 0.4300   0.7128E+03  0.0000E+00 -0.2496E+02  0.0000E+00      -1  -0.350E-01   20.00
  30   -29.0000      27.985 0.4300   0.7128E+03  0.0000E+00 -0.2496E+02  0.0000E+00      -1  -0.350E-01   20.00
  31   -30.0000      28.950 0.4300   0.7128E+03  0.0000E+00 -0.2496E+02  0.0000E+00      -1  -0.350E-01   20.00
  32   -31.0000      29.882 0.4300   0.2496E+02  0.0000E+00 -0.2496E+02  0.0000E+00      -1  -0.350E-01   20.00
  33   -32.0000      29.882 0.4300   0.2496E+02  0.0000E+00 -0.2496E+02  0.0000E+00      -1  -0.350E-01   20.00
  34   -33.0000      29.882 0.4300   0.2496E+02  0.0000E+00 -0.2496E+02  0.0000E+00      -1  -0.350E-01   20.00
  35   -34.0000      29.882 0.4300   0.2496E+02  0.0000E+00 -0.2496E+02  0.0000E+00      -1  -0.350E-01   20.00
  36   -35.0000      29.882 0.4300   0.2496E+02  0.0000E+00 -0.2496E+02  0.0000E+00      -1  -0.350E-01   20.00
  37   -36.0000      29.882 0.4300   0.2496E+02  0.0000E+00 -0.2496E+02  0.0000E+00      -1  -0.350E-01   20.00
  38   -37.0000      29.882 0.4300   0.2496E+02  0.0000E+00 -0.2496E+02  0.0000E+00      -1  -0.350E-01   20.00
  39   -38.0000      29.882 0.4300   0.2496E+02  0.0000E+00 -0.2496E+02  0.0000E+00      -1  -0.350E-01   20.00
  40   -39.0000      29.882 0.4300   0.2496E+02  0.0000E+00 -0.2496E+02  0.0000E+00      -1  -0.350E-01   20.00
  41   -40.0000      29.882 0.4300   0.2496E+02  0.0000E+00 -0.2496E+02  0.0000E+00      -1  -0.350E-01   20.00
  42   -41.0000      29.882 0.4300   0.2496E+02  0.0000E+00 -0.2496E+02  0.0000E+00      -1  -0.350E-01   20.00
  43   -42.0000      29.882 0.4300   0.2496E+02  0.0000E+00 -0.2496E+02  0.0000E+00      -1  -0.350E-01   20.00
  44   -43.0000      29.882 0.4300   0.2496E+02  0.0000E+00 -0.2496E+02  0.0000E+00      -1  -0.350E-01   20.00
  45   -44.0000      29.882 0.4300   0.2496E+02  0.0000E+00 -0.2496E+02  0.0000E+00      -1  -0.350E-01   20.00
  46   -45.0000      29.882 0.4300   0.2496E+02  0.0000E+00 -0.2496E+02  0.0000E+00      -1  -0.350E-01   20.00
  47   -46.0000      29.882 0.4300   0.2496E+02  0.0000E+00 -0.2496E+02  0.0000E+00      -1  -0.350E-01   20.00
  48   -47.0000      29.882 0.4300   0.2496E+02  0.0000E+00 -0.2496E+02  0.0000E+00      -1  -0.350E-01   20.00
  49   -48.0000      29.882 0.4300   0.2496E+02  0.0000E+00 -0.2496E+02  0.0000E+00      -1  -0.350E-01   20.00
  50   -49.0000      29.882 0.4300   0.2496E+02  0.0000E+00 -0.2496E+02  0.0000E+00      -1  -0.350E-01   20.00
  51   -50.0000      29.882 0.4300   0.2496E+02  0.0000E+00 -0.2496E+02  0.0000E+00      -1  -0.350E-01   20.00
  52   -51.0000      29.882 0.4300   0.2496E+02  0.0000E+00 -0.2496E+02  0.0000E+00      -1  -0.350E-01   20.00
  53   -52.0000      29.882 0.4300   0.2496E+02  0.0000E+00 -0.2496E+02  0.0000E+00      -1  -0.350E-01   20.00
  54   -53.0000      29.882 0.4300   0.2496E+02  0.0000E+00 -0.2496E+02  0.0000E+00      -1  -0.350E-01   20.00
  55   -54.0000      29.882 0.4300   0.2496E+02  0.0000E+00 -0.2496E+02  0.0000E+00      -1  -0.350E-01   20.00
  56   -55.0000      29.882 0.4300   0.2496E+02  0.0000E+00 -0.2496E+02  0.0000E+00      -1  -0.350E-01   20.00
  57   -56.0000      29.882 0.4300   0.2496E+02  0.0000E+00 -0.2496E+02  0.0000E+00      -1  -0.350E-01   20.00
  58   -57.0000      29.882 0.4300   0.2496E+02  0.0000E+00 -0.2496E+02  0.0000E+00      -1  -0.350E-01   20.00
  59   -58.0000      29.882 0.4300   0.2496E+02  0.0000E+00 -0.2496E+02  0.0000E+00      -1  -0.350E-01   20.00
  60   -59.0000      29.882 0.4300   0.2496E+02  0.0000E+00 -0.2496E+02  0.0000E+00      -1  -0.350E-01   20.00
  61   -60.0000      29.882 0.4300   0.2496E+02  0.0000E+00 -0.2496E+02  0.0000E+00      -1  -0.350E-01   20.00
  62   -61.0000      29.882 0.4300   0.2496E+02  0.0000E+00 -0.2496E+02  0.0000E+00      -1  -0.350E-01   20.00
  63   -62.0000      29.882 0.4300   0.2496E+02  0.0000E+00 -0.2496E+02  0.0000E+00      -1  -0.350E-01   20.00
  64   -63.0000      29.882 0.4300   0.2496E+02  0.0000E+00 -0.2496E+02  0.0000E+00      -1  -0.350E-01   20.00
  65   -64.0000      29.882 0.4300   0.2496E+02  0.0000E+00 -0.2496E+02  0.0000E+00      -1  -0.350E-01   20.00
  66   -65.0000      29.882 0.4300   0.2496E+02  0.0000E+00 -0.2496E+02  0.0000E+00      -1  -0.350E-01   20.00
  67   -66.0000      29.882 0.4300   0.2496E+02  0.0000E+00 -0.2496E+02  0.0000E+00      -1  -0.350E-01   20.00
  68   -67.0000      29.882 0.4300   0.2496E+02  0.0000E+00 -0.2496E+02  0.0000E+00      -1  -0.350E-01   20.00
  69   -68.0000      29.882 0.4300   0.2496E+02  0.0000E+00 -0.2496E+02  0.0000E+00      -1  -0.350E-01   20.00
  70   -69.0000      29.882 0.4300   0.2496E+02  0.0000E+00 -0.2496E+02  0.0000E+00      -1  -0.350E-01   20.00
  71   -70.0000      29.882 0.4300   0.2496E+02  0.0000E+00 -0.2496E+02  0.0000E+00      -1  -0.350E-01   20.00
  72   -71.0000      29.882 0.4300   0.2496E+02  0.0000E+00 -0.2496E+02  0.0000E+00      -1  -0.350E-01   20.00
  73   -72.0000      29.882 0.4300   0.2496E+02  0.0000E+00 -0.2496E+02  0.0000E+00      -1  -0.350E-01   20.00
  74   -73.0000      29.882 0.4300   0.2496E+02  0.0000E+00 -0.2496E+02  0.0000E+00      -1  -0.350E-01   20.00
  75   -74.0000      29.882 0.4300   0.2496E+02  0.0000E+00 -0.2496E+02  0.0000E+00      -1  -0.350E-01   20.00
  76   -75.0000      29.882 0.4300   0.2496E+02  0.0000E+00 -0.2496E+02  0.0000E+00      -1  -0.350E-01   20.00
  77   -76.0000      29.882 0.4300   0.2496E+02  0.0000E+00 -0.2496E+02  0.0000E+00      -1  -0.350E-01   20.00
  78   -77.0000      29.882 0.4300   0.2496E+02  0.0000E+00 -0.2496E+02  0.0000E+00      -1  -0.350E-01   20.00
  79   -78.0000      29.882 0.4300   0.2496E+02  0.0000E+00 -0.2496E+02  0.0000E+00      -1  -0.350E-01   20.00
  80   -79.0000      29.882 0.4300   0.2496E+02  0.0000E+00 -0.2496E+02  0.0000E+00      -1  -0.350E-01   20.00
  81   -80.0000      29.882 0.4300   0.2496E+02  0.0000E+00 -0.2496E+02  0.0000E+00      -1  -0.350E-01   20.00
  82   -81.0000      29.882 0.4300   0.2496E+02  0.0000E+00 -0.2496E+02  0.0000E+00      -1  -0.350E-01   20.00
  83   -82.0000      29.882 0.4300   0.2496E+02  0.0000E+00 -0.2496E+02  0.0000E+00      -1  -0.350E-01   20.00
  84   -83.0000      29.882 0.4300   0.2496E+02  0.0000E+00 -0.2496E+02  0.0000E+00      -1  -0.350E-01   20.00
  85   -84.0000      29.882 0.4300   0.2496E+02  0.0000E+00 -0.2496E+02  0.0000E+00      -1  -0.350E-01   20.00
  86   -85.0000      29.882 0.4300   0.2496E+02  0.0000E+00 -0.2496E+02  0.0000E+00      -1  -0.350E-01   20.00
  87   -86.0000      29.882 0.4300   0.2496E+02  0.0000E+00 -0.2496E+02  0.0000E+00      -1  -0.350E-01   20.00
  88   -87.0000      29.882 0.4300   0.2496E+02  0.0000E+00 -0.2496E+02  0.0000E+00      -1  -0.350E-01   20.00
  89   -88.0000      29.882 0.4300   0.2496E+02  0.0000E+00 -0.2496E+02  0.0000E+00      -1  -0.350E-01   20.00
  90   -89.0000      29.882 0.4300   0.2496E+02  0.0000E+00 -0.2496E+02  0.0000E+00      -1  -0.350E-01   20.00
  91   -90.0000      29.882 0.4300   0.2496E+02  0.0000E+00 -0.2496E+02  0.0000E+00      -1  -0.350E-01   20.00
  92   -91.0000      29.882 0.4300   0.2496E+02  0.0000E+00 -0.2496E+02  0.0000E+00      -1  -0.350E-01   20.00
  93   -92.0000      29.882 0.4300   0.2496E+02  0.0000E+00 -0.2496E+02  0.0000E+00      -1  -0.350E-01   20.00
  94   -93.0000      29.882 0.4300   0.2496E+02  0.0000E+00 -0.2496E+02  0.0000E+00      -1  -0.350E-01   20.00
  95   -94.0000      29.882 0.4300   0.2496E+02  0.0000E+00 -0.2496E+02  0.0000E+00      -1  -0.350E-01   20.00
  96   -95.0000      29.882 0.4300   0.2496E+02  0.0000E+00 -0.2496E+02  0.0000E+00      -1  -0.350E-01   20.00
  97   -96.0000      29.882 0.4300   0.2496E+02  0.0000E+00 -0.2496E+02  0.0000E+00      -1  -0.350E-01   20.00
  98   -97.0000      29.882 0.4300   0.2496E+02  0.0000E+00 -0.2496E+02  0.0000E+00      -1  -0.350E-01   20.00
  99   -98.0000      29.882 0.4300   0.2496E+02  0.0000E+00 -0.2496E+02  0.0000E+00      -1  -0.350E-01   20.00
 100   -99.0000      29.882 0.4300   0.2496E+02  0.0000E+00 -0.2496E+02  0.0000E+00      -1  -0.350E-01   20.00
 101  -100.0000      29.882 0.4300   0.2496E+02  0.0000E+00 -0.2496E+02  0.0000E+00      -1  -0.350E-01   20.00
end


 Time:        0.5000


 Node      Depth      Head Moisture       K          C         Flux        Sink         Kappa   v/KsTop   Temp
           [L]        [L]    [-]        [L/T]      [1/L]      [L/T]        [1/T]         [-]      [-]      [C]

   1     0.0000       0.000 0.4300   0.7128E+03  0.0000E+00 -0.2496E+02  0.0000E+00      -1  -0.350E-01   20.00
   2    -1.0000       0.965 0.4300   0.7128E+03  0.0000E+00 -0.2496E+02  0.0000E+00      -1  -0.350E-01   20.00
   3    -2.0000       1.930 0.4300   0.7128E+03  0.0000E+00 -0.2496E+02  0.0000E+00      -1  -0.350E-01   20.00
   4    -3.0000       2.895 0.4300   0.7128E+03  0.0000E+00 -0.2496E+02  0.0000E+00      -1  -0.350E-01   20.00
   5    -4.0000       3.860 0.4300   0.7128E+03  0.0000E+00 -0.2496E+02  0.0000E+00      -1  -0.350E-01   20.00
   6    -5.0000       4.825 0.4300   0.7128E+03  0.0000E+00 -0.2496E+02  0.0000E+00      -1  -0.350E-01   20.00
   7    -6.0000       5.790 0.4300   0.7128E+03  0.0000E+00 -0.2496E+02  0.0000E+00      -1  -0.350E-01   20.00
   8    -7.0000       6.755 0.4300   0.7128E+03  0.0000E+00 -0.2496E+02  0.0000E+00      -1  -0.350E-01   20.00
   9    -8.0000       7.720 0.4300   0.7128E+03  0.0000E+00 -0.2496E+02  0.0000E+00      -1  -0.350E-01   20.00
  10    -9.0000       8.685 0.4300   0.7128E+03  0.0000E+00 -0.2496E+02  0.0000E+00      -1  -0.350E-01   20.00
  11   -10.0000       9.650 0.4300   0.7128E+03  0.0000E+00 -0.2496E+02  0.0000E+00      -1  -0.350E-01   20.00
  12   -11.0000      10.615 0.4300   0.7128E+03  0.0000E+00 -0.2496E+02  0.0000E+00      -1  -0.350E-01   20.00
  13   -12.0000      11.580 0.4300   0.7128E+03  0.0000E+00 -0.2496E+02  0.0000E+00      -1  -0.350E-01   20.00
  14   -13.0000      12.545 0.4300   0.7128E+03  0.0000E+00 -0.2496E+02  0.0000E+00      -1  -0.350E-01   20.00
  15   -14.0000      13.510 0.4300   0.7128E+03  0.0000E+00 -0.2496E+02  0.0000E+00      -1  -0.350E-01   20.00
  16   -15.0000      14.475 0.4300   0.7128E+03  0.0000E+00 -0.2496E+02  0.0000E+00      -1  -0.350E-01   20.00
  17   -16.0000      15.440 0.4300   0.7128E+03  0.0000E+00 -0.2496E+02  0.0000E+00      -1  -0.350E-01   20.00
  18   -17.0000      16.405 0.4300   0.7128E+03  0.0000E+00 -0.2496E+02  0.0000E+00      -1  -0.350E-01   20.00
  19   -18.0000      17.370 0.4300   0.7128E+03  0.0000E+00 -0.2496E+02  0.0000E+00      -1  -0.350E-01   20.00
  20   -19.0000      18.335 0.4300   0.7128E+03  0.0000E+00 -0.2496E+02  0.0000E+00      -1  -0.350E-01   20.00
  21   -20.0000      19.300 0.4300   0.7128E+03  0.0000E+00 -0.2496E+02  0.0000E+00      -1  -0.350E-01   20.00
  22   -21.0000      20.265 0.4300   0.7128E+03  0.0000E+00 -0.2496E+02  0.0000E+00      -1  -0.350E-01   20.00
  23   -22.0000      21.230 0.4300   0.7128E+03  0.0000E+00 -0.2496E+02  0.0000E+00      -1  -0.350E-01   20.00
  24   -23.0000      22.195 0.4300   0.7128E+03  0.0000E+00 -0.2496E+02  0.0000E+00      -1  -0.350E-01   20.00
  25   -24.0000      23.160 0.4300   0.7128E+03  0.0000E+00 -0.2496E+02  0.0000E+00      -1  -0.350E-01   20.00
  26   -25.0000      24.125 0.4300   0.7128E+03  0.0000E+00 -0.2496E+02  0.0000E+00      -1  -0.350E-01   20.00
  27   -26.0000      25.090 0.4300   0.7128E+03  0.0000E+00 -0.2496E+02  0.0000E+00      -1  -0.350E-01   20.00
  28   -27.0000      26.055 0.4300   0.7128E+03  0.0000E+00 -0.2496E+02  0.0000E+00      -1  -0.350E-01   20.00
  29   -28.0000      27.020 0.4300   0.7128E+03  0.0000E+00 -0.2496E+02  0.0000E+00      -1  -0.350E-01   20.00
  30   -29.0000      27.985 0.4300   0.7128E+03  0.0000E+00 -0.2496E+02  0.0000E+00      -1  -0.350E-01   20.00
  31   -30.0000      28.950 0.4300   0.7128E+03  0.0000E+00 -0.2496E+02  0.0000E+00      -1  -0.350E-01   20.00
  32   -31.0000      29.882 0.4300   0.2496E+02  0.0000E+00 -0.2496E+02  0.0000E+00      -1  -0.350E-01   20.00
  33   -32.0000      29.882 0.4300   0.2496E+02  0.0000E+00 -0.2496E+02  0.0000E+00      -1  -0.350E-01   20.00
  34   -33.0000      29.882 0.4300   0.2496E+02  0.0000E+00 -0.2496E+02  0.0000E+00      -1  -0.350E-01   20.00
  35   -34.0000      29.882 0.4300   0.2496E+02  0.0000E+00 -0.2496E+02  0.0000E+00      -1  -0.350E-01   20.00
  36   -35.0000      29.882 0.4300   0.2496E+02  0.0000E+00 -0.2496E+02  0.0000E+00      -1  -0.350E-01   20.00
  37   -36.0000      29.882 0.4300   0.2496E+02  0.0000E+00 -0.2496E+02  0.0000E+00      -1  -0.350E-01   20.00
  38   -37.0000      29.882 0.4300   0.2496E+02  0.0000E+00 -0.2496E+02  0.0000E+00      -1  -0.350E-01   20.00
  39   -38.0000      29.882 0.4300   0.2496E+02  0.0000E+00 -0.2496E+02  0.0000E+00      -1  -0.350E-01   20.00
  40   -39.0000      29.882 0.4300   0.2496E+02  0.0000E+00 -0.2496E+02  0.0000E+00      -1  -0.350E-01   20.00
  41   -40.0000      29.882 0.4300   0.2496E+02  0.0000E+00 -0.2496E+02  0.0000E+00      -1  -0.350E-01   20.00
  42   -41.0000      29.882 0.4300   0.2496E+02  0.0000E+00 -0.2496E+02  0.0000E+00      -1  -0.350E-01   20.00
  43   -42.0000      29.882 0.4300   0.2496E+02  0.0000E+00 -0.2496E+02  0.0000E+00      -1  -0.350E-01   20.00
  44   -43.0000      29.882 0.4300   0.2496E+02  0.0000E+00 -0.2496E+02  0.0000E+00      -1  -0.350E-01   20.00
  45   -44.0000      29.882 0.4300   0.2496E+02  0.0000E+00 -0.2496E+02  0.0000E+00      -1  -0.350E-01   20.00
  46   -45.0000      29.882 0.4300   0.2496E+02  0.0000E+00 -0.2496E+02  0.0000E+00      -1  -0.350E-01   20.00
  47   -46.0000      29.882 0.4300   0.2496E+02  0.0000E+00 -0.2496E+02  0.0000E+00      -1  -0.350E-01   20.00
  48   -47.0000      29.882 0.4300   0.2496E+02  0.0000E+00 -0.2496E+02  0.0000E+00      -1  -0.350E-01   20.00
  49   -48.0000      29.882 0.4300   0.2496E+02  0.0000E+00 -0.2496E+02  0.0000E+00      -1  -0.350E-01   20.00
  50   -49.0000      29.882 0.4300   0.2496E+02  0.0000E+00 -0.2496E+02  0.0000E+00      -1  -0.350E-01   20.00
  51   -50.0000      29.882 0.4300   0.2496E+02  0.0000E+00 -0.2496E+02  0.0000E+00      -1  -0.350E-01   20.00
  52   -51.0000      29.882 0.4300   0.2496E+02  0.0000E+00 -0.2496E+02  0.0000E+00      -1  -0.350E-01   20.00
  53   -52.0000      29.882 0.4300   0.2496E+02  0.0000E+00 -0.2496E+02  0.0000E+00      -1  -0.350E-01   20.00
  54   -53.0000      29.882 0.4300   0.2496E+02  0.0000E+00 -0.2496E+02  0.0000E+00      -1  -0.350E-01   20.00
  55   -54.0000      29.882 0.4300   0.2496E+02  0.0000E+00 -0.2496E+02  0.0000E+00      -1  -0.350E-01   20.00
  56   -55.0000      29.882 0.4300   0.2496E+02  0.0000E+00 -0.2496E+02  0.0000E+00      -1  -0.350E-01   20.00
  57   -56.0000      29.882 0.4300   0.2496E+02  0.0000E+00 -0.2496E+02  0.0000E+00      -1  -0.350E-01   20.00
  58   -57.0000      29.882 0.4300   0.2496E+02  0.0000E+00 -0.2496E+02  0.0000E+00      -1  -0.350E-01   20.00
  59   -58.0000      29.882 0.4300   0.2496E+02  0.0000E+00 -0.2496E+02  0.0000E+00      -1  -0.350E-01   20.00
  60   -59.0000      29.882 0.4300   0.2496E+02  0.0000E+00 -0.2496E+02  0.0000E+00      -1  -0.350E-01   20.00
  61   -60.0000      29.882 0.4300   0.2496E+02  0.0000E+00 -0.2496E+02  0.0000E+00      -1  -0.350E-01   20.00
  62   -61.0000      29.882 0.4300   0.2496E+02  0.0000E+00 -0.2496E+02  0.0000E+00      -1  -0.350E-01   20.00
  63   -62.0000      29.882 0.4300   0.2496E+02  0.0000E+00 -0.2496E+02  0.0000E+00      -1  -0.350E-01   20.00
  64   -63.0000      29.882 0.4300   0.2496E+02  0.0000E+00 -0.2496E+02  0.0000E+00      -1  -0.350E-01   20.00
  65   -64.0000      29.882 0.4300   0.2496E+02  0.0000E+00 -0.2496E+02  0.0000E+00      -1  -0.350E-01   20.00
  66   -65.0000      29.882 0.4300   0.2496E+02  0.0000E+00 -0.2496E+02  0.0000E+00      -1  -0.350E-01   20.00
  67   -66.0000      29.882 0.4300   0.2496E+02  0.0000E+00 -0.2496E+02  0.0000E+00      -1  -0.350E-01   20.00
  68   -67.0000      29.882 0.4300   0.2496E+02  0.0000E+00 -0.2496E+02  0.0000E+00      -1  -0.350E-01   20.00
  69   -68.0000      29.882 0.4300   0.2496E+02  0.0000E+00 -0.2496E+02  0.0000E+00      -1  -0.350E-01   20.00
  70   -69.0000      29.882 0.4300   0.2496E+02  0.0000E+00 -0.2496E+02  0.0000E+00      -1  -0.350E-01   20.00
  71   -70.0000      29.882 0.4300   0.2496E+02  0.0000E+00 -0.2496E+02  0.0000E+00      -1  -0.350E-01   20.00
  72   -71.0000      29.882 0.4300   0.2496E+02  0.0000E+00 -0.2496E+02  0.0000E+00      -1  -0.350E-01   20.00
  73   -72.0000      29.882 0.4300   0.2496E+02  0.0000E+00 -0.2496E+02  0.0000E+00      -1  -0.350E-01   20.00
  74   -73.0000      29.882 0.4300   0.2496E+02  0.0000E+00 -0.2496E+02  0.0000E+00      -1  -0.350E-01   20.00
  75   -74.0000      29.882 0.4300   0.2496E+02  0.0000E+00 -0.2496E+02  0.0000E+00      -1  -0.350E-01   20.00
  76   -75.0000      29.882 0.4300   0.2496E+02  0.0000E+00 -0.2496E+02  0.0000E+00      -1  -0.350E-01   20.00
  77   -76.0000      29.882 0.4300   0.2496E+02  0.0000E+00 -0.2496E+02  0.0000E+00      -1  -0.350E-01   20.00
  78   -77.0000      29.882 0.4300   0.2496E+02  0.0000E+00 -0.2496E+02  0.0000E+00      -1  -0.350E-01   20.00
  79   -78.0000      29.882 0.4300   0.2496E+02  0.0000E+00 -0.2496E+02  0.0000E+00      -1  -0.350E-01   20.00
  80   -79.0000      29.882 0.4300   0.2496E+02  0.0000E+00 -0.2496E+02  0.0000E+00      -1  -0.350E-01   20.00
  81   -80.0000      29.882 0.4300   0.2496E+02  0.0000E+00 -0.2496E+02  0.0000E+00      -1  -0.350E-01   20.00
  82   -81.0000      29.882 0.4300   0.2496E+02  0.0000E+00 -0.2496E+02  0.0000E+00      -1  -0.350E-01   20.00
  83   -82.0000      29.882 0.4300   0.2496E+02  0.0000E+00 -0.2496E+02  0.0000E+00      -1  -0.350E-01   20.00
  84   -83.0000      29.882 0.4300   0.2496E+02  0.0000E+00 -0.2496E+02  0.0000E+00      -1  -0.350E-01   20.00
  85   -84.0000      29.882 0.4300   0.2496E+02  0.0000E+00 -0.2496E+02  0.0000E+00      -1  -0.350E-01   20.00
  86   -85.0000      29.882 0.4300   0.2496E+02  0.0000E+00 -0.2496E+02  0.0000E+00      -1  -0.350E-01   20.00
  87   -86.0000      29.882 0.4300   0.2496E+02  0.0000E+00 -0.2496E+02  0.0000E+00      -1  -0.350E-01   20.00
  88   -87.0000      29.882 0.4300   0.2496E+02  0.0000E+00 -0.2496E+02  0.0000E+00      -1  -0.350E-01   20.00
  89   -88.0000      29.882 0.4300   0.2496E+02  0.0000E+00 -0.2496E+02  0.0000E+00      -1  -0.350E-01   20.00
  90   -89.0000      29.882 0.4300   0.2496E+02  0.0000E+00 -0.2496E+02  0.0000E+00      -1  -0.350E-01   20.00
  91   -90.0000      29.882 0.4300   0.2496E+02  0.0000E+00 -0.2496E+02  0.0000E+00      -1  -0.350E-01   20.00
  92   -91.0000      29.882 0.4300   0.2496E+02  0.0000E+00 -0.2496E+02  0.0000E+00      -1  -0.350E-01   20.00
  93   -92.0000      29.882 0.4300   0.2496E+02  0.0000E+00 -0.2496E+02  0.0000E+00      -1  -0.350E-01   20.00
  94   -93.0000      29.882 0.4300   0.2496E+02  0.0000E+00 -0.2496E+02  0.0000E+00      -1  -0.350E-01   20.00
  95   -94.0000      29.882 0.4300   0.2496E+02  0.0000E+00 -0.2496E+02  0.0000E+00      -1  -0.350E-01   20.00
  96   -95.0000      29.882 0.4300   0.2496E+02  0.0000E+00 -0.2496E+02  0.0000E+00      -1  -0.350E-01   20.00
  97   -96.0000      29.882 0.4300   0.2496E+02  0.0000E+00 -0.2496E+02  0.0000E+00      -1  -0.350E-01   20.00
  98   -97.0000      29.882 0.4300   0.2496E+02  0.0000E+00 -0.2496E+02  0.0000E+00      -1  -0.350E-01   20.00
  99   -98.0000      29.882 0.4300   0.2496E+02  0.0000E+00 -0.2496E+02  0.0000E+00      -1  -0.350E-01   20.00
 100   -99.0000      29.882 0.4300   0.2496E+02  0.0000E+00 -0.2496E+02  0.0000E+00      -1  -0.350E-01   20.00
 101  -100.0000      29.882 0.4300   0.2496E+02  0.0000E+00 -0.2496E+02  0.0000E+00      -1  -0.350E-01   20.00
end


 Time:        0.5500


 Node      Depth      Head Moisture       K          C         Flux        Sink         Kappa   v/KsTop   Temp
           [L]        [L]    [-]        [L/T]      [1/L]      [L/T]        [1/T]         [-]      [-]      [C]

   1     0.0000       0.000 0.4300   0.7128E+03  0.0000E+00 -0.2496E+02  0.0000E+00      -1  -0.350E-01   20.00
   2    -1.0000       0.965 0.4300   0.7128E+03  0.0000E+00 -0.2496E+02  0.0000E+00      -1  -0.350E-01   20.00
   3    -2.0000       1.930 0.4300   0.7128E+03  0.0000E+00 -0.2496E+02  0.0000E+00      -1  -0.350E-01   20.00
   4    -3.0000       2.895 0.4300   0.7128E+03  0.0000E+00 -0.2496E+02  0.0000E+00      -1  -0.350E-01   20.00
   5    -4.0000       3.860 0.4300   0.7128E+03  0.0000E+00 -0.2496E+02  0.0000E+00      -1  -0.350E-01   20.00
   6    -5.0000       4.825 0.4300   0.7128E+03  0.0000E+00 -0.2496E+02  0.0000E+00      -1  -0.350E-01   20.00
   7    -6.0000       5.790 0.4300   0.7128E+03  0.0000E+00 -0.2496E+02  0.0000E+00      -1  -0.350E-01   20.00
   8    -7.0000       6.755 0.4300   0.7128E+03  0.0000E+00 -0.2496E+02  0.0000E+00      -1  -0.350E-01   20.00
   9    -8.0000       7.720 0.4300   0.7128E+03  0.0000E+00 -0.2496E+02  0.0000E+00      -1  -0.350E-01   20.00
  10    -9.0000       8.685 0.4300   0.7128E+03  0.0000E+00 -0.2496E+02  0.0000E+00      -1  -0.350E-01   20.00
  11   -10.0000       9.650 0.4300   0.7128E+03  0.0000E+00 -0.2496E+02  0.0000E+00      -1  -0.350E-01   20.00
  12   -11.0000      10.615 0.4300   0.7128E+03  0.0000E+00 -0.2496E+02  0.0000E+00      -1  -0.350E-01   20.00
  13   -12.0000      11.580 0.4300   0.7128E+03  0.0000E+00 -0.2496E+02  0.0000E+00      -1  -0.350E-01   20.00
  14   -13.0000      12.545 0.4300   0.7128E+03  0.0000E+00 -0.2496E+02  0.0000E+00      -1  -0.350E-01   20.00
  15   -14.0000      13.510 0.4300   0.7128E+03  0.0000E+00 -0.2496E+02  0.0000E+00      -1  -0.350E-01   20.00
  16   -15.0000      14.475 0.4300   0.7128E+03  0.0000E+00 -0.2496E+02  0.0000E+00      -1  -0.350E-01   20.00
  17   -16.0000      15.440 0.4300   0.7128E+03  0.0000E+00 -0.2496E+02  0.0000E+00      -1  -0.350E-01   20.00
  18   -17.0000      16.405 0.4300   0.7128E+03  0.0000E+00 -0.2496E+02  0.0000E+00      -1  -0.350E-01   20.00
  19   -18.0000      17.370 0.4300   0.7128E+03  0.0000E+00 -0.2496E+02  0.0000E+00      -1  -0.350E-01   20.00
  20   -19.0000      18.335 0.4300   0.7128E+03  0.0000E+00 -0.2496E+02  0.0000E+00      -1  -0.350E-01   20.00
  21   -20.0000      19.300 0.4300   0.7128E+03  0.0000E+00 -0.2496E+02  0.0000E+00      -1  -0.350E-01   20.00
  22   -21.0000      20.265 0.4300   0.7128E+03  0.0000E+00 -0.2496E+02  0.0000E+00      -1  -0.350E-01   20.00
  23   -22.0000      21.230 0.4300   0.7128E+03  0.0000E+00 -0.2496E+02  0.0000E+00      -1  -0.350E-01   20.00
  24   -23.0000      22.195 0.4300   0.7128E+03  0.0000E+00 -0.2496E+02  0.0000E+00      -1  -0.350E-01   20.00
  25   -24.0000      23.160 0.4300   0.7128E+03  0.0000E+00 -0.2496E+02  0.0000E+00      -1  -0.350E-01   20.00
  26   -25.0000      24.125 0.4300   0.7128E+03  0.0000E+00 -0.2496E+02  0.0000E+00      -1  -0.350E-01   20.00
  27   -26.0000      25.090 0.4300   0.7128E+03  0.0000E+00 -0.2496E+02  0.0000E+00      -1  -0.350E-01   20.00
  28   -27.0000      26.055 0.4300   0.7128E+03  0.0000E+00 -0.2496E+02  0.0000E+00      -1  -0.350E-01   20.00
  29   -28.0000      27.020 0.4300   0.7128E+03  0.0000E+00 -0.2496E+02  0.0000E+00      -1  -0.350E-01   20.00
  30   -29.0000      27.985 0.4300   0.7128E+03  0.0000E+00 -0.2496E+02  0.0000E+00      -1  -0.350E-01   20.00
  31   -30.0000      28.950 0.4300   0.7128E+03  0.0000E+00 -0.2496E+02  0.0000E+00      -1  -0.350E-01   20.00
  32   -31.0000      29.882 0.4300   0.2496E+02  0.0000E+00 -0.2496E+02  0.0000E+00      -1  -0.350E-01   20.00
  33   -32.0000      29.882 0.4300   0.2496E+02  0.0000E+00 -0.2496E+02  0.0000E+00      -1  -0.350E-01   20.00
  34   -33.0000      29.882 0.4300   0.2496E+02  0.0000E+00 -0.2496E+02  0.0000E+00      -1  -0.350E-01   20.00
  35   -34.0000      29.882 0.4300   0.2496E+02  0.0000E+00 -0.2496E+02  0.0000E+00      -1  -0.350E-01   20.00
  36   -35.0000      29.882 0.4300   0.2496E+02  0.0000E+00 -0.2496E+02  0.0000E+00      -1  -0.350E-01   20.00
  37   -36.0000      29.882 0.4300   0.2496E+02  0.0000E+00 -0.2496E+02  0.0000E+00      -1  -0.350E-01   20.00
  38   -37.0000      29.882 0.4300   0.2496E+02  0.0000E+00 -0.2496E+02  0.0000E+00      -1  -0.350E-01   20.00
  39   -38.0000      29.882 0.4300   0.2496E+02  0.0000E+00 -0.2496E+02  0.0000E+00      -1  -0.350E-01   20.00
  40   -39.0000      29.882 0.4300   0.2496E+02  0.0000E+00 -0.2496E+02  0.0000E+00      -1  -0.350E-01   20.00
  41   -40.0000      29.882 0.4300   0.2496E+02  0.0000E+00 -0.2496E+02  0.0000E+00      -1  -0.350E-01   20.00
  42   -41.0000      29.882 0.4300   0.2496E+02  0.0000E+00 -0.2496E+02  0.0000E+00      -1  -0.350E-01   20.00
  43   -42.0000      29.882 0.4300   0.2496E+02  0.0000E+00 -0.2496E+02  0.0000E+00      -1  -0.350E-01   20.00
  44   -43.0000      29.882 0.4300   0.2496E+02  0.0000E+00 -0.2496E+02  0.0000E+00      -1  -0.350E-01   20.00
  45   -44.0000      29.882 0.4300   0.2496E+02  0.0000E+00 -0.2496E+02  0.0000E+00      -1  -0.350E-01   20.00
  46   -45.0000      29.882 0.4300   0.2496E+02  0.0000E+00 -0.2496E+02  0.0000E+00      -1  -0.350E-01   20.00
  47   -46.0000      29.882 0.4300   0.2496E+02  0.0000E+00 -0.2496E+02  0.0000E+00      -1  -0.350E-01   20.00
  48   -47.0000      29.882 0.4300   0.2496E+02  0.0000E+00 -0.2496E+02  0.0000E+00      -1  -0.350E-01   20.00
  49   -48.0000      29.882 0.4300   0.2496E+02  0.0000E+00 -0.2496E+02  0.0000E+00      -1  -0.350E-01   20.00
  50   -49.0000      29.882 0.4300   0.2496E+02  0.0000E+00 -0.2496E+02  0.0000E+00      -1  -0.350E-01   20.00
  51   -50.0000      29.882 0.4300   0.2496E+02  0.0000E+00 -0.2496E+02  0.0000E+00      -1  -0.350E-01   20.00
  52   -51.0000      29.882 0.4300   0.2496E+02  0.0000E+00 -0.2496E+02  0.0000E+00      -1  -0.350E-01   20.00
  53   -52.0000      29.882 0.4300   0.2496E+02  0.0000E+00 -0.2496E+02  0.0000E+00      -1  -0.350E-01   20.00
  54   -53.0000      29.882 0.4300   0.2496E+02  0.0000E+00 -0.2496E+02  0.0000E+00      -1  -0.350E-01   20.00
  55   -54.0000      29.882 0.4300   0.2496E+02  0.0000E+00 -0.2496E+02  0.0000E+00      -1  -0.350E-01   20.00
  56   -55.0000      29.882 0.4300   0.2496E+02  0.0000E+00 -0.2496E+02  0.0000E+00      -1  -0.350E-01   20.00
  57   -56.0000      29.882 0.4300   0.2496E+02  0.0000E+00 -0.2496E+02  0.0000E+00      -1  -0.350E-01   20.00
  58   -57.0000      29.882 0.4300   0.2496E+02  0.0000E+00 -0.2496E+02  0.0000E+00      -1  -0.350E-01   20.00
  59   -58.0000      29.882 0.4300   0.2496E+02  0.0000E+00 -0.2496E+02  0.0000E+00      -1  -0.350E-01   20.00
  60   -59.0000      29.882 0.4300   0.2496E+02  0.0000E+00 -0.2496E+02  0.0000E+00      -1  -0.350E-01   20.00
  61   -60.0000      29.882 0.4300   0.2496E+02  0.0000E+00 -0.2496E+02  0.0000E+00      -1  -0.350E-01   20.00
  62   -61.0000      29.882 0.4300   0.2496E+02  0.0000E+00 -0.2496E+02  0.0000E+00      -1  -0.350E-01   20.00
  63   -62.0000      29.882 0.4300   0.2496E+02  0.0000E+00 -0.2496E+02  0.0000E+00      -1  -0.350E-01   20.00
  64   -63.0000      29.882 0.4300   0.2496E+02  0.0000E+00 -0.2496E+02  0.0000E+00      -1  -0.350E-01   20.00
  65   -64.0000      29.882 0.4300   0.2496E+02  0.0000E+00 -0.2496E+02  0.0000E+00      -1  -0.350E-01   20.00
  66   -65.0000      29.882 0.4300   0.2496E+02  0.0000E+00 -0.2496E+02  0.0000E+00      -1  -0.350E-01   20.00
  67   -66.0000      29.882 0.4300   0.2496E+02  0.0000E+00 -0.2496E+02  0.0000E+00      -1  -0.350E-01   20.00
  68   -67.0000      29.882 0.4300   0.2496E+02  0.0000E+00 -0.2496E+02  0.0000E+00      -1  -0.350E-01   20.00
  69   -68.0000      29.882 0.4300   0.2496E+02  0.0000E+00 -0.2496E+02  0.0000E+00      -1  -0.350E-01   20.00
  70   -69.0000      29.882 0.4300   0.2496E+02  0.0000E+00 -0.2496E+02  0.0000E+00      -1  -0.350E-01   20.00
  71   -70.0000      29.882 0.4300   0.2496E+02  0.0000E+00 -0.2496E+02  0.0000E+00      -1  -0.350E-01   20.00
  72   -71.0000      29.882 0.4300   0.2496E+02  0.0000E+00 -0.2496E+02  0.0000E+00      -1  -0.350E-01   20.00
  73   -72.0000      29.882 0.4300   0.2496E+02  0.0000E+00 -0.2496E+02  0.0000E+00      -1  -0.350E-01   20.00
  74   -73.0000      29.882 0.4300   0.2496E+02  0.0000E+00 -0.2496E+02  0.0000E+00      -1  -0.350E-01   20.00
  75   -74.0000      29.882 0.4300   0.2496E+02  0.0000E+00 -0.2496E+02  0.0000E+00      -1  -0.350E-01   20.00
  76   -75.0000      29.882 0.4300   0.2496E+02  0.0000E+00 -0.2496E+02  0.0000E+00      -1  -0.350E-01   20.00
  77   -76.0000      29.882 0.4300   0.2496E+02  0.0000E+00 -0.2496E+02  0.0000E+00      -1  -0.350E-01   20.00
  78   -77.0000      29.882 0.4300   0.2496E+02  0.0000E+00 -0.2496E+02  0.0000E+00      -1  -0.350E-01   20.00
  79   -78.0000      29.882 0.4300   0.2496E+02  0.0000E+00 -0.2496E+02  0.0000E+00      -1  -0.350E-01   20.00
  80   -79.0000      29.882 0.4300   0.2496E+02  0.0000E+00 -0.2496E+02  0.0000E+00      -1  -0.350E-01   20.00
  81   -80.0000      29.882 0.4300   0.2496E+02  0.0000E+00 -0.2496E+02  0.0000E+00      -1  -0.350E-01   20.00
  82   -81.0000      29.882 0.4300   0.2496E+02  0.0000E+00 -0.2496E+02  0.0000E+00      -1  -0.350E-01   20.00
  83   -82.0000      29.882 0.4300   0.2496E+02  0.0000E+00 -0.2496E+02  0.0000E+00      -1  -0.350E-01   20.00
  84   -83.0000      29.882 0.4300   0.2496E+02  0.0000E+00 -0.2496E+02  0.0000E+00      -1  -0.350E-01   20.00
  85   -84.0000      29.882 0.4300   0.2496E+02  0.0000E+00 -0.2496E+02  0.0000E+00      -1  -0.350E-01   20.00
  86   -85.0000      29.882 0.4300   0.2496E+02  0.0000E+00 -0.2496E+02  0.0000E+00      -1  -0.350E-01   20.00
  87   -86.0000      29.882 0.4300   0.2496E+02  0.0000E+00 -0.2496E+02  0.0000E+00      -1  -0.350E-01   20.00
  88   -87.0000      29.882 0.4300   0.2496E+02  0.0000E+00 -0.2496E+02  0.0000E+00      -1  -0.350E-01   20.00
  89   -88.0000      29.882 0.4300   0.2496E+02  0.0000E+00 -0.2496E+02  0.0000E+00      -1  -0.350E-01   20.00
  90   -89.0000      29.882 0.4300   0.2496E+02  0.0000E+00 -0.2496E+02  0.0000E+00      -1  -0.350E-01   20.00
  91   -90.0000      29.882 0.4300   0.2496E+02  0.0000E+00 -0.2496E+02  0.0000E+00      -1  -0.350E-01   20.00
  92   -91.0000      29.882 0.4300   0.2496E+02  0.0000E+00 -0.2496E+02  0.0000E+00      -1  -0.350E-01   20.00
  93   -92.0000      29.882 0.4300   0.2496E+02  0.0000E+00 -0.2496E+02  0.0000E+00      -1  -0.350E-01   20.00
  94   -93.0000      29.882 0.4300   0.2496E+02  0.0000E+00 -0.2496E+02  0.0000E+00      -1  -0.350E-01   20.00
  95   -94.0000      29.882 0.4300   0.2496E+02  0.0000E+00 -0.2496E+02  0.0000E+00      -1  -0.350E-01   20.00
  96   -95.0000      29.882 0.4300   0.2496E+02  0.0000E+00 -0.2496E+02  0.0000E+00      -1  -0.350E-01   20.00
  97   -96.0000      29.882 0.4300   0.2496E+02  0.0000E+00 -0.2496E+02  0.0000E+00      -1  -0.350E-01   20.00
  98   -97.0000      29.882 0.4300   0.2496E+02  0.0000E+00 -0.2496E+02  0.0000E+00      -1  -0.350E-01   20.00
  99   -98.0000      29.882 0.4300   0.2496E+02  0.0000E+00 -0.2496E+02  0.0000E+00      -1  -0.350E-01   20.00
 100   -99.0000      29.882 0.4300   0.2496E+02  0.0000E+00 -0.2496E+02  0.0000E+00      -1  -0.350E-01   20.00
 101  -100.0000      29.882 0.4300   0.2496E+02  0.0000E+00 -0.2496E+02  0.0000E+00      -1  -0.350E-01   20.00
end


 Time:        0.6000


 Node      Depth      Head Moisture       K          C         Flux        Sink         Kappa   v/KsTop   Temp
           [L]        [L]    [-]        [L/T]      [1/L]      [L/T]        [1/T]         [-]      [-]      [C]

   1     0.0000       0.000 0.4300   0.7128E+03  0.0000E+00 -0.2496E+02  0.0000E+00      -1  -0.350E-01   20.00
   2    -1.0000       0.965 0.4300   0.7128E+03  0.0000E+00 -0.2496E+02  0.0000E+00      -1  -0.350E-01   20.00
   3    -2.0000       1.930 0.4300   0.7128E+03  0.0000E+00 -0.2496E+02  0.0000E+00      -1  -0.350E-01   20.00
   4    -3.0000       2.895 0.4300   0.7128E+03  0.0000E+00 -0.2496E+02  0.0000E+00      -1  -0.350E-01   20.00
   5    -4.0000       3.860 0.4300   0.7128E+03  0.0000E+00 -0.2496E+02  0.0000E+00      -1  -0.350E-01   20.00
   6    -5.0000       4.825 0.4300   0.7128E+03  0.0000E+00 -0.2496E+02  0.0000E+00      -1  -0.350E-01   20.00
   7    -6.0000       5.790 0.4300   0.7128E+03  0.0000E+00 -0.2496E+02  0.0000E+00      -1  -0.350E-01   20.00
   8    -7.0000       6.755 0.4300   0.7128E+03  0.0000E+00 -0.2496E+02  0.0000E+00      -1  -0.350E-01   20.00
   9    -8.0000       7.720 0.4300   0.7128E+03  0.0000E+00 -0.2496E+02  0.0000E+00      -1  -0.350E-01   20.00
  10    -9.0000       8.685 0.4300   0.7128E+03  0.0000E+00 -0.2496E+02  0.0000E+00      -1  -0.350E-01   20.00
  11   -10.0000       9.650 0.4300   0.7128E+03  0.0000E+00 -0.2496E+02  0.0000E+00      -1  -0.350E-01   20.00
  12   -11.0000      10.615 0.4300   0.7128E+03  0.0000E+00 -0.2496E+02  0.0000E+00      -1  -0.350E-01   20.00
  13   -12.0000      11.580 0.4300   0.7128E+03  0.0000E+00 -0.2496E+02  0.0000E+00      -1  -0.350E-01   20.00
  14   -13.0000      12.545 0.4300   0.7128E+03  0.0000E+00 -0.2496E+02  0.0000E+00      -1  -0.350E-01   20.00
  15   -14.0000      13.510 0.4300   0.7128E+03  0.0000E+00 -0.2496E+02  0.0000E+00      -1  -0.350E-01   20.00
  16   -15.0000      14.475 0.4300   0.7128E+03  0.0000E+00 -0.2496E+02  0.0000E+00      -1  -0.350E-01   20.00
  17   -16.0000      15.440 0.4300   0.7128E+03  0.0000E+00 -0.2496E+02  0.0000E+00      -1  -0.350E-01   20.00
  18   -17.0000      16.405 0.4300   0.7128E+03  0.0000E+00 -0.2496E+02  0.0000E+00      -1  -0.350E-01   20.00
  19   -18.0000      17.370 0.4300   0.7128E+03  0.0000E+00 -0.2496E+02  0.0000E+00      -1  -0.350E-01   20.00
  20   -19.0000      18.335 0.4300   0.7128E+03  0.0000E+00 -0.2496E+02  0.0000E+00      -1  -0.350E-01   20.00
  21   -20.0000      19.300 0.4300   0.7128E+03  0.0000E+00 -0.2496E+02  0.0000E+00      -1  -0.350E-01   20.00
  22   -21.0000      20.265 0.4300   0.7128E+03  0.0000E+00 -0.2496E+02  0.0000E+00      -1  -0.350E-01   20.00
  23   -22.0000      21.230 0.4300   0.7128E+03  0.0000E+00 -0.2496E+02  0.0000E+00      -1  -0.350E-01   20.00
  24   -23.0000      22.195 0.4300   0.7128E+03  0.0000E+00 -0.2496E+02  0.0000E+00      -1  -0.350E-01   20.00
  25   -24.0000      23.160 0.4300   0.7128E+03  0.0000E+00 -0.2496E+02  0.0000E+00      -1  -0.350E-01   20.00
  26   -25.0000      24.125 0.4300   0.7128E+03  0.0000E+00 -0.2496E+02  0.0000E+00      -1  -0.350E-01   20.00
  27   -26.0000      25.090 0.4300   0.7128E+03  0.0000E+00 -0.2496E+02  0.0000E+00      -1  -0.350E-01   20.00
  28   -27.0000      26.055 0.4300   0.7128E+03  0.0000E+00 -0.2496E+02  0.0000E+00      -1  -0.350E-01   20.00
  29   -28.0000      27.020 0.4300   0.7128E+03  0.0000E+00 -0.2496E+02  0.0000E+00      -1  -0.350E-01   20.00
  30   -29.0000      27.985 0.4300   0.7128E+03  0.0000E+00 -0.2496E+02  0.0000E+00      -1  -0.350E-01   20.00
  31   -30.0000      28.950 0.4300   0.7128E+03  0.0000E+00 -0.2496E+02  0.0000E+00      -1  -0.350E-01   20.00
  32   -31.0000      29.882 0.4300   0.2496E+02  0.0000E+00 -0.2496E+02  0.0000E+00      -1  -0.350E-01   20.00
  33   -32.0000      29.882 0.4300   0.2496E+02  0.0000E+00 -0.2496E+02  0.0000E+00      -1  -0.350E-01   20.00
  34   -33.0000      29.882 0.4300   0.2496E+02  0.0000E+00 -0.2496E+02  0.0000E+00      -1  -0.350E-01   20.00
  35   -34.0000      29.882 0.4300   0.2496E+02  0.0000E+00 -0.2496E+02  0.0000E+00      -1  -0.350E-01   20.00
  36   -35.0000      29.882 0.4300   0.2496E+02  0.0000E+00 -0.2496E+02  0.0000E+00      -1  -0.350E-01   20.00
  37   -36.0000      29.882 0.4300   0.2496E+02  0.0000E+00 -0.2496E+02  0.0000E+00      -1  -0.350E-01   20.00
  38   -37.0000      29.882 0.4300   0.2496E+02  0.0000E+00 -0.2496E+02  0.0000E+00      -1  -0.350E-01   20.00
  39   -38.0000      29.882 0.4300   0.2496E+02  0.0000E+00 -0.2496E+02  0.0000E+00      -1  -0.350E-01   20.00
  40   -39.0000      29.882 0.4300   0.2496E+02  0.0000E+00 -0.2496E+02  0.0000E+00      -1  -0.350E-01   20.00
  41   -40.0000      29.882 0.4300   0.2496E+02  0.0000E+00 -0.2496E+02  0.0000E+00      -1  -0.350E-01   20.00
  42   -41.0000      29.882 0.4300   0.2496E+02  0.0000E+00 -0.2496E+02  0.0000E+00      -1  -0.350E-01   20.00
  43   -42.0000      29.882 0.4300   0.2496E+02  0.0000E+00 -0.2496E+02  0.0000E+00      -1  -0.350E-01   20.00
  44   -43.0000      29.882 0.4300   0.2496E+02  0.0000E+00 -0.2496E+02  0.0000E+00      -1  -0.350E-01   20.00
  45   -44.0000      29.882 0.4300   0.2496E+02  0.0000E+00 -0.2496E+02  0.0000E+00      -1  -0.350E-01   20.00
  46   -45.0000      29.882 0.4300   0.2496E+02  0.0000E+00 -0.2496E+02  0.0000E+00      -1  -0.350E-01   20.00
  47   -46.0000      29.882 0.4300   0.2496E+02  0.0000E+00 -0.2496E+02  0.0000E+00      -1  -0.350E-01   20.00
  48   -47.0000      29.882 0.4300   0.2496E+02  0.0000E+00 -0.2496E+02  0.0000E+00      -1  -0.350E-01   20.00
  49   -48.0000      29.882 0.4300   0.2496E+02  0.0000E+00 -0.2496E+02  0.0000E+00      -1  -0.350E-01   20.00
  50   -49.0000      29.882 0.4300   0.2496E+02  0.0000E+00 -0.2496E+02  0.0000E+00      -1  -0.350E-01   20.00
  51   -50.0000      29.882 0.4300   0.2496E+02  0.0000E+00 -0.2496E+02  0.0000E+00      -1  -0.350E-01   20.00
  52   -51.0000      29.882 0.4300   0.2496E+02  0.0000E+00 -0.2496E+02  0.0000E+00      -1  -0.350E-01   20.00
  53   -52.0000      29.882 0.4300   0.2496E+02  0.0000E+00 -0.2496E+02  0.0000E+00      -1  -0.350E-01   20.00
  54   -53.0000      29.882 0.4300   0.2496E+02  0.0000E+00 -0.2496E+02  0.0000E+00      -1  -0.350E-01   20.00
  55   -54.0000      29.882 0.4300   0.2496E+02  0.0000E+00 -0.2496E+02  0.0000E+00      -1  -0.350E-01   20.00
  56   -55.0000      29.882 0.4300   0.2496E+02  0.0000E+00 -0.2496E+02  0.0000E+00      -1  -0.350E-01   20.00
  57   -56.0000      29.882 0.4300   0.2496E+02  0.0000E+00 -0.2496E+02  0.0000E+00      -1  -0.350E-01   20.00
  58   -57.0000      29.882 0.4300   0.2496E+02  0.0000E+00 -0.2496E+02  0.0000E+00      -1  -0.350E-01   20.00
  59   -58.0000      29.882 0.4300   0.2496E+02  0.0000E+00 -0.2496E+02  0.0000E+00      -1  -0.350E-01   20.00
  60   -59.0000      29.882 0.4300   0.2496E+02  0.0000E+00 -0.2496E+02  0.0000E+00      -1  -0.350E-01   20.00
  61   -60.0000      29.882 0.4300   0.2496E+02  0.0000E+00 -0.2496E+02  0.0000E+00      -1  -0.350E-01   20.00
  62   -61.0000      29.882 0.4300   0.2496E+02  0.0000E+00 -0.2496E+02  0.0000E+00      -1  -0.350E-01   20.00
  63   -62.0000      29.882 0.4300   0.2496E+02  0.0000E+00 -0.2496E+02  0.0000E+00      -1  -0.350E-01   20.00
  64   -63.0000      29.882 0.4300   0.2496E+02  0.0000E+00 -0.2496E+02  0.0000E+00      -1  -0.350E-01   20.00
  65   -64.0000      29.882 0.4300   0.2496E+02  0.0000E+00 -0.2496E+02  0.0000E+00      -1  -0.350E-01   20.00
  66   -65.0000      29.882 0.4300   0.2496E+02  0.0000E+00 -0.2496E+02  0.0000E+00      -1  -0.350E-01   20.00
  67   -66.0000      29.882 0.4300   0.2496E+02  0.0000E+00 -0.2496E+02  0.0000E+00      -1  -0.350E-01   20.00
  68   -67.0000      29.882 0.4300   0.2496E+02  0.0000E+00 -0.2496E+02  0.0000E+00      -1  -0.350E-01   20.00
  69   -68.0000      29.882 0.4300   0.2496E+02  0.0000E+00 -0.2496E+02  0.0000E+00      -1  -0.350E-01   20.00
  70   -69.0000      29.882 0.4300   0.2496E+02  0.0000E+00 -0.2496E+02  0.0000E+00      -1  -0.350E-01   20.00
  71   -70.0000      29.882 0.4300   0.2496E+02  0.0000E+00 -0.2496E+02  0.0000E+00      -1  -0.350E-01   20.00
  72   -71.0000      29.882 0.4300   0.2496E+02  0.0000E+00 -0.2496E+02  0.0000E+00      -1  -0.350E-01   20.00
  73   -72.0000      29.882 0.4300   0.2496E+02  0.0000E+00 -0.2496E+02  0.0000E+00      -1  -0.350E-01   20.00
  74   -73.0000      29.882 0.4300   0.2496E+02  0.0000E+00 -0.2496E+02  0.0000E+00      -1  -0.350E-01   20.00
  75   -74.0000      29.882 0.4300   0.2496E+02  0.0000E+00 -0.2496E+02  0.0000E+00      -1  -0.350E-01   20.00
  76   -75.0000      29.882 0.4300   0.2496E+02  0.0000E+00 -0.2496E+02  0.0000E+00      -1  -0.350E-01   20.00
  77   -76.0000      29.882 0.4300   0.2496E+02  0.0000E+00 -0.2496E+02  0.0000E+00      -1  -0.350E-01   20.00
  78   -77.0000      29.882 0.4300   0.2496E+02  0.0000E+00 -0.2496E+02  0.0000E+00      -1  -0.350E-01   20.00
  79   -78.0000      29.882 0.4300   0.2496E+02  0.0000E+00 -0.2496E+02  0.0000E+00      -1  -0.350E-01   20.00
  80   -79.0000      29.882 0.4300   0.2496E+02  0.0000E+00 -0.2496E+02  0.0000E+00      -1  -0.350E-01   20.00
  81   -80.0000      29.882 0.4300   0.2496E+02  0.0000E+00 -0.2496E+02  0.0000E+00      -1  -0.350E-01   20.00
  82   -81.0000      29.882 0.4300   0.2496E+02  0.0000E+00 -0.2496E+02  0.0000E+00      -1  -0.350E-01   20.00
  83   -82.0000      29.882 0.4300   0.2496E+02  0.0000E+00 -0.2496E+02  0.0000E+00      -1  -0.350E-01   20.00
  84   -83.0000      29.882 0.4300   0.2496E+02  0.0000E+00 -0.2496E+02  0.0000E+00      -1  -0.350E-01   20.00
  85   -84.0000      29.882 0.4300   0.2496E+02  0.0000E+00 -0.2496E+02  0.0000E+00      -1  -0.350E-01   20.00
  86   -85.0000      29.882 0.4300   0.2496E+02  0.0000E+00 -0.2496E+02  0.0000E+00      -1  -0.350E-01   20.00
  87   -86.0000      29.882 0.4300   0.2496E+02  0.0000E+00 -0.2496E+02  0.0000E+00      -1  -0.350E-01   20.00
  88   -87.0000      29.882 0.4300   0.2496E+02  0.0000E+00 -0.2496E+02  0.0000E+00      -1  -0.350E-01   20.00
  89   -88.0000      29.882 0.4300   0.2496E+02  0.0000E+00 -0.2496E+02  0.0000E+00      -1  -0.350E-01   20.00
  90   -89.0000      29.882 0.4300   0.2496E+02  0.0000E+00 -0.2496E+02  0.0000E+00      -1  -0.350E-01   20.00
  91   -90.0000      29.882 0.4300   0.2496E+02  0.0000E+00 -0.2496E+02  0.0000E+00      -1  -0.350E-01   20.00
  92   -91.0000      29.882 0.4300   0.2496E+02  0.0000E+00 -0.2496E+02  0.0000E+00      -1  -0.350E-01   20.00
  93   -92.0000      29.882 0.4300   0.2496E+02  0.0000E+00 -0.2496E+02  0.0000E+00      -1  -0.350E-01   20.00
  94   -93.0000      29.882 0.4300   0.2496E+02  0.0000E+00 -0.2496E+02  0.0000E+00      -1  -0.350E-01   20.00
  95   -94.0000      29.882 0.4300   0.2496E+02  0.0000E+00 -0.2496E+02  0.0000E+00      -1  -0.350E-01   20.00
  96   -95.0000      29.882 0.4300   0.2496E+02  0.0000E+00 -0.2496E+02  0.0000E+00      -1  -0.350E-01   20.00
  97   -96.0000      29.882 0.4300   0.2496E+02  0.0000E+00 -0.2496E+02  0.0000E+00      -1  -0.350E-01   20.00
  98   -97.0000      29.882 0.4300   0.2496E+02  0.0000E+00 -0.2496E+02  0.0000E+00      -1  -0.350E-01   20.00
  99   -98.0000      29.882 0.4300   0.2496E+02  0.0000E+00 -0.2496E+02  0.0000E+00      -1  -0.350E-01   20.00
 100   -99.0000      29.882 0.4300   0.2496E+02  0.0000E+00 -0.2496E+02  0.0000E+00      -1  -0.350E-01   20.00
 101  -100.0000      29.882 0.4300   0.2496E+02  0.0000E+00 -0.2496E+02  0.0000E+00      -1  -0.350E-01   20.00
end


 Time:        0.6500


 Node      Depth      Head Moisture       K          C         Flux        Sink         Kappa   v/KsTop   Temp
           [L]        [L]    [-]        [L/T]      [1/L]      [L/T]        [1/T]         [-]      [-]      [C]

   1     0.0000       0.000 0.4300   0.7128E+03  0.0000E+00 -0.2496E+02  0.0000E+00      -1  -0.350E-01   20.00
   2    -1.0000       0.965 0.4300   0.7128E+03  0.0000E+00 -0.2496E+02  0.0000E+00      -1  -0.350E-01   20.00
   3    -2.0000       1.930 0.4300   0.7128E+03  0.0000E+00 -0.2496E+02  0.0000E+00      -1  -0.350E-01   20.00
   4    -3.0000       2.895 0.4300   0.7128E+03  0.0000E+00 -0.2496E+02  0.0000E+00      -1  -0.350E-01   20.00
   5    -4.0000       3.860 0.4300   0.7128E+03  0.0000E+00 -0.2496E+02  0.0000E+00      -1  -0.350E-01   20.00
   6    -5.0000       4.825 0.4300   0.7128E+03  0.0000E+00 -0.2496E+02  0.0000E+00      -1  -0.350E-01   20.00
   7    -6.0000       5.790 0.4300   0.7128E+03  0.0000E+00 -0.2496E+02  0.0000E+00      -1  -0.350E-01   20.00
   8    -7.0000       6.755 0.4300   0.7128E+03  0.0000E+00 -0.2496E+02  0.0000E+00      -1  -0.350E-01   20.00
   9    -8.0000       7.720 0.4300   0.7128E+03  0.0000E+00 -0.2496E+02  0.0000E+00      -1  -0.350E-01   20.00
  10    -9.0000       8.685 0.4300   0.7128E+03  0.0000E+00 -0.2496E+02  0.0000E+00      -1  -0.350E-01   20.00
  11   -10.0000       9.650 0.4300   0.7128E+03  0.0000E+00 -0.2496E+02  0.0000E+00      -1  -0.350E-01   20.00
  12   -11.0000      10.615 0.4300   0.7128E+03  0.0000E+00 -0.2496E+02  0.0000E+00      -1  -0.350E-01   20.00
  13   -12.0000      11.580 0.4300   0.7128E+03  0.0000E+00 -0.2496E+02  0.0000E+00      -1  -0.350E-01   20.00
  14   -13.0000      12.545 0.4300   0.7128E+03  0.0000E+00 -0.2496E+02  0.0000E+00      -1  -0.350E-01   20.00
  15   -14.0000      13.510 0.4300   0.7128E+03  0.0000E+00 -0.2496E+02  0.0000E+00      -1  -0.350E-01   20.00
  16   -15.0000      14.475 0.4300   0.7128E+03  0.0000E+00 -0.2496E+02  0.0000E+00      -1  -0.350E-01   20.00
  17   -16.0000      15.440 0.4300   0.7128E+03  0.0000E+00 -0.2496E+02  0.0000E+00      -1  -0.350E-01   20.00
  18   -17.0000      16.405 0.4300   0.7128E+03  0.0000E+00 -0.2496E+02  0.0000E+00      -1  -0.350E-01   20.00
  19   -18.0000      17.370 0.4300   0.7128E+03  0.0000E+00 -0.2496E+02  0.0000E+00      -1  -0.350E-01   20.00
  20   -19.0000      18.335 0.4300   0.7128E+03  0.0000E+00 -0.2496E+02  0.0000E+00      -1  -0.350E-01   20.00
  21   -20.0000      19.300 0.4300   0.7128E+03  0.0000E+00 -0.2496E+02  0.0000E+00      -1  -0.350E-01   20.00
  22   -21.0000      20.265 0.4300   0.7128E+03  0.0000E+00 -0.2496E+02  0.0000E+00      -1  -0.350E-01   20.00
  23   -22.0000      21.230 0.4300   0.7128E+03  0.0000E+00 -0.2496E+02  0.0000E+00      -1  -0.350E-01   20.00
  24   -23.0000      22.195 0.4300   0.7128E+03  0.0000E+00 -0.2496E+02  0.0000E+00      -1  -0.350E-01   20.00
  25   -24.0000      23.160 0.4300   0.7128E+03  0.0000E+00 -0.2496E+02  0.0000E+00      -1  -0.350E-01   20.00
  26   -25.0000      24.125 0.4300   0.7128E+03  0.0000E+00 -0.2496E+02  0.0000E+00      -1  -0.350E-01   20.00
  27   -26.0000      25.090 0.4300   0.7128E+03  0.0000E+00 -0.2496E+02  0.0000E+00      -1  -0.350E-01   20.00
  28   -27.0000      26.055 0.4300   0.7128E+03  0.0000E+00 -0.2496E+02  0.0000E+00      -1  -0.350E-01   20.00
  29   -28.0000      27.020 0.4300   0.7128E+03  0.0000E+00 -0.2496E+02  0.0000E+00      -1  -0.350E-01   20.00
  30   -29.0000      27.985 0.4300   0.7128E+03  0.0000E+00 -0.2496E+02  0.0000E+00      -1  -0.350E-01   20.00
  31   -30.0000      28.950 0.4300   0.7128E+03  0.0000E+00 -0.2496E+02  0.0000E+00      -1  -0.350E-01   20.00
  32   -31.0000      29.882 0.4300   0.2496E+02  0.0000E+00 -0.2496E+02  0.0000E+00      -1  -0.350E-01   20.00
  33   -32.0000      29.882 0.4300   0.2496E+02  0.0000E+00 -0.2496E+02  0.0000E+00      -1  -0.350E-01   20.00
  34   -33.0000      29.882 0.4300   0.2496E+02  0.0000E+00 -0.2496E+02  0.0000E+00      -1  -0.350E-01   20.00
  35   -34.0000      29.882 0.4300   0.2496E+02  0.0000E+00 -0.2496E+02  0.0000E+00      -1  -0.350E-01   20.00
  36   -35.0000      29.882 0.4300   0.2496E+02  0.0000E+00 -0.2496E+02  0.0000E+00      -1  -0.350E-01   20.00
  37   -36.0000      29.882 0.4300   0.2496E+02  0.0000E+00 -0.2496E+02  0.0000E+00      -1  -0.350E-01   20.00
  38   -37.0000      29.882 0.4300   0.2496E+02  0.0000E+00 -0.2496E+02  0.0000E+00      -1  -0.350E-01   20.00
  39   -38.0000      29.882 0.4300   0.2496E+02  0.0000E+00 -0.2496E+02  0.0000E+00      -1  -0.350E-01   20.00
  40   -39.0000      29.882 0.4300   0.2496E+02  0.0000E+00 -0.2496E+02  0.0000E+00      -1  -0.350E-01   20.00
  41   -40.0000      29.882 0.4300   0.2496E+02  0.0000E+00 -0.2496E+02  0.0000E+00      -1  -0.350E-01   20.00
  42   -41.0000      29.882 0.4300   0.2496E+02  0.0000E+00 -0.2496E+02  0.0000E+00      -1  -0.350E-01   20.00
  43   -42.0000      29.882 0.4300   0.2496E+02  0.0000E+00 -0.2496E+02  0.0000E+00      -1  -0.350E-01   20.00
  44   -43.0000      29.882 0.4300   0.2496E+02  0.0000E+00 -0.2496E+02  0.0000E+00      -1  -0.350E-01   20.00
  45   -44.0000      29.882 0.4300   0.2496E+02  0.0000E+00 -0.2496E+02  0.0000E+00      -1  -0.350E-01   20.00
  46   -45.0000      29.882 0.4300   0.2496E+02  0.0000E+00 -0.2496E+02  0.0000E+00      -1  -0.350E-01   20.00
  47   -46.0000      29.882 0.4300   0.2496E+02  0.0000E+00 -0.2496E+02  0.0000E+00      -1  -0.350E-01   20.00
  48   -47.0000      29.882 0.4300   0.2496E+02  0.0000E+00 -0.2496E+02  0.0000E+00      -1  -0.350E-01   20.00
  49   -48.0000      29.882 0.4300   0.2496E+02  0.0000E+00 -0.2496E+02  0.0000E+00      -1  -0.350E-01   20.00
  50   -49.0000      29.882 0.4300   0.2496E+02  0.0000E+00 -0.2496E+02  0.0000E+00      -1  -0.350E-01   20.00
  51   -50.0000      29.882 0.4300   0.2496E+02  0.0000E+00 -0.2496E+02  0.0000E+00      -1  -0.350E-01   20.00
  52   -51.0000      29.882 0.4300   0.2496E+02  0.0000E+00 -0.2496E+02  0.0000E+00      -1  -0.350E-01   20.00
  53   -52.0000      29.882 0.4300   0.2496E+02  0.0000E+00 -0.2496E+02  0.0000E+00      -1  -0.350E-01   20.00
  54   -53.0000      29.882 0.4300   0.2496E+02  0.0000E+00 -0.2496E+02  0.0000E+00      -1  -0.350E-01   20.00
  55   -54.0000      29.882 0.4300   0.2496E+02  0.0000E+00 -0.2496E+02  0.0000E+00      -1  -0.350E-01   20.00
  56   -55.0000      29.882 0.4300   0.2496E+02  0.0000E+00 -0.2496E+02  0.0000E+00      -1  -0.350E-01   20.00
  57   -56.0000      29.882 0.4300   0.2496E+02  0.0000E+00 -0.2496E+02  0.0000E+00      -1  -0.350E-01   20.00
  58   -57.0000      29.882 0.4300   0.2496E+02  0.0000E+00 -0.2496E+02  0.0000E+00      -1  -0.350E-01   20.00
  59   -58.0000      29.882 0.4300   0.2496E+02  0.0000E+00 -0.2496E+02  0.0000E+00      -1  -0.350E-01   20.00
  60   -59.0000      29.882 0.4300   0.2496E+02  0.0000E+00 -0.2496E+02  0.0000E+00      -1  -0.350E-01   20.00
  61   -60.0000      29.882 0.4300   0.2496E+02  0.0000E+00 -0.2496E+02  0.0000E+00      -1  -0.350E-01   20.00
  62   -61.0000      29.882 0.4300   0.2496E+02  0.0000E+00 -0.2496E+02  0.0000E+00      -1  -0.350E-01   20.00
  63   -62.0000      29.882 0.4300   0.2496E+02  0.0000E+00 -0.2496E+02  0.0000E+00      -1  -0.350E-01   20.00
  64   -63.0000      29.882 0.4300   0.2496E+02  0.0000E+00 -0.2496E+02  0.0000E+00      -1  -0.350E-01   20.00
  65   -64.0000      29.882 0.4300   0.2496E+02  0.0000E+00 -0.2496E+02  0.0000E+00      -1  -0.350E-01   20.00
  66   -65.0000      29.882 0.4300   0.2496E+02  0.0000E+00 -0.2496E+02  0.0000E+00      -1  -0.350E-01   20.00
  67   -66.0000      29.882 0.4300   0.2496E+02  0.0000E+00 -0.2496E+02  0.0000E+00      -1  -0.350E-01   20.00
  68   -67.0000      29.882 0.4300   0.2496E+02  0.0000E+00 -0.2496E+02  0.0000E+00      -1  -0.350E-01   20.00
  69   -68.0000      29.882 0.4300   0.2496E+02  0.0000E+00 -0.2496E+02  0.0000E+00      -1  -0.350E-01   20.00
  70   -69.0000      29.882 0.4300   0.2496E+02  0.0000E+00 -0.2496E+02  0.0000E+00      -1  -0.350E-01   20.00
  71   -70.0000      29.882 0.4300   0.2496E+02  0.0000E+00 -0.2496E+02  0.0000E+00      -1  -0.350E-01   20.00
  72   -71.0000      29.882 0.4300   0.2496E+02  0.0000E+00 -0.2496E+02  0.0000E+00      -1  -0.350E-01   20.00
  73   -72.0000      29.882 0.4300   0.2496E+02  0.0000E+00 -0.2496E+02  0.0000E+00      -1  -0.350E-01   20.00
  74   -73.0000      29.882 0.4300   0.2496E+02  0.0000E+00 -0.2496E+02  0.0000E+00      -1  -0.350E-01   20.00
  75   -74.0000      29.882 0.4300   0.2496E+02  0.0000E+00 -0.2496E+02  0.0000E+00      -1  -0.350E-01   20.00
  76   -75.0000      29.882 0.4300   0.2496E+02  0.0000E+00 -0.2496E+02  0.0000E+00      -1  -0.350E-01   20.00
  77   -76.0000      29.882 0.4300   0.2496E+02  0.0000E+00 -0.2496E+02  0.0000E+00      -1  -0.350E-01   20.00
  78   -77.0000      29.882 0.4300   0.2496E+02  0.0000E+00 -0.2496E+02  0.0000E+00      -1  -0.350E-01   20.00
  79   -78.0000      29.882 0.4300   0.2496E+02  0.0000E+00 -0.2496E+02  0.0000E+00      -1  -0.350E-01   20.00
  80   -79.0000      29.882 0.4300   0.2496E+02  0.0000E+00 -0.2496E+02  0.0000E+00      -1  -0.350E-01   20.00
  81   -80.0000      29.882 0.4300   0.2496E+02  0.0000E+00 -0.2496E+02  0.0000E+00      -1  -0.350E-01   20.00
  82   -81.0000      29.882 0.4300   0.2496E+02  0.0000E+00 -0.2496E+02  0.0000E+00      -1  -0.350E-01   20.00
  83   -82.0000      29.882 0.4300   0.2496E+02  0.0000E+00 -0.2496E+02  0.0000E+00      -1  -0.350E-01   20.00
  84   -83.0000      29.882 0.4300   0.2496E+02  0.0000E+00 -0.2496E+02  0.0000E+00      -1  -0.350E-01   20.00
  85   -84.0000      29.882 0.4300   0.2496E+02  0.0000E+00 -0.2496E+02  0.0000E+00      -1  -0.350E-01   20.00
  86   -85.0000      29.882 0.4300   0.2496E+02  0.0000E+00 -0.2496E+02  0.0000E+00      -1  -0.350E-01   20.00
  87   -86.0000      29.882 0.4300   0.2496E+02  0.0000E+00 -0.2496E+02  0.0000E+00      -1  -0.350E-01   20.00
  88   -87.0000      29.882 0.4300   0.2496E+02  0.0000E+00 -0.2496E+02  0.0000E+00      -1  -0.350E-01   20.00
  89   -88.0000      29.882 0.4300   0.2496E+02  0.0000E+00 -0.2496E+02  0.0000E+00      -1  -0.350E-01   20.00
  90   -89.0000      29.882 0.4300   0.2496E+02  0.0000E+00 -0.2496E+02  0.0000E+00      -1  -0.350E-01   20.00
  91   -90.0000      29.882 0.4300   0.2496E+02  0.0000E+00 -0.2496E+02  0.0000E+00      -1  -0.350E-01   20.00
  92   -91.0000      29.882 0.4300   0.2496E+02  0.0000E+00 -0.2496E+02  0.0000E+00      -1  -0.350E-01   20.00
  93   -92.0000      29.882 0.4300   0.2496E+02  0.0000E+00 -0.2496E+02  0.0000E+00      -1  -0.350E-01   20.00
  94   -93.0000      29.882 0.4300   0.2496E+02  0.0000E+00 -0.2496E+02  0.0000E+00      -1  -0.350E-01   20.00
  95   -94.0000      29.882 0.4300   0.2496E+02  0.0000E+00 -0.2496E+02  0.0000E+00      -1  -0.350E-01   20.00
  96   -95.0000      29.882 0.4300   0.2496E+02  0.0000E+00 -0.2496E+02  0.0000E+00      -1  -0.350E-01   20.00
  97   -96.0000      29.882 0.4300   0.2496E+02  0.0000E+00 -0.2496E+02  0.0000E+00      -1  -0.350E-01   20.00
  98   -97.0000      29.882 0.4300   0.2496E+02  0.0000E+00 -0.2496E+02  0.0000E+00      -1  -0.350E-01   20.00
  99   -98.0000      29.882 0.4300   0.2496E+02  0.0000E+00 -0.2496E+02  0.0000E+00      -1  -0.350E-01   20.00
 100   -99.0000      29.882 0.4300   0.2496E+02  0.0000E+00 -0.2496E+02  0.0000E+00      -1  -0.350E-01   20.00
 101  -100.0000      29.882 0.4300   0.2496E+02  0.0000E+00 -0.2496E+02  0.0000E+00      -1  -0.350E-01   20.00
end


 Time:        0.7000


 Node      Depth      Head Moisture       K          C         Flux        Sink         Kappa   v/KsTop   Temp
           [L]        [L]    [-]        [L/T]      [1/L]      [L/T]        [1/T]         [-]      [-]      [C]

   1     0.0000       0.000 0.4300   0.7128E+03  0.0000E+00 -0.2496E+02  0.0000E+00      -1  -0.350E-01   20.00
   2    -1.0000       0.965 0.4300   0.7128E+03  0.0000E+00 -0.2496E+02  0.0000E+00      -1  -0.350E-01   20.00
   3    -2.0000       1.930 0.4300   0.7128E+03  0.0000E+00 -0.2496E+02  0.0000E+00      -1  -0.350E-01   20.00
   4    -3.0000       2.895 0.4300   0.7128E+03  0.0000E+00 -0.2496E+02  0.0000E+00      -1  -0.350E-01   20.00
   5    -4.0000       3.860 0.4300   0.7128E+03  0.0000E+00 -0.2496E+02  0.0000E+00      -1  -0.350E-01   20.00
   6    -5.0000       4.825 0.4300   0.7128E+03  0.0000E+00 -0.2496E+02  0.0000E+00      -1  -0.350E-01   20.00
   7    -6.0000       5.790 0.4300   0.7128E+03  0.0000E+00 -0.2496E+02  0.0000E+00      -1  -0.350E-01   20.00
   8    -7.0000       6.755 0.4300   0.7128E+03  0.0000E+00 -0.2496E+02  0.0000E+00      -1  -0.350E-01   20.00
   9    -8.0000       7.720 0.4300   0.7128E+03  0.0000E+00 -0.2496E+02  0.0000E+00      -1  -0.350E-01   20.00
  10    -9.0000       8.685 0.4300   0.7128E+03  0.0000E+00 -0.2496E+02  0.0000E+00      -1  -0.350E-01   20.00
  11   -10.0000       9.650 0.4300   0.7128E+03  0.0000E+00 -0.2496E+02  0.0000E+00      -1  -0.350E-01   20.00
  12   -11.0000      10.615 0.4300   0.7128E+03  0.0000E+00 -0.2496E+02  0.0000E+00      -1  -0.350E-01   20.00
  13   -12.0000      11.580 0.4300   0.7128E+03  0.0000E+00 -0.2496E+02  0.0000E+00      -1  -0.350E-01   20.00
  14   -13.0000      12.545 0.4300   0.7128E+03  0.0000E+00 -0.2496E+02  0.0000E+00      -1  -0.350E-01   20.00
  15   -14.0000      13.510 0.4300   0.7128E+03  0.0000E+00 -0.2496E+02  0.0000E+00      -1  -0.350E-01   20.00
  16   -15.0000      14.475 0.4300   0.7128E+03  0.0000E+00 -0.2496E+02  0.0000E+00      -1  -0.350E-01   20.00
  17   -16.0000      15.440 0.4300   0.7128E+03  0.0000E+00 -0.2496E+02  0.0000E+00      -1  -0.350E-01   20.00
  18   -17.0000      16.405 0.4300   0.7128E+03  0.0000E+00 -0.2496E+02  0.0000E+00      -1  -0.350E-01   20.00
  19   -18.0000      17.370 0.4300   0.7128E+03  0.0000E+00 -0.2496E+02  0.0000E+00      -1  -0.350E-01   20.00
  20   -19.0000      18.335 0.4300   0.7128E+03  0.0000E+00 -0.2496E+02  0.0000E+00      -1  -0.350E-01   20.00
  21   -20.0000      19.300 0.4300   0.7128E+03  0.0000E+00 -0.2496E+02  0.0000E+00      -1  -0.350E-01   20.00
  22   -21.0000      20.265 0.4300   0.7128E+03  0.0000E+00 -0.2496E+02  0.0000E+00      -1  -0.350E-01   20.00
  23   -22.0000      21.230 0.4300   0.7128E+03  0.0000E+00 -0.2496E+02  0.0000E+00      -1  -0.350E-01   20.00
  24   -23.0000      22.195 0.4300   0.7128E+03  0.0000E+00 -0.2496E+02  0.0000E+00      -1  -0.350E-01   20.00
  25   -24.0000      23.160 0.4300   0.7128E+03  0.0000E+00 -0.2496E+02  0.0000E+00      -1  -0.350E-01   20.00
  26   -25.0000      24.125 0.4300   0.7128E+03  0.0000E+00 -0.2496E+02  0.0000E+00      -1  -0.350E-01   20.00
  27   -26.0000      25.090 0.4300   0.7128E+03  0.0000E+00 -0.2496E+02  0.0000E+00      -1  -0.350E-01   20.00
  28   -27.0000      26.055 0.4300   0.7128E+03  0.0000E+00 -0.2496E+02  0.0000E+00      -1  -0.350E-01   20.00
  29   -28.0000      27.020 0.4300   0.7128E+03  0.0000E+00 -0.2496E+02  0.0000E+00      -1  -0.350E-01   20.00
  30   -29.0000      27.985 0.4300   0.7128E+03  0.0000E+00 -0.2496E+02  0.0000E+00      -1  -0.350E-01   20.00
  31   -30.0000      28.950 0.4300   0.7128E+03  0.0000E+00 -0.2496E+02  0.0000E+00      -1  -0.350E-01   20.00
  32   -31.0000      29.882 0.4300   0.2496E+02  0.0000E+00 -0.2496E+02  0.0000E+00      -1  -0.350E-01   20.00
  33   -32.0000      29.882 0.4300   0.2496E+02  0.0000E+00 -0.2496E+02  0.0000E+00      -1  -0.350E-01   20.00
  34   -33.0000      29.882 0.4300   0.2496E+02  0.0000E+00 -0.2496E+02  0.0000E+00      -1  -0.350E-01   20.00
  35   -34.0000      29.882 0.4300   0.2496E+02  0.0000E+00 -0.2496E+02  0.0000E+00      -1  -0.350E-01   20.00
  36   -35.0000      29.882 0.4300   0.2496E+02  0.0000E+00 -0.2496E+02  0.0000E+00      -1  -0.350E-01   20.00
  37   -36.0000      29.882 0.4300   0.2496E+02  0.0000E+00 -0.2496E+02  0.0000E+00      -1  -0.350E-01   20.00
  38   -37.0000      29.882 0.4300   0.2496E+02  0.0000E+00 -0.2496E+02  0.0000E+00      -1  -0.350E-01   20.00
  39   -38.0000      29.882 0.4300   0.2496E+02  0.0000E+00 -0.2496E+02  0.0000E+00      -1  -0.350E-01   20.00
  40   -39.0000      29.882 0.4300   0.2496E+02  0.0000E+00 -0.2496E+02  0.0000E+00      -1  -0.350E-01   20.00
  41   -40.0000      29.882 0.4300   0.2496E+02  0.0000E+00 -0.2496E+02  0.0000E+00      -1  -0.350E-01   20.00
  42   -41.0000      29.882 0.4300   0.2496E+02  0.0000E+00 -0.2496E+02  0.0000E+00      -1  -0.350E-01   20.00
  43   -42.0000      29.882 0.4300   0.2496E+02  0.0000E+00 -0.2496E+02  0.0000E+00      -1  -0.350E-01   20.00
  44   -43.0000      29.882 0.4300   0.2496E+02  0.0000E+00 -0.2496E+02  0.0000E+00      -1  -0.350E-01   20.00
  45   -44.0000      29.882 0.4300   0.2496E+02  0.0000E+00 -0.2496E+02  0.0000E+00      -1  -0.350E-01   20.00
  46   -45.0000      29.882 0.4300   0.2496E+02  0.0000E+00 -0.2496E+02  0.0000E+00      -1  -0.350E-01   20.00
  47   -46.0000      29.882 0.4300   0.2496E+02  0.0000E+00 -0.2496E+02  0.0000E+00      -1  -0.350E-01   20.00
  48   -47.0000      29.882 0.4300   0.2496E+02  0.0000E+00 -0.2496E+02  0.0000E+00      -1  -0.350E-01   20.00
  49   -48.0000      29.882 0.4300   0.2496E+02  0.0000E+00 -0.2496E+02  0.0000E+00      -1  -0.350E-01   20.00
  50   -49.0000      29.882 0.4300   0.2496E+02  0.0000E+00 -0.2496E+02  0.0000E+00      -1  -0.350E-01   20.00
  51   -50.0000      29.882 0.4300   0.2496E+02  0.0000E+00 -0.2496E+02  0.0000E+00      -1  -0.350E-01   20.00
  52   -51.0000      29.882 0.4300   0.2496E+02  0.0000E+00 -0.2496E+02  0.0000E+00      -1  -0.350E-01   20.00
  53   -52.0000      29.882 0.4300   0.2496E+02  0.0000E+00 -0.2496E+02  0.0000E+00      -1  -0.350E-01   20.00
  54   -53.0000      29.882 0.4300   0.2496E+02  0.0000E+00 -0.2496E+02  0.0000E+00      -1  -0.350E-01   20.00
  55   -54.0000      29.882 0.4300   0.2496E+02  0.0000E+00 -0.2496E+02  0.0000E+00      -1  -0.350E-01   20.00
  56   -55.0000      29.882 0.4300   0.2496E+02  0.0000E+00 -0.2496E+02  0.0000E+00      -1  -0.350E-01   20.00
  57   -56.0000      29.882 0.4300   0.2496E+02  0.0000E+00 -0.2496E+02  0.0000E+00      -1  -0.350E-01   20.00
  58   -57.0000      29.882 0.4300   0.2496E+02  0.0000E+00 -0.2496E+02  0.0000E+00      -1  -0.350E-01   20.00
  59   -58.0000      29.882 0.4300   0.2496E+02  0.0000E+00 -0.2496E+02  0.0000E+00      -1  -0.350E-01   20.00
  60   -59.0000      29.882 0.4300   0.2496E+02  0.0000E+00 -0.2496E+02  0.0000E+00      -1  -0.350E-01   20.00
  61   -60.0000      29.882 0.4300   0.2496E+02  0.0000E+00 -0.2496E+02  0.0000E+00      -1  -0.350E-01   20.00
  62   -61.0000      29.882 0.4300   0.2496E+02  0.0000E+00 -0.2496E+02  0.0000E+00      -1  -0.350E-01   20.00
  63   -62.0000      29.882 0.4300   0.2496E+02  0.0000E+00 -0.2496E+02  0.0000E+00      -1  -0.350E-01   20.00
  64   -63.0000      29.882 0.4300   0.2496E+02  0.0000E+00 -0.2496E+02  0.0000E+00      -1  -0.350E-01   20.00
  65   -64.0000      29.882 0.4300   0.2496E+02  0.0000E+00 -0.2496E+02  0.0000E+00      -1  -0.350E-01   20.00
  66   -65.0000      29.882 0.4300   0.2496E+02  0.0000E+00 -0.2496E+02  0.0000E+00      -1  -0.350E-01   20.00
  67   -66.0000      29.882 0.4300   0.2496E+02  0.0000E+00 -0.2496E+02  0.0000E+00      -1  -0.350E-01   20.00
  68   -67.0000      29.882 0.4300   0.2496E+02  0.0000E+00 -0.2496E+02  0.0000E+00      -1  -0.350E-01   20.00
  69   -68.0000      29.882 0.4300   0.2496E+02  0.0000E+00 -0.2496E+02  0.0000E+00      -1  -0.350E-01   20.00
  70   -69.0000      29.882 0.4300   0.2496E+02  0.0000E+00 -0.2496E+02  0.0000E+00      -1  -0.350E-01   20.00
  71   -70.0000      29.882 0.4300   0.2496E+02  0.0000E+00 -0.2496E+02  0.0000E+00      -1  -0.350E-01   20.00
  72   -71.0000      29.882 0.4300   0.2496E+02  0.0000E+00 -0.2496E+02  0.0000E+00      -1  -0.350E-01   20.00
  73   -72.0000      29.882 0.4300   0.2496E+02  0.0000E+00 -0.2496E+02  0.0000E+00      -1  -0.350E-01   20.00
  74   -73.0000      29.882 0.4300   0.2496E+02  0.0000E+00 -0.2496E+02  0.0000E+00      -1  -0.350E-01   20.00
  75   -74.0000      29.882 0.4300   0.2496E+02  0.0000E+00 -0.2496E+02  0.0000E+00      -1  -0.350E-01   20.00
  76   -75.0000      29.882 0.4300   0.2496E+02  0.0000E+00 -0.2496E+02  0.0000E+00      -1  -0.350E-01   20.00
  77   -76.0000      29.882 0.4300   0.2496E+02  0.0000E+00 -0.2496E+02  0.0000E+00      -1  -0.350E-01   20.00
  78   -77.0000      29.882 0.4300   0.2496E+02  0.0000E+00 -0.2496E+02  0.0000E+00      -1  -0.350E-01   20.00
  79   -78.0000      29.882 0.4300   0.2496E+02  0.0000E+00 -0.2496E+02  0.0000E+00      -1  -0.350E-01   20.00
  80   -79.0000      29.882 0.4300   0.2496E+02  0.0000E+00 -0.2496E+02  0.0000E+00      -1  -0.350E-01   20.00
  81   -80.0000      29.882 0.4300   0.2496E+02  0.0000E+00 -0.2496E+02  0.0000E+00      -1  -0.350E-01   20.00
  82   -81.0000      29.882 0.4300   0.2496E+02  0.0000E+00 -0.2496E+02  0.0000E+00      -1  -0.350E-01   20.00
  83   -82.0000      29.882 0.4300   0.2496E+02  0.0000E+00 -0.2496E+02  0.0000E+00      -1  -0.350E-01   20.00
  84   -83.0000      29.882 0.4300   0.2496E+02  0.0000E+00 -0.2496E+02  0.0000E+00      -1  -0.350E-01   20.00
  85   -84.0000      29.882 0.4300   0.2496E+02  0.0000E+00 -0.2496E+02  0.0000E+00      -1  -0.350E-01   20.00
  86   -85.0000      29.882 0.4300   0.2496E+02  0.0000E+00 -0.2496E+02  0.0000E+00      -1  -0.350E-01   20.00
  87   -86.0000      29.882 0.4300   0.2496E+02  0.0000E+00 -0.2496E+02  0.0000E+00      -1  -0.350E-01   20.00
  88   -87.0000      29.882 0.4300   0.2496E+02  0.0000E+00 -0.2496E+02  0.0000E+00      -1  -0.350E-01   20.00
  89   -88.0000      29.882 0.4300   0.2496E+02  0.0000E+00 -0.2496E+02  0.0000E+00      -1  -0.350E-01   20.00
  90   -89.0000      29.882 0.4300   0.2496E+02  0.0000E+00 -0.2496E+02  0.0000E+00      -1  -0.350E-01   20.00
  91   -90.0000      29.882 0.4300   0.2496E+02  0.0000E+00 -0.2496E+02  0.0000E+00      -1  -0.350E-01   20.00
  92   -91.0000      29.882 0.4300   0.2496E+02  0.0000E+00 -0.2496E+02  0.0000E+00      -1  -0.350E-01   20.00
  93   -92.0000      29.882 0.4300   0.2496E+02  0.0000E+00 -0.2496E+02  0.0000E+00      -1  -0.350E-01   20.00
  94   -93.0000      29.882 0.4300   0.2496E+02  0.0000E+00 -0.2496E+02  0.0000E+00      -1  -0.350E-01   20.00
  95   -94.0000      29.882 0.4300   0.2496E+02  0.0000E+00 -0.2496E+02  0.0000E+00      -1  -0.350E-01   20.00
  96   -95.0000      29.882 0.4300   0.2496E+02  0.0000E+00 -0.2496E+02  0.0000E+00      -1  -0.350E-01   20.00
  97   -96.0000      29.882 0.4300   0.2496E+02  0.0000E+00 -0.2496E+02  0.0000E+00      -1  -0.350E-01   20.00
  98   -97.0000      29.882 0.4300   0.2496E+02  0.0000E+00 -0.2496E+02  0.0000E+00      -1  -0.350E-01   20.00
  99   -98.0000      29.882 0.4300   0.2496E+02  0.0000E+00 -0.2496E+02  0.0000E+00      -1  -0.350E-01   20.00
 100   -99.0000      29.882 0.4300   0.2496E+02  0.0000E+00 -0.2496E+02  0.0000E+00      -1  -0.350E-01   20.00
 101  -100.0000      29.882 0.4300   0.2496E+02  0.0000E+00 -0.2496E+02  0.0000E+00      -1  -0.350E-01   20.00
end


 Time:        0.7500


 Node      Depth      Head Moisture       K          C         Flux        Sink         Kappa   v/KsTop   Temp
           [L]        [L]    [-]        [L/T]      [1/L]      [L/T]        [1/T]         [-]      [-]      [C]

   1     0.0000       0.000 0.4300   0.7128E+03  0.0000E+00 -0.2496E+02  0.0000E+00      -1  -0.350E-01   20.00
   2    -1.0000       0.965 0.4300   0.7128E+03  0.0000E+00 -0.2496E+02  0.0000E+00      -1  -0.350E-01   20.00
   3    -2.0000       1.930 0.4300   0.7128E+03  0.0000E+00 -0.2496E+02  0.0000E+00      -1  -0.350E-01   20.00
   4    -3.0000       2.895 0.4300   0.7128E+03  0.0000E+00 -0.2496E+02  0.0000E+00      -1  -0.350E-01   20.00
   5    -4.0000       3.860 0.4300   0.7128E+03  0.0000E+00 -0.2496E+02  0.0000E+00      -1  -0.350E-01   20.00
   6    -5.0000       4.825 0.4300   0.7128E+03  0.0000E+00 -0.2496E+02  0.0000E+00      -1  -0.350E-01   20.00
   7    -6.0000       5.790 0.4300   0.7128E+03  0.0000E+00 -0.2496E+02  0.0000E+00      -1  -0.350E-01   20.00
   8    -7.0000       6.755 0.4300   0.7128E+03  0.0000E+00 -0.2496E+02  0.0000E+00      -1  -0.350E-01   20.00
   9    -8.0000       7.720 0.4300   0.7128E+03  0.0000E+00 -0.2496E+02  0.0000E+00      -1  -0.350E-01   20.00
  10    -9.0000       8.685 0.4300   0.7128E+03  0.0000E+00 -0.2496E+02  0.0000E+00      -1  -0.350E-01   20.00
  11   -10.0000       9.650 0.4300   0.7128E+03  0.0000E+00 -0.2496E+02  0.0000E+00      -1  -0.350E-01   20.00
  12   -11.0000      10.615 0.4300   0.7128E+03  0.0000E+00 -0.2496E+02  0.0000E+00      -1  -0.350E-01   20.00
  13   -12.0000      11.580 0.4300   0.7128E+03  0.0000E+00 -0.2496E+02  0.0000E+00      -1  -0.350E-01   20.00
  14   -13.0000      12.545 0.4300   0.7128E+03  0.0000E+00 -0.2496E+02  0.0000E+00      -1  -0.350E-01   20.00
  15   -14.0000      13.510 0.4300   0.7128E+03  0.0000E+00 -0.2496E+02  0.0000E+00      -1  -0.350E-01   20.00
  16   -15.0000      14.475 0.4300   0.7128E+03  0.0000E+00 -0.2496E+02  0.0000E+00      -1  -0.350E-01   20.00
  17   -16.0000      15.440 0.4300   0.7128E+03  0.0000E+00 -0.2496E+02  0.0000E+00      -1  -0.350E-01   20.00
  18   -17.0000      16.405 0.4300   0.7128E+03  0.0000E+00 -0.2496E+02  0.0000E+00      -1  -0.350E-01   20.00
  19   -18.0000      17.370 0.4300   0.7128E+03  0.0000E+00 -0.2496E+02  0.0000E+00      -1  -0.350E-01   20.00
  20   -19.0000      18.335 0.4300   0.7128E+03  0.0000E+00 -0.2496E+02  0.0000E+00      -1  -0.350E-01   20.00
  21   -20.0000      19.300 0.4300   0.7128E+03  0.0000E+00 -0.2496E+02  0.0000E+00      -1  -0.350E-01   20.00
  22   -21.0000      20.265 0.4300   0.7128E+03  0.0000E+00 -0.2496E+02  0.0000E+00      -1  -0.350E-01   20.00
  23   -22.0000      21.230 0.4300   0.7128E+03  0.0000E+00 -0.2496E+02  0.0000E+00      -1  -0.350E-01   20.00
  24   -23.0000      22.195 0.4300   0.7128E+03  0.0000E+00 -0.2496E+02  0.0000E+00      -1  -0.350E-01   20.00
  25   -24.0000      23.160 0.4300   0.7128E+03  0.0000E+00 -0.2496E+02  0.0000E+00      -1  -0.350E-01   20.00
  26   -25.0000      24.125 0.4300   0.7128E+03  0.0000E+00 -0.2496E+02  0.0000E+00      -1  -0.350E-01   20.00
  27   -26.0000      25.090 0.4300   0.7128E+03  0.0000E+00 -0.2496E+02  0.0000E+00      -1  -0.350E-01   20.00
  28   -27.0000      26.055 0.4300   0.7128E+03  0.0000E+00 -0.2496E+02  0.0000E+00      -1  -0.350E-01   20.00
  29   -28.0000      27.020 0.4300   0.7128E+03  0.0000E+00 -0.2496E+02  0.0000E+00      -1  -0.350E-01   20.00
  30   -29.0000      27.985 0.4300   0.7128E+03  0.0000E+00 -0.2496E+02  0.0000E+00      -1  -0.350E-01   20.00
  31   -30.0000      28.950 0.4300   0.7128E+03  0.0000E+00 -0.2496E+02  0.0000E+00      -1  -0.350E-01   20.00
  32   -31.0000      29.882 0.4300   0.2496E+02  0.0000E+00 -0.2496E+02  0.0000E+00      -1  -0.350E-01   20.00
  33   -32.0000      29.882 0.4300   0.2496E+02  0.0000E+00 -0.2496E+02  0.0000E+00      -1  -0.350E-01   20.00
  34   -33.0000      29.882 0.4300   0.2496E+02  0.0000E+00 -0.2496E+02  0.0000E+00      -1  -0.350E-01   20.00
  35   -34.0000      29.882 0.4300   0.2496E+02  0.0000E+00 -0.2496E+02  0.0000E+00      -1  -0.350E-01   20.00
  36   -35.0000      29.882 0.4300   0.2496E+02  0.0000E+00 -0.2496E+02  0.0000E+00      -1  -0.350E-01   20.00
  37   -36.0000      29.882 0.4300   0.2496E+02  0.0000E+00 -0.2496E+02  0.0000E+00      -1  -0.350E-01   20.00
  38   -37.0000      29.882 0.4300   0.2496E+02  0.0000E+00 -0.2496E+02  0.0000E+00      -1  -0.350E-01   20.00
  39   -38.0000      29.882 0.4300   0.2496E+02  0.0000E+00 -0.2496E+02  0.0000E+00      -1  -0.350E-01   20.00
  40   -39.0000      29.882 0.4300   0.2496E+02  0.0000E+00 -0.2496E+02  0.0000E+00      -1  -0.350E-01   20.00
  41   -40.0000      29.882 0.4300   0.2496E+02  0.0000E+00 -0.2496E+02  0.0000E+00      -1  -0.350E-01   20.00
  42   -41.0000      29.882 0.4300   0.2496E+02  0.0000E+00 -0.2496E+02  0.0000E+00      -1  -0.350E-01   20.00
  43   -42.0000      29.882 0.4300   0.2496E+02  0.0000E+00 -0.2496E+02  0.0000E+00      -1  -0.350E-01   20.00
  44   -43.0000      29.882 0.4300   0.2496E+02  0.0000E+00 -0.2496E+02  0.0000E+00      -1  -0.350E-01   20.00
  45   -44.0000      29.882 0.4300   0.2496E+02  0.0000E+00 -0.2496E+02  0.0000E+00      -1  -0.350E-01   20.00
  46   -45.0000      29.882 0.4300   0.2496E+02  0.0000E+00 -0.2496E+02  0.0000E+00      -1  -0.350E-01   20.00
  47   -46.0000      29.882 0.4300   0.2496E+02  0.0000E+00 -0.2496E+02  0.0000E+00      -1  -0.350E-01   20.00
  48   -47.0000      29.882 0.4300   0.2496E+02  0.0000E+00 -0.2496E+02  0.0000E+00      -1  -0.350E-01   20.00
  49   -48.0000      29.882 0.4300   0.2496E+02  0.0000E+00 -0.2496E+02  0.0000E+00      -1  -0.350E-01   20.00
  50   -49.0000      29.882 0.4300   0.2496E+02  0.0000E+00 -0.2496E+02  0.0000E+00      -1  -0.350E-01   20.00
  51   -50.0000      29.882 0.4300   0.2496E+02  0.0000E+00 -0.2496E+02  0.0000E+00      -1  -0.350E-01   20.00
  52   -51.0000      29.882 0.4300   0.2496E+02  0.0000E+00 -0.2496E+02  0.0000E+00      -1  -0.350E-01   20.00
  53   -52.0000      29.882 0.4300   0.2496E+02  0.0000E+00 -0.2496E+02  0.0000E+00      -1  -0.350E-01   20.00
  54   -53.0000      29.882 0.4300   0.2496E+02  0.0000E+00 -0.2496E+02  0.0000E+00      -1  -0.350E-01   20.00
  55   -54.0000      29.882 0.4300   0.2496E+02  0.0000E+00 -0.2496E+02  0.0000E+00      -1  -0.350E-01   20.00
  56   -55.0000      29.882 0.4300   0.2496E+02  0.0000E+00 -0.2496E+02  0.0000E+00      -1  -0.350E-01   20.00
  57   -56.0000      29.882 0.4300   0.2496E+02  0.0000E+00 -0.2496E+02  0.0000E+00      -1  -0.350E-01   20.00
  58   -57.0000      29.882 0.4300   0.2496E+02  0.0000E+00 -0.2496E+02  0.0000E+00      -1  -0.350E-01   20.00
  59   -58.0000      29.882 0.4300   0.2496E+02  0.0000E+00 -0.2496E+02  0.0000E+00      -1  -0.350E-01   20.00
  60   -59.0000      29.882 0.4300   0.2496E+02  0.0000E+00 -0.2496E+02  0.0000E+00      -1  -0.350E-01   20.00
  61   -60.0000      29.882 0.4300   0.2496E+02  0.0000E+00 -0.2496E+02  0.0000E+00      -1  -0.350E-01   20.00
  62   -61.0000      29.882 0.4300   0.2496E+02  0.0000E+00 -0.2496E+02  0.0000E+00      -1  -0.350E-01   20.00
  63   -62.0000      29.882 0.4300   0.2496E+02  0.0000E+00 -0.2496E+02  0.0000E+00      -1  -0.350E-01   20.00
  64   -63.0000      29.882 0.4300   0.2496E+02  0.0000E+00 -0.2496E+02  0.0000E+00      -1  -0.350E-01   20.00
  65   -64.0000      29.882 0.4300   0.2496E+02  0.0000E+00 -0.2496E+02  0.0000E+00      -1  -0.350E-01   20.00
  66   -65.0000      29.882 0.4300   0.2496E+02  0.0000E+00 -0.2496E+02  0.0000E+00      -1  -0.350E-01   20.00
  67   -66.0000      29.882 0.4300   0.2496E+02  0.0000E+00 -0.2496E+02  0.0000E+00      -1  -0.350E-01   20.00
  68   -67.0000      29.882 0.4300   0.2496E+02  0.0000E+00 -0.2496E+02  0.0000E+00      -1  -0.350E-01   20.00
  69   -68.0000      29.882 0.4300   0.2496E+02  0.0000E+00 -0.2496E+02  0.0000E+00      -1  -0.350E-01   20.00
  70   -69.0000      29.882 0.4300   0.2496E+02  0.0000E+00 -0.2496E+02  0.0000E+00      -1  -0.350E-01   20.00
  71   -70.0000      29.882 0.4300   0.2496E+02  0.0000E+00 -0.2496E+02  0.0000E+00      -1  -0.350E-01   20.00
  72   -71.0000      29.882 0.4300   0.2496E+02  0.0000E+00 -0.2496E+02  0.0000E+00      -1  -0.350E-01   20.00
  73   -72.0000      29.882 0.4300   0.2496E+02  0.0000E+00 -0.2496E+02  0.0000E+00      -1  -0.350E-01   20.00
  74   -73.0000      29.882 0.4300   0.2496E+02  0.0000E+00 -0.2496E+02  0.0000E+00      -1  -0.350E-01   20.00
  75   -74.0000      29.882 0.4300   0.2496E+02  0.0000E+00 -0.2496E+02  0.0000E+00      -1  -0.350E-01   20.00
  76   -75.0000      29.882 0.4300   0.2496E+02  0.0000E+00 -0.2496E+02  0.0000E+00      -1  -0.350E-01   20.00
  77   -76.0000      29.882 0.4300   0.2496E+02  0.0000E+00 -0.2496E+02  0.0000E+00      -1  -0.350E-01   20.00
  78   -77.0000      29.882 0.4300   0.2496E+02  0.0000E+00 -0.2496E+02  0.0000E+00      -1  -0.350E-01   20.00
  79   -78.0000      29.882 0.4300   0.2496E+02  0.0000E+00 -0.2496E+02  0.0000E+00      -1  -0.350E-01   20.00
  80   -79.0000      29.882 0.4300   0.2496E+02  0.0000E+00 -0.2496E+02  0.0000E+00      -1  -0.350E-01   20.00
  81   -80.0000      29.882 0.4300   0.2496E+02  0.0000E+00 -0.2496E+02  0.0000E+00      -1  -0.350E-01   20.00
  82   -81.0000      29.882 0.4300   0.2496E+02  0.0000E+00 -0.2496E+02  0.0000E+00      -1  -0.350E-01   20.00
  83   -82.0000      29.882 0.4300   0.2496E+02  0.0000E+00 -0.2496E+02  0.0000E+00      -1  -0.350E-01   20.00
  84   -83.0000      29.882 0.4300   0.2496E+02  0.0000E+00 -0.2496E+02  0.0000E+00      -1  -0.350E-01   20.00
  85   -84.0000      29.882 0.4300   0.2496E+02  0.0000E+00 -0.2496E+02  0.0000E+00      -1  -0.350E-01   20.00
  86   -85.0000      29.882 0.4300   0.2496E+02  0.0000E+00 -0.2496E+02  0.0000E+00      -1  -0.350E-01   20.00
  87   -86.0000      29.882 0.4300   0.2496E+02  0.0000E+00 -0.2496E+02  0.0000E+00      -1  -0.350E-01   20.00
  88   -87.0000      29.882 0.4300   0.2496E+02  0.0000E+00 -0.2496E+02  0.0000E+00      -1  -0.350E-01   20.00
  89   -88.0000      29.882 0.4300   0.2496E+02  0.0000E+00 -0.2496E+02  0.0000E+00      -1  -0.350E-01   20.00
  90   -89.0000      29.882 0.4300   0.2496E+02  0.0000E+00 -0.2496E+02  0.0000E+00      -1  -0.350E-01   20.00
  91   -90.0000      29.882 0.4300   0.2496E+02  0.0000E+00 -0.2496E+02  0.0000E+00      -1  -0.350E-01   20.00
  92   -91.0000      29.882 0.4300   0.2496E+02  0.0000E+00 -0.2496E+02  0.0000E+00      -1  -0.350E-01   20.00
  93   -92.0000      29.882 0.4300   0.2496E+02  0.0000E+00 -0.2496E+02  0.0000E+00      -1  -0.350E-01   20.00
  94   -93.0000      29.882 0.4300   0.2496E+02  0.0000E+00 -0.2496E+02  0.0000E+00      -1  -0.350E-01   20.00
  95   -94.0000      29.882 0.4300   0.2496E+02  0.0000E+00 -0.2496E+02  0.0000E+00      -1  -0.350E-01   20.00
  96   -95.0000      29.882 0.4300   0.2496E+02  0.0000E+00 -0.2496E+02  0.0000E+00      -1  -0.350E-01   20.00
  97   -96.0000      29.882 0.4300   0.2496E+02  0.0000E+00 -0.2496E+02  0.0000E+00      -1  -0.350E-01   20.00
  98   -97.0000      29.882 0.4300   0.2496E+02  0.0000E+00 -0.2496E+02  0.0000E+00      -1  -0.350E-01   20.00
  99   -98.0000      29.882 0.4300   0.2496E+02  0.0000E+00 -0.2496E+02  0.0000E+00      -1  -0.350E-01   20.00
 100   -99.0000      29.882 0.4300   0.2496E+02  0.0000E+00 -0.2496E+02  0.0000E+00      -1  -0.350E-01   20.00
 101  -100.0000      29.882 0.4300   0.2496E+02  0.0000E+00 -0.2496E+02  0.0000E+00      -1  -0.350E-01   20.00
end


 Time:        0.8000


 Node      Depth      Head Moisture       K          C         Flux        Sink         Kappa   v/KsTop   Temp
           [L]        [L]    [-]        [L/T]      [1/L]      [L/T]        [1/T]         [-]      [-]      [C]

   1     0.0000       0.000 0.4300   0.7128E+03  0.0000E+00 -0.2496E+02  0.0000E+00      -1  -0.350E-01   20.00
   2    -1.0000       0.965 0.4300   0.7128E+03  0.0000E+00 -0.2496E+02  0.0000E+00      -1  -0.350E-01   20.00
   3    -2.0000       1.930 0.4300   0.7128E+03  0.0000E+00 -0.2496E+02  0.0000E+00      -1  -0.350E-01   20.00
   4    -3.0000       2.895 0.4300   0.7128E+03  0.0000E+00 -0.2496E+02  0.0000E+00      -1  -0.350E-01   20.00
   5    -4.0000       3.860 0.4300   0.7128E+03  0.0000E+00 -0.2496E+02  0.0000E+00      -1  -0.350E-01   20.00
   6    -5.0000       4.825 0.4300   0.7128E+03  0.0000E+00 -0.2496E+02  0.0000E+00      -1  -0.350E-01   20.00
   7    -6.0000       5.790 0.4300   0.7128E+03  0.0000E+00 -0.2496E+02  0.0000E+00      -1  -0.350E-01   20.00
   8    -7.0000       6.755 0.4300   0.7128E+03  0.0000E+00 -0.2496E+02  0.0000E+00      -1  -0.350E-01   20.00
   9    -8.0000       7.720 0.4300   0.7128E+03  0.0000E+00 -0.2496E+02  0.0000E+00      -1  -0.350E-01   20.00
  10    -9.0000       8.685 0.4300   0.7128E+03  0.0000E+00 -0.2496E+02  0.0000E+00      -1  -0.350E-01   20.00
  11   -10.0000       9.650 0.4300   0.7128E+03  0.0000E+00 -0.2496E+02  0.0000E+00      -1  -0.350E-01   20.00
  12   -11.0000      10.615 0.4300   0.7128E+03  0.0000E+00 -0.2496E+02  0.0000E+00      -1  -0.350E-01   20.00
  13   -12.0000      11.580 0.4300   0.7128E+03  0.0000E+00 -0.2496E+02  0.0000E+00      -1  -0.350E-01   20.00
  14   -13.0000      12.545 0.4300   0.7128E+03  0.0000E+00 -0.2496E+02  0.0000E+00      -1  -0.350E-01   20.00
  15   -14.0000      13.510 0.4300   0.7128E+03  0.0000E+00 -0.2496E+02  0.0000E+00      -1  -0.350E-01   20.00
  16   -15.0000      14.475 0.4300   0.7128E+03  0.0000E+00 -0.2496E+02  0.0000E+00      -1  -0.350E-01   20.00
  17   -16.0000      15.440 0.4300   0.7128E+03  0.0000E+00 -0.2496E+02  0.0000E+00      -1  -0.350E-01   20.00
  18   -17.0000      16.405 0.4300   0.7128E+03  0.0000E+00 -0.2496E+02  0.0000E+00      -1  -0.350E-01   20.00
  19   -18.0000      17.370 0.4300   0.7128E+03  0.0000E+00 -0.2496E+02  0.0000E+00      -1  -0.350E-01   20.00
  20   -19.0000      18.335 0.4300   0.7128E+03  0.0000E+00 -0.2496E+02  0.0000E+00      -1  -0.350E-01   20.00
  21   -20.0000      19.300 0.4300   0.7128E+03  0.0000E+00 -0.2496E+02  0.0000E+00      -1  -0.350E-01   20.00
  22   -21.0000      20.265 0.4300   0.7128E+03  0.0000E+00 -0.2496E+02  0.0000E+00      -1  -0.350E-01   20.00
  23   -22.0000      21.230 0.4300   0.7128E+03  0.0000E+00 -0.2496E+02  0.0000E+00      -1  -0.350E-01   20.00
  24   -23.0000      22.195 0.4300   0.7128E+03  0.0000E+00 -0.2496E+02  0.0000E+00      -1  -0.350E-01   20.00
  25   -24.0000      23.160 0.4300   0.7128E+03  0.0000E+00 -0.2496E+02  0.0000E+00      -1  -0.350E-01   20.00
  26   -25.0000      24.125 0.4300   0.7128E+03  0.0000E+00 -0.2496E+02  0.0000E+00      -1  -0.350E-01   20.00
  27   -26.0000      25.090 0.4300   0.7128E+03  0.0000E+00 -0.2496E+02  0.0000E+00      -1  -0.350E-01   20.00
  28   -27.0000      26.055 0.4300   0.7128E+03  0.0000E+00 -0.2496E+02  0.0000E+00      -1  -0.350E-01   20.00
  29   -28.0000      27.020 0.4300   0.7128E+03  0.0000E+00 -0.2496E+02  0.0000E+00      -1  -0.350E-01   20.00
  30   -29.0000      27.985 0.4300   0.7128E+03  0.0000E+00 -0.2496E+02  0.0000E+00      -1  -0.350E-01   20.00
  31   -30.0000      28.950 0.4300   0.7128E+03  0.0000E+00 -0.2496E+02  0.0000E+00      -1  -0.350E-01   20.00
  32   -31.0000      29.882 0.4300   0.2496E+02  0.0000E+00 -0.2496E+02  0.0000E+00      -1  -0.350E-01   20.00
  33   -32.0000      29.882 0.4300   0.2496E+02  0.0000E+00 -0.2496E+02  0.0000E+00      -1  -0.350E-01   20.00
  34   -33.0000      29.882 0.4300   0.2496E+02  0.0000E+00 -0.2496E+02  0.0000E+00      -1  -0.350E-01   20.00
  35   -34.0000      29.882 0.4300   0.2496E+02  0.0000E+00 -0.2496E+02  0.0000E+00      -1  -0.350E-01   20.00
  36   -35.0000      29.882 0.4300   0.2496E+02  0.0000E+00 -0.2496E+02  0.0000E+00      -1  -0.350E-01   20.00
  37   -36.0000      29.882 0.4300   0.2496E+02  0.0000E+00 -0.2496E+02  0.0000E+00      -1  -0.350E-01   20.00
  38   -37.0000      29.882 0.4300   0.2496E+02  0.0000E+00 -0.2496E+02  0.0000E+00      -1  -0.350E-01   20.00
  39   -38.0000      29.882 0.4300   0.2496E+02  0.0000E+00 -0.2496E+02  0.0000E+00      -1  -0.350E-01   20.00
  40   -39.0000      29.882 0.4300   0.2496E+02  0.0000E+00 -0.2496E+02  0.0000E+00      -1  -0.350E-01   20.00
  41   -40.0000      29.882 0.4300   0.2496E+02  0.0000E+00 -0.2496E+02  0.0000E+00      -1  -0.350E-01   20.00
  42   -41.0000      29.882 0.4300   0.2496E+02  0.0000E+00 -0.2496E+02  0.0000E+00      -1  -0.350E-01   20.00
  43   -42.0000      29.882 0.4300   0.2496E+02  0.0000E+00 -0.2496E+02  0.0000E+00      -1  -0.350E-01   20.00
  44   -43.0000      29.882 0.4300   0.2496E+02  0.0000E+00 -0.2496E+02  0.0000E+00      -1  -0.350E-01   20.00
  45   -44.0000      29.882 0.4300   0.2496E+02  0.0000E+00 -0.2496E+02  0.0000E+00      -1  -0.350E-01   20.00
  46   -45.0000      29.882 0.4300   0.2496E+02  0.0000E+00 -0.2496E+02  0.0000E+00      -1  -0.350E-01   20.00
  47   -46.0000      29.882 0.4300   0.2496E+02  0.0000E+00 -0.2496E+02  0.0000E+00      -1  -0.350E-01   20.00
  48   -47.0000      29.882 0.4300   0.2496E+02  0.0000E+00 -0.2496E+02  0.0000E+00      -1  -0.350E-01   20.00
  49   -48.0000      29.882 0.4300   0.2496E+02  0.0000E+00 -0.2496E+02  0.0000E+00      -1  -0.350E-01   20.00
  50   -49.0000      29.882 0.4300   0.2496E+02  0.0000E+00 -0.2496E+02  0.0000E+00      -1  -0.350E-01   20.00
  51   -50.0000      29.882 0.4300   0.2496E+02  0.0000E+00 -0.2496E+02  0.0000E+00      -1  -0.350E-01   20.00
  52   -51.0000      29.882 0.4300   0.2496E+02  0.0000E+00 -0.2496E+02  0.0000E+00      -1  -0.350E-01   20.00
  53   -52.0000      29.882 0.4300   0.2496E+02  0.0000E+00 -0.2496E+02  0.0000E+00      -1  -0.350E-01   20.00
  54   -53.0000      29.882 0.4300   0.2496E+02  0.0000E+00 -0.2496E+02  0.0000E+00      -1  -0.350E-01   20.00
  55   -54.0000      29.882 0.4300   0.2496E+02  0.0000E+00 -0.2496E+02  0.0000E+00      -1  -0.350E-01   20.00
  56   -55.0000      29.882 0.4300   0.2496E+02  0.0000E+00 -0.2496E+02  0.0000E+00      -1  -0.350E-01   20.00
  57   -56.0000      29.882 0.4300   0.2496E+02  0.0000E+00 -0.2496E+02  0.0000E+00      -1  -0.350E-01   20.00
  58   -57.0000      29.882 0.4300   0.2496E+02  0.0000E+00 -0.2496E+02  0.0000E+00      -1  -0.350E-01   20.00
  59   -58.0000      29.882 0.4300   0.2496E+02  0.0000E+00 -0.2496E+02  0.0000E+00      -1  -0.350E-01   20.00
  60   -59.0000      29.882 0.4300   0.2496E+02  0.0000E+00 -0.2496E+02  0.0000E+00      -1  -0.350E-01   20.00
  61   -60.0000      29.882 0.4300   0.2496E+02  0.0000E+00 -0.2496E+02  0.0000E+00      -1  -0.350E-01   20.00
  62   -61.0000      29.882 0.4300   0.2496E+02  0.0000E+00 -0.2496E+02  0.0000E+00      -1  -0.350E-01   20.00
  63   -62.0000      29.882 0.4300   0.2496E+02  0.0000E+00 -0.2496E+02  0.0000E+00      -1  -0.350E-01   20.00
  64   -63.0000      29.882 0.4300   0.2496E+02  0.0000E+00 -0.2496E+02  0.0000E+00      -1  -0.350E-01   20.00
  65   -64.0000      29.882 0.4300   0.2496E+02  0.0000E+00 -0.2496E+02  0.0000E+00      -1  -0.350E-01   20.00
  66   -65.0000      29.882 0.4300   0.2496E+02  0.0000E+00 -0.2496E+02  0.0000E+00      -1  -0.350E-01   20.00
  67   -66.0000      29.882 0.4300   0.2496E+02  0.0000E+00 -0.2496E+02  0.0000E+00      -1  -0.350E-01   20.00
  68   -67.0000      29.882 0.4300   0.2496E+02  0.0000E+00 -0.2496E+02  0.0000E+00      -1  -0.350E-01   20.00
  69   -68.0000      29.882 0.4300   0.2496E+02  0.0000E+00 -0.2496E+02  0.0000E+00      -1  -0.350E-01   20.00
  70   -69.0000      29.882 0.4300   0.2496E+02  0.0000E+00 -0.2496E+02  0.0000E+00      -1  -0.350E-01   20.00
  71   -70.0000      29.882 0.4300   0.2496E+02  0.0000E+00 -0.2496E+02  0.0000E+00      -1  -0.350E-01   20.00
  72   -71.0000      29.882 0.4300   0.2496E+02  0.0000E+00 -0.2496E+02  0.0000E+00      -1  -0.350E-01   20.00
  73   -72.0000      29.882 0.4300   0.2496E+02  0.0000E+00 -0.2496E+02  0.0000E+00      -1  -0.350E-01   20.00
  74   -73.0000      29.882 0.4300   0.2496E+02  0.0000E+00 -0.2496E+02  0.0000E+00      -1  -0.350E-01   20.00
  75   -74.0000      29.882 0.4300   0.2496E+02  0.0000E+00 -0.2496E+02  0.0000E+00      -1  -0.350E-01   20.00
  76   -75.0000      29.882 0.4300   0.2496E+02  0.0000E+00 -0.2496E+02  0.0000E+00      -1  -0.350E-01   20.00
  77   -76.0000      29.882 0.4300   0.2496E+02  0.0000E+00 -0.2496E+02  0.0000E+00      -1  -0.350E-01   20.00
  78   -77.0000      29.882 0.4300   0.2496E+02  0.0000E+00 -0.2496E+02  0.0000E+00      -1  -0.350E-01   20.00
  79   -78.0000      29.882 0.4300   0.2496E+02  0.0000E+00 -0.2496E+02  0.0000E+00      -1  -0.350E-01   20.00
  80   -79.0000      29.882 0.4300   0.2496E+02  0.0000E+00 -0.2496E+02  0.0000E+00      -1  -0.350E-01   20.00
  81   -80.0000      29.882 0.4300   0.2496E+02  0.0000E+00 -0.2496E+02  0.0000E+00      -1  -0.350E-01   20.00
  82   -81.0000      29.882 0.4300   0.2496E+02  0.0000E+00 -0.2496E+02  0.0000E+00      -1  -0.350E-01   20.00
  83   -82.0000      29.882 0.4300   0.2496E+02  0.0000E+00 -0.2496E+02  0.0000E+00      -1  -0.350E-01   20.00
  84   -83.0000      29.882 0.4300   0.2496E+02  0.0000E+00 -0.2496E+02  0.0000E+00      -1  -0.350E-01   20.00
  85   -84.0000      29.882 0.4300   0.2496E+02  0.0000E+00 -0.2496E+02  0.0000E+00      -1  -0.350E-01   20.00
  86   -85.0000      29.882 0.4300   0.2496E+02  0.0000E+00 -0.2496E+02  0.0000E+00      -1  -0.350E-01   20.00
  87   -86.0000      29.882 0.4300   0.2496E+02  0.0000E+00 -0.2496E+02  0.0000E+00      -1  -0.350E-01   20.00
  88   -87.0000      29.882 0.4300   0.2496E+02  0.0000E+00 -0.2496E+02  0.0000E+00      -1  -0.350E-01   20.00
  89   -88.0000      29.882 0.4300   0.2496E+02  0.0000E+00 -0.2496E+02  0.0000E+00      -1  -0.350E-01   20.00
  90   -89.0000      29.882 0.4300   0.2496E+02  0.0000E+00 -0.2496E+02  0.0000E+00      -1  -0.350E-01   20.00
  91   -90.0000      29.882 0.4300   0.2496E+02  0.0000E+00 -0.2496E+02  0.0000E+00      -1  -0.350E-01   20.00
  92   -91.0000      29.882 0.4300   0.2496E+02  0.0000E+00 -0.2496E+02  0.0000E+00      -1  -0.350E-01   20.00
  93   -92.0000      29.882 0.4300   0.2496E+02  0.0000E+00 -0.2496E+02  0.0000E+00      -1  -0.350E-01   20.00
  94   -93.0000      29.882 0.4300   0.2496E+02  0.0000E+00 -0.2496E+02  0.0000E+00      -1  -0.350E-01   20.00
  95   -94.0000      29.882 0.4300   0.2496E+02  0.0000E+00 -0.2496E+02  0.0000E+00      -1  -0.350E-01   20.00
  96   -95.0000      29.882 0.4300   0.2496E+02  0.0000E+00 -0.2496E+02  0.0000E+00      -1  -0.350E-01   20.00
  97   -96.0000      29.882 0.4300   0.2496E+02  0.0000E+00 -0.2496E+02  0.0000E+00      -1  -0.350E-01   20.00
  98   -97.0000      29.882 0.4300   0.2496E+02  0.0000E+00 -0.2496E+02  0.0000E+00      -1  -0.350E-01   20.00
  99   -98.0000      29.882 0.4300   0.2496E+02  0.0000E+00 -0.2496E+02  0.0000E+00      -1  -0.350E-01   20.00
 100   -99.0000      29.882 0.4300   0.2496E+02  0.0000E+00 -0.2496E+02  0.0000E+00      -1  -0.350E-01   20.00
 101  -100.0000      29.882 0.4300   0.2496E+02  0.0000E+00 -0.2496E+02  0.0000E+00      -1  -0.350E-01   20.00
end


 Time:        0.8500


 Node      Depth      Head Moisture       K          C         Flux        Sink         Kappa   v/KsTop   Temp
           [L]        [L]    [-]        [L/T]      [1/L]      [L/T]        [1/T]         [-]      [-]      [C]

   1     0.0000       0.000 0.4300   0.7128E+03  0.0000E+00 -0.2496E+02  0.0000E+00      -1  -0.350E-01   20.00
   2    -1.0000       0.965 0.4300   0.7128E+03  0.0000E+00 -0.2496E+02  0.0000E+00      -1  -0.350E-01   20.00
   3    -2.0000       1.930 0.4300   0.7128E+03  0.0000E+00 -0.2496E+02  0.0000E+00      -1  -0.350E-01   20.00
   4    -3.0000       2.895 0.4300   0.7128E+03  0.0000E+00 -0.2496E+02  0.0000E+00      -1  -0.350E-01   20.00
   5    -4.0000       3.860 0.4300   0.7128E+03  0.0000E+00 -0.2496E+02  0.0000E+00      -1  -0.350E-01   20.00
   6    -5.0000       4.825 0.4300   0.7128E+03  0.0000E+00 -0.2496E+02  0.0000E+00      -1  -0.350E-01   20.00
   7    -6.0000       5.790 0.4300   0.7128E+03  0.0000E+00 -0.2496E+02  0.0000E+00      -1  -0.350E-01   20.00
   8    -7.0000       6.755 0.4300   0.7128E+03  0.0000E+00 -0.2496E+02  0.0000E+00      -1  -0.350E-01   20.00
   9    -8.0000       7.720 0.4300   0.7128E+03  0.0000E+00 -0.2496E+02  0.0000E+00      -1  -0.350E-01   20.00
  10    -9.0000       8.685 0.4300   0.7128E+03  0.0000E+00 -0.2496E+02  0.0000E+00      -1  -0.350E-01   20.00
  11   -10.0000       9.650 0.4300   0.7128E+03  0.0000E+00 -0.2496E+02  0.0000E+00      -1  -0.350E-01   20.00
  12   -11.0000      10.615 0.4300   0.7128E+03  0.0000E+00 -0.2496E+02  0.0000E+00      -1  -0.350E-01   20.00
  13   -12.0000      11.580 0.4300   0.7128E+03  0.0000E+00 -0.2496E+02  0.0000E+00      -1  -0.350E-01   20.00
  14   -13.0000      12.545 0.4300   0.7128E+03  0.0000E+00 -0.2496E+02  0.0000E+00      -1  -0.350E-01   20.00
  15   -14.0000      13.510 0.4300   0.7128E+03  0.0000E+00 -0.2496E+02  0.0000E+00      -1  -0.350E-01   20.00
  16   -15.0000      14.475 0.4300   0.7128E+03  0.0000E+00 -0.2496E+02  0.0000E+00      -1  -0.350E-01   20.00
  17   -16.0000      15.440 0.4300   0.7128E+03  0.0000E+00 -0.2496E+02  0.0000E+00      -1  -0.350E-01   20.00
  18   -17.0000      16.405 0.4300   0.7128E+03  0.0000E+00 -0.2496E+02  0.0000E+00      -1  -0.350E-01   20.00
  19   -18.0000      17.370 0.4300   0.7128E+03  0.0000E+00 -0.2496E+02  0.0000E+00      -1  -0.350E-01   20.00
  20   -19.0000      18.335 0.4300   0.7128E+03  0.0000E+00 -0.2496E+02  0.0000E+00      -1  -0.350E-01   20.00
  21   -20.0000      19.300 0.4300   0.7128E+03  0.0000E+00 -0.2496E+02  0.0000E+00      -1  -0.350E-01   20.00
  22   -21.0000      20.265 0.4300   0.7128E+03  0.0000E+00 -0.2496E+02  0.0000E+00      -1  -0.350E-01   20.00
  23   -22.0000      21.230 0.4300   0.7128E+03  0.0000E+00 -0.2496E+02  0.0000E+00      -1  -0.350E-01   20.00
  24   -23.0000      22.195 0.4300   0.7128E+03  0.0000E+00 -0.2496E+02  0.0000E+00      -1  -0.350E-01   20.00
  25   -24.0000      23.160 0.4300   0.7128E+03  0.0000E+00 -0.2496E+02  0.0000E+00      -1  -0.350E-01   20.00
  26   -25.0000      24.125 0.4300   0.7128E+03  0.0000E+00 -0.2496E+02  0.0000E+00      -1  -0.350E-01   20.00
  27   -26.0000      25.090 0.4300   0.7128E+03  0.0000E+00 -0.2496E+02  0.0000E+00      -1  -0.350E-01   20.00
  28   -27.0000      26.055 0.4300   0.7128E+03  0.0000E+00 -0.2496E+02  0.0000E+00      -1  -0.350E-01   20.00
  29   -28.0000      27.020 0.4300   0.7128E+03  0.0000E+00 -0.2496E+02  0.0000E+00      -1  -0.350E-01   20.00
  30   -29.0000      27.985 0.4300   0.7128E+03  0.0000E+00 -0.2496E+02  0.0000E+00      -1  -0.350E-01   20.00
  31   -30.0000      28.950 0.4300   0.7128E+03  0.0000E+00 -0.2496E+02  0.0000E+00      -1  -0.350E-01   20.00
  32   -31.0000      29.882 0.4300   0.2496E+02  0.0000E+00 -0.2496E+02  0.0000E+00      -1  -0.350E-01   20.00
  33   -32.0000      29.882 0.4300   0.2496E+02  0.0000E+00 -0.2496E+02  0.0000E+00      -1  -0.350E-01   20.00
  34   -33.0000      29.882 0.4300   0.2496E+02  0.0000E+00 -0.2496E+02  0.0000E+00      -1  -0.350E-01   20.00
  35   -34.0000      29.882 0.4300   0.2496E+02  0.0000E+00 -0.2496E+02  0.0000E+00      -1  -0.350E-01   20.00
  36   -35.0000      29.882 0.4300   0.2496E+02  0.0000E+00 -0.2496E+02  0.0000E+00      -1  -0.350E-01   20.00
  37   -36.0000      29.882 0.4300   0.2496E+02  0.0000E+00 -0.2496E+02  0.0000E+00      -1  -0.350E-01   20.00
  38   -37.0000      29.882 0.4300   0.2496E+02  0.0000E+00 -0.2496E+02  0.0000E+00      -1  -0.350E-01   20.00
  39   -38.0000      29.882 0.4300   0.2496E+02  0.0000E+00 -0.2496E+02  0.0000E+00      -1  -0.350E-01   20.00
  40   -39.0000      29.882 0.4300   0.2496E+02  0.0000E+00 -0.2496E+02  0.0000E+00      -1  -0.350E-01   20.00
  41   -40.0000      29.882 0.4300   0.2496E+02  0.0000E+00 -0.2496E+02  0.0000E+00      -1  -0.350E-01   20.00
  42   -41.0000      29.882 0.4300   0.2496E+02  0.0000E+00 -0.2496E+02  0.0000E+00      -1  -0.350E-01   20.00
  43   -42.0000      29.882 0.4300   0.2496E+02  0.0000E+00 -0.2496E+02  0.0000E+00      -1  -0.350E-01   20.00
  44   -43.0000      29.882 0.4300   0.2496E+02  0.0000E+00 -0.2496E+02  0.0000E+00      -1  -0.350E-01   20.00
  45   -44.0000      29.882 0.4300   0.2496E+02  0.0000E+00 -0.2496E+02  0.0000E+00      -1  -0.350E-01   20.00
  46   -45.0000      29.882 0.4300   0.2496E+02  0.0000E+00 -0.2496E+02  0.0000E+00      -1  -0.350E-01   20.00
  47   -46.0000      29.882 0.4300   0.2496E+02  0.0000E+00 -0.2496E+02  0.0000E+00      -1  -0.350E-01   20.00
  48   -47.0000      29.882 0.4300   0.2496E+02  0.0000E+00 -0.2496E+02  0.0000E+00      -1  -0.350E-01   20.00
  49   -48.0000      29.882 0.4300   0.2496E+02  0.0000E+00 -0.2496E+02  0.0000E+00      -1  -0.350E-01   20.00
  50   -49.0000      29.882 0.4300   0.2496E+02  0.0000E+00 -0.2496E+02  0.0000E+00      -1  -0.350E-01   20.00
  51   -50.0000      29.882 0.4300   0.2496E+02  0.0000E+00 -0.2496E+02  0.0000E+00      -1  -0.350E-01   20.00
  52   -51.0000      29.882 0.4300   0.2496E+02  0.0000E+00 -0.2496E+02  0.0000E+00      -1  -0.350E-01   20.00
  53   -52.0000      29.882 0.4300   0.2496E+02  0.0000E+00 -0.2496E+02  0.0000E+00      -1  -0.350E-01   20.00
  54   -53.0000      29.882 0.4300   0.2496E+02  0.0000E+00 -0.2496E+02  0.0000E+00      -1  -0.350E-01   20.00
  55   -54.0000      29.882 0.4300   0.2496E+02  0.0000E+00 -0.2496E+02  0.0000E+00      -1  -0.350E-01   20.00
  56   -55.0000      29.882 0.4300   0.2496E+02  0.0000E+00 -0.2496E+02  0.0000E+00      -1  -0.350E-01   20.00
  57   -56.0000      29.882 0.4300   0.2496E+02  0.0000E+00 -0.2496E+02  0.0000E+00      -1  -0.350E-01   20.00
  58   -57.0000      29.882 0.4300   0.2496E+02  0.0000E+00 -0.2496E+02  0.0000E+00      -1  -0.350E-01   20.00
  59   -58.0000      29.882 0.4300   0.2496E+02  0.0000E+00 -0.2496E+02  0.0000E+00      -1  -0.350E-01   20.00
  60   -59.0000      29.882 0.4300   0.2496E+02  0.0000E+00 -0.2496E+02  0.0000E+00      -1  -0.350E-01   20.00
  61   -60.0000      29.882 0.4300   0.2496E+02  0.0000E+00 -0.2496E+02  0.0000E+00      -1  -0.350E-01   20.00
  62   -61.0000      29.882 0.4300   0.2496E+02  0.0000E+00 -0.2496E+02  0.0000E+00      -1  -0.350E-01   20.00
  63   -62.0000      29.882 0.4300   0.2496E+02  0.0000E+00 -0.2496E+02  0.0000E+00      -1  -0.350E-01   20.00
  64   -63.0000      29.882 0.4300   0.2496E+02  0.0000E+00 -0.2496E+02  0.0000E+00      -1  -0.350E-01   20.00
  65   -64.0000      29.882 0.4300   0.2496E+02  0.0000E+00 -0.2496E+02  0.0000E+00      -1  -0.350E-01   20.00
  66   -65.0000      29.882 0.4300   0.2496E+02  0.0000E+00 -0.2496E+02  0.0000E+00      -1  -0.350E-01   20.00
  67   -66.0000      29.882 0.4300   0.2496E+02  0.0000E+00 -0.2496E+02  0.0000E+00      -1  -0.350E-01   20.00
  68   -67.0000      29.882 0.4300   0.2496E+02  0.0000E+00 -0.2496E+02  0.0000E+00      -1  -0.350E-01   20.00
  69   -68.0000      29.882 0.4300   0.2496E+02  0.0000E+00 -0.2496E+02  0.0000E+00      -1  -0.350E-01   20.00
  70   -69.0000      29.882 0.4300   0.2496E+02  0.0000E+00 -0.2496E+02  0.0000E+00      -1  -0.350E-01   20.00
  71   -70.0000      29.882 0.4300   0.2496E+02  0.0000E+00 -0.2496E+02  0.0000E+00      -1  -0.350E-01   20.00
  72   -71.0000      29.882 0.4300   0.2496E+02  0.0000E+00 -0.2496E+02  0.0000E+00      -1  -0.350E-01   20.00
  73   -72.0000      29.882 0.4300   0.2496E+02  0.0000E+00 -0.2496E+02  0.0000E+00      -1  -0.350E-01   20.00
  74   -73.0000      29.882 0.4300   0.2496E+02  0.0000E+00 -0.2496E+02  0.0000E+00      -1  -0.350E-01   20.00
  75   -74.0000      29.882 0.4300   0.2496E+02  0.0000E+00 -0.2496E+02  0.0000E+00      -1  -0.350E-01   20.00
  76   -75.0000      29.882 0.4300   0.2496E+02  0.0000E+00 -0.2496E+02  0.0000E+00      -1  -0.350E-01   20.00
  77   -76.0000      29.882 0.4300   0.2496E+02  0.0000E+00 -0.2496E+02  0.0000E+00      -1  -0.350E-01   20.00
  78   -77.0000      29.882 0.4300   0.2496E+02  0.0000E+00 -0.2496E+02  0.0000E+00      -1  -0.350E-01   20.00
  79   -78.0000      29.882 0.4300   0.2496E+02  0.0000E+00 -0.2496E+02  0.0000E+00      -1  -0.350E-01   20.00
  80   -79.0000      29.882 0.4300   0.2496E+02  0.0000E+00 -0.2496E+02  0.0000E+00      -1  -0.350E-01   20.00
  81   -80.0000      29.882 0.4300   0.2496E+02  0.0000E+00 -0.2496E+02  0.0000E+00      -1  -0.350E-01   20.00
  82   -81.0000      29.882 0.4300   0.2496E+02  0.0000E+00 -0.2496E+02  0.0000E+00      -1  -0.350E-01   20.00
  83   -82.0000      29.882 0.4300   0.2496E+02  0.0000E+00 -0.2496E+02  0.0000E+00      -1  -0.350E-01   20.00
  84   -83.0000      29.882 0.4300   0.2496E+02  0.0000E+00 -0.2496E+02  0.0000E+00      -1  -0.350E-01   20.00
  85   -84.0000      29.882 0.4300   0.2496E+02  0.0000E+00 -0.2496E+02  0.0000E+00      -1  -0.350E-01   20.00
  86   -85.0000      29.882 0.4300   0.2496E+02  0.0000E+00 -0.2496E+02  0.0000E+00      -1  -0.350E-01   20.00
  87   -86.0000      29.882 0.4300   0.2496E+02  0.0000E+00 -0.2496E+02  0.0000E+00      -1  -0.350E-01   20.00
  88   -87.0000      29.882 0.4300   0.2496E+02  0.0000E+00 -0.2496E+02  0.0000E+00      -1  -0.350E-01   20.00
  89   -88.0000      29.882 0.4300   0.2496E+02  0.0000E+00 -0.2496E+02  0.0000E+00      -1  -0.350E-01   20.00
  90   -89.0000      29.882 0.4300   0.2496E+02  0.0000E+00 -0.2496E+02  0.0000E+00      -1  -0.350E-01   20.00
  91   -90.0000      29.882 0.4300   0.2496E+02  0.0000E+00 -0.2496E+02  0.0000E+00      -1  -0.350E-01   20.00
  92   -91.0000      29.882 0.4300   0.2496E+02  0.0000E+00 -0.2496E+02  0.0000E+00      -1  -0.350E-01   20.00
  93   -92.0000      29.882 0.4300   0.2496E+02  0.0000E+00 -0.2496E+02  0.0000E+00      -1  -0.350E-01   20.00
  94   -93.0000      29.882 0.4300   0.2496E+02  0.0000E+00 -0.2496E+02  0.0000E+00      -1  -0.350E-01   20.00
  95   -94.0000      29.882 0.4300   0.2496E+02  0.0000E+00 -0.2496E+02  0.0000E+00      -1  -0.350E-01   20.00
  96   -95.0000      29.882 0.4300   0.2496E+02  0.0000E+00 -0.2496E+02  0.0000E+00      -1  -0.350E-01   20.00
  97   -96.0000      29.882 0.4300   0.2496E+02  0.0000E+00 -0.2496E+02  0.0000E+00      -1  -0.350E-01   20.00
  98   -97.0000      29.882 0.4300   0.2496E+02  0.0000E+00 -0.2496E+02  0.0000E+00      -1  -0.350E-01   20.00
  99   -98.0000      29.882 0.4300   0.2496E+02  0.0000E+00 -0.2496E+02  0.0000E+00      -1  -0.350E-01   20.00
 100   -99.0000      29.882 0.4300   0.2496E+02  0.0000E+00 -0.2496E+02  0.0000E+00      -1  -0.350E-01   20.00
 101  -100.0000      29.882 0.4300   0.2496E+02  0.0000E+00 -0.2496E+02  0.0000E+00      -1  -0.350E-01   20.00
end


 Time:        0.9000


 Node      Depth      Head Moisture       K          C         Flux        Sink         Kappa   v/KsTop   Temp
           [L]        [L]    [-]        [L/T]      [1/L]      [L/T]        [1/T]         [-]      [-]      [C]

   1     0.0000       0.000 0.4300   0.7128E+03  0.0000E+00 -0.2496E+02  0.0000E+00      -1  -0.350E-01   20.00
   2    -1.0000       0.965 0.4300   0.7128E+03  0.0000E+00 -0.2496E+02  0.0000E+00      -1  -0.350E-01   20.00
   3    -2.0000       1.930 0.4300   0.7128E+03  0.0000E+00 -0.2496E+02  0.0000E+00      -1  -0.350E-01   20.00
   4    -3.0000       2.895 0.4300   0.7128E+03  0.0000E+00 -0.2496E+02  0.0000E+00      -1  -0.350E-01   20.00
   5    -4.0000       3.860 0.4300   0.7128E+03  0.0000E+00 -0.2496E+02  0.0000E+00      -1  -0.350E-01   20.00
   6    -5.0000       4.825 0.4300   0.7128E+03  0.0000E+00 -0.2496E+02  0.0000E+00      -1  -0.350E-01   20.00
   7    -6.0000       5.790 0.4300   0.7128E+03  0.0000E+00 -0.2496E+02  0.0000E+00      -1  -0.350E-01   20.00
   8    -7.0000       6.755 0.4300   0.7128E+03  0.0000E+00 -0.2496E+02  0.0000E+00      -1  -0.350E-01   20.00
   9    -8.0000       7.720 0.4300   0.7128E+03  0.0000E+00 -0.2496E+02  0.0000E+00      -1  -0.350E-01   20.00
  10    -9.0000       8.685 0.4300   0.7128E+03  0.0000E+00 -0.2496E+02  0.0000E+00      -1  -0.350E-01   20.00
  11   -10.0000       9.650 0.4300   0.7128E+03  0.0000E+00 -0.2496E+02  0.0000E+00      -1  -0.350E-01   20.00
  12   -11.0000      10.615 0.4300   0.7128E+03  0.0000E+00 -0.2496E+02  0.0000E+00      -1  -0.350E-01   20.00
  13   -12.0000      11.580 0.4300   0.7128E+03  0.0000E+00 -0.2496E+02  0.0000E+00      -1  -0.350E-01   20.00
  14   -13.0000      12.545 0.4300   0.7128E+03  0.0000E+00 -0.2496E+02  0.0000E+00      -1  -0.350E-01   20.00
  15   -14.0000      13.510 0.4300   0.7128E+03  0.0000E+00 -0.2496E+02  0.0000E+00      -1  -0.350E-01   20.00
  16   -15.0000      14.475 0.4300   0.7128E+03  0.0000E+00 -0.2496E+02  0.0000E+00      -1  -0.350E-01   20.00
  17   -16.0000      15.440 0.4300   0.7128E+03  0.0000E+00 -0.2496E+02  0.0000E+00      -1  -0.350E-01   20.00
  18   -17.0000      16.405 0.4300   0.7128E+03  0.0000E+00 -0.2496E+02  0.0000E+00      -1  -0.350E-01   20.00
  19   -18.0000      17.370 0.4300   0.7128E+03  0.0000E+00 -0.2496E+02  0.0000E+00      -1  -0.350E-01   20.00
  20   -19.0000      18.335 0.4300   0.7128E+03  0.0000E+00 -0.2496E+02  0.0000E+00      -1  -0.350E-01   20.00
  21   -20.0000      19.300 0.4300   0.7128E+03  0.0000E+00 -0.2496E+02  0.0000E+00      -1  -0.350E-01   20.00
  22   -21.0000      20.265 0.4300   0.7128E+03  0.0000E+00 -0.2496E+02  0.0000E+00      -1  -0.350E-01   20.00
  23   -22.0000      21.230 0.4300   0.7128E+03  0.0000E+00 -0.2496E+02  0.0000E+00      -1  -0.350E-01   20.00
  24   -23.0000      22.195 0.4300   0.7128E+03  0.0000E+00 -0.2496E+02  0.0000E+00      -1  -0.350E-01   20.00
  25   -24.0000      23.160 0.4300   0.7128E+03  0.0000E+00 -0.2496E+02  0.0000E+00      -1  -0.350E-01   20.00
  26   -25.0000      24.125 0.4300   0.7128E+03  0.0000E+00 -0.2496E+02  0.0000E+00      -1  -0.350E-01   20.00
  27   -26.0000      25.090 0.4300   0.7128E+03  0.0000E+00 -0.2496E+02  0.0000E+00      -1  -0.350E-01   20.00
  28   -27.0000      26.055 0.4300   0.7128E+03  0.0000E+00 -0.2496E+02  0.0000E+00      -1  -0.350E-01   20.00
  29   -28.0000      27.020 0.4300   0.7128E+03  0.0000E+00 -0.2496E+02  0.0000E+00      -1  -0.350E-01   20.00
  30   -29.0000      27.985 0.4300   0.7128E+03  0.0000E+00 -0.2496E+02  0.0000E+00      -1  -0.350E-01   20.00
  31   -30.0000      28.950 0.4300   0.7128E+03  0.0000E+00 -0.2496E+02  0.0000E+00      -1  -0.350E-01   20.00
  32   -31.0000      29.882 0.4300   0.2496E+02  0.0000E+00 -0.2496E+02  0.0000E+00      -1  -0.350E-01   20.00
  33   -32.0000      29.882 0.4300   0.2496E+02  0.0000E+00 -0.2496E+02  0.0000E+00      -1  -0.350E-01   20.00
  34   -33.0000      29.882 0.4300   0.2496E+02  0.0000E+00 -0.2496E+02  0.0000E+00      -1  -0.350E-01   20.00
  35   -34.0000      29.882 0.4300   0.2496E+02  0.0000E+00 -0.2496E+02  0.0000E+00      -1  -0.350E-01   20.00
  36   -35.0000      29.882 0.4300   0.2496E+02  0.0000E+00 -0.2496E+02  0.0000E+00      -1  -0.350E-01   20.00
  37   -36.0000      29.882 0.4300   0.2496E+02  0.0000E+00 -0.2496E+02  0.0000E+00      -1  -0.350E-01   20.00
  38   -37.0000      29.882 0.4300   0.2496E+02  0.0000E+00 -0.2496E+02  0.0000E+00      -1  -0.350E-01   20.00
  39   -38.0000      29.882 0.4300   0.2496E+02  0.0000E+00 -0.2496E+02  0.0000E+00      -1  -0.350E-01   20.00
  40   -39.0000      29.882 0.4300   0.2496E+02  0.0000E+00 -0.2496E+02  0.0000E+00      -1  -0.350E-01   20.00
  41   -40.0000      29.882 0.4300   0.2496E+02  0.0000E+00 -0.2496E+02  0.0000E+00      -1  -0.350E-01   20.00
  42   -41.0000      29.882 0.4300   0.2496E+02  0.0000E+00 -0.2496E+02  0.0000E+00      -1  -0.350E-01   20.00
  43   -42.0000      29.882 0.4300   0.2496E+02  0.0000E+00 -0.2496E+02  0.0000E+00      -1  -0.350E-01   20.00
  44   -43.0000      29.882 0.4300   0.2496E+02  0.0000E+00 -0.2496E+02  0.0000E+00      -1  -0.350E-01   20.00
  45   -44.0000      29.882 0.4300   0.2496E+02  0.0000E+00 -0.2496E+02  0.0000E+00      -1  -0.350E-01   20.00
  46   -45.0000      29.882 0.4300   0.2496E+02  0.0000E+00 -0.2496E+02  0.0000E+00      -1  -0.350E-01   20.00
  47   -46.0000      29.882 0.4300   0.2496E+02  0.0000E+00 -0.2496E+02  0.0000E+00      -1  -0.350E-01   20.00
  48   -47.0000      29.882 0.4300   0.2496E+02  0.0000E+00 -0.2496E+02  0.0000E+00      -1  -0.350E-01   20.00
  49   -48.0000      29.882 0.4300   0.2496E+02  0.0000E+00 -0.2496E+02  0.0000E+00      -1  -0.350E-01   20.00
  50   -49.0000      29.882 0.4300   0.2496E+02  0.0000E+00 -0.2496E+02  0.0000E+00      -1  -0.350E-01   20.00
  51   -50.0000      29.882 0.4300   0.2496E+02  0.0000E+00 -0.2496E+02  0.0000E+00      -1  -0.350E-01   20.00
  52   -51.0000      29.882 0.4300   0.2496E+02  0.0000E+00 -0.2496E+02  0.0000E+00      -1  -0.350E-01   20.00
  53   -52.0000      29.882 0.4300   0.2496E+02  0.0000E+00 -0.2496E+02  0.0000E+00      -1  -0.350E-01   20.00
  54   -53.0000      29.882 0.4300   0.2496E+02  0.0000E+00 -0.2496E+02  0.0000E+00      -1  -0.350E-01   20.00
  55   -54.0000      29.882 0.4300   0.2496E+02  0.0000E+00 -0.2496E+02  0.0000E+00      -1  -0.350E-01   20.00
  56   -55.0000      29.882 0.4300   0.2496E+02  0.0000E+00 -0.2496E+02  0.0000E+00      -1  -0.350E-01   20.00
  57   -56.0000      29.882 0.4300   0.2496E+02  0.0000E+00 -0.2496E+02  0.0000E+00      -1  -0.350E-01   20.00
  58   -57.0000      29.882 0.4300   0.2496E+02  0.0000E+00 -0.2496E+02  0.0000E+00      -1  -0.350E-01   20.00
  59   -58.0000      29.882 0.4300   0.2496E+02  0.0000E+00 -0.2496E+02  0.0000E+00      -1  -0.350E-01   20.00
  60   -59.0000      29.882 0.4300   0.2496E+02  0.0000E+00 -0.2496E+02  0.0000E+00      -1  -0.350E-01   20.00
  61   -60.0000      29.882 0.4300   0.2496E+02  0.0000E+00 -0.2496E+02  0.0000E+00      -1  -0.350E-01   20.00
  62   -61.0000      29.882 0.4300   0.2496E+02  0.0000E+00 -0.2496E+02  0.0000E+00      -1  -0.350E-01   20.00
  63   -62.0000      29.882 0.4300   0.2496E+02  0.0000E+00 -0.2496E+02  0.0000E+00      -1  -0.350E-01   20.00
  64   -63.0000      29.882 0.4300   0.2496E+02  0.0000E+00 -0.2496E+02  0.0000E+00      -1  -0.350E-01   20.00
  65   -64.0000      29.882 0.4300   0.2496E+02  0.0000E+00 -0.2496E+02  0.0000E+00      -1  -0.350E-01   20.00
  66   -65.0000      29.882 0.4300   0.2496E+02  0.0000E+00 -0.2496E+02  0.0000E+00      -1  -0.350E-01   20.00
  67   -66.0000      29.882 0.4300   0.2496E+02  0.0000E+00 -0.2496E+02  0.0000E+00      -1  -0.350E-01   20.00
  68   -67.0000      29.882 0.4300   0.2496E+02  0.0000E+00 -0.2496E+02  0.0000E+00      -1  -0.350E-01   20.00
  69   -68.0000      29.882 0.4300   0.2496E+02  0.0000E+00 -0.2496E+02  0.0000E+00      -1  -0.350E-01   20.00
  70   -69.0000      29.882 0.4300   0.2496E+02  0.0000E+00 -0.2496E+02  0.0000E+00      -1  -0.350E-01   20.00
  71   -70.0000      29.882 0.4300   0.2496E+02  0.0000E+00 -0.2496E+02  0.0000E+00      -1  -0.350E-01   20.00
  72   -71.0000      29.882 0.4300   0.2496E+02  0.0000E+00 -0.2496E+02  0.0000E+00      -1  -0.350E-01   20.00
  73   -72.0000      29.882 0.4300   0.2496E+02  0.0000E+00 -0.2496E+02  0.0000E+00      -1  -0.350E-01   20.00
  74   -73.0000      29.882 0.4300   0.2496E+02  0.0000E+00 -0.2496E+02  0.0000E+00      -1  -0.350E-01   20.00
  75   -74.0000      29.882 0.4300   0.2496E+02  0.0000E+00 -0.2496E+02  0.0000E+00      -1  -0.350E-01   20.00
  76   -75.0000      29.882 0.4300   0.2496E+02  0.0000E+00 -0.2496E+02  0.0000E+00      -1  -0.350E-01   20.00
  77   -76.0000      29.882 0.4300   0.2496E+02  0.0000E+00 -0.2496E+02  0.0000E+00      -1  -0.350E-01   20.00
  78   -77.0000      29.882 0.4300   0.2496E+02  0.0000E+00 -0.2496E+02  0.0000E+00      -1  -0.350E-01   20.00
  79   -78.0000      29.882 0.4300   0.2496E+02  0.0000E+00 -0.2496E+02  0.0000E+00      -1  -0.350E-01   20.00
  80   -79.0000      29.882 0.4300   0.2496E+02  0.0000E+00 -0.2496E+02  0.0000E+00      -1  -0.350E-01   20.00
  81   -80.0000      29.882 0.4300   0.2496E+02  0.0000E+00 -0.2496E+02  0.0000E+00      -1  -0.350E-01   20.00
  82   -81.0000      29.882 0.4300   0.2496E+02  0.0000E+00 -0.2496E+02  0.0000E+00      -1  -0.350E-01   20.00
  83   -82.0000      29.882 0.4300   0.2496E+02  0.0000E+00 -0.2496E+02  0.0000E+00      -1  -0.350E-01   20.00
  84   -83.0000      29.882 0.4300   0.2496E+02  0.0000E+00 -0.2496E+02  0.0000E+00      -1  -0.350E-01   20.00
  85   -84.0000      29.882 0.4300   0.2496E+02  0.0000E+00 -0.2496E+02  0.0000E+00      -1  -0.350E-01   20.00
  86   -85.0000      29.882 0.4300   0.2496E+02  0.0000E+00 -0.2496E+02  0.0000E+00      -1  -0.350E-01   20.00
  87   -86.0000      29.882 0.4300   0.2496E+02  0.0000E+00 -0.2496E+02  0.0000E+00      -1  -0.350E-01   20.00
  88   -87.0000      29.882 0.4300   0.2496E+02  0.0000E+00 -0.2496E+02  0.0000E+00      -1  -0.350E-01   20.00
  89   -88.0000      29.882 0.4300   0.2496E+02  0.0000E+00 -0.2496E+02  0.0000E+00      -1  -0.350E-01   20.00
  90   -89.0000      29.882 0.4300   0.2496E+02  0.0000E+00 -0.2496E+02  0.0000E+00      -1  -0.350E-01   20.00
  91   -90.0000      29.882 0.4300   0.2496E+02  0.0000E+00 -0.2496E+02  0.0000E+00      -1  -0.350E-01   20.00
  92   -91.0000      29.882 0.4300   0.2496E+02  0.0000E+00 -0.2496E+02  0.0000E+00      -1  -0.350E-01   20.00
  93   -92.0000      29.882 0.4300   0.2496E+02  0.0000E+00 -0.2496E+02  0.0000E+00      -1  -0.350E-01   20.00
  94   -93.0000      29.882 0.4300   0.2496E+02  0.0000E+00 -0.2496E+02  0.0000E+00      -1  -0.350E-01   20.00
  95   -94.0000      29.882 0.4300   0.2496E+02  0.0000E+00 -0.2496E+02  0.0000E+00      -1  -0.350E-01   20.00
  96   -95.0000      29.882 0.4300   0.2496E+02  0.0000E+00 -0.2496E+02  0.0000E+00      -1  -0.350E-01   20.00
  97   -96.0000      29.882 0.4300   0.2496E+02  0.0000E+00 -0.2496E+02  0.0000E+00      -1  -0.350E-01   20.00
  98   -97.0000      29.882 0.4300   0.2496E+02  0.0000E+00 -0.2496E+02  0.0000E+00      -1  -0.350E-01   20.00
  99   -98.0000      29.882 0.4300   0.2496E+02  0.0000E+00 -0.2496E+02  0.0000E+00      -1  -0.350E-01   20.00
 100   -99.0000      29.882 0.4300   0.2496E+02  0.0000E+00 -0.2496E+02  0.0000E+00      -1  -0.350E-01   20.00
 101  -100.0000      29.882 0.4300   0.2496E+02  0.0000E+00 -0.2496E+02  0.0000E+00      -1  -0.350E-01   20.00
end


 Time:        0.9500


 Node      Depth      Head Moisture       K          C         Flux        Sink         Kappa   v/KsTop   Temp
           [L]        [L]    [-]        [L/T]      [1/L]      [L/T]        [1/T]         [-]      [-]      [C]

   1     0.0000       0.000 0.4300   0.7128E+03  0.0000E+00 -0.2496E+02  0.0000E+00      -1  -0.350E-01   20.00
   2    -1.0000       0.965 0.4300   0.7128E+03  0.0000E+00 -0.2496E+02  0.0000E+00      -1  -0.350E-01   20.00
   3    -2.0000       1.930 0.4300   0.7128E+03  0.0000E+00 -0.2496E+02  0.0000E+00      -1  -0.350E-01   20.00
   4    -3.0000       2.895 0.4300   0.7128E+03  0.0000E+00 -0.2496E+02  0.0000E+00      -1  -0.350E-01   20.00
   5    -4.0000       3.860 0.4300   0.7128E+03  0.0000E+00 -0.2496E+02  0.0000E+00      -1  -0.350E-01   20.00
   6    -5.0000       4.825 0.4300   0.7128E+03  0.0000E+00 -0.2496E+02  0.0000E+00      -1  -0.350E-01   20.00
   7    -6.0000       5.790 0.4300   0.7128E+03  0.0000E+00 -0.2496E+02  0.0000E+00      -1  -0.350E-01   20.00
   8    -7.0000       6.755 0.4300   0.7128E+03  0.0000E+00 -0.2496E+02  0.0000E+00      -1  -0.350E-01   20.00
   9    -8.0000       7.720 0.4300   0.7128E+03  0.0000E+00 -0.2496E+02  0.0000E+00      -1  -0.350E-01   20.00
  10    -9.0000       8.685 0.4300   0.7128E+03  0.0000E+00 -0.2496E+02  0.0000E+00      -1  -0.350E-01   20.00
  11   -10.0000       9.650 0.4300   0.7128E+03  0.0000E+00 -0.2496E+02  0.0000E+00      -1  -0.350E-01   20.00
  12   -11.0000      10.615 0.4300   0.7128E+03  0.0000E+00 -0.2496E+02  0.0000E+00      -1  -0.350E-01   20.00
  13   -12.0000      11.580 0.4300   0.7128E+03  0.0000E+00 -0.2496E+02  0.0000E+00      -1  -0.350E-01   20.00
  14   -13.0000      12.545 0.4300   0.7128E+03  0.0000E+00 -0.2496E+02  0.0000E+00      -1  -0.350E-01   20.00
  15   -14.0000      13.510 0.4300   0.7128E+03  0.0000E+00 -0.2496E+02  0.0000E+00      -1  -0.350E-01   20.00
  16   -15.0000      14.475 0.4300   0.7128E+03  0.0000E+00 -0.2496E+02  0.0000E+00      -1  -0.350E-01   20.00
  17   -16.0000      15.440 0.4300   0.7128E+03  0.0000E+00 -0.2496E+02  0.0000E+00      -1  -0.350E-01   20.00
  18   -17.0000      16.405 0.4300   0.7128E+03  0.0000E+00 -0.2496E+02  0.0000E+00      -1  -0.350E-01   20.00
  19   -18.0000      17.370 0.4300   0.7128E+03  0.0000E+00 -0.2496E+02  0.0000E+00      -1  -0.350E-01   20.00
  20   -19.0000      18.335 0.4300   0.7128E+03  0.0000E+00 -0.2496E+02  0.0000E+00      -1  -0.350E-01   20.00
  21   -20.0000      19.300 0.4300   0.7128E+03  0.0000E+00 -0.2496E+02  0.0000E+00      -1  -0.350E-01   20.00
  22   -21.0000      20.265 0.4300   0.7128E+03  0.0000E+00 -0.2496E+02  0.0000E+00      -1  -0.350E-01   20.00
  23   -22.0000      21.230 0.4300   0.7128E+03  0.0000E+00 -0.2496E+02  0.0000E+00      -1  -0.350E-01   20.00
  24   -23.0000      22.195 0.4300   0.7128E+03  0.0000E+00 -0.2496E+02  0.0000E+00      -1  -0.350E-01   20.00
  25   -24.0000      23.160 0.4300   0.7128E+03  0.0000E+00 -0.2496E+02  0.0000E+00      -1  -0.350E-01   20.00
  26   -25.0000      24.125 0.4300   0.7128E+03  0.0000E+00 -0.2496E+02  0.0000E+00      -1  -0.350E-01   20.00
  27   -26.0000      25.090 0.4300   0.7128E+03  0.0000E+00 -0.2496E+02  0.0000E+00      -1  -0.350E-01   20.00
  28   -27.0000      26.055 0.4300   0.7128E+03  0.0000E+00 -0.2496E+02  0.0000E+00      -1  -0.350E-01   20.00
  29   -28.0000      27.020 0.4300   0.7128E+03  0.0000E+00 -0.2496E+02  0.0000E+00      -1  -0.350E-01   20.00
  30   -29.0000      27.985 0.4300   0.7128E+03  0.0000E+00 -0.2496E+02  0.0000E+00      -1  -0.350E-01   20.00
  31   -30.0000      28.950 0.4300   0.7128E+03  0.0000E+00 -0.2496E+02  0.0000E+00      -1  -0.350E-01   20.00
  32   -31.0000      29.882 0.4300   0.2496E+02  0.0000E+00 -0.2496E+02  0.0000E+00      -1  -0.350E-01   20.00
  33   -32.0000      29.882 0.4300   0.2496E+02  0.0000E+00 -0.2496E+02  0.0000E+00      -1  -0.350E-01   20.00
  34   -33.0000      29.882 0.4300   0.2496E+02  0.0000E+00 -0.2496E+02  0.0000E+00      -1  -0.350E-01   20.00
  35   -34.0000      29.882 0.4300   0.2496E+02  0.0000E+00 -0.2496E+02  0.0000E+00      -1  -0.350E-01   20.00
  36   -35.0000      29.882 0.4300   0.2496E+02  0.0000E+00 -0.2496E+02  0.0000E+00      -1  -0.350E-01   20.00
  37   -36.0000      29.882 0.4300   0.2496E+02  0.0000E+00 -0.2496E+02  0.0000E+00      -1  -0.350E-01   20.00
  38   -37.0000      29.882 0.4300   0.2496E+02  0.0000E+00 -0.2496E+02  0.0000E+00      -1  -0.350E-01   20.00
  39   -38.0000      29.882 0.4300   0.2496E+02  0.0000E+00 -0.2496E+02  0.0000E+00      -1  -0.350E-01   20.00
  40   -39.0000      29.882 0.4300   0.2496E+02  0.0000E+00 -0.2496E+02  0.0000E+00      -1  -0.350E-01   20.00
  41   -40.0000      29.882 0.4300   0.2496E+02  0.0000E+00 -0.2496E+02  0.0000E+00      -1  -0.350E-01   20.00
  42   -41.0000      29.882 0.4300   0.2496E+02  0.0000E+00 -0.2496E+02  0.0000E+00      -1  -0.350E-01   20.00
  43   -42.0000      29.882 0.4300   0.2496E+02  0.0000E+00 -0.2496E+02  0.0000E+00      -1  -0.350E-01   20.00
  44   -43.0000      29.882 0.4300   0.2496E+02  0.0000E+00 -0.2496E+02  0.0000E+00      -1  -0.350E-01   20.00
  45   -44.0000      29.882 0.4300   0.2496E+02  0.0000E+00 -0.2496E+02  0.0000E+00      -1  -0.350E-01   20.00
  46   -45.0000      29.882 0.4300   0.2496E+02  0.0000E+00 -0.2496E+02  0.0000E+00      -1  -0.350E-01   20.00
  47   -46.0000      29.882 0.4300   0.2496E+02  0.0000E+00 -0.2496E+02  0.0000E+00      -1  -0.350E-01   20.00
  48   -47.0000      29.882 0.4300   0.2496E+02  0.0000E+00 -0.2496E+02  0.0000E+00      -1  -0.350E-01   20.00
  49   -48.0000      29.882 0.4300   0.2496E+02  0.0000E+00 -0.2496E+02  0.0000E+00      -1  -0.350E-01   20.00
  50   -49.0000      29.882 0.4300   0.2496E+02  0.0000E+00 -0.2496E+02  0.0000E+00      -1  -0.350E-01   20.00
  51   -50.0000      29.882 0.4300   0.2496E+02  0.0000E+00 -0.2496E+02  0.0000E+00      -1  -0.350E-01   20.00
  52   -51.0000      29.882 0.4300   0.2496E+02  0.0000E+00 -0.2496E+02  0.0000E+00      -1  -0.350E-01   20.00
  53   -52.0000      29.882 0.4300   0.2496E+02  0.0000E+00 -0.2496E+02  0.0000E+00      -1  -0.350E-01   20.00
  54   -53.0000      29.882 0.4300   0.2496E+02  0.0000E+00 -0.2496E+02  0.0000E+00      -1  -0.350E-01   20.00
  55   -54.0000      29.882 0.4300   0.2496E+02  0.0000E+00 -0.2496E+02  0.0000E+00      -1  -0.350E-01   20.00
  56   -55.0000      29.882 0.4300   0.2496E+02  0.0000E+00 -0.2496E+02  0.0000E+00      -1  -0.350E-01   20.00
  57   -56.0000      29.882 0.4300   0.2496E+02  0.0000E+00 -0.2496E+02  0.0000E+00      -1  -0.350E-01   20.00
  58   -57.0000      29.882 0.4300   0.2496E+02  0.0000E+00 -0.2496E+02  0.0000E+00      -1  -0.350E-01   20.00
  59   -58.0000      29.882 0.4300   0.2496E+02  0.0000E+00 -0.2496E+02  0.0000E+00      -1  -0.350E-01   20.00
  60   -59.0000      29.882 0.4300   0.2496E+02  0.0000E+00 -0.2496E+02  0.0000E+00      -1  -0.350E-01   20.00
  61   -60.0000      29.882 0.4300   0.2496E+02  0.0000E+00 -0.2496E+02  0.0000E+00      -1  -0.350E-01   20.00
  62   -61.0000      29.882 0.4300   0.2496E+02  0.0000E+00 -0.2496E+02  0.0000E+00      -1  -0.350E-01   20.00
  63   -62.0000      29.882 0.4300   0.2496E+02  0.0000E+00 -0.2496E+02  0.0000E+00      -1  -0.350E-01   20.00
  64   -63.0000      29.882 0.4300   0.2496E+02  0.0000E+00 -0.2496E+02  0.0000E+00      -1  -0.350E-01   20.00
  65   -64.0000      29.882 0.4300   0.2496E+02  0.0000E+00 -0.2496E+02  0.0000E+00      -1  -0.350E-01   20.00
  66   -65.0000      29.882 0.4300   0.2496E+02  0.0000E+00 -0.2496E+02  0.0000E+00      -1  -0.350E-01   20.00
  67   -66.0000      29.882 0.4300   0.2496E+02  0.0000E+00 -0.2496E+02  0.0000E+00      -1  -0.350E-01   20.00
  68   -67.0000      29.882 0.4300   0.2496E+02  0.0000E+00 -0.2496E+02  0.0000E+00      -1  -0.350E-01   20.00
  69   -68.0000      29.882 0.4300   0.2496E+02  0.0000E+00 -0.2496E+02  0.0000E+00      -1  -0.350E-01   20.00
  70   -69.0000      29.882 0.4300   0.2496E+02  0.0000E+00 -0.2496E+02  0.0000E+00      -1  -0.350E-01   20.00
  71   -70.0000      29.882 0.4300   0.2496E+02  0.0000E+00 -0.2496E+02  0.0000E+00      -1  -0.350E-01   20.00
  72   -71.0000      29.882 0.4300   0.2496E+02  0.0000E+00 -0.2496E+02  0.0000E+00      -1  -0.350E-01   20.00
  73   -72.0000      29.882 0.4300   0.2496E+02  0.0000E+00 -0.2496E+02  0.0000E+00      -1  -0.350E-01   20.00
  74   -73.0000      29.882 0.4300   0.2496E+02  0.0000E+00 -0.2496E+02  0.0000E+00      -1  -0.350E-01   20.00
  75   -74.0000      29.882 0.4300   0.2496E+02  0.0000E+00 -0.2496E+02  0.0000E+00      -1  -0.350E-01   20.00
  76   -75.0000      29.882 0.4300   0.2496E+02  0.0000E+00 -0.2496E+02  0.0000E+00      -1  -0.350E-01   20.00
  77   -76.0000      29.882 0.4300   0.2496E+02  0.0000E+00 -0.2496E+02  0.0000E+00      -1  -0.350E-01   20.00
  78   -77.0000      29.882 0.4300   0.2496E+02  0.0000E+00 -0.2496E+02  0.0000E+00      -1  -0.350E-01   20.00
  79   -78.0000      29.882 0.4300   0.2496E+02  0.0000E+00 -0.2496E+02  0.0000E+00      -1  -0.350E-01   20.00
  80   -79.0000      29.882 0.4300   0.2496E+02  0.0000E+00 -0.2496E+02  0.0000E+00      -1  -0.350E-01   20.00
  81   -80.0000      29.882 0.4300   0.2496E+02  0.0000E+00 -0.2496E+02  0.0000E+00      -1  -0.350E-01   20.00
  82   -81.0000      29.882 0.4300   0.2496E+02  0.0000E+00 -0.2496E+02  0.0000E+00      -1  -0.350E-01   20.00
  83   -82.0000      29.882 0.4300   0.2496E+02  0.0000E+00 -0.2496E+02  0.0000E+00      -1  -0.350E-01   20.00
  84   -83.0000      29.882 0.4300   0.2496E+02  0.0000E+00 -0.2496E+02  0.0000E+00      -1  -0.350E-01   20.00
  85   -84.0000      29.882 0.4300   0.2496E+02  0.0000E+00 -0.2496E+02  0.0000E+00      -1  -0.350E-01   20.00
  86   -85.0000      29.882 0.4300   0.2496E+02  0.0000E+00 -0.2496E+02  0.0000E+00      -1  -0.350E-01   20.00
  87   -86.0000      29.882 0.4300   0.2496E+02  0.0000E+00 -0.2496E+02  0.0000E+00      -1  -0.350E-01   20.00
  88   -87.0000      29.882 0.4300   0.2496E+02  0.0000E+00 -0.2496E+02  0.0000E+00      -1  -0.350E-01   20.00
  89   -88.0000      29.882 0.4300   0.2496E+02  0.0000E+00 -0.2496E+02  0.0000E+00      -1  -0.350E-01   20.00
  90   -89.0000      29.882 0.4300   0.2496E+02  0.0000E+00 -0.2496E+02  0.0000E+00      -1  -0.350E-01   20.00
  91   -90.0000      29.882 0.4300   0.2496E+02  0.0000E+00 -0.2496E+02  0.0000E+00      -1  -0.350E-01   20.00
  92   -91.0000      29.882 0.4300   0.2496E+02  0.0000E+00 -0.2496E+02  0.0000E+00      -1  -0.350E-01   20.00
  93   -92.0000      29.882 0.4300   0.2496E+02  0.0000E+00 -0.2496E+02  0.0000E+00      -1  -0.350E-01   20.00
  94   -93.0000      29.882 0.4300   0.2496E+02  0.0000E+00 -0.2496E+02  0.0000E+00      -1  -0.350E-01   20.00
  95   -94.0000      29.882 0.4300   0.2496E+02  0.0000E+00 -0.2496E+02  0.0000E+00      -1  -0.350E-01   20.00
  96   -95.0000      29.882 0.4300   0.2496E+02  0.0000E+00 -0.2496E+02  0.0000E+00      -1  -0.350E-01   20.00
  97   -96.0000      29.882 0.4300   0.2496E+02  0.0000E+00 -0.2496E+02  0.0000E+00      -1  -0.350E-01   20.00
  98   -97.0000      29.882 0.4300   0.2496E+02  0.0000E+00 -0.2496E+02  0.0000E+00      -1  -0.350E-01   20.00
  99   -98.0000      29.882 0.4300   0.2496E+02  0.0000E+00 -0.2496E+02  0.0000E+00      -1  -0.350E-01   20.00
 100   -99.0000      29.882 0.4300   0.2496E+02  0.0000E+00 -0.2496E+02  0.0000E+00      -1  -0.350E-01   20.00
 101  -100.0000      29.882 0.4300   0.2496E+02  0.0000E+00 -0.2496E+02  0.0000E+00      -1  -0.350E-01   20.00
end


 Time:        1.0000


 Node      Depth      Head Moisture       K          C         Flux        Sink         Kappa   v/KsTop   Temp
           [L]        [L]    [-]        [L/T]      [1/L]      [L/T]        [1/T]         [-]      [-]      [C]

   1     0.0000       0.000 0.4300   0.7128E+03  0.0000E+00 -0.2496E+02  0.0000E+00      -1  -0.350E-01   20.00
   2    -1.0000       0.965 0.4300   0.7128E+03  0.0000E+00 -0.2496E+02  0.0000E+00      -1  -0.350E-01   20.00
   3    -2.0000       1.930 0.4300   0.7128E+03  0.0000E+00 -0.2496E+02  0.0000E+00      -1  -0.350E-01   20.00
   4    -3.0000       2.895 0.4300   0.7128E+03  0.0000E+00 -0.2496E+02  0.0000E+00      -1  -0.350E-01   20.00
   5    -4.0000       3.860 0.4300   0.7128E+03  0.0000E+00 -0.2496E+02  0.0000E+00      -1  -0.350E-01   20.00
   6    -5.0000       4.825 0.4300   0.7128E+03  0.0000E+00 -0.2496E+02  0.0000E+00      -1  -0.350E-01   20.00
   7    -6.0000       5.790 0.4300   0.7128E+03  0.0000E+00 -0.2496E+02  0.0000E+00      -1  -0.350E-01   20.00
   8    -7.0000       6.755 0.4300   0.7128E+03  0.0000E+00 -0.2496E+02  0.0000E+00      -1  -0.350E-01   20.00
   9    -8.0000       7.720 0.4300   0.7128E+03  0.0000E+00 -0.2496E+02  0.0000E+00      -1  -0.350E-01   20.00
  10    -9.0000       8.685 0.4300   0.7128E+03  0.0000E+00 -0.2496E+02  0.0000E+00      -1  -0.350E-01   20.00
  11   -10.0000       9.650 0.4300   0.7128E+03  0.0000E+00 -0.2496E+02  0.0000E+00      -1  -0.350E-01   20.00
  12   -11.0000      10.615 0.4300   0.7128E+03  0.0000E+00 -0.2496E+02  0.0000E+00      -1  -0.350E-01   20.00
  13   -12.0000      11.580 0.4300   0.7128E+03  0.0000E+00 -0.2496E+02  0.0000E+00      -1  -0.350E-01   20.00
  14   -13.0000      12.545 0.4300   0.7128E+03  0.0000E+00 -0.2496E+02  0.0000E+00      -1  -0.350E-01   20.00
  15   -14.0000      13.510 0.4300   0.7128E+03  0.0000E+00 -0.2496E+02  0.0000E+00      -1  -0.350E-01   20.00
  16   -15.0000      14.475 0.4300   0.7128E+03  0.0000E+00 -0.2496E+02  0.0000E+00      -1  -0.350E-01   20.00
  17   -16.0000      15.440 0.4300   0.7128E+03  0.0000E+00 -0.2496E+02  0.0000E+00      -1  -0.350E-01   20.00
  18   -17.0000      16.405 0.4300   0.7128E+03  0.0000E+00 -0.2496E+02  0.0000E+00      -1  -0.350E-01   20.00
  19   -18.0000      17.370 0.4300   0.7128E+03  0.0000E+00 -0.2496E+02  0.0000E+00      -1  -0.350E-01   20.00
  20   -19.0000      18.335 0.4300   0.7128E+03  0.0000E+00 -0.2496E+02  0.0000E+00      -1  -0.350E-01   20.00
  21   -20.0000      19.300 0.4300   0.7128E+03  0.0000E+00 -0.2496E+02  0.0000E+00      -1  -0.350E-01   20.00
  22   -21.0000      20.265 0.4300   0.7128E+03  0.0000E+00 -0.2496E+02  0.0000E+00      -1  -0.350E-01   20.00
  23   -22.0000      21.230 0.4300   0.7128E+03  0.0000E+00 -0.2496E+02  0.0000E+00      -1  -0.350E-01   20.00
  24   -23.0000      22.195 0.4300   0.7128E+03  0.0000E+00 -0.2496E+02  0.0000E+00      -1  -0.350E-01   20.00
  25   -24.0000      23.160 0.4300   0.7128E+03  0.0000E+00 -0.2496E+02  0.0000E+00      -1  -0.350E-01   20.00
  26   -25.0000      24.125 0.4300   0.7128E+03  0.0000E+00 -0.2496E+02  0.0000E+00      -1  -0.350E-01   20.00
  27   -26.0000      25.090 0.4300   0.7128E+03  0.0000E+00 -0.2496E+02  0.0000E+00      -1  -0.350E-01   20.00
  28   -27.0000      26.055 0.4300   0.7128E+03  0.0000E+00 -0.2496E+02  0.0000E+00      -1  -0.350E-01   20.00
  29   -28.0000      27.020 0.4300   0.7128E+03  0.0000E+00 -0.2496E+02  0.0000E+00      -1  -0.350E-01   20.00
  30   -29.0000      27.985 0.4300   0.7128E+03  0.0000E+00 -0.2496E+02  0.0000E+00      -1  -0.350E-01   20.00
  31   -30.0000      28.950 0.4300   0.7128E+03  0.0000E+00 -0.2496E+02  0.0000E+00      -1  -0.350E-01   20.00
  32   -31.0000      29.882 0.4300   0.2496E+02  0.0000E+00 -0.2496E+02  0.0000E+00      -1  -0.350E-01   20.00
  33   -32.0000      29.882 0.4300   0.2496E+02  0.0000E+00 -0.2496E+02  0.0000E+00      -1  -0.350E-01   20.00
  34   -33.0000      29.882 0.4300   0.2496E+02  0.0000E+00 -0.2496E+02  0.0000E+00      -1  -0.350E-01   20.00
  35   -34.0000      29.882 0.4300   0.2496E+02  0.0000E+00 -0.2496E+02  0.0000E+00      -1  -0.350E-01   20.00
  36   -35.0000      29.882 0.4300   0.2496E+02  0.0000E+00 -0.2496E+02  0.0000E+00      -1  -0.350E-01   20.00
  37   -36.0000      29.882 0.4300   0.2496E+02  0.0000E+00 -0.2496E+02  0.0000E+00      -1  -0.350E-01   20.00
  38   -37.0000      29.882 0.4300   0.2496E+02  0.0000E+00 -0.2496E+02  0.0000E+00      -1  -0.350E-01   20.00
  39   -38.0000      29.882 0.4300   0.2496E+02  0.0000E+00 -0.2496E+02  0.0000E+00      -1  -0.350E-01   20.00
  40   -39.0000      29.882 0.4300   0.2496E+02  0.0000E+00 -0.2496E+02  0.0000E+00      -1  -0.350E-01   20.00
  41   -40.0000      29.882 0.4300   0.2496E+02  0.0000E+00 -0.2496E+02  0.0000E+00      -1  -0.350E-01   20.00
  42   -41.0000      29.882 0.4300   0.2496E+02  0.0000E+00 -0.2496E+02  0.0000E+00      -1  -0.350E-01   20.00
  43   -42.0000      29.882 0.4300   0.2496E+02  0.0000E+00 -0.2496E+02  0.0000E+00      -1  -0.350E-01   20.00
  44   -43.0000      29.882 0.4300   0.2496E+02  0.0000E+00 -0.2496E+02  0.0000E+00      -1  -0.350E-01   20.00
  45   -44.0000      29.882 0.4300   0.2496E+02  0.0000E+00 -0.2496E+02  0.0000E+00      -1  -0.350E-01   20.00
  46   -45.0000      29.882 0.4300   0.2496E+02  0.0000E+00 -0.2496E+02  0.0000E+00      -1  -0.350E-01   20.00
  47   -46.0000      29.882 0.4300   0.2496E+02  0.0000E+00 -0.2496E+02  0.0000E+00      -1  -0.350E-01   20.00
  48   -47.0000      29.882 0.4300   0.2496E+02  0.0000E+00 -0.2496E+02  0.0000E+00      -1  -0.350E-01   20.00
  49   -48.0000      29.882 0.4300   0.2496E+02  0.0000E+00 -0.2496E+02  0.0000E+00      -1  -0.350E-01   20.00
  50   -49.0000      29.882 0.4300   0.2496E+02  0.0000E+00 -0.2496E+02  0.0000E+00      -1  -0.350E-01   20.00
  51   -50.0000      29.882 0.4300   0.2496E+02  0.0000E+00 -0.2496E+02  0.0000E+00      -1  -0.350E-01   20.00
  52   -51.0000      29.882 0.4300   0.2496E+02  0.0000E+00 -0.2496E+02  0.0000E+00      -1  -0.350E-01   20.00
  53   -52.0000      29.882 0.4300   0.2496E+02  0.0000E+00 -0.2496E+02  0.0000E+00      -1  -0.350E-01   20.00
  54   -53.0000      29.882 0.4300   0.2496E+02  0.0000E+00 -0.2496E+02  0.0000E+00      -1  -0.350E-01   20.00
  55   -54.0000      29.882 0.4300   0.2496E+02  0.0000E+00 -0.2496E+02  0.0000E+00      -1  -0.350E-01   20.00
  56   -55.0000      29.882 0.4300   0.2496E+02  0.0000E+00 -0.2496E+02  0.0000E+00      -1  -0.350E-01   20.00
  57   -56.0000      29.882 0.4300   0.2496E+02  0.0000E+00 -0.2496E+02  0.0000E+00      -1  -0.350E-01   20.00
  58   -57.0000      29.882 0.4300   0.2496E+02  0.0000E+00 -0.2496E+02  0.0000E+00      -1  -0.350E-01   20.00
  59   -58.0000      29.882 0.4300   0.2496E+02  0.0000E+00 -0.2496E+02  0.0000E+00      -1  -0.350E-01   20.00
  60   -59.0000      29.882 0.4300   0.2496E+02  0.0000E+00 -0.2496E+02  0.0000E+00      -1  -0.350E-01   20.00
  61   -60.0000      29.882 0.4300   0.2496E+02  0.0000E+00 -0.2496E+02  0.0000E+00      -1  -0.350E-01   20.00
  62   -61.0000      29.882 0.4300   0.2496E+02  0.0000E+00 -0.2496E+02  0.0000E+00      -1  -0.350E-01   20.00
  63   -62.0000      29.882 0.4300   0.2496E+02  0.0000E+00 -0.2496E+02  0.0000E+00      -1  -0.350E-01   20.00
  64   -63.0000      29.882 0.4300   0.2496E+02  0.0000E+00 -0.2496E+02  0.0000E+00      -1  -0.350E-01   20.00
  65   -64.0000      29.882 0.4300   0.2496E+02  0.0000E+00 -0.2496E+02  0.0000E+00      -1  -0.350E-01   20.00
  66   -65.0000      29.882 0.4300   0.2496E+02  0.0000E+00 -0.2496E+02  0.0000E+00      -1  -0.350E-01   20.00
  67   -66.0000      29.882 0.4300   0.2496E+02  0.0000E+00 -0.2496E+02  0.0000E+00      -1  -0.350E-01   20.00
  68   -67.0000      29.882 0.4300   0.2496E+02  0.0000E+00 -0.2496E+02  0.0000E+00      -1  -0.350E-01   20.00
  69   -68.0000      29.882 0.4300   0.2496E+02  0.0000E+00 -0.2496E+02  0.0000E+00      -1  -0.350E-01   20.00
  70   -69.0000      29.882 0.4300   0.2496E+02  0.0000E+00 -0.2496E+02  0.0000E+00      -1  -0.350E-01   20.00
  71   -70.0000      29.882 0.4300   0.2496E+02  0.0000E+00 -0.2496E+02  0.0000E+00      -1  -0.350E-01   20.00
  72   -71.0000      29.882 0.4300   0.2496E+02  0.0000E+00 -0.2496E+02  0.0000E+00      -1  -0.350E-01   20.00
  73   -72.0000      29.882 0.4300   0.2496E+02  0.0000E+00 -0.2496E+02  0.0000E+00      -1  -0.350E-01   20.00
  74   -73.0000      29.882 0.4300   0.2496E+02  0.0000E+00 -0.2496E+02  0.0000E+00      -1  -0.350E-01   20.00
  75   -74.0000      29.882 0.4300   0.2496E+02  0.0000E+00 -0.2496E+02  0.0000E+00      -1  -0.350E-01   20.00
  76   -75.0000      29.882 0.4300   0.2496E+02  0.0000E+00 -0.2496E+02  0.0000E+00      -1  -0.350E-01   20.00
  77   -76.0000      29.882 0.4300   0.2496E+02  0.0000E+00 -0.2496E+02  0.0000E+00      -1  -0.350E-01   20.00
  78   -77.0000      29.882 0.4300   0.2496E+02  0.0000E+00 -0.2496E+02  0.0000E+00      -1  -0.350E-01   20.00
  79   -78.0000      29.882 0.4300   0.2496E+02  0.0000E+00 -0.2496E+02  0.0000E+00      -1  -0.350E-01   20.00
  80   -79.0000      29.882 0.4300   0.2496E+02  0.0000E+00 -0.2496E+02  0.0000E+00      -1  -0.350E-01   20.00
  81   -80.0000      29.882 0.4300   0.2496E+02  0.0000E+00 -0.2496E+02  0.0000E+00      -1  -0.350E-01   20.00
  82   -81.0000      29.882 0.4300   0.2496E+02  0.0000E+00 -0.2496E+02  0.0000E+00      -1  -0.350E-01   20.00
  83   -82.0000      29.882 0.4300   0.2496E+02  0.0000E+00 -0.2496E+02  0.0000E+00      -1  -0.350E-01   20.00
  84   -83.0000      29.882 0.4300   0.2496E+02  0.0000E+00 -0.2496E+02  0.0000E+00      -1  -0.350E-01   20.00
  85   -84.0000      29.882 0.4300   0.2496E+02  0.0000E+00 -0.2496E+02  0.0000E+00      -1  -0.350E-01   20.00
  86   -85.0000      29.882 0.4300   0.2496E+02  0.0000E+00 -0.2496E+02  0.0000E+00      -1  -0.350E-01   20.00
  87   -86.0000      29.882 0.4300   0.2496E+02  0.0000E+00 -0.2496E+02  0.0000E+00      -1  -0.350E-01   20.00
  88   -87.0000      29.882 0.4300   0.2496E+02  0.0000E+00 -0.2496E+02  0.0000E+00      -1  -0.350E-01   20.00
  89   -88.0000      29.882 0.4300   0.2496E+02  0.0000E+00 -0.2496E+02  0.0000E+00      -1  -0.350E-01   20.00
  90   -89.0000      29.882 0.4300   0.2496E+02  0.0000E+00 -0.2496E+02  0.0000E+00      -1  -0.350E-01   20.00
  91   -90.0000      29.882 0.4300   0.2496E+02  0.0000E+00 -0.2496E+02  0.0000E+00      -1  -0.350E-01   20.00
  92   -91.0000      29.882 0.4300   0.2496E+02  0.0000E+00 -0.2496E+02  0.0000E+00      -1  -0.350E-01   20.00
  93   -92.0000      29.882 0.4300   0.2496E+02  0.0000E+00 -0.2496E+02  0.0000E+00      -1  -0.350E-01   20.00
  94   -93.0000      29.882 0.4300   0.2496E+02  0.0000E+00 -0.2496E+02  0.0000E+00      -1  -0.350E-01   20.00
  95   -94.0000      29.882 0.4300   0.2496E+02  0.0000E+00 -0.2496E+02  0.0000E+00      -1  -0.350E-01   20.00
  96   -95.0000      29.882 0.4300   0.2496E+02  0.0000E+00 -0.2496E+02  0.0000E+00      -1  -0.350E-01   20.00
  97   -96.0000      29.882 0.4300   0.2496E+02  0.0000E+00 -0.2496E+02  0.0000E+00      -1  -0.350E-01   20.00
  98   -97.0000      29.882 0.4300   0.2496E+02  0.0000E+00 -0.2496E+02  0.0000E+00      -1  -0.350E-01   20.00
  99   -98.0000      29.882 0.4300   0.2496E+02  0.0000E+00 -0.2496E+02  0.0000E+00      -1  -0.350E-01   20.00
 100   -99.0000      29.882 0.4300   0.2496E+02  0.0000E+00 -0.2496E+02  0.0000E+00      -1  -0.350E-01   20.00
 101  -100.0000      29.882 0.4300   0.2496E+02  0.0000E+00 -0.2496E+02  0.0000E+00      -1  -0.350E-01   20.00
end
