 ******* Program HYDRUS
 ******* Infiltration submergee, sable 0-30 cm sur loam 30-100 cm                
 Date:   0. 0.    Time: 512:**:**
 Units: L = cm   , T = days , M = g    



                               Node( 11)                      Node( 26)                      Node( 36)                      Node( 61)

         time         h        theta    Temp         h        theta    Temp         h        theta    Temp         h        theta    Temp   
          0.0000     -200.00  0.0464   20.000       -200.00  0.0464   20.000       -200.00  0.1930   20.000       -200.00  0.1930   20.000
          0.0000     -200.00  0.0464   20.000       -200.00  0.0464   20.000       -200.00  0.1930   20.000       -200.00  0.1930   20.000
          0.0000     -200.00  0.0464   20.000       -200.00  0.0464   20.000       -200.00  0.1930   20.000       -200.00  0.1930   20.000
          0.0000     -200.00  0.0464   20.000       -200.00  0.0464   20.000       -200.00  0.1930   20.000       -200.00  0.1930   20.000
          0.0000     -200.00  0.0464   20.000       -200.00  0.0464   20.000       -200.00  0.1930   20.000       -200.00  0.1930   20.000
          0.0000     -200.00  0.0464   20.000       -200.00  0.0464   20.000       -200.00  0.1930   20.000       -200.00  0.1930   20.000
          0.0000     -200.00  0.0464   20.000       -200.00  0.0464   20.000       -200.00  0.1930   20.000       -200.00  0.1930   20.000
          0.0000     -200.00  0.0464   20.000       -200.00  0.0464   20.000       -200.00  0.1930   20.000       -200.00  0.1930   20.000
          0.0000     -200.00  0.0464   20.000       -200.00  0.0464   20.000       -200.00  0.1930   20.000       -200.00  0.1930   20.000
          0.0000     -200.00  0.0464   20.000       -200.00  0.0464   20.000       -200.00  0.1930   20.000       -200.00  0.1930   20.000
          0.0000     -200.00  0.0464   20.000       -200.00  0.0464   20.000       -200.00  0.1930   20.000       -200.00  0.1930   20.000
          0.0000     -200.00  0.0464   20.000       -200.00  0.0464   20.000       -200.00  0.1930   20.000       -200.00  0.1930   20.000
          0.0000     -200.00  0.0464   20.000       -200.00  0.0464   20.000       -200.00  0.1930   20.000       -200.00  0.1930   20.000
          0.0001     -200.00  0.0464   20.000       -200.00  0.0464   20.000       -200.00  0.1930   20.000       -200.00  0.1930   20.000
          0.0001     -200.00  0.0464   20.000       -200.00  0.0464   20.000       -200.00  0.1930   20.000       -200.00  0.1930   20.000
          0.0001     -200.00  0.0464   20.000       -200.00  0.0464   20.000       -200.00  0.1930   20.000       -200.00  0.1930   20.000
          0.0001     -200.00  0.0464   20.000       -200.00  0.0464   20.000       -200.00  0.1930   20.000       -200.00  0.1930   20.000
          0.0001     -200.00  0.0464   20.000       -200.00  0.0464   20.000       -200.00  0.1930   20.000       -200.00  0.1930   20.000
          0.0001     -200.00  0.0464   20.000       -200.00  0.0464   20.000       -200.00  0.1930   20.000       -200.00  0.1930   20.000
          0.0001     -200.00  0.0464   20.000       -200.00  0.0464   20.000       -200.00  0.1930   20.000       -200.00  0.1930   20.000
          0.0001     -200.00  0.0464   20.000       -200.00  0.0464   20.000       -200.00  0.1930   20.000       -200.00  0.1930   20.000
          0.0001     -200.00  0.0464   20.000       -200.00  0.0464   20.000       -200.00  0.1930   20.000       -200.00  0.1930   20.000
          0.0001     -200.00  0.0464   20.000       -200.00  0.0464   20.000       -200.00  0.1930   20.000       -200.00  0.1930   20.000
          0.0001     -200.00  0.0464   20.000       -200.00  0.0464   20.000       -200.00  0.1930   20.000       -200.00  0.1930   20.000
          0.0001     -200.00  0.0464   20.000       -200.00  0.0464   20.000       -200.00  0.1930   20.000       -200.00  0.1930   20.000
          0.0001     -200.00  0.0464   20.000       -200.00  0.0464   20.000       -200.00  0.1930   20.000       -200.00  0.1930   20.000
          0.0001     -200.00  0.0464   20.000       -200.00  0.0464   20.000       -200.00  0.1930   20.000       -200.00  0.1930   20.000
          0.0001     -200.00  0.0464   20.000       -200.00  0.0464   20.000       -200.00  0.1930   20.000       -200.00  0.1930   20.000
          0.0001     -200.00  0.0464   20.000       -200.00  0.0464   20.000       -200.00  0.1930   20.000       -200.00  0.1930   20.000
          0.0002     -200.00  0.0464   20.000       -200.00  0.0464   20.000       -200.00  0.1930   20.000       -200.00  0.1930   20.000
          0.0002     -200.00  0.0464   20.000       -200.00  0.0464   20.000       -200.00  0.1930   20.000       -200.00  0.1930   20.000
          0.0002     -200.00  0.0464   20.000       -200.00  0.0464   20.000       -200.00  0.1930   20.000       -200.00  0.1930   20.000
          0.0002     -200.00  0.0464   20.000       -200.00  0.0464   20.000       -200.00  0.1930   20.000       -200.00  0.1930   20.000
          0.0002     -200.00  0.0464   20.000       -200.00  0.0464   20.000       -200.00  0.1930   20.000       -200.00  0.1930   20.000
          0.0002     -200.00  0.0464   20.000       -200.00  0.0464   20.000       -200.00  0.1930   20.000       -200.00  0.1930   20.000
          0.0002     -200.00  0.0464   20.000       -200.00  0.0464   20.000       -200.00  0.1930   20.000       -200.00  0.1930   20.000
          0.0002     -200.00  0.0464   20.000       -200.00  0.0464   20.000       -200.00  0.1930   20.000       -200.00  0.1930   20.000
          0.0002     -200.00  0.0464   20.000       -200.00  0.0464   20.000       -200.00  0.1930   20.000       -200.00  0.1930   20.000
          0.0002     -200.00  0.0464   20.000       -200.00  0.0464   20.000       -200.00  0.1930   20.000       -200.00  0.1930   20.000
          0.0003     -200.00  0.0464   20.000       -200.00  0.0464   20.000       -200.00  0.1930   20.000       -200.00  0.1930   20.000
          0.0003     -200.00  0.0464   20.000       -200.00  0.0464   20.000       -200.00  0.1930   20.000       -200.00  0.1930   20.000
          0.0003     -200.00  0.0464   20.000       -200.00  0.0464   20.000       -200.00  0.1930   20.000       -200.00  0.1930   20.000
          0.0003     -200.00  0.0464   20.000       -200.00  0.0464   20.000       -200.00  0.1930   20.000       -200.00  0.1930   20.000
          0.0003     -200.00  0.0464   20.000       -200.00  0.0464   20.000       -200.00  0.1930   20.000       -200.00  0.1930   20.000
          0.0003     -200.00  0.0464   20.000       -200.00  0.0464   20.000       -200.00  0.1930   20.000       -200.00  0.1930   20.000
          0.0003     -200.00  0.0464   20.000       -200.00  0.0464   20.000       -200.00  0.1930   20.000       -200.00  0.1930   20.000
          0.0003     -200.00  0.0464   20.000       -200.00  0.0464   20.000       -200.00  0.1930   20.000       -200.00  0.1930   20.000
          0.0003     -200.00  0.0464   20.000       -200.00  0.0464   20.000       -200.00  0.1930   20.000       -200.00  0.1930   20.000
          0.0004     -200.00  0.0464   20.000       -200.00  0.0464   20.000       -200.00  0.1930   20.000       -200.00  0.1930   20.000
          0.0004     -200.00  0.0464   20.000       -200.00  0.0464   20.000       -200.00  0.1930   20.000       -200.00  0.1930   20.000
          0.0004     -200.00  0.0464   20.000       -200.00  0.0464   20.000       -200.00  0.1930   20.000       -200.00  0.1930   20.000
          0.0004     -200.00  0.0464   20.000       -200.00  0.0464   20.000       -200.00  0.1930   20.000       -200.00  0.1930   20.000
          0.0004     -200.00  0.0464   20.000       -200.00  0.0464   20.000       -200.00  0.1930   20.000       -200.00  0.1930   20.000
          0.0004     -200.00  0.0464   20.000       -200.00  0.0464   20.000       -200.00  0.1930   20.000       -200.00  0.1930   20.000
          0.0005     -200.00  0.0464   20.000       -200.00  0.0464   20.000       -200.00  0.1930   20.000       -200.00  0.1930   20.000
          0.0005     -200.00  0.0464   20.000       -200.00  0.0464   20.000       -200.00  0.1930   20.000       -200.00  0.1930   20.000
          0.0005     -200.00  0.0464   20.000       -200.00  0.0464   20.000       -200.00  0.1930   20.000       -200.00  0.1930   20.000
          0.0005     -200.00  0.0464   20.000       -200.00  0.0464   20.000       -200.00  0.1930   20.000       -200.00  0.1930   20.000
          0.0005     -200.00  0.0464   20.000       -200.00  0.0464   20.000       -200.00  0.1930   20.000       -200.00  0.1930   20.000
          0.0006     -200.00  0.0464   20.000       -200.00  0.0464   20.000       -200.00  0.1930   20.000       -200.00  0.1930   20.000
          0.0006     -200.00  0.0464   20.000       -200.00  0.0464   20.000       -200.00  0.1930   20.000       -200.00  0.1930   20.000
          0.0006     -200.00  0.0464   20.000       -200.00  0.0464   20.000       -200.00  0.1930   20.000       -200.00  0.1930   20.000
          0.0006     -200.00  0.0464   20.000       -200.00  0.0464   20.000       -200.00  0.1930   20.000       -200.00  0.1930   20.000
          0.0006     -200.00  0.0464   20.000       -200.00  0.0464   20.000       -200.00  0.1930   20.000       -200.00  0.1930   20.000
          0.0006     -200.00  0.0464   20.000       -200.00  0.0464   20.000       -200.00  0.1930   20.000       -200.00  0.1930   20.000
          0.0007     -200.00  0.0464   20.000       -200.00  0.0464   20.000       -200.00  0.1930   20.000       -200.00  0.1930   20.000
          0.0007     -200.00  0.0464   20.000       -200.00  0.0464   20.000       -200.00  0.1930   20.000       -200.00  0.1930   20.000
          0.0007     -200.00  0.0464   20.000       -200.00  0.0464   20.000       -200.00  0.1930   20.000       -200.00  0.1930   20.000
          0.0007     -200.00  0.0464   20.000       -200.00  0.0464   20.000       -200.00  0.1930   20.000       -200.00  0.1930   20.000
          0.0008     -200.00  0.0464   20.000       -200.00  0.0464   20.000       -200.00  0.1930   20.000       -200.00  0.1930   20.000
          0.0008     -200.00  0.0464   20.000       -200.00  0.0464   20.000       -200.00  0.1930   20.000       -200.00  0.1930   20.000
          0.0008     -200.00  0.0464   20.000       -200.00  0.0464   20.000       -200.00  0.1930   20.000       -200.00  0.1930   20.000
          0.0008     -200.00  0.0464   20.000       -200.00  0.0464   20.000       -200.00  0.1930   20.000       -200.00  0.1930   20.000
          0.0009     -200.00  0.0464   20.000       -200.00  0.0464   20.000       -200.00  0.1930   20.000       -200.00  0.1930   20.000
          0.0009     -200.00  0.0464   20.000       -200.00  0.0464   20.000       -200.00  0.1930   20.000       -200.00  0.1930   20.000
          0.0009     -200.00  0.0464   20.000       -200.00  0.0464   20.000       -200.00  0.1930   20.000       -200.00  0.1930   20.000
          0.0009     -200.00  0.0464   20.000       -200.00  0.0464   20.000       -200.00  0.1930   20.000       -200.00  0.1930   20.000
          0.0010     -200.00  0.0464   20.000       -200.00  0.0464   20.000       -200.00  0.1930   20.000       -200.00  0.1930   20.000
          0.0010     -200.00  0.0464   20.000       -200.00  0.0464   20.000       -200.00  0.1930   20.000       -200.00  0.1930   20.000
          0.0010     -200.00  0.0464   20.000       -200.00  0.0464   20.000       -200.00  0.1930   20.000       -200.00  0.1930   20.000
          0.0010     -200.00  0.0464   20.000       -200.00  0.0464   20.000       -200.00  0.1930   20.000       -200.00  0.1930   20.000
          0.0011     -200.00  0.0464   20.000       -200.00  0.0464   20.000       -200.00  0.1930   20.000       -200.00  0.1930   20.000
          0.0011     -200.00  0.0464   20.000       -200.00  0.0464   20.000       -200.00  0.1930   20.000       -200.00  0.1930   20.000
          0.0011     -200.00  0.0464   20.000       -200.00  0.0464   20.000       -200.00  0.1930   20.000       -200.00  0.1930   20.000
          0.0011     -200.00  0.0464   20.000       -200.00  0.0464   20.000       -200.00  0.1930   20.000       -200.00  0.1930   20.000
          0.0011     -200.00  0.0464   20.000       -200.00  0.0464   20.000       -200.00  0.1930   20.000       -200.00  0.1930   20.000
          0.0012     -200.00  0.0464   20.000       -200.00  0.0464   20.000       -200.00  0.1930   20.000       -200.00  0.1930   20.000
          0.0012     -200.00  0.0464   20.000       -200.00  0.0464   20.000       -200.00  0.1930   20.000       -200.00  0.1930   20.000
          0.0012     -200.00  0.0464   20.000       -200.00  0.0464   20.000       -200.00  0.1930   20.000       -200.00  0.1930   20.000
          0.0012     -200.00  0.0464   20.000       -200.00  0.0464   20.000       -200.00  0.1930   20.000       -200.00  0.1930   20.000
          0.0013     -200.00  0.0464   20.000       -200.00  0.0464   20.000       -200.00  0.1930   20.000       -200.00  0.1930   20.000
          0.0013     -200.00  0.0464   20.000       -200.00  0.0464   20.000       -200.00  0.1930   20.000       -200.00  0.1930   20.000
          0.0013     -200.00  0.0464   20.000       -200.00  0.0464   20.000       -200.00  0.1930   20.000       -200.00  0.1930   20.000
          0.0014     -200.00  0.0464   20.000       -200.00  0.0464   20.000       -200.00  0.1930   20.000       -200.00  0.1930   20.000
          0.0014     -200.00  0.0464   20.000       -200.00  0.0464   20.000       -200.00  0.1930   20.000       -200.00  0.1930   20.000
          0.0014     -200.00  0.0464   20.000       -200.00  0.0464   20.000       -200.00  0.1930   20.000       -200.00  0.1930   20.000
          0.0015     -200.00  0.0464   20.000       -200.00  0.0464   20.000       -200.00  0.1930   20.000       -200.00  0.1930   20.000
          0.0015     -200.00  0.0464   20.000       -200.00  0.0464   20.000       -200.00  0.1930   20.000       -200.00  0.1930   20.000
          0.0015     -200.00  0.0464   20.000       -200.00  0.0464   20.000       -200.00  0.1930   20.000       -200.00  0.1930   20.000
          0.0016     -200.00  0.0464   20.000       -200.00  0.0464   20.000       -200.00  0.1930   20.000       -200.00  0.1930   20.000
          0.0016     -200.00  0.0464   20.000       -200.00  0.0464   20.000       -200.00  0.1930   20.000       -200.00  0.1930   20.000
          0.0016     -200.00  0.0464   20.000       -200.00  0.0464   20.000       -200.00  0.1930   20.000       -200.00  0.1930   20.000
          0.0017     -200.00  0.0464   20.000       -200.00  0.0464   20.000       -200.00  0.1930   20.000       -200.00  0.1930   20.000
          0.0017     -200.00  0.0464   20.000       -200.00  0.0464   20.000       -200.00  0.1930   20.000       -200.00  0.1930   20.000
          0.0017     -200.00  0.0464   20.000       -200.00  0.0464   20.000       -200.00  0.1930   20.000       -200.00  0.1930   20.000
          0.0017     -200.00  0.0464   20.000       -200.00  0.0464   20.000       -200.00  0.1930   20.000       -200.00  0.1930   20.000
          0.0018     -200.00  0.0464   20.000       -200.00  0.0464   20.000       -200.00  0.1930   20.000       -200.00  0.1930   20.000
          0.0018     -200.00  0.0464   20.000       -200.00  0.0464   20.000       -200.00  0.1930   20.000       -200.00  0.1930   20.000
          0.0018     -199.98  0.0464   20.000       -200.00  0.0464   20.000       -200.00  0.1930   20.000       -200.00  0.1930   20.000
          0.0019     -199.94  0.0464   20.000       -200.00  0.0464   20.000       -200.00  0.1930   20.000       -200.00  0.1930   20.000
          0.0019     -199.79  0.0464   20.000       -200.00  0.0464   20.000       -200.00  0.1930   20.000       -200.00  0.1930   20.000
          0.0019     -199.39  0.0464   20.000       -200.00  0.0464   20.000       -200.00  0.1930   20.000       -200.00  0.1930   20.000
          0.0020     -198.20  0.0464   20.000       -200.00  0.0464   20.000       -200.00  0.1930   20.000       -200.00  0.1930   20.000
          0.0020     -195.25  0.0464   20.000       -200.00  0.0464   20.000       -200.00  0.1930   20.000       -200.00  0.1930   20.000
          0.0020     -190.04  0.0465   20.000       -200.00  0.0464   20.000       -200.00  0.1930   20.000       -200.00  0.1930   20.000
          0.0021     -182.44  0.0466   20.000       -200.00  0.0464   20.000       -200.00  0.1930   20.000       -200.00  0.1930   20.000
          0.0021     -168.59  0.0468   20.000       -200.00  0.0464   20.000       -200.00  0.1930   20.000       -200.00  0.1930   20.000
          0.0021     -147.31  0.0473   20.000       -200.00  0.0464   20.000       -200.00  0.1930   20.000       -200.00  0.1930   20.000
          0.0022     -126.76  0.0479   20.000       -200.00  0.0464   20.000       -200.00  0.1930   20.000       -200.00  0.1930   20.000
          0.0022     -108.11  0.0489   20.000       -200.00  0.0464   20.000       -200.00  0.1930   20.000       -200.00  0.1930   20.000
          0.0022      -89.74  0.0503   20.000       -200.00  0.0464   20.000       -200.00  0.1930   20.000       -200.00  0.1930   20.000
          0.0023      -75.07  0.0520   20.000       -200.00  0.0464   20.000       -200.00  0.1930   20.000       -200.00  0.1930   20.000
          0.0023      -63.65  0.0544   20.000       -200.00  0.0464   20.000       -200.00  0.1930   20.000       -200.00  0.1930   20.000
          0.0023      -54.09  0.0574   20.000       -200.00  0.0464   20.000       -200.00  0.1930   20.000       -200.00  0.1930   20.000
          0.0024      -46.30  0.0609   20.000       -200.00  0.0464   20.000       -200.00  0.1930   20.000       -200.00  0.1930   20.000
          0.0024      -40.26  0.0652   20.000       -200.00  0.0464   20.000       -200.00  0.1930   20.000       -200.00  0.1930   20.000
          0.0024      -35.06  0.0705   20.000       -200.00  0.0464   20.000       -200.00  0.1930   20.000       -200.00  0.1930   20.000
          0.0025      -30.63  0.0764   20.000       -200.00  0.0464   20.000       -200.00  0.1930   20.000       -200.00  0.1930   20.000
          0.0025      -27.63  0.0828   20.000       -200.00  0.0464   20.000       -200.00  0.1930   20.000       -200.00  0.1930   20.000
          0.0025      -24.48  0.0905   20.000       -200.00  0.0464   20.000       -200.00  0.1930   20.000       -200.00  0.1930   20.000
          0.0026      -22.14  0.0990   20.000       -200.00  0.0464   20.000       -200.00  0.1930   20.000       -200.00  0.1930   20.000
          0.0026      -20.05  0.1082   20.000       -200.00  0.0464   20.000       -200.00  0.1930   20.000       -200.00  0.1930   20.000
          0.0026      -18.25  0.1176   20.000       -200.00  0.0464   20.000       -200.00  0.1930   20.000       -200.00  0.1930   20.000
          0.0026      -16.87  0.1281   20.000       -200.00  0.0464   20.000       -200.00  0.1930   20.000       -200.00  0.1930   20.000
          0.0027      -15.38  0.1394   20.000       -200.00  0.0464   20.000       -200.00  0.1930   20.000       -200.00  0.1930   20.000
          0.0027      -14.25  0.1509   20.000       -200.00  0.0464   20.000       -200.00  0.1930   20.000       -200.00  0.1930   20.000
          0.0027      -13.32  0.1627   20.000       -200.00  0.0464   20.000       -200.00  0.1930   20.000       -200.00  0.1930   20.000
          0.0028      -12.38  0.1745   20.000       -200.00  0.0464   20.000       -200.00  0.1930   20.000       -200.00  0.1930   20.000
          0.0028      -11.52  0.1869   20.000       -200.00  0.0464   20.000       -200.00  0.1930   20.000       -200.00  0.1930   20.000
          0.0028      -10.87  0.1994   20.000       -200.00  0.0464   20.000       -200.00  0.1930   20.000       -200.00  0.1930   20.000
          0.0029      -10.21  0.2121   20.000       -200.00  0.0464   20.000       -200.00  0.1930   20.000       -200.00  0.1930   20.000
          0.0029       -9.56  0.2245   20.000       -200.00  0.0464   20.000       -200.00  0.1930   20.000       -200.00  0.1930   20.000
          0.0029       -9.04  0.2365   20.000       -200.00  0.0464   20.000       -200.00  0.1930   20.000       -200.00  0.1930   20.000
          0.0030       -8.60  0.2481   20.000       -200.00  0.0464   20.000       -200.00  0.1930   20.000       -200.00  0.1930   20.000
          0.0030       -8.15  0.2597   20.000       -200.00  0.0464   20.000       -200.00  0.1930   20.000       -200.00  0.1930   20.000
          0.0030       -7.72  0.2711   20.000       -200.00  0.0464   20.000       -200.00  0.1930   20.000       -200.00  0.1930   20.000
          0.0031       -7.22  0.2850   20.000       -200.00  0.0464   20.000       -200.00  0.1930   20.000       -200.00  0.1930   20.000
          0.0031       -6.79  0.2979   20.000       -200.00  0.0464   20.000       -200.00  0.1930   20.000       -200.00  0.1930   20.000
          0.0032       -6.41  0.3098   20.000       -200.00  0.0464   20.000       -200.00  0.1930   20.000       -200.00  0.1930   20.000
          0.0032       -6.05  0.3208   20.000       -200.00  0.0464   20.000       -200.00  0.1930   20.000       -200.00  0.1930   20.000
          0.0032       -5.72  0.3312   20.000       -200.00  0.0464   20.000       -200.00  0.1930   20.000       -200.00  0.1930   20.000
          0.0033       -5.43  0.3401   20.000       -200.00  0.0464   20.000       -200.00  0.1930   20.000       -200.00  0.1930   20.000
          0.0033       -5.16  0.3483   20.000       -200.00  0.0464   20.000       -200.00  0.1930   20.000       -200.00  0.1930   20.000
          0.0034       -4.92  0.3559   20.000       -200.00  0.0464   20.000       -200.00  0.1930   20.000       -200.00  0.1930   20.000
          0.0034       -4.71  0.3625   20.000       -200.00  0.0464   20.000       -200.00  0.1930   20.000       -200.00  0.1930   20.000
          0.0035       -4.51  0.3682   20.000       -200.00  0.0464   20.000       -200.00  0.1930   20.000       -200.00  0.1930   20.000
          0.0035       -4.32  0.3734   20.000       -200.00  0.0464   20.000       -200.00  0.1930   20.000       -200.00  0.1930   20.000
          0.0035       -4.16  0.3779   20.000       -200.00  0.0464   20.000       -200.00  0.1930   20.000       -200.00  0.1930   20.000
          0.0036       -4.01  0.3819   20.000       -200.00  0.0464   20.000       -200.00  0.1930   20.000       -200.00  0.1930   20.000
          0.0036       -3.88  0.3856   20.000       -200.00  0.0464   20.000       -200.00  0.1930   20.000       -200.00  0.1930   20.000
          0.0037       -3.75  0.3892   20.000       -200.00  0.0464   20.000       -200.00  0.1930   20.000       -200.00  0.1930   20.000
          0.0037       -3.62  0.3923   20.000       -200.00  0.0464   20.000       -200.00  0.1930   20.000       -200.00  0.1930   20.000
          0.0037       -3.51  0.3948   20.000       -200.00  0.0464   20.000       -200.00  0.1930   20.000       -200.00  0.1930   20.000
          0.0038       -3.40  0.3971   20.000       -200.00  0.0464   20.000       -200.00  0.1930   20.000       -200.00  0.1930   20.000
          0.0038       -3.31  0.3992   20.000       -200.00  0.0464   20.000       -200.00  0.1930   20.000       -200.00  0.1930   20.000
          0.0039       -3.22  0.4012   20.000       -200.00  0.0464   20.000       -200.00  0.1930   20.000       -200.00  0.1930   20.000
          0.0039       -3.13  0.4030   20.000       -200.00  0.0464   20.000       -200.00  0.1930   20.000       -200.00  0.1930   20.000
          0.0040       -3.05  0.4048   20.000       -200.00  0.0464   20.000       -200.00  0.1930   20.000       -200.00  0.1930   20.000
          0.0040       -2.97  0.4065   20.000       -200.00  0.0464   20.000       -200.00  0.1930   20.000       -200.00  0.1930   20.000
          0.0040       -2.90  0.4080   20.000       -200.00  0.0464   20.000       -200.00  0.1930   20.000       -200.00  0.1930   20.000
          0.0041       -2.82  0.4093   20.000       -200.00  0.0464   20.000       -200.00  0.1930   20.000       -200.00  0.1930   20.000
          0.0041       -2.75  0.4104   20.000       -200.00  0.0464   20.000       -200.00  0.1930   20.000       -200.00  0.1930   20.000
          0.0042       -2.69  0.4115   20.000       -200.00  0.0464   20.000       -200.00  0.1930   20.000       -200.00  0.1930   20.000
          0.0042       -2.63  0.4125   20.000       -200.00  0.0464   20.000       -200.00  0.1930   20.000       -200.00  0.1930   20.000
          0.0042       -2.57  0.4134   20.000       -200.00  0.0464   20.000       -200.00  0.1930   20.000       -200.00  0.1930   20.000
          0.0043       -2.52  0.4143   20.000       -200.00  0.0464   20.000       -200.00  0.1930   20.000       -200.00  0.1930   20.000
          0.0043       -2.47  0.4151   20.000       -200.00  0.0464   20.000       -200.00  0.1930   20.000       -200.00  0.1930   20.000
          0.0044       -2.42  0.4159   20.000       -200.00  0.0464   20.000       -200.00  0.1930   20.000       -200.00  0.1930   20.000
          0.0044       -2.37  0.4167   20.000       -200.00  0.0464   20.000       -200.00  0.1930   20.000       -200.00  0.1930   20.000
          0.0045       -2.33  0.4174   20.000       -200.00  0.0464   20.000       -200.00  0.1930   20.000       -200.00  0.1930   20.000
          0.0045       -2.28  0.4180   20.000       -200.00  0.0464   20.000       -200.00  0.1930   20.000       -200.00  0.1930   20.000
          0.0045       -2.23  0.4186   20.000       -200.00  0.0464   20.000       -200.00  0.1930   20.000       -200.00  0.1930   20.000
          0.0046       -2.19  0.4191   20.000       -200.00  0.0464   20.000       -200.00  0.1930   20.000       -200.00  0.1930   20.000
          0.0046       -2.14  0.4196   20.000       -200.00  0.0464   20.000       -200.00  0.1930   20.000       -200.00  0.1930   20.000
          0.0047       -2.10  0.4201   20.000       -200.00  0.0464   20.000       -200.00  0.1930   20.000       -200.00  0.1930   20.000
          0.0047       -2.06  0.4205   20.000       -200.00  0.0464   20.000       -200.00  0.1930   20.000       -200.00  0.1930   20.000
          0.0047       -2.03  0.4210   20.000       -200.00  0.0464   20.000       -200.00  0.1930   20.000       -200.00  0.1930   20.000
          0.0048       -1.99  0.4214   20.000       -200.00  0.0464   20.000       -200.00  0.1930   20.000       -200.00  0.1930   20.000
          0.0048       -1.97  0.4216   20.000       -200.00  0.0464   20.000       -200.00  0.1930   20.000       -200.00  0.1930   20.000
          0.0048       -1.95  0.4219   20.000       -200.00  0.0464   20.000       -200.00  0.1930   20.000       -200.00  0.1930   20.000
          0.0049       -1.92  0.4222   20.000       -200.00  0.0464   20.000       -200.00  0.1930   20.000       -200.00  0.1930   20.000
          0.0049       -1.89  0.4226   20.000       -200.00  0.0464   20.000       -200.00  0.1930   20.000       -200.00  0.1930   20.000
          0.0050       -1.86  0.4229   20.000       -200.00  0.0464   20.000       -200.00  0.1930   20.000       -200.00  0.1930   20.000
          0.0050       -1.84  0.4232   20.000       -200.00  0.0464   20.000       -200.00  0.1930   20.000       -200.00  0.1930   20.000
          0.0050       -1.81  0.4234   20.000       -200.00  0.0464   20.000       -200.00  0.1930   20.000       -200.00  0.1930   20.000
          0.0051       -1.78  0.4237   20.000       -200.00  0.0464   20.000       -200.00  0.1930   20.000       -200.00  0.1930   20.000
          0.0051       -1.75  0.4239   20.000       -200.00  0.0464   20.000       -200.00  0.1930   20.000       -200.00  0.1930   20.000
          0.0052       -1.73  0.4241   20.000       -200.00  0.0464   20.000       -200.00  0.1930   20.000       -200.00  0.1930   20.000
          0.0052       -1.70  0.4243   20.000       -200.00  0.0464   20.000       -200.00  0.1930   20.000       -200.00  0.1930   20.000
          0.0052       -1.68  0.4245   20.000       -200.00  0.0464   20.000       -200.00  0.1930   20.000       -200.00  0.1930   20.000
          0.0053       -1.65  0.4247   20.000       -200.00  0.0464   20.000       -200.00  0.1930   20.000       -200.00  0.1930   20.000
          0.0053       -1.63  0.4249   20.000       -200.00  0.0464   20.000       -200.00  0.1930   20.000       -200.00  0.1930   20.000
          0.0053       -1.61  0.4250   20.000       -200.00  0.0464   20.000       -200.00  0.1930   20.000       -200.00  0.1930   20.000
          0.0054       -1.58  0.4253   20.000       -200.00  0.0464   20.000       -200.00  0.1930   20.000       -200.00  0.1930   20.000
          0.0054       -1.56  0.4255   20.000       -200.00  0.0464   20.000       -200.00  0.1930   20.000       -200.00  0.1930   20.000
          0.0055       -1.53  0.4257   20.000       -200.00  0.0464   20.000       -200.00  0.1930   20.000       -200.00  0.1930   20.000
          0.0055       -1.51  0.4259   20.000       -200.00  0.0464   20.000       -200.00  0.1930   20.000       -200.00  0.1930   20.000
          0.0056       -1.49  0.4261   20.000       -200.00  0.0464   20.000       -200.00  0.1930   20.000       -200.00  0.1930   20.000
          0.0056       -1.46  0.4263   20.000       -200.00  0.0464   20.000       -200.00  0.1930   20.000       -200.00  0.1930   20.000
          0.0057       -1.43  0.4264   20.000       -200.00  0.0464   20.000       -200.00  0.1930   20.000       -200.00  0.1930   20.000
          0.0057       -1.41  0.4266   20.000       -200.00  0.0464   20.000       -200.00  0.1930   20.000       -200.00  0.1930   20.000
          0.0058       -1.39  0.4267   20.000       -200.00  0.0464   20.000       -200.00  0.1930   20.000       -200.00  0.1930   20.000
          0.0058       -1.37  0.4268   20.000       -200.00  0.0464   20.000       -200.00  0.1930   20.000       -200.00  0.1930   20.000
          0.0059       -1.35  0.4269   20.000       -200.00  0.0464   20.000       -200.00  0.1930   20.000       -200.00  0.1930   20.000
          0.0059       -1.33  0.4270   20.000       -200.00  0.0464   20.000       -200.00  0.1930   20.000       -200.00  0.1930   20.000
          0.0060       -1.31  0.4271   20.000       -200.00  0.0464   20.000       -200.00  0.1930   20.000       -200.00  0.1930   20.000
          0.0060       -1.29  0.4272   20.000       -200.00  0.0464   20.000       -200.00  0.1930   20.000       -200.00  0.1930   20.000
          0.0061       -1.27  0.4273   20.000       -200.00  0.0464   20.000       -200.00  0.1930   20.000       -200.00  0.1930   20.000
          0.0061       -1.25  0.4275   20.000       -200.00  0.0464   20.000       -200.00  0.1930   20.000       -200.00  0.1930   20.000
          0.0062       -1.23  0.4276   20.000       -200.00  0.0464   20.000       -200.00  0.1930   20.000       -200.00  0.1930   20.000
          0.0062       -1.22  0.4277   20.000       -200.00  0.0464   20.000       -200.00  0.1930   20.000       -200.00  0.1930   20.000
          0.0063       -1.20  0.4278   20.000       -200.00  0.0464   20.000       -200.00  0.1930   20.000       -200.00  0.1930   20.000
          0.0063       -1.18  0.4279   20.000       -200.00  0.0464   20.000       -200.00  0.1930   20.000       -200.00  0.1930   20.000
          0.0064       -1.16  0.4280   20.000       -200.00  0.0464   20.000       -200.00  0.1930   20.000       -200.00  0.1930   20.000
          0.0064       -1.15  0.4280   20.000       -200.00  0.0464   20.000       -200.00  0.1930   20.000       -200.00  0.1930   20.000
          0.0065       -1.13  0.4281   20.000       -200.00  0.0464   20.000       -200.00  0.1930   20.000       -200.00  0.1930   20.000
          0.0065       -1.12  0.4282   20.000       -200.00  0.0464   20.000       -200.00  0.1930   20.000       -200.00  0.1930   20.000
          0.0066       -1.10  0.4282   20.000       -200.00  0.0464   20.000       -200.00  0.1930   20.000       -200.00  0.1930   20.000
          0.0066       -1.09  0.4283   20.000       -200.00  0.0464   20.000       -200.00  0.1930   20.000       -200.00  0.1930   20.000
          0.0067       -1.07  0.4283   20.000       -200.00  0.0464   20.000       -200.00  0.1930   20.000       -200.00  0.1930   20.000
          0.0067       -1.06  0.4284   20.000       -200.00  0.0464   20.000       -200.00  0.1930   20.000       -200.00  0.1930   20.000
          0.0068       -1.05  0.4284   20.000       -200.00  0.0464   20.000       -200.00  0.1930   20.000       -200.00  0.1930   20.000
          0.0068       -1.03  0.4285   20.000       -200.00  0.0464   20.000       -200.00  0.1930   20.000       -200.00  0.1930   20.000
          0.0069       -1.02  0.4285   20.000       -200.00  0.0464   20.000       -200.00  0.1930   20.000       -200.00  0.1930   20.000
          0.0069       -1.01  0.4286   20.000       -200.00  0.0464   20.000       -200.00  0.1930   20.000       -200.00  0.1930   20.000
          0.0070       -0.99  0.4286   20.000       -200.00  0.0464   20.000       -200.00  0.1930   20.000       -200.00  0.1930   20.000
          0.0070       -0.98  0.4287   20.000       -200.00  0.0464   20.000       -200.00  0.1930   20.000       -200.00  0.1930   20.000
          0.0071       -0.97  0.4287   20.000       -200.00  0.0464   20.000       -200.00  0.1930   20.000       -200.00  0.1930   20.000
          0.0071       -0.96  0.4288   20.000       -200.00  0.0464   20.000       -200.00  0.1930   20.000       -200.00  0.1930   20.000
          0.0072       -0.95  0.4288   20.000       -200.00  0.0464   20.000       -200.00  0.1930   20.000       -200.00  0.1930   20.000
          0.0072       -0.93  0.4288   20.000       -200.00  0.0464   20.000       -200.00  0.1930   20.000       -200.00  0.1930   20.000
          0.0073       -0.92  0.4289   20.000       -200.00  0.0464   20.000       -200.00  0.1930   20.000       -200.00  0.1930   20.000
          0.0073       -0.91  0.4289   20.000       -200.00  0.0464   20.000       -200.00  0.1930   20.000       -200.00  0.1930   20.000
          0.0074       -0.90  0.4290   20.000       -200.00  0.0464   20.000       -200.00  0.1930   20.000       -200.00  0.1930   20.000
          0.0074       -0.89  0.4290   20.000       -200.00  0.0464   20.000       -200.00  0.1930   20.000       -200.00  0.1930   20.000
          0.0075       -0.88  0.4290   20.000       -200.00  0.0464   20.000       -200.00  0.1930   20.000       -200.00  0.1930   20.000
          0.0075       -0.87  0.4290   20.000       -200.00  0.0464   20.000       -200.00  0.1930   20.000       -200.00  0.1930   20.000
          0.0076       -0.86  0.4291   20.000       -200.00  0.0464   20.000       -200.00  0.1930   20.000       -200.00  0.1930   20.000
          0.0076       -0.85  0.4291   20.000       -200.00  0.0464   20.000       -200.00  0.1930   20.000       -200.00  0.1930   20.000
          0.0077       -0.84  0.4291   20.000       -200.00  0.0464   20.000       -200.00  0.1930   20.000       -200.00  0.1930   20.000
          0.0077       -0.83  0.4291   20.000       -200.00  0.0464   20.000       -200.00  0.1930   20.000       -200.00  0.1930   20.000
          0.0078       -0.82  0.4292   20.000       -200.00  0.0464   20.000       -200.00  0.1930   20.000       -200.00  0.1930   20.000
          0.0078       -0.81  0.4292   20.000       -200.00  0.0464   20.000       -200.00  0.1930   20.000       -200.00  0.1930   20.000
          0.0079       -0.80  0.4292   20.000       -200.00  0.0464   20.000       -200.00  0.1930   20.000       -200.00  0.1930   20.000
          0.0079       -0.79  0.4292   20.000       -200.00  0.0464   20.000       -200.00  0.1930   20.000       -200.00  0.1930   20.000
          0.0080       -0.79  0.4293   20.000       -200.00  0.0464   20.000       -200.00  0.1930   20.000       -200.00  0.1930   20.000
          0.0080       -0.78  0.4293   20.000       -200.00  0.0464   20.000       -200.00  0.1930   20.000       -200.00  0.1930   20.000
          0.0081       -0.77  0.4293   20.000       -200.00  0.0464   20.000       -200.00  0.1930   20.000       -200.00  0.1930   20.000
          0.0081       -0.76  0.4293   20.000       -200.00  0.0464   20.000       -200.00  0.1930   20.000       -200.00  0.1930   20.000
          0.0082       -0.75  0.4294   20.000       -200.00  0.0464   20.000       -200.00  0.1930   20.000       -200.00  0.1930   20.000
          0.0082       -0.75  0.4294   20.000       -200.00  0.0464   20.000       -200.00  0.1930   20.000       -200.00  0.1930   20.000
          0.0083       -0.74  0.4294   20.000       -200.00  0.0464   20.000       -200.00  0.1930   20.000       -200.00  0.1930   20.000
          0.0083       -0.73  0.4294   20.000       -200.00  0.0464   20.000       -200.00  0.1930   20.000       -200.00  0.1930   20.000
          0.0084       -0.72  0.4294   20.000       -200.00  0.0464   20.000       -200.00  0.1930   20.000       -200.00  0.1930   20.000
          0.0084       -0.71  0.4294   20.000       -200.00  0.0464   20.000       -200.00  0.1930   20.000       -200.00  0.1930   20.000
          0.0085       -0.71  0.4295   20.000       -200.00  0.0464   20.000       -200.00  0.1930   20.000       -200.00  0.1930   20.000
          0.0085       -0.70  0.4295   20.000       -200.00  0.0464   20.000       -200.00  0.1930   20.000       -200.00  0.1930   20.000
          0.0086       -0.69  0.4295   20.000       -200.00  0.0464   20.000       -200.00  0.1930   20.000       -200.00  0.1930   20.000
          0.0086       -0.69  0.4295   20.000       -200.00  0.0464   20.000       -200.00  0.1930   20.000       -200.00  0.1930   20.000
          0.0087       -0.68  0.4295   20.000       -200.00  0.0464   20.000       -200.00  0.1930   20.000       -200.00  0.1930   20.000
          0.0087       -0.67  0.4295   20.000       -200.00  0.0464   20.000       -200.00  0.1930   20.000       -200.00  0.1930   20.000
          0.0088       -0.67  0.4295   20.000       -200.00  0.0464   20.000       -200.00  0.1930   20.000       -200.00  0.1930   20.000
          0.0088       -0.66  0.4295   20.000       -200.00  0.0464   20.000       -200.00  0.1930   20.000       -200.00  0.1930   20.000
          0.0089       -0.65  0.4296   20.000       -199.98  0.0464   20.000       -200.00  0.1930   20.000       -200.00  0.1930   20.000
          0.0089       -0.65  0.4296   20.000       -199.93  0.0464   20.000       -200.00  0.1930   20.000       -200.00  0.1930   20.000
          0.0090       -0.64  0.4296   20.000       -199.75  0.0464   20.000       -200.00  0.1930   20.000       -200.00  0.1930   20.000
          0.0090       -0.63  0.4296   20.000       -199.11  0.0464   20.000       -200.00  0.1930   20.000       -200.00  0.1930   20.000
          0.0091       -0.63  0.4296   20.000       -197.01  0.0464   20.000       -200.00  0.1930   20.000       -200.00  0.1930   20.000
          0.0091       -0.62  0.4296   20.000       -191.26  0.0465   20.000       -200.00  0.1930   20.000       -200.00  0.1930   20.000
          0.0092       -0.62  0.4296   20.000       -184.11  0.0466   20.000       -200.00  0.1930   20.000       -200.00  0.1930   20.000
          0.0092       -0.61  0.4296   20.000       -167.28  0.0469   20.000       -200.00  0.1930   20.000       -200.00  0.1930   20.000
          0.0093       -0.60  0.4296   20.000       -143.29  0.0474   20.000       -200.00  0.1930   20.000       -200.00  0.1930   20.000
          0.0093       -0.60  0.4296   20.000       -117.58  0.0483   20.000       -200.00  0.1930   20.000       -200.00  0.1930   20.000
          0.0094       -0.59  0.4297   20.000        -94.92  0.0497   20.000       -200.00  0.1930   20.000       -200.00  0.1930   20.000
          0.0094       -0.59  0.4297   20.000        -77.35  0.0517   20.000       -200.00  0.1930   20.000       -200.00  0.1930   20.000
          0.0095       -0.58  0.4297   20.000        -64.36  0.0542   20.000       -200.00  0.1930   20.000       -200.00  0.1930   20.000
          0.0095       -0.58  0.4297   20.000        -52.57  0.0580   20.000       -200.00  0.1930   20.000       -200.00  0.1930   20.000
          0.0095       -0.57  0.4297   20.000        -43.92  0.0626   20.000       -200.00  0.1930   20.000       -200.00  0.1930   20.000
          0.0096       -0.57  0.4297   20.000        -36.87  0.0681   20.000       -200.00  0.1930   20.000       -200.00  0.1930   20.000
          0.0096       -0.56  0.4297   20.000        -31.56  0.0752   20.000       -200.00  0.1930   20.000       -200.00  0.1930   20.000
          0.0097       -0.56  0.4297   20.000        -27.50  0.0831   20.000       -200.00  0.1930   20.000       -200.00  0.1930   20.000
          0.0097       -0.55  0.4297   20.000        -23.81  0.0921   20.000       -200.00  0.1930   20.000       -200.00  0.1930   20.000
          0.0098       -0.55  0.4297   20.000        -21.28  0.1028   20.000       -200.00  0.1930   20.000       -200.00  0.1930   20.000
          0.0098       -0.54  0.4297   20.000        -18.69  0.1142   20.000       -200.00  0.1930   20.000       -200.00  0.1930   20.000
          0.0099       -0.54  0.4297   20.000        -17.11  0.1263   20.000       -200.00  0.1930   20.000       -200.00  0.1930   20.000
          0.0099       -0.53  0.4297   20.000        -15.37  0.1395   20.000       -200.00  0.1930   20.000       -200.00  0.1930   20.000
          0.0100       -0.53  0.4297   20.000        -14.03  0.1537   20.000       -200.00  0.1930   20.000       -200.00  0.1930   20.000
          0.0100       -0.52  0.4298   20.000        -12.87  0.1684   20.000       -200.00  0.1930   20.000       -200.00  0.1930   20.000
          0.0101       -0.52  0.4298   20.000        -11.72  0.1830   20.000       -200.00  0.1930   20.000       -200.00  0.1930   20.000
          0.0101       -0.51  0.4298   20.000        -10.96  0.1977   20.000       -200.00  0.1930   20.000       -200.00  0.1930   20.000
          0.0102       -0.51  0.4298   20.000        -10.17  0.2128   20.000       -200.00  0.1930   20.000       -200.00  0.1930   20.000
          0.0102       -0.50  0.4298   20.000         -9.39  0.2279   20.000       -200.00  0.1930   20.000       -200.00  0.1930   20.000
          0.0103       -0.50  0.4298   20.000         -8.82  0.2423   20.000       -200.00  0.1930   20.000       -200.00  0.1930   20.000
          0.0103       -0.50  0.4298   20.000         -8.29  0.2562   20.000       -200.00  0.1930   20.000       -200.00  0.1930   20.000
          0.0104       -0.49  0.4298   20.000         -7.78  0.2695   20.000       -200.00  0.1930   20.000       -200.00  0.1930   20.000
          0.0104       -0.49  0.4298   20.000         -7.30  0.2824   20.000       -200.00  0.1930   20.000       -200.00  0.1930   20.000
          0.0105       -0.48  0.4298   20.000         -6.90  0.2946   20.000       -200.00  0.1930   20.000       -200.00  0.1930   20.000
          0.0105       -0.48  0.4298   20.000         -6.54  0.3058   20.000       -200.00  0.1930   20.000       -200.00  0.1930   20.000
          0.0106       -0.47  0.4298   20.000         -6.20  0.3163   20.000       -200.00  0.1930   20.000       -200.00  0.1930   20.000
          0.0106       -0.47  0.4298   20.000         -5.88  0.3260   20.000       -200.00  0.1930   20.000       -200.00  0.1930   20.000
          0.0107       -0.47  0.4298   20.000         -5.61  0.3344   20.000       -200.00  0.1930   20.000       -200.00  0.1930   20.000
          0.0107       -0.46  0.4298   20.000         -5.36  0.3421   20.000       -200.00  0.1930   20.000       -200.00  0.1930   20.000
          0.0108       -0.46  0.4298   20.000         -5.14  0.3492   20.000       -200.00  0.1930   20.000       -200.00  0.1930   20.000
          0.0108       -0.46  0.4298   20.000         -4.93  0.3555   20.000       -200.00  0.1930   20.000       -200.00  0.1930   20.000
          0.0109       -0.45  0.4298   20.000         -4.74  0.3615   20.000       -200.00  0.1930   20.000       -200.00  0.1930   20.000
          0.0109       -0.45  0.4298   20.000         -4.55  0.3670   20.000       -200.00  0.1930   20.000       -200.00  0.1930   20.000
          0.0110       -0.45  0.4298   20.000         -4.39  0.3716   20.000       -200.00  0.1930   20.000       -200.00  0.1930   20.000
          0.0110       -0.44  0.4298   20.000         -4.25  0.3755   20.000       -200.00  0.1930   20.000       -200.00  0.1930   20.000
          0.0111       -0.44  0.4298   20.000         -4.11  0.3791   20.000       -200.00  0.1930   20.000       -200.00  0.1930   20.000
          0.0111       -0.43  0.4299   20.000         -3.99  0.3826   20.000       -200.00  0.1930   20.000       -200.00  0.1930   20.000
          0.0112       -0.43  0.4299   20.000         -3.87  0.3858   20.000       -200.00  0.1930   20.000       -200.00  0.1930   20.000
          0.0112       -0.43  0.4299   20.000         -3.77  0.3886   20.000       -200.00  0.1930   20.000       -200.00  0.1930   20.000
          0.0113       -0.42  0.4299   20.000         -3.66  0.3914   20.000       -200.00  0.1930   20.000       -200.00  0.1930   20.000
          0.0113       -0.42  0.4299   20.000         -3.56  0.3937   20.000       -200.00  0.1930   20.000       -200.00  0.1930   20.000
          0.0114       -0.42  0.4299   20.000         -3.46  0.3958   20.000       -200.00  0.1930   20.000       -200.00  0.1930   20.000
          0.0114       -0.41  0.4299   20.000         -3.37  0.3979   20.000       -200.00  0.1930   20.000       -200.00  0.1930   20.000
          0.0115       -0.41  0.4299   20.000         -3.28  0.3997   20.000       -200.00  0.1930   20.000       -200.00  0.1930   20.000
          0.0115       -0.41  0.4299   20.000         -3.21  0.4014   20.000       -200.00  0.1930   20.000       -200.00  0.1930   20.000
          0.0116       -0.40  0.4299   20.000         -3.14  0.4029   20.000       -200.00  0.1930   20.000       -200.00  0.1930   20.000
          0.0116       -0.40  0.4299   20.000         -3.07  0.4044   20.000       -200.00  0.1930   20.000       -200.00  0.1930   20.000
          0.0117       -0.40  0.4299   20.000         -3.00  0.4059   20.000       -200.00  0.1930   20.000       -200.00  0.1930   20.000
          0.0117       -0.40  0.4299   20.000         -2.94  0.4072   20.000       -200.00  0.1930   20.000       -200.00  0.1930   20.000
          0.0118       -0.39  0.4299   20.000         -2.88  0.4084   20.000       -200.00  0.1930   20.000       -200.00  0.1930   20.000
          0.0118       -0.39  0.4299   20.000         -2.81  0.4094   20.000       -200.00  0.1930   20.000       -200.00  0.1930   20.000
          0.0119       -0.39  0.4299   20.000         -2.75  0.4104   20.000       -200.00  0.1930   20.000       -200.00  0.1930   20.000
          0.0119       -0.38  0.4299   20.000         -2.70  0.4113   20.000       -200.00  0.1930   20.000       -200.00  0.1930   20.000
          0.0120       -0.38  0.4299   20.000         -2.64  0.4122   20.000       -200.00  0.1930   20.000       -200.00  0.1930   20.000
          0.0120       -0.38  0.4299   20.000         -2.59  0.4130   20.000       -200.00  0.1930   20.000       -200.00  0.1930   20.000
          0.0121       -0.38  0.4299   20.000         -2.55  0.4138   20.000       -200.00  0.1930   20.000       -200.00  0.1930   20.000
          0.0121       -0.37  0.4299   20.000         -2.50  0.4146   20.000       -200.00  0.1930   20.000       -200.00  0.1930   20.000
          0.0122       -0.37  0.4299   20.000         -2.46  0.4153   20.000       -200.00  0.1930   20.000       -200.00  0.1930   20.000
          0.0122       -0.37  0.4299   20.000         -2.41  0.4159   20.000       -200.00  0.1930   20.000       -200.00  0.1930   20.000
          0.0123       -0.36  0.4299   20.000         -2.37  0.4166   20.000       -200.00  0.1930   20.000       -200.00  0.1930   20.000
          0.0123       -0.36  0.4299   20.000         -2.33  0.4173   20.000       -200.00  0.1930   20.000       -200.00  0.1930   20.000
          0.0124       -0.36  0.4299   20.000         -2.29  0.4179   20.000       -200.00  0.1930   20.000       -200.00  0.1930   20.000
          0.0124       -0.36  0.4299   20.000         -2.26  0.4182   20.000       -200.00  0.1930   20.000       -200.00  0.1930   20.000
          0.0124       -0.36  0.4299   20.000         -2.23  0.4185   20.000       -200.00  0.1930   20.000       -200.00  0.1930   20.000
          0.0125       -0.35  0.4299   20.000         -2.20  0.4189   20.000       -200.00  0.1930   20.000       -200.00  0.1930   20.000
          0.0125       -0.35  0.4299   20.000         -2.17  0.4193   20.000       -200.00  0.1930   20.000       -200.00  0.1930   20.000
          0.0126       -0.35  0.4299   20.000         -2.14  0.4197   20.000       -200.00  0.1930   20.000       -200.00  0.1930   20.000
          0.0126       -0.35  0.4299   20.000         -2.11  0.4201   20.000       -200.00  0.1930   20.000       -200.00  0.1930   20.000
          0.0126       -0.34  0.4299   20.000         -2.09  0.4203   20.000       -200.00  0.1930   20.000       -200.00  0.1930   20.000
          0.0127       -0.34  0.4299   20.000         -2.07  0.4205   20.000       -200.00  0.1930   20.000       -200.00  0.1930   20.000
          0.0127       -0.34  0.4299   20.000         -2.05  0.4207   20.000       -200.00  0.1930   20.000       -200.00  0.1930   20.000
          0.0128       -0.34  0.4299   20.000         -2.02  0.4210   20.000       -200.00  0.1930   20.000       -200.00  0.1930   20.000
          0.0128       -0.34  0.4299   20.000         -2.00  0.4213   20.000       -200.00  0.1930   20.000       -200.00  0.1930   20.000
          0.0128       -0.34  0.4299   20.000         -1.98  0.4215   20.000       -200.00  0.1930   20.000       -200.00  0.1930   20.000
          0.0129       -0.33  0.4299   20.000         -1.96  0.4218   20.000       -200.00  0.1930   20.000       -200.00  0.1930   20.000
          0.0129       -0.33  0.4299   20.000         -1.94  0.4220   20.000       -200.00  0.1930   20.000       -200.00  0.1930   20.000
          0.0130       -0.33  0.4299   20.000         -1.91  0.4223   20.000       -200.00  0.1930   20.000       -200.00  0.1930   20.000
          0.0130       -0.33  0.4299   20.000         -1.89  0.4225   20.000       -200.00  0.1930   20.000       -200.00  0.1930   20.000
          0.0130       -0.33  0.4299   20.000         -1.87  0.4228   20.000       -200.00  0.1930   20.000       -200.00  0.1930   20.000
          0.0131       -0.33  0.4299   20.000         -1.86  0.4230   20.000       -200.00  0.1930   20.000       -200.00  0.1930   20.000
          0.0131       -0.32  0.4299   20.000         -1.84  0.4232   20.000       -200.00  0.1930   20.000       -200.00  0.1930   20.000
          0.0132       -0.32  0.4299   20.000         -1.82  0.4233   20.000       -200.00  0.1930   20.000       -200.00  0.1930   20.000
          0.0132       -0.32  0.4299   20.000         -1.80  0.4235   20.000       -200.00  0.1930   20.000       -200.00  0.1930   20.000
          0.0132       -0.32  0.4299   20.000         -1.79  0.4236   20.000       -200.00  0.1930   20.000       -200.00  0.1930   20.000
          0.0133       -0.32  0.4299   20.000         -1.77  0.4238   20.000       -200.00  0.1930   20.000       -200.00  0.1930   20.000
          0.0133       -0.32  0.4299   20.000         -1.75  0.4239   20.000       -200.00  0.1930   20.000       -200.00  0.1930   20.000
          0.0134       -0.31  0.4299   20.000         -1.74  0.4240   20.000       -200.00  0.1930   20.000       -200.00  0.1930   20.000
          0.0134       -0.31  0.4299   20.000         -1.72  0.4241   20.000       -200.00  0.1930   20.000       -200.00  0.1930   20.000
          0.0135       -0.31  0.4299   20.000         -1.71  0.4243   20.000       -200.00  0.1930   20.000       -200.00  0.1930   20.000
          0.0135       -0.31  0.4299   20.000         -1.68  0.4244   20.000       -200.00  0.1930   20.000       -200.00  0.1930   20.000
          0.0136       -0.31  0.4299   20.000         -1.66  0.4247   20.000       -200.00  0.1930   20.000       -200.00  0.1930   20.000
          0.0136       -0.31  0.4299   20.000         -1.62  0.4249   20.000       -200.00  0.1930   20.000       -200.00  0.1930   20.000
          0.0137       -0.30  0.4299   20.000         -1.58  0.4253   20.000       -200.00  0.1930   20.000       -200.00  0.1930   20.000
          0.0137       -0.30  0.4299   20.000         -1.53  0.4257   20.000       -200.00  0.1930   20.000       -200.00  0.1930   20.000
          0.0138       -0.30  0.4299   20.000         -1.45  0.4264   20.000       -200.00  0.1930   20.000       -200.00  0.1930   20.000
          0.0138       -0.29  0.4300   20.000         -1.30  0.4272   20.000       -200.00  0.1930   20.000       -200.00  0.1930   20.000
          0.0139       -0.27  0.4300   20.000         -0.83  0.4291   20.000       -200.00  0.1930   20.000       -200.00  0.1930   20.000
          0.0139        2.40  0.4300   20.000          6.73  0.4300   20.000       -200.00  0.1930   20.000       -200.00  0.1930   20.000
          0.0140        4.26  0.4300   20.000         10.64  0.4300   20.000       -200.00  0.1930   20.000       -200.00  0.1930   20.000
          0.0140        4.50  0.4300   20.000         11.26  0.4300   20.000       -200.00  0.1930   20.000       -200.00  0.1930   20.000
          0.0141        4.68  0.4300   20.000         11.70  0.4300   20.000       -200.00  0.1930   20.000       -200.00  0.1930   20.000
          0.0141        4.81  0.4300   20.000         12.02  0.4300   20.000       -200.00  0.1930   20.000       -200.00  0.1930   20.000
          0.0142        4.90  0.4300   20.000         12.24  0.4300   20.000       -199.99  0.1930   20.000       -200.00  0.1930   20.000
          0.0142        4.95  0.4300   20.000         12.39  0.4300   20.000       -199.99  0.1930   20.000       -200.00  0.1930   20.000
          0.0143        4.98  0.4300   20.000         12.46  0.4300   20.000       -199.98  0.1930   20.000       -200.00  0.1930   20.000
          0.0144        4.98  0.4300   20.000         12.44  0.4300   20.000       -199.97  0.1930   20.000       -200.00  0.1930   20.000
          0.0144        4.92  0.4300   20.000         12.30  0.4300   20.000       -199.95  0.1930   20.000       -200.00  0.1930   20.000
          0.0144        4.89  0.4300   20.000         12.23  0.4300   20.000       -199.94  0.1930   20.000       -200.00  0.1930   20.000
          0.0144        4.84  0.4300   20.000         12.11  0.4300   20.000       -199.94  0.1930   20.000       -200.00  0.1930   20.000
          0.0144        4.82  0.4300   20.000         12.05  0.4300   20.000       -199.93  0.1930   20.000       -200.00  0.1930   20.000
          0.0144        4.79  0.4300   20.000         11.96  0.4300   20.000       -199.93  0.1930   20.000       -200.00  0.1930   20.000
          0.0144        4.78  0.4300   20.000         11.94  0.4300   20.000       -199.93  0.1930   20.000       -200.00  0.1930   20.000
          0.0145        4.78  0.4300   20.000         11.95  0.4300   20.000       -199.93  0.1930   20.000       -200.00  0.1930   20.000
          0.0145        4.78  0.4300   20.000         11.95  0.4300   20.000       -199.93  0.1930   20.000       -200.00  0.1930   20.000
          0.0145        4.76  0.4300   20.000         11.91  0.4300   20.000       -199.93  0.1930   20.000       -200.00  0.1930   20.000
          0.0145        4.77  0.4300   20.000         11.92  0.4300   20.000       -199.93  0.1930   20.000       -200.00  0.1930   20.000
          0.0145        4.76  0.4300   20.000         11.91  0.4300   20.000       -199.93  0.1930   20.000       -200.00  0.1930   20.000
          0.0145        4.75  0.4300   20.000         11.88  0.4300   20.000       -199.93  0.1930   20.000       -200.00  0.1930   20.000
          0.0145        4.75  0.4300   20.000         11.88  0.4300   20.000       -199.93  0.1930   20.000       -200.00  0.1930   20.000
          0.0145        4.74  0.4300   20.000         11.86  0.4300   20.000       -199.93  0.1930   20.000       -200.00  0.1930   20.000
          0.0145        4.76  0.4300   20.000         11.90  0.4300   20.000       -199.93  0.1930   20.000       -200.00  0.1930   20.000
          0.0145        4.72  0.4300   20.000         11.80  0.4300   20.000       -199.92  0.1930   20.000       -200.00  0.1930   20.000
          0.0145        4.75  0.4300   20.000         11.87  0.4300   20.000       -199.92  0.1930   20.000       -200.00  0.1930   20.000
          0.0145        4.73  0.4300   20.000         11.81  0.4300   20.000       -199.92  0.1930   20.000       -200.00  0.1930   20.000
          0.0145        4.74  0.4300   20.000         11.85  0.4300   20.000       -199.92  0.1930   20.000       -200.00  0.1930   20.000
          0.0145        4.73  0.4300   20.000         11.82  0.4300   20.000       -199.92  0.1930   20.000       -200.00  0.1930   20.000
          0.0145        4.74  0.4300   20.000         11.84  0.4300   20.000       -199.92  0.1930   20.000       -200.00  0.1930   20.000
          0.0145        4.78  0.4300   20.000         11.96  0.4300   20.000       -199.92  0.1930   20.000       -200.00  0.1930   20.000
          0.0145        4.72  0.4300   20.000         11.81  0.4300   20.000       -199.92  0.1930   20.000       -200.00  0.1930   20.000
          0.0145        4.73  0.4300   20.000         11.82  0.4300   20.000       -199.92  0.1930   20.000       -200.00  0.1930   20.000
          0.0145        4.70  0.4300   20.000         11.74  0.4300   20.000       -199.92  0.1930   20.000       -200.00  0.1930   20.000
          0.0145        4.71  0.4300   20.000         11.79  0.4300   20.000       -199.92  0.1930   20.000       -200.00  0.1930   20.000
          0.0145        4.75  0.4300   20.000         11.86  0.4300   20.000       -199.92  0.1930   20.000       -200.00  0.1930   20.000
          0.0145        4.70  0.4300   20.000         11.74  0.4300   20.000       -199.92  0.1930   20.000       -200.00  0.1930   20.000
          0.0145        4.71  0.4300   20.000         11.76  0.4300   20.000       -199.92  0.1930   20.000       -200.00  0.1930   20.000
          0.0145        4.73  0.4300   20.000         11.82  0.4300   20.000       -199.92  0.1930   20.000       -200.00  0.1930   20.000
          0.0145        4.74  0.4300   20.000         11.85  0.4300   20.000       -199.92  0.1930   20.000       -200.00  0.1930   20.000
          0.0145        4.74  0.4300   20.000         11.85  0.4300   20.000       -199.92  0.1930   20.000       -200.00  0.1930   20.000
          0.0145        4.72  0.4300   20.000         11.79  0.4300   20.000       -199.92  0.1930   20.000       -200.00  0.1930   20.000
          0.0145        4.78  0.4300   20.000         11.95  0.4300   20.000       -199.92  0.1930   20.000       -200.00  0.1930   20.000
          0.0145        4.73  0.4300   20.000         11.82  0.4300   20.000       -199.92  0.1930   20.000       -200.00  0.1930   20.000
          0.0145        4.73  0.4300   20.000         11.82  0.4300   20.000       -199.92  0.1930   20.000       -200.00  0.1930   20.000
          0.0145        4.70  0.4300   20.000         11.74  0.4300   20.000       -199.92  0.1930   20.000       -200.00  0.1930   20.000
          0.0145        4.70  0.4300   20.000         11.74  0.4300   20.000       -199.92  0.1930   20.000       -200.00  0.1930   20.000
          0.0145        4.72  0.4300   20.000         11.80  0.4300   20.000       -199.92  0.1930   20.000       -200.00  0.1930   20.000
          0.0145        4.72  0.4300   20.000         11.80  0.4300   20.000       -199.92  0.1930   20.000       -200.00  0.1930   20.000
          0.0145        4.72  0.4300   20.000         11.79  0.4300   20.000       -199.92  0.1930   20.000       -200.00  0.1930   20.000
          0.0145        4.71  0.4300   20.000         11.79  0.4300   20.000       -199.92  0.1930   20.000       -200.00  0.1930   20.000
          0.0145        4.70  0.4300   20.000         11.76  0.4300   20.000       -199.92  0.1930   20.000       -200.00  0.1930   20.000
          0.0145        4.71  0.4300   20.000         11.77  0.4300   20.000       -199.92  0.1930   20.000       -200.00  0.1930   20.000
          0.0145        4.71  0.4300   20.000         11.78  0.4300   20.000       -199.92  0.1930   20.000       -200.00  0.1930   20.000
          0.0145        4.71  0.4300   20.000         11.79  0.4300   20.000       -199.92  0.1930   20.000       -200.00  0.1930   20.000
          0.0145        4.72  0.4300   20.000         11.80  0.4300   20.000       -199.92  0.1930   20.000       -200.00  0.1930   20.000
          0.0145        4.72  0.4300   20.000         11.81  0.4300   20.000       -199.92  0.1930   20.000       -200.00  0.1930   20.000
          0.0145        4.73  0.4300   20.000         11.83  0.4300   20.000       -199.92  0.1930   20.000       -200.00  0.1930   20.000
          0.0145        4.74  0.4300   20.000         11.86  0.4300   20.000       -199.92  0.1930   20.000       -200.00  0.1930   20.000
          0.0145        4.75  0.4300   20.000         11.89  0.4300   20.000       -199.92  0.1930   20.000       -200.00  0.1930   20.000
          0.0145        4.77  0.4300   20.000         11.93  0.4300   20.000       -199.92  0.1930   20.000       -200.00  0.1930   20.000
          0.0145        4.79  0.4300   20.000         11.98  0.4300   20.000       -199.92  0.1930   20.000       -200.00  0.1930   20.000
          0.0145        4.82  0.4300   20.000         12.05  0.4300   20.000       -199.91  0.1930   20.000       -200.00  0.1930   20.000
          0.0145        4.85  0.4300   20.000         12.13  0.4300   20.000       -199.91  0.1930   20.000       -200.00  0.1930   20.000
          0.0145        4.90  0.4300   20.000         12.24  0.4300   20.000       -199.91  0.1930   20.000       -200.00  0.1930   20.000
          0.0145        4.95  0.4300   20.000         12.38  0.4300   20.000       -199.90  0.1930   20.000       -200.00  0.1930   20.000
          0.0145        5.02  0.4300   20.000         12.55  0.4300   20.000       -199.89  0.1930   20.000       -200.00  0.1930   20.000
          0.0145        5.10  0.4300   20.000         12.74  0.4300   20.000       -199.88  0.1930   20.000       -200.00  0.1930   20.000
          0.0145        5.19  0.4300   20.000         12.97  0.4300   20.000       -199.86  0.1930   20.000       -200.00  0.1930   20.000
          0.0146        5.30  0.4300   20.000         13.24  0.4300   20.000       -199.83  0.1931   20.000       -200.00  0.1930   20.000
          0.0146        5.39  0.4300   20.000         13.49  0.4300   20.000       -199.79  0.1931   20.000       -200.00  0.1930   20.000
          0.0146        5.50  0.4300   20.000         13.75  0.4300   20.000       -199.73  0.1931   20.000       -200.00  0.1930   20.000
          0.0146        5.62  0.4300   20.000         14.04  0.4300   20.000       -199.61  0.1931   20.000       -200.00  0.1930   20.000
          0.0147        5.74  0.4300   20.000         14.36  0.4300   20.000       -199.38  0.1932   20.000       -200.00  0.1930   20.000
          0.0147        5.85  0.4300   20.000         14.62  0.4300   20.000       -199.03  0.1933   20.000       -200.00  0.1930   20.000
          0.0148        5.94  0.4300   20.000         14.84  0.4300   20.000       -198.50  0.1934   20.000       -200.00  0.1930   20.000
          0.0148        6.01  0.4300   20.000         15.03  0.4300   20.000       -197.74  0.1936   20.000       -200.00  0.1930   20.000
          0.0149        6.08  0.4300   20.000         15.19  0.4300   20.000       -196.63  0.1939   20.000       -200.00  0.1930   20.000
          0.0149        6.14  0.4300   20.000         15.34  0.4300   20.000       -195.08  0.1944   20.000       -200.00  0.1930   20.000
          0.0150        6.19  0.4300   20.000         15.46  0.4300   20.000       -192.95  0.1949   20.000       -200.00  0.1930   20.000
          0.0150        6.23  0.4300   20.000         15.57  0.4300   20.000       -190.52  0.1958   20.000       -200.00  0.1930   20.000
          0.0151        6.27  0.4300   20.000         15.67  0.4300   20.000       -187.81  0.1968   20.000       -200.00  0.1930   20.000
          0.0151        6.30  0.4300   20.000         15.75  0.4300   20.000       -184.14  0.1982   20.000       -200.00  0.1930   20.000
          0.0152        6.33  0.4300   20.000         15.82  0.4300   20.000       -179.60  0.2000   20.000       -200.00  0.1930   20.000
          0.0152        6.35  0.4300   20.000         15.87  0.4300   20.000       -173.73  0.2022   20.000       -200.00  0.1930   20.000
          0.0152        6.36  0.4300   20.000         15.91  0.4300   20.000       -166.66  0.2050   20.000       -200.00  0.1930   20.000
          0.0153        6.37  0.4300   20.000         15.93  0.4300   20.000       -158.16  0.2082   20.000       -200.00  0.1930   20.000
          0.0153        6.38  0.4300   20.000         15.94  0.4300   20.000       -149.23  0.2121   20.000       -200.00  0.1930   20.000
          0.0154        6.37  0.4300   20.000         15.93  0.4300   20.000       -140.93  0.2165   20.000       -200.00  0.1930   20.000
          0.0154        6.37  0.4300   20.000         15.91  0.4300   20.000       -138.93  0.2176   20.000       -200.00  0.1930   20.000
          0.0154        6.36  0.4300   20.000         15.91  0.4300   20.000       -136.82  0.2187   20.000       -200.00  0.1930   20.000
          0.0154        6.35  0.4300   20.000         15.87  0.4300   20.000       -134.00  0.2203   20.000       -200.00  0.1930   20.000
          0.0154        6.34  0.4300   20.000         15.84  0.4300   20.000       -130.14  0.2223   20.000       -200.00  0.1930   20.000
          0.0154        6.34  0.4300   20.000         15.85  0.4300   20.000       -129.58  0.2226   20.000       -200.00  0.1930   20.000
          0.0155        6.34  0.4300   20.000         15.85  0.4300   20.000       -128.86  0.2230   20.000       -200.00  0.1930   20.000
          0.0155        6.34  0.4300   20.000         15.85  0.4300   20.000       -127.89  0.2235   20.000       -200.00  0.1930   20.000
          0.0155        6.33  0.4300   20.000         15.82  0.4300   20.000       -127.47  0.2238   20.000       -200.00  0.1930   20.000
          0.0155        6.33  0.4300   20.000         15.82  0.4300   20.000       -126.93  0.2240   20.000       -200.00  0.1930   20.000
          0.0155        6.33  0.4300   20.000         15.81  0.4300   20.000       -126.21  0.2244   20.000       -200.00  0.1930   20.000
          0.0155        6.33  0.4300   20.000         15.82  0.4300   20.000       -125.28  0.2249   20.000       -200.00  0.1930   20.000
          0.0155        6.31  0.4300   20.000         15.78  0.4300   20.000       -125.13  0.2250   20.000       -200.00  0.1930   20.000
          0.0155        6.32  0.4300   20.000         15.80  0.4300   20.000       -124.97  0.2251   20.000       -200.00  0.1930   20.000
          0.0155        6.31  0.4300   20.000         15.78  0.4300   20.000       -124.74  0.2252   20.000       -200.00  0.1930   20.000
          0.0155        6.31  0.4300   20.000         15.78  0.4300   20.000       -124.44  0.2254   20.000       -200.00  0.1930   20.000
          0.0155        6.32  0.4300   20.000         15.79  0.4300   20.000       -124.30  0.2255   20.000       -200.00  0.1930   20.000
          0.0155        6.32  0.4300   20.000         15.79  0.4300   20.000       -124.14  0.2255   20.000       -200.00  0.1930   20.000
          0.0155        6.32  0.4300   20.000         15.79  0.4300   20.000       -123.92  0.2257   20.000       -200.00  0.1930   20.000
          0.0155        6.31  0.4300   20.000         15.78  0.4300   20.000       -123.82  0.2257   20.000       -200.00  0.1930   20.000
          0.0155        6.31  0.4300   20.000         15.78  0.4300   20.000       -123.70  0.2258   20.000       -200.00  0.1930   20.000
          0.0155        6.31  0.4300   20.000         15.77  0.4300   20.000       -123.54  0.2259   20.000       -200.00  0.1930   20.000
          0.0155        6.31  0.4300   20.000         15.77  0.4300   20.000       -123.33  0.2260   20.000       -200.00  0.1930   20.000
          0.0155        6.31  0.4300   20.000         15.78  0.4300   20.000       -123.05  0.2261   20.000       -200.00  0.1930   20.000
          0.0155        6.31  0.4300   20.000         15.78  0.4300   20.000       -122.78  0.2263   20.000       -200.00  0.1930   20.000
          0.0155        6.30  0.4300   20.000         15.74  0.4300   20.000       -122.68  0.2263   20.000       -200.00  0.1930   20.000
          0.0155        6.31  0.4300   20.000         15.77  0.4300   20.000       -122.65  0.2263   20.000       -200.00  0.1930   20.000
          0.0155        6.30  0.4300   20.000         15.75  0.4300   20.000       -122.61  0.2264   20.000       -200.00  0.1930   20.000
          0.0155        6.31  0.4300   20.000         15.76  0.4300   20.000       -122.55  0.2264   20.000       -200.00  0.1930   20.000
          0.0155        6.30  0.4300   20.000         15.76  0.4300   20.000       -122.49  0.2264   20.000       -200.00  0.1930   20.000
          0.0155        6.30  0.4300   20.000         15.75  0.4300   20.000       -122.40  0.2265   20.000       -200.00  0.1930   20.000
          0.0155        6.30  0.4300   20.000         15.74  0.4300   20.000       -122.29  0.2265   20.000       -200.00  0.1930   20.000
          0.0155        6.30  0.4300   20.000         15.74  0.4300   20.000       -122.14  0.2266   20.000       -200.00  0.1930   20.000
          0.0155        6.31  0.4300   20.000         15.77  0.4300   20.000       -121.94  0.2267   20.000       -200.00  0.1930   20.000
          0.0155        6.30  0.4300   20.000         15.75  0.4300   20.000       -121.86  0.2268   20.000       -200.00  0.1930   20.000
          0.0155        6.34  0.4300   20.000         15.84  0.4300   20.000       -121.83  0.2268   20.000       -200.00  0.1930   20.000
          0.0155        6.30  0.4300   20.000         15.76  0.4300   20.000       -121.79  0.2268   20.000       -200.00  0.1930   20.000
          0.0155        6.31  0.4300   20.000         15.77  0.4300   20.000       -121.75  0.2268   20.000       -200.00  0.1930   20.000
          0.0155        6.32  0.4300   20.000         15.81  0.4300   20.000       -121.69  0.2269   20.000       -200.00  0.1930   20.000
          0.0155        6.31  0.4300   20.000         15.78  0.4300   20.000       -121.60  0.2269   20.000       -200.00  0.1930   20.000
          0.0155        6.30  0.4300   20.000         15.75  0.4300   20.000       -121.50  0.2270   20.000       -200.00  0.1930   20.000
          0.0155        6.33  0.4300   20.000         15.84  0.4300   20.000       -121.46  0.2270   20.000       -200.00  0.1930   20.000
          0.0155        6.31  0.4300   20.000         15.77  0.4300   20.000       -121.42  0.2270   20.000       -200.00  0.1930   20.000
          0.0155        6.31  0.4300   20.000         15.77  0.4300   20.000       -121.36  0.2270   20.000       -200.00  0.1930   20.000
          0.0155        6.30  0.4300   20.000         15.74  0.4300   20.000       -121.28  0.2271   20.000       -200.00  0.1930   20.000
          0.0155        6.30  0.4300   20.000         15.75  0.4300   20.000       -121.21  0.2271   20.000       -200.00  0.1930   20.000
          0.0155        6.30  0.4300   20.000         15.74  0.4300   20.000       -121.13  0.2272   20.000       -200.00  0.1930   20.000
          0.0155        6.30  0.4300   20.000         15.74  0.4300   20.000       -121.05  0.2272   20.000       -200.00  0.1930   20.000
          0.0155        6.30  0.4300   20.000         15.74  0.4300   20.000       -120.98  0.2272   20.000       -200.00  0.1930   20.000
          0.0155        6.29  0.4300   20.000         15.74  0.4300   20.000       -120.90  0.2273   20.000       -200.00  0.1930   20.000
          0.0155        6.30  0.4300   20.000         15.76  0.4300   20.000       -120.80  0.2273   20.000       -200.00  0.1930   20.000
          0.0155        6.30  0.4300   20.000         15.74  0.4300   20.000       -120.67  0.2274   20.000       -200.00  0.1930   20.000
          0.0155        6.30  0.4300   20.000         15.74  0.4300   20.000       -120.50  0.2275   20.000       -200.00  0.1930   20.000
          0.0155        6.30  0.4300   20.000         15.75  0.4300   20.000       -120.33  0.2276   20.000       -200.00  0.1930   20.000
          0.0155        6.30  0.4300   20.000         15.76  0.4300   20.000       -120.11  0.2278   20.000       -200.00  0.1930   20.000
          0.0155        6.31  0.4300   20.000         15.77  0.4300   20.000       -119.83  0.2280   20.000       -200.00  0.1930   20.000
          0.0155        6.31  0.4300   20.000         15.78  0.4300   20.000       -119.47  0.2282   20.000       -200.00  0.1930   20.000
          0.0155        6.32  0.4300   20.000         15.80  0.4300   20.000       -119.00  0.2286   20.000       -200.00  0.1930   20.000
          0.0155        6.33  0.4300   20.000         15.82  0.4300   20.000       -118.37  0.2290   20.000       -200.00  0.1930   20.000
          0.0155        6.34  0.4300   20.000         15.85  0.4300   20.000       -117.55  0.2297   20.000       -200.00  0.1930   20.000
          0.0155        6.35  0.4300   20.000         15.88  0.4300   20.000       -116.47  0.2305   20.000       -200.00  0.1930   20.000
          0.0155        6.37  0.4300   20.000         15.92  0.4300   20.000       -115.03  0.2315   20.000       -200.00  0.1930   20.000
          0.0155        6.39  0.4300   20.000         15.98  0.4300   20.000       -113.13  0.2329   20.000       -200.00  0.1930   20.000
          0.0155        6.42  0.4300   20.000         16.05  0.4300   20.000       -110.60  0.2348   20.000       -200.00  0.1930   20.000
          0.0156        6.46  0.4300   20.000         16.14  0.4300   20.000       -107.25  0.2372   20.000       -200.00  0.1930   20.000
          0.0156        6.50  0.4300   20.000         16.25  0.4300   20.000       -102.82  0.2405   20.000       -200.00  0.1930   20.000
          0.0156        6.55  0.4300   20.000         16.36  0.4300   20.000        -96.85  0.2449   20.000       -200.00  0.1930   20.000
          0.0157        6.60  0.4300   20.000         16.50  0.4300   20.000        -90.54  0.2508   20.000       -200.00  0.1930   20.000
          0.0157        6.65  0.4300   20.000         16.63  0.4300   20.000        -84.52  0.2568   20.000       -200.00  0.1930   20.000
          0.0157        6.70  0.4300   20.000         16.75  0.4300   20.000        -78.40  0.2628   20.000       -200.00  0.1930   20.000
          0.0158        6.75  0.4300   20.000         16.88  0.4300   20.000        -71.63  0.2709   20.000       -200.00  0.1930   20.000
          0.0158        6.80  0.4300   20.000         17.00  0.4300   20.000        -65.56  0.2788   20.000       -200.00  0.1930   20.000
          0.0159        6.84  0.4300   20.000         17.11  0.4300   20.000        -59.58  0.2868   20.000       -200.00  0.1930   20.000
          0.0159        6.89  0.4300   20.000         17.24  0.4300   20.000        -53.49  0.2970   20.000       -200.00  0.1930   20.000
          0.0160        6.94  0.4300   20.000         17.35  0.4300   20.000        -47.54  0.3070   20.000       -200.00  0.1930   20.000
          0.0161        6.99  0.4300   20.000         17.47  0.4300   20.000        -41.52  0.3195   20.000       -200.00  0.1930   20.000
          0.0162        7.03  0.4300   20.000         17.57  0.4300   20.000        -36.14  0.3313   20.000       -200.00  0.1930   20.000
          0.0163        7.07  0.4300   20.000         17.66  0.4300   20.000        -31.68  0.3423   20.000       -200.00  0.1930   20.000
          0.0163        7.09  0.4300   20.000         17.74  0.4300   20.000        -27.84  0.3525   20.000       -200.00  0.1930   20.000
          0.0164        7.12  0.4300   20.000         17.79  0.4300   20.000        -24.50  0.3619   20.000       -200.00  0.1930   20.000
          0.0165        7.13  0.4300   20.000         17.83  0.4300   20.000        -21.63  0.3705   20.000       -200.00  0.1930   20.000
          0.0166        7.14  0.4300   20.000         17.85  0.4300   20.000        -19.05  0.3784   20.000       -200.00  0.1930   20.000
          0.0166        7.14  0.4300   20.000         17.86  0.4300   20.000        -18.24  0.3810   20.000       -200.00  0.1930   20.000
          0.0166        7.14  0.4300   20.000         17.86  0.4300   20.000        -17.48  0.3834   20.000       -200.00  0.1930   20.000
          0.0167        7.14  0.4300   20.000         17.86  0.4300   20.000        -16.52  0.3865   20.000       -200.00  0.1930   20.000
          0.0167        7.14  0.4300   20.000         17.85  0.4300   20.000        -16.20  0.3875   20.000       -200.00  0.1930   20.000
          0.0167        7.14  0.4300   20.000         17.85  0.4300   20.000        -15.89  0.3885   20.000       -200.00  0.1930   20.000
          0.0167        7.14  0.4300   20.000         17.85  0.4300   20.000        -15.49  0.3898   20.000       -200.00  0.1930   20.000
          0.0167        7.14  0.4300   20.000         17.85  0.4300   20.000        -14.98  0.3914   20.000       -200.00  0.1930   20.000
          0.0168        7.13  0.4300   20.000         17.82  0.4300   20.000        -14.76  0.3922   20.000       -200.00  0.1930   20.000
          0.0168        7.13  0.4300   20.000         17.83  0.4300   20.000        -14.67  0.3924   20.000       -200.00  0.1930   20.000
          0.0168        7.13  0.4300   20.000         17.83  0.4300   20.000        -14.59  0.3927   20.000       -200.00  0.1930   20.000
          0.0168        7.13  0.4300   20.000         17.82  0.4300   20.000        -14.46  0.3931   20.000       -200.00  0.1930   20.000
          0.0168        7.13  0.4300   20.000         17.83  0.4300   20.000        -14.31  0.3936   20.000       -200.00  0.1930   20.000
          0.0168        7.13  0.4300   20.000         17.81  0.4300   20.000        -14.24  0.3938   20.000       -200.00  0.1930   20.000
          0.0168        7.12  0.4300   20.000         17.81  0.4300   20.000        -14.16  0.3941   20.000       -200.00  0.1930   20.000
          0.0168        7.12  0.4300   20.000         17.81  0.4300   20.000        -14.12  0.3942   20.000       -200.00  0.1930   20.000
          0.0168        7.12  0.4300   20.000         17.81  0.4300   20.000        -14.07  0.3944   20.000       -200.00  0.1930   20.000
          0.0168        7.12  0.4300   20.000         17.81  0.4300   20.000        -14.01  0.3946   20.000       -200.00  0.1930   20.000
          0.0168        7.12  0.4300   20.000         17.80  0.4300   20.000        -13.93  0.3948   20.000       -200.00  0.1930   20.000
          0.0168        7.12  0.4300   20.000         17.80  0.4300   20.000        -13.89  0.3950   20.000       -200.00  0.1930   20.000
          0.0168        7.12  0.4300   20.000         17.80  0.4300   20.000        -13.84  0.3951   20.000       -200.00  0.1930   20.000
          0.0168        7.12  0.4300   20.000         17.80  0.4300   20.000        -13.82  0.3952   20.000       -200.00  0.1930   20.000
          0.0168        7.12  0.4300   20.000         17.80  0.4300   20.000        -13.80  0.3952   20.000       -200.00  0.1930   20.000
          0.0168        7.12  0.4300   20.000         17.81  0.4300   20.000        -13.77  0.3954   20.000       -200.00  0.1930   20.000
          0.0168        7.12  0.4300   20.000         17.81  0.4300   20.000        -13.72  0.3955   20.000       -200.00  0.1930   20.000
          0.0168        7.12  0.4300   20.000         17.80  0.4300   20.000        -13.69  0.3956   20.000       -200.00  0.1930   20.000
          0.0168        7.12  0.4300   20.000         17.81  0.4300   20.000        -13.68  0.3956   20.000       -200.00  0.1930   20.000
          0.0168        7.14  0.4300   20.000         17.84  0.4300   20.000        -13.68  0.3956   20.000       -200.00  0.1930   20.000
          0.0168        7.12  0.4300   20.000         17.79  0.4300   20.000        -13.66  0.3957   20.000       -200.00  0.1930   20.000
          0.0168        7.12  0.4300   20.000         17.80  0.4300   20.000        -13.66  0.3957   20.000       -200.00  0.1930   20.000
          0.0168        7.13  0.4300   20.000         17.81  0.4300   20.000        -13.65  0.3957   20.000       -200.00  0.1930   20.000
          0.0168        7.11  0.4300   20.000         17.78  0.4300   20.000        -13.64  0.3957   20.000       -200.00  0.1930   20.000
          0.0168        7.13  0.4300   20.000         17.83  0.4300   20.000        -13.63  0.3958   20.000       -200.00  0.1930   20.000
          0.0168        7.11  0.4300   20.000         17.79  0.4300   20.000        -13.62  0.3958   20.000       -200.00  0.1930   20.000
          0.0168        7.11  0.4300   20.000         17.77  0.4300   20.000        -13.60  0.3959   20.000       -200.00  0.1930   20.000
          0.0168        7.12  0.4300   20.000         17.80  0.4300   20.000        -13.58  0.3960   20.000       -200.00  0.1930   20.000
          0.0168        7.11  0.4300   20.000         17.78  0.4300   20.000        -13.55  0.3960   20.000       -200.00  0.1930   20.000
          0.0168        7.11  0.4300   20.000         17.77  0.4300   20.000        -13.53  0.3961   20.000       -200.00  0.1930   20.000
          0.0168        7.12  0.4300   20.000         17.80  0.4300   20.000        -13.50  0.3962   20.000       -200.00  0.1930   20.000
          0.0168        7.11  0.4300   20.000         17.78  0.4300   20.000        -13.47  0.3963   20.000       -200.00  0.1930   20.000
          0.0168        7.13  0.4300   20.000         17.81  0.4300   20.000        -13.47  0.3963   20.000       -200.00  0.1930   20.000
          0.0168        7.12  0.4300   20.000         17.79  0.4300   20.000        -13.45  0.3964   20.000       -200.00  0.1930   20.000
          0.0168        7.11  0.4300   20.000         17.78  0.4300   20.000        -13.44  0.3964   20.000       -200.00  0.1930   20.000
          0.0168        7.11  0.4300   20.000         17.77  0.4300   20.000        -13.42  0.3965   20.000       -200.00  0.1930   20.000
          0.0168        7.11  0.4300   20.000         17.78  0.4300   20.000        -13.41  0.3965   20.000       -200.00  0.1930   20.000
          0.0168        7.12  0.4300   20.000         17.81  0.4300   20.000        -13.40  0.3965   20.000       -200.00  0.1930   20.000
          0.0168        7.12  0.4300   20.000         17.80  0.4300   20.000        -13.39  0.3966   20.000       -200.00  0.1930   20.000
          0.0168        7.11  0.4300   20.000         17.76  0.4300   20.000        -13.38  0.3966   20.000       -200.00  0.1930   20.000
          0.0168        7.11  0.4300   20.000         17.77  0.4300   20.000        -13.36  0.3967   20.000       -200.00  0.1930   20.000
          0.0168        7.12  0.4300   20.000         17.79  0.4300   20.000        -13.34  0.3967   20.000       -200.00  0.1930   20.000
          0.0168        7.11  0.4300   20.000         17.77  0.4300   20.000        -13.31  0.3968   20.000       -200.00  0.1930   20.000
          0.0168        7.11  0.4300   20.000         17.78  0.4300   20.000        -13.28  0.3969   20.000       -200.00  0.1930   20.000
          0.0168        7.11  0.4300   20.000         17.78  0.4300   20.000        -13.23  0.3971   20.000       -200.00  0.1930   20.000
          0.0168        7.11  0.4300   20.000         17.79  0.4300   20.000        -13.18  0.3973   20.000       -200.00  0.1930   20.000
          0.0168        7.12  0.4300   20.000         17.80  0.4300   20.000        -13.10  0.3975   20.000       -200.00  0.1930   20.000
          0.0168        7.12  0.4300   20.000         17.81  0.4300   20.000        -13.01  0.3978   20.000       -200.00  0.1930   20.000
          0.0168        7.13  0.4300   20.000         17.82  0.4300   20.000        -12.89  0.3982   20.000       -200.00  0.1930   20.000
          0.0168        7.14  0.4300   20.000         17.84  0.4300   20.000        -12.73  0.3987   20.000       -200.00  0.1930   20.000
          0.0168        7.15  0.4300   20.000         17.87  0.4300   20.000        -12.53  0.3993   20.000       -200.00  0.1930   20.000
          0.0169        7.16  0.4300   20.000         17.90  0.4300   20.000        -12.28  0.4002   20.000       -200.00  0.1930   20.000
          0.0169        7.17  0.4300   20.000         17.94  0.4300   20.000        -11.96  0.4012   20.000       -200.00  0.1930   20.000
          0.0169        7.19  0.4300   20.000         17.98  0.4300   20.000        -11.57  0.4024   20.000       -200.00  0.1930   20.000
          0.0169        7.21  0.4300   20.000         18.04  0.4300   20.000        -11.08  0.4040   20.000       -200.00  0.1930   20.000
          0.0170        7.24  0.4300   20.000         18.10  0.4300   20.000        -10.50  0.4058   20.000       -200.00  0.1930   20.000
          0.0170        7.28  0.4300   20.000         18.19  0.4300   20.000         -9.78  0.4081   20.000       -200.00  0.1930   20.000
          0.0171        7.31  0.4300   20.000         18.28  0.4300   20.000         -8.93  0.4107   20.000       -200.00  0.1930   20.000
          0.0171        7.35  0.4300   20.000         18.37  0.4300   20.000         -8.13  0.4130   20.000       -200.00  0.1930   20.000
          0.0172        7.39  0.4300   20.000         18.47  0.4300   20.000         -7.20  0.4158   20.000       -200.00  0.1930   20.000
          0.0173        7.43  0.4300   20.000         18.56  0.4300   20.000         -6.35  0.4181   20.000       -200.00  0.1930   20.000
          0.0174        7.46  0.4300   20.000         18.64  0.4300   20.000         -5.56  0.4202   20.000       -200.00  0.1930   20.000
          0.0174        7.49  0.4300   20.000         18.71  0.4300   20.000         -4.85  0.4220   20.000       -200.00  0.1930   20.000
          0.0175        7.51  0.4300   20.000         18.78  0.4300   20.000         -4.19  0.4236   20.000       -200.00  0.1930   20.000
          0.0176        7.53  0.4300   20.000         18.83  0.4300   20.000         -3.61  0.4249   20.000       -200.00  0.1930   20.000
          0.0177        7.55  0.4300   20.000         18.88  0.4300   20.000         -3.07  0.4260   20.000       -200.00  0.1930   20.000
          0.0177        7.57  0.4300   20.000         18.92  0.4300   20.000         -2.58  0.4269   20.000       -200.00  0.1930   20.000
          0.0178        7.58  0.4300   20.000         18.96  0.4300   20.000         -2.15  0.4277   20.000       -200.00  0.1930   20.000
          0.0179        7.60  0.4300   20.000         18.99  0.4300   20.000         -1.75  0.4283   20.000       -200.00  0.1930   20.000
          0.0180        7.61  0.4300   20.000         19.01  0.4300   20.000         -1.38  0.4288   20.000       -200.00  0.1930   20.000
          0.0180        7.61  0.4300   20.000         19.03  0.4300   20.000         -1.05  0.4292   20.000       -200.00  0.1930   20.000
          0.0181        7.62  0.4300   20.000         19.05  0.4300   20.000         -0.74  0.4296   20.000       -200.00  0.1930   20.000
          0.0182        7.62  0.4300   20.000         19.06  0.4300   20.000         -0.47  0.4298   20.000       -200.00  0.1930   20.000
          0.0182        7.62  0.4300   20.000         19.06  0.4300   20.000         -0.38  0.4298   20.000       -200.00  0.1930   20.000
          0.0182        7.62  0.4300   20.000         19.06  0.4300   20.000         -0.30  0.4299   20.000       -200.00  0.1930   20.000
          0.0183        7.62  0.4300   20.000         19.06  0.4300   20.000         -0.20  0.4299   20.000       -200.00  0.1930   20.000
          0.0183        7.62  0.4300   20.000         19.06  0.4300   20.000         -0.15  0.4300   20.000       -200.00  0.1930   20.000
          0.0183        7.62  0.4300   20.000         19.06  0.4300   20.000         -0.11  0.4300   20.000       -200.00  0.1930   20.000
          0.0183        7.62  0.4300   20.000         19.05  0.4300   20.000         -0.10  0.4300   20.000       -200.00  0.1930   20.000
          0.0183        7.62  0.4300   20.000         19.05  0.4300   20.000         -0.09  0.4300   20.000       -200.00  0.1930   20.000
          0.0183        7.61  0.4300   20.000         19.04  0.4300   20.000         -0.09  0.4300   20.000       -200.00  0.1930   20.000
          0.0183        7.61  0.4300   20.000         19.04  0.4300   20.000         -0.08  0.4300   20.000       -200.00  0.1930   20.000
          0.0183        7.61  0.4300   20.000         19.03  0.4300   20.000         -0.07  0.4300   20.000       -200.00  0.1930   20.000
          0.0183        7.62  0.4300   20.000         19.04  0.4300   20.000         -0.06  0.4300   20.000       -200.00  0.1930   20.000
          0.0184        7.62  0.4300   20.000         19.04  0.4300   20.000         -0.05  0.4300   20.000       -200.00  0.1930   20.000
          0.0184        7.62  0.4300   20.000         19.05  0.4300   20.000         -0.02  0.4300   20.000       -200.00  0.1930   20.000
          0.0184        7.61  0.4300   20.000         19.03  0.4300   20.000         -0.02  0.4300   20.000       -200.00  0.1930   20.000
          0.0184        7.61  0.4300   20.000         19.04  0.4300   20.000         -0.02  0.4300   20.000       -200.00  0.1930   20.000
          0.0184        7.62  0.4300   20.000         19.04  0.4300   20.000         -0.01  0.4300   20.000       -200.00  0.1930   20.000
          0.0184        7.61  0.4300   20.000         19.04  0.4300   20.000         -0.00  0.4300   20.000       -200.00  0.1930   20.000
          0.0184        7.61  0.4300   20.000         19.03  0.4300   20.000         -0.00  0.4300   20.000       -200.00  0.1930   20.000
          0.0184        7.62  0.4300   20.000         19.06  0.4300   20.000          0.00  0.4300   20.000       -200.00  0.1930   20.000
          0.0184        7.61  0.4300   20.000         19.03  0.4300   20.000          0.03  0.4300   20.000       -200.00  0.1930   20.000
          0.0184        7.62  0.4300   20.000         19.06  0.4300   20.000          0.02  0.4300   20.000       -200.00  0.1930   20.000
          0.0184        7.61  0.4300   20.000         19.03  0.4300   20.000          0.04  0.4300   20.000       -200.00  0.1930   20.000
          0.0184        7.61  0.4300   20.000         19.03  0.4300   20.000         -0.00  0.4300   20.000       -200.00  0.1930   20.000
          0.0184        7.61  0.4300   20.000         19.03  0.4300   20.000          0.00  0.4300   20.000       -200.00  0.1930   20.000
          0.0184        7.61  0.4300   20.000         19.02  0.4300   20.000          0.02  0.4300   20.000       -200.00  0.1930   20.000
          0.0184        7.62  0.4300   20.000         19.05  0.4300   20.000          0.01  0.4300   20.000       -200.00  0.1930   20.000
          0.0184        7.61  0.4300   20.000         19.02  0.4300   20.000          0.01  0.4300   20.000       -200.00  0.1930   20.000
          0.0184        7.62  0.4300   20.000         19.05  0.4300   20.000          0.02  0.4300   20.000       -200.00  0.1930   20.000
          0.0184        7.61  0.4300   20.000         19.03  0.4300   20.000          0.03  0.4300   20.000       -200.00  0.1930   20.000
          0.0184        7.61  0.4300   20.000         19.02  0.4300   20.000          0.03  0.4300   20.000       -200.00  0.1930   20.000
          0.0184        7.62  0.4300   20.000         19.04  0.4300   20.000          0.01  0.4300   20.000       -200.00  0.1930   20.000
          0.0184        7.61  0.4300   20.000         19.02  0.4300   20.000          0.02  0.4300   20.000       -200.00  0.1930   20.000
          0.0184        7.62  0.4300   20.000         19.04  0.4300   20.000          0.00  0.4300   20.000       -200.00  0.1930   20.000
          0.0184        7.61  0.4300   20.000         19.02  0.4300   20.000          0.05  0.4300   20.000       -200.00  0.1930   20.000
          0.0184        7.62  0.4300   20.000         19.04  0.4300   20.000          0.01  0.4300   20.000       -200.00  0.1930   20.000
          0.0184        7.61  0.4300   20.000         19.02  0.4300   20.000          0.02  0.4300   20.000       -200.00  0.1930   20.000
          0.0184        7.62  0.4300   20.000         19.04  0.4300   20.000          0.01  0.4300   20.000       -200.00  0.1930   20.000
          0.0184        7.61  0.4300   20.000         19.02  0.4300   20.000          0.05  0.4300   20.000       -200.00  0.1930   20.000
          0.0184        7.61  0.4300   20.000         19.03  0.4300   20.000          0.02  0.4300   20.000       -200.00  0.1930   20.000
          0.0184        7.61  0.4300   20.000         19.02  0.4300   20.000          0.01  0.4300   20.000       -200.00  0.1930   20.000
          0.0184        7.61  0.4300   20.000         19.03  0.4300   20.000          0.03  0.4300   20.000       -200.00  0.1930   20.000
          0.0184        7.61  0.4300   20.000         19.03  0.4300   20.000          0.04  0.4300   20.000       -200.00  0.1930   20.000
          0.0184        7.61  0.4300   20.000         19.03  0.4300   20.000          0.04  0.4300   20.000       -200.00  0.1930   20.000
          0.0184        7.61  0.4300   20.000         19.01  0.4300   20.000          0.00  0.4300   20.000       -200.00  0.1930   20.000
          0.0184        7.61  0.4300   20.000         19.02  0.4300   20.000          0.04  0.4300   20.000       -200.00  0.1930   20.000
          0.0184        7.61  0.4300   20.000         19.03  0.4300   20.000          0.08  0.4300   20.000       -200.00  0.1930   20.000
          0.0184        7.61  0.4300   20.000         19.04  0.4300   20.000          0.13  0.4300   20.000       -200.00  0.1930   20.000
          0.0184        7.62  0.4300   20.000         19.05  0.4300   20.000          0.20  0.4300   20.000       -200.00  0.1930   20.000
          0.0184        7.63  0.4300   20.000         19.06  0.4300   20.000          0.29  0.4300   20.000       -200.00  0.1930   20.000
          0.0184        7.63  0.4300   20.000         19.08  0.4300   20.000          0.40  0.4300   20.000       -200.00  0.1930   20.000
          0.0185        7.64  0.4300   20.000         19.11  0.4300   20.000          0.54  0.4300   20.000       -200.00  0.1930   20.000
          0.0185        7.65  0.4300   20.000         19.13  0.4300   20.000          0.71  0.4300   20.000       -200.00  0.1930   20.000
          0.0185        7.67  0.4300   20.000         19.17  0.4300   20.000          0.92  0.4300   20.000       -200.00  0.1930   20.000
          0.0186        7.69  0.4300   20.000         19.21  0.4300   20.000          1.17  0.4300   20.000       -200.00  0.1930   20.000
          0.0186        7.70  0.4300   20.000         19.25  0.4300   20.000          1.41  0.4300   20.000       -200.00  0.1930   20.000
          0.0186        7.72  0.4300   20.000         19.31  0.4300   20.000          1.71  0.4300   20.000       -200.00  0.1930   20.000
          0.0187        7.75  0.4300   20.000         19.36  0.4300   20.000          2.05  0.4300   20.000       -200.00  0.1930   20.000
          0.0188        7.77  0.4300   20.000         19.43  0.4300   20.000          2.45  0.4300   20.000       -200.00  0.1930   20.000
          0.0189        7.80  0.4300   20.000         19.49  0.4300   20.000          2.80  0.4300   20.000       -200.00  0.1930   20.000
          0.0190        7.82  0.4300   20.000         19.55  0.4300   20.000          3.12  0.4300   20.000       -200.00  0.1930   20.000
          0.0190        7.84  0.4300   20.000         19.59  0.4300   20.000          3.39  0.4300   20.000       -200.00  0.1930   20.000
          0.0191        7.86  0.4300   20.000         19.64  0.4300   20.000          3.65  0.4300   20.000       -200.00  0.1930   20.000
          0.0192        7.87  0.4300   20.000         19.68  0.4300   20.000          3.87  0.4300   20.000       -200.00  0.1930   20.000
          0.0193        7.88  0.4300   20.000         19.71  0.4300   20.000          4.07  0.4300   20.000       -200.00  0.1930   20.000
          0.0194        7.90  0.4300   20.000         19.74  0.4300   20.000          4.26  0.4300   20.000       -200.00  0.1930   20.000
          0.0195        7.91  0.4300   20.000         19.77  0.4300   20.000          4.42  0.4300   20.000       -200.00  0.1930   20.000
          0.0196        7.92  0.4300   20.000         19.79  0.4300   20.000          4.56  0.4300   20.000       -200.00  0.1930   20.000
          0.0196        7.93  0.4300   20.000         19.82  0.4300   20.000          4.69  0.4300   20.000       -200.00  0.1930   20.000
          0.0197        7.93  0.4300   20.000         19.83  0.4300   20.000          4.80  0.4300   20.000       -200.00  0.1930   20.000
          0.0198        7.94  0.4300   20.000         19.85  0.4300   20.000          4.91  0.4300   20.000       -200.00  0.1930   20.000
          0.0199        7.95  0.4300   20.000         19.87  0.4300   20.000          4.99  0.4300   20.000       -200.00  0.1930   20.000
          0.0200        7.95  0.4300   20.000         19.87  0.4300   20.000          5.02  0.4300   20.000       -200.00  0.1930   20.000
          0.0201        7.95  0.4300   20.000         19.88  0.4300   20.000          5.05  0.4300   20.000       -200.00  0.1930   20.000
          0.0201        7.95  0.4300   20.000         19.88  0.4300   20.000          5.06  0.4300   20.000       -200.00  0.1930   20.000
          0.0201        7.95  0.4300   20.000         19.87  0.4300   20.000          5.03  0.4300   20.000       -200.00  0.1930   20.000
          0.0201        7.95  0.4300   20.000         19.87  0.4300   20.000          5.03  0.4300   20.000       -200.00  0.1930   20.000
          0.0201        7.95  0.4300   20.000         19.87  0.4300   20.000          5.01  0.4300   20.000       -200.00  0.1930   20.000
          0.0201        7.95  0.4300   20.000         19.87  0.4300   20.000          4.99  0.4300   20.000       -200.00  0.1930   20.000
          0.0201        7.94  0.4300   20.000         19.86  0.4300   20.000          4.96  0.4300   20.000       -200.00  0.1930   20.000
          0.0202        7.94  0.4300   20.000         19.86  0.4300   20.000          4.94  0.4300   20.000       -200.00  0.1930   20.000
          0.0202        7.95  0.4300   20.000         19.87  0.4300   20.000          5.03  0.4300   20.000       -200.00  0.1930   20.000
          0.0202        7.94  0.4300   20.000         19.86  0.4300   20.000          4.95  0.4300   20.000       -200.00  0.1930   20.000
          0.0202        7.95  0.4300   20.000         19.86  0.4300   20.000          4.97  0.4300   20.000       -200.00  0.1930   20.000
          0.0202        7.94  0.4300   20.000         19.86  0.4300   20.000          4.96  0.4300   20.000       -200.00  0.1930   20.000
          0.0202        7.94  0.4300   20.000         19.85  0.4300   20.000          4.90  0.4300   20.000       -200.00  0.1930   20.000
          0.0202        7.95  0.4300   20.000         19.87  0.4300   20.000          5.00  0.4300   20.000       -200.00  0.1930   20.000
          0.0202        7.94  0.4300   20.000         19.86  0.4300   20.000          4.95  0.4300   20.000       -200.00  0.1930   20.000
          0.0202        7.94  0.4300   20.000         19.86  0.4300   20.000          4.96  0.4300   20.000       -200.00  0.1930   20.000
          0.0202        7.94  0.4300   20.000         19.86  0.4300   20.000          4.93  0.4300   20.000       -200.00  0.1930   20.000
          0.0202        7.94  0.4300   20.000         19.85  0.4300   20.000          4.90  0.4300   20.000       -200.00  0.1930   20.000
          0.0202        7.95  0.4300   20.000         19.86  0.4300   20.000          4.97  0.4300   20.000       -200.00  0.1930   20.000
          0.0202        7.94  0.4300   20.000         19.86  0.4300   20.000          4.93  0.4300   20.000       -200.00  0.1930   20.000
          0.0202        7.95  0.4300   20.000         19.87  0.4300   20.000          4.99  0.4300   20.000       -200.00  0.1930   20.000
          0.0202        7.94  0.4300   20.000         19.86  0.4300   20.000          4.94  0.4300   20.000       -200.00  0.1930   20.000
          0.0202        7.95  0.4300   20.000         19.87  0.4300   20.000          4.98  0.4300   20.000       -200.00  0.1930   20.000
          0.0202        7.94  0.4300   20.000         19.86  0.4300   20.000          4.93  0.4300   20.000       -200.00  0.1930   20.000
          0.0202        7.94  0.4300   20.000         19.86  0.4300   20.000          4.93  0.4300   20.000       -200.00  0.1930   20.000
          0.0202        7.94  0.4300   20.000         19.86  0.4300   20.000          4.94  0.4300   20.000       -200.00  0.1930   20.000
          0.0202        7.94  0.4300   20.000         19.86  0.4300   20.000          4.95  0.4300   20.000       -200.00  0.1930   20.000
          0.0202        7.94  0.4300   20.000         19.86  0.4300   20.000          4.95  0.4300   20.000       -200.00  0.1930   20.000
          0.0202        7.94  0.4300   20.000         19.86  0.4300   20.000          4.95  0.4300   20.000       -200.00  0.1930   20.000
          0.0202        7.94  0.4300   20.000         19.86  0.4300   20.000          4.93  0.4300   20.000       -200.00  0.1930   20.000
          0.0202        7.94  0.4300   20.000         19.85  0.4300   20.000          4.90  0.4300   20.000       -200.00  0.1930   20.000
          0.0202        7.94  0.4300   20.000         19.86  0.4300   20.000          4.94  0.4300   20.000       -200.00  0.1930   20.000
          0.0202        7.95  0.4300   20.000         19.87  0.4300   20.000          4.98  0.4300   20.000       -200.00  0.1930   20.000
          0.0202        7.95  0.4300   20.000         19.88  0.4300   20.000          5.04  0.4300   20.000       -200.00  0.1930   20.000
          0.0203        7.96  0.4300   20.000         19.89  0.4300   20.000          5.11  0.4300   20.000       -200.00  0.1930   20.000
          0.0203        7.96  0.4300   20.000         19.90  0.4300   20.000          5.21  0.4300   20.000       -200.00  0.1930   20.000
          0.0203        7.97  0.4300   20.000         19.92  0.4300   20.000          5.32  0.4300   20.000       -200.00  0.1930   20.000
          0.0203        7.98  0.4300   20.000         19.95  0.4300   20.000          5.46  0.4300   20.000       -200.00  0.1930   20.000
          0.0204        7.99  0.4300   20.000         19.98  0.4300   20.000          5.63  0.4300   20.000       -200.00  0.1930   20.000
          0.0204        8.00  0.4300   20.000         20.01  0.4300   20.000          5.82  0.4300   20.000       -200.00  0.1930   20.000
          0.0205        8.02  0.4300   20.000         20.05  0.4300   20.000          6.07  0.4300   20.000       -200.00  0.1930   20.000
          0.0206        8.04  0.4300   20.000         20.09  0.4300   20.000          6.29  0.4300   20.000       -200.00  0.1930   20.000
          0.0207        8.05  0.4300   20.000         20.13  0.4300   20.000          6.54  0.4300   20.000       -200.00  0.1930   20.000
          0.0208        8.07  0.4300   20.000         20.17  0.4300   20.000          6.77  0.4300   20.000       -200.00  0.1930   20.000
          0.0208        8.08  0.4300   20.000         20.21  0.4300   20.000          6.98  0.4300   20.000       -200.00  0.1930   20.000
          0.0209        8.10  0.4300   20.000         20.24  0.4300   20.000          7.17  0.4300   20.000       -200.00  0.1930   20.000
          0.0210        8.11  0.4300   20.000         20.27  0.4300   20.000          7.34  0.4300   20.000       -200.00  0.1930   20.000
          0.0211        8.12  0.4300   20.000         20.30  0.4300   20.000          7.51  0.4300   20.000       -200.00  0.1930   20.000
          0.0212        8.13  0.4300   20.000         20.32  0.4300   20.000          7.65  0.4300   20.000       -200.00  0.1930   20.000
          0.0213        8.14  0.4300   20.000         20.34  0.4300   20.000          7.78  0.4300   20.000       -200.00  0.1930   20.000
          0.0214        8.15  0.4300   20.000         20.37  0.4300   20.000          7.91  0.4300   20.000       -200.00  0.1930   20.000
          0.0215        8.15  0.4300   20.000         20.39  0.4300   20.000          8.03  0.4300   20.000       -200.00  0.1930   20.000
          0.0216        8.16  0.4300   20.000         20.41  0.4300   20.000          8.16  0.4300   20.000       -200.00  0.1930   20.000
          0.0217        8.17  0.4300   20.000         20.43  0.4300   20.000          8.27  0.4300   20.000       -200.00  0.1930   20.000
          0.0218        8.18  0.4300   20.000         20.45  0.4300   20.000          8.37  0.4300   20.000       -200.00  0.1930   20.000
          0.0219        8.18  0.4300   20.000         20.46  0.4300   20.000          8.45  0.4300   20.000       -200.00  0.1930   20.000
          0.0221        8.19  0.4300   20.000         20.47  0.4300   20.000          8.51  0.4300   20.000       -200.00  0.1930   20.000
          0.0221        8.19  0.4300   20.000         20.47  0.4300   20.000          8.52  0.4300   20.000       -200.00  0.1930   20.000
          0.0221        8.19  0.4300   20.000         20.47  0.4300   20.000          8.53  0.4300   20.000       -200.00  0.1930   20.000
          0.0221        8.19  0.4300   20.000         20.47  0.4300   20.000          8.49  0.4300   20.000       -200.00  0.1930   20.000
          0.0222        8.19  0.4300   20.000         20.46  0.4300   20.000          8.48  0.4300   20.000       -200.00  0.1930   20.000
          0.0222        8.18  0.4300   20.000         20.46  0.4300   20.000          8.46  0.4300   20.000       -200.00  0.1930   20.000
          0.0222        8.19  0.4300   20.000         20.46  0.4300   20.000          8.48  0.4300   20.000       -200.00  0.1930   20.000
          0.0222        8.19  0.4300   20.000         20.46  0.4300   20.000          8.49  0.4300   20.000       -200.00  0.1930   20.000
          0.0222        8.19  0.4300   20.000         20.47  0.4300   20.000          8.50  0.4300   20.000       -200.00  0.1930   20.000
          0.0222        8.18  0.4300   20.000         20.46  0.4300   20.000          8.46  0.4300   20.000       -200.00  0.1930   20.000
          0.0222        8.18  0.4300   20.000         20.46  0.4300   20.000          8.46  0.4300   20.000       -200.00  0.1930   20.000
          0.0222        8.18  0.4300   20.000         20.46  0.4300   20.000          8.44  0.4300   20.000       -200.00  0.1930   20.000
          0.0222        8.18  0.4300   20.000         20.46  0.4300   20.000          8.45  0.4300   20.000       -200.00  0.1930   20.000
          0.0222        8.18  0.4300   20.000         20.46  0.4300   20.000          8.46  0.4300   20.000       -200.00  0.1930   20.000
          0.0222        8.18  0.4300   20.000         20.46  0.4300   20.000          8.47  0.4300   20.000       -200.00  0.1930   20.000
          0.0222        8.18  0.4300   20.000         20.46  0.4300   20.000          8.45  0.4300   20.000       -200.00  0.1930   20.000
          0.0222        8.18  0.4300   20.000         20.46  0.4300   20.000          8.45  0.4300   20.000       -200.00  0.1930   20.000
          0.0222        8.18  0.4300   20.000         20.46  0.4300   20.000          8.44  0.4300   20.000       -200.00  0.1930   20.000
          0.0222        8.18  0.4300   20.000         20.45  0.4300   20.000          8.42  0.4300   20.000       -200.00  0.1930   20.000
          0.0222        8.19  0.4300   20.000         20.47  0.4300   20.000          8.49  0.4300   20.000       -200.00  0.1930   20.000
          0.0222        8.18  0.4300   20.000         20.46  0.4300   20.000          8.45  0.4300   20.000       -200.00  0.1930   20.000
          0.0222        8.18  0.4300   20.000         20.46  0.4300   20.000          8.47  0.4300   20.000       -200.00  0.1930   20.000
          0.0222        8.18  0.4300   20.000         20.46  0.4300   20.000          8.44  0.4300   20.000       -200.00  0.1930   20.000
          0.0223        8.18  0.4300   20.000         20.46  0.4300   20.000          8.45  0.4300   20.000       -200.00  0.1930   20.000
          0.0223        8.18  0.4300   20.000         20.46  0.4300   20.000          8.45  0.4300   20.000       -200.00  0.1930   20.000
          0.0223        8.18  0.4300   20.000         20.46  0.4300   20.000          8.44  0.4300   20.000       -200.00  0.1930   20.000
          0.0223        8.18  0.4300   20.000         20.45  0.4300   20.000          8.40  0.4300   20.000       -200.00  0.1930   20.000
          0.0223        8.18  0.4300   20.000         20.46  0.4300   20.000          8.43  0.4300   20.000       -200.00  0.1930   20.000
          0.0223        8.18  0.4300   20.000         20.46  0.4300   20.000          8.47  0.4300   20.000       -200.00  0.1930   20.000
          0.0223        8.19  0.4300   20.000         20.47  0.4300   20.000          8.52  0.4300   20.000       -200.00  0.1930   20.000
          0.0223        8.19  0.4300   20.000         20.48  0.4300   20.000          8.57  0.4300   20.000       -200.00  0.1930   20.000
          0.0223        8.20  0.4300   20.000         20.49  0.4300   20.000          8.65  0.4300   20.000       -200.00  0.1930   20.000
          0.0224        8.20  0.4300   20.000         20.51  0.4300   20.000          8.74  0.4300   20.000       -200.00  0.1930   20.000
          0.0224        8.21  0.4300   20.000         20.53  0.4300   20.000          8.84  0.4300   20.000       -200.00  0.1930   20.000
          0.0225        8.22  0.4300   20.000         20.55  0.4300   20.000          8.98  0.4300   20.000       -200.00  0.1930   20.000
          0.0225        8.23  0.4300   20.000         20.58  0.4300   20.000          9.13  0.4300   20.000       -200.00  0.1930   20.000
          0.0226        8.24  0.4300   20.000         20.60  0.4300   20.000          9.28  0.4300   20.000       -200.00  0.1930   20.000
          0.0227        8.25  0.4300   20.000         20.63  0.4300   20.000          9.45  0.4300   20.000       -200.00  0.1930   20.000
          0.0228        8.26  0.4300   20.000         20.66  0.4300   20.000          9.61  0.4300   20.000       -200.00  0.1930   20.000
          0.0229        8.27  0.4300   20.000         20.68  0.4300   20.000          9.76  0.4300   20.000       -200.00  0.1930   20.000
          0.0230        8.28  0.4300   20.000         20.71  0.4300   20.000          9.90  0.4300   20.000       -200.00  0.1930   20.000
          0.0231        8.29  0.4300   20.000         20.73  0.4300   20.000         10.06  0.4300   20.000       -200.00  0.1930   20.000
          0.0232        8.30  0.4300   20.000         20.76  0.4300   20.000         10.21  0.4300   20.000       -200.00  0.1930   20.000
          0.0233        8.31  0.4300   20.000         20.78  0.4300   20.000         10.36  0.4300   20.000       -200.00  0.1930   20.000
          0.0235        8.33  0.4300   20.000         20.81  0.4300   20.000         10.52  0.4300   20.000       -200.00  0.1930   20.000
          0.0236        8.34  0.4300   20.000         20.84  0.4300   20.000         10.67  0.4300   20.000       -200.00  0.1930   20.000
          0.0238        8.34  0.4300   20.000         20.86  0.4300   20.000         10.80  0.4300   20.000       -200.00  0.1930   20.000
          0.0239        8.35  0.4300   20.000         20.88  0.4300   20.000         10.92  0.4300   20.000       -200.00  0.1930   20.000
          0.0241        8.36  0.4300   20.000         20.90  0.4300   20.000         11.01  0.4300   20.000       -200.00  0.1930   20.000
          0.0242        8.36  0.4300   20.000         20.91  0.4300   20.000         11.08  0.4300   20.000       -200.00  0.1930   20.000
          0.0244        8.36  0.4300   20.000         20.91  0.4300   20.000         11.10  0.4300   20.000       -200.00  0.1930   20.000
          0.0244        8.36  0.4300   20.000         20.91  0.4300   20.000         11.08  0.4300   20.000       -200.00  0.1930   20.000
          0.0244        8.36  0.4300   20.000         20.91  0.4300   20.000         11.07  0.4300   20.000       -200.00  0.1930   20.000
          0.0245        8.37  0.4300   20.000         20.92  0.4300   20.000         11.14  0.4300   20.000       -200.00  0.1930   20.000
          0.0245        8.37  0.4300   20.000         20.91  0.4300   20.000         11.10  0.4300   20.000       -200.00  0.1930   20.000
          0.0245        8.37  0.4300   20.000         20.91  0.4300   20.000         11.11  0.4300   20.000       -200.00  0.1930   20.000
          0.0245        8.36  0.4300   20.000         20.90  0.4300   20.000         11.02  0.4300   20.000       -200.00  0.1930   20.000
          0.0245        8.36  0.4300   20.000         20.91  0.4300   20.000         11.09  0.4300   20.000       -200.00  0.1930   20.000
          0.0245        8.37  0.4300   20.000         20.92  0.4300   20.000         11.16  0.4300   20.000       -200.00  0.1930   20.000
          0.0245        8.36  0.4300   20.000         20.91  0.4300   20.000         11.06  0.4300   20.000       -200.00  0.1930   20.000
          0.0245        8.37  0.4300   20.000         20.92  0.4300   20.000         11.14  0.4300   20.000       -200.00  0.1930   20.000
          0.0245        8.36  0.4300   20.000         20.91  0.4300   20.000         11.09  0.4300   20.000       -200.00  0.1930   20.000
          0.0245        8.37  0.4300   20.000         20.91  0.4300   20.000         11.12  0.4300   20.000       -200.00  0.1930   20.000
          0.0245        8.36  0.4300   20.000         20.91  0.4300   20.000         11.07  0.4300   20.000       -200.00  0.1930   20.000
          0.0245        8.37  0.4300   20.000         20.92  0.4300   20.000         11.12  0.4300   20.000       -200.00  0.1930   20.000
          0.0245        8.36  0.4300   20.000         20.91  0.4300   20.000         11.07  0.4300   20.000       -200.00  0.1930   20.000
          0.0245        8.37  0.4300   20.000         20.91  0.4300   20.000         11.11  0.4300   20.000       -200.00  0.1930   20.000
          0.0245        8.36  0.4300   20.000         20.91  0.4300   20.000         11.07  0.4300   20.000       -200.00  0.1930   20.000
          0.0245        8.37  0.4300   20.000         20.91  0.4300   20.000         11.12  0.4300   20.000       -200.00  0.1930   20.000
          0.0245        8.36  0.4300   20.000         20.91  0.4300   20.000         11.07  0.4300   20.000       -200.00  0.1930   20.000
          0.0245        8.36  0.4300   20.000         20.91  0.4300   20.000         11.10  0.4300   20.000       -200.00  0.1930   20.000
          0.0245        8.36  0.4300   20.000         20.91  0.4300   20.000         11.08  0.4300   20.000       -200.00  0.1930   20.000
          0.0245        8.37  0.4300   20.000         20.91  0.4300   20.000         11.11  0.4300   20.000       -200.00  0.1930   20.000
          0.0245        8.36  0.4300   20.000         20.91  0.4300   20.000         11.07  0.4300   20.000       -200.00  0.1930   20.000
          0.0245        8.36  0.4300   20.000         20.91  0.4300   20.000         11.08  0.4300   20.000       -200.00  0.1930   20.000
          0.0245        8.36  0.4300   20.000         20.91  0.4300   20.000         11.08  0.4300   20.000       -200.00  0.1930   20.000
          0.0245        8.36  0.4300   20.000         20.91  0.4300   20.000         11.08  0.4300   20.000       -200.00  0.1930   20.000
          0.0245        8.36  0.4300   20.000         20.91  0.4300   20.000         11.08  0.4300   20.000       -200.00  0.1930   20.000
          0.0246        8.36  0.4300   20.000         20.91  0.4300   20.000         11.08  0.4300   20.000       -200.00  0.1930   20.000
          0.0246        8.36  0.4300   20.000         20.91  0.4300   20.000         11.09  0.4300   20.000       -200.00  0.1930   20.000
          0.0246        8.36  0.4300   20.000         20.91  0.4300   20.000         11.07  0.4300   20.000       -200.00  0.1930   20.000
          0.0246        8.36  0.4300   20.000         20.91  0.4300   20.000         11.09  0.4300   20.000       -200.00  0.1930   20.000
          0.0246        8.37  0.4300   20.000         20.92  0.4300   20.000         11.12  0.4300   20.000       -200.00  0.1930   20.000
          0.0246        8.37  0.4300   20.000         20.92  0.4300   20.000         11.16  0.4300   20.000       -200.00  0.1930   20.000
          0.0246        8.37  0.4300   20.000         20.93  0.4300   20.000         11.22  0.4300   20.000       -200.00  0.1930   20.000
          0.0247        8.38  0.4300   20.000         20.94  0.4300   20.000         11.28  0.4300   20.000       -200.00  0.1930   20.000
          0.0247        8.38  0.4300   20.000         20.96  0.4300   20.000         11.36  0.4300   20.000       -200.00  0.1930   20.000
          0.0248        8.39  0.4300   20.000         20.97  0.4300   20.000         11.45  0.4300   20.000       -200.00  0.1930   20.000
          0.0248        8.40  0.4300   20.000         20.99  0.4300   20.000         11.56  0.4300   20.000       -200.00  0.1930   20.000
          0.0249        8.41  0.4300   20.000         21.02  0.4300   20.000         11.70  0.4300   20.000       -200.00  0.1930   20.000
          0.0251        8.42  0.4300   20.000         21.04  0.4300   20.000         11.87  0.4300   20.000       -200.00  0.1930   20.000
          0.0252        8.43  0.4300   20.000         21.07  0.4300   20.000         12.02  0.4300   20.000       -200.00  0.1930   20.000
          0.0253        8.44  0.4300   20.000         21.09  0.4300   20.000         12.16  0.4300   20.000       -200.00  0.1930   20.000
          0.0255        8.45  0.4300   20.000         21.12  0.4300   20.000         12.32  0.4300   20.000       -200.00  0.1930   20.000
          0.0256        8.46  0.4300   20.000         21.15  0.4300   20.000         12.48  0.4300   20.000       -200.00  0.1930   20.000
          0.0258        8.47  0.4300   20.000         21.17  0.4300   20.000         12.62  0.4300   20.000       -200.00  0.1930   20.000
          0.0260        8.48  0.4300   20.000         21.19  0.4300   20.000         12.74  0.4300   20.000       -200.00  0.1930   20.000
          0.0261        8.49  0.4300   20.000         21.21  0.4300   20.000         12.86  0.4300   20.000       -200.00  0.1930   20.000
          0.0263        8.49  0.4300   20.000         21.23  0.4300   20.000         12.95  0.4300   20.000       -200.00  0.1930   20.000
          0.0265        8.50  0.4300   20.000         21.24  0.4300   20.000         13.04  0.4300   20.000       -200.00  0.1930   20.000
          0.0266        8.50  0.4300   20.000         21.25  0.4300   20.000         13.10  0.4300   20.000       -200.00  0.1930   20.000
          0.0268        8.50  0.4300   20.000         21.26  0.4300   20.000         13.14  0.4300   20.000       -200.00  0.1930   20.000
          0.0268        8.51  0.4300   20.000         21.27  0.4300   20.000         13.17  0.4300   20.000       -200.00  0.1930   20.000
          0.0269        8.50  0.4300   20.000         21.26  0.4300   20.000         13.13  0.4300   20.000       -200.00  0.1930   20.000
          0.0269        8.51  0.4300   20.000         21.26  0.4300   20.000         13.15  0.4300   20.000       -200.00  0.1930   20.000
          0.0269        8.51  0.4300   20.000         21.26  0.4300   20.000         13.16  0.4300   20.000       -200.00  0.1930   20.000
          0.0269        8.51  0.4300   20.000         21.26  0.4300   20.000         13.15  0.4300   20.000       -200.00  0.1930   20.000
          0.0269        8.51  0.4300   20.000         21.26  0.4300   20.000         13.15  0.4300   20.000       -200.00  0.1930   20.000
          0.0270        8.50  0.4300   20.000         21.26  0.4300   20.000         13.15  0.4300   20.000       -200.00  0.1930   20.000
          0.0270        8.50  0.4300   20.000         21.26  0.4300   20.000         13.13  0.4300   20.000       -200.00  0.1930   20.000
          0.0270        8.50  0.4300   20.000         21.26  0.4300   20.000         13.13  0.4300   20.000       -200.00  0.1930   20.000
          0.0270        8.50  0.4300   20.000         21.26  0.4300   20.000         13.11  0.4300   20.000       -200.00  0.1930   20.000
          0.0270        8.50  0.4300   20.000         21.26  0.4300   20.000         13.14  0.4300   20.000       -200.00  0.1930   20.000
          0.0270        8.50  0.4300   20.000         21.26  0.4300   20.000         13.13  0.4300   20.000       -200.00  0.1930   20.000
          0.0270        8.50  0.4300   20.000         21.26  0.4300   20.000         13.12  0.4300   20.000       -200.00  0.1930   20.000
          0.0270        8.50  0.4300   20.000         21.26  0.4300   20.000         13.13  0.4300   20.000       -200.00  0.1930   20.000
          0.0270        8.51  0.4300   20.000         21.26  0.4300   20.000         13.16  0.4300   20.000       -200.00  0.1930   20.000
          0.0270        8.50  0.4300   20.000         21.25  0.4300   20.000         13.08  0.4300   20.000       -200.00  0.1930   20.000
          0.0270        8.50  0.4300   20.000         21.26  0.4300   20.000         13.11  0.4300   20.000       -200.00  0.1930   20.000
          0.0270        8.50  0.4300   20.000         21.26  0.4300   20.000         13.12  0.4300   20.000       -200.00  0.1930   20.000
          0.0270        8.51  0.4300   20.000         21.26  0.4300   20.000         13.15  0.4300   20.000       -200.00  0.1930   20.000
          0.0270        8.50  0.4300   20.000         21.26  0.4300   20.000         13.14  0.4300   20.000       -200.00  0.1930   20.000
          0.0270        8.51  0.4300   20.000         21.27  0.4300   20.000         13.16  0.4300   20.000       -200.00  0.1930   20.000
          0.0270        8.50  0.4300   20.000         21.26  0.4300   20.000         13.13  0.4300   20.000       -200.00  0.1930   20.000
          0.0270        8.50  0.4300   20.000         21.26  0.4300   20.000         13.13  0.4300   20.000       -200.00  0.1930   20.000
          0.0270        8.50  0.4300   20.000         21.26  0.4300   20.000         13.14  0.4300   20.000       -200.00  0.1930   20.000
          0.0270        8.50  0.4300   20.000         21.26  0.4300   20.000         13.14  0.4300   20.000       -200.00  0.1930   20.000
          0.0270        8.50  0.4300   20.000         21.26  0.4300   20.000         13.14  0.4300   20.000       -200.00  0.1930   20.000
          0.0270        8.50  0.4300   20.000         21.26  0.4300   20.000         13.14  0.4300   20.000       -200.00  0.1930   20.000
          0.0271        8.51  0.4300   20.000         21.26  0.4300   20.000         13.16  0.4300   20.000       -200.00  0.1930   20.000
          0.0271        8.50  0.4300   20.000         21.26  0.4300   20.000         13.13  0.4300   20.000       -200.00  0.1930   20.000
          0.0271        8.50  0.4300   20.000         21.26  0.4300   20.000         13.14  0.4300   20.000       -200.00  0.1930   20.000
          0.0271        8.51  0.4300   20.000         21.27  0.4300   20.000         13.17  0.4300   20.000       -200.00  0.1930   20.000
          0.0271        8.51  0.4300   20.000         21.27  0.4300   20.000         13.20  0.4300   20.000       -200.00  0.1930   20.000
          0.0271        8.51  0.4300   20.000         21.28  0.4300   20.000         13.24  0.4300   20.000       -200.00  0.1930   20.000
          0.0272        8.51  0.4300   20.000         21.29  0.4300   20.000         13.29  0.4300   20.000       -200.00  0.1930   20.000
          0.0272        8.52  0.4300   20.000         21.30  0.4300   20.000         13.35  0.4300   20.000       -200.00  0.1930   20.000
          0.0273        8.52  0.4300   20.000         21.31  0.4300   20.000         13.43  0.4300   20.000       -200.00  0.1930   20.000
          0.0274        8.53  0.4300   20.000         21.33  0.4300   20.000         13.52  0.4300   20.000       -200.00  0.1930   20.000
          0.0275        8.54  0.4300   20.000         21.35  0.4300   20.000         13.63  0.4300   20.000       -200.00  0.1930   20.000
          0.0276        8.55  0.4300   20.000         21.37  0.4300   20.000         13.77  0.4300   20.000       -200.00  0.1930   20.000
          0.0278        8.56  0.4300   20.000         21.39  0.4300   20.000         13.90  0.4300   20.000       -200.00  0.1930   20.000
          0.0279        8.56  0.4300   20.000         21.41  0.4300   20.000         14.02  0.4300   20.000       -200.00  0.1930   20.000
          0.0281        8.57  0.4300   20.000         21.43  0.4300   20.000         14.13  0.4300   20.000       -200.00  0.1930   20.000
          0.0282        8.58  0.4300   20.000         21.45  0.4300   20.000         14.23  0.4300   20.000       -200.00  0.1930   20.000
          0.0284        8.59  0.4300   20.000         21.46  0.4300   20.000         14.32  0.4300   20.000       -200.00  0.1930   20.000
          0.0285        8.59  0.4300   20.000         21.48  0.4300   20.000         14.41  0.4300   20.000       -200.00  0.1930   20.000
          0.0286        8.60  0.4300   20.000         21.49  0.4300   20.000         14.49  0.4300   20.000       -200.00  0.1930   20.000
          0.0288        8.60  0.4300   20.000         21.50  0.4300   20.000         14.56  0.4300   20.000       -200.00  0.1930   20.000
          0.0289        8.61  0.4300   20.000         21.52  0.4300   20.000         14.63  0.4300   20.000       -200.00  0.1930   20.000
          0.0291        8.61  0.4300   20.000         21.53  0.4300   20.000         14.68  0.4300   20.000       -200.00  0.1930   20.000
          0.0293        8.61  0.4300   20.000         21.54  0.4300   20.000         14.75  0.4300   20.000       -200.00  0.1930   20.000
          0.0294        8.62  0.4300   20.000         21.54  0.4300   20.000         14.79  0.4300   20.000       -200.00  0.1930   20.000
          0.0295        8.62  0.4300   20.000         21.55  0.4300   20.000         14.80  0.4300   20.000       -200.00  0.1930   20.000
          0.0296        8.62  0.4300   20.000         21.55  0.4300   20.000         14.82  0.4300   20.000       -200.00  0.1930   20.000
          0.0296        8.62  0.4300   20.000         21.54  0.4300   20.000         14.80  0.4300   20.000       -200.00  0.1930   20.000
          0.0296        8.62  0.4300   20.000         21.54  0.4300   20.000         14.79  0.4300   20.000       -200.00  0.1930   20.000
          0.0296        8.62  0.4300   20.000         21.55  0.4300   20.000         14.80  0.4300   20.000       -200.00  0.1930   20.000
          0.0296        8.62  0.4300   20.000         21.55  0.4300   20.000         14.81  0.4300   20.000       -200.00  0.1930   20.000
          0.0297        8.62  0.4300   20.000         21.55  0.4300   20.000         14.81  0.4300   20.000       -200.00  0.1930   20.000
          0.0297        8.62  0.4300   20.000         21.54  0.4300   20.000         14.80  0.4300   20.000       -200.00  0.1930   20.000
          0.0297        8.62  0.4300   20.000         21.54  0.4300   20.000         14.80  0.4300   20.000       -200.00  0.1930   20.000
          0.0297        8.62  0.4300   20.000         21.54  0.4300   20.000         14.78  0.4300   20.000       -200.00  0.1930   20.000
          0.0297        8.62  0.4300   20.000         21.54  0.4300   20.000         14.79  0.4300   20.000       -200.00  0.1930   20.000
          0.0297        8.62  0.4300   20.000         21.54  0.4300   20.000         14.79  0.4300   20.000       -200.00  0.1930   20.000
          0.0297        8.62  0.4300   20.000         21.55  0.4300   20.000         14.80  0.4300   20.000       -200.00  0.1930   20.000
          0.0297        8.62  0.4300   20.000         21.54  0.4300   20.000         14.77  0.4300   20.000       -200.00  0.1930   20.000
          0.0297        8.62  0.4300   20.000         21.55  0.4300   20.000         14.81  0.4300   20.000       -200.00  0.1930   20.000
          0.0297        8.61  0.4300   20.000         21.53  0.4300   20.000         14.74  0.4300   20.000       -200.00  0.1930   20.000
          0.0297        8.61  0.4300   20.000         21.54  0.4300   20.000         14.75  0.4300   20.000       -200.00  0.1930   20.000
          0.0298        8.62  0.4300   20.000         21.54  0.4300   20.000         14.78  0.4300   20.000       -200.00  0.1930   20.000
          0.0298        8.62  0.4300   20.000         21.54  0.4300   20.000         14.80  0.4300   20.000       -200.00  0.1930   20.000
          0.0298        8.62  0.4300   20.000         21.55  0.4300   20.000         14.83  0.4300   20.000       -200.00  0.1930   20.000
          0.0299        8.62  0.4300   20.000         21.56  0.4300   20.000         14.87  0.4300   20.000       -200.00  0.1930   20.000
          0.0299        8.63  0.4300   20.000         21.56  0.4300   20.000         14.91  0.4300   20.000       -200.00  0.1930   20.000
          0.0300        8.63  0.4300   20.000         21.57  0.4300   20.000         14.97  0.4300   20.000       -200.00  0.1930   20.000
          0.0301        8.64  0.4300   20.000         21.59  0.4300   20.000         15.05  0.4300   20.000       -200.00  0.1930   20.000
          0.0302        8.64  0.4300   20.000         21.60  0.4300   20.000         15.14  0.4300   20.000       -200.00  0.1930   20.000
          0.0303        8.65  0.4300   20.000         21.62  0.4300   20.000         15.25  0.4300   20.000       -200.00  0.1930   20.000
          0.0305        8.66  0.4300   20.000         21.64  0.4300   20.000         15.35  0.4300   20.000       -200.00  0.1930   20.000
          0.0306        8.66  0.4300   20.000         21.66  0.4300   20.000         15.45  0.4300   20.000       -200.00  0.1930   20.000
          0.0308        8.67  0.4300   20.000         21.68  0.4300   20.000         15.57  0.4300   20.000       -200.00  0.1930   20.000
          0.0310        8.68  0.4300   20.000         21.69  0.4300   20.000         15.67  0.4300   20.000       -200.00  0.1930   20.000
          0.0312        8.68  0.4300   20.000         21.71  0.4300   20.000         15.76  0.4300   20.000       -200.00  0.1930   20.000
          0.0314        8.69  0.4300   20.000         21.72  0.4300   20.000         15.85  0.4300   20.000       -200.00  0.1930   20.000
          0.0316        8.69  0.4300   20.000         21.74  0.4300   20.000         15.92  0.4300   20.000       -200.00  0.1930   20.000
          0.0317        8.70  0.4300   20.000         21.75  0.4300   20.000         15.99  0.4300   20.000       -200.00  0.1930   20.000
          0.0319        8.70  0.4300   20.000         21.76  0.4300   20.000         16.05  0.4300   20.000       -200.00  0.1930   20.000
          0.0321        8.71  0.4300   20.000         21.77  0.4300   20.000         16.10  0.4300   20.000       -200.00  0.1930   20.000
          0.0323        8.71  0.4300   20.000         21.77  0.4300   20.000         16.14  0.4300   20.000       -200.00  0.1930   20.000
          0.0325        8.71  0.4300   20.000         21.78  0.4300   20.000         16.17  0.4300   20.000       -200.00  0.1930   20.000
          0.0326        8.71  0.4300   20.000         21.77  0.4300   20.000         16.14  0.4300   20.000       -200.00  0.1930   20.000
          0.0328        8.71  0.4300   20.000         21.78  0.4300   20.000         16.20  0.4300   20.000       -200.00  0.1930   20.000
          0.0329        8.72  0.4300   20.000         21.81  0.4300   20.000         16.32  0.4300   20.000       -200.00  0.1930   20.000
          0.0331        8.73  0.4300   20.000         21.82  0.4300   20.000         16.43  0.4300   20.000       -200.00  0.1930   20.000
          0.0333        8.74  0.4300   20.000         21.84  0.4300   20.000         16.54  0.4300   20.000       -200.00  0.1930   20.000
          0.0334        8.74  0.4300   20.000         21.86  0.4300   20.000         16.63  0.4300   20.000       -200.00  0.1930   20.000
          0.0336        8.75  0.4300   20.000         21.87  0.4300   20.000         16.72  0.4300   20.000       -200.00  0.1930   20.000
          0.0338        8.75  0.4300   20.000         21.89  0.4300   20.000         16.80  0.4300   20.000       -200.00  0.1930   20.000
          0.0340        8.76  0.4300   20.000         21.90  0.4300   20.000         16.87  0.4300   20.000       -200.00  0.1930   20.000
          0.0341        8.76  0.4300   20.000         21.91  0.4300   20.000         16.94  0.4300   20.000       -200.00  0.1930   20.000
          0.0343        8.77  0.4300   20.000         21.92  0.4300   20.000         17.00  0.4300   20.000       -200.00  0.1930   20.000
          0.0345        8.77  0.4300   20.000         21.93  0.4300   20.000         17.06  0.4300   20.000       -200.00  0.1930   20.000
          0.0346        8.78  0.4300   20.000         21.94  0.4300   20.000         17.11  0.4300   20.000       -200.00  0.1930   20.000
          0.0348        8.78  0.4300   20.000         21.95  0.4300   20.000         17.16  0.4300   20.000       -200.00  0.1930   20.000
          0.0350        8.78  0.4300   20.000         21.96  0.4300   20.000         17.20  0.4300   20.000       -200.00  0.1930   20.000
          0.0352        8.78  0.4300   20.000         21.96  0.4300   20.000         17.24  0.4300   20.000       -200.00  0.1930   20.000
          0.0353        8.79  0.4300   20.000         21.97  0.4300   20.000         17.27  0.4300   20.000       -200.00  0.1930   20.000
          0.0355        8.79  0.4300   20.000         21.97  0.4300   20.000         17.30  0.4300   20.000       -200.00  0.1930   20.000
          0.0357        8.79  0.4300   20.000         21.97  0.4300   20.000         17.27  0.4300   20.000       -200.00  0.1930   20.000
          0.0360        8.80  0.4300   20.000         21.99  0.4300   20.000         17.39  0.4300   20.000       -200.00  0.1930   20.000
          0.0362        8.80  0.4300   20.000         22.01  0.4300   20.000         17.51  0.4300   20.000       -200.00  0.1930   20.000
          0.0364        8.81  0.4300   20.000         22.03  0.4300   20.000         17.61  0.4300   20.000       -200.00  0.1930   20.000
          0.0366        8.82  0.4300   20.000         22.04  0.4300   20.000         17.70  0.4300   20.000       -200.00  0.1930   20.000
          0.0368        8.82  0.4300   20.000         22.06  0.4300   20.000         17.79  0.4300   20.000       -200.00  0.1930   20.000
          0.0371        8.83  0.4300   20.000         22.07  0.4300   20.000         17.87  0.4300   20.000       -200.00  0.1930   20.000
          0.0373        8.83  0.4300   20.000         22.08  0.4300   20.000         17.94  0.4300   20.000       -200.00  0.1930   20.000
          0.0375        8.84  0.4300   20.000         22.09  0.4300   20.000         18.00  0.4300   20.000       -200.00  0.1930   20.000
          0.0377        8.84  0.4300   20.000         22.10  0.4300   20.000         18.07  0.4300   20.000       -200.00  0.1930   20.000
          0.0380        8.85  0.4300   20.000         22.12  0.4300   20.000         18.13  0.4300   20.000       -200.00  0.1930   20.000
          0.0383        8.85  0.4300   20.000         22.12  0.4300   20.000         18.19  0.4300   20.000       -200.00  0.1930   20.000
          0.0386        8.85  0.4300   20.000         22.13  0.4300   20.000         18.23  0.4300   20.000       -200.00  0.1930   20.000
          0.0387        8.85  0.4300   20.000         22.13  0.4300   20.000         18.25  0.4300   20.000       -200.00  0.1930   20.000
          0.0388        8.85  0.4300   20.000         22.14  0.4300   20.000         18.26  0.4300   20.000       -200.00  0.1930   20.000
          0.0389        8.85  0.4300   20.000         22.14  0.4300   20.000         18.25  0.4300   20.000       -200.00  0.1930   20.000
          0.0390        8.85  0.4300   20.000         22.13  0.4300   20.000         18.23  0.4300   20.000       -200.00  0.1930   20.000
          0.0391        8.86  0.4300   20.000         22.14  0.4300   20.000         18.30  0.4300   20.000       -200.00  0.1930   20.000
          0.0393        8.86  0.4300   20.000         22.16  0.4300   20.000         18.37  0.4300   20.000       -200.00  0.1930   20.000
          0.0395        8.87  0.4300   20.000         22.17  0.4300   20.000         18.45  0.4300   20.000       -200.00  0.1930   20.000
          0.0397        8.87  0.4300   20.000         22.18  0.4300   20.000         18.53  0.4300   20.000       -200.00  0.1930   20.000
          0.0399        8.88  0.4300   20.000         22.20  0.4300   20.000         18.60  0.4300   20.000       -200.00  0.1930   20.000
          0.0401        8.88  0.4300   20.000         22.21  0.4300   20.000         18.67  0.4300   20.000       -200.00  0.1930   20.000
          0.0404        8.89  0.4300   20.000         22.22  0.4300   20.000         18.73  0.4300   20.000       -200.00  0.1930   20.000
          0.0406        8.89  0.4300   20.000         22.23  0.4300   20.000         18.79  0.4300   20.000       -200.00  0.1930   20.000
          0.0408        8.89  0.4300   20.000         22.24  0.4300   20.000         18.84  0.4300   20.000       -200.00  0.1930   20.000
          0.0410        8.90  0.4300   20.000         22.24  0.4300   20.000         18.89  0.4300   20.000       -200.00  0.1930   20.000
          0.0412        8.90  0.4300   20.000         22.25  0.4300   20.000         18.93  0.4300   20.000       -200.00  0.1930   20.000
          0.0414        8.90  0.4300   20.000         22.26  0.4300   20.000         18.98  0.4300   20.000       -200.00  0.1930   20.000
          0.0416        8.91  0.4300   20.000         22.26  0.4300   20.000         19.01  0.4300   20.000       -200.00  0.1930   20.000
          0.0418        8.91  0.4300   20.000         22.27  0.4300   20.000         19.05  0.4300   20.000       -200.00  0.1930   20.000
          0.0421        8.91  0.4300   20.000         22.27  0.4300   20.000         19.07  0.4300   20.000       -200.00  0.1930   20.000
          0.0424        8.91  0.4300   20.000         22.27  0.4300   20.000         19.05  0.4300   20.000       -200.00  0.1930   20.000
          0.0427        8.92  0.4300   20.000         22.29  0.4300   20.000         19.15  0.4300   20.000       -200.00  0.1930   20.000
          0.0429        8.92  0.4300   20.000         22.31  0.4300   20.000         19.24  0.4300   20.000       -200.00  0.1930   20.000
          0.0432        8.93  0.4300   20.000         22.32  0.4300   20.000         19.33  0.4300   20.000       -200.00  0.1930   20.000
          0.0435        8.93  0.4300   20.000         22.33  0.4300   20.000         19.40  0.4300   20.000       -200.00  0.1930   20.000
          0.0438        8.94  0.4300   20.000         22.34  0.4300   20.000         19.47  0.4300   20.000       -200.00  0.1930   20.000
          0.0440        8.94  0.4300   20.000         22.35  0.4300   20.000         19.53  0.4300   20.000       -200.00  0.1930   20.000
          0.0443        8.95  0.4300   20.000         22.36  0.4300   20.000         19.59  0.4300   20.000       -200.00  0.1930   20.000
          0.0446        8.95  0.4300   20.000         22.37  0.4300   20.000         19.64  0.4300   20.000       -200.00  0.1930   20.000
          0.0449        8.95  0.4300   20.000         22.38  0.4300   20.000         19.69  0.4300   20.000       -200.00  0.1930   20.000
          0.0452        8.96  0.4300   20.000         22.39  0.4300   20.000         19.73  0.4300   20.000       -200.00  0.1930   20.000
          0.0454        8.96  0.4300   20.000         22.39  0.4300   20.000         19.76  0.4300   20.000       -200.00  0.1930   20.000
          0.0457        8.96  0.4300   20.000         22.40  0.4300   20.000         19.77  0.4300   20.000       -200.00  0.1930   20.000
          0.0460        8.96  0.4300   20.000         22.40  0.4300   20.000         19.77  0.4300   20.000       -200.00  0.1930   20.000
          0.0463        8.96  0.4300   20.000         22.41  0.4300   20.000         19.86  0.4300   20.000       -200.00  0.1930   20.000
          0.0465        8.97  0.4300   20.000         22.42  0.4300   20.000         19.93  0.4300   20.000       -200.00  0.1930   20.000
          0.0468        8.97  0.4300   20.000         22.44  0.4300   20.000         20.00  0.4300   20.000       -200.00  0.1930   20.000
          0.0471        8.98  0.4300   20.000         22.45  0.4300   20.000         20.07  0.4300   20.000       -200.00  0.1930   20.000
          0.0474        8.98  0.4300   20.000         22.46  0.4300   20.000         20.13  0.4300   20.000       -200.00  0.1930   20.000
          0.0476        8.99  0.4300   20.000         22.46  0.4300   20.000         20.18  0.4300   20.000       -200.00  0.1930   20.000
          0.0479        8.99  0.4300   20.000         22.47  0.4300   20.000         20.23  0.4300   20.000       -200.00  0.1930   20.000
          0.0482        8.99  0.4300   20.000         22.48  0.4300   20.000         20.27  0.4300   20.000       -200.00  0.1930   20.000
          0.0484        8.99  0.4300   20.000         22.49  0.4300   20.000         20.31  0.4300   20.000       -200.00  0.1930   20.000
          0.0487        9.00  0.4300   20.000         22.49  0.4300   20.000         20.34  0.4300   20.000       -200.00  0.1930   20.000
          0.0490        9.00  0.4300   20.000         22.50  0.4300   20.000         20.38  0.4300   20.000       -200.00  0.1930   20.000
          0.0493        9.00  0.4300   20.000         22.50  0.4300   20.000         20.40  0.4300   20.000       -200.00  0.1930   20.000
          0.0497        9.00  0.4300   20.000         22.50  0.4300   20.000         20.39  0.4300   20.000       -200.00  0.1930   20.000
          0.0500        9.01  0.4300   20.000         22.52  0.4300   20.000         20.48  0.4300   20.000       -200.00  0.1930   20.000
          0.0504        9.01  0.4300   20.000         22.53  0.4300   20.000         20.56  0.4300   20.000       -200.00  0.1930   20.000
          0.0507        9.02  0.4300   20.000         22.54  0.4300   20.000         20.63  0.4300   20.000       -200.00  0.1930   20.000
          0.0511        9.02  0.4300   20.000         22.55  0.4300   20.000         20.70  0.4300   20.000       -200.00  0.1930   20.000
          0.0514        9.03  0.4300   20.000         22.56  0.4300   20.000         20.76  0.4300   20.000       -200.00  0.1930   20.000
          0.0518        9.03  0.4300   20.000         22.57  0.4300   20.000         20.81  0.4300   20.000       -200.00  0.1930   20.000
          0.0522        9.03  0.4300   20.000         22.58  0.4300   20.000         20.86  0.4300   20.000       -200.00  0.1930   20.000
          0.0525        9.04  0.4300   20.000         22.59  0.4300   20.000         20.90  0.4300   20.000       -200.00  0.1930   20.000
          0.0529        9.04  0.4300   20.000         22.59  0.4300   20.000         20.93  0.4300   20.000       -200.00  0.1930   20.000
          0.0532        9.04  0.4300   20.000         22.60  0.4300   20.000         20.96  0.4300   20.000       -200.00  0.1930   20.000
          0.0536        9.04  0.4300   20.000         22.60  0.4300   20.000         20.96  0.4300   20.000       -200.00  0.1930   20.000
          0.0540        9.04  0.4300   20.000         22.61  0.4300   20.000         21.04  0.4300   20.000       -200.00  0.1930   20.000
          0.0543        9.05  0.4300   20.000         22.62  0.4300   20.000         21.11  0.4300   20.000       -200.00  0.1930   20.000
          0.0547        9.05  0.4300   20.000         22.63  0.4300   20.000         21.17  0.4300   20.000       -200.00  0.1930   20.000
          0.0550        9.06  0.4300   20.000         22.64  0.4300   20.000         21.23  0.4300   20.000       -200.00  0.1930   20.000
          0.0554        9.06  0.4300   20.000         22.65  0.4300   20.000         21.28  0.4300   20.000       -200.00  0.1930   20.000
          0.0557        9.06  0.4300   20.000         22.66  0.4300   20.000         21.32  0.4300   20.000       -200.00  0.1930   20.000
          0.0561        9.07  0.4300   20.000         22.67  0.4300   20.000         21.36  0.4300   20.000       -200.00  0.1930   20.000
          0.0565        9.07  0.4300   20.000         22.67  0.4300   20.000         21.40  0.4300   20.000       -200.00  0.1930   20.000
          0.0568        9.07  0.4300   20.000         22.68  0.4300   20.000         21.43  0.4300   20.000       -200.00  0.1930   20.000
          0.0572        9.07  0.4300   20.000         22.68  0.4300   20.000         21.45  0.4300   20.000       -200.00  0.1930   20.000
          0.0575        9.07  0.4300   20.000         22.68  0.4300   20.000         21.45  0.4300   20.000       -200.00  0.1930   20.000
          0.0579        9.08  0.4300   20.000         22.69  0.4300   20.000         21.52  0.4300   20.000       -200.00  0.1930   20.000
          0.0583        9.08  0.4300   20.000         22.70  0.4300   20.000         21.58  0.4300   20.000       -200.00  0.1930   20.000
          0.0586        9.09  0.4300   20.000         22.71  0.4300   20.000         21.63  0.4300   20.000       -200.00  0.1930   20.000
          0.0590        9.09  0.4300   20.000         22.72  0.4300   20.000         21.68  0.4300   20.000       -200.00  0.1930   20.000
          0.0593        9.09  0.4300   20.000         22.73  0.4300   20.000         21.73  0.4300   20.000       -200.00  0.1930   20.000
          0.0597        9.09  0.4300   20.000         22.74  0.4300   20.000         21.77  0.4300   20.000       -200.00  0.1930   20.000
          0.0601        9.10  0.4300   20.000         22.74  0.4300   20.000         21.80  0.4300   20.000       -200.00  0.1930   20.000
          0.0604        9.10  0.4300   20.000         22.75  0.4300   20.000         21.84  0.4300   20.000       -200.00  0.1930   20.000
          0.0608        9.10  0.4300   20.000         22.75  0.4300   20.000         21.86  0.4300   20.000       -200.00  0.1930   20.000
          0.0611        9.10  0.4300   20.000         22.76  0.4300   20.000         21.88  0.4300   20.000       -200.00  0.1930   20.000
          0.0615        9.10  0.4300   20.000         22.76  0.4300   20.000         21.89  0.4300   20.000       -200.00  0.1930   20.000
          0.0617        9.10  0.4300   20.000         22.76  0.4300   20.000         21.91  0.4300   20.000       -200.00  0.1930   20.000
          0.0620        9.11  0.4300   20.000         22.77  0.4300   20.000         21.95  0.4300   20.000       -200.00  0.1930   20.000
          0.0623        9.11  0.4300   20.000         22.78  0.4300   20.000         22.00  0.4300   20.000       -200.00  0.1930   20.000
          0.0627        9.11  0.4300   20.000         22.78  0.4300   20.000         22.04  0.4300   20.000       -200.00  0.1930   20.000
          0.0630        9.12  0.4300   20.000         22.79  0.4300   20.000         22.08  0.4300   20.000       -200.00  0.1930   20.000
          0.0633        9.12  0.4300   20.000         22.80  0.4300   20.000         22.12  0.4300   20.000       -200.00  0.1930   20.000
          0.0636        9.12  0.4300   20.000         22.80  0.4300   20.000         22.15  0.4300   20.000       -200.00  0.1930   20.000
          0.0640        9.12  0.4300   20.000         22.81  0.4300   20.000         22.18  0.4300   20.000       -200.00  0.1930   20.000
          0.0643        9.13  0.4300   20.000         22.81  0.4300   20.000         22.21  0.4300   20.000       -200.00  0.1930   20.000
          0.0646        9.13  0.4300   20.000         22.82  0.4300   20.000         22.24  0.4300   20.000       -200.00  0.1930   20.000
          0.0649        9.13  0.4300   20.000         22.82  0.4300   20.000         22.26  0.4300   20.000       -200.00  0.1930   20.000
          0.0653        9.13  0.4300   20.000         22.82  0.4300   20.000         22.28  0.4300   20.000       -200.00  0.1930   20.000
          0.0656        9.13  0.4300   20.000         22.82  0.4300   20.000         22.28  0.4300   20.000       -200.00  0.1930   20.000
          0.0659        9.13  0.4300   20.000         22.83  0.4300   20.000         22.30  0.4300   20.000       -200.00  0.1930   20.000
          0.0663        9.13  0.4300   20.000         22.84  0.4300   20.000         22.36  0.4300   20.000       -200.00  0.1930   20.000
          0.0668        9.14  0.4300   20.000         22.85  0.4300   20.000         22.41  0.4300   20.000       -200.00  0.1930   20.000
          0.0672        9.14  0.4300   20.000         22.85  0.4300   20.000         22.45  0.4300   20.000       -200.00  0.1930   20.000
          0.0676        9.14  0.4300   20.000         22.86  0.4300   20.000         22.49  0.4300   20.000       -200.00  0.1930   20.000
          0.0680        9.15  0.4300   20.000         22.87  0.4300   20.000         22.53  0.4300   20.000       -200.00  0.1930   20.000
          0.0685        9.15  0.4300   20.000         22.87  0.4300   20.000         22.57  0.4300   20.000       -200.00  0.1930   20.000
          0.0689        9.15  0.4300   20.000         22.88  0.4300   20.000         22.60  0.4300   20.000       -200.00  0.1930   20.000
          0.0693        9.15  0.4300   20.000         22.88  0.4300   20.000         22.62  0.4300   20.000       -200.00  0.1930   20.000
          0.0697        9.15  0.4300   20.000         22.89  0.4300   20.000         22.64  0.4300   20.000       -200.00  0.1930   20.000
          0.0702        9.15  0.4300   20.000         22.89  0.4300   20.000         22.64  0.4300   20.000       -200.00  0.1930   20.000
          0.0706        9.16  0.4300   20.000         22.90  0.4300   20.000         22.69  0.4300   20.000       -200.00  0.1930   20.000
          0.0710        9.16  0.4300   20.000         22.90  0.4300   20.000         22.74  0.4300   20.000       -200.00  0.1930   20.000
          0.0714        9.16  0.4300   20.000         22.91  0.4300   20.000         22.78  0.4300   20.000       -200.00  0.1930   20.000
          0.0719        9.17  0.4300   20.000         22.92  0.4300   20.000         22.82  0.4300   20.000       -200.00  0.1930   20.000
          0.0723        9.17  0.4300   20.000         22.92  0.4300   20.000         22.86  0.4300   20.000       -200.00  0.1930   20.000
          0.0727        9.17  0.4300   20.000         22.93  0.4300   20.000         22.89  0.4300   20.000       -200.00  0.1930   20.000
          0.0731        9.17  0.4300   20.000         22.93  0.4300   20.000         22.92  0.4300   20.000       -200.00  0.1930   20.000
          0.0736        9.18  0.4300   20.000         22.94  0.4300   20.000         22.94  0.4300   20.000       -200.00  0.1930   20.000
          0.0740        9.18  0.4300   20.000         22.94  0.4300   20.000         22.96  0.4300   20.000       -200.00  0.1930   20.000
          0.0744        9.18  0.4300   20.000         22.94  0.4300   20.000         22.98  0.4300   20.000       -200.00  0.1930   20.000
          0.0748        9.18  0.4300   20.000         22.95  0.4300   20.000         22.99  0.4300   20.000       -200.00  0.1930   20.000
          0.0753        9.18  0.4300   20.000         22.95  0.4300   20.000         23.04  0.4300   20.000       -199.99  0.1930   20.000
          0.0757        9.18  0.4300   20.000         22.96  0.4300   20.000         23.08  0.4300   20.000       -199.99  0.1930   20.000
          0.0761        9.19  0.4300   20.000         22.97  0.4300   20.000         23.11  0.4300   20.000       -199.99  0.1930   20.000
          0.0765        9.19  0.4300   20.000         22.97  0.4300   20.000         23.15  0.4300   20.000       -199.98  0.1930   20.000
          0.0770        9.19  0.4300   20.000         22.98  0.4300   20.000         23.18  0.4300   20.000       -199.97  0.1930   20.000
          0.0774        9.19  0.4300   20.000         22.98  0.4300   20.000         23.21  0.4300   20.000       -199.95  0.1930   20.000
          0.0778        9.19  0.4300   20.000         22.99  0.4300   20.000         23.23  0.4300   20.000       -199.92  0.1930   20.000
          0.0782        9.20  0.4300   20.000         22.99  0.4300   20.000         23.25  0.4300   20.000       -199.87  0.1930   20.000
          0.0787        9.20  0.4300   20.000         22.99  0.4300   20.000         23.27  0.4300   20.000       -199.80  0.1931   20.000
          0.0791        9.20  0.4300   20.000         23.00  0.4300   20.000         23.28  0.4300   20.000       -199.70  0.1931   20.000
          0.0795        9.20  0.4300   20.000         23.00  0.4300   20.000         23.30  0.4300   20.000       -199.54  0.1931   20.000
          0.0799        9.20  0.4300   20.000         23.01  0.4300   20.000         23.34  0.4300   20.000       -199.30  0.1932   20.000
          0.0804        9.20  0.4300   20.000         23.01  0.4300   20.000         23.38  0.4300   20.000       -198.93  0.1933   20.000
          0.0808        9.21  0.4300   20.000         23.02  0.4300   20.000         23.41  0.4300   20.000       -198.35  0.1935   20.000
          0.0812        9.21  0.4300   20.000         23.02  0.4300   20.000         23.44  0.4300   20.000       -197.47  0.1937   20.000
          0.0816        9.21  0.4300   20.000         23.03  0.4300   20.000         23.46  0.4300   20.000       -196.16  0.1941   20.000
          0.0821        9.21  0.4300   20.000         23.03  0.4300   20.000         23.49  0.4300   20.000       -194.11  0.1946   20.000
          0.0825        9.21  0.4300   20.000         23.03  0.4300   20.000         23.51  0.4300   20.000       -191.30  0.1955   20.000
          0.0829        9.22  0.4300   20.000         23.04  0.4300   20.000         23.53  0.4300   20.000       -187.98  0.1967   20.000
          0.0833        9.22  0.4300   20.000         23.04  0.4300   20.000         23.54  0.4300   20.000       -183.35  0.1985   20.000
          0.0838        9.22  0.4300   20.000         23.04  0.4300   20.000         23.55  0.4300   20.000       -176.58  0.2011   20.000
          0.0842        9.22  0.4300   20.000         23.05  0.4300   20.000         23.57  0.4300   20.000       -167.83  0.2045   20.000
          0.0846        9.22  0.4300   20.000         23.05  0.4300   20.000         23.61  0.4300   20.000       -156.38  0.2089   20.000
          0.0850        9.22  0.4300   20.000         23.06  0.4300   20.000         23.64  0.4300   20.000       -145.06  0.2143   20.000
          0.0855        9.22  0.4300   20.000         23.06  0.4300   20.000         23.67  0.4300   20.000       -133.13  0.2207   20.000
          0.0859        9.23  0.4300   20.000         23.07  0.4300   20.000         23.70  0.4300   20.000       -119.69  0.2281   20.000
          0.0863        9.23  0.4300   20.000         23.07  0.4300   20.000         23.72  0.4300   20.000       -108.80  0.2361   20.000
          0.0867        9.23  0.4300   20.000         23.07  0.4300   20.000         23.74  0.4300   20.000        -96.83  0.2449   20.000
          0.0872        9.23  0.4300   20.000         23.08  0.4300   20.000         23.76  0.4300   20.000        -87.09  0.2542   20.000
          0.0876        9.23  0.4300   20.000         23.08  0.4300   20.000         23.78  0.4300   20.000        -77.56  0.2637   20.000
          0.0880        9.23  0.4300   20.000         23.08  0.4300   20.000         23.79  0.4300   20.000        -69.70  0.2734   20.000
          0.0884        9.23  0.4300   20.000         23.08  0.4300   20.000         23.80  0.4300   20.000        -62.49  0.2828   20.000
          0.0889        9.23  0.4300   20.000         23.09  0.4300   20.000         23.82  0.4300   20.000        -56.37  0.2922   20.000
          0.0893        9.24  0.4300   20.000         23.09  0.4300   20.000         23.85  0.4300   20.000        -50.99  0.3012   20.000
          0.0897        9.24  0.4300   20.000         23.10  0.4300   20.000         23.88  0.4300   20.000        -46.22  0.3097   20.000
          0.0901        9.24  0.4300   20.000         23.10  0.4300   20.000         23.91  0.4300   20.000        -42.21  0.3181   20.000
          0.0906        9.24  0.4300   20.000         23.11  0.4300   20.000         23.93  0.4300   20.000        -38.41  0.3260   20.000
          0.0910        9.24  0.4300   20.000         23.11  0.4300   20.000         23.95  0.4300   20.000        -35.27  0.3334   20.000
          0.0914        9.25  0.4300   20.000         23.11  0.4300   20.000         23.97  0.4300   20.000        -32.39  0.3405   20.000
          0.0918        9.25  0.4300   20.000         23.12  0.4300   20.000         23.99  0.4300   20.000        -29.64  0.3474   20.000
          0.0923        9.25  0.4300   20.000         23.12  0.4300   20.000         24.01  0.4300   20.000        -27.38  0.3538   20.000
          0.0927        9.25  0.4300   20.000         23.12  0.4300   20.000         24.02  0.4300   20.000        -25.25  0.3598   20.000
          0.0931        9.25  0.4300   20.000         23.12  0.4300   20.000         24.03  0.4300   20.000        -23.24  0.3656   20.000
          0.0935        9.25  0.4300   20.000         23.12  0.4300   20.000         24.04  0.4300   20.000        -21.54  0.3708   20.000
          0.0940        9.25  0.4300   20.000         23.13  0.4300   20.000         24.07  0.4300   20.000        -19.92  0.3757   20.000
          0.0944        9.25  0.4300   20.000         23.13  0.4300   20.000         24.09  0.4300   20.000        -18.46  0.3803   20.000
          0.0948        9.26  0.4300   20.000         23.14  0.4300   20.000         24.12  0.4300   20.000        -17.17  0.3844   20.000
          0.0952        9.26  0.4300   20.000         23.14  0.4300   20.000         24.14  0.4300   20.000        -15.98  0.3882   20.000
          0.0957        9.26  0.4300   20.000         23.15  0.4300   20.000         24.16  0.4300   20.000        -14.88  0.3917   20.000
          0.0961        9.26  0.4300   20.000         23.15  0.4300   20.000         24.18  0.4300   20.000        -13.86  0.3951   20.000
          0.0965        9.26  0.4300   20.000         23.15  0.4300   20.000         24.20  0.4300   20.000        -12.93  0.3981   20.000
          0.0970        9.26  0.4300   20.000         23.16  0.4300   20.000         24.22  0.4300   20.000        -12.07  0.4008   20.000
          0.0974        9.26  0.4300   20.000         23.16  0.4300   20.000         24.23  0.4300   20.000        -11.24  0.4035   20.000
          0.0978        9.26  0.4300   20.000         23.16  0.4300   20.000         24.24  0.4300   20.000        -10.50  0.4058   20.000
          0.0983        9.26  0.4300   20.000         23.16  0.4300   20.000         24.24  0.4300   20.000         -9.80  0.4080   20.000
          0.0987        9.27  0.4300   20.000         23.16  0.4300   20.000         24.27  0.4300   20.000         -9.13  0.4101   20.000
          0.0991        9.27  0.4300   20.000         23.17  0.4300   20.000         24.29  0.4300   20.000         -8.52  0.4119   20.000
          0.0996        9.27  0.4300   20.000         23.17  0.4300   20.000         24.32  0.4300   20.000         -7.96  0.4135   20.000
          0.1000        9.27  0.4300   20.000         23.18  0.4300   20.000         24.34  0.4300   20.000         -7.44  0.4151   20.000
          0.1004        9.27  0.4300   20.000         23.18  0.4300   20.000         24.36  0.4300   20.000         -6.95  0.4165   20.000
          0.1008        9.27  0.4300   20.000         23.18  0.4300   20.000         24.38  0.4300   20.000         -6.50  0.4177   20.000
          0.1013        9.27  0.4300   20.000         23.19  0.4300   20.000         24.40  0.4300   20.000         -6.08  0.4189   20.000
          0.1017        9.28  0.4300   20.000         23.19  0.4300   20.000         24.41  0.4300   20.000         -5.67  0.4200   20.000
          0.1021        9.28  0.4300   20.000         23.19  0.4300   20.000         24.43  0.4300   20.000         -5.28  0.4209   20.000
          0.1025        9.28  0.4300   20.000         23.19  0.4300   20.000         24.44  0.4300   20.000         -4.93  0.4218   20.000
          0.1030        9.28  0.4300   20.000         23.19  0.4300   20.000         24.44  0.4300   20.000         -4.57  0.4227   20.000
          0.1035        9.28  0.4300   20.000         23.20  0.4300   20.000         24.45  0.4300   20.000         -4.14  0.4237   20.000
          0.1041        9.28  0.4300   20.000         23.20  0.4300   20.000         24.49  0.4300   20.000         -3.76  0.4246   20.000
          0.1046        9.28  0.4300   20.000         23.21  0.4300   20.000         24.51  0.4300   20.000         -3.40  0.4253   20.000
          0.1052        9.28  0.4300   20.000         23.21  0.4300   20.000         24.54  0.4300   20.000         -3.07  0.4260   20.000
          0.1057        9.29  0.4300   20.000         23.21  0.4300   20.000         24.56  0.4300   20.000         -2.77  0.4266   20.000
          0.1063        9.29  0.4300   20.000         23.22  0.4300   20.000         24.58  0.4300   20.000         -2.47  0.4271   20.000
          0.1068        9.29  0.4300   20.000         23.22  0.4300   20.000         24.60  0.4300   20.000         -2.19  0.4276   20.000
          0.1074        9.29  0.4300   20.000         23.22  0.4300   20.000         24.62  0.4300   20.000         -1.93  0.4280   20.000
          0.1079        9.29  0.4300   20.000         23.23  0.4300   20.000         24.63  0.4300   20.000         -1.68  0.4284   20.000
          0.1085        9.29  0.4300   20.000         23.23  0.4300   20.000         24.63  0.4300   20.000         -1.44  0.4288   20.000
          0.1091        9.29  0.4300   20.000         23.23  0.4300   20.000         24.66  0.4300   20.000         -1.22  0.4290   20.000
          0.1096        9.29  0.4300   20.000         23.24  0.4300   20.000         24.69  0.4300   20.000         -1.02  0.4293   20.000
          0.1102        9.30  0.4300   20.000         23.24  0.4300   20.000         24.71  0.4300   20.000         -0.84  0.4295   20.000
          0.1107        9.30  0.4300   20.000         23.24  0.4300   20.000         24.73  0.4300   20.000         -0.68  0.4296   20.000
          0.1113        9.30  0.4300   20.000         23.25  0.4300   20.000         24.75  0.4300   20.000         -0.51  0.4297   20.000
          0.1118        9.30  0.4300   20.000         23.25  0.4300   20.000         24.77  0.4300   20.000         -0.36  0.4299   20.000
          0.1124        9.30  0.4300   20.000         23.25  0.4300   20.000         24.79  0.4300   20.000         -0.24  0.4299   20.000
          0.1129        9.30  0.4300   20.000         23.26  0.4300   20.000         24.80  0.4300   20.000         -0.11  0.4300   20.000
          0.1135        9.30  0.4300   20.000         23.26  0.4300   20.000         24.81  0.4300   20.000         -0.00  0.4300   20.000
          0.1140        9.30  0.4300   20.000         23.26  0.4300   20.000         24.82  0.4300   20.000          0.11  0.4300   20.000
          0.1146        9.31  0.4300   20.000         23.26  0.4300   20.000         24.85  0.4300   20.000          0.26  0.4300   20.000
          0.1151        9.31  0.4300   20.000         23.27  0.4300   20.000         24.87  0.4300   20.000          0.40  0.4300   20.000
          0.1157        9.31  0.4300   20.000         23.27  0.4300   20.000         24.89  0.4300   20.000          0.53  0.4300   20.000
          0.1162        9.31  0.4300   20.000         23.27  0.4300   20.000         24.91  0.4300   20.000          0.64  0.4300   20.000
          0.1168        9.31  0.4300   20.000         23.28  0.4300   20.000         24.93  0.4300   20.000          0.75  0.4300   20.000
          0.1173        9.31  0.4300   20.000         23.28  0.4300   20.000         24.95  0.4300   20.000          0.83  0.4300   20.000
          0.1179        9.31  0.4300   20.000         23.28  0.4300   20.000         24.96  0.4300   20.000          0.92  0.4300   20.000
          0.1184        9.31  0.4300   20.000         23.28  0.4300   20.000         24.97  0.4300   20.000          0.97  0.4300   20.000
          0.1190        9.31  0.4300   20.000         23.28  0.4300   20.000         24.97  0.4300   20.000          0.98  0.4300   20.000
          0.1195        9.32  0.4300   20.000         23.29  0.4300   20.000         25.00  0.4300   20.000          1.13  0.4300   20.000
          0.1201        9.32  0.4300   20.000         23.29  0.4300   20.000         25.02  0.4300   20.000          1.27  0.4300   20.000
          0.1207        9.32  0.4300   20.000         23.30  0.4300   20.000         25.04  0.4300   20.000          1.38  0.4300   20.000
          0.1212        9.32  0.4300   20.000         23.30  0.4300   20.000         25.06  0.4300   20.000          1.50  0.4300   20.000
          0.1218        9.32  0.4300   20.000         23.30  0.4300   20.000         25.08  0.4300   20.000          1.60  0.4300   20.000
          0.1223        9.32  0.4300   20.000         23.31  0.4300   20.000         25.09  0.4300   20.000          1.69  0.4300   20.000
          0.1229        9.32  0.4300   20.000         23.31  0.4300   20.000         25.11  0.4300   20.000          1.78  0.4300   20.000
          0.1234        9.32  0.4300   20.000         23.31  0.4300   20.000         25.12  0.4300   20.000          1.83  0.4300   20.000
          0.1240        9.32  0.4300   20.000         23.31  0.4300   20.000         25.12  0.4300   20.000          1.87  0.4300   20.000
          0.1245        9.32  0.4300   20.000         23.31  0.4300   20.000         25.13  0.4300   20.000          1.94  0.4300   20.000
          0.1251        9.33  0.4300   20.000         23.32  0.4300   20.000         25.15  0.4300   20.000          2.07  0.4300   20.000
          0.1256        9.33  0.4300   20.000         23.32  0.4300   20.000         25.18  0.4300   20.000          2.18  0.4300   20.000
          0.1262        9.33  0.4300   20.000         23.32  0.4300   20.000         25.20  0.4300   20.000          2.30  0.4300   20.000
          0.1267        9.33  0.4300   20.000         23.33  0.4300   20.000         25.21  0.4300   20.000          2.40  0.4300   20.000
          0.1273        9.33  0.4300   20.000         23.33  0.4300   20.000         25.23  0.4300   20.000          2.49  0.4300   20.000
          0.1278        9.33  0.4300   20.000         23.33  0.4300   20.000         25.24  0.4300   20.000          2.58  0.4300   20.000
          0.1284        9.33  0.4300   20.000         23.33  0.4300   20.000         25.25  0.4300   20.000          2.64  0.4300   20.000
          0.1289        9.33  0.4300   20.000         23.33  0.4300   20.000         25.26  0.4300   20.000          2.70  0.4300   20.000
          0.1295        9.33  0.4300   20.000         23.34  0.4300   20.000         25.27  0.4300   20.000          2.72  0.4300   20.000
          0.1300        9.34  0.4300   20.000         23.34  0.4300   20.000         25.28  0.4300   20.000          2.81  0.4300   20.000
          0.1306        9.34  0.4300   20.000         23.34  0.4300   20.000         25.30  0.4300   20.000          2.92  0.4300   20.000
          0.1311        9.34  0.4300   20.000         23.34  0.4300   20.000         25.32  0.4300   20.000          3.04  0.4300   20.000
          0.1317        9.34  0.4300   20.000         23.35  0.4300   20.000         25.34  0.4300   20.000          3.13  0.4300   20.000
          0.1323        9.34  0.4300   20.000         23.35  0.4300   20.000         25.35  0.4300   20.000          3.23  0.4300   20.000
          0.1328        9.34  0.4300   20.000         23.35  0.4300   20.000         25.37  0.4300   20.000          3.31  0.4300   20.000
          0.1334        9.34  0.4300   20.000         23.35  0.4300   20.000         25.38  0.4300   20.000          3.39  0.4300   20.000
          0.1339        9.34  0.4300   20.000         23.36  0.4300   20.000         25.39  0.4300   20.000          3.45  0.4300   20.000
          0.1345        9.34  0.4300   20.000         23.36  0.4300   20.000         25.40  0.4300   20.000          3.50  0.4300   20.000
          0.1350        9.34  0.4300   20.000         23.36  0.4300   20.000         25.41  0.4300   20.000          3.55  0.4300   20.000
          0.1356        9.34  0.4300   20.000         23.36  0.4300   20.000         25.42  0.4300   20.000          3.60  0.4300   20.000
          0.1361        9.35  0.4300   20.000         23.36  0.4300   20.000         25.44  0.4300   20.000          3.72  0.4300   20.000
          0.1367        9.35  0.4300   20.000         23.37  0.4300   20.000         25.45  0.4300   20.000          3.82  0.4300   20.000
          0.1372        9.35  0.4300   20.000         23.37  0.4300   20.000         25.47  0.4300   20.000          3.91  0.4300   20.000
          0.1378        9.35  0.4300   20.000         23.37  0.4300   20.000         25.48  0.4300   20.000          4.00  0.4300   20.000
          0.1383        9.35  0.4300   20.000         23.37  0.4300   20.000         25.50  0.4300   20.000          4.07  0.4300   20.000
          0.1389        9.35  0.4300   20.000         23.38  0.4300   20.000         25.51  0.4300   20.000          4.15  0.4300   20.000
          0.1394        9.35  0.4300   20.000         23.38  0.4300   20.000         25.52  0.4300   20.000          4.20  0.4300   20.000
          0.1400        9.35  0.4300   20.000         23.38  0.4300   20.000         25.53  0.4300   20.000          4.25  0.4300   20.000
          0.1405        9.35  0.4300   20.000         23.38  0.4300   20.000         25.52  0.4300   20.000          4.24  0.4300   20.000
          0.1411        9.35  0.4300   20.000         23.38  0.4300   20.000         25.54  0.4300   20.000          4.35  0.4300   20.000
          0.1416        9.35  0.4300   20.000         23.39  0.4300   20.000         25.56  0.4300   20.000          4.45  0.4300   20.000
          0.1422        9.36  0.4300   20.000         23.39  0.4300   20.000         25.58  0.4300   20.000          4.55  0.4300   20.000
          0.1427        9.36  0.4300   20.000         23.39  0.4300   20.000         25.59  0.4300   20.000          4.64  0.4300   20.000
          0.1433        9.36  0.4300   20.000         23.39  0.4300   20.000         25.61  0.4300   20.000          4.72  0.4300   20.000
          0.1439        9.36  0.4300   20.000         23.40  0.4300   20.000         25.62  0.4300   20.000          4.79  0.4300   20.000
          0.1444        9.36  0.4300   20.000         23.40  0.4300   20.000         25.63  0.4300   20.000          4.85  0.4300   20.000
          0.1450        9.36  0.4300   20.000         23.40  0.4300   20.000         25.64  0.4300   20.000          4.91  0.4300   20.000
          0.1455        9.36  0.4300   20.000         23.40  0.4300   20.000         25.65  0.4300   20.000          4.96  0.4300   20.000
          0.1461        9.36  0.4300   20.000         23.40  0.4300   20.000         25.65  0.4300   20.000          4.98  0.4300   20.000
          0.1466        9.36  0.4300   20.000         23.40  0.4300   20.000         25.66  0.4300   20.000          5.05  0.4300   20.000
          0.1472        9.36  0.4300   20.000         23.41  0.4300   20.000         25.68  0.4300   20.000          5.14  0.4300   20.000
          0.1478        9.36  0.4300   20.000         23.41  0.4300   20.000         25.69  0.4300   20.000          5.23  0.4300   20.000
          0.1483        9.36  0.4300   20.000         23.41  0.4300   20.000         25.71  0.4300   20.000          5.32  0.4300   20.000
          0.1489        9.37  0.4300   20.000         23.41  0.4300   20.000         25.72  0.4300   20.000          5.40  0.4300   20.000
          0.1494        9.37  0.4300   20.000         23.41  0.4300   20.000         25.73  0.4300   20.000          5.46  0.4300   20.000
          0.1500        9.37  0.4300   20.000         23.42  0.4300   20.000         25.74  0.4300   20.000          5.53  0.4300   20.000
          0.1506        9.37  0.4300   20.000         23.42  0.4300   20.000         25.75  0.4300   20.000          5.58  0.4300   20.000
          0.1511        9.37  0.4300   20.000         23.42  0.4300   20.000         25.76  0.4300   20.000          5.62  0.4300   20.000
          0.1517        9.37  0.4300   20.000         23.42  0.4300   20.000         25.76  0.4300   20.000          5.64  0.4300   20.000
          0.1522        9.37  0.4300   20.000         23.42  0.4300   20.000         25.77  0.4300   20.000          5.69  0.4300   20.000
          0.1528        9.37  0.4300   20.000         23.42  0.4300   20.000         25.79  0.4300   20.000          5.79  0.4300   20.000
          0.1533        9.37  0.4300   20.000         23.43  0.4300   20.000         25.80  0.4300   20.000          5.87  0.4300   20.000
          0.1539        9.37  0.4300   20.000         23.43  0.4300   20.000         25.82  0.4300   20.000          5.95  0.4300   20.000
          0.1544        9.37  0.4300   20.000         23.43  0.4300   20.000         25.83  0.4300   20.000          6.03  0.4300   20.000
          0.1550        9.37  0.4300   20.000         23.43  0.4300   20.000         25.84  0.4300   20.000          6.09  0.4300   20.000
          0.1555        9.37  0.4300   20.000         23.43  0.4300   20.000         25.85  0.4300   20.000          6.15  0.4300   20.000
          0.1561        9.37  0.4300   20.000         23.44  0.4300   20.000         25.86  0.4300   20.000          6.20  0.4300   20.000
          0.1566        9.38  0.4300   20.000         23.44  0.4300   20.000         25.87  0.4300   20.000          6.25  0.4300   20.000
          0.1572        9.38  0.4300   20.000         23.44  0.4300   20.000         25.87  0.4300   20.000          6.28  0.4300   20.000
          0.1577        9.38  0.4300   20.000         23.44  0.4300   20.000         25.87  0.4300   20.000          6.29  0.4300   20.000
          0.1583        9.38  0.4300   20.000         23.44  0.4300   20.000         25.89  0.4300   20.000          6.39  0.4300   20.000
          0.1588        9.38  0.4300   20.000         23.44  0.4300   20.000         25.90  0.4300   20.000          6.47  0.4300   20.000
          0.1594        9.38  0.4300   20.000         23.45  0.4300   20.000         25.92  0.4300   20.000          6.54  0.4300   20.000
          0.1599        9.38  0.4300   20.000         23.45  0.4300   20.000         25.93  0.4300   20.000          6.62  0.4300   20.000
          0.1605        9.38  0.4300   20.000         23.45  0.4300   20.000         25.94  0.4300   20.000          6.68  0.4300   20.000
          0.1610        9.38  0.4300   20.000         23.45  0.4300   20.000         25.95  0.4300   20.000          6.74  0.4300   20.000
          0.1616        9.38  0.4300   20.000         23.45  0.4300   20.000         25.96  0.4300   20.000          6.79  0.4300   20.000
          0.1622        9.38  0.4300   20.000         23.45  0.4300   20.000         25.97  0.4300   20.000          6.84  0.4300   20.000
          0.1627        9.38  0.4300   20.000         23.46  0.4300   20.000         25.97  0.4300   20.000          6.87  0.4300   20.000
          0.1633        9.38  0.4300   20.000         23.46  0.4300   20.000         25.98  0.4300   20.000          6.91  0.4300   20.000
          0.1638        9.38  0.4300   20.000         23.46  0.4300   20.000         25.98  0.4300   20.000          6.94  0.4300   20.000
          0.1644        9.38  0.4300   20.000         23.46  0.4300   20.000         26.00  0.4300   20.000          7.02  0.4300   20.000
          0.1649        9.38  0.4300   20.000         23.46  0.4300   20.000         26.01  0.4300   20.000          7.10  0.4300   20.000
          0.1655        9.39  0.4300   20.000         23.46  0.4300   20.000         26.02  0.4300   20.000          7.17  0.4300   20.000
          0.1660        9.39  0.4300   20.000         23.47  0.4300   20.000         26.03  0.4300   20.000          7.23  0.4300   20.000
          0.1666        9.39  0.4300   20.000         23.47  0.4300   20.000         26.04  0.4300   20.000          7.29  0.4300   20.000
          0.1671        9.39  0.4300   20.000         23.47  0.4300   20.000         26.05  0.4300   20.000          7.34  0.4300   20.000
          0.1677        9.39  0.4300   20.000         23.47  0.4300   20.000         26.06  0.4300   20.000          7.39  0.4300   20.000
          0.1682        9.39  0.4300   20.000         23.47  0.4300   20.000         26.07  0.4300   20.000          7.43  0.4300   20.000
          0.1688        9.39  0.4300   20.000         23.47  0.4300   20.000         26.07  0.4300   20.000          7.45  0.4300   20.000
          0.1693        9.39  0.4300   20.000         23.47  0.4300   20.000         26.07  0.4300   20.000          7.47  0.4300   20.000
          0.1699        9.39  0.4300   20.000         23.48  0.4300   20.000         26.09  0.4300   20.000          7.55  0.4300   20.000
          0.1704        9.39  0.4300   20.000         23.48  0.4300   20.000         26.10  0.4300   20.000          7.62  0.4300   20.000
          0.1710        9.39  0.4300   20.000         23.48  0.4300   20.000         26.11  0.4300   20.000          7.69  0.4300   20.000
          0.1715        9.39  0.4300   20.000         23.48  0.4300   20.000         26.12  0.4300   20.000          7.75  0.4300   20.000
          0.1721        9.39  0.4300   20.000         23.48  0.4300   20.000         26.13  0.4300   20.000          7.81  0.4300   20.000
          0.1726        9.39  0.4300   20.000         23.48  0.4300   20.000         26.14  0.4300   20.000          7.86  0.4300   20.000
          0.1732        9.39  0.4300   20.000         23.49  0.4300   20.000         26.15  0.4300   20.000          7.91  0.4300   20.000
          0.1738        9.39  0.4300   20.000         23.49  0.4300   20.000         26.16  0.4300   20.000          7.95  0.4300   20.000
          0.1743        9.40  0.4300   20.000         23.49  0.4300   20.000         26.16  0.4300   20.000          7.99  0.4300   20.000
          0.1749        9.40  0.4300   20.000         23.49  0.4300   20.000         26.16  0.4300   20.000          8.01  0.4300   20.000
          0.1754        9.40  0.4300   20.000         23.49  0.4300   20.000         26.17  0.4300   20.000          8.04  0.4300   20.000
          0.1760        9.40  0.4300   20.000         23.49  0.4300   20.000         26.18  0.4300   20.000          8.11  0.4300   20.000
          0.1765        9.40  0.4300   20.000         23.49  0.4300   20.000         26.19  0.4300   20.000          8.18  0.4300   20.000
          0.1771        9.40  0.4300   20.000         23.50  0.4300   20.000         26.20  0.4300   20.000          8.24  0.4300   20.000
          0.1776        9.40  0.4300   20.000         23.50  0.4300   20.000         26.21  0.4300   20.000          8.30  0.4300   20.000
          0.1782        9.40  0.4300   20.000         23.50  0.4300   20.000         26.22  0.4300   20.000          8.36  0.4300   20.000
          0.1787        9.40  0.4300   20.000         23.50  0.4300   20.000         26.23  0.4300   20.000          8.40  0.4300   20.000
          0.1793        9.40  0.4300   20.000         23.50  0.4300   20.000         26.24  0.4300   20.000          8.45  0.4300   20.000
          0.1798        9.40  0.4300   20.000         23.50  0.4300   20.000         26.25  0.4300   20.000          8.49  0.4300   20.000
          0.1804        9.40  0.4300   20.000         23.50  0.4300   20.000         26.25  0.4300   20.000          8.51  0.4300   20.000
          0.1809        9.40  0.4300   20.000         23.50  0.4300   20.000         26.25  0.4300   20.000          8.51  0.4300   20.000
          0.1815        9.40  0.4300   20.000         23.51  0.4300   20.000         26.26  0.4300   20.000          8.58  0.4300   20.000
          0.1820        9.40  0.4300   20.000         23.51  0.4300   20.000         26.27  0.4300   20.000          8.64  0.4300   20.000
          0.1826        9.40  0.4300   20.000         23.51  0.4300   20.000         26.28  0.4300   20.000          8.71  0.4300   20.000
          0.1831        9.40  0.4300   20.000         23.51  0.4300   20.000         26.29  0.4300   20.000          8.76  0.4300   20.000
          0.1837        9.40  0.4300   20.000         23.51  0.4300   20.000         26.30  0.4300   20.000          8.82  0.4300   20.000
          0.1843        9.41  0.4300   20.000         23.51  0.4300   20.000         26.31  0.4300   20.000          8.87  0.4300   20.000
          0.1848        9.41  0.4300   20.000         23.52  0.4300   20.000         26.32  0.4300   20.000          8.91  0.4300   20.000
          0.1854        9.41  0.4300   20.000         23.52  0.4300   20.000         26.33  0.4300   20.000          8.95  0.4300   20.000
          0.1859        9.41  0.4300   20.000         23.52  0.4300   20.000         26.33  0.4300   20.000          8.99  0.4300   20.000
          0.1865        9.41  0.4300   20.000         23.52  0.4300   20.000         26.33  0.4300   20.000          9.01  0.4300   20.000
          0.1872        9.41  0.4300   20.000         23.52  0.4300   20.000         26.34  0.4300   20.000          9.03  0.4300   20.000
          0.1879        9.41  0.4300   20.000         23.52  0.4300   20.000         26.35  0.4300   20.000          9.11  0.4300   20.000
          0.1886        9.41  0.4300   20.000         23.52  0.4300   20.000         26.37  0.4300   20.000          9.19  0.4300   20.000
          0.1893        9.41  0.4300   20.000         23.53  0.4300   20.000         26.38  0.4300   20.000          9.26  0.4300   20.000
          0.1901        9.41  0.4300   20.000         23.53  0.4300   20.000         26.39  0.4300   20.000          9.33  0.4300   20.000
          0.1908        9.41  0.4300   20.000         23.53  0.4300   20.000         26.40  0.4300   20.000          9.39  0.4300   20.000
          0.1915        9.41  0.4300   20.000         23.53  0.4300   20.000         26.41  0.4300   20.000          9.43  0.4300   20.000
          0.1922        9.41  0.4300   20.000         23.53  0.4300   20.000         26.41  0.4300   20.000          9.47  0.4300   20.000
          0.1929        9.41  0.4300   20.000         23.53  0.4300   20.000         26.41  0.4300   20.000          9.48  0.4300   20.000
          0.1936        9.41  0.4300   20.000         23.53  0.4300   20.000         26.43  0.4300   20.000          9.54  0.4300   20.000
          0.1943        9.41  0.4300   20.000         23.54  0.4300   20.000         26.44  0.4300   20.000          9.62  0.4300   20.000
          0.1950        9.42  0.4300   20.000         23.54  0.4300   20.000         26.45  0.4300   20.000          9.69  0.4300   20.000
          0.1958        9.42  0.4300   20.000         23.54  0.4300   20.000         26.46  0.4300   20.000          9.75  0.4300   20.000
          0.1965        9.42  0.4300   20.000         23.54  0.4300   20.000         26.47  0.4300   20.000          9.81  0.4300   20.000
          0.1972        9.42  0.4300   20.000         23.54  0.4300   20.000         26.48  0.4300   20.000          9.86  0.4300   20.000
          0.1979        9.42  0.4300   20.000         23.54  0.4300   20.000         26.49  0.4300   20.000          9.91  0.4300   20.000
          0.1986        9.42  0.4300   20.000         23.54  0.4300   20.000         26.49  0.4300   20.000          9.93  0.4300   20.000
          0.1993        9.42  0.4300   20.000         23.55  0.4300   20.000         26.49  0.4300   20.000          9.94  0.4300   20.000
          0.2000        9.42  0.4300   20.000         23.55  0.4300   20.000         26.51  0.4300   20.000         10.02  0.4300   20.000
          0.2007        9.42  0.4300   20.000         23.55  0.4300   20.000         26.52  0.4300   20.000         10.09  0.4300   20.000
          0.2014        9.42  0.4300   20.000         23.55  0.4300   20.000         26.53  0.4300   20.000         10.16  0.4300   20.000
          0.2022        9.42  0.4300   20.000         23.55  0.4300   20.000         26.54  0.4300   20.000         10.22  0.4300   20.000
          0.2029        9.42  0.4300   20.000         23.55  0.4300   20.000         26.55  0.4300   20.000         10.27  0.4300   20.000
          0.2036        9.42  0.4300   20.000         23.56  0.4300   20.000         26.56  0.4300   20.000         10.32  0.4300   20.000
          0.2043        9.42  0.4300   20.000         23.56  0.4300   20.000         26.56  0.4300   20.000         10.35  0.4300   20.000
          0.2050        9.42  0.4300   20.000         23.56  0.4300   20.000         26.57  0.4300   20.000         10.37  0.4300   20.000
          0.2057        9.42  0.4300   20.000         23.56  0.4300   20.000         26.57  0.4300   20.000         10.41  0.4300   20.000
          0.2065        9.42  0.4300   20.000         23.56  0.4300   20.000         26.59  0.4300   20.000         10.48  0.4300   20.000
          0.2072        9.43  0.4300   20.000         23.56  0.4300   20.000         26.60  0.4300   20.000         10.55  0.4300   20.000
          0.2079        9.43  0.4300   20.000         23.56  0.4300   20.000         26.61  0.4300   20.000         10.61  0.4300   20.000
          0.2086        9.43  0.4300   20.000         23.57  0.4300   20.000         26.62  0.4300   20.000         10.66  0.4300   20.000
          0.2093        9.43  0.4300   20.000         23.57  0.4300   20.000         26.62  0.4300   20.000         10.71  0.4300   20.000
          0.2101        9.43  0.4300   20.000         23.57  0.4300   20.000         26.63  0.4300   20.000         10.75  0.4300   20.000
          0.2108        9.43  0.4300   20.000         23.57  0.4300   20.000         26.64  0.4300   20.000         10.78  0.4300   20.000
          0.2115        9.43  0.4300   20.000         23.57  0.4300   20.000         26.64  0.4300   20.000         10.80  0.4300   20.000
          0.2122        9.43  0.4300   20.000         23.57  0.4300   20.000         26.65  0.4300   20.000         10.85  0.4300   20.000
          0.2129        9.43  0.4300   20.000         23.57  0.4300   20.000         26.66  0.4300   20.000         10.91  0.4300   20.000
          0.2136        9.43  0.4300   20.000         23.58  0.4300   20.000         26.67  0.4300   20.000         10.98  0.4300   20.000
          0.2144        9.43  0.4300   20.000         23.58  0.4300   20.000         26.68  0.4300   20.000         11.03  0.4300   20.000
          0.2151        9.43  0.4300   20.000         23.58  0.4300   20.000         26.69  0.4300   20.000         11.08  0.4300   20.000
          0.2158        9.43  0.4300   20.000         23.58  0.4300   20.000         26.69  0.4300   20.000         11.12  0.4300   20.000
          0.2165        9.43  0.4300   20.000         23.58  0.4300   20.000         26.70  0.4300   20.000         11.15  0.4300   20.000
          0.2172        9.43  0.4300   20.000         23.58  0.4300   20.000         26.70  0.4300   20.000         11.18  0.4300   20.000
          0.2180        9.43  0.4300   20.000         23.58  0.4300   20.000         26.71  0.4300   20.000         11.20  0.4300   20.000
          0.2187        9.43  0.4300   20.000         23.58  0.4300   20.000         26.72  0.4300   20.000         11.26  0.4300   20.000
          0.2194        9.43  0.4300   20.000         23.59  0.4300   20.000         26.73  0.4300   20.000         11.33  0.4300   20.000
          0.2201        9.43  0.4300   20.000         23.59  0.4300   20.000         26.74  0.4300   20.000         11.38  0.4300   20.000
          0.2208        9.44  0.4300   20.000         23.59  0.4300   20.000         26.75  0.4300   20.000         11.43  0.4300   20.000
          0.2215        9.44  0.4300   20.000         23.59  0.4300   20.000         26.75  0.4300   20.000         11.48  0.4300   20.000
          0.2223        9.44  0.4300   20.000         23.59  0.4300   20.000         26.76  0.4300   20.000         11.51  0.4300   20.000
          0.2230        9.44  0.4300   20.000         23.59  0.4300   20.000         26.77  0.4300   20.000         11.55  0.4300   20.000
          0.2237        9.44  0.4300   20.000         23.59  0.4300   20.000         26.77  0.4300   20.000         11.57  0.4300   20.000
          0.2244        9.44  0.4300   20.000         23.59  0.4300   20.000         26.77  0.4300   20.000         11.60  0.4300   20.000
          0.2251        9.44  0.4300   20.000         23.59  0.4300   20.000         26.78  0.4300   20.000         11.66  0.4300   20.000
          0.2259        9.44  0.4300   20.000         23.60  0.4300   20.000         26.79  0.4300   20.000         11.72  0.4300   20.000
          0.2266        9.44  0.4300   20.000         23.60  0.4300   20.000         26.80  0.4300   20.000         11.76  0.4300   20.000
          0.2273        9.44  0.4300   20.000         23.60  0.4300   20.000         26.81  0.4300   20.000         11.81  0.4300   20.000
          0.2280        9.44  0.4300   20.000         23.60  0.4300   20.000         26.82  0.4300   20.000         11.85  0.4300   20.000
          0.2287        9.44  0.4300   20.000         23.60  0.4300   20.000         26.82  0.4300   20.000         11.89  0.4300   20.000
          0.2294        9.44  0.4300   20.000         23.60  0.4300   20.000         26.83  0.4300   20.000         11.92  0.4300   20.000
          0.2302        9.44  0.4300   20.000         23.60  0.4300   20.000         26.83  0.4300   20.000         11.95  0.4300   20.000
          0.2309        9.44  0.4300   20.000         23.60  0.4300   20.000         26.84  0.4300   20.000         11.97  0.4300   20.000
          0.2316        9.44  0.4300   20.000         23.61  0.4300   20.000         26.85  0.4300   20.000         12.03  0.4300   20.000
          0.2323        9.44  0.4300   20.000         23.61  0.4300   20.000         26.86  0.4300   20.000         12.08  0.4300   20.000
          0.2330        9.44  0.4300   20.000         23.61  0.4300   20.000         26.87  0.4300   20.000         12.13  0.4300   20.000
          0.2338        9.44  0.4300   20.000         23.61  0.4300   20.000         26.87  0.4300   20.000         12.18  0.4300   20.000
          0.2345        9.44  0.4300   20.000         23.61  0.4300   20.000         26.88  0.4300   20.000         12.22  0.4300   20.000
          0.2352        9.44  0.4300   20.000         23.61  0.4300   20.000         26.89  0.4300   20.000         12.25  0.4300   20.000
          0.2359        9.45  0.4300   20.000         23.61  0.4300   20.000         26.89  0.4300   20.000         12.28  0.4300   20.000
          0.2366        9.45  0.4300   20.000         23.61  0.4300   20.000         26.89  0.4300   20.000         12.27  0.4300   20.000
          0.2373        9.45  0.4300   20.000         23.61  0.4300   20.000         26.90  0.4300   20.000         12.33  0.4300   20.000
          0.2381        9.45  0.4300   20.000         23.62  0.4300   20.000         26.91  0.4300   20.000         12.39  0.4300   20.000
          0.2388        9.45  0.4300   20.000         23.62  0.4300   20.000         26.92  0.4300   20.000         12.44  0.4300   20.000
          0.2395        9.45  0.4300   20.000         23.62  0.4300   20.000         26.93  0.4300   20.000         12.48  0.4300   20.000
          0.2402        9.45  0.4300   20.000         23.62  0.4300   20.000         26.93  0.4300   20.000         12.52  0.4300   20.000
          0.2409        9.45  0.4300   20.000         23.62  0.4300   20.000         26.94  0.4300   20.000         12.56  0.4300   20.000
          0.2417        9.45  0.4300   20.000         23.62  0.4300   20.000         26.94  0.4300   20.000         12.59  0.4300   20.000
          0.2424        9.45  0.4300   20.000         23.62  0.4300   20.000         26.95  0.4300   20.000         12.61  0.4300   20.000
          0.2431        9.45  0.4300   20.000         23.62  0.4300   20.000         26.95  0.4300   20.000         12.62  0.4300   20.000
          0.2438        9.45  0.4300   20.000         23.62  0.4300   20.000         26.96  0.4300   20.000         12.67  0.4300   20.000
          0.2445        9.45  0.4300   20.000         23.63  0.4300   20.000         26.97  0.4300   20.000         12.72  0.4300   20.000
          0.2452        9.45  0.4300   20.000         23.63  0.4300   20.000         26.97  0.4300   20.000         12.77  0.4300   20.000
          0.2459        9.45  0.4300   20.000         23.63  0.4300   20.000         26.98  0.4300   20.000         12.81  0.4300   20.000
          0.2465        9.45  0.4300   20.000         23.63  0.4300   20.000         26.99  0.4300   20.000         12.85  0.4300   20.000
          0.2472        9.45  0.4300   20.000         23.63  0.4300   20.000         26.99  0.4300   20.000         12.88  0.4300   20.000
          0.2479        9.45  0.4300   20.000         23.63  0.4300   20.000         27.00  0.4300   20.000         12.91  0.4300   20.000
          0.2486        9.45  0.4300   20.000         23.63  0.4300   20.000         27.00  0.4300   20.000         12.93  0.4300   20.000
          0.2493        9.45  0.4300   20.000         23.63  0.4300   20.000         27.00  0.4300   20.000         12.95  0.4300   20.000
          0.2500        9.45  0.4300   20.000         23.63  0.4300   20.000         27.01  0.4300   20.000         12.98  0.4300   20.000
          0.2507        9.45  0.4300   20.000         23.63  0.4300   20.000         27.02  0.4300   20.000         13.03  0.4300   20.000
          0.2514        9.45  0.4300   20.000         23.64  0.4300   20.000         27.03  0.4300   20.000         13.08  0.4300   20.000
          0.2522        9.45  0.4300   20.000         23.64  0.4300   20.000         27.03  0.4300   20.000         13.12  0.4300   20.000
          0.2529        9.46  0.4300   20.000         23.64  0.4300   20.000         27.04  0.4300   20.000         13.16  0.4300   20.000
          0.2536        9.46  0.4300   20.000         23.64  0.4300   20.000         27.05  0.4300   20.000         13.19  0.4300   20.000
          0.2543        9.46  0.4300   20.000         23.64  0.4300   20.000         27.05  0.4300   20.000         13.22  0.4300   20.000
          0.2550        9.46  0.4300   20.000         23.64  0.4300   20.000         27.05  0.4300   20.000         13.24  0.4300   20.000
          0.2557        9.46  0.4300   20.000         23.64  0.4300   20.000         27.06  0.4300   20.000         13.27  0.4300   20.000
          0.2565        9.46  0.4300   20.000         23.64  0.4300   20.000         27.06  0.4300   20.000         13.29  0.4300   20.000
          0.2572        9.46  0.4300   20.000         23.64  0.4300   20.000         27.07  0.4300   20.000         13.34  0.4300   20.000
          0.2579        9.46  0.4300   20.000         23.65  0.4300   20.000         27.08  0.4300   20.000         13.38  0.4300   20.000
          0.2586        9.46  0.4300   20.000         23.65  0.4300   20.000         27.09  0.4300   20.000         13.42  0.4300   20.000
          0.2593        9.46  0.4300   20.000         23.65  0.4300   20.000         27.09  0.4300   20.000         13.46  0.4300   20.000
          0.2601        9.46  0.4300   20.000         23.65  0.4300   20.000         27.10  0.4300   20.000         13.50  0.4300   20.000
          0.2608        9.46  0.4300   20.000         23.65  0.4300   20.000         27.10  0.4300   20.000         13.52  0.4300   20.000
          0.2615        9.46  0.4300   20.000         23.65  0.4300   20.000         27.11  0.4300   20.000         13.55  0.4300   20.000
          0.2622        9.46  0.4300   20.000         23.65  0.4300   20.000         27.11  0.4300   20.000         13.56  0.4300   20.000
          0.2629        9.46  0.4300   20.000         23.65  0.4300   20.000         27.11  0.4300   20.000         13.59  0.4300   20.000
          0.2636        9.46  0.4300   20.000         23.65  0.4300   20.000         27.12  0.4300   20.000         13.63  0.4300   20.000
          0.2644        9.46  0.4300   20.000         23.65  0.4300   20.000         27.13  0.4300   20.000         13.67  0.4300   20.000
          0.2651        9.46  0.4300   20.000         23.65  0.4300   20.000         27.13  0.4300   20.000         13.72  0.4300   20.000
          0.2658        9.46  0.4300   20.000         23.66  0.4300   20.000         27.14  0.4300   20.000         13.75  0.4300   20.000
          0.2665        9.46  0.4300   20.000         23.66  0.4300   20.000         27.15  0.4300   20.000         13.79  0.4300   20.000
          0.2672        9.46  0.4300   20.000         23.66  0.4300   20.000         27.15  0.4300   20.000         13.81  0.4300   20.000
          0.2680        9.46  0.4300   20.000         23.66  0.4300   20.000         27.16  0.4300   20.000         13.84  0.4300   20.000
          0.2687        9.46  0.4300   20.000         23.66  0.4300   20.000         27.16  0.4300   20.000         13.85  0.4300   20.000
          0.2694        9.46  0.4300   20.000         23.66  0.4300   20.000         27.16  0.4300   20.000         13.87  0.4300   20.000
          0.2701        9.46  0.4300   20.000         23.66  0.4300   20.000         27.17  0.4300   20.000         13.92  0.4300   20.000
          0.2708        9.46  0.4300   20.000         23.66  0.4300   20.000         27.18  0.4300   20.000         13.96  0.4300   20.000
          0.2715        9.47  0.4300   20.000         23.66  0.4300   20.000         27.18  0.4300   20.000         14.00  0.4300   20.000
          0.2723        9.47  0.4300   20.000         23.66  0.4300   20.000         27.19  0.4300   20.000         14.03  0.4300   20.000
          0.2730        9.47  0.4300   20.000         23.66  0.4300   20.000         27.19  0.4300   20.000         14.06  0.4300   20.000
          0.2737        9.47  0.4300   20.000         23.67  0.4300   20.000         27.20  0.4300   20.000         14.09  0.4300   20.000
          0.2744        9.47  0.4300   20.000         23.67  0.4300   20.000         27.20  0.4300   20.000         14.12  0.4300   20.000
          0.2751        9.47  0.4300   20.000         23.67  0.4300   20.000         27.21  0.4300   20.000         14.13  0.4300   20.000
          0.2759        9.47  0.4300   20.000         23.67  0.4300   20.000         27.21  0.4300   20.000         14.14  0.4300   20.000
          0.2766        9.47  0.4300   20.000         23.67  0.4300   20.000         27.21  0.4300   20.000         14.19  0.4300   20.000
          0.2773        9.47  0.4300   20.000         23.67  0.4300   20.000         27.22  0.4300   20.000         14.23  0.4300   20.000
          0.2780        9.47  0.4300   20.000         23.67  0.4300   20.000         27.23  0.4300   20.000         14.27  0.4300   20.000
          0.2787        9.47  0.4300   20.000         23.67  0.4300   20.000         27.23  0.4300   20.000         14.30  0.4300   20.000
          0.2794        9.47  0.4300   20.000         23.67  0.4300   20.000         27.24  0.4300   20.000         14.33  0.4300   20.000
          0.2802        9.47  0.4300   20.000         23.67  0.4300   20.000         27.24  0.4300   20.000         14.36  0.4300   20.000
          0.2809        9.47  0.4300   20.000         23.67  0.4300   20.000         27.25  0.4300   20.000         14.38  0.4300   20.000
          0.2816        9.47  0.4300   20.000         23.67  0.4300   20.000         27.25  0.4300   20.000         14.40  0.4300   20.000
          0.2823        9.47  0.4300   20.000         23.67  0.4300   20.000         27.25  0.4300   20.000         14.41  0.4300   20.000
          0.2830        9.47  0.4300   20.000         23.68  0.4300   20.000         27.26  0.4300   20.000         14.45  0.4300   20.000
          0.2838        9.47  0.4300   20.000         23.68  0.4300   20.000         27.27  0.4300   20.000         14.49  0.4300   20.000
          0.2845        9.47  0.4300   20.000         23.68  0.4300   20.000         27.27  0.4300   20.000         14.53  0.4300   20.000
          0.2852        9.47  0.4300   20.000         23.68  0.4300   20.000         27.28  0.4300   20.000         14.56  0.4300   20.000
          0.2859        9.47  0.4300   20.000         23.68  0.4300   20.000         27.28  0.4300   20.000         14.59  0.4300   20.000
          0.2866        9.47  0.4300   20.000         23.68  0.4300   20.000         27.29  0.4300   20.000         14.62  0.4300   20.000
          0.2873        9.47  0.4300   20.000         23.68  0.4300   20.000         27.29  0.4300   20.000         14.64  0.4300   20.000
          0.2881        9.47  0.4300   20.000         23.68  0.4300   20.000         27.29  0.4300   20.000         14.66  0.4300   20.000
          0.2888        9.47  0.4300   20.000         23.68  0.4300   20.000         27.30  0.4300   20.000         14.67  0.4300   20.000
          0.2895        9.47  0.4300   20.000         23.68  0.4300   20.000         27.30  0.4300   20.000         14.70  0.4300   20.000
          0.2902        9.47  0.4300   20.000         23.68  0.4300   20.000         27.31  0.4300   20.000         14.74  0.4300   20.000
          0.2909        9.47  0.4300   20.000         23.69  0.4300   20.000         27.31  0.4300   20.000         14.77  0.4300   20.000
          0.2917        9.47  0.4300   20.000         23.69  0.4300   20.000         27.32  0.4300   20.000         14.81  0.4300   20.000
          0.2924        9.47  0.4300   20.000         23.69  0.4300   20.000         27.33  0.4300   20.000         14.84  0.4300   20.000
          0.2933        9.48  0.4300   20.000         23.69  0.4300   20.000         27.33  0.4300   20.000         14.87  0.4300   20.000
          0.2943        9.48  0.4300   20.000         23.69  0.4300   20.000         27.34  0.4300   20.000         14.90  0.4300   20.000
          0.2952        9.48  0.4300   20.000         23.69  0.4300   20.000         27.34  0.4300   20.000         14.91  0.4300   20.000
          0.2962        9.48  0.4300   20.000         23.69  0.4300   20.000         27.34  0.4300   20.000         14.95  0.4300   20.000
          0.2971        9.48  0.4300   20.000         23.69  0.4300   20.000         27.35  0.4300   20.000         15.00  0.4300   20.000
          0.2981        9.48  0.4300   20.000         23.69  0.4300   20.000         27.36  0.4300   20.000         15.04  0.4300   20.000
          0.2990        9.48  0.4300   20.000         23.69  0.4300   20.000         27.37  0.4300   20.000         15.08  0.4300   20.000
          0.3000        9.48  0.4300   20.000         23.70  0.4300   20.000         27.37  0.4300   20.000         15.12  0.4300   20.000
          0.3009        9.48  0.4300   20.000         23.70  0.4300   20.000         27.38  0.4300   20.000         15.15  0.4300   20.000
          0.3019        9.48  0.4300   20.000         23.70  0.4300   20.000         27.38  0.4300   20.000         15.17  0.4300   20.000
          0.3028        9.48  0.4300   20.000         23.70  0.4300   20.000         27.38  0.4300   20.000         15.19  0.4300   20.000
          0.3037        9.48  0.4300   20.000         23.70  0.4300   20.000         27.39  0.4300   20.000         15.23  0.4300   20.000
          0.3047        9.48  0.4300   20.000         23.70  0.4300   20.000         27.40  0.4300   20.000         15.28  0.4300   20.000
          0.3056        9.48  0.4300   20.000         23.70  0.4300   20.000         27.41  0.4300   20.000         15.32  0.4300   20.000
          0.3065        9.48  0.4300   20.000         23.70  0.4300   20.000         27.41  0.4300   20.000         15.35  0.4300   20.000
          0.3075        9.48  0.4300   20.000         23.70  0.4300   20.000         27.42  0.4300   20.000         15.38  0.4300   20.000
          0.3084        9.48  0.4300   20.000         23.70  0.4300   20.000         27.42  0.4300   20.000         15.40  0.4300   20.000
          0.3093        9.48  0.4300   20.000         23.71  0.4300   20.000         27.43  0.4300   20.000         15.45  0.4300   20.000
          0.3103        9.48  0.4300   20.000         23.71  0.4300   20.000         27.44  0.4300   20.000         15.51  0.4300   20.000
          0.3112        9.48  0.4300   20.000         23.71  0.4300   20.000         27.45  0.4300   20.000         15.58  0.4300   20.000
          0.3121        9.48  0.4300   20.000         23.71  0.4300   20.000         27.46  0.4300   20.000         15.63  0.4300   20.000
          0.3131        9.49  0.4300   20.000         23.71  0.4300   20.000         27.48  0.4300   20.000         15.76  0.4300   20.000
          0.3140        9.49  0.4300   20.000         23.72  0.4300   20.000         27.51  0.4300   20.000         15.92  0.4300   20.000
          0.3149        9.49  0.4300   20.000         23.73  0.4300   20.000         27.57  0.4300   20.000         16.26  0.4300   20.000
          0.3159        9.56  0.4300   20.000         23.91  0.4300   20.000         28.60  0.4300   20.000         22.35  0.4300   20.000
          0.3171        9.65  0.4300   20.000         24.12  0.4300   20.000         29.88  0.4300   20.000         29.88  0.4300   20.000
          0.3187        9.65  0.4300   20.000         24.12  0.4300   20.000         29.88  0.4300   20.000         29.88  0.4300   20.000
          0.3207        9.65  0.4300   20.000         24.12  0.4300   20.000         29.88  0.4300   20.000         29.88  0.4300   20.000
          0.3234        9.65  0.4300   20.000         24.12  0.4300   20.000         29.88  0.4300   20.000         29.88  0.4300   20.000
          0.3267        9.65  0.4300   20.000         24.12  0.4300   20.000         29.88  0.4300   20.000         29.88  0.4300   20.000
          0.3314        9.65  0.4300   20.000         24.12  0.4300   20.000         29.88  0.4300   20.000         29.88  0.4300   20.000
          0.3376        9.65  0.4300   20.000         24.12  0.4300   20.000         29.88  0.4300   20.000         29.88  0.4300   20.000
          0.3438        9.65  0.4300   20.000         24.12  0.4300   20.000         29.88  0.4300   20.000         29.88  0.4300   20.000
          0.3500        9.65  0.4300   20.000         24.12  0.4300   20.000         29.88  0.4300   20.000         29.88  0.4300   20.000
          0.3600        9.65  0.4300   20.000         24.12  0.4300   20.000         29.88  0.4300   20.000         29.88  0.4300   20.000
          0.3700        9.65  0.4300   20.000         24.12  0.4300   20.000         29.88  0.4300   20.000         29.88  0.4300   20.000
          0.3800        9.65  0.4300   20.000         24.12  0.4300   20.000         29.88  0.4300   20.000         29.88  0.4300   20.000
          0.3900        9.65  0.4300   20.000         24.12  0.4300   20.000         29.88  0.4300   20.000         29.88  0.4300   20.000
          0.4000        9.65  0.4300   20.000         24.12  0.4300   20.000         29.88  0.4300   20.000         29.88  0.4300   20.000
          0.4100        9.65  0.4300   20.000         24.12  0.4300   20.000         29.88  0.4300   20.000         29.88  0.4300   20.000
          0.4200        9.65  0.4300   20.000         24.12  0.4300   20.000         29.88  0.4300   20.000         29.88  0.4300   20.000
          0.4300        9.65  0.4300   20.000         24.12  0.4300   20.000         29.88  0.4300   20.000         29.88  0.4300   20.000
          0.4400        9.65  0.4300   20.000         24.12  0.4300   20.000         29.88  0.4300   20.000         29.88  0.4300   20.000
          0.4500        9.65  0.4300   20.000         24.12  0.4300   20.000         29.88  0.4300   20.000         29.88  0.4300   20.000
          0.4600        9.65  0.4300   20.000         24.12  0.4300   20.000         29.88  0.4300   20.000         29.88  0.4300   20.000
          0.4700        9.65  0.4300   20.000         24.12  0.4300   20.000         29.88  0.4300   20.000         29.88  0.4300   20.000
          0.4800        9.65  0.4300   20.000         24.12  0.4300   20.000         29.88  0.4300   20.000         29.88  0.4300   20.000
          0.4900        9.65  0.4300   20.000         24.12  0.4300   20.000         29.88  0.4300   20.000         29.88  0.4300   20.000
          0.5000        9.65  0.4300   20.000         24.12  0.4300   20.000         29.88  0.4300   20.000         29.88  0.4300   20.000
          0.5100        9.65  0.4300   20.000         24.12  0.4300   20.000         29.88  0.4300   20.000         29.88  0.4300   20.000
          0.5200        9.65  0.4300   20.000         24.12  0.4300   20.000         29.88  0.4300   20.000         29.88  0.4300   20.000
          0.5300        9.65  0.4300   20.000         24.12  0.4300   20.000         29.88  0.4300   20.000         29.88  0.4300   20.000
          0.5400        9.65  0.4300   20.000         24.12  0.4300   20.000         29.88  0.4300   20.000         29.88  0.4300   20.000
          0.5500        9.65  0.4300   20.000         24.12  0.4300   20.000         29.88  0.4300   20.000         29.88  0.4300   20.000
          0.5600        9.65  0.4300   20.000         24.12  0.4300   20.000         29.88  0.4300   20.000         29.88  0.4300   20.000
          0.5700        9.65  0.4300   20.000         24.12  0.4300   20.000         29.88  0.4300   20.000         29.88  0.4300   20.000
          0.5800        9.65  0.4300   20.000         24.12  0.4300   20.000         29.88  0.4300   20.000         29.88  0.4300   20.000
          0.5900        9.65  0.4300   20.000         24.12  0.4300   20.000         29.88  0.4300   20.000         29.88  0.4300   20.000
          0.6000        9.65  0.4300   20.000         24.12  0.4300   20.000         29.88  0.4300   20.000         29.88  0.4300   20.000
          0.6100        9.65  0.4300   20.000         24.12  0.4300   20.000         29.88  0.4300   20.000         29.88  0.4300   20.000
          0.6200        9.65  0.4300   20.000         24.12  0.4300   20.000         29.88  0.4300   20.000         29.88  0.4300   20.000
          0.6300        9.65  0.4300   20.000         24.12  0.4300   20.000         29.88  0.4300   20.000         29.88  0.4300   20.000
          0.6400        9.65  0.4300   20.000         24.12  0.4300   20.000         29.88  0.4300   20.000         29.88  0.4300   20.000
          0.6500        9.65  0.4300   20.000         24.12  0.4300   20.000         29.88  0.4300   20.000         29.88  0.4300   20.000
          0.6600        9.65  0.4300   20.000         24.12  0.4300   20.000         29.88  0.4300   20.000         29.88  0.4300   20.000
          0.6700        9.65  0.4300   20.000         24.12  0.4300   20.000         29.88  0.4300   20.000         29.88  0.4300   20.000
          0.6800        9.65  0.4300   20.000         24.12  0.4300   20.000         29.88  0.4300   20.000         29.88  0.4300   20.000
          0.6900        9.65  0.4300   20.000         24.12  0.4300   20.000         29.88  0.4300   20.000         29.88  0.4300   20.000
          0.7000        9.65  0.4300   20.000         24.12  0.4300   20.000         29.88  0.4300   20.000         29.88  0.4300   20.000
          0.7100        9.65  0.4300   20.000         24.12  0.4300   20.000         29.88  0.4300   20.000         29.88  0.4300   20.000
          0.7200        9.65  0.4300   20.000         24.12  0.4300   20.000         29.88  0.4300   20.000         29.88  0.4300   20.000
          0.7300        9.65  0.4300   20.000         24.12  0.4300   20.000         29.88  0.4300   20.000         29.88  0.4300   20.000
          0.7400        9.65  0.4300   20.000         24.12  0.4300   20.000         29.88  0.4300   20.000         29.88  0.4300   20.000
          0.7500        9.65  0.4300   20.000         24.12  0.4300   20.000         29.88  0.4300   20.000         29.88  0.4300   20.000
          0.7600        9.65  0.4300   20.000         24.12  0.4300   20.000         29.88  0.4300   20.000         29.88  0.4300   20.000
          0.7700        9.65  0.4300   20.000         24.12  0.4300   20.000         29.88  0.4300   20.000         29.88  0.4300   20.000
          0.7800        9.65  0.4300   20.000         24.12  0.4300   20.000         29.88  0.4300   20.000         29.88  0.4300   20.000
          0.7900        9.65  0.4300   20.000         24.12  0.4300   20.000         29.88  0.4300   20.000         29.88  0.4300   20.000
          0.8000        9.65  0.4300   20.000         24.12  0.4300   20.000         29.88  0.4300   20.000         29.88  0.4300   20.000
          0.8100        9.65  0.4300   20.000         24.12  0.4300   20.000         29.88  0.4300   20.000         29.88  0.4300   20.000
          0.8200        9.65  0.4300   20.000         24.12  0.4300   20.000         29.88  0.4300   20.000         29.88  0.4300   20.000
          0.8300        9.65  0.4300   20.000         24.12  0.4300   20.000         29.88  0.4300   20.000         29.88  0.4300   20.000
          0.8400        9.65  0.4300   20.000         24.12  0.4300   20.000         29.88  0.4300   20.000         29.88  0.4300   20.000
          0.8500        9.65  0.4300   20.000         24.12  0.4300   20.000         29.88  0.4300   20.000         29.88  0.4300   20.000
          0.8600        9.65  0.4300   20.000         24.12  0.4300   20.000         29.88  0.4300   20.000         29.88  0.4300   20.000
          0.8700        9.65  0.4300   20.000         24.12  0.4300   20.000         29.88  0.4300   20.000         29.88  0.4300   20.000
          0.8800        9.65  0.4300   20.000         24.12  0.4300   20.000         29.88  0.4300   20.000         29.88  0.4300   20.000
          0.8900        9.65  0.4300   20.000         24.12  0.4300   20.000         29.88  0.4300   20.000         29.88  0.4300   20.000
          0.9000        9.65  0.4300   20.000         24.12  0.4300   20.000         29.88  0.4300   20.000         29.88  0.4300   20.000
          0.9100        9.65  0.4300   20.000         24.12  0.4300   20.000         29.88  0.4300   20.000         29.88  0.4300   20.000
          0.9200        9.65  0.4300   20.000         24.12  0.4300   20.000         29.88  0.4300   20.000         29.88  0.4300   20.000
          0.9300        9.65  0.4300   20.000         24.12  0.4300   20.000         29.88  0.4300   20.000         29.88  0.4300   20.000
          0.9400        9.65  0.4300   20.000         24.12  0.4300   20.000         29.88  0.4300   20.000         29.88  0.4300   20.000
          0.9500        9.65  0.4300   20.000         24.12  0.4300   20.000         29.88  0.4300   20.000         29.88  0.4300   20.000
          0.9600        9.65  0.4300   20.000         24.12  0.4300   20.000         29.88  0.4300   20.000         29.88  0.4300   20.000
          0.9700        9.65  0.4300   20.000         24.12  0.4300   20.000         29.88  0.4300   20.000         29.88  0.4300   20.000
          0.9800        9.65  0.4300   20.000         24.12  0.4300   20.000         29.88  0.4300   20.000         29.88  0.4300   20.000
          0.9900        9.65  0.4300   20.000         24.12  0.4300   20.000         29.88  0.4300   20.000         29.88  0.4300   20.000
          1.0000        9.65  0.4300   20.000         24.12  0.4300   20.000         29.88  0.4300   20.000         29.88  0.4300   20.000
end
