 ******* Program HYDRUS
 ******* Infiltration submergee, loam 0-30 cm sur sable 30-100 cm                
 Date:   0. 0.    Time: 512:**:**
 Units: L = cm   , T = days , M = g    


 Time:        0.0000


 Node      Depth      Head Moisture       K          C         Flux        Sink         Kappa   v/KsTop   Temp
           [L]        [L]    [-]        [L/T]      [1/L]      [L/T]        [1/T]         [-]      [-]      [C]

   1     0.0000       0.000 0.4300   0.2496E+02  0.0000E+00 -0.2509E+04  0.0000E+00      -1  -0.101E+03   20.00
   2    -1.0000    -200.000 0.1930   0.3823E-02  0.3109E-03 -0.1254E+04  0.0000E+00      -1  -0.503E+02   20.00
   3    -2.0000    -200.000 0.1930   0.3823E-02  0.3109E-03 -0.3823E-02  0.0000E+00      -1  -0.153E-03   20.00
   4    -3.0000    -200.000 0.1930   0.3823E-02  0.3109E-03 -0.3823E-02  0.0000E+00      -1  -0.153E-03   20.00
   5    -4.0000    -200.000 0.1930   0.3823E-02  0.3109E-03 -0.3823E-02  0.0000E+00      -1  -0.153E-03   20.00
   6    -5.0000    -200.000 0.1930   0.3823E-02  0.3109E-03 -0.3823E-02  0.0000E+00      -1  -0.153E-03   20.00
   7    -6.0000    -200.000 0.1930   0.3823E-02  0.3109E-03 -0.3823E-02  0.0000E+00      -1  -0.153E-03   20.00
   8    -7.0000    -200.000 0.1930   0.3823E-02  0.3109E-03 -0.3823E-02  0.0000E+00      -1  -0.153E-03   20.00
   9    -8.0000    -200.000 0.1930   0.3823E-02  0.3109E-03 -0.3823E-02  0.0000E+00      -1  -0.153E-03   20.00
  10    -9.0000    -200.000 0.1930   0.3823E-02  0.3109E-03 -0.3823E-02  0.0000E+00      -1  -0.153E-03   20.00
  11   -10.0000    -200.000 0.1930   0.3823E-02  0.3109E-03 -0.3823E-02  0.0000E+00      -1  -0.153E-03   20.00
  12   -11.0000    -200.000 0.1930   0.3823E-02  0.3109E-03 -0.3823E-02  0.0000E+00      -1  -0.153E-03   20.00
  13   -12.0000    -200.000 0.1930   0.3823E-02  0.3109E-03 -0.3823E-02  0.0000E+00      -1  -0.153E-03   20.00
  14   -13.0000    -200.000 0.1930   0.3823E-02  0.3109E-03 -0.3823E-02  0.0000E+00      -1  -0.153E-03   20.00
  15   -14.0000    -200.000 0.1930   0.3823E-02  0.3109E-03 -0.3823E-02  0.0000E+00      -1  -0.153E-03   20.00
  16   -15.0000    -200.000 0.1930   0.3823E-02  0.3109E-03 -0.3823E-02  0.0000E+00      -1  -0.153E-03   20.00
  17   -16.0000    -200.000 0.1930   0.3823E-02  0.3109E-03 -0.3823E-02  0.0000E+00      -1  -0.153E-03   20.00
  18   -17.0000    -200.000 0.1930   0.3823E-02  0.3109E-03 -0.3823E-02  0.0000E+00      -1  -0.153E-03   20.00
  19   -18.0000    -200.000 0.1930   0.3823E-02  0.3109E-03 -0.3823E-02  0.0000E+00      -1  -0.153E-03   20.00
  20   -19.0000    -200.000 0.1930   0.3823E-02  0.3109E-03 -0.3823E-02  0.0000E+00      -1  -0.153E-03   20.00
  21   -20.0000    -200.000 0.1930   0.3823E-02  0.3109E-03 -0.3823E-02  0.0000E+00      -1  -0.153E-03   20.00
  22   -21.0000    -200.000 0.1930   0.3823E-02  0.3109E-03 -0.3823E-02  0.0000E+00      -1  -0.153E-03   20.00
  23   -22.0000    -200.000 0.1930   0.3823E-02  0.3109E-03 -0.3823E-02  0.0000E+00      -1  -0.153E-03   20.00
  24   -23.0000    -200.000 0.1930   0.3823E-02  0.3109E-03 -0.3823E-02  0.0000E+00      -1  -0.153E-03   20.00
  25   -24.0000    -200.000 0.1930   0.3823E-02  0.3109E-03 -0.3823E-02  0.0000E+00      -1  -0.153E-03   20.00
  26   -25.0000    -200.000 0.1930   0.3823E-02  0.3109E-03 -0.3823E-02  0.0000E+00      -1  -0.153E-03   20.00
  27   -26.0000    -200.000 0.1930   0.3823E-02  0.3109E-03 -0.3823E-02  0.0000E+00      -1  -0.153E-03   20.00
  28   -27.0000    -200.000 0.1930   0.3823E-02  0.3109E-03 -0.3823E-02  0.0000E+00      -1  -0.153E-03   20.00
  29   -28.0000    -200.000 0.1930   0.3823E-02  0.3109E-03 -0.3823E-02  0.0000E+00      -1  -0.153E-03   20.00
  30   -29.0000    -200.000 0.1930   0.3823E-02  0.3109E-03 -0.3823E-02  0.0000E+00      -1  -0.153E-03   20.00
  31   -30.0000    -200.000 0.1930   0.3823E-02  0.3109E-03 -0.2867E-02  0.0000E+00      -1  -0.115E-03   20.00
  32   -31.0000    -200.000 0.0464   0.2725E-06  0.1168E-04 -0.9559E-03  0.0000E+00      -1  -0.383E-04   20.00
  33   -32.0000    -200.000 0.0464   0.2725E-06  0.1168E-04 -0.2725E-06  0.0000E+00      -1  -0.109E-07   20.00
  34   -33.0000    -200.000 0.0464   0.2725E-06  0.1168E-04 -0.2725E-06  0.0000E+00      -1  -0.109E-07   20.00
  35   -34.0000    -200.000 0.0464   0.2725E-06  0.1168E-04 -0.2725E-06  0.0000E+00      -1  -0.109E-07   20.00
  36   -35.0000    -200.000 0.0464   0.2725E-06  0.1168E-04 -0.2725E-06  0.0000E+00      -1  -0.109E-07   20.00
  37   -36.0000    -200.000 0.0464   0.2725E-06  0.1168E-04 -0.2725E-06  0.0000E+00      -1  -0.109E-07   20.00
  38   -37.0000    -200.000 0.0464   0.2725E-06  0.1168E-04 -0.2725E-06  0.0000E+00      -1  -0.109E-07   20.00
  39   -38.0000    -200.000 0.0464   0.2725E-06  0.1168E-04 -0.2725E-06  0.0000E+00      -1  -0.109E-07   20.00
  40   -39.0000    -200.000 0.0464   0.2725E-06  0.1168E-04 -0.2725E-06  0.0000E+00      -1  -0.109E-07   20.00
  41   -40.0000    -200.000 0.0464   0.2725E-06  0.1168E-04 -0.2725E-06  0.0000E+00      -1  -0.109E-07   20.00
  42   -41.0000    -200.000 0.0464   0.2725E-06  0.1168E-04 -0.2725E-06  0.0000E+00      -1  -0.109E-07   20.00
  43   -42.0000    -200.000 0.0464   0.2725E-06  0.1168E-04 -0.2725E-06  0.0000E+00      -1  -0.109E-07   20.00
  44   -43.0000    -200.000 0.0464   0.2725E-06  0.1168E-04 -0.2725E-06  0.0000E+00      -1  -0.109E-07   20.00
  45   -44.0000    -200.000 0.0464   0.2725E-06  0.1168E-04 -0.2725E-06  0.0000E+00      -1  -0.109E-07   20.00
  46   -45.0000    -200.000 0.0464   0.2725E-06  0.1168E-04 -0.2725E-06  0.0000E+00      -1  -0.109E-07   20.00
  47   -46.0000    -200.000 0.0464   0.2725E-06  0.1168E-04 -0.2725E-06  0.0000E+00      -1  -0.109E-07   20.00
  48   -47.0000    -200.000 0.0464   0.2725E-06  0.1168E-04 -0.2725E-06  0.0000E+00      -1  -0.109E-07   20.00
  49   -48.0000    -200.000 0.0464   0.2725E-06  0.1168E-04 -0.2725E-06  0.0000E+00      -1  -0.109E-07   20.00
  50   -49.0000    -200.000 0.0464   0.2725E-06  0.1168E-04 -0.2725E-06  0.0000E+00      -1  -0.109E-07   20.00
  51   -50.0000    -200.000 0.0464   0.2725E-06  0.1168E-04 -0.2725E-06  0.0000E+00      -1  -0.109E-07   20.00
  52   -51.0000    -200.000 0.0464   0.2725E-06  0.1168E-04 -0.2725E-06  0.0000E+00      -1  -0.109E-07   20.00
  53   -52.0000    -200.000 0.0464   0.2725E-06  0.1168E-04 -0.2725E-06  0.0000E+00      -1  -0.109E-07   20.00
  54   -53.0000    -200.000 0.0464   0.2725E-06  0.1168E-04 -0.2725E-06  0.0000E+00      -1  -0.109E-07   20.00
  55   -54.0000    -200.000 0.0464   0.2725E-06  0.1168E-04 -0.2725E-06  0.0000E+00      -1  -0.109E-07   20.00
  56   -55.0000    -200.000 0.0464   0.2725E-06  0.1168E-04 -0.2725E-06  0.0000E+00      -1  -0.109E-07   20.00
  57   -56.0000    -200.000 0.0464   0.2725E-06  0.1168E-04 -0.2725E-06  0.0000E+00      -1  -0.109E-07   20.00
  58   -57.0000    -200.000 0.0464   0.2725E-06  0.1168E-04 -0.2725E-06  0.0000E+00      -1  -0.109E-07   20.00
  59   -58.0000    -200.000 0.0464   0.2725E-06  0.1168E-04 -0.2725E-06  0.0000E+00      -1  -0.109E-07   20.00
  60   -59.0000    -200.000 0.0464   0.2725E-06  0.1168E-04 -0.2725E-06  0.0000E+00      -1  -0.109E-07   20.00
  61   -60.0000    -200.000 0.0464   0.2725E-06  0.1168E-04 -0.2725E-06  0.0000E+00      -1  -0.109E-07   20.00
  62   -61.0000    -200.000 0.0464   0.2725E-06  0.1168E-04 -0.2725E-06  0.0000E+00      -1  -0.109E-07   20.00
  63   -62.0000    -200.000 0.0464   0.2725E-06  0.1168E-04 -0.2725E-06  0.0000E+00      -1  -0.109E-07   20.00
  64   -63.0000    -200.000 0.0464   0.2725E-06  0.1168E-04 -0.2725E-06  0.0000E+00      -1  -0.109E-07   20.00
  65   -64.0000    -200.000 0.0464   0.2725E-06  0.1168E-04 -0.2725E-06  0.0000E+00      -1  -0.109E-07   20.00
  66   -65.0000    -200.000 0.0464   0.2725E-06  0.1168E-04 -0.2725E-06  0.0000E+00      -1  -0.109E-07   20.00
  67   -66.0000    -200.000 0.0464   0.2725E-06  0.1168E-04 -0.2725E-06  0.0000E+00      -1  -0.109E-07   20.00
  68   -67.0000    -200.000 0.0464   0.2725E-06  0.1168E-04 -0.2725E-06  0.0000E+00      -1  -0.109E-07   20.00
  69   -68.0000    -200.000 0.0464   0.2725E-06  0.1168E-04 -0.2725E-06  0.0000E+00      -1  -0.109E-07   20.00
  70   -69.0000    -200.000 0.0464   0.2725E-06  0.1168E-04 -0.2725E-06  0.0000E+00      -1  -0.109E-07   20.00
  71   -70.0000    -200.000 0.0464   0.2725E-06  0.1168E-04 -0.2725E-06  0.0000E+00      -1  -0.109E-07   20.00
  72   -71.0000    -200.000 0.0464   0.2725E-06  0.1168E-04 -0.2725E-06  0.0000E+00      -1  -0.109E-07   20.00
  73   -72.0000    -200.000 0.0464   0.2725E-06  0.1168E-04 -0.2725E-06  0.0000E+00      -1  -0.109E-07   20.00
  74   -73.0000    -200.000 0.0464   0.2725E-06  0.1168E-04 -0.2725E-06  0.0000E+00      -1  -0.109E-07   20.00
  75   -74.0000    -200.000 0.0464   0.2725E-06  0.1168E-04 -0.2725E-06  0.0000E+00      -1  -0.109E-07   20.00
  76   -75.0000    -200.000 0.0464   0.2725E-06  0.1168E-04 -0.2725E-06  0.0000E+00      -1  -0.109E-07   20.00
  77   -76.0000    -200.000 0.0464   0.2725E-06  0.1168E-04 -0.2725E-06  0.0000E+00      -1  -0.109E-07   20.00
  78   -77.0000    -200.000 0.0464   0.2725E-06  0.1168E-04 -0.2725E-06  0.0000E+00      -1  -0.109E-07   20.00
  79   -78.0000    -200.000 0.0464   0.2725E-06  0.1168E-04 -0.2725E-06  0.0000E+00      -1  -0.109E-07   20.00
  80   -79.0000    -200.000 0.0464   0.2725E-06  0.1168E-04 -0.2725E-06  0.0000E+00      -1  -0.109E-07   20.00
  81   -80.0000    -200.000 0.0464   0.2725E-06  0.1168E-04 -0.2725E-06  0.0000E+00      -1  -0.109E-07   20.00
  82   -81.0000    -200.000 0.0464   0.2725E-06  0.1168E-04 -0.2725E-06  0.0000E+00      -1  -0.109E-07   20.00
  83   -82.0000    -200.000 0.0464   0.2725E-06  0.1168E-04 -0.2725E-06  0.0000E+00      -1  -0.109E-07   20.00
  84   -83.0000    -200.000 0.0464   0.2725E-06  0.1168E-04 -0.2725E-06  0.0000E+00      -1  -0.109E-07   20.00
  85   -84.0000    -200.000 0.0464   0.2725E-06  0.1168E-04 -0.2725E-06  0.0000E+00      -1  -0.109E-07   20.00
  86   -85.0000    -200.000 0.0464   0.2725E-06  0.1168E-04 -0.2725E-06  0.0000E+00      -1  -0.109E-07   20.00
  87   -86.0000    -200.000 0.0464   0.2725E-06  0.1168E-04 -0.2725E-06  0.0000E+00      -1  -0.109E-07   20.00
  88   -87.0000    -200.000 0.0464   0.2725E-06  0.1168E-04 -0.2725E-06  0.0000E+00      -1  -0.109E-07   20.00
  89   -88.0000    -200.000 0.0464   0.2725E-06  0.1168E-04 -0.2725E-06  0.0000E+00      -1  -0.109E-07   20.00
  90   -89.0000    -200.000 0.0464   0.2725E-06  0.1168E-04 -0.2725E-06  0.0000E+00      -1  -0.109E-07   20.00
  91   -90.0000    -200.000 0.0464   0.2725E-06  0.1168E-04 -0.2725E-06  0.0000E+00      -1  -0.109E-07   20.00
  92   -91.0000    -200.000 0.0464   0.2725E-06  0.1168E-04 -0.2725E-06  0.0000E+00      -1  -0.109E-07   20.00
  93   -92.0000    -200.000 0.0464   0.2725E-06  0.1168E-04 -0.2725E-06  0.0000E+00      -1  -0.109E-07   20.00
  94   -93.0000    -200.000 0.0464   0.2725E-06  0.1168E-04 -0.2725E-06  0.0000E+00      -1  -0.109E-07   20.00
  95   -94.0000    -200.000 0.0464   0.2725E-06  0.1168E-04 -0.2725E-06  0.0000E+00      -1  -0.109E-07   20.00
  96   -95.0000    -200.000 0.0464   0.2725E-06  0.1168E-04 -0.2725E-06  0.0000E+00      -1  -0.109E-07   20.00
  97   -96.0000    -200.000 0.0464   0.2725E-06  0.1168E-04 -0.2725E-06  0.0000E+00      -1  -0.109E-07   20.00
  98   -97.0000    -200.000 0.0464   0.2725E-06  0.1168E-04 -0.2725E-06  0.0000E+00      -1  -0.109E-07   20.00
  99   -98.0000    -200.000 0.0464   0.2725E-06  0.1168E-04 -0.2725E-06  0.0000E+00      -1  -0.109E-07   20.00
 100   -99.0000    -200.000 0.0464   0.2725E-06  0.1168E-04 -0.2725E-06  0.0000E+00      -1  -0.109E-07   20.00
 101  -100.0000    -200.000 0.0464   0.2725E-06  0.1168E-04 -0.2725E-06  0.0000E+00      -1  -0.109E-07   20.00
end


 Time:        0.0500


 Node      Depth      Head Moisture       K          C         Flux        Sink         Kappa   v/KsTop   Temp
           [L]        [L]    [-]        [L/T]      [1/L]      [L/T]        [1/T]         [-]      [-]      [C]

   1     0.0000       0.000 0.4300   0.2496E+02  0.0000E+00 -0.2881E+02  0.0000E+00      -1  -0.115E+01   20.00
   2    -1.0000      -0.237 0.4299   0.2162E+02  0.4918E-03 -0.2881E+02  0.0000E+00      -1  -0.115E+01   20.00
   3    -2.0000      -0.647 0.4296   0.1926E+02  0.8591E-03 -0.2880E+02  0.0000E+00      -1  -0.115E+01   20.00
   4    -3.0000      -1.234 0.4290   0.1700E+02  0.1226E-02 -0.2876E+02  0.0000E+00      -1  -0.115E+01   20.00
   5    -4.0000      -2.044 0.4279   0.1476E+02  0.1605E-02 -0.2868E+02  0.0000E+00      -1  -0.115E+01   20.00
   6    -5.0000      -3.146 0.4258   0.1247E+02  0.2000E-02 -0.2851E+02  0.0000E+00      -1  -0.114E+01   20.00
   7    -6.0000      -4.662 0.4225   0.1011E+02  0.2407E-02 -0.2819E+02  0.0000E+00      -1  -0.113E+01   20.00
   8    -7.0000      -6.786 0.4169   0.7797E+01  0.2784E-02 -0.2761E+02  0.0000E+00      -1  -0.111E+01   20.00
   9    -8.0000      -9.890 0.4077   0.5484E+01  0.3098E-02 -0.2656E+02  0.0000E+00      -1  -0.106E+01   20.00
  10    -9.0000     -14.785 0.3921   0.3291E+01  0.3236E-02 -0.2462E+02  0.0000E+00      -1  -0.986E+00   20.00
  11   -10.0000     -23.533 0.3647   0.1504E+01  0.2972E-02 -0.2121E+02  0.0000E+00      -1  -0.850E+00   20.00
  12   -11.0000     -42.326 0.3178   0.4210E+00  0.2097E-02 -0.1534E+02  0.0000E+00      -1  -0.615E+00   20.00
  13   -12.0000     -90.942 0.2504   0.4827E-01  0.9249E-03 -0.7032E+01  0.0000E+00      -1  -0.282E+00   20.00
  14   -13.0000    -179.798 0.1999   0.5620E-02  0.3654E-03 -0.1259E+01  0.0000E+00      -1  -0.504E-01   20.00
  15   -14.0000    -199.082 0.1933   0.3864E-02  0.3126E-03 -0.5172E-01  0.0000E+00      -1  -0.207E-02   20.00
  16   -15.0000    -199.967 0.1930   0.3824E-02  0.3109E-03 -0.5595E-02  0.0000E+00      -1  -0.224E-03   20.00
  17   -16.0000    -199.999 0.1930   0.3823E-02  0.3109E-03 -0.3886E-02  0.0000E+00      -1  -0.156E-03   20.00
  18   -17.0000    -200.000 0.1930   0.3823E-02  0.3109E-03 -0.3825E-02  0.0000E+00      -1  -0.153E-03   20.00
  19   -18.0000    -200.000 0.1930   0.3823E-02  0.3109E-03 -0.3823E-02  0.0000E+00      -1  -0.153E-03   20.00
  20   -19.0000    -200.000 0.1930   0.3823E-02  0.3109E-03 -0.3823E-02  0.0000E+00      -1  -0.153E-03   20.00
  21   -20.0000    -200.000 0.1930   0.3823E-02  0.3109E-03 -0.3823E-02  0.0000E+00      -1  -0.153E-03   20.00
  22   -21.0000    -200.000 0.1930   0.3823E-02  0.3109E-03 -0.3823E-02  0.0000E+00      -1  -0.153E-03   20.00
  23   -22.0000    -200.000 0.1930   0.3823E-02  0.3109E-03 -0.3823E-02  0.0000E+00      -1  -0.153E-03   20.00
  24   -23.0000    -200.000 0.1930   0.3823E-02  0.3109E-03 -0.3823E-02  0.0000E+00      -1  -0.153E-03   20.00
  25   -24.0000    -200.000 0.1930   0.3823E-02  0.3109E-03 -0.3823E-02  0.0000E+00      -1  -0.153E-03   20.00
  26   -25.0000    -200.000 0.1930   0.3823E-02  0.3109E-03 -0.3822E-02  0.0000E+00      -1  -0.153E-03   20.00
  27   -26.0000    -200.000 0.1930   0.3823E-02  0.3109E-03 -0.3816E-02  0.0000E+00      -1  -0.153E-03   20.00
  28   -27.0000    -199.996 0.1930   0.3823E-02  0.3109E-03 -0.3780E-02  0.0000E+00      -1  -0.151E-03   20.00
  29   -28.0000    -199.977 0.1930   0.3824E-02  0.3109E-03 -0.3599E-02  0.0000E+00      -1  -0.144E-03   20.00
  30   -29.0000    -199.878 0.1930   0.3828E-02  0.3111E-03 -0.2922E-02  0.0000E+00      -1  -0.117E-03   20.00
  31   -30.0000    -199.502 0.1931   0.3845E-02  0.3118E-03 -0.1239E-02  0.0000E+00      -1  -0.496E-04   20.00
  32   -31.0000    -198.545 0.0464   0.2793E-06  0.1185E-04 -0.4165E-04  0.0000E+00      -1  -0.167E-05   20.00
  33   -32.0000    -200.000 0.0464   0.2725E-06  0.1168E-04 -0.4748E-06  0.0000E+00      -1  -0.190E-07   20.00
  34   -33.0000    -200.000 0.0464   0.2725E-06  0.1168E-04 -0.2725E-06  0.0000E+00      -1  -0.109E-07   20.00
  35   -34.0000    -200.000 0.0464   0.2725E-06  0.1168E-04 -0.2725E-06  0.0000E+00      -1  -0.109E-07   20.00
  36   -35.0000    -200.000 0.0464   0.2725E-06  0.1168E-04 -0.2725E-06  0.0000E+00      -1  -0.109E-07   20.00
  37   -36.0000    -200.000 0.0464   0.2725E-06  0.1168E-04 -0.2725E-06  0.0000E+00      -1  -0.109E-07   20.00
  38   -37.0000    -200.000 0.0464   0.2725E-06  0.1168E-04 -0.2725E-06  0.0000E+00      -1  -0.109E-07   20.00
  39   -38.0000    -200.000 0.0464   0.2725E-06  0.1168E-04 -0.2725E-06  0.0000E+00      -1  -0.109E-07   20.00
  40   -39.0000    -200.000 0.0464   0.2725E-06  0.1168E-04 -0.2725E-06  0.0000E+00      -1  -0.109E-07   20.00
  41   -40.0000    -200.000 0.0464   0.2725E-06  0.1168E-04 -0.2725E-06  0.0000E+00      -1  -0.109E-07   20.00
  42   -41.0000    -200.000 0.0464   0.2725E-06  0.1168E-04 -0.2725E-06  0.0000E+00      -1  -0.109E-07   20.00
  43   -42.0000    -200.000 0.0464   0.2725E-06  0.1168E-04 -0.2725E-06  0.0000E+00      -1  -0.109E-07   20.00
  44   -43.0000    -200.000 0.0464   0.2725E-06  0.1168E-04 -0.2725E-06  0.0000E+00      -1  -0.109E-07   20.00
  45   -44.0000    -200.000 0.0464   0.2725E-06  0.1168E-04 -0.2725E-06  0.0000E+00      -1  -0.109E-07   20.00
  46   -45.0000    -200.000 0.0464   0.2725E-06  0.1168E-04 -0.2725E-06  0.0000E+00      -1  -0.109E-07   20.00
  47   -46.0000    -200.000 0.0464   0.2725E-06  0.1168E-04 -0.2725E-06  0.0000E+00      -1  -0.109E-07   20.00
  48   -47.0000    -200.000 0.0464   0.2725E-06  0.1168E-04 -0.2725E-06  0.0000E+00      -1  -0.109E-07   20.00
  49   -48.0000    -200.000 0.0464   0.2725E-06  0.1168E-04 -0.2725E-06  0.0000E+00      -1  -0.109E-07   20.00
  50   -49.0000    -200.000 0.0464   0.2725E-06  0.1168E-04 -0.2725E-06  0.0000E+00      -1  -0.109E-07   20.00
  51   -50.0000    -200.000 0.0464   0.2725E-06  0.1168E-04 -0.2725E-06  0.0000E+00      -1  -0.109E-07   20.00
  52   -51.0000    -200.000 0.0464   0.2725E-06  0.1168E-04 -0.2725E-06  0.0000E+00      -1  -0.109E-07   20.00
  53   -52.0000    -200.000 0.0464   0.2725E-06  0.1168E-04 -0.2725E-06  0.0000E+00      -1  -0.109E-07   20.00
  54   -53.0000    -200.000 0.0464   0.2725E-06  0.1168E-04 -0.2725E-06  0.0000E+00      -1  -0.109E-07   20.00
  55   -54.0000    -200.000 0.0464   0.2725E-06  0.1168E-04 -0.2725E-06  0.0000E+00      -1  -0.109E-07   20.00
  56   -55.0000    -200.000 0.0464   0.2725E-06  0.1168E-04 -0.2725E-06  0.0000E+00      -1  -0.109E-07   20.00
  57   -56.0000    -200.000 0.0464   0.2725E-06  0.1168E-04 -0.2725E-06  0.0000E+00      -1  -0.109E-07   20.00
  58   -57.0000    -200.000 0.0464   0.2725E-06  0.1168E-04 -0.2725E-06  0.0000E+00      -1  -0.109E-07   20.00
  59   -58.0000    -200.000 0.0464   0.2725E-06  0.1168E-04 -0.2725E-06  0.0000E+00      -1  -0.109E-07   20.00
  60   -59.0000    -200.000 0.0464   0.2725E-06  0.1168E-04 -0.2725E-06  0.0000E+00      -1  -0.109E-07   20.00
  61   -60.0000    -200.000 0.0464   0.2725E-06  0.1168E-04 -0.2725E-06  0.0000E+00      -1  -0.109E-07   20.00
  62   -61.0000    -200.000 0.0464   0.2725E-06  0.1168E-04 -0.2725E-06  0.0000E+00      -1  -0.109E-07   20.00
  63   -62.0000    -200.000 0.0464   0.2725E-06  0.1168E-04 -0.2725E-06  0.0000E+00      -1  -0.109E-07   20.00
  64   -63.0000    -200.000 0.0464   0.2725E-06  0.1168E-04 -0.2725E-06  0.0000E+00      -1  -0.109E-07   20.00
  65   -64.0000    -200.000 0.0464   0.2725E-06  0.1168E-04 -0.2725E-06  0.0000E+00      -1  -0.109E-07   20.00
  66   -65.0000    -200.000 0.0464   0.2725E-06  0.1168E-04 -0.2725E-06  0.0000E+00      -1  -0.109E-07   20.00
  67   -66.0000    -200.000 0.0464   0.2725E-06  0.1168E-04 -0.2725E-06  0.0000E+00      -1  -0.109E-07   20.00
  68   -67.0000    -200.000 0.0464   0.2725E-06  0.1168E-04 -0.2725E-06  0.0000E+00      -1  -0.109E-07   20.00
  69   -68.0000    -200.000 0.0464   0.2725E-06  0.1168E-04 -0.2725E-06  0.0000E+00      -1  -0.109E-07   20.00
  70   -69.0000    -200.000 0.0464   0.2725E-06  0.1168E-04 -0.2725E-06  0.0000E+00      -1  -0.109E-07   20.00
  71   -70.0000    -200.000 0.0464   0.2725E-06  0.1168E-04 -0.2725E-06  0.0000E+00      -1  -0.109E-07   20.00
  72   -71.0000    -200.000 0.0464   0.2725E-06  0.1168E-04 -0.2725E-06  0.0000E+00      -1  -0.109E-07   20.00
  73   -72.0000    -200.000 0.0464   0.2725E-06  0.1168E-04 -0.2725E-06  0.0000E+00      -1  -0.109E-07   20.00
  74   -73.0000    -200.000 0.0464   0.2725E-06  0.1168E-04 -0.2725E-06  0.0000E+00      -1  -0.109E-07   20.00
  75   -74.0000    -200.000 0.0464   0.2725E-06  0.1168E-04 -0.2725E-06  0.0000E+00      -1  -0.109E-07   20.00
  76   -75.0000    -200.000 0.0464   0.2725E-06  0.1168E-04 -0.2725E-06  0.0000E+00      -1  -0.109E-07   20.00
  77   -76.0000    -200.000 0.0464   0.2725E-06  0.1168E-04 -0.2725E-06  0.0000E+00      -1  -0.109E-07   20.00
  78   -77.0000    -200.000 0.0464   0.2725E-06  0.1168E-04 -0.2725E-06  0.0000E+00      -1  -0.109E-07   20.00
  79   -78.0000    -200.000 0.0464   0.2725E-06  0.1168E-04 -0.2725E-06  0.0000E+00      -1  -0.109E-07   20.00
  80   -79.0000    -200.000 0.0464   0.2725E-06  0.1168E-04 -0.2725E-06  0.0000E+00      -1  -0.109E-07   20.00
  81   -80.0000    -200.000 0.0464   0.2725E-06  0.1168E-04 -0.2725E-06  0.0000E+00      -1  -0.109E-07   20.00
  82   -81.0000    -200.000 0.0464   0.2725E-06  0.1168E-04 -0.2725E-06  0.0000E+00      -1  -0.109E-07   20.00
  83   -82.0000    -200.000 0.0464   0.2725E-06  0.1168E-04 -0.2725E-06  0.0000E+00      -1  -0.109E-07   20.00
  84   -83.0000    -200.000 0.0464   0.2725E-06  0.1168E-04 -0.2725E-06  0.0000E+00      -1  -0.109E-07   20.00
  85   -84.0000    -200.000 0.0464   0.2725E-06  0.1168E-04 -0.2725E-06  0.0000E+00      -1  -0.109E-07   20.00
  86   -85.0000    -200.000 0.0464   0.2725E-06  0.1168E-04 -0.2725E-06  0.0000E+00      -1  -0.109E-07   20.00
  87   -86.0000    -200.000 0.0464   0.2725E-06  0.1168E-04 -0.2725E-06  0.0000E+00      -1  -0.109E-07   20.00
  88   -87.0000    -200.000 0.0464   0.2725E-06  0.1168E-04 -0.2725E-06  0.0000E+00      -1  -0.109E-07   20.00
  89   -88.0000    -200.000 0.0464   0.2725E-06  0.1168E-04 -0.2725E-06  0.0000E+00      -1  -0.109E-07   20.00
  90   -89.0000    -200.000 0.0464   0.2725E-06  0.1168E-04 -0.2725E-06  0.0000E+00      -1  -0.109E-07   20.00
  91   -90.0000    -200.000 0.0464   0.2725E-06  0.1168E-04 -0.2725E-06  0.0000E+00      -1  -0.109E-07   20.00
  92   -91.0000    -200.000 0.0464   0.2725E-06  0.1168E-04 -0.2725E-06  0.0000E+00      -1  -0.109E-07   20.00
  93   -92.0000    -200.000 0.0464   0.2725E-06  0.1168E-04 -0.2725E-06  0.0000E+00      -1  -0.109E-07   20.00
  94   -93.0000    -200.000 0.0464   0.2725E-06  0.1168E-04 -0.2725E-06  0.0000E+00      -1  -0.109E-07   20.00
  95   -94.0000    -200.000 0.0464   0.2725E-06  0.1168E-04 -0.2725E-06  0.0000E+00      -1  -0.109E-07   20.00
  96   -95.0000    -200.000 0.0464   0.2725E-06  0.1168E-04 -0.2725E-06  0.0000E+00      -1  -0.109E-07   20.00
  97   -96.0000    -200.000 0.0464   0.2725E-06  0.1168E-04 -0.2725E-06  0.0000E+00      -1  -0.109E-07   20.00
  98   -97.0000    -200.000 0.0464   0.2725E-06  0.1168E-04 -0.2725E-06  0.0000E+00      -1  -0.109E-07   20.00
  99   -98.0000    -200.000 0.0464   0.2725E-06  0.1168E-04 -0.2725E-06  0.0000E+00      -1  -0.109E-07   20.00
 100   -99.0000    -200.000 0.0464   0.2725E-06  0.1168E-04 -0.2725E-06  0.0000E+00      -1  -0.109E-07   20.00
 101  -100.0000    -200.000 0.0464   0.2725E-06  0.1168E-04 -0.2725E-06  0.0000E+00      -1  -0.109E-07   20.00
end


 Time:        0.1000


 Node      Depth      Head Moisture       K          C         Flux        Sink         Kappa   v/KsTop   Temp
           [L]        [L]    [-]        [L/T]      [1/L]      [L/T]        [1/T]         [-]      [-]      [C]

   1     0.0000       0.000 0.4300   0.2496E+02  0.0000E+00 -0.2505E+02  0.0000E+00      -1  -0.100E+01   20.00
   2    -1.0000      -0.023 0.4300   0.2404E+02  0.1325E-03 -0.2505E+02  0.0000E+00      -1  -0.100E+01   20.00
   3    -2.0000      -0.088 0.4300   0.2301E+02  0.2821E-03 -0.2505E+02  0.0000E+00      -1  -0.100E+01   20.00
   4    -3.0000      -0.204 0.4299   0.2188E+02  0.4514E-03 -0.2505E+02  0.0000E+00      -1  -0.100E+01   20.00
   5    -4.0000      -0.382 0.4298   0.2064E+02  0.6412E-03 -0.2504E+02  0.0000E+00      -1  -0.100E+01   20.00
   6    -5.0000      -0.635 0.4297   0.1931E+02  0.8505E-03 -0.2503E+02  0.0000E+00      -1  -0.100E+01   20.00
   7    -6.0000      -0.980 0.4293   0.1789E+02  0.1081E-02 -0.2500E+02  0.0000E+00      -1  -0.100E+01   20.00
   8    -7.0000      -1.439 0.4288   0.1635E+02  0.1334E-02 -0.2494E+02  0.0000E+00      -1  -0.999E+00   20.00
   9    -8.0000      -2.040 0.4279   0.1476E+02  0.1604E-02 -0.2486E+02  0.0000E+00      -1  -0.996E+00   20.00
  10    -9.0000      -2.823 0.4265   0.1306E+02  0.1897E-02 -0.2473E+02  0.0000E+00      -1  -0.991E+00   20.00
  11   -10.0000      -3.848 0.4244   0.1129E+02  0.2204E-02 -0.2452E+02  0.0000E+00      -1  -0.982E+00   20.00
  12   -11.0000      -5.197 0.4212   0.9469E+01  0.2514E-02 -0.2419E+02  0.0000E+00      -1  -0.969E+00   20.00
  13   -12.0000      -7.013 0.4163   0.7579E+01  0.2818E-02 -0.2369E+02  0.0000E+00      -1  -0.949E+00   20.00
  14   -13.0000      -9.543 0.4088   0.5672E+01  0.3079E-02 -0.2289E+02  0.0000E+00      -1  -0.917E+00   20.00
  15   -14.0000     -13.224 0.3971   0.3891E+01  0.3216E-02 -0.2159E+02  0.0000E+00      -1  -0.865E+00   20.00
  16   -15.0000     -19.027 0.3785   0.2220E+01  0.3151E-02 -0.1947E+02  0.0000E+00      -1  -0.780E+00   20.00
  17   -16.0000     -29.476 0.3479   0.9497E+00  0.2682E-02 -0.1607E+02  0.0000E+00      -1  -0.644E+00   20.00
  18   -17.0000     -51.890 0.2997   0.2465E+00  0.1747E-02 -0.1091E+02  0.0000E+00      -1  -0.437E+00   20.00
  19   -18.0000    -107.547 0.2370   0.2937E-01  0.7492E-03 -0.4581E+01  0.0000E+00      -1  -0.184E+00   20.00
  20   -19.0000    -184.954 0.1979   0.5007E-02  0.3487E-03 -0.7075E+00  0.0000E+00      -1  -0.283E-01   20.00
  21   -20.0000    -199.142 0.1932   0.3861E-02  0.3125E-03 -0.3716E-01  0.0000E+00      -1  -0.149E-02   20.00
  22   -21.0000    -199.958 0.1930   0.3825E-02  0.3109E-03 -0.5477E-02  0.0000E+00      -1  -0.219E-03   20.00
  23   -22.0000    -199.998 0.1930   0.3823E-02  0.3109E-03 -0.3903E-02  0.0000E+00      -1  -0.156E-03   20.00
  24   -23.0000    -200.000 0.1930   0.3823E-02  0.3109E-03 -0.3827E-02  0.0000E+00      -1  -0.153E-03   20.00
  25   -24.0000    -200.000 0.1930   0.3823E-02  0.3109E-03 -0.3821E-02  0.0000E+00      -1  -0.153E-03   20.00
  26   -25.0000    -199.999 0.1930   0.3823E-02  0.3109E-03 -0.3810E-02  0.0000E+00      -1  -0.153E-03   20.00
  27   -26.0000    -199.993 0.1930   0.3823E-02  0.3109E-03 -0.3772E-02  0.0000E+00      -1  -0.151E-03   20.00
  28   -27.0000    -199.972 0.1930   0.3824E-02  0.3109E-03 -0.3637E-02  0.0000E+00      -1  -0.146E-03   20.00
  29   -28.0000    -199.895 0.1930   0.3828E-02  0.3111E-03 -0.3253E-02  0.0000E+00      -1  -0.130E-03   20.00
  30   -29.0000    -199.671 0.1931   0.3838E-02  0.3115E-03 -0.2391E-02  0.0000E+00      -1  -0.958E-04   20.00
  31   -30.0000    -199.141 0.1932   0.3861E-02  0.3125E-03 -0.9351E-03  0.0000E+00      -1  -0.375E-04   20.00
  32   -31.0000    -198.172 0.0464   0.2811E-06  0.1189E-04 -0.3099E-04  0.0000E+00      -1  -0.124E-05   20.00
  33   -32.0000    -200.000 0.0464   0.2725E-06  0.1168E-04 -0.5275E-06  0.0000E+00      -1  -0.211E-07   20.00
  34   -33.0000    -200.000 0.0464   0.2725E-06  0.1168E-04 -0.2724E-06  0.0000E+00      -1  -0.109E-07   20.00
  35   -34.0000    -200.000 0.0464   0.2725E-06  0.1168E-04 -0.2725E-06  0.0000E+00      -1  -0.109E-07   20.00
  36   -35.0000    -200.000 0.0464   0.2725E-06  0.1168E-04 -0.2725E-06  0.0000E+00      -1  -0.109E-07   20.00
  37   -36.0000    -200.000 0.0464   0.2725E-06  0.1168E-04 -0.2725E-06  0.0000E+00      -1  -0.109E-07   20.00
  38   -37.0000    -200.000 0.0464   0.2725E-06  0.1168E-04 -0.2725E-06  0.0000E+00      -1  -0.109E-07   20.00
  39   -38.0000    -200.000 0.0464   0.2725E-06  0.1168E-04 -0.2725E-06  0.0000E+00      -1  -0.109E-07   20.00
  40   -39.0000    -200.000 0.0464   0.2725E-06  0.1168E-04 -0.2725E-06  0.0000E+00      -1  -0.109E-07   20.00
  41   -40.0000    -200.000 0.0464   0.2725E-06  0.1168E-04 -0.2725E-06  0.0000E+00      -1  -0.109E-07   20.00
  42   -41.0000    -200.000 0.0464   0.2725E-06  0.1168E-04 -0.2725E-06  0.0000E+00      -1  -0.109E-07   20.00
  43   -42.0000    -200.000 0.0464   0.2725E-06  0.1168E-04 -0.2725E-06  0.0000E+00      -1  -0.109E-07   20.00
  44   -43.0000    -200.000 0.0464   0.2725E-06  0.1168E-04 -0.2725E-06  0.0000E+00      -1  -0.109E-07   20.00
  45   -44.0000    -200.000 0.0464   0.2725E-06  0.1168E-04 -0.2725E-06  0.0000E+00      -1  -0.109E-07   20.00
  46   -45.0000    -200.000 0.0464   0.2725E-06  0.1168E-04 -0.2725E-06  0.0000E+00      -1  -0.109E-07   20.00
  47   -46.0000    -200.000 0.0464   0.2725E-06  0.1168E-04 -0.2725E-06  0.0000E+00      -1  -0.109E-07   20.00
  48   -47.0000    -200.000 0.0464   0.2725E-06  0.1168E-04 -0.2725E-06  0.0000E+00      -1  -0.109E-07   20.00
  49   -48.0000    -200.000 0.0464   0.2725E-06  0.1168E-04 -0.2725E-06  0.0000E+00      -1  -0.109E-07   20.00
  50   -49.0000    -200.000 0.0464   0.2725E-06  0.1168E-04 -0.2725E-06  0.0000E+00      -1  -0.109E-07   20.00
  51   -50.0000    -200.000 0.0464   0.2725E-06  0.1168E-04 -0.2725E-06  0.0000E+00      -1  -0.109E-07   20.00
  52   -51.0000    -200.000 0.0464   0.2725E-06  0.1168E-04 -0.2725E-06  0.0000E+00      -1  -0.109E-07   20.00
  53   -52.0000    -200.000 0.0464   0.2725E-06  0.1168E-04 -0.2725E-06  0.0000E+00      -1  -0.109E-07   20.00
  54   -53.0000    -200.000 0.0464   0.2725E-06  0.1168E-04 -0.2725E-06  0.0000E+00      -1  -0.109E-07   20.00
  55   -54.0000    -200.000 0.0464   0.2725E-06  0.1168E-04 -0.2725E-06  0.0000E+00      -1  -0.109E-07   20.00
  56   -55.0000    -200.000 0.0464   0.2725E-06  0.1168E-04 -0.2725E-06  0.0000E+00      -1  -0.109E-07   20.00
  57   -56.0000    -200.000 0.0464   0.2725E-06  0.1168E-04 -0.2725E-06  0.0000E+00      -1  -0.109E-07   20.00
  58   -57.0000    -200.000 0.0464   0.2725E-06  0.1168E-04 -0.2725E-06  0.0000E+00      -1  -0.109E-07   20.00
  59   -58.0000    -200.000 0.0464   0.2725E-06  0.1168E-04 -0.2725E-06  0.0000E+00      -1  -0.109E-07   20.00
  60   -59.0000    -200.000 0.0464   0.2725E-06  0.1168E-04 -0.2725E-06  0.0000E+00      -1  -0.109E-07   20.00
  61   -60.0000    -200.000 0.0464   0.2725E-06  0.1168E-04 -0.2725E-06  0.0000E+00      -1  -0.109E-07   20.00
  62   -61.0000    -200.000 0.0464   0.2725E-06  0.1168E-04 -0.2725E-06  0.0000E+00      -1  -0.109E-07   20.00
  63   -62.0000    -200.000 0.0464   0.2725E-06  0.1168E-04 -0.2725E-06  0.0000E+00      -1  -0.109E-07   20.00
  64   -63.0000    -200.000 0.0464   0.2725E-06  0.1168E-04 -0.2725E-06  0.0000E+00      -1  -0.109E-07   20.00
  65   -64.0000    -200.000 0.0464   0.2725E-06  0.1168E-04 -0.2725E-06  0.0000E+00      -1  -0.109E-07   20.00
  66   -65.0000    -200.000 0.0464   0.2725E-06  0.1168E-04 -0.2725E-06  0.0000E+00      -1  -0.109E-07   20.00
  67   -66.0000    -200.000 0.0464   0.2725E-06  0.1168E-04 -0.2725E-06  0.0000E+00      -1  -0.109E-07   20.00
  68   -67.0000    -200.000 0.0464   0.2725E-06  0.1168E-04 -0.2725E-06  0.0000E+00      -1  -0.109E-07   20.00
  69   -68.0000    -200.000 0.0464   0.2725E-06  0.1168E-04 -0.2725E-06  0.0000E+00      -1  -0.109E-07   20.00
  70   -69.0000    -200.000 0.0464   0.2725E-06  0.1168E-04 -0.2725E-06  0.0000E+00      -1  -0.109E-07   20.00
  71   -70.0000    -200.000 0.0464   0.2725E-06  0.1168E-04 -0.2725E-06  0.0000E+00      -1  -0.109E-07   20.00
  72   -71.0000    -200.000 0.0464   0.2725E-06  0.1168E-04 -0.2725E-06  0.0000E+00      -1  -0.109E-07   20.00
  73   -72.0000    -200.000 0.0464   0.2725E-06  0.1168E-04 -0.2725E-06  0.0000E+00      -1  -0.109E-07   20.00
  74   -73.0000    -200.000 0.0464   0.2725E-06  0.1168E-04 -0.2725E-06  0.0000E+00      -1  -0.109E-07   20.00
  75   -74.0000    -200.000 0.0464   0.2725E-06  0.1168E-04 -0.2725E-06  0.0000E+00      -1  -0.109E-07   20.00
  76   -75.0000    -200.000 0.0464   0.2725E-06  0.1168E-04 -0.2725E-06  0.0000E+00      -1  -0.109E-07   20.00
  77   -76.0000    -200.000 0.0464   0.2725E-06  0.1168E-04 -0.2725E-06  0.0000E+00      -1  -0.109E-07   20.00
  78   -77.0000    -200.000 0.0464   0.2725E-06  0.1168E-04 -0.2725E-06  0.0000E+00      -1  -0.109E-07   20.00
  79   -78.0000    -200.000 0.0464   0.2725E-06  0.1168E-04 -0.2725E-06  0.0000E+00      -1  -0.109E-07   20.00
  80   -79.0000    -200.000 0.0464   0.2725E-06  0.1168E-04 -0.2725E-06  0.0000E+00      -1  -0.109E-07   20.00
  81   -80.0000    -200.000 0.0464   0.2725E-06  0.1168E-04 -0.2725E-06  0.0000E+00      -1  -0.109E-07   20.00
  82   -81.0000    -200.000 0.0464   0.2725E-06  0.1168E-04 -0.2725E-06  0.0000E+00      -1  -0.109E-07   20.00
  83   -82.0000    -200.000 0.0464   0.2725E-06  0.1168E-04 -0.2725E-06  0.0000E+00      -1  -0.109E-07   20.00
  84   -83.0000    -200.000 0.0464   0.2725E-06  0.1168E-04 -0.2725E-06  0.0000E+00      -1  -0.109E-07   20.00
  85   -84.0000    -200.000 0.0464   0.2725E-06  0.1168E-04 -0.2725E-06  0.0000E+00      -1  -0.109E-07   20.00
  86   -85.0000    -200.000 0.0464   0.2725E-06  0.1168E-04 -0.2725E-06  0.0000E+00      -1  -0.109E-07   20.00
  87   -86.0000    -200.000 0.0464   0.2725E-06  0.1168E-04 -0.2725E-06  0.0000E+00      -1  -0.109E-07   20.00
  88   -87.0000    -200.000 0.0464   0.2725E-06  0.1168E-04 -0.2725E-06  0.0000E+00      -1  -0.109E-07   20.00
  89   -88.0000    -200.000 0.0464   0.2725E-06  0.1168E-04 -0.2725E-06  0.0000E+00      -1  -0.109E-07   20.00
  90   -89.0000    -200.000 0.0464   0.2725E-06  0.1168E-04 -0.2725E-06  0.0000E+00      -1  -0.109E-07   20.00
  91   -90.0000    -200.000 0.0464   0.2725E-06  0.1168E-04 -0.2725E-06  0.0000E+00      -1  -0.109E-07   20.00
  92   -91.0000    -200.000 0.0464   0.2725E-06  0.1168E-04 -0.2725E-06  0.0000E+00      -1  -0.109E-07   20.00
  93   -92.0000    -200.000 0.0464   0.2725E-06  0.1168E-04 -0.2725E-06  0.0000E+00      -1  -0.109E-07   20.00
  94   -93.0000    -200.000 0.0464   0.2725E-06  0.1168E-04 -0.2725E-06  0.0000E+00      -1  -0.109E-07   20.00
  95   -94.0000    -200.000 0.0464   0.2725E-06  0.1168E-04 -0.2725E-06  0.0000E+00      -1  -0.109E-07   20.00
  96   -95.0000    -200.000 0.0464   0.2725E-06  0.1168E-04 -0.2725E-06  0.0000E+00      -1  -0.109E-07   20.00
  97   -96.0000    -200.000 0.0464   0.2725E-06  0.1168E-04 -0.2725E-06  0.0000E+00      -1  -0.109E-07   20.00
  98   -97.0000    -200.000 0.0464   0.2725E-06  0.1168E-04 -0.2725E-06  0.0000E+00      -1  -0.109E-07   20.00
  99   -98.0000    -200.000 0.0464   0.2725E-06  0.1168E-04 -0.2725E-06  0.0000E+00      -1  -0.109E-07   20.00
 100   -99.0000    -200.000 0.0464   0.2725E-06  0.1168E-04 -0.2725E-06  0.0000E+00      -1  -0.109E-07   20.00
 101  -100.0000    -200.000 0.0464   0.2725E-06  0.1168E-04 -0.2725E-06  0.0000E+00      -1  -0.109E-07   20.00
end


 Time:        0.1500


 Node      Depth      Head Moisture       K          C         Flux        Sink         Kappa   v/KsTop   Temp
           [L]        [L]    [-]        [L/T]      [1/L]      [L/T]        [1/T]         [-]      [-]      [C]

   1     0.0000       0.000 0.4300   0.2496E+02  0.0000E+00 -0.2446E+02  0.0000E+00      -1  -0.980E+00   20.00
   2    -1.0000       0.020 0.4300   0.2496E+02  0.0000E+00 -0.2446E+02  0.0000E+00      -1  -0.980E+00   20.00
   3    -2.0000       0.037 0.4300   0.2479E+02  0.2427E-04 -0.2446E+02  0.0000E+00      -1  -0.980E+00   20.00
   4    -3.0000       0.048 0.4300   0.2467E+02  0.4202E-04 -0.2446E+02  0.0000E+00      -1  -0.980E+00   20.00
   5    -4.0000       0.052 0.4300   0.2444E+02  0.7370E-04 -0.2446E+02  0.0000E+00      -1  -0.980E+00   20.00
   6    -5.0000       0.032 0.4300   0.2354E+02  0.2047E-03 -0.2445E+02  0.0000E+00      -1  -0.979E+00   20.00
   7    -6.0000      -0.023 0.4300   0.2279E+02  0.3161E-03 -0.2444E+02  0.0000E+00      -1  -0.979E+00   20.00
   8    -7.0000      -0.114 0.4300   0.2202E+02  0.4308E-03 -0.2444E+02  0.0000E+00      -1  -0.979E+00   20.00
   9    -8.0000      -0.246 0.4299   0.2116E+02  0.5618E-03 -0.2445E+02  0.0000E+00      -1  -0.979E+00   20.00
  10    -9.0000      -0.429 0.4298   0.2016E+02  0.7171E-03 -0.2446E+02  0.0000E+00      -1  -0.980E+00   20.00
  11   -10.0000      -0.679 0.4296   0.1901E+02  0.8984E-03 -0.2448E+02  0.0000E+00      -1  -0.981E+00   20.00
  12   -11.0000      -1.012 0.4293   0.1774E+02  0.1105E-02 -0.2450E+02  0.0000E+00      -1  -0.981E+00   20.00
  13   -12.0000      -1.451 0.4288   0.1632E+02  0.1340E-02 -0.2449E+02  0.0000E+00      -1  -0.981E+00   20.00
  14   -13.0000      -2.024 0.4279   0.1481E+02  0.1595E-02 -0.2445E+02  0.0000E+00      -1  -0.979E+00   20.00
  15   -14.0000      -2.767 0.4266   0.1319E+02  0.1875E-02 -0.2435E+02  0.0000E+00      -1  -0.976E+00   20.00
  16   -15.0000      -3.738 0.4246   0.1146E+02  0.2174E-02 -0.2417E+02  0.0000E+00      -1  -0.968E+00   20.00
  17   -16.0000      -5.011 0.4216   0.9700E+01  0.2476E-02 -0.2387E+02  0.0000E+00      -1  -0.956E+00   20.00
  18   -17.0000      -6.706 0.4171   0.7877E+01  0.2772E-02 -0.2340E+02  0.0000E+00      -1  -0.938E+00   20.00
  19   -18.0000      -9.037 0.4103   0.6007E+01  0.3038E-02 -0.2268E+02  0.0000E+00      -1  -0.909E+00   20.00
  20   -19.0000     -12.389 0.3998   0.4215E+01  0.3206E-02 -0.2155E+02  0.0000E+00      -1  -0.863E+00   20.00
  21   -20.0000     -17.533 0.3832   0.2575E+01  0.3186E-02 -0.1978E+02  0.0000E+00      -1  -0.792E+00   20.00
  22   -21.0000     -26.344 0.3567   0.1237E+01  0.2835E-02 -0.1692E+02  0.0000E+00      -1  -0.678E+00   20.00
  23   -22.0000     -44.093 0.3142   0.3782E+00  0.2024E-02 -0.1236E+02  0.0000E+00      -1  -0.495E+00   20.00
  24   -23.0000     -87.263 0.2541   0.5582E-01  0.9791E-03 -0.6128E+01  0.0000E+00      -1  -0.246E+00   20.00
  25   -24.0000    -171.914 0.2029   0.6570E-02  0.3913E-03 -0.1407E+01  0.0000E+00      -1  -0.564E-01   20.00
  26   -25.0000    -198.243 0.1935   0.3902E-02  0.3142E-03 -0.7666E-01  0.0000E+00      -1  -0.307E-02   20.00
  27   -26.0000    -199.893 0.1930   0.3828E-02  0.3111E-03 -0.7082E-02  0.0000E+00      -1  -0.284E-03   20.00
  28   -27.0000    -199.918 0.1930   0.3827E-02  0.3110E-03 -0.3614E-02  0.0000E+00      -1  -0.145E-03   20.00
  29   -28.0000    -199.781 0.1931   0.3833E-02  0.3113E-03 -0.2961E-02  0.0000E+00      -1  -0.119E-03   20.00
  30   -29.0000    -199.463 0.1932   0.3847E-02  0.3119E-03 -0.2061E-02  0.0000E+00      -1  -0.826E-04   20.00
  31   -30.0000    -198.852 0.1933   0.3874E-02  0.3130E-03 -0.7776E-03  0.0000E+00      -1  -0.312E-04   20.00
  32   -31.0000    -197.879 0.0464   0.2825E-06  0.1193E-04 -0.2603E-04  0.0000E+00      -1  -0.104E-05   20.00
  33   -32.0000    -200.000 0.0464   0.2725E-06  0.1168E-04 -0.5693E-06  0.0000E+00      -1  -0.228E-07   20.00
  34   -33.0000    -200.000 0.0464   0.2725E-06  0.1168E-04 -0.2724E-06  0.0000E+00      -1  -0.109E-07   20.00
  35   -34.0000    -200.000 0.0464   0.2725E-06  0.1168E-04 -0.2725E-06  0.0000E+00      -1  -0.109E-07   20.00
  36   -35.0000    -200.000 0.0464   0.2725E-06  0.1168E-04 -0.2725E-06  0.0000E+00      -1  -0.109E-07   20.00
  37   -36.0000    -200.000 0.0464   0.2725E-06  0.1168E-04 -0.2725E-06  0.0000E+00      -1  -0.109E-07   20.00
  38   -37.0000    -200.000 0.0464   0.2725E-06  0.1168E-04 -0.2725E-06  0.0000E+00      -1  -0.109E-07   20.00
  39   -38.0000    -200.000 0.0464   0.2725E-06  0.1168E-04 -0.2725E-06  0.0000E+00      -1  -0.109E-07   20.00
  40   -39.0000    -200.000 0.0464   0.2725E-06  0.1168E-04 -0.2725E-06  0.0000E+00      -1  -0.109E-07   20.00
  41   -40.0000    -200.000 0.0464   0.2725E-06  0.1168E-04 -0.2725E-06  0.0000E+00      -1  -0.109E-07   20.00
  42   -41.0000    -200.000 0.0464   0.2725E-06  0.1168E-04 -0.2725E-06  0.0000E+00      -1  -0.109E-07   20.00
  43   -42.0000    -200.000 0.0464   0.2725E-06  0.1168E-04 -0.2725E-06  0.0000E+00      -1  -0.109E-07   20.00
  44   -43.0000    -200.000 0.0464   0.2725E-06  0.1168E-04 -0.2725E-06  0.0000E+00      -1  -0.109E-07   20.00
  45   -44.0000    -200.000 0.0464   0.2725E-06  0.1168E-04 -0.2725E-06  0.0000E+00      -1  -0.109E-07   20.00
  46   -45.0000    -200.000 0.0464   0.2725E-06  0.1168E-04 -0.2725E-06  0.0000E+00      -1  -0.109E-07   20.00
  47   -46.0000    -200.000 0.0464   0.2725E-06  0.1168E-04 -0.2725E-06  0.0000E+00      -1  -0.109E-07   20.00
  48   -47.0000    -200.000 0.0464   0.2725E-06  0.1168E-04 -0.2725E-06  0.0000E+00      -1  -0.109E-07   20.00
  49   -48.0000    -200.000 0.0464   0.2725E-06  0.1168E-04 -0.2725E-06  0.0000E+00      -1  -0.109E-07   20.00
  50   -49.0000    -200.000 0.0464   0.2725E-06  0.1168E-04 -0.2725E-06  0.0000E+00      -1  -0.109E-07   20.00
  51   -50.0000    -200.000 0.0464   0.2725E-06  0.1168E-04 -0.2725E-06  0.0000E+00      -1  -0.109E-07   20.00
  52   -51.0000    -200.000 0.0464   0.2725E-06  0.1168E-04 -0.2725E-06  0.0000E+00      -1  -0.109E-07   20.00
  53   -52.0000    -200.000 0.0464   0.2725E-06  0.1168E-04 -0.2725E-06  0.0000E+00      -1  -0.109E-07   20.00
  54   -53.0000    -200.000 0.0464   0.2725E-06  0.1168E-04 -0.2725E-06  0.0000E+00      -1  -0.109E-07   20.00
  55   -54.0000    -200.000 0.0464   0.2725E-06  0.1168E-04 -0.2725E-06  0.0000E+00      -1  -0.109E-07   20.00
  56   -55.0000    -200.000 0.0464   0.2725E-06  0.1168E-04 -0.2725E-06  0.0000E+00      -1  -0.109E-07   20.00
  57   -56.0000    -200.000 0.0464   0.2725E-06  0.1168E-04 -0.2725E-06  0.0000E+00      -1  -0.109E-07   20.00
  58   -57.0000    -200.000 0.0464   0.2725E-06  0.1168E-04 -0.2725E-06  0.0000E+00      -1  -0.109E-07   20.00
  59   -58.0000    -200.000 0.0464   0.2725E-06  0.1168E-04 -0.2725E-06  0.0000E+00      -1  -0.109E-07   20.00
  60   -59.0000    -200.000 0.0464   0.2725E-06  0.1168E-04 -0.2725E-06  0.0000E+00      -1  -0.109E-07   20.00
  61   -60.0000    -200.000 0.0464   0.2725E-06  0.1168E-04 -0.2725E-06  0.0000E+00      -1  -0.109E-07   20.00
  62   -61.0000    -200.000 0.0464   0.2725E-06  0.1168E-04 -0.2725E-06  0.0000E+00      -1  -0.109E-07   20.00
  63   -62.0000    -200.000 0.0464   0.2725E-06  0.1168E-04 -0.2725E-06  0.0000E+00      -1  -0.109E-07   20.00
  64   -63.0000    -200.000 0.0464   0.2725E-06  0.1168E-04 -0.2725E-06  0.0000E+00      -1  -0.109E-07   20.00
  65   -64.0000    -200.000 0.0464   0.2725E-06  0.1168E-04 -0.2725E-06  0.0000E+00      -1  -0.109E-07   20.00
  66   -65.0000    -200.000 0.0464   0.2725E-06  0.1168E-04 -0.2725E-06  0.0000E+00      -1  -0.109E-07   20.00
  67   -66.0000    -200.000 0.0464   0.2725E-06  0.1168E-04 -0.2725E-06  0.0000E+00      -1  -0.109E-07   20.00
  68   -67.0000    -200.000 0.0464   0.2725E-06  0.1168E-04 -0.2725E-06  0.0000E+00      -1  -0.109E-07   20.00
  69   -68.0000    -200.000 0.0464   0.2725E-06  0.1168E-04 -0.2725E-06  0.0000E+00      -1  -0.109E-07   20.00
  70   -69.0000    -200.000 0.0464   0.2725E-06  0.1168E-04 -0.2725E-06  0.0000E+00      -1  -0.109E-07   20.00
  71   -70.0000    -200.000 0.0464   0.2725E-06  0.1168E-04 -0.2725E-06  0.0000E+00      -1  -0.109E-07   20.00
  72   -71.0000    -200.000 0.0464   0.2725E-06  0.1168E-04 -0.2725E-06  0.0000E+00      -1  -0.109E-07   20.00
  73   -72.0000    -200.000 0.0464   0.2725E-06  0.1168E-04 -0.2725E-06  0.0000E+00      -1  -0.109E-07   20.00
  74   -73.0000    -200.000 0.0464   0.2725E-06  0.1168E-04 -0.2725E-06  0.0000E+00      -1  -0.109E-07   20.00
  75   -74.0000    -200.000 0.0464   0.2725E-06  0.1168E-04 -0.2725E-06  0.0000E+00      -1  -0.109E-07   20.00
  76   -75.0000    -200.000 0.0464   0.2725E-06  0.1168E-04 -0.2725E-06  0.0000E+00      -1  -0.109E-07   20.00
  77   -76.0000    -200.000 0.0464   0.2725E-06  0.1168E-04 -0.2725E-06  0.0000E+00      -1  -0.109E-07   20.00
  78   -77.0000    -200.000 0.0464   0.2725E-06  0.1168E-04 -0.2725E-06  0.0000E+00      -1  -0.109E-07   20.00
  79   -78.0000    -200.000 0.0464   0.2725E-06  0.1168E-04 -0.2725E-06  0.0000E+00      -1  -0.109E-07   20.00
  80   -79.0000    -200.000 0.0464   0.2725E-06  0.1168E-04 -0.2725E-06  0.0000E+00      -1  -0.109E-07   20.00
  81   -80.0000    -200.000 0.0464   0.2725E-06  0.1168E-04 -0.2725E-06  0.0000E+00      -1  -0.109E-07   20.00
  82   -81.0000    -200.000 0.0464   0.2725E-06  0.1168E-04 -0.2725E-06  0.0000E+00      -1  -0.109E-07   20.00
  83   -82.0000    -200.000 0.0464   0.2725E-06  0.1168E-04 -0.2725E-06  0.0000E+00      -1  -0.109E-07   20.00
  84   -83.0000    -200.000 0.0464   0.2725E-06  0.1168E-04 -0.2725E-06  0.0000E+00      -1  -0.109E-07   20.00
  85   -84.0000    -200.000 0.0464   0.2725E-06  0.1168E-04 -0.2725E-06  0.0000E+00      -1  -0.109E-07   20.00
  86   -85.0000    -200.000 0.0464   0.2725E-06  0.1168E-04 -0.2725E-06  0.0000E+00      -1  -0.109E-07   20.00
  87   -86.0000    -200.000 0.0464   0.2725E-06  0.1168E-04 -0.2725E-06  0.0000E+00      -1  -0.109E-07   20.00
  88   -87.0000    -200.000 0.0464   0.2725E-06  0.1168E-04 -0.2725E-06  0.0000E+00      -1  -0.109E-07   20.00
  89   -88.0000    -200.000 0.0464   0.2725E-06  0.1168E-04 -0.2725E-06  0.0000E+00      -1  -0.109E-07   20.00
  90   -89.0000    -200.000 0.0464   0.2725E-06  0.1168E-04 -0.2725E-06  0.0000E+00      -1  -0.109E-07   20.00
  91   -90.0000    -200.000 0.0464   0.2725E-06  0.1168E-04 -0.2725E-06  0.0000E+00      -1  -0.109E-07   20.00
  92   -91.0000    -200.000 0.0464   0.2725E-06  0.1168E-04 -0.2725E-06  0.0000E+00      -1  -0.109E-07   20.00
  93   -92.0000    -200.000 0.0464   0.2725E-06  0.1168E-04 -0.2725E-06  0.0000E+00      -1  -0.109E-07   20.00
  94   -93.0000    -200.000 0.0464   0.2725E-06  0.1168E-04 -0.2725E-06  0.0000E+00      -1  -0.109E-07   20.00
  95   -94.0000    -200.000 0.0464   0.2725E-06  0.1168E-04 -0.2725E-06  0.0000E+00      -1  -0.109E-07   20.00
  96   -95.0000    -200.000 0.0464   0.2725E-06  0.1168E-04 -0.2725E-06  0.0000E+00      -1  -0.109E-07   20.00
  97   -96.0000    -200.000 0.0464   0.2725E-06  0.1168E-04 -0.2725E-06  0.0000E+00      -1  -0.109E-07   20.00
  98   -97.0000    -200.000 0.0464   0.2725E-06  0.1168E-04 -0.2725E-06  0.0000E+00      -1  -0.109E-07   20.00
  99   -98.0000    -200.000 0.0464   0.2725E-06  0.1168E-04 -0.2725E-06  0.0000E+00      -1  -0.109E-07   20.00
 100   -99.0000    -200.000 0.0464   0.2725E-06  0.1168E-04 -0.2725E-06  0.0000E+00      -1  -0.109E-07   20.00
 101  -100.0000    -200.000 0.0464   0.2725E-06  0.1168E-04 -0.2725E-06  0.0000E+00      -1  -0.109E-07   20.00
end


 Time:        0.2000


 Node      Depth      Head Moisture       K          C         Flux        Sink         Kappa   v/KsTop   Temp
           [L]        [L]    [-]        [L/T]      [1/L]      [L/T]        [1/T]         [-]      [-]      [C]

   1     0.0000       0.000 0.4300   0.2496E+02  0.0000E+00 -0.2506E+02  0.0000E+00      -1  -0.100E+01   20.00
   2    -1.0000      -0.004 0.4300   0.2496E+02  0.0000E+00 -0.2506E+02  0.0000E+00      -1  -0.100E+01   20.00
   3    -2.0000      -0.008 0.4300   0.2496E+02  0.0000E+00 -0.2506E+02  0.0000E+00      -1  -0.100E+01   20.00
   4    -3.0000      -0.012 0.4300   0.2496E+02  0.0000E+00 -0.2506E+02  0.0000E+00      -1  -0.100E+01   20.00
   5    -4.0000      -0.016 0.4300   0.2496E+02  0.0000E+00 -0.2506E+02  0.0000E+00      -1  -0.100E+01   20.00
   6    -5.0000      -0.020 0.4300   0.2496E+02  0.0000E+00 -0.2506E+02  0.0000E+00      -1  -0.100E+01   20.00
   7    -6.0000      -0.024 0.4300   0.2496E+02  0.0000E+00 -0.2506E+02  0.0000E+00      -1  -0.100E+01   20.00
   8    -7.0000      -0.028 0.4300   0.2496E+02  0.0000E+00 -0.2506E+02  0.0000E+00      -1  -0.100E+01   20.00
   9    -8.0000      -0.033 0.4300   0.2496E+02  0.0000E+00 -0.2506E+02  0.0000E+00      -1  -0.100E+01   20.00
  10    -9.0000      -0.037 0.4300   0.2496E+02  0.0000E+00 -0.2506E+02  0.0000E+00      -1  -0.100E+01   20.00
  11   -10.0000      -0.041 0.4300   0.2496E+02  0.0000E+00 -0.2506E+02  0.0000E+00      -1  -0.100E+01   20.00
  12   -11.0000      -0.045 0.4300   0.2496E+02  0.0000E+00 -0.2506E+02  0.0000E+00      -1  -0.100E+01   20.00
  13   -12.0000      -0.073 0.4300   0.2376E+02  0.1721E-03 -0.2506E+02  0.0000E+00      -1  -0.100E+01   20.00
  14   -13.0000      -0.157 0.4300   0.2250E+02  0.3591E-03 -0.2506E+02  0.0000E+00      -1  -0.100E+01   20.00
  15   -14.0000      -0.304 0.4299   0.2117E+02  0.5595E-03 -0.2505E+02  0.0000E+00      -1  -0.100E+01   20.00
  16   -15.0000      -0.526 0.4297   0.1981E+02  0.7719E-03 -0.2502E+02  0.0000E+00      -1  -0.100E+01   20.00
  17   -16.0000      -0.836 0.4295   0.1839E+02  0.9993E-03 -0.2498E+02  0.0000E+00      -1  -0.100E+01   20.00
  18   -17.0000      -1.250 0.4290   0.1690E+02  0.1243E-02 -0.2491E+02  0.0000E+00      -1  -0.998E+00   20.00
  19   -18.0000      -1.793 0.4283   0.1532E+02  0.1508E-02 -0.2480E+02  0.0000E+00      -1  -0.994E+00   20.00
  20   -19.0000      -2.498 0.4271   0.1370E+02  0.1786E-02 -0.2465E+02  0.0000E+00      -1  -0.987E+00   20.00
  21   -20.0000      -3.410 0.4253   0.1199E+02  0.2083E-02 -0.2444E+02  0.0000E+00      -1  -0.979E+00   20.00
  22   -21.0000      -4.604 0.4226   0.1018E+02  0.2396E-02 -0.2413E+02  0.0000E+00      -1  -0.967E+00   20.00
  23   -22.0000      -6.187 0.4186   0.8362E+01  0.2696E-02 -0.2368E+02  0.0000E+00      -1  -0.949E+00   20.00
  24   -23.0000      -8.332 0.4124   0.6522E+01  0.2969E-02 -0.2301E+02  0.0000E+00      -1  -0.922E+00   20.00
  25   -24.0000     -11.374 0.4030   0.4669E+01  0.3177E-02 -0.2198E+02  0.0000E+00      -1  -0.881E+00   20.00
  26   -25.0000     -15.957 0.3883   0.2979E+01  0.3216E-02 -0.2030E+02  0.0000E+00      -1  -0.813E+00   20.00
  27   -26.0000     -23.550 0.3646   0.1499E+01  0.2971E-02 -0.1758E+02  0.0000E+00      -1  -0.704E+00   20.00
  28   -27.0000     -38.341 0.3261   0.5175E+00  0.2260E-02 -0.1340E+02  0.0000E+00      -1  -0.537E+00   20.00
  29   -28.0000     -73.038 0.2690   0.9219E-01  0.1206E-02 -0.7506E+01  0.0000E+00      -1  -0.301E+00   20.00
  30   -29.0000    -153.877 0.2099   0.8728E-02  0.4502E-03 -0.2200E+01  0.0000E+00      -1  -0.882E-01   20.00
  31   -30.0000    -195.373 0.1943   0.4030E-02  0.3196E-03 -0.1375E+00  0.0000E+00      -1  -0.551E-02   20.00
  32   -31.0000    -196.273 0.0464   0.2901E-06  0.1211E-04 -0.1915E-02  0.0000E+00      -1  -0.767E-04   20.00
  33   -32.0000    -200.000 0.0464   0.2725E-06  0.1168E-04 -0.8010E-06  0.0000E+00      -1  -0.321E-07   20.00
  34   -33.0000    -200.000 0.0464   0.2725E-06  0.1168E-04 -0.2725E-06  0.0000E+00      -1  -0.109E-07   20.00
  35   -34.0000    -200.000 0.0464   0.2725E-06  0.1168E-04 -0.2725E-06  0.0000E+00      -1  -0.109E-07   20.00
  36   -35.0000    -200.000 0.0464   0.2725E-06  0.1168E-04 -0.2725E-06  0.0000E+00      -1  -0.109E-07   20.00
  37   -36.0000    -200.000 0.0464   0.2725E-06  0.1168E-04 -0.2725E-06  0.0000E+00      -1  -0.109E-07   20.00
  38   -37.0000    -200.000 0.0464   0.2725E-06  0.1168E-04 -0.2725E-06  0.0000E+00      -1  -0.109E-07   20.00
  39   -38.0000    -200.000 0.0464   0.2725E-06  0.1168E-04 -0.2725E-06  0.0000E+00      -1  -0.109E-07   20.00
  40   -39.0000    -200.000 0.0464   0.2725E-06  0.1168E-04 -0.2725E-06  0.0000E+00      -1  -0.109E-07   20.00
  41   -40.0000    -200.000 0.0464   0.2725E-06  0.1168E-04 -0.2725E-06  0.0000E+00      -1  -0.109E-07   20.00
  42   -41.0000    -200.000 0.0464   0.2725E-06  0.1168E-04 -0.2725E-06  0.0000E+00      -1  -0.109E-07   20.00
  43   -42.0000    -200.000 0.0464   0.2725E-06  0.1168E-04 -0.2725E-06  0.0000E+00      -1  -0.109E-07   20.00
  44   -43.0000    -200.000 0.0464   0.2725E-06  0.1168E-04 -0.2725E-06  0.0000E+00      -1  -0.109E-07   20.00
  45   -44.0000    -200.000 0.0464   0.2725E-06  0.1168E-04 -0.2725E-06  0.0000E+00      -1  -0.109E-07   20.00
  46   -45.0000    -200.000 0.0464   0.2725E-06  0.1168E-04 -0.2725E-06  0.0000E+00      -1  -0.109E-07   20.00
  47   -46.0000    -200.000 0.0464   0.2725E-06  0.1168E-04 -0.2725E-06  0.0000E+00      -1  -0.109E-07   20.00
  48   -47.0000    -200.000 0.0464   0.2725E-06  0.1168E-04 -0.2725E-06  0.0000E+00      -1  -0.109E-07   20.00
  49   -48.0000    -200.000 0.0464   0.2725E-06  0.1168E-04 -0.2725E-06  0.0000E+00      -1  -0.109E-07   20.00
  50   -49.0000    -200.000 0.0464   0.2725E-06  0.1168E-04 -0.2725E-06  0.0000E+00      -1  -0.109E-07   20.00
  51   -50.0000    -200.000 0.0464   0.2725E-06  0.1168E-04 -0.2725E-06  0.0000E+00      -1  -0.109E-07   20.00
  52   -51.0000    -200.000 0.0464   0.2725E-06  0.1168E-04 -0.2725E-06  0.0000E+00      -1  -0.109E-07   20.00
  53   -52.0000    -200.000 0.0464   0.2725E-06  0.1168E-04 -0.2725E-06  0.0000E+00      -1  -0.109E-07   20.00
  54   -53.0000    -200.000 0.0464   0.2725E-06  0.1168E-04 -0.2725E-06  0.0000E+00      -1  -0.109E-07   20.00
  55   -54.0000    -200.000 0.0464   0.2725E-06  0.1168E-04 -0.2725E-06  0.0000E+00      -1  -0.109E-07   20.00
  56   -55.0000    -200.000 0.0464   0.2725E-06  0.1168E-04 -0.2725E-06  0.0000E+00      -1  -0.109E-07   20.00
  57   -56.0000    -200.000 0.0464   0.2725E-06  0.1168E-04 -0.2725E-06  0.0000E+00      -1  -0.109E-07   20.00
  58   -57.0000    -200.000 0.0464   0.2725E-06  0.1168E-04 -0.2725E-06  0.0000E+00      -1  -0.109E-07   20.00
  59   -58.0000    -200.000 0.0464   0.2725E-06  0.1168E-04 -0.2725E-06  0.0000E+00      -1  -0.109E-07   20.00
  60   -59.0000    -200.000 0.0464   0.2725E-06  0.1168E-04 -0.2725E-06  0.0000E+00      -1  -0.109E-07   20.00
  61   -60.0000    -200.000 0.0464   0.2725E-06  0.1168E-04 -0.2725E-06  0.0000E+00      -1  -0.109E-07   20.00
  62   -61.0000    -200.000 0.0464   0.2725E-06  0.1168E-04 -0.2725E-06  0.0000E+00      -1  -0.109E-07   20.00
  63   -62.0000    -200.000 0.0464   0.2725E-06  0.1168E-04 -0.2725E-06  0.0000E+00      -1  -0.109E-07   20.00
  64   -63.0000    -200.000 0.0464   0.2725E-06  0.1168E-04 -0.2725E-06  0.0000E+00      -1  -0.109E-07   20.00
  65   -64.0000    -200.000 0.0464   0.2725E-06  0.1168E-04 -0.2725E-06  0.0000E+00      -1  -0.109E-07   20.00
  66   -65.0000    -200.000 0.0464   0.2725E-06  0.1168E-04 -0.2725E-06  0.0000E+00      -1  -0.109E-07   20.00
  67   -66.0000    -200.000 0.0464   0.2725E-06  0.1168E-04 -0.2725E-06  0.0000E+00      -1  -0.109E-07   20.00
  68   -67.0000    -200.000 0.0464   0.2725E-06  0.1168E-04 -0.2725E-06  0.0000E+00      -1  -0.109E-07   20.00
  69   -68.0000    -200.000 0.0464   0.2725E-06  0.1168E-04 -0.2725E-06  0.0000E+00      -1  -0.109E-07   20.00
  70   -69.0000    -200.000 0.0464   0.2725E-06  0.1168E-04 -0.2725E-06  0.0000E+00      -1  -0.109E-07   20.00
  71   -70.0000    -200.000 0.0464   0.2725E-06  0.1168E-04 -0.2725E-06  0.0000E+00      -1  -0.109E-07   20.00
  72   -71.0000    -200.000 0.0464   0.2725E-06  0.1168E-04 -0.2725E-06  0.0000E+00      -1  -0.109E-07   20.00
  73   -72.0000    -200.000 0.0464   0.2725E-06  0.1168E-04 -0.2725E-06  0.0000E+00      -1  -0.109E-07   20.00
  74   -73.0000    -200.000 0.0464   0.2725E-06  0.1168E-04 -0.2725E-06  0.0000E+00      -1  -0.109E-07   20.00
  75   -74.0000    -200.000 0.0464   0.2725E-06  0.1168E-04 -0.2725E-06  0.0000E+00      -1  -0.109E-07   20.00
  76   -75.0000    -200.000 0.0464   0.2725E-06  0.1168E-04 -0.2725E-06  0.0000E+00      -1  -0.109E-07   20.00
  77   -76.0000    -200.000 0.0464   0.2725E-06  0.1168E-04 -0.2725E-06  0.0000E+00      -1  -0.109E-07   20.00
  78   -77.0000    -200.000 0.0464   0.2725E-06  0.1168E-04 -0.2725E-06  0.0000E+00      -1  -0.109E-07   20.00
  79   -78.0000    -200.000 0.0464   0.2725E-06  0.1168E-04 -0.2725E-06  0.0000E+00      -1  -0.109E-07   20.00
  80   -79.0000    -200.000 0.0464   0.2725E-06  0.1168E-04 -0.2725E-06  0.0000E+00      -1  -0.109E-07   20.00
  81   -80.0000    -200.000 0.0464   0.2725E-06  0.1168E-04 -0.2725E-06  0.0000E+00      -1  -0.109E-07   20.00
  82   -81.0000    -200.000 0.0464   0.2725E-06  0.1168E-04 -0.2725E-06  0.0000E+00      -1  -0.109E-07   20.00
  83   -82.0000    -200.000 0.0464   0.2725E-06  0.1168E-04 -0.2725E-06  0.0000E+00      -1  -0.109E-07   20.00
  84   -83.0000    -200.000 0.0464   0.2725E-06  0.1168E-04 -0.2725E-06  0.0000E+00      -1  -0.109E-07   20.00
  85   -84.0000    -200.000 0.0464   0.2725E-06  0.1168E-04 -0.2725E-06  0.0000E+00      -1  -0.109E-07   20.00
  86   -85.0000    -200.000 0.0464   0.2725E-06  0.1168E-04 -0.2725E-06  0.0000E+00      -1  -0.109E-07   20.00
  87   -86.0000    -200.000 0.0464   0.2725E-06  0.1168E-04 -0.2725E-06  0.0000E+00      -1  -0.109E-07   20.00
  88   -87.0000    -200.000 0.0464   0.2725E-06  0.1168E-04 -0.2725E-06  0.0000E+00      -1  -0.109E-07   20.00
  89   -88.0000    -200.000 0.0464   0.2725E-06  0.1168E-04 -0.2725E-06  0.0000E+00      -1  -0.109E-07   20.00
  90   -89.0000    -200.000 0.0464   0.2725E-06  0.1168E-04 -0.2725E-06  0.0000E+00      -1  -0.109E-07   20.00
  91   -90.0000    -200.000 0.0464   0.2725E-06  0.1168E-04 -0.2725E-06  0.0000E+00      -1  -0.109E-07   20.00
  92   -91.0000    -200.000 0.0464   0.2725E-06  0.1168E-04 -0.2725E-06  0.0000E+00      -1  -0.109E-07   20.00
  93   -92.0000    -200.000 0.0464   0.2725E-06  0.1168E-04 -0.2725E-06  0.0000E+00      -1  -0.109E-07   20.00
  94   -93.0000    -200.000 0.0464   0.2725E-06  0.1168E-04 -0.2725E-06  0.0000E+00      -1  -0.109E-07   20.00
  95   -94.0000    -200.000 0.0464   0.2725E-06  0.1168E-04 -0.2725E-06  0.0000E+00      -1  -0.109E-07   20.00
  96   -95.0000    -200.000 0.0464   0.2725E-06  0.1168E-04 -0.2725E-06  0.0000E+00      -1  -0.109E-07   20.00
  97   -96.0000    -200.000 0.0464   0.2725E-06  0.1168E-04 -0.2725E-06  0.0000E+00      -1  -0.109E-07   20.00
  98   -97.0000    -200.000 0.0464   0.2725E-06  0.1168E-04 -0.2725E-06  0.0000E+00      -1  -0.109E-07   20.00
  99   -98.0000    -200.000 0.0464   0.2725E-06  0.1168E-04 -0.2725E-06  0.0000E+00      -1  -0.109E-07   20.00
 100   -99.0000    -200.000 0.0464   0.2725E-06  0.1168E-04 -0.2725E-06  0.0000E+00      -1  -0.109E-07   20.00
 101  -100.0000    -200.000 0.0464   0.2725E-06  0.1168E-04 -0.2725E-06  0.0000E+00      -1  -0.109E-07   20.00
end


 Time:        0.2500


 Node      Depth      Head Moisture       K          C         Flux        Sink         Kappa   v/KsTop   Temp
           [L]        [L]    [-]        [L/T]      [1/L]      [L/T]        [1/T]         [-]      [-]      [C]

   1     0.0000       0.000 0.4300   0.2496E+02  0.0000E+00 -0.2491E+02  0.0000E+00      -1  -0.998E+00   20.00
   2    -1.0000       0.002 0.4300   0.2496E+02  0.0000E+00 -0.2491E+02  0.0000E+00      -1  -0.998E+00   20.00
   3    -2.0000       0.004 0.4300   0.2496E+02  0.0000E+00 -0.2491E+02  0.0000E+00      -1  -0.998E+00   20.00
   4    -3.0000       0.006 0.4300   0.2496E+02  0.0000E+00 -0.2491E+02  0.0000E+00      -1  -0.998E+00   20.00
   5    -4.0000       0.008 0.4300   0.2496E+02  0.0000E+00 -0.2491E+02  0.0000E+00      -1  -0.998E+00   20.00
   6    -5.0000       0.011 0.4300   0.2496E+02  0.0000E+00 -0.2491E+02  0.0000E+00      -1  -0.998E+00   20.00
   7    -6.0000       0.013 0.4300   0.2496E+02  0.0000E+00 -0.2491E+02  0.0000E+00      -1  -0.998E+00   20.00
   8    -7.0000       0.015 0.4300   0.2496E+02  0.0000E+00 -0.2491E+02  0.0000E+00      -1  -0.998E+00   20.00
   9    -8.0000       0.017 0.4300   0.2496E+02  0.0000E+00 -0.2491E+02  0.0000E+00      -1  -0.998E+00   20.00
  10    -9.0000       0.019 0.4300   0.2496E+02  0.0000E+00 -0.2491E+02  0.0000E+00      -1  -0.998E+00   20.00
  11   -10.0000       0.021 0.4300   0.2496E+02  0.0000E+00 -0.2491E+02  0.0000E+00      -1  -0.998E+00   20.00
  12   -11.0000       0.023 0.4300   0.2496E+02  0.0000E+00 -0.2491E+02  0.0000E+00      -1  -0.998E+00   20.00
  13   -12.0000       0.025 0.4300   0.2496E+02  0.0000E+00 -0.2491E+02  0.0000E+00      -1  -0.998E+00   20.00
  14   -13.0000       0.027 0.4300   0.2496E+02  0.0000E+00 -0.2491E+02  0.0000E+00      -1  -0.998E+00   20.00
  15   -14.0000       0.030 0.4300   0.2496E+02  0.0000E+00 -0.2491E+02  0.0000E+00      -1  -0.998E+00   20.00
  16   -15.0000       0.032 0.4300   0.2496E+02  0.0000E+00 -0.2491E+02  0.0000E+00      -1  -0.998E+00   20.00
  17   -16.0000       0.031 0.4300   0.2481E+02  0.2176E-04 -0.2491E+02  0.0000E+00      -1  -0.998E+00   20.00
  18   -17.0000       0.022 0.4300   0.2460E+02  0.5071E-04 -0.2491E+02  0.0000E+00      -1  -0.998E+00   20.00
  19   -18.0000       0.002 0.4300   0.2424E+02  0.1036E-03 -0.2491E+02  0.0000E+00      -1  -0.998E+00   20.00
  20   -19.0000      -0.053 0.4300   0.2300E+02  0.2845E-03 -0.2490E+02  0.0000E+00      -1  -0.998E+00   20.00
  21   -20.0000      -0.161 0.4300   0.2194E+02  0.4429E-03 -0.2489E+02  0.0000E+00      -1  -0.997E+00   20.00
  22   -21.0000      -0.325 0.4299   0.2081E+02  0.6151E-03 -0.2488E+02  0.0000E+00      -1  -0.997E+00   20.00
  23   -22.0000      -0.556 0.4297   0.1958E+02  0.8075E-03 -0.2488E+02  0.0000E+00      -1  -0.997E+00   20.00
  24   -23.0000      -0.872 0.4294   0.1824E+02  0.1022E-02 -0.2488E+02  0.0000E+00      -1  -0.997E+00   20.00
  25   -24.0000      -1.291 0.4289   0.1680E+02  0.1260E-02 -0.2487E+02  0.0000E+00      -1  -0.997E+00   20.00
  26   -25.0000      -1.845 0.4282   0.1522E+02  0.1525E-02 -0.2487E+02  0.0000E+00      -1  -0.996E+00   20.00
  27   -26.0000      -2.571 0.4269   0.1358E+02  0.1808E-02 -0.2485E+02  0.0000E+00      -1  -0.995E+00   20.00
  28   -27.0000      -3.529 0.4251   0.1180E+02  0.2116E-02 -0.2482E+02  0.0000E+00      -1  -0.994E+00   20.00
  29   -28.0000      -4.812 0.4221   0.9931E+01  0.2437E-02 -0.2478E+02  0.0000E+00      -1  -0.993E+00   20.00
  30   -29.0000      -6.573 0.4175   0.7998E+01  0.2753E-02 -0.2473E+02  0.0000E+00      -1  -0.991E+00   20.00
  31   -30.0000      -9.118 0.4101   0.5944E+01  0.3047E-02 -0.2470E+02  0.0000E+00      -1  -0.990E+00   20.00
  32   -31.0000     -10.984 0.1972   0.1129E+02  0.1810E-01 -0.2319E+02  0.0000E+00      -1  -0.929E+00   20.00
  33   -32.0000     -12.575 0.1720   0.5456E+01  0.1425E-01 -0.1921E+02  0.0000E+00      -1  -0.769E+00   20.00
  34   -33.0000     -16.526 0.1307   0.1301E+01  0.8107E-02 -0.1286E+02  0.0000E+00      -1  -0.515E+00   20.00
  35   -34.0000     -28.889 0.0798   0.4529E-01  0.2018E-02 -0.5364E+01  0.0000E+00      -1  -0.215E+00   20.00
  36   -35.0000    -104.399 0.0491   0.1706E-04  0.6823E-04 -0.8671E+00  0.0000E+00      -1  -0.347E-01   20.00
  37   -36.0000    -199.933 0.0464   0.2728E-06  0.1169E-04 -0.4184E-03  0.0000E+00      -1  -0.168E-04   20.00
  38   -37.0000    -200.000 0.0464   0.2725E-06  0.1168E-04 -0.2817E-06  0.0000E+00      -1  -0.113E-07   20.00
  39   -38.0000    -200.000 0.0464   0.2725E-06  0.1168E-04 -0.2725E-06  0.0000E+00      -1  -0.109E-07   20.00
  40   -39.0000    -200.000 0.0464   0.2725E-06  0.1168E-04 -0.2725E-06  0.0000E+00      -1  -0.109E-07   20.00
  41   -40.0000    -200.000 0.0464   0.2725E-06  0.1168E-04 -0.2725E-06  0.0000E+00      -1  -0.109E-07   20.00
  42   -41.0000    -200.000 0.0464   0.2725E-06  0.1168E-04 -0.2725E-06  0.0000E+00      -1  -0.109E-07   20.00
  43   -42.0000    -200.000 0.0464   0.2725E-06  0.1168E-04 -0.2725E-06  0.0000E+00      -1  -0.109E-07   20.00
  44   -43.0000    -200.000 0.0464   0.2725E-06  0.1168E-04 -0.2725E-06  0.0000E+00      -1  -0.109E-07   20.00
  45   -44.0000    -200.000 0.0464   0.2725E-06  0.1168E-04 -0.2725E-06  0.0000E+00      -1  -0.109E-07   20.00
  46   -45.0000    -200.000 0.0464   0.2725E-06  0.1168E-04 -0.2725E-06  0.0000E+00      -1  -0.109E-07   20.00
  47   -46.0000    -200.000 0.0464   0.2725E-06  0.1168E-04 -0.2725E-06  0.0000E+00      -1  -0.109E-07   20.00
  48   -47.0000    -200.000 0.0464   0.2725E-06  0.1168E-04 -0.2725E-06  0.0000E+00      -1  -0.109E-07   20.00
  49   -48.0000    -200.000 0.0464   0.2725E-06  0.1168E-04 -0.2725E-06  0.0000E+00      -1  -0.109E-07   20.00
  50   -49.0000    -200.000 0.0464   0.2725E-06  0.1168E-04 -0.2725E-06  0.0000E+00      -1  -0.109E-07   20.00
  51   -50.0000    -200.000 0.0464   0.2725E-06  0.1168E-04 -0.2725E-06  0.0000E+00      -1  -0.109E-07   20.00
  52   -51.0000    -200.000 0.0464   0.2725E-06  0.1168E-04 -0.2725E-06  0.0000E+00      -1  -0.109E-07   20.00
  53   -52.0000    -200.000 0.0464   0.2725E-06  0.1168E-04 -0.2725E-06  0.0000E+00      -1  -0.109E-07   20.00
  54   -53.0000    -200.000 0.0464   0.2725E-06  0.1168E-04 -0.2725E-06  0.0000E+00      -1  -0.109E-07   20.00
  55   -54.0000    -200.000 0.0464   0.2725E-06  0.1168E-04 -0.2725E-06  0.0000E+00      -1  -0.109E-07   20.00
  56   -55.0000    -200.000 0.0464   0.2725E-06  0.1168E-04 -0.2725E-06  0.0000E+00      -1  -0.109E-07   20.00
  57   -56.0000    -200.000 0.0464   0.2725E-06  0.1168E-04 -0.2725E-06  0.0000E+00      -1  -0.109E-07   20.00
  58   -57.0000    -200.000 0.0464   0.2725E-06  0.1168E-04 -0.2725E-06  0.0000E+00      -1  -0.109E-07   20.00
  59   -58.0000    -200.000 0.0464   0.2725E-06  0.1168E-04 -0.2725E-06  0.0000E+00      -1  -0.109E-07   20.00
  60   -59.0000    -200.000 0.0464   0.2725E-06  0.1168E-04 -0.2725E-06  0.0000E+00      -1  -0.109E-07   20.00
  61   -60.0000    -200.000 0.0464   0.2725E-06  0.1168E-04 -0.2725E-06  0.0000E+00      -1  -0.109E-07   20.00
  62   -61.0000    -200.000 0.0464   0.2725E-06  0.1168E-04 -0.2725E-06  0.0000E+00      -1  -0.109E-07   20.00
  63   -62.0000    -200.000 0.0464   0.2725E-06  0.1168E-04 -0.2725E-06  0.0000E+00      -1  -0.109E-07   20.00
  64   -63.0000    -200.000 0.0464   0.2725E-06  0.1168E-04 -0.2725E-06  0.0000E+00      -1  -0.109E-07   20.00
  65   -64.0000    -200.000 0.0464   0.2725E-06  0.1168E-04 -0.2725E-06  0.0000E+00      -1  -0.109E-07   20.00
  66   -65.0000    -200.000 0.0464   0.2725E-06  0.1168E-04 -0.2725E-06  0.0000E+00      -1  -0.109E-07   20.00
  67   -66.0000    -200.000 0.0464   0.2725E-06  0.1168E-04 -0.2725E-06  0.0000E+00      -1  -0.109E-07   20.00
  68   -67.0000    -200.000 0.0464   0.2725E-06  0.1168E-04 -0.2725E-06  0.0000E+00      -1  -0.109E-07   20.00
  69   -68.0000    -200.000 0.0464   0.2725E-06  0.1168E-04 -0.2725E-06  0.0000E+00      -1  -0.109E-07   20.00
  70   -69.0000    -200.000 0.0464   0.2725E-06  0.1168E-04 -0.2725E-06  0.0000E+00      -1  -0.109E-07   20.00
  71   -70.0000    -200.000 0.0464   0.2725E-06  0.1168E-04 -0.2725E-06  0.0000E+00      -1  -0.109E-07   20.00
  72   -71.0000    -200.000 0.0464   0.2725E-06  0.1168E-04 -0.2725E-06  0.0000E+00      -1  -0.109E-07   20.00
  73   -72.0000    -200.000 0.0464   0.2725E-06  0.1168E-04 -0.2725E-06  0.0000E+00      -1  -0.109E-07   20.00
  74   -73.0000    -200.000 0.0464   0.2725E-06  0.1168E-04 -0.2725E-06  0.0000E+00      -1  -0.109E-07   20.00
  75   -74.0000    -200.000 0.0464   0.2725E-06  0.1168E-04 -0.2725E-06  0.0000E+00      -1  -0.109E-07   20.00
  76   -75.0000    -200.000 0.0464   0.2725E-06  0.1168E-04 -0.2725E-06  0.0000E+00      -1  -0.109E-07   20.00
  77   -76.0000    -200.000 0.0464   0.2725E-06  0.1168E-04 -0.2725E-06  0.0000E+00      -1  -0.109E-07   20.00
  78   -77.0000    -200.000 0.0464   0.2725E-06  0.1168E-04 -0.2725E-06  0.0000E+00      -1  -0.109E-07   20.00
  79   -78.0000    -200.000 0.0464   0.2725E-06  0.1168E-04 -0.2725E-06  0.0000E+00      -1  -0.109E-07   20.00
  80   -79.0000    -200.000 0.0464   0.2725E-06  0.1168E-04 -0.2725E-06  0.0000E+00      -1  -0.109E-07   20.00
  81   -80.0000    -200.000 0.0464   0.2725E-06  0.1168E-04 -0.2725E-06  0.0000E+00      -1  -0.109E-07   20.00
  82   -81.0000    -200.000 0.0464   0.2725E-06  0.1168E-04 -0.2725E-06  0.0000E+00      -1  -0.109E-07   20.00
  83   -82.0000    -200.000 0.0464   0.2725E-06  0.1168E-04 -0.2725E-06  0.0000E+00      -1  -0.109E-07   20.00
  84   -83.0000    -200.000 0.0464   0.2725E-06  0.1168E-04 -0.2725E-06  0.0000E+00      -1  -0.109E-07   20.00
  85   -84.0000    -200.000 0.0464   0.2725E-06  0.1168E-04 -0.2725E-06  0.0000E+00      -1  -0.109E-07   20.00
  86   -85.0000    -200.000 0.0464   0.2725E-06  0.1168E-04 -0.2725E-06  0.0000E+00      -1  -0.109E-07   20.00
  87   -86.0000    -200.000 0.0464   0.2725E-06  0.1168E-04 -0.2725E-06  0.0000E+00      -1  -0.109E-07   20.00
  88   -87.0000    -200.000 0.0464   0.2725E-06  0.1168E-04 -0.2725E-06  0.0000E+00      -1  -0.109E-07   20.00
  89   -88.0000    -200.000 0.0464   0.2725E-06  0.1168E-04 -0.2725E-06  0.0000E+00      -1  -0.109E-07   20.00
  90   -89.0000    -200.000 0.0464   0.2725E-06  0.1168E-04 -0.2725E-06  0.0000E+00      -1  -0.109E-07   20.00
  91   -90.0000    -200.000 0.0464   0.2725E-06  0.1168E-04 -0.2725E-06  0.0000E+00      -1  -0.109E-07   20.00
  92   -91.0000    -200.000 0.0464   0.2725E-06  0.1168E-04 -0.2725E-06  0.0000E+00      -1  -0.109E-07   20.00
  93   -92.0000    -200.000 0.0464   0.2725E-06  0.1168E-04 -0.2725E-06  0.0000E+00      -1  -0.109E-07   20.00
  94   -93.0000    -200.000 0.0464   0.2725E-06  0.1168E-04 -0.2725E-06  0.0000E+00      -1  -0.109E-07   20.00
  95   -94.0000    -200.000 0.0464   0.2725E-06  0.1168E-04 -0.2725E-06  0.0000E+00      -1  -0.109E-07   20.00
  96   -95.0000    -200.000 0.0464   0.2725E-06  0.1168E-04 -0.2725E-06  0.0000E+00      -1  -0.109E-07   20.00
  97   -96.0000    -200.000 0.0464   0.2725E-06  0.1168E-04 -0.2725E-06  0.0000E+00      -1  -0.109E-07   20.00
  98   -97.0000    -200.000 0.0464   0.2725E-06  0.1168E-04 -0.2725E-06  0.0000E+00      -1  -0.109E-07   20.00
  99   -98.0000    -200.000 0.0464   0.2725E-06  0.1168E-04 -0.2725E-06  0.0000E+00      -1  -0.109E-07   20.00
 100   -99.0000    -200.000 0.0464   0.2725E-06  0.1168E-04 -0.2725E-06  0.0000E+00      -1  -0.109E-07   20.00
 101  -100.0000    -200.000 0.0464   0.2725E-06  0.1168E-04 -0.2725E-06  0.0000E+00      -1  -0.109E-07   20.00
end


 Time:        0.3000


 Node      Depth      Head Moisture       K          C         Flux        Sink         Kappa   v/KsTop   Temp
           [L]        [L]    [-]        [L/T]      [1/L]      [L/T]        [1/T]         [-]      [-]      [C]

   1     0.0000       0.000 0.4300   0.2496E+02  0.0000E+00 -0.2503E+02  0.0000E+00      -1  -0.100E+01   20.00
   2    -1.0000      -0.003 0.4300   0.2496E+02  0.0000E+00 -0.2503E+02  0.0000E+00      -1  -0.100E+01   20.00
   3    -2.0000      -0.005 0.4300   0.2496E+02  0.0000E+00 -0.2503E+02  0.0000E+00      -1  -0.100E+01   20.00
   4    -3.0000      -0.008 0.4300   0.2496E+02  0.0000E+00 -0.2503E+02  0.0000E+00      -1  -0.100E+01   20.00
   5    -4.0000      -0.011 0.4300   0.2496E+02  0.0000E+00 -0.2503E+02  0.0000E+00      -1  -0.100E+01   20.00
   6    -5.0000      -0.014 0.4300   0.2496E+02  0.0000E+00 -0.2503E+02  0.0000E+00      -1  -0.100E+01   20.00
   7    -6.0000      -0.016 0.4300   0.2496E+02  0.0000E+00 -0.2503E+02  0.0000E+00      -1  -0.100E+01   20.00
   8    -7.0000      -0.019 0.4300   0.2496E+02  0.0000E+00 -0.2503E+02  0.0000E+00      -1  -0.100E+01   20.00
   9    -8.0000      -0.022 0.4300   0.2496E+02  0.0000E+00 -0.2503E+02  0.0000E+00      -1  -0.100E+01   20.00
  10    -9.0000      -0.025 0.4300   0.2496E+02  0.0000E+00 -0.2503E+02  0.0000E+00      -1  -0.100E+01   20.00
  11   -10.0000      -0.027 0.4300   0.2496E+02  0.0000E+00 -0.2503E+02  0.0000E+00      -1  -0.100E+01   20.00
  12   -11.0000      -0.030 0.4300   0.2496E+02  0.0000E+00 -0.2503E+02  0.0000E+00      -1  -0.100E+01   20.00
  13   -12.0000      -0.033 0.4300   0.2496E+02  0.0000E+00 -0.2503E+02  0.0000E+00      -1  -0.100E+01   20.00
  14   -13.0000      -0.036 0.4300   0.2496E+02  0.0000E+00 -0.2503E+02  0.0000E+00      -1  -0.100E+01   20.00
  15   -14.0000      -0.038 0.4300   0.2496E+02  0.0000E+00 -0.2503E+02  0.0000E+00      -1  -0.100E+01   20.00
  16   -15.0000      -0.041 0.4300   0.2496E+02  0.0000E+00 -0.2503E+02  0.0000E+00      -1  -0.100E+01   20.00
  17   -16.0000      -0.044 0.4300   0.2496E+02  0.0000E+00 -0.2503E+02  0.0000E+00      -1  -0.100E+01   20.00
  18   -17.0000      -0.046 0.4300   0.2496E+02  0.0000E+00 -0.2503E+02  0.0000E+00      -1  -0.100E+01   20.00
  19   -18.0000      -0.049 0.4300   0.2496E+02  0.0000E+00 -0.2503E+02  0.0000E+00      -1  -0.100E+01   20.00
  20   -19.0000      -0.073 0.4300   0.2393E+02  0.1484E-03 -0.2502E+02  0.0000E+00      -1  -0.100E+01   20.00
  21   -20.0000      -0.146 0.4300   0.2270E+02  0.3280E-03 -0.2502E+02  0.0000E+00      -1  -0.100E+01   20.00
  22   -21.0000      -0.280 0.4299   0.2140E+02  0.5243E-03 -0.2501E+02  0.0000E+00      -1  -0.100E+01   20.00
  23   -22.0000      -0.487 0.4298   0.2005E+02  0.7333E-03 -0.2500E+02  0.0000E+00      -1  -0.100E+01   20.00
  24   -23.0000      -0.778 0.4295   0.1865E+02  0.9574E-03 -0.2498E+02  0.0000E+00      -1  -0.100E+01   20.00
  25   -24.0000      -1.174 0.4291   0.1716E+02  0.1200E-02 -0.2496E+02  0.0000E+00      -1  -0.100E+01   20.00
  26   -25.0000      -1.697 0.4284   0.1560E+02  0.1462E-02 -0.2494E+02  0.0000E+00      -1  -0.999E+00   20.00
  27   -26.0000      -2.385 0.4273   0.1393E+02  0.1746E-02 -0.2491E+02  0.0000E+00      -1  -0.998E+00   20.00
  28   -27.0000      -3.291 0.4255   0.1220E+02  0.2047E-02 -0.2489E+02  0.0000E+00      -1  -0.997E+00   20.00
  29   -28.0000      -4.500 0.4229   0.1033E+02  0.2370E-02 -0.2487E+02  0.0000E+00      -1  -0.996E+00   20.00
  30   -29.0000      -6.156 0.4187   0.8391E+01  0.2691E-02 -0.2485E+02  0.0000E+00      -1  -0.996E+00   20.00
  31   -30.0000      -8.519 0.4119   0.6384E+01  0.2987E-02 -0.2485E+02  0.0000E+00      -1  -0.995E+00   20.00
  32   -31.0000      -9.161 0.2334   0.2389E+02  0.2347E-01 -0.2478E+02  0.0000E+00      -1  -0.993E+00   20.00
  33   -32.0000      -9.219 0.2319   0.2286E+02  0.2328E-01 -0.2458E+02  0.0000E+00      -1  -0.985E+00   20.00
  34   -33.0000      -9.336 0.2289   0.2090E+02  0.2291E-01 -0.2427E+02  0.0000E+00      -1  -0.972E+00   20.00
  35   -34.0000      -9.518 0.2254   0.1983E+02  0.2238E-01 -0.2385E+02  0.0000E+00      -1  -0.956E+00   20.00
  36   -35.0000      -9.751 0.2209   0.1848E+02  0.2170E-01 -0.2331E+02  0.0000E+00      -1  -0.934E+00   20.00
  37   -36.0000     -10.060 0.2150   0.1668E+02  0.2080E-01 -0.2258E+02  0.0000E+00      -1  -0.905E+00   20.00
  38   -37.0000     -10.500 0.2065   0.1411E+02  0.1951E-01 -0.2158E+02  0.0000E+00      -1  -0.865E+00   20.00
  39   -38.0000     -11.269 0.1918   0.9622E+01  0.1726E-01 -0.1978E+02  0.0000E+00      -1  -0.792E+00   20.00
  40   -39.0000     -12.787 0.1694   0.5125E+01  0.1384E-01 -0.1654E+02  0.0000E+00      -1  -0.663E+00   20.00
  41   -40.0000     -16.233 0.1329   0.1407E+01  0.8415E-02 -0.1150E+02  0.0000E+00      -1  -0.461E+00   20.00
  42   -41.0000     -26.634 0.0852   0.7981E-01  0.2549E-02 -0.5326E+01  0.0000E+00      -1  -0.213E+00   20.00
  43   -42.0000     -80.171 0.0514   0.8200E-04  0.1364E-03 -0.1092E+01  0.0000E+00      -1  -0.437E-01   20.00
  44   -43.0000    -199.447 0.0464   0.2751E-06  0.1174E-04 -0.2474E-02  0.0000E+00      -1  -0.991E-04   20.00
  45   -44.0000    -200.000 0.0464   0.2725E-06  0.1168E-04 -0.3488E-06  0.0000E+00      -1  -0.140E-07   20.00
  46   -45.0000    -200.000 0.0464   0.2725E-06  0.1168E-04 -0.2724E-06  0.0000E+00      -1  -0.109E-07   20.00
  47   -46.0000    -200.000 0.0464   0.2725E-06  0.1168E-04 -0.2725E-06  0.0000E+00      -1  -0.109E-07   20.00
  48   -47.0000    -200.000 0.0464   0.2725E-06  0.1168E-04 -0.2725E-06  0.0000E+00      -1  -0.109E-07   20.00
  49   -48.0000    -200.000 0.0464   0.2725E-06  0.1168E-04 -0.2725E-06  0.0000E+00      -1  -0.109E-07   20.00
  50   -49.0000    -200.000 0.0464   0.2725E-06  0.1168E-04 -0.2725E-06  0.0000E+00      -1  -0.109E-07   20.00
  51   -50.0000    -200.000 0.0464   0.2725E-06  0.1168E-04 -0.2725E-06  0.0000E+00      -1  -0.109E-07   20.00
  52   -51.0000    -200.000 0.0464   0.2725E-06  0.1168E-04 -0.2725E-06  0.0000E+00      -1  -0.109E-07   20.00
  53   -52.0000    -200.000 0.0464   0.2725E-06  0.1168E-04 -0.2725E-06  0.0000E+00      -1  -0.109E-07   20.00
  54   -53.0000    -200.000 0.0464   0.2725E-06  0.1168E-04 -0.2725E-06  0.0000E+00      -1  -0.109E-07   20.00
  55   -54.0000    -200.000 0.0464   0.2725E-06  0.1168E-04 -0.2725E-06  0.0000E+00      -1  -0.109E-07   20.00
  56   -55.0000    -200.000 0.0464   0.2725E-06  0.1168E-04 -0.2725E-06  0.0000E+00      -1  -0.109E-07   20.00
  57   -56.0000    -200.000 0.0464   0.2725E-06  0.1168E-04 -0.2725E-06  0.0000E+00      -1  -0.109E-07   20.00
  58   -57.0000    -200.000 0.0464   0.2725E-06  0.1168E-04 -0.2725E-06  0.0000E+00      -1  -0.109E-07   20.00
  59   -58.0000    -200.000 0.0464   0.2725E-06  0.1168E-04 -0.2725E-06  0.0000E+00      -1  -0.109E-07   20.00
  60   -59.0000    -200.000 0.0464   0.2725E-06  0.1168E-04 -0.2725E-06  0.0000E+00      -1  -0.109E-07   20.00
  61   -60.0000    -200.000 0.0464   0.2725E-06  0.1168E-04 -0.2725E-06  0.0000E+00      -1  -0.109E-07   20.00
  62   -61.0000    -200.000 0.0464   0.2725E-06  0.1168E-04 -0.2725E-06  0.0000E+00      -1  -0.109E-07   20.00
  63   -62.0000    -200.000 0.0464   0.2725E-06  0.1168E-04 -0.2725E-06  0.0000E+00      -1  -0.109E-07   20.00
  64   -63.0000    -200.000 0.0464   0.2725E-06  0.1168E-04 -0.2725E-06  0.0000E+00      -1  -0.109E-07   20.00
  65   -64.0000    -200.000 0.0464   0.2725E-06  0.1168E-04 -0.2725E-06  0.0000E+00      -1  -0.109E-07   20.00
  66   -65.0000    -200.000 0.0464   0.2725E-06  0.1168E-04 -0.2725E-06  0.0000E+00      -1  -0.109E-07   20.00
  67   -66.0000    -200.000 0.0464   0.2725E-06  0.1168E-04 -0.2725E-06  0.0000E+00      -1  -0.109E-07   20.00
  68   -67.0000    -200.000 0.0464   0.2725E-06  0.1168E-04 -0.2725E-06  0.0000E+00      -1  -0.109E-07   20.00
  69   -68.0000    -200.000 0.0464   0.2725E-06  0.1168E-04 -0.2725E-06  0.0000E+00      -1  -0.109E-07   20.00
  70   -69.0000    -200.000 0.0464   0.2725E-06  0.1168E-04 -0.2725E-06  0.0000E+00      -1  -0.109E-07   20.00
  71   -70.0000    -200.000 0.0464   0.2725E-06  0.1168E-04 -0.2725E-06  0.0000E+00      -1  -0.109E-07   20.00
  72   -71.0000    -200.000 0.0464   0.2725E-06  0.1168E-04 -0.2725E-06  0.0000E+00      -1  -0.109E-07   20.00
  73   -72.0000    -200.000 0.0464   0.2725E-06  0.1168E-04 -0.2725E-06  0.0000E+00      -1  -0.109E-07   20.00
  74   -73.0000    -200.000 0.0464   0.2725E-06  0.1168E-04 -0.2725E-06  0.0000E+00      -1  -0.109E-07   20.00
  75   -74.0000    -200.000 0.0464   0.2725E-06  0.1168E-04 -0.2725E-06  0.0000E+00      -1  -0.109E-07   20.00
  76   -75.0000    -200.000 0.0464   0.2725E-06  0.1168E-04 -0.2725E-06  0.0000E+00      -1  -0.109E-07   20.00
  77   -76.0000    -200.000 0.0464   0.2725E-06  0.1168E-04 -0.2725E-06  0.0000E+00      -1  -0.109E-07   20.00
  78   -77.0000    -200.000 0.0464   0.2725E-06  0.1168E-04 -0.2725E-06  0.0000E+00      -1  -0.109E-07   20.00
  79   -78.0000    -200.000 0.0464   0.2725E-06  0.1168E-04 -0.2725E-06  0.0000E+00      -1  -0.109E-07   20.00
  80   -79.0000    -200.000 0.0464   0.2725E-06  0.1168E-04 -0.2725E-06  0.0000E+00      -1  -0.109E-07   20.00
  81   -80.0000    -200.000 0.0464   0.2725E-06  0.1168E-04 -0.2725E-06  0.0000E+00      -1  -0.109E-07   20.00
  82   -81.0000    -200.000 0.0464   0.2725E-06  0.1168E-04 -0.2725E-06  0.0000E+00      -1  -0.109E-07   20.00
  83   -82.0000    -200.000 0.0464   0.2725E-06  0.1168E-04 -0.2725E-06  0.0000E+00      -1  -0.109E-07   20.00
  84   -83.0000    -200.000 0.0464   0.2725E-06  0.1168E-04 -0.2725E-06  0.0000E+00      -1  -0.109E-07   20.00
  85   -84.0000    -200.000 0.0464   0.2725E-06  0.1168E-04 -0.2725E-06  0.0000E+00      -1  -0.109E-07   20.00
  86   -85.0000    -200.000 0.0464   0.2725E-06  0.1168E-04 -0.2725E-06  0.0000E+00      -1  -0.109E-07   20.00
  87   -86.0000    -200.000 0.0464   0.2725E-06  0.1168E-04 -0.2725E-06  0.0000E+00      -1  -0.109E-07   20.00
  88   -87.0000    -200.000 0.0464   0.2725E-06  0.1168E-04 -0.2725E-06  0.0000E+00      -1  -0.109E-07   20.00
  89   -88.0000    -200.000 0.0464   0.2725E-06  0.1168E-04 -0.2725E-06  0.0000E+00      -1  -0.109E-07   20.00
  90   -89.0000    -200.000 0.0464   0.2725E-06  0.1168E-04 -0.2725E-06  0.0000E+00      -1  -0.109E-07   20.00
  91   -90.0000    -200.000 0.0464   0.2725E-06  0.1168E-04 -0.2725E-06  0.0000E+00      -1  -0.109E-07   20.00
  92   -91.0000    -200.000 0.0464   0.2725E-06  0.1168E-04 -0.2725E-06  0.0000E+00      -1  -0.109E-07   20.00
  93   -92.0000    -200.000 0.0464   0.2725E-06  0.1168E-04 -0.2725E-06  0.0000E+00      -1  -0.109E-07   20.00
  94   -93.0000    -200.000 0.0464   0.2725E-06  0.1168E-04 -0.2725E-06  0.0000E+00      -1  -0.109E-07   20.00
  95   -94.0000    -200.000 0.0464   0.2725E-06  0.1168E-04 -0.2725E-06  0.0000E+00      -1  -0.109E-07   20.00
  96   -95.0000    -200.000 0.0464   0.2725E-06  0.1168E-04 -0.2725E-06  0.0000E+00      -1  -0.109E-07   20.00
  97   -96.0000    -200.000 0.0464   0.2725E-06  0.1168E-04 -0.2725E-06  0.0000E+00      -1  -0.109E-07   20.00
  98   -97.0000    -200.000 0.0464   0.2725E-06  0.1168E-04 -0.2725E-06  0.0000E+00      -1  -0.109E-07   20.00
  99   -98.0000    -200.000 0.0464   0.2725E-06  0.1168E-04 -0.2725E-06  0.0000E+00      -1  -0.109E-07   20.00
 100   -99.0000    -200.000 0.0464   0.2725E-06  0.1168E-04 -0.2725E-06  0.0000E+00      -1  -0.109E-07   20.00
 101  -100.0000    -200.000 0.0464   0.2725E-06  0.1168E-04 -0.2725E-06  0.0000E+00      -1  -0.109E-07   20.00
end


 Time:        0.3500


 Node      Depth      Head Moisture       K          C         Flux        Sink         Kappa   v/KsTop   Temp
           [L]        [L]    [-]        [L/T]      [1/L]      [L/T]        [1/T]         [-]      [-]      [C]

   1     0.0000       0.000 0.4300   0.2496E+02  0.0000E+00 -0.2500E+02  0.0000E+00      -1  -0.100E+01   20.00
   2    -1.0000      -0.002 0.4300   0.2496E+02  0.0000E+00 -0.2500E+02  0.0000E+00      -1  -0.100E+01   20.00
   3    -2.0000      -0.003 0.4300   0.2496E+02  0.0000E+00 -0.2500E+02  0.0000E+00      -1  -0.100E+01   20.00
   4    -3.0000      -0.005 0.4300   0.2496E+02  0.0000E+00 -0.2500E+02  0.0000E+00      -1  -0.100E+01   20.00
   5    -4.0000      -0.006 0.4300   0.2496E+02  0.0000E+00 -0.2500E+02  0.0000E+00      -1  -0.100E+01   20.00
   6    -5.0000      -0.008 0.4300   0.2496E+02  0.0000E+00 -0.2500E+02  0.0000E+00      -1  -0.100E+01   20.00
   7    -6.0000      -0.010 0.4300   0.2496E+02  0.0000E+00 -0.2500E+02  0.0000E+00      -1  -0.100E+01   20.00
   8    -7.0000      -0.011 0.4300   0.2496E+02  0.0000E+00 -0.2500E+02  0.0000E+00      -1  -0.100E+01   20.00
   9    -8.0000      -0.013 0.4300   0.2496E+02  0.0000E+00 -0.2500E+02  0.0000E+00      -1  -0.100E+01   20.00
  10    -9.0000      -0.014 0.4300   0.2496E+02  0.0000E+00 -0.2500E+02  0.0000E+00      -1  -0.100E+01   20.00
  11   -10.0000      -0.016 0.4300   0.2496E+02  0.0000E+00 -0.2500E+02  0.0000E+00      -1  -0.100E+01   20.00
  12   -11.0000      -0.017 0.4300   0.2496E+02  0.0000E+00 -0.2500E+02  0.0000E+00      -1  -0.100E+01   20.00
  13   -12.0000      -0.019 0.4300   0.2496E+02  0.0000E+00 -0.2500E+02  0.0000E+00      -1  -0.100E+01   20.00
  14   -13.0000      -0.020 0.4300   0.2496E+02  0.0000E+00 -0.2500E+02  0.0000E+00      -1  -0.100E+01   20.00
  15   -14.0000      -0.022 0.4300   0.2496E+02  0.0000E+00 -0.2499E+02  0.0000E+00      -1  -0.100E+01   20.00
  16   -15.0000      -0.023 0.4300   0.2496E+02  0.0000E+00 -0.2499E+02  0.0000E+00      -1  -0.100E+01   20.00
  17   -16.0000      -0.024 0.4300   0.2496E+02  0.0000E+00 -0.2499E+02  0.0000E+00      -1  -0.100E+01   20.00
  18   -17.0000      -0.026 0.4300   0.2496E+02  0.0000E+00 -0.2499E+02  0.0000E+00      -1  -0.100E+01   20.00
  19   -18.0000      -0.036 0.4300   0.2451E+02  0.6455E-04 -0.2498E+02  0.0000E+00      -1  -0.100E+01   20.00
  20   -19.0000      -0.073 0.4300   0.2368E+02  0.1839E-03 -0.2498E+02  0.0000E+00      -1  -0.100E+01   20.00
  21   -20.0000      -0.153 0.4300   0.2257E+02  0.3485E-03 -0.2497E+02  0.0000E+00      -1  -0.100E+01   20.00
  22   -21.0000      -0.290 0.4299   0.2132E+02  0.5375E-03 -0.2496E+02  0.0000E+00      -1  -0.100E+01   20.00
  23   -22.0000      -0.498 0.4298   0.2001E+02  0.7410E-03 -0.2495E+02  0.0000E+00      -1  -0.100E+01   20.00
  24   -23.0000      -0.790 0.4295   0.1862E+02  0.9618E-03 -0.2494E+02  0.0000E+00      -1  -0.999E+00   20.00
  25   -24.0000      -1.184 0.4291   0.1714E+02  0.1203E-02 -0.2492E+02  0.0000E+00      -1  -0.999E+00   20.00
  26   -25.0000      -1.706 0.4284   0.1559E+02  0.1463E-02 -0.2491E+02  0.0000E+00      -1  -0.998E+00   20.00
  27   -26.0000      -2.393 0.4273   0.1393E+02  0.1746E-02 -0.2489E+02  0.0000E+00      -1  -0.997E+00   20.00
  28   -27.0000      -3.297 0.4255   0.1220E+02  0.2047E-02 -0.2487E+02  0.0000E+00      -1  -0.996E+00   20.00
  29   -28.0000      -4.504 0.4229   0.1033E+02  0.2369E-02 -0.2485E+02  0.0000E+00      -1  -0.996E+00   20.00
  30   -29.0000      -6.158 0.4186   0.8393E+01  0.2691E-02 -0.2483E+02  0.0000E+00      -1  -0.995E+00   20.00
  31   -30.0000      -8.518 0.4119   0.6386E+01  0.2987E-02 -0.2483E+02  0.0000E+00      -1  -0.995E+00   20.00
  32   -31.0000      -9.110 0.2347   0.2480E+02  0.2363E-01 -0.2482E+02  0.0000E+00      -1  -0.994E+00   20.00
  33   -32.0000      -9.111 0.2347   0.2479E+02  0.2363E-01 -0.2481E+02  0.0000E+00      -1  -0.994E+00   20.00
  34   -33.0000      -9.112 0.2346   0.2476E+02  0.2362E-01 -0.2481E+02  0.0000E+00      -1  -0.994E+00   20.00
  35   -34.0000      -9.116 0.2346   0.2470E+02  0.2361E-01 -0.2481E+02  0.0000E+00      -1  -0.994E+00   20.00
  36   -35.0000      -9.122 0.2344   0.2458E+02  0.2359E-01 -0.2479E+02  0.0000E+00      -1  -0.993E+00   20.00
  37   -36.0000      -9.135 0.2341   0.2436E+02  0.2355E-01 -0.2475E+02  0.0000E+00      -1  -0.992E+00   20.00
  38   -37.0000      -9.158 0.2335   0.2395E+02  0.2348E-01 -0.2467E+02  0.0000E+00      -1  -0.988E+00   20.00
  39   -38.0000      -9.204 0.2323   0.2314E+02  0.2333E-01 -0.2451E+02  0.0000E+00      -1  -0.982E+00   20.00
  40   -39.0000      -9.299 0.2298   0.2144E+02  0.2303E-01 -0.2421E+02  0.0000E+00      -1  -0.970E+00   20.00
  41   -40.0000      -9.451 0.2267   0.2023E+02  0.2257E-01 -0.2378E+02  0.0000E+00      -1  -0.953E+00   20.00
  42   -41.0000      -9.650 0.2228   0.1907E+02  0.2199E-01 -0.2326E+02  0.0000E+00      -1  -0.932E+00   20.00
  43   -42.0000      -9.904 0.2180   0.1759E+02  0.2125E-01 -0.2258E+02  0.0000E+00      -1  -0.905E+00   20.00
  44   -43.0000     -10.240 0.2115   0.1563E+02  0.2027E-01 -0.2164E+02  0.0000E+00      -1  -0.867E+00   20.00
  45   -44.0000     -10.723 0.2022   0.1281E+02  0.1886E-01 -0.2027E+02  0.0000E+00      -1  -0.812E+00   20.00
  46   -45.0000     -11.648 0.1845   0.7415E+01  0.1616E-01 -0.1822E+02  0.0000E+00      -1  -0.730E+00   20.00
  47   -46.0000     -13.704 0.1578   0.3695E+01  0.1208E-01 -0.1462E+02  0.0000E+00      -1  -0.586E+00   20.00
  48   -47.0000     -18.367 0.1167   0.6354E+00  0.6170E-02 -0.9069E+01  0.0000E+00      -1  -0.363E+00   20.00
  49   -48.0000     -35.471 0.0700   0.1388E-01  0.1203E-02 -0.3309E+01  0.0000E+00      -1  -0.133E+00   20.00
  50   -49.0000    -140.987 0.0475   0.2797E-05  0.3066E-04 -0.3698E+00  0.0000E+00      -1  -0.148E-01   20.00
  51   -50.0000    -199.991 0.0464   0.2725E-06  0.1168E-04 -0.4619E-04  0.0000E+00      -1  -0.185E-05   20.00
  52   -51.0000    -200.000 0.0464   0.2725E-06  0.1168E-04 -0.2737E-06  0.0000E+00      -1  -0.110E-07   20.00
  53   -52.0000    -200.000 0.0464   0.2725E-06  0.1168E-04 -0.2725E-06  0.0000E+00      -1  -0.109E-07   20.00
  54   -53.0000    -200.000 0.0464   0.2725E-06  0.1168E-04 -0.2725E-06  0.0000E+00      -1  -0.109E-07   20.00
  55   -54.0000    -200.000 0.0464   0.2725E-06  0.1168E-04 -0.2725E-06  0.0000E+00      -1  -0.109E-07   20.00
  56   -55.0000    -200.000 0.0464   0.2725E-06  0.1168E-04 -0.2725E-06  0.0000E+00      -1  -0.109E-07   20.00
  57   -56.0000    -200.000 0.0464   0.2725E-06  0.1168E-04 -0.2725E-06  0.0000E+00      -1  -0.109E-07   20.00
  58   -57.0000    -200.000 0.0464   0.2725E-06  0.1168E-04 -0.2725E-06  0.0000E+00      -1  -0.109E-07   20.00
  59   -58.0000    -200.000 0.0464   0.2725E-06  0.1168E-04 -0.2725E-06  0.0000E+00      -1  -0.109E-07   20.00
  60   -59.0000    -200.000 0.0464   0.2725E-06  0.1168E-04 -0.2725E-06  0.0000E+00      -1  -0.109E-07   20.00
  61   -60.0000    -200.000 0.0464   0.2725E-06  0.1168E-04 -0.2725E-06  0.0000E+00      -1  -0.109E-07   20.00
  62   -61.0000    -200.000 0.0464   0.2725E-06  0.1168E-04 -0.2725E-06  0.0000E+00      -1  -0.109E-07   20.00
  63   -62.0000    -200.000 0.0464   0.2725E-06  0.1168E-04 -0.2725E-06  0.0000E+00      -1  -0.109E-07   20.00
  64   -63.0000    -200.000 0.0464   0.2725E-06  0.1168E-04 -0.2725E-06  0.0000E+00      -1  -0.109E-07   20.00
  65   -64.0000    -200.000 0.0464   0.2725E-06  0.1168E-04 -0.2725E-06  0.0000E+00      -1  -0.109E-07   20.00
  66   -65.0000    -200.000 0.0464   0.2725E-06  0.1168E-04 -0.2725E-06  0.0000E+00      -1  -0.109E-07   20.00
  67   -66.0000    -200.000 0.0464   0.2725E-06  0.1168E-04 -0.2725E-06  0.0000E+00      -1  -0.109E-07   20.00
  68   -67.0000    -200.000 0.0464   0.2725E-06  0.1168E-04 -0.2725E-06  0.0000E+00      -1  -0.109E-07   20.00
  69   -68.0000    -200.000 0.0464   0.2725E-06  0.1168E-04 -0.2725E-06  0.0000E+00      -1  -0.109E-07   20.00
  70   -69.0000    -200.000 0.0464   0.2725E-06  0.1168E-04 -0.2725E-06  0.0000E+00      -1  -0.109E-07   20.00
  71   -70.0000    -200.000 0.0464   0.2725E-06  0.1168E-04 -0.2725E-06  0.0000E+00      -1  -0.109E-07   20.00
  72   -71.0000    -200.000 0.0464   0.2725E-06  0.1168E-04 -0.2725E-06  0.0000E+00      -1  -0.109E-07   20.00
  73   -72.0000    -200.000 0.0464   0.2725E-06  0.1168E-04 -0.2725E-06  0.0000E+00      -1  -0.109E-07   20.00
  74   -73.0000    -200.000 0.0464   0.2725E-06  0.1168E-04 -0.2725E-06  0.0000E+00      -1  -0.109E-07   20.00
  75   -74.0000    -200.000 0.0464   0.2725E-06  0.1168E-04 -0.2725E-06  0.0000E+00      -1  -0.109E-07   20.00
  76   -75.0000    -200.000 0.0464   0.2725E-06  0.1168E-04 -0.2725E-06  0.0000E+00      -1  -0.109E-07   20.00
  77   -76.0000    -200.000 0.0464   0.2725E-06  0.1168E-04 -0.2725E-06  0.0000E+00      -1  -0.109E-07   20.00
  78   -77.0000    -200.000 0.0464   0.2725E-06  0.1168E-04 -0.2725E-06  0.0000E+00      -1  -0.109E-07   20.00
  79   -78.0000    -200.000 0.0464   0.2725E-06  0.1168E-04 -0.2725E-06  0.0000E+00      -1  -0.109E-07   20.00
  80   -79.0000    -200.000 0.0464   0.2725E-06  0.1168E-04 -0.2725E-06  0.0000E+00      -1  -0.109E-07   20.00
  81   -80.0000    -200.000 0.0464   0.2725E-06  0.1168E-04 -0.2725E-06  0.0000E+00      -1  -0.109E-07   20.00
  82   -81.0000    -200.000 0.0464   0.2725E-06  0.1168E-04 -0.2725E-06  0.0000E+00      -1  -0.109E-07   20.00
  83   -82.0000    -200.000 0.0464   0.2725E-06  0.1168E-04 -0.2725E-06  0.0000E+00      -1  -0.109E-07   20.00
  84   -83.0000    -200.000 0.0464   0.2725E-06  0.1168E-04 -0.2725E-06  0.0000E+00      -1  -0.109E-07   20.00
  85   -84.0000    -200.000 0.0464   0.2725E-06  0.1168E-04 -0.2725E-06  0.0000E+00      -1  -0.109E-07   20.00
  86   -85.0000    -200.000 0.0464   0.2725E-06  0.1168E-04 -0.2725E-06  0.0000E+00      -1  -0.109E-07   20.00
  87   -86.0000    -200.000 0.0464   0.2725E-06  0.1168E-04 -0.2725E-06  0.0000E+00      -1  -0.109E-07   20.00
  88   -87.0000    -200.000 0.0464   0.2725E-06  0.1168E-04 -0.2725E-06  0.0000E+00      -1  -0.109E-07   20.00
  89   -88.0000    -200.000 0.0464   0.2725E-06  0.1168E-04 -0.2725E-06  0.0000E+00      -1  -0.109E-07   20.00
  90   -89.0000    -200.000 0.0464   0.2725E-06  0.1168E-04 -0.2725E-06  0.0000E+00      -1  -0.109E-07   20.00
  91   -90.0000    -200.000 0.0464   0.2725E-06  0.1168E-04 -0.2725E-06  0.0000E+00      -1  -0.109E-07   20.00
  92   -91.0000    -200.000 0.0464   0.2725E-06  0.1168E-04 -0.2725E-06  0.0000E+00      -1  -0.109E-07   20.00
  93   -92.0000    -200.000 0.0464   0.2725E-06  0.1168E-04 -0.2725E-06  0.0000E+00      -1  -0.109E-07   20.00
  94   -93.0000    -200.000 0.0464   0.2725E-06  0.1168E-04 -0.2725E-06  0.0000E+00      -1  -0.109E-07   20.00
  95   -94.0000    -200.000 0.0464   0.2725E-06  0.1168E-04 -0.2725E-06  0.0000E+00      -1  -0.109E-07   20.00
  96   -95.0000    -200.000 0.0464   0.2725E-06  0.1168E-04 -0.2725E-06  0.0000E+00      -1  -0.109E-07   20.00
  97   -96.0000    -200.000 0.0464   0.2725E-06  0.1168E-04 -0.2725E-06  0.0000E+00      -1  -0.109E-07   20.00
  98   -97.0000    -200.000 0.0464   0.2725E-06  0.1168E-04 -0.2725E-06  0.0000E+00      -1  -0.109E-07   20.00
  99   -98.0000    -200.000 0.0464   0.2725E-06  0.1168E-04 -0.2725E-06  0.0000E+00      -1  -0.109E-07   20.00
 100   -99.0000    -200.000 0.0464   0.2725E-06  0.1168E-04 -0.2725E-06  0.0000E+00      -1  -0.109E-07   20.00
 101  -100.0000    -200.000 0.0464   0.2725E-06  0.1168E-04 -0.2725E-06  0.0000E+00      -1  -0.109E-07   20.00
end


 Time:        0.4000


 Node      Depth      Head Moisture       K          C         Flux        Sink         Kappa   v/KsTop   Temp
           [L]        [L]    [-]        [L/T]      [1/L]      [L/T]        [1/T]         [-]      [-]      [C]

   1     0.0000       0.000 0.4300   0.2496E+02  0.0000E+00 -0.2504E+02  0.0000E+00      -1  -0.100E+01   20.00
   2    -1.0000      -0.003 0.4300   0.2496E+02  0.0000E+00 -0.2504E+02  0.0000E+00      -1  -0.100E+01   20.00
   3    -2.0000      -0.007 0.4300   0.2496E+02  0.0000E+00 -0.2504E+02  0.0000E+00      -1  -0.100E+01   20.00
   4    -3.0000      -0.010 0.4300   0.2496E+02  0.0000E+00 -0.2504E+02  0.0000E+00      -1  -0.100E+01   20.00
   5    -4.0000      -0.013 0.4300   0.2496E+02  0.0000E+00 -0.2504E+02  0.0000E+00      -1  -0.100E+01   20.00
   6    -5.0000      -0.016 0.4300   0.2496E+02  0.0000E+00 -0.2504E+02  0.0000E+00      -1  -0.100E+01   20.00
   7    -6.0000      -0.020 0.4300   0.2496E+02  0.0000E+00 -0.2504E+02  0.0000E+00      -1  -0.100E+01   20.00
   8    -7.0000      -0.023 0.4300   0.2496E+02  0.0000E+00 -0.2504E+02  0.0000E+00      -1  -0.100E+01   20.00
   9    -8.0000      -0.026 0.4300   0.2496E+02  0.0000E+00 -0.2504E+02  0.0000E+00      -1  -0.100E+01   20.00
  10    -9.0000      -0.030 0.4300   0.2496E+02  0.0000E+00 -0.2504E+02  0.0000E+00      -1  -0.100E+01   20.00
  11   -10.0000      -0.033 0.4300   0.2496E+02  0.0000E+00 -0.2504E+02  0.0000E+00      -1  -0.100E+01   20.00
  12   -11.0000      -0.036 0.4300   0.2496E+02  0.0000E+00 -0.2504E+02  0.0000E+00      -1  -0.100E+01   20.00
  13   -12.0000      -0.040 0.4300   0.2496E+02  0.0000E+00 -0.2504E+02  0.0000E+00      -1  -0.100E+01   20.00
  14   -13.0000      -0.043 0.4300   0.2496E+02  0.0000E+00 -0.2504E+02  0.0000E+00      -1  -0.100E+01   20.00
  15   -14.0000      -0.046 0.4300   0.2496E+02  0.0000E+00 -0.2504E+02  0.0000E+00      -1  -0.100E+01   20.00
  16   -15.0000      -0.049 0.4300   0.2496E+02  0.0000E+00 -0.2504E+02  0.0000E+00      -1  -0.100E+01   20.00
  17   -16.0000      -0.053 0.4300   0.2496E+02  0.0000E+00 -0.2504E+02  0.0000E+00      -1  -0.100E+01   20.00
  18   -17.0000      -0.056 0.4300   0.2496E+02  0.0000E+00 -0.2504E+02  0.0000E+00      -1  -0.100E+01   20.00
  19   -18.0000      -0.066 0.4300   0.2460E+02  0.5074E-04 -0.2504E+02  0.0000E+00      -1  -0.100E+01   20.00
  20   -19.0000      -0.098 0.4300   0.2393E+02  0.1476E-03 -0.2504E+02  0.0000E+00      -1  -0.100E+01   20.00
  21   -20.0000      -0.167 0.4300   0.2293E+02  0.2947E-03 -0.2505E+02  0.0000E+00      -1  -0.100E+01   20.00
  22   -21.0000      -0.292 0.4299   0.2163E+02  0.4904E-03 -0.2505E+02  0.0000E+00      -1  -0.100E+01   20.00
  23   -22.0000      -0.489 0.4298   0.2022E+02  0.7078E-03 -0.2505E+02  0.0000E+00      -1  -0.100E+01   20.00
  24   -23.0000      -0.774 0.4295   0.1876E+02  0.9394E-03 -0.2503E+02  0.0000E+00      -1  -0.100E+01   20.00
  25   -24.0000      -1.165 0.4291   0.1722E+02  0.1189E-02 -0.2500E+02  0.0000E+00      -1  -0.100E+01   20.00
  26   -25.0000      -1.686 0.4284   0.1564E+02  0.1455E-02 -0.2498E+02  0.0000E+00      -1  -0.100E+01   20.00
  27   -26.0000      -2.373 0.4273   0.1396E+02  0.1742E-02 -0.2494E+02  0.0000E+00      -1  -0.999E+00   20.00
  28   -27.0000      -3.278 0.4256   0.1221E+02  0.2045E-02 -0.2492E+02  0.0000E+00      -1  -0.998E+00   20.00
  29   -28.0000      -4.488 0.4229   0.1033E+02  0.2369E-02 -0.2490E+02  0.0000E+00      -1  -0.997E+00   20.00
  30   -29.0000      -6.146 0.4187   0.8394E+01  0.2691E-02 -0.2488E+02  0.0000E+00      -1  -0.997E+00   20.00
  31   -30.0000      -8.512 0.4119   0.6387E+01  0.2987E-02 -0.2488E+02  0.0000E+00      -1  -0.997E+00   20.00
  32   -31.0000      -9.104 0.2349   0.2487E+02  0.2364E-01 -0.2488E+02  0.0000E+00      -1  -0.997E+00   20.00
  33   -32.0000      -9.104 0.2349   0.2488E+02  0.2365E-01 -0.2488E+02  0.0000E+00      -1  -0.997E+00   20.00
  34   -33.0000      -9.104 0.2349   0.2489E+02  0.2365E-01 -0.2489E+02  0.0000E+00      -1  -0.997E+00   20.00
  35   -34.0000      -9.105 0.2349   0.2489E+02  0.2365E-01 -0.2490E+02  0.0000E+00      -1  -0.997E+00   20.00
  36   -35.0000      -9.105 0.2348   0.2489E+02  0.2365E-01 -0.2490E+02  0.0000E+00      -1  -0.998E+00   20.00
  37   -36.0000      -9.105 0.2348   0.2489E+02  0.2365E-01 -0.2490E+02  0.0000E+00      -1  -0.997E+00   20.00
  38   -37.0000      -9.106 0.2348   0.2487E+02  0.2365E-01 -0.2489E+02  0.0000E+00      -1  -0.997E+00   20.00
  39   -38.0000      -9.107 0.2348   0.2486E+02  0.2364E-01 -0.2489E+02  0.0000E+00      -1  -0.997E+00   20.00
  40   -39.0000      -9.108 0.2348   0.2483E+02  0.2364E-01 -0.2488E+02  0.0000E+00      -1  -0.997E+00   20.00
  41   -40.0000      -9.111 0.2347   0.2478E+02  0.2363E-01 -0.2486E+02  0.0000E+00      -1  -0.996E+00   20.00
  42   -41.0000      -9.116 0.2345   0.2469E+02  0.2361E-01 -0.2484E+02  0.0000E+00      -1  -0.995E+00   20.00
  43   -42.0000      -9.126 0.2343   0.2452E+02  0.2358E-01 -0.2481E+02  0.0000E+00      -1  -0.994E+00   20.00
  44   -43.0000      -9.142 0.2339   0.2422E+02  0.2353E-01 -0.2474E+02  0.0000E+00      -1  -0.991E+00   20.00
  45   -44.0000      -9.174 0.2330   0.2365E+02  0.2343E-01 -0.2462E+02  0.0000E+00      -1  -0.987E+00   20.00
  46   -45.0000      -9.237 0.2314   0.2254E+02  0.2323E-01 -0.2438E+02  0.0000E+00      -1  -0.977E+00   20.00
  47   -46.0000      -9.354 0.2285   0.2079E+02  0.2286E-01 -0.2401E+02  0.0000E+00      -1  -0.962E+00   20.00
  48   -47.0000      -9.528 0.2252   0.1978E+02  0.2235E-01 -0.2357E+02  0.0000E+00      -1  -0.944E+00   20.00
  49   -48.0000      -9.748 0.2210   0.1850E+02  0.2171E-01 -0.2303E+02  0.0000E+00      -1  -0.923E+00   20.00
  50   -49.0000     -10.034 0.2155   0.1683E+02  0.2087E-01 -0.2232E+02  0.0000E+00      -1  -0.894E+00   20.00
  51   -50.0000     -10.433 0.2078   0.1450E+02  0.1971E-01 -0.2132E+02  0.0000E+00      -1  -0.854E+00   20.00
  52   -51.0000     -11.074 0.1955   0.1076E+02  0.1784E-01 -0.1945E+02  0.0000E+00      -1  -0.779E+00   20.00
  53   -52.0000     -12.248 0.1761   0.5966E+01  0.1488E-01 -0.1624E+02  0.0000E+00      -1  -0.650E+00   20.00
  54   -53.0000     -14.882 0.1432   0.1895E+01  0.9837E-02 -0.1173E+02  0.0000E+00      -1  -0.470E+00   20.00
  55   -54.0000     -22.622 0.0970   0.2039E+00  0.3781E-02 -0.6285E+01  0.0000E+00      -1  -0.252E+00   20.00
  56   -55.0000     -54.768 0.0572   0.9817E-03  0.3858E-03 -0.1732E+01  0.0000E+00      -1  -0.694E-01   20.00
  57   -56.0000    -190.969 0.0465   0.3300E-06  0.1284E-04 -0.3368E-01  0.0000E+00      -1  -0.135E-02   20.00
  58   -57.0000    -200.000 0.0464   0.2725E-06  0.1168E-04 -0.1647E-05  0.0000E+00      -1  -0.660E-07   20.00
  59   -58.0000    -200.000 0.0464   0.2725E-06  0.1168E-04 -0.2725E-06  0.0000E+00      -1  -0.109E-07   20.00
  60   -59.0000    -200.000 0.0464   0.2725E-06  0.1168E-04 -0.2725E-06  0.0000E+00      -1  -0.109E-07   20.00
  61   -60.0000    -200.000 0.0464   0.2725E-06  0.1168E-04 -0.2725E-06  0.0000E+00      -1  -0.109E-07   20.00
  62   -61.0000    -200.000 0.0464   0.2725E-06  0.1168E-04 -0.2725E-06  0.0000E+00      -1  -0.109E-07   20.00
  63   -62.0000    -200.000 0.0464   0.2725E-06  0.1168E-04 -0.2725E-06  0.0000E+00      -1  -0.109E-07   20.00
  64   -63.0000    -200.000 0.0464   0.2725E-06  0.1168E-04 -0.2725E-06  0.0000E+00      -1  -0.109E-07   20.00
  65   -64.0000    -200.000 0.0464   0.2725E-06  0.1168E-04 -0.2725E-06  0.0000E+00      -1  -0.109E-07   20.00
  66   -65.0000    -200.000 0.0464   0.2725E-06  0.1168E-04 -0.2725E-06  0.0000E+00      -1  -0.109E-07   20.00
  67   -66.0000    -200.000 0.0464   0.2725E-06  0.1168E-04 -0.2725E-06  0.0000E+00      -1  -0.109E-07   20.00
  68   -67.0000    -200.000 0.0464   0.2725E-06  0.1168E-04 -0.2725E-06  0.0000E+00      -1  -0.109E-07   20.00
  69   -68.0000    -200.000 0.0464   0.2725E-06  0.1168E-04 -0.2725E-06  0.0000E+00      -1  -0.109E-07   20.00
  70   -69.0000    -200.000 0.0464   0.2725E-06  0.1168E-04 -0.2725E-06  0.0000E+00      -1  -0.109E-07   20.00
  71   -70.0000    -200.000 0.0464   0.2725E-06  0.1168E-04 -0.2725E-06  0.0000E+00      -1  -0.109E-07   20.00
  72   -71.0000    -200.000 0.0464   0.2725E-06  0.1168E-04 -0.2725E-06  0.0000E+00      -1  -0.109E-07   20.00
  73   -72.0000    -200.000 0.0464   0.2725E-06  0.1168E-04 -0.2725E-06  0.0000E+00      -1  -0.109E-07   20.00
  74   -73.0000    -200.000 0.0464   0.2725E-06  0.1168E-04 -0.2725E-06  0.0000E+00      -1  -0.109E-07   20.00
  75   -74.0000    -200.000 0.0464   0.2725E-06  0.1168E-04 -0.2725E-06  0.0000E+00      -1  -0.109E-07   20.00
  76   -75.0000    -200.000 0.0464   0.2725E-06  0.1168E-04 -0.2725E-06  0.0000E+00      -1  -0.109E-07   20.00
  77   -76.0000    -200.000 0.0464   0.2725E-06  0.1168E-04 -0.2725E-06  0.0000E+00      -1  -0.109E-07   20.00
  78   -77.0000    -200.000 0.0464   0.2725E-06  0.1168E-04 -0.2725E-06  0.0000E+00      -1  -0.109E-07   20.00
  79   -78.0000    -200.000 0.0464   0.2725E-06  0.1168E-04 -0.2725E-06  0.0000E+00      -1  -0.109E-07   20.00
  80   -79.0000    -200.000 0.0464   0.2725E-06  0.1168E-04 -0.2725E-06  0.0000E+00      -1  -0.109E-07   20.00
  81   -80.0000    -200.000 0.0464   0.2725E-06  0.1168E-04 -0.2725E-06  0.0000E+00      -1  -0.109E-07   20.00
  82   -81.0000    -200.000 0.0464   0.2725E-06  0.1168E-04 -0.2725E-06  0.0000E+00      -1  -0.109E-07   20.00
  83   -82.0000    -200.000 0.0464   0.2725E-06  0.1168E-04 -0.2725E-06  0.0000E+00      -1  -0.109E-07   20.00
  84   -83.0000    -200.000 0.0464   0.2725E-06  0.1168E-04 -0.2725E-06  0.0000E+00      -1  -0.109E-07   20.00
  85   -84.0000    -200.000 0.0464   0.2725E-06  0.1168E-04 -0.2725E-06  0.0000E+00      -1  -0.109E-07   20.00
  86   -85.0000    -200.000 0.0464   0.2725E-06  0.1168E-04 -0.2725E-06  0.0000E+00      -1  -0.109E-07   20.00
  87   -86.0000    -200.000 0.0464   0.2725E-06  0.1168E-04 -0.2725E-06  0.0000E+00      -1  -0.109E-07   20.00
  88   -87.0000    -200.000 0.0464   0.2725E-06  0.1168E-04 -0.2725E-06  0.0000E+00      -1  -0.109E-07   20.00
  89   -88.0000    -200.000 0.0464   0.2725E-06  0.1168E-04 -0.2725E-06  0.0000E+00      -1  -0.109E-07   20.00
  90   -89.0000    -200.000 0.0464   0.2725E-06  0.1168E-04 -0.2725E-06  0.0000E+00      -1  -0.109E-07   20.00
  91   -90.0000    -200.000 0.0464   0.2725E-06  0.1168E-04 -0.2725E-06  0.0000E+00      -1  -0.109E-07   20.00
  92   -91.0000    -200.000 0.0464   0.2725E-06  0.1168E-04 -0.2725E-06  0.0000E+00      -1  -0.109E-07   20.00
  93   -92.0000    -200.000 0.0464   0.2725E-06  0.1168E-04 -0.2725E-06  0.0000E+00      -1  -0.109E-07   20.00
  94   -93.0000    -200.000 0.0464   0.2725E-06  0.1168E-04 -0.2725E-06  0.0000E+00      -1  -0.109E-07   20.00
  95   -94.0000    -200.000 0.0464   0.2725E-06  0.1168E-04 -0.2725E-06  0.0000E+00      -1  -0.109E-07   20.00
  96   -95.0000    -200.000 0.0464   0.2725E-06  0.1168E-04 -0.2725E-06  0.0000E+00      -1  -0.109E-07   20.00
  97   -96.0000    -200.000 0.0464   0.2725E-06  0.1168E-04 -0.2725E-06  0.0000E+00      -1  -0.109E-07   20.00
  98   -97.0000    -200.000 0.0464   0.2725E-06  0.1168E-04 -0.2725E-06  0.0000E+00      -1  -0.109E-07   20.00
  99   -98.0000    -200.000 0.0464   0.2725E-06  0.1168E-04 -0.2725E-06  0.0000E+00      -1  -0.109E-07   20.00
 100   -99.0000    -200.000 0.0464   0.2725E-06  0.1168E-04 -0.2725E-06  0.0000E+00      -1  -0.109E-07   20.00
 101  -100.0000    -200.000 0.0464   0.2725E-06  0.1168E-04 -0.2725E-06  0.0000E+00      -1  -0.109E-07   20.00
end


 Time:        0.4500


 Node      Depth      Head Moisture       K          C         Flux        Sink         Kappa   v/KsTop   Temp
           [L]        [L]    [-]        [L/T]      [1/L]      [L/T]        [1/T]         [-]      [-]      [C]

   1     0.0000       0.000 0.4300   0.2496E+02  0.0000E+00 -0.2493E+02  0.0000E+00      -1  -0.999E+00   20.00
   2    -1.0000       0.001 0.4300   0.2496E+02  0.0000E+00 -0.2493E+02  0.0000E+00      -1  -0.999E+00   20.00
   3    -2.0000       0.003 0.4300   0.2496E+02  0.0000E+00 -0.2493E+02  0.0000E+00      -1  -0.999E+00   20.00
   4    -3.0000       0.004 0.4300   0.2496E+02  0.0000E+00 -0.2493E+02  0.0000E+00      -1  -0.999E+00   20.00
   5    -4.0000       0.005 0.4300   0.2496E+02  0.0000E+00 -0.2493E+02  0.0000E+00      -1  -0.999E+00   20.00
   6    -5.0000       0.007 0.4300   0.2496E+02  0.0000E+00 -0.2493E+02  0.0000E+00      -1  -0.999E+00   20.00
   7    -6.0000       0.008 0.4300   0.2496E+02  0.0000E+00 -0.2493E+02  0.0000E+00      -1  -0.999E+00   20.00
   8    -7.0000       0.009 0.4300   0.2496E+02  0.0000E+00 -0.2493E+02  0.0000E+00      -1  -0.999E+00   20.00
   9    -8.0000       0.011 0.4300   0.2496E+02  0.0000E+00 -0.2493E+02  0.0000E+00      -1  -0.999E+00   20.00
  10    -9.0000       0.012 0.4300   0.2496E+02  0.0000E+00 -0.2492E+02  0.0000E+00      -1  -0.999E+00   20.00
  11   -10.0000       0.014 0.4300   0.2496E+02  0.0000E+00 -0.2492E+02  0.0000E+00      -1  -0.999E+00   20.00
  12   -11.0000       0.015 0.4300   0.2496E+02  0.0000E+00 -0.2492E+02  0.0000E+00      -1  -0.998E+00   20.00
  13   -12.0000       0.017 0.4300   0.2496E+02  0.0000E+00 -0.2492E+02  0.0000E+00      -1  -0.998E+00   20.00
  14   -13.0000       0.018 0.4300   0.2496E+02  0.0000E+00 -0.2492E+02  0.0000E+00      -1  -0.998E+00   20.00
  15   -14.0000       0.020 0.4300   0.2496E+02  0.0000E+00 -0.2492E+02  0.0000E+00      -1  -0.998E+00   20.00
  16   -15.0000       0.021 0.4300   0.2496E+02  0.0000E+00 -0.2493E+02  0.0000E+00      -1  -0.999E+00   20.00
  17   -16.0000       0.023 0.4300   0.2496E+02  0.0000E+00 -0.2493E+02  0.0000E+00      -1  -0.999E+00   20.00
  18   -17.0000       0.020 0.4300   0.2479E+02  0.2489E-04 -0.2495E+02  0.0000E+00      -1  -0.100E+01   20.00
  19   -18.0000       0.007 0.4300   0.2450E+02  0.6508E-04 -0.2498E+02  0.0000E+00      -1  -0.100E+01   20.00
  20   -19.0000      -0.033 0.4300   0.2357E+02  0.2010E-03 -0.2499E+02  0.0000E+00      -1  -0.100E+01   20.00
  21   -20.0000      -0.124 0.4300   0.2226E+02  0.3945E-03 -0.2498E+02  0.0000E+00      -1  -0.100E+01   20.00
  22   -21.0000      -0.277 0.4299   0.2105E+02  0.5779E-03 -0.2495E+02  0.0000E+00      -1  -0.100E+01   20.00
  23   -22.0000      -0.497 0.4298   0.1981E+02  0.7718E-03 -0.2491E+02  0.0000E+00      -1  -0.998E+00   20.00
  24   -23.0000      -0.797 0.4295   0.1849E+02  0.9827E-03 -0.2487E+02  0.0000E+00      -1  -0.996E+00   20.00
  25   -24.0000      -1.194 0.4291   0.1707E+02  0.1215E-02 -0.2483E+02  0.0000E+00      -1  -0.995E+00   20.00
  26   -25.0000      -1.717 0.4284   0.1555E+02  0.1470E-02 -0.2481E+02  0.0000E+00      -1  -0.994E+00   20.00
  27   -26.0000      -2.401 0.4273   0.1391E+02  0.1749E-02 -0.2481E+02  0.0000E+00      -1  -0.994E+00   20.00
  28   -27.0000      -3.301 0.4255   0.1219E+02  0.2048E-02 -0.2481E+02  0.0000E+00      -1  -0.994E+00   20.00
  29   -28.0000      -4.505 0.4229   0.1033E+02  0.2369E-02 -0.2482E+02  0.0000E+00      -1  -0.994E+00   20.00
  30   -29.0000      -6.157 0.4187   0.8395E+01  0.2691E-02 -0.2483E+02  0.0000E+00      -1  -0.995E+00   20.00
  31   -30.0000      -8.517 0.4119   0.6387E+01  0.2987E-02 -0.2484E+02  0.0000E+00      -1  -0.995E+00   20.00
  32   -31.0000      -9.106 0.2348   0.2487E+02  0.2364E-01 -0.2485E+02  0.0000E+00      -1  -0.995E+00   20.00
  33   -32.0000      -9.106 0.2348   0.2488E+02  0.2365E-01 -0.2486E+02  0.0000E+00      -1  -0.996E+00   20.00
  34   -33.0000      -9.105 0.2348   0.2489E+02  0.2365E-01 -0.2487E+02  0.0000E+00      -1  -0.997E+00   20.00
  35   -34.0000      -9.105 0.2348   0.2489E+02  0.2365E-01 -0.2488E+02  0.0000E+00      -1  -0.997E+00   20.00
  36   -35.0000      -9.105 0.2349   0.2490E+02  0.2365E-01 -0.2489E+02  0.0000E+00      -1  -0.997E+00   20.00
  37   -36.0000      -9.104 0.2349   0.2490E+02  0.2365E-01 -0.2490E+02  0.0000E+00      -1  -0.997E+00   20.00
  38   -37.0000      -9.104 0.2349   0.2490E+02  0.2365E-01 -0.2490E+02  0.0000E+00      -1  -0.998E+00   20.00
  39   -38.0000      -9.104 0.2349   0.2490E+02  0.2365E-01 -0.2490E+02  0.0000E+00      -1  -0.998E+00   20.00
  40   -39.0000      -9.105 0.2349   0.2490E+02  0.2365E-01 -0.2490E+02  0.0000E+00      -1  -0.998E+00   20.00
  41   -40.0000      -9.105 0.2348   0.2489E+02  0.2365E-01 -0.2490E+02  0.0000E+00      -1  -0.998E+00   20.00
  42   -41.0000      -9.105 0.2348   0.2489E+02  0.2365E-01 -0.2490E+02  0.0000E+00      -1  -0.997E+00   20.00
  43   -42.0000      -9.105 0.2348   0.2489E+02  0.2365E-01 -0.2489E+02  0.0000E+00      -1  -0.997E+00   20.00
  44   -43.0000      -9.105 0.2348   0.2488E+02  0.2365E-01 -0.2489E+02  0.0000E+00      -1  -0.997E+00   20.00
  45   -44.0000      -9.106 0.2348   0.2487E+02  0.2364E-01 -0.2489E+02  0.0000E+00      -1  -0.997E+00   20.00
  46   -45.0000      -9.107 0.2348   0.2485E+02  0.2364E-01 -0.2488E+02  0.0000E+00      -1  -0.997E+00   20.00
  47   -46.0000      -9.109 0.2347   0.2482E+02  0.2364E-01 -0.2488E+02  0.0000E+00      -1  -0.997E+00   20.00
  48   -47.0000      -9.112 0.2347   0.2476E+02  0.2362E-01 -0.2486E+02  0.0000E+00      -1  -0.996E+00   20.00
  49   -48.0000      -9.118 0.2345   0.2465E+02  0.2361E-01 -0.2484E+02  0.0000E+00      -1  -0.995E+00   20.00
  50   -49.0000      -9.129 0.2342   0.2445E+02  0.2357E-01 -0.2480E+02  0.0000E+00      -1  -0.994E+00   20.00
  51   -50.0000      -9.150 0.2337   0.2408E+02  0.2350E-01 -0.2473E+02  0.0000E+00      -1  -0.991E+00   20.00
  52   -51.0000      -9.191 0.2326   0.2336E+02  0.2337E-01 -0.2459E+02  0.0000E+00      -1  -0.985E+00   20.00
  53   -52.0000      -9.274 0.2304   0.2188E+02  0.2311E-01 -0.2431E+02  0.0000E+00      -1  -0.974E+00   20.00
  54   -53.0000      -9.414 0.2274   0.2044E+02  0.2268E-01 -0.2389E+02  0.0000E+00      -1  -0.957E+00   20.00
  55   -54.0000      -9.604 0.2237   0.1933E+02  0.2213E-01 -0.2339E+02  0.0000E+00      -1  -0.937E+00   20.00
  56   -55.0000      -9.845 0.2191   0.1793E+02  0.2142E-01 -0.2276E+02  0.0000E+00      -1  -0.912E+00   20.00
  57   -56.0000     -10.162 0.2130   0.1608E+02  0.2050E-01 -0.2193E+02  0.0000E+00      -1  -0.879E+00   20.00
  58   -57.0000     -10.617 0.2043   0.1343E+02  0.1917E-01 -0.2083E+02  0.0000E+00      -1  -0.835E+00   20.00
  59   -58.0000     -11.457 0.1881   0.8527E+01  0.1672E-01 -0.1900E+02  0.0000E+00      -1  -0.761E+00   20.00
  60   -59.0000     -13.191 0.1643   0.4495E+01  0.1307E-01 -0.1575E+02  0.0000E+00      -1  -0.631E+00   20.00
  61   -60.0000     -17.095 0.1264   0.1095E+01  0.7509E-02 -0.1058E+02  0.0000E+00      -1  -0.424E+00   20.00
  62   -61.0000     -29.204 0.0790   0.4048E-01  0.1944E-02 -0.4461E+01  0.0000E+00      -1  -0.179E+00   20.00
  63   -62.0000    -101.183 0.0493   0.1937E-04  0.7312E-04 -0.7394E+00  0.0000E+00      -1  -0.296E-01   20.00
  64   -63.0000    -199.905 0.0464   0.2729E-06  0.1169E-04 -0.4899E-03  0.0000E+00      -1  -0.196E-04   20.00
  65   -64.0000    -200.000 0.0464   0.2725E-06  0.1168E-04 -0.2856E-06  0.0000E+00      -1  -0.114E-07   20.00
  66   -65.0000    -200.000 0.0464   0.2725E-06  0.1168E-04 -0.2725E-06  0.0000E+00      -1  -0.109E-07   20.00
  67   -66.0000    -200.000 0.0464   0.2725E-06  0.1168E-04 -0.2725E-06  0.0000E+00      -1  -0.109E-07   20.00
  68   -67.0000    -200.000 0.0464   0.2725E-06  0.1168E-04 -0.2725E-06  0.0000E+00      -1  -0.109E-07   20.00
  69   -68.0000    -200.000 0.0464   0.2725E-06  0.1168E-04 -0.2725E-06  0.0000E+00      -1  -0.109E-07   20.00
  70   -69.0000    -200.000 0.0464   0.2725E-06  0.1168E-04 -0.2725E-06  0.0000E+00      -1  -0.109E-07   20.00
  71   -70.0000    -200.000 0.0464   0.2725E-06  0.1168E-04 -0.2725E-06  0.0000E+00      -1  -0.109E-07   20.00
  72   -71.0000    -200.000 0.0464   0.2725E-06  0.1168E-04 -0.2725E-06  0.0000E+00      -1  -0.109E-07   20.00
  73   -72.0000    -200.000 0.0464   0.2725E-06  0.1168E-04 -0.2725E-06  0.0000E+00      -1  -0.109E-07   20.00
  74   -73.0000    -200.000 0.0464   0.2725E-06  0.1168E-04 -0.2725E-06  0.0000E+00      -1  -0.109E-07   20.00
  75   -74.0000    -200.000 0.0464   0.2725E-06  0.1168E-04 -0.2725E-06  0.0000E+00      -1  -0.109E-07   20.00
  76   -75.0000    -200.000 0.0464   0.2725E-06  0.1168E-04 -0.2725E-06  0.0000E+00      -1  -0.109E-07   20.00
  77   -76.0000    -200.000 0.0464   0.2725E-06  0.1168E-04 -0.2725E-06  0.0000E+00      -1  -0.109E-07   20.00
  78   -77.0000    -200.000 0.0464   0.2725E-06  0.1168E-04 -0.2725E-06  0.0000E+00      -1  -0.109E-07   20.00
  79   -78.0000    -200.000 0.0464   0.2725E-06  0.1168E-04 -0.2725E-06  0.0000E+00      -1  -0.109E-07   20.00
  80   -79.0000    -200.000 0.0464   0.2725E-06  0.1168E-04 -0.2725E-06  0.0000E+00      -1  -0.109E-07   20.00
  81   -80.0000    -200.000 0.0464   0.2725E-06  0.1168E-04 -0.2725E-06  0.0000E+00      -1  -0.109E-07   20.00
  82   -81.0000    -200.000 0.0464   0.2725E-06  0.1168E-04 -0.2725E-06  0.0000E+00      -1  -0.109E-07   20.00
  83   -82.0000    -200.000 0.0464   0.2725E-06  0.1168E-04 -0.2725E-06  0.0000E+00      -1  -0.109E-07   20.00
  84   -83.0000    -200.000 0.0464   0.2725E-06  0.1168E-04 -0.2725E-06  0.0000E+00      -1  -0.109E-07   20.00
  85   -84.0000    -200.000 0.0464   0.2725E-06  0.1168E-04 -0.2725E-06  0.0000E+00      -1  -0.109E-07   20.00
  86   -85.0000    -200.000 0.0464   0.2725E-06  0.1168E-04 -0.2725E-06  0.0000E+00      -1  -0.109E-07   20.00
  87   -86.0000    -200.000 0.0464   0.2725E-06  0.1168E-04 -0.2725E-06  0.0000E+00      -1  -0.109E-07   20.00
  88   -87.0000    -200.000 0.0464   0.2725E-06  0.1168E-04 -0.2725E-06  0.0000E+00      -1  -0.109E-07   20.00
  89   -88.0000    -200.000 0.0464   0.2725E-06  0.1168E-04 -0.2725E-06  0.0000E+00      -1  -0.109E-07   20.00
  90   -89.0000    -200.000 0.0464   0.2725E-06  0.1168E-04 -0.2725E-06  0.0000E+00      -1  -0.109E-07   20.00
  91   -90.0000    -200.000 0.0464   0.2725E-06  0.1168E-04 -0.2725E-06  0.0000E+00      -1  -0.109E-07   20.00
  92   -91.0000    -200.000 0.0464   0.2725E-06  0.1168E-04 -0.2725E-06  0.0000E+00      -1  -0.109E-07   20.00
  93   -92.0000    -200.000 0.0464   0.2725E-06  0.1168E-04 -0.2725E-06  0.0000E+00      -1  -0.109E-07   20.00
  94   -93.0000    -200.000 0.0464   0.2725E-06  0.1168E-04 -0.2725E-06  0.0000E+00      -1  -0.109E-07   20.00
  95   -94.0000    -200.000 0.0464   0.2725E-06  0.1168E-04 -0.2725E-06  0.0000E+00      -1  -0.109E-07   20.00
  96   -95.0000    -200.000 0.0464   0.2725E-06  0.1168E-04 -0.2725E-06  0.0000E+00      -1  -0.109E-07   20.00
  97   -96.0000    -200.000 0.0464   0.2725E-06  0.1168E-04 -0.2725E-06  0.0000E+00      -1  -0.109E-07   20.00
  98   -97.0000    -200.000 0.0464   0.2725E-06  0.1168E-04 -0.2725E-06  0.0000E+00      -1  -0.109E-07   20.00
  99   -98.0000    -200.000 0.0464   0.2725E-06  0.1168E-04 -0.2725E-06  0.0000E+00      -1  -0.109E-07   20.00
 100   -99.0000    -200.000 0.0464   0.2725E-06  0.1168E-04 -0.2725E-06  0.0000E+00      -1  -0.109E-07   20.00
 101  -100.0000    -200.000 0.0464   0.2725E-06  0.1168E-04 -0.2725E-06  0.0000E+00      -1  -0.109E-07   20.00
end


 Time:        0.5000


 Node      Depth      Head Moisture       K          C         Flux        Sink         Kappa   v/KsTop   Temp
           [L]        [L]    [-]        [L/T]      [1/L]      [L/T]        [1/T]         [-]      [-]      [C]

   1     0.0000       0.000 0.4300   0.2496E+02  0.0000E+00 -0.2484E+02  0.0000E+00      -1  -0.995E+00   20.00
   2    -1.0000       0.005 0.4300   0.2496E+02  0.0000E+00 -0.2484E+02  0.0000E+00      -1  -0.995E+00   20.00
   3    -2.0000       0.009 0.4300   0.2496E+02  0.0000E+00 -0.2484E+02  0.0000E+00      -1  -0.995E+00   20.00
   4    -3.0000       0.014 0.4300   0.2496E+02  0.0000E+00 -0.2484E+02  0.0000E+00      -1  -0.995E+00   20.00
   5    -4.0000       0.019 0.4300   0.2496E+02  0.0000E+00 -0.2484E+02  0.0000E+00      -1  -0.995E+00   20.00
   6    -5.0000       0.023 0.4300   0.2496E+02  0.0000E+00 -0.2484E+02  0.0000E+00      -1  -0.995E+00   20.00
   7    -6.0000       0.028 0.4300   0.2496E+02  0.0000E+00 -0.2484E+02  0.0000E+00      -1  -0.995E+00   20.00
   8    -7.0000       0.033 0.4300   0.2496E+02  0.0000E+00 -0.2484E+02  0.0000E+00      -1  -0.995E+00   20.00
   9    -8.0000       0.037 0.4300   0.2496E+02  0.0000E+00 -0.2484E+02  0.0000E+00      -1  -0.995E+00   20.00
  10    -9.0000       0.042 0.4300   0.2496E+02  0.0000E+00 -0.2484E+02  0.0000E+00      -1  -0.995E+00   20.00
  11   -10.0000       0.047 0.4300   0.2496E+02  0.0000E+00 -0.2484E+02  0.0000E+00      -1  -0.995E+00   20.00
  12   -11.0000       0.051 0.4300   0.2496E+02  0.0000E+00 -0.2484E+02  0.0000E+00      -1  -0.995E+00   20.00
  13   -12.0000       0.056 0.4300   0.2496E+02  0.0000E+00 -0.2484E+02  0.0000E+00      -1  -0.995E+00   20.00
  14   -13.0000       0.061 0.4300   0.2496E+02  0.0000E+00 -0.2484E+02  0.0000E+00      -1  -0.995E+00   20.00
  15   -14.0000       0.062 0.4300   0.2481E+02  0.2081E-04 -0.2484E+02  0.0000E+00      -1  -0.995E+00   20.00
  16   -15.0000       0.059 0.4300   0.2473E+02  0.3270E-04 -0.2485E+02  0.0000E+00      -1  -0.995E+00   20.00
  17   -16.0000       0.053 0.4300   0.2466E+02  0.4330E-04 -0.2485E+02  0.0000E+00      -1  -0.996E+00   20.00
  18   -17.0000       0.044 0.4300   0.2458E+02  0.5358E-04 -0.2485E+02  0.0000E+00      -1  -0.995E+00   20.00
  19   -18.0000       0.022 0.4300   0.2403E+02  0.1338E-03 -0.2484E+02  0.0000E+00      -1  -0.995E+00   20.00
  20   -19.0000      -0.034 0.4300   0.2303E+02  0.2799E-03 -0.2482E+02  0.0000E+00      -1  -0.995E+00   20.00
  21   -20.0000      -0.134 0.4300   0.2206E+02  0.4250E-03 -0.2481E+02  0.0000E+00      -1  -0.994E+00   20.00
  22   -21.0000      -0.286 0.4299   0.2100E+02  0.5857E-03 -0.2480E+02  0.0000E+00      -1  -0.994E+00   20.00
  23   -22.0000      -0.501 0.4298   0.1983E+02  0.7685E-03 -0.2480E+02  0.0000E+00      -1  -0.994E+00   20.00
  24   -23.0000      -0.794 0.4295   0.1854E+02  0.9747E-03 -0.2482E+02  0.0000E+00      -1  -0.994E+00   20.00
  25   -24.0000      -1.186 0.4291   0.1712E+02  0.1207E-02 -0.2484E+02  0.0000E+00      -1  -0.995E+00   20.00
  26   -25.0000      -1.705 0.4284   0.1560E+02  0.1462E-02 -0.2485E+02  0.0000E+00      -1  -0.996E+00   20.00
  27   -26.0000      -2.388 0.4273   0.1395E+02  0.1743E-02 -0.2487E+02  0.0000E+00      -1  -0.996E+00   20.00
  28   -27.0000      -3.289 0.4256   0.1222E+02  0.2043E-02 -0.2488E+02  0.0000E+00      -1  -0.997E+00   20.00
  29   -28.0000      -4.495 0.4229   0.1035E+02  0.2366E-02 -0.2488E+02  0.0000E+00      -1  -0.997E+00   20.00
  30   -29.0000      -6.149 0.4187   0.8403E+01  0.2689E-02 -0.2489E+02  0.0000E+00      -1  -0.997E+00   20.00
  31   -30.0000      -8.514 0.4119   0.6390E+01  0.2987E-02 -0.2489E+02  0.0000E+00      -1  -0.997E+00   20.00
  32   -31.0000      -9.105 0.2348   0.2488E+02  0.2365E-01 -0.2489E+02  0.0000E+00      -1  -0.997E+00   20.00
  33   -32.0000      -9.106 0.2348   0.2488E+02  0.2365E-01 -0.2488E+02  0.0000E+00      -1  -0.997E+00   20.00
  34   -33.0000      -9.106 0.2348   0.2488E+02  0.2365E-01 -0.2488E+02  0.0000E+00      -1  -0.997E+00   20.00
  35   -34.0000      -9.106 0.2348   0.2488E+02  0.2365E-01 -0.2488E+02  0.0000E+00      -1  -0.997E+00   20.00
  36   -35.0000      -9.106 0.2348   0.2488E+02  0.2365E-01 -0.2488E+02  0.0000E+00      -1  -0.997E+00   20.00
  37   -36.0000      -9.106 0.2348   0.2488E+02  0.2365E-01 -0.2488E+02  0.0000E+00      -1  -0.997E+00   20.00
  38   -37.0000      -9.105 0.2348   0.2488E+02  0.2365E-01 -0.2488E+02  0.0000E+00      -1  -0.997E+00   20.00
  39   -38.0000      -9.105 0.2348   0.2488E+02  0.2365E-01 -0.2488E+02  0.0000E+00      -1  -0.997E+00   20.00
  40   -39.0000      -9.105 0.2348   0.2488E+02  0.2365E-01 -0.2488E+02  0.0000E+00      -1  -0.997E+00   20.00
  41   -40.0000      -9.105 0.2348   0.2488E+02  0.2365E-01 -0.2488E+02  0.0000E+00      -1  -0.997E+00   20.00
  42   -41.0000      -9.105 0.2348   0.2489E+02  0.2365E-01 -0.2488E+02  0.0000E+00      -1  -0.997E+00   20.00
  43   -42.0000      -9.105 0.2348   0.2489E+02  0.2365E-01 -0.2489E+02  0.0000E+00      -1  -0.997E+00   20.00
  44   -43.0000      -9.105 0.2348   0.2489E+02  0.2365E-01 -0.2489E+02  0.0000E+00      -1  -0.997E+00   20.00
  45   -44.0000      -9.105 0.2348   0.2488E+02  0.2365E-01 -0.2489E+02  0.0000E+00      -1  -0.997E+00   20.00
  46   -45.0000      -9.105 0.2348   0.2488E+02  0.2365E-01 -0.2489E+02  0.0000E+00      -1  -0.997E+00   20.00
  47   -46.0000      -9.105 0.2348   0.2488E+02  0.2365E-01 -0.2488E+02  0.0000E+00      -1  -0.997E+00   20.00
  48   -47.0000      -9.105 0.2348   0.2488E+02  0.2365E-01 -0.2488E+02  0.0000E+00      -1  -0.997E+00   20.00
  49   -48.0000      -9.106 0.2348   0.2488E+02  0.2365E-01 -0.2488E+02  0.0000E+00      -1  -0.997E+00   20.00
  50   -49.0000      -9.106 0.2348   0.2487E+02  0.2365E-01 -0.2488E+02  0.0000E+00      -1  -0.997E+00   20.00
  51   -50.0000      -9.106 0.2348   0.2487E+02  0.2364E-01 -0.2488E+02  0.0000E+00      -1  -0.997E+00   20.00
  52   -51.0000      -9.107 0.2348   0.2485E+02  0.2364E-01 -0.2488E+02  0.0000E+00      -1  -0.997E+00   20.00
  53   -52.0000      -9.108 0.2348   0.2483E+02  0.2364E-01 -0.2487E+02  0.0000E+00      -1  -0.996E+00   20.00
  54   -53.0000      -9.111 0.2347   0.2479E+02  0.2363E-01 -0.2486E+02  0.0000E+00      -1  -0.996E+00   20.00
  55   -54.0000      -9.115 0.2346   0.2471E+02  0.2362E-01 -0.2485E+02  0.0000E+00      -1  -0.995E+00   20.00
  56   -55.0000      -9.123 0.2344   0.2457E+02  0.2359E-01 -0.2482E+02  0.0000E+00      -1  -0.994E+00   20.00
  57   -56.0000      -9.137 0.2340   0.2431E+02  0.2354E-01 -0.2476E+02  0.0000E+00      -1  -0.992E+00   20.00
  58   -57.0000      -9.164 0.2333   0.2383E+02  0.2346E-01 -0.2466E+02  0.0000E+00      -1  -0.988E+00   20.00
  59   -58.0000      -9.217 0.2319   0.2290E+02  0.2329E-01 -0.2444E+02  0.0000E+00      -1  -0.979E+00   20.00
  60   -59.0000      -9.323 0.2291   0.2101E+02  0.2295E-01 -0.2410E+02  0.0000E+00      -1  -0.966E+00   20.00
  61   -60.0000      -9.489 0.2259   0.2001E+02  0.2247E-01 -0.2368E+02  0.0000E+00      -1  -0.949E+00   20.00
  62   -61.0000      -9.698 0.2219   0.1879E+02  0.2186E-01 -0.2316E+02  0.0000E+00      -1  -0.928E+00   20.00
  63   -62.0000      -9.968 0.2167   0.1721E+02  0.2107E-01 -0.2246E+02  0.0000E+00      -1  -0.900E+00   20.00
  64   -63.0000     -10.333 0.2097   0.1508E+02  0.2000E-01 -0.2144E+02  0.0000E+00      -1  -0.859E+00   20.00
  65   -64.0000     -10.876 0.1993   0.1192E+02  0.1841E-01 -0.1965E+02  0.0000E+00      -1  -0.787E+00   20.00
  66   -65.0000     -11.878 0.1808   0.6543E+01  0.1560E-01 -0.1717E+02  0.0000E+00      -1  -0.688E+00   20.00
  67   -66.0000     -14.272 0.1507   0.2808E+01  0.1098E-01 -0.1353E+02  0.0000E+00      -1  -0.542E+00   20.00
  68   -67.0000     -20.284 0.1071   0.3828E+00  0.4984E-02 -0.7885E+01  0.0000E+00      -1  -0.316E+00   20.00
  69   -68.0000     -42.954 0.0633   0.4362E-02  0.7345E-03 -0.2437E+01  0.0000E+00      -1  -0.976E-01   20.00
  70   -69.0000    -175.647 0.0467   0.7223E-06  0.1710E-04 -0.1458E+00  0.0000E+00      -1  -0.584E-02   20.00
  71   -70.0000    -199.999 0.0464   0.2725E-06  0.1168E-04 -0.6441E-05  0.0000E+00      -1  -0.258E-06   20.00
  72   -71.0000    -200.000 0.0464   0.2725E-06  0.1168E-04 -0.2726E-06  0.0000E+00      -1  -0.109E-07   20.00
  73   -72.0000    -200.000 0.0464   0.2725E-06  0.1168E-04 -0.2725E-06  0.0000E+00      -1  -0.109E-07   20.00
  74   -73.0000    -200.000 0.0464   0.2725E-06  0.1168E-04 -0.2725E-06  0.0000E+00      -1  -0.109E-07   20.00
  75   -74.0000    -200.000 0.0464   0.2725E-06  0.1168E-04 -0.2725E-06  0.0000E+00      -1  -0.109E-07   20.00
  76   -75.0000    -200.000 0.0464   0.2725E-06  0.1168E-04 -0.2725E-06  0.0000E+00      -1  -0.109E-07   20.00
  77   -76.0000    -200.000 0.0464   0.2725E-06  0.1168E-04 -0.2725E-06  0.0000E+00      -1  -0.109E-07   20.00
  78   -77.0000    -200.000 0.0464   0.2725E-06  0.1168E-04 -0.2725E-06  0.0000E+00      -1  -0.109E-07   20.00
  79   -78.0000    -200.000 0.0464   0.2725E-06  0.1168E-04 -0.2725E-06  0.0000E+00      -1  -0.109E-07   20.00
  80   -79.0000    -200.000 0.0464   0.2725E-06  0.1168E-04 -0.2725E-06  0.0000E+00      -1  -0.109E-07   20.00
  81   -80.0000    -200.000 0.0464   0.2725E-06  0.1168E-04 -0.2725E-06  0.0000E+00      -1  -0.109E-07   20.00
  82   -81.0000    -200.000 0.0464   0.2725E-06  0.1168E-04 -0.2725E-06  0.0000E+00      -1  -0.109E-07   20.00
  83   -82.0000    -200.000 0.0464   0.2725E-06  0.1168E-04 -0.2725E-06  0.0000E+00      -1  -0.109E-07   20.00
  84   -83.0000    -200.000 0.0464   0.2725E-06  0.1168E-04 -0.2725E-06  0.0000E+00      -1  -0.109E-07   20.00
  85   -84.0000    -200.000 0.0464   0.2725E-06  0.1168E-04 -0.2725E-06  0.0000E+00      -1  -0.109E-07   20.00
  86   -85.0000    -200.000 0.0464   0.2725E-06  0.1168E-04 -0.2725E-06  0.0000E+00      -1  -0.109E-07   20.00
  87   -86.0000    -200.000 0.0464   0.2725E-06  0.1168E-04 -0.2725E-06  0.0000E+00      -1  -0.109E-07   20.00
  88   -87.0000    -200.000 0.0464   0.2725E-06  0.1168E-04 -0.2725E-06  0.0000E+00      -1  -0.109E-07   20.00
  89   -88.0000    -200.000 0.0464   0.2725E-06  0.1168E-04 -0.2725E-06  0.0000E+00      -1  -0.109E-07   20.00
  90   -89.0000    -200.000 0.0464   0.2725E-06  0.1168E-04 -0.2725E-06  0.0000E+00      -1  -0.109E-07   20.00
  91   -90.0000    -200.000 0.0464   0.2725E-06  0.1168E-04 -0.2725E-06  0.0000E+00      -1  -0.109E-07   20.00
  92   -91.0000    -200.000 0.0464   0.2725E-06  0.1168E-04 -0.2725E-06  0.0000E+00      -1  -0.109E-07   20.00
  93   -92.0000    -200.000 0.0464   0.2725E-06  0.1168E-04 -0.2725E-06  0.0000E+00      -1  -0.109E-07   20.00
  94   -93.0000    -200.000 0.0464   0.2725E-06  0.1168E-04 -0.2725E-06  0.0000E+00      -1  -0.109E-07   20.00
  95   -94.0000    -200.000 0.0464   0.2725E-06  0.1168E-04 -0.2725E-06  0.0000E+00      -1  -0.109E-07   20.00
  96   -95.0000    -200.000 0.0464   0.2725E-06  0.1168E-04 -0.2725E-06  0.0000E+00      -1  -0.109E-07   20.00
  97   -96.0000    -200.000 0.0464   0.2725E-06  0.1168E-04 -0.2725E-06  0.0000E+00      -1  -0.109E-07   20.00
  98   -97.0000    -200.000 0.0464   0.2725E-06  0.1168E-04 -0.2725E-06  0.0000E+00      -1  -0.109E-07   20.00
  99   -98.0000    -200.000 0.0464   0.2725E-06  0.1168E-04 -0.2725E-06  0.0000E+00      -1  -0.109E-07   20.00
 100   -99.0000    -200.000 0.0464   0.2725E-06  0.1168E-04 -0.2725E-06  0.0000E+00      -1  -0.109E-07   20.00
 101  -100.0000    -200.000 0.0464   0.2725E-06  0.1168E-04 -0.2725E-06  0.0000E+00      -1  -0.109E-07   20.00
end


 Time:        0.5500


 Node      Depth      Head Moisture       K          C         Flux        Sink         Kappa   v/KsTop   Temp
           [L]        [L]    [-]        [L/T]      [1/L]      [L/T]        [1/T]         [-]      [-]      [C]

   1     0.0000       0.000 0.4300   0.2496E+02  0.0000E+00 -0.2468E+02  0.0000E+00      -1  -0.989E+00   20.00
   2    -1.0000       0.009 0.4300   0.2483E+02  0.1901E-04 -0.2468E+02  0.0000E+00      -1  -0.989E+00   20.00
   3    -2.0000       0.013 0.4300   0.2476E+02  0.2803E-04 -0.2468E+02  0.0000E+00      -1  -0.989E+00   20.00
   4    -3.0000       0.016 0.4300   0.2471E+02  0.3520E-04 -0.2468E+02  0.0000E+00      -1  -0.989E+00   20.00
   5    -4.0000       0.017 0.4300   0.2467E+02  0.4132E-04 -0.2467E+02  0.0000E+00      -1  -0.989E+00   20.00
   6    -5.0000       0.016 0.4300   0.2463E+02  0.4682E-04 -0.2467E+02  0.0000E+00      -1  -0.989E+00   20.00
   7    -6.0000       0.013 0.4300   0.2460E+02  0.5184E-04 -0.2467E+02  0.0000E+00      -1  -0.988E+00   20.00
   8    -7.0000       0.010 0.4300   0.2456E+02  0.5638E-04 -0.2467E+02  0.0000E+00      -1  -0.988E+00   20.00
   9    -8.0000       0.005 0.4300   0.2453E+02  0.6070E-04 -0.2467E+02  0.0000E+00      -1  -0.988E+00   20.00
  10    -9.0000      -0.001 0.4300   0.2451E+02  0.6462E-04 -0.2467E+02  0.0000E+00      -1  -0.988E+00   20.00
  11   -10.0000      -0.008 0.4300   0.2448E+02  0.6836E-04 -0.2467E+02  0.0000E+00      -1  -0.988E+00   20.00
  12   -11.0000      -0.017 0.4300   0.2446E+02  0.7161E-04 -0.2467E+02  0.0000E+00      -1  -0.988E+00   20.00
  13   -12.0000      -0.026 0.4300   0.2444E+02  0.7463E-04 -0.2467E+02  0.0000E+00      -1  -0.988E+00   20.00
  14   -13.0000      -0.035 0.4300   0.2442E+02  0.7738E-04 -0.2467E+02  0.0000E+00      -1  -0.988E+00   20.00
  15   -14.0000      -0.046 0.4300   0.2440E+02  0.7957E-04 -0.2467E+02  0.0000E+00      -1  -0.989E+00   20.00
  16   -15.0000      -0.057 0.4300   0.2439E+02  0.8145E-04 -0.2468E+02  0.0000E+00      -1  -0.989E+00   20.00
  17   -16.0000      -0.070 0.4300   0.2438E+02  0.8302E-04 -0.2469E+02  0.0000E+00      -1  -0.989E+00   20.00
  18   -17.0000      -0.083 0.4300   0.2437E+02  0.8436E-04 -0.2469E+02  0.0000E+00      -1  -0.989E+00   20.00
  19   -18.0000      -0.100 0.4300   0.2417E+02  0.1130E-03 -0.2471E+02  0.0000E+00      -1  -0.990E+00   20.00
  20   -19.0000      -0.134 0.4300   0.2363E+02  0.1922E-03 -0.2472E+02  0.0000E+00      -1  -0.990E+00   20.00
  21   -20.0000      -0.204 0.4299   0.2261E+02  0.3416E-03 -0.2474E+02  0.0000E+00      -1  -0.991E+00   20.00
  22   -21.0000      -0.329 0.4299   0.2138E+02  0.5283E-03 -0.2476E+02  0.0000E+00      -1  -0.992E+00   20.00
  23   -22.0000      -0.525 0.4297   0.2006E+02  0.7326E-03 -0.2479E+02  0.0000E+00      -1  -0.993E+00   20.00
  24   -23.0000      -0.805 0.4295   0.1866E+02  0.9543E-03 -0.2481E+02  0.0000E+00      -1  -0.994E+00   20.00
  25   -24.0000      -1.190 0.4291   0.1718E+02  0.1196E-02 -0.2484E+02  0.0000E+00      -1  -0.995E+00   20.00
  26   -25.0000      -1.705 0.4284   0.1563E+02  0.1457E-02 -0.2486E+02  0.0000E+00      -1  -0.996E+00   20.00
  27   -26.0000      -2.386 0.4273   0.1396E+02  0.1741E-02 -0.2487E+02  0.0000E+00      -1  -0.997E+00   20.00
  28   -27.0000      -3.286 0.4256   0.1222E+02  0.2043E-02 -0.2489E+02  0.0000E+00      -1  -0.997E+00   20.00
  29   -28.0000      -4.492 0.4229   0.1035E+02  0.2366E-02 -0.2489E+02  0.0000E+00      -1  -0.997E+00   20.00
  30   -29.0000      -6.147 0.4187   0.8403E+01  0.2689E-02 -0.2490E+02  0.0000E+00      -1  -0.997E+00   20.00
  31   -30.0000      -8.513 0.4119   0.6390E+01  0.2987E-02 -0.2490E+02  0.0000E+00      -1  -0.997E+00   20.00
  32   -31.0000      -9.105 0.2349   0.2489E+02  0.2365E-01 -0.2490E+02  0.0000E+00      -1  -0.997E+00   20.00
  33   -32.0000      -9.105 0.2348   0.2489E+02  0.2365E-01 -0.2489E+02  0.0000E+00      -1  -0.997E+00   20.00
  34   -33.0000      -9.105 0.2348   0.2489E+02  0.2365E-01 -0.2489E+02  0.0000E+00      -1  -0.997E+00   20.00
  35   -34.0000      -9.105 0.2348   0.2489E+02  0.2365E-01 -0.2489E+02  0.0000E+00      -1  -0.997E+00   20.00
  36   -35.0000      -9.105 0.2348   0.2489E+02  0.2365E-01 -0.2489E+02  0.0000E+00      -1  -0.997E+00   20.00
  37   -36.0000      -9.105 0.2348   0.2489E+02  0.2365E-01 -0.2489E+02  0.0000E+00      -1  -0.997E+00   20.00
  38   -37.0000      -9.105 0.2348   0.2489E+02  0.2365E-01 -0.2489E+02  0.0000E+00      -1  -0.997E+00   20.00
  39   -38.0000      -9.105 0.2348   0.2489E+02  0.2365E-01 -0.2489E+02  0.0000E+00      -1  -0.997E+00   20.00
  40   -39.0000      -9.105 0.2348   0.2489E+02  0.2365E-01 -0.2489E+02  0.0000E+00      -1  -0.997E+00   20.00
  41   -40.0000      -9.105 0.2348   0.2489E+02  0.2365E-01 -0.2489E+02  0.0000E+00      -1  -0.997E+00   20.00
  42   -41.0000      -9.105 0.2348   0.2489E+02  0.2365E-01 -0.2489E+02  0.0000E+00      -1  -0.997E+00   20.00
  43   -42.0000      -9.105 0.2348   0.2488E+02  0.2365E-01 -0.2489E+02  0.0000E+00      -1  -0.997E+00   20.00
  44   -43.0000      -9.105 0.2348   0.2488E+02  0.2365E-01 -0.2488E+02  0.0000E+00      -1  -0.997E+00   20.00
  45   -44.0000      -9.105 0.2348   0.2488E+02  0.2365E-01 -0.2488E+02  0.0000E+00      -1  -0.997E+00   20.00
  46   -45.0000      -9.105 0.2348   0.2488E+02  0.2365E-01 -0.2488E+02  0.0000E+00      -1  -0.997E+00   20.00
  47   -46.0000      -9.105 0.2348   0.2488E+02  0.2365E-01 -0.2488E+02  0.0000E+00      -1  -0.997E+00   20.00
  48   -47.0000      -9.106 0.2348   0.2488E+02  0.2365E-01 -0.2488E+02  0.0000E+00      -1  -0.997E+00   20.00
  49   -48.0000      -9.106 0.2348   0.2488E+02  0.2365E-01 -0.2488E+02  0.0000E+00      -1  -0.997E+00   20.00
  50   -49.0000      -9.106 0.2348   0.2488E+02  0.2365E-01 -0.2488E+02  0.0000E+00      -1  -0.997E+00   20.00
  51   -50.0000      -9.106 0.2348   0.2488E+02  0.2365E-01 -0.2488E+02  0.0000E+00      -1  -0.997E+00   20.00
  52   -51.0000      -9.106 0.2348   0.2487E+02  0.2365E-01 -0.2488E+02  0.0000E+00      -1  -0.997E+00   20.00
  53   -52.0000      -9.106 0.2348   0.2487E+02  0.2364E-01 -0.2488E+02  0.0000E+00      -1  -0.997E+00   20.00
  54   -53.0000      -9.106 0.2348   0.2487E+02  0.2364E-01 -0.2487E+02  0.0000E+00      -1  -0.997E+00   20.00
  55   -54.0000      -9.106 0.2348   0.2487E+02  0.2364E-01 -0.2487E+02  0.0000E+00      -1  -0.997E+00   20.00
  56   -55.0000      -9.106 0.2348   0.2487E+02  0.2364E-01 -0.2487E+02  0.0000E+00      -1  -0.997E+00   20.00
  57   -56.0000      -9.106 0.2348   0.2486E+02  0.2364E-01 -0.2487E+02  0.0000E+00      -1  -0.996E+00   20.00
  58   -57.0000      -9.107 0.2348   0.2486E+02  0.2364E-01 -0.2487E+02  0.0000E+00      -1  -0.996E+00   20.00
  59   -58.0000      -9.108 0.2348   0.2484E+02  0.2364E-01 -0.2487E+02  0.0000E+00      -1  -0.996E+00   20.00
  60   -59.0000      -9.109 0.2347   0.2481E+02  0.2363E-01 -0.2486E+02  0.0000E+00      -1  -0.996E+00   20.00
  61   -60.0000      -9.112 0.2347   0.2476E+02  0.2362E-01 -0.2485E+02  0.0000E+00      -1  -0.996E+00   20.00
  62   -61.0000      -9.118 0.2345   0.2466E+02  0.2361E-01 -0.2483E+02  0.0000E+00      -1  -0.995E+00   20.00
  63   -62.0000      -9.128 0.2343   0.2449E+02  0.2358E-01 -0.2480E+02  0.0000E+00      -1  -0.994E+00   20.00
  64   -63.0000      -9.146 0.2338   0.2415E+02  0.2352E-01 -0.2473E+02  0.0000E+00      -1  -0.991E+00   20.00
  65   -64.0000      -9.182 0.2328   0.2351E+02  0.2340E-01 -0.2461E+02  0.0000E+00      -1  -0.986E+00   20.00
  66   -65.0000      -9.255 0.2309   0.2223E+02  0.2317E-01 -0.2434E+02  0.0000E+00      -1  -0.975E+00   20.00
  67   -66.0000      -9.382 0.2280   0.2063E+02  0.2278E-01 -0.2396E+02  0.0000E+00      -1  -0.960E+00   20.00
  68   -67.0000      -9.564 0.2245   0.1957E+02  0.2225E-01 -0.2349E+02  0.0000E+00      -1  -0.941E+00   20.00
  69   -68.0000      -9.793 0.2201   0.1823E+02  0.2158E-01 -0.2291E+02  0.0000E+00      -1  -0.918E+00   20.00
  70   -69.0000     -10.095 0.2143   0.1647E+02  0.2070E-01 -0.2216E+02  0.0000E+00      -1  -0.888E+00   20.00
  71   -70.0000     -10.523 0.2061   0.1398E+02  0.1945E-01 -0.2116E+02  0.0000E+00      -1  -0.848E+00   20.00
  72   -71.0000     -11.265 0.1918   0.9650E+01  0.1728E-01 -0.1937E+02  0.0000E+00      -1  -0.776E+00   20.00
  73   -72.0000     -12.702 0.1704   0.5257E+01  0.1401E-01 -0.1620E+02  0.0000E+00      -1  -0.649E+00   20.00
  74   -73.0000     -15.896 0.1355   0.1529E+01  0.8770E-02 -0.1135E+02  0.0000E+00      -1  -0.455E+00   20.00
  75   -74.0000     -25.303 0.0885   0.1002E+00  0.2863E-02 -0.5433E+01  0.0000E+00      -1  -0.218E+00   20.00
  76   -75.0000     -71.891 0.0527   0.1761E-03  0.1841E-03 -0.1200E+01  0.0000E+00      -1  -0.481E-01   20.00
  77   -76.0000    -198.804 0.0464   0.2781E-06  0.1182E-04 -0.5642E-02  0.0000E+00      -1  -0.226E-03   20.00
  78   -77.0000    -200.000 0.0464   0.2725E-06  0.1168E-04 -0.4385E-06  0.0000E+00      -1  -0.176E-07   20.00
  79   -78.0000    -200.000 0.0464   0.2725E-06  0.1168E-04 -0.2724E-06  0.0000E+00      -1  -0.109E-07   20.00
  80   -79.0000    -200.000 0.0464   0.2725E-06  0.1168E-04 -0.2725E-06  0.0000E+00      -1  -0.109E-07   20.00
  81   -80.0000    -200.000 0.0464   0.2725E-06  0.1168E-04 -0.2725E-06  0.0000E+00      -1  -0.109E-07   20.00
  82   -81.0000    -200.000 0.0464   0.2725E-06  0.1168E-04 -0.2725E-06  0.0000E+00      -1  -0.109E-07   20.00
  83   -82.0000    -200.000 0.0464   0.2725E-06  0.1168E-04 -0.2725E-06  0.0000E+00      -1  -0.109E-07   20.00
  84   -83.0000    -200.000 0.0464   0.2725E-06  0.1168E-04 -0.2725E-06  0.0000E+00      -1  -0.109E-07   20.00
  85   -84.0000    -200.000 0.0464   0.2725E-06  0.1168E-04 -0.2725E-06  0.0000E+00      -1  -0.109E-07   20.00
  86   -85.0000    -200.000 0.0464   0.2725E-06  0.1168E-04 -0.2725E-06  0.0000E+00      -1  -0.109E-07   20.00
  87   -86.0000    -200.000 0.0464   0.2725E-06  0.1168E-04 -0.2725E-06  0.0000E+00      -1  -0.109E-07   20.00
  88   -87.0000    -200.000 0.0464   0.2725E-06  0.1168E-04 -0.2725E-06  0.0000E+00      -1  -0.109E-07   20.00
  89   -88.0000    -200.000 0.0464   0.2725E-06  0.1168E-04 -0.2725E-06  0.0000E+00      -1  -0.109E-07   20.00
  90   -89.0000    -200.000 0.0464   0.2725E-06  0.1168E-04 -0.2725E-06  0.0000E+00      -1  -0.109E-07   20.00
  91   -90.0000    -200.000 0.0464   0.2725E-06  0.1168E-04 -0.2725E-06  0.0000E+00      -1  -0.109E-07   20.00
  92   -91.0000    -200.000 0.0464   0.2725E-06  0.1168E-04 -0.2725E-06  0.0000E+00      -1  -0.109E-07   20.00
  93   -92.0000    -200.000 0.0464   0.2725E-06  0.1168E-04 -0.2725E-06  0.0000E+00      -1  -0.109E-07   20.00
  94   -93.0000    -200.000 0.0464   0.2725E-06  0.1168E-04 -0.2725E-06  0.0000E+00      -1  -0.109E-07   20.00
  95   -94.0000    -200.000 0.0464   0.2725E-06  0.1168E-04 -0.2725E-06  0.0000E+00      -1  -0.109E-07   20.00
  96   -95.0000    -200.000 0.0464   0.2725E-06  0.1168E-04 -0.2725E-06  0.0000E+00      -1  -0.109E-07   20.00
  97   -96.0000    -200.000 0.0464   0.2725E-06  0.1168E-04 -0.2725E-06  0.0000E+00      -1  -0.109E-07   20.00
  98   -97.0000    -200.000 0.0464   0.2725E-06  0.1168E-04 -0.2725E-06  0.0000E+00      -1  -0.109E-07   20.00
  99   -98.0000    -200.000 0.0464   0.2725E-06  0.1168E-04 -0.2725E-06  0.0000E+00      -1  -0.109E-07   20.00
 100   -99.0000    -200.000 0.0464   0.2725E-06  0.1168E-04 -0.2725E-06  0.0000E+00      -1  -0.109E-07   20.00
 101  -100.0000    -200.000 0.0464   0.2725E-06  0.1168E-04 -0.2725E-06  0.0000E+00      -1  -0.109E-07   20.00
end


 Time:        0.6000


 Node      Depth      Head Moisture       K          C         Flux        Sink         Kappa   v/KsTop   Temp
           [L]        [L]    [-]        [L/T]      [1/L]      [L/T]        [1/T]         [-]      [-]      [C]

   1     0.0000       0.000 0.4300   0.2496E+02  0.0000E+00 -0.2503E+02  0.0000E+00      -1  -0.100E+01   20.00
   2    -1.0000      -0.003 0.4300   0.2496E+02  0.0000E+00 -0.2503E+02  0.0000E+00      -1  -0.100E+01   20.00
   3    -2.0000      -0.006 0.4300   0.2496E+02  0.0000E+00 -0.2503E+02  0.0000E+00      -1  -0.100E+01   20.00
   4    -3.0000      -0.009 0.4300   0.2496E+02  0.0000E+00 -0.2503E+02  0.0000E+00      -1  -0.100E+01   20.00
   5    -4.0000      -0.012 0.4300   0.2496E+02  0.0000E+00 -0.2503E+02  0.0000E+00      -1  -0.100E+01   20.00
   6    -5.0000      -0.015 0.4300   0.2496E+02  0.0000E+00 -0.2503E+02  0.0000E+00      -1  -0.100E+01   20.00
   7    -6.0000      -0.018 0.4300   0.2496E+02  0.0000E+00 -0.2503E+02  0.0000E+00      -1  -0.100E+01   20.00
   8    -7.0000      -0.021 0.4300   0.2496E+02  0.0000E+00 -0.2503E+02  0.0000E+00      -1  -0.100E+01   20.00
   9    -8.0000      -0.024 0.4300   0.2496E+02  0.0000E+00 -0.2503E+02  0.0000E+00      -1  -0.100E+01   20.00
  10    -9.0000      -0.027 0.4300   0.2496E+02  0.0000E+00 -0.2503E+02  0.0000E+00      -1  -0.100E+01   20.00
  11   -10.0000      -0.030 0.4300   0.2496E+02  0.0000E+00 -0.2503E+02  0.0000E+00      -1  -0.100E+01   20.00
  12   -11.0000      -0.033 0.4300   0.2496E+02  0.0000E+00 -0.2503E+02  0.0000E+00      -1  -0.100E+01   20.00
  13   -12.0000      -0.036 0.4300   0.2496E+02  0.0000E+00 -0.2503E+02  0.0000E+00      -1  -0.100E+01   20.00
  14   -13.0000      -0.039 0.4300   0.2496E+02  0.0000E+00 -0.2503E+02  0.0000E+00      -1  -0.100E+01   20.00
  15   -14.0000      -0.042 0.4300   0.2496E+02  0.0000E+00 -0.2503E+02  0.0000E+00      -1  -0.100E+01   20.00
  16   -15.0000      -0.045 0.4300   0.2496E+02  0.0000E+00 -0.2503E+02  0.0000E+00      -1  -0.100E+01   20.00
  17   -16.0000      -0.047 0.4300   0.2496E+02  0.0000E+00 -0.2503E+02  0.0000E+00      -1  -0.100E+01   20.00
  18   -17.0000      -0.050 0.4300   0.2496E+02  0.0000E+00 -0.2504E+02  0.0000E+00      -1  -0.100E+01   20.00
  19   -18.0000      -0.053 0.4300   0.2496E+02  0.0000E+00 -0.2504E+02  0.0000E+00      -1  -0.100E+01   20.00
  20   -19.0000      -0.076 0.4300   0.2403E+02  0.1334E-03 -0.2506E+02  0.0000E+00      -1  -0.100E+01   20.00
  21   -20.0000      -0.146 0.4300   0.2284E+02  0.3076E-03 -0.2507E+02  0.0000E+00      -1  -0.100E+01   20.00
  22   -21.0000      -0.277 0.4299   0.2150E+02  0.5099E-03 -0.2507E+02  0.0000E+00      -1  -0.100E+01   20.00
  23   -22.0000      -0.481 0.4298   0.2011E+02  0.7243E-03 -0.2505E+02  0.0000E+00      -1  -0.100E+01   20.00
  24   -23.0000      -0.773 0.4295   0.1868E+02  0.9516E-03 -0.2503E+02  0.0000E+00      -1  -0.100E+01   20.00
  25   -24.0000      -1.168 0.4291   0.1718E+02  0.1197E-02 -0.2499E+02  0.0000E+00      -1  -0.100E+01   20.00
  26   -25.0000      -1.691 0.4284   0.1561E+02  0.1459E-02 -0.2496E+02  0.0000E+00      -1  -0.100E+01   20.00
  27   -26.0000      -2.379 0.4273   0.1395E+02  0.1744E-02 -0.2493E+02  0.0000E+00      -1  -0.999E+00   20.00
  28   -27.0000      -3.284 0.4256   0.1221E+02  0.2045E-02 -0.2491E+02  0.0000E+00      -1  -0.998E+00   20.00
  29   -28.0000      -4.493 0.4229   0.1034E+02  0.2368E-02 -0.2489E+02  0.0000E+00      -1  -0.997E+00   20.00
  30   -29.0000      -6.149 0.4187   0.8397E+01  0.2690E-02 -0.2488E+02  0.0000E+00      -1  -0.997E+00   20.00
  31   -30.0000      -8.514 0.4119   0.6388E+01  0.2987E-02 -0.2488E+02  0.0000E+00      -1  -0.997E+00   20.00
  32   -31.0000      -9.105 0.2348   0.2487E+02  0.2364E-01 -0.2488E+02  0.0000E+00      -1  -0.997E+00   20.00
  33   -32.0000      -9.105 0.2348   0.2488E+02  0.2365E-01 -0.2488E+02  0.0000E+00      -1  -0.997E+00   20.00
  34   -33.0000      -9.105 0.2348   0.2488E+02  0.2365E-01 -0.2488E+02  0.0000E+00      -1  -0.997E+00   20.00
  35   -34.0000      -9.105 0.2348   0.2488E+02  0.2365E-01 -0.2488E+02  0.0000E+00      -1  -0.997E+00   20.00
  36   -35.0000      -9.105 0.2348   0.2488E+02  0.2365E-01 -0.2488E+02  0.0000E+00      -1  -0.997E+00   20.00
  37   -36.0000      -9.105 0.2348   0.2488E+02  0.2365E-01 -0.2488E+02  0.0000E+00      -1  -0.997E+00   20.00
  38   -37.0000      -9.105 0.2348   0.2489E+02  0.2365E-01 -0.2488E+02  0.0000E+00      -1  -0.997E+00   20.00
  39   -38.0000      -9.105 0.2348   0.2489E+02  0.2365E-01 -0.2489E+02  0.0000E+00      -1  -0.997E+00   20.00
  40   -39.0000      -9.105 0.2348   0.2489E+02  0.2365E-01 -0.2489E+02  0.0000E+00      -1  -0.997E+00   20.00
  41   -40.0000      -9.105 0.2348   0.2489E+02  0.2365E-01 -0.2489E+02  0.0000E+00      -1  -0.997E+00   20.00
  42   -41.0000      -9.105 0.2348   0.2489E+02  0.2365E-01 -0.2489E+02  0.0000E+00      -1  -0.997E+00   20.00
  43   -42.0000      -9.105 0.2349   0.2490E+02  0.2365E-01 -0.2489E+02  0.0000E+00      -1  -0.997E+00   20.00
  44   -43.0000      -9.105 0.2349   0.2490E+02  0.2365E-01 -0.2489E+02  0.0000E+00      -1  -0.997E+00   20.00
  45   -44.0000      -9.104 0.2349   0.2490E+02  0.2365E-01 -0.2490E+02  0.0000E+00      -1  -0.997E+00   20.00
  46   -45.0000      -9.104 0.2349   0.2490E+02  0.2365E-01 -0.2490E+02  0.0000E+00      -1  -0.998E+00   20.00
  47   -46.0000      -9.104 0.2349   0.2490E+02  0.2365E-01 -0.2490E+02  0.0000E+00      -1  -0.998E+00   20.00
  48   -47.0000      -9.104 0.2349   0.2490E+02  0.2365E-01 -0.2490E+02  0.0000E+00      -1  -0.998E+00   20.00
  49   -48.0000      -9.104 0.2349   0.2490E+02  0.2365E-01 -0.2490E+02  0.0000E+00      -1  -0.998E+00   20.00
  50   -49.0000      -9.104 0.2349   0.2490E+02  0.2365E-01 -0.2490E+02  0.0000E+00      -1  -0.998E+00   20.00
  51   -50.0000      -9.104 0.2349   0.2490E+02  0.2365E-01 -0.2490E+02  0.0000E+00      -1  -0.998E+00   20.00
  52   -51.0000      -9.104 0.2349   0.2490E+02  0.2365E-01 -0.2490E+02  0.0000E+00      -1  -0.998E+00   20.00
  53   -52.0000      -9.104 0.2349   0.2490E+02  0.2365E-01 -0.2490E+02  0.0000E+00      -1  -0.998E+00   20.00
  54   -53.0000      -9.104 0.2349   0.2490E+02  0.2365E-01 -0.2490E+02  0.0000E+00      -1  -0.998E+00   20.00
  55   -54.0000      -9.104 0.2349   0.2490E+02  0.2365E-01 -0.2490E+02  0.0000E+00      -1  -0.998E+00   20.00
  56   -55.0000      -9.104 0.2349   0.2490E+02  0.2365E-01 -0.2490E+02  0.0000E+00      -1  -0.998E+00   20.00
  57   -56.0000      -9.104 0.2349   0.2490E+02  0.2365E-01 -0.2490E+02  0.0000E+00      -1  -0.998E+00   20.00
  58   -57.0000      -9.105 0.2349   0.2490E+02  0.2365E-01 -0.2490E+02  0.0000E+00      -1  -0.998E+00   20.00
  59   -58.0000      -9.105 0.2349   0.2490E+02  0.2365E-01 -0.2490E+02  0.0000E+00      -1  -0.997E+00   20.00
  60   -59.0000      -9.105 0.2348   0.2489E+02  0.2365E-01 -0.2490E+02  0.0000E+00      -1  -0.997E+00   20.00
  61   -60.0000      -9.105 0.2348   0.2489E+02  0.2365E-01 -0.2490E+02  0.0000E+00      -1  -0.997E+00   20.00
  62   -61.0000      -9.105 0.2348   0.2489E+02  0.2365E-01 -0.2489E+02  0.0000E+00      -1  -0.997E+00   20.00
  63   -62.0000      -9.105 0.2348   0.2489E+02  0.2365E-01 -0.2489E+02  0.0000E+00      -1  -0.997E+00   20.00
  64   -63.0000      -9.106 0.2348   0.2488E+02  0.2365E-01 -0.2489E+02  0.0000E+00      -1  -0.997E+00   20.00
  65   -64.0000      -9.106 0.2348   0.2487E+02  0.2364E-01 -0.2489E+02  0.0000E+00      -1  -0.997E+00   20.00
  66   -65.0000      -9.107 0.2348   0.2485E+02  0.2364E-01 -0.2488E+02  0.0000E+00      -1  -0.997E+00   20.00
  67   -66.0000      -9.110 0.2347   0.2481E+02  0.2363E-01 -0.2487E+02  0.0000E+00      -1  -0.997E+00   20.00
  68   -67.0000      -9.113 0.2346   0.2474E+02  0.2362E-01 -0.2486E+02  0.0000E+00      -1  -0.996E+00   20.00
  69   -68.0000      -9.120 0.2344   0.2462E+02  0.2360E-01 -0.2483E+02  0.0000E+00      -1  -0.995E+00   20.00
  70   -69.0000      -9.133 0.2341   0.2439E+02  0.2356E-01 -0.2478E+02  0.0000E+00      -1  -0.993E+00   20.00
  71   -70.0000      -9.157 0.2335   0.2396E+02  0.2348E-01 -0.2470E+02  0.0000E+00      -1  -0.989E+00   20.00
  72   -71.0000      -9.203 0.2323   0.2315E+02  0.2333E-01 -0.2453E+02  0.0000E+00      -1  -0.983E+00   20.00
  73   -72.0000      -9.299 0.2298   0.2144E+02  0.2303E-01 -0.2422E+02  0.0000E+00      -1  -0.970E+00   20.00
  74   -73.0000      -9.452 0.2267   0.2022E+02  0.2257E-01 -0.2379E+02  0.0000E+00      -1  -0.953E+00   20.00
  75   -74.0000      -9.651 0.2228   0.1906E+02  0.2199E-01 -0.2326E+02  0.0000E+00      -1  -0.932E+00   20.00
  76   -75.0000      -9.904 0.2180   0.1758E+02  0.2125E-01 -0.2258E+02  0.0000E+00      -1  -0.905E+00   20.00
  77   -76.0000     -10.241 0.2115   0.1562E+02  0.2027E-01 -0.2163E+02  0.0000E+00      -1  -0.867E+00   20.00
  78   -77.0000     -10.724 0.2022   0.1280E+02  0.1886E-01 -0.2026E+02  0.0000E+00      -1  -0.812E+00   20.00
  79   -78.0000     -11.645 0.1845   0.7428E+01  0.1617E-01 -0.1820E+02  0.0000E+00      -1  -0.729E+00   20.00
  80   -79.0000     -13.692 0.1580   0.3711E+01  0.1210E-01 -0.1462E+02  0.0000E+00      -1  -0.586E+00   20.00
  81   -80.0000     -18.315 0.1171   0.6537E+00  0.6223E-02 -0.9099E+01  0.0000E+00      -1  -0.365E+00   20.00
  82   -81.0000     -35.038 0.0706   0.1524E-01  0.1251E-02 -0.3355E+01  0.0000E+00      -1  -0.134E+00   20.00
  83   -82.0000    -136.552 0.0476   0.3381E-05  0.3346E-04 -0.3907E+00  0.0000E+00      -1  -0.157E-01   20.00
  84   -83.0000    -199.987 0.0464   0.2725E-06  0.1168E-04 -0.5898E-04  0.0000E+00      -1  -0.236E-05   20.00
  85   -84.0000    -200.000 0.0464   0.2725E-06  0.1168E-04 -0.2742E-06  0.0000E+00      -1  -0.110E-07   20.00
  86   -85.0000    -200.000 0.0464   0.2725E-06  0.1168E-04 -0.2725E-06  0.0000E+00      -1  -0.109E-07   20.00
  87   -86.0000    -200.000 0.0464   0.2725E-06  0.1168E-04 -0.2725E-06  0.0000E+00      -1  -0.109E-07   20.00
  88   -87.0000    -200.000 0.0464   0.2725E-06  0.1168E-04 -0.2725E-06  0.0000E+00      -1  -0.109E-07   20.00
  89   -88.0000    -200.000 0.0464   0.2725E-06  0.1168E-04 -0.2725E-06  0.0000E+00      -1  -0.109E-07   20.00
  90   -89.0000    -200.000 0.0464   0.2725E-06  0.1168E-04 -0.2725E-06  0.0000E+00      -1  -0.109E-07   20.00
  91   -90.0000    -200.000 0.0464   0.2725E-06  0.1168E-04 -0.2725E-06  0.0000E+00      -1  -0.109E-07   20.00
  92   -91.0000    -200.000 0.0464   0.2725E-06  0.1168E-04 -0.2725E-06  0.0000E+00      -1  -0.109E-07   20.00
  93   -92.0000    -200.000 0.0464   0.2725E-06  0.1168E-04 -0.2725E-06  0.0000E+00      -1  -0.109E-07   20.00
  94   -93.0000    -200.000 0.0464   0.2725E-06  0.1168E-04 -0.2725E-06  0.0000E+00      -1  -0.109E-07   20.00
  95   -94.0000    -200.000 0.0464   0.2725E-06  0.1168E-04 -0.2725E-06  0.0000E+00      -1  -0.109E-07   20.00
  96   -95.0000    -200.000 0.0464   0.2725E-06  0.1168E-04 -0.2725E-06  0.0000E+00      -1  -0.109E-07   20.00
  97   -96.0000    -200.000 0.0464   0.2725E-06  0.1168E-04 -0.2725E-06  0.0000E+00      -1  -0.109E-07   20.00
  98   -97.0000    -200.000 0.0464   0.2725E-06  0.1168E-04 -0.2725E-06  0.0000E+00      -1  -0.109E-07   20.00
  99   -98.0000    -200.000 0.0464   0.2725E-06  0.1168E-04 -0.2725E-06  0.0000E+00      -1  -0.109E-07   20.00
 100   -99.0000    -200.000 0.0464   0.2725E-06  0.1168E-04 -0.2725E-06  0.0000E+00      -1  -0.109E-07   20.00
 101  -100.0000    -200.000 0.0464   0.2725E-06  0.1168E-04 -0.2725E-06  0.0000E+00      -1  -0.109E-07   20.00
end


 Time:        0.6500


 Node      Depth      Head Moisture       K          C         Flux        Sink         Kappa   v/KsTop   Temp
           [L]        [L]    [-]        [L/T]      [1/L]      [L/T]        [1/T]         [-]      [-]      [C]

   1     0.0000       0.000 0.4300   0.2496E+02  0.0000E+00 -0.2492E+02  0.0000E+00      -1  -0.999E+00   20.00
   2    -1.0000       0.001 0.4300   0.2496E+02  0.0000E+00 -0.2492E+02  0.0000E+00      -1  -0.999E+00   20.00
   3    -2.0000       0.003 0.4300   0.2496E+02  0.0000E+00 -0.2492E+02  0.0000E+00      -1  -0.999E+00   20.00
   4    -3.0000       0.004 0.4300   0.2496E+02  0.0000E+00 -0.2493E+02  0.0000E+00      -1  -0.999E+00   20.00
   5    -4.0000       0.006 0.4300   0.2496E+02  0.0000E+00 -0.2493E+02  0.0000E+00      -1  -0.999E+00   20.00
   6    -5.0000       0.007 0.4300   0.2496E+02  0.0000E+00 -0.2493E+02  0.0000E+00      -1  -0.999E+00   20.00
   7    -6.0000       0.008 0.4300   0.2496E+02  0.0000E+00 -0.2493E+02  0.0000E+00      -1  -0.999E+00   20.00
   8    -7.0000       0.009 0.4300   0.2496E+02  0.0000E+00 -0.2493E+02  0.0000E+00      -1  -0.999E+00   20.00
   9    -8.0000       0.010 0.4300   0.2496E+02  0.0000E+00 -0.2493E+02  0.0000E+00      -1  -0.999E+00   20.00
  10    -9.0000       0.011 0.4300   0.2496E+02  0.0000E+00 -0.2494E+02  0.0000E+00      -1  -0.999E+00   20.00
  11   -10.0000       0.012 0.4300   0.2496E+02  0.0000E+00 -0.2494E+02  0.0000E+00      -1  -0.999E+00   20.00
  12   -11.0000       0.013 0.4300   0.2496E+02  0.0000E+00 -0.2494E+02  0.0000E+00      -1  -0.999E+00   20.00
  13   -12.0000       0.014 0.4300   0.2496E+02  0.0000E+00 -0.2494E+02  0.0000E+00      -1  -0.999E+00   20.00
  14   -13.0000       0.015 0.4300   0.2496E+02  0.0000E+00 -0.2493E+02  0.0000E+00      -1  -0.999E+00   20.00
  15   -14.0000       0.016 0.4300   0.2496E+02  0.0000E+00 -0.2493E+02  0.0000E+00      -1  -0.999E+00   20.00
  16   -15.0000       0.018 0.4300   0.2496E+02  0.0000E+00 -0.2492E+02  0.0000E+00      -1  -0.999E+00   20.00
  17   -16.0000       0.019 0.4300   0.2496E+02  0.0000E+00 -0.2492E+02  0.0000E+00      -1  -0.998E+00   20.00
  18   -17.0000       0.016 0.4300   0.2469E+02  0.3880E-04 -0.2491E+02  0.0000E+00      -1  -0.998E+00   20.00
  19   -18.0000       0.002 0.4300   0.2446E+02  0.7181E-04 -0.2490E+02  0.0000E+00      -1  -0.997E+00   20.00
  20   -19.0000      -0.039 0.4300   0.2337E+02  0.2296E-03 -0.2488E+02  0.0000E+00      -1  -0.997E+00   20.00
  21   -20.0000      -0.131 0.4300   0.2215E+02  0.4111E-03 -0.2484E+02  0.0000E+00      -1  -0.995E+00   20.00
  22   -21.0000      -0.282 0.4299   0.2099E+02  0.5878E-03 -0.2481E+02  0.0000E+00      -1  -0.994E+00   20.00
  23   -22.0000      -0.498 0.4298   0.1978E+02  0.7770E-03 -0.2478E+02  0.0000E+00      -1  -0.993E+00   20.00
  24   -23.0000      -0.793 0.4295   0.1848E+02  0.9839E-03 -0.2476E+02  0.0000E+00      -1  -0.992E+00   20.00
  25   -24.0000      -1.185 0.4291   0.1708E+02  0.1214E-02 -0.2477E+02  0.0000E+00      -1  -0.992E+00   20.00
  26   -25.0000      -1.703 0.4284   0.1557E+02  0.1467E-02 -0.2479E+02  0.0000E+00      -1  -0.993E+00   20.00
  27   -26.0000      -2.384 0.4273   0.1394E+02  0.1745E-02 -0.2482E+02  0.0000E+00      -1  -0.994E+00   20.00
  28   -27.0000      -3.284 0.4256   0.1222E+02  0.2043E-02 -0.2486E+02  0.0000E+00      -1  -0.996E+00   20.00
  29   -28.0000      -4.488 0.4229   0.1035E+02  0.2365E-02 -0.2489E+02  0.0000E+00      -1  -0.997E+00   20.00
  30   -29.0000      -6.143 0.4187   0.8408E+01  0.2689E-02 -0.2491E+02  0.0000E+00      -1  -0.998E+00   20.00
  31   -30.0000      -8.511 0.4119   0.6392E+01  0.2986E-02 -0.2493E+02  0.0000E+00      -1  -0.999E+00   20.00
  32   -31.0000      -9.103 0.2349   0.2492E+02  0.2365E-01 -0.2493E+02  0.0000E+00      -1  -0.999E+00   20.00
  33   -32.0000      -9.103 0.2349   0.2492E+02  0.2365E-01 -0.2493E+02  0.0000E+00      -1  -0.999E+00   20.00
  34   -33.0000      -9.104 0.2349   0.2491E+02  0.2365E-01 -0.2492E+02  0.0000E+00      -1  -0.998E+00   20.00
  35   -34.0000      -9.104 0.2349   0.2491E+02  0.2365E-01 -0.2491E+02  0.0000E+00      -1  -0.998E+00   20.00
  36   -35.0000      -9.104 0.2349   0.2490E+02  0.2365E-01 -0.2491E+02  0.0000E+00      -1  -0.998E+00   20.00
  37   -36.0000      -9.104 0.2349   0.2490E+02  0.2365E-01 -0.2490E+02  0.0000E+00      -1  -0.998E+00   20.00
  38   -37.0000      -9.104 0.2349   0.2490E+02  0.2365E-01 -0.2490E+02  0.0000E+00      -1  -0.998E+00   20.00
  39   -38.0000      -9.104 0.2349   0.2490E+02  0.2365E-01 -0.2490E+02  0.0000E+00      -1  -0.998E+00   20.00
  40   -39.0000      -9.104 0.2349   0.2490E+02  0.2365E-01 -0.2490E+02  0.0000E+00      -1  -0.998E+00   20.00
  41   -40.0000      -9.104 0.2349   0.2490E+02  0.2365E-01 -0.2490E+02  0.0000E+00      -1  -0.998E+00   20.00
  42   -41.0000      -9.104 0.2349   0.2490E+02  0.2365E-01 -0.2490E+02  0.0000E+00      -1  -0.998E+00   20.00
  43   -42.0000      -9.104 0.2349   0.2490E+02  0.2365E-01 -0.2490E+02  0.0000E+00      -1  -0.998E+00   20.00
  44   -43.0000      -9.104 0.2349   0.2490E+02  0.2365E-01 -0.2490E+02  0.0000E+00      -1  -0.998E+00   20.00
  45   -44.0000      -9.104 0.2349   0.2490E+02  0.2365E-01 -0.2490E+02  0.0000E+00      -1  -0.998E+00   20.00
  46   -45.0000      -9.104 0.2349   0.2490E+02  0.2365E-01 -0.2490E+02  0.0000E+00      -1  -0.998E+00   20.00
  47   -46.0000      -9.104 0.2349   0.2490E+02  0.2365E-01 -0.2490E+02  0.0000E+00      -1  -0.998E+00   20.00
  48   -47.0000      -9.104 0.2349   0.2490E+02  0.2365E-01 -0.2490E+02  0.0000E+00      -1  -0.998E+00   20.00
  49   -48.0000      -9.105 0.2349   0.2490E+02  0.2365E-01 -0.2490E+02  0.0000E+00      -1  -0.998E+00   20.00
  50   -49.0000      -9.105 0.2349   0.2490E+02  0.2365E-01 -0.2490E+02  0.0000E+00      -1  -0.998E+00   20.00
  51   -50.0000      -9.105 0.2349   0.2490E+02  0.2365E-01 -0.2490E+02  0.0000E+00      -1  -0.997E+00   20.00
  52   -51.0000      -9.105 0.2349   0.2490E+02  0.2365E-01 -0.2490E+02  0.0000E+00      -1  -0.997E+00   20.00
  53   -52.0000      -9.105 0.2349   0.2490E+02  0.2365E-01 -0.2490E+02  0.0000E+00      -1  -0.997E+00   20.00
  54   -53.0000      -9.105 0.2348   0.2489E+02  0.2365E-01 -0.2490E+02  0.0000E+00      -1  -0.997E+00   20.00
  55   -54.0000      -9.105 0.2348   0.2489E+02  0.2365E-01 -0.2489E+02  0.0000E+00      -1  -0.997E+00   20.00
  56   -55.0000      -9.105 0.2348   0.2489E+02  0.2365E-01 -0.2489E+02  0.0000E+00      -1  -0.997E+00   20.00
  57   -56.0000      -9.105 0.2348   0.2489E+02  0.2365E-01 -0.2489E+02  0.0000E+00      -1  -0.997E+00   20.00
  58   -57.0000      -9.105 0.2348   0.2489E+02  0.2365E-01 -0.2489E+02  0.0000E+00      -1  -0.997E+00   20.00
  59   -58.0000      -9.105 0.2348   0.2489E+02  0.2365E-01 -0.2489E+02  0.0000E+00      -1  -0.997E+00   20.00
  60   -59.0000      -9.105 0.2348   0.2489E+02  0.2365E-01 -0.2489E+02  0.0000E+00      -1  -0.997E+00   20.00
  61   -60.0000      -9.105 0.2348   0.2489E+02  0.2365E-01 -0.2489E+02  0.0000E+00      -1  -0.997E+00   20.00
  62   -61.0000      -9.105 0.2348   0.2489E+02  0.2365E-01 -0.2489E+02  0.0000E+00      -1  -0.997E+00   20.00
  63   -62.0000      -9.105 0.2348   0.2489E+02  0.2365E-01 -0.2489E+02  0.0000E+00      -1  -0.997E+00   20.00
  64   -63.0000      -9.105 0.2348   0.2489E+02  0.2365E-01 -0.2489E+02  0.0000E+00      -1  -0.997E+00   20.00
  65   -64.0000      -9.105 0.2348   0.2489E+02  0.2365E-01 -0.2489E+02  0.0000E+00      -1  -0.997E+00   20.00
  66   -65.0000      -9.105 0.2348   0.2489E+02  0.2365E-01 -0.2489E+02  0.0000E+00      -1  -0.997E+00   20.00
  67   -66.0000      -9.105 0.2348   0.2489E+02  0.2365E-01 -0.2489E+02  0.0000E+00      -1  -0.997E+00   20.00
  68   -67.0000      -9.105 0.2348   0.2489E+02  0.2365E-01 -0.2489E+02  0.0000E+00      -1  -0.997E+00   20.00
  69   -68.0000      -9.105 0.2348   0.2488E+02  0.2365E-01 -0.2489E+02  0.0000E+00      -1  -0.997E+00   20.00
  70   -69.0000      -9.105 0.2348   0.2488E+02  0.2365E-01 -0.2489E+02  0.0000E+00      -1  -0.997E+00   20.00
  71   -70.0000      -9.106 0.2348   0.2487E+02  0.2364E-01 -0.2489E+02  0.0000E+00      -1  -0.997E+00   20.00
  72   -71.0000      -9.107 0.2348   0.2486E+02  0.2364E-01 -0.2488E+02  0.0000E+00      -1  -0.997E+00   20.00
  73   -72.0000      -9.108 0.2348   0.2483E+02  0.2364E-01 -0.2488E+02  0.0000E+00      -1  -0.997E+00   20.00
  74   -73.0000      -9.111 0.2347   0.2479E+02  0.2363E-01 -0.2487E+02  0.0000E+00      -1  -0.996E+00   20.00
  75   -74.0000      -9.115 0.2346   0.2470E+02  0.2361E-01 -0.2485E+02  0.0000E+00      -1  -0.996E+00   20.00
  76   -75.0000      -9.124 0.2343   0.2455E+02  0.2359E-01 -0.2482E+02  0.0000E+00      -1  -0.994E+00   20.00
  77   -76.0000      -9.141 0.2339   0.2425E+02  0.2353E-01 -0.2476E+02  0.0000E+00      -1  -0.992E+00   20.00
  78   -77.0000      -9.172 0.2331   0.2370E+02  0.2343E-01 -0.2465E+02  0.0000E+00      -1  -0.987E+00   20.00
  79   -78.0000      -9.233 0.2315   0.2261E+02  0.2324E-01 -0.2440E+02  0.0000E+00      -1  -0.978E+00   20.00
  80   -79.0000      -9.349 0.2286   0.2082E+02  0.2287E-01 -0.2404E+02  0.0000E+00      -1  -0.963E+00   20.00
  81   -80.0000      -9.523 0.2253   0.1980E+02  0.2236E-01 -0.2361E+02  0.0000E+00      -1  -0.946E+00   20.00
  82   -81.0000      -9.743 0.2211   0.1853E+02  0.2172E-01 -0.2306E+02  0.0000E+00      -1  -0.924E+00   20.00
  83   -82.0000     -10.029 0.2156   0.1686E+02  0.2089E-01 -0.2235E+02  0.0000E+00      -1  -0.896E+00   20.00
  84   -83.0000     -10.427 0.2079   0.1453E+02  0.1972E-01 -0.2135E+02  0.0000E+00      -1  -0.855E+00   20.00
  85   -84.0000     -11.063 0.1957   0.1083E+02  0.1787E-01 -0.1946E+02  0.0000E+00      -1  -0.780E+00   20.00
  86   -85.0000     -12.223 0.1765   0.6005E+01  0.1493E-01 -0.1625E+02  0.0000E+00      -1  -0.651E+00   20.00
  87   -86.0000     -14.827 0.1437   0.1942E+01  0.9914E-02 -0.1183E+02  0.0000E+00      -1  -0.474E+00   20.00
  88   -87.0000     -22.479 0.0976   0.2148E+00  0.3854E-02 -0.6430E+01  0.0000E+00      -1  -0.258E+00   20.00
  89   -88.0000     -54.188 0.0574   0.1042E-02  0.3967E-03 -0.1801E+01  0.0000E+00      -1  -0.722E-01   20.00
  90   -89.0000    -191.508 0.0464   0.3188E-06  0.1272E-04 -0.3604E-01  0.0000E+00      -1  -0.144E-02   20.00
  91   -90.0000    -200.000 0.0464   0.2725E-06  0.1168E-04 -0.1539E-05  0.0000E+00      -1  -0.617E-07   20.00
  92   -91.0000    -200.000 0.0464   0.2725E-06  0.1168E-04 -0.2724E-06  0.0000E+00      -1  -0.109E-07   20.00
  93   -92.0000    -200.000 0.0464   0.2725E-06  0.1168E-04 -0.2725E-06  0.0000E+00      -1  -0.109E-07   20.00
  94   -93.0000    -200.000 0.0464   0.2725E-06  0.1168E-04 -0.2725E-06  0.0000E+00      -1  -0.109E-07   20.00
  95   -94.0000    -200.000 0.0464   0.2725E-06  0.1168E-04 -0.2725E-06  0.0000E+00      -1  -0.109E-07   20.00
  96   -95.0000    -200.000 0.0464   0.2725E-06  0.1168E-04 -0.2725E-06  0.0000E+00      -1  -0.109E-07   20.00
  97   -96.0000    -200.000 0.0464   0.2725E-06  0.1168E-04 -0.2725E-06  0.0000E+00      -1  -0.109E-07   20.00
  98   -97.0000    -200.000 0.0464   0.2725E-06  0.1168E-04 -0.2725E-06  0.0000E+00      -1  -0.109E-07   20.00
  99   -98.0000    -200.000 0.0464   0.2725E-06  0.1168E-04 -0.2725E-06  0.0000E+00      -1  -0.109E-07   20.00
 100   -99.0000    -200.000 0.0464   0.2725E-06  0.1168E-04 -0.2725E-06  0.0000E+00      -1  -0.109E-07   20.00
 101  -100.0000    -200.000 0.0464   0.2725E-06  0.1168E-04 -0.2725E-06  0.0000E+00      -1  -0.109E-07   20.00
end


 Time:        0.7000


 Node      Depth      Head Moisture       K          C         Flux        Sink         Kappa   v/KsTop   Temp
           [L]        [L]    [-]        [L/T]      [1/L]      [L/T]        [1/T]         [-]      [-]      [C]

   1     0.0000       0.000 0.4300   0.2496E+02  0.0000E+00 -0.2498E+02  0.0000E+00      -1  -0.100E+01   20.00
   2    -1.0000      -0.001 0.4300   0.2496E+02  0.6960E-06 -0.2498E+02  0.0000E+00      -1  -0.100E+01   20.00
   3    -2.0000      -0.002 0.4300   0.2495E+02  0.1026E-05 -0.2498E+02  0.0000E+00      -1  -0.100E+01   20.00
   4    -3.0000      -0.003 0.4300   0.2495E+02  0.1286E-05 -0.2498E+02  0.0000E+00      -1  -0.100E+01   20.00
   5    -4.0000      -0.004 0.4300   0.2495E+02  0.1512E-05 -0.2498E+02  0.0000E+00      -1  -0.100E+01   20.00
   6    -5.0000      -0.005 0.4300   0.2495E+02  0.1713E-05 -0.2498E+02  0.0000E+00      -1  -0.100E+01   20.00
   7    -6.0000      -0.006 0.4300   0.2495E+02  0.1896E-05 -0.2498E+02  0.0000E+00      -1  -0.100E+01   20.00
   8    -7.0000      -0.007 0.4300   0.2495E+02  0.2068E-05 -0.2498E+02  0.0000E+00      -1  -0.100E+01   20.00
   9    -8.0000      -0.008 0.4300   0.2494E+02  0.2229E-05 -0.2498E+02  0.0000E+00      -1  -0.100E+01   20.00
  10    -9.0000      -0.010 0.4300   0.2494E+02  0.2380E-05 -0.2498E+02  0.0000E+00      -1  -0.100E+01   20.00
  11   -10.0000      -0.011 0.4300   0.2494E+02  0.2525E-05 -0.2498E+02  0.0000E+00      -1  -0.100E+01   20.00
  12   -11.0000      -0.012 0.4300   0.2494E+02  0.2665E-05 -0.2498E+02  0.0000E+00      -1  -0.100E+01   20.00
  13   -12.0000      -0.014 0.4300   0.2494E+02  0.2796E-05 -0.2498E+02  0.0000E+00      -1  -0.100E+01   20.00
  14   -13.0000      -0.015 0.4300   0.2494E+02  0.2926E-05 -0.2498E+02  0.0000E+00      -1  -0.100E+01   20.00
  15   -14.0000      -0.017 0.4300   0.2494E+02  0.3050E-05 -0.2498E+02  0.0000E+00      -1  -0.100E+01   20.00
  16   -15.0000      -0.018 0.4300   0.2494E+02  0.3168E-05 -0.2498E+02  0.0000E+00      -1  -0.100E+01   20.00
  17   -16.0000      -0.020 0.4300   0.2494E+02  0.3286E-05 -0.2498E+02  0.0000E+00      -1  -0.100E+01   20.00
  18   -17.0000      -0.021 0.4300   0.2494E+02  0.3403E-05 -0.2498E+02  0.0000E+00      -1  -0.100E+01   20.00
  19   -18.0000      -0.032 0.4300   0.2447E+02  0.6986E-04 -0.2498E+02  0.0000E+00      -1  -0.100E+01   20.00
  20   -19.0000      -0.069 0.4300   0.2371E+02  0.1797E-03 -0.2498E+02  0.0000E+00      -1  -0.100E+01   20.00
  21   -20.0000      -0.148 0.4300   0.2261E+02  0.3415E-03 -0.2499E+02  0.0000E+00      -1  -0.100E+01   20.00
  22   -21.0000      -0.285 0.4299   0.2136E+02  0.5303E-03 -0.2499E+02  0.0000E+00      -1  -0.100E+01   20.00
  23   -22.0000      -0.492 0.4298   0.2004E+02  0.7349E-03 -0.2499E+02  0.0000E+00      -1  -0.100E+01   20.00
  24   -23.0000      -0.783 0.4295   0.1865E+02  0.9567E-03 -0.2498E+02  0.0000E+00      -1  -0.100E+01   20.00
  25   -24.0000      -1.178 0.4291   0.1717E+02  0.1199E-02 -0.2496E+02  0.0000E+00      -1  -0.100E+01   20.00
  26   -25.0000      -1.700 0.4284   0.1561E+02  0.1459E-02 -0.2494E+02  0.0000E+00      -1  -0.999E+00   20.00
  27   -26.0000      -2.386 0.4273   0.1395E+02  0.1743E-02 -0.2491E+02  0.0000E+00      -1  -0.998E+00   20.00
  28   -27.0000      -3.290 0.4256   0.1221E+02  0.2044E-02 -0.2489E+02  0.0000E+00      -1  -0.997E+00   20.00
  29   -28.0000      -4.497 0.4229   0.1034E+02  0.2367E-02 -0.2488E+02  0.0000E+00      -1  -0.997E+00   20.00
  30   -29.0000      -6.152 0.4187   0.8399E+01  0.2690E-02 -0.2487E+02  0.0000E+00      -1  -0.996E+00   20.00
  31   -30.0000      -8.515 0.4119   0.6389E+01  0.2987E-02 -0.2487E+02  0.0000E+00      -1  -0.996E+00   20.00
  32   -31.0000      -9.105 0.2348   0.2488E+02  0.2365E-01 -0.2487E+02  0.0000E+00      -1  -0.996E+00   20.00
  33   -32.0000      -9.105 0.2349   0.2490E+02  0.2365E-01 -0.2488E+02  0.0000E+00      -1  -0.997E+00   20.00
  34   -33.0000      -9.104 0.2349   0.2490E+02  0.2365E-01 -0.2489E+02  0.0000E+00      -1  -0.997E+00   20.00
  35   -34.0000      -9.104 0.2349   0.2491E+02  0.2365E-01 -0.2490E+02  0.0000E+00      -1  -0.998E+00   20.00
  36   -35.0000      -9.104 0.2349   0.2491E+02  0.2365E-01 -0.2491E+02  0.0000E+00      -1  -0.998E+00   20.00
  37   -36.0000      -9.104 0.2349   0.2492E+02  0.2365E-01 -0.2491E+02  0.0000E+00      -1  -0.998E+00   20.00
  38   -37.0000      -9.103 0.2349   0.2492E+02  0.2365E-01 -0.2492E+02  0.0000E+00      -1  -0.998E+00   20.00
  39   -38.0000      -9.103 0.2349   0.2492E+02  0.2365E-01 -0.2492E+02  0.0000E+00      -1  -0.998E+00   20.00
  40   -39.0000      -9.104 0.2349   0.2492E+02  0.2365E-01 -0.2492E+02  0.0000E+00      -1  -0.998E+00   20.00
  41   -40.0000      -9.104 0.2349   0.2491E+02  0.2365E-01 -0.2492E+02  0.0000E+00      -1  -0.998E+00   20.00
  42   -41.0000      -9.104 0.2349   0.2491E+02  0.2365E-01 -0.2491E+02  0.0000E+00      -1  -0.998E+00   20.00
  43   -42.0000      -9.104 0.2349   0.2491E+02  0.2365E-01 -0.2491E+02  0.0000E+00      -1  -0.998E+00   20.00
  44   -43.0000      -9.104 0.2349   0.2491E+02  0.2365E-01 -0.2491E+02  0.0000E+00      -1  -0.998E+00   20.00
  45   -44.0000      -9.104 0.2349   0.2491E+02  0.2365E-01 -0.2491E+02  0.0000E+00      -1  -0.998E+00   20.00
  46   -45.0000      -9.104 0.2349   0.2490E+02  0.2365E-01 -0.2491E+02  0.0000E+00      -1  -0.998E+00   20.00
  47   -46.0000      -9.104 0.2349   0.2490E+02  0.2365E-01 -0.2491E+02  0.0000E+00      -1  -0.998E+00   20.00
  48   -47.0000      -9.104 0.2349   0.2490E+02  0.2365E-01 -0.2490E+02  0.0000E+00      -1  -0.998E+00   20.00
  49   -48.0000      -9.104 0.2349   0.2490E+02  0.2365E-01 -0.2490E+02  0.0000E+00      -1  -0.998E+00   20.00
  50   -49.0000      -9.104 0.2349   0.2490E+02  0.2365E-01 -0.2490E+02  0.0000E+00      -1  -0.998E+00   20.00
  51   -50.0000      -9.104 0.2349   0.2490E+02  0.2365E-01 -0.2490E+02  0.0000E+00      -1  -0.998E+00   20.00
  52   -51.0000      -9.104 0.2349   0.2490E+02  0.2365E-01 -0.2490E+02  0.0000E+00      -1  -0.998E+00   20.00
  53   -52.0000      -9.104 0.2349   0.2490E+02  0.2365E-01 -0.2490E+02  0.0000E+00      -1  -0.998E+00   20.00
  54   -53.0000      -9.104 0.2349   0.2490E+02  0.2365E-01 -0.2490E+02  0.0000E+00      -1  -0.998E+00   20.00
  55   -54.0000      -9.104 0.2349   0.2490E+02  0.2365E-01 -0.2490E+02  0.0000E+00      -1  -0.998E+00   20.00
  56   -55.0000      -9.104 0.2349   0.2490E+02  0.2365E-01 -0.2490E+02  0.0000E+00      -1  -0.998E+00   20.00
  57   -56.0000      -9.104 0.2349   0.2490E+02  0.2365E-01 -0.2490E+02  0.0000E+00      -1  -0.998E+00   20.00
  58   -57.0000      -9.104 0.2349   0.2490E+02  0.2365E-01 -0.2490E+02  0.0000E+00      -1  -0.998E+00   20.00
  59   -58.0000      -9.104 0.2349   0.2490E+02  0.2365E-01 -0.2490E+02  0.0000E+00      -1  -0.998E+00   20.00
  60   -59.0000      -9.104 0.2349   0.2490E+02  0.2365E-01 -0.2490E+02  0.0000E+00      -1  -0.998E+00   20.00
  61   -60.0000      -9.104 0.2349   0.2490E+02  0.2365E-01 -0.2490E+02  0.0000E+00      -1  -0.998E+00   20.00
  62   -61.0000      -9.104 0.2349   0.2490E+02  0.2365E-01 -0.2490E+02  0.0000E+00      -1  -0.998E+00   20.00
  63   -62.0000      -9.104 0.2349   0.2490E+02  0.2365E-01 -0.2490E+02  0.0000E+00      -1  -0.998E+00   20.00
  64   -63.0000      -9.104 0.2349   0.2490E+02  0.2365E-01 -0.2490E+02  0.0000E+00      -1  -0.998E+00   20.00
  65   -64.0000      -9.104 0.2349   0.2490E+02  0.2365E-01 -0.2490E+02  0.0000E+00      -1  -0.998E+00   20.00
  66   -65.0000      -9.104 0.2349   0.2490E+02  0.2365E-01 -0.2490E+02  0.0000E+00      -1  -0.998E+00   20.00
  67   -66.0000      -9.104 0.2349   0.2490E+02  0.2365E-01 -0.2490E+02  0.0000E+00      -1  -0.998E+00   20.00
  68   -67.0000      -9.104 0.2349   0.2490E+02  0.2365E-01 -0.2490E+02  0.0000E+00      -1  -0.998E+00   20.00
  69   -68.0000      -9.104 0.2349   0.2490E+02  0.2365E-01 -0.2490E+02  0.0000E+00      -1  -0.998E+00   20.00
  70   -69.0000      -9.104 0.2349   0.2490E+02  0.2365E-01 -0.2490E+02  0.0000E+00      -1  -0.998E+00   20.00
  71   -70.0000      -9.104 0.2349   0.2490E+02  0.2365E-01 -0.2490E+02  0.0000E+00      -1  -0.998E+00   20.00
  72   -71.0000      -9.104 0.2349   0.2490E+02  0.2365E-01 -0.2490E+02  0.0000E+00      -1  -0.998E+00   20.00
  73   -72.0000      -9.104 0.2349   0.2490E+02  0.2365E-01 -0.2490E+02  0.0000E+00      -1  -0.998E+00   20.00
  74   -73.0000      -9.104 0.2349   0.2490E+02  0.2365E-01 -0.2490E+02  0.0000E+00      -1  -0.998E+00   20.00
  75   -74.0000      -9.104 0.2349   0.2490E+02  0.2365E-01 -0.2490E+02  0.0000E+00      -1  -0.998E+00   20.00
  76   -75.0000      -9.105 0.2349   0.2490E+02  0.2365E-01 -0.2490E+02  0.0000E+00      -1  -0.998E+00   20.00
  77   -76.0000      -9.105 0.2348   0.2489E+02  0.2365E-01 -0.2490E+02  0.0000E+00      -1  -0.998E+00   20.00
  78   -77.0000      -9.106 0.2348   0.2488E+02  0.2365E-01 -0.2490E+02  0.0000E+00      -1  -0.997E+00   20.00
  79   -78.0000      -9.107 0.2348   0.2486E+02  0.2364E-01 -0.2489E+02  0.0000E+00      -1  -0.997E+00   20.00
  80   -79.0000      -9.108 0.2348   0.2483E+02  0.2364E-01 -0.2489E+02  0.0000E+00      -1  -0.997E+00   20.00
  81   -80.0000      -9.112 0.2347   0.2477E+02  0.2363E-01 -0.2487E+02  0.0000E+00      -1  -0.997E+00   20.00
  82   -81.0000      -9.118 0.2345   0.2466E+02  0.2361E-01 -0.2485E+02  0.0000E+00      -1  -0.996E+00   20.00
  83   -82.0000      -9.129 0.2342   0.2446E+02  0.2357E-01 -0.2481E+02  0.0000E+00      -1  -0.994E+00   20.00
  84   -83.0000      -9.150 0.2337   0.2409E+02  0.2350E-01 -0.2473E+02  0.0000E+00      -1  -0.991E+00   20.00
  85   -84.0000      -9.191 0.2326   0.2337E+02  0.2337E-01 -0.2460E+02  0.0000E+00      -1  -0.985E+00   20.00
  86   -85.0000      -9.274 0.2304   0.2189E+02  0.2311E-01 -0.2431E+02  0.0000E+00      -1  -0.974E+00   20.00
  87   -86.0000      -9.413 0.2274   0.2045E+02  0.2269E-01 -0.2389E+02  0.0000E+00      -1  -0.957E+00   20.00
  88   -87.0000      -9.603 0.2238   0.1934E+02  0.2213E-01 -0.2339E+02  0.0000E+00      -1  -0.937E+00   20.00
  89   -88.0000      -9.842 0.2192   0.1795E+02  0.2143E-01 -0.2276E+02  0.0000E+00      -1  -0.912E+00   20.00
  90   -89.0000     -10.158 0.2131   0.1610E+02  0.2051E-01 -0.2194E+02  0.0000E+00      -1  -0.879E+00   20.00
  91   -90.0000     -10.611 0.2044   0.1346E+02  0.1919E-01 -0.2085E+02  0.0000E+00      -1  -0.836E+00   20.00
  92   -91.0000     -11.444 0.1884   0.8602E+01  0.1675E-01 -0.1904E+02  0.0000E+00      -1  -0.763E+00   20.00
  93   -92.0000     -13.158 0.1647   0.4546E+01  0.1313E-01 -0.1581E+02  0.0000E+00      -1  -0.633E+00   20.00
  94   -93.0000     -17.020 0.1269   0.1123E+01  0.7588E-02 -0.1068E+02  0.0000E+00      -1  -0.428E+00   20.00
  95   -94.0000     -29.008 0.0795   0.4352E-01  0.1990E-02 -0.4565E+01  0.0000E+00      -1  -0.183E+00   20.00
  96   -95.0000     -99.499 0.0494   0.2057E-04  0.7565E-04 -0.7786E+00  0.0000E+00      -1  -0.312E-01   20.00
  97   -96.0000    -199.898 0.0464   0.2729E-06  0.1169E-04 -0.5285E-03  0.0000E+00      -1  -0.212E-04   20.00
  98   -97.0000    -200.000 0.0464   0.2725E-06  0.1168E-04 -0.2865E-06  0.0000E+00      -1  -0.115E-07   20.00
  99   -98.0000    -200.000 0.0464   0.2725E-06  0.1168E-04 -0.2725E-06  0.0000E+00      -1  -0.109E-07   20.00
 100   -99.0000    -200.000 0.0464   0.2725E-06  0.1168E-04 -0.2725E-06  0.0000E+00      -1  -0.109E-07   20.00
 101  -100.0000    -200.000 0.0464   0.2725E-06  0.1168E-04 -0.2725E-06  0.0000E+00      -1  -0.109E-07   20.00
end


 Time:        0.7500


 Node      Depth      Head Moisture       K          C         Flux        Sink         Kappa   v/KsTop   Temp
           [L]        [L]    [-]        [L/T]      [1/L]      [L/T]        [1/T]         [-]      [-]      [C]

   1     0.0000       0.000 0.4300   0.2496E+02  0.0000E+00 -0.2502E+02  0.0000E+00      -1  -0.100E+01   20.00
   2    -1.0000      -0.002 0.4300   0.2496E+02  0.0000E+00 -0.2502E+02  0.0000E+00      -1  -0.100E+01   20.00
   3    -2.0000      -0.005 0.4300   0.2496E+02  0.0000E+00 -0.2502E+02  0.0000E+00      -1  -0.100E+01   20.00
   4    -3.0000      -0.007 0.4300   0.2496E+02  0.0000E+00 -0.2502E+02  0.0000E+00      -1  -0.100E+01   20.00
   5    -4.0000      -0.010 0.4300   0.2496E+02  0.0000E+00 -0.2502E+02  0.0000E+00      -1  -0.100E+01   20.00
   6    -5.0000      -0.012 0.4300   0.2496E+02  0.0000E+00 -0.2502E+02  0.0000E+00      -1  -0.100E+01   20.00
   7    -6.0000      -0.014 0.4300   0.2496E+02  0.0000E+00 -0.2502E+02  0.0000E+00      -1  -0.100E+01   20.00
   8    -7.0000      -0.017 0.4300   0.2496E+02  0.0000E+00 -0.2502E+02  0.0000E+00      -1  -0.100E+01   20.00
   9    -8.0000      -0.019 0.4300   0.2496E+02  0.0000E+00 -0.2502E+02  0.0000E+00      -1  -0.100E+01   20.00
  10    -9.0000      -0.021 0.4300   0.2496E+02  0.0000E+00 -0.2502E+02  0.0000E+00      -1  -0.100E+01   20.00
  11   -10.0000      -0.024 0.4300   0.2496E+02  0.0000E+00 -0.2502E+02  0.0000E+00      -1  -0.100E+01   20.00
  12   -11.0000      -0.026 0.4300   0.2496E+02  0.0000E+00 -0.2502E+02  0.0000E+00      -1  -0.100E+01   20.00
  13   -12.0000      -0.029 0.4300   0.2496E+02  0.0000E+00 -0.2502E+02  0.0000E+00      -1  -0.100E+01   20.00
  14   -13.0000      -0.031 0.4300   0.2496E+02  0.0000E+00 -0.2502E+02  0.0000E+00      -1  -0.100E+01   20.00
  15   -14.0000      -0.033 0.4300   0.2496E+02  0.0000E+00 -0.2502E+02  0.0000E+00      -1  -0.100E+01   20.00
  16   -15.0000      -0.036 0.4300   0.2496E+02  0.0000E+00 -0.2502E+02  0.0000E+00      -1  -0.100E+01   20.00
  17   -16.0000      -0.038 0.4300   0.2496E+02  0.0000E+00 -0.2502E+02  0.0000E+00      -1  -0.100E+01   20.00
  18   -17.0000      -0.040 0.4300   0.2496E+02  0.0000E+00 -0.2502E+02  0.0000E+00      -1  -0.100E+01   20.00
  19   -18.0000      -0.043 0.4300   0.2496E+02  0.0000E+00 -0.2502E+02  0.0000E+00      -1  -0.100E+01   20.00
  20   -19.0000      -0.067 0.4300   0.2387E+02  0.1561E-03 -0.2502E+02  0.0000E+00      -1  -0.100E+01   20.00
  21   -20.0000      -0.141 0.4300   0.2271E+02  0.3277E-03 -0.2501E+02  0.0000E+00      -1  -0.100E+01   20.00
  22   -21.0000      -0.275 0.4299   0.2143E+02  0.5202E-03 -0.2501E+02  0.0000E+00      -1  -0.100E+01   20.00
  23   -22.0000      -0.480 0.4298   0.2009E+02  0.7273E-03 -0.2501E+02  0.0000E+00      -1  -0.100E+01   20.00
  24   -23.0000      -0.769 0.4295   0.1869E+02  0.9501E-03 -0.2500E+02  0.0000E+00      -1  -0.100E+01   20.00
  25   -24.0000      -1.162 0.4291   0.1720E+02  0.1193E-02 -0.2500E+02  0.0000E+00      -1  -0.100E+01   20.00
  26   -25.0000      -1.684 0.4284   0.1564E+02  0.1454E-02 -0.2498E+02  0.0000E+00      -1  -0.100E+01   20.00
  27   -26.0000      -2.371 0.4273   0.1397E+02  0.1739E-02 -0.2497E+02  0.0000E+00      -1  -0.100E+01   20.00
  28   -27.0000      -3.276 0.4256   0.1223E+02  0.2042E-02 -0.2495E+02  0.0000E+00      -1  -0.100E+01   20.00
  29   -28.0000      -4.486 0.4229   0.1035E+02  0.2365E-02 -0.2494E+02  0.0000E+00      -1  -0.999E+00   20.00
  30   -29.0000      -6.144 0.4187   0.8405E+01  0.2689E-02 -0.2492E+02  0.0000E+00      -1  -0.999E+00   20.00
  31   -30.0000      -8.512 0.4119   0.6390E+01  0.2987E-02 -0.2491E+02  0.0000E+00      -1  -0.998E+00   20.00
  32   -31.0000      -9.105 0.2348   0.2488E+02  0.2365E-01 -0.2490E+02  0.0000E+00      -1  -0.998E+00   20.00
  33   -32.0000      -9.106 0.2348   0.2488E+02  0.2365E-01 -0.2489E+02  0.0000E+00      -1  -0.997E+00   20.00
  34   -33.0000      -9.106 0.2348   0.2487E+02  0.2364E-01 -0.2488E+02  0.0000E+00      -1  -0.997E+00   20.00
  35   -34.0000      -9.106 0.2348   0.2487E+02  0.2364E-01 -0.2487E+02  0.0000E+00      -1  -0.996E+00   20.00
  36   -35.0000      -9.106 0.2348   0.2487E+02  0.2364E-01 -0.2487E+02  0.0000E+00      -1  -0.996E+00   20.00
  37   -36.0000      -9.106 0.2348   0.2487E+02  0.2364E-01 -0.2487E+02  0.0000E+00      -1  -0.996E+00   20.00
  38   -37.0000      -9.106 0.2348   0.2487E+02  0.2364E-01 -0.2487E+02  0.0000E+00      -1  -0.996E+00   20.00
  39   -38.0000      -9.106 0.2348   0.2487E+02  0.2364E-01 -0.2487E+02  0.0000E+00      -1  -0.996E+00   20.00
  40   -39.0000      -9.106 0.2348   0.2488E+02  0.2365E-01 -0.2487E+02  0.0000E+00      -1  -0.996E+00   20.00
  41   -40.0000      -9.106 0.2348   0.2488E+02  0.2365E-01 -0.2488E+02  0.0000E+00      -1  -0.997E+00   20.00
  42   -41.0000      -9.105 0.2348   0.2488E+02  0.2365E-01 -0.2488E+02  0.0000E+00      -1  -0.997E+00   20.00
  43   -42.0000      -9.105 0.2348   0.2488E+02  0.2365E-01 -0.2488E+02  0.0000E+00      -1  -0.997E+00   20.00
  44   -43.0000      -9.105 0.2348   0.2489E+02  0.2365E-01 -0.2488E+02  0.0000E+00      -1  -0.997E+00   20.00
  45   -44.0000      -9.105 0.2348   0.2489E+02  0.2365E-01 -0.2488E+02  0.0000E+00      -1  -0.997E+00   20.00
  46   -45.0000      -9.105 0.2348   0.2489E+02  0.2365E-01 -0.2489E+02  0.0000E+00      -1  -0.997E+00   20.00
  47   -46.0000      -9.105 0.2348   0.2489E+02  0.2365E-01 -0.2489E+02  0.0000E+00      -1  -0.997E+00   20.00
  48   -47.0000      -9.105 0.2348   0.2489E+02  0.2365E-01 -0.2489E+02  0.0000E+00      -1  -0.997E+00   20.00
  49   -48.0000      -9.105 0.2348   0.2489E+02  0.2365E-01 -0.2489E+02  0.0000E+00      -1  -0.997E+00   20.00
  50   -49.0000      -9.105 0.2348   0.2489E+02  0.2365E-01 -0.2489E+02  0.0000E+00      -1  -0.997E+00   20.00
  51   -50.0000      -9.105 0.2348   0.2489E+02  0.2365E-01 -0.2489E+02  0.0000E+00      -1  -0.997E+00   20.00
  52   -51.0000      -9.105 0.2348   0.2489E+02  0.2365E-01 -0.2489E+02  0.0000E+00      -1  -0.997E+00   20.00
  53   -52.0000      -9.105 0.2348   0.2489E+02  0.2365E-01 -0.2489E+02  0.0000E+00      -1  -0.997E+00   20.00
  54   -53.0000      -9.105 0.2349   0.2490E+02  0.2365E-01 -0.2489E+02  0.0000E+00      -1  -0.997E+00   20.00
  55   -54.0000      -9.105 0.2349   0.2490E+02  0.2365E-01 -0.2489E+02  0.0000E+00      -1  -0.997E+00   20.00
  56   -55.0000      -9.105 0.2349   0.2490E+02  0.2365E-01 -0.2490E+02  0.0000E+00      -1  -0.997E+00   20.00
  57   -56.0000      -9.104 0.2349   0.2490E+02  0.2365E-01 -0.2490E+02  0.0000E+00      -1  -0.997E+00   20.00
  58   -57.0000      -9.104 0.2349   0.2490E+02  0.2365E-01 -0.2490E+02  0.0000E+00      -1  -0.997E+00   20.00
  59   -58.0000      -9.104 0.2349   0.2490E+02  0.2365E-01 -0.2490E+02  0.0000E+00      -1  -0.998E+00   20.00
  60   -59.0000      -9.104 0.2349   0.2490E+02  0.2365E-01 -0.2490E+02  0.0000E+00      -1  -0.998E+00   20.00
  61   -60.0000      -9.104 0.2349   0.2490E+02  0.2365E-01 -0.2490E+02  0.0000E+00      -1  -0.998E+00   20.00
  62   -61.0000      -9.104 0.2349   0.2490E+02  0.2365E-01 -0.2490E+02  0.0000E+00      -1  -0.998E+00   20.00
  63   -62.0000      -9.104 0.2349   0.2490E+02  0.2365E-01 -0.2490E+02  0.0000E+00      -1  -0.998E+00   20.00
  64   -63.0000      -9.104 0.2349   0.2490E+02  0.2365E-01 -0.2490E+02  0.0000E+00      -1  -0.998E+00   20.00
  65   -64.0000      -9.104 0.2349   0.2490E+02  0.2365E-01 -0.2490E+02  0.0000E+00      -1  -0.998E+00   20.00
  66   -65.0000      -9.104 0.2349   0.2490E+02  0.2365E-01 -0.2490E+02  0.0000E+00      -1  -0.998E+00   20.00
  67   -66.0000      -9.104 0.2349   0.2490E+02  0.2365E-01 -0.2490E+02  0.0000E+00      -1  -0.998E+00   20.00
  68   -67.0000      -9.104 0.2349   0.2490E+02  0.2365E-01 -0.2490E+02  0.0000E+00      -1  -0.998E+00   20.00
  69   -68.0000      -9.104 0.2349   0.2491E+02  0.2365E-01 -0.2490E+02  0.0000E+00      -1  -0.998E+00   20.00
  70   -69.0000      -9.104 0.2349   0.2491E+02  0.2365E-01 -0.2491E+02  0.0000E+00      -1  -0.998E+00   20.00
  71   -70.0000      -9.104 0.2349   0.2491E+02  0.2365E-01 -0.2491E+02  0.0000E+00      -1  -0.998E+00   20.00
  72   -71.0000      -9.104 0.2349   0.2491E+02  0.2365E-01 -0.2491E+02  0.0000E+00      -1  -0.998E+00   20.00
  73   -72.0000      -9.104 0.2349   0.2491E+02  0.2365E-01 -0.2491E+02  0.0000E+00      -1  -0.998E+00   20.00
  74   -73.0000      -9.104 0.2349   0.2491E+02  0.2365E-01 -0.2491E+02  0.0000E+00      -1  -0.998E+00   20.00
  75   -74.0000      -9.104 0.2349   0.2491E+02  0.2365E-01 -0.2491E+02  0.0000E+00      -1  -0.998E+00   20.00
  76   -75.0000      -9.104 0.2349   0.2491E+02  0.2365E-01 -0.2491E+02  0.0000E+00      -1  -0.998E+00   20.00
  77   -76.0000      -9.104 0.2349   0.2490E+02  0.2365E-01 -0.2491E+02  0.0000E+00      -1  -0.998E+00   20.00
  78   -77.0000      -9.104 0.2349   0.2490E+02  0.2365E-01 -0.2491E+02  0.0000E+00      -1  -0.998E+00   20.00
  79   -78.0000      -9.104 0.2349   0.2490E+02  0.2365E-01 -0.2490E+02  0.0000E+00      -1  -0.998E+00   20.00
  80   -79.0000      -9.104 0.2349   0.2490E+02  0.2365E-01 -0.2490E+02  0.0000E+00      -1  -0.998E+00   20.00
  81   -80.0000      -9.104 0.2349   0.2490E+02  0.2365E-01 -0.2490E+02  0.0000E+00      -1  -0.998E+00   20.00
  82   -81.0000      -9.104 0.2349   0.2490E+02  0.2365E-01 -0.2490E+02  0.0000E+00      -1  -0.998E+00   20.00
  83   -82.0000      -9.105 0.2349   0.2490E+02  0.2365E-01 -0.2490E+02  0.0000E+00      -1  -0.998E+00   20.00
  84   -83.0000      -9.105 0.2348   0.2489E+02  0.2365E-01 -0.2490E+02  0.0000E+00      -1  -0.998E+00   20.00
  85   -84.0000      -9.106 0.2348   0.2488E+02  0.2365E-01 -0.2490E+02  0.0000E+00      -1  -0.998E+00   20.00
  86   -85.0000      -9.107 0.2348   0.2485E+02  0.2364E-01 -0.2489E+02  0.0000E+00      -1  -0.997E+00   20.00
  87   -86.0000      -9.109 0.2347   0.2481E+02  0.2363E-01 -0.2488E+02  0.0000E+00      -1  -0.997E+00   20.00
  88   -87.0000      -9.114 0.2346   0.2474E+02  0.2362E-01 -0.2487E+02  0.0000E+00      -1  -0.996E+00   20.00
  89   -88.0000      -9.121 0.2344   0.2460E+02  0.2360E-01 -0.2484E+02  0.0000E+00      -1  -0.995E+00   20.00
  90   -89.0000      -9.136 0.2340   0.2434E+02  0.2355E-01 -0.2479E+02  0.0000E+00      -1  -0.993E+00   20.00
  91   -90.0000      -9.162 0.2333   0.2387E+02  0.2346E-01 -0.2468E+02  0.0000E+00      -1  -0.989E+00   20.00
  92   -91.0000      -9.214 0.2320   0.2296E+02  0.2330E-01 -0.2447E+02  0.0000E+00      -1  -0.980E+00   20.00
  93   -92.0000      -9.318 0.2293   0.2109E+02  0.2297E-01 -0.2413E+02  0.0000E+00      -1  -0.967E+00   20.00
  94   -93.0000      -9.482 0.2261   0.2005E+02  0.2249E-01 -0.2369E+02  0.0000E+00      -1  -0.949E+00   20.00
  95   -94.0000      -9.687 0.2221   0.1885E+02  0.2189E-01 -0.2314E+02  0.0000E+00      -1  -0.927E+00   20.00
  96   -95.0000      -9.950 0.2171   0.1732E+02  0.2112E-01 -0.2240E+02  0.0000E+00      -1  -0.897E+00   20.00
  97   -96.0000     -10.297 0.2104   0.1529E+02  0.2011E-01 -0.2132E+02  0.0000E+00      -1  -0.854E+00   20.00
  98   -97.0000     -10.789 0.2010   0.1243E+02  0.1867E-01 -0.1959E+02  0.0000E+00      -1  -0.785E+00   20.00
  99   -98.0000     -11.662 0.1842   0.7335E+01  0.1612E-01 -0.1678E+02  0.0000E+00      -1  -0.672E+00   20.00
 100   -99.0000     -13.216 0.1640   0.4456E+01  0.1302E-01 -0.1160E+02  0.0000E+00      -1  -0.465E+00   20.00
 101  -100.0000     -14.669 0.1457   0.2189E+01  0.1022E-01 -0.8151E+01  0.0000E+00      -1  -0.327E+00   20.00
end


 Time:        0.8000


 Node      Depth      Head Moisture       K          C         Flux        Sink         Kappa   v/KsTop   Temp
           [L]        [L]    [-]        [L/T]      [1/L]      [L/T]        [1/T]         [-]      [-]      [C]

   1     0.0000       0.000 0.4300   0.2496E+02  0.0000E+00 -0.2498E+02  0.0000E+00      -1  -0.100E+01   20.00
   2    -1.0000      -0.001 0.4300   0.2495E+02  0.1466E-05 -0.2498E+02  0.0000E+00      -1  -0.100E+01   20.00
   3    -2.0000      -0.002 0.4300   0.2494E+02  0.2405E-05 -0.2498E+02  0.0000E+00      -1  -0.100E+01   20.00
   4    -3.0000      -0.004 0.4300   0.2493E+02  0.3568E-05 -0.2498E+02  0.0000E+00      -1  -0.100E+01   20.00
   5    -4.0000      -0.005 0.4300   0.2493E+02  0.4976E-05 -0.2498E+02  0.0000E+00      -1  -0.100E+01   20.00
   6    -5.0000      -0.008 0.4300   0.2491E+02  0.6507E-05 -0.2498E+02  0.0000E+00      -1  -0.100E+01   20.00
   7    -6.0000      -0.011 0.4300   0.2490E+02  0.8104E-05 -0.2498E+02  0.0000E+00      -1  -0.100E+01   20.00
   8    -7.0000      -0.014 0.4300   0.2489E+02  0.9737E-05 -0.2498E+02  0.0000E+00      -1  -0.100E+01   20.00
   9    -8.0000      -0.018 0.4300   0.2488E+02  0.1124E-04 -0.2498E+02  0.0000E+00      -1  -0.100E+01   20.00
  10    -9.0000      -0.022 0.4300   0.2487E+02  0.1251E-04 -0.2498E+02  0.0000E+00      -1  -0.100E+01   20.00
  11   -10.0000      -0.026 0.4300   0.2487E+02  0.1339E-04 -0.2498E+02  0.0000E+00      -1  -0.100E+01   20.00
  12   -11.0000      -0.031 0.4300   0.2486E+02  0.1372E-04 -0.2498E+02  0.0000E+00      -1  -0.100E+01   20.00
  13   -12.0000      -0.035 0.4300   0.2487E+02  0.1319E-04 -0.2498E+02  0.0000E+00      -1  -0.100E+01   20.00
  14   -13.0000      -0.039 0.4300   0.2488E+02  0.1129E-04 -0.2498E+02  0.0000E+00      -1  -0.100E+01   20.00
  15   -14.0000      -0.042 0.4300   0.2491E+02  0.6487E-05 -0.2497E+02  0.0000E+00      -1  -0.100E+01   20.00
  16   -15.0000      -0.044 0.4300   0.2496E+02  0.0000E+00 -0.2497E+02  0.0000E+00      -1  -0.100E+01   20.00
  17   -16.0000      -0.044 0.4300   0.2496E+02  0.0000E+00 -0.2497E+02  0.0000E+00      -1  -0.100E+01   20.00
  18   -17.0000      -0.044 0.4300   0.2496E+02  0.0000E+00 -0.2496E+02  0.0000E+00      -1  -0.100E+01   20.00
  19   -18.0000      -0.053 0.4300   0.2452E+02  0.6270E-04 -0.2495E+02  0.0000E+00      -1  -0.100E+01   20.00
  20   -19.0000      -0.087 0.4300   0.2374E+02  0.1750E-03 -0.2495E+02  0.0000E+00      -1  -0.999E+00   20.00
  21   -20.0000      -0.163 0.4300   0.2263E+02  0.3394E-03 -0.2494E+02  0.0000E+00      -1  -0.999E+00   20.00
  22   -21.0000      -0.296 0.4299   0.2136E+02  0.5308E-03 -0.2492E+02  0.0000E+00      -1  -0.999E+00   20.00
  23   -22.0000      -0.500 0.4298   0.2003E+02  0.7368E-03 -0.2491E+02  0.0000E+00      -1  -0.998E+00   20.00
  24   -23.0000      -0.788 0.4295   0.1864E+02  0.9589E-03 -0.2490E+02  0.0000E+00      -1  -0.998E+00   20.00
  25   -24.0000      -1.180 0.4291   0.1716E+02  0.1200E-02 -0.2490E+02  0.0000E+00      -1  -0.998E+00   20.00
  26   -25.0000      -1.700 0.4284   0.1560E+02  0.1461E-02 -0.2489E+02  0.0000E+00      -1  -0.997E+00   20.00
  27   -26.0000      -2.384 0.4273   0.1394E+02  0.1744E-02 -0.2489E+02  0.0000E+00      -1  -0.997E+00   20.00
  28   -27.0000      -3.288 0.4256   0.1221E+02  0.2045E-02 -0.2488E+02  0.0000E+00      -1  -0.997E+00   20.00
  29   -28.0000      -4.495 0.4229   0.1034E+02  0.2368E-02 -0.2488E+02  0.0000E+00      -1  -0.997E+00   20.00
  30   -29.0000      -6.150 0.4187   0.8398E+01  0.2690E-02 -0.2487E+02  0.0000E+00      -1  -0.997E+00   20.00
  31   -30.0000      -8.514 0.4119   0.6388E+01  0.2987E-02 -0.2487E+02  0.0000E+00      -1  -0.996E+00   20.00
  32   -31.0000      -9.105 0.2348   0.2488E+02  0.2365E-01 -0.2487E+02  0.0000E+00      -1  -0.997E+00   20.00
  33   -32.0000      -9.105 0.2348   0.2489E+02  0.2365E-01 -0.2488E+02  0.0000E+00      -1  -0.997E+00   20.00
  34   -33.0000      -9.104 0.2349   0.2490E+02  0.2365E-01 -0.2489E+02  0.0000E+00      -1  -0.997E+00   20.00
  35   -34.0000      -9.104 0.2349   0.2490E+02  0.2365E-01 -0.2490E+02  0.0000E+00      -1  -0.998E+00   20.00
  36   -35.0000      -9.104 0.2349   0.2491E+02  0.2365E-01 -0.2490E+02  0.0000E+00      -1  -0.998E+00   20.00
  37   -36.0000      -9.104 0.2349   0.2491E+02  0.2365E-01 -0.2491E+02  0.0000E+00      -1  -0.998E+00   20.00
  38   -37.0000      -9.104 0.2349   0.2491E+02  0.2365E-01 -0.2491E+02  0.0000E+00      -1  -0.998E+00   20.00
  39   -38.0000      -9.104 0.2349   0.2491E+02  0.2365E-01 -0.2491E+02  0.0000E+00      -1  -0.998E+00   20.00
  40   -39.0000      -9.104 0.2349   0.2491E+02  0.2365E-01 -0.2491E+02  0.0000E+00      -1  -0.998E+00   20.00
  41   -40.0000      -9.104 0.2349   0.2491E+02  0.2365E-01 -0.2491E+02  0.0000E+00      -1  -0.998E+00   20.00
  42   -41.0000      -9.104 0.2349   0.2491E+02  0.2365E-01 -0.2491E+02  0.0000E+00      -1  -0.998E+00   20.00
  43   -42.0000      -9.104 0.2349   0.2491E+02  0.2365E-01 -0.2491E+02  0.0000E+00      -1  -0.998E+00   20.00
  44   -43.0000      -9.104 0.2349   0.2490E+02  0.2365E-01 -0.2491E+02  0.0000E+00      -1  -0.998E+00   20.00
  45   -44.0000      -9.104 0.2349   0.2490E+02  0.2365E-01 -0.2490E+02  0.0000E+00      -1  -0.998E+00   20.00
  46   -45.0000      -9.104 0.2349   0.2490E+02  0.2365E-01 -0.2490E+02  0.0000E+00      -1  -0.998E+00   20.00
  47   -46.0000      -9.104 0.2349   0.2490E+02  0.2365E-01 -0.2490E+02  0.0000E+00      -1  -0.998E+00   20.00
  48   -47.0000      -9.104 0.2349   0.2490E+02  0.2365E-01 -0.2490E+02  0.0000E+00      -1  -0.998E+00   20.00
  49   -48.0000      -9.104 0.2349   0.2490E+02  0.2365E-01 -0.2490E+02  0.0000E+00      -1  -0.998E+00   20.00
  50   -49.0000      -9.104 0.2349   0.2490E+02  0.2365E-01 -0.2490E+02  0.0000E+00      -1  -0.998E+00   20.00
  51   -50.0000      -9.104 0.2349   0.2490E+02  0.2365E-01 -0.2490E+02  0.0000E+00      -1  -0.998E+00   20.00
  52   -51.0000      -9.104 0.2349   0.2490E+02  0.2365E-01 -0.2490E+02  0.0000E+00      -1  -0.998E+00   20.00
  53   -52.0000      -9.104 0.2349   0.2490E+02  0.2365E-01 -0.2490E+02  0.0000E+00      -1  -0.998E+00   20.00
  54   -53.0000      -9.104 0.2349   0.2490E+02  0.2365E-01 -0.2490E+02  0.0000E+00      -1  -0.998E+00   20.00
  55   -54.0000      -9.104 0.2349   0.2490E+02  0.2365E-01 -0.2490E+02  0.0000E+00      -1  -0.998E+00   20.00
  56   -55.0000      -9.104 0.2349   0.2490E+02  0.2365E-01 -0.2490E+02  0.0000E+00      -1  -0.998E+00   20.00
  57   -56.0000      -9.104 0.2349   0.2490E+02  0.2365E-01 -0.2490E+02  0.0000E+00      -1  -0.998E+00   20.00
  58   -57.0000      -9.104 0.2349   0.2490E+02  0.2365E-01 -0.2490E+02  0.0000E+00      -1  -0.998E+00   20.00
  59   -58.0000      -9.104 0.2349   0.2490E+02  0.2365E-01 -0.2490E+02  0.0000E+00      -1  -0.998E+00   20.00
  60   -59.0000      -9.104 0.2349   0.2490E+02  0.2365E-01 -0.2490E+02  0.0000E+00      -1  -0.998E+00   20.00
  61   -60.0000      -9.105 0.2349   0.2490E+02  0.2365E-01 -0.2490E+02  0.0000E+00      -1  -0.998E+00   20.00
  62   -61.0000      -9.105 0.2349   0.2490E+02  0.2365E-01 -0.2490E+02  0.0000E+00      -1  -0.997E+00   20.00
  63   -62.0000      -9.105 0.2349   0.2489E+02  0.2365E-01 -0.2490E+02  0.0000E+00      -1  -0.997E+00   20.00
  64   -63.0000      -9.105 0.2348   0.2489E+02  0.2365E-01 -0.2490E+02  0.0000E+00      -1  -0.997E+00   20.00
  65   -64.0000      -9.105 0.2348   0.2489E+02  0.2365E-01 -0.2489E+02  0.0000E+00      -1  -0.997E+00   20.00
  66   -65.0000      -9.105 0.2348   0.2489E+02  0.2365E-01 -0.2489E+02  0.0000E+00      -1  -0.997E+00   20.00
  67   -66.0000      -9.105 0.2348   0.2489E+02  0.2365E-01 -0.2489E+02  0.0000E+00      -1  -0.997E+00   20.00
  68   -67.0000      -9.105 0.2348   0.2489E+02  0.2365E-01 -0.2489E+02  0.0000E+00      -1  -0.997E+00   20.00
  69   -68.0000      -9.105 0.2348   0.2489E+02  0.2365E-01 -0.2489E+02  0.0000E+00      -1  -0.997E+00   20.00
  70   -69.0000      -9.105 0.2348   0.2489E+02  0.2365E-01 -0.2489E+02  0.0000E+00      -1  -0.997E+00   20.00
  71   -70.0000      -9.105 0.2348   0.2489E+02  0.2365E-01 -0.2489E+02  0.0000E+00      -1  -0.997E+00   20.00
  72   -71.0000      -9.105 0.2348   0.2489E+02  0.2365E-01 -0.2489E+02  0.0000E+00      -1  -0.997E+00   20.00
  73   -72.0000      -9.105 0.2348   0.2489E+02  0.2365E-01 -0.2489E+02  0.0000E+00      -1  -0.997E+00   20.00
  74   -73.0000      -9.105 0.2348   0.2489E+02  0.2365E-01 -0.2489E+02  0.0000E+00      -1  -0.997E+00   20.00
  75   -74.0000      -9.105 0.2348   0.2489E+02  0.2365E-01 -0.2489E+02  0.0000E+00      -1  -0.997E+00   20.00
  76   -75.0000      -9.105 0.2348   0.2489E+02  0.2365E-01 -0.2489E+02  0.0000E+00      -1  -0.997E+00   20.00
  77   -76.0000      -9.105 0.2348   0.2489E+02  0.2365E-01 -0.2489E+02  0.0000E+00      -1  -0.997E+00   20.00
  78   -77.0000      -9.105 0.2348   0.2489E+02  0.2365E-01 -0.2489E+02  0.0000E+00      -1  -0.997E+00   20.00
  79   -78.0000      -9.105 0.2348   0.2489E+02  0.2365E-01 -0.2489E+02  0.0000E+00      -1  -0.997E+00   20.00
  80   -79.0000      -9.105 0.2348   0.2489E+02  0.2365E-01 -0.2489E+02  0.0000E+00      -1  -0.997E+00   20.00
  81   -80.0000      -9.105 0.2348   0.2489E+02  0.2365E-01 -0.2489E+02  0.0000E+00      -1  -0.997E+00   20.00
  82   -81.0000      -9.105 0.2348   0.2489E+02  0.2365E-01 -0.2489E+02  0.0000E+00      -1  -0.997E+00   20.00
  83   -82.0000      -9.105 0.2348   0.2489E+02  0.2365E-01 -0.2489E+02  0.0000E+00      -1  -0.997E+00   20.00
  84   -83.0000      -9.105 0.2348   0.2489E+02  0.2365E-01 -0.2489E+02  0.0000E+00      -1  -0.997E+00   20.00
  85   -84.0000      -9.105 0.2348   0.2489E+02  0.2365E-01 -0.2489E+02  0.0000E+00      -1  -0.997E+00   20.00
  86   -85.0000      -9.105 0.2348   0.2489E+02  0.2365E-01 -0.2489E+02  0.0000E+00      -1  -0.997E+00   20.00
  87   -86.0000      -9.105 0.2348   0.2489E+02  0.2365E-01 -0.2489E+02  0.0000E+00      -1  -0.997E+00   20.00
  88   -87.0000      -9.105 0.2348   0.2489E+02  0.2365E-01 -0.2489E+02  0.0000E+00      -1  -0.997E+00   20.00
  89   -88.0000      -9.105 0.2348   0.2489E+02  0.2365E-01 -0.2489E+02  0.0000E+00      -1  -0.997E+00   20.00
  90   -89.0000      -9.105 0.2348   0.2489E+02  0.2365E-01 -0.2489E+02  0.0000E+00      -1  -0.997E+00   20.00
  91   -90.0000      -9.105 0.2348   0.2489E+02  0.2365E-01 -0.2489E+02  0.0000E+00      -1  -0.997E+00   20.00
  92   -91.0000      -9.105 0.2348   0.2489E+02  0.2365E-01 -0.2489E+02  0.0000E+00      -1  -0.997E+00   20.00
  93   -92.0000      -9.105 0.2348   0.2489E+02  0.2365E-01 -0.2489E+02  0.0000E+00      -1  -0.997E+00   20.00
  94   -93.0000      -9.105 0.2348   0.2489E+02  0.2365E-01 -0.2489E+02  0.0000E+00      -1  -0.997E+00   20.00
  95   -94.0000      -9.105 0.2348   0.2488E+02  0.2365E-01 -0.2489E+02  0.0000E+00      -1  -0.997E+00   20.00
  96   -95.0000      -9.106 0.2348   0.2487E+02  0.2364E-01 -0.2488E+02  0.0000E+00      -1  -0.997E+00   20.00
  97   -96.0000      -9.106 0.2348   0.2486E+02  0.2364E-01 -0.2488E+02  0.0000E+00      -1  -0.997E+00   20.00
  98   -97.0000      -9.107 0.2348   0.2485E+02  0.2364E-01 -0.2487E+02  0.0000E+00      -1  -0.996E+00   20.00
  99   -98.0000      -9.108 0.2348   0.2484E+02  0.2364E-01 -0.2486E+02  0.0000E+00      -1  -0.996E+00   20.00
 100   -99.0000      -9.108 0.2348   0.2483E+02  0.2364E-01 -0.2484E+02  0.0000E+00      -1  -0.995E+00   20.00
 101  -100.0000      -9.109 0.2347   0.2483E+02  0.2364E-01 -0.2484E+02  0.0000E+00      -1  -0.995E+00   20.00
end


 Time:        0.8500


 Node      Depth      Head Moisture       K          C         Flux        Sink         Kappa   v/KsTop   Temp
           [L]        [L]    [-]        [L/T]      [1/L]      [L/T]        [1/T]         [-]      [-]      [C]

   1     0.0000       0.000 0.4300   0.2496E+02  0.0000E+00 -0.2500E+02  0.0000E+00      -1  -0.100E+01   20.00
   2    -1.0000      -0.002 0.4300   0.2496E+02  0.0000E+00 -0.2500E+02  0.0000E+00      -1  -0.100E+01   20.00
   3    -2.0000      -0.003 0.4300   0.2496E+02  0.0000E+00 -0.2500E+02  0.0000E+00      -1  -0.100E+01   20.00
   4    -3.0000      -0.005 0.4300   0.2496E+02  0.0000E+00 -0.2500E+02  0.0000E+00      -1  -0.100E+01   20.00
   5    -4.0000      -0.007 0.4300   0.2496E+02  0.0000E+00 -0.2500E+02  0.0000E+00      -1  -0.100E+01   20.00
   6    -5.0000      -0.009 0.4300   0.2496E+02  0.0000E+00 -0.2500E+02  0.0000E+00      -1  -0.100E+01   20.00
   7    -6.0000      -0.010 0.4300   0.2496E+02  0.0000E+00 -0.2500E+02  0.0000E+00      -1  -0.100E+01   20.00
   8    -7.0000      -0.012 0.4300   0.2496E+02  0.0000E+00 -0.2500E+02  0.0000E+00      -1  -0.100E+01   20.00
   9    -8.0000      -0.014 0.4300   0.2496E+02  0.0000E+00 -0.2500E+02  0.0000E+00      -1  -0.100E+01   20.00
  10    -9.0000      -0.016 0.4300   0.2496E+02  0.0000E+00 -0.2500E+02  0.0000E+00      -1  -0.100E+01   20.00
  11   -10.0000      -0.017 0.4300   0.2496E+02  0.0000E+00 -0.2500E+02  0.0000E+00      -1  -0.100E+01   20.00
  12   -11.0000      -0.019 0.4300   0.2496E+02  0.0000E+00 -0.2500E+02  0.0000E+00      -1  -0.100E+01   20.00
  13   -12.0000      -0.021 0.4300   0.2496E+02  0.0000E+00 -0.2500E+02  0.0000E+00      -1  -0.100E+01   20.00
  14   -13.0000      -0.022 0.4300   0.2496E+02  0.0000E+00 -0.2500E+02  0.0000E+00      -1  -0.100E+01   20.00
  15   -14.0000      -0.024 0.4300   0.2496E+02  0.0000E+00 -0.2500E+02  0.0000E+00      -1  -0.100E+01   20.00
  16   -15.0000      -0.025 0.4300   0.2496E+02  0.0000E+00 -0.2500E+02  0.0000E+00      -1  -0.100E+01   20.00
  17   -16.0000      -0.027 0.4300   0.2496E+02  0.0000E+00 -0.2499E+02  0.0000E+00      -1  -0.100E+01   20.00
  18   -17.0000      -0.028 0.4300   0.2496E+02  0.0000E+00 -0.2500E+02  0.0000E+00      -1  -0.100E+01   20.00
  19   -18.0000      -0.037 0.4300   0.2461E+02  0.4969E-04 -0.2500E+02  0.0000E+00      -1  -0.100E+01   20.00
  20   -19.0000      -0.070 0.4300   0.2382E+02  0.1645E-03 -0.2502E+02  0.0000E+00      -1  -0.100E+01   20.00
  21   -20.0000      -0.146 0.4300   0.2269E+02  0.3303E-03 -0.2503E+02  0.0000E+00      -1  -0.100E+01   20.00
  22   -21.0000      -0.281 0.4299   0.2140E+02  0.5241E-03 -0.2503E+02  0.0000E+00      -1  -0.100E+01   20.00
  23   -22.0000      -0.489 0.4298   0.2006E+02  0.7322E-03 -0.2501E+02  0.0000E+00      -1  -0.100E+01   20.00
  24   -23.0000      -0.780 0.4295   0.1866E+02  0.9554E-03 -0.2499E+02  0.0000E+00      -1  -0.100E+01   20.00
  25   -24.0000      -1.174 0.4291   0.1717E+02  0.1198E-02 -0.2496E+02  0.0000E+00      -1  -0.100E+01   20.00
  26   -25.0000      -1.695 0.4284   0.1562E+02  0.1458E-02 -0.2493E+02  0.0000E+00      -1  -0.999E+00   20.00
  27   -26.0000      -2.380 0.4273   0.1396E+02  0.1742E-02 -0.2491E+02  0.0000E+00      -1  -0.998E+00   20.00
  28   -27.0000      -3.283 0.4256   0.1222E+02  0.2043E-02 -0.2491E+02  0.0000E+00      -1  -0.998E+00   20.00
  29   -28.0000      -4.490 0.4229   0.1035E+02  0.2366E-02 -0.2490E+02  0.0000E+00      -1  -0.998E+00   20.00
  30   -29.0000      -6.146 0.4187   0.8404E+01  0.2689E-02 -0.2490E+02  0.0000E+00      -1  -0.998E+00   20.00
  31   -30.0000      -8.512 0.4119   0.6390E+01  0.2987E-02 -0.2490E+02  0.0000E+00      -1  -0.998E+00   20.00
  32   -31.0000      -9.104 0.2349   0.2490E+02  0.2365E-01 -0.2490E+02  0.0000E+00      -1  -0.998E+00   20.00
  33   -32.0000      -9.104 0.2349   0.2491E+02  0.2365E-01 -0.2490E+02  0.0000E+00      -1  -0.998E+00   20.00
  34   -33.0000      -9.104 0.2349   0.2491E+02  0.2365E-01 -0.2491E+02  0.0000E+00      -1  -0.998E+00   20.00
  35   -34.0000      -9.104 0.2349   0.2492E+02  0.2365E-01 -0.2491E+02  0.0000E+00      -1  -0.998E+00   20.00
  36   -35.0000      -9.103 0.2349   0.2492E+02  0.2365E-01 -0.2491E+02  0.0000E+00      -1  -0.998E+00   20.00
  37   -36.0000      -9.103 0.2349   0.2492E+02  0.2365E-01 -0.2492E+02  0.0000E+00      -1  -0.998E+00   20.00
  38   -37.0000      -9.103 0.2349   0.2492E+02  0.2365E-01 -0.2492E+02  0.0000E+00      -1  -0.998E+00   20.00
  39   -38.0000      -9.103 0.2349   0.2492E+02  0.2365E-01 -0.2492E+02  0.0000E+00      -1  -0.998E+00   20.00
  40   -39.0000      -9.103 0.2349   0.2492E+02  0.2365E-01 -0.2492E+02  0.0000E+00      -1  -0.999E+00   20.00
  41   -40.0000      -9.103 0.2349   0.2492E+02  0.2365E-01 -0.2492E+02  0.0000E+00      -1  -0.999E+00   20.00
  42   -41.0000      -9.103 0.2349   0.2492E+02  0.2365E-01 -0.2492E+02  0.0000E+00      -1  -0.999E+00   20.00
  43   -42.0000      -9.103 0.2349   0.2492E+02  0.2365E-01 -0.2492E+02  0.0000E+00      -1  -0.999E+00   20.00
  44   -43.0000      -9.103 0.2349   0.2492E+02  0.2365E-01 -0.2492E+02  0.0000E+00      -1  -0.999E+00   20.00
  45   -44.0000      -9.103 0.2349   0.2492E+02  0.2365E-01 -0.2492E+02  0.0000E+00      -1  -0.999E+00   20.00
  46   -45.0000      -9.103 0.2349   0.2492E+02  0.2365E-01 -0.2492E+02  0.0000E+00      -1  -0.999E+00   20.00
  47   -46.0000      -9.103 0.2349   0.2492E+02  0.2365E-01 -0.2492E+02  0.0000E+00      -1  -0.999E+00   20.00
  48   -47.0000      -9.103 0.2349   0.2492E+02  0.2365E-01 -0.2492E+02  0.0000E+00      -1  -0.998E+00   20.00
  49   -48.0000      -9.103 0.2349   0.2492E+02  0.2365E-01 -0.2492E+02  0.0000E+00      -1  -0.998E+00   20.00
  50   -49.0000      -9.103 0.2349   0.2492E+02  0.2365E-01 -0.2492E+02  0.0000E+00      -1  -0.998E+00   20.00
  51   -50.0000      -9.103 0.2349   0.2492E+02  0.2365E-01 -0.2492E+02  0.0000E+00      -1  -0.998E+00   20.00
  52   -51.0000      -9.103 0.2349   0.2492E+02  0.2365E-01 -0.2492E+02  0.0000E+00      -1  -0.998E+00   20.00
  53   -52.0000      -9.103 0.2349   0.2492E+02  0.2365E-01 -0.2492E+02  0.0000E+00      -1  -0.998E+00   20.00
  54   -53.0000      -9.104 0.2349   0.2491E+02  0.2365E-01 -0.2492E+02  0.0000E+00      -1  -0.998E+00   20.00
  55   -54.0000      -9.104 0.2349   0.2491E+02  0.2365E-01 -0.2492E+02  0.0000E+00      -1  -0.998E+00   20.00
  56   -55.0000      -9.104 0.2349   0.2491E+02  0.2365E-01 -0.2491E+02  0.0000E+00      -1  -0.998E+00   20.00
  57   -56.0000      -9.104 0.2349   0.2491E+02  0.2365E-01 -0.2491E+02  0.0000E+00      -1  -0.998E+00   20.00
  58   -57.0000      -9.104 0.2349   0.2491E+02  0.2365E-01 -0.2491E+02  0.0000E+00      -1  -0.998E+00   20.00
  59   -58.0000      -9.104 0.2349   0.2491E+02  0.2365E-01 -0.2491E+02  0.0000E+00      -1  -0.998E+00   20.00
  60   -59.0000      -9.104 0.2349   0.2491E+02  0.2365E-01 -0.2491E+02  0.0000E+00      -1  -0.998E+00   20.00
  61   -60.0000      -9.104 0.2349   0.2491E+02  0.2365E-01 -0.2491E+02  0.0000E+00      -1  -0.998E+00   20.00
  62   -61.0000      -9.104 0.2349   0.2491E+02  0.2365E-01 -0.2491E+02  0.0000E+00      -1  -0.998E+00   20.00
  63   -62.0000      -9.104 0.2349   0.2491E+02  0.2365E-01 -0.2491E+02  0.0000E+00      -1  -0.998E+00   20.00
  64   -63.0000      -9.104 0.2349   0.2491E+02  0.2365E-01 -0.2491E+02  0.0000E+00      -1  -0.998E+00   20.00
  65   -64.0000      -9.104 0.2349   0.2491E+02  0.2365E-01 -0.2491E+02  0.0000E+00      -1  -0.998E+00   20.00
  66   -65.0000      -9.104 0.2349   0.2491E+02  0.2365E-01 -0.2491E+02  0.0000E+00      -1  -0.998E+00   20.00
  67   -66.0000      -9.104 0.2349   0.2491E+02  0.2365E-01 -0.2491E+02  0.0000E+00      -1  -0.998E+00   20.00
  68   -67.0000      -9.104 0.2349   0.2491E+02  0.2365E-01 -0.2491E+02  0.0000E+00      -1  -0.998E+00   20.00
  69   -68.0000      -9.104 0.2349   0.2491E+02  0.2365E-01 -0.2491E+02  0.0000E+00      -1  -0.998E+00   20.00
  70   -69.0000      -9.104 0.2349   0.2491E+02  0.2365E-01 -0.2491E+02  0.0000E+00      -1  -0.998E+00   20.00
  71   -70.0000      -9.104 0.2349   0.2491E+02  0.2365E-01 -0.2491E+02  0.0000E+00      -1  -0.998E+00   20.00
  72   -71.0000      -9.104 0.2349   0.2491E+02  0.2365E-01 -0.2491E+02  0.0000E+00      -1  -0.998E+00   20.00
  73   -72.0000      -9.104 0.2349   0.2491E+02  0.2365E-01 -0.2491E+02  0.0000E+00      -1  -0.998E+00   20.00
  74   -73.0000      -9.104 0.2349   0.2491E+02  0.2365E-01 -0.2491E+02  0.0000E+00      -1  -0.998E+00   20.00
  75   -74.0000      -9.104 0.2349   0.2491E+02  0.2365E-01 -0.2491E+02  0.0000E+00      -1  -0.998E+00   20.00
  76   -75.0000      -9.104 0.2349   0.2491E+02  0.2365E-01 -0.2491E+02  0.0000E+00      -1  -0.998E+00   20.00
  77   -76.0000      -9.104 0.2349   0.2491E+02  0.2365E-01 -0.2491E+02  0.0000E+00      -1  -0.998E+00   20.00
  78   -77.0000      -9.104 0.2349   0.2491E+02  0.2365E-01 -0.2491E+02  0.0000E+00      -1  -0.998E+00   20.00
  79   -78.0000      -9.104 0.2349   0.2491E+02  0.2365E-01 -0.2491E+02  0.0000E+00      -1  -0.998E+00   20.00
  80   -79.0000      -9.104 0.2349   0.2491E+02  0.2365E-01 -0.2491E+02  0.0000E+00      -1  -0.998E+00   20.00
  81   -80.0000      -9.104 0.2349   0.2490E+02  0.2365E-01 -0.2491E+02  0.0000E+00      -1  -0.998E+00   20.00
  82   -81.0000      -9.104 0.2349   0.2490E+02  0.2365E-01 -0.2490E+02  0.0000E+00      -1  -0.998E+00   20.00
  83   -82.0000      -9.104 0.2349   0.2490E+02  0.2365E-01 -0.2490E+02  0.0000E+00      -1  -0.998E+00   20.00
  84   -83.0000      -9.104 0.2349   0.2490E+02  0.2365E-01 -0.2490E+02  0.0000E+00      -1  -0.998E+00   20.00
  85   -84.0000      -9.104 0.2349   0.2490E+02  0.2365E-01 -0.2490E+02  0.0000E+00      -1  -0.998E+00   20.00
  86   -85.0000      -9.104 0.2349   0.2490E+02  0.2365E-01 -0.2490E+02  0.0000E+00      -1  -0.998E+00   20.00
  87   -86.0000      -9.104 0.2349   0.2490E+02  0.2365E-01 -0.2490E+02  0.0000E+00      -1  -0.998E+00   20.00
  88   -87.0000      -9.104 0.2349   0.2490E+02  0.2365E-01 -0.2490E+02  0.0000E+00      -1  -0.998E+00   20.00
  89   -88.0000      -9.104 0.2349   0.2490E+02  0.2365E-01 -0.2490E+02  0.0000E+00      -1  -0.998E+00   20.00
  90   -89.0000      -9.104 0.2349   0.2490E+02  0.2365E-01 -0.2490E+02  0.0000E+00      -1  -0.998E+00   20.00
  91   -90.0000      -9.104 0.2349   0.2490E+02  0.2365E-01 -0.2490E+02  0.0000E+00      -1  -0.998E+00   20.00
  92   -91.0000      -9.104 0.2349   0.2490E+02  0.2365E-01 -0.2490E+02  0.0000E+00      -1  -0.998E+00   20.00
  93   -92.0000      -9.104 0.2349   0.2490E+02  0.2365E-01 -0.2490E+02  0.0000E+00      -1  -0.998E+00   20.00
  94   -93.0000      -9.105 0.2349   0.2490E+02  0.2365E-01 -0.2490E+02  0.0000E+00      -1  -0.998E+00   20.00
  95   -94.0000      -9.105 0.2349   0.2490E+02  0.2365E-01 -0.2490E+02  0.0000E+00      -1  -0.998E+00   20.00
  96   -95.0000      -9.105 0.2349   0.2490E+02  0.2365E-01 -0.2490E+02  0.0000E+00      -1  -0.997E+00   20.00
  97   -96.0000      -9.105 0.2349   0.2490E+02  0.2365E-01 -0.2490E+02  0.0000E+00      -1  -0.997E+00   20.00
  98   -97.0000      -9.105 0.2349   0.2490E+02  0.2365E-01 -0.2490E+02  0.0000E+00      -1  -0.997E+00   20.00
  99   -98.0000      -9.105 0.2349   0.2489E+02  0.2365E-01 -0.2490E+02  0.0000E+00      -1  -0.997E+00   20.00
 100   -99.0000      -9.105 0.2348   0.2489E+02  0.2365E-01 -0.2489E+02  0.0000E+00      -1  -0.997E+00   20.00
 101  -100.0000      -9.105 0.2348   0.2489E+02  0.2365E-01 -0.2489E+02  0.0000E+00      -1  -0.997E+00   20.00
end


 Time:        0.9000


 Node      Depth      Head Moisture       K          C         Flux        Sink         Kappa   v/KsTop   Temp
           [L]        [L]    [-]        [L/T]      [1/L]      [L/T]        [1/T]         [-]      [-]      [C]

   1     0.0000       0.000 0.4300   0.2496E+02  0.0000E+00 -0.2477E+02  0.0000E+00      -1  -0.992E+00   20.00
   2    -1.0000       0.006 0.4300   0.2486E+02  0.1380E-04 -0.2477E+02  0.0000E+00      -1  -0.992E+00   20.00
   3    -2.0000       0.009 0.4300   0.2482E+02  0.2035E-04 -0.2477E+02  0.0000E+00      -1  -0.992E+00   20.00
   4    -3.0000       0.010 0.4300   0.2478E+02  0.2552E-04 -0.2477E+02  0.0000E+00      -1  -0.992E+00   20.00
   5    -4.0000       0.010 0.4300   0.2475E+02  0.3000E-04 -0.2477E+02  0.0000E+00      -1  -0.992E+00   20.00
   6    -5.0000       0.009 0.4300   0.2472E+02  0.3399E-04 -0.2477E+02  0.0000E+00      -1  -0.992E+00   20.00
   7    -6.0000       0.006 0.4300   0.2470E+02  0.3763E-04 -0.2477E+02  0.0000E+00      -1  -0.992E+00   20.00
   8    -7.0000       0.003 0.4300   0.2467E+02  0.4106E-04 -0.2477E+02  0.0000E+00      -1  -0.992E+00   20.00
   9    -8.0000      -0.001 0.4300   0.2465E+02  0.4422E-04 -0.2477E+02  0.0000E+00      -1  -0.992E+00   20.00
  10    -9.0000      -0.006 0.4300   0.2463E+02  0.4724E-04 -0.2477E+02  0.0000E+00      -1  -0.992E+00   20.00
  11   -10.0000      -0.012 0.4300   0.2461E+02  0.5010E-04 -0.2477E+02  0.0000E+00      -1  -0.992E+00   20.00
  12   -11.0000      -0.019 0.4300   0.2459E+02  0.5290E-04 -0.2477E+02  0.0000E+00      -1  -0.992E+00   20.00
  13   -12.0000      -0.027 0.4300   0.2457E+02  0.5548E-04 -0.2477E+02  0.0000E+00      -1  -0.992E+00   20.00
  14   -13.0000      -0.035 0.4300   0.2455E+02  0.5805E-04 -0.2477E+02  0.0000E+00      -1  -0.992E+00   20.00
  15   -14.0000      -0.045 0.4300   0.2454E+02  0.6053E-04 -0.2477E+02  0.0000E+00      -1  -0.993E+00   20.00
  16   -15.0000      -0.055 0.4300   0.2452E+02  0.6286E-04 -0.2478E+02  0.0000E+00      -1  -0.993E+00   20.00
  17   -16.0000      -0.066 0.4300   0.2450E+02  0.6519E-04 -0.2478E+02  0.0000E+00      -1  -0.993E+00   20.00
  18   -17.0000      -0.078 0.4300   0.2449E+02  0.6752E-04 -0.2479E+02  0.0000E+00      -1  -0.993E+00   20.00
  19   -18.0000      -0.095 0.4300   0.2425E+02  0.1021E-03 -0.2480E+02  0.0000E+00      -1  -0.994E+00   20.00
  20   -19.0000      -0.128 0.4300   0.2379E+02  0.1690E-03 -0.2481E+02  0.0000E+00      -1  -0.994E+00   20.00
  21   -20.0000      -0.193 0.4300   0.2281E+02  0.3120E-03 -0.2483E+02  0.0000E+00      -1  -0.995E+00   20.00
  22   -21.0000      -0.313 0.4299   0.2155E+02  0.5026E-03 -0.2486E+02  0.0000E+00      -1  -0.996E+00   20.00
  23   -22.0000      -0.505 0.4298   0.2018E+02  0.7129E-03 -0.2489E+02  0.0000E+00      -1  -0.997E+00   20.00
  24   -23.0000      -0.784 0.4295   0.1876E+02  0.9387E-03 -0.2491E+02  0.0000E+00      -1  -0.998E+00   20.00
  25   -24.0000      -1.169 0.4291   0.1725E+02  0.1185E-02 -0.2494E+02  0.0000E+00      -1  -0.999E+00   20.00
  26   -25.0000      -1.684 0.4284   0.1568E+02  0.1447E-02 -0.2496E+02  0.0000E+00      -1  -0.100E+01   20.00
  27   -26.0000      -2.366 0.4273   0.1400E+02  0.1735E-02 -0.2497E+02  0.0000E+00      -1  -0.100E+01   20.00
  28   -27.0000      -3.269 0.4256   0.1225E+02  0.2038E-02 -0.2497E+02  0.0000E+00      -1  -0.100E+01   20.00
  29   -28.0000      -4.477 0.4229   0.1037E+02  0.2363E-02 -0.2497E+02  0.0000E+00      -1  -0.100E+01   20.00
  30   -29.0000      -6.137 0.4187   0.8411E+01  0.2688E-02 -0.2496E+02  0.0000E+00      -1  -0.100E+01   20.00
  31   -30.0000      -8.509 0.4119   0.6392E+01  0.2986E-02 -0.2496E+02  0.0000E+00      -1  -0.100E+01   20.00
  32   -31.0000      -9.102 0.2349   0.2493E+02  0.2366E-01 -0.2495E+02  0.0000E+00      -1  -0.100E+01   20.00
  33   -32.0000      -9.103 0.2349   0.2493E+02  0.2365E-01 -0.2494E+02  0.0000E+00      -1  -0.999E+00   20.00
  34   -33.0000      -9.103 0.2349   0.2492E+02  0.2365E-01 -0.2493E+02  0.0000E+00      -1  -0.999E+00   20.00
  35   -34.0000      -9.103 0.2349   0.2492E+02  0.2365E-01 -0.2492E+02  0.0000E+00      -1  -0.999E+00   20.00
  36   -35.0000      -9.104 0.2349   0.2491E+02  0.2365E-01 -0.2492E+02  0.0000E+00      -1  -0.998E+00   20.00
  37   -36.0000      -9.104 0.2349   0.2491E+02  0.2365E-01 -0.2491E+02  0.0000E+00      -1  -0.998E+00   20.00
  38   -37.0000      -9.104 0.2349   0.2491E+02  0.2365E-01 -0.2491E+02  0.0000E+00      -1  -0.998E+00   20.00
  39   -38.0000      -9.104 0.2349   0.2491E+02  0.2365E-01 -0.2491E+02  0.0000E+00      -1  -0.998E+00   20.00
  40   -39.0000      -9.104 0.2349   0.2491E+02  0.2365E-01 -0.2491E+02  0.0000E+00      -1  -0.998E+00   20.00
  41   -40.0000      -9.104 0.2349   0.2491E+02  0.2365E-01 -0.2491E+02  0.0000E+00      -1  -0.998E+00   20.00
  42   -41.0000      -9.104 0.2349   0.2491E+02  0.2365E-01 -0.2491E+02  0.0000E+00      -1  -0.998E+00   20.00
  43   -42.0000      -9.104 0.2349   0.2491E+02  0.2365E-01 -0.2491E+02  0.0000E+00      -1  -0.998E+00   20.00
  44   -43.0000      -9.104 0.2349   0.2491E+02  0.2365E-01 -0.2491E+02  0.0000E+00      -1  -0.998E+00   20.00
  45   -44.0000      -9.104 0.2349   0.2491E+02  0.2365E-01 -0.2491E+02  0.0000E+00      -1  -0.998E+00   20.00
  46   -45.0000      -9.104 0.2349   0.2491E+02  0.2365E-01 -0.2491E+02  0.0000E+00      -1  -0.998E+00   20.00
  47   -46.0000      -9.104 0.2349   0.2491E+02  0.2365E-01 -0.2491E+02  0.0000E+00      -1  -0.998E+00   20.00
  48   -47.0000      -9.104 0.2349   0.2491E+02  0.2365E-01 -0.2491E+02  0.0000E+00      -1  -0.998E+00   20.00
  49   -48.0000      -9.104 0.2349   0.2491E+02  0.2365E-01 -0.2491E+02  0.0000E+00      -1  -0.998E+00   20.00
  50   -49.0000      -9.104 0.2349   0.2491E+02  0.2365E-01 -0.2491E+02  0.0000E+00      -1  -0.998E+00   20.00
  51   -50.0000      -9.104 0.2349   0.2491E+02  0.2365E-01 -0.2491E+02  0.0000E+00      -1  -0.998E+00   20.00
  52   -51.0000      -9.104 0.2349   0.2491E+02  0.2365E-01 -0.2491E+02  0.0000E+00      -1  -0.998E+00   20.00
  53   -52.0000      -9.104 0.2349   0.2491E+02  0.2365E-01 -0.2491E+02  0.0000E+00      -1  -0.998E+00   20.00
  54   -53.0000      -9.104 0.2349   0.2491E+02  0.2365E-01 -0.2491E+02  0.0000E+00      -1  -0.998E+00   20.00
  55   -54.0000      -9.104 0.2349   0.2491E+02  0.2365E-01 -0.2491E+02  0.0000E+00      -1  -0.998E+00   20.00
  56   -55.0000      -9.104 0.2349   0.2491E+02  0.2365E-01 -0.2491E+02  0.0000E+00      -1  -0.998E+00   20.00
  57   -56.0000      -9.104 0.2349   0.2491E+02  0.2365E-01 -0.2491E+02  0.0000E+00      -1  -0.998E+00   20.00
  58   -57.0000      -9.104 0.2349   0.2491E+02  0.2365E-01 -0.2491E+02  0.0000E+00      -1  -0.998E+00   20.00
  59   -58.0000      -9.104 0.2349   0.2491E+02  0.2365E-01 -0.2491E+02  0.0000E+00      -1  -0.998E+00   20.00
  60   -59.0000      -9.104 0.2349   0.2491E+02  0.2365E-01 -0.2491E+02  0.0000E+00      -1  -0.998E+00   20.00
  61   -60.0000      -9.104 0.2349   0.2491E+02  0.2365E-01 -0.2491E+02  0.0000E+00      -1  -0.998E+00   20.00
  62   -61.0000      -9.104 0.2349   0.2491E+02  0.2365E-01 -0.2491E+02  0.0000E+00      -1  -0.998E+00   20.00
  63   -62.0000      -9.104 0.2349   0.2491E+02  0.2365E-01 -0.2491E+02  0.0000E+00      -1  -0.998E+00   20.00
  64   -63.0000      -9.104 0.2349   0.2491E+02  0.2365E-01 -0.2491E+02  0.0000E+00      -1  -0.998E+00   20.00
  65   -64.0000      -9.104 0.2349   0.2491E+02  0.2365E-01 -0.2491E+02  0.0000E+00      -1  -0.998E+00   20.00
  66   -65.0000      -9.104 0.2349   0.2491E+02  0.2365E-01 -0.2491E+02  0.0000E+00      -1  -0.998E+00   20.00
  67   -66.0000      -9.104 0.2349   0.2491E+02  0.2365E-01 -0.2491E+02  0.0000E+00      -1  -0.998E+00   20.00
  68   -67.0000      -9.104 0.2349   0.2491E+02  0.2365E-01 -0.2491E+02  0.0000E+00      -1  -0.998E+00   20.00
  69   -68.0000      -9.104 0.2349   0.2491E+02  0.2365E-01 -0.2491E+02  0.0000E+00      -1  -0.998E+00   20.00
  70   -69.0000      -9.104 0.2349   0.2491E+02  0.2365E-01 -0.2491E+02  0.0000E+00      -1  -0.998E+00   20.00
  71   -70.0000      -9.104 0.2349   0.2491E+02  0.2365E-01 -0.2491E+02  0.0000E+00      -1  -0.998E+00   20.00
  72   -71.0000      -9.104 0.2349   0.2491E+02  0.2365E-01 -0.2491E+02  0.0000E+00      -1  -0.998E+00   20.00
  73   -72.0000      -9.104 0.2349   0.2491E+02  0.2365E-01 -0.2491E+02  0.0000E+00      -1  -0.998E+00   20.00
  74   -73.0000      -9.104 0.2349   0.2491E+02  0.2365E-01 -0.2491E+02  0.0000E+00      -1  -0.998E+00   20.00
  75   -74.0000      -9.104 0.2349   0.2491E+02  0.2365E-01 -0.2491E+02  0.0000E+00      -1  -0.998E+00   20.00
  76   -75.0000      -9.104 0.2349   0.2492E+02  0.2365E-01 -0.2491E+02  0.0000E+00      -1  -0.998E+00   20.00
  77   -76.0000      -9.104 0.2349   0.2492E+02  0.2365E-01 -0.2491E+02  0.0000E+00      -1  -0.998E+00   20.00
  78   -77.0000      -9.103 0.2349   0.2492E+02  0.2365E-01 -0.2492E+02  0.0000E+00      -1  -0.998E+00   20.00
  79   -78.0000      -9.103 0.2349   0.2492E+02  0.2365E-01 -0.2492E+02  0.0000E+00      -1  -0.998E+00   20.00
  80   -79.0000      -9.103 0.2349   0.2492E+02  0.2365E-01 -0.2492E+02  0.0000E+00      -1  -0.998E+00   20.00
  81   -80.0000      -9.103 0.2349   0.2492E+02  0.2365E-01 -0.2492E+02  0.0000E+00      -1  -0.998E+00   20.00
  82   -81.0000      -9.103 0.2349   0.2492E+02  0.2365E-01 -0.2492E+02  0.0000E+00      -1  -0.998E+00   20.00
  83   -82.0000      -9.103 0.2349   0.2492E+02  0.2365E-01 -0.2492E+02  0.0000E+00      -1  -0.998E+00   20.00
  84   -83.0000      -9.103 0.2349   0.2492E+02  0.2365E-01 -0.2492E+02  0.0000E+00      -1  -0.998E+00   20.00
  85   -84.0000      -9.103 0.2349   0.2492E+02  0.2365E-01 -0.2492E+02  0.0000E+00      -1  -0.998E+00   20.00
  86   -85.0000      -9.103 0.2349   0.2492E+02  0.2365E-01 -0.2492E+02  0.0000E+00      -1  -0.998E+00   20.00
  87   -86.0000      -9.103 0.2349   0.2492E+02  0.2365E-01 -0.2492E+02  0.0000E+00      -1  -0.998E+00   20.00
  88   -87.0000      -9.103 0.2349   0.2492E+02  0.2365E-01 -0.2492E+02  0.0000E+00      -1  -0.998E+00   20.00
  89   -88.0000      -9.104 0.2349   0.2492E+02  0.2365E-01 -0.2492E+02  0.0000E+00      -1  -0.998E+00   20.00
  90   -89.0000      -9.104 0.2349   0.2491E+02  0.2365E-01 -0.2492E+02  0.0000E+00      -1  -0.998E+00   20.00
  91   -90.0000      -9.104 0.2349   0.2491E+02  0.2365E-01 -0.2492E+02  0.0000E+00      -1  -0.998E+00   20.00
  92   -91.0000      -9.104 0.2349   0.2491E+02  0.2365E-01 -0.2491E+02  0.0000E+00      -1  -0.998E+00   20.00
  93   -92.0000      -9.104 0.2349   0.2491E+02  0.2365E-01 -0.2491E+02  0.0000E+00      -1  -0.998E+00   20.00
  94   -93.0000      -9.104 0.2349   0.2491E+02  0.2365E-01 -0.2491E+02  0.0000E+00      -1  -0.998E+00   20.00
  95   -94.0000      -9.104 0.2349   0.2491E+02  0.2365E-01 -0.2491E+02  0.0000E+00      -1  -0.998E+00   20.00
  96   -95.0000      -9.104 0.2349   0.2491E+02  0.2365E-01 -0.2491E+02  0.0000E+00      -1  -0.998E+00   20.00
  97   -96.0000      -9.104 0.2349   0.2491E+02  0.2365E-01 -0.2491E+02  0.0000E+00      -1  -0.998E+00   20.00
  98   -97.0000      -9.104 0.2349   0.2491E+02  0.2365E-01 -0.2491E+02  0.0000E+00      -1  -0.998E+00   20.00
  99   -98.0000      -9.104 0.2349   0.2491E+02  0.2365E-01 -0.2491E+02  0.0000E+00      -1  -0.998E+00   20.00
 100   -99.0000      -9.104 0.2349   0.2491E+02  0.2365E-01 -0.2491E+02  0.0000E+00      -1  -0.998E+00   20.00
 101  -100.0000      -9.104 0.2349   0.2491E+02  0.2365E-01 -0.2491E+02  0.0000E+00      -1  -0.998E+00   20.00
end


 Time:        0.9500


 Node      Depth      Head Moisture       K          C         Flux        Sink         Kappa   v/KsTop   Temp
           [L]        [L]    [-]        [L/T]      [1/L]      [L/T]        [1/T]         [-]      [-]      [C]

   1     0.0000       0.000 0.4300   0.2496E+02  0.0000E+00 -0.2495E+02  0.0000E+00      -1  -0.999E+00   20.00
   2    -1.0000       0.000 0.4300   0.2494E+02  0.3253E-05 -0.2495E+02  0.0000E+00      -1  -0.999E+00   20.00
   3    -2.0000      -0.000 0.4300   0.2493E+02  0.4795E-05 -0.2495E+02  0.0000E+00      -1  -0.999E+00   20.00
   4    -3.0000      -0.001 0.4300   0.2492E+02  0.6017E-05 -0.2495E+02  0.0000E+00      -1  -0.999E+00   20.00
   5    -4.0000      -0.003 0.4300   0.2491E+02  0.7069E-05 -0.2495E+02  0.0000E+00      -1  -0.999E+00   20.00
   6    -5.0000      -0.004 0.4300   0.2490E+02  0.8010E-05 -0.2495E+02  0.0000E+00      -1  -0.999E+00   20.00
   7    -6.0000      -0.006 0.4300   0.2490E+02  0.8871E-05 -0.2495E+02  0.0000E+00      -1  -0.999E+00   20.00
   8    -7.0000      -0.008 0.4300   0.2489E+02  0.9683E-05 -0.2495E+02  0.0000E+00      -1  -0.999E+00   20.00
   9    -8.0000      -0.010 0.4300   0.2489E+02  0.1042E-04 -0.2495E+02  0.0000E+00      -1  -0.999E+00   20.00
  10    -9.0000      -0.013 0.4300   0.2488E+02  0.1114E-04 -0.2495E+02  0.0000E+00      -1  -0.999E+00   20.00
  11   -10.0000      -0.016 0.4300   0.2488E+02  0.1181E-04 -0.2495E+02  0.0000E+00      -1  -0.999E+00   20.00
  12   -11.0000      -0.018 0.4300   0.2487E+02  0.1247E-04 -0.2495E+02  0.0000E+00      -1  -0.999E+00   20.00
  13   -12.0000      -0.022 0.4300   0.2487E+02  0.1308E-04 -0.2495E+02  0.0000E+00      -1  -0.999E+00   20.00
  14   -13.0000      -0.025 0.4300   0.2486E+02  0.1368E-04 -0.2495E+02  0.0000E+00      -1  -0.100E+01   20.00
  15   -14.0000      -0.028 0.4300   0.2486E+02  0.1428E-04 -0.2495E+02  0.0000E+00      -1  -0.100E+01   20.00
  16   -15.0000      -0.032 0.4300   0.2486E+02  0.1482E-04 -0.2495E+02  0.0000E+00      -1  -0.100E+01   20.00
  17   -16.0000      -0.036 0.4300   0.2485E+02  0.1536E-04 -0.2495E+02  0.0000E+00      -1  -0.100E+01   20.00
  18   -17.0000      -0.040 0.4300   0.2485E+02  0.1591E-04 -0.2495E+02  0.0000E+00      -1  -0.100E+01   20.00
  19   -18.0000      -0.053 0.4300   0.2443E+02  0.7643E-04 -0.2495E+02  0.0000E+00      -1  -0.100E+01   20.00
  20   -19.0000      -0.087 0.4300   0.2384E+02  0.1611E-03 -0.2496E+02  0.0000E+00      -1  -0.100E+01   20.00
  21   -20.0000      -0.158 0.4300   0.2279E+02  0.3159E-03 -0.2497E+02  0.0000E+00      -1  -0.100E+01   20.00
  22   -21.0000      -0.285 0.4299   0.2151E+02  0.5086E-03 -0.2497E+02  0.0000E+00      -1  -0.100E+01   20.00
  23   -22.0000      -0.484 0.4298   0.2015E+02  0.7179E-03 -0.2498E+02  0.0000E+00      -1  -0.100E+01   20.00
  24   -23.0000      -0.769 0.4295   0.1874E+02  0.9424E-03 -0.2499E+02  0.0000E+00      -1  -0.100E+01   20.00
  25   -24.0000      -1.158 0.4291   0.1724E+02  0.1187E-02 -0.2499E+02  0.0000E+00      -1  -0.100E+01   20.00
  26   -25.0000      -1.677 0.4284   0.1567E+02  0.1449E-02 -0.2499E+02  0.0000E+00      -1  -0.100E+01   20.00
  27   -26.0000      -2.362 0.4273   0.1399E+02  0.1736E-02 -0.2499E+02  0.0000E+00      -1  -0.100E+01   20.00
  28   -27.0000      -3.266 0.4256   0.1225E+02  0.2038E-02 -0.2498E+02  0.0000E+00      -1  -0.100E+01   20.00
  29   -28.0000      -4.476 0.4229   0.1037E+02  0.2363E-02 -0.2498E+02  0.0000E+00      -1  -0.100E+01   20.00
  30   -29.0000      -6.135 0.4187   0.8412E+01  0.2688E-02 -0.2497E+02  0.0000E+00      -1  -0.100E+01   20.00
  31   -30.0000      -8.508 0.4119   0.6393E+01  0.2986E-02 -0.2497E+02  0.0000E+00      -1  -0.100E+01   20.00
  32   -31.0000      -9.102 0.2349   0.2494E+02  0.2366E-01 -0.2496E+02  0.0000E+00      -1  -0.100E+01   20.00
  33   -32.0000      -9.103 0.2349   0.2492E+02  0.2365E-01 -0.2494E+02  0.0000E+00      -1  -0.999E+00   20.00
  34   -33.0000      -9.103 0.2349   0.2492E+02  0.2365E-01 -0.2493E+02  0.0000E+00      -1  -0.999E+00   20.00
  35   -34.0000      -9.104 0.2349   0.2491E+02  0.2365E-01 -0.2492E+02  0.0000E+00      -1  -0.998E+00   20.00
  36   -35.0000      -9.104 0.2349   0.2490E+02  0.2365E-01 -0.2491E+02  0.0000E+00      -1  -0.998E+00   20.00
  37   -36.0000      -9.104 0.2349   0.2490E+02  0.2365E-01 -0.2490E+02  0.0000E+00      -1  -0.998E+00   20.00
  38   -37.0000      -9.105 0.2348   0.2489E+02  0.2365E-01 -0.2490E+02  0.0000E+00      -1  -0.998E+00   20.00
  39   -38.0000      -9.105 0.2348   0.2489E+02  0.2365E-01 -0.2489E+02  0.0000E+00      -1  -0.997E+00   20.00
  40   -39.0000      -9.105 0.2348   0.2489E+02  0.2365E-01 -0.2489E+02  0.0000E+00      -1  -0.997E+00   20.00
  41   -40.0000      -9.105 0.2348   0.2489E+02  0.2365E-01 -0.2489E+02  0.0000E+00      -1  -0.997E+00   20.00
  42   -41.0000      -9.105 0.2348   0.2489E+02  0.2365E-01 -0.2489E+02  0.0000E+00      -1  -0.997E+00   20.00
  43   -42.0000      -9.105 0.2348   0.2489E+02  0.2365E-01 -0.2489E+02  0.0000E+00      -1  -0.997E+00   20.00
  44   -43.0000      -9.105 0.2349   0.2490E+02  0.2365E-01 -0.2489E+02  0.0000E+00      -1  -0.997E+00   20.00
  45   -44.0000      -9.104 0.2349   0.2490E+02  0.2365E-01 -0.2490E+02  0.0000E+00      -1  -0.997E+00   20.00
  46   -45.0000      -9.104 0.2349   0.2490E+02  0.2365E-01 -0.2490E+02  0.0000E+00      -1  -0.997E+00   20.00
  47   -46.0000      -9.104 0.2349   0.2490E+02  0.2365E-01 -0.2490E+02  0.0000E+00      -1  -0.998E+00   20.00
  48   -47.0000      -9.104 0.2349   0.2490E+02  0.2365E-01 -0.2490E+02  0.0000E+00      -1  -0.998E+00   20.00
  49   -48.0000      -9.104 0.2349   0.2491E+02  0.2365E-01 -0.2490E+02  0.0000E+00      -1  -0.998E+00   20.00
  50   -49.0000      -9.104 0.2349   0.2491E+02  0.2365E-01 -0.2491E+02  0.0000E+00      -1  -0.998E+00   20.00
  51   -50.0000      -9.104 0.2349   0.2491E+02  0.2365E-01 -0.2491E+02  0.0000E+00      -1  -0.998E+00   20.00
  52   -51.0000      -9.104 0.2349   0.2491E+02  0.2365E-01 -0.2491E+02  0.0000E+00      -1  -0.998E+00   20.00
  53   -52.0000      -9.104 0.2349   0.2491E+02  0.2365E-01 -0.2491E+02  0.0000E+00      -1  -0.998E+00   20.00
  54   -53.0000      -9.104 0.2349   0.2491E+02  0.2365E-01 -0.2491E+02  0.0000E+00      -1  -0.998E+00   20.00
  55   -54.0000      -9.104 0.2349   0.2491E+02  0.2365E-01 -0.2491E+02  0.0000E+00      -1  -0.998E+00   20.00
  56   -55.0000      -9.104 0.2349   0.2491E+02  0.2365E-01 -0.2491E+02  0.0000E+00      -1  -0.998E+00   20.00
  57   -56.0000      -9.104 0.2349   0.2491E+02  0.2365E-01 -0.2491E+02  0.0000E+00      -1  -0.998E+00   20.00
  58   -57.0000      -9.104 0.2349   0.2491E+02  0.2365E-01 -0.2491E+02  0.0000E+00      -1  -0.998E+00   20.00
  59   -58.0000      -9.104 0.2349   0.2491E+02  0.2365E-01 -0.2491E+02  0.0000E+00      -1  -0.998E+00   20.00
  60   -59.0000      -9.104 0.2349   0.2491E+02  0.2365E-01 -0.2491E+02  0.0000E+00      -1  -0.998E+00   20.00
  61   -60.0000      -9.104 0.2349   0.2491E+02  0.2365E-01 -0.2491E+02  0.0000E+00      -1  -0.998E+00   20.00
  62   -61.0000      -9.104 0.2349   0.2491E+02  0.2365E-01 -0.2491E+02  0.0000E+00      -1  -0.998E+00   20.00
  63   -62.0000      -9.104 0.2349   0.2491E+02  0.2365E-01 -0.2491E+02  0.0000E+00      -1  -0.998E+00   20.00
  64   -63.0000      -9.104 0.2349   0.2491E+02  0.2365E-01 -0.2491E+02  0.0000E+00      -1  -0.998E+00   20.00
  65   -64.0000      -9.104 0.2349   0.2491E+02  0.2365E-01 -0.2491E+02  0.0000E+00      -1  -0.998E+00   20.00
  66   -65.0000      -9.104 0.2349   0.2491E+02  0.2365E-01 -0.2491E+02  0.0000E+00      -1  -0.998E+00   20.00
  67   -66.0000      -9.104 0.2349   0.2491E+02  0.2365E-01 -0.2491E+02  0.0000E+00      -1  -0.998E+00   20.00
  68   -67.0000      -9.104 0.2349   0.2491E+02  0.2365E-01 -0.2491E+02  0.0000E+00      -1  -0.998E+00   20.00
  69   -68.0000      -9.104 0.2349   0.2491E+02  0.2365E-01 -0.2491E+02  0.0000E+00      -1  -0.998E+00   20.00
  70   -69.0000      -9.104 0.2349   0.2491E+02  0.2365E-01 -0.2491E+02  0.0000E+00      -1  -0.998E+00   20.00
  71   -70.0000      -9.104 0.2349   0.2491E+02  0.2365E-01 -0.2491E+02  0.0000E+00      -1  -0.998E+00   20.00
  72   -71.0000      -9.104 0.2349   0.2491E+02  0.2365E-01 -0.2491E+02  0.0000E+00      -1  -0.998E+00   20.00
  73   -72.0000      -9.104 0.2349   0.2491E+02  0.2365E-01 -0.2491E+02  0.0000E+00      -1  -0.998E+00   20.00
  74   -73.0000      -9.104 0.2349   0.2491E+02  0.2365E-01 -0.2491E+02  0.0000E+00      -1  -0.998E+00   20.00
  75   -74.0000      -9.104 0.2349   0.2491E+02  0.2365E-01 -0.2491E+02  0.0000E+00      -1  -0.998E+00   20.00
  76   -75.0000      -9.104 0.2349   0.2491E+02  0.2365E-01 -0.2491E+02  0.0000E+00      -1  -0.998E+00   20.00
  77   -76.0000      -9.104 0.2349   0.2491E+02  0.2365E-01 -0.2491E+02  0.0000E+00      -1  -0.998E+00   20.00
  78   -77.0000      -9.104 0.2349   0.2491E+02  0.2365E-01 -0.2491E+02  0.0000E+00      -1  -0.998E+00   20.00
  79   -78.0000      -9.104 0.2349   0.2491E+02  0.2365E-01 -0.2491E+02  0.0000E+00      -1  -0.998E+00   20.00
  80   -79.0000      -9.104 0.2349   0.2491E+02  0.2365E-01 -0.2491E+02  0.0000E+00      -1  -0.998E+00   20.00
  81   -80.0000      -9.104 0.2349   0.2491E+02  0.2365E-01 -0.2491E+02  0.0000E+00      -1  -0.998E+00   20.00
  82   -81.0000      -9.104 0.2349   0.2491E+02  0.2365E-01 -0.2491E+02  0.0000E+00      -1  -0.998E+00   20.00
  83   -82.0000      -9.104 0.2349   0.2491E+02  0.2365E-01 -0.2491E+02  0.0000E+00      -1  -0.998E+00   20.00
  84   -83.0000      -9.104 0.2349   0.2491E+02  0.2365E-01 -0.2491E+02  0.0000E+00      -1  -0.998E+00   20.00
  85   -84.0000      -9.104 0.2349   0.2491E+02  0.2365E-01 -0.2491E+02  0.0000E+00      -1  -0.998E+00   20.00
  86   -85.0000      -9.104 0.2349   0.2491E+02  0.2365E-01 -0.2491E+02  0.0000E+00      -1  -0.998E+00   20.00
  87   -86.0000      -9.104 0.2349   0.2491E+02  0.2365E-01 -0.2491E+02  0.0000E+00      -1  -0.998E+00   20.00
  88   -87.0000      -9.104 0.2349   0.2491E+02  0.2365E-01 -0.2491E+02  0.0000E+00      -1  -0.998E+00   20.00
  89   -88.0000      -9.104 0.2349   0.2491E+02  0.2365E-01 -0.2491E+02  0.0000E+00      -1  -0.998E+00   20.00
  90   -89.0000      -9.104 0.2349   0.2491E+02  0.2365E-01 -0.2491E+02  0.0000E+00      -1  -0.998E+00   20.00
  91   -90.0000      -9.104 0.2349   0.2491E+02  0.2365E-01 -0.2491E+02  0.0000E+00      -1  -0.998E+00   20.00
  92   -91.0000      -9.104 0.2349   0.2491E+02  0.2365E-01 -0.2491E+02  0.0000E+00      -1  -0.998E+00   20.00
  93   -92.0000      -9.104 0.2349   0.2491E+02  0.2365E-01 -0.2491E+02  0.0000E+00      -1  -0.998E+00   20.00
  94   -93.0000      -9.104 0.2349   0.2491E+02  0.2365E-01 -0.2491E+02  0.0000E+00      -1  -0.998E+00   20.00
  95   -94.0000      -9.104 0.2349   0.2491E+02  0.2365E-01 -0.2491E+02  0.0000E+00      -1  -0.998E+00   20.00
  96   -95.0000      -9.104 0.2349   0.2491E+02  0.2365E-01 -0.2491E+02  0.0000E+00      -1  -0.998E+00   20.00
  97   -96.0000      -9.104 0.2349   0.2491E+02  0.2365E-01 -0.2491E+02  0.0000E+00      -1  -0.998E+00   20.00
  98   -97.0000      -9.104 0.2349   0.2491E+02  0.2365E-01 -0.2491E+02  0.0000E+00      -1  -0.998E+00   20.00
  99   -98.0000      -9.104 0.2349   0.2491E+02  0.2365E-01 -0.2491E+02  0.0000E+00      -1  -0.998E+00   20.00
 100   -99.0000      -9.104 0.2349   0.2491E+02  0.2365E-01 -0.2491E+02  0.0000E+00      -1  -0.998E+00   20.00
 101  -100.0000      -9.104 0.2349   0.2491E+02  0.2365E-01 -0.2491E+02  0.0000E+00      -1  -0.998E+00   20.00
end


 Time:        1.0000


 Node      Depth      Head Moisture       K          C         Flux        Sink         Kappa   v/KsTop   Temp
           [L]        [L]    [-]        [L/T]      [1/L]      [L/T]        [1/T]         [-]      [-]      [C]

   1     0.0000       0.000 0.4300   0.2496E+02  0.0000E+00 -0.2473E+02  0.0000E+00      -1  -0.991E+00   20.00
   2    -1.0000       0.009 0.4300   0.2496E+02  0.0000E+00 -0.2473E+02  0.0000E+00      -1  -0.991E+00   20.00
   3    -2.0000       0.019 0.4300   0.2496E+02  0.0000E+00 -0.2473E+02  0.0000E+00      -1  -0.991E+00   20.00
   4    -3.0000       0.028 0.4300   0.2496E+02  0.0000E+00 -0.2473E+02  0.0000E+00      -1  -0.991E+00   20.00
   5    -4.0000       0.037 0.4300   0.2496E+02  0.0000E+00 -0.2473E+02  0.0000E+00      -1  -0.991E+00   20.00
   6    -5.0000       0.046 0.4300   0.2496E+02  0.0000E+00 -0.2473E+02  0.0000E+00      -1  -0.991E+00   20.00
   7    -6.0000       0.056 0.4300   0.2496E+02  0.0000E+00 -0.2473E+02  0.0000E+00      -1  -0.991E+00   20.00
   8    -7.0000       0.065 0.4300   0.2496E+02  0.0000E+00 -0.2473E+02  0.0000E+00      -1  -0.991E+00   20.00
   9    -8.0000       0.074 0.4300   0.2496E+02  0.0000E+00 -0.2473E+02  0.0000E+00      -1  -0.991E+00   20.00
  10    -9.0000       0.083 0.4300   0.2496E+02  0.0000E+00 -0.2473E+02  0.0000E+00      -1  -0.991E+00   20.00
  11   -10.0000       0.092 0.4300   0.2496E+02  0.0000E+00 -0.2473E+02  0.0000E+00      -1  -0.991E+00   20.00
  12   -11.0000       0.099 0.4300   0.2483E+02  0.1887E-04 -0.2473E+02  0.0000E+00      -1  -0.991E+00   20.00
  13   -12.0000       0.101 0.4300   0.2475E+02  0.2967E-04 -0.2474E+02  0.0000E+00      -1  -0.991E+00   20.00
  14   -13.0000       0.100 0.4300   0.2469E+02  0.3891E-04 -0.2474E+02  0.0000E+00      -1  -0.991E+00   20.00
  15   -14.0000       0.097 0.4300   0.2463E+02  0.4716E-04 -0.2473E+02  0.0000E+00      -1  -0.991E+00   20.00
  16   -15.0000       0.092 0.4300   0.2458E+02  0.5442E-04 -0.2473E+02  0.0000E+00      -1  -0.991E+00   20.00
  17   -16.0000       0.085 0.4300   0.2454E+02  0.6061E-04 -0.2472E+02  0.0000E+00      -1  -0.990E+00   20.00
  18   -17.0000       0.067 0.4300   0.2400E+02  0.1371E-03 -0.2470E+02  0.0000E+00      -1  -0.989E+00   20.00
  19   -18.0000       0.022 0.4300   0.2324E+02  0.2485E-03 -0.2466E+02  0.0000E+00      -1  -0.988E+00   20.00
  20   -19.0000      -0.054 0.4300   0.2255E+02  0.3508E-03 -0.2463E+02  0.0000E+00      -1  -0.987E+00   20.00
  21   -20.0000      -0.165 0.4300   0.2175E+02  0.4707E-03 -0.2460E+02  0.0000E+00      -1  -0.986E+00   20.00
  22   -21.0000      -0.321 0.4299   0.2080E+02  0.6168E-03 -0.2458E+02  0.0000E+00      -1  -0.985E+00   20.00
  23   -22.0000      -0.534 0.4297   0.1969E+02  0.7898E-03 -0.2459E+02  0.0000E+00      -1  -0.985E+00   20.00
  24   -23.0000      -0.824 0.4295   0.1845E+02  0.9890E-03 -0.2461E+02  0.0000E+00      -1  -0.986E+00   20.00
  25   -24.0000      -1.210 0.4291   0.1707E+02  0.1216E-02 -0.2465E+02  0.0000E+00      -1  -0.987E+00   20.00
  26   -25.0000      -1.723 0.4284   0.1556E+02  0.1468E-02 -0.2470E+02  0.0000E+00      -1  -0.989E+00   20.00
  27   -26.0000      -2.399 0.4273   0.1394E+02  0.1746E-02 -0.2475E+02  0.0000E+00      -1  -0.992E+00   20.00
  28   -27.0000      -3.294 0.4255   0.1221E+02  0.2044E-02 -0.2480E+02  0.0000E+00      -1  -0.994E+00   20.00
  29   -28.0000      -4.495 0.4229   0.1035E+02  0.2366E-02 -0.2485E+02  0.0000E+00      -1  -0.996E+00   20.00
  30   -29.0000      -6.147 0.4187   0.8406E+01  0.2689E-02 -0.2488E+02  0.0000E+00      -1  -0.997E+00   20.00
  31   -30.0000      -8.512 0.4119   0.6391E+01  0.2986E-02 -0.2490E+02  0.0000E+00      -1  -0.998E+00   20.00
  32   -31.0000      -9.103 0.2349   0.2493E+02  0.2366E-01 -0.2492E+02  0.0000E+00      -1  -0.998E+00   20.00
  33   -32.0000      -9.103 0.2349   0.2493E+02  0.2365E-01 -0.2493E+02  0.0000E+00      -1  -0.999E+00   20.00
  34   -33.0000      -9.103 0.2349   0.2492E+02  0.2365E-01 -0.2493E+02  0.0000E+00      -1  -0.999E+00   20.00
  35   -34.0000      -9.103 0.2349   0.2492E+02  0.2365E-01 -0.2492E+02  0.0000E+00      -1  -0.999E+00   20.00
  36   -35.0000      -9.104 0.2349   0.2491E+02  0.2365E-01 -0.2492E+02  0.0000E+00      -1  -0.998E+00   20.00
  37   -36.0000      -9.104 0.2349   0.2491E+02  0.2365E-01 -0.2491E+02  0.0000E+00      -1  -0.998E+00   20.00
  38   -37.0000      -9.104 0.2349   0.2491E+02  0.2365E-01 -0.2491E+02  0.0000E+00      -1  -0.998E+00   20.00
  39   -38.0000      -9.104 0.2349   0.2491E+02  0.2365E-01 -0.2491E+02  0.0000E+00      -1  -0.998E+00   20.00
  40   -39.0000      -9.104 0.2349   0.2491E+02  0.2365E-01 -0.2490E+02  0.0000E+00      -1  -0.998E+00   20.00
  41   -40.0000      -9.104 0.2349   0.2491E+02  0.2365E-01 -0.2491E+02  0.0000E+00      -1  -0.998E+00   20.00
  42   -41.0000      -9.104 0.2349   0.2491E+02  0.2365E-01 -0.2491E+02  0.0000E+00      -1  -0.998E+00   20.00
  43   -42.0000      -9.104 0.2349   0.2491E+02  0.2365E-01 -0.2491E+02  0.0000E+00      -1  -0.998E+00   20.00
  44   -43.0000      -9.104 0.2349   0.2491E+02  0.2365E-01 -0.2491E+02  0.0000E+00      -1  -0.998E+00   20.00
  45   -44.0000      -9.104 0.2349   0.2491E+02  0.2365E-01 -0.2491E+02  0.0000E+00      -1  -0.998E+00   20.00
  46   -45.0000      -9.103 0.2349   0.2492E+02  0.2365E-01 -0.2491E+02  0.0000E+00      -1  -0.998E+00   20.00
  47   -46.0000      -9.103 0.2349   0.2492E+02  0.2365E-01 -0.2492E+02  0.0000E+00      -1  -0.998E+00   20.00
  48   -47.0000      -9.103 0.2349   0.2492E+02  0.2365E-01 -0.2492E+02  0.0000E+00      -1  -0.998E+00   20.00
  49   -48.0000      -9.103 0.2349   0.2492E+02  0.2365E-01 -0.2492E+02  0.0000E+00      -1  -0.998E+00   20.00
  50   -49.0000      -9.103 0.2349   0.2492E+02  0.2365E-01 -0.2492E+02  0.0000E+00      -1  -0.998E+00   20.00
  51   -50.0000      -9.103 0.2349   0.2492E+02  0.2365E-01 -0.2492E+02  0.0000E+00      -1  -0.998E+00   20.00
  52   -51.0000      -9.103 0.2349   0.2492E+02  0.2365E-01 -0.2492E+02  0.0000E+00      -1  -0.998E+00   20.00
  53   -52.0000      -9.103 0.2349   0.2492E+02  0.2365E-01 -0.2492E+02  0.0000E+00      -1  -0.998E+00   20.00
  54   -53.0000      -9.103 0.2349   0.2492E+02  0.2365E-01 -0.2492E+02  0.0000E+00      -1  -0.998E+00   20.00
  55   -54.0000      -9.103 0.2349   0.2492E+02  0.2365E-01 -0.2492E+02  0.0000E+00      -1  -0.998E+00   20.00
  56   -55.0000      -9.103 0.2349   0.2492E+02  0.2365E-01 -0.2492E+02  0.0000E+00      -1  -0.998E+00   20.00
  57   -56.0000      -9.103 0.2349   0.2492E+02  0.2365E-01 -0.2492E+02  0.0000E+00      -1  -0.998E+00   20.00
  58   -57.0000      -9.103 0.2349   0.2492E+02  0.2365E-01 -0.2492E+02  0.0000E+00      -1  -0.998E+00   20.00
  59   -58.0000      -9.103 0.2349   0.2492E+02  0.2365E-01 -0.2492E+02  0.0000E+00      -1  -0.998E+00   20.00
  60   -59.0000      -9.103 0.2349   0.2492E+02  0.2365E-01 -0.2492E+02  0.0000E+00      -1  -0.998E+00   20.00
  61   -60.0000      -9.103 0.2349   0.2492E+02  0.2365E-01 -0.2492E+02  0.0000E+00      -1  -0.998E+00   20.00
  62   -61.0000      -9.103 0.2349   0.2492E+02  0.2365E-01 -0.2492E+02  0.0000E+00      -1  -0.998E+00   20.00
  63   -62.0000      -9.103 0.2349   0.2492E+02  0.2365E-01 -0.2492E+02  0.0000E+00      -1  -0.998E+00   20.00
  64   -63.0000      -9.103 0.2349   0.2492E+02  0.2365E-01 -0.2492E+02  0.0000E+00      -1  -0.998E+00   20.00
  65   -64.0000      -9.103 0.2349   0.2492E+02  0.2365E-01 -0.2492E+02  0.0000E+00      -1  -0.998E+00   20.00
  66   -65.0000      -9.103 0.2349   0.2492E+02  0.2365E-01 -0.2492E+02  0.0000E+00      -1  -0.998E+00   20.00
  67   -66.0000      -9.103 0.2349   0.2492E+02  0.2365E-01 -0.2492E+02  0.0000E+00      -1  -0.998E+00   20.00
  68   -67.0000      -9.103 0.2349   0.2492E+02  0.2365E-01 -0.2492E+02  0.0000E+00      -1  -0.998E+00   20.00
  69   -68.0000      -9.103 0.2349   0.2492E+02  0.2365E-01 -0.2492E+02  0.0000E+00      -1  -0.998E+00   20.00
  70   -69.0000      -9.103 0.2349   0.2492E+02  0.2365E-01 -0.2492E+02  0.0000E+00      -1  -0.998E+00   20.00
  71   -70.0000      -9.103 0.2349   0.2492E+02  0.2365E-01 -0.2492E+02  0.0000E+00      -1  -0.998E+00   20.00
  72   -71.0000      -9.104 0.2349   0.2491E+02  0.2365E-01 -0.2492E+02  0.0000E+00      -1  -0.998E+00   20.00
  73   -72.0000      -9.104 0.2349   0.2491E+02  0.2365E-01 -0.2491E+02  0.0000E+00      -1  -0.998E+00   20.00
  74   -73.0000      -9.104 0.2349   0.2491E+02  0.2365E-01 -0.2491E+02  0.0000E+00      -1  -0.998E+00   20.00
  75   -74.0000      -9.104 0.2349   0.2491E+02  0.2365E-01 -0.2491E+02  0.0000E+00      -1  -0.998E+00   20.00
  76   -75.0000      -9.104 0.2349   0.2491E+02  0.2365E-01 -0.2491E+02  0.0000E+00      -1  -0.998E+00   20.00
  77   -76.0000      -9.104 0.2349   0.2491E+02  0.2365E-01 -0.2491E+02  0.0000E+00      -1  -0.998E+00   20.00
  78   -77.0000      -9.104 0.2349   0.2491E+02  0.2365E-01 -0.2491E+02  0.0000E+00      -1  -0.998E+00   20.00
  79   -78.0000      -9.104 0.2349   0.2491E+02  0.2365E-01 -0.2491E+02  0.0000E+00      -1  -0.998E+00   20.00
  80   -79.0000      -9.104 0.2349   0.2491E+02  0.2365E-01 -0.2491E+02  0.0000E+00      -1  -0.998E+00   20.00
  81   -80.0000      -9.104 0.2349   0.2491E+02  0.2365E-01 -0.2491E+02  0.0000E+00      -1  -0.998E+00   20.00
  82   -81.0000      -9.104 0.2349   0.2491E+02  0.2365E-01 -0.2491E+02  0.0000E+00      -1  -0.998E+00   20.00
  83   -82.0000      -9.104 0.2349   0.2491E+02  0.2365E-01 -0.2491E+02  0.0000E+00      -1  -0.998E+00   20.00
  84   -83.0000      -9.104 0.2349   0.2491E+02  0.2365E-01 -0.2491E+02  0.0000E+00      -1  -0.998E+00   20.00
  85   -84.0000      -9.104 0.2349   0.2491E+02  0.2365E-01 -0.2491E+02  0.0000E+00      -1  -0.998E+00   20.00
  86   -85.0000      -9.104 0.2349   0.2491E+02  0.2365E-01 -0.2491E+02  0.0000E+00      -1  -0.998E+00   20.00
  87   -86.0000      -9.104 0.2349   0.2491E+02  0.2365E-01 -0.2491E+02  0.0000E+00      -1  -0.998E+00   20.00
  88   -87.0000      -9.104 0.2349   0.2491E+02  0.2365E-01 -0.2491E+02  0.0000E+00      -1  -0.998E+00   20.00
  89   -88.0000      -9.104 0.2349   0.2491E+02  0.2365E-01 -0.2491E+02  0.0000E+00      -1  -0.998E+00   20.00
  90   -89.0000      -9.104 0.2349   0.2491E+02  0.2365E-01 -0.2491E+02  0.0000E+00      -1  -0.998E+00   20.00
  91   -90.0000      -9.104 0.2349   0.2491E+02  0.2365E-01 -0.2491E+02  0.0000E+00      -1  -0.998E+00   20.00
  92   -91.0000      -9.104 0.2349   0.2491E+02  0.2365E-01 -0.2491E+02  0.0000E+00      -1  -0.998E+00   20.00
  93   -92.0000      -9.104 0.2349   0.2491E+02  0.2365E-01 -0.2491E+02  0.0000E+00      -1  -0.998E+00   20.00
  94   -93.0000      -9.104 0.2349   0.2491E+02  0.2365E-01 -0.2491E+02  0.0000E+00      -1  -0.998E+00   20.00
  95   -94.0000      -9.104 0.2349   0.2491E+02  0.2365E-01 -0.2491E+02  0.0000E+00      -1  -0.998E+00   20.00
  96   -95.0000      -9.104 0.2349   0.2491E+02  0.2365E-01 -0.2491E+02  0.0000E+00      -1  -0.998E+00   20.00
  97   -96.0000      -9.104 0.2349   0.2491E+02  0.2365E-01 -0.2491E+02  0.0000E+00      -1  -0.998E+00   20.00
  98   -97.0000      -9.104 0.2349   0.2491E+02  0.2365E-01 -0.2491E+02  0.0000E+00      -1  -0.998E+00   20.00
  99   -98.0000      -9.104 0.2349   0.2491E+02  0.2365E-01 -0.2491E+02  0.0000E+00      -1  -0.998E+00   20.00
 100   -99.0000      -9.104 0.2349   0.2491E+02  0.2365E-01 -0.2491E+02  0.0000E+00      -1  -0.998E+00   20.00
 101  -100.0000      -9.104 0.2349   0.2491E+02  0.2365E-01 -0.2491E+02  0.0000E+00      -1  -0.998E+00   20.00
end
