 ******* Program HYDRUS
 ******* Infiltration submergee, loam 0-30 cm sur sable 30-100 cm                
 Date:   0. 0.    Time: 512:**:**
 Units: L = cm   , T = days , M = g    



                               Node( 11)                      Node( 26)                      Node( 36)                      Node( 61)

         time         h        theta    Temp         h        theta    Temp         h        theta    Temp         h        theta    Temp   
          0.0000     -200.00  0.1930   20.000       -200.00  0.1930   20.000       -200.00  0.0464   20.000       -200.00  0.0464   20.000
          0.0000     -200.00  0.1930   20.000       -200.00  0.1930   20.000       -200.00  0.0464   20.000       -200.00  0.0464   20.000
          0.0000     -200.00  0.1930   20.000       -200.00  0.1930   20.000       -200.00  0.0464   20.000       -200.00  0.0464   20.000
          0.0000     -200.00  0.1930   20.000       -200.00  0.1930   20.000       -200.00  0.0464   20.000       -200.00  0.0464   20.000
          0.0000     -200.00  0.1930   20.000       -200.00  0.1930   20.000       -200.00  0.0464   20.000       -200.00  0.0464   20.000
          0.0001     -200.00  0.1930   20.000       -200.00  0.1930   20.000       -200.00  0.0464   20.000       -200.00  0.0464   20.000
          0.0001     -200.00  0.1930   20.000       -200.00  0.1930   20.000       -200.00  0.0464   20.000       -200.00  0.0464   20.000
          0.0001     -200.00  0.1930   20.000       -200.00  0.1930   20.000       -200.00  0.0464   20.000       -200.00  0.0464   20.000
          0.0001     -200.00  0.1930   20.000       -200.00  0.1930   20.000       -200.00  0.0464   20.000       -200.00  0.0464   20.000
          0.0001     -200.00  0.1930   20.000       -200.00  0.1930   20.000       -200.00  0.0464   20.000       -200.00  0.0464   20.000
          0.0001     -200.00  0.1930   20.000       -200.00  0.1930   20.000       -200.00  0.0464   20.000       -200.00  0.0464   20.000
          0.0001     -200.00  0.1930   20.000       -200.00  0.1930   20.000       -200.00  0.0464   20.000       -200.00  0.0464   20.000
          0.0001     -200.00  0.1930   20.000       -200.00  0.1930   20.000       -200.00  0.0464   20.000       -200.00  0.0464   20.000
          0.0002     -200.00  0.1930   20.000       -200.00  0.1930   20.000       -200.00  0.0464   20.000       -200.00  0.0464   20.000
          0.0002     -200.00  0.1930   20.000       -200.00  0.1930   20.000       -200.00  0.0464   20.000       -200.00  0.0464   20.000
          0.0002     -200.00  0.1930   20.000       -200.00  0.1930   20.000       -200.00  0.0464   20.000       -200.00  0.0464   20.000
          0.0002     -200.00  0.1930   20.000       -200.00  0.1930   20.000       -200.00  0.0464   20.000       -200.00  0.0464   20.000
          0.0002     -200.00  0.1930   20.000       -200.00  0.1930   20.000       -200.00  0.0464   20.000       -200.00  0.0464   20.000
          0.0003     -200.00  0.1930   20.000       -200.00  0.1930   20.000       -200.00  0.0464   20.000       -200.00  0.0464   20.000
          0.0003     -200.00  0.1930   20.000       -200.00  0.1930   20.000       -200.00  0.0464   20.000       -200.00  0.0464   20.000
          0.0003     -200.00  0.1930   20.000       -200.00  0.1930   20.000       -200.00  0.0464   20.000       -200.00  0.0464   20.000
          0.0003     -200.00  0.1930   20.000       -200.00  0.1930   20.000       -200.00  0.0464   20.000       -200.00  0.0464   20.000
          0.0004     -200.00  0.1930   20.000       -200.00  0.1930   20.000       -200.00  0.0464   20.000       -200.00  0.0464   20.000
          0.0004     -200.00  0.1930   20.000       -200.00  0.1930   20.000       -200.00  0.0464   20.000       -200.00  0.0464   20.000
          0.0005     -200.00  0.1930   20.000       -200.00  0.1930   20.000       -200.00  0.0464   20.000       -200.00  0.0464   20.000
          0.0005     -200.00  0.1930   20.000       -200.00  0.1930   20.000       -200.00  0.0464   20.000       -200.00  0.0464   20.000
          0.0005     -200.00  0.1930   20.000       -200.00  0.1930   20.000       -200.00  0.0464   20.000       -200.00  0.0464   20.000
          0.0006     -200.00  0.1930   20.000       -200.00  0.1930   20.000       -200.00  0.0464   20.000       -200.00  0.0464   20.000
          0.0006     -200.00  0.1930   20.000       -200.00  0.1930   20.000       -200.00  0.0464   20.000       -200.00  0.0464   20.000
          0.0007     -200.00  0.1930   20.000       -200.00  0.1930   20.000       -200.00  0.0464   20.000       -200.00  0.0464   20.000
          0.0007     -200.00  0.1930   20.000       -200.00  0.1930   20.000       -200.00  0.0464   20.000       -200.00  0.0464   20.000
          0.0008     -200.00  0.1930   20.000       -200.00  0.1930   20.000       -200.00  0.0464   20.000       -200.00  0.0464   20.000
          0.0008     -200.00  0.1930   20.000       -200.00  0.1930   20.000       -200.00  0.0464   20.000       -200.00  0.0464   20.000
          0.0009     -200.00  0.1930   20.000       -200.00  0.1930   20.000       -200.00  0.0464   20.000       -200.00  0.0464   20.000
          0.0010     -200.00  0.1930   20.000       -200.00  0.1930   20.000       -200.00  0.0464   20.000       -200.00  0.0464   20.000
          0.0011     -200.00  0.1930   20.000       -200.00  0.1930   20.000       -200.00  0.0464   20.000       -200.00  0.0464   20.000
          0.0012     -200.00  0.1930   20.000       -200.00  0.1930   20.000       -200.00  0.0464   20.000       -200.00  0.0464   20.000
          0.0013     -200.00  0.1930   20.000       -200.00  0.1930   20.000       -200.00  0.0464   20.000       -200.00  0.0464   20.000
          0.0014     -200.00  0.1930   20.000       -200.00  0.1930   20.000       -200.00  0.0464   20.000       -200.00  0.0464   20.000
          0.0015     -200.00  0.1930   20.000       -200.00  0.1930   20.000       -200.00  0.0464   20.000       -200.00  0.0464   20.000
          0.0016     -200.00  0.1930   20.000       -200.00  0.1930   20.000       -200.00  0.0464   20.000       -200.00  0.0464   20.000
          0.0017     -200.00  0.1930   20.000       -200.00  0.1930   20.000       -200.00  0.0464   20.000       -200.00  0.0464   20.000
          0.0018     -200.00  0.1930   20.000       -200.00  0.1930   20.000       -200.00  0.0464   20.000       -200.00  0.0464   20.000
          0.0019     -200.00  0.1930   20.000       -200.00  0.1930   20.000       -200.00  0.0464   20.000       -200.00  0.0464   20.000
          0.0020     -200.00  0.1930   20.000       -200.00  0.1930   20.000       -200.00  0.0464   20.000       -200.00  0.0464   20.000
          0.0021     -200.00  0.1930   20.000       -200.00  0.1930   20.000       -200.00  0.0464   20.000       -200.00  0.0464   20.000
          0.0022     -200.00  0.1930   20.000       -200.00  0.1930   20.000       -200.00  0.0464   20.000       -200.00  0.0464   20.000
          0.0023     -200.00  0.1930   20.000       -200.00  0.1930   20.000       -200.00  0.0464   20.000       -200.00  0.0464   20.000
          0.0025     -200.00  0.1930   20.000       -200.00  0.1930   20.000       -200.00  0.0464   20.000       -200.00  0.0464   20.000
          0.0026     -200.00  0.1930   20.000       -200.00  0.1930   20.000       -200.00  0.0464   20.000       -200.00  0.0464   20.000
          0.0028     -200.00  0.1930   20.000       -200.00  0.1930   20.000       -200.00  0.0464   20.000       -200.00  0.0464   20.000
          0.0030     -200.00  0.1930   20.000       -200.00  0.1930   20.000       -200.00  0.0464   20.000       -200.00  0.0464   20.000
          0.0032     -200.00  0.1930   20.000       -200.00  0.1930   20.000       -200.00  0.0464   20.000       -200.00  0.0464   20.000
          0.0033     -200.00  0.1930   20.000       -200.00  0.1930   20.000       -200.00  0.0464   20.000       -200.00  0.0464   20.000
          0.0035     -200.00  0.1930   20.000       -200.00  0.1930   20.000       -200.00  0.0464   20.000       -200.00  0.0464   20.000
          0.0037     -200.00  0.1930   20.000       -200.00  0.1930   20.000       -200.00  0.0464   20.000       -200.00  0.0464   20.000
          0.0039     -200.00  0.1930   20.000       -200.00  0.1930   20.000       -200.00  0.0464   20.000       -200.00  0.0464   20.000
          0.0041     -200.00  0.1930   20.000       -200.00  0.1930   20.000       -200.00  0.0464   20.000       -200.00  0.0464   20.000
          0.0042     -200.00  0.1930   20.000       -200.00  0.1930   20.000       -200.00  0.0464   20.000       -200.00  0.0464   20.000
          0.0044     -200.00  0.1930   20.000       -200.00  0.1930   20.000       -200.00  0.0464   20.000       -200.00  0.0464   20.000
          0.0046     -200.00  0.1930   20.000       -200.00  0.1930   20.000       -200.00  0.0464   20.000       -200.00  0.0464   20.000
          0.0048     -200.00  0.1930   20.000       -200.00  0.1930   20.000       -200.00  0.0464   20.000       -200.00  0.0464   20.000
          0.0050     -200.00  0.1930   20.000       -200.00  0.1930   20.000       -200.00  0.0464   20.000       -200.00  0.0464   20.000
          0.0052     -200.00  0.1930   20.000       -200.00  0.1930   20.000       -200.00  0.0464   20.000       -200.00  0.0464   20.000
          0.0055     -200.00  0.1930   20.000       -200.00  0.1930   20.000       -200.00  0.0464   20.000       -200.00  0.0464   20.000
          0.0057     -200.00  0.1930   20.000       -200.00  0.1930   20.000       -200.00  0.0464   20.000       -200.00  0.0464   20.000
          0.0059     -200.00  0.1930   20.000       -200.00  0.1930   20.000       -200.00  0.0464   20.000       -200.00  0.0464   20.000
          0.0062     -200.00  0.1930   20.000       -200.00  0.1930   20.000       -200.00  0.0464   20.000       -200.00  0.0464   20.000
          0.0065     -200.00  0.1930   20.000       -200.00  0.1930   20.000       -200.00  0.0464   20.000       -200.00  0.0464   20.000
          0.0068     -200.00  0.1930   20.000       -200.00  0.1930   20.000       -200.00  0.0464   20.000       -200.00  0.0464   20.000
          0.0071     -200.00  0.1930   20.000       -200.00  0.1930   20.000       -200.00  0.0464   20.000       -200.00  0.0464   20.000
          0.0074     -200.00  0.1930   20.000       -200.00  0.1930   20.000       -200.00  0.0464   20.000       -200.00  0.0464   20.000
          0.0077     -200.00  0.1930   20.000       -200.00  0.1930   20.000       -200.00  0.0464   20.000       -200.00  0.0464   20.000
          0.0081     -200.00  0.1930   20.000       -200.00  0.1930   20.000       -200.00  0.0464   20.000       -200.00  0.0464   20.000
          0.0085     -200.00  0.1930   20.000       -200.00  0.1930   20.000       -200.00  0.0464   20.000       -200.00  0.0464   20.000
          0.0089     -200.00  0.1930   20.000       -200.00  0.1930   20.000       -200.00  0.0464   20.000       -200.00  0.0464   20.000
          0.0093     -200.00  0.1930   20.000       -200.00  0.1930   20.000       -200.00  0.0464   20.000       -200.00  0.0464   20.000
          0.0097     -200.00  0.1930   20.000       -200.00  0.1930   20.000       -200.00  0.0464   20.000       -200.00  0.0464   20.000
          0.0100     -200.00  0.1930   20.000       -200.00  0.1930   20.000       -200.00  0.0464   20.000       -200.00  0.0464   20.000
          0.0104     -200.00  0.1930   20.000       -200.00  0.1930   20.000       -200.00  0.0464   20.000       -200.00  0.0464   20.000
          0.0108     -200.00  0.1930   20.000       -200.00  0.1930   20.000       -200.00  0.0464   20.000       -200.00  0.0464   20.000
          0.0112     -200.00  0.1930   20.000       -200.00  0.1930   20.000       -200.00  0.0464   20.000       -200.00  0.0464   20.000
          0.0116     -200.00  0.1930   20.000       -200.00  0.1930   20.000       -200.00  0.0464   20.000       -200.00  0.0464   20.000
          0.0120     -200.00  0.1930   20.000       -200.00  0.1930   20.000       -200.00  0.0464   20.000       -200.00  0.0464   20.000
          0.0124     -200.00  0.1930   20.000       -200.00  0.1930   20.000       -200.00  0.0464   20.000       -200.00  0.0464   20.000
          0.0128     -200.00  0.1930   20.000       -200.00  0.1930   20.000       -200.00  0.0464   20.000       -200.00  0.0464   20.000
          0.0132     -200.00  0.1930   20.000       -200.00  0.1930   20.000       -200.00  0.0464   20.000       -200.00  0.0464   20.000
          0.0136     -200.00  0.1930   20.000       -200.00  0.1930   20.000       -200.00  0.0464   20.000       -200.00  0.0464   20.000
          0.0140     -200.00  0.1930   20.000       -200.00  0.1930   20.000       -200.00  0.0464   20.000       -200.00  0.0464   20.000
          0.0145     -200.00  0.1930   20.000       -200.00  0.1930   20.000       -200.00  0.0464   20.000       -200.00  0.0464   20.000
          0.0150     -200.00  0.1930   20.000       -200.00  0.1930   20.000       -200.00  0.0464   20.000       -200.00  0.0464   20.000
          0.0155     -200.00  0.1930   20.000       -200.00  0.1930   20.000       -200.00  0.0464   20.000       -200.00  0.0464   20.000
          0.0160     -200.00  0.1930   20.000       -200.00  0.1930   20.000       -200.00  0.0464   20.000       -200.00  0.0464   20.000
          0.0165     -200.00  0.1930   20.000       -200.00  0.1930   20.000       -200.00  0.0464   20.000       -200.00  0.0464   20.000
          0.0171     -199.99  0.1930   20.000       -200.00  0.1930   20.000       -200.00  0.0464   20.000       -200.00  0.0464   20.000
          0.0176     -199.99  0.1930   20.000       -200.00  0.1930   20.000       -200.00  0.0464   20.000       -200.00  0.0464   20.000
          0.0181     -199.99  0.1930   20.000       -200.00  0.1930   20.000       -200.00  0.0464   20.000       -200.00  0.0464   20.000
          0.0186     -199.98  0.1930   20.000       -200.00  0.1930   20.000       -200.00  0.0464   20.000       -200.00  0.0464   20.000
          0.0191     -199.97  0.1930   20.000       -200.00  0.1930   20.000       -200.00  0.0464   20.000       -200.00  0.0464   20.000
          0.0196     -199.95  0.1930   20.000       -200.00  0.1930   20.000       -200.00  0.0464   20.000       -200.00  0.0464   20.000
          0.0201     -199.93  0.1930   20.000       -200.00  0.1930   20.000       -200.00  0.0464   20.000       -200.00  0.0464   20.000
          0.0206     -199.90  0.1930   20.000       -200.00  0.1930   20.000       -200.00  0.0464   20.000       -200.00  0.0464   20.000
          0.0212     -199.85  0.1931   20.000       -200.00  0.1930   20.000       -200.00  0.0464   20.000       -200.00  0.0464   20.000
          0.0217     -199.78  0.1931   20.000       -200.00  0.1930   20.000       -200.00  0.0464   20.000       -200.00  0.0464   20.000
          0.0223     -199.65  0.1931   20.000       -200.00  0.1930   20.000       -200.00  0.0464   20.000       -200.00  0.0464   20.000
          0.0230     -199.45  0.1932   20.000       -200.00  0.1930   20.000       -200.00  0.0464   20.000       -200.00  0.0464   20.000
          0.0237     -199.13  0.1932   20.000       -200.00  0.1930   20.000       -200.00  0.0464   20.000       -200.00  0.0464   20.000
          0.0243     -198.65  0.1934   20.000       -200.00  0.1930   20.000       -200.00  0.0464   20.000       -200.00  0.0464   20.000
          0.0250     -197.92  0.1936   20.000       -200.00  0.1930   20.000       -200.00  0.0464   20.000       -200.00  0.0464   20.000
          0.0257     -196.80  0.1939   20.000       -200.00  0.1930   20.000       -200.00  0.0464   20.000       -200.00  0.0464   20.000
          0.0263     -195.14  0.1943   20.000       -200.00  0.1930   20.000       -200.00  0.0464   20.000       -200.00  0.0464   20.000
          0.0270     -192.71  0.1950   20.000       -200.00  0.1930   20.000       -200.00  0.0464   20.000       -200.00  0.0464   20.000
          0.0277     -189.88  0.1960   20.000       -200.00  0.1930   20.000       -200.00  0.0464   20.000       -200.00  0.0464   20.000
          0.0283     -186.31  0.1974   20.000       -200.00  0.1930   20.000       -200.00  0.0464   20.000       -200.00  0.0464   20.000
          0.0292     -179.07  0.2002   20.000       -200.00  0.1930   20.000       -200.00  0.0464   20.000       -200.00  0.0464   20.000
          0.0300     -169.02  0.2040   20.000       -200.00  0.1930   20.000       -200.00  0.0464   20.000       -200.00  0.0464   20.000
          0.0309     -155.72  0.2092   20.000       -200.00  0.1930   20.000       -200.00  0.0464   20.000       -200.00  0.0464   20.000
          0.0318     -142.83  0.2155   20.000       -200.00  0.1930   20.000       -200.00  0.0464   20.000       -200.00  0.0464   20.000
          0.0326     -128.61  0.2231   20.000       -200.00  0.1930   20.000       -200.00  0.0464   20.000       -200.00  0.0464   20.000
          0.0335     -115.12  0.2314   20.000       -200.00  0.1930   20.000       -200.00  0.0464   20.000       -200.00  0.0464   20.000
          0.0344     -102.61  0.2407   20.000       -200.00  0.1930   20.000       -200.00  0.0464   20.000       -200.00  0.0464   20.000
          0.0352      -91.21  0.2501   20.000       -200.00  0.1930   20.000       -200.00  0.0464   20.000       -200.00  0.0464   20.000
          0.0361      -81.64  0.2596   20.000       -200.00  0.1930   20.000       -200.00  0.0464   20.000       -200.00  0.0464   20.000
          0.0370      -72.94  0.2691   20.000       -200.00  0.1930   20.000       -200.00  0.0464   20.000       -200.00  0.0464   20.000
          0.0378      -65.93  0.2783   20.000       -200.00  0.1930   20.000       -200.00  0.0464   20.000       -200.00  0.0464   20.000
          0.0387      -59.49  0.2869   20.000       -200.00  0.1930   20.000       -200.00  0.0464   20.000       -200.00  0.0464   20.000
          0.0396      -54.46  0.2954   20.000       -200.00  0.1930   20.000       -200.00  0.0464   20.000       -200.00  0.0464   20.000
          0.0404      -49.71  0.3034   20.000       -200.00  0.1930   20.000       -200.00  0.0464   20.000       -200.00  0.0464   20.000
          0.0413      -45.75  0.3107   20.000       -200.00  0.1930   20.000       -200.00  0.0464   20.000       -200.00  0.0464   20.000
          0.0422      -42.30  0.3179   20.000       -200.00  0.1930   20.000       -200.00  0.0464   20.000       -200.00  0.0464   20.000
          0.0430      -39.03  0.3247   20.000       -200.00  0.1930   20.000       -200.00  0.0464   20.000       -200.00  0.0464   20.000
          0.0439      -36.19  0.3312   20.000       -200.00  0.1930   20.000       -200.00  0.0464   20.000       -200.00  0.0464   20.000
          0.0448      -33.83  0.3370   20.000       -200.00  0.1930   20.000       -200.00  0.0464   20.000       -200.00  0.0464   20.000
          0.0456      -31.62  0.3425   20.000       -200.00  0.1930   20.000       -200.00  0.0464   20.000       -200.00  0.0464   20.000
          0.0467      -29.14  0.3488   20.000       -200.00  0.1930   20.000       -200.00  0.0464   20.000       -200.00  0.0464   20.000
          0.0478      -27.08  0.3546   20.000       -200.00  0.1930   20.000       -200.00  0.0464   20.000       -200.00  0.0464   20.000
          0.0489      -25.19  0.3600   20.000       -200.00  0.1930   20.000       -200.00  0.0464   20.000       -200.00  0.0464   20.000
          0.0500      -23.53  0.3647   20.000       -200.00  0.1930   20.000       -200.00  0.0464   20.000       -200.00  0.0464   20.000
          0.0511      -22.01  0.3693   20.000       -200.00  0.1930   20.000       -200.00  0.0464   20.000       -200.00  0.0464   20.000
          0.0522      -20.67  0.3734   20.000       -200.00  0.1930   20.000       -200.00  0.0464   20.000       -200.00  0.0464   20.000
          0.0534      -19.44  0.3772   20.000       -200.00  0.1930   20.000       -200.00  0.0464   20.000       -200.00  0.0464   20.000
          0.0545      -18.29  0.3808   20.000       -200.00  0.1930   20.000       -200.00  0.0464   20.000       -200.00  0.0464   20.000
          0.0556      -17.33  0.3839   20.000       -200.00  0.1930   20.000       -200.00  0.0464   20.000       -200.00  0.0464   20.000
          0.0567      -16.42  0.3868   20.000       -200.00  0.1930   20.000       -200.00  0.0464   20.000       -200.00  0.0464   20.000
          0.0579      -15.56  0.3896   20.000       -200.00  0.1930   20.000       -200.00  0.0464   20.000       -200.00  0.0464   20.000
          0.0590      -14.78  0.3921   20.000       -200.00  0.1930   20.000       -200.00  0.0464   20.000       -200.00  0.0464   20.000
          0.0601      -14.09  0.3943   20.000       -200.00  0.1930   20.000       -200.00  0.0464   20.000       -200.00  0.0464   20.000
          0.0612      -13.46  0.3964   20.000       -200.00  0.1930   20.000       -200.00  0.0464   20.000       -200.00  0.0464   20.000
          0.0624      -12.82  0.3984   20.000       -200.00  0.1930   20.000       -200.00  0.0464   20.000       -200.00  0.0464   20.000
          0.0635      -12.24  0.4003   20.000       -200.00  0.1930   20.000       -200.00  0.0464   20.000       -200.00  0.0464   20.000
          0.0646      -11.73  0.4019   20.000       -200.00  0.1930   20.000       -200.00  0.0464   20.000       -200.00  0.0464   20.000
          0.0657      -11.24  0.4035   20.000       -200.00  0.1930   20.000       -200.00  0.0464   20.000       -200.00  0.0464   20.000
          0.0669      -10.78  0.4049   20.000       -200.00  0.1930   20.000       -200.00  0.0464   20.000       -200.00  0.0464   20.000
          0.0680      -10.33  0.4063   20.000       -200.00  0.1930   20.000       -200.00  0.0464   20.000       -200.00  0.0464   20.000
          0.0691       -9.92  0.4076   20.000       -200.00  0.1930   20.000       -200.00  0.0464   20.000       -200.00  0.0464   20.000
          0.0702       -9.54  0.4088   20.000       -200.00  0.1930   20.000       -200.00  0.0464   20.000       -200.00  0.0464   20.000
          0.0714       -9.18  0.4099   20.000       -200.00  0.1930   20.000       -200.00  0.0464   20.000       -200.00  0.0464   20.000
          0.0725       -8.83  0.4110   20.000       -200.00  0.1930   20.000       -200.00  0.0464   20.000       -200.00  0.0464   20.000
          0.0736       -8.50  0.4119   20.000       -200.00  0.1930   20.000       -200.00  0.0464   20.000       -200.00  0.0464   20.000
          0.0747       -8.19  0.4128   20.000       -200.00  0.1930   20.000       -200.00  0.0464   20.000       -200.00  0.0464   20.000
          0.0759       -7.90  0.4137   20.000       -200.00  0.1930   20.000       -200.00  0.0464   20.000       -200.00  0.0464   20.000
          0.0770       -7.62  0.4146   20.000       -200.00  0.1930   20.000       -200.00  0.0464   20.000       -200.00  0.0464   20.000
          0.0781       -7.35  0.4154   20.000       -200.00  0.1930   20.000       -200.00  0.0464   20.000       -200.00  0.0464   20.000
          0.0792       -7.09  0.4161   20.000       -200.00  0.1930   20.000       -200.00  0.0464   20.000       -200.00  0.0464   20.000
          0.0807       -6.77  0.4169   20.000       -200.00  0.1930   20.000       -200.00  0.0464   20.000       -200.00  0.0464   20.000
          0.0822       -6.48  0.4178   20.000       -200.00  0.1930   20.000       -200.00  0.0464   20.000       -200.00  0.0464   20.000
          0.0836       -6.21  0.4185   20.000       -200.00  0.1930   20.000       -200.00  0.0464   20.000       -200.00  0.0464   20.000
          0.0851       -5.94  0.4192   20.000       -200.00  0.1930   20.000       -200.00  0.0464   20.000       -200.00  0.0464   20.000
          0.0866       -5.68  0.4199   20.000       -200.00  0.1930   20.000       -200.00  0.0464   20.000       -200.00  0.0464   20.000
          0.0881       -5.44  0.4205   20.000       -200.00  0.1930   20.000       -200.00  0.0464   20.000       -200.00  0.0464   20.000
          0.0896       -5.21  0.4211   20.000       -200.00  0.1930   20.000       -200.00  0.0464   20.000       -200.00  0.0464   20.000
          0.0911       -4.99  0.4217   20.000       -200.00  0.1930   20.000       -200.00  0.0464   20.000       -200.00  0.0464   20.000
          0.0925       -4.78  0.4222   20.000       -200.00  0.1930   20.000       -200.00  0.0464   20.000       -200.00  0.0464   20.000
          0.0940       -4.57  0.4227   20.000       -200.00  0.1930   20.000       -200.00  0.0464   20.000       -200.00  0.0464   20.000
          0.0955       -4.38  0.4232   20.000       -200.00  0.1930   20.000       -200.00  0.0464   20.000       -200.00  0.0464   20.000
          0.0970       -4.19  0.4236   20.000       -200.00  0.1930   20.000       -200.00  0.0464   20.000       -200.00  0.0464   20.000
          0.0985       -4.02  0.4240   20.000       -200.00  0.1930   20.000       -200.00  0.0464   20.000       -200.00  0.0464   20.000
          0.1000       -3.85  0.4244   20.000       -200.00  0.1930   20.000       -200.00  0.0464   20.000       -200.00  0.0464   20.000
          0.1015       -3.69  0.4247   20.000       -200.00  0.1930   20.000       -200.00  0.0464   20.000       -200.00  0.0464   20.000
          0.1029       -3.53  0.4251   20.000       -200.00  0.1930   20.000       -200.00  0.0464   20.000       -200.00  0.0464   20.000
          0.1044       -3.38  0.4254   20.000       -200.00  0.1930   20.000       -200.00  0.0464   20.000       -200.00  0.0464   20.000
          0.1058       -3.24  0.4257   20.000       -200.00  0.1930   20.000       -200.00  0.0464   20.000       -200.00  0.0464   20.000
          0.1073       -3.10  0.4259   20.000       -200.00  0.1930   20.000       -200.00  0.0464   20.000       -200.00  0.0464   20.000
          0.1088       -2.97  0.4262   20.000       -200.00  0.1930   20.000       -200.00  0.0464   20.000       -200.00  0.0464   20.000
          0.1102       -2.84  0.4265   20.000       -200.00  0.1930   20.000       -200.00  0.0464   20.000       -200.00  0.0464   20.000
          0.1117       -2.71  0.4267   20.000       -200.00  0.1930   20.000       -200.00  0.0464   20.000       -200.00  0.0464   20.000
          0.1132       -2.59  0.4269   20.000       -200.00  0.1930   20.000       -200.00  0.0464   20.000       -200.00  0.0464   20.000
          0.1146       -2.47  0.4271   20.000       -200.00  0.1930   20.000       -200.00  0.0464   20.000       -200.00  0.0464   20.000
          0.1161       -2.35  0.4273   20.000       -200.00  0.1930   20.000       -200.00  0.0464   20.000       -200.00  0.0464   20.000
          0.1175       -2.25  0.4275   20.000       -200.00  0.1930   20.000       -200.00  0.0464   20.000       -200.00  0.0464   20.000
          0.1190       -2.16  0.4277   20.000       -200.00  0.1930   20.000       -200.00  0.0464   20.000       -200.00  0.0464   20.000
          0.1205       -2.04  0.4279   20.000       -200.00  0.1930   20.000       -200.00  0.0464   20.000       -200.00  0.0464   20.000
          0.1219       -1.93  0.4280   20.000       -200.00  0.1930   20.000       -200.00  0.0464   20.000       -200.00  0.0464   20.000
          0.1234       -1.88  0.4281   20.000       -200.00  0.1930   20.000       -200.00  0.0464   20.000       -200.00  0.0464   20.000
          0.1249       -1.81  0.4282   20.000       -200.00  0.1930   20.000       -200.00  0.0464   20.000       -200.00  0.0464   20.000
          0.1263       -1.69  0.4284   20.000       -200.00  0.1930   20.000       -200.00  0.0464   20.000       -200.00  0.0464   20.000
          0.1278       -1.57  0.4286   20.000       -199.99  0.1930   20.000       -200.00  0.0464   20.000       -200.00  0.0464   20.000
          0.1292       -1.48  0.4287   20.000       -199.99  0.1930   20.000       -200.00  0.0464   20.000       -200.00  0.0464   20.000
          0.1303       -1.42  0.4288   20.000       -199.99  0.1930   20.000       -200.00  0.0464   20.000       -200.00  0.0464   20.000
          0.1313       -1.39  0.4288   20.000       -199.99  0.1930   20.000       -200.00  0.0464   20.000       -200.00  0.0464   20.000
          0.1323       -1.38  0.4288   20.000       -199.99  0.1930   20.000       -200.00  0.0464   20.000       -200.00  0.0464   20.000
          0.1333       -1.34  0.4289   20.000       -199.99  0.1930   20.000       -200.00  0.0464   20.000       -200.00  0.0464   20.000
          0.1344       -1.31  0.4289   20.000       -199.98  0.1930   20.000       -200.00  0.0464   20.000       -200.00  0.0464   20.000
          0.1354       -1.27  0.4290   20.000       -199.98  0.1930   20.000       -200.00  0.0464   20.000       -200.00  0.0464   20.000
          0.1364       -1.22  0.4290   20.000       -199.97  0.1930   20.000       -200.00  0.0464   20.000       -200.00  0.0464   20.000
          0.1374       -1.18  0.4291   20.000       -199.96  0.1930   20.000       -200.00  0.0464   20.000       -200.00  0.0464   20.000
          0.1384       -1.12  0.4292   20.000       -199.95  0.1930   20.000       -200.00  0.0464   20.000       -200.00  0.0464   20.000
          0.1395       -1.03  0.4293   20.000       -199.93  0.1930   20.000       -200.00  0.0464   20.000       -200.00  0.0464   20.000
          0.1405       -1.03  0.4293   20.000       -199.90  0.1930   20.000       -200.00  0.0464   20.000       -200.00  0.0464   20.000
          0.1412       -0.97  0.4293   20.000       -199.88  0.1930   20.000       -200.00  0.0464   20.000       -200.00  0.0464   20.000
          0.1422       -0.91  0.4294   20.000       -199.84  0.1931   20.000       -200.00  0.0464   20.000       -200.00  0.0464   20.000
          0.1432       -0.85  0.4294   20.000       -199.78  0.1931   20.000       -200.00  0.0464   20.000       -200.00  0.0464   20.000
          0.1442       -0.88  0.4294   20.000       -199.70  0.1931   20.000       -200.00  0.0464   20.000       -200.00  0.0464   20.000
          0.1448       -0.87  0.4294   20.000       -199.64  0.1931   20.000       -200.00  0.0464   20.000       -200.00  0.0464   20.000
          0.1455       -0.79  0.4295   20.000       -199.56  0.1931   20.000       -200.00  0.0464   20.000       -200.00  0.0464   20.000
          0.1464       -0.76  0.4295   20.000       -199.43  0.1932   20.000       -200.00  0.0464   20.000       -200.00  0.0464   20.000
          0.1473       -0.73  0.4296   20.000       -199.25  0.1932   20.000       -200.00  0.0464   20.000       -200.00  0.0464   20.000
          0.1482       -0.71  0.4296   20.000       -199.01  0.1933   20.000       -200.00  0.0464   20.000       -200.00  0.0464   20.000
          0.1491       -0.65  0.4296   20.000       -198.68  0.1934   20.000       -200.00  0.0464   20.000       -200.00  0.0464   20.000
          0.1500       -0.68  0.4296   20.000       -198.24  0.1935   20.000       -200.00  0.0464   20.000       -200.00  0.0464   20.000
          0.1506       -0.61  0.4297   20.000       -197.89  0.1936   20.000       -200.00  0.0464   20.000       -200.00  0.0464   20.000
          0.1514       -0.60  0.4297   20.000       -197.31  0.1937   20.000       -200.00  0.0464   20.000       -200.00  0.0464   20.000
          0.1521       -0.55  0.4297   20.000       -196.57  0.1940   20.000       -200.00  0.0464   20.000       -200.00  0.0464   20.000
          0.1529       -0.51  0.4297   20.000       -195.61  0.1942   20.000       -200.00  0.0464   20.000       -200.00  0.0464   20.000
          0.1537       -0.49  0.4298   20.000       -194.36  0.1946   20.000       -200.00  0.0464   20.000       -200.00  0.0464   20.000
          0.1544       -0.54  0.4297   20.000       -192.78  0.1950   20.000       -200.00  0.0464   20.000       -200.00  0.0464   20.000
          0.1555       -0.54  0.4297   20.000       -190.53  0.1958   20.000       -200.00  0.0464   20.000       -200.00  0.0464   20.000
          0.1562       -0.52  0.4297   20.000       -188.75  0.1964   20.000       -200.00  0.0464   20.000       -200.00  0.0464   20.000
          0.1569       -0.44  0.4298   20.000       -186.48  0.1973   20.000       -200.00  0.0464   20.000       -200.00  0.0464   20.000
          0.1578       -0.48  0.4298   20.000       -182.82  0.1987   20.000       -200.00  0.0464   20.000       -200.00  0.0464   20.000
          0.1584       -0.47  0.4298   20.000       -179.81  0.1999   20.000       -200.00  0.0464   20.000       -200.00  0.0464   20.000
          0.1590       -0.48  0.4298   20.000       -176.16  0.2013   20.000       -200.00  0.0464   20.000       -200.00  0.0464   20.000
          0.1597       -0.40  0.4298   20.000       -171.82  0.2030   20.000       -200.00  0.0464   20.000       -200.00  0.0464   20.000
          0.1605       -0.38  0.4298   20.000       -165.21  0.2055   20.000       -200.00  0.0464   20.000       -200.00  0.0464   20.000
          0.1613       -0.38  0.4298   20.000       -157.69  0.2084   20.000       -200.00  0.0464   20.000       -200.00  0.0464   20.000
          0.1622       -0.32  0.4299   20.000       -149.72  0.2118   20.000       -200.00  0.0464   20.000       -200.00  0.0464   20.000
          0.1628       -0.30  0.4299   20.000       -144.78  0.2145   20.000       -200.00  0.0464   20.000       -200.00  0.0464   20.000
          0.1633       -0.38  0.4299   20.000       -139.40  0.2173   20.000       -200.00  0.0464   20.000       -200.00  0.0464   20.000
          0.1641       -0.29  0.4299   20.000       -132.00  0.2213   20.000       -200.00  0.0464   20.000       -200.00  0.0464   20.000
          0.1644       -0.28  0.4299   20.000       -128.71  0.2231   20.000       -200.00  0.0464   20.000       -200.00  0.0464   20.000
          0.1647       -0.30  0.4299   20.000       -125.23  0.2249   20.000       -200.00  0.0464   20.000       -200.00  0.0464   20.000
          0.1652       -0.30  0.4299   20.000       -120.56  0.2275   20.000       -200.00  0.0464   20.000       -200.00  0.0464   20.000
          0.1657       -0.31  0.4299   20.000       -115.83  0.2309   20.000       -200.00  0.0464   20.000       -200.00  0.0464   20.000
          0.1663       -0.24  0.4299   20.000       -110.97  0.2345   20.000       -200.00  0.0464   20.000       -200.00  0.0464   20.000
          0.1670       -0.22  0.4299   20.000       -104.54  0.2392   20.000       -200.00  0.0464   20.000       -200.00  0.0464   20.000
          0.1675       -0.30  0.4299   20.000       -100.03  0.2426   20.000       -200.00  0.0464   20.000       -200.00  0.0464   20.000
          0.1682       -0.22  0.4299   20.000        -94.42  0.2470   20.000       -200.00  0.0464   20.000       -200.00  0.0464   20.000
          0.1686       -0.19  0.4299   20.000        -91.23  0.2501   20.000       -200.00  0.0464   20.000       -200.00  0.0464   20.000
          0.1691       -0.29  0.4299   20.000        -87.98  0.2533   20.000       -200.00  0.0464   20.000       -200.00  0.0464   20.000
          0.1697       -0.20  0.4299   20.000        -83.77  0.2575   20.000       -200.00  0.0464   20.000       -200.00  0.0464   20.000
          0.1701       -0.18  0.4300   20.000        -80.84  0.2604   20.000       -200.00  0.0464   20.000       -200.00  0.0464   20.000
          0.1705       -0.27  0.4299   20.000        -77.95  0.2633   20.000       -200.00  0.0464   20.000       -200.00  0.0464   20.000
          0.1710       -0.28  0.4299   20.000        -74.60  0.2670   20.000       -200.00  0.0464   20.000       -200.00  0.0464   20.000
          0.1716       -0.26  0.4299   20.000        -71.84  0.2706   20.000       -200.00  0.0464   20.000       -200.00  0.0464   20.000
          0.1721       -0.22  0.4299   20.000        -69.08  0.2742   20.000       -200.00  0.0464   20.000       -200.00  0.0464   20.000
          0.1727       -0.21  0.4299   20.000        -66.32  0.2778   20.000       -200.00  0.0464   20.000       -200.00  0.0464   20.000
          0.1734       -0.15  0.4300   20.000        -62.79  0.2825   20.000       -200.00  0.0464   20.000       -200.00  0.0464   20.000
          0.1743       -0.12  0.4300   20.000        -58.67  0.2883   20.000       -200.00  0.0464   20.000       -200.00  0.0464   20.000
          0.1749       -0.12  0.4300   20.000        -56.27  0.2923   20.000       -200.00  0.0464   20.000       -200.00  0.0464   20.000
          0.1756       -0.11  0.4300   20.000        -53.97  0.2962   20.000       -200.00  0.0464   20.000       -200.00  0.0464   20.000
          0.1762       -0.12  0.4300   20.000        -51.72  0.3000   20.000       -200.00  0.0464   20.000       -200.00  0.0464   20.000
          0.1770       -0.10  0.4300   20.000        -48.78  0.3049   20.000       -200.00  0.0464   20.000       -200.00  0.0464   20.000
          0.1776       -0.09  0.4300   20.000        -46.88  0.3084   20.000       -200.00  0.0464   20.000       -200.00  0.0464   20.000
          0.1782       -0.07  0.4300   20.000        -45.27  0.3117   20.000       -200.00  0.0464   20.000       -200.00  0.0464   20.000
          0.1788       -0.08  0.4300   20.000        -43.72  0.3149   20.000       -200.00  0.0464   20.000       -200.00  0.0464   20.000
          0.1794       -0.14  0.4300   20.000        -42.21  0.3181   20.000       -200.00  0.0464   20.000       -200.00  0.0464   20.000
          0.1801       -0.13  0.4300   20.000        -40.27  0.3221   20.000       -200.00  0.0464   20.000       -200.00  0.0464   20.000
          0.1805       -0.13  0.4300   20.000        -39.44  0.3238   20.000       -200.00  0.0464   20.000       -200.00  0.0464   20.000
          0.1808       -0.09  0.4300   20.000        -38.65  0.3255   20.000       -200.00  0.0464   20.000       -200.00  0.0464   20.000
          0.1812       -0.15  0.4300   20.000        -37.63  0.3276   20.000       -200.00  0.0464   20.000       -200.00  0.0464   20.000
          0.1818       -0.15  0.4300   20.000        -36.53  0.3303   20.000       -200.00  0.0464   20.000       -200.00  0.0464   20.000
          0.1823       -0.06  0.4300   20.000        -35.46  0.3330   20.000       -200.00  0.0464   20.000       -200.00  0.0464   20.000
          0.1831       -0.06  0.4300   20.000        -34.08  0.3364   20.000       -200.00  0.0464   20.000       -200.00  0.0464   20.000
          0.1836       -0.06  0.4300   20.000        -33.13  0.3387   20.000       -200.00  0.0464   20.000       -200.00  0.0464   20.000
          0.1841       -0.11  0.4300   20.000        -32.24  0.3409   20.000       -200.00  0.0464   20.000       -200.00  0.0464   20.000
          0.1847       -0.06  0.4300   20.000        -31.13  0.3437   20.000       -200.00  0.0464   20.000       -200.00  0.0464   20.000
          0.1852       -0.05  0.4300   20.000        -30.38  0.3455   20.000       -200.00  0.0464   20.000       -200.00  0.0464   20.000
          0.1856       -0.02  0.4300   20.000        -29.67  0.3474   20.000       -200.00  0.0464   20.000       -200.00  0.0464   20.000
          0.1861       -0.02  0.4300   20.000        -29.03  0.3491   20.000       -200.00  0.0464   20.000       -200.00  0.0464   20.000
          0.1866       -0.11  0.4300   20.000        -28.39  0.3509   20.000       -200.00  0.0464   20.000       -200.00  0.0464   20.000
          0.1872       -0.05  0.4300   20.000        -27.57  0.3533   20.000       -200.00  0.0464   20.000       -200.00  0.0464   20.000
          0.1876       -0.03  0.4300   20.000        -27.02  0.3548   20.000       -200.00  0.0464   20.000       -200.00  0.0464   20.000
          0.1880       -0.10  0.4300   20.000        -26.49  0.3563   20.000       -200.00  0.0464   20.000       -200.00  0.0464   20.000
          0.1885       -0.05  0.4300   20.000        -25.82  0.3582   20.000       -200.00  0.0464   20.000       -200.00  0.0464   20.000
          0.1893       -0.04  0.4300   20.000        -24.98  0.3606   20.000       -200.00  0.0464   20.000       -200.00  0.0464   20.000
          0.1897       -0.04  0.4300   20.000        -24.39  0.3622   20.000       -200.00  0.0464   20.000       -200.00  0.0464   20.000
          0.1902       -0.06  0.4300   20.000        -23.81  0.3639   20.000       -200.00  0.0464   20.000       -200.00  0.0464   20.000
          0.1909       -0.05  0.4300   20.000        -23.12  0.3659   20.000       -200.00  0.0464   20.000       -200.00  0.0464   20.000
          0.1915       -0.07  0.4300   20.000        -22.50  0.3678   20.000       -200.00  0.0464   20.000       -200.00  0.0464   20.000
          0.1922       -0.01  0.4300   20.000        -21.92  0.3696   20.000       -200.00  0.0464   20.000       -200.00  0.0464   20.000
          0.1930       -0.05  0.4300   20.000        -21.14  0.3720   20.000       -200.00  0.0464   20.000       -200.00  0.0464   20.000
          0.1939       -0.04  0.4300   20.000        -20.37  0.3744   20.000       -200.00  0.0464   20.000       -200.00  0.0464   20.000
          0.1945       -0.03  0.4300   20.000        -19.84  0.3760   20.000       -200.00  0.0464   20.000       -200.00  0.0464   20.000
          0.1951       -0.03  0.4300   20.000        -19.32  0.3776   20.000       -200.00  0.0464   20.000       -200.00  0.0464   20.000
          0.1957        0.00  0.4300   20.000        -18.83  0.3791   20.000       -200.00  0.0464   20.000       -200.00  0.0464   20.000
          0.1963       -0.03  0.4300   20.000        -18.39  0.3805   20.000       -200.00  0.0464   20.000       -200.00  0.0464   20.000
          0.1970       -0.01  0.4300   20.000        -17.97  0.3819   20.000       -200.00  0.0464   20.000       -200.00  0.0464   20.000
          0.1976       -0.03  0.4300   20.000        -17.56  0.3832   20.000       -200.00  0.0464   20.000       -200.00  0.0464   20.000
          0.1982       -0.05  0.4300   20.000        -17.15  0.3845   20.000       -200.00  0.0464   20.000       -200.00  0.0464   20.000
          0.1988        0.06  0.4300   20.000        -16.76  0.3857   20.000       -200.00  0.0464   20.000       -200.00  0.0464   20.000
          0.1994       -0.05  0.4300   20.000        -16.36  0.3870   20.000       -200.00  0.0464   20.000       -200.00  0.0464   20.000
          0.2000       -0.04  0.4300   20.000        -15.96  0.3883   20.000       -200.00  0.0464   20.000       -200.00  0.0464   20.000
          0.2008       -0.04  0.4300   20.000        -15.50  0.3898   20.000       -200.00  0.0464   20.000       -200.00  0.0464   20.000
          0.2015       -0.04  0.4300   20.000        -15.07  0.3912   20.000       -200.00  0.0464   20.000       -200.00  0.0464   20.000
          0.2023       -0.04  0.4300   20.000        -14.66  0.3925   20.000       -200.00  0.0464   20.000       -200.00  0.0464   20.000
          0.2030       -0.03  0.4300   20.000        -14.26  0.3938   20.000       -200.00  0.0464   20.000       -200.00  0.0464   20.000
          0.2038       -0.03  0.4300   20.000        -13.87  0.3950   20.000       -200.00  0.0464   20.000       -200.00  0.0464   20.000
          0.2046       -0.03  0.4300   20.000        -13.49  0.3963   20.000       -200.00  0.0464   20.000       -200.00  0.0464   20.000
          0.2053       -0.03  0.4300   20.000        -13.11  0.3975   20.000       -200.00  0.0464   20.000       -200.00  0.0464   20.000
          0.2061       -0.03  0.4300   20.000        -12.76  0.3986   20.000       -200.00  0.0464   20.000       -200.00  0.0464   20.000
          0.2069       -0.03  0.4300   20.000        -12.43  0.3997   20.000       -200.00  0.0464   20.000       -200.00  0.0464   20.000
          0.2076       -0.03  0.4300   20.000        -12.11  0.4007   20.000       -200.00  0.0464   20.000       -200.00  0.0464   20.000
          0.2084       -0.03  0.4300   20.000        -11.79  0.4017   20.000       -200.00  0.0464   20.000       -200.00  0.0464   20.000
          0.2091       -0.04  0.4300   20.000        -11.48  0.4027   20.000       -200.00  0.0464   20.000       -200.00  0.0464   20.000
          0.2099       -0.04  0.4300   20.000        -11.18  0.4037   20.000       -200.00  0.0464   20.000       -200.00  0.0464   20.000
          0.2107       -0.04  0.4300   20.000        -10.89  0.4046   20.000       -200.00  0.0464   20.000       -200.00  0.0464   20.000
          0.2114       -0.03  0.4300   20.000        -10.61  0.4054   20.000       -200.00  0.0464   20.000       -200.00  0.0464   20.000
          0.2122       -0.03  0.4300   20.000        -10.35  0.4063   20.000       -200.00  0.0464   20.000       -200.00  0.0464   20.000
          0.2129       -0.03  0.4300   20.000        -10.09  0.4071   20.000       -200.00  0.0464   20.000       -200.00  0.0464   20.000
          0.2137       -0.02  0.4300   20.000         -9.84  0.4079   20.000       -200.00  0.0464   20.000       -200.00  0.0464   20.000
          0.2145       -0.01  0.4300   20.000         -9.59  0.4086   20.000       -200.00  0.0464   20.000       -200.00  0.0464   20.000
          0.2152       -0.03  0.4300   20.000         -9.35  0.4094   20.000       -200.00  0.0464   20.000       -200.00  0.0464   20.000
          0.2160       -0.04  0.4300   20.000         -9.11  0.4101   20.000       -200.00  0.0464   20.000       -200.00  0.0464   20.000
          0.2168       -0.04  0.4300   20.000         -8.89  0.4108   20.000       -200.00  0.0464   20.000       -200.00  0.0464   20.000
          0.2175       -0.04  0.4300   20.000         -8.67  0.4114   20.000       -200.00  0.0464   20.000       -200.00  0.0464   20.000
          0.2180       -0.02  0.4300   20.000         -8.52  0.4119   20.000       -200.00  0.0464   20.000       -200.00  0.0464   20.000
          0.2186        0.04  0.4300   20.000         -8.38  0.4123   20.000       -200.00  0.0464   20.000       -200.00  0.0464   20.000
          0.2193       -0.03  0.4300   20.000         -8.19  0.4129   20.000       -200.00  0.0464   20.000       -200.00  0.0464   20.000
          0.2198        0.01  0.4300   20.000         -8.06  0.4132   20.000       -200.00  0.0464   20.000       -200.00  0.0464   20.000
          0.2202       -0.02  0.4300   20.000         -7.94  0.4136   20.000       -200.00  0.0464   20.000       -200.00  0.0464   20.000
          0.2207        0.08  0.4300   20.000         -7.81  0.4140   20.000       -200.00  0.0464   20.000       -200.00  0.0464   20.000
          0.2214       -0.02  0.4300   20.000         -7.65  0.4145   20.000       -200.00  0.0464   20.000       -200.00  0.0464   20.000
          0.2218       -0.00  0.4300   20.000         -7.54  0.4148   20.000       -200.00  0.0464   20.000       -200.00  0.0464   20.000
          0.2222       -0.00  0.4300   20.000         -7.43  0.4151   20.000       -200.00  0.0464   20.000       -200.00  0.0464   20.000
          0.2227        0.07  0.4300   20.000         -7.32  0.4154   20.000       -200.00  0.0464   20.000       -200.00  0.0464   20.000
          0.2231       -0.04  0.4300   20.000         -7.20  0.4158   20.000       -200.00  0.0464   20.000       -200.00  0.0464   20.000
          0.2237       -0.03  0.4300   20.000         -7.06  0.4162   20.000       -200.00  0.0464   20.000       -200.00  0.0464   20.000
          0.2241        0.01  0.4300   20.000         -6.96  0.4164   20.000       -200.00  0.0464   20.000       -200.00  0.0464   20.000
          0.2244        0.09  0.4300   20.000         -6.89  0.4166   20.000       -200.00  0.0464   20.000       -200.00  0.0464   20.000
          0.2247       -0.03  0.4300   20.000         -6.82  0.4168   20.000       -200.00  0.0464   20.000       -200.00  0.0464   20.000
          0.2250       -0.02  0.4300   20.000         -6.73  0.4171   20.000       -200.00  0.0464   20.000       -200.00  0.0464   20.000
          0.2255       -0.04  0.4300   20.000         -6.62  0.4174   20.000       -200.00  0.0464   20.000       -200.00  0.0464   20.000
          0.2260       -0.03  0.4300   20.000         -6.50  0.4177   20.000       -200.00  0.0464   20.000       -200.00  0.0464   20.000
          0.2265        0.01  0.4300   20.000         -6.38  0.4180   20.000       -200.00  0.0464   20.000       -200.00  0.0464   20.000
          0.2268       -0.00  0.4300   20.000         -6.30  0.4183   20.000       -200.00  0.0464   20.000       -200.00  0.0464   20.000
          0.2271        0.05  0.4300   20.000         -6.22  0.4185   20.000       -200.00  0.0464   20.000       -200.00  0.0464   20.000
          0.2276       -0.02  0.4300   20.000         -6.10  0.4188   20.000       -200.00  0.0464   20.000       -200.00  0.0464   20.000
          0.2281       -0.03  0.4300   20.000         -5.95  0.4192   20.000       -200.00  0.0464   20.000       -200.00  0.0464   20.000
          0.2287       -0.03  0.4300   20.000         -5.80  0.4196   20.000       -200.00  0.0464   20.000       -200.00  0.0464   20.000
          0.2292       -0.00  0.4300   20.000         -5.65  0.4200   20.000       -200.00  0.0464   20.000       -200.00  0.0464   20.000
          0.2298       -0.03  0.4300   20.000         -5.49  0.4204   20.000       -200.00  0.0464   20.000       -200.00  0.0464   20.000
          0.2304       -0.03  0.4300   20.000         -5.33  0.4208   20.000       -200.00  0.0464   20.000       -200.00  0.0464   20.000
          0.2309       -0.04  0.4300   20.000         -5.17  0.4212   20.000       -200.00  0.0464   20.000       -200.00  0.0464   20.000
          0.2315       -0.02  0.4300   20.000         -5.01  0.4216   20.000       -200.00  0.0464   20.000       -200.00  0.0464   20.000
          0.2321       -0.01  0.4300   20.000         -4.85  0.4220   20.000       -200.00  0.0464   20.000       -200.00  0.0464   20.000
          0.2326       -0.03  0.4300   20.000         -4.69  0.4224   20.000       -200.00  0.0464   20.000       -200.00  0.0464   20.000
          0.2332       -0.03  0.4300   20.000         -4.53  0.4228   20.000       -200.00  0.0464   20.000       -200.00  0.0464   20.000
          0.2337       -0.03  0.4300   20.000         -4.36  0.4232   20.000       -200.00  0.0464   20.000       -200.00  0.0464   20.000
          0.2341        0.09  0.4300   20.000         -4.25  0.4234   20.000       -200.00  0.0464   20.000       -200.00  0.0464   20.000
          0.2346       -0.03  0.4300   20.000         -4.10  0.4238   20.000       -200.00  0.0464   20.000       -200.00  0.0464   20.000
          0.2352       -0.02  0.4300   20.000         -3.96  0.4241   20.000       -200.00  0.0464   20.000       -200.00  0.0464   20.000
          0.2357        0.01  0.4300   20.000         -3.81  0.4244   20.000       -200.00  0.0464   20.000       -200.00  0.0464   20.000
          0.2362        0.00  0.4300   20.000         -3.67  0.4248   20.000       -200.00  0.0464   20.000       -200.00  0.0464   20.000
          0.2365       -0.00  0.4300   20.000         -3.58  0.4250   20.000       -200.00  0.0464   20.000       -200.00  0.0464   20.000
          0.2370        0.00  0.4300   20.000         -3.45  0.4252   20.000       -200.00  0.0464   20.000       -200.00  0.0464   20.000
          0.2375       -0.01  0.4300   20.000         -3.34  0.4255   20.000       -200.00  0.0464   20.000       -200.00  0.0464   20.000
          0.2379        0.10  0.4300   20.000         -3.23  0.4257   20.000       -200.00  0.0464   20.000       -200.00  0.0464   20.000
          0.2385       -0.03  0.4300   20.000         -3.08  0.4260   20.000       -200.00  0.0464   20.000       -200.00  0.0464   20.000
          0.2391       -0.02  0.4300   20.000         -2.93  0.4263   20.000       -200.00  0.0464   20.000       -200.00  0.0464   20.000
          0.2397       -0.02  0.4300   20.000         -2.79  0.4266   20.000       -200.00  0.0464   20.000       -200.00  0.0464   20.000
          0.2402       -0.01  0.4300   20.000         -2.69  0.4267   20.000       -200.00  0.0464   20.000       -200.00  0.0464   20.000
          0.2406        0.01  0.4300   20.000         -2.61  0.4269   20.000       -200.00  0.0464   20.000       -200.00  0.0464   20.000
          0.2411       -0.02  0.4300   20.000         -2.50  0.4271   20.000       -200.00  0.0464   20.000       -200.00  0.0464   20.000
          0.2417       -0.01  0.4300   20.000         -2.42  0.4272   20.000       -200.00  0.0464   20.000       -200.00  0.0464   20.000
          0.2422       -0.02  0.4300   20.000         -2.34  0.4274   20.000       -199.99  0.0464   20.000       -200.00  0.0464   20.000
          0.2426       -0.02  0.4300   20.000         -2.29  0.4275   20.000       -199.99  0.0464   20.000       -200.00  0.0464   20.000
          0.2429        0.06  0.4300   20.000         -2.26  0.4275   20.000       -199.98  0.0464   20.000       -200.00  0.0464   20.000
          0.2433       -0.01  0.4300   20.000         -2.21  0.4276   20.000       -199.96  0.0464   20.000       -200.00  0.0464   20.000
          0.2436       -0.01  0.4300   20.000         -2.18  0.4276   20.000       -199.93  0.0464   20.000       -200.00  0.0464   20.000
          0.2440        0.01  0.4300   20.000         -2.14  0.4277   20.000       -199.87  0.0464   20.000       -200.00  0.0464   20.000
          0.2444        0.03  0.4300   20.000         -2.11  0.4278   20.000       -199.68  0.0464   20.000       -200.00  0.0464   20.000
          0.2447        0.00  0.4300   20.000         -2.08  0.4278   20.000       -199.47  0.0464   20.000       -200.00  0.0464   20.000
          0.2451       -0.01  0.4300   20.000         -2.05  0.4279   20.000       -198.91  0.0464   20.000       -200.00  0.0464   20.000
          0.2456       -0.01  0.4300   20.000         -2.01  0.4279   20.000       -197.94  0.0464   20.000       -200.00  0.0464   20.000
          0.2459        0.02  0.4300   20.000         -1.99  0.4279   20.000       -197.00  0.0464   20.000       -200.00  0.0464   20.000
          0.2461       -0.01  0.4300   20.000         -1.97  0.4280   20.000       -195.34  0.0464   20.000       -200.00  0.0464   20.000
          0.2464        0.05  0.4300   20.000         -1.96  0.4280   20.000       -192.91  0.0464   20.000       -200.00  0.0464   20.000
          0.2468       -0.03  0.4300   20.000         -1.93  0.4280   20.000       -189.73  0.0465   20.000       -200.00  0.0464   20.000
          0.2474       -0.01  0.4300   20.000         -1.90  0.4281   20.000       -182.13  0.0466   20.000       -200.00  0.0464   20.000
          0.2479       -0.00  0.4300   20.000         -1.89  0.4281   20.000       -170.62  0.0468   20.000       -200.00  0.0464   20.000
          0.2486       -0.01  0.4300   20.000         -1.87  0.4281   20.000       -146.04  0.0473   20.000       -200.00  0.0464   20.000
          0.2491       -0.04  0.4300   20.000         -1.86  0.4281   20.000       -131.30  0.0478   20.000       -200.00  0.0464   20.000
          0.2495       -0.02  0.4300   20.000         -1.85  0.4282   20.000       -116.67  0.0484   20.000       -200.00  0.0464   20.000
          0.2498       -0.01  0.4300   20.000         -1.85  0.4282   20.000       -111.10  0.0487   20.000       -200.00  0.0464   20.000
          0.2500        0.02  0.4300   20.000         -1.84  0.4282   20.000       -104.40  0.0491   20.000       -200.00  0.0464   20.000
          0.2503       -0.01  0.4300   20.000         -1.84  0.4282   20.000        -94.61  0.0498   20.000       -200.00  0.0464   20.000
          0.2506        0.06  0.4300   20.000         -1.84  0.4282   20.000        -88.22  0.0505   20.000       -200.00  0.0464   20.000
          0.2510       -0.02  0.4300   20.000         -1.83  0.4282   20.000        -79.06  0.0515   20.000       -200.00  0.0464   20.000
          0.2514       -0.00  0.4300   20.000         -1.83  0.4282   20.000        -72.22  0.0526   20.000       -200.00  0.0464   20.000
          0.2518       -0.00  0.4300   20.000         -1.83  0.4282   20.000        -66.42  0.0538   20.000       -200.00  0.0464   20.000
          0.2523        0.01  0.4300   20.000         -1.84  0.4282   20.000        -59.63  0.0553   20.000       -200.00  0.0464   20.000
          0.2527        0.07  0.4300   20.000         -1.86  0.4282   20.000        -55.28  0.0570   20.000       -200.00  0.0464   20.000
          0.2531       -0.02  0.4300   20.000         -1.84  0.4282   20.000        -50.52  0.0588   20.000       -200.00  0.0464   20.000
          0.2535       -0.01  0.4300   20.000         -1.84  0.4282   20.000        -46.43  0.0608   20.000       -200.00  0.0464   20.000
          0.2539       -0.01  0.4300   20.000         -1.83  0.4282   20.000        -43.56  0.0628   20.000       -200.00  0.0464   20.000
          0.2543        0.05  0.4300   20.000         -1.83  0.4282   20.000        -40.65  0.0649   20.000       -200.00  0.0464   20.000
          0.2548       -0.02  0.4300   20.000         -1.82  0.4282   20.000        -36.91  0.0681   20.000       -200.00  0.0464   20.000
          0.2553       -0.01  0.4300   20.000         -1.81  0.4282   20.000        -34.24  0.0716   20.000       -200.00  0.0464   20.000
          0.2559       -0.02  0.4300   20.000         -1.81  0.4282   20.000        -31.46  0.0753   20.000       -200.00  0.0464   20.000
          0.2564       -0.02  0.4300   20.000         -1.80  0.4282   20.000        -29.20  0.0790   20.000       -200.00  0.0464   20.000
          0.2568       -0.00  0.4300   20.000         -1.80  0.4282   20.000        -28.12  0.0816   20.000       -200.00  0.0464   20.000
          0.2571       -0.01  0.4300   20.000         -1.80  0.4282   20.000        -27.04  0.0843   20.000       -200.00  0.0464   20.000
          0.2576       -0.01  0.4300   20.000         -1.80  0.4282   20.000        -25.64  0.0877   20.000       -200.00  0.0464   20.000
          0.2581       -0.03  0.4300   20.000         -1.79  0.4283   20.000        -24.27  0.0910   20.000       -200.00  0.0464   20.000
          0.2586       -0.03  0.4300   20.000         -1.79  0.4283   20.000        -23.25  0.0942   20.000       -200.00  0.0464   20.000
          0.2591       -0.01  0.4300   20.000         -1.78  0.4283   20.000        -22.44  0.0978   20.000       -200.00  0.0464   20.000
          0.2595        0.01  0.4300   20.000         -1.79  0.4283   20.000        -21.59  0.1014   20.000       -200.00  0.0464   20.000
          0.2599       -0.01  0.4300   20.000         -1.78  0.4283   20.000        -20.98  0.1041   20.000       -200.00  0.0464   20.000
          0.2602       -0.01  0.4300   20.000         -1.78  0.4283   20.000        -20.37  0.1067   20.000       -200.00  0.0464   20.000
          0.2606        0.03  0.4300   20.000         -1.78  0.4283   20.000        -19.77  0.1094   20.000       -200.00  0.0464   20.000
          0.2609       -0.01  0.4300   20.000         -1.78  0.4283   20.000        -19.17  0.1120   20.000       -200.00  0.0464   20.000
          0.2612       -0.02  0.4300   20.000         -1.77  0.4283   20.000        -18.64  0.1146   20.000       -200.00  0.0464   20.000
          0.2616       -0.02  0.4300   20.000         -1.77  0.4283   20.000        -18.31  0.1172   20.000       -200.00  0.0464   20.000
          0.2619       -0.00  0.4300   20.000         -1.77  0.4283   20.000        -17.98  0.1197   20.000       -200.00  0.0464   20.000
          0.2622        0.05  0.4300   20.000         -1.78  0.4283   20.000        -17.65  0.1221   20.000       -200.00  0.0464   20.000
          0.2627       -0.02  0.4300   20.000         -1.77  0.4283   20.000        -17.23  0.1253   20.000       -200.00  0.0464   20.000
          0.2631       -0.00  0.4300   20.000         -1.77  0.4283   20.000        -16.82  0.1285   20.000       -200.00  0.0464   20.000
          0.2636       -0.00  0.4300   20.000         -1.77  0.4283   20.000        -16.42  0.1315   20.000       -200.00  0.0464   20.000
          0.2640        0.01  0.4300   20.000         -1.78  0.4283   20.000        -16.04  0.1344   20.000       -200.00  0.0464   20.000
          0.2646       -0.01  0.4300   20.000         -1.77  0.4283   20.000        -15.56  0.1380   20.000       -200.00  0.0464   20.000
          0.2651       -0.02  0.4300   20.000         -1.76  0.4283   20.000        -15.09  0.1416   20.000       -200.00  0.0464   20.000
          0.2657       -0.02  0.4300   20.000         -1.75  0.4283   20.000        -14.73  0.1449   20.000       -200.00  0.0464   20.000
          0.2661        0.00  0.4300   20.000         -1.76  0.4283   20.000        -14.56  0.1470   20.000       -200.00  0.0464   20.000
          0.2665        0.01  0.4300   20.000         -1.76  0.4283   20.000        -14.39  0.1491   20.000       -200.00  0.0464   20.000
          0.2669       -0.01  0.4300   20.000         -1.76  0.4283   20.000        -14.22  0.1513   20.000       -200.00  0.0464   20.000
          0.2673        0.00  0.4300   20.000         -1.76  0.4283   20.000        -14.05  0.1535   20.000       -200.00  0.0464   20.000
          0.2677       -0.00  0.4300   20.000         -1.76  0.4283   20.000        -13.87  0.1558   20.000       -200.00  0.0464   20.000
          0.2681        0.00  0.4300   20.000         -1.77  0.4283   20.000        -13.68  0.1581   20.000       -200.00  0.0464   20.000
          0.2685        0.02  0.4300   20.000         -1.78  0.4283   20.000        -13.51  0.1603   20.000       -200.00  0.0464   20.000
          0.2689        0.05  0.4300   20.000         -1.78  0.4283   20.000        -13.35  0.1623   20.000       -200.00  0.0464   20.000
          0.2693        0.05  0.4300   20.000         -1.79  0.4283   20.000        -13.20  0.1642   20.000       -200.00  0.0464   20.000
          0.2698       -0.01  0.4300   20.000         -1.77  0.4283   20.000        -13.01  0.1665   20.000       -200.00  0.0464   20.000
          0.2703       -0.03  0.4300   20.000         -1.76  0.4283   20.000        -12.83  0.1688   20.000       -200.00  0.0464   20.000
          0.2708       -0.02  0.4300   20.000         -1.75  0.4283   20.000        -12.66  0.1710   20.000       -200.00  0.0464   20.000
          0.2712        0.07  0.4300   20.000         -1.76  0.4283   20.000        -12.54  0.1725   20.000       -200.00  0.0464   20.000
          0.2717        0.00  0.4300   20.000         -1.75  0.4283   20.000        -12.38  0.1745   20.000       -200.00  0.0464   20.000
          0.2720        0.02  0.4300   20.000         -1.75  0.4283   20.000        -12.27  0.1759   20.000       -200.00  0.0464   20.000
          0.2724       -0.02  0.4300   20.000         -1.74  0.4283   20.000        -12.12  0.1777   20.000       -200.00  0.0464   20.000
          0.2729       -0.01  0.4300   20.000         -1.74  0.4283   20.000        -12.00  0.1793   20.000       -200.00  0.0464   20.000
          0.2733       -0.01  0.4300   20.000         -1.74  0.4283   20.000        -11.89  0.1807   20.000       -200.00  0.0464   20.000
          0.2737        0.03  0.4300   20.000         -1.74  0.4283   20.000        -11.79  0.1819   20.000       -200.00  0.0464   20.000
          0.2743       -0.01  0.4300   20.000         -1.73  0.4283   20.000        -11.70  0.1835   20.000       -200.00  0.0464   20.000
          0.2748       -0.03  0.4300   20.000         -1.73  0.4283   20.000        -11.62  0.1850   20.000       -200.00  0.0464   20.000
          0.2754       -0.01  0.4300   20.000         -1.72  0.4284   20.000        -11.54  0.1865   20.000       -200.00  0.0464   20.000
          0.2758        0.01  0.4300   20.000         -1.73  0.4283   20.000        -11.49  0.1875   20.000       -200.00  0.0464   20.000
          0.2762        0.05  0.4300   20.000         -1.74  0.4283   20.000        -11.44  0.1885   20.000       -200.00  0.0464   20.000
          0.2766        0.03  0.4300   20.000         -1.75  0.4283   20.000        -11.39  0.1895   20.000       -200.00  0.0464   20.000
          0.2771       -0.01  0.4300   20.000         -1.74  0.4283   20.000        -11.32  0.1908   20.000       -200.00  0.0464   20.000
          0.2776       -0.03  0.4300   20.000         -1.73  0.4283   20.000        -11.25  0.1921   20.000       -200.00  0.0464   20.000
          0.2781       -0.03  0.4300   20.000         -1.72  0.4284   20.000        -11.19  0.1934   20.000       -200.00  0.0464   20.000
          0.2786       -0.01  0.4300   20.000         -1.71  0.4284   20.000        -11.12  0.1947   20.000       -200.00  0.0464   20.000
          0.2791       -0.01  0.4300   20.000         -1.72  0.4284   20.000        -11.05  0.1960   20.000       -200.00  0.0464   20.000
          0.2798       -0.02  0.4300   20.000         -1.70  0.4284   20.000        -10.96  0.1978   20.000       -200.00  0.0464   20.000
          0.2804       -0.03  0.4300   20.000         -1.70  0.4284   20.000        -10.87  0.1995   20.000       -200.00  0.0464   20.000
          0.2809       -0.01  0.4300   20.000         -1.69  0.4284   20.000        -10.81  0.2007   20.000       -200.00  0.0464   20.000
          0.2813       -0.00  0.4300   20.000         -1.69  0.4284   20.000        -10.75  0.2017   20.000       -200.00  0.0464   20.000
          0.2818        0.08  0.4300   20.000         -1.71  0.4284   20.000        -10.70  0.2026   20.000       -200.00  0.0464   20.000
          0.2823       -0.02  0.4300   20.000         -1.70  0.4284   20.000        -10.66  0.2034   20.000       -200.00  0.0464   20.000
          0.2827       -0.00  0.4300   20.000         -1.70  0.4284   20.000        -10.63  0.2041   20.000       -200.00  0.0464   20.000
          0.2832       -0.00  0.4300   20.000         -1.70  0.4284   20.000        -10.59  0.2048   20.000       -200.00  0.0464   20.000
          0.2836        0.10  0.4300   20.000         -1.72  0.4284   20.000        -10.56  0.2054   20.000       -200.00  0.0464   20.000
          0.2842       -0.03  0.4300   20.000         -1.71  0.4284   20.000        -10.52  0.2061   20.000       -200.00  0.0464   20.000
          0.2848       -0.01  0.4300   20.000         -1.70  0.4284   20.000        -10.48  0.2068   20.000       -200.00  0.0464   20.000
          0.2854        0.00  0.4300   20.000         -1.70  0.4284   20.000        -10.45  0.2075   20.000       -200.00  0.0464   20.000
          0.2862       -0.02  0.4300   20.000         -1.69  0.4284   20.000        -10.40  0.2085   20.000       -200.00  0.0464   20.000
          0.2870       -0.03  0.4300   20.000         -1.69  0.4284   20.000        -10.35  0.2094   20.000       -200.00  0.0464   20.000
          0.2875       -0.02  0.4300   20.000         -1.69  0.4284   20.000        -10.31  0.2101   20.000       -200.00  0.0464   20.000
          0.2879       -0.02  0.4300   20.000         -1.69  0.4284   20.000        -10.29  0.2106   20.000       -200.00  0.0464   20.000
          0.2883       -0.01  0.4300   20.000         -1.69  0.4284   20.000        -10.26  0.2111   20.000       -200.00  0.0464   20.000
          0.2887        0.03  0.4300   20.000         -1.69  0.4284   20.000        -10.24  0.2115   20.000       -200.00  0.0464   20.000
          0.2892        0.02  0.4300   20.000         -1.70  0.4284   20.000        -10.21  0.2121   20.000       -200.00  0.0464   20.000
          0.2897       -0.01  0.4300   20.000         -1.69  0.4284   20.000        -10.18  0.2127   20.000       -200.00  0.0464   20.000
          0.2902        0.02  0.4300   20.000         -1.70  0.4284   20.000        -10.15  0.2132   20.000       -200.00  0.0464   20.000
          0.2905       -0.01  0.4300   20.000         -1.70  0.4284   20.000        -10.13  0.2136   20.000       -200.00  0.0464   20.000
          0.2909        0.07  0.4300   20.000         -1.71  0.4284   20.000        -10.12  0.2139   20.000       -200.00  0.0464   20.000
          0.2913        0.02  0.4300   20.000         -1.71  0.4284   20.000        -10.10  0.2143   20.000       -200.00  0.0464   20.000
          0.2918       -0.00  0.4300   20.000         -1.70  0.4284   20.000        -10.07  0.2147   20.000       -200.00  0.0464   20.000
          0.2922       -0.01  0.4300   20.000         -1.71  0.4284   20.000        -10.05  0.2151   20.000       -200.00  0.0464   20.000
          0.2928       -0.02  0.4300   20.000         -1.70  0.4284   20.000        -10.03  0.2156   20.000       -200.00  0.0464   20.000
          0.2934       -0.03  0.4300   20.000         -1.69  0.4284   20.000        -10.01  0.2160   20.000       -200.00  0.0464   20.000
          0.2940       -0.01  0.4300   20.000         -1.69  0.4284   20.000         -9.98  0.2165   20.000       -200.00  0.0464   20.000
          0.2944       -0.01  0.4300   20.000         -1.70  0.4284   20.000         -9.96  0.2168   20.000       -200.00  0.0464   20.000
          0.2948       -0.02  0.4300   20.000         -1.70  0.4284   20.000         -9.95  0.2171   20.000       -200.00  0.0464   20.000
          0.2951        0.03  0.4300   20.000         -1.70  0.4284   20.000         -9.94  0.2174   20.000       -200.00  0.0464   20.000
          0.2954       -0.01  0.4300   20.000         -1.70  0.4284   20.000         -9.92  0.2176   20.000       -200.00  0.0464   20.000
          0.2957        0.08  0.4300   20.000         -1.71  0.4284   20.000         -9.91  0.2178   20.000       -200.00  0.0464   20.000
          0.2961       -0.01  0.4300   20.000         -1.70  0.4284   20.000         -9.90  0.2181   20.000       -200.00  0.0464   20.000
          0.2966       -0.02  0.4300   20.000         -1.69  0.4284   20.000         -9.88  0.2185   20.000       -200.00  0.0464   20.000
          0.2970       -0.01  0.4300   20.000         -1.69  0.4284   20.000         -9.86  0.2189   20.000       -200.00  0.0464   20.000
          0.2975        0.01  0.4300   20.000         -1.71  0.4284   20.000         -9.84  0.2193   20.000       -200.00  0.0464   20.000
          0.2980        0.02  0.4300   20.000         -1.72  0.4284   20.000         -9.82  0.2196   20.000       -200.00  0.0464   20.000
          0.2985        0.06  0.4300   20.000         -1.74  0.4283   20.000         -9.80  0.2200   20.000       -200.00  0.0464   20.000
          0.2993       -0.02  0.4300   20.000         -1.71  0.4284   20.000         -9.78  0.2204   20.000       -200.00  0.0464   20.000
          0.3000       -0.03  0.4300   20.000         -1.70  0.4284   20.000         -9.75  0.2209   20.000       -200.00  0.0464   20.000
          0.3004       -0.01  0.4300   20.000         -1.69  0.4284   20.000         -9.74  0.2212   20.000       -200.00  0.0464   20.000
          0.3009       -0.01  0.4300   20.000         -1.70  0.4284   20.000         -9.72  0.2214   20.000       -200.00  0.0464   20.000
          0.3015       -0.03  0.4300   20.000         -1.68  0.4284   20.000         -9.71  0.2218   20.000       -200.00  0.0464   20.000
          0.3020       -0.02  0.4300   20.000         -1.68  0.4284   20.000         -9.69  0.2221   20.000       -200.00  0.0464   20.000
          0.3024       -0.01  0.4300   20.000         -1.68  0.4284   20.000         -9.68  0.2223   20.000       -200.00  0.0464   20.000
          0.3028        0.00  0.4300   20.000         -1.69  0.4284   20.000         -9.67  0.2226   20.000       -200.00  0.0464   20.000
          0.3034        0.00  0.4300   20.000         -1.70  0.4284   20.000         -9.65  0.2229   20.000       -200.00  0.0464   20.000
          0.3039       -0.02  0.4300   20.000         -1.70  0.4284   20.000         -9.63  0.2232   20.000       -200.00  0.0464   20.000
          0.3044       -0.02  0.4300   20.000         -1.69  0.4284   20.000         -9.62  0.2235   20.000       -200.00  0.0464   20.000
          0.3048        0.00  0.4300   20.000         -1.70  0.4284   20.000         -9.61  0.2237   20.000       -200.00  0.0464   20.000
          0.3052        0.07  0.4300   20.000         -1.71  0.4284   20.000         -9.60  0.2239   20.000       -200.00  0.0464   20.000
          0.3056       -0.02  0.4300   20.000         -1.70  0.4284   20.000         -9.58  0.2241   20.000       -200.00  0.0464   20.000
          0.3061       -0.00  0.4300   20.000         -1.70  0.4284   20.000         -9.57  0.2244   20.000       -200.00  0.0464   20.000
          0.3066       -0.00  0.4300   20.000         -1.71  0.4284   20.000         -9.56  0.2246   20.000       -200.00  0.0464   20.000
          0.3071        0.01  0.4300   20.000         -1.71  0.4284   20.000         -9.54  0.2249   20.000       -200.00  0.0464   20.000
          0.3077       -0.01  0.4300   20.000         -1.70  0.4284   20.000         -9.53  0.2252   20.000       -200.00  0.0464   20.000
          0.3083       -0.02  0.4300   20.000         -1.70  0.4284   20.000         -9.51  0.2255   20.000       -200.00  0.0464   20.000
          0.3089       -0.02  0.4300   20.000         -1.69  0.4284   20.000         -9.50  0.2258   20.000       -200.00  0.0464   20.000
          0.3094       -0.01  0.4300   20.000         -1.69  0.4284   20.000         -9.49  0.2260   20.000       -200.00  0.0464   20.000
          0.3098       -0.02  0.4300   20.000         -1.69  0.4284   20.000         -9.48  0.2262   20.000       -200.00  0.0464   20.000
          0.3102       -0.01  0.4300   20.000         -1.69  0.4284   20.000         -9.47  0.2263   20.000       -200.00  0.0464   20.000
          0.3107       -0.00  0.4300   20.000         -1.70  0.4284   20.000         -9.46  0.2265   20.000       -200.00  0.0464   20.000
          0.3111        0.09  0.4300   20.000         -1.72  0.4284   20.000         -9.45  0.2267   20.000       -200.00  0.0464   20.000
          0.3117       -0.03  0.4300   20.000         -1.70  0.4284   20.000         -9.43  0.2270   20.000       -200.00  0.0464   20.000
          0.3122       -0.01  0.4300   20.000         -1.70  0.4284   20.000         -9.42  0.2272   20.000       -200.00  0.0464   20.000
          0.3128       -0.02  0.4300   20.000         -1.70  0.4284   20.000         -9.41  0.2275   20.000       -200.00  0.0464   20.000
          0.3132       -0.03  0.4300   20.000         -1.69  0.4284   20.000         -9.40  0.2277   20.000       -200.00  0.0464   20.000
          0.3136       -0.01  0.4300   20.000         -1.69  0.4284   20.000         -9.39  0.2278   20.000       -200.00  0.0464   20.000
          0.3140        0.00  0.4300   20.000         -1.70  0.4284   20.000         -9.38  0.2280   20.000       -200.00  0.0464   20.000
          0.3144        0.09  0.4300   20.000         -1.72  0.4284   20.000         -9.37  0.2281   20.000       -200.00  0.0464   20.000
          0.3149       -0.02  0.4300   20.000         -1.71  0.4284   20.000         -9.36  0.2283   20.000       -200.00  0.0464   20.000
          0.3154       -0.01  0.4300   20.000         -1.70  0.4284   20.000         -9.35  0.2285   20.000       -200.00  0.0464   20.000
          0.3159       -0.01  0.4300   20.000         -1.71  0.4284   20.000         -9.34  0.2287   20.000       -200.00  0.0464   20.000
          0.3164       -0.02  0.4300   20.000         -1.71  0.4284   20.000         -9.33  0.2289   20.000       -200.00  0.0464   20.000
          0.3168       -0.02  0.4300   20.000         -1.70  0.4284   20.000         -9.33  0.2290   20.000       -200.00  0.0464   20.000
          0.3171       -0.01  0.4300   20.000         -1.70  0.4284   20.000         -9.32  0.2292   20.000       -200.00  0.0464   20.000
          0.3175        0.08  0.4300   20.000         -1.71  0.4284   20.000         -9.32  0.2293   20.000       -200.00  0.0464   20.000
          0.3180        0.01  0.4300   20.000         -1.70  0.4284   20.000         -9.31  0.2295   20.000       -200.00  0.0464   20.000
          0.3183        0.01  0.4300   20.000         -1.70  0.4284   20.000         -9.30  0.2296   20.000       -200.00  0.0464   20.000
          0.3187        0.01  0.4300   20.000         -1.71  0.4284   20.000         -9.30  0.2298   20.000       -200.00  0.0464   20.000
          0.3193       -0.01  0.4300   20.000         -1.71  0.4284   20.000         -9.29  0.2300   20.000       -200.00  0.0464   20.000
          0.3197       -0.01  0.4300   20.000         -1.71  0.4284   20.000         -9.28  0.2302   20.000       -200.00  0.0464   20.000
          0.3199        0.01  0.4300   20.000         -1.71  0.4284   20.000         -9.28  0.2303   20.000       -200.00  0.0464   20.000
          0.3202       -0.01  0.4300   20.000         -1.70  0.4284   20.000         -9.28  0.2304   20.000       -200.00  0.0464   20.000
          0.3205        0.06  0.4300   20.000         -1.71  0.4284   20.000         -9.27  0.2305   20.000       -200.00  0.0464   20.000
          0.3208       -0.00  0.4300   20.000         -1.71  0.4284   20.000         -9.27  0.2306   20.000       -200.00  0.0464   20.000
          0.3213       -0.02  0.4300   20.000         -1.71  0.4284   20.000         -9.26  0.2308   20.000       -200.00  0.0464   20.000
          0.3217       -0.02  0.4300   20.000         -1.70  0.4284   20.000         -9.25  0.2309   20.000       -200.00  0.0464   20.000
          0.3221        0.07  0.4300   20.000         -1.71  0.4284   20.000         -9.25  0.2310   20.000       -200.00  0.0464   20.000
          0.3225       -0.02  0.4300   20.000         -1.70  0.4284   20.000         -9.25  0.2312   20.000       -200.00  0.0464   20.000
          0.3229        0.00  0.4300   20.000         -1.70  0.4284   20.000         -9.24  0.2313   20.000       -200.00  0.0464   20.000
          0.3233        0.01  0.4300   20.000         -1.71  0.4284   20.000         -9.23  0.2315   20.000       -200.00  0.0464   20.000
          0.3237       -0.01  0.4300   20.000         -1.71  0.4284   20.000         -9.23  0.2316   20.000       -200.00  0.0464   20.000
          0.3241       -0.01  0.4300   20.000         -1.70  0.4284   20.000         -9.22  0.2317   20.000       -200.00  0.0464   20.000
          0.3244        0.07  0.4300   20.000         -1.71  0.4284   20.000         -9.22  0.2318   20.000       -200.00  0.0464   20.000
          0.3248       -0.02  0.4300   20.000         -1.70  0.4284   20.000         -9.22  0.2319   20.000       -200.00  0.0464   20.000
          0.3252        0.07  0.4300   20.000         -1.71  0.4284   20.000         -9.21  0.2320   20.000       -200.00  0.0464   20.000
          0.3257       -0.02  0.4300   20.000         -1.70  0.4284   20.000         -9.21  0.2321   20.000       -200.00  0.0464   20.000
          0.3262        0.00  0.4300   20.000         -1.70  0.4284   20.000         -9.20  0.2322   20.000       -200.00  0.0464   20.000
          0.3267        0.00  0.4300   20.000         -1.71  0.4284   20.000         -9.20  0.2323   20.000       -200.00  0.0464   20.000
          0.3272        0.01  0.4300   20.000         -1.71  0.4284   20.000         -9.20  0.2324   20.000       -200.00  0.0464   20.000
          0.3275        0.00  0.4300   20.000         -1.72  0.4284   20.000         -9.19  0.2325   20.000       -200.00  0.0464   20.000
          0.3278        0.07  0.4300   20.000         -1.72  0.4284   20.000         -9.19  0.2326   20.000       -200.00  0.0464   20.000
          0.3283       -0.02  0.4300   20.000         -1.71  0.4284   20.000         -9.19  0.2326   20.000       -200.00  0.0464   20.000
          0.3287       -0.01  0.4300   20.000         -1.71  0.4284   20.000         -9.19  0.2327   20.000       -200.00  0.0464   20.000
          0.3292        0.06  0.4300   20.000         -1.72  0.4284   20.000         -9.18  0.2328   20.000       -200.00  0.0464   20.000
          0.3296        0.07  0.4300   20.000         -1.73  0.4283   20.000         -9.18  0.2328   20.000       -200.00  0.0464   20.000
          0.3301       -0.01  0.4300   20.000         -1.72  0.4284   20.000         -9.18  0.2329   20.000       -200.00  0.0464   20.000
          0.3305       -0.02  0.4300   20.000         -1.71  0.4284   20.000         -9.18  0.2330   20.000       -200.00  0.0464   20.000
          0.3310       -0.03  0.4300   20.000         -1.70  0.4284   20.000         -9.17  0.2330   20.000       -200.00  0.0464   20.000
          0.3314       -0.01  0.4300   20.000         -1.70  0.4284   20.000         -9.17  0.2331   20.000       -200.00  0.0464   20.000
          0.3319        0.00  0.4300   20.000         -1.71  0.4284   20.000         -9.17  0.2332   20.000       -200.00  0.0464   20.000
          0.3323        0.02  0.4300   20.000         -1.72  0.4284   20.000         -9.17  0.2332   20.000       -200.00  0.0464   20.000
          0.3328        0.03  0.4300   20.000         -1.74  0.4283   20.000         -9.16  0.2333   20.000       -200.00  0.0464   20.000
          0.3332        0.03  0.4300   20.000         -1.74  0.4283   20.000         -9.16  0.2334   20.000       -200.00  0.0464   20.000
          0.3337        0.05  0.4300   20.000         -1.75  0.4283   20.000         -9.16  0.2334   20.000       -200.00  0.0464   20.000
          0.3343       -0.02  0.4300   20.000         -1.73  0.4283   20.000         -9.16  0.2335   20.000       -200.00  0.0464   20.000
          0.3348       -0.02  0.4300   20.000         -1.72  0.4284   20.000         -9.16  0.2335   20.000       -200.00  0.0464   20.000
          0.3352       -0.02  0.4300   20.000         -1.71  0.4284   20.000         -9.15  0.2336   20.000       -200.00  0.0464   20.000
          0.3357       -0.01  0.4300   20.000         -1.71  0.4284   20.000         -9.15  0.2336   20.000       -200.00  0.0464   20.000
          0.3361        0.05  0.4300   20.000         -1.71  0.4284   20.000         -9.15  0.2336   20.000       -200.00  0.0464   20.000
          0.3366       -0.02  0.4300   20.000         -1.70  0.4284   20.000         -9.15  0.2337   20.000       -200.00  0.0464   20.000
          0.3371        0.00  0.4300   20.000         -1.70  0.4284   20.000         -9.15  0.2337   20.000       -200.00  0.0464   20.000
          0.3377        0.00  0.4300   20.000         -1.71  0.4284   20.000         -9.15  0.2337   20.000       -200.00  0.0464   20.000
          0.3382       -0.02  0.4300   20.000         -1.71  0.4284   20.000         -9.15  0.2338   20.000       -200.00  0.0464   20.000
          0.3387       -0.02  0.4300   20.000         -1.70  0.4284   20.000         -9.14  0.2338   20.000       -200.00  0.0464   20.000
          0.3391        0.00  0.4300   20.000         -1.70  0.4284   20.000         -9.14  0.2338   20.000       -200.00  0.0464   20.000
          0.3395       -0.00  0.4300   20.000         -1.71  0.4284   20.000         -9.14  0.2339   20.000       -200.00  0.0464   20.000
          0.3399       -0.01  0.4300   20.000         -1.70  0.4284   20.000         -9.14  0.2339   20.000       -200.00  0.0464   20.000
          0.3404       -0.03  0.4300   20.000         -1.70  0.4284   20.000         -9.14  0.2339   20.000       -200.00  0.0464   20.000
          0.3409       -0.03  0.4300   20.000         -1.69  0.4284   20.000         -9.14  0.2340   20.000       -200.00  0.0464   20.000
          0.3414       -0.01  0.4300   20.000         -1.69  0.4284   20.000         -9.14  0.2340   20.000       -200.00  0.0464   20.000
          0.3419       -0.00  0.4300   20.000         -1.70  0.4284   20.000         -9.14  0.2340   20.000       -200.00  0.0464   20.000
          0.3424        0.08  0.4300   20.000         -1.72  0.4284   20.000         -9.13  0.2341   20.000       -200.00  0.0464   20.000
          0.3428        0.06  0.4300   20.000         -1.73  0.4284   20.000         -9.13  0.2341   20.000       -200.00  0.0464   20.000
          0.3433       -0.01  0.4300   20.000         -1.71  0.4284   20.000         -9.13  0.2341   20.000       -200.00  0.0464   20.000
          0.3438       -0.00  0.4300   20.000         -1.71  0.4284   20.000         -9.13  0.2342   20.000       -200.00  0.0464   20.000
          0.3443        0.06  0.4300   20.000         -1.73  0.4284   20.000         -9.13  0.2342   20.000       -200.00  0.0464   20.000
          0.3446       -0.01  0.4300   20.000         -1.71  0.4284   20.000         -9.13  0.2342   20.000       -200.00  0.0464   20.000
          0.3450        0.06  0.4300   20.000         -1.72  0.4284   20.000         -9.13  0.2342   20.000       -200.00  0.0464   20.000
          0.3454       -0.02  0.4300   20.000         -1.71  0.4284   20.000         -9.13  0.2342   20.000       -200.00  0.0464   20.000
          0.3459        0.00  0.4300   20.000         -1.71  0.4284   20.000         -9.13  0.2343   20.000       -200.00  0.0464   20.000
          0.3463        0.01  0.4300   20.000         -1.71  0.4284   20.000         -9.13  0.2343   20.000       -200.00  0.0464   20.000
          0.3468        0.01  0.4300   20.000         -1.73  0.4284   20.000         -9.13  0.2343   20.000       -200.00  0.0464   20.000
          0.3472        0.07  0.4300   20.000         -1.74  0.4283   20.000         -9.13  0.2343   20.000       -200.00  0.0464   20.000
          0.3477       -0.02  0.4300   20.000         -1.72  0.4284   20.000         -9.12  0.2343   20.000       -200.00  0.0464   20.000
          0.3482       -0.00  0.4300   20.000         -1.72  0.4284   20.000         -9.12  0.2343   20.000       -200.00  0.0464   20.000
          0.3486       -0.01  0.4300   20.000         -1.72  0.4284   20.000         -9.12  0.2344   20.000       -200.00  0.0464   20.000
          0.3491        0.03  0.4300   20.000         -1.72  0.4284   20.000         -9.12  0.2344   20.000       -200.00  0.0464   20.000
          0.3495       -0.01  0.4300   20.000         -1.71  0.4284   20.000         -9.12  0.2344   20.000       -200.00  0.0464   20.000
          0.3500       -0.02  0.4300   20.000         -1.71  0.4284   20.000         -9.12  0.2344   20.000       -200.00  0.0464   20.000
          0.3504       -0.02  0.4300   20.000         -1.70  0.4284   20.000         -9.12  0.2344   20.000       -200.00  0.0464   20.000
          0.3508       -0.02  0.4300   20.000         -1.70  0.4284   20.000         -9.12  0.2344   20.000       -200.00  0.0464   20.000
          0.3512        0.05  0.4300   20.000         -1.70  0.4284   20.000         -9.12  0.2344   20.000       -200.00  0.0464   20.000
          0.3517       -0.02  0.4300   20.000         -1.69  0.4284   20.000         -9.12  0.2344   20.000       -200.00  0.0464   20.000
          0.3522        0.00  0.4300   20.000         -1.70  0.4284   20.000         -9.12  0.2344   20.000       -200.00  0.0464   20.000
          0.3528        0.00  0.4300   20.000         -1.71  0.4284   20.000         -9.12  0.2345   20.000       -200.00  0.0464   20.000
          0.3533       -0.02  0.4300   20.000         -1.71  0.4284   20.000         -9.12  0.2345   20.000       -200.00  0.0464   20.000
          0.3538       -0.02  0.4300   20.000         -1.70  0.4284   20.000         -9.12  0.2345   20.000       -200.00  0.0464   20.000
          0.3542       -0.00  0.4300   20.000         -1.70  0.4284   20.000         -9.12  0.2345   20.000       -200.00  0.0464   20.000
          0.3545        0.00  0.4300   20.000         -1.71  0.4284   20.000         -9.12  0.2345   20.000       -200.00  0.0464   20.000
          0.3549        0.02  0.4300   20.000         -1.72  0.4284   20.000         -9.12  0.2345   20.000       -200.00  0.0464   20.000
          0.3553        0.07  0.4300   20.000         -1.73  0.4283   20.000         -9.12  0.2345   20.000       -200.00  0.0464   20.000
          0.3557       -0.02  0.4300   20.000         -1.72  0.4284   20.000         -9.12  0.2345   20.000       -200.00  0.0464   20.000
          0.3562       -0.02  0.4300   20.000         -1.71  0.4284   20.000         -9.12  0.2346   20.000       -200.00  0.0464   20.000
          0.3565        0.01  0.4300   20.000         -1.71  0.4284   20.000         -9.12  0.2346   20.000       -200.00  0.0464   20.000
          0.3569       -0.01  0.4300   20.000         -1.70  0.4284   20.000         -9.12  0.2346   20.000       -200.00  0.0464   20.000
          0.3572       -0.02  0.4300   20.000         -1.70  0.4284   20.000         -9.12  0.2346   20.000       -200.00  0.0464   20.000
          0.3575       -0.02  0.4300   20.000         -1.70  0.4284   20.000         -9.12  0.2346   20.000       -200.00  0.0464   20.000
          0.3579       -0.00  0.4300   20.000         -1.69  0.4284   20.000         -9.11  0.2346   20.000       -200.00  0.0464   20.000
          0.3582        0.04  0.4300   20.000         -1.70  0.4284   20.000         -9.11  0.2346   20.000       -200.00  0.0464   20.000
          0.3586       -0.02  0.4300   20.000         -1.69  0.4284   20.000         -9.11  0.2346   20.000       -200.00  0.0464   20.000
          0.3590        0.00  0.4300   20.000         -1.70  0.4284   20.000         -9.11  0.2346   20.000       -200.00  0.0464   20.000
          0.3595        0.00  0.4300   20.000         -1.70  0.4284   20.000         -9.11  0.2346   20.000       -200.00  0.0464   20.000
          0.3599        0.00  0.4300   20.000         -1.71  0.4284   20.000         -9.11  0.2346   20.000       -200.00  0.0464   20.000
          0.3605       -0.01  0.4300   20.000         -1.70  0.4284   20.000         -9.11  0.2346   20.000       -200.00  0.0464   20.000
          0.3610       -0.02  0.4300   20.000         -1.71  0.4284   20.000         -9.11  0.2346   20.000       -200.00  0.0464   20.000
          0.3616       -0.02  0.4300   20.000         -1.70  0.4284   20.000         -9.11  0.2346   20.000       -200.00  0.0464   20.000
          0.3620       -0.02  0.4300   20.000         -1.70  0.4284   20.000         -9.11  0.2347   20.000       -200.00  0.0464   20.000
          0.3624       -0.01  0.4300   20.000         -1.69  0.4284   20.000         -9.11  0.2347   20.000       -200.00  0.0464   20.000
          0.3628        0.08  0.4300   20.000         -1.70  0.4284   20.000         -9.11  0.2347   20.000       -200.00  0.0464   20.000
          0.3631        0.02  0.4300   20.000         -1.70  0.4284   20.000         -9.11  0.2347   20.000       -200.00  0.0464   20.000
          0.3635       -0.01  0.4300   20.000         -1.70  0.4284   20.000         -9.11  0.2347   20.000       -200.00  0.0464   20.000
          0.3639        0.06  0.4300   20.000         -1.71  0.4284   20.000         -9.11  0.2347   20.000       -200.00  0.0464   20.000
          0.3644       -0.02  0.4300   20.000         -1.69  0.4284   20.000         -9.11  0.2347   20.000       -200.00  0.0464   20.000
          0.3650        0.00  0.4300   20.000         -1.70  0.4284   20.000         -9.11  0.2347   20.000       -200.00  0.0464   20.000
          0.3655        0.09  0.4300   20.000         -1.73  0.4284   20.000         -9.11  0.2347   20.000       -200.00  0.0464   20.000
          0.3660       -0.02  0.4300   20.000         -1.71  0.4284   20.000         -9.11  0.2347   20.000       -200.00  0.0464   20.000
          0.3665       -0.01  0.4300   20.000         -1.70  0.4284   20.000         -9.11  0.2347   20.000       -200.00  0.0464   20.000
          0.3670       -0.01  0.4300   20.000         -1.71  0.4284   20.000         -9.11  0.2347   20.000       -200.00  0.0464   20.000
          0.3673        0.01  0.4300   20.000         -1.72  0.4284   20.000         -9.11  0.2347   20.000       -200.00  0.0464   20.000
          0.3678       -0.01  0.4300   20.000         -1.71  0.4284   20.000         -9.11  0.2347   20.000       -200.00  0.0464   20.000
          0.3683       -0.02  0.4300   20.000         -1.71  0.4284   20.000         -9.11  0.2347   20.000       -200.00  0.0464   20.000
          0.3687       -0.01  0.4300   20.000         -1.71  0.4284   20.000         -9.11  0.2347   20.000       -200.00  0.0464   20.000
          0.3692        0.02  0.4300   20.000         -1.72  0.4284   20.000         -9.11  0.2347   20.000       -200.00  0.0464   20.000
          0.3695       -0.01  0.4300   20.000         -1.71  0.4284   20.000         -9.11  0.2347   20.000       -200.00  0.0464   20.000
          0.3698       -0.02  0.4300   20.000         -1.71  0.4284   20.000         -9.11  0.2347   20.000       -200.00  0.0464   20.000
          0.3702       -0.02  0.4300   20.000         -1.70  0.4284   20.000         -9.11  0.2347   20.000       -200.00  0.0464   20.000
          0.3705       -0.00  0.4300   20.000         -1.70  0.4284   20.000         -9.11  0.2347   20.000       -200.00  0.0464   20.000
          0.3708        0.04  0.4300   20.000         -1.71  0.4284   20.000         -9.11  0.2347   20.000       -200.00  0.0464   20.000
          0.3712       -0.02  0.4300   20.000         -1.70  0.4284   20.000         -9.11  0.2347   20.000       -200.00  0.0464   20.000
          0.3717        0.00  0.4300   20.000         -1.70  0.4284   20.000         -9.11  0.2347   20.000       -200.00  0.0464   20.000
          0.3721        0.00  0.4300   20.000         -1.71  0.4284   20.000         -9.11  0.2347   20.000       -200.00  0.0464   20.000
          0.3725        0.01  0.4300   20.000         -1.72  0.4284   20.000         -9.11  0.2347   20.000       -200.00  0.0464   20.000
          0.3729        0.03  0.4300   20.000         -1.73  0.4283   20.000         -9.11  0.2347   20.000       -200.00  0.0464   20.000
          0.3733        0.06  0.4300   20.000         -1.74  0.4283   20.000         -9.11  0.2348   20.000       -200.00  0.0464   20.000
          0.3739       -0.02  0.4300   20.000         -1.72  0.4284   20.000         -9.11  0.2348   20.000       -200.00  0.0464   20.000
          0.3744       -0.03  0.4300   20.000         -1.71  0.4284   20.000         -9.11  0.2348   20.000       -200.00  0.0464   20.000
          0.3750       -0.01  0.4300   20.000         -1.70  0.4284   20.000         -9.11  0.2348   20.000       -200.00  0.0464   20.000
          0.3754        0.07  0.4300   20.000         -1.72  0.4284   20.000         -9.11  0.2348   20.000       -200.00  0.0464   20.000
          0.3759       -0.02  0.4300   20.000         -1.70  0.4284   20.000         -9.11  0.2348   20.000       -200.00  0.0464   20.000
          0.3764       -0.01  0.4300   20.000         -1.70  0.4284   20.000         -9.11  0.2348   20.000       -200.00  0.0464   20.000
          0.3769        0.03  0.4300   20.000         -1.71  0.4284   20.000         -9.11  0.2348   20.000       -200.00  0.0464   20.000
          0.3772       -0.01  0.4300   20.000         -1.70  0.4284   20.000         -9.11  0.2348   20.000       -200.00  0.0464   20.000
          0.3776        0.01  0.4300   20.000         -1.71  0.4284   20.000         -9.11  0.2348   20.000       -200.00  0.0464   20.000
          0.3779        0.06  0.4300   20.000         -1.72  0.4284   20.000         -9.11  0.2348   20.000       -200.00  0.0464   20.000
          0.3783        0.01  0.4300   20.000         -1.72  0.4284   20.000         -9.11  0.2348   20.000       -200.00  0.0464   20.000
          0.3786       -0.01  0.4300   20.000         -1.71  0.4284   20.000         -9.11  0.2348   20.000       -200.00  0.0464   20.000
          0.3790        0.06  0.4300   20.000         -1.72  0.4284   20.000         -9.11  0.2348   20.000       -200.00  0.0464   20.000
          0.3794       -0.02  0.4300   20.000         -1.71  0.4284   20.000         -9.11  0.2348   20.000       -200.00  0.0464   20.000
          0.3799        0.00  0.4300   20.000         -1.71  0.4284   20.000         -9.11  0.2348   20.000       -200.00  0.0464   20.000
          0.3803        0.09  0.4300   20.000         -1.73  0.4284   20.000         -9.11  0.2348   20.000       -200.00  0.0464   20.000
          0.3808       -0.02  0.4300   20.000         -1.71  0.4284   20.000         -9.11  0.2348   20.000       -200.00  0.0464   20.000
          0.3812       -0.01  0.4300   20.000         -1.71  0.4284   20.000         -9.11  0.2348   20.000       -200.00  0.0464   20.000
          0.3817        0.00  0.4300   20.000         -1.71  0.4284   20.000         -9.11  0.2348   20.000       -200.00  0.0464   20.000
          0.3823       -0.01  0.4300   20.000         -1.70  0.4284   20.000         -9.11  0.2348   20.000       -200.00  0.0464   20.000
          0.3829       -0.02  0.4300   20.000         -1.70  0.4284   20.000         -9.11  0.2348   20.000       -200.00  0.0464   20.000
          0.3835       -0.03  0.4300   20.000         -1.70  0.4284   20.000         -9.11  0.2348   20.000       -200.00  0.0464   20.000
          0.3839       -0.02  0.4300   20.000         -1.69  0.4284   20.000         -9.11  0.2348   20.000       -200.00  0.0464   20.000
          0.3843       -0.01  0.4300   20.000         -1.69  0.4284   20.000         -9.11  0.2348   20.000       -200.00  0.0464   20.000
          0.3847        0.00  0.4300   20.000         -1.70  0.4284   20.000         -9.11  0.2348   20.000       -200.00  0.0464   20.000
          0.3851        0.06  0.4300   20.000         -1.71  0.4284   20.000         -9.11  0.2348   20.000       -200.00  0.0464   20.000
          0.3855       -0.02  0.4300   20.000         -1.71  0.4284   20.000         -9.11  0.2348   20.000       -200.00  0.0464   20.000
          0.3859       -0.01  0.4300   20.000         -1.70  0.4284   20.000         -9.11  0.2348   20.000       -200.00  0.0464   20.000
          0.3863        0.08  0.4300   20.000         -1.72  0.4284   20.000         -9.11  0.2348   20.000       -200.00  0.0464   20.000
          0.3869       -0.02  0.4300   20.000         -1.70  0.4284   20.000         -9.11  0.2348   20.000       -200.00  0.0464   20.000
          0.3874       -0.01  0.4300   20.000         -1.70  0.4284   20.000         -9.11  0.2348   20.000       -200.00  0.0464   20.000
          0.3880        0.02  0.4300   20.000         -1.71  0.4284   20.000         -9.11  0.2348   20.000       -200.00  0.0464   20.000
          0.3883       -0.01  0.4300   20.000         -1.70  0.4284   20.000         -9.11  0.2348   20.000       -200.00  0.0464   20.000
          0.3887        0.08  0.4300   20.000         -1.72  0.4284   20.000         -9.11  0.2348   20.000       -200.00  0.0464   20.000
          0.3892       -0.02  0.4300   20.000         -1.70  0.4284   20.000         -9.11  0.2348   20.000       -200.00  0.0464   20.000
          0.3897       -0.01  0.4300   20.000         -1.70  0.4284   20.000         -9.11  0.2348   20.000       -200.00  0.0464   20.000
          0.3902       -0.00  0.4300   20.000         -1.70  0.4284   20.000         -9.11  0.2348   20.000       -200.00  0.0464   20.000
          0.3908       -0.03  0.4300   20.000         -1.69  0.4284   20.000         -9.11  0.2348   20.000       -200.00  0.0464   20.000
          0.3914       -0.02  0.4300   20.000         -1.68  0.4284   20.000         -9.11  0.2348   20.000       -200.00  0.0464   20.000
          0.3919       -0.01  0.4300   20.000         -1.68  0.4284   20.000         -9.11  0.2348   20.000       -200.00  0.0464   20.000
          0.3923        0.08  0.4300   20.000         -1.70  0.4284   20.000         -9.11  0.2348   20.000       -200.00  0.0464   20.000
          0.3928        0.01  0.4300   20.000         -1.70  0.4284   20.000         -9.11  0.2348   20.000       -200.00  0.0464   20.000
          0.3932       -0.01  0.4300   20.000         -1.69  0.4284   20.000         -9.11  0.2348   20.000       -200.00  0.0464   20.000
          0.3937       -0.02  0.4300   20.000         -1.69  0.4284   20.000         -9.11  0.2348   20.000       -200.00  0.0464   20.000
          0.3941       -0.03  0.4300   20.000         -1.69  0.4284   20.000         -9.11  0.2348   20.000       -200.00  0.0464   20.000
          0.3946       -0.01  0.4300   20.000         -1.69  0.4284   20.000         -9.11  0.2348   20.000       -200.00  0.0464   20.000
          0.3950       -0.00  0.4300   20.000         -1.69  0.4284   20.000         -9.11  0.2348   20.000       -200.00  0.0464   20.000
          0.3954        0.08  0.4300   20.000         -1.71  0.4284   20.000         -9.11  0.2348   20.000       -200.00  0.0464   20.000
          0.3959       -0.02  0.4300   20.000         -1.70  0.4284   20.000         -9.11  0.2348   20.000       -200.00  0.0464   20.000
          0.3964       -0.01  0.4300   20.000         -1.69  0.4284   20.000         -9.11  0.2348   20.000       -200.00  0.0464   20.000
          0.3968        0.05  0.4300   20.000         -1.70  0.4284   20.000         -9.11  0.2348   20.000       -200.00  0.0464   20.000
          0.3973       -0.02  0.4300   20.000         -1.69  0.4284   20.000         -9.10  0.2348   20.000       -200.00  0.0464   20.000
          0.3979        0.00  0.4300   20.000         -1.70  0.4284   20.000         -9.10  0.2348   20.000       -200.00  0.0464   20.000
          0.3984        0.01  0.4300   20.000         -1.71  0.4284   20.000         -9.10  0.2348   20.000       -200.00  0.0464   20.000
          0.3989        0.00  0.4300   20.000         -1.71  0.4284   20.000         -9.10  0.2348   20.000       -200.00  0.0464   20.000
          0.4000       -0.03  0.4300   20.000         -1.69  0.4284   20.000         -9.10  0.2348   20.000       -200.00  0.0464   20.000
          0.4008       -0.03  0.4300   20.000         -1.68  0.4284   20.000         -9.10  0.2348   20.000       -200.00  0.0464   20.000
          0.4013       -0.01  0.4300   20.000         -1.69  0.4284   20.000         -9.10  0.2348   20.000       -200.00  0.0464   20.000
          0.4018        0.06  0.4300   20.000         -1.70  0.4284   20.000         -9.10  0.2348   20.000       -200.00  0.0464   20.000
          0.4025       -0.03  0.4300   20.000         -1.69  0.4284   20.000         -9.10  0.2349   20.000       -200.00  0.0464   20.000
          0.4032       -0.03  0.4300   20.000         -1.68  0.4284   20.000         -9.10  0.2349   20.000       -200.00  0.0464   20.000
          0.4036       -0.01  0.4300   20.000         -1.68  0.4284   20.000         -9.10  0.2349   20.000       -200.00  0.0464   20.000
          0.4041       -0.01  0.4300   20.000         -1.69  0.4284   20.000         -9.10  0.2349   20.000       -200.00  0.0464   20.000
          0.4047       -0.03  0.4300   20.000         -1.68  0.4284   20.000         -9.10  0.2349   20.000       -200.00  0.0464   20.000
          0.4054       -0.02  0.4300   20.000         -1.68  0.4284   20.000         -9.10  0.2349   20.000       -200.00  0.0464   20.000
          0.4058       -0.01  0.4300   20.000         -1.68  0.4284   20.000         -9.10  0.2349   20.000       -200.00  0.0464   20.000
          0.4062        0.09  0.4300   20.000         -1.69  0.4284   20.000         -9.10  0.2349   20.000       -200.00  0.0464   20.000
          0.4067        0.01  0.4300   20.000         -1.69  0.4284   20.000         -9.10  0.2349   20.000       -200.00  0.0464   20.000
          0.4072       -0.01  0.4300   20.000         -1.69  0.4284   20.000         -9.10  0.2349   20.000       -200.00  0.0464   20.000
          0.4078       -0.01  0.4300   20.000         -1.70  0.4284   20.000         -9.10  0.2349   20.000       -200.00  0.0464   20.000
          0.4082       -0.02  0.4300   20.000         -1.70  0.4284   20.000         -9.10  0.2349   20.000       -200.00  0.0464   20.000
          0.4086       -0.01  0.4300   20.000         -1.69  0.4284   20.000         -9.10  0.2349   20.000       -200.00  0.0464   20.000
          0.4089        0.07  0.4300   20.000         -1.70  0.4284   20.000         -9.10  0.2349   20.000       -200.00  0.0464   20.000
          0.4092       -0.02  0.4300   20.000         -1.70  0.4284   20.000         -9.10  0.2349   20.000       -200.00  0.0464   20.000
          0.4097       -0.01  0.4300   20.000         -1.69  0.4284   20.000         -9.10  0.2349   20.000       -200.00  0.0464   20.000
          0.4102       -0.02  0.4300   20.000         -1.69  0.4284   20.000         -9.10  0.2349   20.000       -200.00  0.0464   20.000
          0.4106       -0.03  0.4300   20.000         -1.69  0.4284   20.000         -9.10  0.2349   20.000       -200.00  0.0464   20.000
          0.4111       -0.01  0.4300   20.000         -1.69  0.4284   20.000         -9.10  0.2349   20.000       -200.00  0.0464   20.000
          0.4116        0.07  0.4300   20.000         -1.71  0.4284   20.000         -9.10  0.2349   20.000       -200.00  0.0464   20.000
          0.4122       -0.02  0.4300   20.000         -1.69  0.4284   20.000         -9.10  0.2349   20.000       -200.00  0.0464   20.000
          0.4128       -0.02  0.4300   20.000         -1.69  0.4284   20.000         -9.10  0.2349   20.000       -200.00  0.0464   20.000
          0.4132       -0.01  0.4300   20.000         -1.68  0.4284   20.000         -9.10  0.2349   20.000       -200.00  0.0464   20.000
          0.4137        0.03  0.4300   20.000         -1.69  0.4284   20.000         -9.10  0.2349   20.000       -200.00  0.0464   20.000
          0.4142       -0.02  0.4300   20.000         -1.68  0.4284   20.000         -9.10  0.2349   20.000       -200.00  0.0464   20.000
          0.4148       -0.00  0.4300   20.000         -1.69  0.4284   20.000         -9.10  0.2349   20.000       -200.00  0.0464   20.000
          0.4153        0.02  0.4300   20.000         -1.70  0.4284   20.000         -9.10  0.2349   20.000       -200.00  0.0464   20.000
          0.4157       -0.01  0.4300   20.000         -1.70  0.4284   20.000         -9.10  0.2349   20.000       -200.00  0.0464   20.000
          0.4161       -0.01  0.4300   20.000         -1.70  0.4284   20.000         -9.10  0.2349   20.000       -200.00  0.0464   20.000
          0.4165       -0.01  0.4300   20.000         -1.69  0.4284   20.000         -9.10  0.2349   20.000       -200.00  0.0464   20.000
          0.4168        0.06  0.4300   20.000         -1.70  0.4284   20.000         -9.10  0.2349   20.000       -200.00  0.0464   20.000
          0.4171       -0.01  0.4300   20.000         -1.69  0.4284   20.000         -9.10  0.2349   20.000       -200.00  0.0464   20.000
          0.4175        0.07  0.4300   20.000         -1.70  0.4284   20.000         -9.10  0.2349   20.000       -200.00  0.0464   20.000
          0.4179       -0.02  0.4300   20.000         -1.69  0.4284   20.000         -9.10  0.2349   20.000       -200.00  0.0464   20.000
          0.4184        0.00  0.4300   20.000         -1.70  0.4284   20.000         -9.10  0.2349   20.000       -200.00  0.0464   20.000
          0.4188        0.01  0.4300   20.000         -1.71  0.4284   20.000         -9.10  0.2349   20.000       -200.00  0.0464   20.000
          0.4193        0.00  0.4300   20.000         -1.71  0.4284   20.000         -9.10  0.2349   20.000       -200.00  0.0464   20.000
          0.4199       -0.01  0.4300   20.000         -1.71  0.4284   20.000         -9.10  0.2349   20.000       -200.00  0.0464   20.000
          0.4205       -0.03  0.4300   20.000         -1.70  0.4284   20.000         -9.10  0.2349   20.000       -200.00  0.0464   20.000
          0.4211       -0.02  0.4300   20.000         -1.70  0.4284   20.000         -9.10  0.2349   20.000       -200.00  0.0464   20.000
          0.4215        0.01  0.4300   20.000         -1.70  0.4284   20.000         -9.10  0.2349   20.000       -200.00  0.0464   20.000
          0.4221       -0.01  0.4300   20.000         -1.70  0.4284   20.000         -9.10  0.2349   20.000       -200.00  0.0464   20.000
          0.4226       -0.01  0.4300   20.000         -1.70  0.4284   20.000         -9.10  0.2349   20.000       -200.00  0.0464   20.000
          0.4230       -0.02  0.4300   20.000         -1.70  0.4284   20.000         -9.10  0.2349   20.000       -200.00  0.0464   20.000
          0.4232        0.04  0.4300   20.000         -1.71  0.4284   20.000         -9.10  0.2349   20.000       -200.00  0.0464   20.000
          0.4235       -0.01  0.4300   20.000         -1.70  0.4284   20.000         -9.10  0.2349   20.000       -200.00  0.0464   20.000
          0.4238        0.08  0.4300   20.000         -1.71  0.4284   20.000         -9.10  0.2349   20.000       -200.00  0.0464   20.000
          0.4241        0.03  0.4300   20.000         -1.71  0.4284   20.000         -9.10  0.2349   20.000       -200.00  0.0464   20.000
          0.4246        0.05  0.4300   20.000         -1.72  0.4284   20.000         -9.10  0.2349   20.000       -200.00  0.0464   20.000
          0.4252       -0.01  0.4300   20.000         -1.71  0.4284   20.000         -9.10  0.2349   20.000       -200.00  0.0464   20.000
          0.4257       -0.02  0.4300   20.000         -1.71  0.4284   20.000         -9.10  0.2349   20.000       -199.99  0.0464   20.000
          0.4262       -0.01  0.4300   20.000         -1.70  0.4284   20.000         -9.10  0.2349   20.000       -199.98  0.0464   20.000
          0.4264        0.06  0.4300   20.000         -1.71  0.4284   20.000         -9.10  0.2349   20.000       -199.98  0.0464   20.000
          0.4268       -0.01  0.4300   20.000         -1.70  0.4284   20.000         -9.10  0.2348   20.000       -199.96  0.0464   20.000
          0.4272       -0.00  0.4300   20.000         -1.70  0.4284   20.000         -9.10  0.2348   20.000       -199.92  0.0464   20.000
          0.4276       -0.01  0.4300   20.000         -1.70  0.4284   20.000         -9.10  0.2348   20.000       -199.87  0.0464   20.000
          0.4279        0.01  0.4300   20.000         -1.70  0.4284   20.000         -9.11  0.2348   20.000       -199.75  0.0464   20.000
          0.4284       -0.01  0.4300   20.000         -1.70  0.4284   20.000         -9.11  0.2348   20.000       -199.47  0.0464   20.000
          0.4289       -0.01  0.4300   20.000         -1.70  0.4284   20.000         -9.11  0.2348   20.000       -198.87  0.0464   20.000
          0.4294       -0.02  0.4300   20.000         -1.69  0.4284   20.000         -9.11  0.2348   20.000       -197.82  0.0464   20.000
          0.4297       -0.00  0.4300   20.000         -1.69  0.4284   20.000         -9.11  0.2348   20.000       -196.83  0.0464   20.000
          0.4301       -0.00  0.4300   20.000         -1.70  0.4284   20.000         -9.11  0.2348   20.000       -195.20  0.0464   20.000
          0.4304       -0.01  0.4300   20.000         -1.70  0.4284   20.000         -9.11  0.2348   20.000       -192.69  0.0464   20.000
          0.4307        0.01  0.4300   20.000         -1.71  0.4284   20.000         -9.11  0.2348   20.000       -190.44  0.0465   20.000
          0.4311        0.06  0.4300   20.000         -1.71  0.4284   20.000         -9.11  0.2348   20.000       -188.08  0.0465   20.000
          0.4314        0.01  0.4300   20.000         -1.72  0.4284   20.000         -9.11  0.2348   20.000       -184.28  0.0466   20.000
          0.4319       -0.01  0.4300   20.000         -1.71  0.4284   20.000         -9.11  0.2348   20.000       -177.13  0.0467   20.000
          0.4323        0.01  0.4300   20.000         -1.71  0.4284   20.000         -9.11  0.2348   20.000       -167.69  0.0469   20.000
          0.4329       -0.01  0.4300   20.000         -1.70  0.4284   20.000         -9.11  0.2348   20.000       -151.72  0.0471   20.000
          0.4334       -0.02  0.4300   20.000         -1.70  0.4284   20.000         -9.11  0.2348   20.000       -137.64  0.0476   20.000
          0.4338       -0.01  0.4300   20.000         -1.70  0.4284   20.000         -9.11  0.2348   20.000       -125.78  0.0480   20.000
          0.4341        0.05  0.4300   20.000         -1.70  0.4284   20.000         -9.11  0.2348   20.000       -118.36  0.0483   20.000
          0.4345       -0.01  0.4300   20.000         -1.70  0.4284   20.000         -9.11  0.2348   20.000       -111.23  0.0487   20.000
          0.4349       -0.01  0.4300   20.000         -1.70  0.4284   20.000         -9.11  0.2348   20.000       -102.35  0.0492   20.000
          0.4352       -0.00  0.4300   20.000         -1.69  0.4284   20.000         -9.11  0.2348   20.000        -93.37  0.0499   20.000
          0.4356        0.01  0.4300   20.000         -1.70  0.4284   20.000         -9.11  0.2348   20.000        -86.76  0.0506   20.000
          0.4361       -0.01  0.4300   20.000         -1.69  0.4284   20.000         -9.11  0.2348   20.000        -77.26  0.0517   20.000
          0.4365       -0.01  0.4300   20.000         -1.70  0.4284   20.000         -9.11  0.2348   20.000        -70.94  0.0529   20.000
          0.4370        0.03  0.4300   20.000         -1.71  0.4284   20.000         -9.11  0.2348   20.000        -65.15  0.0541   20.000
          0.4376       -0.01  0.4300   20.000         -1.70  0.4284   20.000         -9.11  0.2348   20.000        -57.72  0.0560   20.000
          0.4382       -0.02  0.4300   20.000         -1.70  0.4284   20.000         -9.11  0.2348   20.000        -51.83  0.0583   20.000
          0.4387       -0.02  0.4300   20.000         -1.69  0.4284   20.000         -9.11  0.2348   20.000        -47.52  0.0600   20.000
          0.4391       -0.02  0.4300   20.000         -1.69  0.4284   20.000         -9.11  0.2348   20.000        -45.02  0.0618   20.000
          0.4395        0.06  0.4300   20.000         -1.70  0.4284   20.000         -9.11  0.2348   20.000        -42.41  0.0637   20.000
          0.4401       -0.02  0.4300   20.000         -1.69  0.4284   20.000         -9.11  0.2348   20.000        -38.97  0.0661   20.000
          0.4407       -0.02  0.4300   20.000         -1.68  0.4284   20.000         -9.11  0.2348   20.000        -36.35  0.0688   20.000
          0.4411       -0.01  0.4300   20.000         -1.68  0.4284   20.000         -9.11  0.2348   20.000        -34.78  0.0709   20.000
          0.4414        0.00  0.4300   20.000         -1.69  0.4284   20.000         -9.11  0.2348   20.000        -33.09  0.0731   20.000
          0.4420       -0.02  0.4300   20.000         -1.68  0.4284   20.000         -9.10  0.2348   20.000        -30.84  0.0761   20.000
          0.4425        0.00  0.4300   20.000         -1.69  0.4284   20.000         -9.10  0.2348   20.000        -29.13  0.0792   20.000
          0.4430        0.01  0.4300   20.000         -1.70  0.4284   20.000         -9.10  0.2348   20.000        -27.84  0.0823   20.000
          0.4435        0.07  0.4300   20.000         -1.72  0.4284   20.000         -9.10  0.2349   20.000        -26.55  0.0854   20.000
          0.4441       -0.02  0.4300   20.000         -1.70  0.4284   20.000         -9.10  0.2349   20.000        -24.93  0.0894   20.000
          0.4448       -0.02  0.4300   20.000         -1.69  0.4284   20.000         -9.10  0.2349   20.000        -23.47  0.0932   20.000
          0.4453       -0.01  0.4300   20.000         -1.69  0.4284   20.000         -9.10  0.2349   20.000        -22.86  0.0959   20.000
          0.4457        0.01  0.4300   20.000         -1.70  0.4284   20.000         -9.10  0.2349   20.000        -22.20  0.0988   20.000
          0.4462        0.01  0.4300   20.000         -1.71  0.4284   20.000         -9.10  0.2349   20.000        -21.50  0.1019   20.000
          0.4467        0.02  0.4300   20.000         -1.71  0.4284   20.000         -9.10  0.2349   20.000        -20.78  0.1050   20.000
          0.4472        0.03  0.4300   20.000         -1.72  0.4284   20.000         -9.10  0.2349   20.000        -20.06  0.1081   20.000
          0.4477       -0.02  0.4300   20.000         -1.70  0.4284   20.000         -9.10  0.2349   20.000        -19.19  0.1119   20.000
          0.4483       -0.00  0.4300   20.000         -1.71  0.4284   20.000         -9.10  0.2349   20.000        -18.51  0.1156   20.000
          0.4489        0.02  0.4300   20.000         -1.72  0.4284   20.000         -9.10  0.2349   20.000        -18.04  0.1192   20.000
          0.4492       -0.01  0.4300   20.000         -1.71  0.4284   20.000         -9.10  0.2349   20.000        -17.73  0.1216   20.000
          0.4496        0.08  0.4300   20.000         -1.72  0.4284   20.000         -9.10  0.2349   20.000        -17.41  0.1240   20.000
          0.4500        0.01  0.4300   20.000         -1.72  0.4284   20.000         -9.10  0.2349   20.000        -17.09  0.1264   20.000
          0.4504       -0.00  0.4300   20.000         -1.71  0.4284   20.000         -9.10  0.2348   20.000        -16.76  0.1289   20.000
          0.4508       -0.01  0.4300   20.000         -1.71  0.4284   20.000         -9.10  0.2348   20.000        -16.43  0.1314   20.000
          0.4514       -0.01  0.4300   20.000         -1.70  0.4284   20.000         -9.10  0.2348   20.000        -16.01  0.1346   20.000
          0.4519       -0.03  0.4300   20.000         -1.70  0.4284   20.000         -9.11  0.2348   20.000        -15.60  0.1377   20.000
          0.4525       -0.01  0.4300   20.000         -1.70  0.4284   20.000         -9.11  0.2348   20.000        -15.20  0.1407   20.000
          0.4529       -0.01  0.4300   20.000         -1.70  0.4284   20.000         -9.11  0.2348   20.000        -14.94  0.1427   20.000
          0.4533        0.01  0.4300   20.000         -1.71  0.4284   20.000         -9.11  0.2348   20.000        -14.76  0.1446   20.000
          0.4537        0.06  0.4300   20.000         -1.72  0.4284   20.000         -9.11  0.2348   20.000        -14.61  0.1464   20.000
          0.4540        0.01  0.4300   20.000         -1.73  0.4284   20.000         -9.11  0.2348   20.000        -14.47  0.1482   20.000
          0.4545       -0.01  0.4300   20.000         -1.72  0.4284   20.000         -9.11  0.2348   20.000        -14.28  0.1506   20.000
          0.4550       -0.03  0.4300   20.000         -1.71  0.4284   20.000         -9.11  0.2348   20.000        -14.09  0.1529   20.000
          0.4555       -0.01  0.4300   20.000         -1.70  0.4284   20.000         -9.11  0.2348   20.000        -13.89  0.1554   20.000
          0.4559        0.01  0.4300   20.000         -1.71  0.4284   20.000         -9.11  0.2348   20.000        -13.76  0.1571   20.000
          0.4562        0.04  0.4300   20.000         -1.72  0.4284   20.000         -9.11  0.2348   20.000        -13.63  0.1587   20.000
          0.4566        0.04  0.4300   20.000         -1.73  0.4284   20.000         -9.11  0.2348   20.000        -13.51  0.1603   20.000
          0.4570       -0.01  0.4300   20.000         -1.72  0.4284   20.000         -9.11  0.2348   20.000        -13.36  0.1622   20.000
          0.4575       -0.02  0.4300   20.000         -1.71  0.4284   20.000         -9.11  0.2348   20.000        -13.21  0.1640   20.000
          0.4580       -0.03  0.4300   20.000         -1.70  0.4284   20.000         -9.11  0.2348   20.000        -13.06  0.1659   20.000
          0.4584       -0.01  0.4300   20.000         -1.70  0.4284   20.000         -9.11  0.2348   20.000        -12.92  0.1677   20.000
          0.4589        0.06  0.4300   20.000         -1.71  0.4284   20.000         -9.11  0.2348   20.000        -12.78  0.1695   20.000
          0.4595       -0.02  0.4300   20.000         -1.70  0.4284   20.000         -9.11  0.2348   20.000        -12.59  0.1718   20.000
          0.4600       -0.02  0.4300   20.000         -1.69  0.4284   20.000         -9.11  0.2348   20.000        -12.41  0.1741   20.000
          0.4605       -0.01  0.4300   20.000         -1.69  0.4284   20.000         -9.11  0.2348   20.000        -12.28  0.1758   20.000
          0.4609        0.06  0.4300   20.000         -1.70  0.4284   20.000         -9.11  0.2348   20.000        -12.16  0.1772   20.000
          0.4613        0.01  0.4300   20.000         -1.70  0.4284   20.000         -9.11  0.2348   20.000        -12.06  0.1785   20.000
          0.4617       -0.00  0.4300   20.000         -1.69  0.4284   20.000         -9.11  0.2348   20.000        -11.96  0.1797   20.000
          0.4621       -0.01  0.4300   20.000         -1.70  0.4284   20.000         -9.11  0.2348   20.000        -11.88  0.1808   20.000
          0.4627       -0.01  0.4300   20.000         -1.69  0.4284   20.000         -9.11  0.2348   20.000        -11.77  0.1821   20.000
          0.4632       -0.03  0.4300   20.000         -1.69  0.4284   20.000         -9.11  0.2348   20.000        -11.70  0.1834   20.000
          0.4637       -0.03  0.4300   20.000         -1.68  0.4284   20.000         -9.11  0.2348   20.000        -11.63  0.1848   20.000
          0.4643       -0.01  0.4300   20.000         -1.69  0.4284   20.000         -9.11  0.2348   20.000        -11.56  0.1861   20.000
          0.4648       -0.00  0.4300   20.000         -1.70  0.4284   20.000         -9.11  0.2348   20.000        -11.50  0.1874   20.000
          0.4654        0.01  0.4300   20.000         -1.71  0.4284   20.000         -9.11  0.2348   20.000        -11.43  0.1887   20.000
          0.4657       -0.01  0.4300   20.000         -1.71  0.4284   20.000         -9.11  0.2348   20.000        -11.38  0.1896   20.000
          0.4662       -0.00  0.4300   20.000         -1.71  0.4284   20.000         -9.11  0.2348   20.000        -11.32  0.1907   20.000
          0.4667       -0.03  0.4300   20.000         -1.71  0.4284   20.000         -9.11  0.2348   20.000        -11.26  0.1919   20.000
          0.4672       -0.01  0.4300   20.000         -1.70  0.4284   20.000         -9.11  0.2348   20.000        -11.20  0.1931   20.000
          0.4675       -0.01  0.4300   20.000         -1.70  0.4284   20.000         -9.11  0.2348   20.000        -11.15  0.1940   20.000
          0.4679       -0.00  0.4300   20.000         -1.70  0.4284   20.000         -9.11  0.2348   20.000        -11.11  0.1949   20.000
          0.4682        0.00  0.4300   20.000         -1.70  0.4284   20.000         -9.11  0.2348   20.000        -11.06  0.1957   20.000
          0.4687       -0.01  0.4300   20.000         -1.70  0.4284   20.000         -9.11  0.2348   20.000        -11.00  0.1969   20.000
          0.4691        0.03  0.4300   20.000         -1.70  0.4284   20.000         -9.11  0.2348   20.000        -10.95  0.1980   20.000
          0.4697       -0.01  0.4300   20.000         -1.70  0.4284   20.000         -9.11  0.2348   20.000        -10.87  0.1993   20.000
          0.4703       -0.02  0.4300   20.000         -1.69  0.4284   20.000         -9.11  0.2348   20.000        -10.81  0.2006   20.000
          0.4709       -0.02  0.4300   20.000         -1.69  0.4284   20.000         -9.11  0.2348   20.000        -10.75  0.2017   20.000
          0.4713        0.01  0.4300   20.000         -1.70  0.4284   20.000         -9.11  0.2348   20.000        -10.72  0.2023   20.000
          0.4717        0.04  0.4300   20.000         -1.71  0.4284   20.000         -9.11  0.2348   20.000        -10.69  0.2029   20.000
          0.4721        0.03  0.4300   20.000         -1.72  0.4284   20.000         -9.11  0.2348   20.000        -10.66  0.2035   20.000
          0.4726       -0.01  0.4300   20.000         -1.71  0.4284   20.000         -9.11  0.2348   20.000        -10.62  0.2041   20.000
          0.4731       -0.03  0.4300   20.000         -1.71  0.4284   20.000         -9.11  0.2348   20.000        -10.59  0.2048   20.000
          0.4737       -0.01  0.4300   20.000         -1.70  0.4284   20.000         -9.11  0.2348   20.000        -10.56  0.2054   20.000
          0.4740        0.07  0.4300   20.000         -1.71  0.4284   20.000         -9.11  0.2348   20.000        -10.54  0.2058   20.000
          0.4745       -0.02  0.4300   20.000         -1.70  0.4284   20.000         -9.11  0.2348   20.000        -10.51  0.2064   20.000
          0.4750       -0.01  0.4300   20.000         -1.69  0.4284   20.000         -9.11  0.2348   20.000        -10.48  0.2070   20.000
          0.4755        0.01  0.4300   20.000         -1.71  0.4284   20.000         -9.11  0.2348   20.000        -10.45  0.2075   20.000
          0.4760        0.08  0.4300   20.000         -1.73  0.4284   20.000         -9.11  0.2348   20.000        -10.42  0.2081   20.000
          0.4764       -0.02  0.4300   20.000         -1.71  0.4284   20.000         -9.11  0.2348   20.000        -10.39  0.2087   20.000
          0.4769       -0.00  0.4300   20.000         -1.71  0.4284   20.000         -9.11  0.2348   20.000        -10.36  0.2093   20.000
          0.4774       -0.01  0.4300   20.000         -1.71  0.4284   20.000         -9.11  0.2348   20.000        -10.32  0.2099   20.000
          0.4779        0.03  0.4300   20.000         -1.72  0.4284   20.000         -9.11  0.2348   20.000        -10.29  0.2105   20.000
          0.4785       -0.01  0.4300   20.000         -1.71  0.4284   20.000         -9.11  0.2348   20.000        -10.26  0.2112   20.000
          0.4791       -0.02  0.4300   20.000         -1.70  0.4284   20.000         -9.11  0.2348   20.000        -10.22  0.2119   20.000
          0.4796       -0.02  0.4300   20.000         -1.70  0.4284   20.000         -9.11  0.2348   20.000        -10.20  0.2123   20.000
          0.4800       -0.02  0.4300   20.000         -1.69  0.4284   20.000         -9.11  0.2348   20.000        -10.18  0.2127   20.000
          0.4804       -0.01  0.4300   20.000         -1.69  0.4284   20.000         -9.11  0.2348   20.000        -10.16  0.2131   20.000
          0.4809       -0.01  0.4300   20.000         -1.69  0.4284   20.000         -9.11  0.2348   20.000        -10.14  0.2135   20.000
          0.4813        0.02  0.4300   20.000         -1.70  0.4284   20.000         -9.11  0.2348   20.000        -10.12  0.2139   20.000
          0.4819       -0.01  0.4300   20.000         -1.69  0.4284   20.000         -9.11  0.2348   20.000        -10.09  0.2144   20.000
          0.4824       -0.02  0.4300   20.000         -1.69  0.4284   20.000         -9.11  0.2348   20.000        -10.07  0.2148   20.000
          0.4830       -0.02  0.4300   20.000         -1.69  0.4284   20.000         -9.11  0.2348   20.000        -10.04  0.2153   20.000
          0.4834       -0.00  0.4300   20.000         -1.69  0.4284   20.000         -9.11  0.2348   20.000        -10.03  0.2156   20.000
          0.4838        0.08  0.4300   20.000         -1.71  0.4284   20.000         -9.11  0.2348   20.000        -10.01  0.2159   20.000
          0.4842       -0.02  0.4300   20.000         -1.70  0.4284   20.000         -9.11  0.2348   20.000         -9.99  0.2162   20.000
          0.4846       -0.01  0.4300   20.000         -1.70  0.4284   20.000         -9.11  0.2348   20.000         -9.98  0.2166   20.000
          0.4850        0.05  0.4300   20.000         -1.70  0.4284   20.000         -9.11  0.2348   20.000         -9.96  0.2169   20.000
          0.4855       -0.02  0.4300   20.000         -1.69  0.4284   20.000         -9.11  0.2348   20.000         -9.94  0.2173   20.000
          0.4860        0.00  0.4300   20.000         -1.70  0.4284   20.000         -9.11  0.2348   20.000         -9.92  0.2177   20.000
          0.4866        0.09  0.4300   20.000         -1.72  0.4284   20.000         -9.11  0.2348   20.000         -9.90  0.2181   20.000
          0.4871       -0.02  0.4300   20.000         -1.71  0.4284   20.000         -9.10  0.2348   20.000         -9.88  0.2185   20.000
          0.4876       -0.01  0.4300   20.000         -1.70  0.4284   20.000         -9.10  0.2348   20.000         -9.86  0.2189   20.000
          0.4881       -0.02  0.4300   20.000         -1.70  0.4284   20.000         -9.10  0.2348   20.000         -9.84  0.2192   20.000
          0.4885        0.04  0.4300   20.000         -1.71  0.4284   20.000         -9.10  0.2348   20.000         -9.82  0.2195   20.000
          0.4889       -0.01  0.4300   20.000         -1.70  0.4284   20.000         -9.10  0.2348   20.000         -9.81  0.2198   20.000
          0.4894       -0.02  0.4300   20.000         -1.70  0.4284   20.000         -9.10  0.2348   20.000         -9.79  0.2201   20.000
          0.4899       -0.03  0.4300   20.000         -1.69  0.4284   20.000         -9.10  0.2348   20.000         -9.78  0.2204   20.000
          0.4903       -0.01  0.4300   20.000         -1.69  0.4284   20.000         -9.10  0.2348   20.000         -9.76  0.2207   20.000
          0.4908       -0.00  0.4300   20.000         -1.70  0.4284   20.000         -9.10  0.2348   20.000         -9.75  0.2210   20.000
          0.4913        0.01  0.4300   20.000         -1.71  0.4284   20.000         -9.10  0.2348   20.000         -9.73  0.2213   20.000
          0.4916        0.04  0.4300   20.000         -1.71  0.4284   20.000         -9.10  0.2348   20.000         -9.72  0.2215   20.000
          0.4920       -0.02  0.4300   20.000         -1.71  0.4284   20.000         -9.10  0.2348   20.000         -9.71  0.2217   20.000
          0.4925       -0.00  0.4300   20.000         -1.71  0.4284   20.000         -9.10  0.2348   20.000         -9.70  0.2220   20.000
          0.4929        0.08  0.4300   20.000         -1.72  0.4284   20.000         -9.10  0.2348   20.000         -9.68  0.2222   20.000
          0.4935       -0.03  0.4300   20.000         -1.70  0.4284   20.000         -9.11  0.2348   20.000         -9.67  0.2226   20.000
          0.4940       -0.01  0.4300   20.000         -1.70  0.4284   20.000         -9.11  0.2348   20.000         -9.65  0.2229   20.000
          0.4946       -0.01  0.4300   20.000         -1.71  0.4284   20.000         -9.11  0.2348   20.000         -9.63  0.2232   20.000
          0.4951        0.02  0.4300   20.000         -1.72  0.4284   20.000         -9.11  0.2348   20.000         -9.62  0.2235   20.000
          0.4958       -0.02  0.4300   20.000         -1.70  0.4284   20.000         -9.11  0.2348   20.000         -9.60  0.2239   20.000
          0.4965       -0.03  0.4300   20.000         -1.70  0.4284   20.000         -9.11  0.2348   20.000         -9.58  0.2243   20.000
          0.4972       -0.02  0.4300   20.000         -1.69  0.4284   20.000         -9.11  0.2348   20.000         -9.56  0.2246   20.000
          0.4977        0.01  0.4300   20.000         -1.70  0.4284   20.000         -9.11  0.2348   20.000         -9.55  0.2248   20.000
          0.4983       -0.01  0.4300   20.000         -1.70  0.4284   20.000         -9.11  0.2348   20.000         -9.53  0.2251   20.000
          0.4988       -0.02  0.4300   20.000         -1.70  0.4284   20.000         -9.11  0.2348   20.000         -9.52  0.2254   20.000
          0.4992       -0.02  0.4300   20.000         -1.70  0.4284   20.000         -9.11  0.2348   20.000         -9.51  0.2256   20.000
          0.4996       -0.01  0.4300   20.000         -1.70  0.4284   20.000         -9.11  0.2348   20.000         -9.50  0.2258   20.000
          0.5000        0.05  0.4300   20.000         -1.71  0.4284   20.000         -9.11  0.2348   20.000         -9.49  0.2259   20.000
          0.5004       -0.01  0.4300   20.000         -1.70  0.4284   20.000         -9.11  0.2348   20.000         -9.48  0.2261   20.000
          0.5008        0.07  0.4300   20.000         -1.71  0.4284   20.000         -9.11  0.2348   20.000         -9.47  0.2263   20.000
          0.5014       -0.02  0.4300   20.000         -1.69  0.4284   20.000         -9.11  0.2348   20.000         -9.46  0.2266   20.000
          0.5019       -0.02  0.4300   20.000         -1.69  0.4284   20.000         -9.11  0.2348   20.000         -9.44  0.2268   20.000
          0.5023       -0.01  0.4300   20.000         -1.69  0.4284   20.000         -9.11  0.2348   20.000         -9.43  0.2270   20.000
          0.5027       -0.00  0.4300   20.000         -1.69  0.4284   20.000         -9.11  0.2348   20.000         -9.42  0.2272   20.000
          0.5032       -0.01  0.4300   20.000         -1.68  0.4284   20.000         -9.11  0.2348   20.000         -9.41  0.2274   20.000
          0.5037       -0.00  0.4300   20.000         -1.69  0.4284   20.000         -9.11  0.2348   20.000         -9.40  0.2276   20.000
          0.5042        0.00  0.4300   20.000         -1.70  0.4284   20.000         -9.11  0.2348   20.000         -9.39  0.2278   20.000
          0.5047       -0.02  0.4300   20.000         -1.70  0.4284   20.000         -9.11  0.2348   20.000         -9.38  0.2280   20.000
          0.5052       -0.01  0.4300   20.000         -1.69  0.4284   20.000         -9.10  0.2348   20.000         -9.37  0.2282   20.000
          0.5055        0.01  0.4300   20.000         -1.70  0.4284   20.000         -9.10  0.2348   20.000         -9.36  0.2284   20.000
          0.5059        0.02  0.4300   20.000         -1.70  0.4284   20.000         -9.10  0.2348   20.000         -9.36  0.2285   20.000
          0.5062        0.02  0.4300   20.000         -1.71  0.4284   20.000         -9.10  0.2348   20.000         -9.35  0.2286   20.000
          0.5066        0.02  0.4300   20.000         -1.72  0.4284   20.000         -9.10  0.2349   20.000         -9.34  0.2288   20.000
          0.5069        0.05  0.4300   20.000         -1.72  0.4284   20.000         -9.10  0.2349   20.000         -9.33  0.2289   20.000
          0.5074       -0.02  0.4300   20.000         -1.71  0.4284   20.000         -9.10  0.2349   20.000         -9.33  0.2291   20.000
          0.5078        0.00  0.4300   20.000         -1.72  0.4284   20.000         -9.10  0.2349   20.000         -9.32  0.2292   20.000
          0.5083        0.01  0.4300   20.000         -1.72  0.4284   20.000         -9.10  0.2349   20.000         -9.31  0.2294   20.000
          0.5087        0.07  0.4300   20.000         -1.74  0.4283   20.000         -9.10  0.2349   20.000         -9.30  0.2296   20.000
          0.5092       -0.02  0.4300   20.000         -1.72  0.4284   20.000         -9.10  0.2349   20.000         -9.30  0.2298   20.000
          0.5096       -0.01  0.4300   20.000         -1.72  0.4284   20.000         -9.10  0.2349   20.000         -9.29  0.2300   20.000
          0.5101        0.08  0.4300   20.000         -1.73  0.4283   20.000         -9.10  0.2348   20.000         -9.28  0.2302   20.000
          0.5107       -0.03  0.4300   20.000         -1.71  0.4284   20.000         -9.10  0.2348   20.000         -9.28  0.2304   20.000
          0.5112       -0.01  0.4300   20.000         -1.71  0.4284   20.000         -9.11  0.2348   20.000         -9.27  0.2306   20.000
          0.5118       -0.01  0.4300   20.000         -1.71  0.4284   20.000         -9.11  0.2348   20.000         -9.26  0.2308   20.000
          0.5124       -0.03  0.4300   20.000         -1.71  0.4284   20.000         -9.11  0.2348   20.000         -9.25  0.2310   20.000
          0.5130       -0.02  0.4300   20.000         -1.70  0.4284   20.000         -9.11  0.2348   20.000         -9.24  0.2312   20.000
          0.5134       -0.02  0.4300   20.000         -1.70  0.4284   20.000         -9.11  0.2348   20.000         -9.24  0.2314   20.000
          0.5138       -0.03  0.4300   20.000         -1.69  0.4284   20.000         -9.11  0.2348   20.000         -9.23  0.2315   20.000
          0.5142       -0.01  0.4300   20.000         -1.69  0.4284   20.000         -9.11  0.2348   20.000         -9.23  0.2317   20.000
          0.5146        0.05  0.4300   20.000         -1.71  0.4284   20.000         -9.11  0.2348   20.000         -9.22  0.2318   20.000
          0.5152       -0.02  0.4300   20.000         -1.69  0.4284   20.000         -9.11  0.2348   20.000         -9.22  0.2319   20.000
          0.5157        0.00  0.4300   20.000         -1.70  0.4284   20.000         -9.11  0.2348   20.000         -9.21  0.2321   20.000
          0.5163        0.00  0.4300   20.000         -1.71  0.4284   20.000         -9.11  0.2348   20.000         -9.21  0.2322   20.000
          0.5168       -0.02  0.4300   20.000         -1.71  0.4284   20.000         -9.11  0.2348   20.000         -9.20  0.2323   20.000
          0.5172       -0.01  0.4300   20.000         -1.70  0.4284   20.000         -9.11  0.2348   20.000         -9.20  0.2324   20.000
          0.5174        0.06  0.4300   20.000         -1.71  0.4284   20.000         -9.11  0.2348   20.000         -9.20  0.2324   20.000
          0.5178       -0.01  0.4300   20.000         -1.70  0.4284   20.000         -9.11  0.2348   20.000         -9.20  0.2325   20.000
          0.5181       -0.00  0.4300   20.000         -1.70  0.4284   20.000         -9.11  0.2348   20.000         -9.19  0.2326   20.000
          0.5184       -0.01  0.4300   20.000         -1.70  0.4284   20.000         -9.11  0.2348   20.000         -9.19  0.2326   20.000
          0.5188        0.09  0.4300   20.000         -1.71  0.4284   20.000         -9.11  0.2348   20.000         -9.19  0.2327   20.000
          0.5192       -0.02  0.4300   20.000         -1.70  0.4284   20.000         -9.11  0.2348   20.000         -9.19  0.2327   20.000
          0.5198       -0.03  0.4300   20.000         -1.70  0.4284   20.000         -9.11  0.2348   20.000         -9.18  0.2328   20.000
          0.5204       -0.01  0.4300   20.000         -1.69  0.4284   20.000         -9.11  0.2348   20.000         -9.18  0.2329   20.000
          0.5208        0.01  0.4300   20.000         -1.71  0.4284   20.000         -9.11  0.2348   20.000         -9.18  0.2330   20.000
          0.5212        0.03  0.4300   20.000         -1.72  0.4284   20.000         -9.11  0.2348   20.000         -9.17  0.2331   20.000
          0.5216        0.06  0.4300   20.000         -1.73  0.4283   20.000         -9.11  0.2348   20.000         -9.17  0.2331   20.000
          0.5220       -0.01  0.4300   20.000         -1.72  0.4284   20.000         -9.11  0.2348   20.000         -9.17  0.2332   20.000
          0.5224       -0.00  0.4300   20.000         -1.72  0.4284   20.000         -9.11  0.2348   20.000         -9.17  0.2332   20.000
          0.5228        0.08  0.4300   20.000         -1.73  0.4283   20.000         -9.11  0.2348   20.000         -9.16  0.2333   20.000
          0.5233       -0.03  0.4300   20.000         -1.71  0.4284   20.000         -9.11  0.2348   20.000         -9.16  0.2334   20.000
          0.5238       -0.01  0.4300   20.000         -1.71  0.4284   20.000         -9.11  0.2348   20.000         -9.16  0.2334   20.000
          0.5244        0.02  0.4300   20.000         -1.71  0.4284   20.000         -9.11  0.2348   20.000         -9.16  0.2335   20.000
          0.5247       -0.01  0.4300   20.000         -1.71  0.4284   20.000         -9.11  0.2348   20.000         -9.16  0.2335   20.000
          0.5251        0.07  0.4300   20.000         -1.72  0.4284   20.000         -9.11  0.2348   20.000         -9.15  0.2336   20.000
          0.5256       -0.02  0.4300   20.000         -1.71  0.4284   20.000         -9.11  0.2348   20.000         -9.15  0.2336   20.000
          0.5260       -0.01  0.4300   20.000         -1.70  0.4284   20.000         -9.11  0.2348   20.000         -9.15  0.2337   20.000
          0.5265       -0.00  0.4300   20.000         -1.70  0.4284   20.000         -9.11  0.2348   20.000         -9.15  0.2337   20.000
          0.5271       -0.02  0.4300   20.000         -1.69  0.4284   20.000         -9.11  0.2348   20.000         -9.15  0.2338   20.000
          0.5278       -0.02  0.4300   20.000         -1.69  0.4284   20.000         -9.11  0.2348   20.000         -9.14  0.2338   20.000
          0.5282       -0.01  0.4300   20.000         -1.68  0.4284   20.000         -9.11  0.2348   20.000         -9.14  0.2338   20.000
          0.5286        0.00  0.4300   20.000         -1.69  0.4284   20.000         -9.11  0.2348   20.000         -9.14  0.2339   20.000
          0.5291        0.08  0.4300   20.000         -1.71  0.4284   20.000         -9.11  0.2348   20.000         -9.14  0.2339   20.000
          0.5295       -0.02  0.4300   20.000         -1.70  0.4284   20.000         -9.11  0.2348   20.000         -9.14  0.2339   20.000
          0.5299       -0.00  0.4300   20.000         -1.70  0.4284   20.000         -9.11  0.2348   20.000         -9.14  0.2340   20.000
          0.5304        0.08  0.4300   20.000         -1.71  0.4284   20.000         -9.11  0.2348   20.000         -9.14  0.2340   20.000
          0.5309       -0.03  0.4300   20.000         -1.70  0.4284   20.000         -9.11  0.2348   20.000         -9.14  0.2340   20.000
          0.5315       -0.01  0.4300   20.000         -1.70  0.4284   20.000         -9.11  0.2348   20.000         -9.13  0.2341   20.000
          0.5320       -0.03  0.4300   20.000         -1.70  0.4284   20.000         -9.11  0.2348   20.000         -9.13  0.2341   20.000
          0.5324       -0.03  0.4300   20.000         -1.69  0.4284   20.000         -9.11  0.2348   20.000         -9.13  0.2341   20.000
          0.5328       -0.01  0.4300   20.000         -1.69  0.4284   20.000         -9.11  0.2348   20.000         -9.13  0.2342   20.000
          0.5332        0.00  0.4300   20.000         -1.70  0.4284   20.000         -9.11  0.2348   20.000         -9.13  0.2342   20.000
          0.5336        0.02  0.4300   20.000         -1.71  0.4284   20.000         -9.11  0.2348   20.000         -9.13  0.2342   20.000
          0.5340       -0.01  0.4300   20.000         -1.71  0.4284   20.000         -9.11  0.2348   20.000         -9.13  0.2342   20.000
          0.5345       -0.02  0.4300   20.000         -1.70  0.4284   20.000         -9.11  0.2348   20.000         -9.13  0.2342   20.000
          0.5349       -0.01  0.4300   20.000         -1.70  0.4284   20.000         -9.11  0.2348   20.000         -9.13  0.2343   20.000
          0.5353        0.05  0.4300   20.000         -1.70  0.4284   20.000         -9.11  0.2348   20.000         -9.13  0.2343   20.000
          0.5357       -0.02  0.4300   20.000         -1.69  0.4284   20.000         -9.11  0.2348   20.000         -9.13  0.2343   20.000
          0.5362       -0.00  0.4300   20.000         -1.70  0.4284   20.000         -9.11  0.2348   20.000         -9.13  0.2343   20.000
          0.5367        0.09  0.4300   20.000         -1.72  0.4284   20.000         -9.11  0.2348   20.000         -9.12  0.2343   20.000
          0.5371       -0.02  0.4300   20.000         -1.71  0.4284   20.000         -9.11  0.2348   20.000         -9.12  0.2344   20.000
          0.5376       -0.01  0.4300   20.000         -1.70  0.4284   20.000         -9.11  0.2348   20.000         -9.12  0.2344   20.000
          0.5381        0.07  0.4300   20.000         -1.71  0.4284   20.000         -9.11  0.2348   20.000         -9.12  0.2344   20.000
          0.5387       -0.02  0.4300   20.000         -1.70  0.4284   20.000         -9.11  0.2348   20.000         -9.12  0.2344   20.000
          0.5393       -0.01  0.4300   20.000         -1.70  0.4284   20.000         -9.11  0.2348   20.000         -9.12  0.2344   20.000
          0.5399       -0.02  0.4300   20.000         -1.70  0.4284   20.000         -9.11  0.2348   20.000         -9.12  0.2344   20.000
          0.5405       -0.01  0.4300   20.000         -1.71  0.4284   20.000         -9.11  0.2348   20.000         -9.12  0.2345   20.000
          0.5411       -0.03  0.4300   20.000         -1.71  0.4284   20.000         -9.11  0.2348   20.000         -9.12  0.2345   20.000
          0.5415       -0.01  0.4300   20.000         -1.70  0.4284   20.000         -9.11  0.2348   20.000         -9.12  0.2345   20.000
          0.5418        0.06  0.4300   20.000         -1.71  0.4284   20.000         -9.11  0.2348   20.000         -9.12  0.2345   20.000
          0.5422       -0.02  0.4300   20.000         -1.70  0.4284   20.000         -9.11  0.2348   20.000         -9.12  0.2345   20.000
          0.5427       -0.01  0.4300   20.000         -1.70  0.4284   20.000         -9.11  0.2348   20.000         -9.12  0.2345   20.000
          0.5432        0.00  0.4300   20.000         -1.70  0.4284   20.000         -9.11  0.2348   20.000         -9.12  0.2345   20.000
          0.5439       -0.02  0.4300   20.000         -1.69  0.4284   20.000         -9.11  0.2348   20.000         -9.12  0.2345   20.000
          0.5446       -0.02  0.4300   20.000         -1.70  0.4284   20.000         -9.11  0.2348   20.000         -9.12  0.2346   20.000
          0.5450       -0.03  0.4300   20.000         -1.70  0.4284   20.000         -9.11  0.2348   20.000         -9.12  0.2346   20.000
          0.5453       -0.02  0.4300   20.000         -1.69  0.4284   20.000         -9.11  0.2348   20.000         -9.12  0.2346   20.000
          0.5457        0.08  0.4300   20.000         -1.70  0.4284   20.000         -9.11  0.2348   20.000         -9.11  0.2346   20.000
          0.5461       -0.02  0.4300   20.000         -1.69  0.4284   20.000         -9.11  0.2348   20.000         -9.11  0.2346   20.000
          0.5465       -0.00  0.4300   20.000         -1.69  0.4284   20.000         -9.11  0.2348   20.000         -9.11  0.2346   20.000
          0.5470        0.09  0.4300   20.000         -1.71  0.4284   20.000         -9.11  0.2348   20.000         -9.11  0.2346   20.000
          0.5474       -0.02  0.4300   20.000         -1.70  0.4284   20.000         -9.11  0.2348   20.000         -9.11  0.2346   20.000
          0.5478       -0.01  0.4300   20.000         -1.70  0.4284   20.000         -9.10  0.2348   20.000         -9.11  0.2346   20.000
          0.5483        0.00  0.4300   20.000         -1.70  0.4284   20.000         -9.10  0.2348   20.000         -9.11  0.2346   20.000
          0.5488       -0.01  0.4300   20.000         -1.70  0.4284   20.000         -9.10  0.2348   20.000         -9.11  0.2346   20.000
          0.5494       -0.02  0.4300   20.000         -1.70  0.4284   20.000         -9.10  0.2348   20.000         -9.11  0.2346   20.000
          0.5500       -0.01  0.4300   20.000         -1.71  0.4284   20.000         -9.10  0.2348   20.000         -9.11  0.2347   20.000
          0.5505       -0.01  0.4300   20.000         -1.71  0.4284   20.000         -9.10  0.2348   20.000         -9.11  0.2347   20.000
          0.5511       -0.02  0.4300   20.000         -1.71  0.4284   20.000         -9.10  0.2348   20.000         -9.11  0.2347   20.000
          0.5515       -0.02  0.4300   20.000         -1.70  0.4284   20.000         -9.10  0.2348   20.000         -9.11  0.2347   20.000
          0.5518       -0.01  0.4300   20.000         -1.70  0.4284   20.000         -9.10  0.2348   20.000         -9.11  0.2347   20.000
          0.5522        0.06  0.4300   20.000         -1.71  0.4284   20.000         -9.10  0.2348   20.000         -9.11  0.2347   20.000
          0.5527       -0.00  0.4300   20.000         -1.70  0.4284   20.000         -9.10  0.2348   20.000         -9.11  0.2347   20.000
          0.5531        0.06  0.4300   20.000         -1.71  0.4284   20.000         -9.10  0.2348   20.000         -9.11  0.2347   20.000
          0.5535       -0.02  0.4300   20.000         -1.70  0.4284   20.000         -9.10  0.2348   20.000         -9.11  0.2347   20.000
          0.5541       -0.01  0.4300   20.000         -1.70  0.4284   20.000         -9.10  0.2348   20.000         -9.11  0.2347   20.000
          0.5547       -0.03  0.4300   20.000         -1.70  0.4284   20.000         -9.10  0.2348   20.000         -9.11  0.2347   20.000
          0.5551       -0.01  0.4300   20.000         -1.70  0.4284   20.000         -9.11  0.2348   20.000         -9.11  0.2347   20.000
          0.5554        0.05  0.4300   20.000         -1.70  0.4284   20.000         -9.11  0.2348   20.000         -9.11  0.2347   20.000
          0.5557       -0.02  0.4300   20.000         -1.70  0.4284   20.000         -9.11  0.2348   20.000         -9.11  0.2347   20.000
          0.5562       -0.01  0.4300   20.000         -1.70  0.4284   20.000         -9.11  0.2348   20.000         -9.11  0.2347   20.000
          0.5567       -0.00  0.4300   20.000         -1.70  0.4284   20.000         -9.11  0.2348   20.000         -9.11  0.2347   20.000
          0.5573       -0.02  0.4300   20.000         -1.69  0.4284   20.000         -9.11  0.2348   20.000         -9.11  0.2347   20.000
          0.5579       -0.02  0.4300   20.000         -1.69  0.4284   20.000         -9.10  0.2348   20.000         -9.11  0.2347   20.000
          0.5584       -0.02  0.4300   20.000         -1.69  0.4284   20.000         -9.10  0.2348   20.000         -9.11  0.2347   20.000
          0.5588       -0.02  0.4300   20.000         -1.68  0.4284   20.000         -9.10  0.2348   20.000         -9.11  0.2347   20.000
          0.5593        0.00  0.4300   20.000         -1.69  0.4284   20.000         -9.10  0.2348   20.000         -9.11  0.2347   20.000
          0.5597        0.01  0.4300   20.000         -1.70  0.4284   20.000         -9.10  0.2348   20.000         -9.11  0.2347   20.000
          0.5601        0.07  0.4300   20.000         -1.72  0.4284   20.000         -9.10  0.2348   20.000         -9.11  0.2347   20.000
          0.5607       -0.02  0.4300   20.000         -1.70  0.4284   20.000         -9.10  0.2349   20.000         -9.11  0.2347   20.000
          0.5613       -0.01  0.4300   20.000         -1.70  0.4284   20.000         -9.10  0.2349   20.000         -9.11  0.2348   20.000
          0.5618        0.03  0.4300   20.000         -1.71  0.4284   20.000         -9.10  0.2349   20.000         -9.11  0.2348   20.000
          0.5622       -0.01  0.4300   20.000         -1.70  0.4284   20.000         -9.10  0.2349   20.000         -9.11  0.2348   20.000
          0.5626        0.08  0.4300   20.000         -1.72  0.4284   20.000         -9.10  0.2349   20.000         -9.11  0.2348   20.000
          0.5632       -0.02  0.4300   20.000         -1.70  0.4284   20.000         -9.10  0.2349   20.000         -9.11  0.2348   20.000
          0.5637       -0.01  0.4300   20.000         -1.70  0.4284   20.000         -9.10  0.2349   20.000         -9.11  0.2348   20.000
          0.5642       -0.01  0.4300   20.000         -1.70  0.4284   20.000         -9.10  0.2349   20.000         -9.11  0.2348   20.000
          0.5647        0.03  0.4300   20.000         -1.71  0.4284   20.000         -9.10  0.2348   20.000         -9.11  0.2348   20.000
          0.5654       -0.02  0.4300   20.000         -1.70  0.4284   20.000         -9.10  0.2348   20.000         -9.11  0.2348   20.000
          0.5661       -0.02  0.4300   20.000         -1.70  0.4284   20.000         -9.10  0.2348   20.000         -9.11  0.2348   20.000
          0.5665       -0.03  0.4300   20.000         -1.69  0.4284   20.000         -9.11  0.2348   20.000         -9.11  0.2348   20.000
          0.5670       -0.02  0.4300   20.000         -1.69  0.4284   20.000         -9.11  0.2348   20.000         -9.11  0.2348   20.000
          0.5675        0.06  0.4300   20.000         -1.70  0.4284   20.000         -9.11  0.2348   20.000         -9.11  0.2348   20.000
          0.5681       -0.02  0.4300   20.000         -1.69  0.4284   20.000         -9.11  0.2348   20.000         -9.11  0.2348   20.000
          0.5687       -0.02  0.4300   20.000         -1.68  0.4284   20.000         -9.11  0.2348   20.000         -9.11  0.2348   20.000
          0.5691       -0.01  0.4300   20.000         -1.68  0.4284   20.000         -9.11  0.2348   20.000         -9.11  0.2348   20.000
          0.5696        0.08  0.4300   20.000         -1.70  0.4284   20.000         -9.11  0.2348   20.000         -9.11  0.2348   20.000
          0.5700       -0.00  0.4300   20.000         -1.70  0.4284   20.000         -9.10  0.2348   20.000         -9.11  0.2348   20.000
          0.5706       -0.00  0.4300   20.000         -1.70  0.4284   20.000         -9.10  0.2348   20.000         -9.11  0.2348   20.000
          0.5711       -0.02  0.4300   20.000         -1.70  0.4284   20.000         -9.10  0.2348   20.000         -9.11  0.2348   20.000
          0.5717       -0.01  0.4300   20.000         -1.69  0.4284   20.000         -9.10  0.2349   20.000         -9.11  0.2348   20.000
          0.5721        0.08  0.4300   20.000         -1.71  0.4284   20.000         -9.10  0.2349   20.000         -9.11  0.2348   20.000
          0.5726       -0.03  0.4300   20.000         -1.70  0.4284   20.000         -9.10  0.2349   20.000         -9.11  0.2348   20.000
          0.5732       -0.02  0.4300   20.000         -1.69  0.4284   20.000         -9.10  0.2349   20.000         -9.11  0.2348   20.000
          0.5739       -0.02  0.4300   20.000         -1.69  0.4284   20.000         -9.10  0.2349   20.000         -9.11  0.2348   20.000
          0.5744       -0.02  0.4300   20.000         -1.69  0.4284   20.000         -9.10  0.2349   20.000         -9.11  0.2348   20.000
          0.5748       -0.02  0.4300   20.000         -1.68  0.4284   20.000         -9.10  0.2349   20.000         -9.11  0.2348   20.000
          0.5753       -0.01  0.4300   20.000         -1.68  0.4284   20.000         -9.10  0.2349   20.000         -9.11  0.2348   20.000
          0.5758       -0.01  0.4300   20.000         -1.68  0.4284   20.000         -9.10  0.2349   20.000         -9.11  0.2348   20.000
          0.5762        0.02  0.4300   20.000         -1.69  0.4284   20.000         -9.10  0.2349   20.000         -9.11  0.2348   20.000
          0.5768       -0.01  0.4300   20.000         -1.69  0.4284   20.000         -9.10  0.2349   20.000         -9.11  0.2348   20.000
          0.5774       -0.02  0.4300   20.000         -1.69  0.4284   20.000         -9.10  0.2349   20.000         -9.11  0.2348   20.000
          0.5778        0.05  0.4300   20.000         -1.71  0.4284   20.000         -9.10  0.2349   20.000         -9.11  0.2348   20.000
          0.5784       -0.01  0.4300   20.000         -1.70  0.4284   20.000         -9.10  0.2349   20.000         -9.11  0.2348   20.000
          0.5789       -0.02  0.4300   20.000         -1.70  0.4284   20.000         -9.10  0.2349   20.000         -9.11  0.2348   20.000
          0.5793       -0.02  0.4300   20.000         -1.69  0.4284   20.000         -9.10  0.2349   20.000         -9.11  0.2348   20.000
          0.5797       -0.02  0.4300   20.000         -1.69  0.4284   20.000         -9.10  0.2349   20.000         -9.11  0.2348   20.000
          0.5801        0.05  0.4300   20.000         -1.70  0.4284   20.000         -9.10  0.2349   20.000         -9.11  0.2348   20.000
          0.5806       -0.02  0.4300   20.000         -1.69  0.4284   20.000         -9.10  0.2349   20.000         -9.11  0.2348   20.000
          0.5811        0.00  0.4300   20.000         -1.70  0.4284   20.000         -9.10  0.2349   20.000         -9.11  0.2348   20.000
          0.5816        0.09  0.4300   20.000         -1.72  0.4284   20.000         -9.10  0.2349   20.000         -9.11  0.2348   20.000
          0.5821       -0.02  0.4300   20.000         -1.71  0.4284   20.000         -9.10  0.2349   20.000         -9.11  0.2348   20.000
          0.5826       -0.01  0.4300   20.000         -1.70  0.4284   20.000         -9.10  0.2349   20.000         -9.11  0.2348   20.000
          0.5831       -0.01  0.4300   20.000         -1.70  0.4284   20.000         -9.10  0.2349   20.000         -9.11  0.2348   20.000
          0.5836       -0.02  0.4300   20.000         -1.69  0.4284   20.000         -9.10  0.2349   20.000         -9.11  0.2348   20.000
          0.5839        0.07  0.4300   20.000         -1.70  0.4284   20.000         -9.10  0.2349   20.000         -9.11  0.2348   20.000
          0.5844       -0.02  0.4300   20.000         -1.69  0.4284   20.000         -9.10  0.2349   20.000         -9.11  0.2348   20.000
          0.5848        0.00  0.4300   20.000         -1.70  0.4284   20.000         -9.10  0.2349   20.000         -9.11  0.2348   20.000
          0.5853        0.01  0.4300   20.000         -1.71  0.4284   20.000         -9.10  0.2349   20.000         -9.11  0.2348   20.000
          0.5857        0.08  0.4300   20.000         -1.72  0.4284   20.000         -9.10  0.2349   20.000         -9.11  0.2348   20.000
          0.5863       -0.02  0.4300   20.000         -1.71  0.4284   20.000         -9.10  0.2349   20.000         -9.11  0.2348   20.000
          0.5869       -0.01  0.4300   20.000         -1.70  0.4284   20.000         -9.10  0.2349   20.000         -9.11  0.2348   20.000
          0.5875       -0.01  0.4300   20.000         -1.71  0.4284   20.000         -9.10  0.2349   20.000         -9.11  0.2348   20.000
          0.5881       -0.03  0.4300   20.000         -1.70  0.4284   20.000         -9.10  0.2349   20.000         -9.11  0.2348   20.000
          0.5887       -0.01  0.4300   20.000         -1.70  0.4284   20.000         -9.10  0.2349   20.000         -9.11  0.2348   20.000
          0.5891       -0.01  0.4300   20.000         -1.70  0.4284   20.000         -9.10  0.2349   20.000         -9.11  0.2348   20.000
          0.5894        0.03  0.4300   20.000         -1.70  0.4284   20.000         -9.10  0.2349   20.000         -9.11  0.2348   20.000
          0.5897       -0.01  0.4300   20.000         -1.70  0.4284   20.000         -9.10  0.2349   20.000         -9.11  0.2348   20.000
          0.5899        0.08  0.4300   20.000         -1.71  0.4284   20.000         -9.10  0.2349   20.000         -9.11  0.2348   20.000
          0.5903        0.07  0.4300   20.000         -1.71  0.4284   20.000         -9.10  0.2349   20.000         -9.11  0.2348   20.000
          0.5907       -0.01  0.4300   20.000         -1.70  0.4284   20.000         -9.10  0.2348   20.000         -9.11  0.2348   20.000
          0.5911        0.08  0.4300   20.000         -1.72  0.4284   20.000         -9.10  0.2348   20.000         -9.11  0.2348   20.000
          0.5916       -0.02  0.4300   20.000         -1.70  0.4284   20.000         -9.10  0.2348   20.000         -9.11  0.2348   20.000
          0.5921       -0.01  0.4300   20.000         -1.69  0.4284   20.000         -9.10  0.2348   20.000         -9.11  0.2348   20.000
          0.5925        0.00  0.4300   20.000         -1.70  0.4284   20.000         -9.10  0.2348   20.000         -9.11  0.2348   20.000
          0.5930        0.01  0.4300   20.000         -1.71  0.4284   20.000         -9.10  0.2348   20.000         -9.11  0.2348   20.000
          0.5935        0.00  0.4300   20.000         -1.71  0.4284   20.000         -9.10  0.2348   20.000         -9.11  0.2348   20.000
          0.5942       -0.01  0.4300   20.000         -1.70  0.4284   20.000         -9.11  0.2348   20.000         -9.11  0.2348   20.000
          0.5948       -0.02  0.4300   20.000         -1.70  0.4284   20.000         -9.11  0.2348   20.000         -9.11  0.2348   20.000
          0.5953       -0.03  0.4300   20.000         -1.70  0.4284   20.000         -9.11  0.2348   20.000         -9.11  0.2348   20.000
          0.5957       -0.02  0.4300   20.000         -1.69  0.4284   20.000         -9.11  0.2348   20.000         -9.11  0.2348   20.000
          0.5961        0.06  0.4300   20.000         -1.70  0.4284   20.000         -9.11  0.2348   20.000         -9.11  0.2348   20.000
          0.5967       -0.02  0.4300   20.000         -1.69  0.4284   20.000         -9.11  0.2348   20.000         -9.10  0.2348   20.000
          0.5972        0.00  0.4300   20.000         -1.70  0.4284   20.000         -9.11  0.2348   20.000         -9.10  0.2348   20.000
          0.5978        0.00  0.4300   20.000         -1.71  0.4284   20.000         -9.11  0.2348   20.000         -9.10  0.2348   20.000
          0.5983       -0.02  0.4300   20.000         -1.71  0.4284   20.000         -9.11  0.2348   20.000         -9.10  0.2348   20.000
          0.5989       -0.02  0.4300   20.000         -1.70  0.4284   20.000         -9.11  0.2348   20.000         -9.10  0.2348   20.000
          0.5993        0.08  0.4300   20.000         -1.71  0.4284   20.000         -9.11  0.2348   20.000         -9.10  0.2348   20.000
          0.6000       -0.03  0.4300   20.000         -1.69  0.4284   20.000         -9.11  0.2348   20.000         -9.10  0.2348   20.000
          0.6005       -0.00  0.4300   20.000         -1.70  0.4284   20.000         -9.11  0.2348   20.000         -9.10  0.2348   20.000
          0.6011        0.00  0.4300   20.000         -1.71  0.4284   20.000         -9.11  0.2348   20.000         -9.10  0.2348   20.000
          0.6016        0.01  0.4300   20.000         -1.72  0.4284   20.000         -9.11  0.2348   20.000         -9.10  0.2348   20.000
          0.6021       -0.01  0.4300   20.000         -1.71  0.4284   20.000         -9.11  0.2348   20.000         -9.10  0.2348   20.000
          0.6026       -0.02  0.4300   20.000         -1.70  0.4284   20.000         -9.11  0.2348   20.000         -9.10  0.2348   20.000
          0.6030       -0.02  0.4300   20.000         -1.70  0.4284   20.000         -9.11  0.2348   20.000         -9.10  0.2348   20.000
          0.6034       -0.01  0.4300   20.000         -1.70  0.4284   20.000         -9.11  0.2348   20.000         -9.10  0.2348   20.000
          0.6037        0.01  0.4300   20.000         -1.70  0.4284   20.000         -9.11  0.2348   20.000         -9.10  0.2349   20.000
          0.6042       -0.01  0.4300   20.000         -1.69  0.4284   20.000         -9.11  0.2348   20.000         -9.10  0.2349   20.000
          0.6047        0.01  0.4300   20.000         -1.70  0.4284   20.000         -9.11  0.2348   20.000         -9.10  0.2349   20.000
          0.6052        0.07  0.4300   20.000         -1.72  0.4284   20.000         -9.11  0.2348   20.000         -9.10  0.2349   20.000
          0.6056       -0.02  0.4300   20.000         -1.71  0.4284   20.000         -9.11  0.2348   20.000         -9.10  0.2349   20.000
          0.6061       -0.00  0.4300   20.000         -1.71  0.4284   20.000         -9.11  0.2348   20.000         -9.10  0.2349   20.000
          0.6066       -0.01  0.4300   20.000         -1.71  0.4284   20.000         -9.11  0.2348   20.000         -9.10  0.2349   20.000
          0.6071       -0.02  0.4300   20.000         -1.71  0.4284   20.000         -9.11  0.2348   20.000         -9.10  0.2349   20.000
          0.6076       -0.02  0.4300   20.000         -1.70  0.4284   20.000         -9.11  0.2348   20.000         -9.10  0.2349   20.000
          0.6079        0.06  0.4300   20.000         -1.71  0.4284   20.000         -9.11  0.2348   20.000         -9.10  0.2349   20.000
          0.6083       -0.02  0.4300   20.000         -1.70  0.4284   20.000         -9.11  0.2348   20.000         -9.10  0.2349   20.000
          0.6088       -0.01  0.4300   20.000         -1.69  0.4284   20.000         -9.11  0.2348   20.000         -9.10  0.2349   20.000
          0.6092       -0.00  0.4300   20.000         -1.69  0.4284   20.000         -9.11  0.2348   20.000         -9.10  0.2349   20.000
          0.6096       -0.02  0.4300   20.000         -1.69  0.4284   20.000         -9.11  0.2348   20.000         -9.10  0.2349   20.000
          0.6101       -0.01  0.4300   20.000         -1.69  0.4284   20.000         -9.11  0.2348   20.000         -9.10  0.2349   20.000
          0.6104        0.06  0.4300   20.000         -1.70  0.4284   20.000         -9.11  0.2348   20.000         -9.10  0.2349   20.000
          0.6108       -0.02  0.4300   20.000         -1.69  0.4284   20.000         -9.11  0.2348   20.000         -9.10  0.2349   20.000
          0.6112        0.07  0.4300   20.000         -1.70  0.4284   20.000         -9.11  0.2348   20.000         -9.10  0.2349   20.000
          0.6117       -0.02  0.4300   20.000         -1.69  0.4284   20.000         -9.11  0.2348   20.000         -9.10  0.2349   20.000
          0.6122        0.00  0.4300   20.000         -1.70  0.4284   20.000         -9.11  0.2348   20.000         -9.10  0.2349   20.000
          0.6127        0.10  0.4300   20.000         -1.72  0.4284   20.000         -9.11  0.2348   20.000         -9.10  0.2349   20.000
          0.6132       -0.02  0.4300   20.000         -1.71  0.4284   20.000         -9.11  0.2348   20.000         -9.10  0.2349   20.000
          0.6137       -0.01  0.4300   20.000         -1.70  0.4284   20.000         -9.11  0.2348   20.000         -9.10  0.2349   20.000
          0.6142        0.00  0.4300   20.000         -1.70  0.4284   20.000         -9.11  0.2348   20.000         -9.10  0.2349   20.000
          0.6149       -0.02  0.4300   20.000         -1.70  0.4284   20.000         -9.11  0.2348   20.000         -9.10  0.2349   20.000
          0.6156       -0.02  0.4300   20.000         -1.70  0.4284   20.000         -9.11  0.2348   20.000         -9.10  0.2349   20.000
          0.6160       -0.02  0.4300   20.000         -1.70  0.4284   20.000         -9.11  0.2348   20.000         -9.10  0.2349   20.000
          0.6164        0.03  0.4300   20.000         -1.70  0.4284   20.000         -9.11  0.2348   20.000         -9.10  0.2349   20.000
          0.6167       -0.01  0.4300   20.000         -1.70  0.4284   20.000         -9.11  0.2348   20.000         -9.10  0.2349   20.000
          0.6170        0.07  0.4300   20.000         -1.71  0.4284   20.000         -9.11  0.2348   20.000         -9.10  0.2349   20.000
          0.6175       -0.02  0.4300   20.000         -1.70  0.4284   20.000         -9.11  0.2348   20.000         -9.10  0.2349   20.000
          0.6180       -0.01  0.4300   20.000         -1.69  0.4284   20.000         -9.11  0.2348   20.000         -9.10  0.2349   20.000
          0.6186        0.01  0.4300   20.000         -1.70  0.4284   20.000         -9.11  0.2348   20.000         -9.10  0.2349   20.000
          0.6193       -0.02  0.4300   20.000         -1.69  0.4284   20.000         -9.11  0.2348   20.000         -9.10  0.2349   20.000
          0.6200       -0.02  0.4300   20.000         -1.69  0.4284   20.000         -9.11  0.2348   20.000         -9.10  0.2349   20.000
          0.6205       -0.03  0.4300   20.000         -1.69  0.4284   20.000         -9.11  0.2348   20.000         -9.10  0.2349   20.000
          0.6209       -0.02  0.4300   20.000         -1.69  0.4284   20.000         -9.10  0.2348   20.000         -9.10  0.2349   20.000
          0.6212       -0.01  0.4300   20.000         -1.69  0.4284   20.000         -9.10  0.2348   20.000         -9.10  0.2349   20.000
          0.6216        0.04  0.4300   20.000         -1.70  0.4284   20.000         -9.10  0.2348   20.000         -9.10  0.2349   20.000
          0.6220       -0.02  0.4300   20.000         -1.69  0.4284   20.000         -9.10  0.2348   20.000         -9.10  0.2349   20.000
          0.6225        0.00  0.4300   20.000         -1.70  0.4284   20.000         -9.10  0.2348   20.000         -9.10  0.2349   20.000
          0.6229        0.00  0.4300   20.000         -1.70  0.4284   20.000         -9.10  0.2349   20.000         -9.10  0.2349   20.000
          0.6234        0.07  0.4300   20.000         -1.72  0.4284   20.000         -9.10  0.2349   20.000         -9.10  0.2349   20.000
          0.6240       -0.03  0.4300   20.000         -1.70  0.4284   20.000         -9.10  0.2349   20.000         -9.10  0.2349   20.000
          0.6246       -0.01  0.4300   20.000         -1.70  0.4284   20.000         -9.10  0.2349   20.000         -9.10  0.2348   20.000
          0.6252       -0.01  0.4300   20.000         -1.71  0.4284   20.000         -9.10  0.2349   20.000         -9.10  0.2348   20.000
          0.6258       -0.02  0.4300   20.000         -1.70  0.4284   20.000         -9.10  0.2349   20.000         -9.10  0.2348   20.000
          0.6264       -0.01  0.4300   20.000         -1.70  0.4284   20.000         -9.10  0.2349   20.000         -9.10  0.2348   20.000
          0.6268       -0.02  0.4300   20.000         -1.70  0.4284   20.000         -9.10  0.2349   20.000         -9.10  0.2348   20.000
          0.6271        0.03  0.4300   20.000         -1.70  0.4284   20.000         -9.10  0.2349   20.000         -9.10  0.2348   20.000
          0.6274       -0.01  0.4300   20.000         -1.70  0.4284   20.000         -9.10  0.2349   20.000         -9.10  0.2348   20.000
          0.6277       -0.01  0.4300   20.000         -1.69  0.4284   20.000         -9.10  0.2349   20.000         -9.10  0.2348   20.000
          0.6280        0.08  0.4300   20.000         -1.70  0.4284   20.000         -9.10  0.2349   20.000         -9.10  0.2348   20.000
          0.6283       -0.02  0.4300   20.000         -1.70  0.4284   20.000         -9.10  0.2349   20.000         -9.10  0.2348   20.000
          0.6288       -0.01  0.4300   20.000         -1.69  0.4284   20.000         -9.10  0.2349   20.000         -9.10  0.2348   20.000
          0.6293        0.06  0.4300   20.000         -1.70  0.4284   20.000         -9.10  0.2349   20.000         -9.10  0.2348   20.000
          0.6300       -0.03  0.4300   20.000         -1.69  0.4284   20.000         -9.10  0.2349   20.000         -9.10  0.2348   20.000
          0.6306       -0.01  0.4300   20.000         -1.69  0.4284   20.000         -9.10  0.2349   20.000         -9.10  0.2348   20.000
          0.6313       -0.02  0.4300   20.000         -1.70  0.4284   20.000         -9.10  0.2349   20.000         -9.10  0.2348   20.000
          0.6319       -0.03  0.4300   20.000         -1.70  0.4284   20.000         -9.10  0.2349   20.000         -9.10  0.2348   20.000
          0.6325       -0.02  0.4300   20.000         -1.69  0.4284   20.000         -9.10  0.2349   20.000         -9.10  0.2348   20.000
          0.6330        0.09  0.4300   20.000         -1.71  0.4284   20.000         -9.10  0.2349   20.000         -9.10  0.2348   20.000
          0.6336       -0.03  0.4300   20.000         -1.70  0.4284   20.000         -9.10  0.2349   20.000         -9.10  0.2348   20.000
          0.6342       -0.01  0.4300   20.000         -1.69  0.4284   20.000         -9.10  0.2349   20.000         -9.10  0.2348   20.000
          0.6347       -0.03  0.4300   20.000         -1.69  0.4284   20.000         -9.10  0.2349   20.000         -9.10  0.2348   20.000
          0.6352       -0.02  0.4300   20.000         -1.69  0.4284   20.000         -9.10  0.2349   20.000         -9.10  0.2348   20.000
          0.6356       -0.01  0.4300   20.000         -1.69  0.4284   20.000         -9.10  0.2349   20.000         -9.10  0.2348   20.000
          0.6360        0.00  0.4300   20.000         -1.70  0.4284   20.000         -9.10  0.2349   20.000         -9.11  0.2348   20.000
          0.6364        0.09  0.4300   20.000         -1.72  0.4284   20.000         -9.10  0.2349   20.000         -9.11  0.2348   20.000
          0.6369       -0.02  0.4300   20.000         -1.70  0.4284   20.000         -9.10  0.2349   20.000         -9.11  0.2348   20.000
          0.6374       -0.01  0.4300   20.000         -1.70  0.4284   20.000         -9.10  0.2349   20.000         -9.11  0.2348   20.000
          0.6380        0.02  0.4300   20.000         -1.71  0.4284   20.000         -9.10  0.2349   20.000         -9.11  0.2348   20.000
          0.6383       -0.01  0.4300   20.000         -1.70  0.4284   20.000         -9.10  0.2349   20.000         -9.11  0.2348   20.000
          0.6387        0.08  0.4300   20.000         -1.72  0.4284   20.000         -9.10  0.2349   20.000         -9.11  0.2348   20.000
          0.6392       -0.02  0.4300   20.000         -1.70  0.4284   20.000         -9.10  0.2349   20.000         -9.11  0.2348   20.000
          0.6397       -0.01  0.4300   20.000         -1.70  0.4284   20.000         -9.10  0.2349   20.000         -9.11  0.2348   20.000
          0.6402       -0.00  0.4300   20.000         -1.70  0.4284   20.000         -9.10  0.2349   20.000         -9.11  0.2348   20.000
          0.6408       -0.02  0.4300   20.000         -1.69  0.4284   20.000         -9.10  0.2349   20.000         -9.11  0.2348   20.000
          0.6414       -0.02  0.4300   20.000         -1.68  0.4284   20.000         -9.10  0.2349   20.000         -9.11  0.2348   20.000
          0.6419       -0.01  0.4300   20.000         -1.68  0.4284   20.000         -9.10  0.2349   20.000         -9.11  0.2348   20.000
          0.6423        0.00  0.4300   20.000         -1.69  0.4284   20.000         -9.10  0.2349   20.000         -9.11  0.2348   20.000
          0.6427        0.08  0.4300   20.000         -1.71  0.4284   20.000         -9.10  0.2349   20.000         -9.11  0.2348   20.000
          0.6432       -0.02  0.4300   20.000         -1.70  0.4284   20.000         -9.10  0.2349   20.000         -9.11  0.2348   20.000
          0.6436       -0.00  0.4300   20.000         -1.70  0.4284   20.000         -9.10  0.2349   20.000         -9.11  0.2348   20.000
          0.6441       -0.00  0.4300   20.000         -1.70  0.4284   20.000         -9.10  0.2349   20.000         -9.11  0.2348   20.000
          0.6445        0.09  0.4300   20.000         -1.72  0.4284   20.000         -9.10  0.2349   20.000         -9.11  0.2348   20.000
          0.6451       -0.02  0.4300   20.000         -1.70  0.4284   20.000         -9.10  0.2349   20.000         -9.11  0.2348   20.000
          0.6456       -0.01  0.4300   20.000         -1.70  0.4284   20.000         -9.10  0.2349   20.000         -9.11  0.2348   20.000
          0.6462        0.01  0.4300   20.000         -1.70  0.4284   20.000         -9.10  0.2349   20.000         -9.11  0.2348   20.000
          0.6469       -0.02  0.4300   20.000         -1.69  0.4284   20.000         -9.10  0.2349   20.000         -9.10  0.2348   20.000
          0.6477       -0.02  0.4300   20.000         -1.68  0.4284   20.000         -9.10  0.2349   20.000         -9.10  0.2348   20.000
          0.6483       -0.02  0.4300   20.000         -1.68  0.4284   20.000         -9.10  0.2349   20.000         -9.10  0.2348   20.000
          0.6488       -0.02  0.4300   20.000         -1.68  0.4284   20.000         -9.10  0.2349   20.000         -9.10  0.2348   20.000
          0.6494        0.00  0.4300   20.000         -1.69  0.4284   20.000         -9.10  0.2349   20.000         -9.10  0.2348   20.000
          0.6500        0.01  0.4300   20.000         -1.70  0.4284   20.000         -9.10  0.2349   20.000         -9.10  0.2348   20.000
          0.6504       -0.01  0.4300   20.000         -1.70  0.4284   20.000         -9.10  0.2349   20.000         -9.10  0.2348   20.000
          0.6507        0.08  0.4300   20.000         -1.71  0.4284   20.000         -9.10  0.2349   20.000         -9.10  0.2348   20.000
          0.6512       -0.02  0.4300   20.000         -1.70  0.4284   20.000         -9.10  0.2349   20.000         -9.10  0.2348   20.000
          0.6517       -0.01  0.4300   20.000         -1.70  0.4284   20.000         -9.10  0.2349   20.000         -9.10  0.2348   20.000
          0.6522       -0.00  0.4300   20.000         -1.70  0.4284   20.000         -9.10  0.2349   20.000         -9.10  0.2348   20.000
          0.6528       -0.02  0.4300   20.000         -1.69  0.4284   20.000         -9.10  0.2349   20.000         -9.10  0.2348   20.000
          0.6534       -0.02  0.4300   20.000         -1.68  0.4284   20.000         -9.10  0.2349   20.000         -9.10  0.2348   20.000
          0.6538       -0.01  0.4300   20.000         -1.68  0.4284   20.000         -9.10  0.2349   20.000         -9.10  0.2348   20.000
          0.6542        0.00  0.4300   20.000         -1.69  0.4284   20.000         -9.10  0.2349   20.000         -9.10  0.2348   20.000
          0.6548       -0.02  0.4300   20.000         -1.68  0.4284   20.000         -9.10  0.2349   20.000         -9.10  0.2348   20.000
          0.6554       -0.02  0.4300   20.000         -1.68  0.4284   20.000         -9.10  0.2349   20.000         -9.10  0.2348   20.000
          0.6558       -0.01  0.4300   20.000         -1.68  0.4284   20.000         -9.10  0.2349   20.000         -9.10  0.2348   20.000
          0.6562       -0.00  0.4300   20.000         -1.69  0.4284   20.000         -9.10  0.2349   20.000         -9.10  0.2348   20.000
          0.6565        0.08  0.4300   20.000         -1.71  0.4284   20.000         -9.10  0.2349   20.000         -9.10  0.2348   20.000
          0.6571       -0.02  0.4300   20.000         -1.69  0.4284   20.000         -9.10  0.2349   20.000         -9.10  0.2348   20.000
          0.6576       -0.01  0.4300   20.000         -1.69  0.4284   20.000         -9.10  0.2349   20.000         -9.10  0.2348   20.000
          0.6581        0.02  0.4300   20.000         -1.70  0.4284   20.000         -9.10  0.2349   20.000         -9.10  0.2348   20.000
          0.6584       -0.01  0.4300   20.000         -1.70  0.4284   20.000         -9.10  0.2349   20.000         -9.10  0.2348   20.000
          0.6588        0.07  0.4300   20.000         -1.71  0.4284   20.000         -9.10  0.2349   20.000         -9.10  0.2348   20.000
          0.6593       -0.02  0.4300   20.000         -1.70  0.4284   20.000         -9.10  0.2349   20.000         -9.10  0.2348   20.000
          0.6597       -0.01  0.4300   20.000         -1.69  0.4284   20.000         -9.10  0.2349   20.000         -9.10  0.2348   20.000
          0.6602        0.01  0.4300   20.000         -1.71  0.4284   20.000         -9.10  0.2349   20.000         -9.10  0.2348   20.000
          0.6606        0.08  0.4300   20.000         -1.73  0.4284   20.000         -9.10  0.2349   20.000         -9.10  0.2348   20.000
          0.6611       -0.02  0.4300   20.000         -1.71  0.4284   20.000         -9.10  0.2349   20.000         -9.10  0.2348   20.000
          0.6616       -0.00  0.4300   20.000         -1.71  0.4284   20.000         -9.10  0.2349   20.000         -9.10  0.2348   20.000
          0.6620       -0.01  0.4300   20.000         -1.71  0.4284   20.000         -9.10  0.2349   20.000         -9.10  0.2349   20.000
          0.6625       -0.02  0.4300   20.000         -1.71  0.4284   20.000         -9.10  0.2349   20.000         -9.10  0.2349   20.000
          0.6630       -0.01  0.4300   20.000         -1.70  0.4284   20.000         -9.10  0.2349   20.000         -9.10  0.2349   20.000
          0.6633        0.05  0.4300   20.000         -1.71  0.4284   20.000         -9.10  0.2349   20.000         -9.10  0.2349   20.000
          0.6637       -0.01  0.4300   20.000         -1.70  0.4284   20.000         -9.10  0.2349   20.000         -9.10  0.2349   20.000
          0.6641        0.07  0.4300   20.000         -1.71  0.4284   20.000         -9.10  0.2349   20.000         -9.10  0.2349   20.000
          0.6647       -0.02  0.4300   20.000         -1.69  0.4284   20.000         -9.10  0.2349   20.000         -9.10  0.2349   20.000
          0.6652       -0.02  0.4300   20.000         -1.69  0.4284   20.000         -9.10  0.2349   20.000         -9.10  0.2349   20.000
          0.6656       -0.01  0.4300   20.000         -1.69  0.4284   20.000         -9.10  0.2349   20.000         -9.10  0.2349   20.000
          0.6660        0.00  0.4300   20.000         -1.69  0.4284   20.000         -9.10  0.2349   20.000         -9.10  0.2349   20.000
          0.6665        0.00  0.4300   20.000         -1.70  0.4284   20.000         -9.10  0.2349   20.000         -9.10  0.2349   20.000
          0.6670       -0.02  0.4300   20.000         -1.70  0.4284   20.000         -9.10  0.2349   20.000         -9.10  0.2349   20.000
          0.6675       -0.01  0.4300   20.000         -1.69  0.4284   20.000         -9.10  0.2349   20.000         -9.10  0.2349   20.000
          0.6678        0.00  0.4300   20.000         -1.70  0.4284   20.000         -9.10  0.2349   20.000         -9.10  0.2349   20.000
          0.6682        0.01  0.4300   20.000         -1.70  0.4284   20.000         -9.10  0.2349   20.000         -9.10  0.2349   20.000
          0.6685        0.06  0.4300   20.000         -1.71  0.4284   20.000         -9.10  0.2349   20.000         -9.10  0.2349   20.000
          0.6690       -0.02  0.4300   20.000         -1.70  0.4284   20.000         -9.10  0.2349   20.000         -9.10  0.2349   20.000
          0.6695       -0.00  0.4300   20.000         -1.70  0.4284   20.000         -9.10  0.2349   20.000         -9.10  0.2349   20.000
          0.6699        0.02  0.4300   20.000         -1.71  0.4284   20.000         -9.10  0.2349   20.000         -9.10  0.2349   20.000
          0.6702       -0.01  0.4300   20.000         -1.70  0.4284   20.000         -9.10  0.2349   20.000         -9.10  0.2349   20.000
          0.6706        0.08  0.4300   20.000         -1.71  0.4284   20.000         -9.10  0.2349   20.000         -9.10  0.2349   20.000
          0.6710       -0.02  0.4300   20.000         -1.71  0.4284   20.000         -9.10  0.2349   20.000         -9.10  0.2349   20.000
          0.6715       -0.01  0.4300   20.000         -1.70  0.4284   20.000         -9.10  0.2349   20.000         -9.10  0.2349   20.000
          0.6720        0.03  0.4300   20.000         -1.71  0.4284   20.000         -9.10  0.2349   20.000         -9.10  0.2349   20.000
          0.6724       -0.01  0.4300   20.000         -1.70  0.4284   20.000         -9.10  0.2349   20.000         -9.10  0.2349   20.000
          0.6728       -0.02  0.4300   20.000         -1.70  0.4284   20.000         -9.10  0.2349   20.000         -9.10  0.2349   20.000
          0.6732       -0.02  0.4300   20.000         -1.70  0.4284   20.000         -9.10  0.2349   20.000         -9.10  0.2349   20.000
          0.6735       -0.01  0.4300   20.000         -1.69  0.4284   20.000         -9.10  0.2349   20.000         -9.10  0.2349   20.000
          0.6739        0.00  0.4300   20.000         -1.70  0.4284   20.000         -9.10  0.2348   20.000         -9.10  0.2349   20.000
          0.6743        0.08  0.4300   20.000         -1.72  0.4284   20.000         -9.10  0.2348   20.000         -9.10  0.2349   20.000
          0.6748       -0.02  0.4300   20.000         -1.70  0.4284   20.000         -9.10  0.2348   20.000         -9.10  0.2349   20.000
          0.6753       -0.01  0.4300   20.000         -1.70  0.4284   20.000         -9.10  0.2348   20.000         -9.10  0.2349   20.000
          0.6758        0.02  0.4300   20.000         -1.71  0.4284   20.000         -9.10  0.2348   20.000         -9.10  0.2349   20.000
          0.6761       -0.01  0.4300   20.000         -1.70  0.4284   20.000         -9.10  0.2348   20.000         -9.10  0.2349   20.000
          0.6765        0.07  0.4300   20.000         -1.71  0.4284   20.000         -9.10  0.2348   20.000         -9.10  0.2349   20.000
          0.6769       -0.02  0.4300   20.000         -1.70  0.4284   20.000         -9.11  0.2348   20.000         -9.10  0.2349   20.000
          0.6775       -0.01  0.4300   20.000         -1.70  0.4284   20.000         -9.11  0.2348   20.000         -9.10  0.2349   20.000
          0.6781        0.01  0.4300   20.000         -1.70  0.4284   20.000         -9.11  0.2348   20.000         -9.10  0.2349   20.000
          0.6788       -0.02  0.4300   20.000         -1.69  0.4284   20.000         -9.11  0.2348   20.000         -9.10  0.2349   20.000
          0.6796       -0.03  0.4300   20.000         -1.69  0.4284   20.000         -9.11  0.2348   20.000         -9.10  0.2349   20.000
          0.6803       -0.02  0.4300   20.000         -1.68  0.4284   20.000         -9.11  0.2348   20.000         -9.10  0.2349   20.000
          0.6808       -0.02  0.4300   20.000         -1.68  0.4284   20.000         -9.11  0.2348   20.000         -9.10  0.2349   20.000
          0.6812        0.03  0.4300   20.000         -1.69  0.4284   20.000         -9.11  0.2348   20.000         -9.10  0.2349   20.000
          0.6816       -0.01  0.4300   20.000         -1.69  0.4284   20.000         -9.11  0.2348   20.000         -9.10  0.2349   20.000
          0.6819        0.07  0.4300   20.000         -1.70  0.4284   20.000         -9.11  0.2348   20.000         -9.10  0.2349   20.000
          0.6824       -0.02  0.4300   20.000         -1.69  0.4284   20.000         -9.10  0.2348   20.000         -9.10  0.2349   20.000
          0.6829       -0.01  0.4300   20.000         -1.69  0.4284   20.000         -9.10  0.2348   20.000         -9.10  0.2349   20.000
          0.6834        0.02  0.4300   20.000         -1.70  0.4284   20.000         -9.10  0.2348   20.000         -9.10  0.2349   20.000
          0.6837       -0.01  0.4300   20.000         -1.69  0.4284   20.000         -9.10  0.2349   20.000         -9.10  0.2349   20.000
          0.6841        0.07  0.4300   20.000         -1.71  0.4284   20.000         -9.10  0.2349   20.000         -9.10  0.2349   20.000
          0.6845       -0.02  0.4300   20.000         -1.70  0.4284   20.000         -9.10  0.2349   20.000         -9.10  0.2349   20.000
          0.6851       -0.01  0.4300   20.000         -1.69  0.4284   20.000         -9.10  0.2349   20.000         -9.10  0.2349   20.000
          0.6856        0.01  0.4300   20.000         -1.70  0.4284   20.000         -9.10  0.2349   20.000         -9.10  0.2349   20.000
          0.6864       -0.02  0.4300   20.000         -1.69  0.4284   20.000         -9.10  0.2349   20.000         -9.10  0.2349   20.000
          0.6871       -0.03  0.4300   20.000         -1.68  0.4284   20.000         -9.10  0.2349   20.000         -9.10  0.2349   20.000
          0.6878       -0.02  0.4300   20.000         -1.68  0.4284   20.000         -9.10  0.2349   20.000         -9.10  0.2349   20.000
          0.6884       -0.02  0.4300   20.000         -1.68  0.4284   20.000         -9.10  0.2349   20.000         -9.10  0.2349   20.000
          0.6887        0.04  0.4300   20.000         -1.69  0.4284   20.000         -9.10  0.2349   20.000         -9.10  0.2349   20.000
          0.6891       -0.01  0.4300   20.000         -1.69  0.4284   20.000         -9.10  0.2349   20.000         -9.10  0.2349   20.000
          0.6894        0.07  0.4300   20.000         -1.70  0.4284   20.000         -9.10  0.2349   20.000         -9.10  0.2349   20.000
          0.6899       -0.02  0.4300   20.000         -1.69  0.4284   20.000         -9.10  0.2349   20.000         -9.10  0.2349   20.000
          0.6904       -0.01  0.4300   20.000         -1.69  0.4284   20.000         -9.10  0.2349   20.000         -9.10  0.2349   20.000
          0.6909        0.03  0.4300   20.000         -1.70  0.4284   20.000         -9.10  0.2349   20.000         -9.10  0.2349   20.000
          0.6912       -0.01  0.4300   20.000         -1.69  0.4284   20.000         -9.10  0.2349   20.000         -9.10  0.2349   20.000
          0.6915        0.04  0.4300   20.000         -1.70  0.4284   20.000         -9.10  0.2349   20.000         -9.10  0.2349   20.000
          0.6919       -0.01  0.4300   20.000         -1.69  0.4284   20.000         -9.10  0.2349   20.000         -9.10  0.2349   20.000
          0.6924       -0.01  0.4300   20.000         -1.69  0.4284   20.000         -9.10  0.2349   20.000         -9.10  0.2349   20.000
          0.6928        0.02  0.4300   20.000         -1.69  0.4284   20.000         -9.10  0.2349   20.000         -9.10  0.2349   20.000
          0.6932       -0.01  0.4300   20.000         -1.69  0.4284   20.000         -9.10  0.2349   20.000         -9.10  0.2349   20.000
          0.6936        0.08  0.4300   20.000         -1.71  0.4284   20.000         -9.10  0.2349   20.000         -9.10  0.2349   20.000
          0.6942       -0.02  0.4300   20.000         -1.69  0.4284   20.000         -9.10  0.2349   20.000         -9.10  0.2349   20.000
          0.6948       -0.01  0.4300   20.000         -1.69  0.4284   20.000         -9.10  0.2349   20.000         -9.10  0.2349   20.000
          0.6954       -0.03  0.4300   20.000         -1.69  0.4284   20.000         -9.10  0.2349   20.000         -9.10  0.2349   20.000
          0.6958       -0.03  0.4300   20.000         -1.69  0.4284   20.000         -9.10  0.2349   20.000         -9.10  0.2349   20.000
          0.6961       -0.01  0.4300   20.000         -1.69  0.4284   20.000         -9.10  0.2349   20.000         -9.10  0.2349   20.000
          0.6965        0.00  0.4300   20.000         -1.70  0.4284   20.000         -9.10  0.2349   20.000         -9.10  0.2349   20.000
          0.6969        0.09  0.4300   20.000         -1.72  0.4284   20.000         -9.10  0.2349   20.000         -9.10  0.2349   20.000
          0.6974       -0.02  0.4300   20.000         -1.70  0.4284   20.000         -9.10  0.2349   20.000         -9.10  0.2349   20.000
          0.6979       -0.01  0.4300   20.000         -1.70  0.4284   20.000         -9.10  0.2349   20.000         -9.10  0.2349   20.000
          0.6985        0.02  0.4300   20.000         -1.71  0.4284   20.000         -9.10  0.2349   20.000         -9.10  0.2349   20.000
          0.6988       -0.01  0.4300   20.000         -1.70  0.4284   20.000         -9.10  0.2349   20.000         -9.10  0.2349   20.000
          0.6992        0.08  0.4300   20.000         -1.72  0.4284   20.000         -9.10  0.2349   20.000         -9.10  0.2349   20.000
          0.6996       -0.02  0.4300   20.000         -1.71  0.4284   20.000         -9.10  0.2349   20.000         -9.10  0.2349   20.000
          0.7000       -0.01  0.4300   20.000         -1.70  0.4284   20.000         -9.10  0.2349   20.000         -9.10  0.2349   20.000
          0.7005        0.04  0.4300   20.000         -1.71  0.4284   20.000         -9.10  0.2349   20.000         -9.10  0.2349   20.000
          0.7011       -0.02  0.4300   20.000         -1.69  0.4284   20.000         -9.10  0.2349   20.000         -9.10  0.2349   20.000
          0.7017       -0.01  0.4300   20.000         -1.69  0.4284   20.000         -9.10  0.2349   20.000         -9.10  0.2349   20.000
          0.7023       -0.01  0.4300   20.000         -1.70  0.4284   20.000         -9.10  0.2349   20.000         -9.10  0.2349   20.000
          0.7029       -0.02  0.4300   20.000         -1.70  0.4284   20.000         -9.10  0.2349   20.000         -9.10  0.2349   20.000
          0.7033       -0.02  0.4300   20.000         -1.69  0.4284   20.000         -9.10  0.2349   20.000         -9.10  0.2349   20.000
          0.7037       -0.01  0.4300   20.000         -1.69  0.4284   20.000         -9.10  0.2349   20.000         -9.10  0.2349   20.000
          0.7041       -0.01  0.4300   20.000         -1.69  0.4284   20.000         -9.10  0.2349   20.000         -9.10  0.2349   20.000
          0.7045        0.09  0.4300   20.000         -1.70  0.4284   20.000         -9.10  0.2349   20.000         -9.10  0.2349   20.000
          0.7051       -0.01  0.4300   20.000         -1.69  0.4284   20.000         -9.10  0.2349   20.000         -9.10  0.2349   20.000
          0.7055       -0.01  0.4300   20.000         -1.69  0.4284   20.000         -9.10  0.2349   20.000         -9.10  0.2349   20.000
          0.7058        0.00  0.4300   20.000         -1.69  0.4284   20.000         -9.10  0.2349   20.000         -9.10  0.2349   20.000
          0.7062        0.01  0.4300   20.000         -1.70  0.4284   20.000         -9.10  0.2349   20.000         -9.10  0.2349   20.000
          0.7066        0.03  0.4300   20.000         -1.70  0.4284   20.000         -9.10  0.2349   20.000         -9.10  0.2349   20.000
          0.7071       -0.02  0.4300   20.000         -1.70  0.4284   20.000         -9.10  0.2349   20.000         -9.10  0.2349   20.000
          0.7076       -0.00  0.4300   20.000         -1.70  0.4284   20.000         -9.10  0.2349   20.000         -9.10  0.2349   20.000
          0.7081       -0.01  0.4300   20.000         -1.70  0.4284   20.000         -9.10  0.2349   20.000         -9.10  0.2349   20.000
          0.7086        0.06  0.4300   20.000         -1.71  0.4284   20.000         -9.10  0.2349   20.000         -9.10  0.2349   20.000
          0.7092       -0.02  0.4300   20.000         -1.69  0.4284   20.000         -9.10  0.2349   20.000         -9.10  0.2349   20.000
          0.7099       -0.02  0.4300   20.000         -1.69  0.4284   20.000         -9.10  0.2349   20.000         -9.10  0.2349   20.000
          0.7103       -0.01  0.4300   20.000         -1.69  0.4284   20.000         -9.10  0.2349   20.000         -9.10  0.2349   20.000
          0.7108        0.08  0.4300   20.000         -1.70  0.4284   20.000         -9.10  0.2349   20.000         -9.10  0.2349   20.000
          0.7112        0.02  0.4300   20.000         -1.70  0.4284   20.000         -9.10  0.2349   20.000         -9.10  0.2349   20.000
          0.7117       -0.00  0.4300   20.000         -1.70  0.4284   20.000         -9.10  0.2349   20.000         -9.10  0.2349   20.000
          0.7121       -0.01  0.4300   20.000         -1.70  0.4284   20.000         -9.10  0.2349   20.000         -9.10  0.2349   20.000
          0.7127       -0.01  0.4300   20.000         -1.69  0.4284   20.000         -9.10  0.2349   20.000         -9.10  0.2349   20.000
          0.7133       -0.02  0.4300   20.000         -1.69  0.4284   20.000         -9.10  0.2349   20.000         -9.10  0.2349   20.000
          0.7137       -0.02  0.4300   20.000         -1.69  0.4284   20.000         -9.10  0.2349   20.000         -9.10  0.2349   20.000
          0.7141       -0.02  0.4300   20.000         -1.69  0.4284   20.000         -9.10  0.2349   20.000         -9.10  0.2349   20.000
          0.7145        0.06  0.4300   20.000         -1.70  0.4284   20.000         -9.10  0.2349   20.000         -9.10  0.2349   20.000
          0.7151       -0.02  0.4300   20.000         -1.69  0.4284   20.000         -9.10  0.2349   20.000         -9.10  0.2349   20.000
          0.7156        0.00  0.4300   20.000         -1.70  0.4284   20.000         -9.10  0.2349   20.000         -9.10  0.2349   20.000
          0.7161        0.00  0.4300   20.000         -1.71  0.4284   20.000         -9.10  0.2349   20.000         -9.10  0.2349   20.000
          0.7167       -0.02  0.4300   20.000         -1.71  0.4284   20.000         -9.10  0.2349   20.000         -9.10  0.2349   20.000
          0.7172       -0.02  0.4300   20.000         -1.70  0.4284   20.000         -9.10  0.2349   20.000         -9.10  0.2349   20.000
          0.7176       -0.00  0.4300   20.000         -1.70  0.4284   20.000         -9.10  0.2349   20.000         -9.10  0.2349   20.000
          0.7179        0.00  0.4300   20.000         -1.71  0.4284   20.000         -9.10  0.2349   20.000         -9.10  0.2349   20.000
          0.7183       -0.01  0.4300   20.000         -1.71  0.4284   20.000         -9.10  0.2349   20.000         -9.10  0.2349   20.000
          0.7187        0.01  0.4300   20.000         -1.71  0.4284   20.000         -9.10  0.2349   20.000         -9.10  0.2349   20.000
          0.7191        0.04  0.4300   20.000         -1.72  0.4284   20.000         -9.10  0.2349   20.000         -9.10  0.2349   20.000
          0.7194        0.01  0.4300   20.000         -1.72  0.4284   20.000         -9.10  0.2349   20.000         -9.10  0.2349   20.000
          0.7199       -0.01  0.4300   20.000         -1.71  0.4284   20.000         -9.10  0.2349   20.000         -9.10  0.2349   20.000
          0.7204        0.02  0.4300   20.000         -1.72  0.4284   20.000         -9.10  0.2349   20.000         -9.10  0.2349   20.000
          0.7210       -0.01  0.4300   20.000         -1.70  0.4284   20.000         -9.10  0.2349   20.000         -9.10  0.2349   20.000
          0.7217       -0.02  0.4300   20.000         -1.70  0.4284   20.000         -9.10  0.2349   20.000         -9.10  0.2349   20.000
          0.7223       -0.02  0.4300   20.000         -1.69  0.4284   20.000         -9.10  0.2348   20.000         -9.10  0.2349   20.000
          0.7227       -0.02  0.4300   20.000         -1.69  0.4284   20.000         -9.10  0.2348   20.000         -9.10  0.2349   20.000
          0.7232       -0.03  0.4300   20.000         -1.69  0.4284   20.000         -9.10  0.2348   20.000         -9.10  0.2349   20.000
          0.7236       -0.01  0.4300   20.000         -1.69  0.4284   20.000         -9.11  0.2348   20.000         -9.10  0.2349   20.000
          0.7241        0.06  0.4300   20.000         -1.71  0.4284   20.000         -9.11  0.2348   20.000         -9.10  0.2349   20.000
          0.7246       -0.02  0.4300   20.000         -1.69  0.4284   20.000         -9.11  0.2348   20.000         -9.10  0.2349   20.000
          0.7252       -0.02  0.4300   20.000         -1.69  0.4284   20.000         -9.11  0.2348   20.000         -9.10  0.2349   20.000
          0.7256       -0.01  0.4300   20.000         -1.69  0.4284   20.000         -9.11  0.2348   20.000         -9.10  0.2349   20.000
          0.7260        0.07  0.4300   20.000         -1.70  0.4284   20.000         -9.11  0.2348   20.000         -9.10  0.2349   20.000
          0.7264        0.00  0.4300   20.000         -1.70  0.4284   20.000         -9.11  0.2348   20.000         -9.10  0.2349   20.000
          0.7269        0.01  0.4300   20.000         -1.71  0.4284   20.000         -9.10  0.2348   20.000         -9.10  0.2349   20.000
          0.7275        0.01  0.4300   20.000         -1.72  0.4284   20.000         -9.10  0.2348   20.000         -9.10  0.2349   20.000
          0.7280       -0.00  0.4300   20.000         -1.72  0.4284   20.000         -9.10  0.2348   20.000         -9.10  0.2349   20.000
          0.7287       -0.03  0.4300   20.000         -1.70  0.4284   20.000         -9.10  0.2348   20.000         -9.10  0.2349   20.000
          0.7291       -0.01  0.4300   20.000         -1.70  0.4284   20.000         -9.10  0.2348   20.000         -9.10  0.2349   20.000
          0.7296        0.07  0.4300   20.000         -1.72  0.4284   20.000         -9.10  0.2348   20.000         -9.10  0.2349   20.000
          0.7302       -0.03  0.4300   20.000         -1.70  0.4284   20.000         -9.10  0.2348   20.000         -9.10  0.2349   20.000
          0.7308       -0.02  0.4300   20.000         -1.69  0.4284   20.000         -9.10  0.2348   20.000         -9.10  0.2349   20.000
          0.7313       -0.01  0.4300   20.000         -1.69  0.4284   20.000         -9.11  0.2348   20.000         -9.10  0.2349   20.000
          0.7317        0.04  0.4300   20.000         -1.70  0.4284   20.000         -9.11  0.2348   20.000         -9.10  0.2349   20.000
          0.7323       -0.02  0.4300   20.000         -1.69  0.4284   20.000         -9.11  0.2348   20.000         -9.10  0.2349   20.000
          0.7328       -0.00  0.4300   20.000         -1.70  0.4284   20.000         -9.11  0.2348   20.000         -9.10  0.2349   20.000
          0.7334        0.01  0.4300   20.000         -1.71  0.4284   20.000         -9.11  0.2348   20.000         -9.10  0.2349   20.000
          0.7338       -0.01  0.4300   20.000         -1.70  0.4284   20.000         -9.11  0.2348   20.000         -9.10  0.2349   20.000
          0.7342       -0.01  0.4300   20.000         -1.70  0.4284   20.000         -9.11  0.2348   20.000         -9.10  0.2349   20.000
          0.7346       -0.01  0.4300   20.000         -1.70  0.4284   20.000         -9.11  0.2348   20.000         -9.10  0.2349   20.000
          0.7349        0.06  0.4300   20.000         -1.70  0.4284   20.000         -9.10  0.2348   20.000         -9.10  0.2349   20.000
          0.7352       -0.01  0.4300   20.000         -1.70  0.4284   20.000         -9.10  0.2348   20.000         -9.10  0.2349   20.000
          0.7356        0.07  0.4300   20.000         -1.71  0.4284   20.000         -9.10  0.2348   20.000         -9.10  0.2349   20.000
          0.7360       -0.02  0.4300   20.000         -1.69  0.4284   20.000         -9.10  0.2348   20.000         -9.10  0.2349   20.000
          0.7365        0.00  0.4300   20.000         -1.70  0.4284   20.000         -9.10  0.2348   20.000         -9.10  0.2349   20.000
          0.7370        0.01  0.4300   20.000         -1.71  0.4284   20.000         -9.10  0.2348   20.000         -9.10  0.2349   20.000
          0.7374        0.08  0.4300   20.000         -1.72  0.4284   20.000         -9.10  0.2348   20.000         -9.10  0.2349   20.000
          0.7380       -0.03  0.4300   20.000         -1.71  0.4284   20.000         -9.10  0.2348   20.000         -9.10  0.2349   20.000
          0.7387       -0.01  0.4300   20.000         -1.70  0.4284   20.000         -9.10  0.2348   20.000         -9.10  0.2349   20.000
          0.7393       -0.01  0.4300   20.000         -1.71  0.4284   20.000         -9.10  0.2348   20.000         -9.10  0.2349   20.000
          0.7399       -0.02  0.4300   20.000         -1.70  0.4284   20.000         -9.10  0.2348   20.000         -9.10  0.2349   20.000
          0.7403       -0.02  0.4300   20.000         -1.70  0.4284   20.000         -9.11  0.2348   20.000         -9.10  0.2349   20.000
          0.7407       -0.01  0.4300   20.000         -1.69  0.4284   20.000         -9.11  0.2348   20.000         -9.10  0.2349   20.000
          0.7411        0.01  0.4300   20.000         -1.70  0.4284   20.000         -9.11  0.2348   20.000         -9.10  0.2349   20.000
          0.7416        0.02  0.4300   20.000         -1.71  0.4284   20.000         -9.11  0.2348   20.000         -9.10  0.2349   20.000
          0.7420        0.01  0.4300   20.000         -1.72  0.4284   20.000         -9.11  0.2348   20.000         -9.10  0.2349   20.000
          0.7424        0.07  0.4300   20.000         -1.73  0.4283   20.000         -9.11  0.2348   20.000         -9.10  0.2349   20.000
          0.7430       -0.02  0.4300   20.000         -1.71  0.4284   20.000         -9.11  0.2348   20.000         -9.10  0.2349   20.000
          0.7435       -0.00  0.4300   20.000         -1.71  0.4284   20.000         -9.11  0.2348   20.000         -9.10  0.2349   20.000
          0.7441       -0.01  0.4300   20.000         -1.71  0.4284   20.000         -9.11  0.2348   20.000         -9.10  0.2349   20.000
          0.7446        0.03  0.4300   20.000         -1.72  0.4284   20.000         -9.11  0.2348   20.000         -9.10  0.2349   20.000
          0.7453       -0.02  0.4300   20.000         -1.71  0.4284   20.000         -9.11  0.2348   20.000         -9.10  0.2349   20.000
          0.7460       -0.03  0.4300   20.000         -1.70  0.4284   20.000         -9.11  0.2348   20.000         -9.10  0.2349   20.000
          0.7466       -0.01  0.4300   20.000         -1.70  0.4284   20.000         -9.11  0.2348   20.000         -9.10  0.2349   20.000
          0.7471       -0.02  0.4300   20.000         -1.70  0.4284   20.000         -9.11  0.2348   20.000         -9.10  0.2349   20.000
          0.7476       -0.02  0.4300   20.000         -1.69  0.4284   20.000         -9.11  0.2348   20.000         -9.10  0.2349   20.000
          0.7479        0.06  0.4300   20.000         -1.70  0.4284   20.000         -9.11  0.2348   20.000         -9.10  0.2349   20.000
          0.7483       -0.02  0.4300   20.000         -1.69  0.4284   20.000         -9.11  0.2348   20.000         -9.10  0.2349   20.000
          0.7488        0.07  0.4300   20.000         -1.71  0.4284   20.000         -9.11  0.2348   20.000         -9.10  0.2349   20.000
          0.7494       -0.02  0.4300   20.000         -1.69  0.4284   20.000         -9.11  0.2348   20.000         -9.10  0.2349   20.000
          0.7500       -0.02  0.4300   20.000         -1.68  0.4284   20.000         -9.11  0.2348   20.000         -9.10  0.2349   20.000
          0.7504       -0.01  0.4300   20.000         -1.68  0.4284   20.000         -9.11  0.2348   20.000         -9.10  0.2349   20.000
          0.7508        0.04  0.4300   20.000         -1.70  0.4284   20.000         -9.11  0.2348   20.000         -9.10  0.2349   20.000
          0.7514       -0.02  0.4300   20.000         -1.69  0.4284   20.000         -9.11  0.2348   20.000         -9.10  0.2349   20.000
          0.7519       -0.00  0.4300   20.000         -1.69  0.4284   20.000         -9.11  0.2348   20.000         -9.10  0.2349   20.000
          0.7524       -0.00  0.4300   20.000         -1.70  0.4284   20.000         -9.11  0.2348   20.000         -9.10  0.2349   20.000
          0.7530        0.01  0.4300   20.000         -1.71  0.4284   20.000         -9.11  0.2348   20.000         -9.10  0.2349   20.000
          0.7537       -0.02  0.4300   20.000         -1.70  0.4284   20.000         -9.11  0.2348   20.000         -9.10  0.2349   20.000
          0.7544       -0.03  0.4300   20.000         -1.69  0.4284   20.000         -9.11  0.2348   20.000         -9.10  0.2349   20.000
          0.7551       -0.02  0.4300   20.000         -1.69  0.4284   20.000         -9.11  0.2348   20.000         -9.10  0.2349   20.000
          0.7556        0.01  0.4300   20.000         -1.70  0.4284   20.000         -9.10  0.2348   20.000         -9.10  0.2349   20.000
          0.7562       -0.01  0.4300   20.000         -1.69  0.4284   20.000         -9.10  0.2348   20.000         -9.10  0.2349   20.000
          0.7569       -0.03  0.4300   20.000         -1.69  0.4284   20.000         -9.10  0.2348   20.000         -9.10  0.2349   20.000
          0.7575       -0.01  0.4300   20.000         -1.69  0.4284   20.000         -9.10  0.2348   20.000         -9.10  0.2349   20.000
          0.7579        0.09  0.4300   20.000         -1.72  0.4284   20.000         -9.10  0.2348   20.000         -9.10  0.2349   20.000
          0.7585       -0.03  0.4300   20.000         -1.70  0.4284   20.000         -9.10  0.2348   20.000         -9.10  0.2349   20.000
          0.7591       -0.01  0.4300   20.000         -1.70  0.4284   20.000         -9.10  0.2348   20.000         -9.10  0.2349   20.000
          0.7597       -0.01  0.4300   20.000         -1.70  0.4284   20.000         -9.10  0.2349   20.000         -9.10  0.2349   20.000
          0.7603       -0.03  0.4300   20.000         -1.70  0.4284   20.000         -9.10  0.2349   20.000         -9.10  0.2349   20.000
          0.7609       -0.01  0.4300   20.000         -1.69  0.4284   20.000         -9.10  0.2349   20.000         -9.10  0.2348   20.000
          0.7613        0.08  0.4300   20.000         -1.71  0.4284   20.000         -9.10  0.2349   20.000         -9.10  0.2348   20.000
          0.7618       -0.02  0.4300   20.000         -1.70  0.4284   20.000         -9.10  0.2349   20.000         -9.10  0.2348   20.000
          0.7623       -0.01  0.4300   20.000         -1.69  0.4284   20.000         -9.10  0.2349   20.000         -9.10  0.2348   20.000
          0.7628        0.08  0.4300   20.000         -1.72  0.4284   20.000         -9.10  0.2349   20.000         -9.10  0.2348   20.000
          0.7635       -0.03  0.4300   20.000         -1.69  0.4284   20.000         -9.10  0.2349   20.000         -9.10  0.2348   20.000
          0.7642       -0.03  0.4300   20.000         -1.69  0.4284   20.000         -9.10  0.2349   20.000         -9.10  0.2348   20.000
          0.7647       -0.01  0.4300   20.000         -1.69  0.4284   20.000         -9.10  0.2349   20.000         -9.10  0.2348   20.000
          0.7652        0.06  0.4300   20.000         -1.70  0.4284   20.000         -9.10  0.2349   20.000         -9.10  0.2348   20.000
          0.7658       -0.02  0.4300   20.000         -1.69  0.4284   20.000         -9.10  0.2349   20.000         -9.10  0.2348   20.000
          0.7664       -0.02  0.4300   20.000         -1.68  0.4284   20.000         -9.10  0.2349   20.000         -9.10  0.2348   20.000
          0.7669       -0.01  0.4300   20.000         -1.68  0.4284   20.000         -9.10  0.2349   20.000         -9.10  0.2348   20.000
          0.7673        0.04  0.4300   20.000         -1.69  0.4284   20.000         -9.10  0.2349   20.000         -9.10  0.2348   20.000
          0.7679       -0.02  0.4300   20.000         -1.68  0.4284   20.000         -9.10  0.2349   20.000         -9.10  0.2348   20.000
          0.7685       -0.00  0.4300   20.000         -1.69  0.4284   20.000         -9.10  0.2349   20.000         -9.10  0.2348   20.000
          0.7690       -0.00  0.4300   20.000         -1.70  0.4284   20.000         -9.10  0.2349   20.000         -9.10  0.2348   20.000
          0.7696        0.01  0.4300   20.000         -1.71  0.4284   20.000         -9.10  0.2349   20.000         -9.11  0.2348   20.000
          0.7703       -0.02  0.4300   20.000         -1.70  0.4284   20.000         -9.10  0.2349   20.000         -9.11  0.2348   20.000
          0.7711       -0.03  0.4300   20.000         -1.69  0.4284   20.000         -9.10  0.2349   20.000         -9.11  0.2348   20.000
          0.7718       -0.02  0.4300   20.000         -1.69  0.4284   20.000         -9.10  0.2349   20.000         -9.11  0.2348   20.000
          0.7723        0.02  0.4300   20.000         -1.70  0.4284   20.000         -9.10  0.2349   20.000         -9.11  0.2348   20.000
          0.7730       -0.02  0.4300   20.000         -1.69  0.4284   20.000         -9.10  0.2349   20.000         -9.11  0.2348   20.000
          0.7737       -0.03  0.4300   20.000         -1.69  0.4284   20.000         -9.10  0.2349   20.000         -9.11  0.2348   20.000
          0.7743       -0.01  0.4300   20.000         -1.69  0.4284   20.000         -9.10  0.2349   20.000         -9.11  0.2348   20.000
          0.7748        0.01  0.4300   20.000         -1.70  0.4284   20.000         -9.10  0.2349   20.000         -9.11  0.2348   20.000
          0.7754       -0.01  0.4300   20.000         -1.69  0.4284   20.000         -9.10  0.2349   20.000         -9.11  0.2348   20.000
          0.7760       -0.02  0.4300   20.000         -1.69  0.4284   20.000         -9.10  0.2349   20.000         -9.11  0.2348   20.000
          0.7767       -0.02  0.4300   20.000         -1.69  0.4284   20.000         -9.10  0.2349   20.000         -9.11  0.2348   20.000
          0.7771        0.02  0.4300   20.000         -1.70  0.4284   20.000         -9.10  0.2349   20.000         -9.11  0.2348   20.000
          0.7776       -0.01  0.4300   20.000         -1.69  0.4284   20.000         -9.10  0.2349   20.000         -9.11  0.2348   20.000
          0.7782       -0.02  0.4300   20.000         -1.69  0.4284   20.000         -9.10  0.2349   20.000         -9.11  0.2348   20.000
          0.7788       -0.02  0.4300   20.000         -1.69  0.4284   20.000         -9.10  0.2349   20.000         -9.11  0.2348   20.000
          0.7792        0.08  0.4300   20.000         -1.70  0.4284   20.000         -9.10  0.2349   20.000         -9.11  0.2348   20.000
          0.7797       -0.02  0.4300   20.000         -1.69  0.4284   20.000         -9.10  0.2349   20.000         -9.11  0.2348   20.000
          0.7802        0.00  0.4300   20.000         -1.70  0.4284   20.000         -9.10  0.2349   20.000         -9.11  0.2348   20.000
          0.7807        0.00  0.4300   20.000         -1.71  0.4284   20.000         -9.10  0.2349   20.000         -9.11  0.2348   20.000
          0.7812        0.09  0.4300   20.000         -1.73  0.4284   20.000         -9.10  0.2349   20.000         -9.11  0.2348   20.000
          0.7818       -0.03  0.4300   20.000         -1.71  0.4284   20.000         -9.10  0.2349   20.000         -9.11  0.2348   20.000
          0.7825       -0.01  0.4300   20.000         -1.70  0.4284   20.000         -9.10  0.2349   20.000         -9.11  0.2348   20.000
          0.7832       -0.02  0.4300   20.000         -1.71  0.4284   20.000         -9.10  0.2349   20.000         -9.11  0.2348   20.000
          0.7838       -0.03  0.4300   20.000         -1.70  0.4284   20.000         -9.10  0.2349   20.000         -9.11  0.2348   20.000
          0.7843       -0.03  0.4300   20.000         -1.70  0.4284   20.000         -9.10  0.2349   20.000         -9.11  0.2348   20.000
          0.7847       -0.01  0.4300   20.000         -1.69  0.4284   20.000         -9.10  0.2349   20.000         -9.11  0.2348   20.000
          0.7852        0.04  0.4300   20.000         -1.70  0.4284   20.000         -9.10  0.2349   20.000         -9.11  0.2348   20.000
          0.7858       -0.02  0.4300   20.000         -1.69  0.4284   20.000         -9.10  0.2349   20.000         -9.11  0.2348   20.000
          0.7864       -0.02  0.4300   20.000         -1.68  0.4284   20.000         -9.10  0.2349   20.000         -9.11  0.2348   20.000
          0.7868       -0.01  0.4300   20.000         -1.68  0.4284   20.000         -9.10  0.2349   20.000         -9.11  0.2348   20.000
          0.7872        0.03  0.4300   20.000         -1.69  0.4284   20.000         -9.10  0.2349   20.000         -9.11  0.2348   20.000
          0.7878       -0.00  0.4300   20.000         -1.69  0.4284   20.000         -9.10  0.2349   20.000         -9.11  0.2348   20.000
          0.7885       -0.01  0.4300   20.000         -1.70  0.4284   20.000         -9.10  0.2349   20.000         -9.11  0.2348   20.000
          0.7892       -0.03  0.4300   20.000         -1.69  0.4284   20.000         -9.10  0.2349   20.000         -9.11  0.2348   20.000
          0.7899       -0.02  0.4300   20.000         -1.69  0.4284   20.000         -9.10  0.2349   20.000         -9.10  0.2348   20.000
          0.7904        0.02  0.4300   20.000         -1.70  0.4284   20.000         -9.10  0.2349   20.000         -9.10  0.2348   20.000
          0.7911       -0.02  0.4300   20.000         -1.69  0.4284   20.000         -9.10  0.2349   20.000         -9.10  0.2348   20.000
          0.7917       -0.03  0.4300   20.000         -1.69  0.4284   20.000         -9.10  0.2349   20.000         -9.10  0.2348   20.000
          0.7924       -0.01  0.4300   20.000         -1.69  0.4284   20.000         -9.10  0.2349   20.000         -9.10  0.2348   20.000
          0.7928        0.01  0.4300   20.000         -1.70  0.4284   20.000         -9.10  0.2349   20.000         -9.10  0.2348   20.000
          0.7934       -0.01  0.4300   20.000         -1.69  0.4284   20.000         -9.10  0.2349   20.000         -9.10  0.2348   20.000
          0.7940       -0.02  0.4300   20.000         -1.70  0.4284   20.000         -9.10  0.2349   20.000         -9.10  0.2348   20.000
          0.7946       -0.03  0.4300   20.000         -1.69  0.4284   20.000         -9.10  0.2349   20.000         -9.10  0.2348   20.000
          0.7950       -0.02  0.4300   20.000         -1.69  0.4284   20.000         -9.10  0.2349   20.000         -9.10  0.2348   20.000
          0.7954       -0.01  0.4300   20.000         -1.69  0.4284   20.000         -9.10  0.2349   20.000         -9.10  0.2348   20.000
          0.7958        0.05  0.4300   20.000         -1.70  0.4284   20.000         -9.10  0.2349   20.000         -9.10  0.2348   20.000
          0.7963       -0.02  0.4300   20.000         -1.69  0.4284   20.000         -9.10  0.2349   20.000         -9.10  0.2348   20.000
          0.7969        0.00  0.4300   20.000         -1.70  0.4284   20.000         -9.10  0.2349   20.000         -9.10  0.2348   20.000
          0.7974        0.00  0.4300   20.000         -1.71  0.4284   20.000         -9.10  0.2349   20.000         -9.10  0.2349   20.000
          0.7979        0.09  0.4300   20.000         -1.73  0.4284   20.000         -9.10  0.2349   20.000         -9.10  0.2349   20.000
          0.7986       -0.03  0.4300   20.000         -1.70  0.4284   20.000         -9.10  0.2349   20.000         -9.10  0.2349   20.000
          0.7993       -0.01  0.4300   20.000         -1.70  0.4284   20.000         -9.10  0.2349   20.000         -9.10  0.2349   20.000
          0.8000       -0.03  0.4300   20.000         -1.70  0.4284   20.000         -9.10  0.2349   20.000         -9.10  0.2349   20.000
          0.8007       -0.03  0.4300   20.000         -1.69  0.4284   20.000         -9.10  0.2349   20.000         -9.10  0.2349   20.000
          0.8014       -0.03  0.4300   20.000         -1.68  0.4284   20.000         -9.10  0.2349   20.000         -9.10  0.2349   20.000
          0.8021       -0.03  0.4300   20.000         -1.68  0.4284   20.000         -9.10  0.2349   20.000         -9.10  0.2349   20.000
          0.8026       -0.01  0.4300   20.000         -1.68  0.4284   20.000         -9.10  0.2349   20.000         -9.10  0.2349   20.000
          0.8031        0.03  0.4300   20.000         -1.69  0.4284   20.000         -9.10  0.2349   20.000         -9.10  0.2349   20.000
          0.8037       -0.02  0.4300   20.000         -1.68  0.4284   20.000         -9.10  0.2349   20.000         -9.10  0.2349   20.000
          0.8043       -0.02  0.4300   20.000         -1.68  0.4284   20.000         -9.10  0.2349   20.000         -9.10  0.2349   20.000
          0.8048       -0.01  0.4300   20.000         -1.68  0.4284   20.000         -9.10  0.2349   20.000         -9.10  0.2349   20.000
          0.8052        0.04  0.4300   20.000         -1.69  0.4284   20.000         -9.10  0.2349   20.000         -9.10  0.2349   20.000
          0.8058       -0.02  0.4300   20.000         -1.68  0.4284   20.000         -9.10  0.2349   20.000         -9.10  0.2349   20.000
          0.8064       -0.00  0.4300   20.000         -1.69  0.4284   20.000         -9.10  0.2349   20.000         -9.10  0.2349   20.000
          0.8069       -0.00  0.4300   20.000         -1.70  0.4284   20.000         -9.10  0.2349   20.000         -9.10  0.2349   20.000
          0.8075        0.01  0.4300   20.000         -1.71  0.4284   20.000         -9.10  0.2349   20.000         -9.10  0.2349   20.000
          0.8083       -0.02  0.4300   20.000         -1.70  0.4284   20.000         -9.10  0.2349   20.000         -9.10  0.2349   20.000
          0.8090       -0.03  0.4300   20.000         -1.69  0.4284   20.000         -9.10  0.2349   20.000         -9.10  0.2349   20.000
          0.8098       -0.02  0.4300   20.000         -1.68  0.4284   20.000         -9.10  0.2349   20.000         -9.10  0.2349   20.000
          0.8103        0.02  0.4300   20.000         -1.70  0.4284   20.000         -9.10  0.2349   20.000         -9.10  0.2349   20.000
          0.8110       -0.02  0.4300   20.000         -1.69  0.4284   20.000         -9.10  0.2349   20.000         -9.10  0.2349   20.000
          0.8117       -0.03  0.4300   20.000         -1.68  0.4284   20.000         -9.10  0.2349   20.000         -9.10  0.2349   20.000
          0.8123       -0.02  0.4300   20.000         -1.69  0.4284   20.000         -9.10  0.2349   20.000         -9.10  0.2349   20.000
          0.8128        0.01  0.4300   20.000         -1.70  0.4284   20.000         -9.10  0.2349   20.000         -9.10  0.2349   20.000
          0.8134       -0.01  0.4300   20.000         -1.69  0.4284   20.000         -9.10  0.2349   20.000         -9.10  0.2349   20.000
          0.8141       -0.02  0.4300   20.000         -1.69  0.4284   20.000         -9.10  0.2349   20.000         -9.10  0.2349   20.000
          0.8147       -0.02  0.4300   20.000         -1.69  0.4284   20.000         -9.10  0.2349   20.000         -9.10  0.2349   20.000
          0.8151        0.02  0.4300   20.000         -1.70  0.4284   20.000         -9.10  0.2349   20.000         -9.10  0.2349   20.000
          0.8157       -0.01  0.4300   20.000         -1.69  0.4284   20.000         -9.10  0.2349   20.000         -9.10  0.2349   20.000
          0.8162       -0.02  0.4300   20.000         -1.69  0.4284   20.000         -9.10  0.2349   20.000         -9.10  0.2349   20.000
          0.8168       -0.02  0.4300   20.000         -1.69  0.4284   20.000         -9.10  0.2349   20.000         -9.10  0.2349   20.000
          0.8172        0.08  0.4300   20.000         -1.70  0.4284   20.000         -9.10  0.2349   20.000         -9.10  0.2349   20.000
          0.8177       -0.02  0.4300   20.000         -1.69  0.4284   20.000         -9.10  0.2349   20.000         -9.10  0.2349   20.000
          0.8182        0.00  0.4300   20.000         -1.70  0.4284   20.000         -9.10  0.2349   20.000         -9.10  0.2349   20.000
          0.8187        0.00  0.4300   20.000         -1.71  0.4284   20.000         -9.10  0.2349   20.000         -9.10  0.2349   20.000
          0.8193        0.09  0.4300   20.000         -1.73  0.4284   20.000         -9.10  0.2349   20.000         -9.10  0.2349   20.000
          0.8199       -0.03  0.4300   20.000         -1.71  0.4284   20.000         -9.10  0.2349   20.000         -9.10  0.2349   20.000
          0.8206       -0.01  0.4300   20.000         -1.70  0.4284   20.000         -9.10  0.2349   20.000         -9.10  0.2349   20.000
          0.8213       -0.02  0.4300   20.000         -1.71  0.4284   20.000         -9.10  0.2349   20.000         -9.10  0.2349   20.000
          0.8219       -0.03  0.4300   20.000         -1.70  0.4284   20.000         -9.10  0.2349   20.000         -9.10  0.2349   20.000
          0.8224       -0.03  0.4300   20.000         -1.70  0.4284   20.000         -9.10  0.2349   20.000         -9.10  0.2349   20.000
          0.8229       -0.01  0.4300   20.000         -1.69  0.4284   20.000         -9.10  0.2349   20.000         -9.10  0.2349   20.000
          0.8233        0.04  0.4300   20.000         -1.70  0.4284   20.000         -9.10  0.2349   20.000         -9.10  0.2349   20.000
          0.8239       -0.02  0.4300   20.000         -1.69  0.4284   20.000         -9.10  0.2349   20.000         -9.10  0.2349   20.000
          0.8245       -0.02  0.4300   20.000         -1.68  0.4284   20.000         -9.10  0.2349   20.000         -9.10  0.2349   20.000
          0.8250       -0.01  0.4300   20.000         -1.68  0.4284   20.000         -9.10  0.2349   20.000         -9.10  0.2349   20.000
          0.8254        0.02  0.4300   20.000         -1.69  0.4284   20.000         -9.10  0.2349   20.000         -9.10  0.2349   20.000
          0.8259        0.00  0.4300   20.000         -1.70  0.4284   20.000         -9.10  0.2349   20.000         -9.10  0.2349   20.000
          0.8267       -0.03  0.4300   20.000         -1.70  0.4284   20.000         -9.10  0.2349   20.000         -9.10  0.2349   20.000
          0.8272       -0.03  0.4300   20.000         -1.69  0.4284   20.000         -9.10  0.2349   20.000         -9.10  0.2349   20.000
          0.8277       -0.01  0.4300   20.000         -1.69  0.4284   20.000         -9.10  0.2349   20.000         -9.10  0.2349   20.000
          0.8282        0.04  0.4300   20.000         -1.70  0.4284   20.000         -9.10  0.2349   20.000         -9.10  0.2349   20.000
          0.8288       -0.02  0.4300   20.000         -1.69  0.4284   20.000         -9.10  0.2349   20.000         -9.10  0.2349   20.000
          0.8295       -0.02  0.4300   20.000         -1.68  0.4284   20.000         -9.10  0.2349   20.000         -9.10  0.2349   20.000
          0.8299       -0.01  0.4300   20.000         -1.68  0.4284   20.000         -9.10  0.2349   20.000         -9.10  0.2349   20.000
          0.8304        0.04  0.4300   20.000         -1.69  0.4284   20.000         -9.10  0.2349   20.000         -9.10  0.2349   20.000
          0.8310       -0.02  0.4300   20.000         -1.68  0.4284   20.000         -9.10  0.2349   20.000         -9.10  0.2349   20.000
          0.8316       -0.02  0.4300   20.000         -1.68  0.4284   20.000         -9.10  0.2349   20.000         -9.10  0.2349   20.000
          0.8320       -0.01  0.4300   20.000         -1.68  0.4284   20.000         -9.10  0.2349   20.000         -9.10  0.2349   20.000
          0.8324        0.01  0.4300   20.000         -1.69  0.4284   20.000         -9.10  0.2349   20.000         -9.10  0.2349   20.000
          0.8330       -0.02  0.4300   20.000         -1.68  0.4284   20.000         -9.10  0.2349   20.000         -9.10  0.2349   20.000
          0.8335       -0.02  0.4300   20.000         -1.68  0.4284   20.000         -9.10  0.2349   20.000         -9.10  0.2349   20.000
          0.8339       -0.01  0.4300   20.000         -1.68  0.4284   20.000         -9.10  0.2349   20.000         -9.10  0.2349   20.000
          0.8343        0.04  0.4300   20.000         -1.69  0.4284   20.000         -9.10  0.2349   20.000         -9.10  0.2349   20.000
          0.8348       -0.02  0.4300   20.000         -1.68  0.4284   20.000         -9.10  0.2349   20.000         -9.10  0.2349   20.000
          0.8352        0.00  0.4300   20.000         -1.69  0.4284   20.000         -9.10  0.2349   20.000         -9.10  0.2349   20.000
          0.8357        0.00  0.4300   20.000         -1.70  0.4284   20.000         -9.10  0.2349   20.000         -9.10  0.2349   20.000
          0.8362        0.09  0.4300   20.000         -1.72  0.4284   20.000         -9.10  0.2349   20.000         -9.10  0.2349   20.000
          0.8369       -0.03  0.4300   20.000         -1.70  0.4284   20.000         -9.10  0.2349   20.000         -9.10  0.2349   20.000
          0.8375       -0.01  0.4300   20.000         -1.70  0.4284   20.000         -9.10  0.2349   20.000         -9.10  0.2349   20.000
          0.8382       -0.02  0.4300   20.000         -1.70  0.4284   20.000         -9.10  0.2349   20.000         -9.10  0.2349   20.000
          0.8388       -0.03  0.4300   20.000         -1.70  0.4284   20.000         -9.10  0.2349   20.000         -9.10  0.2349   20.000
          0.8392       -0.03  0.4300   20.000         -1.69  0.4284   20.000         -9.10  0.2349   20.000         -9.10  0.2349   20.000
          0.8397       -0.01  0.4300   20.000         -1.69  0.4284   20.000         -9.10  0.2349   20.000         -9.10  0.2349   20.000
          0.8401        0.05  0.4300   20.000         -1.71  0.4284   20.000         -9.10  0.2349   20.000         -9.10  0.2349   20.000
          0.8407       -0.02  0.4300   20.000         -1.69  0.4284   20.000         -9.10  0.2349   20.000         -9.10  0.2349   20.000
          0.8413       -0.02  0.4300   20.000         -1.69  0.4284   20.000         -9.10  0.2349   20.000         -9.10  0.2349   20.000
          0.8417       -0.01  0.4300   20.000         -1.68  0.4284   20.000         -9.10  0.2349   20.000         -9.10  0.2349   20.000
          0.8421        0.01  0.4300   20.000         -1.69  0.4284   20.000         -9.10  0.2349   20.000         -9.10  0.2349   20.000
          0.8427       -0.02  0.4300   20.000         -1.68  0.4284   20.000         -9.10  0.2349   20.000         -9.10  0.2349   20.000
          0.8432       -0.02  0.4300   20.000         -1.68  0.4284   20.000         -9.10  0.2349   20.000         -9.10  0.2349   20.000
          0.8436       -0.01  0.4300   20.000         -1.68  0.4284   20.000         -9.10  0.2349   20.000         -9.10  0.2349   20.000
          0.8439        0.04  0.4300   20.000         -1.69  0.4284   20.000         -9.10  0.2349   20.000         -9.10  0.2349   20.000
          0.8444       -0.02  0.4300   20.000         -1.69  0.4284   20.000         -9.10  0.2349   20.000         -9.10  0.2349   20.000
          0.8449        0.00  0.4300   20.000         -1.69  0.4284   20.000         -9.10  0.2349   20.000         -9.10  0.2349   20.000
          0.8454        0.00  0.4300   20.000         -1.70  0.4284   20.000         -9.10  0.2349   20.000         -9.10  0.2349   20.000
          0.8458        0.08  0.4300   20.000         -1.72  0.4284   20.000         -9.10  0.2349   20.000         -9.10  0.2349   20.000
          0.8464       -0.03  0.4300   20.000         -1.70  0.4284   20.000         -9.10  0.2349   20.000         -9.10  0.2349   20.000
          0.8470       -0.01  0.4300   20.000         -1.70  0.4284   20.000         -9.10  0.2349   20.000         -9.10  0.2349   20.000
          0.8476       -0.02  0.4300   20.000         -1.70  0.4284   20.000         -9.10  0.2349   20.000         -9.10  0.2349   20.000
          0.8482       -0.03  0.4300   20.000         -1.70  0.4284   20.000         -9.10  0.2349   20.000         -9.10  0.2349   20.000
          0.8487       -0.03  0.4300   20.000         -1.69  0.4284   20.000         -9.10  0.2349   20.000         -9.10  0.2349   20.000
          0.8491       -0.01  0.4300   20.000         -1.69  0.4284   20.000         -9.10  0.2349   20.000         -9.10  0.2349   20.000
          0.8496        0.06  0.4300   20.000         -1.71  0.4284   20.000         -9.10  0.2349   20.000         -9.10  0.2349   20.000
          0.8500       -0.02  0.4300   20.000         -1.70  0.4284   20.000         -9.10  0.2349   20.000         -9.10  0.2349   20.000
          0.8504        0.00  0.4300   20.000         -1.70  0.4284   20.000         -9.10  0.2349   20.000         -9.10  0.2349   20.000
          0.8509        0.00  0.4300   20.000         -1.71  0.4284   20.000         -9.10  0.2349   20.000         -9.10  0.2349   20.000
          0.8513        0.08  0.4300   20.000         -1.72  0.4284   20.000         -9.10  0.2349   20.000         -9.10  0.2349   20.000
          0.8519       -0.03  0.4300   20.000         -1.71  0.4284   20.000         -9.10  0.2349   20.000         -9.10  0.2349   20.000
          0.8525       -0.01  0.4300   20.000         -1.70  0.4284   20.000         -9.10  0.2349   20.000         -9.10  0.2349   20.000
          0.8530       -0.01  0.4300   20.000         -1.71  0.4284   20.000         -9.10  0.2349   20.000         -9.10  0.2349   20.000
          0.8536       -0.02  0.4300   20.000         -1.70  0.4284   20.000         -9.10  0.2349   20.000         -9.10  0.2349   20.000
          0.8542       -0.01  0.4300   20.000         -1.70  0.4284   20.000         -9.10  0.2349   20.000         -9.10  0.2349   20.000
          0.8546        0.08  0.4300   20.000         -1.71  0.4284   20.000         -9.10  0.2349   20.000         -9.10  0.2349   20.000
          0.8551       -0.02  0.4300   20.000         -1.70  0.4284   20.000         -9.10  0.2349   20.000         -9.10  0.2349   20.000
          0.8556       -0.01  0.4300   20.000         -1.70  0.4284   20.000         -9.10  0.2349   20.000         -9.10  0.2349   20.000
          0.8561        0.08  0.4300   20.000         -1.71  0.4284   20.000         -9.10  0.2349   20.000         -9.10  0.2349   20.000
          0.8568       -0.03  0.4300   20.000         -1.69  0.4284   20.000         -9.10  0.2349   20.000         -9.10  0.2349   20.000
          0.8575       -0.02  0.4300   20.000         -1.69  0.4284   20.000         -9.10  0.2349   20.000         -9.10  0.2349   20.000
          0.8580       -0.01  0.4300   20.000         -1.69  0.4284   20.000         -9.10  0.2348   20.000         -9.10  0.2349   20.000
          0.8584        0.06  0.4300   20.000         -1.70  0.4284   20.000         -9.10  0.2348   20.000         -9.10  0.2349   20.000
          0.8590       -0.02  0.4300   20.000         -1.69  0.4284   20.000         -9.10  0.2348   20.000         -9.10  0.2349   20.000
          0.8597       -0.02  0.4300   20.000         -1.68  0.4284   20.000         -9.10  0.2348   20.000         -9.10  0.2349   20.000
          0.8601       -0.01  0.4300   20.000         -1.68  0.4284   20.000         -9.10  0.2348   20.000         -9.10  0.2349   20.000
          0.8605        0.03  0.4300   20.000         -1.69  0.4284   20.000         -9.10  0.2349   20.000         -9.10  0.2349   20.000
          0.8611       -0.02  0.4300   20.000         -1.68  0.4284   20.000         -9.10  0.2349   20.000         -9.10  0.2349   20.000
          0.8616       -0.00  0.4300   20.000         -1.69  0.4284   20.000         -9.10  0.2349   20.000         -9.10  0.2349   20.000
          0.8622       -0.01  0.4300   20.000         -1.70  0.4284   20.000         -9.10  0.2349   20.000         -9.10  0.2349   20.000
          0.8628        0.02  0.4300   20.000         -1.71  0.4284   20.000         -9.10  0.2349   20.000         -9.10  0.2349   20.000
          0.8635       -0.02  0.4300   20.000         -1.70  0.4284   20.000         -9.10  0.2349   20.000         -9.10  0.2349   20.000
          0.8642       -0.03  0.4300   20.000         -1.69  0.4284   20.000         -9.10  0.2349   20.000         -9.10  0.2349   20.000
          0.8649       -0.02  0.4300   20.000         -1.69  0.4284   20.000         -9.10  0.2349   20.000         -9.10  0.2349   20.000
          0.8655        0.01  0.4300   20.000         -1.70  0.4284   20.000         -9.10  0.2349   20.000         -9.10  0.2349   20.000
          0.8661       -0.02  0.4300   20.000         -1.69  0.4284   20.000         -9.10  0.2349   20.000         -9.10  0.2349   20.000
          0.8668       -0.03  0.4300   20.000         -1.69  0.4284   20.000         -9.10  0.2349   20.000         -9.10  0.2349   20.000
          0.8674       -0.01  0.4300   20.000         -1.69  0.4284   20.000         -9.10  0.2349   20.000         -9.10  0.2349   20.000
          0.8679        0.01  0.4300   20.000         -1.70  0.4284   20.000         -9.10  0.2349   20.000         -9.10  0.2349   20.000
          0.8685       -0.01  0.4300   20.000         -1.69  0.4284   20.000         -9.10  0.2349   20.000         -9.10  0.2349   20.000
          0.8691       -0.03  0.4300   20.000         -1.69  0.4284   20.000         -9.10  0.2349   20.000         -9.10  0.2349   20.000
          0.8697       -0.02  0.4300   20.000         -1.69  0.4284   20.000         -9.10  0.2349   20.000         -9.10  0.2349   20.000
          0.8703       -0.02  0.4300   20.000         -1.69  0.4284   20.000         -9.10  0.2349   20.000         -9.10  0.2349   20.000
          0.8707        0.03  0.4300   20.000         -1.70  0.4284   20.000         -9.10  0.2349   20.000         -9.10  0.2349   20.000
          0.8713       -0.01  0.4300   20.000         -1.69  0.4284   20.000         -9.10  0.2349   20.000         -9.10  0.2349   20.000
          0.8718       -0.02  0.4300   20.000         -1.69  0.4284   20.000         -9.10  0.2349   20.000         -9.10  0.2349   20.000
          0.8724       -0.02  0.4300   20.000         -1.69  0.4284   20.000         -9.10  0.2349   20.000         -9.10  0.2349   20.000
          0.8728        0.06  0.4300   20.000         -1.70  0.4284   20.000         -9.10  0.2349   20.000         -9.10  0.2349   20.000
          0.8733       -0.02  0.4300   20.000         -1.69  0.4284   20.000         -9.10  0.2349   20.000         -9.10  0.2349   20.000
          0.8738        0.00  0.4300   20.000         -1.70  0.4284   20.000         -9.10  0.2349   20.000         -9.10  0.2349   20.000
          0.8743        0.01  0.4300   20.000         -1.71  0.4284   20.000         -9.10  0.2349   20.000         -9.10  0.2349   20.000
          0.8748        0.08  0.4300   20.000         -1.72  0.4284   20.000         -9.10  0.2349   20.000         -9.10  0.2349   20.000
          0.8754       -0.03  0.4300   20.000         -1.70  0.4284   20.000         -9.10  0.2349   20.000         -9.10  0.2349   20.000
          0.8761       -0.01  0.4300   20.000         -1.70  0.4284   20.000         -9.10  0.2349   20.000         -9.10  0.2349   20.000
          0.8767       -0.02  0.4300   20.000         -1.71  0.4284   20.000         -9.10  0.2349   20.000         -9.10  0.2349   20.000
          0.8774       -0.03  0.4300   20.000         -1.70  0.4284   20.000         -9.10  0.2349   20.000         -9.10  0.2349   20.000
          0.8780       -0.02  0.4300   20.000         -1.70  0.4284   20.000         -9.10  0.2349   20.000         -9.10  0.2349   20.000
          0.8785        0.09  0.4300   20.000         -1.72  0.4284   20.000         -9.10  0.2349   20.000         -9.10  0.2349   20.000
          0.8790       -0.02  0.4300   20.000         -1.70  0.4284   20.000         -9.10  0.2349   20.000         -9.10  0.2349   20.000
          0.8796       -0.01  0.4300   20.000         -1.70  0.4284   20.000         -9.10  0.2349   20.000         -9.10  0.2349   20.000
          0.8802        0.00  0.4300   20.000         -1.70  0.4284   20.000         -9.10  0.2349   20.000         -9.10  0.2349   20.000
          0.8810       -0.02  0.4300   20.000         -1.69  0.4284   20.000         -9.10  0.2349   20.000         -9.10  0.2349   20.000
          0.8818       -0.03  0.4300   20.000         -1.68  0.4284   20.000         -9.10  0.2348   20.000         -9.10  0.2349   20.000
          0.8825       -0.02  0.4300   20.000         -1.68  0.4284   20.000         -9.10  0.2348   20.000         -9.10  0.2349   20.000
          0.8831        0.01  0.4300   20.000         -1.69  0.4284   20.000         -9.10  0.2348   20.000         -9.10  0.2349   20.000
          0.8838       -0.02  0.4300   20.000         -1.69  0.4284   20.000         -9.10  0.2348   20.000         -9.10  0.2349   20.000
          0.8845       -0.03  0.4300   20.000         -1.68  0.4284   20.000         -9.10  0.2349   20.000         -9.10  0.2349   20.000
          0.8852       -0.02  0.4300   20.000         -1.68  0.4284   20.000         -9.10  0.2349   20.000         -9.10  0.2349   20.000
          0.8857        0.01  0.4300   20.000         -1.69  0.4284   20.000         -9.10  0.2349   20.000         -9.10  0.2349   20.000
          0.8863       -0.01  0.4300   20.000         -1.69  0.4284   20.000         -9.10  0.2349   20.000         -9.10  0.2349   20.000
          0.8869       -0.03  0.4300   20.000         -1.69  0.4284   20.000         -9.10  0.2349   20.000         -9.10  0.2349   20.000
          0.8876       -0.01  0.4300   20.000         -1.69  0.4284   20.000         -9.10  0.2349   20.000         -9.10  0.2349   20.000
          0.8880        0.09  0.4300   20.000         -1.71  0.4284   20.000         -9.10  0.2349   20.000         -9.10  0.2349   20.000
          0.8886       -0.03  0.4300   20.000         -1.70  0.4284   20.000         -9.10  0.2349   20.000         -9.10  0.2349   20.000
          0.8892       -0.01  0.4300   20.000         -1.70  0.4284   20.000         -9.10  0.2349   20.000         -9.10  0.2349   20.000
          0.8897       -0.01  0.4300   20.000         -1.70  0.4284   20.000         -9.10  0.2349   20.000         -9.10  0.2349   20.000
          0.8903       -0.03  0.4300   20.000         -1.70  0.4284   20.000         -9.10  0.2349   20.000         -9.10  0.2349   20.000
          0.8909       -0.01  0.4300   20.000         -1.69  0.4284   20.000         -9.10  0.2349   20.000         -9.10  0.2349   20.000
          0.8913        0.08  0.4300   20.000         -1.71  0.4284   20.000         -9.10  0.2349   20.000         -9.10  0.2349   20.000
          0.8918       -0.02  0.4300   20.000         -1.70  0.4284   20.000         -9.10  0.2349   20.000         -9.10  0.2349   20.000
          0.8923       -0.01  0.4300   20.000         -1.69  0.4284   20.000         -9.10  0.2349   20.000         -9.10  0.2349   20.000
          0.8929        0.08  0.4300   20.000         -1.72  0.4284   20.000         -9.10  0.2349   20.000         -9.10  0.2349   20.000
          0.8936       -0.03  0.4300   20.000         -1.69  0.4284   20.000         -9.10  0.2349   20.000         -9.10  0.2349   20.000
          0.8943       -0.03  0.4300   20.000         -1.69  0.4284   20.000         -9.10  0.2349   20.000         -9.10  0.2349   20.000
          0.8948       -0.01  0.4300   20.000         -1.69  0.4284   20.000         -9.10  0.2349   20.000         -9.10  0.2349   20.000
          0.8953        0.06  0.4300   20.000         -1.70  0.4284   20.000         -9.10  0.2349   20.000         -9.10  0.2349   20.000
          0.8959       -0.02  0.4300   20.000         -1.69  0.4284   20.000         -9.10  0.2349   20.000         -9.10  0.2349   20.000
          0.8964       -0.02  0.4300   20.000         -1.68  0.4284   20.000         -9.10  0.2349   20.000         -9.10  0.2349   20.000
          0.8969       -0.01  0.4300   20.000         -1.68  0.4284   20.000         -9.10  0.2349   20.000         -9.10  0.2349   20.000
          0.8973        0.03  0.4300   20.000         -1.69  0.4284   20.000         -9.10  0.2349   20.000         -9.10  0.2349   20.000
          0.8979       -0.01  0.4300   20.000         -1.69  0.4284   20.000         -9.10  0.2349   20.000         -9.10  0.2349   20.000
          0.8986       -0.03  0.4300   20.000         -1.69  0.4284   20.000         -9.10  0.2349   20.000         -9.10  0.2349   20.000
          0.8993       -0.03  0.4300   20.000         -1.68  0.4284   20.000         -9.10  0.2349   20.000         -9.10  0.2349   20.000
          0.9000       -0.01  0.4300   20.000         -1.68  0.4284   20.000         -9.10  0.2349   20.000         -9.10  0.2349   20.000
          0.9007       -0.02  0.4300   20.000         -1.70  0.4284   20.000         -9.10  0.2349   20.000         -9.10  0.2349   20.000
          0.9015       -0.03  0.4300   20.000         -1.70  0.4284   20.000         -9.10  0.2349   20.000         -9.10  0.2349   20.000
          0.9022       -0.02  0.4300   20.000         -1.69  0.4284   20.000         -9.10  0.2349   20.000         -9.10  0.2349   20.000
          0.9027       -0.01  0.4300   20.000         -1.69  0.4284   20.000         -9.10  0.2349   20.000         -9.10  0.2349   20.000
          0.9032       -0.02  0.4300   20.000         -1.68  0.4284   20.000         -9.10  0.2349   20.000         -9.10  0.2349   20.000
          0.9036        0.07  0.4300   20.000         -1.70  0.4284   20.000         -9.10  0.2349   20.000         -9.10  0.2349   20.000
          0.9041       -0.02  0.4300   20.000         -1.69  0.4284   20.000         -9.10  0.2349   20.000         -9.10  0.2349   20.000
          0.9045        0.00  0.4300   20.000         -1.69  0.4284   20.000         -9.10  0.2349   20.000         -9.10  0.2349   20.000
          0.9050        0.01  0.4300   20.000         -1.70  0.4284   20.000         -9.10  0.2349   20.000         -9.10  0.2349   20.000
          0.9055        0.07  0.4300   20.000         -1.72  0.4284   20.000         -9.10  0.2349   20.000         -9.10  0.2349   20.000
          0.9061       -0.02  0.4300   20.000         -1.70  0.4284   20.000         -9.10  0.2349   20.000         -9.10  0.2349   20.000
          0.9067       -0.01  0.4300   20.000         -1.70  0.4284   20.000         -9.10  0.2349   20.000         -9.10  0.2349   20.000
          0.9073       -0.01  0.4300   20.000         -1.71  0.4284   20.000         -9.10  0.2349   20.000         -9.10  0.2349   20.000
          0.9079       -0.03  0.4300   20.000         -1.71  0.4284   20.000         -9.10  0.2349   20.000         -9.10  0.2349   20.000
          0.9085       -0.02  0.4300   20.000         -1.70  0.4284   20.000         -9.10  0.2349   20.000         -9.10  0.2349   20.000
          0.9090        0.09  0.4300   20.000         -1.72  0.4284   20.000         -9.10  0.2349   20.000         -9.10  0.2349   20.000
          0.9095       -0.02  0.4300   20.000         -1.70  0.4284   20.000         -9.10  0.2349   20.000         -9.10  0.2349   20.000
          0.9101       -0.01  0.4300   20.000         -1.69  0.4284   20.000         -9.10  0.2349   20.000         -9.10  0.2349   20.000
          0.9106        0.08  0.4300   20.000         -1.71  0.4284   20.000         -9.10  0.2349   20.000         -9.10  0.2349   20.000
          0.9113       -0.03  0.4300   20.000         -1.69  0.4284   20.000         -9.10  0.2349   20.000         -9.10  0.2349   20.000
          0.9121       -0.03  0.4300   20.000         -1.68  0.4284   20.000         -9.10  0.2349   20.000         -9.10  0.2349   20.000
          0.9126       -0.01  0.4300   20.000         -1.69  0.4284   20.000         -9.10  0.2349   20.000         -9.10  0.2349   20.000
          0.9131        0.06  0.4300   20.000         -1.70  0.4284   20.000         -9.10  0.2349   20.000         -9.10  0.2349   20.000
          0.9137       -0.02  0.4300   20.000         -1.69  0.4284   20.000         -9.10  0.2349   20.000         -9.10  0.2349   20.000
          0.9144       -0.02  0.4300   20.000         -1.68  0.4284   20.000         -9.10  0.2349   20.000         -9.10  0.2349   20.000
          0.9148       -0.01  0.4300   20.000         -1.68  0.4284   20.000         -9.10  0.2349   20.000         -9.10  0.2349   20.000
          0.9153        0.05  0.4300   20.000         -1.70  0.4284   20.000         -9.10  0.2349   20.000         -9.10  0.2349   20.000
          0.9159       -0.02  0.4300   20.000         -1.68  0.4284   20.000         -9.10  0.2349   20.000         -9.10  0.2349   20.000
          0.9165       -0.02  0.4300   20.000         -1.68  0.4284   20.000         -9.10  0.2349   20.000         -9.10  0.2349   20.000
          0.9169       -0.01  0.4300   20.000         -1.68  0.4284   20.000         -9.10  0.2349   20.000         -9.10  0.2349   20.000
          0.9173       -0.00  0.4300   20.000         -1.68  0.4284   20.000         -9.10  0.2349   20.000         -9.10  0.2349   20.000
          0.9179       -0.02  0.4300   20.000         -1.68  0.4284   20.000         -9.10  0.2349   20.000         -9.10  0.2349   20.000
          0.9184       -0.00  0.4300   20.000         -1.69  0.4284   20.000         -9.10  0.2349   20.000         -9.10  0.2349   20.000
          0.9190       -0.00  0.4300   20.000         -1.70  0.4284   20.000         -9.10  0.2349   20.000         -9.10  0.2349   20.000
          0.9195        0.08  0.4300   20.000         -1.72  0.4284   20.000         -9.10  0.2349   20.000         -9.10  0.2349   20.000
          0.9202       -0.03  0.4300   20.000         -1.70  0.4284   20.000         -9.10  0.2349   20.000         -9.10  0.2349   20.000
          0.9209       -0.02  0.4300   20.000         -1.69  0.4284   20.000         -9.10  0.2349   20.000         -9.10  0.2349   20.000
          0.9216       -0.03  0.4300   20.000         -1.69  0.4284   20.000         -9.10  0.2349   20.000         -9.10  0.2349   20.000
          0.9223       -0.02  0.4300   20.000         -1.69  0.4284   20.000         -9.10  0.2349   20.000         -9.10  0.2349   20.000
          0.9228        0.01  0.4300   20.000         -1.70  0.4284   20.000         -9.10  0.2349   20.000         -9.10  0.2349   20.000
          0.9235       -0.02  0.4300   20.000         -1.69  0.4284   20.000         -9.10  0.2349   20.000         -9.10  0.2349   20.000
          0.9241       -0.03  0.4300   20.000         -1.69  0.4284   20.000         -9.10  0.2349   20.000         -9.10  0.2349   20.000
          0.9248       -0.01  0.4300   20.000         -1.69  0.4284   20.000         -9.10  0.2349   20.000         -9.10  0.2349   20.000
          0.9252        0.01  0.4300   20.000         -1.70  0.4284   20.000         -9.10  0.2349   20.000         -9.10  0.2349   20.000
          0.9258       -0.01  0.4300   20.000         -1.69  0.4284   20.000         -9.10  0.2349   20.000         -9.10  0.2349   20.000
          0.9264       -0.02  0.4300   20.000         -1.70  0.4284   20.000         -9.10  0.2349   20.000         -9.10  0.2349   20.000
          0.9270       -0.03  0.4300   20.000         -1.69  0.4284   20.000         -9.10  0.2349   20.000         -9.10  0.2349   20.000
          0.9274       -0.02  0.4300   20.000         -1.69  0.4284   20.000         -9.10  0.2349   20.000         -9.10  0.2349   20.000
          0.9278       -0.01  0.4300   20.000         -1.69  0.4284   20.000         -9.10  0.2349   20.000         -9.10  0.2349   20.000
          0.9282        0.05  0.4300   20.000         -1.70  0.4284   20.000         -9.10  0.2349   20.000         -9.10  0.2349   20.000
          0.9287       -0.02  0.4300   20.000         -1.69  0.4284   20.000         -9.10  0.2349   20.000         -9.10  0.2349   20.000
          0.9293        0.00  0.4300   20.000         -1.70  0.4284   20.000         -9.10  0.2349   20.000         -9.10  0.2349   20.000
          0.9298        0.00  0.4300   20.000         -1.71  0.4284   20.000         -9.10  0.2349   20.000         -9.10  0.2349   20.000
          0.9303        0.09  0.4300   20.000         -1.73  0.4284   20.000         -9.10  0.2349   20.000         -9.10  0.2349   20.000
          0.9310       -0.03  0.4300   20.000         -1.70  0.4284   20.000         -9.10  0.2349   20.000         -9.10  0.2349   20.000
          0.9317       -0.01  0.4300   20.000         -1.70  0.4284   20.000         -9.10  0.2349   20.000         -9.10  0.2349   20.000
          0.9324       -0.02  0.4300   20.000         -1.70  0.4284   20.000         -9.10  0.2349   20.000         -9.10  0.2349   20.000
          0.9331       -0.02  0.4300   20.000         -1.69  0.4284   20.000         -9.10  0.2349   20.000         -9.10  0.2349   20.000
          0.9336       -0.00  0.4300   20.000         -1.70  0.4284   20.000         -9.10  0.2349   20.000         -9.10  0.2349   20.000
          0.9341        0.00  0.4300   20.000         -1.71  0.4284   20.000         -9.10  0.2349   20.000         -9.10  0.2349   20.000
          0.9345        0.09  0.4300   20.000         -1.73  0.4284   20.000         -9.10  0.2349   20.000         -9.10  0.2349   20.000
          0.9352       -0.03  0.4300   20.000         -1.71  0.4284   20.000         -9.10  0.2349   20.000         -9.10  0.2349   20.000
          0.9358       -0.01  0.4300   20.000         -1.70  0.4284   20.000         -9.10  0.2349   20.000         -9.10  0.2349   20.000
          0.9364       -0.02  0.4300   20.000         -1.70  0.4284   20.000         -9.10  0.2349   20.000         -9.10  0.2349   20.000
          0.9371       -0.01  0.4300   20.000         -1.71  0.4284   20.000         -9.10  0.2349   20.000         -9.10  0.2349   20.000
          0.9377       -0.02  0.4300   20.000         -1.71  0.4284   20.000         -9.10  0.2348   20.000         -9.10  0.2349   20.000
          0.9383       -0.03  0.4300   20.000         -1.70  0.4284   20.000         -9.10  0.2348   20.000         -9.10  0.2349   20.000
          0.9390       -0.03  0.4300   20.000         -1.69  0.4284   20.000         -9.10  0.2348   20.000         -9.10  0.2349   20.000
          0.9396       -0.01  0.4300   20.000         -1.69  0.4284   20.000         -9.11  0.2348   20.000         -9.10  0.2349   20.000
          0.9402       -0.01  0.4300   20.000         -1.71  0.4284   20.000         -9.11  0.2348   20.000         -9.10  0.2349   20.000
          0.9408       -0.03  0.4300   20.000         -1.70  0.4284   20.000         -9.11  0.2348   20.000         -9.10  0.2349   20.000
          0.9415       -0.02  0.4300   20.000         -1.70  0.4284   20.000         -9.11  0.2348   20.000         -9.10  0.2349   20.000
          0.9419        0.03  0.4300   20.000         -1.70  0.4284   20.000         -9.11  0.2348   20.000         -9.10  0.2349   20.000
          0.9425       -0.01  0.4300   20.000         -1.70  0.4284   20.000         -9.11  0.2348   20.000         -9.10  0.2349   20.000
          0.9431       -0.03  0.4300   20.000         -1.69  0.4284   20.000         -9.11  0.2348   20.000         -9.10  0.2349   20.000
          0.9436       -0.01  0.4300   20.000         -1.69  0.4284   20.000         -9.11  0.2348   20.000         -9.10  0.2349   20.000
          0.9440        0.08  0.4300   20.000         -1.71  0.4284   20.000         -9.11  0.2348   20.000         -9.10  0.2349   20.000
          0.9446       -0.02  0.4300   20.000         -1.70  0.4284   20.000         -9.11  0.2348   20.000         -9.10  0.2349   20.000
          0.9451       -0.01  0.4300   20.000         -1.69  0.4284   20.000         -9.11  0.2348   20.000         -9.10  0.2349   20.000
          0.9456       -0.00  0.4300   20.000         -1.70  0.4284   20.000         -9.10  0.2348   20.000         -9.10  0.2349   20.000
          0.9464       -0.03  0.4300   20.000         -1.68  0.4284   20.000         -9.10  0.2348   20.000         -9.10  0.2349   20.000
          0.9471       -0.03  0.4300   20.000         -1.68  0.4284   20.000         -9.10  0.2348   20.000         -9.10  0.2349   20.000
          0.9476       -0.01  0.4300   20.000         -1.68  0.4284   20.000         -9.10  0.2348   20.000         -9.10  0.2349   20.000
          0.9481        0.03  0.4300   20.000         -1.69  0.4284   20.000         -9.10  0.2348   20.000         -9.10  0.2349   20.000
          0.9487       -0.02  0.4300   20.000         -1.68  0.4284   20.000         -9.10  0.2349   20.000         -9.10  0.2349   20.000
          0.9494       -0.02  0.4300   20.000         -1.68  0.4284   20.000         -9.10  0.2349   20.000         -9.10  0.2349   20.000
          0.9500       -0.02  0.4300   20.000         -1.68  0.4284   20.000         -9.10  0.2349   20.000         -9.10  0.2349   20.000
          0.9504        0.08  0.4300   20.000         -1.70  0.4284   20.000         -9.10  0.2349   20.000         -9.10  0.2349   20.000
          0.9510       -0.03  0.4300   20.000         -1.69  0.4284   20.000         -9.10  0.2349   20.000         -9.10  0.2349   20.000
          0.9517       -0.02  0.4300   20.000         -1.68  0.4284   20.000         -9.10  0.2349   20.000         -9.10  0.2349   20.000
          0.9525       -0.03  0.4300   20.000         -1.68  0.4284   20.000         -9.10  0.2349   20.000         -9.10  0.2349   20.000
          0.9530       -0.01  0.4300   20.000         -1.68  0.4284   20.000         -9.10  0.2349   20.000         -9.10  0.2349   20.000
          0.9535        0.04  0.4300   20.000         -1.69  0.4284   20.000         -9.10  0.2349   20.000         -9.10  0.2349   20.000
          0.9541       -0.03  0.4300   20.000         -1.68  0.4284   20.000         -9.10  0.2349   20.000         -9.10  0.2349   20.000
          0.9548       -0.02  0.4300   20.000         -1.68  0.4284   20.000         -9.10  0.2349   20.000         -9.10  0.2349   20.000
          0.9553       -0.01  0.4300   20.000         -1.68  0.4284   20.000         -9.10  0.2349   20.000         -9.10  0.2349   20.000
          0.9557        0.06  0.4300   20.000         -1.69  0.4284   20.000         -9.10  0.2349   20.000         -9.10  0.2349   20.000
          0.9563       -0.02  0.4300   20.000         -1.68  0.4284   20.000         -9.10  0.2349   20.000         -9.10  0.2349   20.000
          0.9569       -0.02  0.4300   20.000         -1.68  0.4284   20.000         -9.10  0.2349   20.000         -9.10  0.2349   20.000
          0.9574       -0.01  0.4300   20.000         -1.68  0.4284   20.000         -9.10  0.2349   20.000         -9.10  0.2349   20.000
          0.9578        0.02  0.4300   20.000         -1.69  0.4284   20.000         -9.10  0.2349   20.000         -9.10  0.2349   20.000
          0.9583       -0.02  0.4300   20.000         -1.68  0.4284   20.000         -9.10  0.2349   20.000         -9.10  0.2349   20.000
          0.9589       -0.00  0.4300   20.000         -1.69  0.4284   20.000         -9.10  0.2349   20.000         -9.10  0.2349   20.000
          0.9594       -0.00  0.4300   20.000         -1.70  0.4284   20.000         -9.10  0.2349   20.000         -9.10  0.2349   20.000
          0.9600        0.02  0.4300   20.000         -1.71  0.4284   20.000         -9.10  0.2349   20.000         -9.10  0.2349   20.000
          0.9607       -0.02  0.4300   20.000         -1.70  0.4284   20.000         -9.10  0.2349   20.000         -9.10  0.2349   20.000
          0.9614       -0.03  0.4300   20.000         -1.69  0.4284   20.000         -9.10  0.2349   20.000         -9.10  0.2349   20.000
          0.9621       -0.02  0.4300   20.000         -1.69  0.4284   20.000         -9.10  0.2349   20.000         -9.10  0.2349   20.000
          0.9626        0.01  0.4300   20.000         -1.70  0.4284   20.000         -9.10  0.2349   20.000         -9.10  0.2349   20.000
          0.9633       -0.02  0.4300   20.000         -1.69  0.4284   20.000         -9.10  0.2349   20.000         -9.10  0.2349   20.000
          0.9639       -0.03  0.4300   20.000         -1.69  0.4284   20.000         -9.10  0.2349   20.000         -9.10  0.2349   20.000
          0.9646       -0.01  0.4300   20.000         -1.69  0.4284   20.000         -9.10  0.2349   20.000         -9.10  0.2349   20.000
          0.9650        0.01  0.4300   20.000         -1.70  0.4284   20.000         -9.10  0.2349   20.000         -9.10  0.2349   20.000
          0.9656       -0.01  0.4300   20.000         -1.69  0.4284   20.000         -9.10  0.2349   20.000         -9.10  0.2349   20.000
          0.9662       -0.02  0.4300   20.000         -1.70  0.4284   20.000         -9.10  0.2349   20.000         -9.10  0.2349   20.000
          0.9668       -0.01  0.4300   20.000         -1.71  0.4284   20.000         -9.10  0.2349   20.000         -9.10  0.2349   20.000
          0.9674       -0.01  0.4300   20.000         -1.71  0.4284   20.000         -9.10  0.2349   20.000         -9.10  0.2349   20.000
          0.9680        0.03  0.4300   20.000         -1.72  0.4284   20.000         -9.10  0.2349   20.000         -9.10  0.2349   20.000
          0.9688       -0.02  0.4300   20.000         -1.70  0.4284   20.000         -9.10  0.2349   20.000         -9.10  0.2349   20.000
          0.9695       -0.02  0.4300   20.000         -1.69  0.4284   20.000         -9.10  0.2349   20.000         -9.10  0.2349   20.000
          0.9701       -0.03  0.4300   20.000         -1.69  0.4284   20.000         -9.10  0.2349   20.000         -9.10  0.2349   20.000
          0.9706       -0.02  0.4300   20.000         -1.69  0.4284   20.000         -9.10  0.2349   20.000         -9.10  0.2349   20.000
          0.9712        0.06  0.4300   20.000         -1.70  0.4284   20.000         -9.10  0.2349   20.000         -9.10  0.2349   20.000
          0.9719       -0.02  0.4300   20.000         -1.68  0.4284   20.000         -9.10  0.2349   20.000         -9.10  0.2349   20.000
          0.9726       -0.03  0.4300   20.000         -1.68  0.4284   20.000         -9.10  0.2349   20.000         -9.10  0.2349   20.000
          0.9731       -0.01  0.4300   20.000         -1.68  0.4284   20.000         -9.10  0.2349   20.000         -9.10  0.2349   20.000
          0.9735        0.06  0.4300   20.000         -1.70  0.4284   20.000         -9.10  0.2349   20.000         -9.10  0.2349   20.000
          0.9742       -0.02  0.4300   20.000         -1.69  0.4284   20.000         -9.10  0.2349   20.000         -9.10  0.2349   20.000
          0.9748       -0.02  0.4300   20.000         -1.68  0.4284   20.000         -9.10  0.2349   20.000         -9.10  0.2349   20.000
          0.9753       -0.01  0.4300   20.000         -1.68  0.4284   20.000         -9.10  0.2349   20.000         -9.10  0.2349   20.000
          0.9757        0.04  0.4300   20.000         -1.69  0.4284   20.000         -9.10  0.2349   20.000         -9.10  0.2349   20.000
          0.9763       -0.02  0.4300   20.000         -1.68  0.4284   20.000         -9.10  0.2349   20.000         -9.10  0.2349   20.000
          0.9769       -0.00  0.4300   20.000         -1.69  0.4284   20.000         -9.10  0.2349   20.000         -9.10  0.2349   20.000
          0.9775       -0.00  0.4300   20.000         -1.70  0.4284   20.000         -9.10  0.2349   20.000         -9.10  0.2349   20.000
          0.9780        0.01  0.4300   20.000         -1.71  0.4284   20.000         -9.10  0.2349   20.000         -9.10  0.2349   20.000
          0.9788       -0.02  0.4300   20.000         -1.70  0.4284   20.000         -9.10  0.2349   20.000         -9.10  0.2349   20.000
          0.9795       -0.03  0.4300   20.000         -1.69  0.4284   20.000         -9.10  0.2349   20.000         -9.10  0.2349   20.000
          0.9803       -0.02  0.4300   20.000         -1.68  0.4284   20.000         -9.10  0.2349   20.000         -9.10  0.2349   20.000
          0.9808        0.02  0.4300   20.000         -1.70  0.4284   20.000         -9.10  0.2349   20.000         -9.10  0.2349   20.000
          0.9815       -0.02  0.4300   20.000         -1.69  0.4284   20.000         -9.10  0.2349   20.000         -9.10  0.2349   20.000
          0.9822       -0.03  0.4300   20.000         -1.68  0.4284   20.000         -9.10  0.2349   20.000         -9.10  0.2349   20.000
          0.9829       -0.02  0.4300   20.000         -1.68  0.4284   20.000         -9.10  0.2349   20.000         -9.10  0.2349   20.000
          0.9834        0.01  0.4300   20.000         -1.70  0.4284   20.000         -9.10  0.2349   20.000         -9.10  0.2349   20.000
          0.9840       -0.01  0.4300   20.000         -1.69  0.4284   20.000         -9.10  0.2349   20.000         -9.10  0.2349   20.000
          0.9846       -0.02  0.4300   20.000         -1.69  0.4284   20.000         -9.10  0.2349   20.000         -9.10  0.2349   20.000
          0.9852       -0.02  0.4300   20.000         -1.69  0.4284   20.000         -9.10  0.2349   20.000         -9.10  0.2349   20.000
          0.9857        0.02  0.4300   20.000         -1.70  0.4284   20.000         -9.10  0.2349   20.000         -9.10  0.2349   20.000
          0.9862       -0.01  0.4300   20.000         -1.69  0.4284   20.000         -9.10  0.2349   20.000         -9.10  0.2349   20.000
          0.9868       -0.02  0.4300   20.000         -1.69  0.4284   20.000         -9.10  0.2349   20.000         -9.10  0.2349   20.000
          0.9874       -0.02  0.4300   20.000         -1.69  0.4284   20.000         -9.10  0.2349   20.000         -9.10  0.2349   20.000
          0.9878        0.08  0.4300   20.000         -1.70  0.4284   20.000         -9.10  0.2349   20.000         -9.10  0.2349   20.000
          0.9883       -0.02  0.4300   20.000         -1.69  0.4284   20.000         -9.10  0.2349   20.000         -9.10  0.2349   20.000
          0.9888        0.00  0.4300   20.000         -1.70  0.4284   20.000         -9.10  0.2349   20.000         -9.10  0.2349   20.000
          0.9893        0.00  0.4300   20.000         -1.71  0.4284   20.000         -9.10  0.2349   20.000         -9.10  0.2349   20.000
          0.9899        0.09  0.4300   20.000         -1.73  0.4283   20.000         -9.10  0.2349   20.000         -9.10  0.2349   20.000
          0.9905       -0.03  0.4300   20.000         -1.71  0.4284   20.000         -9.10  0.2349   20.000         -9.10  0.2349   20.000
          0.9912       -0.01  0.4300   20.000         -1.70  0.4284   20.000         -9.10  0.2349   20.000         -9.10  0.2349   20.000
          0.9919       -0.02  0.4300   20.000         -1.71  0.4284   20.000         -9.10  0.2349   20.000         -9.10  0.2349   20.000
          0.9925       -0.03  0.4300   20.000         -1.70  0.4284   20.000         -9.10  0.2349   20.000         -9.10  0.2349   20.000
          0.9930       -0.03  0.4300   20.000         -1.70  0.4284   20.000         -9.10  0.2349   20.000         -9.10  0.2349   20.000
          0.9935       -0.01  0.4300   20.000         -1.69  0.4284   20.000         -9.10  0.2349   20.000         -9.10  0.2349   20.000
          0.9940        0.05  0.4300   20.000         -1.71  0.4284   20.000         -9.10  0.2349   20.000         -9.10  0.2349   20.000
          0.9946       -0.02  0.4300   20.000         -1.69  0.4284   20.000         -9.10  0.2349   20.000         -9.10  0.2349   20.000
          0.9952       -0.02  0.4300   20.000         -1.69  0.4284   20.000         -9.10  0.2349   20.000         -9.10  0.2349   20.000
          0.9956       -0.01  0.4300   20.000         -1.68  0.4284   20.000         -9.10  0.2349   20.000         -9.10  0.2349   20.000
          0.9960        0.01  0.4300   20.000         -1.69  0.4284   20.000         -9.10  0.2349   20.000         -9.10  0.2349   20.000
          0.9966       -0.02  0.4300   20.000         -1.68  0.4284   20.000         -9.10  0.2349   20.000         -9.10  0.2349   20.000
          0.9972       -0.02  0.4300   20.000         -1.68  0.4284   20.000         -9.10  0.2349   20.000         -9.10  0.2349   20.000
          0.9976       -0.01  0.4300   20.000         -1.68  0.4284   20.000         -9.10  0.2349   20.000         -9.10  0.2349   20.000
          0.9980        0.05  0.4300   20.000         -1.69  0.4284   20.000         -9.10  0.2349   20.000         -9.10  0.2349   20.000
          0.9985       -0.02  0.4300   20.000         -1.69  0.4284   20.000         -9.10  0.2349   20.000         -9.10  0.2349   20.000
          0.9990       -0.00  0.4300   20.000         -1.69  0.4284   20.000         -9.10  0.2349   20.000         -9.10  0.2349   20.000
          0.9995        0.00  0.4300   20.000         -1.70  0.4284   20.000         -9.10  0.2349   20.000         -9.10  0.2349   20.000
          1.0000        0.09  0.4300   20.000         -1.72  0.4284   20.000         -9.10  0.2349   20.000         -9.10  0.2349   20.000
end
