 ******* Program HYDRUS
 ******* Infiltration submergee, loam 0-30 cm sur sable 30-100 cm                
 Date:   0. 0.    Time: 512:**:**
 Units: L = cm   , T = days , M = g    


    TLevel      Time          dt      Iter    ItCum  KodT  KodB  Convergency

        1  0.1000000E-04  0.10000E-04    6        6     1    -5     T
        2  0.2000000E-04  0.10000E-04    5       11     1    -5     T
        3  0.3000000E-04  0.10000E-04    5       16     1    -5     T
        4  0.4000000E-04  0.10000E-04    5       21     1    -5     T
        5  0.5000000E-04  0.10000E-04    5       26     1    -5     T
        6  0.6000000E-04  0.10000E-04    4       30     1    -5     T
        7  0.7000000E-04  0.10000E-04    5       35     1    -5     T
        8  0.8000000E-04  0.10000E-04    2       37     1    -5     T
        9  0.9300000E-04  0.13000E-04    5       42     1    -5     T
       10  0.1060000E-03  0.13000E-04    4       46     1    -5     T
       11  0.1190000E-03  0.13000E-04    4       50     1    -5     T
       12  0.1320000E-03  0.13000E-04    4       54     1    -5     T
       13  0.1450000E-03  0.13000E-04    4       58     1    -5     T
       14  0.1580000E-03  0.13000E-04    2       60     1    -5     T
       15  0.1749000E-03  0.16900E-04    4       64     1    -5     T
       16  0.1918000E-03  0.16900E-04    4       68     1    -5     T
       17  0.2087000E-03  0.16900E-04    2       70     1    -5     T
       18  0.2306700E-03  0.21970E-04    4       74     1    -5     T
       19  0.2526400E-03  0.21970E-04    4       78     1    -5     T
       20  0.2746100E-03  0.21970E-04    2       80     1    -5     T
       21  0.3031710E-03  0.28561E-04    2       82     1    -5     T
       22  0.3403003E-03  0.37129E-04    4       86     1    -5     T
       23  0.3774295E-03  0.37129E-04    5       91     1    -5     T
       24  0.4145588E-03  0.37129E-04    4       95     1    -5     T
       25  0.4516881E-03  0.37129E-04    4       99     1    -5     T
       26  0.4888174E-03  0.37129E-04    4      103     1    -5     T
       27  0.5259467E-03  0.37129E-04    4      107     1    -5     T
       28  0.5630760E-03  0.37129E-04    3      110     1    -5     T
       29  0.6113441E-03  0.48268E-04    5      115     1    -5     T
       30  0.6596121E-03  0.48268E-04    3      118     1    -5     T
       31  0.7223606E-03  0.62748E-04    4      122     1    -5     T
       32  0.7851091E-03  0.62748E-04    5      127     1    -5     T
       33  0.8478576E-03  0.62748E-04    3      130     1    -5     T
       34  0.9294306E-03  0.81573E-04    5      135     1    -5     T
       35  0.1011004E-02  0.81573E-04    4      139     1    -5     T
       36  0.1092577E-02  0.81573E-04    5      144     1    -5     T
       37  0.1174150E-02  0.81573E-04    4      148     1    -5     T
       38  0.1255723E-02  0.81573E-04    2      150     1    -5     T
       39  0.1361768E-02  0.10604E-03    5      155     1    -5     T
       40  0.1467813E-02  0.10604E-03    4      159     1    -5     T
       41  0.1573858E-02  0.10604E-03    4      163     1    -5     T
       42  0.1679903E-02  0.10604E-03    4      167     1    -5     T
       43  0.1785948E-02  0.10604E-03    4      171     1    -5     T
       44  0.1891992E-02  0.10604E-03    4      175     1    -5     T
       45  0.1998037E-02  0.10604E-03    4      179     1    -5     T
       46  0.2104082E-02  0.10604E-03    5      184     1    -5     T
       47  0.2210127E-02  0.10604E-03    3      187     1    -5     T
       48  0.2347986E-02  0.13786E-03    4      191     1    -5     T
       49  0.2485844E-02  0.13786E-03    5      196     1    -5     T
       50  0.2623703E-02  0.13786E-03    3      199     1    -5     T
       51  0.2802919E-02  0.17922E-03    5      204     1    -5     T
       52  0.2982134E-02  0.17922E-03    5      209     1    -5     T
       53  0.3161350E-02  0.17922E-03    4      213     1    -5     T
       54  0.3340566E-02  0.17922E-03    5      218     1    -5     T
       55  0.3519782E-02  0.17922E-03    4      222     1    -5     T
       56  0.3698998E-02  0.17922E-03    4      226     1    -5     T
       57  0.3878214E-02  0.17922E-03    4      230     1    -5     T
       58  0.4057430E-02  0.17922E-03    4      234     1    -5     T
       59  0.4236646E-02  0.17922E-03    4      238     1    -5     T
       60  0.4415862E-02  0.17922E-03    4      242     1    -5     T
       61  0.4595078E-02  0.17922E-03    5      247     1    -5     T
       62  0.4774294E-02  0.17922E-03    2      249     1    -5     T
       63  0.5007275E-02  0.23298E-03    4      253     1    -5     T
       64  0.5240255E-02  0.23298E-03    5      258     1    -5     T
       65  0.5473236E-02  0.23298E-03    4      262     1    -5     T
       66  0.5706217E-02  0.23298E-03    4      266     1    -5     T
       67  0.5939197E-02  0.23298E-03    4      270     1    -5     T
       68  0.6172178E-02  0.23298E-03    3      273     1    -5     T
       69  0.6475053E-02  0.30287E-03    5      278     1    -5     T
       70  0.6777928E-02  0.30287E-03    4      282     1    -5     T
       71  0.7080803E-02  0.30287E-03    5      287     1    -5     T
       72  0.7383678E-02  0.30287E-03    5      292     1    -5     T
       73  0.7686553E-02  0.30287E-03    3      295     1    -5     T
       74  0.8080290E-02  0.39374E-03    5      300     1    -5     T
       75  0.8474028E-02  0.39374E-03    5      305     1    -5     T
       76  0.8867765E-02  0.39374E-03    5      310     1    -5     T
       77  0.9261502E-02  0.39374E-03    4      314     1    -5     T
       78  0.9655240E-02  0.39374E-03    5      319     1    -5     T
       79  0.1004898E-01  0.39374E-03    4      323     1    -5     T
       80  0.1044271E-01  0.39374E-03    5      328     1    -5     T
       81  0.1083645E-01  0.39374E-03    5      333     1    -5     T
       82  0.1123019E-01  0.39374E-03    4      337     1    -5     T
       83  0.1162393E-01  0.39374E-03    4      341     1    -5     T
       84  0.1201766E-01  0.39374E-03    4      345     1    -5     T
       85  0.1241140E-01  0.39374E-03    4      349     1    -5     T
       86  0.1280514E-01  0.39374E-03    4      353     1    -5     T
       87  0.1319888E-01  0.39374E-03    5      358     1    -5     T
       88  0.1359261E-01  0.39374E-03    4      362     1    -5     T
       89  0.1398635E-01  0.39374E-03    2      364     1    -5     T
       90  0.1449821E-01  0.51186E-03    5      369     1    -5     T
       91  0.1501007E-01  0.51186E-03    4      373     1    -5     T
       92  0.1552193E-01  0.51186E-03    5      378     1    -5     T
       93  0.1603378E-01  0.51186E-03    5      383     1    -5     T
       94  0.1654564E-01  0.51186E-03    4      387     1    -5     T
       95  0.1705750E-01  0.51186E-03    5      392     1    -5     T
       96  0.1756936E-01  0.51186E-03    4      396     1    -5     T
       97  0.1808122E-01  0.51186E-03    4      400     1    -5     T
       98  0.1859308E-01  0.51186E-03    5      405     1    -5     T
       99  0.1910494E-01  0.51186E-03    4      409     1    -5     T
      100  0.1961679E-01  0.51186E-03    5      414     1    -5     T
      101  0.2012865E-01  0.51186E-03    4      418     1    -5     T
      102  0.2064051E-01  0.51186E-03    4      422     1    -5     T
      103  0.2115237E-01  0.51186E-03    5      427     1    -5     T
      104  0.2166423E-01  0.51186E-03    3      430     1    -5     T
      105  0.2232965E-01  0.66542E-03    4      434     1    -5     T
      106  0.2299506E-01  0.66542E-03    5      439     1    -5     T
      107  0.2366048E-01  0.66542E-03    4      443     1    -5     T
      108  0.2432589E-01  0.66542E-03    5      448     1    -5     T
      109  0.2499131E-01  0.66542E-03    5      453     1    -5     T
      110  0.2565673E-01  0.66542E-03    5      458     1    -5     T
      111  0.2632214E-01  0.66542E-03    4      462     1    -5     T
      112  0.2698756E-01  0.66542E-03    5      467     1    -5     T
      113  0.2765297E-01  0.66542E-03    5      472     1    -5     T
      114  0.2831839E-01  0.66542E-03    3      475     1    -5     T
      115  0.2918343E-01  0.86504E-03    5      480     1    -5     T
      116  0.3004847E-01  0.86504E-03    5      485     1    -5     T
      117  0.3091351E-01  0.86504E-03    5      490     1    -5     T
      118  0.3177855E-01  0.86504E-03    5      495     1    -5     T
      119  0.3264359E-01  0.86504E-03    5      500     1    -5     T
      120  0.3350863E-01  0.86504E-03    4      504     1    -5     T
      121  0.3437368E-01  0.86504E-03    6      510     1    -5     T
      122  0.3523872E-01  0.86504E-03    4      514     1    -5     T
      123  0.3610376E-01  0.86504E-03    5      519     1    -5     T
      124  0.3696880E-01  0.86504E-03    5      524     1    -5     T
      125  0.3783384E-01  0.86504E-03    5      529     1    -5     T
      126  0.3869888E-01  0.86504E-03    5      534     1    -5     T
      127  0.3956392E-01  0.86504E-03    5      539     1    -5     T
      128  0.4042896E-01  0.86504E-03    4      543     1    -5     T
      129  0.4129400E-01  0.86504E-03    5      548     1    -5     T
      130  0.4216460E-01  0.87060E-03    5      553     1    -5     T
      131  0.4303520E-01  0.87060E-03    5      558     1    -5     T
      132  0.4390580E-01  0.87060E-03    4      562     1    -5     T
      133  0.4477640E-01  0.87060E-03    5      567     1    -5     T
      134  0.4564700E-01  0.87060E-03    3      570     1    -5     T
      135  0.4673525E-01  0.10882E-02    6      576     1    -5     T
      136  0.4782350E-01  0.10882E-02    5      581     1    -5     T
      137  0.4891175E-01  0.10882E-02    5      586     1    -5     T
      138  0.5000000E-01  0.10882E-02    5      591     1    -5     T
      139  0.5112455E-01  0.11246E-02    5      596     1    -5     T
      140  0.5224911E-01  0.11246E-02    5      601     1    -5     T
      141  0.5337366E-01  0.11246E-02    5      606     1    -5     T
      142  0.5449821E-01  0.11246E-02    5      611     1    -5     T
      143  0.5562277E-01  0.11246E-02    5      616     1    -5     T
      144  0.5674732E-01  0.11246E-02    5      621     1    -5     T
      145  0.5787187E-01  0.11246E-02    5      626     1    -5     T
      146  0.5899642E-01  0.11246E-02    5      631     1    -5     T
      147  0.6012098E-01  0.11246E-02    5      636     1    -5     T
      148  0.6124553E-01  0.11246E-02    5      641     1    -5     T
      149  0.6237008E-01  0.11246E-02    4      645     1    -5     T
      150  0.6349464E-01  0.11246E-02    6      651     1    -5     T
      151  0.6461919E-01  0.11246E-02    5      656     1    -5     T
      152  0.6574374E-01  0.11246E-02    5      661     1    -5     T
      153  0.6686830E-01  0.11246E-02    5      666     1    -5     T
      154  0.6799285E-01  0.11246E-02    4      670     1    -5     T
      155  0.6911740E-01  0.11246E-02    6      676     1    -5     T
      156  0.7024195E-01  0.11246E-02    4      680     1    -5     T
      157  0.7136651E-01  0.11246E-02    4      684     1    -5     T
      158  0.7249106E-01  0.11246E-02    5      689     1    -5     T
      159  0.7361561E-01  0.11246E-02    4      693     1    -5     T
      160  0.7474017E-01  0.11246E-02    5      698     1    -5     T
      161  0.7586472E-01  0.11246E-02    5      703     1    -5     T
      162  0.7698927E-01  0.11246E-02    4      707     1    -5     T
      163  0.7811383E-01  0.11246E-02    5      712     1    -5     T
      164  0.7923838E-01  0.11246E-02    3      715     1    -5     T
      165  0.8070030E-01  0.14619E-02    6      721     1    -5     T
      166  0.8216222E-01  0.14619E-02    5      726     1    -5     T
      167  0.8362414E-01  0.14619E-02    5      731     1    -5     T
      168  0.8508605E-01  0.14619E-02    5      736     1    -5     T
      169  0.8657745E-01  0.14914E-02    6      742     1    -5     T
      170  0.8806884E-01  0.14914E-02    5      747     1    -5     T
      171  0.8956024E-01  0.14914E-02    6      753     1    -5     T
      172  0.9105163E-01  0.14914E-02    5      758     1    -5     T
      173  0.9254303E-01  0.14914E-02    5      763     1    -5     T
      174  0.9403442E-01  0.14914E-02    5      768     1    -5     T
      175  0.9552582E-01  0.14914E-02    5      773     1    -5     T
      176  0.9701721E-01  0.14914E-02    6      779     1    -5     T
      177  0.9850861E-01  0.14914E-02    4      783     1    -5     T
      178  0.1000000E+00  0.14914E-02    6      789     1    -5     T
      179  0.1014619E+00  0.14619E-02    5      794     1    -5     T
      180  0.1029238E+00  0.14619E-02    5      799     1    -5     T
      181  0.1043858E+00  0.14619E-02    4      803     1    -5     T
      182  0.1058477E+00  0.14619E-02    6      809     1    -5     T
      183  0.1073096E+00  0.14619E-02    4      813     1    -5     T
      184  0.1087715E+00  0.14619E-02    6      819     1    -5     T
      185  0.1102334E+00  0.14619E-02    5      824     1    -5     T
      186  0.1116954E+00  0.14619E-02    5      829     1    -5     T
      187  0.1131573E+00  0.14619E-02    4      833     1    -5     T
      188  0.1146192E+00  0.14619E-02    6      839     1    -5     T
      189  0.1160811E+00  0.14619E-02    5      844     1    -5     T
      190  0.1175430E+00  0.14619E-02    5      849     1    -5     T
      191  0.1190049E+00  0.14619E-02    5      854     1    -5     T
      192  0.1204669E+00  0.14619E-02    5      859     1    -5     T
      193  0.1219288E+00  0.14619E-02    5      864     1    -5     T
      194  0.1233907E+00  0.14619E-02    4      868     1    -5     T
      195  0.1248526E+00  0.14619E-02    6      874     1    -5     T
      196  0.1263145E+00  0.14619E-02    4      878     1    -5     T
      197  0.1277765E+00  0.14619E-02    5      883     1    -5     T
      198  0.1292384E+00  0.14619E-02    7      890     1    -5     T
      199  0.1302617E+00  0.10233E-02    5      895     1    -5     T
      200  0.1312851E+00  0.10233E-02    4      899     1    -5     T
      201  0.1323084E+00  0.10233E-02    5      904     1    -5     T
      202  0.1333318E+00  0.10233E-02    5      909     1    -5     T
      203  0.1343551E+00  0.10233E-02    6      915     1    -5     T
      204  0.1353784E+00  0.10233E-02    5      920     1    -5     T
      205  0.1364018E+00  0.10233E-02    5      925     1    -5     T
      206  0.1374251E+00  0.10233E-02    6      931     1    -5     T
      207  0.1384485E+00  0.10233E-02    4      935     1    -5     T
      208  0.1394718E+00  0.10233E-02    4      939     1    -5     T
      209  0.1405246E+00  0.10528E-02    9      948     1    -5     T
      210  0.1412410E+00  0.71634E-03    3      951     1    -5     T
      211  0.1422142E+00  0.97323E-03    5      956     1    -5     T
      212  0.1431874E+00  0.97323E-03    5      961     1    -5     T
      213  0.1441606E+00  0.97323E-03    9      970     1    -5     T
      214  0.1448095E+00  0.64882E-03    5      975     1    -5     T
      215  0.1454583E+00  0.64882E-03    2      977     1    -5     T
      216  0.1463666E+00  0.90834E-03    6      983     1    -5     T
      217  0.1472750E+00  0.90834E-03    5      988     1    -5     T
      218  0.1481833E+00  0.90834E-03    5      993     1    -5     T
      219  0.1490917E+00  0.90834E-03    4      997     1    -5     T
      220  0.1500000E+00  0.90834E-03    9     1006     1    -5     T
      221  0.1505932E+00  0.59320E-03    2     1008     1    -5     T
      222  0.1513644E+00  0.77116E-03    6     1014     1    -5     T
      223  0.1521355E+00  0.77116E-03    4     1018     1    -5     T
      224  0.1529067E+00  0.77116E-03    6     1024     1    -5     T
      225  0.1536778E+00  0.77116E-03    5     1029     1    -5     T
      226  0.1544490E+00  0.77116E-03    3     1032     1    -5     T
      227  0.1554515E+00  0.10025E-02   10     1042     1    -5     T
      228  0.1561533E+00  0.70176E-03    5     1047     1    -5     T
      229  0.1568550E+00  0.70176E-03    2     1049     1    -5     T
      230  0.1577673E+00  0.91228E-03    8     1057     1    -5     T
      231  0.1584059E+00  0.63860E-03    5     1062     1    -5     T
      232  0.1590445E+00  0.63860E-03    4     1066     1    -5     T
      233  0.1596831E+00  0.63860E-03    3     1069     1    -5     T
      234  0.1605133E+00  0.83018E-03    6     1075     1    -5     T
      235  0.1613435E+00  0.83018E-03    5     1080     1    -5     T
      236  0.1621737E+00  0.83018E-03    9     1089     1    -5     T
      237  0.1627548E+00  0.58113E-03    6     1095     1    -5     T
      238  0.1633359E+00  0.58113E-03    2     1097     1    -5     T
      239  0.1640914E+00  0.75546E-03    3     1100     1    -5     T
      240  0.1644187E+00  0.32737E-03    5     1135     1    -5     T
      241  0.1647461E+00  0.32737E-03    2     1137     1    -5     T
      242  0.1651717E+00  0.42558E-03    2     1139     1    -5     T
      243  0.1657249E+00  0.55325E-03    4     1143     1    -5     T
      244  0.1662782E+00  0.55325E-03    2     1145     1    -5     T
      245  0.1669974E+00  0.71923E-03   10     1155     1    -5     T
      246  0.1675009E+00  0.50346E-03    2     1157     1    -5     T
      247  0.1681554E+00  0.65450E-03    8     1165     1    -5     T
      248  0.1686135E+00  0.45815E-03    5     1170     1    -5     T
      249  0.1690716E+00  0.45815E-03    2     1172     1    -5     T
      250  0.1696672E+00  0.59559E-03    8     1180     1    -5     T
      251  0.1700842E+00  0.41691E-03    5     1185     1    -5     T
      252  0.1705011E+00  0.41691E-03    2     1187     1    -5     T
      253  0.1710431E+00  0.54199E-03    5     1192     1    -5     T
      254  0.1715850E+00  0.54199E-03    4     1196     1    -5     T
      255  0.1721270E+00  0.54199E-03    4     1200     1    -5     T
      256  0.1726690E+00  0.54199E-03    2     1202     1    -5     T
      257  0.1733736E+00  0.70458E-03    2     1204     1    -5     T
      258  0.1742896E+00  0.91596E-03   10     1214     1    -5     T
      259  0.1749307E+00  0.64117E-03    5     1219     1    -5     T
      260  0.1755719E+00  0.64117E-03    5     1224     1    -5     T
      261  0.1762131E+00  0.64117E-03    3     1227     1    -5     T
      262  0.1770466E+00  0.83352E-03    7     1234     1    -5     T
      263  0.1776301E+00  0.58347E-03    5     1239     1    -5     T
      264  0.1782135E+00  0.58347E-03    4     1243     1    -5     T
      265  0.1787970E+00  0.58347E-03    6     1249     1    -5     T
      266  0.1793805E+00  0.58347E-03    2     1251     1    -5     T
      267  0.1801390E+00  0.75851E-03    3     1254     1    -5     T
      268  0.1804676E+00  0.32869E-03    5     1289     1    -5     T
      269  0.1807963E+00  0.32869E-03    2     1291     1    -5     T
      270  0.1812236E+00  0.42729E-03    3     1294     1    -5     T
      271  0.1817791E+00  0.55548E-03    5     1299     1    -5     T
      272  0.1823346E+00  0.55548E-03    2     1301     1    -5     T
      273  0.1830567E+00  0.72212E-03   10     1311     1    -5     T
      274  0.1835622E+00  0.50549E-03    5     1316     1    -5     T
      275  0.1840677E+00  0.50549E-03    2     1318     1    -5     T
      276  0.1847248E+00  0.65713E-03    8     1326     1    -5     T
      277  0.1851848E+00  0.45999E-03    5     1331     1    -5     T
      278  0.1856448E+00  0.45999E-03    4     1335     1    -5     T
      279  0.1861048E+00  0.45999E-03    5     1340     1    -5     T
      280  0.1865648E+00  0.45999E-03    2     1342     1    -5     T
      281  0.1871628E+00  0.59799E-03    8     1350     1    -5     T
      282  0.1875813E+00  0.41859E-03    5     1355     1    -5     T
      283  0.1879999E+00  0.41859E-03    2     1357     1    -5     T
      284  0.1885441E+00  0.54417E-03    3     1360     1    -5     T
      285  0.1892515E+00  0.70742E-03   10     1370     1    -5     T
      286  0.1897467E+00  0.49519E-03    5     1375     1    -5     T
      287  0.1902419E+00  0.49519E-03    2     1377     1    -5     T
      288  0.1908857E+00  0.64375E-03    5     1382     1    -5     T
      289  0.1915294E+00  0.64375E-03    4     1386     1    -5     T
      290  0.1921732E+00  0.64375E-03    2     1388     1    -5     T
      291  0.1930428E+00  0.86965E-03    6     1394     1    -5     T
      292  0.1939125E+00  0.86965E-03    9     1403     1    -5     T
      293  0.1945212E+00  0.60875E-03    5     1408     1    -5     T
      294  0.1951300E+00  0.60875E-03    5     1413     1    -5     T
      295  0.1957387E+00  0.60875E-03    4     1417     1    -5     T
      296  0.1963475E+00  0.60875E-03    6     1423     1    -5     T
      297  0.1969562E+00  0.60875E-03    4     1427     1    -5     T
      298  0.1975650E+00  0.60875E-03    6     1433     1    -5     T
      299  0.1981737E+00  0.60875E-03    5     1438     1    -5     T
      300  0.1987825E+00  0.60875E-03    2     1440     1    -5     T
      301  0.1993912E+00  0.60875E-03    2     1442     1    -5     T
      302  0.2000000E+00  0.60875E-03    5     1447     1    -5     T
      303  0.2007616E+00  0.76156E-03    5     1452     1    -5     T
      304  0.2015231E+00  0.76156E-03    5     1457     1    -5     T
      305  0.2022847E+00  0.76156E-03    5     1462     1    -5     T
      306  0.2030462E+00  0.76156E-03    5     1467     1    -5     T
      307  0.2038078E+00  0.76156E-03    5     1472     1    -5     T
      308  0.2045694E+00  0.76156E-03    5     1477     1    -5     T
      309  0.2053309E+00  0.76156E-03    5     1482     1    -5     T
      310  0.2060925E+00  0.76156E-03    5     1487     1    -5     T
      311  0.2068540E+00  0.76156E-03    5     1492     1    -5     T
      312  0.2076156E+00  0.76156E-03    5     1497     1    -5     T
      313  0.2083772E+00  0.76156E-03    5     1502     1    -5     T
      314  0.2091387E+00  0.76156E-03    5     1507     1    -5     T
      315  0.2099003E+00  0.76156E-03    5     1512     1    -5     T
      316  0.2106618E+00  0.76156E-03    5     1517     1    -5     T
      317  0.2114234E+00  0.76156E-03    5     1522     1    -5     T
      318  0.2121850E+00  0.76156E-03    5     1527     1    -5     T
      319  0.2129465E+00  0.76156E-03    5     1532     1    -5     T
      320  0.2137081E+00  0.76156E-03    5     1537     1    -5     T
      321  0.2144696E+00  0.76156E-03    4     1541     1    -5     T
      322  0.2152312E+00  0.76156E-03    6     1547     1    -5     T
      323  0.2159928E+00  0.76156E-03    5     1552     1    -5     T
      324  0.2167543E+00  0.76156E-03    4     1556     1    -5     T
      325  0.2175159E+00  0.76156E-03   10     1566     1    -5     T
      326  0.2180490E+00  0.53309E-03    5     1571     1    -5     T
      327  0.2185821E+00  0.53309E-03    2     1573     1    -5     T
      328  0.2192751E+00  0.69302E-03    7     1580     1    -5     T
      329  0.2197602E+00  0.48511E-03    4     1584     1    -5     T
      330  0.2202453E+00  0.48511E-03    6     1590     1    -5     T
      331  0.2207304E+00  0.48511E-03    2     1592     1    -5     T
      332  0.2213611E+00  0.63065E-03    7     1599     1    -5     T
      333  0.2218025E+00  0.44145E-03    4     1603     1    -5     T
      334  0.2222440E+00  0.44145E-03    5     1608     1    -5     T
      335  0.2226854E+00  0.44145E-03    4     1612     1    -5     T
      336  0.2231269E+00  0.44145E-03    2     1614     1    -5     T
      337  0.2237008E+00  0.57389E-03    8     1622     1    -5     T
      338  0.2241025E+00  0.40172E-03    9     1631     1    -5     T
      339  0.2243837E+00  0.28121E-03    4     1635     1    -5     T
      340  0.2246649E+00  0.28121E-03    2     1637     1    -5     T
      341  0.2250305E+00  0.36557E-03    3     1640     1    -5     T
      342  0.2255057E+00  0.47524E-03    6     1646     1    -5     T
      343  0.2259810E+00  0.47524E-03    4     1650     1    -5     T
      344  0.2264562E+00  0.47524E-03    9     1659     1    -5     T
      345  0.2267889E+00  0.33267E-03    5     1664     1    -5     T
      346  0.2271215E+00  0.33267E-03    2     1666     1    -5     T
      347  0.2275540E+00  0.43247E-03    3     1669     1    -5     T
      348  0.2281162E+00  0.56221E-03    5     1674     1    -5     T
      349  0.2286784E+00  0.56221E-03    5     1679     1    -5     T
      350  0.2292406E+00  0.56221E-03    4     1683     1    -5     T
      351  0.2298028E+00  0.56221E-03    6     1689     1    -5     T
      352  0.2303650E+00  0.56221E-03    4     1693     1    -5     T
      353  0.2309272E+00  0.56221E-03    5     1698     1    -5     T
      354  0.2314894E+00  0.56221E-03    5     1703     1    -5     T
      355  0.2320516E+00  0.56221E-03    5     1708     1    -5     T
      356  0.2326138E+00  0.56221E-03    4     1712     1    -5     T
      357  0.2331761E+00  0.56221E-03    4     1716     1    -5     T
      358  0.2337383E+00  0.56221E-03   10     1726     1    -5     T
      359  0.2341318E+00  0.39354E-03    3     1729     1    -5     T
      360  0.2346434E+00  0.51161E-03    6     1735     1    -5     T
      361  0.2351550E+00  0.51161E-03    5     1740     1    -5     T
      362  0.2356666E+00  0.51161E-03    5     1745     1    -5     T
      363  0.2361782E+00  0.51161E-03    8     1753     1    -5     T
      364  0.2365364E+00  0.35813E-03    2     1755     1    -5     T
      365  0.2370019E+00  0.46556E-03    4     1759     1    -5     T
      366  0.2374675E+00  0.46556E-03    4     1763     1    -5     T
      367  0.2379330E+00  0.46556E-03    2     1765     1    -5     T
      368  0.2385383E+00  0.60523E-03    6     1771     1    -5     T
      369  0.2391435E+00  0.60523E-03    5     1776     1    -5     T
      370  0.2397487E+00  0.60523E-03    9     1785     1    -5     T
      371  0.2401724E+00  0.42366E-03    5     1790     1    -5     T
      372  0.2405961E+00  0.42366E-03    2     1792     1    -5     T
      373  0.2411468E+00  0.55076E-03    6     1798     1    -5     T
      374  0.2416976E+00  0.55076E-03    5     1803     1    -5     T
      375  0.2422483E+00  0.55076E-03    8     1811     1    -5     T
      376  0.2426339E+00  0.38553E-03   10     1821     1    -5     T
      377  0.2429038E+00  0.26987E-03    3     1824     1    -5     T
      378  0.2432546E+00  0.35083E-03    6     1830     1    -5     T
      379  0.2436054E+00  0.35083E-03    4     1834     1    -5     T
      380  0.2439563E+00  0.35083E-03    2     1836     1    -5     T
      381  0.2444123E+00  0.45609E-03    8     1844     1    -5     T
      382  0.2447316E+00  0.31926E-03    2     1846     1    -5     T
      383  0.2451466E+00  0.41504E-03    6     1852     1    -5     T
      384  0.2455617E+00  0.41504E-03    9     1861     1    -5     T
      385  0.2458522E+00  0.29053E-03    4     1865     1    -5     T
      386  0.2461427E+00  0.29053E-03    6     1871     1    -5     T
      387  0.2464333E+00  0.29053E-03    2     1873     1    -5     T
      388  0.2468296E+00  0.39630E-03    2     1875     1    -5     T
      389  0.2473580E+00  0.52841E-03    5     1880     1    -5     T
      390  0.2478864E+00  0.52841E-03    3     1883     1    -5     T
      391  0.2485909E+00  0.70454E-03   11     1894     1    -5     T
      392  0.2490606E+00  0.46969E-03    4     1898     1    -5     T
      393  0.2495303E+00  0.46969E-03   10     1908     1    -5     T
      394  0.2497652E+00  0.23485E-03    4     1912     1    -5     T
      395  0.2500000E+00  0.23485E-03    4     1916     1    -5     T
      396  0.2503128E+00  0.31276E-03    6     1922     1    -5     T
      397  0.2506255E+00  0.31276E-03    3     1925     1    -5     T
      398  0.2510321E+00  0.40659E-03    6     1931     1    -5     T
      399  0.2514387E+00  0.40659E-03    5     1936     1    -5     T
      400  0.2518453E+00  0.40659E-03    4     1940     1    -5     T
      401  0.2522519E+00  0.40659E-03    5     1945     1    -5     T
      402  0.2526585E+00  0.40659E-03    6     1951     1    -5     T
      403  0.2530650E+00  0.40659E-03    6     1957     1    -5     T
      404  0.2534716E+00  0.40659E-03    5     1962     1    -5     T
      405  0.2538782E+00  0.40659E-03    4     1966     1    -5     T
      406  0.2542848E+00  0.40659E-03    3     1969     1    -5     T
      407  0.2548134E+00  0.52856E-03    6     1975     1    -5     T
      408  0.2553419E+00  0.52856E-03    5     1980     1    -5     T
      409  0.2558705E+00  0.52856E-03    4     1984     1    -5     T
      410  0.2563991E+00  0.52856E-03   10     1994     1    -5     T
      411  0.2567691E+00  0.37000E-03    5     1999     1    -5     T
      412  0.2571391E+00  0.37000E-03    3     2002     1    -5     T
      413  0.2576201E+00  0.48099E-03    6     2008     1    -5     T
      414  0.2581010E+00  0.48099E-03    4     2012     1    -5     T
      415  0.2585820E+00  0.48099E-03    5     2017     1    -5     T
      416  0.2590630E+00  0.48099E-03    5     2022     1    -5     T
      417  0.2595440E+00  0.48099E-03    7     2029     1    -5     T
      418  0.2598807E+00  0.33670E-03    6     2035     1    -5     T
      419  0.2602174E+00  0.33670E-03    4     2039     1    -5     T
      420  0.2605541E+00  0.33670E-03    4     2043     1    -5     T
      421  0.2608908E+00  0.33670E-03    6     2049     1    -5     T
      422  0.2612275E+00  0.33670E-03    4     2053     1    -5     T
      423  0.2615642E+00  0.33670E-03    5     2058     1    -5     T
      424  0.2619009E+00  0.33670E-03    5     2063     1    -5     T
      425  0.2622376E+00  0.33670E-03    2     2065     1    -5     T
      426  0.2626753E+00  0.43770E-03    6     2071     1    -5     T
      427  0.2631130E+00  0.43770E-03    5     2076     1    -5     T
      428  0.2635507E+00  0.43770E-03    4     2080     1    -5     T
      429  0.2639884E+00  0.43770E-03    3     2083     1    -5     T
      430  0.2645574E+00  0.56902E-03    6     2089     1    -5     T
      431  0.2651264E+00  0.56902E-03    4     2093     1    -5     T
      432  0.2656955E+00  0.56902E-03   10     2103     1    -5     T
      433  0.2660938E+00  0.39831E-03    5     2108     1    -5     T
      434  0.2664921E+00  0.39831E-03    4     2112     1    -5     T
      435  0.2668904E+00  0.39831E-03    4     2116     1    -5     T
      436  0.2672887E+00  0.39831E-03    6     2122     1    -5     T
      437  0.2676870E+00  0.39831E-03    4     2126     1    -5     T
      438  0.2680853E+00  0.39831E-03    6     2132     1    -5     T
      439  0.2684836E+00  0.39831E-03    5     2137     1    -5     T
      440  0.2688819E+00  0.39831E-03    4     2141     1    -5     T
      441  0.2692803E+00  0.39831E-03    2     2143     1    -5     T
      442  0.2697981E+00  0.51780E-03    6     2149     1    -5     T
      443  0.2703159E+00  0.51780E-03    4     2153     1    -5     T
      444  0.2708337E+00  0.51780E-03   10     2163     1    -5     T
      445  0.2711961E+00  0.36246E-03    2     2165     1    -5     T
      446  0.2716673E+00  0.47120E-03    7     2172     1    -5     T
      447  0.2719972E+00  0.32984E-03    2     2174     1    -5     T
      448  0.2724260E+00  0.42879E-03    6     2180     1    -5     T
      449  0.2728548E+00  0.42879E-03    5     2185     1    -5     T
      450  0.2732836E+00  0.42879E-03    4     2189     1    -5     T
      451  0.2737123E+00  0.42879E-03    3     2192     1    -5     T
      452  0.2742698E+00  0.55743E-03    6     2198     1    -5     T
      453  0.2748272E+00  0.55743E-03    4     2202     1    -5     T
      454  0.2753846E+00  0.55743E-03   10     2212     1    -5     T
      455  0.2757748E+00  0.39020E-03    5     2217     1    -5     T
      456  0.2761650E+00  0.39020E-03    4     2221     1    -5     T
      457  0.2765553E+00  0.39020E-03    2     2223     1    -5     T
      458  0.2770625E+00  0.50726E-03    6     2229     1    -5     T
      459  0.2775698E+00  0.50726E-03    4     2233     1    -5     T
      460  0.2780770E+00  0.50726E-03    5     2238     1    -5     T
      461  0.2785843E+00  0.50726E-03    5     2243     1    -5     T
      462  0.2790916E+00  0.50726E-03    3     2246     1    -5     T
      463  0.2797510E+00  0.65944E-03    6     2252     1    -5     T
      464  0.2804104E+00  0.65944E-03    9     2261     1    -5     T
      465  0.2808721E+00  0.46161E-03    5     2266     1    -5     T
      466  0.2813337E+00  0.46161E-03    4     2270     1    -5     T
      467  0.2817953E+00  0.46161E-03    4     2274     1    -5     T
      468  0.2822569E+00  0.46161E-03    6     2280     1    -5     T
      469  0.2827185E+00  0.46161E-03    5     2285     1    -5     T
      470  0.2831801E+00  0.46161E-03    4     2289     1    -5     T
      471  0.2836417E+00  0.46161E-03    2     2291     1    -5     T
      472  0.2842418E+00  0.60009E-03    6     2297     1    -5     T
      473  0.2848419E+00  0.60009E-03    5     2302     1    -5     T
      474  0.2854420E+00  0.60009E-03    3     2305     1    -5     T
      475  0.2862221E+00  0.78012E-03    6     2311     1    -5     T
      476  0.2870022E+00  0.78012E-03    9     2320     1    -5     T
      477  0.2875483E+00  0.54608E-03    9     2329     1    -5     T
      478  0.2879306E+00  0.38226E-03    5     2334     1    -5     T
      479  0.2883128E+00  0.38226E-03    5     2339     1    -5     T
      480  0.2886951E+00  0.38226E-03    2     2341     1    -5     T
      481  0.2891920E+00  0.49694E-03    5     2346     1    -5     T
      482  0.2896890E+00  0.49694E-03    6     2352     1    -5     T
      483  0.2901859E+00  0.49694E-03    7     2359     1    -5     T
      484  0.2905337E+00  0.34786E-03    6     2365     1    -5     T
      485  0.2908816E+00  0.34786E-03    2     2367     1    -5     T
      486  0.2913338E+00  0.45221E-03    5     2372     1    -5     T
      487  0.2917860E+00  0.45221E-03    6     2378     1    -5     T
      488  0.2922382E+00  0.45221E-03    3     2381     1    -5     T
      489  0.2928261E+00  0.58788E-03    6     2387     1    -5     T
      490  0.2934140E+00  0.58788E-03    4     2391     1    -5     T
      491  0.2940019E+00  0.58788E-03   10     2401     1    -5     T
      492  0.2944134E+00  0.41151E-03    4     2405     1    -5     T
      493  0.2948249E+00  0.41151E-03    9     2414     1    -5     T
      494  0.2951129E+00  0.28806E-03    4     2418     1    -5     T
      495  0.2954010E+00  0.28806E-03    6     2424     1    -5     T
      496  0.2956891E+00  0.28806E-03    2     2426     1    -5     T
      497  0.2960635E+00  0.37448E-03    2     2428     1    -5     T
      498  0.2965556E+00  0.49206E-03    5     2433     1    -5     T
      499  0.2970477E+00  0.49206E-03    5     2438     1    -5     T
      500  0.2975397E+00  0.49206E-03    5     2443     1    -5     T
      501  0.2980318E+00  0.49206E-03    4     2447     1    -5     T
      502  0.2985238E+00  0.49206E-03    2     2449     1    -5     T
      503  0.2992619E+00  0.73809E-03    6     2455     1    -5     T
      504  0.3000000E+00  0.73809E-03    9     2464     1    -5     T
      505  0.3004430E+00  0.44301E-03    5     2469     1    -5     T
      506  0.3008860E+00  0.44301E-03    3     2472     1    -5     T
      507  0.3014619E+00  0.57591E-03    6     2478     1    -5     T
      508  0.3020378E+00  0.57591E-03    9     2487     1    -5     T
      509  0.3024410E+00  0.40314E-03    5     2492     1    -5     T
      510  0.3028441E+00  0.40314E-03    3     2495     1    -5     T
      511  0.3033682E+00  0.52408E-03    4     2499     1    -5     T
      512  0.3038922E+00  0.52408E-03    4     2503     1    -5     T
      513  0.3044163E+00  0.52408E-03   10     2513     1    -5     T
      514  0.3047832E+00  0.36685E-03    5     2518     1    -5     T
      515  0.3051500E+00  0.36685E-03    2     2520     1    -5     T
      516  0.3056269E+00  0.47691E-03    6     2526     1    -5     T
      517  0.3061038E+00  0.47691E-03    5     2531     1    -5     T
      518  0.3065808E+00  0.47691E-03    4     2535     1    -5     T
      519  0.3070577E+00  0.47691E-03    3     2538     1    -5     T
      520  0.3076776E+00  0.61998E-03    6     2544     1    -5     T
      521  0.3082976E+00  0.61998E-03    4     2548     1    -5     T
      522  0.3089176E+00  0.61998E-03   10     2558     1    -5     T
      523  0.3093516E+00  0.43399E-03    4     2562     1    -5     T
      524  0.3097856E+00  0.43399E-03    5     2567     1    -5     T
      525  0.3102196E+00  0.43399E-03    5     2572     1    -5     T
      526  0.3106536E+00  0.43399E-03    4     2576     1    -5     T
      527  0.3110875E+00  0.43399E-03    2     2578     1    -5     T
      528  0.3116517E+00  0.56418E-03    6     2584     1    -5     T
      529  0.3122159E+00  0.56418E-03    5     2589     1    -5     T
      530  0.3127801E+00  0.56418E-03    8     2597     1    -5     T
      531  0.3131750E+00  0.39493E-03    5     2602     1    -5     T
      532  0.3135699E+00  0.39493E-03    5     2607     1    -5     T
      533  0.3139649E+00  0.39493E-03    4     2611     1    -5     T
      534  0.3143598E+00  0.39493E-03    2     2613     1    -5     T
      535  0.3148732E+00  0.51341E-03    6     2619     1    -5     T
      536  0.3153866E+00  0.51341E-03    5     2624     1    -5     T
      537  0.3159000E+00  0.51341E-03    4     2628     1    -5     T
      538  0.3164134E+00  0.51341E-03    9     2637     1    -5     T
      539  0.3167728E+00  0.35938E-03    5     2642     1    -5     T
      540  0.3171322E+00  0.35938E-03    5     2647     1    -5     T
      541  0.3174916E+00  0.35938E-03    2     2649     1    -5     T
      542  0.3179588E+00  0.46720E-03    7     2656     1    -5     T
      543  0.3182858E+00  0.32704E-03    2     2658     1    -5     T
      544  0.3187110E+00  0.42515E-03    2     2660     1    -5     T
      545  0.3192637E+00  0.55270E-03    8     2668     1    -5     T
      546  0.3196506E+00  0.38689E-03   10     2678     1    -5     T
      547  0.3199214E+00  0.27082E-03    4     2682     1    -5     T
      548  0.3201922E+00  0.27082E-03    6     2688     1    -5     T
      549  0.3204630E+00  0.27082E-03    2     2690     1    -5     T
      550  0.3208151E+00  0.35207E-03    2     2692     1    -5     T
      551  0.3212728E+00  0.45769E-03    4     2696     1    -5     T
      552  0.3217305E+00  0.45769E-03   10     2706     1    -5     T
      553  0.3220509E+00  0.32038E-03    3     2709     1    -5     T
      554  0.3224674E+00  0.41650E-03    6     2715     1    -5     T
      555  0.3228839E+00  0.41650E-03    5     2720     1    -5     T
      556  0.3233003E+00  0.41650E-03    4     2724     1    -5     T
      557  0.3237168E+00  0.41650E-03    4     2728     1    -5     T
      558  0.3241333E+00  0.41650E-03   10     2738     1    -5     T
      559  0.3244249E+00  0.29155E-03    3     2741     1    -5     T
      560  0.3248039E+00  0.37901E-03    6     2747     1    -5     T
      561  0.3251829E+00  0.37901E-03    3     2750     1    -5     T
      562  0.3256756E+00  0.49272E-03    6     2756     1    -5     T
      563  0.3261683E+00  0.49272E-03    5     2761     1    -5     T
      564  0.3266611E+00  0.49272E-03    4     2765     1    -5     T
      565  0.3271538E+00  0.49272E-03    9     2774     1    -5     T
      566  0.3274987E+00  0.34490E-03    4     2778     1    -5     T
      567  0.3278436E+00  0.34490E-03    2     2780     1    -5     T
      568  0.3282920E+00  0.44837E-03    6     2786     1    -5     T
      569  0.3287403E+00  0.44837E-03    5     2791     1    -5     T
      570  0.3291887E+00  0.44837E-03    5     2796     1    -5     T
      571  0.3296371E+00  0.44837E-03    6     2802     1    -5     T
      572  0.3300854E+00  0.44837E-03    6     2808     1    -5     T
      573  0.3305338E+00  0.44837E-03    4     2812     1    -5     T
      574  0.3309822E+00  0.44837E-03    5     2817     1    -5     T
      575  0.3314305E+00  0.44837E-03    5     2822     1    -5     T
      576  0.3318789E+00  0.44837E-03    4     2826     1    -5     T
      577  0.3323273E+00  0.44837E-03    5     2831     1    -5     T
      578  0.3327757E+00  0.44837E-03    4     2835     1    -5     T
      579  0.3332240E+00  0.44837E-03    4     2839     1    -5     T
      580  0.3336724E+00  0.44837E-03    2     2841     1    -5     T
      581  0.3342553E+00  0.58288E-03    6     2847     1    -5     T
      582  0.3348382E+00  0.58288E-03    9     2856     1    -5     T
      583  0.3352462E+00  0.40802E-03    5     2861     1    -5     T
      584  0.3356542E+00  0.40802E-03    5     2866     1    -5     T
      585  0.3360622E+00  0.40802E-03    3     2869     1    -5     T
      586  0.3365926E+00  0.53042E-03    6     2875     1    -5     T
      587  0.3371231E+00  0.53042E-03    5     2880     1    -5     T
      588  0.3376535E+00  0.53042E-03    4     2884     1    -5     T
      589  0.3381839E+00  0.53042E-03    4     2888     1    -5     T
      590  0.3387143E+00  0.53042E-03   10     2898     1    -5     T
      591  0.3390856E+00  0.37130E-03    5     2903     1    -5     T
      592  0.3394569E+00  0.37130E-03    3     2906     1    -5     T
      593  0.3399396E+00  0.48269E-03    6     2912     1    -5     T
      594  0.3404223E+00  0.48269E-03    4     2916     1    -5     T
      595  0.3409050E+00  0.48269E-03    5     2921     1    -5     T
      596  0.3413877E+00  0.48269E-03    5     2926     1    -5     T
      597  0.3418704E+00  0.48269E-03    4     2930     1    -5     T
      598  0.3423530E+00  0.48269E-03    5     2935     1    -5     T
      599  0.3428357E+00  0.48269E-03    4     2939     1    -5     T
      600  0.3433184E+00  0.48269E-03    6     2945     1    -5     T
      601  0.3438011E+00  0.48269E-03    5     2950     1    -5     T
      602  0.3442838E+00  0.48269E-03    7     2957     1    -5     T
      603  0.3446217E+00  0.33788E-03    6     2963     1    -5     T
      604  0.3449595E+00  0.33788E-03    3     2966     1    -5     T
      605  0.3453988E+00  0.43924E-03    6     2972     1    -5     T
      606  0.3458589E+00  0.46012E-03    5     2977     1    -5     T
      607  0.3463190E+00  0.46012E-03    4     2981     1    -5     T
      608  0.3467792E+00  0.46012E-03    5     2986     1    -5     T
      609  0.3472393E+00  0.46012E-03    6     2992     1    -5     T
      610  0.3476994E+00  0.46012E-03    6     2998     1    -5     T
      611  0.3481595E+00  0.46012E-03    5     3003     1    -5     T
      612  0.3486196E+00  0.46012E-03    4     3007     1    -5     T
      613  0.3490798E+00  0.46012E-03    3     3010     1    -5     T
      614  0.3495399E+00  0.46012E-03    6     3016     1    -5     T
      615  0.3500000E+00  0.46012E-03    9     3025     1    -5     T
      616  0.3503997E+00  0.39971E-03    5     3030     1    -5     T
      617  0.3507994E+00  0.39971E-03    5     3035     1    -5     T
      618  0.3511991E+00  0.39971E-03    3     3038     1    -5     T
      619  0.3517188E+00  0.51962E-03    6     3044     1    -5     T
      620  0.3522384E+00  0.51962E-03    5     3049     1    -5     T
      621  0.3527580E+00  0.51962E-03    4     3053     1    -5     T
      622  0.3532776E+00  0.51962E-03    4     3057     1    -5     T
      623  0.3537973E+00  0.51962E-03   10     3067     1    -5     T
      624  0.3541610E+00  0.36374E-03    5     3072     1    -5     T
      625  0.3545247E+00  0.36374E-03    4     3076     1    -5     T
      626  0.3548885E+00  0.36374E-03    5     3081     1    -5     T
      627  0.3552522E+00  0.36374E-03    2     3083     1    -5     T
      628  0.3557251E+00  0.47286E-03    6     3089     1    -5     T
      629  0.3561979E+00  0.47286E-03    9     3098     1    -5     T
      630  0.3565289E+00  0.33100E-03    4     3102     1    -5     T
      631  0.3568599E+00  0.33100E-03    6     3108     1    -5     T
      632  0.3571909E+00  0.33100E-03    4     3112     1    -5     T
      633  0.3575219E+00  0.33100E-03    5     3117     1    -5     T
      634  0.3578529E+00  0.33100E-03    5     3122     1    -5     T
      635  0.3581839E+00  0.33100E-03    2     3124     1    -5     T
      636  0.3586142E+00  0.43030E-03    6     3130     1    -5     T
      637  0.3590445E+00  0.43030E-03    5     3135     1    -5     T
      638  0.3594748E+00  0.43030E-03    4     3139     1    -5     T
      639  0.3599051E+00  0.43030E-03    3     3142     1    -5     T
      640  0.3604645E+00  0.55939E-03    6     3148     1    -5     T
      641  0.3610239E+00  0.55939E-03    4     3152     1    -5     T
      642  0.3615833E+00  0.55939E-03    9     3161     1    -5     T
      643  0.3619749E+00  0.39157E-03    5     3166     1    -5     T
      644  0.3623665E+00  0.39157E-03    5     3171     1    -5     T
      645  0.3627580E+00  0.39157E-03    4     3175     1    -5     T
      646  0.3631496E+00  0.39157E-03    4     3179     1    -5     T
      647  0.3635412E+00  0.39157E-03    6     3185     1    -5     T
      648  0.3639328E+00  0.39157E-03    3     3188     1    -5     T
      649  0.3644418E+00  0.50905E-03    6     3194     1    -5     T
      650  0.3649509E+00  0.50905E-03    5     3199     1    -5     T
      651  0.3654599E+00  0.50905E-03    6     3205     1    -5     T
      652  0.3659689E+00  0.50905E-03    6     3211     1    -5     T
      653  0.3664780E+00  0.50905E-03    5     3216     1    -5     T
      654  0.3669870E+00  0.50905E-03    9     3225     1    -5     T
      655  0.3673434E+00  0.35633E-03    3     3228     1    -5     T
      656  0.3678066E+00  0.46323E-03    6     3234     1    -5     T
      657  0.3682698E+00  0.46323E-03    4     3238     1    -5     T
      658  0.3687331E+00  0.46323E-03    5     3243     1    -5     T
      659  0.3691963E+00  0.46323E-03    7     3250     1    -5     T
      660  0.3695206E+00  0.32426E-03    6     3256     1    -5     T
      661  0.3698448E+00  0.32426E-03    4     3260     1    -5     T
      662  0.3701691E+00  0.32426E-03    5     3265     1    -5     T
      663  0.3704933E+00  0.32426E-03    5     3270     1    -5     T
      664  0.3708176E+00  0.32426E-03    2     3272     1    -5     T
      665  0.3712392E+00  0.42154E-03    6     3278     1    -5     T
      666  0.3716607E+00  0.42154E-03    5     3283     1    -5     T
      667  0.3720822E+00  0.42154E-03    4     3287     1    -5     T
      668  0.3725038E+00  0.42154E-03    5     3292     1    -5     T
      669  0.3729253E+00  0.42154E-03    4     3296     1    -5     T
      670  0.3733469E+00  0.42154E-03    2     3298     1    -5     T
      671  0.3738949E+00  0.54800E-03    6     3304     1    -5     T
      672  0.3744429E+00  0.54800E-03    4     3308     1    -5     T
      673  0.3749909E+00  0.54800E-03   10     3318     1    -5     T
      674  0.3753745E+00  0.38360E-03    2     3320     1    -5     T
      675  0.3758732E+00  0.49868E-03    6     3326     1    -5     T
      676  0.3763718E+00  0.49868E-03    5     3331     1    -5     T
      677  0.3768705E+00  0.49868E-03    7     3338     1    -5     T
      678  0.3772196E+00  0.34908E-03    6     3344     1    -5     T
      679  0.3775687E+00  0.34908E-03    5     3349     1    -5     T
      680  0.3779178E+00  0.34908E-03    4     3353     1    -5     T
      681  0.3782668E+00  0.34908E-03    4     3357     1    -5     T
      682  0.3786159E+00  0.34908E-03    6     3363     1    -5     T
      683  0.3789650E+00  0.34908E-03    3     3366     1    -5     T
      684  0.3794188E+00  0.45380E-03    6     3372     1    -5     T
      685  0.3798726E+00  0.45380E-03    5     3377     1    -5     T
      686  0.3803264E+00  0.45380E-03    6     3383     1    -5     T
      687  0.3807802E+00  0.45380E-03    6     3389     1    -5     T
      688  0.3812340E+00  0.45380E-03    5     3394     1    -5     T
      689  0.3816878E+00  0.45380E-03    3     3397     1    -5     T
      690  0.3822777E+00  0.58994E-03    6     3403     1    -5     T
      691  0.3828677E+00  0.58994E-03    4     3407     1    -5     T
      692  0.3834576E+00  0.58994E-03    9     3416     1    -5     T
      693  0.3838706E+00  0.41296E-03    5     3421     1    -5     T
      694  0.3842835E+00  0.41296E-03    5     3426     1    -5     T
      695  0.3846965E+00  0.41296E-03    4     3430     1    -5     T
      696  0.3851095E+00  0.41296E-03    6     3436     1    -5     T
      697  0.3855224E+00  0.41296E-03    6     3442     1    -5     T
      698  0.3859354E+00  0.41296E-03    5     3447     1    -5     T
      699  0.3863483E+00  0.41296E-03    2     3449     1    -5     T
      700  0.3868852E+00  0.53685E-03    6     3455     1    -5     T
      701  0.3874220E+00  0.53685E-03    5     3460     1    -5     T
      702  0.3879589E+00  0.53685E-03    7     3467     1    -5     T
      703  0.3883347E+00  0.37579E-03    6     3473     1    -5     T
      704  0.3887105E+00  0.37579E-03    2     3475     1    -5     T
      705  0.3891990E+00  0.48853E-03    6     3481     1    -5     T
      706  0.3896875E+00  0.48853E-03    5     3486     1    -5     T
      707  0.3901761E+00  0.48853E-03    3     3489     1    -5     T
      708  0.3908112E+00  0.63509E-03    6     3495     1    -5     T
      709  0.3914462E+00  0.63509E-03    9     3504     1    -5     T
      710  0.3918908E+00  0.44456E-03    5     3509     1    -5     T
      711  0.3923354E+00  0.44456E-03    4     3513     1    -5     T
      712  0.3927799E+00  0.44456E-03    5     3518     1    -5     T
      713  0.3932245E+00  0.44456E-03    6     3524     1    -5     T
      714  0.3936691E+00  0.44456E-03    4     3528     1    -5     T
      715  0.3941136E+00  0.44456E-03    5     3533     1    -5     T
      716  0.3945582E+00  0.44456E-03    5     3538     1    -5     T
      717  0.3950028E+00  0.44456E-03    4     3542     1    -5     T
      718  0.3954473E+00  0.44456E-03    6     3548     1    -5     T
      719  0.3959026E+00  0.45527E-03    6     3554     1    -5     T
      720  0.3963579E+00  0.45527E-03    5     3559     1    -5     T
      721  0.3968131E+00  0.45527E-03    3     3562     1    -5     T
      722  0.3973443E+00  0.53115E-03    6     3568     1    -5     T
      723  0.3978754E+00  0.53115E-03    5     3573     1    -5     T
      724  0.3984066E+00  0.53115E-03    4     3577     1    -5     T
      725  0.3989377E+00  0.53115E-03    3     3580     1    -5     T
      726  0.4000000E+00  0.10623E-02    6     3586     1    -5     T
      727  0.4007513E+00  0.75131E-03    9     3595     1    -5     T
      728  0.4012772E+00  0.52592E-03    5     3600     1    -5     T
      729  0.4018031E+00  0.52592E-03    2     3602     1    -5     T
      730  0.4024868E+00  0.68369E-03    6     3608     1    -5     T
      731  0.4031705E+00  0.68369E-03    9     3617     1    -5     T
      732  0.4036491E+00  0.47859E-03    5     3622     1    -5     T
      733  0.4041277E+00  0.47859E-03    3     3625     1    -5     T
      734  0.4047499E+00  0.62216E-03    6     3631     1    -5     T
      735  0.4053720E+00  0.62216E-03    9     3640     1    -5     T
      736  0.4058075E+00  0.43551E-03    5     3645     1    -5     T
      737  0.4062431E+00  0.43551E-03    4     3649     1    -5     T
      738  0.4066786E+00  0.43551E-03    3     3652     1    -5     T
      739  0.4072447E+00  0.56617E-03    6     3658     1    -5     T
      740  0.4078109E+00  0.56617E-03    9     3667     1    -5     T
      741  0.4082072E+00  0.39632E-03    4     3671     1    -5     T
      742  0.4086035E+00  0.39632E-03   10     3681     1    -5     T
      743  0.4088810E+00  0.27742E-03    2     3683     1    -5     T
      744  0.4092416E+00  0.36065E-03    2     3685     1    -5     T
      745  0.4097104E+00  0.46884E-03    5     3690     1    -5     T
      746  0.4101793E+00  0.46884E-03    4     3694     1    -5     T
      747  0.4106481E+00  0.46884E-03    5     3699     1    -5     T
      748  0.4111170E+00  0.46884E-03    5     3704     1    -5     T
      749  0.4115858E+00  0.46884E-03    2     3706     1    -5     T
      750  0.4121953E+00  0.60950E-03    6     3712     1    -5     T
      751  0.4128048E+00  0.60950E-03    9     3721     1    -5     T
      752  0.4132315E+00  0.42665E-03    5     3726     1    -5     T
      753  0.4136581E+00  0.42665E-03    2     3728     1    -5     T
      754  0.4142127E+00  0.55464E-03    6     3734     1    -5     T
      755  0.4147674E+00  0.55464E-03    5     3739     1    -5     T
      756  0.4153220E+00  0.55464E-03    7     3746     1    -5     T
      757  0.4157103E+00  0.38825E-03    6     3752     1    -5     T
      758  0.4160985E+00  0.38825E-03    4     3756     1    -5     T
      759  0.4164868E+00  0.38825E-03   10     3766     1    -5     T
      760  0.4167585E+00  0.27177E-03    3     3769     1    -5     T
      761  0.4171119E+00  0.35331E-03    6     3775     1    -5     T
      762  0.4174652E+00  0.35331E-03    3     3778     1    -5     T
      763  0.4179245E+00  0.45930E-03    6     3784     1    -5     T
      764  0.4183838E+00  0.45930E-03    5     3789     1    -5     T
      765  0.4188431E+00  0.45930E-03    4     3793     1    -5     T
      766  0.4193024E+00  0.45930E-03    3     3796     1    -5     T
      767  0.4198994E+00  0.59709E-03    6     3802     1    -5     T
      768  0.4204965E+00  0.59709E-03    4     3806     1    -5     T
      769  0.4210936E+00  0.59709E-03   10     3816     1    -5     T
      770  0.4215116E+00  0.41796E-03    3     3819     1    -5     T
      771  0.4220549E+00  0.54335E-03    6     3825     1    -5     T
      772  0.4225983E+00  0.54335E-03    9     3834     1    -5     T
      773  0.4229786E+00  0.38034E-03    9     3843     1    -5     T
      774  0.4232449E+00  0.26624E-03    4     3847     1    -5     T
      775  0.4235111E+00  0.26624E-03    6     3853     1    -5     T
      776  0.4237773E+00  0.26624E-03    2     3855     1    -5     T
      777  0.4241235E+00  0.34611E-03    3     3858     1    -5     T
      778  0.4245734E+00  0.44995E-03    2     3860     1    -5     T
      779  0.4251583E+00  0.58493E-03    6     3866     1    -5     T
      780  0.4257433E+00  0.58493E-03    9     3875     1    -5     T
      781  0.4261527E+00  0.40945E-03   10     3885     1    -5     T
      782  0.4264393E+00  0.28662E-03    3     3888     1    -5     T
      783  0.4268119E+00  0.37260E-03    6     3894     1    -5     T
      784  0.4271845E+00  0.37260E-03    4     3898     1    -5     T
      785  0.4275571E+00  0.37260E-03    6     3904     1    -5     T
      786  0.4279297E+00  0.37260E-03    3     3907     1    -5     T
      787  0.4284141E+00  0.48438E-03    6     3913     1    -5     T
      788  0.4288985E+00  0.48438E-03    4     3917     1    -5     T
      789  0.4293829E+00  0.48438E-03   10     3927     1    -5     T
      790  0.4297220E+00  0.33907E-03    5     3932     1    -5     T
      791  0.4300610E+00  0.33907E-03    4     3936     1    -5     T
      792  0.4304001E+00  0.33907E-03    4     3940     1    -5     T
      793  0.4307392E+00  0.33907E-03    6     3946     1    -5     T
      794  0.4310782E+00  0.33907E-03    4     3950     1    -5     T
      795  0.4314173E+00  0.33907E-03    2     3952     1    -5     T
      796  0.4318581E+00  0.44079E-03    6     3958     1    -5     T
      797  0.4322989E+00  0.44079E-03    3     3961     1    -5     T
      798  0.4328719E+00  0.57302E-03    6     3967     1    -5     T
      799  0.4334449E+00  0.57302E-03    8     3975     1    -5     T
      800  0.4338460E+00  0.40112E-03   10     3985     1    -5     T
      801  0.4341268E+00  0.28078E-03    3     3988     1    -5     T
      802  0.4344918E+00  0.36502E-03    6     3994     1    -5     T
      803  0.4348569E+00  0.36502E-03    4     3998     1    -5     T
      804  0.4352219E+00  0.36502E-03    6     4004     1    -5     T
      805  0.4355869E+00  0.36502E-03    3     4007     1    -5     T
      806  0.4360614E+00  0.47452E-03    6     4013     1    -5     T
      807  0.4365359E+00  0.47452E-03    4     4017     1    -5     T
      808  0.4370104E+00  0.47452E-03    3     4020     1    -5     T
      809  0.4376273E+00  0.61688E-03    6     4026     1    -5     T
      810  0.4382442E+00  0.61688E-03    9     4035     1    -5     T
      811  0.4386760E+00  0.43181E-03    5     4040     1    -5     T
      812  0.4391078E+00  0.43181E-03    5     4045     1    -5     T
      813  0.4395396E+00  0.43181E-03    3     4048     1    -5     T
      814  0.4401010E+00  0.56136E-03    6     4054     1    -5     T
      815  0.4406624E+00  0.56136E-03    9     4063     1    -5     T
      816  0.4410553E+00  0.39295E-03    5     4068     1    -5     T
      817  0.4414483E+00  0.39295E-03    2     4070     1    -5     T
      818  0.4419591E+00  0.51084E-03    6     4076     1    -5     T
      819  0.4424699E+00  0.51084E-03    5     4081     1    -5     T
      820  0.4429808E+00  0.51084E-03    4     4085     1    -5     T
      821  0.4434916E+00  0.51084E-03    2     4087     1    -5     T
      822  0.4441424E+00  0.65084E-03    6     4093     1    -5     T
      823  0.4447933E+00  0.65084E-03    9     4102     1    -5     T
      824  0.4452581E+00  0.46486E-03    5     4107     1    -5     T
      825  0.4457323E+00  0.47419E-03    5     4112     1    -5     T
      826  0.4462065E+00  0.47419E-03    4     4116     1    -5     T
      827  0.4466807E+00  0.47419E-03    4     4120     1    -5     T
      828  0.4471549E+00  0.47419E-03    2     4122     1    -5     T
      829  0.4477239E+00  0.56902E-03    6     4128     1    -5     T
      830  0.4482929E+00  0.56902E-03    5     4133     1    -5     T
      831  0.4488620E+00  0.56902E-03    7     4140     1    -5     T
      832  0.4492413E+00  0.37935E-03    6     4146     1    -5     T
      833  0.4496207E+00  0.37935E-03    2     4148     1    -5     T
      834  0.4500000E+00  0.37935E-03    5     4153     1    -5     T
      835  0.4504230E+00  0.42302E-03    6     4159     1    -5     T
      836  0.4508460E+00  0.42302E-03    3     4162     1    -5     T
      837  0.4513960E+00  0.54993E-03    6     4168     1    -5     T
      838  0.4519459E+00  0.54993E-03    4     4172     1    -5     T
      839  0.4524958E+00  0.54993E-03   10     4182     1    -5     T
      840  0.4528808E+00  0.38495E-03    4     4186     1    -5     T
      841  0.4532657E+00  0.38495E-03    5     4191     1    -5     T
      842  0.4536507E+00  0.38495E-03    4     4195     1    -5     T
      843  0.4540356E+00  0.38495E-03    2     4197     1    -5     T
      844  0.4545361E+00  0.50044E-03    6     4203     1    -5     T
      845  0.4550365E+00  0.50044E-03    4     4207     1    -5     T
      846  0.4555370E+00  0.50044E-03   10     4217     1    -5     T
      847  0.4558873E+00  0.35031E-03    5     4222     1    -5     T
      848  0.4562376E+00  0.35031E-03    4     4226     1    -5     T
      849  0.4565879E+00  0.35031E-03    2     4228     1    -5     T
      850  0.4570433E+00  0.45540E-03    6     4234     1    -5     T
      851  0.4574987E+00  0.45540E-03    4     4238     1    -5     T
      852  0.4579541E+00  0.45540E-03    5     4243     1    -5     T
      853  0.4584095E+00  0.45540E-03    5     4248     1    -5     T
      854  0.4588649E+00  0.45540E-03    2     4250     1    -5     T
      855  0.4594569E+00  0.59202E-03    6     4256     1    -5     T
      856  0.4600489E+00  0.59202E-03    9     4265     1    -5     T
      857  0.4604633E+00  0.41441E-03    5     4270     1    -5     T
      858  0.4608777E+00  0.41441E-03    6     4276     1    -5     T
      859  0.4612921E+00  0.41441E-03    5     4281     1    -5     T
      860  0.4617065E+00  0.41441E-03    6     4287     1    -5     T
      861  0.4621209E+00  0.41441E-03    3     4290     1    -5     T
      862  0.4626597E+00  0.53873E-03    6     4296     1    -5     T
      863  0.4631984E+00  0.53873E-03    4     4300     1    -5     T
      864  0.4637372E+00  0.53873E-03    5     4305     1    -5     T
      865  0.4642759E+00  0.53873E-03    5     4310     1    -5     T
      866  0.4648146E+00  0.53873E-03    4     4314     1    -5     T
      867  0.4653534E+00  0.53873E-03    9     4323     1    -5     T
      868  0.4657305E+00  0.37711E-03    3     4326     1    -5     T
      869  0.4662207E+00  0.49025E-03    6     4332     1    -5     T
      870  0.4667110E+00  0.49025E-03    4     4336     1    -5     T
      871  0.4672012E+00  0.49025E-03   10     4346     1    -5     T
      872  0.4675444E+00  0.34317E-03    4     4350     1    -5     T
      873  0.4678876E+00  0.34317E-03    4     4354     1    -5     T
      874  0.4682307E+00  0.34317E-03    3     4357     1    -5     T
      875  0.4686769E+00  0.44613E-03    6     4363     1    -5     T
      876  0.4691230E+00  0.44613E-03    3     4366     1    -5     T
      877  0.4697030E+00  0.57996E-03    6     4372     1    -5     T
      878  0.4702829E+00  0.57996E-03    4     4376     1    -5     T
      879  0.4708629E+00  0.57996E-03   10     4386     1    -5     T
      880  0.4712689E+00  0.40598E-03    5     4391     1    -5     T
      881  0.4716748E+00  0.40598E-03    4     4395     1    -5     T
      882  0.4720808E+00  0.40598E-03    2     4397     1    -5     T
      883  0.4726086E+00  0.52777E-03    6     4403     1    -5     T
      884  0.4731363E+00  0.52777E-03    4     4407     1    -5     T
      885  0.4736641E+00  0.52777E-03   10     4417     1    -5     T
      886  0.4740336E+00  0.36944E-03    2     4419     1    -5     T
      887  0.4745138E+00  0.48027E-03    6     4425     1    -5     T
      888  0.4749941E+00  0.48027E-03    5     4430     1    -5     T
      889  0.4754744E+00  0.48027E-03    5     4435     1    -5     T
      890  0.4759546E+00  0.48027E-03    6     4441     1    -5     T
      891  0.4764349E+00  0.48027E-03    6     4447     1    -5     T
      892  0.4769152E+00  0.48027E-03    5     4452     1    -5     T
      893  0.4773954E+00  0.48027E-03    4     4456     1    -5     T
      894  0.4778757E+00  0.48027E-03    3     4459     1    -5     T
      895  0.4785000E+00  0.62435E-03    6     4465     1    -5     T
      896  0.4791244E+00  0.62435E-03    9     4474     1    -5     T
      897  0.4795614E+00  0.43704E-03    5     4479     1    -5     T
      898  0.4799985E+00  0.43704E-03    5     4484     1    -5     T
      899  0.4804355E+00  0.43704E-03    4     4488     1    -5     T
      900  0.4808726E+00  0.43704E-03    6     4494     1    -5     T
      901  0.4813096E+00  0.43704E-03    3     4497     1    -5     T
      902  0.4818778E+00  0.56816E-03    6     4503     1    -5     T
      903  0.4824459E+00  0.56816E-03    4     4507     1    -5     T
      904  0.4830141E+00  0.56816E-03   10     4517     1    -5     T
      905  0.4834118E+00  0.39771E-03    5     4522     1    -5     T
      906  0.4838095E+00  0.39771E-03    6     4528     1    -5     T
      907  0.4842072E+00  0.39771E-03    6     4534     1    -5     T
      908  0.4846049E+00  0.39771E-03    5     4539     1    -5     T
      909  0.4850026E+00  0.39771E-03    3     4542     1    -5     T
      910  0.4855197E+00  0.51702E-03    6     4548     1    -5     T
      911  0.4860367E+00  0.51702E-03    5     4553     1    -5     T
      912  0.4865537E+00  0.51702E-03    6     4559     1    -5     T
      913  0.4870707E+00  0.51702E-03    6     4565     1    -5     T
      914  0.4875878E+00  0.51702E-03    5     4570     1    -5     T
      915  0.4881048E+00  0.51702E-03    9     4579     1    -5     T
      916  0.4884667E+00  0.36192E-03    3     4582     1    -5     T
      917  0.4889372E+00  0.47049E-03    6     4588     1    -5     T
      918  0.4894077E+00  0.47049E-03    4     4592     1    -5     T
      919  0.4898782E+00  0.47049E-03    5     4597     1    -5     T
      920  0.4903487E+00  0.47049E-03    5     4602     1    -5     T
      921  0.4908191E+00  0.47049E-03    4     4606     1    -5     T
      922  0.4912896E+00  0.47049E-03    9     4615     1    -5     T
      923  0.4916190E+00  0.32934E-03    2     4617     1    -5     T
      924  0.4920471E+00  0.42815E-03    6     4623     1    -5     T
      925  0.4924753E+00  0.42815E-03    5     4628     1    -5     T
      926  0.4929034E+00  0.42815E-03    2     4630     1    -5     T
      927  0.4934600E+00  0.55659E-03    6     4636     1    -5     T
      928  0.4940166E+00  0.55659E-03    5     4641     1    -5     T
      929  0.4945732E+00  0.55659E-03    4     4645     1    -5     T
      930  0.4951159E+00  0.54268E-03    3     4648     1    -5     T
      931  0.4958136E+00  0.69773E-03    6     4654     1    -5     T
      932  0.4965113E+00  0.69773E-03    4     4658     1    -5     T
      933  0.4972091E+00  0.69773E-03   10     4668     1    -5     T
      934  0.4976742E+00  0.46515E-03    3     4671     1    -5     T
      935  0.4982557E+00  0.58144E-03    6     4677     1    -5     T
      936  0.4988371E+00  0.58144E-03    9     4686     1    -5     T
      937  0.4992247E+00  0.38763E-03    4     4690     1    -5     T
      938  0.4996124E+00  0.38763E-03   10     4700     1    -5     T
      939  0.5000000E+00  0.38763E-03    3     4703     1    -5     T
      940  0.5004194E+00  0.41943E-03    6     4709     1    -5     T
      941  0.5008389E+00  0.41943E-03    3     4712     1    -5     T
      942  0.5013841E+00  0.54526E-03    6     4718     1    -5     T
      943  0.5019294E+00  0.54526E-03    9     4727     1    -5     T
      944  0.5023111E+00  0.38168E-03    5     4732     1    -5     T
      945  0.5026927E+00  0.38168E-03    2     4734     1    -5     T
      946  0.5031889E+00  0.49619E-03    6     4740     1    -5     T
      947  0.5036851E+00  0.49619E-03    5     4745     1    -5     T
      948  0.5041813E+00  0.49619E-03    4     4749     1    -5     T
      949  0.5046775E+00  0.49619E-03    4     4753     1    -5     T
      950  0.5051737E+00  0.49619E-03   10     4763     1    -5     T
      951  0.5055210E+00  0.34733E-03    5     4768     1    -5     T
      952  0.5058683E+00  0.34733E-03    4     4772     1    -5     T
      953  0.5062157E+00  0.34733E-03    4     4776     1    -5     T
      954  0.5065630E+00  0.34733E-03    4     4780     1    -5     T
      955  0.5069103E+00  0.34733E-03    2     4782     1    -5     T
      956  0.5073619E+00  0.45153E-03    6     4788     1    -5     T
      957  0.5078134E+00  0.45153E-03    5     4793     1    -5     T
      958  0.5082649E+00  0.45153E-03    4     4797     1    -5     T
      959  0.5087164E+00  0.45153E-03    6     4803     1    -5     T
      960  0.5091680E+00  0.45153E-03    6     4809     1    -5     T
      961  0.5096195E+00  0.45153E-03    5     4814     1    -5     T
      962  0.5100710E+00  0.45153E-03    2     4816     1    -5     T
      963  0.5106580E+00  0.58699E-03    6     4822     1    -5     T
      964  0.5112450E+00  0.58699E-03    5     4827     1    -5     T
      965  0.5118320E+00  0.58699E-03    4     4831     1    -5     T
      966  0.5124190E+00  0.58699E-03    4     4835     1    -5     T
      967  0.5130060E+00  0.58699E-03   10     4845     1    -5     T
      968  0.5134169E+00  0.41089E-03    4     4849     1    -5     T
      969  0.5138278E+00  0.41089E-03    5     4854     1    -5     T
      970  0.5142387E+00  0.41089E-03    5     4859     1    -5     T
      971  0.5146495E+00  0.41089E-03    2     4861     1    -5     T
      972  0.5151837E+00  0.53416E-03    6     4867     1    -5     T
      973  0.5157179E+00  0.53416E-03    5     4872     1    -5     T
      974  0.5162520E+00  0.53416E-03    4     4876     1    -5     T
      975  0.5167862E+00  0.53416E-03    9     4885     1    -5     T
      976  0.5171601E+00  0.37391E-03   10     4895     1    -5     T
      977  0.5174218E+00  0.26174E-03    3     4898     1    -5     T
      978  0.5177621E+00  0.34026E-03    6     4904     1    -5     T
      979  0.5181024E+00  0.34026E-03    4     4908     1    -5     T
      980  0.5184426E+00  0.34026E-03    6     4914     1    -5     T
      981  0.5187829E+00  0.34026E-03    2     4916     1    -5     T
      982  0.5192252E+00  0.44234E-03    2     4918     1    -5     T
      983  0.5198003E+00  0.57504E-03    4     4922     1    -5     T
      984  0.5203753E+00  0.57504E-03   10     4932     1    -5     T
      985  0.5207778E+00  0.40253E-03    5     4937     1    -5     T
      986  0.5211803E+00  0.40253E-03    4     4941     1    -5     T
      987  0.5215829E+00  0.40253E-03    6     4947     1    -5     T
      988  0.5219854E+00  0.40253E-03    6     4953     1    -5     T
      989  0.5223879E+00  0.40253E-03    5     4958     1    -5     T
      990  0.5227905E+00  0.40253E-03    2     4960     1    -5     T
      991  0.5233137E+00  0.52329E-03    6     4966     1    -5     T
      992  0.5238370E+00  0.52329E-03    5     4971     1    -5     T
      993  0.5243603E+00  0.52329E-03    7     4978     1    -5     T
      994  0.5247266E+00  0.36630E-03    6     4984     1    -5     T
      995  0.5250929E+00  0.36630E-03    2     4986     1    -5     T
      996  0.5255691E+00  0.47619E-03    6     4992     1    -5     T
      997  0.5260453E+00  0.47619E-03    5     4997     1    -5     T
      998  0.5265215E+00  0.47619E-03    3     5000     1    -5     T
      999  0.5271405E+00  0.61905E-03    6     5006     1    -5     T
     1000  0.5277596E+00  0.61905E-03    9     5015     1    -5     T
     1001  0.5281929E+00  0.43333E-03    5     5020     1    -5     T
     1002  0.5286262E+00  0.43333E-03    4     5024     1    -5     T
     1003  0.5290596E+00  0.43333E-03    6     5030     1    -5     T
     1004  0.5294929E+00  0.43333E-03    6     5036     1    -5     T
     1005  0.5299262E+00  0.43333E-03    5     5041     1    -5     T
     1006  0.5303596E+00  0.43333E-03    2     5043     1    -5     T
     1007  0.5309229E+00  0.56333E-03    6     5049     1    -5     T
     1008  0.5314862E+00  0.56333E-03    5     5054     1    -5     T
     1009  0.5320496E+00  0.56333E-03    8     5062     1    -5     T
     1010  0.5324439E+00  0.39433E-03    5     5067     1    -5     T
     1011  0.5328382E+00  0.39433E-03    5     5072     1    -5     T
     1012  0.5332326E+00  0.39433E-03    4     5076     1    -5     T
     1013  0.5336269E+00  0.39433E-03    4     5080     1    -5     T
     1014  0.5340212E+00  0.39433E-03    3     5083     1    -5     T
     1015  0.5345339E+00  0.51263E-03   10     5093     1    -5     T
     1016  0.5348927E+00  0.35884E-03    5     5098     1    -5     T
     1017  0.5352515E+00  0.35884E-03    2     5100     1    -5     T
     1018  0.5357180E+00  0.46650E-03    6     5106     1    -5     T
     1019  0.5361845E+00  0.46650E-03    5     5111     1    -5     T
     1020  0.5366510E+00  0.46650E-03    6     5117     1    -5     T
     1021  0.5371175E+00  0.46650E-03    6     5123     1    -5     T
     1022  0.5375840E+00  0.46650E-03    5     5128     1    -5     T
     1023  0.5380505E+00  0.46650E-03    2     5130     1    -5     T
     1024  0.5386570E+00  0.60644E-03    6     5136     1    -5     T
     1025  0.5392634E+00  0.60644E-03    5     5141     1    -5     T
     1026  0.5398698E+00  0.60644E-03    4     5145     1    -5     T
     1027  0.5404763E+00  0.60644E-03    5     5150     1    -5     T
     1028  0.5410827E+00  0.60644E-03    8     5158     1    -5     T
     1029  0.5415072E+00  0.42451E-03   10     5168     1    -5     T
     1030  0.5418044E+00  0.29716E-03    2     5170     1    -5     T
     1031  0.5421907E+00  0.38630E-03    2     5172     1    -5     T
     1032  0.5426929E+00  0.50220E-03    5     5177     1    -5     T
     1033  0.5431951E+00  0.50220E-03    3     5180     1    -5     T
     1034  0.5438756E+00  0.68049E-03    6     5186     1    -5     T
     1035  0.5445561E+00  0.68049E-03    9     5195     1    -5     T
     1036  0.5450131E+00  0.45700E-03    9     5204     1    -5     T
     1037  0.5453330E+00  0.31990E-03    5     5209     1    -5     T
     1038  0.5456529E+00  0.31990E-03    3     5212     1    -5     T
     1039  0.5460876E+00  0.43471E-03    6     5218     1    -5     T
     1040  0.5465223E+00  0.43471E-03    5     5223     1    -5     T
     1041  0.5469570E+00  0.43471E-03    6     5229     1    -5     T
     1042  0.5473917E+00  0.43471E-03    6     5235     1    -5     T
     1043  0.5478264E+00  0.43471E-03    5     5240     1    -5     T
     1044  0.5482611E+00  0.43471E-03    3     5243     1    -5     T
     1045  0.5488408E+00  0.57962E-03    6     5249     1    -5     T
     1046  0.5494204E+00  0.57962E-03    4     5253     1    -5     T
     1047  0.5500000E+00  0.57962E-03    5     5258     1    -5     T
     1048  0.5505406E+00  0.54063E-03    4     5262     1    -5     T
     1049  0.5510813E+00  0.54063E-03    9     5271     1    -5     T
     1050  0.5514597E+00  0.37844E-03    5     5276     1    -5     T
     1051  0.5518381E+00  0.37844E-03    5     5281     1    -5     T
     1052  0.5522166E+00  0.37844E-03    2     5283     1    -5     T
     1053  0.5527086E+00  0.49197E-03    7     5290     1    -5     T
     1054  0.5530529E+00  0.34438E-03    2     5292     1    -5     T
     1055  0.5535006E+00  0.44769E-03    2     5294     1    -5     T
     1056  0.5540826E+00  0.58200E-03    5     5299     1    -5     T
     1057  0.5546646E+00  0.58200E-03    8     5307     1    -5     T
     1058  0.5550720E+00  0.40740E-03   10     5317     1    -5     T
     1059  0.5553572E+00  0.28518E-03    2     5319     1    -5     T
     1060  0.5557280E+00  0.37074E-03    2     5321     1    -5     T
     1061  0.5562099E+00  0.48196E-03    5     5326     1    -5     T
     1062  0.5566919E+00  0.48196E-03    3     5329     1    -5     T
     1063  0.5573184E+00  0.62654E-03    6     5335     1    -5     T
     1064  0.5579450E+00  0.62654E-03    9     5344     1    -5     T
     1065  0.5583835E+00  0.43858E-03    5     5349     1    -5     T
     1066  0.5588221E+00  0.43858E-03    5     5354     1    -5     T
     1067  0.5592607E+00  0.43858E-03    5     5359     1    -5     T
     1068  0.5596993E+00  0.43858E-03    4     5363     1    -5     T
     1069  0.5601379E+00  0.43858E-03    2     5365     1    -5     T
     1070  0.5607080E+00  0.57015E-03    6     5371     1    -5     T
     1071  0.5612782E+00  0.57015E-03    5     5376     1    -5     T
     1072  0.5618483E+00  0.57015E-03    7     5383     1    -5     T
     1073  0.5622474E+00  0.39911E-03    6     5389     1    -5     T
     1074  0.5626465E+00  0.39911E-03    2     5391     1    -5     T
     1075  0.5631654E+00  0.51884E-03    6     5397     1    -5     T
     1076  0.5636842E+00  0.51884E-03    5     5402     1    -5     T
     1077  0.5642031E+00  0.51884E-03    4     5406     1    -5     T
     1078  0.5647219E+00  0.51884E-03    3     5409     1    -5     T
     1079  0.5653964E+00  0.67449E-03    6     5415     1    -5     T
     1080  0.5660709E+00  0.67449E-03    9     5424     1    -5     T
     1081  0.5665430E+00  0.47215E-03    5     5429     1    -5     T
     1082  0.5670152E+00  0.47215E-03    5     5434     1    -5     T
     1083  0.5674873E+00  0.47215E-03    3     5437     1    -5     T
     1084  0.5681011E+00  0.61379E-03    6     5443     1    -5     T
     1085  0.5687149E+00  0.61379E-03    9     5452     1    -5     T
     1086  0.5691446E+00  0.42965E-03    5     5457     1    -5     T
     1087  0.5695742E+00  0.42965E-03    6     5463     1    -5     T
     1088  0.5700039E+00  0.42965E-03    2     5465     1    -5     T
     1089  0.5705624E+00  0.55855E-03    4     5469     1    -5     T
     1090  0.5711210E+00  0.55855E-03    4     5473     1    -5     T
     1091  0.5716795E+00  0.55855E-03   10     5483     1    -5     T
     1092  0.5720705E+00  0.39098E-03    2     5485     1    -5     T
     1093  0.5725788E+00  0.50828E-03    2     5487     1    -5     T
     1094  0.5732395E+00  0.66076E-03    5     5492     1    -5     T
     1095  0.5739003E+00  0.66076E-03    9     5501     1    -5     T
     1096  0.5743628E+00  0.46253E-03    5     5506     1    -5     T
     1097  0.5748254E+00  0.46253E-03    5     5511     1    -5     T
     1098  0.5752879E+00  0.46253E-03    4     5515     1    -5     T
     1099  0.5757504E+00  0.46253E-03    6     5521     1    -5     T
     1100  0.5762130E+00  0.46253E-03    3     5524     1    -5     T
     1101  0.5768143E+00  0.60129E-03    6     5530     1    -5     T
     1102  0.5774155E+00  0.60129E-03    9     5539     1    -5     T
     1103  0.5778365E+00  0.42091E-03    3     5542     1    -5     T
     1104  0.5783836E+00  0.54718E-03    6     5548     1    -5     T
     1105  0.5789308E+00  0.54718E-03    9     5557     1    -5     T
     1106  0.5793138E+00  0.38302E-03    5     5562     1    -5     T
     1107  0.5796969E+00  0.38302E-03    5     5567     1    -5     T
     1108  0.5800799E+00  0.38302E-03    3     5570     1    -5     T
     1109  0.5805778E+00  0.49793E-03    6     5576     1    -5     T
     1110  0.5810757E+00  0.49793E-03    5     5581     1    -5     T
     1111  0.5815737E+00  0.49793E-03    6     5587     1    -5     T
     1112  0.5820716E+00  0.49793E-03    6     5593     1    -5     T
     1113  0.5825695E+00  0.49793E-03    5     5598     1    -5     T
     1114  0.5830675E+00  0.49793E-03    4     5602     1    -5     T
     1115  0.5835654E+00  0.49793E-03   10     5612     1    -5     T
     1116  0.5839139E+00  0.34855E-03    3     5615     1    -5     T
     1117  0.5843671E+00  0.45312E-03    6     5621     1    -5     T
     1118  0.5848202E+00  0.45312E-03    5     5626     1    -5     T
     1119  0.5852733E+00  0.45312E-03    4     5630     1    -5     T
     1120  0.5857264E+00  0.45312E-03    2     5632     1    -5     T
     1121  0.5863155E+00  0.58905E-03    6     5638     1    -5     T
     1122  0.5869045E+00  0.58905E-03    5     5643     1    -5     T
     1123  0.5874936E+00  0.58905E-03    4     5647     1    -5     T
     1124  0.5880826E+00  0.58905E-03    4     5651     1    -5     T
     1125  0.5886717E+00  0.58905E-03   10     5661     1    -5     T
     1126  0.5890840E+00  0.41234E-03    9     5670     1    -5     T
     1127  0.5893726E+00  0.28864E-03    4     5674     1    -5     T
     1128  0.5896613E+00  0.28864E-03    6     5680     1    -5     T
     1129  0.5899499E+00  0.28864E-03    2     5682     1    -5     T
     1130  0.5903251E+00  0.37523E-03    5     5687     1    -5     T
     1131  0.5907004E+00  0.37523E-03    6     5693     1    -5     T
     1132  0.5910756E+00  0.37523E-03    2     5695     1    -5     T
     1133  0.5915634E+00  0.48779E-03    6     5701     1    -5     T
     1134  0.5920512E+00  0.48779E-03    5     5706     1    -5     T
     1135  0.5925390E+00  0.48779E-03    5     5711     1    -5     T
     1136  0.5930268E+00  0.48779E-03    4     5715     1    -5     T
     1137  0.5935146E+00  0.48779E-03    3     5718     1    -5     T
     1138  0.5941631E+00  0.64854E-03    6     5724     1    -5     T
     1139  0.5948117E+00  0.64854E-03    9     5733     1    -5     T
     1140  0.5952555E+00  0.44389E-03    5     5738     1    -5     T
     1141  0.5956994E+00  0.44389E-03    5     5743     1    -5     T
     1142  0.5961295E+00  0.43006E-03    3     5746     1    -5     T
     1143  0.5966824E+00  0.55293E-03    6     5752     1    -5     T
     1144  0.5972354E+00  0.55293E-03    5     5757     1    -5     T
     1145  0.5977883E+00  0.55293E-03    4     5761     1    -5     T
     1146  0.5983412E+00  0.55293E-03    4     5765     1    -5     T
     1147  0.5988941E+00  0.55293E-03   10     5775     1    -5     T
     1148  0.5992628E+00  0.36862E-03    3     5778     1    -5     T
     1149  0.6000000E+00  0.73724E-03    6     5784     1    -5     T
     1150  0.6005251E+00  0.52513E-03    5     5789     1    -5     T
     1151  0.6010503E+00  0.52513E-03    4     5793     1    -5     T
     1152  0.6015754E+00  0.52513E-03    4     5797     1    -5     T
     1153  0.6021005E+00  0.52513E-03    6     5803     1    -5     T
     1154  0.6026256E+00  0.52513E-03    9     5812     1    -5     T
     1155  0.6029932E+00  0.36759E-03    5     5817     1    -5     T
     1156  0.6033608E+00  0.36759E-03    5     5822     1    -5     T
     1157  0.6037284E+00  0.36759E-03    3     5825     1    -5     T
     1158  0.6042063E+00  0.47786E-03    6     5831     1    -5     T
     1159  0.6046841E+00  0.47786E-03    5     5836     1    -5     T
     1160  0.6051620E+00  0.47786E-03    6     5842     1    -5     T
     1161  0.6056398E+00  0.47786E-03    6     5848     1    -5     T
     1162  0.6061177E+00  0.47786E-03    5     5853     1    -5     T
     1163  0.6065956E+00  0.47786E-03    4     5857     1    -5     T
     1164  0.6070734E+00  0.47786E-03    4     5861     1    -5     T
     1165  0.6075513E+00  0.47786E-03   10     5871     1    -5     T
     1166  0.6078858E+00  0.33450E-03    3     5874     1    -5     T
     1167  0.6083207E+00  0.43486E-03    6     5880     1    -5     T
     1168  0.6087555E+00  0.43486E-03    4     5884     1    -5     T
     1169  0.6091904E+00  0.43486E-03    6     5890     1    -5     T
     1170  0.6096252E+00  0.43486E-03    4     5894     1    -5     T
     1171  0.6100601E+00  0.43486E-03   10     5904     1    -5     T
     1172  0.6103645E+00  0.30440E-03    3     5907     1    -5     T
     1173  0.6107602E+00  0.39572E-03    6     5913     1    -5     T
     1174  0.6111559E+00  0.39572E-03    3     5916     1    -5     T
     1175  0.6116704E+00  0.51443E-03    6     5922     1    -5     T
     1176  0.6121848E+00  0.51443E-03    5     5927     1    -5     T
     1177  0.6126992E+00  0.51443E-03    6     5933     1    -5     T
     1178  0.6132137E+00  0.51443E-03    6     5939     1    -5     T
     1179  0.6137281E+00  0.51443E-03    5     5944     1    -5     T
     1180  0.6142425E+00  0.51443E-03    3     5947     1    -5     T
     1181  0.6149113E+00  0.66876E-03    6     5953     1    -5     T
     1182  0.6155801E+00  0.66876E-03    9     5962     1    -5     T
     1183  0.6160482E+00  0.46814E-03    9     5971     1    -5     T
     1184  0.6163759E+00  0.32769E-03    4     5975     1    -5     T
     1185  0.6167036E+00  0.32769E-03    6     5981     1    -5     T
     1186  0.6170313E+00  0.32769E-03    2     5983     1    -5     T
     1187  0.6174573E+00  0.42600E-03    2     5985     1    -5     T
     1188  0.6180111E+00  0.55380E-03    5     5990     1    -5     T
     1189  0.6185649E+00  0.55380E-03    3     5993     1    -5     T
     1190  0.6192848E+00  0.71995E-03    6     5999     1    -5     T
     1191  0.6200048E+00  0.71995E-03    9     6008     1    -5     T
     1192  0.6205087E+00  0.50396E-03    9     6017     1    -5     T
     1193  0.6208615E+00  0.35277E-03    5     6022     1    -5     T
     1194  0.6212143E+00  0.35277E-03    5     6027     1    -5     T
     1195  0.6215671E+00  0.35277E-03    2     6029     1    -5     T
     1196  0.6220257E+00  0.45861E-03    6     6035     1    -5     T
     1197  0.6224843E+00  0.45861E-03    5     6040     1    -5     T
     1198  0.6229429E+00  0.45861E-03    4     6044     1    -5     T
     1199  0.6234015E+00  0.45861E-03    2     6046     1    -5     T
     1200  0.6239977E+00  0.59619E-03    6     6052     1    -5     T
     1201  0.6245939E+00  0.59619E-03    5     6057     1    -5     T
     1202  0.6251900E+00  0.59619E-03    4     6061     1    -5     T
     1203  0.6257862E+00  0.59619E-03    4     6065     1    -5     T
     1204  0.6263824E+00  0.59619E-03   10     6075     1    -5     T
     1205  0.6267997E+00  0.41733E-03    9     6084     1    -5     T
     1206  0.6270919E+00  0.29213E-03    4     6088     1    -5     T
     1207  0.6273840E+00  0.29213E-03    6     6094     1    -5     T
     1208  0.6276761E+00  0.29213E-03    4     6098     1    -5     T
     1209  0.6279683E+00  0.29213E-03    3     6101     1    -5     T
     1210  0.6283480E+00  0.37977E-03    2     6103     1    -5     T
     1211  0.6288417E+00  0.49370E-03    5     6108     1    -5     T
     1212  0.6293354E+00  0.49370E-03    2     6110     1    -5     T
     1213  0.6299773E+00  0.64181E-03    6     6116     1    -5     T
     1214  0.6306191E+00  0.64181E-03    5     6121     1    -5     T
     1215  0.6312609E+00  0.64181E-03    4     6125     1    -5     T
     1216  0.6319027E+00  0.64181E-03    4     6129     1    -5     T
     1217  0.6325445E+00  0.64181E-03   10     6139     1    -5     T
     1218  0.6329938E+00  0.44927E-03    2     6141     1    -5     T
     1219  0.6335778E+00  0.58405E-03    6     6147     1    -5     T
     1220  0.6341619E+00  0.58405E-03    5     6152     1    -5     T
     1221  0.6347459E+00  0.58405E-03   13     6165     1    -5     T
     1222  0.6351548E+00  0.40883E-03    5     6170     1    -5     T
     1223  0.6355636E+00  0.40883E-03    5     6175     1    -5     T
     1224  0.6359724E+00  0.40883E-03    4     6179     1    -5     T
     1225  0.6363813E+00  0.40883E-03    2     6181     1    -5     T
     1226  0.6369128E+00  0.53149E-03    6     6187     1    -5     T
     1227  0.6374442E+00  0.53149E-03    5     6192     1    -5     T
     1228  0.6379757E+00  0.53149E-03    7     6199     1    -5     T
     1229  0.6383478E+00  0.37204E-03    6     6205     1    -5     T
     1230  0.6387198E+00  0.37204E-03    2     6207     1    -5     T
     1231  0.6392035E+00  0.48365E-03    6     6213     1    -5     T
     1232  0.6396871E+00  0.48365E-03    5     6218     1    -5     T
     1233  0.6401708E+00  0.48365E-03    3     6221     1    -5     T
     1234  0.6407995E+00  0.62875E-03    6     6227     1    -5     T
     1235  0.6414282E+00  0.62875E-03    9     6236     1    -5     T
     1236  0.6418684E+00  0.44012E-03    5     6241     1    -5     T
     1237  0.6423085E+00  0.44012E-03    4     6245     1    -5     T
     1238  0.6427486E+00  0.44012E-03    6     6251     1    -5     T
     1239  0.6431887E+00  0.44012E-03    6     6257     1    -5     T
     1240  0.6436289E+00  0.44012E-03    5     6262     1    -5     T
     1241  0.6440690E+00  0.44012E-03    4     6266     1    -5     T
     1242  0.6445091E+00  0.44012E-03    2     6268     1    -5     T
     1243  0.6450582E+00  0.54909E-03    6     6274     1    -5     T
     1244  0.6456073E+00  0.54909E-03    5     6279     1    -5     T
     1245  0.6461564E+00  0.54909E-03    3     6282     1    -5     T
     1246  0.6469251E+00  0.76872E-03    6     6288     1    -5     T
     1247  0.6476938E+00  0.76872E-03    9     6297     1    -5     T
     1248  0.6482704E+00  0.57654E-03    5     6302     1    -5     T
     1249  0.6488469E+00  0.57654E-03    5     6307     1    -5     T
     1250  0.6494235E+00  0.57654E-03    5     6312     1    -5     T
     1251  0.6500000E+00  0.57654E-03    7     6319     1    -5     T
     1252  0.6503645E+00  0.36447E-03    6     6325     1    -5     T
     1253  0.6507289E+00  0.36447E-03    2     6327     1    -5     T
     1254  0.6512027E+00  0.47381E-03    6     6333     1    -5     T
     1255  0.6516765E+00  0.47381E-03    5     6338     1    -5     T
     1256  0.6521503E+00  0.47381E-03    3     6341     1    -5     T
     1257  0.6527663E+00  0.61595E-03    6     6347     1    -5     T
     1258  0.6533822E+00  0.61595E-03    9     6356     1    -5     T
     1259  0.6538134E+00  0.43116E-03    5     6361     1    -5     T
     1260  0.6542446E+00  0.43116E-03    2     6363     1    -5     T
     1261  0.6548051E+00  0.56051E-03    6     6369     1    -5     T
     1262  0.6553656E+00  0.56051E-03    9     6378     1    -5     T
     1263  0.6557579E+00  0.39236E-03    5     6383     1    -5     T
     1264  0.6561503E+00  0.39236E-03    4     6387     1    -5     T
     1265  0.6565427E+00  0.39236E-03    2     6389     1    -5     T
     1266  0.6570527E+00  0.51007E-03    6     6395     1    -5     T
     1267  0.6575628E+00  0.51007E-03    5     6400     1    -5     T
     1268  0.6580729E+00  0.51007E-03    7     6407     1    -5     T
     1269  0.6584299E+00  0.35705E-03    6     6413     1    -5     T
     1270  0.6587870E+00  0.35705E-03    2     6415     1    -5     T
     1271  0.6592511E+00  0.46416E-03    6     6421     1    -5     T
     1272  0.6597153E+00  0.46416E-03    5     6426     1    -5     T
     1273  0.6601794E+00  0.46416E-03    5     6431     1    -5     T
     1274  0.6606436E+00  0.46416E-03    6     6437     1    -5     T
     1275  0.6611078E+00  0.46416E-03    6     6443     1    -5     T
     1276  0.6615719E+00  0.46416E-03    5     6448     1    -5     T
     1277  0.6620361E+00  0.46416E-03    4     6452     1    -5     T
     1278  0.6625002E+00  0.46416E-03    4     6456     1    -5     T
     1279  0.6629644E+00  0.46416E-03   10     6466     1    -5     T
     1280  0.6632893E+00  0.32491E-03    3     6469     1    -5     T
     1281  0.6637117E+00  0.42239E-03    6     6475     1    -5     T
     1282  0.6641341E+00  0.42239E-03    3     6478     1    -5     T
     1283  0.6646832E+00  0.54910E-03    6     6484     1    -5     T
     1284  0.6652323E+00  0.54910E-03    9     6493     1    -5     T
     1285  0.6656166E+00  0.38437E-03    5     6498     1    -5     T
     1286  0.6660010E+00  0.38437E-03    3     6501     1    -5     T
     1287  0.6665007E+00  0.49968E-03    4     6505     1    -5     T
     1288  0.6670004E+00  0.49968E-03    4     6509     1    -5     T
     1289  0.6675001E+00  0.49968E-03   10     6519     1    -5     T
     1290  0.6678498E+00  0.34978E-03    5     6524     1    -5     T
     1291  0.6681996E+00  0.34978E-03    4     6528     1    -5     T
     1292  0.6685494E+00  0.34978E-03    2     6530     1    -5     T
     1293  0.6690041E+00  0.45471E-03    6     6536     1    -5     T
     1294  0.6694588E+00  0.45471E-03    5     6541     1    -5     T
     1295  0.6699135E+00  0.45471E-03    7     6548     1    -5     T
     1296  0.6702318E+00  0.31830E-03    6     6554     1    -5     T
     1297  0.6705501E+00  0.31830E-03    2     6556     1    -5     T
     1298  0.6709639E+00  0.41379E-03    2     6558     1    -5     T
     1299  0.6715018E+00  0.53792E-03    5     6563     1    -5     T
     1300  0.6720397E+00  0.53792E-03    7     6570     1    -5     T
     1301  0.6724163E+00  0.37655E-03    6     6576     1    -5     T
     1302  0.6727928E+00  0.37655E-03    4     6580     1    -5     T
     1303  0.6731694E+00  0.37655E-03    5     6585     1    -5     T
     1304  0.6735459E+00  0.37655E-03    5     6590     1    -5     T
     1305  0.6739225E+00  0.37655E-03    4     6594     1    -5     T
     1306  0.6742990E+00  0.37655E-03    2     6596     1    -5     T
     1307  0.6747885E+00  0.48951E-03    6     6602     1    -5     T
     1308  0.6752780E+00  0.48951E-03    5     6607     1    -5     T
     1309  0.6757675E+00  0.48951E-03    7     6614     1    -5     T
     1310  0.6761102E+00  0.34266E-03    6     6620     1    -5     T
     1311  0.6764529E+00  0.34266E-03    2     6622     1    -5     T
     1312  0.6768983E+00  0.44545E-03    2     6624     1    -5     T
     1313  0.6774774E+00  0.57909E-03    5     6629     1    -5     T
     1314  0.6780565E+00  0.57909E-03    3     6632     1    -5     T
     1315  0.6788093E+00  0.75282E-03    6     6638     1    -5     T
     1316  0.6795621E+00  0.75282E-03    4     6642     1    -5     T
     1317  0.6803149E+00  0.75282E-03   10     6652     1    -5     T
     1318  0.6808419E+00  0.52697E-03    9     6661     1    -5     T
     1319  0.6812108E+00  0.36888E-03    4     6665     1    -5     T
     1320  0.6815797E+00  0.36888E-03    6     6671     1    -5     T
     1321  0.6819486E+00  0.36888E-03    2     6673     1    -5     T
     1322  0.6824281E+00  0.47954E-03    6     6679     1    -5     T
     1323  0.6829076E+00  0.47954E-03    5     6684     1    -5     T
     1324  0.6833872E+00  0.47954E-03    7     6691     1    -5     T
     1325  0.6837229E+00  0.33568E-03    6     6697     1    -5     T
     1326  0.6840585E+00  0.33568E-03    2     6699     1    -5     T
     1327  0.6844949E+00  0.43638E-03    2     6701     1    -5     T
     1328  0.6850622E+00  0.56730E-03    5     6706     1    -5     T
     1329  0.6856295E+00  0.56730E-03    3     6709     1    -5     T
     1330  0.6863670E+00  0.73749E-03    6     6715     1    -5     T
     1331  0.6871045E+00  0.73749E-03    4     6719     1    -5     T
     1332  0.6878420E+00  0.73749E-03   10     6729     1    -5     T
     1333  0.6883582E+00  0.51624E-03    9     6738     1    -5     T
     1334  0.6887196E+00  0.36137E-03    4     6742     1    -5     T
     1335  0.6890810E+00  0.36137E-03    6     6748     1    -5     T
     1336  0.6894424E+00  0.36137E-03    2     6750     1    -5     T
     1337  0.6899121E+00  0.46978E-03    6     6756     1    -5     T
     1338  0.6903819E+00  0.46978E-03    5     6761     1    -5     T
     1339  0.6908517E+00  0.46978E-03    7     6768     1    -5     T
     1340  0.6911805E+00  0.32885E-03    6     6774     1    -5     T
     1341  0.6915094E+00  0.32885E-03    3     6777     1    -5     T
     1342  0.6919369E+00  0.42750E-03    6     6783     1    -5     T
     1343  0.6923644E+00  0.42750E-03    4     6787     1    -5     T
     1344  0.6927919E+00  0.42750E-03    4     6791     1    -5     T
     1345  0.6932194E+00  0.42750E-03    6     6797     1    -5     T
     1346  0.6936469E+00  0.42750E-03    2     6799     1    -5     T
     1347  0.6942026E+00  0.55575E-03    6     6805     1    -5     T
     1348  0.6947824E+00  0.57974E-03    5     6810     1    -5     T
     1349  0.6953621E+00  0.57974E-03    8     6818     1    -5     T
     1350  0.6957511E+00  0.38903E-03    5     6823     1    -5     T
     1351  0.6961402E+00  0.38903E-03    5     6828     1    -5     T
     1352  0.6965262E+00  0.38598E-03    4     6832     1    -5     T
     1353  0.6969121E+00  0.38598E-03    2     6834     1    -5     T
     1354  0.6974268E+00  0.51464E-03    6     6840     1    -5     T
     1355  0.6979414E+00  0.51464E-03    5     6845     1    -5     T
     1356  0.6984561E+00  0.51464E-03    7     6852     1    -5     T
     1357  0.6988421E+00  0.38598E-03    6     6858     1    -5     T
     1358  0.6992280E+00  0.38598E-03    2     6860     1    -5     T
     1359  0.6996140E+00  0.38598E-03    6     6866     1    -5     T
     1360  0.7000000E+00  0.38598E-03    5     6871     1    -5     T
     1361  0.7004602E+00  0.46022E-03    2     6873     1    -5     T
     1362  0.7010585E+00  0.59828E-03    6     6879     1    -5     T
     1363  0.7016568E+00  0.59828E-03    5     6884     1    -5     T
     1364  0.7022551E+00  0.59828E-03    4     6888     1    -5     T
     1365  0.7028533E+00  0.59828E-03    9     6897     1    -5     T
     1366  0.7032721E+00  0.41880E-03    5     6902     1    -5     T
     1367  0.7036909E+00  0.41880E-03    5     6907     1    -5     T
     1368  0.7041097E+00  0.41880E-03    4     6911     1    -5     T
     1369  0.7045285E+00  0.41880E-03    3     6914     1    -5     T
     1370  0.7050730E+00  0.54444E-03    7     6921     1    -5     T
     1371  0.7054541E+00  0.38111E-03    4     6925     1    -5     T
     1372  0.7058352E+00  0.38111E-03    6     6931     1    -5     T
     1373  0.7062163E+00  0.38111E-03    4     6935     1    -5     T
     1374  0.7065974E+00  0.38111E-03    2     6937     1    -5     T
     1375  0.7070928E+00  0.49544E-03    6     6943     1    -5     T
     1376  0.7075883E+00  0.49544E-03    5     6948     1    -5     T
     1377  0.7080837E+00  0.49544E-03    4     6952     1    -5     T
     1378  0.7085792E+00  0.49544E-03    3     6955     1    -5     T
     1379  0.7092232E+00  0.64407E-03    6     6961     1    -5     T
     1380  0.7098673E+00  0.64407E-03    9     6970     1    -5     T
     1381  0.7103181E+00  0.45085E-03    5     6975     1    -5     T
     1382  0.7107690E+00  0.45085E-03    6     6981     1    -5     T
     1383  0.7112198E+00  0.45085E-03    5     6986     1    -5     T
     1384  0.7116707E+00  0.45085E-03    6     6992     1    -5     T
     1385  0.7121215E+00  0.45085E-03    3     6995     1    -5     T
     1386  0.7127076E+00  0.58610E-03    6     7001     1    -5     T
     1387  0.7132937E+00  0.58610E-03    9     7010     1    -5     T
     1388  0.7137040E+00  0.41027E-03    5     7015     1    -5     T
     1389  0.7141143E+00  0.41027E-03    5     7020     1    -5     T
     1390  0.7145246E+00  0.41027E-03    3     7023     1    -5     T
     1391  0.7150579E+00  0.53335E-03    6     7029     1    -5     T
     1392  0.7155913E+00  0.53335E-03    5     7034     1    -5     T
     1393  0.7161246E+00  0.53335E-03    4     7038     1    -5     T
     1394  0.7166580E+00  0.53335E-03    4     7042     1    -5     T
     1395  0.7171913E+00  0.53335E-03   10     7052     1    -5     T
     1396  0.7175647E+00  0.37335E-03    5     7057     1    -5     T
     1397  0.7179380E+00  0.37335E-03    4     7061     1    -5     T
     1398  0.7183114E+00  0.37335E-03    4     7065     1    -5     T
     1399  0.7186847E+00  0.37335E-03    6     7071     1    -5     T
     1400  0.7190581E+00  0.37335E-03    4     7075     1    -5     T
     1401  0.7194314E+00  0.37335E-03    2     7077     1    -5     T
     1402  0.7199168E+00  0.48535E-03    6     7083     1    -5     T
     1403  0.7204021E+00  0.48535E-03    3     7086     1    -5     T
     1404  0.7210331E+00  0.63096E-03    6     7092     1    -5     T
     1405  0.7216640E+00  0.63096E-03    4     7096     1    -5     T
     1406  0.7222950E+00  0.63096E-03   10     7106     1    -5     T
     1407  0.7227367E+00  0.44167E-03    4     7110     1    -5     T
     1408  0.7231783E+00  0.44167E-03    5     7115     1    -5     T
     1409  0.7236200E+00  0.44167E-03    5     7120     1    -5     T
     1410  0.7240617E+00  0.44167E-03    2     7122     1    -5     T
     1411  0.7246358E+00  0.57417E-03    6     7128     1    -5     T
     1412  0.7252100E+00  0.57417E-03    9     7137     1    -5     T
     1413  0.7256119E+00  0.40192E-03    5     7142     1    -5     T
     1414  0.7260139E+00  0.40192E-03    6     7148     1    -5     T
     1415  0.7264158E+00  0.40192E-03    2     7150     1    -5     T
     1416  0.7269383E+00  0.52250E-03    4     7154     1    -5     T
     1417  0.7274608E+00  0.52250E-03    4     7158     1    -5     T
     1418  0.7279833E+00  0.52250E-03    3     7161     1    -5     T
     1419  0.7286625E+00  0.67924E-03   10     7171     1    -5     T
     1420  0.7291380E+00  0.47547E-03    5     7176     1    -5     T
     1421  0.7296134E+00  0.47547E-03    2     7178     1    -5     T
     1422  0.7302316E+00  0.61811E-03    6     7184     1    -5     T
     1423  0.7308497E+00  0.61811E-03    9     7193     1    -5     T
     1424  0.7312823E+00  0.43268E-03    5     7198     1    -5     T
     1425  0.7317150E+00  0.43268E-03    2     7200     1    -5     T
     1426  0.7322775E+00  0.56248E-03    6     7206     1    -5     T
     1427  0.7328400E+00  0.56248E-03    5     7211     1    -5     T
     1428  0.7334025E+00  0.56248E-03    7     7218     1    -5     T
     1429  0.7337962E+00  0.39374E-03    6     7224     1    -5     T
     1430  0.7341899E+00  0.39374E-03    4     7228     1    -5     T
     1431  0.7345837E+00  0.39374E-03   10     7238     1    -5     T
     1432  0.7348593E+00  0.27562E-03    3     7241     1    -5     T
     1433  0.7352176E+00  0.35830E-03    6     7247     1    -5     T
     1434  0.7355759E+00  0.35830E-03    3     7250     1    -5     T
     1435  0.7360417E+00  0.46579E-03    6     7256     1    -5     T
     1436  0.7365075E+00  0.46579E-03    5     7261     1    -5     T
     1437  0.7369733E+00  0.46579E-03    4     7265     1    -5     T
     1438  0.7374391E+00  0.46579E-03    2     7267     1    -5     T
     1439  0.7380446E+00  0.60553E-03    6     7273     1    -5     T
     1440  0.7386501E+00  0.60553E-03    5     7278     1    -5     T
     1441  0.7392557E+00  0.60553E-03    4     7282     1    -5     T
     1442  0.7398612E+00  0.60553E-03    9     7291     1    -5     T
     1443  0.7402851E+00  0.42387E-03    5     7296     1    -5     T
     1444  0.7407089E+00  0.42387E-03    5     7301     1    -5     T
     1445  0.7411328E+00  0.42387E-03    5     7306     1    -5     T
     1446  0.7415567E+00  0.42387E-03    4     7310     1    -5     T
     1447  0.7419805E+00  0.42387E-03    4     7314     1    -5     T
     1448  0.7424044E+00  0.42387E-03    2     7316     1    -5     T
     1449  0.7429554E+00  0.55103E-03    6     7322     1    -5     T
     1450  0.7435065E+00  0.55103E-03    5     7327     1    -5     T
     1451  0.7440575E+00  0.55103E-03    4     7331     1    -5     T
     1452  0.7446085E+00  0.55103E-03    3     7334     1    -5     T
     1453  0.7452825E+00  0.67393E-03    6     7340     1    -5     T
     1454  0.7459564E+00  0.67393E-03    4     7344     1    -5     T
     1455  0.7466303E+00  0.67393E-03   10     7354     1    -5     T
     1456  0.7471117E+00  0.48138E-03    4     7358     1    -5     T
     1457  0.7475931E+00  0.48138E-03   10     7368     1    -5     T
     1458  0.7479369E+00  0.34384E-03    3     7371     1    -5     T
     1459  0.7483496E+00  0.41261E-03    6     7377     1    -5     T
     1460  0.7487622E+00  0.41261E-03    3     7380     1    -5     T
     1461  0.7493811E+00  0.61892E-03    6     7386     1    -5     T
     1462  0.7500000E+00  0.61892E-03    9     7395     1    -5     T
     1463  0.7504152E+00  0.41524E-03    5     7400     1    -5     T
     1464  0.7508305E+00  0.41524E-03    2     7402     1    -5     T
     1465  0.7513703E+00  0.53981E-03    6     7408     1    -5     T
     1466  0.7519101E+00  0.53981E-03    5     7413     1    -5     T
     1467  0.7524499E+00  0.53981E-03    4     7417     1    -5     T
     1468  0.7529897E+00  0.53981E-03    3     7420     1    -5     T
     1469  0.7536915E+00  0.70176E-03    6     7426     1    -5     T
     1470  0.7543933E+00  0.70176E-03    4     7430     1    -5     T
     1471  0.7550950E+00  0.70176E-03   10     7440     1    -5     T
     1472  0.7555862E+00  0.49123E-03    3     7443     1    -5     T
     1473  0.7562248E+00  0.63860E-03    6     7449     1    -5     T
     1474  0.7568634E+00  0.63860E-03    4     7453     1    -5     T
     1475  0.7575020E+00  0.63860E-03   10     7463     1    -5     T
     1476  0.7579491E+00  0.44702E-03    2     7465     1    -5     T
     1477  0.7585302E+00  0.58113E-03    6     7471     1    -5     T
     1478  0.7591113E+00  0.58113E-03    5     7476     1    -5     T
     1479  0.7596924E+00  0.58113E-03    4     7480     1    -5     T
     1480  0.7602736E+00  0.58113E-03    4     7484     1    -5     T
     1481  0.7608547E+00  0.58113E-03   10     7494     1    -5     T
     1482  0.7612615E+00  0.40679E-03    2     7496     1    -5     T
     1483  0.7617903E+00  0.52882E-03    6     7502     1    -5     T
     1484  0.7623191E+00  0.52882E-03    5     7507     1    -5     T
     1485  0.7628479E+00  0.52882E-03    2     7509     1    -5     T
     1486  0.7635354E+00  0.68747E-03    6     7515     1    -5     T
     1487  0.7642229E+00  0.68747E-03    9     7524     1    -5     T
     1488  0.7647041E+00  0.48123E-03    5     7529     1    -5     T
     1489  0.7651853E+00  0.48123E-03    2     7531     1    -5     T
     1490  0.7658109E+00  0.62560E-03    6     7537     1    -5     T
     1491  0.7664365E+00  0.62560E-03    9     7546     1    -5     T
     1492  0.7668745E+00  0.43792E-03    5     7551     1    -5     T
     1493  0.7673124E+00  0.43792E-03    2     7553     1    -5     T
     1494  0.7678817E+00  0.56929E-03    6     7559     1    -5     T
     1495  0.7684510E+00  0.56929E-03    5     7564     1    -5     T
     1496  0.7690203E+00  0.56929E-03    4     7568     1    -5     T
     1497  0.7695896E+00  0.56929E-03    3     7571     1    -5     T
     1498  0.7703296E+00  0.74008E-03    6     7577     1    -5     T
     1499  0.7710697E+00  0.74008E-03    4     7581     1    -5     T
     1500  0.7718098E+00  0.74008E-03   10     7591     1    -5     T
     1501  0.7723279E+00  0.51806E-03    3     7594     1    -5     T
     1502  0.7730013E+00  0.67348E-03    6     7600     1    -5     T
     1503  0.7736748E+00  0.67348E-03    4     7604     1    -5     T
     1504  0.7743483E+00  0.67348E-03   10     7614     1    -5     T
     1505  0.7748197E+00  0.47143E-03    3     7617     1    -5     T
     1506  0.7754326E+00  0.61286E-03    6     7623     1    -5     T
     1507  0.7760455E+00  0.61286E-03    4     7627     1    -5     T
     1508  0.7766583E+00  0.61286E-03   10     7637     1    -5     T
     1509  0.7770873E+00  0.42900E-03    3     7640     1    -5     T
     1510  0.7776450E+00  0.55771E-03    6     7646     1    -5     T
     1511  0.7782027E+00  0.55771E-03    4     7650     1    -5     T
     1512  0.7787604E+00  0.55771E-03   10     7660     1    -5     T
     1513  0.7791508E+00  0.39039E-03    3     7663     1    -5     T
     1514  0.7796583E+00  0.50751E-03    6     7669     1    -5     T
     1515  0.7801659E+00  0.50751E-03    5     7674     1    -5     T
     1516  0.7806734E+00  0.50751E-03    4     7678     1    -5     T
     1517  0.7811809E+00  0.50751E-03    2     7680     1    -5     T
     1518  0.7818406E+00  0.65977E-03    6     7686     1    -5     T
     1519  0.7825004E+00  0.65977E-03    5     7691     1    -5     T
     1520  0.7831602E+00  0.65977E-03    4     7695     1    -5     T
     1521  0.7838199E+00  0.65977E-03    9     7704     1    -5     T
     1522  0.7842818E+00  0.46184E-03    5     7709     1    -5     T
     1523  0.7847436E+00  0.46184E-03    5     7714     1    -5     T
     1524  0.7852054E+00  0.46184E-03    2     7716     1    -5     T
     1525  0.7858058E+00  0.60039E-03    6     7722     1    -5     T
     1526  0.7864062E+00  0.60039E-03    9     7731     1    -5     T
     1527  0.7868265E+00  0.42027E-03    5     7736     1    -5     T
     1528  0.7872468E+00  0.42027E-03    2     7738     1    -5     T
     1529  0.7877931E+00  0.54635E-03    2     7740     1    -5     T
     1530  0.7885034E+00  0.71026E-03    4     7744     1    -5     T
     1531  0.7892136E+00  0.71026E-03    4     7748     1    -5     T
     1532  0.7899239E+00  0.71026E-03   10     7758     1    -5     T
     1533  0.7904211E+00  0.49718E-03    3     7761     1    -5     T
     1534  0.7910674E+00  0.64633E-03    6     7767     1    -5     T
     1535  0.7917137E+00  0.64633E-03    4     7771     1    -5     T
     1536  0.7923601E+00  0.64633E-03   10     7781     1    -5     T
     1537  0.7928125E+00  0.45243E-03    3     7784     1    -5     T
     1538  0.7934007E+00  0.58816E-03    6     7790     1    -5     T
     1539  0.7939888E+00  0.58816E-03    4     7794     1    -5     T
     1540  0.7945899E+00  0.60112E-03    9     7803     1    -5     T
     1541  0.7950017E+00  0.41171E-03    5     7808     1    -5     T
     1542  0.7954134E+00  0.41171E-03    5     7813     1    -5     T
     1543  0.7958251E+00  0.41171E-03    2     7815     1    -5     T
     1544  0.7963469E+00  0.52186E-03    6     7821     1    -5     T
     1545  0.7968688E+00  0.52186E-03    5     7826     1    -5     T
     1546  0.7973907E+00  0.52186E-03    4     7830     1    -5     T
     1547  0.7979125E+00  0.52186E-03    2     7832     1    -5     T
     1548  0.7986084E+00  0.69582E-03    6     7838     1    -5     T
     1549  0.7993042E+00  0.69582E-03    5     7843     1    -5     T
     1550  0.8000000E+00  0.69582E-03    4     7847     1    -5     T
     1551  0.8006958E+00  0.69580E-03    5     7852     1    -5     T
     1552  0.8013916E+00  0.69580E-03    5     7857     1    -5     T
     1553  0.8020874E+00  0.69580E-03    9     7866     1    -5     T
     1554  0.8025745E+00  0.48706E-03    5     7871     1    -5     T
     1555  0.8030615E+00  0.48706E-03    2     7873     1    -5     T
     1556  0.8036947E+00  0.63318E-03    6     7879     1    -5     T
     1557  0.8043279E+00  0.63318E-03    9     7888     1    -5     T
     1558  0.8047711E+00  0.44322E-03    5     7893     1    -5     T
     1559  0.8052143E+00  0.44322E-03    2     7895     1    -5     T
     1560  0.8057905E+00  0.57619E-03    6     7901     1    -5     T
     1561  0.8063667E+00  0.57619E-03    5     7906     1    -5     T
     1562  0.8069429E+00  0.57619E-03    4     7910     1    -5     T
     1563  0.8075191E+00  0.57619E-03    3     7913     1    -5     T
     1564  0.8082681E+00  0.74905E-03    6     7919     1    -5     T
     1565  0.8090172E+00  0.74905E-03    4     7923     1    -5     T
     1566  0.8097662E+00  0.74905E-03   10     7933     1    -5     T
     1567  0.8102905E+00  0.52433E-03    3     7936     1    -5     T
     1568  0.8109722E+00  0.68163E-03    6     7942     1    -5     T
     1569  0.8116538E+00  0.68163E-03    4     7946     1    -5     T
     1570  0.8123354E+00  0.68163E-03   10     7956     1    -5     T
     1571  0.8128126E+00  0.47714E-03    3     7959     1    -5     T
     1572  0.8134329E+00  0.62029E-03    6     7965     1    -5     T
     1573  0.8140532E+00  0.62029E-03    4     7969     1    -5     T
     1574  0.8146734E+00  0.62029E-03   10     7979     1    -5     T
     1575  0.8151076E+00  0.43420E-03    3     7982     1    -5     T
     1576  0.8156721E+00  0.56446E-03    6     7988     1    -5     T
     1577  0.8162366E+00  0.56446E-03    4     7992     1    -5     T
     1578  0.8168010E+00  0.56446E-03   10     8002     1    -5     T
     1579  0.8171961E+00  0.39512E-03    3     8005     1    -5     T
     1580  0.8177098E+00  0.51366E-03    6     8011     1    -5     T
     1581  0.8182235E+00  0.51366E-03    5     8016     1    -5     T
     1582  0.8187371E+00  0.51366E-03    4     8020     1    -5     T
     1583  0.8192508E+00  0.51366E-03    2     8022     1    -5     T
     1584  0.8199185E+00  0.66776E-03    6     8028     1    -5     T
     1585  0.8205863E+00  0.66776E-03    5     8033     1    -5     T
     1586  0.8212540E+00  0.66776E-03    4     8037     1    -5     T
     1587  0.8219218E+00  0.66776E-03    9     8046     1    -5     T
     1588  0.8223892E+00  0.46743E-03    5     8051     1    -5     T
     1589  0.8228567E+00  0.46743E-03    5     8056     1    -5     T
     1590  0.8233241E+00  0.46743E-03    2     8058     1    -5     T
     1591  0.8239317E+00  0.60766E-03    6     8064     1    -5     T
     1592  0.8245394E+00  0.60766E-03    9     8073     1    -5     T
     1593  0.8249648E+00  0.42536E-03    5     8078     1    -5     T
     1594  0.8253901E+00  0.42536E-03    2     8080     1    -5     T
     1595  0.8259431E+00  0.55297E-03    2     8082     1    -5     T
     1596  0.8266620E+00  0.71886E-03    8     8090     1    -5     T
     1597  0.8271652E+00  0.50320E-03    5     8095     1    -5     T
     1598  0.8276684E+00  0.50320E-03    5     8100     1    -5     T
     1599  0.8281716E+00  0.50320E-03    2     8102     1    -5     T
     1600  0.8288257E+00  0.65416E-03    6     8108     1    -5     T
     1601  0.8294799E+00  0.65416E-03    9     8117     1    -5     T
     1602  0.8299378E+00  0.45791E-03    5     8122     1    -5     T
     1603  0.8303957E+00  0.45791E-03    2     8124     1    -5     T
     1604  0.8309910E+00  0.59529E-03    6     8130     1    -5     T
     1605  0.8315863E+00  0.59529E-03    9     8139     1    -5     T
     1606  0.8320030E+00  0.41670E-03    5     8144     1    -5     T
     1607  0.8324197E+00  0.41670E-03    2     8146     1    -5     T
     1608  0.8329614E+00  0.54171E-03    6     8152     1    -5     T
     1609  0.8335031E+00  0.54171E-03    9     8161     1    -5     T
     1610  0.8338823E+00  0.37920E-03    5     8166     1    -5     T
     1611  0.8342615E+00  0.37920E-03    2     8168     1    -5     T
     1612  0.8347545E+00  0.49296E-03    6     8174     1    -5     T
     1613  0.8352474E+00  0.49296E-03    5     8179     1    -5     T
     1614  0.8357404E+00  0.49296E-03    4     8183     1    -5     T
     1615  0.8362333E+00  0.49296E-03    2     8185     1    -5     T
     1616  0.8368742E+00  0.64084E-03    6     8191     1    -5     T
     1617  0.8375150E+00  0.64084E-03    5     8196     1    -5     T
     1618  0.8381559E+00  0.64084E-03    4     8200     1    -5     T
     1619  0.8387967E+00  0.64084E-03    9     8209     1    -5     T
     1620  0.8392453E+00  0.44859E-03    5     8214     1    -5     T
     1621  0.8396939E+00  0.44859E-03    5     8219     1    -5     T
     1622  0.8401425E+00  0.44859E-03    2     8221     1    -5     T
     1623  0.8407257E+00  0.58317E-03    6     8227     1    -5     T
     1624  0.8413088E+00  0.58317E-03    9     8236     1    -5     T
     1625  0.8417170E+00  0.40822E-03    5     8241     1    -5     T
     1626  0.8421253E+00  0.40822E-03    2     8243     1    -5     T
     1627  0.8426559E+00  0.53068E-03    6     8249     1    -5     T
     1628  0.8431866E+00  0.53068E-03    9     8258     1    -5     T
     1629  0.8435581E+00  0.37148E-03    5     8263     1    -5     T
     1630  0.8439296E+00  0.37148E-03    2     8265     1    -5     T
     1631  0.8444125E+00  0.48292E-03    6     8271     1    -5     T
     1632  0.8448954E+00  0.48292E-03    5     8276     1    -5     T
     1633  0.8453783E+00  0.48292E-03    4     8280     1    -5     T
     1634  0.8458405E+00  0.46217E-03    2     8282     1    -5     T
     1635  0.8464347E+00  0.59421E-03    6     8288     1    -5     T
     1636  0.8470289E+00  0.59421E-03    5     8293     1    -5     T
     1637  0.8476231E+00  0.59421E-03    4     8297     1    -5     T
     1638  0.8482174E+00  0.59421E-03    9     8306     1    -5     T
     1639  0.8486630E+00  0.44566E-03    5     8311     1    -5     T
     1640  0.8491087E+00  0.44566E-03    5     8316     1    -5     T
     1641  0.8495543E+00  0.44566E-03    2     8318     1    -5     T
     1642  0.8500000E+00  0.44566E-03    6     8324     1    -5     T
     1643  0.8504395E+00  0.43946E-03    5     8329     1    -5     T
     1644  0.8508789E+00  0.43946E-03    4     8333     1    -5     T
     1645  0.8513184E+00  0.43946E-03    2     8335     1    -5     T
     1646  0.8518897E+00  0.57130E-03    6     8341     1    -5     T
     1647  0.8524610E+00  0.57130E-03    5     8346     1    -5     T
     1648  0.8530323E+00  0.57130E-03    4     8350     1    -5     T
     1649  0.8536036E+00  0.57130E-03    4     8354     1    -5     T
     1650  0.8541749E+00  0.57130E-03   10     8364     1    -5     T
     1651  0.8545748E+00  0.39991E-03    2     8366     1    -5     T
     1652  0.8550946E+00  0.51988E-03    6     8372     1    -5     T
     1653  0.8556145E+00  0.51988E-03    5     8377     1    -5     T
     1654  0.8561344E+00  0.51988E-03    2     8379     1    -5     T
     1655  0.8568102E+00  0.67584E-03    6     8385     1    -5     T
     1656  0.8574861E+00  0.67584E-03    9     8394     1    -5     T
     1657  0.8579592E+00  0.47309E-03    5     8399     1    -5     T
     1658  0.8584323E+00  0.47309E-03    2     8401     1    -5     T
     1659  0.8590473E+00  0.61502E-03    6     8407     1    -5     T
     1660  0.8596623E+00  0.61502E-03    9     8416     1    -5     T
     1661  0.8600928E+00  0.43051E-03    5     8421     1    -5     T
     1662  0.8605233E+00  0.43051E-03    2     8423     1    -5     T
     1663  0.8610830E+00  0.55967E-03    6     8429     1    -5     T
     1664  0.8616427E+00  0.55967E-03    5     8434     1    -5     T
     1665  0.8622023E+00  0.55967E-03    4     8438     1    -5     T
     1666  0.8627620E+00  0.55967E-03    3     8441     1    -5     T
     1667  0.8634896E+00  0.72757E-03    6     8447     1    -5     T
     1668  0.8642171E+00  0.72757E-03    4     8451     1    -5     T
     1669  0.8649447E+00  0.72757E-03   10     8461     1    -5     T
     1670  0.8654540E+00  0.50930E-03    3     8464     1    -5     T
     1671  0.8661161E+00  0.66208E-03    6     8470     1    -5     T
     1672  0.8667782E+00  0.66208E-03    4     8474     1    -5     T
     1673  0.8674402E+00  0.66208E-03   10     8484     1    -5     T
     1674  0.8679037E+00  0.46346E-03    3     8487     1    -5     T
     1675  0.8685062E+00  0.60250E-03    6     8493     1    -5     T
     1676  0.8691087E+00  0.60250E-03    4     8497     1    -5     T
     1677  0.8697112E+00  0.60250E-03    5     8502     1    -5     T
     1678  0.8703137E+00  0.60250E-03   10     8512     1    -5     T
     1679  0.8707354E+00  0.42175E-03    3     8515     1    -5     T
     1680  0.8712837E+00  0.54827E-03    6     8521     1    -5     T
     1681  0.8718320E+00  0.54827E-03    4     8525     1    -5     T
     1682  0.8723803E+00  0.54827E-03   10     8535     1    -5     T
     1683  0.8727640E+00  0.38379E-03    3     8538     1    -5     T
     1684  0.8732630E+00  0.49893E-03    6     8544     1    -5     T
     1685  0.8737619E+00  0.49893E-03    5     8549     1    -5     T
     1686  0.8742608E+00  0.49893E-03    4     8553     1    -5     T
     1687  0.8747598E+00  0.49893E-03    2     8555     1    -5     T
     1688  0.8754084E+00  0.64861E-03    6     8561     1    -5     T
     1689  0.8760570E+00  0.64861E-03    5     8566     1    -5     T
     1690  0.8767056E+00  0.64861E-03    4     8570     1    -5     T
     1691  0.8773542E+00  0.64861E-03    4     8574     1    -5     T
     1692  0.8780028E+00  0.64861E-03   10     8584     1    -5     T
     1693  0.8784568E+00  0.45402E-03    2     8586     1    -5     T
     1694  0.8790470E+00  0.59023E-03    6     8592     1    -5     T
     1695  0.8796373E+00  0.59023E-03    5     8597     1    -5     T
     1696  0.8802275E+00  0.59023E-03    3     8600     1    -5     T
     1697  0.8809948E+00  0.76730E-03    6     8606     1    -5     T
     1698  0.8817621E+00  0.76730E-03    4     8610     1    -5     T
     1699  0.8825294E+00  0.76730E-03   10     8620     1    -5     T
     1700  0.8830665E+00  0.53711E-03    3     8623     1    -5     T
     1701  0.8837648E+00  0.69824E-03    6     8629     1    -5     T
     1702  0.8844630E+00  0.69824E-03    4     8633     1    -5     T
     1703  0.8851613E+00  0.69824E-03   10     8643     1    -5     T
     1704  0.8856500E+00  0.48877E-03    3     8646     1    -5     T
     1705  0.8862854E+00  0.63540E-03    6     8652     1    -5     T
     1706  0.8869208E+00  0.63540E-03    4     8656     1    -5     T
     1707  0.8875562E+00  0.63540E-03   10     8666     1    -5     T
     1708  0.8880010E+00  0.44478E-03    2     8668     1    -5     T
     1709  0.8885792E+00  0.57822E-03    6     8674     1    -5     T
     1710  0.8891574E+00  0.57822E-03    5     8679     1    -5     T
     1711  0.8897357E+00  0.57822E-03    4     8683     1    -5     T
     1712  0.8903139E+00  0.57822E-03    4     8687     1    -5     T
     1713  0.8908921E+00  0.57822E-03   10     8697     1    -5     T
     1714  0.8912968E+00  0.40475E-03    2     8699     1    -5     T
     1715  0.8918230E+00  0.52618E-03    6     8705     1    -5     T
     1716  0.8923492E+00  0.52618E-03    5     8710     1    -5     T
     1717  0.8928754E+00  0.52618E-03    2     8712     1    -5     T
     1718  0.8935878E+00  0.71246E-03    6     8718     1    -5     T
     1719  0.8943003E+00  0.71246E-03    9     8727     1    -5     T
     1720  0.8947791E+00  0.47882E-03    5     8732     1    -5     T
     1721  0.8952579E+00  0.47882E-03    2     8734     1    -5     T
     1722  0.8958507E+00  0.59276E-03    6     8740     1    -5     T
     1723  0.8964435E+00  0.59276E-03    9     8749     1    -5     T
     1724  0.8968880E+00  0.44457E-03    5     8754     1    -5     T
     1725  0.8973326E+00  0.44457E-03    2     8756     1    -5     T
     1726  0.8978661E+00  0.53348E-03    2     8758     1    -5     T
     1727  0.8985774E+00  0.71131E-03    4     8762     1    -5     T
     1728  0.8992887E+00  0.71131E-03    5     8767     1    -5     T
     1729  0.9000000E+00  0.71131E-03    5     8772     1    -5     T
     1730  0.9007364E+00  0.73638E-03    4     8776     1    -5     T
     1731  0.9014728E+00  0.73638E-03    4     8780     1    -5     T
     1732  0.9022091E+00  0.73638E-03   10     8790     1    -5     T
     1733  0.9027246E+00  0.51546E-03    4     8794     1    -5     T
     1734  0.9032401E+00  0.51546E-03   10     8804     1    -5     T
     1735  0.9036009E+00  0.36083E-03    3     8807     1    -5     T
     1736  0.9040700E+00  0.46907E-03    6     8813     1    -5     T
     1737  0.9045390E+00  0.46907E-03    5     8818     1    -5     T
     1738  0.9050081E+00  0.46907E-03    4     8822     1    -5     T
     1739  0.9054772E+00  0.46907E-03    2     8824     1    -5     T
     1740  0.9060870E+00  0.60979E-03    6     8830     1    -5     T
     1741  0.9066968E+00  0.60979E-03    5     8835     1    -5     T
     1742  0.9073066E+00  0.60979E-03    4     8839     1    -5     T
     1743  0.9079164E+00  0.60979E-03    4     8843     1    -5     T
     1744  0.9085262E+00  0.60979E-03   10     8853     1    -5     T
     1745  0.9089530E+00  0.42686E-03    2     8855     1    -5     T
     1746  0.9095079E+00  0.55491E-03    6     8861     1    -5     T
     1747  0.9100628E+00  0.55491E-03    5     8866     1    -5     T
     1748  0.9106177E+00  0.55491E-03    2     8868     1    -5     T
     1749  0.9113391E+00  0.72139E-03    6     8874     1    -5     T
     1750  0.9120605E+00  0.72139E-03    9     8883     1    -5     T
     1751  0.9125655E+00  0.50497E-03    5     8888     1    -5     T
     1752  0.9130705E+00  0.50497E-03    2     8890     1    -5     T
     1753  0.9137269E+00  0.65646E-03    6     8896     1    -5     T
     1754  0.9143834E+00  0.65646E-03    9     8905     1    -5     T
     1755  0.9148429E+00  0.45952E-03    5     8910     1    -5     T
     1756  0.9153024E+00  0.45952E-03    2     8912     1    -5     T
     1757  0.9158998E+00  0.59738E-03    6     8918     1    -5     T
     1758  0.9164972E+00  0.59738E-03    9     8927     1    -5     T
     1759  0.9169154E+00  0.41817E-03    5     8932     1    -5     T
     1760  0.9173335E+00  0.41817E-03    2     8934     1    -5     T
     1761  0.9178771E+00  0.54362E-03    6     8940     1    -5     T
     1762  0.9184208E+00  0.54362E-03    5     8945     1    -5     T
     1763  0.9189644E+00  0.54362E-03    4     8949     1    -5     T
     1764  0.9195080E+00  0.54362E-03    2     8951     1    -5     T
     1765  0.9202147E+00  0.70670E-03    6     8957     1    -5     T
     1766  0.9209214E+00  0.70670E-03    5     8962     1    -5     T
     1767  0.9216281E+00  0.70670E-03    4     8966     1    -5     T
     1768  0.9223348E+00  0.70670E-03   10     8976     1    -5     T
     1769  0.9228295E+00  0.49469E-03    3     8979     1    -5     T
     1770  0.9234726E+00  0.64310E-03    6     8985     1    -5     T
     1771  0.9241157E+00  0.64310E-03    4     8989     1    -5     T
     1772  0.9247588E+00  0.64310E-03   10     8999     1    -5     T
     1773  0.9252089E+00  0.45017E-03    3     9002     1    -5     T
     1774  0.9257942E+00  0.58522E-03    6     9008     1    -5     T
     1775  0.9263794E+00  0.58522E-03    4     9012     1    -5     T
     1776  0.9269646E+00  0.58522E-03    9     9021     1    -5     T
     1777  0.9273743E+00  0.40965E-03    5     9026     1    -5     T
     1778  0.9277839E+00  0.40965E-03    5     9031     1    -5     T
     1779  0.9281936E+00  0.40965E-03    2     9033     1    -5     T
     1780  0.9287261E+00  0.53255E-03    6     9039     1    -5     T
     1781  0.9292587E+00  0.53255E-03    5     9044     1    -5     T
     1782  0.9297912E+00  0.53255E-03    4     9048     1    -5     T
     1783  0.9303238E+00  0.53255E-03    2     9050     1    -5     T
     1784  0.9310161E+00  0.69231E-03    6     9056     1    -5     T
     1785  0.9317084E+00  0.69231E-03    5     9061     1    -5     T
     1786  0.9324007E+00  0.69231E-03    4     9065     1    -5     T
     1787  0.9330930E+00  0.69231E-03   10     9075     1    -5     T
     1788  0.9335776E+00  0.48462E-03    5     9080     1    -5     T
     1789  0.9340623E+00  0.48462E-03    4     9084     1    -5     T
     1790  0.9345469E+00  0.48462E-03    2     9086     1    -5     T
     1791  0.9351769E+00  0.63001E-03    6     9092     1    -5     T
     1792  0.9358069E+00  0.63001E-03    5     9097     1    -5     T
     1793  0.9364369E+00  0.63001E-03    4     9101     1    -5     T
     1794  0.9370669E+00  0.63001E-03    5     9106     1    -5     T
     1795  0.9376969E+00  0.63001E-03    4     9110     1    -5     T
     1796  0.9383269E+00  0.63001E-03    5     9115     1    -5     T
     1797  0.9389569E+00  0.63001E-03    5     9120     1    -5     T
     1798  0.9395869E+00  0.63001E-03    5     9125     1    -5     T
     1799  0.9402169E+00  0.63001E-03    4     9129     1    -5     T
     1800  0.9408469E+00  0.63001E-03    4     9133     1    -5     T
     1801  0.9414769E+00  0.63001E-03   10     9143     1    -5     T
     1802  0.9419179E+00  0.44100E-03    3     9146     1    -5     T
     1803  0.9424912E+00  0.57331E-03    6     9152     1    -5     T
     1804  0.9430645E+00  0.57331E-03    4     9156     1    -5     T
     1805  0.9436379E+00  0.57331E-03   10     9166     1    -5     T
     1806  0.9440392E+00  0.40131E-03    2     9168     1    -5     T
     1807  0.9445609E+00  0.52171E-03    6     9174     1    -5     T
     1808  0.9451048E+00  0.54391E-03    5     9179     1    -5     T
     1809  0.9456487E+00  0.54391E-03    3     9182     1    -5     T
     1810  0.9463739E+00  0.72522E-03    6     9188     1    -5     T
     1811  0.9470991E+00  0.72522E-03    9     9197     1    -5     T
     1812  0.9475826E+00  0.48348E-03    5     9202     1    -5     T
     1813  0.9480661E+00  0.48348E-03    2     9204     1    -5     T
     1814  0.9487107E+00  0.64464E-03    6     9210     1    -5     T
     1815  0.9493554E+00  0.64464E-03    9     9219     1    -5     T
     1816  0.9500000E+00  0.64464E-03    5     9224     1    -5     T
     1817  0.9504320E+00  0.43203E-03    2     9226     1    -5     T
     1818  0.9509937E+00  0.56163E-03    2     9228     1    -5     T
     1819  0.9517238E+00  0.73012E-03    5     9233     1    -5     T
     1820  0.9524539E+00  0.73012E-03    9     9242     1    -5     T
     1821  0.9529650E+00  0.51109E-03    5     9247     1    -5     T
     1822  0.9534761E+00  0.51109E-03    2     9249     1    -5     T
     1823  0.9541405E+00  0.66441E-03    6     9255     1    -5     T
     1824  0.9548049E+00  0.66441E-03    9     9264     1    -5     T
     1825  0.9552700E+00  0.46509E-03    5     9269     1    -5     T
     1826  0.9557351E+00  0.46509E-03    2     9271     1    -5     T
     1827  0.9563397E+00  0.60462E-03    6     9277     1    -5     T
     1828  0.9569443E+00  0.60462E-03    9     9286     1    -5     T
     1829  0.9573675E+00  0.42323E-03    5     9291     1    -5     T
     1830  0.9577908E+00  0.42323E-03    2     9293     1    -5     T
     1831  0.9583410E+00  0.55020E-03    6     9299     1    -5     T
     1832  0.9588912E+00  0.55020E-03    5     9304     1    -5     T
     1833  0.9594414E+00  0.55020E-03    4     9308     1    -5     T
     1834  0.9599916E+00  0.55020E-03    3     9311     1    -5     T
     1835  0.9607068E+00  0.71526E-03    6     9317     1    -5     T
     1836  0.9614221E+00  0.71526E-03    4     9321     1    -5     T
     1837  0.9621374E+00  0.71526E-03   10     9331     1    -5     T
     1838  0.9626380E+00  0.50068E-03    3     9334     1    -5     T
     1839  0.9632889E+00  0.65089E-03    6     9340     1    -5     T
     1840  0.9639398E+00  0.65089E-03    4     9344     1    -5     T
     1841  0.9645907E+00  0.65089E-03   10     9354     1    -5     T
     1842  0.9650463E+00  0.45562E-03    3     9357     1    -5     T
     1843  0.9656386E+00  0.59231E-03    6     9363     1    -5     T
     1844  0.9662309E+00  0.59231E-03    4     9367     1    -5     T
     1845  0.9668232E+00  0.59231E-03    5     9372     1    -5     T
     1846  0.9674155E+00  0.59231E-03    4     9376     1    -5     T
     1847  0.9680079E+00  0.59231E-03    3     9379     1    -5     T
     1848  0.9687779E+00  0.77000E-03    6     9385     1    -5     T
     1849  0.9695479E+00  0.77000E-03    9     9394     1    -5     T
     1850  0.9700869E+00  0.53900E-03    5     9399     1    -5     T
     1851  0.9706258E+00  0.53900E-03    5     9404     1    -5     T
     1852  0.9711648E+00  0.53900E-03    3     9407     1    -5     T
     1853  0.9718655E+00  0.70070E-03    6     9413     1    -5     T
     1854  0.9725662E+00  0.70070E-03    9     9422     1    -5     T
     1855  0.9730567E+00  0.49049E-03    5     9427     1    -5     T
     1856  0.9735472E+00  0.49049E-03    2     9429     1    -5     T
     1857  0.9741849E+00  0.63764E-03    6     9435     1    -5     T
     1858  0.9748225E+00  0.63764E-03    9     9444     1    -5     T
     1859  0.9752688E+00  0.44635E-03    5     9449     1    -5     T
     1860  0.9757152E+00  0.44635E-03    2     9451     1    -5     T
     1861  0.9762954E+00  0.58025E-03    6     9457     1    -5     T
     1862  0.9768757E+00  0.58025E-03    5     9462     1    -5     T
     1863  0.9774559E+00  0.58025E-03    4     9466     1    -5     T
     1864  0.9780362E+00  0.58025E-03    3     9469     1    -5     T
     1865  0.9787905E+00  0.75432E-03    6     9475     1    -5     T
     1866  0.9795448E+00  0.75432E-03    4     9479     1    -5     T
     1867  0.9802992E+00  0.75432E-03   10     9489     1    -5     T
     1868  0.9808272E+00  0.52803E-03    3     9492     1    -5     T
     1869  0.9815136E+00  0.68643E-03    6     9498     1    -5     T
     1870  0.9822000E+00  0.68643E-03    4     9502     1    -5     T
     1871  0.9828865E+00  0.68643E-03   10     9512     1    -5     T
     1872  0.9833670E+00  0.48050E-03    3     9515     1    -5     T
     1873  0.9839916E+00  0.62466E-03    6     9521     1    -5     T
     1874  0.9846163E+00  0.62466E-03    4     9525     1    -5     T
     1875  0.9852410E+00  0.62466E-03   10     9535     1    -5     T
     1876  0.9856782E+00  0.43726E-03    3     9538     1    -5     T
     1877  0.9862466E+00  0.56844E-03    6     9544     1    -5     T
     1878  0.9868151E+00  0.56844E-03    4     9548     1    -5     T
     1879  0.9873835E+00  0.56844E-03   10     9558     1    -5     T
     1880  0.9877814E+00  0.39791E-03    3     9561     1    -5     T
     1881  0.9882987E+00  0.51728E-03    6     9567     1    -5     T
     1882  0.9888160E+00  0.51728E-03    5     9572     1    -5     T
     1883  0.9893333E+00  0.51728E-03    4     9576     1    -5     T
     1884  0.9898505E+00  0.51728E-03    2     9578     1    -5     T
     1885  0.9905230E+00  0.67246E-03    6     9584     1    -5     T
     1886  0.9911954E+00  0.67246E-03    5     9589     1    -5     T
     1887  0.9918679E+00  0.67246E-03    4     9593     1    -5     T
     1888  0.9925404E+00  0.67246E-03    9     9602     1    -5     T
     1889  0.9930111E+00  0.47072E-03    5     9607     1    -5     T
     1890  0.9934818E+00  0.47072E-03    5     9612     1    -5     T
     1891  0.9939525E+00  0.47072E-03    2     9614     1    -5     T
     1892  0.9945573E+00  0.60475E-03    6     9620     1    -5     T
     1893  0.9951620E+00  0.60475E-03    9     9629     1    -5     T
     1894  0.9955904E+00  0.42836E-03    5     9634     1    -5     T
     1895  0.9960313E+00  0.44096E-03    2     9636     1    -5     T
     1896  0.9965983E+00  0.56695E-03    6     9642     1    -5     T
     1897  0.9971652E+00  0.56695E-03    9     9651     1    -5     T
     1898  0.9975702E+00  0.40496E-03    5     9656     1    -5     T
     1899  0.9979752E+00  0.40496E-03    2     9658     1    -5     T
     1900  0.9984814E+00  0.50621E-03    6     9664     1    -5     T
     1901  0.9989876E+00  0.50621E-03    5     9669     1    -5     T
     1902  0.9994938E+00  0.50621E-03    4     9673     1    -5     T
     1903  0.1000000E+01  0.50621E-03    2     9675     1    -5     T
end
